numericals__CCAvg,numericals__Income,numericals__Mortgage,categorical__Family_1,categorical__Family_2,categorical__Family_3,categorical__Family_4,categorical__Education_1,categorical__Education_2,categorical__Education_3,categorical__CD Account_0,categorical__CD Account_1,target
-0.04614245231409733,-0.12576042838257806,-0.588017490217596,0.0,0.0,0.0,1.0,1.0,0.0,0.0,1.0,0.0,
-0.5543469315484367,-1.3616012454796158,-0.588017490217596,0.0,1.0,0.0,0.0,0.0,1.0,0.0,1.0,0.0,
0.29266053384212903,0.15609800358692177,1.2869690626253805,0.0,1.0,0.0,0.0,1.0,0.0,0.0,1.0,0.0,
-0.6672812602671788,-0.537707367414924,-0.588017490217596,0.0,1.0,0.0,0.0,0.0,0.0,1.0,1.0,0.0,
-1.0625514107827763,-0.9713357242910775,-0.588017490217596,1.0,0.0,0.0,0.0,1.0,0.0,0.0,1.0,0.0,
-1.0060842464234052,2.584416802093382,1.4000335783747058,0.0,0.0,0.0,1.0,0.0,0.0,1.0,0.0,1.0,
0.34912769820150014,-0.21248609975780877,-0.588017490217596,0.0,0.0,1.0,0.0,0.0,1.0,0.0,1.0,0.0,
-0.780215588985921,-1.2315127384167697,-0.588017490217596,1.0,0.0,0.0,0.0,0.0,0.0,1.0,1.0,0.0,
0.23619336948275793,-0.21248609975780877,-0.588017490217596,1.0,0.0,0.0,0.0,1.0,0.0,0.0,1.0,0.0,
1.0832008348733237,0.9799918816516136,-0.588017490217596,0.0,1.0,0.0,0.0,1.0,0.0,0.0,1.0,0.0,
0.6314635199983554,1.283531731464921,-0.588017490217596,0.0,1.0,0.0,0.0,1.0,0.0,0.0,1.0,0.0,
1.478470985388921,0.611407778306883,1.8146034694555648,1.0,0.0,0.0,0.0,1.0,0.0,0.0,1.0,0.0,
0.3886547132530598,-0.2992117711330395,-0.588017490217596,0.0,0.0,1.0,0.0,1.0,0.0,0.0,1.0,0.0,
-0.17601693034065075,-0.6894772923215777,-0.588017490217596,0.0,1.0,0.0,0.0,0.0,1.0,0.0,1.0,0.0,
0.5749963556389843,-0.017353339163539667,-0.588017490217596,0.0,0.0,1.0,0.0,1.0,0.0,0.0,1.0,0.0,
-0.8366827533452921,-1.144787067041539,0.21285616300679094,1.0,0.0,0.0,0.0,0.0,0.0,1.0,1.0,0.0,
-0.8366827533452921,-0.36425602466446255,-0.588017490217596,0.0,0.0,1.0,0.0,0.0,0.0,1.0,1.0,0.0,
-1.0060842464234052,-0.14744184622638573,-0.588017490217596,1.0,0.0,0.0,0.0,0.0,1.0,0.0,1.0,0.0,
-1.1190185751421473,1.283531731464921,-0.588017490217596,1.0,0.0,0.0,0.0,1.0,0.0,0.0,1.0,0.0,
0.5749963556389843,0.5246821069316523,0.8158669136698588,1.0,0.0,0.0,0.0,0.0,0.0,1.0,1.0,0.0,
-0.3284782741109526,-0.9713357242910775,-0.588017490217596,0.0,1.0,0.0,0.0,0.0,1.0,0.0,1.0,0.0,
0.17972620512338683,-0.66779587447777,-0.588017490217596,0.0,1.0,0.0,0.0,0.0,0.0,1.0,1.0,0.0,
0.34912769820150014,-0.017353339163539667,-0.588017490217596,0.0,0.0,0.0,1.0,0.0,0.0,1.0,1.0,0.0,
-0.5543469315484367,-0.7978843815406161,0.9571975583565152,0.0,1.0,0.0,0.0,0.0,0.0,1.0,1.0,0.0,
-1.0625514107827763,-0.49434453172730863,-0.588017490217596,0.0,1.0,0.0,0.0,1.0,0.0,0.0,1.0,0.0,
0.3886547132530598,0.17777942143072945,-0.588017490217596,1.0,0.0,0.0,0.0,0.0,1.0,0.0,0.0,1.0,
-1.0625514107827763,-1.4483269168548465,-0.588017490217596,0.0,1.0,0.0,0.0,0.0,1.0,0.0,1.0,0.0,
-0.8366827533452921,-1.1014242313539235,-0.588017490217596,1.0,0.0,0.0,0.0,0.0,0.0,1.0,1.0,0.0,
-0.2155439453922104,-0.4726631138835009,-0.588017490217596,0.0,1.0,0.0,0.0,0.0,0.0,1.0,1.0,0.0,
-0.8366827533452921,-0.25584893544542414,-0.588017490217596,0.0,0.0,1.0,0.0,0.0,1.0,0.0,1.0,0.0,
0.9137993417952107,0.3945935998688062,-0.588017490217596,0.0,0.0,0.0,1.0,0.0,0.0,1.0,1.0,0.0,
-0.8366827533452921,2.1291070273734207,-0.588017490217596,1.0,0.0,0.0,0.0,0.0,1.0,0.0,1.0,0.0,
-1.0060842464234052,-0.2992117711330395,-0.588017490217596,0.0,0.0,0.0,1.0,0.0,0.0,1.0,1.0,0.0,
-0.3284782741109526,-1.1664684848853466,0.5897378821712083,0.0,1.0,0.0,0.0,0.0,0.0,1.0,1.0,0.0,
1.7608068071857763,1.9556556846229591,-0.588017490217596,0.0,0.0,0.0,1.0,0.0,0.0,1.0,1.0,0.0,
1.5914053141076634,2.367602623655305,-0.588017490217596,0.0,1.0,0.0,0.0,0.0,1.0,0.0,1.0,0.0,
-0.15907678103283943,-0.8629286350720391,-0.588017490217596,0.0,1.0,0.0,0.0,0.0,1.0,0.0,1.0,0.0,
0.23619336948275793,0.8282219567449598,-0.588017490217596,0.0,0.0,0.0,1.0,0.0,0.0,1.0,1.0,0.0,
2.269011286420116,1.153443224402075,-0.588017490217596,0.0,0.0,0.0,1.0,0.0,0.0,1.0,1.0,0.0,
0.34912769820150014,0.35123076418119087,-0.588017490217596,0.0,0.0,0.0,1.0,0.0,0.0,1.0,1.0,0.0,
-0.4414126028296947,-0.5593887852587316,-0.588017490217596,1.0,0.0,0.0,0.0,0.0,1.0,0.0,1.0,0.0,
-0.72374842462655,0.19946083927453712,-0.588017490217596,0.0,0.0,1.0,0.0,0.0,1.0,0.0,1.0,0.0,
-0.4414126028296947,-0.9496543064472699,-0.588017490217596,0.0,0.0,0.0,1.0,0.0,1.0,0.0,1.0,0.0,
-1.0060842464234052,-0.5810702031025393,-0.588017490217596,0.0,0.0,0.0,1.0,0.0,0.0,1.0,1.0,0.0,
0.29266053384212903,-0.5810702031025393,0.47667336642188307,0.0,0.0,1.0,0.0,0.0,1.0,0.0,1.0,0.0,
1.7043396428264055,1.1751246422458828,-0.588017490217596,1.0,0.0,0.0,0.0,1.0,0.0,0.0,1.0,0.0,
-0.4978797671890657,-0.060716174851155026,1.3246572345418224,0.0,0.0,0.0,1.0,0.0,1.0,0.0,1.0,0.0,
-0.10260961667346831,2.5410539664057663,2.2480174464946447,0.0,1.0,0.0,0.0,0.0,0.0,1.0,0.0,1.0,
0.06679187640464487,0.06937233221169105,-0.588017490217596,0.0,0.0,1.0,0.0,1.0,0.0,0.0,1.0,0.0,
-0.9496170820640342,-1.4483269168548465,-0.588017490217596,0.0,1.0,0.0,0.0,1.0,0.0,0.0,1.0,0.0,
-0.04614245231409733,-0.49434453172730863,-0.588017490217596,0.0,0.0,0.0,1.0,1.0,0.0,0.0,1.0,0.0,
0.4620620269202421,0.19946083927453712,-0.588017490217596,0.0,1.0,0.0,0.0,1.0,0.0,0.0,1.0,0.0,
0.010324712045273772,-0.66779587447777,-0.588017490217596,0.0,1.0,0.0,0.0,0.0,1.0,0.0,1.0,0.0,
-0.893149917704663,-1.1881499027291544,0.29765454981878486,0.0,0.0,1.0,0.0,0.0,1.0,0.0,1.0,0.0,
-0.9496170820640342,-1.1881499027291544,0.41071906556811005,0.0,1.0,0.0,0.0,1.0,0.0,0.0,1.0,0.0,
1.3655366566701794,0.06937233221169105,-0.588017490217596,0.0,0.0,1.0,0.0,1.0,0.0,0.0,1.0,0.0,
-1.0625514107827763,-0.12576042838257806,1.7392271256226814,0.0,0.0,1.0,0.0,1.0,0.0,0.0,1.0,0.0,
-0.9496170820640342,-1.079742813510116,-0.588017490217596,0.0,1.0,0.0,0.0,1.0,0.0,0.0,1.0,0.0,
0.7161642665374119,1.153443224402075,-0.588017490217596,0.0,1.0,0.0,0.0,0.0,1.0,0.0,1.0,0.0,
-1.0060842464234052,-1.4266454990110389,-0.588017490217596,0.0,0.0,0.0,1.0,0.0,0.0,1.0,1.0,0.0,
-0.893149917704663,-1.404964081167231,-0.588017490217596,0.0,0.0,0.0,1.0,0.0,1.0,0.0,1.0,0.0,
0.12325904076401598,-0.32089318897684715,0.20343412002768052,0.0,0.0,1.0,0.0,0.0,0.0,1.0,1.0,0.0,
0.23619336948275793,1.023354717339229,2.5212566928888474,1.0,0.0,0.0,0.0,1.0,0.0,0.0,1.0,0.0,
0.010324712045273772,0.8282219567449598,0.13747981917390747,0.0,1.0,0.0,0.0,1.0,0.0,0.0,1.0,0.0,
0.6879306843577265,2.1507884452172283,-0.588017490217596,0.0,0.0,0.0,1.0,0.0,0.0,1.0,1.0,0.0,
0.4620620269202421,-0.45098169603969324,1.3152351915627118,1.0,0.0,0.0,0.0,1.0,0.0,0.0,1.0,0.0,
-1.0060842464234052,-0.7978843815406161,-0.588017490217596,0.0,0.0,0.0,1.0,1.0,0.0,0.0,1.0,0.0,
0.8008650130764685,-0.23416751760161647,0.5143615383383249,0.0,0.0,0.0,1.0,1.0,0.0,0.0,1.0,0.0,
-0.6108140959078078,0.15609800358692177,-0.588017490217596,0.0,0.0,1.0,0.0,0.0,1.0,0.0,1.0,0.0,
-0.893149917704663,0.8715847924325751,-0.588017490217596,0.0,1.0,0.0,0.0,1.0,0.0,0.0,1.0,0.0,
-0.72374842462655,-0.6894772923215777,0.693380354941423,1.0,0.0,0.0,0.0,1.0,0.0,0.0,1.0,0.0,
0.34912769820150014,2.259195534436267,-0.588017490217596,1.0,0.0,0.0,0.0,0.0,0.0,1.0,1.0,0.0,
-0.3849454384703236,-0.7328401280091931,-0.588017490217596,0.0,0.0,0.0,1.0,0.0,1.0,0.0,1.0,0.0,
-0.8366827533452921,-0.7111587101653853,0.5049394953592143,0.0,0.0,1.0,0.0,0.0,1.0,0.0,1.0,0.0,
1.4220038210295503,0.4379564355564216,2.0030443290377735,0.0,1.0,0.0,0.0,0.0,0.0,1.0,1.0,0.0,
1.0267336705139527,1.8472485954039208,1.645006695831577,0.0,0.0,0.0,1.0,1.0,0.0,0.0,1.0,0.0,
1.4220038210295503,1.7171600883410747,1.362345406458264,0.0,1.0,0.0,0.0,1.0,0.0,0.0,1.0,0.0,
1.1961351635920658,1.4786644920591903,-0.588017490217596,1.0,0.0,0.0,0.0,1.0,0.0,0.0,1.0,0.0,
3.1160187518106817,0.9583104638078059,1.6638507817897978,0.0,1.0,0.0,0.0,1.0,0.0,0.0,1.0,0.0,
-1.0625514107827763,0.004328078680268014,-0.588017490217596,0.0,0.0,0.0,1.0,0.0,1.0,0.0,0.0,1.0,
-0.4978797671890657,0.28618651064976786,-0.588017490217596,0.0,0.0,0.0,1.0,0.0,1.0,0.0,1.0,0.0,
1.5349381497482923,2.1507884452172283,-0.588017490217596,1.0,0.0,0.0,0.0,1.0,0.0,0.0,1.0,0.0,
1.8172739715451478,0.35123076418119087,-0.588017490217596,1.0,0.0,0.0,0.0,1.0,0.0,0.0,1.0,0.0,
0.3886547132530598,-0.36425602466446255,-0.588017490217596,0.0,0.0,0.0,1.0,1.0,0.0,0.0,1.0,0.0,
-0.15907678103283943,-0.03903475700734734,1.447143793270258,0.0,1.0,0.0,0.0,1.0,0.0,0.0,1.0,0.0,
-0.72374842462655,-0.4726631138835009,-0.588017490217596,1.0,0.0,0.0,0.0,0.0,0.0,1.0,1.0,0.0,
-0.6108140959078078,-1.3399198276358082,-0.588017490217596,0.0,1.0,0.0,0.0,0.0,0.0,1.0,1.0,0.0,
-1.0060842464234052,0.06937233221169105,-0.588017490217596,0.0,0.0,0.0,1.0,1.0,0.0,0.0,1.0,0.0,
0.9137993417952107,0.06937233221169105,-0.588017490217596,0.0,0.0,0.0,1.0,0.0,0.0,1.0,1.0,0.0,
-0.3849454384703236,0.3295493463373832,-0.588017490217596,0.0,1.0,0.0,0.0,1.0,0.0,0.0,1.0,0.0,
0.010324712045273772,0.8065405389011522,1.6826948677480187,0.0,1.0,0.0,0.0,1.0,0.0,0.0,1.0,0.0,
-0.2155439453922104,0.13441658574311408,-0.588017490217596,0.0,1.0,0.0,0.0,0.0,0.0,1.0,1.0,0.0,
0.29266053384212903,-0.4726631138835009,-0.588017490217596,1.0,0.0,0.0,0.0,0.0,0.0,1.0,1.0,0.0,
1.309069492310808,1.890611431091536,-0.588017490217596,1.0,0.0,0.0,0.0,1.0,0.0,0.0,1.0,0.0,
-0.893149917704663,-1.3399198276358082,-0.588017490217596,0.0,0.0,0.0,1.0,1.0,0.0,0.0,1.0,0.0,
-0.780215588985921,-0.9279728886034622,-0.588017490217596,0.0,0.0,1.0,0.0,0.0,1.0,0.0,1.0,0.0,
0.010324712045273772,0.1127351678993064,-0.588017490217596,0.0,1.0,0.0,0.0,0.0,1.0,0.0,1.0,0.0,
-0.6672812602671788,0.3295493463373832,1.3435013205000432,0.0,1.0,0.0,0.0,0.0,0.0,1.0,1.0,0.0,
-0.893149917704663,-1.1014242313539235,0.1751679910903492,1.0,0.0,0.0,0.0,0.0,1.0,0.0,1.0,0.0,
0.06679187640464487,2.04238135599819,0.561471753233877,0.0,1.0,0.0,0.0,1.0,0.0,0.0,1.0,0.0,
0.34912769820150014,-0.03903475700734734,-0.588017490217596,0.0,0.0,1.0,0.0,0.0,0.0,1.0,1.0,0.0,
-1.0060842464234052,-0.42930027819588557,0.8347109996280796,1.0,0.0,0.0,0.0,1.0,0.0,0.0,1.0,0.0,
-1.0625514107827763,-0.8629286350720391,0.48609540940099355,0.0,0.0,1.0,0.0,0.0,1.0,0.0,1.0,0.0,
3.059551587451311,1.6737972526534592,2.9358265839697064,1.0,0.0,0.0,0.0,0.0,0.0,1.0,0.0,1.0,
0.010324712045273772,-0.7545215458530008,-0.588017490217596,0.0,0.0,0.0,1.0,0.0,1.0,0.0,1.0,0.0,
-0.10260961667346831,-0.45098169603969324,-0.588017490217596,1.0,0.0,0.0,0.0,1.0,0.0,0.0,1.0,0.0,
-0.780215588985921,-1.0146985599786928,-0.588017490217596,0.0,0.0,0.0,1.0,1.0,0.0,0.0,1.0,0.0,
-0.15907678103283943,0.09105375005549873,1.4377217502911475,0.0,0.0,0.0,1.0,0.0,1.0,0.0,0.0,1.0,
0.06679187640464487,-0.7762029636968084,-0.588017490217596,0.0,0.0,1.0,0.0,0.0,0.0,1.0,1.0,0.0,
-0.04614245231409733,0.004328078680268014,-0.588017490217596,1.0,0.0,0.0,0.0,0.0,1.0,0.0,1.0,0.0,
2.269011286420116,1.9339742667791515,-0.588017490217596,1.0,0.0,0.0,0.0,0.0,0.0,1.0,1.0,0.0,
-0.5543469315484367,-0.6894772923215777,0.9666196013356256,0.0,0.0,1.0,0.0,0.0,1.0,0.0,0.0,1.0,
-0.13084319885315387,-0.0823975926949627,-0.588017490217596,0.0,1.0,0.0,0.0,0.0,0.0,1.0,1.0,0.0,
-0.8366827533452921,0.3295493463373832,-0.588017490217596,0.0,0.0,1.0,0.0,1.0,0.0,0.0,1.0,0.0,
0.34912769820150014,-0.32089318897684715,-0.588017490217596,0.0,0.0,0.0,1.0,0.0,0.0,1.0,1.0,0.0,
-0.5543469315484367,-0.8629286350720391,-0.588017490217596,0.0,1.0,0.0,0.0,0.0,1.0,0.0,1.0,0.0,
-1.0060842464234052,-0.7978843815406161,-0.588017490217596,1.0,0.0,0.0,0.0,0.0,0.0,1.0,1.0,0.0,
-0.8366827533452921,-0.7545215458530008,-0.588017490217596,0.0,0.0,1.0,0.0,0.0,1.0,0.0,1.0,0.0,
-0.9496170820640342,1.023354717339229,-0.588017490217596,1.0,0.0,0.0,0.0,1.0,0.0,0.0,1.0,0.0,
0.3886547132530598,-0.3425746068206548,-0.588017490217596,0.0,0.0,1.0,0.0,0.0,1.0,0.0,1.0,0.0,
-1.0060842464234052,-1.1231056491977314,-0.588017490217596,0.0,0.0,0.0,1.0,0.0,0.0,1.0,1.0,0.0,
-0.5543469315484367,0.5246821069316523,-0.588017490217596,1.0,0.0,0.0,0.0,0.0,0.0,1.0,1.0,0.0,
-1.0625514107827763,-1.1664684848853466,-0.588017490217596,0.0,1.0,0.0,0.0,0.0,1.0,0.0,1.0,0.0,
1.4220038210295503,0.13441658574311408,-0.588017490217596,0.0,1.0,0.0,0.0,0.0,0.0,1.0,1.0,0.0,
1.1961351635920658,1.3052131493087287,1.4188776643329266,0.0,0.0,1.0,0.0,1.0,0.0,0.0,1.0,0.0,
3.0030844230919396,1.088398970870652,-0.588017490217596,1.0,0.0,0.0,0.0,1.0,0.0,0.0,1.0,0.0,
0.12325904076401598,2.367602623655305,5.17827281299799,0.0,0.0,0.0,1.0,0.0,0.0,1.0,1.0,0.0,
-1.0060842464234052,-0.32089318897684715,0.8347109996280796,0.0,0.0,0.0,1.0,0.0,0.0,1.0,1.0,0.0,
-0.6672812602671788,-0.3425746068206548,-0.588017490217596,0.0,1.0,0.0,0.0,0.0,0.0,1.0,1.0,0.0,
-0.72374842462655,0.09105375005549873,-0.588017490217596,0.0,0.0,1.0,0.0,1.0,0.0,0.0,1.0,0.0,
-0.2155439453922104,-0.7978843815406161,-0.588017490217596,0.0,0.0,0.0,1.0,1.0,0.0,0.0,1.0,0.0,
-0.6672812602671788,1.6087529991220362,-0.588017490217596,1.0,0.0,0.0,0.0,1.0,0.0,0.0,1.0,0.0,
0.5185291912796132,1.890611431091536,-0.588017490217596,1.0,0.0,0.0,0.0,1.0,0.0,0.0,1.0,0.0,
0.9137993417952107,2.2808769522800745,4.791969050854462,1.0,0.0,0.0,0.0,0.0,0.0,1.0,0.0,1.0,
1.6478724784670347,0.5680449426192676,-0.588017490217596,0.0,0.0,0.0,1.0,1.0,0.0,0.0,1.0,0.0,
-1.0060842464234052,-0.7328401280091931,-0.588017490217596,1.0,0.0,0.0,0.0,1.0,0.0,0.0,1.0,0.0,
-1.0625514107827763,-0.4726631138835009,-0.588017490217596,0.0,0.0,0.0,1.0,0.0,0.0,1.0,1.0,0.0,
-0.04614245231409733,-0.7328401280091931,-0.588017490217596,1.0,0.0,0.0,0.0,0.0,0.0,1.0,1.0,0.0,
-0.3849454384703236,-0.36425602466446255,-0.588017490217596,1.0,0.0,0.0,0.0,0.0,1.0,0.0,1.0,0.0,
0.29266053384212903,-0.7545215458530008,0.29765454981878486,1.0,0.0,0.0,0.0,0.0,0.0,1.0,1.0,0.0,
0.8008650130764685,2.367602623655305,-0.588017490217596,0.0,0.0,0.0,1.0,0.0,1.0,0.0,0.0,1.0,
-0.6672812602671788,0.17777942143072945,1.579052394977804,1.0,0.0,0.0,0.0,0.0,1.0,0.0,1.0,0.0,
-0.6108140959078078,0.5030006890878447,0.8347109996280796,1.0,0.0,0.0,0.0,1.0,0.0,0.0,1.0,0.0,
-0.2155439453922104,-0.6894772923215777,-0.588017490217596,0.0,1.0,0.0,0.0,0.0,0.0,1.0,0.0,1.0,
0.4620620269202421,2.0640627738419974,-0.588017490217596,0.0,1.0,0.0,0.0,1.0,0.0,0.0,1.0,0.0,
1.3655366566701794,0.7198148675259214,-0.588017490217596,0.0,0.0,1.0,0.0,1.0,0.0,0.0,1.0,0.0,
-1.0060842464234052,-1.3832826633234234,0.23170024896501182,1.0,0.0,0.0,0.0,1.0,0.0,0.0,1.0,0.0,
-0.8366827533452921,-1.079742813510116,-0.588017490217596,0.0,0.0,0.0,1.0,0.0,1.0,0.0,1.0,0.0,
-0.72374842462655,-0.6461144566339624,-0.588017490217596,0.0,1.0,0.0,0.0,0.0,0.0,1.0,1.0,0.0,
-0.3284782741109526,1.3052131493087287,0.18459003406945965,0.0,1.0,0.0,0.0,1.0,0.0,0.0,1.0,0.0,
-0.9496170820640342,-0.6461144566339624,-0.588017490217596,1.0,0.0,0.0,0.0,1.0,0.0,0.0,1.0,0.0,
3.1724859161700527,1.9339742667791515,-0.588017490217596,0.0,1.0,0.0,0.0,1.0,0.0,0.0,0.0,1.0,
-0.10260961667346831,-0.7111587101653853,-0.588017490217596,1.0,0.0,0.0,0.0,0.0,1.0,0.0,1.0,0.0,
-0.2155439453922104,-0.5810702031025393,-0.588017490217596,1.0,0.0,0.0,0.0,0.0,0.0,1.0,1.0,0.0,
-0.2155439453922104,-0.45098169603969324,-0.588017490217596,0.0,1.0,0.0,0.0,0.0,0.0,1.0,1.0,0.0,
-0.3284782741109526,0.6547706139944984,-0.588017490217596,0.0,1.0,0.0,0.0,1.0,0.0,0.0,1.0,0.0,
1.5349381497482923,1.153443224402075,-0.588017490217596,1.0,0.0,0.0,0.0,1.0,0.0,0.0,1.0,0.0,
-0.10260961667346831,-0.4726631138835009,-0.588017490217596,0.0,0.0,0.0,1.0,0.0,0.0,1.0,1.0,0.0,
0.17972620512338683,-0.32089318897684715,-0.588017490217596,0.0,0.0,1.0,0.0,1.0,0.0,0.0,1.0,0.0,
-0.72374842462655,-1.3616012454796158,0.4389851945054414,0.0,1.0,0.0,0.0,0.0,0.0,1.0,1.0,0.0,
0.4620620269202421,-0.537707367414924,-0.588017490217596,0.0,0.0,0.0,1.0,0.0,1.0,0.0,1.0,0.0,
2.8336829300138264,1.3702574028401517,-0.588017490217596,1.0,0.0,0.0,0.0,1.0,0.0,0.0,1.0,0.0,
-0.5543469315484367,-1.079742813510116,-0.588017490217596,0.0,1.0,0.0,0.0,1.0,0.0,0.0,1.0,0.0,
-1.0060842464234052,0.09105375005549873,-0.588017490217596,1.0,0.0,0.0,0.0,0.0,1.0,0.0,1.0,0.0,
1.7043396428264055,1.1968060600896904,-0.588017490217596,1.0,0.0,0.0,0.0,1.0,0.0,0.0,1.0,0.0,
2.4553529288060405,2.5193725485619587,-0.588017490217596,1.0,0.0,0.0,0.0,1.0,0.0,0.0,1.0,0.0,
-0.10260961667346831,-0.36425602466446255,1.6826948677480187,1.0,0.0,0.0,0.0,0.0,0.0,1.0,1.0,0.0,
-0.893149917704663,0.15609800358692177,-0.588017490217596,0.0,0.0,0.0,1.0,1.0,0.0,0.0,1.0,0.0,
-1.0060842464234052,-1.1664684848853466,0.2505443349232327,1.0,0.0,0.0,0.0,1.0,0.0,0.0,1.0,0.0,
0.010324712045273772,-0.03903475700734734,2.097264758828878,0.0,0.0,1.0,0.0,0.0,0.0,1.0,1.0,0.0,
3.059551587451311,1.7171600883410747,-0.588017490217596,0.0,0.0,0.0,1.0,0.0,0.0,1.0,1.0,0.0,
-0.4414126028296947,-0.66779587447777,-0.588017490217596,1.0,0.0,0.0,0.0,1.0,0.0,0.0,1.0,0.0,
-0.6672812602671788,-0.0823975926949627,-0.588017490217596,0.0,1.0,0.0,0.0,0.0,0.0,1.0,1.0,0.0,
0.010324712045273772,0.22114225711834481,-0.588017490217596,0.0,0.0,1.0,0.0,0.0,1.0,0.0,1.0,0.0,
-0.780215588985921,-0.8629286350720391,1.0231518592102882,1.0,0.0,0.0,0.0,0.0,0.0,1.0,1.0,0.0,
-0.10260961667346831,0.28618651064976786,2.4176142201186326,0.0,1.0,0.0,0.0,0.0,1.0,0.0,1.0,0.0,
-1.0060842464234052,0.17777942143072945,-0.588017490217596,0.0,0.0,0.0,1.0,0.0,0.0,1.0,1.0,0.0,
-0.780215588985921,-0.8846100529158468,-0.588017490217596,0.0,0.0,0.0,1.0,1.0,0.0,0.0,0.0,1.0,
-0.72374842462655,-1.1664684848853466,0.6274260540876501,0.0,1.0,0.0,0.0,0.0,0.0,1.0,1.0,0.0,
-0.3284782741109526,-0.7328401280091931,-0.588017490217596,0.0,0.0,1.0,0.0,1.0,0.0,0.0,1.0,0.0,
3.0030844230919396,1.2618503136211134,-0.588017490217596,1.0,0.0,0.0,0.0,1.0,0.0,0.0,1.0,0.0,
-0.780215588985921,-0.9279728886034622,0.13747981917390747,0.0,0.0,0.0,1.0,1.0,0.0,0.0,1.0,0.0,
-0.6108140959078078,-1.144787067041539,-0.588017490217596,0.0,0.0,1.0,0.0,0.0,0.0,1.0,1.0,0.0,
-1.0625514107827763,0.1127351678993064,-0.588017490217596,0.0,0.0,0.0,1.0,0.0,1.0,0.0,1.0,0.0,
-0.6108140959078078,-0.9496543064472699,0.1469018621530179,0.0,0.0,1.0,0.0,0.0,0.0,1.0,1.0,0.0,
0.17972620512338683,1.8038857597163054,-0.588017490217596,0.0,1.0,0.0,0.0,0.0,1.0,0.0,0.0,1.0,
-0.893149917704663,-1.2965569919481927,-0.588017490217596,0.0,0.0,0.0,1.0,0.0,1.0,0.0,1.0,0.0,
0.17972620512338683,-0.7762029636968084,-0.588017490217596,0.0,0.0,1.0,0.0,1.0,0.0,0.0,1.0,0.0,
-0.15907678103283943,0.5897263604630754,-0.588017490217596,0.0,0.0,1.0,0.0,0.0,1.0,0.0,1.0,0.0,
-0.72374842462655,2.085744191685805,4.754280878938021,0.0,0.0,0.0,1.0,1.0,0.0,0.0,0.0,1.0,
0.4620620269202421,-0.3425746068206548,-0.588017490217596,1.0,0.0,0.0,0.0,0.0,1.0,0.0,1.0,0.0,
2.8336829300138264,1.9556556846229591,4.509307761481149,1.0,0.0,0.0,0.0,0.0,0.0,1.0,1.0,0.0,
0.010324712045273772,0.004328078680268014,0.15632390513212835,0.0,0.0,0.0,1.0,0.0,0.0,1.0,1.0,0.0,
-0.8366827533452921,-1.0146985599786928,0.2599663779023431,1.0,0.0,0.0,0.0,0.0,0.0,1.0,1.0,0.0,
-1.1190185751421473,0.1127351678993064,-0.588017490217596,0.0,1.0,0.0,0.0,0.0,0.0,1.0,1.0,0.0,
1.2526023279514371,1.1751246422458828,-0.588017490217596,0.0,0.0,0.0,1.0,0.0,0.0,1.0,1.0,0.0,
0.12325904076401598,1.0450361351830366,0.27881046386056396,0.0,1.0,0.0,0.0,1.0,0.0,0.0,1.0,0.0,
-0.15907678103283943,-0.6894772923215777,0.9100873434609631,0.0,0.0,1.0,0.0,0.0,1.0,0.0,1.0,0.0,
0.3886547132530598,0.13441658574311408,-0.588017490217596,0.0,0.0,1.0,0.0,1.0,0.0,0.0,1.0,0.0,
-0.2155439453922104,-0.3425746068206548,1.5884744379569145,1.0,0.0,0.0,0.0,1.0,0.0,0.0,1.0,0.0,
0.8008650130764685,1.8689300132477284,1.409455621353816,0.0,0.0,1.0,0.0,1.0,0.0,0.0,1.0,0.0,
2.269011286420116,1.6087529991220362,-0.588017490217596,1.0,0.0,0.0,0.0,1.0,0.0,0.0,1.0,0.0,
-1.0060842464234052,-1.3832826633234234,-0.588017490217596,0.0,0.0,0.0,1.0,1.0,0.0,0.0,1.0,0.0,
0.29266053384212903,-0.7328401280091931,1.0514179881476196,0.0,0.0,0.0,1.0,1.0,0.0,0.0,1.0,0.0,
0.06679187640464487,-0.5160259495711162,-0.588017490217596,0.0,0.0,1.0,0.0,1.0,0.0,0.0,1.0,0.0,
-0.9496170820640342,-0.03903475700734734,-0.588017490217596,0.0,0.0,1.0,0.0,0.0,0.0,1.0,1.0,0.0,
-0.4414126028296947,2.259195534436267,-0.588017490217596,0.0,0.0,1.0,0.0,1.0,0.0,0.0,0.0,1.0,
-0.3849454384703236,0.8282219567449598,0.9289314294191839,1.0,0.0,0.0,0.0,0.0,0.0,1.0,1.0,0.0,
-0.780215588985921,0.6330891961506907,-0.588017490217596,0.0,0.0,1.0,0.0,0.0,1.0,0.0,1.0,0.0,
2.946617258732569,1.088398970870652,-0.588017490217596,0.0,1.0,0.0,0.0,1.0,0.0,0.0,1.0,0.0,
1.4220038210295503,2.584416802093382,-0.588017490217596,0.0,1.0,0.0,0.0,1.0,0.0,0.0,1.0,0.0,
2.2125441220607454,1.1751246422458828,-0.588017490217596,1.0,0.0,0.0,0.0,0.0,0.0,1.0,1.0,0.0,
-0.15907678103283943,2.302558370123882,-0.588017490217596,1.0,0.0,0.0,0.0,1.0,0.0,0.0,1.0,0.0,
1.93020830026389,1.0450361351830366,-0.588017490217596,1.0,0.0,0.0,0.0,1.0,0.0,0.0,1.0,0.0,
-0.4414126028296947,-0.7545215458530008,-0.588017490217596,0.0,0.0,0.0,1.0,0.0,1.0,0.0,1.0,0.0,
1.139667999232695,0.7631777032135367,-0.588017490217596,1.0,0.0,0.0,0.0,1.0,0.0,0.0,1.0,0.0,
-0.72374842462655,-0.6461144566339624,-0.588017490217596,1.0,0.0,0.0,0.0,1.0,0.0,0.0,1.0,0.0,
0.8008650130764685,0.22114225711834481,-0.588017490217596,0.0,0.0,0.0,1.0,0.0,1.0,0.0,1.0,0.0,
0.1966663544311983,0.004328078680268014,0.15632390513212835,0.0,0.0,1.0,0.0,1.0,0.0,0.0,1.0,0.0,
0.17972620512338683,-0.45098169603969324,-0.588017490217596,0.0,0.0,1.0,0.0,1.0,0.0,0.0,1.0,0.0,
-0.5543469315484367,-0.7978843815406161,-0.588017490217596,0.0,1.0,0.0,0.0,0.0,0.0,1.0,1.0,0.0,
0.4620620269202421,0.5680449426192676,-0.588017490217596,0.0,1.0,0.0,0.0,1.0,0.0,0.0,1.0,0.0,
-0.15907678103283943,0.15609800358692177,-0.588017490217596,0.0,1.0,0.0,0.0,0.0,1.0,0.0,1.0,0.0,
1.4220038210295503,0.06937233221169105,1.3340792775209327,0.0,1.0,0.0,0.0,0.0,0.0,1.0,1.0,0.0,
-0.6672812602671788,-1.2965569919481927,0.495517452380104,1.0,0.0,0.0,0.0,0.0,1.0,0.0,1.0,0.0,
-0.15907678103283943,-0.32089318897684715,-0.588017490217596,0.0,0.0,1.0,0.0,1.0,0.0,0.0,1.0,0.0,
-0.8366827533452921,-0.9930171421348852,0.32592067875611613,0.0,0.0,1.0,0.0,1.0,0.0,0.0,1.0,0.0,
1.7043396428264055,1.2618503136211134,-0.588017490217596,1.0,0.0,0.0,0.0,1.0,0.0,0.0,1.0,0.0,
1.309069492310808,2.2808769522800745,-0.588017490217596,1.0,0.0,0.0,0.0,1.0,0.0,0.0,1.0,0.0,
0.3886547132530598,-0.03903475700734734,1.4754099222075892,0.0,0.0,1.0,0.0,1.0,0.0,0.0,1.0,0.0,
-1.0060842464234052,-1.4483269168548465,0.1751679910903492,0.0,0.0,0.0,1.0,0.0,0.0,1.0,1.0,0.0,
-0.893149917704663,0.15609800358692177,-0.588017490217596,0.0,1.0,0.0,0.0,1.0,0.0,0.0,1.0,0.0,
-0.893149917704663,-1.1231056491977314,0.1469018621530179,0.0,0.0,0.0,1.0,0.0,1.0,0.0,1.0,0.0,
-0.72374842462655,0.09105375005549873,0.8347109996280796,0.0,0.0,1.0,0.0,0.0,1.0,0.0,1.0,0.0,
-0.9496170820640342,0.8499033745887675,2.1066868018079883,1.0,0.0,0.0,0.0,1.0,0.0,0.0,1.0,0.0,
-0.3849454384703236,-0.36425602466446255,-0.588017490217596,0.0,0.0,0.0,1.0,1.0,0.0,0.0,1.0,0.0,
-0.9496170820640342,-0.9496543064472699,-0.588017490217596,0.0,0.0,0.0,1.0,0.0,1.0,0.0,1.0,0.0,
0.12325904076401598,-0.03903475700734734,-0.588017490217596,0.0,0.0,1.0,0.0,1.0,0.0,0.0,1.0,0.0,
1.5349381497482923,0.9366290459639982,0.9100873434609631,1.0,0.0,0.0,0.0,1.0,0.0,0.0,1.0,0.0,
-0.4414126028296947,-0.25584893544542414,-0.588017490217596,0.0,0.0,0.0,1.0,0.0,1.0,0.0,1.0,0.0,
-0.9496170820640342,0.8715847924325751,-0.588017490217596,1.0,0.0,0.0,0.0,1.0,0.0,0.0,1.0,0.0,
-0.893149917704663,0.22114225711834481,-0.588017490217596,0.0,1.0,0.0,0.0,0.0,0.0,1.0,1.0,0.0,
-0.72374842462655,-0.21248609975780877,0.3918749796098892,0.0,0.0,1.0,0.0,0.0,1.0,0.0,1.0,0.0,
3.737157559763763,1.890611431091536,0.8535550855863004,1.0,0.0,0.0,0.0,1.0,0.0,0.0,1.0,0.0,
-0.04614245231409733,-0.7978843815406161,0.7687566987743065,0.0,0.0,0.0,1.0,0.0,0.0,1.0,1.0,0.0,
-0.893149917704663,-1.3616012454796158,-0.588017490217596,0.0,0.0,1.0,0.0,1.0,0.0,0.0,1.0,0.0,
-0.2155439453922104,0.19946083927453712,-0.588017490217596,0.0,0.0,0.0,1.0,0.0,1.0,0.0,1.0,0.0,
-0.4978797671890657,-0.7545215458530008,-0.588017490217596,0.0,1.0,0.0,0.0,0.0,1.0,0.0,1.0,0.0,
-0.2720111097515815,-0.45098169603969324,-0.588017490217596,0.0,1.0,0.0,0.0,0.0,1.0,0.0,1.0,0.0,
1.5631717319279779,2.6060982199371896,3.906297010818081,0.0,1.0,0.0,0.0,0.0,1.0,0.0,1.0,0.0,
1.4220038210295503,2.259195534436267,3.1807997014265776,0.0,1.0,0.0,0.0,0.0,0.0,1.0,1.0,0.0,
0.12325904076401598,-0.23416751760161647,0.5708937962129874,0.0,0.0,0.0,1.0,1.0,0.0,0.0,0.0,1.0,
-0.8366827533452921,0.4379564355564216,-0.588017490217596,0.0,0.0,1.0,0.0,0.0,0.0,1.0,1.0,0.0,
1.309069492310808,1.8689300132477284,-0.588017490217596,0.0,0.0,0.0,1.0,1.0,0.0,0.0,0.0,1.0,
-0.10260961667346831,-0.7762029636968084,1.1550604609178343,0.0,0.0,0.0,1.0,0.0,0.0,1.0,1.0,0.0,
0.12325904076401598,-0.66779587447777,-0.588017490217596,0.0,0.0,0.0,1.0,1.0,0.0,0.0,1.0,0.0,
-1.1190185751421473,-0.14744184622638573,0.5991599251503187,0.0,1.0,0.0,0.0,1.0,0.0,0.0,1.0,0.0,
-0.8366827533452921,-1.1231056491977314,0.38245293663077873,0.0,1.0,0.0,0.0,0.0,1.0,0.0,1.0,0.0,
0.010324712045273772,-0.7762029636968084,-0.588017490217596,1.0,0.0,0.0,0.0,1.0,0.0,0.0,1.0,0.0,
-0.15907678103283943,-0.6894772923215777,-0.588017490217596,0.0,1.0,0.0,0.0,1.0,0.0,0.0,1.0,0.0,
0.06679187640464487,-0.32089318897684715,1.6167405668942458,0.0,0.0,0.0,1.0,1.0,0.0,0.0,1.0,0.0,
0.5749963556389843,0.3295493463373832,-0.588017490217596,1.0,0.0,0.0,0.0,0.0,0.0,1.0,1.0,0.0,
0.40559486256087124,1.1968060600896904,-0.588017490217596,0.0,1.0,0.0,0.0,1.0,0.0,0.0,1.0,0.0,
-0.6672812602671788,-0.2775303532892318,-0.588017490217596,0.0,0.0,1.0,0.0,0.0,0.0,1.0,1.0,0.0,
0.34912769820150014,-0.23416751760161647,-0.588017490217596,0.0,0.0,0.0,1.0,1.0,0.0,0.0,1.0,0.0,
0.010324712045273772,-0.66779587447777,-0.588017490217596,0.0,0.0,0.0,1.0,0.0,1.0,0.0,1.0,0.0,
-0.3284782741109526,-0.5593887852587316,-0.588017490217596,1.0,0.0,0.0,0.0,0.0,0.0,1.0,1.0,0.0,
-0.5543469315484367,0.35123076418119087,-0.588017490217596,0.0,0.0,0.0,1.0,0.0,1.0,0.0,1.0,0.0,
1.139667999232695,0.7198148675259214,-0.588017490217596,1.0,0.0,0.0,0.0,1.0,0.0,0.0,1.0,0.0,
0.17972620512338683,-0.537707367414924,-0.588017490217596,0.0,1.0,0.0,0.0,0.0,0.0,1.0,1.0,0.0,
0.7443978487170974,0.8499033745887675,-0.588017490217596,0.0,0.0,1.0,0.0,0.0,0.0,1.0,1.0,0.0,
-1.0060842464234052,-0.7328401280091931,-0.588017490217596,0.0,0.0,0.0,1.0,1.0,0.0,0.0,1.0,0.0,
2.438412779498229,0.7848591210573445,-0.588017490217596,0.0,1.0,0.0,0.0,1.0,0.0,0.0,1.0,0.0,
0.12325904076401598,-0.7978843815406161,-0.588017490217596,1.0,0.0,0.0,0.0,0.0,0.0,1.0,1.0,0.0,
-0.6672812602671788,0.06937233221169105,1.2021706758133865,1.0,0.0,0.0,0.0,0.0,0.0,1.0,1.0,0.0,
-0.10260961667346831,0.8499033745887675,-0.588017490217596,0.0,1.0,0.0,0.0,0.0,1.0,0.0,1.0,0.0,
-1.1190185751421473,0.3945935998688062,-0.588017490217596,1.0,0.0,0.0,0.0,1.0,0.0,0.0,1.0,0.0,
0.29266053384212903,0.8065405389011522,-0.588017490217596,0.0,0.0,1.0,0.0,1.0,0.0,0.0,1.0,0.0,
-0.2155439453922104,-0.25584893544542414,0.5237835813174353,1.0,0.0,0.0,0.0,1.0,0.0,0.0,1.0,0.0,
-0.10260961667346831,-0.66779587447777,1.2210147617716076,1.0,0.0,0.0,0.0,0.0,1.0,0.0,1.0,0.0,
0.8008650130764685,0.8499033745887675,2.2385954035155344,1.0,0.0,0.0,0.0,1.0,0.0,0.0,1.0,0.0,
0.06679187640464487,-0.7978843815406161,-0.588017490217596,0.0,1.0,0.0,0.0,0.0,0.0,1.0,1.0,0.0,
-1.0060842464234052,-0.8629286350720391,1.0043077732520673,0.0,0.0,1.0,0.0,1.0,0.0,0.0,1.0,0.0,
-1.0625514107827763,-1.3182384097920004,0.47667336642188307,0.0,0.0,1.0,0.0,0.0,1.0,0.0,1.0,0.0,
-0.5543469315484367,-0.5160259495711162,0.47667336642188307,0.0,0.0,1.0,0.0,0.0,1.0,0.0,0.0,1.0,
1.0267336705139527,0.8499033745887675,-0.588017490217596,0.0,1.0,0.0,0.0,0.0,0.0,1.0,1.0,0.0,
-0.3284782741109526,-1.1881499027291544,-0.588017490217596,0.0,1.0,0.0,0.0,0.0,0.0,1.0,1.0,0.0,
-0.780215588985921,-0.66779587447777,-0.588017490217596,0.0,0.0,0.0,1.0,0.0,1.0,0.0,1.0,0.0,
0.3886547132530598,-0.23416751760161647,-0.588017490217596,1.0,0.0,0.0,0.0,0.0,1.0,0.0,1.0,0.0,
-0.8366827533452921,-1.209831320572962,0.3918749796098892,1.0,0.0,0.0,0.0,0.0,1.0,0.0,1.0,0.0,
1.5914053141076634,2.5193725485619587,-0.588017490217596,0.0,0.0,1.0,0.0,0.0,1.0,0.0,0.0,1.0,
0.12325904076401598,-0.7978843815406161,1.107950246022282,0.0,0.0,0.0,1.0,0.0,1.0,0.0,1.0,0.0,
1.0267336705139527,-0.32089318897684715,-0.588017490217596,0.0,0.0,0.0,1.0,0.0,1.0,0.0,1.0,0.0,
0.17972620512338683,-0.060716174851155026,0.5803158391920978,0.0,0.0,1.0,0.0,1.0,0.0,0.0,1.0,0.0,
0.9702665061545818,0.15609800358692177,-0.588017490217596,0.0,0.0,1.0,0.0,0.0,1.0,0.0,1.0,0.0,
-1.1190185751421473,0.3078679284935755,-0.588017490217596,1.0,0.0,0.0,0.0,1.0,0.0,0.0,1.0,0.0,
-0.72374842462655,-0.2775303532892318,-0.588017490217596,0.0,0.0,0.0,1.0,1.0,0.0,0.0,1.0,0.0,
-0.10260961667346831,-0.36425602466446255,0.26938842088145354,0.0,0.0,0.0,1.0,0.0,0.0,1.0,1.0,0.0,
-0.10260961667346831,-0.6461144566339624,1.0325739021893987,1.0,0.0,0.0,0.0,1.0,0.0,0.0,1.0,0.0,
-0.9496170820640342,-0.10407901053877038,-0.588017490217596,0.0,0.0,1.0,0.0,0.0,1.0,0.0,1.0,0.0,
-0.893149917704663,1.9122928489353437,-0.588017490217596,0.0,1.0,0.0,0.0,1.0,0.0,0.0,1.0,0.0,
0.5185291912796132,-0.0823975926949627,-0.588017490217596,0.0,0.0,0.0,1.0,1.0,0.0,0.0,1.0,0.0,
-1.0625514107827763,-0.8629286350720391,-0.588017490217596,0.0,0.0,1.0,0.0,0.0,1.0,0.0,1.0,0.0,
-0.5543469315484367,-1.1664684848853466,-0.588017490217596,0.0,0.0,1.0,0.0,0.0,1.0,0.0,1.0,0.0,
-0.893149917704663,0.13441658574311408,-0.588017490217596,0.0,1.0,0.0,0.0,0.0,0.0,1.0,1.0,0.0,
0.4620620269202421,-0.14744184622638573,-0.588017490217596,1.0,0.0,0.0,0.0,1.0,0.0,0.0,1.0,0.0,
-0.5543469315484367,-0.9930171421348852,-0.588017490217596,0.0,0.0,0.0,1.0,0.0,1.0,0.0,1.0,0.0,
1.139667999232695,0.15609800358692177,-0.588017490217596,1.0,0.0,0.0,0.0,0.0,0.0,1.0,1.0,0.0,
1.2526023279514371,0.9583104638078059,-0.588017490217596,0.0,1.0,0.0,0.0,0.0,1.0,0.0,1.0,0.0,
-1.1190185751421473,-0.7762029636968084,-0.588017490217596,0.0,0.0,0.0,1.0,0.0,1.0,0.0,1.0,0.0,
-0.9496170820640342,-0.9713357242910775,0.8912432575027421,0.0,0.0,0.0,1.0,0.0,1.0,0.0,1.0,0.0,
1.93020830026389,1.2618503136211134,1.409455621353816,1.0,0.0,0.0,0.0,1.0,0.0,0.0,1.0,0.0,
0.34912769820150014,-0.060716174851155026,-0.588017490217596,0.0,0.0,0.0,1.0,1.0,0.0,0.0,0.0,1.0,
0.34912769820150014,0.004328078680268014,-0.588017490217596,0.0,0.0,1.0,0.0,0.0,1.0,0.0,1.0,0.0,
0.7443978487170974,0.9583104638078059,-0.588017490217596,1.0,0.0,0.0,0.0,0.0,1.0,0.0,0.0,1.0,
-0.15907678103283943,0.35123076418119087,-0.588017490217596,0.0,1.0,0.0,0.0,0.0,1.0,0.0,1.0,0.0,
0.6314635199983554,1.0450361351830366,1.795759383497344,0.0,0.0,0.0,1.0,0.0,1.0,0.0,0.0,1.0,
1.139667999232695,0.17777942143072945,-0.588017490217596,0.0,0.0,0.0,1.0,0.0,0.0,1.0,1.0,0.0,
0.17972620512338683,-0.23416751760161647,-0.588017490217596,0.0,1.0,0.0,0.0,0.0,0.0,1.0,1.0,0.0,
0.9137993417952107,2.172469863061036,-0.588017490217596,0.0,0.0,1.0,0.0,0.0,0.0,1.0,0.0,1.0,
-0.72374842462655,-1.1664684848853466,-0.588017490217596,0.0,0.0,0.0,1.0,0.0,1.0,0.0,1.0,0.0,
-1.0060842464234052,-1.144787067041539,-0.588017490217596,0.0,0.0,1.0,0.0,0.0,1.0,0.0,1.0,0.0,
2.269011286420116,1.2401688957773058,3.840342709964308,0.0,1.0,0.0,0.0,1.0,0.0,0.0,1.0,0.0,
-0.893149917704663,-0.9062914707596545,-0.588017490217596,0.0,1.0,0.0,0.0,0.0,0.0,1.0,1.0,0.0,
-0.15907678103283943,-0.7978843815406161,-0.588017490217596,0.0,0.0,0.0,1.0,0.0,1.0,0.0,1.0,0.0,
-0.36800528916251224,-0.8629286350720391,0.6462701400458709,1.0,0.0,0.0,0.0,1.0,0.0,0.0,1.0,0.0,
-0.5543469315484367,-1.1014242313539235,-0.588017490217596,0.0,0.0,0.0,1.0,1.0,0.0,0.0,1.0,0.0,
0.12325904076401598,-0.7111587101653853,-0.588017490217596,0.0,0.0,1.0,0.0,0.0,1.0,0.0,1.0,0.0,
0.7443978487170974,1.0016732994954212,-0.588017490217596,0.0,1.0,0.0,0.0,1.0,0.0,0.0,1.0,0.0,
-0.6108140959078078,-1.0146985599786928,-0.588017490217596,0.0,0.0,1.0,0.0,1.0,0.0,0.0,1.0,0.0,
0.06679187640464487,-0.7111587101653853,-0.588017490217596,1.0,0.0,0.0,0.0,0.0,0.0,1.0,1.0,0.0,
-0.04614245231409733,-0.7545215458530008,-0.588017490217596,1.0,0.0,0.0,0.0,0.0,0.0,1.0,1.0,0.0,
-0.10260961667346831,-0.537707367414924,-0.588017490217596,1.0,0.0,0.0,0.0,0.0,0.0,1.0,1.0,0.0,
1.0267336705139527,0.35123076418119087,-0.588017490217596,1.0,0.0,0.0,0.0,1.0,0.0,0.0,1.0,0.0,
2.2125441220607454,1.2401688957773058,2.3045497043693075,0.0,0.0,1.0,0.0,0.0,1.0,0.0,1.0,0.0,
-0.2720111097515815,-0.2775303532892318,-0.588017490217596,0.0,0.0,0.0,1.0,1.0,0.0,0.0,1.0,0.0,
3.0030844230919396,1.6737972526534592,-0.588017490217596,1.0,0.0,0.0,0.0,1.0,0.0,0.0,1.0,0.0,
-0.72374842462655,-0.7762029636968084,0.9760416443147361,0.0,1.0,0.0,0.0,0.0,1.0,0.0,1.0,0.0,
-0.5543469315484367,-0.7328401280091931,-0.588017490217596,0.0,0.0,1.0,0.0,0.0,0.0,1.0,1.0,0.0,
-0.2720111097515815,-0.060716174851155026,-0.588017490217596,0.0,1.0,0.0,0.0,0.0,1.0,0.0,1.0,0.0,
-0.9496170820640342,-1.209831320572962,-0.588017490217596,0.0,0.0,1.0,0.0,0.0,0.0,1.0,1.0,0.0,
2.551347108216971,1.283531731464921,-0.588017490217596,0.0,0.0,0.0,1.0,0.0,0.0,1.0,1.0,0.0,
-0.04614245231409733,0.37291218202499854,-0.588017490217596,1.0,0.0,0.0,0.0,0.0,1.0,0.0,1.0,0.0,
-0.2155439453922104,-0.6461144566339624,0.18459003406945965,1.0,0.0,0.0,0.0,0.0,1.0,0.0,1.0,0.0,
0.17972620512338683,-0.14744184622638573,0.6180040111085396,0.0,1.0,0.0,0.0,0.0,0.0,1.0,1.0,0.0,
-0.15907678103283943,0.8715847924325751,-0.588017490217596,0.0,0.0,0.0,1.0,0.0,1.0,0.0,1.0,0.0,
1.7608068071857763,1.4353016563715748,2.747385724387498,0.0,0.0,0.0,1.0,0.0,0.0,1.0,1.0,0.0,
-1.1190185751421473,0.06937233221169105,-0.588017490217596,0.0,1.0,0.0,0.0,0.0,0.0,1.0,1.0,0.0,
-0.780215588985921,1.0667175530268442,-0.588017490217596,0.0,1.0,0.0,0.0,1.0,0.0,0.0,1.0,0.0,
-0.3284782741109526,-0.017353339163539667,-0.588017490217596,0.0,0.0,0.0,1.0,0.0,1.0,0.0,1.0,0.0,
-0.780215588985921,-0.45098169603969324,1.4659878792284788,0.0,1.0,0.0,0.0,0.0,0.0,1.0,1.0,0.0,
-0.72374842462655,-1.1014242313539235,-0.588017490217596,0.0,0.0,0.0,1.0,1.0,0.0,0.0,1.0,0.0,
0.23619336948275793,-0.03903475700734734,-0.588017490217596,0.0,0.0,1.0,0.0,1.0,0.0,0.0,1.0,0.0,
-0.893149917704663,-0.7545215458530008,0.6839583119623126,0.0,0.0,0.0,1.0,1.0,0.0,0.0,1.0,0.0,
3.850091888482506,2.7361867270000357,-0.588017490217596,0.0,1.0,0.0,0.0,1.0,0.0,0.0,1.0,0.0,
-0.780215588985921,0.06937233221169105,-0.588017490217596,0.0,0.0,1.0,0.0,0.0,1.0,0.0,1.0,0.0,
0.7443978487170974,1.283531731464921,-0.588017490217596,0.0,1.0,0.0,0.0,1.0,0.0,0.0,1.0,0.0,
-0.2155439453922104,0.35123076418119087,0.5991599251503187,0.0,0.0,1.0,0.0,1.0,0.0,0.0,1.0,0.0,
3.3418874092481663,2.020699938154382,-0.588017490217596,0.0,1.0,0.0,0.0,0.0,1.0,0.0,1.0,0.0,
-0.9496170820640342,-0.7978843815406161,-0.588017490217596,1.0,0.0,0.0,0.0,1.0,0.0,0.0,0.0,1.0,
-0.8366827533452921,-1.4266454990110389,0.33534272173522656,1.0,0.0,0.0,0.0,0.0,1.0,0.0,1.0,0.0,
0.12325904076401598,-0.21248609975780877,0.29765454981878486,0.0,0.0,1.0,0.0,0.0,0.0,1.0,0.0,1.0,
-0.780215588985921,-0.9279728886034622,0.9760416443147361,1.0,0.0,0.0,0.0,0.0,0.0,1.0,1.0,0.0,
1.8172739715451478,1.0450361351830366,-0.588017490217596,1.0,0.0,0.0,0.0,1.0,0.0,0.0,1.0,0.0,
-0.6672812602671788,-0.45098169603969324,-0.588017490217596,0.0,0.0,1.0,0.0,0.0,0.0,1.0,1.0,0.0,
-0.893149917704663,-1.1231056491977314,-0.588017490217596,0.0,0.0,1.0,0.0,1.0,0.0,0.0,1.0,0.0,
-0.17601693034065075,-0.7545215458530008,-0.588017490217596,0.0,0.0,0.0,1.0,0.0,0.0,1.0,1.0,0.0,
-0.2720111097515815,-1.144787067041539,-0.588017490217596,0.0,0.0,0.0,1.0,0.0,0.0,1.0,1.0,0.0,
2.551347108216971,2.04238135599819,1.9747782001004421,1.0,0.0,0.0,0.0,0.0,0.0,1.0,0.0,1.0,
-0.780215588985921,-0.9279728886034622,0.8818212145236317,0.0,0.0,0.0,1.0,1.0,0.0,0.0,1.0,0.0,
0.7443978487170974,2.172469863061036,2.511834649909737,0.0,0.0,1.0,0.0,0.0,0.0,1.0,1.0,0.0,
-0.17601693034065075,-0.4726631138835009,-0.588017490217596,0.0,0.0,0.0,1.0,0.0,0.0,1.0,1.0,0.0,
-0.9496170820640342,0.4379564355564216,1.880557770309338,1.0,0.0,0.0,0.0,1.0,0.0,0.0,1.0,0.0,
-0.2155439453922104,0.22114225711834481,0.8912432575027421,0.0,0.0,1.0,0.0,1.0,0.0,0.0,1.0,0.0,
-1.0625514107827763,2.0640627738419974,-0.588017490217596,1.0,0.0,0.0,0.0,0.0,0.0,1.0,1.0,0.0,
0.12325904076401598,-0.25584893544542414,-0.588017490217596,0.0,1.0,0.0,0.0,0.0,0.0,1.0,1.0,0.0,
-0.8366827533452921,-1.144787067041539,-0.588017490217596,0.0,0.0,1.0,0.0,1.0,0.0,0.0,0.0,1.0,
-0.10260961667346831,-0.21248609975780877,-0.588017490217596,0.0,0.0,0.0,1.0,0.0,0.0,1.0,1.0,0.0,
0.06679187640464487,-0.5593887852587316,0.3070765927978953,0.0,1.0,0.0,0.0,0.0,0.0,1.0,1.0,0.0,
3.285420244888795,1.8038857597163054,0.48609540940099355,0.0,1.0,0.0,0.0,1.0,0.0,0.0,1.0,0.0,
0.9702665061545818,2.454328295030536,1.8522916413720065,0.0,1.0,0.0,0.0,0.0,1.0,0.0,1.0,0.0,
-0.2155439453922104,-0.7111587101653853,-0.588017490217596,1.0,0.0,0.0,0.0,0.0,1.0,0.0,1.0,0.0,
-0.72374842462655,-0.7111587101653853,0.7028023979205336,0.0,1.0,0.0,0.0,0.0,0.0,1.0,1.0,0.0,
0.17972620512338683,-0.03903475700734734,1.5225201371031414,0.0,1.0,0.0,0.0,0.0,0.0,1.0,1.0,0.0,
-0.8366827533452921,-1.2315127384167697,-0.588017490217596,1.0,0.0,0.0,0.0,0.0,1.0,0.0,1.0,0.0,
0.06679187640464487,-0.66779587447777,-0.588017490217596,0.0,0.0,0.0,1.0,1.0,0.0,0.0,1.0,0.0,
-0.2155439453922104,-0.7545215458530008,-0.588017490217596,1.0,0.0,0.0,0.0,1.0,0.0,0.0,0.0,1.0,
0.29266053384212903,-0.7111587101653853,1.2398588477298285,0.0,0.0,0.0,1.0,0.0,1.0,0.0,1.0,0.0,
1.8172739715451478,0.1127351678993064,-0.588017490217596,1.0,0.0,0.0,0.0,1.0,0.0,0.0,1.0,0.0,
-0.780215588985921,0.8282219567449598,2.492990563951516,0.0,0.0,0.0,1.0,0.0,0.0,1.0,1.0,0.0,
-0.72374842462655,-1.3616012454796158,-0.588017490217596,0.0,0.0,0.0,1.0,0.0,0.0,1.0,1.0,0.0,
-0.15907678103283943,0.13441658574311408,-0.588017490217596,0.0,0.0,1.0,0.0,0.0,1.0,0.0,1.0,0.0,
0.17972620512338683,-0.36425602466446255,1.0043077732520673,0.0,0.0,0.0,1.0,0.0,0.0,1.0,1.0,0.0,
-0.893149917704663,-0.2992117711330395,-0.588017490217596,0.0,1.0,0.0,0.0,0.0,0.0,1.0,1.0,0.0,
0.34912769820150014,0.28618651064976786,-0.588017490217596,1.0,0.0,0.0,0.0,0.0,1.0,0.0,1.0,0.0,
-0.780215588985921,-1.3832826633234234,-0.588017490217596,0.0,0.0,0.0,1.0,0.0,0.0,1.0,1.0,0.0,
2.647341287627902,2.107425609529613,-0.588017490217596,0.0,1.0,0.0,0.0,1.0,0.0,0.0,1.0,0.0,
0.29266053384212903,-0.2775303532892318,1.145638417938724,0.0,1.0,0.0,0.0,1.0,0.0,0.0,1.0,0.0,
0.06679187640464487,-0.537707367414924,1.4000335783747058,0.0,0.0,0.0,1.0,1.0,0.0,0.0,1.0,0.0,
-0.4978797671890657,-0.7328401280091931,-0.588017490217596,0.0,1.0,0.0,0.0,1.0,0.0,0.0,1.0,0.0,
-0.15907678103283943,-0.4726631138835009,-0.588017490217596,0.0,0.0,1.0,0.0,1.0,0.0,0.0,1.0,0.0,
-0.8366827533452921,-0.9713357242910775,-0.588017490217596,1.0,0.0,0.0,0.0,0.0,0.0,1.0,1.0,0.0,
2.551347108216971,1.1968060600896904,-0.588017490217596,0.0,0.0,0.0,1.0,1.0,0.0,0.0,1.0,0.0,
0.29266053384212903,1.5220273277468055,-0.588017490217596,1.0,0.0,0.0,0.0,1.0,0.0,0.0,1.0,0.0,
-0.9496170820640342,-0.8629286350720391,0.33534272173522656,0.0,1.0,0.0,0.0,1.0,0.0,0.0,1.0,0.0,
-0.8366827533452921,-1.2315127384167697,-0.588017490217596,1.0,0.0,0.0,0.0,0.0,0.0,1.0,1.0,0.0,
0.12325904076401598,-0.32089318897684715,-0.588017490217596,0.0,0.0,1.0,0.0,0.0,0.0,1.0,1.0,0.0,
-0.15907678103283943,-0.060716174851155026,0.1186357332156866,0.0,1.0,0.0,0.0,0.0,1.0,0.0,1.0,0.0,
-0.6108140959078078,-0.66779587447777,0.4201411085472205,0.0,0.0,0.0,1.0,0.0,1.0,0.0,1.0,0.0,
0.4620620269202421,0.09105375005549873,1.0985282030431718,0.0,1.0,0.0,0.0,1.0,0.0,0.0,1.0,0.0,
1.0267336705139527,0.5246821069316523,1.2398588477298285,0.0,1.0,0.0,0.0,0.0,0.0,1.0,1.0,0.0,
-0.3849454384703236,-0.8629286350720391,0.4295631515263309,0.0,0.0,1.0,0.0,1.0,0.0,0.0,1.0,0.0,
-1.0625514107827763,-1.1014242313539235,-0.588017490217596,0.0,1.0,0.0,0.0,0.0,0.0,1.0,1.0,0.0,
-1.0625514107827763,-0.9062914707596545,-0.588017490217596,0.0,0.0,1.0,0.0,0.0,0.0,1.0,1.0,0.0,
-0.10260961667346831,0.5030006890878447,0.16574594811123877,0.0,0.0,1.0,0.0,0.0,1.0,0.0,1.0,0.0,
1.5349381497482923,1.1968060600896904,0.6745362689832022,0.0,0.0,0.0,1.0,0.0,0.0,1.0,1.0,0.0,
0.29266053384212903,-0.49434453172730863,-0.588017490217596,0.0,1.0,0.0,0.0,1.0,0.0,0.0,1.0,0.0,
-1.1190185751421473,-1.1881499027291544,-0.588017490217596,0.0,1.0,0.0,0.0,1.0,0.0,0.0,1.0,0.0,
0.06679187640464487,-0.7762029636968084,-0.588017490217596,0.0,1.0,0.0,0.0,0.0,0.0,1.0,1.0,0.0,
-0.4414126028296947,-0.45098169603969324,0.6274260540876501,0.0,0.0,0.0,1.0,0.0,1.0,0.0,1.0,0.0,
1.1961351635920658,1.9122928489353437,-0.588017490217596,1.0,0.0,0.0,0.0,1.0,0.0,0.0,1.0,0.0,
2.551347108216971,1.6737972526534592,-0.588017490217596,0.0,1.0,0.0,0.0,1.0,0.0,0.0,1.0,0.0,
-0.893149917704663,-1.3616012454796158,-0.588017490217596,0.0,1.0,0.0,0.0,1.0,0.0,0.0,1.0,0.0,
0.5185291912796132,0.19946083927453712,0.40129702258899963,1.0,0.0,0.0,0.0,0.0,0.0,1.0,1.0,0.0,
0.4620620269202421,-0.23416751760161647,-0.588017490217596,0.0,1.0,0.0,0.0,1.0,0.0,0.0,1.0,0.0,
0.9137993417952107,-0.25584893544542414,-0.588017490217596,0.0,0.0,0.0,1.0,0.0,0.0,1.0,1.0,0.0,
-0.3849454384703236,2.454328295030536,1.145638417938724,0.0,0.0,1.0,0.0,1.0,0.0,0.0,1.0,0.0,
-0.6108140959078078,-0.12576042838257806,-0.588017490217596,0.0,0.0,1.0,0.0,0.0,1.0,0.0,1.0,0.0,
-0.6108140959078078,-1.209831320572962,-0.588017490217596,1.0,0.0,0.0,0.0,0.0,0.0,1.0,1.0,0.0,
-0.9496170820640342,1.0667175530268442,-0.588017490217596,0.0,1.0,0.0,0.0,1.0,0.0,0.0,1.0,0.0,
-0.10260961667346831,-0.2992117711330395,1.362345406458264,0.0,0.0,0.0,1.0,0.0,0.0,1.0,1.0,0.0,
3.3983545736075373,1.8472485954039208,-0.588017490217596,0.0,0.0,0.0,1.0,0.0,0.0,1.0,1.0,0.0,
-0.72374842462655,-0.9062914707596545,0.3918749796098892,1.0,0.0,0.0,0.0,1.0,0.0,0.0,1.0,0.0,
-0.6672812602671788,-0.7111587101653853,-0.588017490217596,0.0,0.0,0.0,1.0,1.0,0.0,0.0,1.0,0.0,
0.7443978487170974,1.9556556846229591,-0.588017490217596,0.0,1.0,0.0,0.0,1.0,0.0,0.0,1.0,0.0,
-0.04614245231409733,-0.8629286350720391,1.0325739021893987,1.0,0.0,0.0,0.0,0.0,1.0,0.0,1.0,0.0,
-0.04614245231409733,0.06937233221169105,-0.588017490217596,0.0,0.0,0.0,1.0,0.0,0.0,1.0,1.0,0.0,
-0.780215588985921,-1.1881499027291544,-0.588017490217596,1.0,0.0,0.0,0.0,0.0,0.0,1.0,1.0,0.0,
-0.72374842462655,-0.7111587101653853,-0.588017490217596,0.0,0.0,1.0,0.0,0.0,1.0,0.0,1.0,0.0,
-0.6672812602671788,-0.03903475700734734,-0.588017490217596,1.0,0.0,0.0,0.0,0.0,0.0,1.0,1.0,0.0,
-0.893149917704663,-1.144787067041539,0.38245293663077873,0.0,0.0,0.0,1.0,0.0,1.0,0.0,1.0,0.0,
-0.3849454384703236,-1.1664684848853466,-0.588017490217596,0.0,0.0,1.0,0.0,0.0,1.0,0.0,1.0,0.0,
2.269011286420116,1.5220273277468055,-0.588017490217596,0.0,1.0,0.0,0.0,0.0,0.0,1.0,1.0,0.0,
-0.04614245231409733,-0.9930171421348852,-0.588017490217596,1.0,0.0,0.0,0.0,0.0,0.0,1.0,1.0,0.0,
-0.2720111097515815,0.8715847924325751,1.192748632834276,0.0,1.0,0.0,0.0,0.0,0.0,1.0,1.0,0.0,
0.8573321774358396,0.5246821069316523,2.7756518533248293,0.0,0.0,1.0,0.0,0.0,0.0,1.0,1.0,0.0,
1.6478724784670347,2.259195534436267,0.7499126128160857,0.0,0.0,1.0,0.0,1.0,0.0,0.0,1.0,0.0,
-0.04614245231409733,0.8715847924325751,1.296391105604491,1.0,0.0,0.0,0.0,1.0,0.0,0.0,1.0,0.0,
-0.2720111097515815,-0.7762029636968084,-0.588017490217596,0.0,0.0,0.0,1.0,0.0,0.0,1.0,1.0,0.0,
0.12325904076401598,-0.7328401280091931,-0.588017490217596,0.0,0.0,1.0,0.0,0.0,0.0,1.0,1.0,0.0,
0.010324712045273772,-0.060716174851155026,1.2021706758133865,0.0,0.0,1.0,0.0,0.0,0.0,1.0,1.0,0.0,
3.285420244888795,0.9583104638078059,1.49425400816581,0.0,1.0,0.0,0.0,1.0,0.0,0.0,1.0,0.0,
0.29266053384212903,-0.23416751760161647,-0.588017490217596,0.0,0.0,1.0,0.0,1.0,0.0,0.0,1.0,0.0,
0.29266053384212903,0.13441658574311408,-0.588017490217596,0.0,1.0,0.0,0.0,1.0,0.0,0.0,1.0,0.0,
0.010324712045273772,-0.66779587447777,-0.588017490217596,1.0,0.0,0.0,0.0,0.0,1.0,0.0,1.0,0.0,
1.7608068071857763,0.8065405389011522,0.22227820598590137,1.0,0.0,0.0,0.0,0.0,1.0,0.0,0.0,1.0,
-0.780215588985921,-1.3399198276358082,-0.588017490217596,0.0,0.0,0.0,1.0,0.0,1.0,0.0,1.0,0.0,
-1.0625514107827763,-1.2315127384167697,-0.588017490217596,0.0,1.0,0.0,0.0,0.0,0.0,1.0,1.0,0.0,
0.29266053384212903,-0.7978843815406161,-0.588017490217596,0.0,0.0,1.0,0.0,0.0,1.0,0.0,1.0,0.0,
-0.36800528916251224,-0.66779587447777,-0.588017490217596,1.0,0.0,0.0,0.0,1.0,0.0,0.0,1.0,0.0,
-0.8366827533452921,1.825567177560113,3.7555443231523142,0.0,1.0,0.0,0.0,1.0,0.0,0.0,1.0,0.0,
-0.15907678103283943,-0.6461144566339624,-0.588017490217596,0.0,1.0,0.0,0.0,0.0,1.0,0.0,1.0,0.0,
-0.8366827533452921,0.17777942143072945,-0.588017490217596,0.0,0.0,1.0,0.0,0.0,0.0,1.0,1.0,0.0,
-0.15907678103283943,0.13441658574311408,1.230436804750718,0.0,0.0,1.0,0.0,0.0,1.0,0.0,1.0,0.0,
-0.2720111097515815,-0.2775303532892318,1.8146034694555648,1.0,0.0,0.0,0.0,0.0,0.0,1.0,1.0,0.0,
-0.6672812602671788,0.3078679284935755,0.8723991715445213,0.0,0.0,0.0,1.0,1.0,0.0,0.0,1.0,0.0,
-0.8366827533452921,-0.66779587447777,-0.588017490217596,1.0,0.0,0.0,0.0,0.0,0.0,1.0,1.0,0.0,
-1.0625514107827763,-0.2775303532892318,0.778178741753417,0.0,0.0,0.0,1.0,0.0,1.0,0.0,1.0,0.0,
-0.72374842462655,-1.404964081167231,-0.588017490217596,0.0,0.0,0.0,1.0,0.0,0.0,1.0,1.0,0.0,
-0.7406885739343612,-1.079742813510116,-0.588017490217596,0.0,0.0,1.0,0.0,0.0,1.0,0.0,1.0,0.0,
0.4620620269202421,-0.36425602466446255,-0.588017490217596,0.0,1.0,0.0,0.0,1.0,0.0,0.0,1.0,0.0,
-0.2155439453922104,0.3945935998688062,-0.588017490217596,0.0,1.0,0.0,0.0,1.0,0.0,0.0,1.0,0.0,
-0.3849454384703236,0.7848591210573445,-0.588017490217596,0.0,1.0,0.0,0.0,1.0,0.0,0.0,1.0,0.0,
-0.3849454384703236,-0.7762029636968084,0.3636088506725579,0.0,1.0,0.0,0.0,1.0,0.0,0.0,1.0,0.0,
-0.893149917704663,-0.7111587101653853,-0.588017490217596,0.0,0.0,0.0,1.0,1.0,0.0,0.0,1.0,0.0,
1.89068128521233,1.9122928489353437,-0.588017490217596,0.0,0.0,1.0,0.0,0.0,1.0,0.0,0.0,1.0,
0.4620620269202421,-0.4726631138835009,-0.588017490217596,0.0,1.0,0.0,0.0,1.0,0.0,0.0,1.0,0.0,
-0.780215588985921,-0.32089318897684715,-0.588017490217596,0.0,1.0,0.0,0.0,0.0,0.0,1.0,1.0,0.0,
-0.8366827533452921,-0.21248609975780877,-0.588017490217596,0.0,0.0,1.0,0.0,0.0,0.0,1.0,1.0,0.0,
-0.6672812602671788,-0.12576042838257806,1.145638417938724,1.0,0.0,0.0,0.0,0.0,0.0,1.0,0.0,1.0,
0.40559486256087124,-0.12576042838257806,-0.588017490217596,1.0,0.0,0.0,0.0,0.0,1.0,0.0,1.0,0.0,
-0.8366827533452921,-0.4726631138835009,-0.588017490217596,0.0,0.0,1.0,0.0,0.0,0.0,1.0,0.0,1.0,
0.17972620512338683,-0.017353339163539667,-0.588017490217596,0.0,1.0,0.0,0.0,0.0,0.0,1.0,1.0,0.0,
-0.5543469315484367,-1.1231056491977314,-0.588017490217596,0.0,1.0,0.0,0.0,0.0,1.0,0.0,1.0,0.0,
0.12325904076401598,-0.49434453172730863,-0.588017490217596,0.0,1.0,0.0,0.0,0.0,0.0,1.0,1.0,0.0,
0.12325904076401598,-0.2775303532892318,-0.588017490217596,0.0,0.0,0.0,1.0,1.0,0.0,0.0,1.0,0.0,
-1.0060842464234052,1.0667175530268442,-0.588017490217596,0.0,1.0,0.0,0.0,1.0,0.0,0.0,1.0,0.0,
-0.6672812602671788,1.4569830742153824,-0.588017490217596,0.0,0.0,0.0,1.0,0.0,0.0,1.0,1.0,0.0,
-0.72374842462655,-0.5160259495711162,-0.588017490217596,1.0,0.0,0.0,0.0,0.0,0.0,1.0,1.0,0.0,
3.1724859161700527,1.8472485954039208,-0.588017490217596,0.0,1.0,0.0,0.0,1.0,0.0,0.0,1.0,0.0,
-0.9496170820640342,-1.3832826633234234,0.3164986357770057,0.0,1.0,0.0,0.0,1.0,0.0,0.0,1.0,0.0,
-0.4414126028296947,-0.5593887852587316,0.4389851945054414,0.0,0.0,0.0,1.0,0.0,1.0,0.0,0.0,1.0,
2.269011286420116,2.0640627738419974,-0.588017490217596,1.0,0.0,0.0,0.0,1.0,0.0,0.0,1.0,0.0,
-0.4414126028296947,-0.017353339163539667,-0.588017490217596,1.0,0.0,0.0,0.0,1.0,0.0,0.0,1.0,0.0,
-0.6672812602671788,0.22114225711834481,-0.588017490217596,1.0,0.0,0.0,0.0,0.0,1.0,0.0,1.0,0.0,
-1.0625514107827763,-1.1231056491977314,0.26938842088145354,0.0,1.0,0.0,0.0,0.0,0.0,1.0,0.0,1.0,
0.6879306843577265,-0.5160259495711162,-0.588017490217596,0.0,1.0,0.0,0.0,0.0,0.0,1.0,1.0,0.0,
-0.9496170820640342,-0.9930171421348852,0.40129702258899963,1.0,0.0,0.0,0.0,0.0,0.0,1.0,1.0,0.0,
-1.0625514107827763,-1.3832826633234234,-0.588017490217596,1.0,0.0,0.0,0.0,0.0,1.0,0.0,1.0,0.0,
-0.5543469315484367,2.3459212058114973,3.576525506549216,1.0,0.0,0.0,0.0,1.0,0.0,0.0,1.0,0.0,
-0.10260961667346831,-0.9930171421348852,-0.588017490217596,0.0,0.0,0.0,1.0,1.0,0.0,0.0,1.0,0.0,
-1.0060842464234052,-0.8629286350720391,1.0231518592102882,1.0,0.0,0.0,0.0,1.0,0.0,0.0,1.0,0.0,
0.34912769820150014,0.06937233221169105,-0.588017490217596,1.0,0.0,0.0,0.0,0.0,1.0,0.0,1.0,0.0,
0.06679187640464487,-0.12576042838257806,0.41071906556811005,0.0,0.0,1.0,0.0,1.0,0.0,0.0,1.0,0.0,
-0.15907678103283943,-0.8629286350720391,-0.588017490217596,1.0,0.0,0.0,0.0,1.0,0.0,0.0,1.0,0.0,
0.9137993417952107,-0.36425602466446255,-0.588017490217596,1.0,0.0,0.0,0.0,0.0,1.0,0.0,1.0,0.0,
2.0826696440341914,2.020699938154382,-0.588017490217596,0.0,0.0,1.0,0.0,0.0,1.0,0.0,0.0,1.0,
3.059551587451311,1.7388415061848823,-0.588017490217596,1.0,0.0,0.0,0.0,1.0,0.0,0.0,1.0,0.0,
0.06679187640464487,-0.7545215458530008,-0.588017490217596,0.0,0.0,0.0,1.0,0.0,0.0,1.0,1.0,0.0,
0.010324712045273772,-0.7111587101653853,1.2587029336880493,0.0,1.0,0.0,0.0,0.0,1.0,0.0,1.0,0.0,
0.9702665061545818,0.13441658574311408,1.5413642230613622,0.0,1.0,0.0,0.0,1.0,0.0,0.0,1.0,0.0,
-0.893149917704663,-1.2315127384167697,-0.588017490217596,0.0,1.0,0.0,0.0,1.0,0.0,0.0,0.0,1.0,
0.06679187640464487,0.09105375005549873,1.126794331980503,0.0,0.0,0.0,1.0,0.0,0.0,1.0,1.0,0.0,
-0.72374842462655,-0.25584893544542414,0.15632390513212835,1.0,0.0,0.0,0.0,0.0,0.0,1.0,1.0,0.0,
1.3655366566701794,0.7631777032135367,-0.588017490217596,0.0,0.0,1.0,0.0,1.0,0.0,0.0,1.0,0.0,
0.7443978487170974,2.302558370123882,4.96156582447845,1.0,0.0,0.0,0.0,0.0,0.0,1.0,0.0,1.0,
0.23619336948275793,-0.7111587101653853,-0.588017490217596,1.0,0.0,0.0,0.0,0.0,1.0,0.0,1.0,0.0,
-0.5543469315484367,1.1968060600896904,-0.588017490217596,1.0,0.0,0.0,0.0,1.0,0.0,0.0,1.0,0.0,
-0.72374842462655,-0.45098169603969324,1.2587029336880493,0.0,0.0,1.0,0.0,0.0,1.0,0.0,1.0,0.0,
3.059551587451311,1.9339742667791515,-0.588017490217596,0.0,0.0,0.0,1.0,0.0,0.0,1.0,1.0,0.0,
-0.8366827533452921,0.41627501771261394,-0.588017490217596,0.0,0.0,1.0,0.0,1.0,0.0,0.0,1.0,0.0,
-1.0060842464234052,-0.7762029636968084,-0.588017490217596,0.0,0.0,0.0,1.0,0.0,1.0,0.0,1.0,0.0,
-0.15907678103283943,-0.0823975926949627,-0.588017490217596,0.0,1.0,0.0,0.0,1.0,0.0,0.0,1.0,0.0,
-0.10260961667346831,0.35123076418119087,2.4364583060768537,0.0,1.0,0.0,0.0,0.0,1.0,0.0,1.0,0.0,
0.4620620269202421,1.4569830742153824,-0.588017490217596,0.0,1.0,0.0,0.0,0.0,0.0,1.0,1.0,0.0,
-1.0625514107827763,-1.2315127384167697,-0.588017490217596,0.0,0.0,1.0,0.0,0.0,1.0,0.0,1.0,0.0,
0.12325904076401598,-0.66779587447777,-0.588017490217596,0.0,0.0,1.0,0.0,0.0,0.0,1.0,1.0,0.0,
-1.0625514107827763,-0.9496543064472699,-0.588017490217596,0.0,0.0,1.0,0.0,0.0,1.0,0.0,1.0,0.0,
0.5185291912796132,-0.10407901053877038,-0.588017490217596,1.0,0.0,0.0,0.0,1.0,0.0,0.0,1.0,0.0,
0.7443978487170974,1.5870715812782286,-0.588017490217596,0.0,1.0,0.0,0.0,1.0,0.0,0.0,0.0,1.0,
-0.6672812602671788,-1.1664684848853466,0.12805777619479702,1.0,0.0,0.0,0.0,0.0,1.0,0.0,1.0,0.0,
-0.9496170820640342,-1.4483269168548465,-0.588017490217596,0.0,1.0,0.0,0.0,0.0,0.0,1.0,1.0,0.0,
-0.4978797671890657,0.19946083927453712,-0.588017490217596,0.0,1.0,0.0,0.0,1.0,0.0,0.0,1.0,0.0,
-0.8366827533452921,-0.6894772923215777,-0.588017490217596,0.0,0.0,1.0,0.0,0.0,0.0,1.0,1.0,0.0,
-1.0060842464234052,1.023354717339229,2.973514755886148,0.0,0.0,0.0,1.0,1.0,0.0,0.0,1.0,0.0,
-0.04614245231409733,-0.6894772923215777,-0.588017490217596,1.0,0.0,0.0,0.0,0.0,1.0,0.0,1.0,0.0,
0.9137993417952107,-0.3425746068206548,-0.588017490217596,1.0,0.0,0.0,0.0,0.0,1.0,0.0,1.0,0.0,
0.3886547132530598,0.17777942143072945,-0.588017490217596,0.0,0.0,0.0,1.0,1.0,0.0,0.0,1.0,0.0,
0.8008650130764685,0.7198148675259214,-0.588017490217596,0.0,0.0,0.0,1.0,0.0,1.0,0.0,1.0,0.0,
-0.9496170820640342,0.41627501771261394,-0.588017490217596,1.0,0.0,0.0,0.0,1.0,0.0,0.0,1.0,0.0,
0.12325904076401598,-0.32089318897684715,0.495517452380104,0.0,1.0,0.0,0.0,0.0,0.0,1.0,1.0,0.0,
0.17972620512338683,-0.7762029636968084,-0.588017490217596,0.0,1.0,0.0,0.0,0.0,0.0,1.0,1.0,0.0,
-0.4414126028296947,-0.10407901053877038,1.0043077732520673,1.0,0.0,0.0,0.0,1.0,0.0,0.0,1.0,0.0,
1.0267336705139527,0.22114225711834481,-0.588017490217596,0.0,1.0,0.0,0.0,0.0,0.0,1.0,1.0,0.0,
-0.15907678103283943,1.7171600883410747,-0.588017490217596,1.0,0.0,0.0,0.0,1.0,0.0,0.0,1.0,0.0,
-0.893149917704663,-1.1231056491977314,0.24112229194412224,0.0,0.0,0.0,1.0,0.0,0.0,1.0,1.0,0.0,
-0.893149917704663,-1.4483269168548465,-0.588017490217596,0.0,0.0,0.0,1.0,0.0,0.0,1.0,1.0,0.0,
0.34912769820150014,-0.10407901053877038,-0.588017490217596,0.0,0.0,0.0,1.0,1.0,0.0,0.0,1.0,0.0,
-0.893149917704663,0.17777942143072945,1.7486491686017918,0.0,1.0,0.0,0.0,0.0,0.0,1.0,1.0,0.0,
0.8008650130764685,0.15609800358692177,-0.588017490217596,0.0,0.0,0.0,1.0,1.0,0.0,0.0,1.0,0.0,
-0.3284782741109526,0.28618651064976786,-0.588017490217596,0.0,0.0,0.0,1.0,0.0,1.0,0.0,1.0,0.0,
2.946617258732569,1.6087529991220362,0.8629771285654109,0.0,1.0,0.0,0.0,1.0,0.0,0.0,1.0,0.0,
-0.10260961667346831,0.17777942143072945,-0.588017490217596,1.0,0.0,0.0,0.0,0.0,0.0,1.0,1.0,0.0,
0.29266053384212903,0.8282219567449598,-0.588017490217596,0.0,0.0,1.0,0.0,1.0,0.0,0.0,1.0,0.0,
0.17972620512338683,-0.23416751760161647,-0.588017490217596,0.0,0.0,1.0,0.0,1.0,0.0,0.0,0.0,1.0,
3.285420244888795,0.9366290459639982,2.7850738963039396,0.0,1.0,0.0,0.0,1.0,0.0,0.0,1.0,0.0,
0.010324712045273772,-0.6461144566339624,-0.588017490217596,1.0,0.0,0.0,0.0,1.0,0.0,0.0,1.0,0.0,
-0.2720111097515815,-1.1664684848853466,-0.588017490217596,0.0,0.0,1.0,0.0,1.0,0.0,0.0,1.0,0.0,
-0.8366827533452921,-0.7545215458530008,-0.588017490217596,1.0,0.0,0.0,0.0,0.0,0.0,1.0,1.0,0.0,
-0.9496170820640342,-0.23416751760161647,-0.588017490217596,0.0,0.0,1.0,0.0,0.0,1.0,0.0,1.0,0.0,
-0.893149917704663,-1.1664684848853466,-0.588017490217596,0.0,1.0,0.0,0.0,1.0,0.0,0.0,1.0,0.0,
-0.6672812602671788,-0.49434453172730863,0.47667336642188307,0.0,0.0,1.0,0.0,0.0,0.0,1.0,1.0,0.0,
1.7043396428264055,1.0667175530268442,1.0137298162311779,0.0,0.0,1.0,0.0,0.0,1.0,0.0,1.0,0.0,
0.4620620269202421,-0.4726631138835009,0.9854636872938465,1.0,0.0,0.0,0.0,0.0,1.0,0.0,1.0,0.0,
2.946617258732569,2.3242397879676897,3.576525506549216,0.0,0.0,1.0,0.0,0.0,1.0,0.0,0.0,1.0,
-1.0625514107827763,-0.7978843815406161,-0.588017490217596,0.0,0.0,0.0,1.0,1.0,0.0,0.0,1.0,0.0,
-0.893149917704663,-1.1664684848853466,-0.588017490217596,1.0,0.0,0.0,0.0,0.0,1.0,0.0,1.0,0.0,
-0.9496170820640342,1.5220273277468055,-0.588017490217596,1.0,0.0,0.0,0.0,1.0,0.0,0.0,1.0,0.0,
0.5185291912796132,-0.10407901053877038,-0.588017490217596,0.0,0.0,0.0,1.0,1.0,0.0,0.0,1.0,0.0,
0.17972620512338683,-0.7111587101653853,-0.588017490217596,0.0,0.0,1.0,0.0,1.0,0.0,0.0,1.0,0.0,
-0.8366827533452921,-1.0146985599786928,-0.588017490217596,0.0,0.0,1.0,0.0,1.0,0.0,0.0,1.0,0.0,
-0.9496170820640342,-0.66779587447777,1.1739045468760552,1.0,0.0,0.0,0.0,1.0,0.0,0.0,1.0,0.0,
0.4620620269202421,-0.21248609975780877,-0.588017490217596,0.0,1.0,0.0,0.0,1.0,0.0,0.0,1.0,0.0,
-0.3849454384703236,-0.6894772923215777,-0.588017490217596,1.0,0.0,0.0,0.0,0.0,1.0,0.0,1.0,0.0,
-0.2720111097515815,-0.25584893544542414,-0.588017490217596,0.0,0.0,0.0,1.0,1.0,0.0,0.0,1.0,0.0,
-0.4978797671890657,-0.5593887852587316,-0.588017490217596,0.0,0.0,0.0,1.0,0.0,1.0,0.0,1.0,0.0,
-0.8366827533452921,-0.9062914707596545,-0.588017490217596,0.0,1.0,0.0,0.0,0.0,1.0,0.0,1.0,0.0,
-1.1190185751421473,-0.2775303532892318,1.5696303519986936,0.0,0.0,0.0,1.0,1.0,0.0,0.0,1.0,0.0,
0.17972620512338683,0.5030006890878447,-0.588017490217596,0.0,0.0,0.0,1.0,0.0,0.0,1.0,1.0,0.0,
-0.10260961667346831,-0.49434453172730863,-0.588017490217596,0.0,0.0,0.0,1.0,0.0,0.0,1.0,1.0,0.0,
0.5185291912796132,1.8689300132477284,-0.588017490217596,1.0,0.0,0.0,0.0,1.0,0.0,0.0,0.0,1.0,
-0.4978797671890657,-0.6894772923215777,0.9571975583565152,0.0,0.0,0.0,1.0,0.0,1.0,0.0,1.0,0.0,
-1.0060842464234052,-0.14744184622638573,0.9477755153774048,1.0,0.0,0.0,0.0,0.0,1.0,0.0,1.0,0.0,
-0.10260961667346831,-0.32089318897684715,1.5507862660404728,1.0,0.0,0.0,0.0,0.0,0.0,1.0,1.0,0.0,
-0.4978797671890657,-0.9496543064472699,-0.588017490217596,0.0,0.0,0.0,1.0,0.0,0.0,1.0,1.0,0.0,
-0.72374842462655,-0.7111587101653853,-0.588017490217596,0.0,1.0,0.0,0.0,0.0,1.0,0.0,1.0,0.0,
0.17972620512338683,0.8065405389011522,3.1996437873847987,0.0,0.0,0.0,1.0,0.0,0.0,1.0,1.0,0.0,
-0.2720111097515815,-0.7111587101653853,0.6462701400458709,1.0,0.0,0.0,0.0,0.0,1.0,0.0,1.0,0.0,
-0.2155439453922104,-0.45098169603969324,-0.588017490217596,0.0,0.0,0.0,1.0,1.0,0.0,0.0,1.0,0.0,
0.23619336948275793,1.9339742667791515,3.642479807402989,1.0,0.0,0.0,0.0,1.0,0.0,0.0,1.0,0.0,
1.3655366566701794,0.7848591210573445,-0.588017490217596,0.0,0.0,1.0,0.0,1.0,0.0,0.0,1.0,0.0,
0.40559486256087124,-0.537707367414924,-0.588017490217596,0.0,0.0,1.0,0.0,0.0,1.0,0.0,1.0,0.0,
0.34912769820150014,-0.3425746068206548,-0.588017490217596,0.0,0.0,0.0,1.0,1.0,0.0,0.0,1.0,0.0,
-1.0625514107827763,-1.1881499027291544,-0.588017490217596,0.0,0.0,1.0,0.0,0.0,1.0,0.0,1.0,0.0,
0.06679187640464487,-0.5593887852587316,-0.588017490217596,0.0,0.0,0.0,1.0,0.0,0.0,1.0,1.0,0.0,
-0.5543469315484367,-0.6894772923215777,-0.588017490217596,1.0,0.0,0.0,0.0,0.0,0.0,1.0,1.0,0.0,
0.010324712045273772,-0.2992117711330395,-0.588017490217596,0.0,0.0,0.0,1.0,0.0,1.0,0.0,1.0,0.0,
0.8008650130764685,0.5680449426192676,-0.588017490217596,0.0,0.0,0.0,1.0,0.0,1.0,0.0,1.0,0.0,
1.139667999232695,-0.12576042838257806,0.3730308936516683,0.0,0.0,0.0,1.0,0.0,0.0,1.0,1.0,0.0,
0.12325904076401598,-0.5160259495711162,0.4484072374845518,0.0,0.0,0.0,1.0,0.0,1.0,0.0,1.0,0.0,
-0.2720111097515815,-0.5593887852587316,-0.588017490217596,1.0,0.0,0.0,0.0,1.0,0.0,0.0,1.0,0.0,
-1.1190185751421473,-1.3399198276358082,-0.588017490217596,0.0,1.0,0.0,0.0,1.0,0.0,0.0,1.0,0.0,
-0.2720111097515815,-0.5593887852587316,-0.588017490217596,0.0,1.0,0.0,0.0,1.0,0.0,0.0,1.0,0.0,
-0.3849454384703236,-0.7978843815406161,0.9760416443147361,0.0,0.0,0.0,1.0,1.0,0.0,0.0,1.0,0.0,
-0.5543469315484367,-0.66779587447777,-0.588017490217596,0.0,0.0,1.0,0.0,0.0,1.0,0.0,1.0,0.0,
-0.2155439453922104,-0.14744184622638573,-0.588017490217596,0.0,0.0,1.0,0.0,0.0,0.0,1.0,1.0,0.0,
-0.2155439453922104,0.19946083927453712,-0.588017490217596,0.0,0.0,1.0,0.0,0.0,0.0,1.0,1.0,0.0,
-0.6672812602671788,0.19946083927453712,-0.588017490217596,1.0,0.0,0.0,0.0,0.0,1.0,0.0,1.0,0.0,
-0.5543469315484367,-0.9496543064472699,0.7499126128160857,0.0,0.0,1.0,0.0,0.0,1.0,0.0,1.0,0.0,
0.29266053384212903,-0.49434453172730863,-0.588017490217596,0.0,0.0,0.0,1.0,1.0,0.0,0.0,1.0,0.0,
-0.9496170820640342,0.8499033745887675,-0.588017490217596,1.0,0.0,0.0,0.0,1.0,0.0,0.0,1.0,0.0,
-0.3849454384703236,1.7388415061848823,-0.588017490217596,1.0,0.0,0.0,0.0,1.0,0.0,0.0,1.0,0.0,
0.17972620512338683,0.7414962853697291,2.3705040052230806,0.0,0.0,0.0,1.0,0.0,0.0,1.0,1.0,0.0,
-0.893149917704663,-0.9713357242910775,-0.588017490217596,0.0,0.0,1.0,0.0,0.0,1.0,0.0,1.0,0.0,
0.06679187640464487,-0.12576042838257806,-0.588017490217596,0.0,0.0,0.0,1.0,0.0,0.0,1.0,1.0,0.0,
0.43382844474055665,0.7198148675259214,-0.588017490217596,0.0,1.0,0.0,0.0,0.0,0.0,1.0,1.0,0.0,
-0.3849454384703236,0.8715847924325751,0.3636088506725579,0.0,1.0,0.0,0.0,1.0,0.0,0.0,1.0,0.0,
-0.6108140959078078,0.15609800358692177,1.4659878792284788,0.0,0.0,1.0,0.0,0.0,1.0,0.0,1.0,0.0,
-0.5543469315484367,-1.079742813510116,-0.588017490217596,0.0,1.0,0.0,0.0,0.0,1.0,0.0,1.0,0.0,
0.34912769820150014,0.17777942143072945,-0.588017490217596,1.0,0.0,0.0,0.0,0.0,1.0,0.0,1.0,0.0,
-0.5543469315484367,-1.1664684848853466,-0.588017490217596,0.0,1.0,0.0,0.0,0.0,1.0,0.0,1.0,0.0,
0.5749963556389843,2.6060982199371896,-0.588017490217596,0.0,1.0,0.0,0.0,1.0,0.0,0.0,1.0,0.0,
-1.0060842464234052,-1.1231056491977314,-0.588017490217596,0.0,1.0,0.0,0.0,0.0,0.0,1.0,1.0,0.0,
0.010324712045273772,-0.5593887852587316,1.2210147617716076,0.0,0.0,0.0,1.0,0.0,0.0,1.0,1.0,0.0,
-0.6108140959078078,1.3919388206839596,-0.588017490217596,1.0,0.0,0.0,0.0,0.0,0.0,1.0,1.0,0.0,
-0.6672812602671788,-0.14744184622638573,-0.588017490217596,1.0,0.0,0.0,0.0,0.0,0.0,1.0,1.0,0.0,
0.12325904076401598,-0.5593887852587316,-0.588017490217596,0.0,0.0,0.0,1.0,0.0,1.0,0.0,1.0,0.0,
-0.6672812602671788,0.35123076418119087,-0.588017490217596,1.0,0.0,0.0,0.0,0.0,0.0,1.0,1.0,0.0,
-1.0060842464234052,-1.1664684848853466,0.7028023979205336,0.0,1.0,0.0,0.0,0.0,0.0,1.0,0.0,1.0,
-0.5543469315484367,-0.8629286350720391,0.7687566987743065,0.0,0.0,1.0,0.0,0.0,0.0,1.0,1.0,0.0,
-0.9496170820640342,-0.7328401280091931,-0.588017490217596,1.0,0.0,0.0,0.0,1.0,0.0,0.0,1.0,0.0,
-0.8366827533452921,-1.3832826633234234,-0.588017490217596,0.0,0.0,0.0,1.0,0.0,0.0,1.0,1.0,0.0,
-0.72374842462655,-0.21248609975780877,-0.588017490217596,0.0,0.0,1.0,0.0,0.0,1.0,0.0,1.0,0.0,
-0.10260961667346831,-0.9062914707596545,0.1469018621530179,1.0,0.0,0.0,0.0,0.0,1.0,0.0,1.0,0.0,
0.9137993417952107,1.6737972526534592,-0.588017490217596,0.0,0.0,0.0,1.0,0.0,0.0,1.0,1.0,0.0,
-0.72374842462655,-0.42930027819588557,-0.588017490217596,0.0,0.0,1.0,0.0,0.0,1.0,0.0,1.0,0.0,
-0.6672812602671788,-0.2775303532892318,-0.588017490217596,0.0,1.0,0.0,0.0,0.0,0.0,1.0,1.0,0.0,
-1.0060842464234052,0.8282219567449598,-0.588017490217596,0.0,0.0,0.0,1.0,1.0,0.0,0.0,1.0,0.0,
-0.2720111097515815,-0.6894772923215777,0.994885730272957,0.0,0.0,1.0,0.0,1.0,0.0,0.0,1.0,0.0,
-0.3284782741109526,-0.12576042838257806,0.6556921830249813,0.0,0.0,1.0,0.0,0.0,0.0,1.0,1.0,0.0,
-0.72374842462655,-0.9713357242910775,-0.588017490217596,0.0,0.0,1.0,0.0,0.0,1.0,0.0,1.0,0.0,
-0.10260961667346831,-0.9279728886034622,0.19401207704857007,0.0,0.0,0.0,1.0,1.0,0.0,0.0,1.0,0.0,
-0.893149917704663,-1.2965569919481927,0.21285616300679094,0.0,0.0,0.0,1.0,1.0,0.0,0.0,1.0,0.0,
-0.04614245231409733,0.3295493463373832,-0.588017490217596,1.0,0.0,0.0,0.0,0.0,1.0,0.0,1.0,0.0,
-0.04614245231409733,-0.3425746068206548,-0.588017490217596,0.0,1.0,0.0,0.0,0.0,1.0,0.0,1.0,0.0,
0.40559486256087124,0.28618651064976786,-0.588017490217596,0.0,1.0,0.0,0.0,1.0,0.0,0.0,1.0,0.0,
-1.0060842464234052,-1.3832826633234234,0.2599663779023431,0.0,1.0,0.0,0.0,0.0,0.0,1.0,1.0,0.0,
2.777215765654456,1.5220273277468055,2.992358841844369,0.0,0.0,0.0,1.0,1.0,0.0,0.0,1.0,0.0,
-0.3849454384703236,1.1968060600896904,1.8334475554137857,1.0,0.0,0.0,0.0,1.0,0.0,0.0,1.0,0.0,
-0.893149917704663,-0.017353339163539667,-0.588017490217596,0.0,0.0,0.0,1.0,1.0,0.0,0.0,1.0,0.0,
-0.2720111097515815,-0.6461144566339624,1.1173722890013926,0.0,0.0,1.0,0.0,1.0,0.0,0.0,0.0,1.0,
-1.1190185751421473,-1.3832826633234234,0.1469018621530179,0.0,1.0,0.0,0.0,1.0,0.0,0.0,1.0,0.0,
-0.72374842462655,-0.42930027819588557,0.8158669136698588,0.0,1.0,0.0,0.0,1.0,0.0,0.0,1.0,0.0,
-0.780215588985921,1.6521158348096516,-0.588017490217596,0.0,0.0,1.0,0.0,0.0,1.0,0.0,1.0,0.0,
0.23619336948275793,-0.7545215458530008,-0.588017490217596,1.0,0.0,0.0,0.0,0.0,1.0,0.0,1.0,0.0,
-0.10260961667346831,-0.12576042838257806,-0.588017490217596,0.0,0.0,0.0,1.0,0.0,0.0,1.0,1.0,0.0,
-0.2720111097515815,0.3945935998688062,-0.588017490217596,1.0,0.0,0.0,0.0,0.0,0.0,1.0,1.0,0.0,
-0.893149917704663,-1.2965569919481927,-0.588017490217596,1.0,0.0,0.0,0.0,0.0,0.0,1.0,1.0,0.0,
0.06679187640464487,1.4353016563715748,-0.588017490217596,0.0,1.0,0.0,0.0,1.0,0.0,0.0,1.0,0.0,
-1.0625514107827763,-1.3616012454796158,-0.588017490217596,0.0,1.0,0.0,0.0,0.0,0.0,1.0,0.0,1.0,
0.12325904076401598,-0.45098169603969324,-0.588017490217596,0.0,0.0,1.0,0.0,1.0,0.0,0.0,1.0,0.0,
2.6642814369357137,2.237514116592459,-0.588017490217596,0.0,1.0,0.0,0.0,1.0,0.0,0.0,1.0,0.0,
-0.3849454384703236,-0.6461144566339624,1.3058131485836013,0.0,0.0,0.0,1.0,0.0,1.0,0.0,1.0,0.0,
-0.3849454384703236,0.37291218202499854,2.1161088447870986,0.0,1.0,0.0,0.0,1.0,0.0,0.0,1.0,0.0,
0.6879306843577265,-0.36425602466446255,-0.588017490217596,0.0,1.0,0.0,0.0,1.0,0.0,0.0,1.0,0.0,
-0.04614245231409733,-0.7978843815406161,-0.588017490217596,0.0,0.0,0.0,1.0,0.0,0.0,1.0,1.0,0.0,
-0.04614245231409733,-0.5160259495711162,-0.588017490217596,0.0,0.0,0.0,1.0,0.0,0.0,1.0,1.0,0.0,
-0.9496170820640342,-0.9496543064472699,-0.588017490217596,1.0,0.0,0.0,0.0,1.0,0.0,0.0,1.0,0.0,
0.3886547132530598,0.22114225711834481,-0.588017490217596,1.0,0.0,0.0,0.0,0.0,1.0,0.0,1.0,0.0,
0.4620620269202421,-0.32089318897684715,-0.588017490217596,1.0,0.0,0.0,0.0,0.0,1.0,0.0,1.0,0.0,
-1.0625514107827763,-0.66779587447777,-0.588017490217596,0.0,0.0,1.0,0.0,0.0,1.0,0.0,1.0,0.0,
-0.5543469315484367,-0.7978843815406161,0.8252889566489692,0.0,0.0,1.0,0.0,0.0,1.0,0.0,1.0,0.0,
2.551347108216971,2.5627353842495744,-0.588017490217596,0.0,1.0,0.0,0.0,1.0,0.0,0.0,1.0,0.0,
-0.4414126028296947,-1.144787067041539,-0.588017490217596,1.0,0.0,0.0,0.0,0.0,0.0,1.0,1.0,0.0,
0.17972620512338683,-0.66779587447777,1.1739045468760552,0.0,1.0,0.0,0.0,0.0,0.0,1.0,1.0,0.0,
0.9702665061545818,1.8038857597163054,1.7769152975391231,0.0,1.0,0.0,0.0,0.0,0.0,1.0,1.0,0.0,
-0.780215588985921,1.1968060600896904,2.342237876285749,1.0,0.0,0.0,0.0,1.0,0.0,0.0,1.0,0.0,
-0.6108140959078078,-0.9713357242910775,-0.588017490217596,0.0,0.0,0.0,1.0,0.0,1.0,0.0,1.0,0.0,
-0.72374842462655,-0.2992117711330395,-0.588017490217596,0.0,0.0,1.0,0.0,1.0,0.0,0.0,0.0,1.0,
0.23619336948275793,0.8499033745887675,-0.588017490217596,1.0,0.0,0.0,0.0,0.0,0.0,1.0,1.0,0.0,
-0.04614245231409733,-0.45098169603969324,0.9571975583565152,0.0,0.0,0.0,1.0,0.0,0.0,1.0,1.0,0.0,
-0.4414126028296947,-0.21248609975780877,1.9370900281840004,1.0,0.0,0.0,0.0,1.0,0.0,0.0,1.0,0.0,
-0.9496170820640342,-0.7111587101653853,0.41071906556811005,0.0,1.0,0.0,0.0,1.0,0.0,0.0,1.0,0.0,
3.6806903954043926,2.2808769522800745,4.452775503606486,0.0,0.0,1.0,0.0,0.0,1.0,0.0,1.0,0.0,
-0.2155439453922104,-0.03903475700734734,-0.588017490217596,0.0,0.0,0.0,1.0,0.0,1.0,0.0,1.0,0.0,
-1.1190185751421473,2.259195534436267,2.992358841844369,0.0,1.0,0.0,0.0,1.0,0.0,0.0,1.0,0.0,
-0.893149917704663,0.1127351678993064,-0.588017490217596,0.0,0.0,0.0,1.0,1.0,0.0,0.0,1.0,0.0,
0.5749963556389843,1.695478670497267,-0.588017490217596,0.0,1.0,0.0,0.0,1.0,0.0,0.0,1.0,0.0,
-0.780215588985921,-0.2992117711330395,0.6085819681294292,0.0,1.0,0.0,0.0,0.0,0.0,1.0,1.0,0.0,
0.12325904076401598,-0.4726631138835009,0.48609540940099355,0.0,0.0,0.0,1.0,1.0,0.0,0.0,1.0,0.0,
-0.6672812602671788,0.3078679284935755,-0.588017490217596,0.0,1.0,0.0,0.0,0.0,0.0,1.0,1.0,0.0,
0.8008650130764685,0.8499033745887675,-0.588017490217596,0.0,0.0,0.0,1.0,0.0,1.0,0.0,1.0,0.0,
-0.4978797671890657,-0.45098169603969324,0.9100873434609631,0.0,1.0,0.0,0.0,0.0,1.0,0.0,1.0,0.0,
-0.15907678103283943,0.8282219567449598,-0.588017490217596,1.0,0.0,0.0,0.0,1.0,0.0,0.0,1.0,0.0,
0.29266053384212903,0.13441658574311408,-0.588017490217596,1.0,0.0,0.0,0.0,1.0,0.0,0.0,1.0,0.0,
1.478470985388921,2.1291070273734207,0.24112229194412224,1.0,0.0,0.0,0.0,0.0,1.0,0.0,0.0,1.0,
0.010324712045273772,-0.9062914707596545,-0.588017490217596,1.0,0.0,0.0,0.0,0.0,1.0,0.0,1.0,0.0,
0.5185291912796132,0.09105375005549873,2.3045497043693075,1.0,0.0,0.0,0.0,1.0,0.0,0.0,1.0,0.0,
0.6314635199983554,0.37291218202499854,1.0891061600640612,0.0,1.0,0.0,0.0,1.0,0.0,0.0,1.0,0.0,
-0.15907678103283943,-0.9713357242910775,-0.588017490217596,0.0,1.0,0.0,0.0,0.0,1.0,0.0,1.0,0.0,
-0.9496170820640342,1.283531731464921,-0.588017490217596,0.0,1.0,0.0,0.0,1.0,0.0,0.0,1.0,0.0,
-0.9496170820640342,0.17777942143072945,-0.588017490217596,1.0,0.0,0.0,0.0,1.0,0.0,0.0,1.0,0.0,
1.5349381497482923,1.1968060600896904,1.49425400816581,0.0,1.0,0.0,0.0,0.0,0.0,1.0,1.0,0.0,
1.5914053141076634,0.5246821069316523,1.8146034694555648,1.0,0.0,0.0,0.0,0.0,0.0,1.0,1.0,0.0,
1.8172739715451478,2.107425609529613,-0.588017490217596,1.0,0.0,0.0,0.0,0.0,1.0,0.0,1.0,0.0,
-0.2720111097515815,-0.6461144566339624,-0.588017490217596,0.0,0.0,0.0,1.0,0.0,0.0,1.0,1.0,0.0,
0.34912769820150014,-0.2992117711330395,-0.588017490217596,0.0,0.0,0.0,1.0,1.0,0.0,0.0,1.0,0.0,
-0.5543469315484367,-1.3399198276358082,0.20343412002768052,0.0,0.0,0.0,1.0,1.0,0.0,0.0,1.0,0.0,
0.8008650130764685,2.3459212058114973,-0.588017490217596,0.0,1.0,0.0,0.0,0.0,0.0,1.0,1.0,0.0,
0.5749963556389843,0.15609800358692177,-0.588017490217596,0.0,0.0,1.0,0.0,0.0,1.0,0.0,1.0,0.0,
-0.780215588985921,-0.7762029636968084,-0.588017490217596,0.0,0.0,0.0,1.0,0.0,1.0,0.0,1.0,0.0,
-0.6672812602671788,-0.0823975926949627,0.6085819681294292,1.0,0.0,0.0,0.0,0.0,0.0,1.0,1.0,0.0,
-0.6108140959078078,-0.6461144566339624,0.3636088506725579,0.0,0.0,1.0,0.0,1.0,0.0,0.0,1.0,0.0,
-0.3284782741109526,0.5897263604630754,-0.588017490217596,0.0,1.0,0.0,0.0,1.0,0.0,0.0,1.0,0.0,
1.0267336705139527,1.2618503136211134,-0.588017490217596,1.0,0.0,0.0,0.0,1.0,0.0,0.0,1.0,0.0,
-0.4978797671890657,-0.7545215458530008,-0.588017490217596,1.0,0.0,0.0,0.0,0.0,0.0,1.0,1.0,0.0,
-0.5543469315484367,2.1291070273734207,-0.588017490217596,1.0,0.0,0.0,0.0,1.0,0.0,0.0,1.0,0.0,
1.8737411359045186,0.7848591210573445,-0.588017490217596,0.0,1.0,0.0,0.0,0.0,1.0,0.0,1.0,0.0,
-0.8366827533452921,-0.9496543064472699,-0.588017490217596,1.0,0.0,0.0,0.0,0.0,0.0,1.0,1.0,0.0,
0.23619336948275793,0.5246821069316523,-0.588017490217596,0.0,1.0,0.0,0.0,0.0,1.0,0.0,1.0,0.0,
-0.2720111097515815,-0.7328401280091931,-0.588017490217596,1.0,0.0,0.0,0.0,0.0,1.0,0.0,0.0,1.0,
0.8008650130764685,1.218487477933498,-0.588017490217596,1.0,0.0,0.0,0.0,1.0,0.0,0.0,1.0,0.0,
1.93020830026389,1.630434416965844,-0.588017490217596,0.0,0.0,0.0,1.0,1.0,0.0,0.0,0.0,1.0,
3.285420244888795,1.3919388206839596,-0.588017490217596,0.0,1.0,0.0,0.0,1.0,0.0,0.0,1.0,0.0,
-0.04614245231409733,-0.7978843815406161,-0.588017490217596,1.0,0.0,0.0,0.0,0.0,0.0,1.0,1.0,0.0,
-0.3284782741109526,-1.209831320572962,0.5426276672756561,0.0,1.0,0.0,0.0,0.0,1.0,0.0,1.0,0.0,
-0.2720111097515815,1.1751246422458828,-0.588017490217596,1.0,0.0,0.0,0.0,1.0,0.0,0.0,1.0,0.0,
-0.6672812602671788,-0.7545215458530008,-0.588017490217596,0.0,0.0,0.0,1.0,1.0,0.0,0.0,1.0,0.0,
0.010324712045273772,-0.5160259495711162,0.6368480970667605,0.0,0.0,1.0,0.0,1.0,0.0,0.0,1.0,0.0,
0.34912769820150014,1.1968060600896904,-0.588017490217596,0.0,1.0,0.0,0.0,0.0,0.0,1.0,1.0,0.0,
-0.3849454384703236,-0.7978843815406161,-0.588017490217596,0.0,0.0,0.0,1.0,1.0,0.0,0.0,1.0,0.0,
-0.72374842462655,-1.144787067041539,-0.588017490217596,0.0,0.0,0.0,1.0,0.0,1.0,0.0,1.0,0.0,
1.2526023279514371,0.9799918816516136,0.12805777619479702,0.0,1.0,0.0,0.0,0.0,0.0,1.0,1.0,0.0,
1.139667999232695,1.4136202385277672,-0.588017490217596,1.0,0.0,0.0,0.0,1.0,0.0,0.0,1.0,0.0,
-0.4978797671890657,-0.7978843815406161,-0.588017490217596,1.0,0.0,0.0,0.0,0.0,0.0,1.0,1.0,0.0,
-0.5543469315484367,-0.5160259495711162,-0.588017490217596,0.0,0.0,1.0,0.0,0.0,1.0,0.0,1.0,0.0,
-0.15907678103283943,0.1127351678993064,-0.588017490217596,0.0,1.0,0.0,0.0,0.0,0.0,1.0,1.0,0.0,
-0.10260961667346831,-0.42930027819588557,-0.588017490217596,1.0,0.0,0.0,0.0,0.0,0.0,1.0,1.0,0.0,
-0.04614245231409733,0.3078679284935755,-0.588017490217596,1.0,0.0,0.0,0.0,0.0,1.0,0.0,1.0,0.0,
0.34912769820150014,-0.6461144566339624,-0.588017490217596,0.0,0.0,0.0,1.0,1.0,0.0,0.0,1.0,0.0,
-0.5543469315484367,-1.1881499027291544,-0.588017490217596,1.0,0.0,0.0,0.0,1.0,0.0,0.0,1.0,0.0,
-0.780215588985921,-0.6461144566339624,0.6462701400458709,0.0,0.0,1.0,0.0,0.0,1.0,0.0,1.0,0.0,
-0.10260961667346831,0.13441658574311408,-0.588017490217596,0.0,1.0,0.0,0.0,0.0,1.0,0.0,1.0,0.0,
-0.5543469315484367,-0.9496543064472699,-0.588017490217596,1.0,0.0,0.0,0.0,0.0,0.0,1.0,1.0,0.0,
-0.10260961667346831,0.8065405389011522,-0.588017490217596,0.0,0.0,1.0,0.0,0.0,1.0,0.0,0.0,1.0,
0.010324712045273772,-0.7762029636968084,-0.588017490217596,0.0,0.0,1.0,0.0,0.0,0.0,1.0,0.0,1.0,
0.5749963556389843,1.0450361351830366,-0.588017490217596,0.0,1.0,0.0,0.0,0.0,0.0,1.0,1.0,0.0,
1.5914053141076634,1.3052131493087287,-0.588017490217596,0.0,0.0,1.0,0.0,0.0,1.0,0.0,0.0,1.0,
0.29266053384212903,-0.21248609975780877,-0.588017490217596,0.0,0.0,1.0,0.0,1.0,0.0,0.0,1.0,0.0,
0.34912769820150014,-0.5810702031025393,1.0043077732520673,0.0,0.0,1.0,0.0,0.0,0.0,1.0,1.0,0.0,
-0.6672812602671788,-0.9713357242910775,0.22227820598590137,0.0,1.0,0.0,0.0,0.0,0.0,1.0,1.0,0.0,
-0.780215588985921,-0.9713357242910775,-0.588017490217596,1.0,0.0,0.0,0.0,0.0,0.0,1.0,1.0,0.0,
-0.3849454384703236,-0.7545215458530008,-0.588017490217596,1.0,0.0,0.0,0.0,0.0,1.0,0.0,1.0,0.0,
-0.2155439453922104,-0.32089318897684715,-0.588017490217596,0.0,0.0,0.0,1.0,0.0,1.0,0.0,1.0,0.0,
-0.9496170820640342,-1.4483269168548465,0.32592067875611613,1.0,0.0,0.0,0.0,1.0,0.0,0.0,1.0,0.0,
-0.15907678103283943,-0.9062914707596545,-0.588017490217596,0.0,0.0,1.0,0.0,0.0,1.0,0.0,1.0,0.0,
-0.72374842462655,0.19946083927453712,-0.588017490217596,0.0,0.0,0.0,1.0,0.0,0.0,1.0,1.0,0.0,
-0.8366827533452921,0.35123076418119087,-0.588017490217596,0.0,0.0,1.0,0.0,0.0,0.0,1.0,1.0,0.0,
-1.1190185751421473,-0.66779587447777,-0.588017490217596,0.0,0.0,0.0,1.0,0.0,1.0,0.0,1.0,0.0,
0.4620620269202421,-0.6894772923215777,-0.588017490217596,0.0,0.0,1.0,0.0,1.0,0.0,0.0,1.0,0.0,
0.23619336948275793,-0.7111587101653853,-0.588017490217596,0.0,0.0,1.0,0.0,0.0,1.0,0.0,1.0,0.0,
0.6314635199983554,1.0016732994954212,3.256176045259461,0.0,1.0,0.0,0.0,1.0,0.0,0.0,1.0,0.0,
-0.3849454384703236,-0.6461144566339624,-0.588017490217596,0.0,0.0,0.0,1.0,0.0,1.0,0.0,1.0,0.0,
-0.10260961667346831,-0.5810702031025393,1.0043077732520673,1.0,0.0,0.0,0.0,1.0,0.0,0.0,1.0,0.0,
0.5185291912796132,1.4786644920591903,-0.588017490217596,0.0,0.0,1.0,0.0,0.0,0.0,1.0,1.0,0.0,
0.34912769820150014,-0.42930027819588557,0.47667336642188307,0.0,0.0,1.0,0.0,0.0,0.0,1.0,1.0,0.0,
0.8573321774358396,1.5220273277468055,-0.588017490217596,1.0,0.0,0.0,0.0,1.0,0.0,0.0,1.0,0.0,
-1.0060842464234052,0.004328078680268014,0.3730308936516683,0.0,0.0,0.0,1.0,0.0,0.0,1.0,1.0,0.0,
-0.72374842462655,-1.079742813510116,-0.588017490217596,0.0,0.0,0.0,1.0,0.0,0.0,1.0,1.0,0.0,
-0.5543469315484367,-1.3616012454796158,0.2505443349232327,0.0,0.0,0.0,1.0,1.0,0.0,0.0,1.0,0.0,
-0.4978797671890657,-0.5160259495711162,0.6462701400458709,0.0,1.0,0.0,0.0,0.0,1.0,0.0,1.0,0.0,
-1.0060842464234052,-0.6894772923215777,-0.588017490217596,0.0,0.0,0.0,1.0,0.0,1.0,0.0,1.0,0.0,
-0.4978797671890657,0.22114225711834481,-0.588017490217596,0.0,0.0,0.0,1.0,0.0,1.0,0.0,1.0,0.0,
0.3886547132530598,-0.2775303532892318,1.6732728247689084,0.0,0.0,1.0,0.0,1.0,0.0,0.0,1.0,0.0,
0.4620620269202421,0.41627501771261394,2.5495228218261787,1.0,0.0,0.0,0.0,0.0,1.0,0.0,1.0,0.0,
1.1961351635920658,1.8689300132477284,4.207802386149615,1.0,0.0,0.0,0.0,1.0,0.0,0.0,1.0,0.0,
-0.4978797671890657,2.172469863061036,-0.588017490217596,0.0,1.0,0.0,0.0,0.0,0.0,1.0,1.0,0.0,
-0.72374842462655,0.004328078680268014,-0.588017490217596,1.0,0.0,0.0,0.0,0.0,0.0,1.0,1.0,0.0,
-0.6108140959078078,-0.42930027819588557,-0.588017490217596,0.0,0.0,1.0,0.0,0.0,0.0,1.0,1.0,0.0,
-0.5543469315484367,-0.7978843815406161,-0.588017490217596,0.0,0.0,1.0,0.0,0.0,1.0,0.0,1.0,0.0,
2.777215765654456,1.4353016563715748,1.861713684351117,0.0,0.0,1.0,0.0,0.0,1.0,0.0,1.0,0.0,
-0.9496170820640342,-1.1231056491977314,-0.588017490217596,1.0,0.0,0.0,0.0,1.0,0.0,0.0,1.0,0.0,
-0.9496170820640342,-1.4266454990110389,-0.588017490217596,0.0,1.0,0.0,0.0,0.0,1.0,0.0,1.0,0.0,
-1.0625514107827763,-1.2965569919481927,0.26938842088145354,0.0,0.0,1.0,0.0,0.0,0.0,1.0,1.0,0.0,
-1.0060842464234052,-0.7762029636968084,-0.588017490217596,1.0,0.0,0.0,0.0,1.0,0.0,0.0,1.0,0.0,
0.010324712045273772,-0.2992117711330395,-0.588017490217596,0.0,0.0,1.0,0.0,1.0,0.0,0.0,1.0,0.0,
2.099609793342003,0.9366290459639982,-0.588017490217596,1.0,0.0,0.0,0.0,1.0,0.0,0.0,0.0,1.0,
-0.8366827533452921,-1.209831320572962,0.2505443349232327,0.0,0.0,1.0,0.0,1.0,0.0,0.0,1.0,0.0,
-0.10260961667346831,0.3945935998688062,-0.588017490217596,0.0,0.0,0.0,1.0,0.0,0.0,1.0,1.0,0.0,
0.29266053384212903,-0.7328401280091931,-0.588017490217596,0.0,0.0,1.0,0.0,0.0,1.0,0.0,1.0,0.0,
2.438412779498229,1.4136202385277672,2.992358841844369,0.0,1.0,0.0,0.0,1.0,0.0,0.0,1.0,0.0,
0.06679187640464487,-0.32089318897684715,1.4565658362493683,0.0,0.0,0.0,1.0,0.0,0.0,1.0,1.0,0.0,
-0.6108140959078078,1.153443224402075,-0.588017490217596,1.0,0.0,0.0,0.0,1.0,0.0,0.0,1.0,0.0,
-0.8366827533452921,-0.8629286350720391,-0.588017490217596,1.0,0.0,0.0,0.0,0.0,0.0,1.0,1.0,0.0,
-0.04614245231409733,0.3078679284935755,-0.588017490217596,0.0,0.0,0.0,1.0,0.0,1.0,0.0,1.0,0.0,
-0.6672812602671788,-1.0146985599786928,-0.588017490217596,0.0,0.0,0.0,1.0,1.0,0.0,0.0,1.0,0.0,
-0.893149917704663,-1.3182384097920004,-0.588017490217596,1.0,0.0,0.0,0.0,0.0,0.0,1.0,1.0,0.0,
-0.5543469315484367,0.611407778306883,1.107950246022282,0.0,0.0,1.0,0.0,1.0,0.0,0.0,1.0,0.0,
-0.04614245231409733,-0.7111587101653853,-0.588017490217596,1.0,0.0,0.0,0.0,0.0,1.0,0.0,1.0,0.0,
2.7207486012950843,1.5003459099029979,-0.588017490217596,0.0,1.0,0.0,0.0,1.0,0.0,0.0,1.0,0.0,
-1.0060842464234052,-1.079742813510116,-0.588017490217596,0.0,0.0,1.0,0.0,0.0,1.0,0.0,1.0,0.0,
-0.6108140959078078,-1.1231056491977314,-0.588017490217596,0.0,1.0,0.0,0.0,0.0,0.0,1.0,1.0,0.0,
-0.2720111097515815,-0.7978843815406161,0.5049394953592143,1.0,0.0,0.0,0.0,0.0,1.0,0.0,1.0,0.0,
-0.15907678103283943,0.004328078680268014,-0.588017490217596,0.0,1.0,0.0,0.0,0.0,0.0,1.0,1.0,0.0,
2.269011286420116,2.085744191685805,-0.588017490217596,0.0,0.0,1.0,0.0,0.0,1.0,0.0,1.0,0.0,
-0.5543469315484367,-0.9930171421348852,0.8064448706907483,0.0,0.0,1.0,0.0,0.0,0.0,1.0,1.0,0.0,
1.0832008348733237,1.283531731464921,0.5520497102547666,0.0,0.0,1.0,0.0,0.0,0.0,1.0,1.0,0.0,
0.1966663544311983,-0.537707367414924,1.296391105604491,0.0,0.0,1.0,0.0,1.0,0.0,0.0,1.0,0.0,
-0.72374842462655,-0.7111587101653853,0.3636088506725579,0.0,1.0,0.0,0.0,1.0,0.0,0.0,1.0,0.0,
-0.2155439453922104,-0.2992117711330395,-0.588017490217596,0.0,0.0,0.0,1.0,0.0,1.0,0.0,1.0,0.0,
1.5349381497482923,0.28618651064976786,-0.588017490217596,1.0,0.0,0.0,0.0,1.0,0.0,0.0,1.0,0.0,
0.17972620512338683,-0.2992117711330395,1.3435013205000432,0.0,0.0,1.0,0.0,1.0,0.0,0.0,1.0,0.0,
2.269011286420116,1.1751246422458828,-0.588017490217596,0.0,1.0,0.0,0.0,1.0,0.0,0.0,1.0,0.0,
-0.6672812602671788,0.28618651064976786,1.6544287388106875,0.0,0.0,1.0,0.0,1.0,0.0,0.0,1.0,0.0,
-0.72374842462655,-1.3399198276358082,-0.588017490217596,0.0,1.0,0.0,0.0,0.0,0.0,1.0,1.0,0.0,
-1.1190185751421473,0.8065405389011522,-0.588017490217596,1.0,0.0,0.0,0.0,1.0,0.0,0.0,1.0,0.0,
-1.0625514107827763,0.22114225711834481,-0.588017490217596,1.0,0.0,0.0,0.0,0.0,0.0,1.0,1.0,0.0,
-1.0060842464234052,-1.1664684848853466,-0.588017490217596,0.0,0.0,1.0,0.0,0.0,1.0,0.0,1.0,0.0,
-0.4414126028296947,-1.0146985599786928,-0.588017490217596,1.0,0.0,0.0,0.0,0.0,0.0,1.0,1.0,0.0,
-0.6108140959078078,-0.66779587447777,0.2505443349232327,0.0,0.0,1.0,0.0,1.0,0.0,0.0,1.0,0.0,
-0.72374842462655,-0.5810702031025393,-0.588017490217596,0.0,0.0,1.0,0.0,0.0,1.0,0.0,1.0,0.0,
0.23619336948275793,0.06937233221169105,0.5237835813174353,0.0,0.0,0.0,1.0,1.0,0.0,0.0,1.0,0.0,
-0.2720111097515815,-1.0146985599786928,-0.588017490217596,0.0,0.0,1.0,0.0,1.0,0.0,0.0,1.0,0.0,
3.850091888482506,1.7171600883410747,-0.588017490217596,0.0,1.0,0.0,0.0,1.0,0.0,0.0,1.0,0.0,
-0.893149917704663,1.0016732994954212,-0.588017490217596,0.0,1.0,0.0,0.0,1.0,0.0,0.0,1.0,0.0,
-0.5543469315484367,0.8282219567449598,1.4000335783747058,1.0,0.0,0.0,0.0,0.0,0.0,1.0,1.0,0.0,
-0.780215588985921,-0.66779587447777,-0.588017490217596,0.0,0.0,0.0,1.0,0.0,1.0,0.0,0.0,1.0,
2.269011286420116,2.3242397879676897,-0.588017490217596,0.0,0.0,0.0,1.0,0.0,0.0,1.0,1.0,0.0,
0.5185291912796132,1.1968060600896904,-0.588017490217596,0.0,0.0,1.0,0.0,0.0,1.0,0.0,1.0,0.0,
-0.6108140959078078,-1.3399198276358082,0.12805777619479702,0.0,0.0,0.0,1.0,0.0,1.0,0.0,0.0,1.0,
-0.893149917704663,-1.3182384097920004,0.29765454981878486,0.0,0.0,0.0,1.0,1.0,0.0,0.0,1.0,0.0,
-0.6672812602671788,2.3242397879676897,0.29765454981878486,0.0,0.0,0.0,1.0,0.0,0.0,1.0,1.0,0.0,
0.1966663544311983,-0.03903475700734734,-0.588017490217596,0.0,0.0,1.0,0.0,1.0,0.0,0.0,0.0,1.0,
0.4620620269202421,-0.32089318897684715,-0.588017490217596,0.0,1.0,0.0,0.0,1.0,0.0,0.0,1.0,0.0,
0.06679187640464487,-0.49434453172730863,1.49425400816581,0.0,1.0,0.0,0.0,0.0,0.0,1.0,1.0,0.0,
0.12325904076401598,-0.7545215458530008,-0.588017490217596,0.0,0.0,1.0,0.0,0.0,0.0,1.0,1.0,0.0,
0.010324712045273772,-0.12576042838257806,-0.588017490217596,0.0,0.0,1.0,0.0,0.0,1.0,0.0,1.0,0.0,
-0.893149917704663,1.7388415061848823,0.4201411085472205,0.0,1.0,0.0,0.0,1.0,0.0,0.0,1.0,0.0,
0.40559486256087124,1.4136202385277672,-0.588017490217596,0.0,1.0,0.0,0.0,1.0,0.0,0.0,1.0,0.0,
0.23619336948275793,-0.6894772923215777,1.0702620741058404,0.0,0.0,1.0,0.0,0.0,1.0,0.0,1.0,0.0,
0.010324712045273772,1.0016732994954212,2.624899165659062,0.0,1.0,0.0,0.0,1.0,0.0,0.0,1.0,0.0,
-0.3849454384703236,-0.7111587101653853,0.8535550855863004,0.0,0.0,0.0,1.0,0.0,0.0,1.0,1.0,0.0,
-1.0625514107827763,0.3078679284935755,2.163219059682651,0.0,0.0,1.0,0.0,1.0,0.0,0.0,1.0,0.0,
-0.893149917704663,-1.209831320572962,-0.588017490217596,0.0,0.0,0.0,1.0,0.0,1.0,0.0,1.0,0.0,
-0.6672812602671788,1.5220273277468055,0.20343412002768052,1.0,0.0,0.0,0.0,1.0,0.0,0.0,1.0,0.0,
0.23619336948275793,0.15609800358692177,-0.588017490217596,0.0,1.0,0.0,0.0,0.0,1.0,0.0,1.0,0.0,
-0.3849454384703236,-0.66779587447777,-0.588017490217596,0.0,0.0,0.0,1.0,0.0,0.0,1.0,1.0,0.0,
-0.780215588985921,-0.7545215458530008,-0.588017490217596,0.0,1.0,0.0,0.0,0.0,0.0,1.0,1.0,0.0,
-0.10260961667346831,0.5246821069316523,-0.588017490217596,0.0,1.0,0.0,0.0,0.0,1.0,0.0,1.0,0.0,
-0.6108140959078078,-0.8629286350720391,0.693380354941423,0.0,0.0,1.0,0.0,0.0,0.0,1.0,1.0,0.0,
-0.5543469315484367,-0.7978843815406161,0.8629771285654109,0.0,0.0,0.0,1.0,0.0,0.0,1.0,1.0,0.0,
0.5185291912796132,0.7631777032135367,-0.588017490217596,1.0,0.0,0.0,0.0,0.0,0.0,1.0,1.0,0.0,
-0.3284782741109526,0.3078679284935755,-0.588017490217596,0.0,0.0,0.0,1.0,0.0,1.0,0.0,1.0,0.0,
-0.9496170820640342,-0.5810702031025393,-0.588017490217596,1.0,0.0,0.0,0.0,1.0,0.0,0.0,1.0,0.0,
-0.6672812602671788,-0.12576042838257806,-0.588017490217596,1.0,0.0,0.0,0.0,0.0,1.0,0.0,1.0,0.0,
-0.3849454384703236,-0.7111587101653853,-0.588017490217596,0.0,0.0,0.0,1.0,0.0,0.0,1.0,1.0,0.0,
-0.15907678103283943,0.54636352477546,-0.588017490217596,0.0,0.0,0.0,1.0,0.0,0.0,1.0,1.0,0.0,
-0.3284782741109526,1.4569830742153824,-0.588017490217596,1.0,0.0,0.0,0.0,0.0,1.0,0.0,1.0,0.0,
-0.9496170820640342,-1.2315127384167697,0.5803158391920978,0.0,1.0,0.0,0.0,1.0,0.0,0.0,1.0,0.0,
3.454821737966908,2.259195534436267,-0.588017490217596,1.0,0.0,0.0,0.0,1.0,0.0,0.0,1.0,0.0,
-1.0625514107827763,-1.2315127384167697,0.4484072374845518,0.0,0.0,1.0,0.0,0.0,1.0,0.0,1.0,0.0,
-0.2720111097515815,0.004328078680268014,-0.588017490217596,1.0,0.0,0.0,0.0,0.0,0.0,1.0,1.0,0.0,
0.29266053384212903,-0.7111587101653853,-0.588017490217596,0.0,0.0,1.0,0.0,0.0,1.0,0.0,1.0,0.0,
0.5749963556389843,0.9366290459639982,-0.588017490217596,0.0,0.0,0.0,1.0,0.0,0.0,1.0,1.0,0.0,
-0.2155439453922104,-0.42930027819588557,1.5507862660404728,1.0,0.0,0.0,0.0,0.0,1.0,0.0,1.0,0.0,
-1.0060842464234052,-0.7762029636968084,0.495517452380104,0.0,0.0,0.0,1.0,1.0,0.0,0.0,1.0,0.0,
-0.72374842462655,-1.1881499027291544,-0.588017490217596,0.0,0.0,0.0,1.0,0.0,1.0,0.0,1.0,0.0,
-0.2155439453922104,0.1127351678993064,-0.588017490217596,0.0,1.0,0.0,0.0,0.0,0.0,1.0,1.0,0.0,
-0.04614245231409733,-0.017353339163539667,-0.588017490217596,0.0,0.0,0.0,1.0,1.0,0.0,0.0,1.0,0.0,
0.9137993417952107,0.09105375005549873,1.409455621353816,0.0,0.0,0.0,1.0,0.0,0.0,1.0,1.0,0.0,
-0.893149917704663,-1.2965569919481927,-0.588017490217596,0.0,1.0,0.0,0.0,1.0,0.0,0.0,1.0,0.0,
-0.8366827533452921,1.088398970870652,-0.588017490217596,0.0,0.0,0.0,1.0,0.0,0.0,1.0,0.0,1.0,
-0.15907678103283943,2.2808769522800745,-0.588017490217596,1.0,0.0,0.0,0.0,1.0,0.0,0.0,1.0,0.0,
-0.893149917704663,-1.3182384097920004,0.22227820598590137,0.0,0.0,0.0,1.0,0.0,1.0,0.0,1.0,0.0,
0.06679187640464487,-0.21248609975780877,-0.588017490217596,0.0,0.0,1.0,0.0,0.0,0.0,1.0,1.0,0.0,
-0.6672812602671788,-0.7762029636968084,-0.588017490217596,0.0,1.0,0.0,0.0,0.0,0.0,1.0,1.0,0.0,
-0.893149917704663,1.8038857597163054,-0.588017490217596,0.0,0.0,1.0,0.0,0.0,1.0,0.0,0.0,1.0,
0.06679187640464487,1.8038857597163054,-0.588017490217596,0.0,1.0,0.0,0.0,1.0,0.0,0.0,1.0,0.0,
0.34912769820150014,-0.4726631138835009,-0.588017490217596,0.0,0.0,1.0,0.0,0.0,1.0,0.0,1.0,0.0,
-0.15907678103283943,-0.42930027819588557,-0.588017490217596,0.0,0.0,1.0,0.0,1.0,0.0,0.0,1.0,0.0,
0.17972620512338683,-0.017353339163539667,-0.588017490217596,0.0,0.0,0.0,1.0,0.0,0.0,1.0,1.0,0.0,
0.34912769820150014,-0.2992117711330395,1.6638507817897978,0.0,0.0,0.0,1.0,1.0,0.0,0.0,1.0,0.0,
-0.893149917704663,-1.2965569919481927,0.18459003406945965,1.0,0.0,0.0,0.0,0.0,1.0,0.0,0.0,1.0,
-0.9496170820640342,-0.9496543064472699,-0.588017490217596,1.0,0.0,0.0,0.0,0.0,0.0,1.0,1.0,0.0,
-1.0060842464234052,0.17777942143072945,-0.588017490217596,0.0,1.0,0.0,0.0,1.0,0.0,0.0,1.0,0.0,
-0.10260961667346831,0.4379564355564216,-0.588017490217596,0.0,1.0,0.0,0.0,0.0,1.0,0.0,1.0,0.0,
-0.893149917704663,-1.209831320572962,0.5237835813174353,0.0,1.0,0.0,0.0,1.0,0.0,0.0,1.0,0.0,
3.850091888482506,2.584416802093382,3.44461690484167,0.0,1.0,0.0,0.0,1.0,0.0,0.0,1.0,0.0,
-0.893149917704663,-1.144787067041539,-0.588017490217596,1.0,0.0,0.0,0.0,0.0,1.0,0.0,1.0,0.0,
0.06679187640464487,0.5897263604630754,0.7216464838787544,0.0,0.0,0.0,1.0,0.0,0.0,1.0,1.0,0.0,
-0.6672812602671788,-1.1014242313539235,-0.588017490217596,0.0,1.0,0.0,0.0,0.0,0.0,1.0,1.0,0.0,
0.5185291912796132,-0.0823975926949627,1.4659878792284788,0.0,0.0,0.0,1.0,1.0,0.0,0.0,0.0,1.0,
-0.10260961667346831,0.09105375005549873,-0.588017490217596,1.0,0.0,0.0,0.0,0.0,0.0,1.0,1.0,0.0,
-0.15907678103283943,-0.7328401280091931,-0.588017490217596,0.0,1.0,0.0,0.0,1.0,0.0,0.0,1.0,0.0,
0.29266053384212903,1.5003459099029979,-0.588017490217596,1.0,0.0,0.0,0.0,1.0,0.0,0.0,0.0,1.0,
1.5349381497482923,0.5897263604630754,0.1751679910903492,0.0,0.0,0.0,1.0,0.0,1.0,0.0,1.0,0.0,
1.1961351635920658,1.1751246422458828,-0.588017490217596,0.0,0.0,1.0,0.0,0.0,0.0,1.0,0.0,1.0,
-0.5543469315484367,-0.7545215458530008,-0.588017490217596,0.0,0.0,0.0,1.0,0.0,0.0,1.0,1.0,0.0,
-0.72374842462655,-1.0146985599786928,-0.588017490217596,0.0,0.0,1.0,0.0,0.0,1.0,0.0,1.0,0.0,
-0.10260961667346831,-0.017353339163539667,0.46725132344277265,0.0,0.0,0.0,1.0,0.0,1.0,0.0,1.0,0.0,
-0.72374842462655,-0.6461144566339624,-0.588017490217596,0.0,1.0,0.0,0.0,1.0,0.0,0.0,1.0,0.0,
0.34912769820150014,-0.21248609975780877,-0.588017490217596,0.0,0.0,1.0,0.0,0.0,0.0,1.0,1.0,0.0,
-1.1190185751421473,-0.537707367414924,0.9760416443147361,1.0,0.0,0.0,0.0,0.0,1.0,0.0,1.0,0.0,
-1.0625514107827763,0.17777942143072945,-0.588017490217596,0.0,0.0,0.0,1.0,0.0,1.0,0.0,1.0,0.0,
0.8008650130764685,0.611407778306883,-0.588017490217596,0.0,0.0,0.0,1.0,1.0,0.0,0.0,1.0,0.0,
-0.9496170820640342,-0.9062914707596545,-0.588017490217596,0.0,1.0,0.0,0.0,1.0,0.0,0.0,1.0,0.0,
0.12325904076401598,-0.5810702031025393,-0.588017490217596,0.0,0.0,0.0,1.0,0.0,1.0,0.0,1.0,0.0,
0.06679187640464487,-0.23416751760161647,-0.588017490217596,0.0,0.0,0.0,1.0,0.0,0.0,1.0,1.0,0.0,
-0.4978797671890657,0.06937233221169105,-0.588017490217596,0.0,0.0,1.0,0.0,1.0,0.0,0.0,1.0,0.0,
-0.9496170820640342,-1.2315127384167697,-0.588017490217596,0.0,1.0,0.0,0.0,0.0,1.0,0.0,1.0,0.0,
-0.2720111097515815,0.17777942143072945,1.2869690626253805,0.0,1.0,0.0,0.0,0.0,0.0,1.0,1.0,0.0,
-0.04614245231409733,-0.9279728886034622,-0.588017490217596,1.0,0.0,0.0,0.0,0.0,0.0,1.0,1.0,0.0,
1.3260096416186196,1.5220273277468055,2.0218884149959946,0.0,1.0,0.0,0.0,1.0,0.0,0.0,1.0,0.0,
0.010324712045273772,-0.7978843815406161,-0.588017490217596,0.0,0.0,1.0,0.0,0.0,0.0,1.0,1.0,0.0,
-1.0625514107827763,0.3295493463373832,-0.588017490217596,1.0,0.0,0.0,0.0,0.0,1.0,0.0,1.0,0.0,
-0.4978797671890657,-0.45098169603969324,-0.588017490217596,0.0,0.0,1.0,0.0,0.0,1.0,0.0,1.0,0.0,
-0.5543469315484367,0.17777942143072945,-0.588017490217596,0.0,0.0,0.0,1.0,0.0,1.0,0.0,1.0,0.0,
-0.2720111097515815,-0.4726631138835009,-0.588017490217596,1.0,0.0,0.0,0.0,0.0,1.0,0.0,1.0,0.0,
0.29266053384212903,0.22114225711834481,2.1726411026617614,0.0,1.0,0.0,0.0,1.0,0.0,0.0,0.0,1.0,
3.059551587451311,1.1751246422458828,-0.588017490217596,1.0,0.0,0.0,0.0,1.0,0.0,0.0,1.0,0.0,
-0.3849454384703236,-0.2775303532892318,1.49425400816581,1.0,0.0,0.0,0.0,0.0,1.0,0.0,1.0,0.0,
0.40559486256087124,-0.0823975926949627,0.29765454981878486,0.0,1.0,0.0,0.0,1.0,0.0,0.0,1.0,0.0,
-0.893149917704663,-1.209831320572962,0.38245293663077873,0.0,0.0,0.0,1.0,0.0,1.0,0.0,1.0,0.0,
-1.0625514107827763,-0.7545215458530008,-0.588017490217596,0.0,0.0,1.0,0.0,0.0,0.0,1.0,1.0,0.0,
3.850091888482506,2.779549562687651,-0.588017490217596,0.0,1.0,0.0,0.0,1.0,0.0,0.0,1.0,0.0,
-0.4414126028296947,0.22114225711834481,-0.588017490217596,0.0,0.0,1.0,0.0,0.0,0.0,1.0,1.0,0.0,
-0.9496170820640342,-0.2775303532892318,-0.588017490217596,0.0,0.0,1.0,0.0,0.0,0.0,1.0,1.0,0.0,
-1.0625514107827763,-1.3182384097920004,-0.588017490217596,1.0,0.0,0.0,0.0,1.0,0.0,0.0,1.0,0.0,
-1.0625514107827763,-0.9930171421348852,-0.588017490217596,0.0,0.0,1.0,0.0,0.0,1.0,0.0,1.0,0.0,
-0.15907678103283943,-0.21248609975780877,0.4389851945054414,0.0,0.0,1.0,0.0,1.0,0.0,0.0,1.0,0.0,
0.4620620269202421,-0.5160259495711162,-0.588017490217596,0.0,1.0,0.0,0.0,1.0,0.0,0.0,1.0,0.0,
-0.15907678103283943,-0.9713357242910775,0.9383534723982944,0.0,0.0,1.0,0.0,0.0,1.0,0.0,1.0,0.0,
0.5185291912796132,0.5680449426192676,1.0137298162311779,1.0,0.0,0.0,0.0,0.0,0.0,1.0,1.0,0.0,
0.7443978487170974,0.8282219567449598,-0.588017490217596,0.0,1.0,0.0,0.0,1.0,0.0,0.0,1.0,0.0,
0.010324712045273772,0.19946083927453712,-0.588017490217596,1.0,0.0,0.0,0.0,1.0,0.0,0.0,1.0,0.0,
-1.0060842464234052,0.8282219567449598,-0.588017490217596,0.0,1.0,0.0,0.0,1.0,0.0,0.0,1.0,0.0,
0.29266053384212903,-0.45098169603969324,-0.588017490217596,1.0,0.0,0.0,0.0,0.0,0.0,1.0,1.0,0.0,
-0.10260961667346831,-0.21248609975780877,1.71096099668535,0.0,0.0,0.0,1.0,0.0,1.0,0.0,1.0,0.0,
-0.780215588985921,-1.144787067041539,-0.588017490217596,0.0,0.0,0.0,1.0,1.0,0.0,0.0,1.0,0.0,
0.8573321774358396,1.4786644920591903,-0.588017490217596,1.0,0.0,0.0,0.0,1.0,0.0,0.0,1.0,0.0,
-0.2155439453922104,-0.7111587101653853,-0.588017490217596,0.0,1.0,0.0,0.0,0.0,0.0,1.0,1.0,0.0,
-0.10260961667346831,0.7414962853697291,-0.588017490217596,0.0,0.0,0.0,1.0,1.0,0.0,0.0,1.0,0.0,
-0.3849454384703236,1.1751246422458828,-0.588017490217596,1.0,0.0,0.0,0.0,1.0,0.0,0.0,1.0,0.0,
-0.6672812602671788,-0.7978843815406161,-0.588017490217596,1.0,0.0,0.0,0.0,1.0,0.0,0.0,1.0,0.0,
0.5749963556389843,0.3945935998688062,-0.588017490217596,0.0,0.0,1.0,0.0,0.0,0.0,1.0,0.0,1.0,
0.17972620512338683,2.367602623655305,2.6343212086381724,0.0,0.0,0.0,1.0,0.0,1.0,0.0,0.0,1.0,
-1.0060842464234052,0.22114225711834481,-0.588017490217596,0.0,0.0,0.0,1.0,0.0,0.0,1.0,1.0,0.0,
-0.04614245231409733,-0.66779587447777,0.7404905698369753,0.0,0.0,1.0,0.0,0.0,1.0,0.0,1.0,0.0,
-1.0625514107827763,0.19946083927453712,-0.588017490217596,0.0,0.0,0.0,1.0,0.0,1.0,0.0,1.0,0.0,
-0.15907678103283943,1.283531731464921,2.3045497043693075,1.0,0.0,0.0,0.0,0.0,1.0,0.0,1.0,0.0,
-0.3849454384703236,-0.017353339163539667,-0.588017490217596,0.0,0.0,0.0,1.0,1.0,0.0,0.0,1.0,0.0,
-0.4978797671890657,-0.49434453172730863,-0.588017490217596,0.0,0.0,1.0,0.0,0.0,1.0,0.0,1.0,0.0,
0.12325904076401598,2.3892840414991126,-0.588017490217596,0.0,0.0,1.0,0.0,0.0,1.0,0.0,0.0,1.0,
0.12325904076401598,-0.5593887852587316,-0.588017490217596,0.0,0.0,1.0,0.0,0.0,1.0,0.0,1.0,0.0,
-1.0060842464234052,-0.66779587447777,-0.588017490217596,0.0,0.0,0.0,1.0,1.0,0.0,0.0,0.0,1.0,
-0.6108140959078078,-1.079742813510116,-0.588017490217596,0.0,0.0,1.0,0.0,0.0,0.0,1.0,1.0,0.0,
-0.13084319885315387,-0.3425746068206548,-0.588017490217596,0.0,1.0,0.0,0.0,0.0,0.0,1.0,1.0,0.0,
-1.0060842464234052,-0.45098169603969324,0.7404905698369753,0.0,0.0,0.0,1.0,1.0,0.0,0.0,1.0,0.0,
-0.5543469315484367,-1.3182384097920004,0.4201411085472205,0.0,1.0,0.0,0.0,1.0,0.0,0.0,1.0,0.0,
-1.0060842464234052,-1.144787067041539,-0.588017490217596,0.0,1.0,0.0,0.0,0.0,0.0,1.0,1.0,0.0,
-0.4414126028296947,-1.2315127384167697,-0.588017490217596,1.0,0.0,0.0,0.0,0.0,0.0,1.0,1.0,0.0,
-0.15907678103283943,-0.3425746068206548,0.8064448706907483,0.0,0.0,0.0,1.0,1.0,0.0,0.0,1.0,0.0,
-0.4414126028296947,0.7848591210573445,1.7769152975391231,0.0,1.0,0.0,0.0,0.0,0.0,1.0,1.0,0.0,
0.8008650130764685,0.6330891961506907,1.7580712115809023,1.0,0.0,0.0,0.0,1.0,0.0,0.0,1.0,0.0,
0.010324712045273772,0.7631777032135367,-0.588017490217596,0.0,1.0,0.0,0.0,1.0,0.0,0.0,1.0,0.0,
2.8336829300138264,0.8715847924325751,-0.588017490217596,1.0,0.0,0.0,0.0,1.0,0.0,0.0,1.0,0.0,
1.93020830026389,0.7631777032135367,1.3340792775209327,0.0,1.0,0.0,0.0,0.0,0.0,1.0,0.0,1.0,
0.29266053384212903,-0.32089318897684715,0.38245293663077873,1.0,0.0,0.0,0.0,0.0,0.0,1.0,1.0,0.0,
1.139667999232695,0.22114225711834481,2.1161088447870986,1.0,0.0,0.0,0.0,0.0,0.0,1.0,1.0,0.0,
-0.8366827533452921,-0.45098169603969324,-0.588017490217596,0.0,0.0,1.0,0.0,0.0,0.0,1.0,1.0,0.0,
2.0826696440341914,2.04238135599819,0.9854636872938465,0.0,0.0,1.0,0.0,0.0,0.0,1.0,0.0,1.0,
0.3886547132530598,0.06937233221169105,0.9289314294191839,0.0,0.0,1.0,0.0,0.0,1.0,0.0,1.0,0.0,
-0.3849454384703236,-1.0146985599786928,0.712224440899644,1.0,0.0,0.0,0.0,1.0,0.0,0.0,1.0,0.0,
-0.4978797671890657,0.41627501771261394,-0.588017490217596,0.0,0.0,0.0,1.0,0.0,1.0,0.0,1.0,0.0,
-0.3284782741109526,0.17777942143072945,-0.588017490217596,0.0,0.0,0.0,1.0,0.0,1.0,0.0,1.0,0.0,
-0.3284782741109526,-0.6461144566339624,1.2775470196462702,0.0,0.0,1.0,0.0,1.0,0.0,0.0,1.0,0.0,
0.34912769820150014,-0.060716174851155026,-0.588017490217596,1.0,0.0,0.0,0.0,0.0,1.0,0.0,1.0,0.0,
-0.3284782741109526,-0.9713357242910775,0.46725132344277265,1.0,0.0,0.0,0.0,0.0,0.0,1.0,1.0,0.0,
-0.3849454384703236,-1.2315127384167697,0.3918749796098892,0.0,0.0,1.0,0.0,0.0,1.0,0.0,0.0,1.0,
-1.0060842464234052,-0.9930171421348852,0.12805777619479702,1.0,0.0,0.0,0.0,0.0,0.0,1.0,1.0,0.0,
-0.2720111097515815,-1.144787067041539,0.26938842088145354,1.0,0.0,0.0,0.0,0.0,1.0,0.0,1.0,0.0,
-0.2720111097515815,-0.7978843815406161,0.693380354941423,1.0,0.0,0.0,0.0,0.0,1.0,0.0,1.0,0.0,
2.325478450779487,1.6737972526534592,-0.588017490217596,0.0,0.0,1.0,0.0,0.0,1.0,0.0,1.0,0.0,
-0.8366827533452921,-1.1664684848853466,-0.588017490217596,0.0,0.0,0.0,1.0,0.0,1.0,0.0,1.0,0.0,
0.7443978487170974,0.9366290459639982,-0.588017490217596,1.0,0.0,0.0,0.0,0.0,1.0,0.0,1.0,0.0,
0.4620620269202421,0.06937233221169105,-0.588017490217596,0.0,1.0,0.0,0.0,1.0,0.0,0.0,1.0,0.0,
-1.0625514107827763,-1.079742813510116,0.3730308936516683,0.0,1.0,0.0,0.0,0.0,0.0,1.0,1.0,0.0,
-0.3849454384703236,-0.7978843815406161,-0.588017490217596,1.0,0.0,0.0,0.0,0.0,1.0,0.0,1.0,0.0,
-1.0625514107827763,-1.3616012454796158,-0.588017490217596,1.0,0.0,0.0,0.0,0.0,1.0,0.0,1.0,0.0,
0.23619336948275793,-0.21248609975780877,-0.588017490217596,0.0,0.0,1.0,0.0,1.0,0.0,0.0,1.0,0.0,
-0.2720111097515815,0.15609800358692177,-0.588017490217596,0.0,0.0,1.0,0.0,1.0,0.0,0.0,1.0,0.0,
-0.780215588985921,0.37291218202499854,-0.588017490217596,0.0,1.0,0.0,0.0,1.0,0.0,0.0,1.0,0.0,
0.7443978487170974,2.3242397879676897,2.916982498011486,0.0,1.0,0.0,0.0,0.0,0.0,1.0,1.0,0.0,
-0.2155439453922104,0.8065405389011522,-0.588017490217596,0.0,1.0,0.0,0.0,0.0,1.0,0.0,1.0,0.0,
0.5749963556389843,0.7848591210573445,-0.588017490217596,0.0,0.0,1.0,0.0,1.0,0.0,0.0,0.0,1.0,
-0.5543469315484367,-1.0146985599786928,-0.588017490217596,0.0,0.0,1.0,0.0,1.0,0.0,0.0,1.0,0.0,
1.0832008348733237,1.6737972526534592,0.9100873434609631,0.0,1.0,0.0,0.0,1.0,0.0,0.0,1.0,0.0,
0.23619336948275793,0.19946083927453712,-0.588017490217596,1.0,0.0,0.0,0.0,1.0,0.0,0.0,1.0,0.0,
0.7443978487170974,2.172469863061036,-0.588017490217596,0.0,1.0,0.0,0.0,1.0,0.0,0.0,1.0,0.0,
-0.72374842462655,-1.209831320572962,-0.588017490217596,0.0,0.0,0.0,1.0,0.0,0.0,1.0,1.0,0.0,
-0.9496170820640342,-0.66779587447777,-0.588017490217596,1.0,0.0,0.0,0.0,1.0,0.0,0.0,1.0,0.0,
-0.4978797671890657,-0.8846100529158468,0.5332056242965457,1.0,0.0,0.0,0.0,0.0,0.0,1.0,1.0,0.0,
0.34912769820150014,-0.060716174851155026,-0.588017490217596,0.0,0.0,0.0,1.0,1.0,0.0,0.0,1.0,0.0,
-0.13084319885315387,-0.5160259495711162,-0.588017490217596,0.0,1.0,0.0,0.0,0.0,0.0,1.0,1.0,0.0,
0.9137993417952107,0.19946083927453712,-0.588017490217596,1.0,0.0,0.0,0.0,0.0,1.0,0.0,1.0,0.0,
3.059551587451311,1.630434416965844,3.9439851827345227,1.0,0.0,0.0,0.0,1.0,0.0,0.0,1.0,0.0,
-0.9496170820640342,-1.1231056491977314,0.5520497102547666,0.0,0.0,0.0,1.0,0.0,1.0,0.0,1.0,0.0,
-0.3849454384703236,0.15609800358692177,-0.588017490217596,0.0,0.0,0.0,1.0,0.0,0.0,1.0,1.0,0.0,
-0.72374842462655,-0.36425602466446255,1.5978964809360248,0.0,0.0,0.0,1.0,0.0,0.0,1.0,1.0,0.0,
0.06679187640464487,-0.6894772923215777,-0.588017490217596,0.0,1.0,0.0,0.0,0.0,0.0,1.0,0.0,1.0,
-0.2155439453922104,-0.5810702031025393,-0.588017490217596,1.0,0.0,0.0,0.0,0.0,1.0,0.0,1.0,0.0,
0.010324712045273772,1.3702574028401517,-0.588017490217596,0.0,1.0,0.0,0.0,1.0,0.0,0.0,1.0,0.0,
-0.10260961667346831,0.13441658574311408,-0.588017490217596,0.0,0.0,1.0,0.0,0.0,1.0,0.0,1.0,0.0,
3.3983545736075373,1.3919388206839596,-0.588017490217596,0.0,1.0,0.0,0.0,1.0,0.0,0.0,1.0,0.0,
0.010324712045273772,0.9583104638078059,-0.588017490217596,0.0,1.0,0.0,0.0,1.0,0.0,0.0,1.0,0.0,
0.12325904076401598,-0.7762029636968084,-0.588017490217596,0.0,0.0,0.0,1.0,0.0,1.0,0.0,1.0,0.0,
-0.2155439453922104,0.28618651064976786,-0.588017490217596,0.0,1.0,0.0,0.0,1.0,0.0,0.0,1.0,0.0,
-0.6672812602671788,0.8282219567449598,-0.588017490217596,1.0,0.0,0.0,0.0,0.0,0.0,1.0,1.0,0.0,
2.777215765654456,1.7171600883410747,-0.588017490217596,0.0,1.0,0.0,0.0,1.0,0.0,0.0,1.0,0.0,
0.5749963556389843,-0.25584893544542414,-0.588017490217596,0.0,0.0,1.0,0.0,1.0,0.0,0.0,1.0,0.0,
0.17972620512338683,1.4569830742153824,-0.588017490217596,0.0,0.0,1.0,0.0,0.0,1.0,0.0,0.0,1.0,
-0.780215588985921,-0.7545215458530008,-0.588017490217596,0.0,0.0,1.0,0.0,0.0,1.0,0.0,1.0,0.0,
0.34912769820150014,-0.03903475700734734,-0.588017490217596,0.0,0.0,0.0,1.0,1.0,0.0,0.0,1.0,0.0,
0.9702665061545818,0.22114225711834481,2.492990563951516,1.0,0.0,0.0,0.0,0.0,0.0,1.0,1.0,0.0,
-1.1190185751421473,0.9799918816516136,-0.588017490217596,1.0,0.0,0.0,0.0,1.0,0.0,0.0,1.0,0.0,
-1.0060842464234052,-1.1231056491977314,-0.588017490217596,0.0,1.0,0.0,0.0,1.0,0.0,0.0,1.0,0.0,
-0.6672812602671788,-1.3832826633234234,0.3730308936516683,1.0,0.0,0.0,0.0,0.0,1.0,0.0,1.0,0.0,
-0.15907678103283943,0.4379564355564216,-0.588017490217596,0.0,1.0,0.0,0.0,0.0,1.0,0.0,1.0,0.0,
0.5749963556389843,-0.3425746068206548,-0.588017490217596,0.0,0.0,1.0,0.0,0.0,1.0,0.0,1.0,0.0,
0.010324712045273772,-0.2992117711330395,-0.588017490217596,0.0,0.0,1.0,0.0,0.0,0.0,1.0,1.0,0.0,
0.34912769820150014,0.1127351678993064,0.7593346557951961,0.0,0.0,0.0,1.0,0.0,0.0,1.0,1.0,0.0,
0.40559486256087124,0.3078679284935755,-0.588017490217596,0.0,1.0,0.0,0.0,1.0,0.0,0.0,1.0,0.0,
-0.4414126028296947,-0.36425602466446255,1.560208309019583,0.0,0.0,0.0,1.0,0.0,1.0,0.0,1.0,0.0,
0.4620620269202421,0.17777942143072945,-0.588017490217596,1.0,0.0,0.0,0.0,1.0,0.0,0.0,1.0,0.0,
-1.0625514107827763,-0.9496543064472699,-0.588017490217596,0.0,0.0,0.0,1.0,0.0,0.0,1.0,1.0,0.0,
0.5185291912796132,2.2808769522800745,0.7687566987743065,1.0,0.0,0.0,0.0,0.0,0.0,1.0,1.0,0.0,
0.5185291912796132,1.7388415061848823,-0.588017490217596,1.0,0.0,0.0,0.0,1.0,0.0,0.0,1.0,0.0,
0.9702665061545818,0.22114225711834481,-0.588017490217596,1.0,0.0,0.0,0.0,0.0,0.0,1.0,1.0,0.0,
-0.780215588985921,1.218487477933498,-0.588017490217596,0.0,0.0,1.0,0.0,1.0,0.0,0.0,1.0,0.0,
0.010324712045273772,-0.7978843815406161,-0.588017490217596,0.0,0.0,0.0,1.0,0.0,1.0,0.0,1.0,0.0,
0.010324712045273772,0.8282219567449598,0.20343412002768052,0.0,1.0,0.0,0.0,0.0,1.0,0.0,1.0,0.0,
-1.1190185751421473,0.22114225711834481,0.7687566987743065,1.0,0.0,0.0,0.0,1.0,0.0,0.0,1.0,0.0,
-1.0625514107827763,-0.10407901053877038,-0.588017490217596,1.0,0.0,0.0,0.0,0.0,1.0,0.0,1.0,0.0,
-0.15907678103283943,-0.7111587101653853,-0.588017490217596,0.0,0.0,0.0,1.0,1.0,0.0,0.0,1.0,0.0,
1.0832008348733237,0.4379564355564216,-0.588017490217596,0.0,1.0,0.0,0.0,0.0,1.0,0.0,1.0,0.0,
-0.4414126028296947,-1.1231056491977314,0.6085819681294292,1.0,0.0,0.0,0.0,0.0,0.0,1.0,1.0,0.0,
0.40559486256087124,0.4379564355564216,-0.588017490217596,1.0,0.0,0.0,0.0,0.0,1.0,0.0,1.0,0.0,
-0.6108140959078078,-1.3182384097920004,0.4578292804636622,0.0,0.0,1.0,0.0,0.0,0.0,1.0,1.0,0.0,
-0.72374842462655,-1.4483269168548465,-0.588017490217596,0.0,0.0,0.0,1.0,0.0,1.0,0.0,1.0,0.0,
-0.2155439453922104,0.28618651064976786,2.031310457975105,0.0,1.0,0.0,0.0,1.0,0.0,0.0,1.0,0.0,
0.12325904076401598,-0.7545215458530008,0.23170024896501182,0.0,0.0,1.0,0.0,0.0,1.0,0.0,1.0,0.0,
0.12325904076401598,0.8065405389011522,3.1242674435519153,0.0,1.0,0.0,0.0,1.0,0.0,0.0,1.0,0.0,
0.12325904076401598,-0.36425602466446255,-0.588017490217596,0.0,0.0,0.0,1.0,0.0,1.0,0.0,1.0,0.0,
0.5185291912796132,-0.060716174851155026,-0.588017490217596,1.0,0.0,0.0,0.0,1.0,0.0,0.0,1.0,0.0,
0.06679187640464487,-0.2992117711330395,-0.588017490217596,0.0,0.0,0.0,1.0,0.0,0.0,1.0,1.0,0.0,
-0.5543469315484367,-1.4266454990110389,-0.588017490217596,1.0,0.0,0.0,0.0,1.0,0.0,0.0,1.0,0.0,
0.29266053384212903,-0.2992117711330395,1.230436804750718,0.0,0.0,1.0,0.0,1.0,0.0,0.0,1.0,0.0,
-0.4414126028296947,-0.3425746068206548,-0.588017490217596,0.0,0.0,0.0,1.0,0.0,1.0,0.0,1.0,0.0,
-0.6672812602671788,-0.9279728886034622,-0.588017490217596,0.0,1.0,0.0,0.0,0.0,0.0,1.0,1.0,0.0,
-0.9496170820640342,-1.3399198276358082,-0.588017490217596,0.0,0.0,0.0,1.0,1.0,0.0,0.0,1.0,0.0,
0.4620620269202421,0.004328078680268014,0.9195093864400735,1.0,0.0,0.0,0.0,0.0,1.0,0.0,1.0,0.0,
-0.04614245231409733,0.611407778306883,0.5426276672756561,1.0,0.0,0.0,0.0,1.0,0.0,0.0,1.0,0.0,
1.5349381497482923,1.0667175530268442,-0.588017490217596,1.0,0.0,0.0,0.0,1.0,0.0,0.0,1.0,0.0,
-1.0060842464234052,-0.6461144566339624,-0.588017490217596,0.0,0.0,0.0,1.0,1.0,0.0,0.0,1.0,0.0,
-1.0060842464234052,-0.49434453172730863,-0.588017490217596,0.0,0.0,0.0,1.0,1.0,0.0,0.0,1.0,0.0,
-0.2155439453922104,-0.5160259495711162,-0.588017490217596,1.0,0.0,0.0,0.0,0.0,0.0,1.0,1.0,0.0,
1.1961351635920658,1.8689300132477284,-0.588017490217596,1.0,0.0,0.0,0.0,1.0,0.0,0.0,1.0,0.0,
-0.2720111097515815,-0.9062914707596545,-0.588017490217596,0.0,0.0,1.0,0.0,1.0,0.0,0.0,1.0,0.0,
-1.0060842464234052,-0.6461144566339624,-0.588017490217596,1.0,0.0,0.0,0.0,1.0,0.0,0.0,1.0,0.0,
-0.3849454384703236,-0.6894772923215777,0.5708937962129874,1.0,0.0,0.0,0.0,0.0,1.0,0.0,1.0,0.0,
-0.5543469315484367,-1.3182384097920004,-0.588017490217596,0.0,0.0,0.0,1.0,1.0,0.0,0.0,0.0,1.0,
-0.2155439453922104,0.22114225711834481,0.23170024896501182,0.0,0.0,1.0,0.0,1.0,0.0,0.0,1.0,0.0,
0.12325904076401598,0.09105375005549873,-0.588017490217596,0.0,1.0,0.0,0.0,1.0,0.0,0.0,1.0,0.0,
0.12325904076401598,-0.2992117711330395,0.5332056242965457,0.0,0.0,0.0,1.0,1.0,0.0,0.0,1.0,0.0,
-0.15907678103283943,-0.9496543064472699,0.5803158391920978,0.0,0.0,0.0,1.0,1.0,0.0,0.0,1.0,0.0,
0.34912769820150014,-0.017353339163539667,1.3340792775209327,0.0,0.0,0.0,1.0,1.0,0.0,0.0,1.0,0.0,
-0.72374842462655,-0.7762029636968084,-0.588017490217596,0.0,1.0,0.0,0.0,0.0,0.0,1.0,1.0,0.0,
-0.2155439453922104,1.9556556846229591,-0.588017490217596,1.0,0.0,0.0,0.0,0.0,1.0,0.0,1.0,0.0,
-0.6108140959078078,-1.1664684848853466,0.47667336642188307,0.0,0.0,0.0,1.0,0.0,1.0,0.0,1.0,0.0,
0.010324712045273772,-0.2775303532892318,-0.588017490217596,0.0,0.0,1.0,0.0,0.0,0.0,1.0,1.0,0.0,
-0.5543469315484367,0.8715847924325751,-0.588017490217596,1.0,0.0,0.0,0.0,0.0,0.0,1.0,1.0,0.0,
-0.72374842462655,1.0016732994954212,-0.588017490217596,1.0,0.0,0.0,0.0,0.0,1.0,0.0,0.0,1.0,
0.010324712045273772,-0.060716174851155026,-0.588017490217596,0.0,0.0,1.0,0.0,0.0,1.0,0.0,1.0,0.0,
-0.2720111097515815,0.15609800358692177,0.38245293663077873,0.0,0.0,1.0,0.0,1.0,0.0,0.0,1.0,0.0,
0.12325904076401598,-0.2992117711330395,-0.588017490217596,1.0,0.0,0.0,0.0,0.0,0.0,1.0,1.0,0.0,
-0.3284782741109526,-0.10407901053877038,-0.588017490217596,1.0,0.0,0.0,0.0,0.0,0.0,1.0,1.0,0.0,
-1.0625514107827763,-1.1231056491977314,-0.588017490217596,1.0,0.0,0.0,0.0,0.0,1.0,0.0,1.0,0.0,
-0.17601693034065075,-0.66779587447777,-0.588017490217596,0.0,1.0,0.0,0.0,0.0,1.0,0.0,1.0,0.0,
1.7043396428264055,0.8065405389011522,-0.588017490217596,0.0,0.0,0.0,1.0,0.0,1.0,0.0,1.0,0.0,
-0.3284782741109526,-0.017353339163539667,-0.588017490217596,1.0,0.0,0.0,0.0,0.0,0.0,1.0,1.0,0.0,
-0.72374842462655,-1.1664684848853466,-0.588017490217596,0.0,1.0,0.0,0.0,0.0,1.0,0.0,1.0,0.0,
0.5185291912796132,0.13441658574311408,1.8522916413720065,1.0,0.0,0.0,0.0,0.0,0.0,1.0,1.0,0.0,
-0.10260961667346831,-0.0823975926949627,1.6355846528524667,0.0,0.0,0.0,1.0,0.0,0.0,1.0,1.0,0.0,
-0.3849454384703236,0.5030006890878447,-0.588017490217596,1.0,0.0,0.0,0.0,0.0,0.0,1.0,1.0,0.0,
0.06679187640464487,0.8499033745887675,-0.588017490217596,0.0,0.0,0.0,1.0,0.0,0.0,1.0,1.0,0.0,
-0.3849454384703236,1.890611431091536,-0.588017490217596,1.0,0.0,0.0,0.0,1.0,0.0,0.0,1.0,0.0,
-0.5543469315484367,-0.6461144566339624,0.24112229194412224,0.0,1.0,0.0,0.0,0.0,0.0,1.0,1.0,0.0,
-0.893149917704663,-1.1664684848853466,0.12805777619479702,0.0,1.0,0.0,0.0,0.0,0.0,1.0,1.0,0.0,
0.4620620269202421,0.8715847924325751,1.3152351915627118,0.0,1.0,0.0,0.0,1.0,0.0,0.0,1.0,0.0,
-1.0060842464234052,0.13441658574311408,-0.588017490217596,0.0,0.0,0.0,1.0,0.0,0.0,1.0,1.0,0.0,
-0.72374842462655,-0.8629286350720391,-0.588017490217596,0.0,1.0,0.0,0.0,0.0,0.0,1.0,1.0,0.0,
-1.0625514107827763,-0.7762029636968084,-0.588017490217596,0.0,0.0,0.0,1.0,0.0,0.0,1.0,1.0,0.0,
-0.9496170820640342,-0.45098169603969324,-0.588017490217596,0.0,0.0,1.0,0.0,0.0,0.0,1.0,1.0,0.0,
0.5749963556389843,-0.14744184622638573,-0.588017490217596,0.0,0.0,1.0,0.0,1.0,0.0,0.0,1.0,0.0,
-1.0060842464234052,0.8499033745887675,-0.588017490217596,0.0,1.0,0.0,0.0,1.0,0.0,0.0,1.0,0.0,
-0.8366827533452921,1.4136202385277672,1.880557770309338,0.0,1.0,0.0,0.0,1.0,0.0,0.0,1.0,0.0,
-0.3849454384703236,0.1127351678993064,-0.588017490217596,0.0,0.0,0.0,1.0,0.0,0.0,1.0,1.0,0.0,
-0.8366827533452921,-0.32089318897684715,1.126794331980503,0.0,0.0,1.0,0.0,0.0,1.0,0.0,1.0,0.0,
-0.15907678103283943,0.4379564355564216,0.19401207704857007,0.0,1.0,0.0,0.0,0.0,1.0,0.0,1.0,0.0,
-1.1190185751421473,0.37291218202499854,1.1550604609178343,0.0,1.0,0.0,0.0,0.0,0.0,1.0,1.0,0.0,
1.139667999232695,-0.14744184622638573,-0.588017490217596,0.0,0.0,0.0,1.0,0.0,0.0,1.0,1.0,0.0,
0.5185291912796132,0.19946083927453712,-0.588017490217596,1.0,0.0,0.0,0.0,0.0,0.0,1.0,1.0,0.0,
-0.6672812602671788,-0.03903475700734734,-0.588017490217596,1.0,0.0,0.0,0.0,0.0,1.0,0.0,1.0,0.0,
-1.1190185751421473,2.584416802093382,-0.588017490217596,0.0,1.0,0.0,0.0,1.0,0.0,0.0,1.0,0.0,
-0.6672812602671788,-0.36425602466446255,-0.588017490217596,1.0,0.0,0.0,0.0,0.0,1.0,0.0,1.0,0.0,
-0.2720111097515815,-0.21248609975780877,-0.588017490217596,1.0,0.0,0.0,0.0,0.0,0.0,1.0,1.0,0.0,
0.12325904076401598,0.8715847924325751,-0.588017490217596,0.0,0.0,0.0,1.0,0.0,1.0,0.0,1.0,0.0,
-0.15907678103283943,0.3078679284935755,2.3705040052230806,0.0,1.0,0.0,0.0,0.0,1.0,0.0,1.0,0.0,
1.1961351635920658,2.2808769522800745,-0.588017490217596,1.0,0.0,0.0,0.0,1.0,0.0,0.0,1.0,0.0,
0.29266053384212903,-0.3425746068206548,0.8723991715445213,0.0,1.0,0.0,0.0,1.0,0.0,0.0,1.0,0.0,
2.551347108216971,2.107425609529613,-0.588017490217596,0.0,1.0,0.0,0.0,1.0,0.0,0.0,1.0,0.0,
-0.3284782741109526,1.6737972526534592,-0.588017490217596,0.0,1.0,0.0,0.0,1.0,0.0,0.0,1.0,0.0,
-0.9496170820640342,-1.404964081167231,-0.588017490217596,0.0,1.0,0.0,0.0,0.0,1.0,0.0,1.0,0.0,
0.34912769820150014,0.004328078680268014,-0.588017490217596,1.0,0.0,0.0,0.0,0.0,1.0,0.0,1.0,0.0,
-0.9496170820640342,-1.1231056491977314,0.5237835813174353,0.0,1.0,0.0,0.0,0.0,1.0,0.0,1.0,0.0,
0.5185291912796132,-0.12576042838257806,-0.588017490217596,0.0,0.0,0.0,1.0,1.0,0.0,0.0,1.0,0.0,
-1.1190185751421473,-1.4266454990110389,-0.588017490217596,0.0,1.0,0.0,0.0,0.0,0.0,1.0,1.0,0.0,
-0.04614245231409733,-0.0823975926949627,-0.588017490217596,0.0,0.0,0.0,1.0,0.0,0.0,1.0,1.0,0.0,
2.8336829300138264,1.3702574028401517,0.22227820598590137,1.0,0.0,0.0,0.0,0.0,0.0,1.0,1.0,0.0,
0.010324712045273772,-0.36425602466446255,-0.588017490217596,0.0,0.0,0.0,1.0,0.0,0.0,1.0,1.0,0.0,
-0.8366827533452921,-1.2315127384167697,-0.588017490217596,0.0,0.0,1.0,0.0,1.0,0.0,0.0,1.0,0.0,
-1.0060842464234052,0.13441658574311408,-0.588017490217596,0.0,0.0,0.0,1.0,1.0,0.0,0.0,1.0,0.0,
-1.1190185751421473,0.28618651064976786,0.5520497102547666,0.0,1.0,0.0,0.0,1.0,0.0,0.0,1.0,0.0,
1.7043396428264055,1.7171600883410747,-0.588017490217596,1.0,0.0,0.0,0.0,0.0,0.0,1.0,0.0,1.0,
0.34912769820150014,0.19946083927453712,2.1349529307453197,0.0,0.0,0.0,1.0,0.0,0.0,1.0,0.0,1.0,
-0.2155439453922104,0.1127351678993064,-0.588017490217596,0.0,1.0,0.0,0.0,1.0,0.0,0.0,1.0,0.0,
0.5749963556389843,-0.32089318897684715,0.6556921830249813,0.0,1.0,0.0,0.0,1.0,0.0,0.0,1.0,0.0,
0.12325904076401598,-0.7978843815406161,1.0891061600640612,0.0,0.0,1.0,0.0,0.0,0.0,1.0,0.0,1.0,
-0.6672812602671788,0.3295493463373832,-0.588017490217596,0.0,1.0,0.0,0.0,0.0,0.0,1.0,1.0,0.0,
0.29266053384212903,-0.4726631138835009,-0.588017490217596,0.0,0.0,1.0,0.0,1.0,0.0,0.0,1.0,0.0,
-0.8366827533452921,-0.7978843815406161,-0.588017490217596,0.0,0.0,1.0,0.0,0.0,1.0,0.0,1.0,0.0,
-0.6108140959078078,2.454328295030536,2.0689986298915466,1.0,0.0,0.0,0.0,0.0,0.0,1.0,1.0,0.0,
0.29266053384212903,-0.3425746068206548,1.4848319651866997,1.0,0.0,0.0,0.0,0.0,0.0,1.0,1.0,0.0,
0.3886547132530598,0.1127351678993064,-0.588017490217596,0.0,0.0,1.0,0.0,1.0,0.0,0.0,1.0,0.0,
0.34912769820150014,0.41627501771261394,-0.588017490217596,0.0,0.0,0.0,1.0,0.0,0.0,1.0,1.0,0.0,
3.9065590528418768,2.2808769522800745,-0.588017490217596,1.0,0.0,0.0,0.0,0.0,0.0,1.0,1.0,0.0,
-0.10260961667346831,-0.0823975926949627,-0.588017490217596,0.0,0.0,0.0,1.0,0.0,1.0,0.0,1.0,0.0,
0.4620620269202421,0.13441658574311408,-0.588017490217596,1.0,0.0,0.0,0.0,1.0,0.0,0.0,1.0,0.0,
-0.4414126028296947,-0.49434453172730863,1.2398588477298285,1.0,0.0,0.0,0.0,0.0,1.0,0.0,1.0,0.0,
-0.15907678103283943,-0.2992117711330395,1.5696303519986936,0.0,1.0,0.0,0.0,1.0,0.0,0.0,1.0,0.0,
3.737157559763763,2.259195534436267,-0.588017490217596,1.0,0.0,0.0,0.0,1.0,0.0,0.0,1.0,0.0,
1.4220038210295503,0.5246821069316523,1.4565658362493683,0.0,1.0,0.0,0.0,0.0,0.0,1.0,1.0,0.0,
0.29266053384212903,-0.7111587101653853,-0.588017490217596,1.0,0.0,0.0,0.0,0.0,0.0,1.0,1.0,0.0,
-0.780215588985921,1.088398970870652,2.6343212086381724,0.0,0.0,1.0,0.0,1.0,0.0,0.0,0.0,1.0,
1.139667999232695,1.4353016563715748,-0.588017490217596,0.0,0.0,1.0,0.0,0.0,1.0,0.0,1.0,0.0,
1.3260096416186196,1.3702574028401517,-0.588017490217596,0.0,1.0,0.0,0.0,1.0,0.0,0.0,1.0,0.0,
0.4620620269202421,2.2808769522800745,0.9006653004818527,1.0,0.0,0.0,0.0,0.0,0.0,1.0,1.0,0.0,
-1.0625514107827763,-0.537707367414924,0.84413304260719,0.0,0.0,0.0,1.0,0.0,0.0,1.0,1.0,0.0,
-1.0625514107827763,-0.0823975926949627,-0.588017490217596,0.0,0.0,0.0,1.0,0.0,1.0,0.0,1.0,0.0,
-0.5543469315484367,0.6330891961506907,1.6921169107271292,0.0,0.0,1.0,0.0,1.0,0.0,0.0,1.0,0.0,
-1.0625514107827763,-0.7111587101653853,0.8158669136698588,0.0,0.0,1.0,0.0,0.0,0.0,1.0,1.0,0.0,
-0.6672812602671788,-1.1881499027291544,-0.588017490217596,1.0,0.0,0.0,0.0,0.0,1.0,0.0,1.0,0.0,
-0.10260961667346831,0.7198148675259214,-0.588017490217596,0.0,0.0,0.0,1.0,0.0,1.0,0.0,1.0,0.0,
-0.15907678103283943,0.06937233221169105,-0.588017490217596,0.0,0.0,0.0,1.0,0.0,0.0,1.0,1.0,0.0,
-0.6108140959078078,-1.2965569919481927,-0.588017490217596,0.0,0.0,0.0,1.0,0.0,1.0,0.0,1.0,0.0,
-0.7406885739343612,-1.3399198276358082,-0.588017490217596,0.0,0.0,1.0,0.0,0.0,1.0,0.0,1.0,0.0,
0.4620620269202421,-0.36425602466446255,-0.588017490217596,0.0,0.0,1.0,0.0,1.0,0.0,0.0,1.0,0.0,
-0.9496170820640342,-0.8629286350720391,-0.588017490217596,0.0,1.0,0.0,0.0,0.0,1.0,0.0,1.0,0.0,
-0.8366827533452921,1.218487477933498,-0.588017490217596,0.0,0.0,1.0,0.0,0.0,0.0,1.0,1.0,0.0,
2.099609793342003,1.218487477933498,1.8240255124346754,1.0,0.0,0.0,0.0,1.0,0.0,0.0,1.0,0.0,
-0.893149917704663,-0.7328401280091931,1.079684117084951,0.0,0.0,0.0,1.0,1.0,0.0,0.0,1.0,0.0,
-0.72374842462655,-0.42930027819588557,0.6839583119623126,1.0,0.0,0.0,0.0,0.0,0.0,1.0,1.0,0.0,
-0.5543469315484367,-0.66779587447777,-0.588017490217596,0.0,1.0,0.0,0.0,0.0,0.0,1.0,1.0,0.0,
-0.2155439453922104,-0.6894772923215777,-0.588017490217596,0.0,1.0,0.0,0.0,0.0,0.0,1.0,1.0,0.0,
-0.2720111097515815,-1.144787067041539,-0.588017490217596,1.0,0.0,0.0,0.0,0.0,0.0,1.0,1.0,0.0,
-0.72374842462655,-0.8846100529158468,-0.588017490217596,0.0,0.0,0.0,1.0,0.0,1.0,0.0,1.0,0.0,
-0.72374842462655,0.3945935998688062,-0.588017490217596,0.0,1.0,0.0,0.0,0.0,1.0,0.0,1.0,0.0,
-0.3284782741109526,-0.537707367414924,-0.588017490217596,0.0,0.0,1.0,0.0,0.0,0.0,1.0,1.0,0.0,
-0.4978797671890657,-0.9279728886034622,-0.588017490217596,0.0,0.0,0.0,1.0,0.0,0.0,1.0,1.0,0.0,
0.34912769820150014,1.2618503136211134,-0.588017490217596,0.0,1.0,0.0,0.0,0.0,0.0,1.0,1.0,0.0,
0.4620620269202421,-0.32089318897684715,-0.588017490217596,0.0,0.0,1.0,0.0,1.0,0.0,0.0,0.0,1.0,
-1.0060842464234052,-0.3425746068206548,-0.588017490217596,0.0,0.0,0.0,1.0,0.0,0.0,1.0,1.0,0.0,
-0.15907678103283943,0.7414962853697291,-0.588017490217596,0.0,0.0,0.0,1.0,0.0,0.0,1.0,1.0,0.0,
0.29266053384212903,-0.7545215458530008,-0.588017490217596,0.0,0.0,0.0,1.0,0.0,1.0,0.0,1.0,0.0,
-0.4978797671890657,-0.49434453172730863,-0.588017490217596,0.0,1.0,0.0,0.0,0.0,1.0,0.0,1.0,0.0,
1.4220038210295503,0.13441658574311408,1.1739045468760552,0.0,1.0,0.0,0.0,0.0,0.0,1.0,0.0,1.0,
-0.893149917704663,0.06937233221169105,-0.588017490217596,0.0,0.0,0.0,1.0,1.0,0.0,0.0,1.0,0.0,
0.010324712045273772,-0.9062914707596545,0.9195093864400735,1.0,0.0,0.0,0.0,0.0,1.0,0.0,1.0,0.0,
0.40559486256087124,0.3295493463373832,-0.588017490217596,0.0,1.0,0.0,0.0,1.0,0.0,0.0,1.0,0.0,
1.0267336705139527,1.153443224402075,-0.588017490217596,1.0,0.0,0.0,0.0,1.0,0.0,0.0,1.0,0.0,
-0.893149917704663,-0.7545215458530008,-0.588017490217596,0.0,0.0,0.0,1.0,1.0,0.0,0.0,1.0,0.0,
-1.0625514107827763,-0.7111587101653853,-0.588017490217596,0.0,0.0,0.0,1.0,1.0,0.0,0.0,1.0,0.0,
-0.6108140959078078,-0.7328401280091931,-0.588017490217596,0.0,0.0,1.0,0.0,0.0,0.0,1.0,1.0,0.0,
-0.893149917704663,-0.9713357242910775,0.1469018621530179,0.0,0.0,0.0,1.0,0.0,1.0,0.0,1.0,0.0,
0.9137993417952107,-0.36425602466446255,-0.588017490217596,0.0,0.0,0.0,1.0,0.0,0.0,1.0,1.0,0.0,
0.010324712045273772,-0.66779587447777,1.107950246022282,0.0,0.0,1.0,0.0,0.0,0.0,1.0,0.0,1.0,
-0.04614245231409733,0.5246821069316523,2.4553023920350743,1.0,0.0,0.0,0.0,1.0,0.0,0.0,1.0,0.0,
-0.9496170820640342,-1.3399198276358082,-0.588017490217596,0.0,0.0,0.0,1.0,1.0,0.0,0.0,0.0,1.0,
-1.0625514107827763,-1.2315127384167697,0.4389851945054414,0.0,0.0,0.0,1.0,0.0,0.0,1.0,0.0,1.0,
-0.3284782741109526,-1.079742813510116,-0.588017490217596,1.0,0.0,0.0,0.0,0.0,0.0,1.0,1.0,0.0,
-0.4414126028296947,-0.7111587101653853,-0.588017490217596,1.0,0.0,0.0,0.0,0.0,1.0,0.0,1.0,0.0,
-0.6108140959078078,-0.9062914707596545,-0.588017490217596,0.0,0.0,1.0,0.0,0.0,0.0,1.0,1.0,0.0,
-0.6672812602671788,-0.7111587101653853,-0.588017490217596,1.0,0.0,0.0,0.0,0.0,1.0,0.0,1.0,0.0,
-0.6108140959078078,1.1751246422458828,2.860450240136823,1.0,0.0,0.0,0.0,1.0,0.0,0.0,1.0,0.0,
0.1966663544311983,-0.0823975926949627,0.41071906556811005,0.0,0.0,1.0,0.0,1.0,0.0,0.0,1.0,0.0,
0.010324712045273772,1.0016732994954212,-0.588017490217596,1.0,0.0,0.0,0.0,1.0,0.0,0.0,1.0,0.0,
-0.4978797671890657,-0.7545215458530008,0.9760416443147361,0.0,1.0,0.0,0.0,0.0,1.0,0.0,1.0,0.0,
-0.72374842462655,-0.21248609975780877,1.8899798132884482,0.0,0.0,1.0,0.0,0.0,1.0,0.0,1.0,0.0,
-0.04614245231409733,-0.5160259495711162,-0.588017490217596,0.0,1.0,0.0,0.0,0.0,1.0,0.0,1.0,0.0,
1.2808359101311226,2.107425609529613,-0.588017490217596,0.0,0.0,0.0,1.0,1.0,0.0,0.0,0.0,1.0,
-0.5543469315484367,-0.9713357242910775,0.4578292804636622,1.0,0.0,0.0,0.0,0.0,0.0,1.0,1.0,0.0,
0.17972620512338683,-0.6461144566339624,0.19401207704857007,0.0,0.0,1.0,0.0,1.0,0.0,0.0,1.0,0.0,
-0.3849454384703236,-0.9279728886034622,-0.588017490217596,0.0,0.0,1.0,0.0,1.0,0.0,0.0,1.0,0.0,
-0.9496170820640342,-1.3616012454796158,-0.588017490217596,1.0,0.0,0.0,0.0,1.0,0.0,0.0,1.0,0.0,
-0.5543469315484367,-0.8846100529158468,-0.588017490217596,0.0,0.0,1.0,0.0,0.0,1.0,0.0,1.0,0.0,
-0.2720111097515815,-0.8629286350720391,-0.588017490217596,0.0,0.0,1.0,0.0,1.0,0.0,0.0,1.0,0.0,
0.17972620512338683,1.0450361351830366,-0.588017490217596,1.0,0.0,0.0,0.0,0.0,1.0,0.0,0.0,1.0,
-1.0625514107827763,-0.060716174851155026,1.362345406458264,1.0,0.0,0.0,0.0,1.0,0.0,0.0,1.0,0.0,
0.06679187640464487,0.8065405389011522,-0.588017490217596,0.0,0.0,0.0,1.0,0.0,0.0,1.0,1.0,0.0,
-0.72374842462655,-0.8629286350720391,-0.588017490217596,1.0,0.0,0.0,0.0,1.0,0.0,0.0,1.0,0.0,
-0.6672812602671788,-0.66779587447777,-0.588017490217596,0.0,0.0,0.0,1.0,1.0,0.0,0.0,1.0,0.0,
1.139667999232695,-0.017353339163539667,-0.588017490217596,0.0,0.0,0.0,1.0,0.0,0.0,1.0,1.0,0.0,
0.34912769820150014,-0.7545215458530008,0.2505443349232327,0.0,0.0,0.0,1.0,1.0,0.0,0.0,1.0,0.0,
-0.7406885739343612,-1.1881499027291544,-0.588017490217596,1.0,0.0,0.0,0.0,0.0,0.0,1.0,1.0,0.0,
0.010324712045273772,0.09105375005549873,-0.588017490217596,0.0,0.0,0.0,1.0,0.0,1.0,0.0,1.0,0.0,
0.9137993417952107,-0.017353339163539667,-0.588017490217596,1.0,0.0,0.0,0.0,0.0,1.0,0.0,1.0,0.0,
-0.15907678103283943,-0.36425602466446255,-0.588017490217596,0.0,1.0,0.0,0.0,1.0,0.0,0.0,1.0,0.0,
0.06679187640464487,0.22114225711834481,-0.588017490217596,0.0,0.0,0.0,1.0,0.0,0.0,1.0,1.0,0.0,
0.40559486256087124,0.3945935998688062,-0.588017490217596,1.0,0.0,0.0,0.0,0.0,1.0,0.0,1.0,0.0,
-0.3849454384703236,-1.1664684848853466,0.495517452380104,0.0,0.0,1.0,0.0,1.0,0.0,0.0,1.0,0.0,
-0.2720111097515815,1.825567177560113,-0.588017490217596,1.0,0.0,0.0,0.0,1.0,0.0,0.0,1.0,0.0,
-1.0625514107827763,-0.9279728886034622,-0.588017490217596,0.0,0.0,1.0,0.0,0.0,0.0,1.0,1.0,0.0,
-0.9496170820640342,-0.7111587101653853,-0.588017490217596,1.0,0.0,0.0,0.0,0.0,0.0,1.0,1.0,0.0,
0.23619336948275793,0.8499033745887675,-0.588017490217596,0.0,0.0,0.0,1.0,0.0,0.0,1.0,1.0,0.0,
-0.17601693034065075,-0.5810702031025393,-0.588017490217596,0.0,1.0,0.0,0.0,0.0,1.0,0.0,0.0,1.0,
-0.3284782741109526,1.1968060600896904,-0.588017490217596,0.0,1.0,0.0,0.0,1.0,0.0,0.0,1.0,0.0,
-0.5543469315484367,-0.66779587447777,0.6839583119623126,0.0,0.0,1.0,0.0,0.0,1.0,0.0,1.0,0.0,
-0.10260961667346831,0.06937233221169105,-0.588017490217596,0.0,0.0,1.0,0.0,0.0,1.0,0.0,1.0,0.0,
-1.1190185751421473,0.37291218202499854,-0.588017490217596,0.0,1.0,0.0,0.0,0.0,0.0,1.0,1.0,0.0,
-0.5543469315484367,-0.7328401280091931,0.8629771285654109,0.0,1.0,0.0,0.0,0.0,0.0,1.0,1.0,0.0,
-0.3849454384703236,-0.7111587101653853,-0.588017490217596,1.0,0.0,0.0,0.0,0.0,1.0,0.0,1.0,0.0,
0.29266053384212903,-0.5593887852587316,-0.588017490217596,0.0,0.0,0.0,1.0,0.0,1.0,0.0,1.0,0.0,
0.17972620512338683,-0.25584893544542414,-0.588017490217596,0.0,0.0,1.0,0.0,1.0,0.0,0.0,1.0,0.0,
-0.5543469315484367,-1.2965569919481927,0.3636088506725579,0.0,1.0,0.0,0.0,0.0,1.0,0.0,1.0,0.0,
0.010324712045273772,0.5030006890878447,-0.588017490217596,0.0,0.0,1.0,0.0,0.0,1.0,0.0,1.0,0.0,
1.7043396428264055,1.2401688957773058,-0.588017490217596,1.0,0.0,0.0,0.0,1.0,0.0,0.0,1.0,0.0,
2.6078142725763422,1.4786644920591903,-0.588017490217596,0.0,0.0,0.0,1.0,0.0,1.0,0.0,1.0,0.0,
0.40559486256087124,0.3078679284935755,-0.588017490217596,1.0,0.0,0.0,0.0,1.0,0.0,0.0,0.0,1.0,
-0.6672812602671788,-0.9930171421348852,-0.588017490217596,0.0,1.0,0.0,0.0,1.0,0.0,0.0,1.0,0.0,
-0.2155439453922104,0.19946083927453712,-0.588017490217596,0.0,1.0,0.0,0.0,1.0,0.0,0.0,1.0,0.0,
-0.72374842462655,-0.6461144566339624,-0.588017490217596,0.0,0.0,0.0,1.0,0.0,1.0,0.0,1.0,0.0,
-0.4978797671890657,-0.7111587101653853,0.8347109996280796,0.0,0.0,0.0,1.0,0.0,1.0,0.0,1.0,0.0,
2.156076957701374,1.5870715812782286,-0.588017490217596,1.0,0.0,0.0,0.0,0.0,0.0,1.0,1.0,0.0,
-0.4414126028296947,0.7198148675259214,-0.588017490217596,0.0,0.0,1.0,0.0,0.0,0.0,1.0,1.0,0.0,
-0.3284782741109526,-0.2775303532892318,-0.588017490217596,1.0,0.0,0.0,0.0,0.0,0.0,1.0,1.0,0.0,
-1.0625514107827763,-1.209831320572962,0.41071906556811005,0.0,1.0,0.0,0.0,0.0,0.0,1.0,1.0,0.0,
-0.9496170820640342,-0.36425602466446255,-0.588017490217596,0.0,0.0,1.0,0.0,0.0,0.0,1.0,1.0,0.0,
-0.10260961667346831,0.7414962853697291,-0.588017490217596,0.0,0.0,0.0,1.0,0.0,0.0,1.0,1.0,0.0,
0.23619336948275793,-0.6461144566339624,-0.588017490217596,1.0,0.0,0.0,0.0,0.0,1.0,0.0,1.0,0.0,
1.478470985388921,2.1507884452172283,4.97098786745756,0.0,0.0,1.0,0.0,0.0,1.0,0.0,1.0,0.0,
-1.0060842464234052,1.023354717339229,-0.588017490217596,0.0,0.0,0.0,1.0,0.0,1.0,0.0,0.0,1.0,
-1.1190185751421473,0.4379564355564216,-0.588017490217596,0.0,1.0,0.0,0.0,0.0,0.0,1.0,1.0,0.0,
0.29266053384212903,-0.7328401280091931,-0.588017490217596,0.0,0.0,0.0,1.0,0.0,1.0,0.0,1.0,0.0,
0.5185291912796132,1.4136202385277672,-0.588017490217596,1.0,0.0,0.0,0.0,1.0,0.0,0.0,1.0,0.0,
-0.5543469315484367,-1.1881499027291544,-0.588017490217596,0.0,0.0,0.0,1.0,1.0,0.0,0.0,1.0,0.0,
0.12325904076401598,0.5680449426192676,-0.588017490217596,0.0,0.0,0.0,1.0,0.0,1.0,0.0,1.0,0.0,
-1.0625514107827763,0.19946083927453712,-0.588017490217596,1.0,0.0,0.0,0.0,0.0,0.0,1.0,1.0,0.0,
-0.3849454384703236,0.5030006890878447,2.7568077673666083,1.0,0.0,0.0,0.0,0.0,0.0,1.0,1.0,0.0,
-0.3849454384703236,-0.32089318897684715,-0.588017490217596,0.0,0.0,0.0,1.0,0.0,0.0,1.0,1.0,0.0,
0.7443978487170974,1.630434416965844,-0.588017490217596,0.0,1.0,0.0,0.0,1.0,0.0,0.0,1.0,0.0,
-1.1190185751421473,-1.3182384097920004,0.38245293663077873,0.0,1.0,0.0,0.0,1.0,0.0,0.0,1.0,0.0,
-0.5543469315484367,0.6330891961506907,-0.588017490217596,1.0,0.0,0.0,0.0,0.0,0.0,1.0,1.0,0.0,
-1.1190185751421473,0.13441658574311408,-0.588017490217596,0.0,1.0,0.0,0.0,0.0,0.0,1.0,1.0,0.0,
-1.0625514107827763,-1.3182384097920004,-0.588017490217596,0.0,1.0,0.0,0.0,0.0,0.0,1.0,1.0,0.0,
-0.6672812602671788,-1.2965569919481927,0.3636088506725579,0.0,0.0,0.0,1.0,1.0,0.0,0.0,1.0,0.0,
0.23619336948275793,-0.3425746068206548,-0.588017490217596,0.0,0.0,1.0,0.0,1.0,0.0,0.0,1.0,0.0,
-0.15907678103283943,0.09105375005549873,0.8252889566489692,0.0,0.0,1.0,0.0,0.0,1.0,0.0,1.0,0.0,
0.06679187640464487,-0.25584893544542414,-0.588017490217596,0.0,0.0,0.0,1.0,0.0,0.0,1.0,1.0,0.0,
-0.3284782741109526,-0.10407901053877038,-0.588017490217596,0.0,0.0,0.0,1.0,0.0,1.0,0.0,1.0,0.0,
-0.13084319885315387,-0.25584893544542414,-0.588017490217596,0.0,1.0,0.0,0.0,0.0,0.0,1.0,1.0,0.0,
0.06679187640464487,-0.45098169603969324,-0.588017490217596,0.0,0.0,1.0,0.0,1.0,0.0,0.0,1.0,0.0,
-0.780215588985921,-0.9279728886034622,0.84413304260719,1.0,0.0,0.0,0.0,0.0,0.0,1.0,1.0,0.0,
0.12325904076401598,0.3945935998688062,-0.588017490217596,0.0,1.0,0.0,0.0,1.0,0.0,0.0,1.0,0.0,
1.309069492310808,2.107425609529613,3.096001314614584,0.0,1.0,0.0,0.0,0.0,0.0,1.0,0.0,1.0,
-0.8366827533452921,0.3078679284935755,0.4295631515263309,0.0,0.0,1.0,0.0,0.0,0.0,1.0,1.0,0.0,
-0.04614245231409733,-0.42930027819588557,0.9571975583565152,0.0,0.0,0.0,1.0,0.0,0.0,1.0,1.0,0.0,
0.1966663544311983,-0.2775303532892318,0.6462701400458709,0.0,0.0,1.0,0.0,1.0,0.0,0.0,0.0,1.0,
-0.72374842462655,0.17777942143072945,2.379926048202191,0.0,0.0,0.0,1.0,0.0,0.0,1.0,1.0,0.0,
-0.5543469315484367,-0.9713357242910775,0.9477755153774048,0.0,0.0,0.0,1.0,1.0,0.0,0.0,1.0,0.0,
-0.9496170820640342,-1.4266454990110389,-0.588017490217596,0.0,0.0,1.0,0.0,0.0,0.0,1.0,1.0,0.0,
0.23619336948275793,1.088398970870652,-0.588017490217596,1.0,0.0,0.0,0.0,1.0,0.0,0.0,1.0,0.0,
-1.0625514107827763,-1.0146985599786928,0.8158669136698588,0.0,0.0,0.0,1.0,0.0,0.0,1.0,1.0,0.0,
-1.0625514107827763,-1.3399198276358082,-0.588017490217596,0.0,1.0,0.0,0.0,0.0,1.0,0.0,0.0,1.0,
0.9137993417952107,0.7848591210573445,-0.588017490217596,0.0,1.0,0.0,0.0,0.0,0.0,1.0,1.0,0.0,
-0.15907678103283943,-0.8846100529158468,-0.588017490217596,0.0,0.0,0.0,1.0,1.0,0.0,0.0,1.0,0.0,
3.3983545736075373,1.023354717339229,-0.588017490217596,0.0,1.0,0.0,0.0,1.0,0.0,0.0,1.0,0.0,
-0.15907678103283943,-0.25584893544542414,1.145638417938724,0.0,1.0,0.0,0.0,0.0,0.0,1.0,1.0,0.0,
0.12325904076401598,0.17777942143072945,0.41071906556811005,0.0,0.0,0.0,1.0,0.0,1.0,0.0,1.0,0.0,
-0.5543469315484367,-0.9713357242910775,0.9100873434609631,0.0,1.0,0.0,0.0,0.0,0.0,1.0,1.0,0.0,
-1.0625514107827763,-1.1664684848853466,-0.588017490217596,1.0,0.0,0.0,0.0,1.0,0.0,0.0,1.0,0.0,
0.06679187640464487,-0.36425602466446255,1.7392271256226814,0.0,0.0,1.0,0.0,1.0,0.0,0.0,1.0,0.0,
0.010324712045273772,-0.7328401280091931,-0.588017490217596,0.0,0.0,0.0,1.0,0.0,1.0,0.0,1.0,0.0,
-0.8366827533452921,-1.0146985599786928,0.2505443349232327,0.0,1.0,0.0,0.0,0.0,1.0,0.0,1.0,0.0,
0.34912769820150014,0.611407778306883,-0.588017490217596,1.0,0.0,0.0,0.0,1.0,0.0,0.0,1.0,0.0,
0.40559486256087124,0.3945935998688062,1.8240255124346754,1.0,0.0,0.0,0.0,0.0,1.0,0.0,1.0,0.0,
-0.8366827533452921,0.7414962853697291,-0.588017490217596,0.0,0.0,1.0,0.0,0.0,0.0,1.0,0.0,1.0,
3.1160187518106817,1.8689300132477284,-0.588017490217596,0.0,1.0,0.0,0.0,1.0,0.0,0.0,1.0,0.0,
-0.15907678103283943,-0.12576042838257806,1.381189492416485,0.0,1.0,0.0,0.0,1.0,0.0,0.0,1.0,0.0,
-1.0060842464234052,-0.9713357242910775,-0.588017490217596,0.0,1.0,0.0,0.0,0.0,0.0,1.0,1.0,0.0,
-0.8366827533452921,-0.5593887852587316,-0.588017490217596,0.0,0.0,1.0,0.0,0.0,1.0,0.0,1.0,0.0,
0.7443978487170974,0.9366290459639982,-0.588017490217596,0.0,1.0,0.0,0.0,1.0,0.0,0.0,1.0,0.0,
0.9702665061545818,-0.3425746068206548,-0.588017490217596,1.0,0.0,0.0,0.0,0.0,0.0,1.0,1.0,0.0,
-0.72374842462655,-0.8846100529158468,0.7593346557951961,1.0,0.0,0.0,0.0,1.0,0.0,0.0,1.0,0.0,
-0.8366827533452921,-1.209831320572962,-0.588017490217596,0.0,0.0,1.0,0.0,0.0,1.0,0.0,1.0,0.0,
3.1724859161700527,1.4136202385277672,0.6556921830249813,0.0,1.0,0.0,0.0,1.0,0.0,0.0,1.0,0.0,
0.010324712045273772,-0.5160259495711162,1.4282997073120371,0.0,0.0,1.0,0.0,1.0,0.0,0.0,1.0,0.0,
0.9702665061545818,0.09105375005549873,-0.588017490217596,1.0,0.0,0.0,0.0,0.0,0.0,1.0,1.0,0.0,
1.2526023279514371,0.8715847924325751,-0.588017490217596,0.0,1.0,0.0,0.0,0.0,0.0,1.0,0.0,1.0,
-0.3284782741109526,-0.9496543064472699,0.29765454981878486,0.0,1.0,0.0,0.0,0.0,1.0,0.0,1.0,0.0,
-0.6672812602671788,-0.6894772923215777,-0.588017490217596,0.0,0.0,0.0,1.0,1.0,0.0,0.0,1.0,0.0,
-1.1190185751421473,2.3459212058114973,-0.588017490217596,0.0,1.0,0.0,0.0,1.0,0.0,0.0,1.0,0.0,
-0.4414126028296947,0.1127351678993064,-0.588017490217596,1.0,0.0,0.0,0.0,1.0,0.0,0.0,1.0,0.0,
0.17972620512338683,-0.10407901053877038,-0.588017490217596,0.0,0.0,0.0,1.0,0.0,0.0,1.0,1.0,0.0,
-0.04614245231409733,0.7198148675259214,-0.588017490217596,0.0,0.0,0.0,1.0,0.0,1.0,0.0,1.0,0.0,
1.4220038210295503,2.8012309805314586,-0.588017490217596,0.0,1.0,0.0,0.0,1.0,0.0,0.0,1.0,0.0,
1.2526023279514371,2.497691130718151,-0.588017490217596,0.0,1.0,0.0,0.0,0.0,1.0,0.0,1.0,0.0,
-0.6955148424468645,-0.9062914707596545,-0.588017490217596,1.0,0.0,0.0,0.0,0.0,0.0,1.0,1.0,0.0,
0.12325904076401598,-0.21248609975780877,-0.588017490217596,0.0,0.0,0.0,1.0,1.0,0.0,0.0,1.0,0.0,
0.12325904076401598,-0.23416751760161647,-0.588017490217596,0.0,0.0,0.0,1.0,1.0,0.0,0.0,1.0,0.0,
-0.10260961667346831,-0.7328401280091931,0.29765454981878486,1.0,0.0,0.0,0.0,1.0,0.0,0.0,1.0,0.0,
1.309069492310808,0.35123076418119087,0.1751679910903492,1.0,0.0,0.0,0.0,1.0,0.0,0.0,1.0,0.0,
-0.780215588985921,-1.1664684848853466,0.3636088506725579,1.0,0.0,0.0,0.0,0.0,0.0,1.0,1.0,0.0,
-0.7406885739343612,-1.209831320572962,0.19401207704857007,1.0,0.0,0.0,0.0,0.0,0.0,1.0,1.0,0.0,
1.6478724784670347,0.9583104638078059,1.3717674494373744,1.0,0.0,0.0,0.0,1.0,0.0,0.0,1.0,0.0,
0.5749963556389843,0.17777942143072945,-0.588017490217596,1.0,0.0,0.0,0.0,0.0,0.0,1.0,1.0,0.0,
-1.0060842464234052,0.13441658574311408,-0.588017490217596,0.0,1.0,0.0,0.0,1.0,0.0,0.0,1.0,0.0,
0.4620620269202421,-0.2992117711330395,-0.588017490217596,0.0,0.0,0.0,1.0,0.0,1.0,0.0,1.0,0.0,
2.6642814369357137,2.1291070273734207,1.5036760511449205,0.0,1.0,0.0,0.0,1.0,0.0,0.0,1.0,0.0,
-1.1190185751421473,-0.21248609975780877,-0.588017490217596,1.0,0.0,0.0,0.0,0.0,1.0,0.0,1.0,0.0,
0.5749963556389843,0.9799918816516136,3.4728830337790013,0.0,0.0,0.0,1.0,0.0,1.0,0.0,1.0,0.0,
-0.6108140959078078,-0.5593887852587316,-0.588017490217596,0.0,0.0,1.0,0.0,0.0,0.0,1.0,0.0,1.0,
0.8008650130764685,0.8715847924325751,-0.588017490217596,1.0,0.0,0.0,0.0,1.0,0.0,0.0,1.0,0.0,
0.4620620269202421,0.35123076418119087,-0.588017490217596,1.0,0.0,0.0,0.0,0.0,1.0,0.0,1.0,0.0,
-0.6672812602671788,0.09105375005549873,2.257439489473755,0.0,0.0,1.0,0.0,1.0,0.0,0.0,1.0,0.0,
0.6879306843577265,-0.42930027819588557,0.8347109996280796,0.0,1.0,0.0,0.0,0.0,0.0,1.0,1.0,0.0,
2.269011286420116,1.153443224402075,-0.588017490217596,1.0,0.0,0.0,0.0,1.0,0.0,0.0,1.0,0.0,
0.29266053384212903,-0.7545215458530008,0.9760416443147361,1.0,0.0,0.0,0.0,0.0,0.0,1.0,1.0,0.0,
-0.15907678103283943,-0.7762029636968084,-0.588017490217596,1.0,0.0,0.0,0.0,1.0,0.0,0.0,1.0,0.0,
0.6879306843577265,0.9799918816516136,-0.588017490217596,1.0,0.0,0.0,0.0,0.0,0.0,1.0,1.0,0.0,
0.6879306843577265,-0.017353339163539667,-0.588017490217596,0.0,1.0,0.0,0.0,0.0,0.0,1.0,1.0,0.0,
0.010324712045273772,0.17777942143072945,1.7580712115809023,0.0,1.0,0.0,0.0,1.0,0.0,0.0,1.0,0.0,
-0.2155439453922104,0.06937233221169105,-0.588017490217596,0.0,0.0,0.0,1.0,0.0,1.0,0.0,1.0,0.0,
0.12325904076401598,-0.49434453172730863,1.579052394977804,0.0,0.0,0.0,1.0,1.0,0.0,0.0,1.0,0.0,
-0.15907678103283943,-0.6894772923215777,0.33534272173522656,0.0,0.0,0.0,1.0,1.0,0.0,0.0,1.0,0.0,
2.381945615138858,2.0640627738419974,2.4741464779932953,0.0,1.0,0.0,0.0,0.0,1.0,0.0,1.0,0.0,
0.29266053384212903,1.1751246422458828,-0.588017490217596,1.0,0.0,0.0,0.0,1.0,0.0,0.0,1.0,0.0,
-0.9496170820640342,-1.144787067041539,-0.588017490217596,1.0,0.0,0.0,0.0,0.0,0.0,1.0,1.0,0.0,
-0.2155439453922104,-0.5160259495711162,0.5708937962129874,0.0,1.0,0.0,0.0,0.0,0.0,1.0,1.0,0.0,
0.06679187640464487,-0.5810702031025393,-0.588017490217596,0.0,0.0,0.0,1.0,0.0,0.0,1.0,1.0,0.0,
-1.0060842464234052,-1.1881499027291544,-0.588017490217596,0.0,0.0,0.0,1.0,1.0,0.0,0.0,1.0,0.0,
-0.2155439453922104,-0.6894772923215777,-0.588017490217596,1.0,0.0,0.0,0.0,0.0,1.0,0.0,1.0,0.0,
3.963026217201248,2.2808769522800745,2.210329274578203,0.0,1.0,0.0,0.0,0.0,1.0,0.0,1.0,0.0,
-0.780215588985921,-0.45098169603969324,-0.588017490217596,0.0,0.0,0.0,1.0,0.0,1.0,0.0,1.0,0.0,
-0.3284782741109526,-0.25584893544542414,0.712224440899644,0.0,0.0,1.0,0.0,0.0,0.0,1.0,1.0,0.0,
1.0267336705139527,1.3052131493087287,1.1362163749596135,0.0,1.0,0.0,0.0,0.0,0.0,1.0,1.0,0.0,
-0.2720111097515815,-0.8629286350720391,-0.588017490217596,1.0,0.0,0.0,0.0,0.0,1.0,0.0,1.0,0.0,
3.1724859161700527,2.3242397879676897,-0.588017490217596,0.0,1.0,0.0,0.0,1.0,0.0,0.0,1.0,0.0,
-0.780215588985921,1.2618503136211134,2.5024126069306267,1.0,0.0,0.0,0.0,1.0,0.0,0.0,1.0,0.0,
-1.1190185751421473,1.3702574028401517,-0.588017490217596,1.0,0.0,0.0,0.0,1.0,0.0,0.0,1.0,0.0,
-0.15907678103283943,-0.42930027819588557,-0.588017490217596,0.0,1.0,0.0,0.0,1.0,0.0,0.0,1.0,0.0,
-0.6108140959078078,-0.42930027819588557,1.2681249766671596,0.0,0.0,1.0,0.0,0.0,0.0,1.0,1.0,0.0,
-0.780215588985921,-0.6461144566339624,-0.588017490217596,0.0,0.0,0.0,1.0,0.0,1.0,0.0,1.0,0.0,
-0.8366827533452921,-1.3616012454796158,0.1469018621530179,0.0,0.0,0.0,1.0,0.0,1.0,0.0,1.0,0.0,
2.269011286420116,2.237514116592459,-0.588017490217596,0.0,1.0,0.0,0.0,0.0,1.0,0.0,1.0,0.0,
-0.8366827533452921,0.37291218202499854,2.332815833306639,0.0,0.0,1.0,0.0,1.0,0.0,0.0,1.0,0.0,
-0.3284782741109526,-0.10407901053877038,-0.588017490217596,0.0,0.0,1.0,0.0,0.0,0.0,1.0,1.0,0.0,
2.777215765654456,1.3919388206839596,-0.588017490217596,0.0,1.0,0.0,0.0,1.0,0.0,0.0,1.0,0.0,
1.6478724784670347,0.41627501771261394,1.9747782001004421,1.0,0.0,0.0,0.0,1.0,0.0,0.0,1.0,0.0,
-1.0060842464234052,-1.1014242313539235,0.22227820598590137,0.0,1.0,0.0,0.0,0.0,0.0,1.0,1.0,0.0,
-0.780215588985921,1.2401688957773058,0.8912432575027421,1.0,0.0,0.0,0.0,1.0,0.0,0.0,1.0,0.0,
-0.893149917704663,-1.1664684848853466,-0.588017490217596,0.0,0.0,1.0,0.0,1.0,0.0,0.0,1.0,0.0,
-0.72374842462655,-0.32089318897684715,0.9100873434609631,1.0,0.0,0.0,0.0,0.0,0.0,1.0,1.0,0.0,
0.12325904076401598,-0.5593887852587316,0.38245293663077873,0.0,0.0,1.0,0.0,0.0,1.0,0.0,1.0,0.0,
-0.8366827533452921,-1.1881499027291544,-0.588017490217596,0.0,0.0,1.0,0.0,1.0,0.0,0.0,1.0,0.0,
2.647341287627902,1.8472485954039208,-0.588017490217596,0.0,1.0,0.0,0.0,1.0,0.0,0.0,1.0,0.0,
-0.72374842462655,-0.9279728886034622,-0.588017490217596,0.0,1.0,0.0,0.0,0.0,1.0,0.0,1.0,0.0,
-0.3849454384703236,-1.1881499027291544,0.19401207704857007,0.0,0.0,1.0,0.0,1.0,0.0,0.0,1.0,0.0,
-1.0060842464234052,-1.2315127384167697,-0.588017490217596,0.0,1.0,0.0,0.0,0.0,0.0,1.0,1.0,0.0,
0.12325904076401598,-0.5810702031025393,1.362345406458264,0.0,0.0,0.0,1.0,0.0,1.0,0.0,1.0,0.0,
-0.3849454384703236,-1.144787067041539,0.5708937962129874,1.0,0.0,0.0,0.0,1.0,0.0,0.0,1.0,0.0,
2.325478450779487,1.5220273277468055,2.1820631456408717,0.0,1.0,0.0,0.0,0.0,0.0,1.0,0.0,1.0,
1.3260096416186196,1.153443224402075,-0.588017490217596,0.0,1.0,0.0,0.0,1.0,0.0,0.0,0.0,1.0,
-0.3284782741109526,-1.209831320572962,0.3164986357770057,1.0,0.0,0.0,0.0,0.0,0.0,1.0,1.0,0.0,
-0.3849454384703236,1.9339742667791515,-0.588017490217596,1.0,0.0,0.0,0.0,0.0,0.0,1.0,0.0,1.0,
1.139667999232695,0.611407778306883,-0.588017490217596,0.0,0.0,1.0,0.0,0.0,0.0,1.0,1.0,0.0,
-1.0060842464234052,-0.6461144566339624,0.9006653004818527,0.0,0.0,0.0,1.0,1.0,0.0,0.0,1.0,0.0,
-0.2720111097515815,1.153443224402075,-0.588017490217596,1.0,0.0,0.0,0.0,1.0,0.0,0.0,1.0,0.0,
3.3418874092481663,2.0640627738419974,0.34476476471433704,0.0,0.0,1.0,0.0,0.0,0.0,1.0,0.0,1.0,
-0.2720111097515815,-0.8846100529158468,-0.588017490217596,1.0,0.0,0.0,0.0,0.0,0.0,1.0,1.0,0.0,
-0.6108140959078078,-1.2315127384167697,0.3070765927978953,0.0,1.0,0.0,0.0,0.0,0.0,1.0,1.0,0.0,
-1.0060842464234052,-1.1014242313539235,-0.588017490217596,0.0,1.0,0.0,0.0,1.0,0.0,0.0,1.0,0.0,
-1.0625514107827763,-0.6461144566339624,0.28823250683967444,0.0,0.0,0.0,1.0,1.0,0.0,0.0,1.0,0.0,
-0.2155439453922104,0.1127351678993064,0.7687566987743065,0.0,0.0,1.0,0.0,0.0,0.0,1.0,1.0,0.0,
-0.3849454384703236,0.22114225711834481,0.5237835813174353,1.0,0.0,0.0,0.0,0.0,0.0,1.0,1.0,0.0,
-0.2720111097515815,-0.9062914707596545,0.21285616300679094,0.0,0.0,0.0,1.0,0.0,1.0,0.0,1.0,0.0,
3.454821737966908,1.5220273277468055,3.1525335724892463,1.0,0.0,0.0,0.0,1.0,0.0,0.0,1.0,0.0,
3.0030844230919396,1.630434416965844,-0.588017490217596,1.0,0.0,0.0,0.0,1.0,0.0,0.0,1.0,0.0,
0.23619336948275793,0.13441658574311408,-0.588017490217596,0.0,0.0,0.0,1.0,1.0,0.0,0.0,1.0,0.0,
0.3886547132530598,-0.10407901053877038,-0.588017490217596,0.0,0.0,1.0,0.0,0.0,1.0,0.0,1.0,0.0,
-0.4978797671890657,0.5030006890878447,-0.588017490217596,0.0,0.0,1.0,0.0,1.0,0.0,0.0,1.0,0.0,
-0.6955148424468645,-1.1881499027291544,-0.588017490217596,1.0,0.0,0.0,0.0,0.0,0.0,1.0,1.0,0.0,
-0.893149917704663,-1.1014242313539235,0.1469018621530179,0.0,0.0,0.0,1.0,0.0,1.0,0.0,1.0,0.0,
-0.04614245231409733,-0.9930171421348852,-0.588017490217596,0.0,0.0,0.0,1.0,0.0,0.0,1.0,1.0,0.0,
-0.6672812602671788,-0.3425746068206548,0.26938842088145354,0.0,0.0,1.0,0.0,0.0,0.0,1.0,1.0,0.0,
-0.4978797671890657,-1.209831320572962,0.3918749796098892,0.0,0.0,0.0,1.0,0.0,0.0,1.0,0.0,1.0,
-0.5543469315484367,-1.144787067041539,-0.588017490217596,0.0,1.0,0.0,0.0,1.0,0.0,0.0,0.0,1.0,
-0.72374842462655,0.09105375005549873,-0.588017490217596,0.0,0.0,1.0,0.0,0.0,1.0,0.0,1.0,0.0,
0.4620620269202421,0.06937233221169105,-0.588017490217596,1.0,0.0,0.0,0.0,0.0,0.0,1.0,1.0,0.0,
1.2526023279514371,0.8499033745887675,-0.588017490217596,0.0,0.0,1.0,0.0,0.0,1.0,0.0,1.0,0.0,
0.010324712045273772,0.09105375005549873,1.2398588477298285,0.0,1.0,0.0,0.0,1.0,0.0,0.0,1.0,0.0,
0.23619336948275793,-0.537707367414924,-0.588017490217596,0.0,0.0,1.0,0.0,0.0,1.0,0.0,1.0,0.0,
3.737157559763763,2.259195534436267,2.7756518533248293,1.0,0.0,0.0,0.0,1.0,0.0,0.0,1.0,0.0,
0.29266053384212903,0.17777942143072945,-0.588017490217596,1.0,0.0,0.0,0.0,1.0,0.0,0.0,0.0,1.0,
0.4620620269202421,-0.4726631138835009,-0.588017490217596,0.0,0.0,0.0,1.0,0.0,1.0,0.0,1.0,0.0,
-0.6108140959078078,-0.7545215458530008,-0.588017490217596,0.0,0.0,1.0,0.0,0.0,0.0,1.0,1.0,0.0,
-0.2720111097515815,-0.6894772923215777,-0.588017490217596,1.0,0.0,0.0,0.0,1.0,0.0,0.0,1.0,0.0,
-0.72374842462655,-1.3399198276358082,-0.588017490217596,0.0,0.0,0.0,1.0,1.0,0.0,0.0,1.0,0.0,
-0.780215588985921,-0.9713357242910775,-0.588017490217596,0.0,0.0,0.0,1.0,1.0,0.0,0.0,1.0,0.0,
-0.15907678103283943,-0.21248609975780877,-0.588017490217596,0.0,0.0,0.0,1.0,0.0,1.0,0.0,1.0,0.0,
-0.893149917704663,-1.1664684848853466,0.2505443349232327,0.0,0.0,0.0,1.0,0.0,1.0,0.0,1.0,0.0,
-0.15907678103283943,-0.7545215458530008,-0.588017490217596,0.0,0.0,0.0,1.0,0.0,1.0,0.0,1.0,0.0,
-0.8366827533452921,-0.9930171421348852,-0.588017490217596,0.0,0.0,1.0,0.0,0.0,1.0,0.0,1.0,0.0,
-0.6672812602671788,-0.23416751760161647,-0.588017490217596,0.0,1.0,0.0,0.0,0.0,0.0,1.0,1.0,0.0,
-0.10260961667346831,0.6330891961506907,-0.588017490217596,0.0,1.0,0.0,0.0,0.0,1.0,0.0,1.0,0.0,
-1.0060842464234052,0.09105375005549873,0.19401207704857007,1.0,0.0,0.0,0.0,0.0,1.0,0.0,1.0,0.0,
-0.780215588985921,-0.5160259495711162,-0.588017490217596,0.0,1.0,0.0,0.0,0.0,0.0,1.0,1.0,0.0,
-0.04614245231409733,-0.6894772923215777,-0.588017490217596,0.0,0.0,1.0,0.0,0.0,1.0,0.0,1.0,0.0,
-0.3849454384703236,-1.209831320572962,0.32592067875611613,0.0,0.0,1.0,0.0,0.0,1.0,0.0,1.0,0.0,
0.12325904076401598,-0.42930027819588557,-0.588017490217596,0.0,0.0,0.0,1.0,1.0,0.0,0.0,1.0,0.0,
0.06679187640464487,0.5680449426192676,-0.588017490217596,0.0,0.0,0.0,1.0,0.0,0.0,1.0,1.0,0.0,
-0.04614245231409733,0.4379564355564216,-0.588017490217596,1.0,0.0,0.0,0.0,0.0,1.0,0.0,1.0,0.0,
-0.15907678103283943,0.22114225711834481,0.33534272173522656,0.0,1.0,0.0,0.0,0.0,0.0,1.0,1.0,0.0,
-0.04614245231409733,-0.10407901053877038,1.409455621353816,0.0,0.0,0.0,1.0,1.0,0.0,0.0,1.0,0.0,
-0.15907678103283943,-0.66779587447777,-0.588017490217596,0.0,1.0,0.0,0.0,1.0,0.0,0.0,1.0,0.0,
-0.5543469315484367,-0.8629286350720391,-0.588017490217596,0.0,0.0,0.0,1.0,0.0,0.0,1.0,1.0,0.0,
-1.0625514107827763,-1.3832826633234234,-0.588017490217596,0.0,0.0,1.0,0.0,0.0,1.0,0.0,1.0,0.0,
0.06679187640464487,-0.4726631138835009,-0.588017490217596,0.0,0.0,0.0,1.0,1.0,0.0,0.0,1.0,0.0,
-0.5543469315484367,-0.6461144566339624,-0.588017490217596,0.0,0.0,0.0,1.0,0.0,1.0,0.0,1.0,0.0,
2.777215765654456,1.6737972526534592,-0.588017490217596,0.0,1.0,0.0,0.0,1.0,0.0,0.0,1.0,0.0,
0.06679187640464487,-0.5160259495711162,-0.588017490217596,0.0,0.0,0.0,1.0,0.0,0.0,1.0,1.0,0.0,
0.12325904076401598,1.088398970870652,-0.588017490217596,0.0,1.0,0.0,0.0,1.0,0.0,0.0,1.0,0.0,
0.29266053384212903,-0.7545215458530008,-0.588017490217596,1.0,0.0,0.0,0.0,0.0,0.0,1.0,1.0,0.0,
-0.3284782741109526,0.35123076418119087,0.35418680769344746,0.0,0.0,0.0,1.0,0.0,1.0,0.0,1.0,0.0,
0.4620620269202421,-0.5160259495711162,-0.588017490217596,1.0,0.0,0.0,0.0,0.0,1.0,0.0,1.0,0.0,
-0.72374842462655,-1.4266454990110389,-0.588017490217596,0.0,0.0,0.0,1.0,0.0,1.0,0.0,1.0,0.0,
-0.5543469315484367,-0.45098169603969324,0.4389851945054414,0.0,1.0,0.0,0.0,0.0,1.0,0.0,1.0,0.0,
3.3983545736075373,2.367602623655305,-0.588017490217596,0.0,0.0,1.0,0.0,1.0,0.0,0.0,1.0,0.0,
-1.0060842464234052,-0.7762029636968084,0.7028023979205336,0.0,0.0,0.0,1.0,1.0,0.0,0.0,1.0,0.0,
0.23619336948275793,-0.21248609975780877,1.861713684351117,0.0,1.0,0.0,0.0,0.0,1.0,0.0,1.0,0.0,
0.9137993417952107,0.3295493463373832,-0.588017490217596,1.0,0.0,0.0,0.0,0.0,1.0,0.0,1.0,0.0,
1.4220038210295503,2.107425609529613,3.322130346113234,0.0,1.0,0.0,0.0,1.0,0.0,0.0,1.0,0.0,
0.23619336948275793,0.9366290459639982,0.9289314294191839,0.0,0.0,1.0,0.0,0.0,1.0,0.0,1.0,0.0,
-0.893149917704663,-0.9496543064472699,0.3918749796098892,0.0,1.0,0.0,0.0,0.0,0.0,1.0,1.0,0.0,
1.8172739715451478,2.6060982199371896,4.330288944878051,0.0,0.0,0.0,1.0,0.0,0.0,1.0,0.0,1.0,
-1.1190185751421473,-0.3425746068206548,-0.588017490217596,1.0,0.0,0.0,0.0,0.0,1.0,0.0,1.0,0.0,
-0.17601693034065075,-0.5810702031025393,-0.588017490217596,0.0,1.0,0.0,0.0,0.0,1.0,0.0,1.0,0.0,
0.34912769820150014,0.06937233221169105,-0.588017490217596,0.0,0.0,0.0,1.0,0.0,0.0,1.0,1.0,0.0,
-0.6108140959078078,-0.66779587447777,-0.588017490217596,0.0,0.0,1.0,0.0,0.0,0.0,1.0,1.0,0.0,
-0.5543469315484367,0.41627501771261394,-0.588017490217596,0.0,0.0,0.0,1.0,0.0,1.0,0.0,1.0,0.0,
2.4553529288060405,1.6087529991220362,2.2857056184110864,1.0,0.0,0.0,0.0,1.0,0.0,0.0,1.0,0.0,
-0.6955148424468645,-0.9062914707596545,1.0231518592102882,1.0,0.0,0.0,0.0,0.0,0.0,1.0,1.0,0.0,
-1.0625514107827763,-0.6461144566339624,-0.588017490217596,0.0,0.0,1.0,0.0,0.0,0.0,1.0,1.0,0.0,
0.010324712045273772,0.1127351678993064,-0.588017490217596,0.0,0.0,0.0,1.0,0.0,0.0,1.0,1.0,0.0,
-1.0625514107827763,-0.23416751760161647,-0.588017490217596,0.0,1.0,0.0,0.0,1.0,0.0,0.0,1.0,0.0,
-1.0625514107827763,-1.144787067041539,0.48609540940099355,0.0,0.0,1.0,0.0,0.0,1.0,0.0,1.0,0.0,
-0.6672812602671788,-1.079742813510116,-0.588017490217596,0.0,1.0,0.0,0.0,0.0,0.0,1.0,1.0,0.0,
-0.3849454384703236,-0.7328401280091931,1.0514179881476196,0.0,0.0,0.0,1.0,1.0,0.0,0.0,1.0,0.0,
0.5749963556389843,0.37291218202499854,-0.588017490217596,0.0,0.0,0.0,1.0,1.0,0.0,0.0,0.0,1.0,
0.8008650130764685,-0.12576042838257806,1.1833265898551657,0.0,0.0,0.0,1.0,1.0,0.0,0.0,1.0,0.0,
-0.2155439453922104,-0.66779587447777,1.107950246022282,0.0,0.0,0.0,1.0,1.0,0.0,0.0,1.0,0.0,
-0.2720111097515815,0.41627501771261394,-0.588017490217596,1.0,0.0,0.0,0.0,0.0,0.0,1.0,1.0,0.0,
-0.04614245231409733,-0.9062914707596545,0.7687566987743065,0.0,0.0,1.0,0.0,0.0,1.0,0.0,1.0,0.0,
-0.6108140959078078,1.218487477933498,-0.588017490217596,1.0,0.0,0.0,0.0,1.0,0.0,0.0,1.0,0.0,
0.6879306843577265,-0.32089318897684715,-0.588017490217596,0.0,1.0,0.0,0.0,1.0,0.0,0.0,1.0,0.0,
0.06679187640464487,-0.32089318897684715,-0.588017490217596,0.0,0.0,1.0,0.0,0.0,0.0,1.0,1.0,0.0,
-1.0625514107827763,-0.7978843815406161,1.0891061600640612,0.0,0.0,1.0,0.0,0.0,0.0,1.0,1.0,0.0,
-0.2155439453922104,-0.42930027819588557,1.2681249766671596,1.0,0.0,0.0,0.0,0.0,1.0,0.0,1.0,0.0,
0.29266053384212903,0.8499033745887675,-0.588017490217596,1.0,0.0,0.0,0.0,0.0,0.0,1.0,1.0,0.0,
-0.3284782741109526,-0.49434453172730863,-0.588017490217596,1.0,0.0,0.0,0.0,1.0,0.0,0.0,1.0,0.0,
-0.15907678103283943,-0.42930027819588557,-0.588017490217596,0.0,0.0,0.0,1.0,0.0,1.0,0.0,1.0,0.0,
-1.0060842464234052,-1.0146985599786928,0.3636088506725579,0.0,0.0,0.0,1.0,0.0,1.0,0.0,1.0,0.0,
2.438412779498229,1.8038857597163054,-0.588017490217596,0.0,1.0,0.0,0.0,0.0,0.0,1.0,1.0,0.0,
1.4220038210295503,1.4353016563715748,-0.588017490217596,0.0,1.0,0.0,0.0,0.0,1.0,0.0,1.0,0.0,
0.6879306843577265,0.6547706139944984,-0.588017490217596,0.0,0.0,0.0,1.0,1.0,0.0,0.0,1.0,0.0,
-0.4978797671890657,-0.9279728886034622,-0.588017490217596,1.0,0.0,0.0,0.0,0.0,0.0,1.0,1.0,0.0,
-0.6108140959078078,-0.7762029636968084,0.7970228277116378,0.0,0.0,0.0,1.0,1.0,0.0,0.0,1.0,0.0,
0.9137993417952107,2.259195534436267,-0.588017490217596,0.0,0.0,0.0,1.0,0.0,1.0,0.0,1.0,0.0,
-0.3849454384703236,-0.5810702031025393,-0.588017490217596,1.0,0.0,0.0,0.0,0.0,1.0,0.0,1.0,0.0,
0.23619336948275793,-0.7545215458530008,-0.588017490217596,0.0,0.0,1.0,0.0,0.0,1.0,0.0,1.0,0.0,
2.7207486012950843,2.04238135599819,-0.588017490217596,1.0,0.0,0.0,0.0,0.0,0.0,1.0,0.0,1.0,
-0.8366827533452921,-1.1014242313539235,-0.588017490217596,0.0,0.0,0.0,1.0,0.0,1.0,0.0,1.0,0.0,
-0.3849454384703236,1.023354717339229,-0.588017490217596,1.0,0.0,0.0,0.0,1.0,0.0,0.0,1.0,0.0,
-1.0060842464234052,-0.9713357242910775,-0.588017490217596,0.0,0.0,0.0,1.0,0.0,1.0,0.0,1.0,0.0,
-1.0060842464234052,-0.32089318897684715,-0.588017490217596,1.0,0.0,0.0,0.0,1.0,0.0,0.0,1.0,0.0,
0.010324712045273772,-0.9062914707596545,-0.588017490217596,0.0,1.0,0.0,0.0,0.0,1.0,0.0,1.0,0.0,
0.34912769820150014,1.2618503136211134,-0.588017490217596,1.0,0.0,0.0,0.0,1.0,0.0,0.0,1.0,0.0,
-0.6672812602671788,0.28618651064976786,-0.588017490217596,0.0,0.0,0.0,1.0,1.0,0.0,0.0,1.0,0.0,
-0.3284782741109526,0.004328078680268014,-0.588017490217596,0.0,0.0,0.0,1.0,0.0,1.0,0.0,1.0,0.0,
0.29266053384212903,-0.017353339163539667,-0.588017490217596,1.0,0.0,0.0,0.0,1.0,0.0,0.0,1.0,0.0,
-0.8366827533452921,-0.12576042838257806,-0.588017490217596,0.0,0.0,1.0,0.0,0.0,0.0,1.0,1.0,0.0,
0.29266053384212903,0.15609800358692177,1.49425400816581,0.0,1.0,0.0,0.0,1.0,0.0,0.0,1.0,0.0,
-0.6672812602671788,-0.7762029636968084,1.126794331980503,0.0,1.0,0.0,0.0,1.0,0.0,0.0,1.0,0.0,
-0.10260961667346831,0.17777942143072945,-0.588017490217596,0.0,0.0,0.0,1.0,0.0,0.0,1.0,1.0,0.0,
-1.0060842464234052,-1.3616012454796158,-0.588017490217596,0.0,1.0,0.0,0.0,0.0,0.0,1.0,1.0,0.0,
-0.3284782741109526,2.3459212058114973,2.747385724387498,0.0,1.0,0.0,0.0,1.0,0.0,0.0,1.0,0.0,
-1.0060842464234052,-0.8846100529158468,-0.588017490217596,0.0,0.0,1.0,0.0,0.0,1.0,0.0,1.0,0.0,
-1.0625514107827763,-1.2315127384167697,0.5332056242965457,0.0,1.0,0.0,0.0,0.0,1.0,0.0,1.0,0.0,
-0.10260961667346831,-0.0823975926949627,0.6085819681294292,0.0,1.0,0.0,0.0,1.0,0.0,0.0,1.0,0.0,
-0.5543469315484367,-1.079742813510116,0.6839583119623126,0.0,0.0,1.0,0.0,0.0,1.0,0.0,1.0,0.0,
0.5185291912796132,1.2401688957773058,-0.588017490217596,1.0,0.0,0.0,0.0,1.0,0.0,0.0,1.0,0.0,
-0.15907678103283943,-0.8846100529158468,0.23170024896501182,0.0,0.0,0.0,1.0,1.0,0.0,0.0,1.0,0.0,
0.4620620269202421,-0.5593887852587316,-0.588017490217596,1.0,0.0,0.0,0.0,1.0,0.0,0.0,1.0,0.0,
-1.0625514107827763,-0.9713357242910775,0.6180040111085396,0.0,0.0,1.0,0.0,0.0,0.0,1.0,1.0,0.0,
-1.0625514107827763,0.004328078680268014,2.210329274578203,1.0,0.0,0.0,0.0,0.0,1.0,0.0,1.0,0.0,
-0.6108140959078078,-1.1014242313539235,-0.588017490217596,1.0,0.0,0.0,0.0,0.0,0.0,1.0,1.0,0.0,
0.8008650130764685,0.13441658574311408,-0.588017490217596,0.0,1.0,0.0,0.0,0.0,1.0,0.0,1.0,0.0,
0.17972620512338683,2.302558370123882,-0.588017490217596,0.0,1.0,0.0,0.0,0.0,1.0,0.0,0.0,1.0,
0.06679187640464487,-0.5160259495711162,-0.588017490217596,0.0,0.0,1.0,0.0,0.0,0.0,1.0,1.0,0.0,
-0.3284782741109526,-0.9930171421348852,0.3730308936516683,1.0,0.0,0.0,0.0,0.0,0.0,1.0,1.0,0.0,
1.0832008348733237,1.7388415061848823,-0.588017490217596,0.0,1.0,0.0,0.0,1.0,0.0,0.0,1.0,0.0,
-0.9496170820640342,-1.2315127384167697,-0.588017490217596,0.0,0.0,1.0,0.0,0.0,0.0,1.0,1.0,0.0,
-0.15907678103283943,-0.45098169603969324,-0.588017490217596,0.0,1.0,0.0,0.0,1.0,0.0,0.0,1.0,0.0,
0.4620620269202421,0.37291218202499854,-0.588017490217596,1.0,0.0,0.0,0.0,0.0,1.0,0.0,1.0,0.0,
0.6314635199983554,-0.12576042838257806,-0.588017490217596,0.0,0.0,1.0,0.0,0.0,1.0,0.0,1.0,0.0,
1.0267336705139527,0.7631777032135367,-0.588017490217596,1.0,0.0,0.0,0.0,1.0,0.0,0.0,1.0,0.0,
-0.3284782741109526,0.06937233221169105,1.2398588477298285,0.0,0.0,0.0,1.0,0.0,1.0,0.0,1.0,0.0,
1.6478724784670347,0.1127351678993064,-0.588017490217596,1.0,0.0,0.0,0.0,1.0,0.0,0.0,1.0,0.0,
-1.0060842464234052,-1.3182384097920004,0.35418680769344746,0.0,0.0,0.0,1.0,0.0,0.0,1.0,1.0,0.0,
-0.6672812602671788,1.4353016563715748,-0.588017490217596,1.0,0.0,0.0,0.0,1.0,0.0,0.0,1.0,0.0,
-0.4978797671890657,-1.0146985599786928,-0.588017490217596,0.0,0.0,0.0,1.0,0.0,0.0,1.0,1.0,0.0,
-0.4414126028296947,-0.7328401280091931,-0.588017490217596,0.0,0.0,0.0,1.0,0.0,1.0,0.0,1.0,0.0,
-0.5543469315484367,-1.209831320572962,0.27881046386056396,0.0,1.0,0.0,0.0,0.0,1.0,0.0,1.0,0.0,
-0.72374842462655,-0.017353339163539667,-0.588017490217596,0.0,1.0,0.0,0.0,0.0,1.0,0.0,1.0,0.0,
-0.9496170820640342,-1.1231056491977314,-0.588017490217596,0.0,0.0,0.0,1.0,1.0,0.0,0.0,1.0,0.0,
0.40559486256087124,0.17777942143072945,-0.588017490217596,1.0,0.0,0.0,0.0,1.0,0.0,0.0,1.0,0.0,
0.06679187640464487,-0.7111587101653853,0.7687566987743065,1.0,0.0,0.0,0.0,0.0,0.0,1.0,1.0,0.0,
0.010324712045273772,1.2618503136211134,-0.588017490217596,0.0,0.0,0.0,1.0,1.0,0.0,0.0,1.0,0.0,
0.9137993417952107,0.06937233221169105,0.7404905698369753,0.0,0.0,0.0,1.0,0.0,0.0,1.0,1.0,0.0,
-0.10260961667346831,-0.23416751760161647,1.5507862660404728,1.0,0.0,0.0,0.0,0.0,0.0,1.0,1.0,0.0,
-0.5543469315484367,-1.3616012454796158,0.2599663779023431,0.0,0.0,0.0,1.0,1.0,0.0,0.0,1.0,0.0,
2.269011286420116,1.6737972526534592,-0.588017490217596,1.0,0.0,0.0,0.0,1.0,0.0,0.0,1.0,0.0,
-0.3849454384703236,-0.8846100529158468,-0.588017490217596,1.0,0.0,0.0,0.0,0.0,1.0,0.0,1.0,0.0,
0.06679187640464487,-0.25584893544542414,-0.588017490217596,0.0,0.0,1.0,0.0,0.0,0.0,1.0,1.0,0.0,
-0.8366827533452921,-0.25584893544542414,1.49425400816581,0.0,0.0,1.0,0.0,0.0,0.0,1.0,1.0,0.0,
0.010324712045273772,0.5030006890878447,1.06084003112673,0.0,1.0,0.0,0.0,0.0,1.0,0.0,1.0,0.0,
-0.2720111097515815,-1.0146985599786928,-0.588017490217596,0.0,0.0,0.0,1.0,0.0,1.0,0.0,1.0,0.0,
-0.2720111097515815,0.15609800358692177,-0.588017490217596,0.0,1.0,0.0,0.0,0.0,0.0,1.0,0.0,1.0,
-0.3849454384703236,-0.8629286350720391,-0.588017490217596,0.0,1.0,0.0,0.0,1.0,0.0,0.0,1.0,0.0,
-0.9496170820640342,-1.079742813510116,0.1186357332156866,0.0,1.0,0.0,0.0,1.0,0.0,0.0,1.0,0.0,
-0.3849454384703236,-0.2992117711330395,-0.588017490217596,0.0,0.0,0.0,1.0,0.0,0.0,1.0,1.0,0.0,
-0.6955148424468645,-0.9279728886034622,0.40129702258899963,1.0,0.0,0.0,0.0,0.0,0.0,1.0,1.0,0.0,
1.3655366566701794,0.13441658574311408,-0.588017490217596,0.0,0.0,1.0,0.0,1.0,0.0,0.0,1.0,0.0,
0.8008650130764685,0.1127351678993064,-0.588017490217596,0.0,0.0,0.0,1.0,1.0,0.0,0.0,1.0,0.0,
0.3886547132530598,-0.017353339163539667,-0.588017490217596,0.0,0.0,1.0,0.0,1.0,0.0,0.0,1.0,0.0,
-0.3284782741109526,1.890611431091536,3.1807997014265776,0.0,0.0,1.0,0.0,1.0,0.0,0.0,1.0,0.0,
-1.0625514107827763,0.3078679284935755,1.0137298162311779,1.0,0.0,0.0,0.0,0.0,1.0,0.0,1.0,0.0,
-0.10260961667346831,0.5030006890878447,2.5495228218261787,0.0,0.0,1.0,0.0,0.0,1.0,0.0,1.0,0.0,
0.5749963556389843,-0.21248609975780877,1.5507862660404728,1.0,0.0,0.0,0.0,1.0,0.0,0.0,1.0,0.0,
-0.6672812602671788,-0.25584893544542414,-0.588017490217596,0.0,1.0,0.0,0.0,0.0,0.0,1.0,1.0,0.0,
-1.0625514107827763,-1.144787067041539,-0.588017490217596,1.0,0.0,0.0,0.0,1.0,0.0,0.0,1.0,0.0,
-0.6672812602671788,-0.9062914707596545,0.2505443349232327,0.0,1.0,0.0,0.0,0.0,0.0,1.0,1.0,0.0,
-1.0060842464234052,-1.1231056491977314,-0.588017490217596,0.0,0.0,0.0,1.0,1.0,0.0,0.0,1.0,0.0,
1.7043396428264055,1.630434416965844,-0.588017490217596,0.0,0.0,0.0,1.0,0.0,1.0,0.0,1.0,0.0,
-0.9496170820640342,-1.1231056491977314,-0.588017490217596,0.0,1.0,0.0,0.0,0.0,0.0,1.0,1.0,0.0,
-0.5543469315484367,-1.1231056491977314,-0.588017490217596,0.0,0.0,1.0,0.0,0.0,1.0,0.0,1.0,0.0,
-0.2720111097515815,-0.9062914707596545,-0.588017490217596,1.0,0.0,0.0,0.0,0.0,1.0,0.0,1.0,0.0,
-1.0625514107827763,-1.1014242313539235,-0.588017490217596,1.0,0.0,0.0,0.0,1.0,0.0,0.0,1.0,0.0,
-0.3284782741109526,0.5246821069316523,-0.588017490217596,0.0,1.0,0.0,0.0,1.0,0.0,0.0,1.0,0.0,
1.4220038210295503,0.611407778306883,-0.588017490217596,0.0,1.0,0.0,0.0,0.0,0.0,1.0,1.0,0.0,
-0.9496170820640342,-0.7762029636968084,-0.588017490217596,0.0,1.0,0.0,0.0,1.0,0.0,0.0,1.0,0.0,
0.6879306843577265,1.1968060600896904,-0.588017490217596,0.0,0.0,0.0,1.0,0.0,1.0,0.0,1.0,0.0,
-0.2720111097515815,1.6087529991220362,-0.588017490217596,1.0,0.0,0.0,0.0,1.0,0.0,0.0,1.0,0.0,
-0.9496170820640342,-0.9930171421348852,0.6462701400458709,0.0,1.0,0.0,0.0,0.0,1.0,0.0,1.0,0.0,
-0.9496170820640342,-1.144787067041539,-0.588017490217596,0.0,1.0,0.0,0.0,0.0,1.0,0.0,1.0,0.0,
-0.9496170820640342,-0.9062914707596545,0.3636088506725579,0.0,1.0,0.0,0.0,1.0,0.0,0.0,1.0,0.0,
-0.5543469315484367,-0.8629286350720391,-0.588017490217596,0.0,0.0,0.0,1.0,0.0,1.0,0.0,1.0,0.0,
-0.8366827533452921,-0.5593887852587316,-0.588017490217596,0.0,0.0,1.0,0.0,0.0,0.0,1.0,1.0,0.0,
-1.0060842464234052,-1.4266454990110389,-0.588017490217596,0.0,1.0,0.0,0.0,1.0,0.0,0.0,1.0,0.0,
-0.6108140959078078,-1.079742813510116,0.2599663779023431,0.0,0.0,0.0,1.0,0.0,1.0,0.0,1.0,0.0,
-0.10260961667346831,-0.4726631138835009,-0.588017490217596,1.0,0.0,0.0,0.0,0.0,0.0,1.0,1.0,0.0,
-1.0060842464234052,1.4353016563715748,-0.588017490217596,0.0,1.0,0.0,0.0,0.0,0.0,1.0,1.0,0.0,
-0.72374842462655,0.004328078680268014,-0.588017490217596,0.0,0.0,0.0,1.0,0.0,0.0,1.0,1.0,0.0,
0.12325904076401598,-0.03903475700734734,-0.588017490217596,0.0,0.0,0.0,1.0,0.0,1.0,0.0,1.0,0.0,
0.29266053384212903,0.1127351678993064,-0.588017490217596,0.0,0.0,1.0,0.0,1.0,0.0,0.0,1.0,0.0,
-0.3284782741109526,-0.6461144566339624,-0.588017490217596,0.0,0.0,1.0,0.0,1.0,0.0,0.0,1.0,0.0,
-0.2720111097515815,0.7631777032135367,-0.588017490217596,0.0,1.0,0.0,0.0,0.0,0.0,1.0,1.0,0.0,
-0.780215588985921,-1.4266454990110389,0.35418680769344746,0.0,0.0,0.0,1.0,0.0,1.0,0.0,1.0,0.0,
-0.6672812602671788,-0.7545215458530008,0.6180040111085396,1.0,0.0,0.0,0.0,0.0,1.0,0.0,1.0,0.0,
-0.5543469315484367,-0.25584893544542414,0.18459003406945965,0.0,1.0,0.0,0.0,0.0,0.0,1.0,1.0,0.0,
1.0267336705139527,0.4379564355564216,-0.588017490217596,1.0,0.0,0.0,0.0,1.0,0.0,0.0,1.0,0.0,
-0.15907678103283943,-1.0146985599786928,-0.588017490217596,0.0,0.0,1.0,0.0,0.0,1.0,0.0,1.0,0.0,
1.6478724784670347,0.13441658574311408,1.7486491686017918,1.0,0.0,0.0,0.0,1.0,0.0,0.0,1.0,0.0,
-0.2720111097515815,-0.9930171421348852,0.32592067875611613,1.0,0.0,0.0,0.0,0.0,1.0,0.0,1.0,0.0,
0.12325904076401598,-0.537707367414924,-0.588017490217596,0.0,0.0,0.0,1.0,0.0,1.0,0.0,1.0,0.0,
3.3983545736075373,1.8689300132477284,-0.588017490217596,0.0,0.0,1.0,0.0,0.0,1.0,0.0,0.0,1.0,
-0.72374842462655,-0.7111587101653853,0.712224440899644,0.0,1.0,0.0,0.0,0.0,0.0,1.0,1.0,0.0,
-0.2720111097515815,0.5246821069316523,-0.588017490217596,0.0,1.0,0.0,0.0,0.0,0.0,1.0,1.0,0.0,
0.12325904076401598,-0.21248609975780877,-0.588017490217596,1.0,0.0,0.0,0.0,0.0,0.0,1.0,1.0,0.0,
-0.5543469315484367,-0.9279728886034622,0.38245293663077873,0.0,1.0,0.0,0.0,0.0,1.0,0.0,0.0,1.0,
0.17972620512338683,0.004328078680268014,-0.588017490217596,0.0,0.0,0.0,1.0,0.0,0.0,1.0,1.0,0.0,
-0.15907678103283943,0.1127351678993064,-0.588017490217596,0.0,0.0,0.0,1.0,0.0,0.0,1.0,1.0,0.0,
-0.2720111097515815,1.0016732994954212,-0.588017490217596,1.0,0.0,0.0,0.0,1.0,0.0,0.0,1.0,0.0,
-0.5543469315484367,-0.6461144566339624,-0.588017490217596,1.0,0.0,0.0,0.0,0.0,0.0,1.0,1.0,0.0,
0.4620620269202421,0.13441658574311408,-0.588017490217596,0.0,1.0,0.0,0.0,1.0,0.0,0.0,1.0,0.0,
-1.0060842464234052,-0.7111587101653853,0.3730308936516683,1.0,0.0,0.0,0.0,0.0,0.0,1.0,1.0,0.0,
0.34912769820150014,-0.14744184622638573,-0.588017490217596,0.0,0.0,0.0,1.0,0.0,0.0,1.0,1.0,0.0,
-0.8366827533452921,-1.3399198276358082,-0.588017490217596,0.0,0.0,0.0,1.0,0.0,0.0,1.0,1.0,0.0,
-0.2720111097515815,0.7848591210573445,-0.588017490217596,0.0,1.0,0.0,0.0,0.0,0.0,1.0,1.0,0.0,
-1.0060842464234052,-1.2965569919481927,-0.588017490217596,1.0,0.0,0.0,0.0,1.0,0.0,0.0,1.0,0.0,
1.8172739715451478,0.8499033745887675,-0.588017490217596,0.0,0.0,0.0,1.0,1.0,0.0,0.0,0.0,1.0,
-0.5543469315484367,0.28618651064976786,0.561471753233877,0.0,0.0,0.0,1.0,0.0,1.0,0.0,1.0,0.0,
-0.2720111097515815,-0.9496543064472699,-0.588017490217596,0.0,0.0,0.0,1.0,0.0,1.0,0.0,1.0,0.0,
0.6879306843577265,-0.21248609975780877,-0.588017490217596,0.0,1.0,0.0,0.0,1.0,0.0,0.0,1.0,0.0,
-0.15907678103283943,0.6547706139944984,1.579052394977804,0.0,0.0,0.0,1.0,0.0,1.0,0.0,1.0,0.0,
-0.7406885739343612,-1.079742813510116,-0.588017490217596,1.0,0.0,0.0,0.0,0.0,0.0,1.0,1.0,0.0,
-0.9496170820640342,-0.7111587101653853,1.1739045468760552,0.0,1.0,0.0,0.0,1.0,0.0,0.0,1.0,0.0,
-0.4978797671890657,-0.66779587447777,0.21285616300679094,0.0,1.0,0.0,0.0,0.0,1.0,0.0,1.0,0.0,
-0.893149917704663,-0.9713357242910775,0.8912432575027421,0.0,0.0,0.0,1.0,0.0,1.0,0.0,0.0,1.0,
-0.3849454384703236,0.22114225711834481,0.5332056242965457,0.0,1.0,0.0,0.0,1.0,0.0,0.0,1.0,0.0,
-0.5543469315484367,-0.8629286350720391,-0.588017490217596,0.0,0.0,1.0,0.0,1.0,0.0,0.0,1.0,0.0,
0.06679187640464487,1.8472485954039208,-0.588017490217596,0.0,1.0,0.0,0.0,1.0,0.0,0.0,1.0,0.0,
-0.893149917704663,0.5680449426192676,-0.588017490217596,0.0,1.0,0.0,0.0,1.0,0.0,0.0,1.0,0.0,
-1.0625514107827763,-1.3832826633234234,-0.588017490217596,0.0,0.0,1.0,0.0,0.0,0.0,1.0,1.0,0.0,
2.099609793342003,1.153443224402075,-0.588017490217596,1.0,0.0,0.0,0.0,1.0,0.0,0.0,1.0,0.0,
-0.893149917704663,-1.209831320572962,0.20343412002768052,0.0,0.0,0.0,1.0,0.0,0.0,1.0,1.0,0.0,
-0.893149917704663,0.5030006890878447,-0.588017490217596,0.0,1.0,0.0,0.0,1.0,0.0,0.0,1.0,0.0,
1.0267336705139527,-0.03903475700734734,-0.588017490217596,0.0,0.0,0.0,1.0,0.0,1.0,0.0,1.0,0.0,
-0.8366827533452921,-1.079742813510116,-0.588017490217596,0.0,1.0,0.0,0.0,0.0,1.0,0.0,1.0,0.0,
2.438412779498229,1.5220273277468055,-0.588017490217596,0.0,1.0,0.0,0.0,1.0,0.0,0.0,0.0,1.0,
-0.8366827533452921,-0.42930027819588557,1.0325739021893987,0.0,0.0,1.0,0.0,0.0,1.0,0.0,1.0,0.0,
-0.780215588985921,-0.7328401280091931,-0.588017490217596,0.0,1.0,0.0,0.0,0.0,0.0,1.0,1.0,0.0,
-0.9496170820640342,-1.1664684848853466,-0.588017490217596,0.0,1.0,0.0,0.0,0.0,0.0,1.0,1.0,0.0,
0.23619336948275793,-0.49434453172730863,0.7970228277116378,0.0,1.0,0.0,0.0,0.0,1.0,0.0,1.0,0.0,
1.4220038210295503,0.004328078680268014,-0.588017490217596,0.0,1.0,0.0,0.0,0.0,0.0,1.0,1.0,0.0,
0.23619336948275793,1.8038857597163054,-0.588017490217596,1.0,0.0,0.0,0.0,1.0,0.0,0.0,1.0,0.0,
0.010324712045273772,-0.9930171421348852,-0.588017490217596,1.0,0.0,0.0,0.0,0.0,1.0,0.0,1.0,0.0,
0.5749963556389843,0.37291218202499854,0.9006653004818527,1.0,0.0,0.0,0.0,0.0,0.0,1.0,1.0,0.0,
1.0267336705139527,0.28618651064976786,1.7015389537062395,1.0,0.0,0.0,0.0,1.0,0.0,0.0,1.0,0.0,
-0.893149917704663,-1.079742813510116,0.495517452380104,0.0,0.0,0.0,1.0,0.0,0.0,1.0,1.0,0.0,
-1.1190185751421473,1.6737972526534592,-0.588017490217596,1.0,0.0,0.0,0.0,1.0,0.0,0.0,1.0,0.0,
-0.893149917704663,-0.9713357242910775,-0.588017490217596,1.0,0.0,0.0,0.0,0.0,0.0,1.0,1.0,0.0,
0.40559486256087124,0.54636352477546,0.5991599251503187,1.0,0.0,0.0,0.0,0.0,1.0,0.0,1.0,0.0,
2.8336829300138264,1.4136202385277672,1.3435013205000432,1.0,0.0,0.0,0.0,1.0,0.0,0.0,1.0,0.0,
-0.04614245231409733,-0.10407901053877038,-0.588017490217596,0.0,0.0,0.0,1.0,0.0,0.0,1.0,1.0,0.0,
0.5185291912796132,1.8689300132477284,0.9195093864400735,1.0,0.0,0.0,0.0,1.0,0.0,0.0,1.0,0.0,
-1.1190185751421473,-1.079742813510116,-0.588017490217596,0.0,1.0,0.0,0.0,1.0,0.0,0.0,1.0,0.0,
0.34912769820150014,1.023354717339229,2.728541638429277,1.0,0.0,0.0,0.0,1.0,0.0,0.0,1.0,0.0,
0.29266053384212903,0.7631777032135367,-0.588017490217596,0.0,0.0,0.0,1.0,0.0,0.0,1.0,1.0,0.0,
0.8008650130764685,0.5897263604630754,-0.588017490217596,0.0,0.0,0.0,1.0,0.0,1.0,0.0,1.0,0.0,
-0.10260961667346831,-0.5593887852587316,-0.588017490217596,0.0,0.0,0.0,1.0,0.0,0.0,1.0,1.0,0.0,
2.551347108216971,1.7388415061848823,-0.588017490217596,0.0,1.0,0.0,0.0,1.0,0.0,0.0,1.0,0.0,
0.010324712045273772,-0.10407901053877038,0.5049394953592143,0.0,0.0,1.0,0.0,0.0,1.0,0.0,1.0,0.0,
0.010324712045273772,0.17777942143072945,0.8064448706907483,0.0,1.0,0.0,0.0,0.0,1.0,0.0,1.0,0.0,
-0.2155439453922104,-0.10407901053877038,1.9088238992466693,1.0,0.0,0.0,0.0,0.0,0.0,1.0,1.0,0.0,
-0.8366827533452921,-1.1231056491977314,-0.588017490217596,0.0,0.0,1.0,0.0,1.0,0.0,0.0,1.0,0.0,
-0.5543469315484367,-1.3399198276358082,0.3070765927978953,0.0,0.0,0.0,1.0,1.0,0.0,0.0,1.0,0.0,
-0.10260961667346831,-0.9496543064472699,-0.588017490217596,0.0,0.0,0.0,1.0,1.0,0.0,0.0,1.0,0.0,
-0.7406885739343612,-1.1231056491977314,-0.588017490217596,0.0,0.0,1.0,0.0,0.0,1.0,0.0,1.0,0.0,
-0.5543469315484367,-1.1014242313539235,0.5049394953592143,0.0,1.0,0.0,0.0,1.0,0.0,0.0,1.0,0.0,
-0.3284782741109526,-0.7328401280091931,-0.588017490217596,1.0,0.0,0.0,0.0,1.0,0.0,0.0,1.0,0.0,
-1.1190185751421473,-1.4266454990110389,0.3164986357770057,0.0,1.0,0.0,0.0,0.0,0.0,1.0,1.0,0.0,
0.17972620512338683,-0.03903475700734734,-0.588017490217596,0.0,0.0,0.0,1.0,0.0,0.0,1.0,1.0,0.0,
0.06679187640464487,-0.6894772923215777,-0.588017490217596,1.0,0.0,0.0,0.0,0.0,0.0,1.0,1.0,0.0,
-0.780215588985921,-1.3182384097920004,-0.588017490217596,0.0,0.0,0.0,1.0,0.0,1.0,0.0,1.0,0.0,
-0.6108140959078078,-0.66779587447777,1.2398588477298285,0.0,0.0,0.0,1.0,0.0,1.0,0.0,1.0,0.0,
-0.3849454384703236,-0.42930027819588557,-0.588017490217596,0.0,0.0,0.0,1.0,1.0,0.0,0.0,1.0,0.0,
0.12325904076401598,1.218487477933498,-0.588017490217596,0.0,0.0,1.0,0.0,0.0,0.0,1.0,1.0,0.0,
0.29266053384212903,0.611407778306883,-0.588017490217596,0.0,1.0,0.0,0.0,1.0,0.0,0.0,1.0,0.0,
-0.2720111097515815,-0.66779587447777,0.8535550855863004,0.0,0.0,1.0,0.0,1.0,0.0,0.0,1.0,0.0,
0.4620620269202421,2.5410539664057663,1.6544287388106875,0.0,1.0,0.0,0.0,1.0,0.0,0.0,1.0,0.0,
0.8008650130764685,1.3919388206839596,3.9628292686927438,0.0,0.0,1.0,0.0,1.0,0.0,0.0,1.0,0.0,
-0.6672812602671788,-0.7762029636968084,-0.588017490217596,0.0,1.0,0.0,0.0,1.0,0.0,0.0,1.0,0.0,
-1.1190185751421473,1.4353016563715748,-0.588017490217596,0.0,1.0,0.0,0.0,1.0,0.0,0.0,1.0,0.0,
-0.3849454384703236,0.13441658574311408,2.1726411026617614,1.0,0.0,0.0,0.0,0.0,0.0,1.0,1.0,0.0,
1.0267336705139527,1.9339742667791515,3.388084646967007,0.0,1.0,0.0,0.0,0.0,0.0,1.0,0.0,1.0,
-0.780215588985921,-0.8629286350720391,-0.588017490217596,1.0,0.0,0.0,0.0,0.0,0.0,1.0,1.0,0.0,
-0.9496170820640342,-1.2315127384167697,0.20343412002768052,0.0,0.0,0.0,1.0,0.0,1.0,0.0,1.0,0.0,
-0.6108140959078078,-1.2965569919481927,-0.588017490217596,0.0,0.0,1.0,0.0,0.0,0.0,1.0,1.0,0.0,
0.010324712045273772,1.7171600883410747,0.6368480970667605,0.0,1.0,0.0,0.0,1.0,0.0,0.0,1.0,0.0,
-0.3284782741109526,-0.9279728886034622,-0.588017490217596,0.0,0.0,1.0,0.0,1.0,0.0,0.0,1.0,0.0,
0.40559486256087124,2.1291070273734207,3.4351948618625596,0.0,0.0,0.0,1.0,1.0,0.0,0.0,1.0,0.0,
1.0267336705139527,0.7198148675259214,2.276283575431976,0.0,0.0,0.0,1.0,0.0,1.0,0.0,1.0,0.0,
-0.72374842462655,1.218487477933498,-0.588017490217596,0.0,1.0,0.0,0.0,0.0,1.0,0.0,1.0,0.0,
-0.4414126028296947,0.13441658574311408,-0.588017490217596,1.0,0.0,0.0,0.0,1.0,0.0,0.0,1.0,0.0,
-0.780215588985921,-0.9930171421348852,0.6085819681294292,1.0,0.0,0.0,0.0,0.0,0.0,1.0,1.0,0.0,
-1.0625514107827763,0.15609800358692177,-0.588017490217596,0.0,0.0,1.0,0.0,1.0,0.0,0.0,1.0,0.0,
0.06679187640464487,-0.5810702031025393,-0.588017490217596,1.0,0.0,0.0,0.0,0.0,0.0,1.0,1.0,0.0,
3.0030844230919396,1.0450361351830366,-0.588017490217596,1.0,0.0,0.0,0.0,1.0,0.0,0.0,1.0,0.0,
3.1724859161700527,2.4760097128743435,-0.588017490217596,0.0,1.0,0.0,0.0,1.0,0.0,0.0,1.0,0.0,
-0.3849454384703236,-1.209831320572962,-0.588017490217596,1.0,0.0,0.0,0.0,1.0,0.0,0.0,1.0,0.0,
-0.72374842462655,-0.66779587447777,1.0514179881476196,0.0,0.0,0.0,1.0,0.0,1.0,0.0,1.0,0.0,
-0.780215588985921,-1.079742813510116,-0.588017490217596,0.0,0.0,0.0,1.0,1.0,0.0,0.0,1.0,0.0,
-0.10260961667346831,0.22114225711834481,-0.588017490217596,0.0,0.0,1.0,0.0,0.0,1.0,0.0,1.0,0.0,
-0.15907678103283943,-0.7111587101653853,-0.588017490217596,0.0,0.0,1.0,0.0,0.0,1.0,0.0,1.0,0.0,
0.12325904076401598,-0.10407901053877038,1.6732728247689084,0.0,0.0,0.0,1.0,1.0,0.0,0.0,1.0,0.0,
-0.6672812602671788,-0.42930027819588557,0.994885730272957,1.0,0.0,0.0,0.0,1.0,0.0,0.0,1.0,0.0,
0.12325904076401598,0.19946083927453712,2.445880349055964,0.0,0.0,0.0,1.0,0.0,1.0,0.0,1.0,0.0,
0.34912769820150014,0.13441658574311408,-0.588017490217596,0.0,0.0,0.0,1.0,0.0,0.0,1.0,1.0,0.0,
-0.780215588985921,0.19946083927453712,-0.588017490217596,0.0,0.0,1.0,0.0,0.0,1.0,0.0,1.0,0.0,
3.737157559763763,2.3242397879676897,-0.588017490217596,1.0,0.0,0.0,0.0,1.0,0.0,0.0,1.0,0.0,
0.7443978487170974,1.3052131493087287,-0.588017490217596,0.0,1.0,0.0,0.0,1.0,0.0,0.0,1.0,0.0,
-0.9496170820640342,-1.1231056491977314,-0.588017490217596,0.0,0.0,1.0,0.0,0.0,0.0,1.0,1.0,0.0,
-0.10260961667346831,-0.6894772923215777,-0.588017490217596,1.0,0.0,0.0,0.0,0.0,1.0,0.0,1.0,0.0,
-0.7406885739343612,-1.1231056491977314,0.3070765927978953,0.0,0.0,1.0,0.0,0.0,1.0,0.0,1.0,0.0,
0.29266053384212903,-0.7111587101653853,-0.588017490217596,0.0,0.0,0.0,1.0,0.0,1.0,0.0,1.0,0.0,
1.1961351635920658,0.3078679284935755,2.229173360536424,1.0,0.0,0.0,0.0,1.0,0.0,0.0,0.0,1.0,
-0.893149917704663,1.153443224402075,-0.588017490217596,0.0,1.0,0.0,0.0,1.0,0.0,0.0,1.0,0.0,
-0.8366827533452921,-0.4726631138835009,-0.588017490217596,0.0,0.0,1.0,0.0,0.0,1.0,0.0,1.0,0.0,
-1.0060842464234052,0.7631777032135367,2.1820631456408717,0.0,1.0,0.0,0.0,1.0,0.0,0.0,1.0,0.0,
3.3418874092481663,1.8689300132477284,2.332815833306639,0.0,0.0,0.0,1.0,0.0,0.0,1.0,1.0,0.0,
-0.72374842462655,-0.8846100529158468,0.48609540940099355,0.0,1.0,0.0,0.0,0.0,1.0,0.0,1.0,0.0,
-1.0060842464234052,-0.21248609975780877,-0.588017490217596,0.0,0.0,0.0,1.0,1.0,0.0,0.0,1.0,0.0,
3.0030844230919396,1.7388415061848823,-0.588017490217596,1.0,0.0,0.0,0.0,1.0,0.0,0.0,1.0,0.0,
0.010324712045273772,-0.9279728886034622,-0.588017490217596,1.0,0.0,0.0,0.0,0.0,1.0,0.0,1.0,0.0,
0.5749963556389843,1.6737972526534592,-0.588017490217596,0.0,1.0,0.0,0.0,1.0,0.0,0.0,1.0,0.0,
-1.0625514107827763,-0.6894772923215777,-0.588017490217596,0.0,0.0,0.0,1.0,1.0,0.0,0.0,1.0,0.0,
1.1961351635920658,1.5003459099029979,-0.588017490217596,1.0,0.0,0.0,0.0,1.0,0.0,0.0,1.0,0.0,
-0.72374842462655,-0.017353339163539667,-0.588017490217596,0.0,0.0,1.0,0.0,1.0,0.0,0.0,1.0,0.0,
-1.1190185751421473,-1.2965569919481927,0.48609540940099355,0.0,1.0,0.0,0.0,1.0,0.0,0.0,1.0,0.0,
1.8172739715451478,0.7198148675259214,-0.588017490217596,1.0,0.0,0.0,0.0,1.0,0.0,0.0,1.0,0.0,
-0.3849454384703236,1.695478670497267,3.6990120652776515,1.0,0.0,0.0,0.0,1.0,0.0,0.0,1.0,0.0,
2.4553529288060405,2.6060982199371896,-0.588017490217596,1.0,0.0,0.0,0.0,1.0,0.0,0.0,1.0,0.0,
-1.0060842464234052,0.06937233221169105,-0.588017490217596,1.0,0.0,0.0,0.0,0.0,1.0,0.0,1.0,0.0,
-0.4978797671890657,-0.9496543064472699,0.21285616300679094,0.0,0.0,0.0,1.0,0.0,0.0,1.0,0.0,1.0,
-0.6672812602671788,-0.9496543064472699,-0.588017490217596,0.0,1.0,0.0,0.0,0.0,0.0,1.0,1.0,0.0,
-0.8366827533452921,0.3078679284935755,-0.588017490217596,0.0,0.0,1.0,0.0,0.0,0.0,1.0,1.0,0.0,
-0.36800528916251224,-0.7978843815406161,-0.588017490217596,1.0,0.0,0.0,0.0,1.0,0.0,0.0,1.0,0.0,
0.010324712045273772,0.19946083927453712,-0.588017490217596,0.0,0.0,1.0,0.0,0.0,1.0,0.0,1.0,0.0,
0.23619336948275793,-0.3425746068206548,-0.588017490217596,0.0,1.0,0.0,0.0,0.0,1.0,0.0,1.0,0.0,
0.5185291912796132,0.9583104638078059,-0.588017490217596,1.0,0.0,0.0,0.0,1.0,0.0,0.0,1.0,0.0,
0.010324712045273772,-0.7328401280091931,1.0702620741058404,1.0,0.0,0.0,0.0,0.0,1.0,0.0,1.0,0.0,
-0.9496170820640342,-1.079742813510116,-0.588017490217596,0.0,0.0,1.0,0.0,0.0,0.0,1.0,1.0,0.0,
-0.4978797671890657,1.1968060600896904,2.0595765869124363,0.0,0.0,0.0,1.0,1.0,0.0,0.0,0.0,1.0,
-0.780215588985921,-1.144787067041539,-0.588017490217596,0.0,0.0,0.0,1.0,0.0,1.0,0.0,1.0,0.0,
-0.9496170820640342,0.13441658574311408,1.4659878792284788,1.0,0.0,0.0,0.0,1.0,0.0,0.0,1.0,0.0,
-0.15907678103283943,-0.6461144566339624,0.3070765927978953,0.0,0.0,0.0,1.0,0.0,1.0,0.0,1.0,0.0,
0.5185291912796132,2.5193725485619587,-0.588017490217596,1.0,0.0,0.0,0.0,1.0,0.0,0.0,1.0,0.0,
-0.780215588985921,-0.537707367414924,-0.588017490217596,0.0,0.0,0.0,1.0,0.0,1.0,0.0,1.0,0.0,
-0.9496170820640342,-0.8629286350720391,0.5426276672756561,1.0,0.0,0.0,0.0,0.0,0.0,1.0,1.0,0.0,
-1.0060842464234052,-1.2315127384167697,-0.588017490217596,1.0,0.0,0.0,0.0,1.0,0.0,0.0,1.0,0.0,
0.12325904076401598,-0.21248609975780877,-0.588017490217596,0.0,0.0,0.0,1.0,0.0,1.0,0.0,1.0,0.0,
-0.9496170820640342,-1.079742813510116,0.5708937962129874,0.0,1.0,0.0,0.0,1.0,0.0,0.0,1.0,0.0,
-0.2720111097515815,-0.8629286350720391,0.5237835813174353,1.0,0.0,0.0,0.0,0.0,1.0,0.0,1.0,0.0,
0.010324712045273772,-0.7111587101653853,-0.588017490217596,0.0,1.0,0.0,0.0,0.0,0.0,1.0,1.0,0.0,
-0.9496170820640342,1.2401688957773058,-0.588017490217596,1.0,0.0,0.0,0.0,1.0,0.0,0.0,1.0,0.0,
2.551347108216971,1.8689300132477284,3.981673354650965,0.0,0.0,1.0,0.0,0.0,1.0,0.0,0.0,1.0,
-0.3284782741109526,-0.9279728886034622,0.9854636872938465,1.0,0.0,0.0,0.0,0.0,0.0,1.0,1.0,0.0,
-0.72374842462655,-0.6894772923215777,0.8535550855863004,0.0,0.0,1.0,0.0,0.0,1.0,0.0,1.0,0.0,
-1.1190185751421473,0.41627501771261394,1.0514179881476196,1.0,0.0,0.0,0.0,1.0,0.0,0.0,1.0,0.0,
-0.6108140959078078,0.7198148675259214,-0.588017490217596,1.0,0.0,0.0,0.0,1.0,0.0,0.0,1.0,0.0,
0.5749963556389843,-0.45098169603969324,0.4295631515263309,0.0,0.0,1.0,0.0,1.0,0.0,0.0,1.0,0.0,
0.010324712045273772,-0.49434453172730863,-0.588017490217596,0.0,0.0,1.0,0.0,0.0,1.0,0.0,0.0,1.0,
-0.2155439453922104,-0.25584893544542414,-0.588017490217596,0.0,1.0,0.0,0.0,0.0,0.0,1.0,1.0,0.0,
1.0832008348733237,1.825567177560113,-0.588017490217596,1.0,0.0,0.0,0.0,0.0,0.0,1.0,1.0,0.0,
0.5749963556389843,1.023354717339229,0.495517452380104,1.0,0.0,0.0,0.0,0.0,0.0,1.0,1.0,0.0,
1.5349381497482923,1.6087529991220362,-0.588017490217596,1.0,0.0,0.0,0.0,1.0,0.0,0.0,1.0,0.0,
1.309069492310808,1.088398970870652,1.4754099222075892,1.0,0.0,0.0,0.0,1.0,0.0,0.0,1.0,0.0,
1.0267336705139527,0.13441658574311408,-0.588017490217596,0.0,0.0,0.0,1.0,0.0,1.0,0.0,1.0,0.0,
-0.8366827533452921,0.41627501771261394,-0.588017490217596,0.0,0.0,1.0,0.0,0.0,0.0,1.0,1.0,0.0,
-0.15907678103283943,-0.5160259495711162,0.38245293663077873,0.0,0.0,0.0,1.0,0.0,1.0,0.0,1.0,0.0,
-0.2720111097515815,-1.1231056491977314,-0.588017490217596,1.0,0.0,0.0,0.0,0.0,1.0,0.0,1.0,0.0,
0.010324712045273772,0.06937233221169105,-0.588017490217596,0.0,0.0,1.0,0.0,0.0,0.0,1.0,0.0,1.0,
-0.72374842462655,-0.9930171421348852,-0.588017490217596,0.0,1.0,0.0,0.0,0.0,0.0,1.0,1.0,0.0,
-0.3284782741109526,-0.7545215458530008,-0.588017490217596,0.0,0.0,1.0,0.0,0.0,0.0,1.0,0.0,1.0,
-0.8366827533452921,-0.49434453172730863,-0.588017490217596,0.0,0.0,1.0,0.0,0.0,1.0,0.0,1.0,0.0,
-0.2720111097515815,-0.8846100529158468,0.3636088506725579,0.0,0.0,1.0,0.0,1.0,0.0,0.0,1.0,0.0,
-1.0060842464234052,-0.9279728886034622,-0.588017490217596,0.0,1.0,0.0,0.0,0.0,0.0,1.0,1.0,0.0,
0.34912769820150014,0.5030006890878447,-0.588017490217596,1.0,0.0,0.0,0.0,1.0,0.0,0.0,1.0,0.0,
1.0267336705139527,0.06937233221169105,1.9370900281840004,0.0,1.0,0.0,0.0,0.0,0.0,1.0,1.0,0.0,
-0.10260961667346831,0.22114225711834481,-0.588017490217596,0.0,0.0,0.0,1.0,0.0,0.0,1.0,1.0,0.0,
-0.5543469315484367,-1.2965569919481927,-0.588017490217596,1.0,0.0,0.0,0.0,1.0,0.0,0.0,1.0,0.0,
-0.9496170820640342,-0.9496543064472699,0.3918749796098892,1.0,0.0,0.0,0.0,1.0,0.0,0.0,1.0,0.0,
-0.8366827533452921,-1.1231056491977314,-0.588017490217596,1.0,0.0,0.0,0.0,0.0,1.0,0.0,1.0,0.0,
-0.3849454384703236,-0.6894772923215777,-0.588017490217596,0.0,1.0,0.0,0.0,1.0,0.0,0.0,1.0,0.0,
-0.04614245231409733,-0.5593887852587316,0.2505443349232327,0.0,0.0,0.0,1.0,0.0,0.0,1.0,1.0,0.0,
0.4620620269202421,2.7361867270000357,-0.588017490217596,0.0,1.0,0.0,0.0,1.0,0.0,0.0,1.0,0.0,
-0.5543469315484367,0.6330891961506907,-0.588017490217596,0.0,0.0,1.0,0.0,1.0,0.0,0.0,1.0,0.0,
-0.780215588985921,0.5680449426192676,-0.588017490217596,0.0,1.0,0.0,0.0,1.0,0.0,0.0,1.0,0.0,
-0.2155439453922104,0.09105375005549873,-0.588017490217596,0.0,0.0,0.0,1.0,0.0,1.0,0.0,1.0,0.0,
-0.6672812602671788,1.7388415061848823,-0.588017490217596,1.0,0.0,0.0,0.0,1.0,0.0,0.0,1.0,0.0,
-0.6108140959078078,0.13441658574311408,-0.588017490217596,0.0,0.0,1.0,0.0,0.0,1.0,0.0,1.0,0.0,
0.17972620512338683,-0.2992117711330395,1.230436804750718,0.0,1.0,0.0,0.0,0.0,0.0,1.0,1.0,0.0,
-0.893149917704663,0.19946083927453712,0.778178741753417,0.0,1.0,0.0,0.0,0.0,0.0,1.0,1.0,0.0,
2.551347108216971,2.454328295030536,-0.588017490217596,0.0,1.0,0.0,0.0,1.0,0.0,0.0,1.0,0.0,
-0.15907678103283943,-0.7978843815406161,-0.588017490217596,0.0,0.0,0.0,1.0,1.0,0.0,0.0,1.0,0.0,
2.4553529288060405,2.822912398375266,1.9653561571213318,1.0,0.0,0.0,0.0,1.0,0.0,0.0,1.0,0.0,
0.9702665061545818,1.8038857597163054,-0.588017490217596,0.0,0.0,1.0,0.0,0.0,0.0,1.0,1.0,0.0,
-0.72374842462655,-1.3182384097920004,-0.588017490217596,0.0,1.0,0.0,0.0,0.0,0.0,1.0,1.0,0.0,
2.269011286420116,1.8038857597163054,2.295127661390197,0.0,1.0,0.0,0.0,1.0,0.0,0.0,0.0,1.0,
-1.0625514107827763,-0.6894772923215777,-0.588017490217596,0.0,0.0,1.0,0.0,0.0,1.0,0.0,1.0,0.0,
0.010324712045273772,-0.7328401280091931,-0.588017490217596,1.0,0.0,0.0,0.0,0.0,1.0,0.0,1.0,0.0,
-1.0060842464234052,1.6087529991220362,2.841606154178602,0.0,1.0,0.0,0.0,0.0,0.0,1.0,1.0,0.0,
1.478470985388921,0.6547706139944984,-0.588017490217596,1.0,0.0,0.0,0.0,1.0,0.0,0.0,1.0,0.0,
-0.5543469315484367,-1.1881499027291544,0.5049394953592143,0.0,0.0,0.0,1.0,1.0,0.0,0.0,1.0,0.0,
0.29266053384212903,1.3702574028401517,-0.588017490217596,1.0,0.0,0.0,0.0,1.0,0.0,0.0,1.0,0.0,
0.010324712045273772,2.3892840414991126,-0.588017490217596,0.0,0.0,1.0,0.0,0.0,1.0,0.0,1.0,0.0,
-0.780215588985921,-1.2965569919481927,0.13747981917390747,0.0,0.0,0.0,1.0,0.0,0.0,1.0,1.0,0.0,
0.40559486256087124,2.3892840414991126,-0.588017490217596,0.0,0.0,1.0,0.0,1.0,0.0,0.0,1.0,0.0,
-0.6672812602671788,-1.3182384097920004,-0.588017490217596,0.0,0.0,0.0,1.0,1.0,0.0,0.0,1.0,0.0,
-0.6108140959078078,-0.6894772923215777,1.06084003112673,0.0,0.0,1.0,0.0,0.0,0.0,1.0,1.0,0.0,
-1.1190185751421473,-0.6461144566339624,-0.588017490217596,0.0,0.0,0.0,1.0,0.0,1.0,0.0,1.0,0.0,
1.478470985388921,1.3052131493087287,0.26938842088145354,0.0,1.0,0.0,0.0,0.0,0.0,1.0,1.0,0.0,
0.010324712045273772,-0.9930171421348852,-0.588017490217596,0.0,1.0,0.0,0.0,0.0,0.0,1.0,1.0,0.0,
-0.04614245231409733,-0.7762029636968084,-0.588017490217596,0.0,0.0,1.0,0.0,0.0,1.0,0.0,1.0,0.0,
-1.0625514107827763,-0.12576042838257806,-0.588017490217596,0.0,0.0,1.0,0.0,1.0,0.0,0.0,1.0,0.0,
0.40559486256087124,1.153443224402075,2.6531652945963935,0.0,1.0,0.0,0.0,1.0,0.0,0.0,1.0,0.0,
3.1160187518106817,0.9366290459639982,-0.588017490217596,0.0,1.0,0.0,0.0,1.0,0.0,0.0,0.0,1.0,
-0.4978797671890657,0.41627501771261394,1.1833265898551657,0.0,1.0,0.0,0.0,1.0,0.0,0.0,1.0,0.0,
-0.9496170820640342,-1.0146985599786928,0.23170024896501182,0.0,0.0,0.0,1.0,1.0,0.0,0.0,1.0,0.0,
2.946617258732569,1.6087529991220362,-0.588017490217596,0.0,0.0,0.0,1.0,0.0,1.0,0.0,0.0,1.0,
1.1961351635920658,2.302558370123882,-0.588017490217596,0.0,0.0,1.0,0.0,0.0,1.0,0.0,0.0,1.0,
1.0832008348733237,1.3919388206839596,-0.588017490217596,0.0,1.0,0.0,0.0,1.0,0.0,0.0,1.0,0.0,
0.29266053384212903,-0.7328401280091931,-0.588017490217596,1.0,0.0,0.0,0.0,0.0,0.0,1.0,1.0,0.0,
3.3418874092481663,2.3892840414991126,2.7850738963039396,0.0,1.0,0.0,0.0,0.0,1.0,0.0,1.0,0.0,
-0.780215588985921,1.0450361351830366,-0.588017490217596,0.0,1.0,0.0,0.0,1.0,0.0,0.0,1.0,0.0,
-0.72374842462655,-1.209831320572962,0.5520497102547666,0.0,0.0,0.0,1.0,0.0,0.0,1.0,1.0,0.0,
-0.9496170820640342,-0.5160259495711162,-0.588017490217596,0.0,0.0,1.0,0.0,0.0,0.0,1.0,1.0,0.0,
0.4620620269202421,0.35123076418119087,-0.588017490217596,0.0,1.0,0.0,0.0,1.0,0.0,0.0,1.0,0.0,
-0.2720111097515815,2.1291070273734207,2.926404540990596,0.0,1.0,0.0,0.0,0.0,1.0,0.0,0.0,1.0,
-1.0625514107827763,-0.8846100529158468,-0.588017490217596,0.0,0.0,0.0,1.0,0.0,0.0,1.0,1.0,0.0,
-0.6955148424468645,-0.9930171421348852,-0.588017490217596,1.0,0.0,0.0,0.0,0.0,0.0,1.0,1.0,0.0,
-0.8366827533452921,0.8715847924325751,-0.588017490217596,0.0,1.0,0.0,0.0,0.0,0.0,1.0,1.0,0.0,
0.12325904076401598,0.5246821069316523,0.8723991715445213,0.0,0.0,0.0,1.0,0.0,1.0,0.0,1.0,0.0,
-0.15907678103283943,-0.7762029636968084,-0.588017490217596,0.0,1.0,0.0,0.0,0.0,1.0,0.0,1.0,0.0,
0.4620620269202421,-0.7545215458530008,-0.588017490217596,1.0,0.0,0.0,0.0,0.0,1.0,0.0,1.0,0.0,
-0.15907678103283943,-0.5593887852587316,0.3918749796098892,0.0,0.0,0.0,1.0,0.0,1.0,0.0,1.0,0.0,
2.269011286420116,2.367602623655305,-0.588017490217596,1.0,0.0,0.0,0.0,1.0,0.0,0.0,1.0,0.0,
-0.5543469315484367,-0.9062914707596545,-0.588017490217596,0.0,0.0,1.0,0.0,0.0,1.0,0.0,1.0,0.0,
1.1961351635920658,0.7631777032135367,-0.588017490217596,1.0,0.0,0.0,0.0,0.0,0.0,1.0,1.0,0.0,
1.139667999232695,0.6547706139944984,-0.588017490217596,1.0,0.0,0.0,0.0,1.0,0.0,0.0,1.0,0.0,
0.12325904076401598,-0.7111587101653853,1.1550604609178343,0.0,0.0,0.0,1.0,0.0,1.0,0.0,1.0,0.0,
-0.4414126028296947,-0.6894772923215777,-0.588017490217596,0.0,0.0,0.0,1.0,0.0,1.0,0.0,1.0,0.0,
-0.8366827533452921,-0.3425746068206548,-0.588017490217596,0.0,0.0,1.0,0.0,0.0,0.0,1.0,0.0,1.0,
-0.4978797671890657,-0.49434453172730863,-0.588017490217596,0.0,1.0,0.0,0.0,1.0,0.0,0.0,1.0,0.0,
-0.893149917704663,-1.1881499027291544,0.16574594811123877,0.0,1.0,0.0,0.0,1.0,0.0,0.0,1.0,0.0,
-1.0060842464234052,0.3945935998688062,2.323393790327528,1.0,0.0,0.0,0.0,0.0,1.0,0.0,1.0,0.0,
3.454821737966908,2.302558370123882,-0.588017490217596,1.0,0.0,0.0,0.0,1.0,0.0,0.0,1.0,0.0,
-0.6672812602671788,-0.10407901053877038,-0.588017490217596,1.0,0.0,0.0,0.0,0.0,0.0,1.0,1.0,0.0,
2.4948799438576006,1.4786644920591903,-0.588017490217596,0.0,1.0,0.0,0.0,0.0,0.0,1.0,0.0,1.0,
1.4220038210295503,0.3295493463373832,-0.588017490217596,0.0,1.0,0.0,0.0,0.0,0.0,1.0,1.0,0.0,
-1.1190185751421473,1.088398970870652,-0.588017490217596,1.0,0.0,0.0,0.0,1.0,0.0,0.0,1.0,0.0,
-1.0060842464234052,-1.4266454990110389,-0.588017490217596,1.0,0.0,0.0,0.0,1.0,0.0,0.0,1.0,0.0,
-0.8366827533452921,-1.144787067041539,0.46725132344277265,0.0,0.0,0.0,1.0,0.0,1.0,0.0,1.0,0.0,
-0.15907678103283943,-0.9713357242910775,-0.588017490217596,1.0,0.0,0.0,0.0,1.0,0.0,0.0,1.0,0.0,
-0.15907678103283943,-0.7328401280091931,-0.588017490217596,0.0,0.0,0.0,1.0,0.0,1.0,0.0,1.0,0.0,
-0.04614245231409733,-0.4726631138835009,1.1739045468760552,0.0,0.0,0.0,1.0,1.0,0.0,0.0,1.0,0.0,
-0.5543469315484367,1.5870715812782286,-0.588017490217596,1.0,0.0,0.0,0.0,1.0,0.0,0.0,1.0,0.0,
0.23619336948275793,-0.03903475700734734,1.1550604609178343,0.0,0.0,1.0,0.0,1.0,0.0,0.0,1.0,0.0,
-0.5543469315484367,-0.12576042838257806,-0.588017490217596,0.0,0.0,0.0,1.0,0.0,1.0,0.0,1.0,0.0,
-0.10260961667346831,0.15609800358692177,1.0891061600640612,0.0,1.0,0.0,0.0,1.0,0.0,0.0,1.0,0.0,
0.12325904076401598,-0.017353339163539667,-0.588017490217596,0.0,0.0,0.0,1.0,1.0,0.0,0.0,1.0,0.0,
-0.2155439453922104,-0.66779587447777,-0.588017490217596,0.0,1.0,0.0,0.0,0.0,0.0,1.0,1.0,0.0,
0.010324712045273772,0.8499033745887675,3.1996437873847987,0.0,1.0,0.0,0.0,1.0,0.0,0.0,1.0,0.0,
-0.8366827533452921,-1.1881499027291544,-0.588017490217596,0.0,0.0,0.0,1.0,0.0,0.0,1.0,1.0,0.0,
0.1966663544311983,-0.0823975926949627,-0.588017490217596,0.0,0.0,1.0,0.0,0.0,1.0,0.0,1.0,0.0,
-0.6672812602671788,0.13441658574311408,1.513098094124031,1.0,0.0,0.0,0.0,0.0,1.0,0.0,1.0,0.0,
0.8573321774358396,1.088398970870652,-0.588017490217596,0.0,0.0,0.0,1.0,0.0,1.0,0.0,1.0,0.0,
-0.780215588985921,-0.9713357242910775,0.7687566987743065,0.0,0.0,1.0,0.0,0.0,1.0,0.0,1.0,0.0,
0.9533263568467704,0.7198148675259214,2.2480174464946447,0.0,0.0,0.0,1.0,0.0,1.0,0.0,1.0,0.0,
-0.8366827533452921,-1.1881499027291544,0.5143615383383249,0.0,0.0,0.0,1.0,0.0,0.0,1.0,1.0,0.0,
0.6879306843577265,0.22114225711834481,-0.588017490217596,0.0,1.0,0.0,0.0,1.0,0.0,0.0,1.0,0.0,
-1.0060842464234052,-1.079742813510116,-0.588017490217596,0.0,1.0,0.0,0.0,1.0,0.0,0.0,1.0,0.0,
-0.15907678103283943,-0.5160259495711162,-0.588017490217596,0.0,0.0,1.0,0.0,1.0,0.0,0.0,1.0,0.0,
-0.893149917704663,-0.9062914707596545,0.6462701400458709,0.0,0.0,0.0,1.0,1.0,0.0,0.0,1.0,0.0,
-0.72374842462655,-1.404964081167231,-0.588017490217596,0.0,1.0,0.0,0.0,0.0,0.0,1.0,1.0,0.0,
-1.0060842464234052,-1.1231056491977314,-0.588017490217596,0.0,0.0,1.0,0.0,1.0,0.0,0.0,1.0,0.0,
-0.2720111097515815,-0.25584893544542414,-0.588017490217596,0.0,1.0,0.0,0.0,1.0,0.0,0.0,1.0,0.0,
2.7207486012950843,1.6087529991220362,-0.588017490217596,0.0,1.0,0.0,0.0,1.0,0.0,0.0,1.0,0.0,
-0.4978797671890657,-0.42930027819588557,-0.588017490217596,0.0,0.0,1.0,0.0,0.0,1.0,0.0,1.0,0.0,
-1.0060842464234052,-1.3832826633234234,0.41071906556811005,0.0,0.0,0.0,1.0,1.0,0.0,0.0,1.0,0.0,
-0.3849454384703236,-0.9713357242910775,-0.588017490217596,0.0,0.0,0.0,1.0,0.0,0.0,1.0,1.0,0.0,
-0.4414126028296947,-0.2775303532892318,1.861713684351117,1.0,0.0,0.0,0.0,1.0,0.0,0.0,1.0,0.0,
-0.4978797671890657,-0.537707367414924,-0.588017490217596,0.0,1.0,0.0,0.0,1.0,0.0,0.0,1.0,0.0,
0.34912769820150014,-0.060716174851155026,-0.588017490217596,0.0,0.0,1.0,0.0,0.0,1.0,0.0,1.0,0.0,
-0.10260961667346831,-0.7762029636968084,-0.588017490217596,1.0,0.0,0.0,0.0,0.0,0.0,1.0,1.0,0.0,
-1.0060842464234052,-0.6894772923215777,-0.588017490217596,0.0,0.0,0.0,1.0,1.0,0.0,0.0,1.0,0.0,
-0.04614245231409733,0.37291218202499854,0.35418680769344746,1.0,0.0,0.0,0.0,0.0,1.0,0.0,1.0,0.0,
-1.0625514107827763,-0.8629286350720391,-0.588017490217596,1.0,0.0,0.0,0.0,1.0,0.0,0.0,1.0,0.0,
-0.2720111097515815,-0.537707367414924,1.0043077732520673,0.0,0.0,1.0,0.0,1.0,0.0,0.0,1.0,0.0,
-0.10260961667346831,-0.5593887852587316,-0.588017490217596,1.0,0.0,0.0,0.0,1.0,0.0,0.0,1.0,0.0,
-0.2720111097515815,0.13441658574311408,2.012466372016884,0.0,0.0,1.0,0.0,1.0,0.0,0.0,1.0,0.0,
-0.2720111097515815,-0.45098169603969324,-0.588017490217596,0.0,0.0,1.0,0.0,1.0,0.0,0.0,1.0,0.0,
-0.6672812602671788,0.3078679284935755,0.7876007847325274,1.0,0.0,0.0,0.0,0.0,0.0,1.0,1.0,0.0,
-0.2155439453922104,-0.45098169603969324,1.1550604609178343,1.0,0.0,0.0,0.0,0.0,0.0,1.0,1.0,0.0,
-0.72374842462655,-1.404964081167231,0.1751679910903492,0.0,0.0,0.0,1.0,0.0,1.0,0.0,1.0,0.0,
0.010324712045273772,-0.9496543064472699,-0.588017490217596,0.0,1.0,0.0,0.0,0.0,0.0,1.0,1.0,0.0,
-0.2720111097515815,-0.7111587101653853,-0.588017490217596,1.0,0.0,0.0,0.0,1.0,0.0,0.0,1.0,0.0,
2.381945615138858,1.4569830742153824,0.5426276672756561,0.0,0.0,0.0,1.0,0.0,1.0,0.0,0.0,1.0,
-0.72374842462655,-0.8846100529158468,-0.588017490217596,1.0,0.0,0.0,0.0,1.0,0.0,0.0,1.0,0.0,
-0.04614245231409733,-0.4726631138835009,0.33534272173522656,0.0,0.0,0.0,1.0,0.0,0.0,1.0,0.0,1.0,
-0.04614245231409733,-0.7762029636968084,0.19401207704857007,0.0,0.0,1.0,0.0,0.0,1.0,0.0,0.0,1.0,
-1.1190185751421473,1.023354717339229,-0.588017490217596,1.0,0.0,0.0,0.0,1.0,0.0,0.0,1.0,0.0,
-1.0625514107827763,-0.36425602466446255,-0.588017490217596,0.0,1.0,0.0,0.0,1.0,0.0,0.0,0.0,1.0,
0.06679187640464487,0.15609800358692177,-0.588017490217596,0.0,0.0,1.0,0.0,1.0,0.0,0.0,1.0,0.0,
1.1961351635920658,1.153443224402075,1.381189492416485,0.0,1.0,0.0,0.0,0.0,1.0,0.0,1.0,0.0,
0.4620620269202421,-0.10407901053877038,-0.588017490217596,1.0,0.0,0.0,0.0,1.0,0.0,0.0,1.0,0.0,
0.17972620512338683,-0.14744184622638573,-0.588017490217596,0.0,1.0,0.0,0.0,0.0,0.0,1.0,1.0,0.0,
0.12325904076401598,1.3702574028401517,-0.588017490217596,0.0,1.0,0.0,0.0,0.0,1.0,0.0,1.0,0.0,
0.6314635199983554,0.19946083927453712,-0.588017490217596,0.0,0.0,0.0,1.0,0.0,1.0,0.0,0.0,1.0,
-0.9496170820640342,-1.1664684848853466,0.5143615383383249,1.0,0.0,0.0,0.0,0.0,0.0,1.0,1.0,0.0,
-0.5543469315484367,-1.1014242313539235,-0.588017490217596,0.0,0.0,1.0,0.0,0.0,1.0,0.0,1.0,0.0,
0.06679187640464487,-0.7978843815406161,0.6651142260040918,1.0,0.0,0.0,0.0,0.0,0.0,1.0,1.0,0.0,
0.34912769820150014,0.22114225711834481,-0.588017490217596,1.0,0.0,0.0,0.0,0.0,1.0,0.0,1.0,0.0,
-0.9496170820640342,-0.12576042838257806,-0.588017490217596,1.0,0.0,0.0,0.0,1.0,0.0,0.0,1.0,0.0,
-0.72374842462655,-0.9713357242910775,-0.588017490217596,0.0,1.0,0.0,0.0,0.0,1.0,0.0,1.0,0.0,
1.0832008348733237,0.5030006890878447,-0.588017490217596,0.0,0.0,1.0,0.0,0.0,0.0,1.0,1.0,0.0,
-0.780215588985921,-0.7978843815406161,-0.588017490217596,0.0,0.0,0.0,1.0,0.0,1.0,0.0,1.0,0.0,
-0.6108140959078078,-0.7978843815406161,0.3070765927978953,0.0,0.0,0.0,1.0,0.0,1.0,0.0,1.0,0.0,
0.12325904076401598,-0.32089318897684715,-0.588017490217596,0.0,0.0,0.0,1.0,0.0,1.0,0.0,1.0,0.0,
-0.04614245231409733,2.085744191685805,-0.588017490217596,0.0,1.0,0.0,0.0,0.0,1.0,0.0,1.0,0.0,
-0.15907678103283943,1.6087529991220362,-0.588017490217596,1.0,0.0,0.0,0.0,1.0,0.0,0.0,1.0,0.0,
-1.0060842464234052,-1.0146985599786928,0.6839583119623126,0.0,1.0,0.0,0.0,0.0,0.0,1.0,1.0,0.0,
-0.4414126028296947,-0.3425746068206548,0.7216464838787544,1.0,0.0,0.0,0.0,1.0,0.0,0.0,1.0,0.0,
-1.0060842464234052,-1.3616012454796158,-0.588017490217596,0.0,1.0,0.0,0.0,1.0,0.0,0.0,1.0,0.0,
4.527697860794958,2.779549562687651,-0.588017490217596,1.0,0.0,0.0,0.0,0.0,0.0,1.0,1.0,0.0,
0.17972620512338683,-0.2775303532892318,0.33534272173522656,0.0,0.0,1.0,0.0,1.0,0.0,0.0,1.0,0.0,
-1.0060842464234052,-1.1664684848853466,-0.588017490217596,1.0,0.0,0.0,0.0,1.0,0.0,0.0,1.0,0.0,
-0.10260961667346831,-0.5160259495711162,-0.588017490217596,0.0,0.0,0.0,1.0,0.0,0.0,1.0,1.0,0.0,
-0.5543469315484367,-1.3399198276358082,-0.588017490217596,0.0,0.0,0.0,1.0,1.0,0.0,0.0,1.0,0.0,
-0.6672812602671788,-0.5810702031025393,-0.588017490217596,0.0,0.0,1.0,0.0,0.0,0.0,1.0,1.0,0.0,
-0.9496170820640342,-0.8846100529158468,-0.588017490217596,0.0,1.0,0.0,0.0,1.0,0.0,0.0,1.0,0.0,
-0.5543469315484367,-1.3832826633234234,-0.588017490217596,0.0,1.0,0.0,0.0,1.0,0.0,0.0,1.0,0.0,
-0.6672812602671788,-0.3425746068206548,0.9100873434609631,0.0,0.0,1.0,0.0,1.0,0.0,0.0,1.0,0.0,
0.34912769820150014,0.4379564355564216,-0.588017490217596,1.0,0.0,0.0,0.0,1.0,0.0,0.0,1.0,0.0,
-0.6672812602671788,-0.7762029636968084,-0.588017490217596,0.0,0.0,0.0,1.0,1.0,0.0,0.0,1.0,0.0,
1.0267336705139527,-0.2775303532892318,0.8158669136698588,0.0,0.0,0.0,1.0,0.0,1.0,0.0,1.0,0.0,
-0.9496170820640342,0.611407778306883,-0.588017490217596,1.0,0.0,0.0,0.0,1.0,0.0,0.0,1.0,0.0,
-0.8366827533452921,-1.144787067041539,0.35418680769344746,1.0,0.0,0.0,0.0,0.0,1.0,0.0,1.0,0.0,
-0.3284782741109526,-0.5160259495711162,-0.588017490217596,0.0,0.0,1.0,0.0,0.0,0.0,1.0,1.0,0.0,
0.010324712045273772,-0.9713357242910775,0.6556921830249813,0.0,1.0,0.0,0.0,0.0,0.0,1.0,1.0,0.0,
0.29266053384212903,0.611407778306883,-0.588017490217596,1.0,0.0,0.0,0.0,1.0,0.0,0.0,1.0,0.0,
-0.5543469315484367,-0.9496543064472699,-0.588017490217596,0.0,0.0,0.0,1.0,0.0,1.0,0.0,1.0,0.0,
-0.2155439453922104,-0.10407901053877038,-0.588017490217596,0.0,0.0,1.0,0.0,0.0,0.0,1.0,1.0,0.0,
-0.780215588985921,0.9583104638078059,3.0017808848234795,0.0,1.0,0.0,0.0,1.0,0.0,0.0,1.0,0.0,
-0.9496170820640342,-0.7762029636968084,1.0514179881476196,0.0,1.0,0.0,0.0,1.0,0.0,0.0,1.0,0.0,
1.0267336705139527,0.41627501771261394,2.492990563951516,0.0,0.0,1.0,0.0,0.0,1.0,0.0,0.0,1.0,
2.438412779498229,1.283531731464921,-0.588017490217596,0.0,1.0,0.0,0.0,1.0,0.0,0.0,1.0,0.0,
-1.0625514107827763,-0.9930171421348852,-0.588017490217596,0.0,0.0,1.0,0.0,0.0,1.0,0.0,0.0,1.0,
0.23619336948275793,-0.5810702031025393,-0.588017490217596,0.0,0.0,1.0,0.0,1.0,0.0,0.0,1.0,0.0,
2.0431426289826318,1.0450361351830366,3.44461690484167,0.0,0.0,1.0,0.0,0.0,0.0,1.0,1.0,0.0,
-0.5543469315484367,-1.0146985599786928,0.1186357332156866,0.0,0.0,0.0,1.0,1.0,0.0,0.0,1.0,0.0,
0.29266053384212903,-0.7111587101653853,-0.588017490217596,0.0,0.0,0.0,1.0,1.0,0.0,0.0,1.0,0.0,
0.3886547132530598,0.13441658574311408,1.7769152975391231,0.0,0.0,1.0,0.0,0.0,1.0,0.0,1.0,0.0,
-0.9496170820640342,-0.66779587447777,1.2210147617716076,0.0,1.0,0.0,0.0,1.0,0.0,0.0,1.0,0.0,
-0.8366827533452921,1.5220273277468055,0.5332056242965457,0.0,1.0,0.0,0.0,1.0,0.0,0.0,1.0,0.0,
0.010324712045273772,-0.6894772923215777,-0.588017490217596,1.0,0.0,0.0,0.0,1.0,0.0,0.0,1.0,0.0,
-1.1190185751421473,-0.36425602466446255,-0.588017490217596,1.0,0.0,0.0,0.0,0.0,1.0,0.0,1.0,0.0,
-0.10260961667346831,0.09105375005549873,1.4754099222075892,0.0,1.0,0.0,0.0,0.0,1.0,0.0,1.0,0.0,
-0.5543469315484367,0.7414962853697291,-0.588017490217596,0.0,0.0,1.0,0.0,1.0,0.0,0.0,1.0,0.0,
1.7043396428264055,1.7171600883410747,-0.588017490217596,1.0,0.0,0.0,0.0,1.0,0.0,0.0,1.0,0.0,
-0.6672812602671788,-0.8629286350720391,-0.588017490217596,0.0,1.0,0.0,0.0,0.0,0.0,1.0,1.0,0.0,
2.269011286420116,1.6521158348096516,-0.588017490217596,0.0,1.0,0.0,0.0,1.0,0.0,0.0,1.0,0.0,
0.40559486256087124,1.5220273277468055,-0.588017490217596,1.0,0.0,0.0,0.0,0.0,0.0,1.0,1.0,0.0,
0.010324712045273772,0.17777942143072945,-0.588017490217596,0.0,0.0,1.0,0.0,0.0,0.0,1.0,1.0,0.0,
3.1160187518106817,1.695478670497267,-0.588017490217596,0.0,1.0,0.0,0.0,1.0,0.0,0.0,1.0,0.0,
3.1724859161700527,1.8689300132477284,3.7838104520896456,0.0,1.0,0.0,0.0,1.0,0.0,0.0,1.0,0.0,
-1.0060842464234052,0.06937233221169105,-0.588017490217596,0.0,1.0,0.0,0.0,1.0,0.0,0.0,1.0,0.0,
-0.6672812602671788,0.8499033745887675,-0.588017490217596,1.0,0.0,0.0,0.0,0.0,0.0,1.0,1.0,0.0,
-0.6672812602671788,1.3919388206839596,3.378662603987897,0.0,1.0,0.0,0.0,0.0,1.0,0.0,1.0,0.0,
-0.8366827533452921,-0.66779587447777,-0.588017490217596,0.0,0.0,1.0,0.0,0.0,1.0,0.0,1.0,0.0,
-1.0060842464234052,0.35123076418119087,-0.588017490217596,0.0,1.0,0.0,0.0,1.0,0.0,0.0,1.0,0.0,
-0.4414126028296947,-0.4726631138835009,-0.588017490217596,1.0,0.0,0.0,0.0,1.0,0.0,0.0,1.0,0.0,
1.0832008348733237,1.6087529991220362,2.4176142201186326,0.0,1.0,0.0,0.0,1.0,0.0,0.0,1.0,0.0,
0.1966663544311983,0.004328078680268014,-0.588017490217596,0.0,0.0,1.0,0.0,1.0,0.0,0.0,1.0,0.0,
0.4620620269202421,-0.6461144566339624,0.8535550855863004,0.0,0.0,1.0,0.0,1.0,0.0,0.0,1.0,0.0,
-0.10260961667346831,-0.7545215458530008,-0.588017490217596,0.0,0.0,0.0,1.0,1.0,0.0,0.0,1.0,0.0,
0.34912769820150014,-0.14744184622638573,1.3246572345418224,0.0,0.0,1.0,0.0,0.0,0.0,1.0,1.0,0.0,
0.7443978487170974,1.283531731464921,1.3340792775209327,0.0,1.0,0.0,0.0,1.0,0.0,0.0,1.0,0.0,
2.7207486012950843,1.5220273277468055,-0.588017490217596,0.0,1.0,0.0,0.0,1.0,0.0,0.0,1.0,0.0,
2.6642814369357137,2.1507884452172283,-0.588017490217596,0.0,1.0,0.0,0.0,1.0,0.0,0.0,1.0,0.0,
-0.6672812602671788,-0.03903475700734734,1.8994018562675588,0.0,1.0,0.0,0.0,0.0,0.0,1.0,0.0,1.0,
-0.3849454384703236,-0.0823975926949627,-0.588017490217596,0.0,0.0,0.0,1.0,1.0,0.0,0.0,1.0,0.0,
-0.10260961667346831,-0.23416751760161647,-0.588017490217596,0.0,1.0,0.0,0.0,1.0,0.0,0.0,1.0,0.0,
1.5349381497482923,1.5870715812782286,-0.588017490217596,1.0,0.0,0.0,0.0,1.0,0.0,0.0,1.0,0.0,
0.29266053384212903,0.22114225711834481,-0.588017490217596,0.0,0.0,1.0,0.0,1.0,0.0,0.0,1.0,0.0,
0.29266053384212903,-0.7978843815406161,0.6839583119623126,0.0,0.0,1.0,0.0,0.0,1.0,0.0,1.0,0.0,
-0.6672812602671788,-0.4726631138835009,0.8629771285654109,0.0,0.0,1.0,0.0,0.0,0.0,1.0,1.0,0.0,
0.17972620512338683,0.8282219567449598,-0.588017490217596,0.0,0.0,0.0,1.0,0.0,0.0,1.0,1.0,0.0,
1.1961351635920658,2.259195534436267,-0.588017490217596,1.0,0.0,0.0,0.0,1.0,0.0,0.0,1.0,0.0,
1.0832008348733237,0.3078679284935755,1.447143793270258,0.0,0.0,1.0,0.0,0.0,1.0,0.0,0.0,1.0,
-0.10260961667346831,0.611407778306883,2.841606154178602,0.0,0.0,1.0,0.0,0.0,1.0,0.0,1.0,0.0,
0.010324712045273772,0.13441658574311408,-0.588017490217596,0.0,0.0,1.0,0.0,0.0,1.0,0.0,1.0,0.0,
0.7443978487170974,1.4353016563715748,-0.588017490217596,0.0,1.0,0.0,0.0,1.0,0.0,0.0,0.0,1.0,
-0.6672812602671788,0.3945935998688062,1.4659878792284788,0.0,0.0,0.0,1.0,1.0,0.0,0.0,1.0,0.0,
0.010324712045273772,0.5897263604630754,-0.588017490217596,0.0,1.0,0.0,0.0,1.0,0.0,0.0,1.0,0.0,
-0.4414126028296947,-0.45098169603969324,-0.588017490217596,1.0,0.0,0.0,0.0,0.0,1.0,0.0,1.0,0.0,
0.23619336948275793,-0.45098169603969324,0.2599663779023431,0.0,0.0,1.0,0.0,1.0,0.0,0.0,1.0,0.0,
-0.6672812602671788,2.237514116592459,-0.588017490217596,1.0,0.0,0.0,0.0,0.0,0.0,1.0,1.0,0.0,
-0.2720111097515815,-0.7111587101653853,-0.588017490217596,1.0,0.0,0.0,0.0,0.0,0.0,1.0,1.0,0.0,
-1.0060842464234052,-1.1014242313539235,0.712224440899644,0.0,0.0,0.0,1.0,1.0,0.0,0.0,1.0,0.0,
0.5749963556389843,1.7171600883410747,-0.588017490217596,1.0,0.0,0.0,0.0,0.0,1.0,0.0,0.0,1.0,
-0.8366827533452921,-1.3616012454796158,-0.588017490217596,0.0,0.0,0.0,1.0,0.0,1.0,0.0,1.0,0.0,
0.8008650130764685,-0.03903475700734734,0.7310685268578648,0.0,0.0,0.0,1.0,1.0,0.0,0.0,1.0,0.0,
-1.0625514107827763,0.06937233221169105,-0.588017490217596,0.0,0.0,0.0,1.0,0.0,1.0,0.0,1.0,0.0,
-0.15907678103283943,1.4786644920591903,-0.588017490217596,1.0,0.0,0.0,0.0,1.0,0.0,0.0,1.0,0.0,
-0.72374842462655,-0.36425602466446255,1.513098094124031,0.0,0.0,1.0,0.0,0.0,1.0,0.0,1.0,0.0,
0.010324712045273772,-0.25584893544542414,-0.588017490217596,0.0,0.0,0.0,1.0,0.0,1.0,0.0,1.0,0.0,
0.9702665061545818,0.4379564355564216,0.712224440899644,0.0,0.0,1.0,0.0,0.0,1.0,0.0,1.0,0.0,
-0.9496170820640342,0.4379564355564216,-0.588017490217596,1.0,0.0,0.0,0.0,1.0,0.0,0.0,1.0,0.0,
-0.3849454384703236,-0.9930171421348852,-0.588017490217596,1.0,0.0,0.0,0.0,0.0,1.0,0.0,1.0,0.0,
-0.9496170820640342,-1.1881499027291544,-0.588017490217596,0.0,1.0,0.0,0.0,1.0,0.0,0.0,1.0,0.0,
-0.2720111097515815,-0.21248609975780877,-0.588017490217596,0.0,1.0,0.0,0.0,0.0,1.0,0.0,1.0,0.0,
-1.0060842464234052,-1.4483269168548465,-0.588017490217596,0.0,0.0,0.0,1.0,1.0,0.0,0.0,1.0,0.0,
0.010324712045273772,0.9366290459639982,3.4351948618625596,1.0,0.0,0.0,0.0,1.0,0.0,0.0,1.0,0.0,
-0.893149917704663,-1.2965569919481927,-0.588017490217596,0.0,0.0,0.0,1.0,1.0,0.0,0.0,1.0,0.0,
-0.2155439453922104,0.17777942143072945,-0.588017490217596,0.0,0.0,0.0,1.0,0.0,1.0,0.0,1.0,0.0,
-0.780215588985921,-0.7111587101653853,0.5520497102547666,0.0,0.0,1.0,0.0,0.0,1.0,0.0,1.0,0.0,
-0.6672812602671788,-0.7328401280091931,-0.588017490217596,1.0,0.0,0.0,0.0,1.0,0.0,0.0,1.0,0.0,
2.551347108216971,1.2401688957773058,-0.588017490217596,0.0,0.0,1.0,0.0,0.0,0.0,1.0,1.0,0.0,
-0.9496170820640342,-1.2965569919481927,0.27881046386056396,0.0,1.0,0.0,0.0,0.0,1.0,0.0,1.0,0.0,
-0.9496170820640342,-1.3832826633234234,0.2505443349232327,0.0,1.0,0.0,0.0,1.0,0.0,0.0,1.0,0.0,
1.309069492310808,1.088398970870652,-0.588017490217596,1.0,0.0,0.0,0.0,0.0,0.0,1.0,1.0,0.0,
-0.04614245231409733,0.8715847924325751,-0.588017490217596,1.0,0.0,0.0,0.0,1.0,0.0,0.0,1.0,0.0,
1.309069492310808,0.7848591210573445,-0.588017490217596,1.0,0.0,0.0,0.0,1.0,0.0,0.0,1.0,0.0,
-0.9496170820640342,-1.2965569919481927,0.5332056242965457,0.0,1.0,0.0,0.0,0.0,1.0,0.0,1.0,0.0,
-1.1190185751421473,1.9339742667791515,4.123003999337621,0.0,1.0,0.0,0.0,1.0,0.0,0.0,1.0,0.0,
-0.2155439453922104,-0.14744184622638573,-0.588017490217596,1.0,0.0,0.0,0.0,0.0,0.0,1.0,1.0,0.0,
-0.8366827533452921,-1.0146985599786928,0.7876007847325274,0.0,1.0,0.0,0.0,0.0,1.0,0.0,1.0,0.0,
-0.72374842462655,-0.9930171421348852,-0.588017490217596,0.0,0.0,1.0,0.0,0.0,1.0,0.0,1.0,0.0,
0.010324712045273772,-0.7328401280091931,0.4295631515263309,0.0,0.0,1.0,0.0,1.0,0.0,0.0,1.0,0.0,
-0.780215588985921,-1.1231056491977314,0.33534272173522656,0.0,0.0,0.0,1.0,0.0,0.0,1.0,1.0,0.0,
-0.5543469315484367,-1.079742813510116,-0.588017490217596,0.0,0.0,1.0,0.0,0.0,1.0,0.0,1.0,0.0,
1.0832008348733237,1.153443224402075,-0.588017490217596,0.0,1.0,0.0,0.0,1.0,0.0,0.0,1.0,0.0,
1.309069492310808,0.41627501771261394,0.12805777619479702,1.0,0.0,0.0,0.0,1.0,0.0,0.0,0.0,1.0,
-0.9496170820640342,-0.017353339163539667,-0.588017490217596,0.0,0.0,1.0,0.0,0.0,0.0,1.0,1.0,0.0,
-0.3849454384703236,-1.144787067041539,0.16574594811123877,1.0,0.0,0.0,0.0,1.0,0.0,0.0,1.0,0.0,
-0.2155439453922104,0.35123076418119087,-0.588017490217596,0.0,1.0,0.0,0.0,1.0,0.0,0.0,1.0,0.0,
-0.2155439453922104,-0.2775303532892318,-0.588017490217596,0.0,0.0,0.0,1.0,1.0,0.0,0.0,1.0,0.0,
3.1160187518106817,2.3892840414991126,3.44461690484167,0.0,0.0,0.0,1.0,0.0,1.0,0.0,1.0,0.0,
-0.10260961667346831,-0.23416751760161647,0.7970228277116378,1.0,0.0,0.0,0.0,0.0,0.0,1.0,1.0,0.0,
-1.1190185751421473,-1.1664684848853466,-0.588017490217596,0.0,1.0,0.0,0.0,0.0,0.0,1.0,1.0,0.0,
-0.6108140959078078,-1.079742813510116,0.7310685268578648,0.0,1.0,0.0,0.0,0.0,0.0,1.0,1.0,0.0,
0.9702665061545818,-0.14744184622638573,1.145638417938724,0.0,1.0,0.0,0.0,1.0,0.0,0.0,1.0,0.0,
-0.6672812602671788,-1.3399198276358082,0.4578292804636622,0.0,0.0,0.0,1.0,1.0,0.0,0.0,1.0,0.0,
-0.6672812602671788,0.8282219567449598,-0.588017490217596,0.0,0.0,1.0,0.0,0.0,0.0,1.0,1.0,0.0,
-1.0060842464234052,0.41627501771261394,2.332815833306639,0.0,1.0,0.0,0.0,1.0,0.0,0.0,1.0,0.0,
-0.2720111097515815,-0.12576042838257806,0.1469018621530179,1.0,0.0,0.0,0.0,0.0,0.0,1.0,1.0,0.0,
-0.72374842462655,-0.03903475700734734,-0.588017490217596,0.0,1.0,0.0,0.0,0.0,1.0,0.0,1.0,0.0,
0.010324712045273772,0.15609800358692177,-0.588017490217596,0.0,0.0,0.0,1.0,0.0,1.0,0.0,1.0,0.0,
2.7207486012950843,1.5870715812782286,-0.588017490217596,0.0,1.0,0.0,0.0,1.0,0.0,0.0,1.0,0.0,
-0.10260961667346831,0.1127351678993064,-0.588017490217596,0.0,1.0,0.0,0.0,1.0,0.0,0.0,1.0,0.0,
0.010324712045273772,-0.7978843815406161,-0.588017490217596,1.0,0.0,0.0,0.0,0.0,1.0,0.0,1.0,0.0,
0.06679187640464487,0.19946083927453712,0.6745362689832022,0.0,0.0,1.0,0.0,1.0,0.0,0.0,1.0,0.0,
-0.5543469315484367,-0.9279728886034622,-0.588017490217596,1.0,0.0,0.0,0.0,1.0,0.0,0.0,0.0,1.0,
0.010324712045273772,0.8282219567449598,-0.588017490217596,1.0,0.0,0.0,0.0,1.0,0.0,0.0,1.0,0.0,
0.23619336948275793,0.8065405389011522,-0.588017490217596,1.0,0.0,0.0,0.0,1.0,0.0,0.0,0.0,1.0,
0.8008650130764685,0.17777942143072945,-0.588017490217596,0.0,1.0,0.0,0.0,0.0,0.0,1.0,1.0,0.0,
-1.1190185751421473,0.004328078680268014,-0.588017490217596,0.0,1.0,0.0,0.0,0.0,0.0,1.0,1.0,0.0,
0.5749963556389843,0.6547706139944984,2.0689986298915466,1.0,0.0,0.0,0.0,0.0,1.0,0.0,0.0,1.0,
-1.0625514107827763,-1.1664684848853466,-0.588017490217596,0.0,0.0,1.0,0.0,0.0,1.0,0.0,0.0,1.0,
1.478470985388921,0.6330891961506907,-0.588017490217596,1.0,0.0,0.0,0.0,1.0,0.0,0.0,1.0,0.0,
-0.893149917704663,-1.404964081167231,0.23170024896501182,0.0,0.0,0.0,1.0,1.0,0.0,0.0,1.0,0.0,
-0.3849454384703236,-0.7762029636968084,0.7310685268578648,0.0,0.0,0.0,1.0,0.0,1.0,0.0,1.0,0.0,
1.8172739715451478,1.0667175530268442,-0.588017490217596,1.0,0.0,0.0,0.0,1.0,0.0,0.0,1.0,0.0,
0.34912769820150014,1.218487477933498,1.5696303519986936,0.0,0.0,1.0,0.0,0.0,0.0,1.0,1.0,0.0,
-0.15907678103283943,0.22114225711834481,-0.588017490217596,0.0,1.0,0.0,0.0,0.0,1.0,0.0,1.0,0.0,
0.40559486256087124,0.13441658574311408,-0.588017490217596,1.0,0.0,0.0,0.0,0.0,1.0,0.0,1.0,0.0,
1.5631717319279779,2.4760097128743435,-0.588017490217596,0.0,0.0,0.0,1.0,0.0,1.0,0.0,1.0,0.0,
0.06679187640464487,0.15609800358692177,-0.588017490217596,0.0,0.0,0.0,1.0,0.0,0.0,1.0,1.0,0.0,
-0.5543469315484367,-0.2775303532892318,-0.588017490217596,1.0,0.0,0.0,0.0,1.0,0.0,0.0,1.0,0.0,
-0.3849454384703236,-0.9713357242910775,0.5237835813174353,0.0,0.0,0.0,1.0,1.0,0.0,0.0,1.0,0.0,
-0.2720111097515815,-0.5160259495711162,-0.588017490217596,0.0,0.0,0.0,1.0,1.0,0.0,0.0,1.0,0.0,
1.5349381497482923,2.6060982199371896,-0.588017490217596,1.0,0.0,0.0,0.0,1.0,0.0,0.0,1.0,0.0,
-0.780215588985921,-1.209831320572962,-0.588017490217596,0.0,0.0,0.0,1.0,0.0,0.0,1.0,1.0,0.0,
0.06679187640464487,-0.6894772923215777,0.9760416443147361,0.0,1.0,0.0,0.0,0.0,0.0,1.0,1.0,0.0,
-0.15907678103283943,0.17777942143072945,1.7203830396644606,0.0,1.0,0.0,0.0,0.0,0.0,1.0,1.0,0.0,
0.010324712045273772,-0.42930027819588557,1.1550604609178343,0.0,0.0,0.0,1.0,0.0,1.0,0.0,1.0,0.0,
-1.0625514107827763,-0.6461144566339624,-0.588017490217596,0.0,0.0,0.0,1.0,1.0,0.0,0.0,1.0,0.0,
2.325478450779487,2.04238135599819,0.41071906556811005,0.0,1.0,0.0,0.0,0.0,0.0,1.0,0.0,1.0,
-0.15907678103283943,0.7631777032135367,-0.588017490217596,0.0,0.0,1.0,0.0,0.0,1.0,0.0,1.0,0.0,
3.1160187518106817,0.9799918816516136,-0.588017490217596,0.0,1.0,0.0,0.0,1.0,0.0,0.0,1.0,0.0,
0.010324712045273772,-0.537707367414924,-0.588017490217596,0.0,0.0,0.0,1.0,0.0,0.0,1.0,1.0,0.0,
-0.6108140959078078,-1.079742813510116,-0.588017490217596,0.0,1.0,0.0,0.0,0.0,0.0,1.0,1.0,0.0,
3.850091888482506,2.497691130718151,-0.588017490217596,0.0,1.0,0.0,0.0,1.0,0.0,0.0,1.0,0.0,
0.9137993417952107,-0.2775303532892318,0.19401207704857007,0.0,0.0,0.0,1.0,0.0,0.0,1.0,1.0,0.0,
2.0431426289826318,1.695478670497267,3.331552389092345,0.0,0.0,1.0,0.0,1.0,0.0,0.0,1.0,0.0,
-0.6672812602671788,-0.7978843815406161,-0.588017490217596,0.0,1.0,0.0,0.0,1.0,0.0,0.0,1.0,0.0,
-0.893149917704663,-1.1231056491977314,-0.588017490217596,1.0,0.0,0.0,0.0,0.0,0.0,1.0,1.0,0.0,
-0.5543469315484367,-0.9062914707596545,-0.588017490217596,1.0,0.0,0.0,0.0,1.0,0.0,0.0,1.0,0.0,
-0.3849454384703236,0.22114225711834481,2.229173360536424,0.0,0.0,0.0,1.0,0.0,0.0,1.0,1.0,0.0,
-0.3849454384703236,-0.9496543064472699,-0.588017490217596,0.0,0.0,0.0,1.0,1.0,0.0,0.0,1.0,0.0,
-0.6672812602671788,0.17777942143072945,-0.588017490217596,0.0,0.0,1.0,0.0,1.0,0.0,0.0,1.0,0.0,
0.34912769820150014,1.2401688957773058,2.313971747348418,0.0,0.0,1.0,0.0,1.0,0.0,0.0,1.0,0.0,
0.29266053384212903,0.09105375005549873,-0.588017490217596,0.0,1.0,0.0,0.0,1.0,0.0,0.0,1.0,0.0,
0.010324712045273772,0.06937233221169105,-0.588017490217596,0.0,0.0,1.0,0.0,0.0,1.0,0.0,1.0,0.0,
1.8172739715451478,0.06937233221169105,-0.588017490217596,1.0,0.0,0.0,0.0,1.0,0.0,0.0,1.0,0.0,
0.8008650130764685,-0.23416751760161647,-0.588017490217596,0.0,0.0,0.0,1.0,1.0,0.0,0.0,1.0,0.0,
-0.2720111097515815,-0.66779587447777,0.4389851945054414,1.0,0.0,0.0,0.0,1.0,0.0,0.0,1.0,0.0,
2.647341287627902,1.8038857597163054,0.6556921830249813,0.0,1.0,0.0,0.0,1.0,0.0,0.0,1.0,0.0,
-0.3849454384703236,0.15609800358692177,-0.588017490217596,1.0,0.0,0.0,0.0,0.0,0.0,1.0,1.0,0.0,
0.010324712045273772,-0.8846100529158468,-0.588017490217596,0.0,0.0,1.0,0.0,0.0,0.0,1.0,1.0,0.0,
-0.04614245231409733,-0.6894772923215777,-0.588017490217596,0.0,0.0,0.0,1.0,0.0,0.0,1.0,1.0,0.0,
-0.72374842462655,-1.209831320572962,-0.588017490217596,0.0,1.0,0.0,0.0,0.0,1.0,0.0,1.0,0.0,
-0.8366827533452921,-1.144787067041539,-0.588017490217596,1.0,0.0,0.0,0.0,0.0,1.0,0.0,1.0,0.0,
-0.6672812602671788,0.3945935998688062,0.4201411085472205,0.0,1.0,0.0,0.0,0.0,0.0,1.0,1.0,0.0,
-0.72374842462655,-1.404964081167231,-0.588017490217596,0.0,0.0,0.0,1.0,0.0,1.0,0.0,1.0,0.0,
-0.9496170820640342,0.004328078680268014,-0.588017490217596,0.0,0.0,1.0,0.0,0.0,0.0,1.0,1.0,0.0,
0.12325904076401598,-0.21248609975780877,-0.588017490217596,0.0,1.0,0.0,0.0,0.0,0.0,1.0,1.0,0.0,
4.527697860794958,2.7578681448438433,-0.588017490217596,0.0,0.0,1.0,0.0,0.0,0.0,1.0,1.0,0.0,
0.7443978487170974,2.085744191685805,-0.588017490217596,0.0,1.0,0.0,0.0,1.0,0.0,0.0,1.0,0.0,
0.34912769820150014,-0.10407901053877038,1.4659878792284788,0.0,0.0,0.0,1.0,1.0,0.0,0.0,1.0,0.0,
-0.5543469315484367,-0.7978843815406161,-0.588017490217596,0.0,0.0,0.0,1.0,0.0,1.0,0.0,1.0,0.0,
1.3655366566701794,0.5246821069316523,-0.588017490217596,1.0,0.0,0.0,0.0,1.0,0.0,0.0,1.0,0.0,
0.9702665061545818,0.13441658574311408,0.5520497102547666,0.0,1.0,0.0,0.0,1.0,0.0,0.0,1.0,0.0,
0.34912769820150014,0.15609800358692177,2.1820631456408717,0.0,0.0,0.0,1.0,0.0,0.0,1.0,1.0,0.0,
-0.9496170820640342,-0.66779587447777,0.1751679910903492,1.0,0.0,0.0,0.0,1.0,0.0,0.0,1.0,0.0,
0.12325904076401598,-0.7762029636968084,-0.588017490217596,0.0,0.0,0.0,1.0,1.0,0.0,0.0,1.0,0.0,
-0.893149917704663,-1.209831320572962,-0.588017490217596,0.0,0.0,0.0,1.0,0.0,0.0,1.0,1.0,0.0,
2.438412779498229,0.5897263604630754,-0.588017490217596,0.0,1.0,0.0,0.0,1.0,0.0,0.0,1.0,0.0,
0.06679187640464487,-0.10407901053877038,-0.588017490217596,0.0,0.0,1.0,0.0,1.0,0.0,0.0,1.0,0.0,
-0.10260961667346831,-0.45098169603969324,1.6261626098733561,0.0,0.0,0.0,1.0,0.0,0.0,1.0,1.0,0.0,
1.0267336705139527,0.8715847924325751,-0.588017490217596,0.0,0.0,0.0,1.0,0.0,1.0,0.0,1.0,0.0,
0.5185291912796132,1.0450361351830366,-0.588017490217596,0.0,1.0,0.0,0.0,0.0,1.0,0.0,1.0,0.0,
-0.15907678103283943,0.13441658574311408,1.0231518592102882,0.0,0.0,1.0,0.0,0.0,1.0,0.0,1.0,0.0,
-0.4978797671890657,-1.1231056491977314,-0.588017490217596,0.0,0.0,0.0,1.0,0.0,0.0,1.0,1.0,0.0,
0.34912769820150014,-0.10407901053877038,0.9666196013356256,0.0,0.0,1.0,0.0,0.0,1.0,0.0,1.0,0.0,
-0.5543469315484367,-0.6894772923215777,1.0043077732520673,0.0,0.0,1.0,0.0,0.0,1.0,0.0,1.0,0.0,
0.5749963556389843,0.06937233221169105,-0.588017490217596,0.0,0.0,1.0,0.0,0.0,1.0,0.0,1.0,0.0,
0.010324712045273772,-0.49434453172730863,-0.588017490217596,1.0,0.0,0.0,0.0,1.0,0.0,0.0,1.0,0.0,
1.3655366566701794,0.8499033745887675,-0.588017490217596,0.0,1.0,0.0,0.0,0.0,1.0,0.0,1.0,0.0,
-0.10260961667346831,-0.5160259495711162,-0.588017490217596,0.0,0.0,0.0,1.0,0.0,1.0,0.0,1.0,0.0,
0.12325904076401598,-0.5810702031025393,-0.588017490217596,0.0,0.0,1.0,0.0,1.0,0.0,0.0,1.0,0.0,
-0.15907678103283943,-0.7111587101653853,-0.588017490217596,0.0,1.0,0.0,0.0,1.0,0.0,0.0,1.0,0.0,
-0.893149917704663,-0.8846100529158468,-0.588017490217596,1.0,0.0,0.0,0.0,0.0,0.0,1.0,1.0,0.0,
1.0267336705139527,0.8065405389011522,0.1751679910903492,1.0,0.0,0.0,0.0,1.0,0.0,0.0,1.0,0.0,
-0.893149917704663,-0.3425746068206548,-0.588017490217596,0.0,0.0,0.0,1.0,1.0,0.0,0.0,1.0,0.0,
-0.6672812602671788,-0.7545215458530008,0.5237835813174353,1.0,0.0,0.0,0.0,1.0,0.0,0.0,1.0,0.0,
-0.6108140959078078,-0.45098169603969324,1.0985282030431718,0.0,0.0,1.0,0.0,0.0,0.0,1.0,1.0,0.0,
-0.8366827533452921,-1.3832826633234234,0.16574594811123877,1.0,0.0,0.0,0.0,0.0,0.0,1.0,1.0,0.0,
-0.2155439453922104,-0.42930027819588557,-0.588017490217596,1.0,0.0,0.0,0.0,0.0,1.0,0.0,1.0,0.0,
1.3655366566701794,0.09105375005549873,-0.588017490217596,0.0,0.0,1.0,0.0,1.0,0.0,0.0,1.0,0.0,
-0.10260961667346831,0.06937233221169105,-0.588017490217596,0.0,1.0,0.0,0.0,0.0,1.0,0.0,1.0,0.0,
-0.04614245231409733,-0.66779587447777,0.8912432575027421,0.0,1.0,0.0,0.0,0.0,1.0,0.0,1.0,0.0,
-0.8366827533452921,-0.537707367414924,-0.588017490217596,0.0,0.0,1.0,0.0,0.0,0.0,1.0,1.0,0.0,
-0.3849454384703236,2.497691130718151,1.2681249766671596,0.0,0.0,0.0,1.0,0.0,1.0,0.0,1.0,0.0,
-0.04614245231409733,0.004328078680268014,0.5897378821712083,1.0,0.0,0.0,0.0,0.0,1.0,0.0,1.0,0.0,
-0.04614245231409733,-0.7762029636968084,-0.588017490217596,1.0,0.0,0.0,0.0,0.0,1.0,0.0,1.0,0.0,
0.12325904076401598,0.09105375005549873,-0.588017490217596,0.0,0.0,0.0,1.0,0.0,1.0,0.0,1.0,0.0,
-1.0060842464234052,0.4379564355564216,-0.588017490217596,0.0,1.0,0.0,0.0,1.0,0.0,0.0,1.0,0.0,
-0.4414126028296947,0.22114225711834481,0.4201411085472205,0.0,0.0,1.0,0.0,0.0,0.0,1.0,1.0,0.0,
-0.04614245231409733,0.41627501771261394,-0.588017490217596,0.0,1.0,0.0,0.0,1.0,0.0,0.0,1.0,0.0,
-0.6108140959078078,-0.7978843815406161,0.18459003406945965,0.0,0.0,1.0,0.0,0.0,0.0,1.0,1.0,0.0,
1.93020830026389,0.7848591210573445,-0.588017490217596,0.0,0.0,0.0,1.0,0.0,0.0,1.0,1.0,0.0,
-0.5543469315484367,0.06937233221169105,-0.588017490217596,0.0,0.0,0.0,1.0,0.0,1.0,0.0,1.0,0.0,
0.12325904076401598,2.085744191685805,4.773124964896241,0.0,1.0,0.0,0.0,0.0,1.0,0.0,1.0,0.0,
0.010324712045273772,-0.7328401280091931,-0.588017490217596,0.0,1.0,0.0,0.0,0.0,0.0,1.0,1.0,0.0,
-0.3284782741109526,-0.9496543064472699,0.24112229194412224,1.0,0.0,0.0,0.0,0.0,0.0,1.0,1.0,0.0,
1.0832008348733237,1.2401688957773058,-0.588017490217596,0.0,1.0,0.0,0.0,1.0,0.0,0.0,1.0,0.0,
-0.9496170820640342,-0.6894772923215777,-0.588017490217596,0.0,1.0,0.0,0.0,1.0,0.0,0.0,1.0,0.0,
-0.72374842462655,-0.9279728886034622,0.7404905698369753,0.0,0.0,1.0,0.0,0.0,1.0,0.0,1.0,0.0,
0.010324712045273772,0.7198148675259214,2.79449593928305,0.0,1.0,0.0,0.0,1.0,0.0,0.0,1.0,0.0,
1.6478724784670347,0.22114225711834481,-0.588017490217596,0.0,0.0,0.0,1.0,1.0,0.0,0.0,1.0,0.0,
0.4620620269202421,-0.060716174851155026,1.9653561571213318,1.0,0.0,0.0,0.0,1.0,0.0,0.0,1.0,0.0,
-0.6672812602671788,0.15609800358692177,2.3516599192648595,1.0,0.0,0.0,0.0,0.0,0.0,1.0,1.0,0.0,
-0.10260961667346831,-0.6461144566339624,-0.588017490217596,1.0,0.0,0.0,0.0,0.0,0.0,1.0,1.0,0.0,
0.010324712045273772,-0.8846100529158468,-0.588017490217596,0.0,1.0,0.0,0.0,0.0,0.0,1.0,1.0,0.0,
0.06679187640464487,-0.2775303532892318,-0.588017490217596,0.0,0.0,1.0,0.0,0.0,0.0,1.0,1.0,0.0,
-0.3849454384703236,-0.32089318897684715,-0.588017490217596,0.0,0.0,0.0,1.0,1.0,0.0,0.0,1.0,0.0,
-0.10260961667346831,0.13441658574311408,-0.588017490217596,0.0,0.0,0.0,1.0,0.0,0.0,1.0,1.0,0.0,
-0.72374842462655,-0.32089318897684715,0.7499126128160857,0.0,0.0,1.0,0.0,0.0,1.0,0.0,1.0,0.0,
0.010324712045273772,-0.9279728886034622,0.5049394953592143,0.0,0.0,1.0,0.0,0.0,0.0,1.0,1.0,0.0,
0.17972620512338683,-0.060716174851155026,2.097264758828878,0.0,0.0,1.0,0.0,1.0,0.0,0.0,1.0,0.0,
-1.0060842464234052,-1.1881499027291544,-0.588017490217596,1.0,0.0,0.0,0.0,1.0,0.0,0.0,0.0,1.0,
1.309069492310808,1.8472485954039208,1.7580712115809023,1.0,0.0,0.0,0.0,1.0,0.0,0.0,1.0,0.0,
-0.9496170820640342,-1.1014242313539235,-0.588017490217596,1.0,0.0,0.0,0.0,0.0,0.0,1.0,1.0,0.0,
-0.6672812602671788,-1.1881499027291544,0.5143615383383249,0.0,1.0,0.0,0.0,0.0,0.0,1.0,1.0,0.0,
0.9702665061545818,0.15609800358692177,-0.588017490217596,1.0,0.0,0.0,0.0,0.0,0.0,1.0,1.0,0.0,
0.40559486256087124,0.1127351678993064,-0.588017490217596,1.0,0.0,0.0,0.0,1.0,0.0,0.0,1.0,0.0,
-0.3284782741109526,-0.3425746068206548,-0.588017490217596,0.0,0.0,1.0,0.0,0.0,0.0,1.0,1.0,0.0,
-0.893149917704663,-1.1881499027291544,-0.588017490217596,0.0,0.0,0.0,1.0,0.0,0.0,1.0,1.0,0.0,
-0.6672812602671788,0.1127351678993064,-0.588017490217596,1.0,0.0,0.0,0.0,0.0,0.0,1.0,1.0,0.0,
0.23619336948275793,-0.537707367414924,-0.588017490217596,1.0,0.0,0.0,0.0,0.0,1.0,0.0,1.0,0.0,
-0.3284782741109526,-1.144787067041539,-0.588017490217596,0.0,1.0,0.0,0.0,0.0,0.0,1.0,1.0,0.0,
1.8172739715451478,0.9799918816516136,-0.588017490217596,1.0,0.0,0.0,0.0,1.0,0.0,0.0,1.0,0.0,
0.9702665061545818,-0.14744184622638573,-0.588017490217596,1.0,0.0,0.0,0.0,0.0,0.0,1.0,1.0,0.0,
-0.2155439453922104,-0.4726631138835009,-0.588017490217596,1.0,0.0,0.0,0.0,0.0,1.0,0.0,1.0,0.0,
-0.5543469315484367,-1.209831320572962,-0.588017490217596,1.0,0.0,0.0,0.0,1.0,0.0,0.0,1.0,0.0,
-0.9496170820640342,-1.2965569919481927,-0.588017490217596,0.0,1.0,0.0,0.0,1.0,0.0,0.0,1.0,0.0,
-0.2720111097515815,-0.42930027819588557,-0.588017490217596,1.0,0.0,0.0,0.0,0.0,1.0,0.0,1.0,0.0,
-1.1190185751421473,-1.3399198276358082,-0.588017490217596,0.0,1.0,0.0,0.0,0.0,0.0,1.0,1.0,0.0,
-1.0060842464234052,0.37291218202499854,-0.588017490217596,0.0,1.0,0.0,0.0,1.0,0.0,0.0,1.0,0.0,
0.12325904076401598,-0.4726631138835009,-0.588017490217596,0.0,0.0,0.0,1.0,0.0,1.0,0.0,1.0,0.0,
1.6478724784670347,0.8499033745887675,-0.588017490217596,1.0,0.0,0.0,0.0,1.0,0.0,0.0,1.0,0.0,
-0.4978797671890657,-0.03903475700734734,-0.588017490217596,0.0,1.0,0.0,0.0,1.0,0.0,0.0,1.0,0.0,
1.1961351635920658,0.3945935998688062,-0.588017490217596,0.0,0.0,0.0,1.0,0.0,1.0,0.0,1.0,0.0,
3.059551587451311,1.153443224402075,-0.588017490217596,1.0,0.0,0.0,0.0,1.0,0.0,0.0,1.0,0.0,
-0.6108140959078078,-1.3399198276358082,-0.588017490217596,1.0,0.0,0.0,0.0,0.0,0.0,1.0,1.0,0.0,
-0.6672812602671788,-1.079742813510116,0.7499126128160857,1.0,0.0,0.0,0.0,0.0,1.0,0.0,1.0,0.0,
0.6314635199983554,2.107425609529613,2.0689986298915466,0.0,0.0,0.0,1.0,1.0,0.0,0.0,0.0,1.0,
-0.2720111097515815,-0.8846100529158468,-0.588017490217596,1.0,0.0,0.0,0.0,0.0,1.0,0.0,1.0,0.0,
0.8008650130764685,0.19946083927453712,-0.588017490217596,0.0,0.0,0.0,1.0,1.0,0.0,0.0,1.0,0.0,
-0.3849454384703236,-0.45098169603969324,-0.588017490217596,0.0,0.0,0.0,1.0,0.0,1.0,0.0,1.0,0.0,
0.40559486256087124,-0.7545215458530008,-0.588017490217596,0.0,0.0,1.0,0.0,0.0,1.0,0.0,1.0,0.0,
0.8008650130764685,0.17777942143072945,-0.588017490217596,0.0,0.0,0.0,1.0,1.0,0.0,0.0,1.0,0.0,
1.139667999232695,0.7414962853697291,-0.588017490217596,0.0,0.0,1.0,0.0,1.0,0.0,0.0,1.0,0.0,
0.4620620269202421,0.17777942143072945,-0.588017490217596,1.0,0.0,0.0,0.0,0.0,0.0,1.0,1.0,0.0,
-0.5543469315484367,0.8282219567449598,-0.588017490217596,0.0,0.0,1.0,0.0,1.0,0.0,0.0,1.0,0.0,
0.23619336948275793,-0.36425602466446255,-0.588017490217596,0.0,1.0,0.0,0.0,0.0,1.0,0.0,1.0,0.0,
0.010324712045273772,-0.8846100529158468,-0.588017490217596,1.0,0.0,0.0,0.0,0.0,1.0,0.0,1.0,0.0,
-0.893149917704663,-0.9930171421348852,0.8723991715445213,0.0,0.0,0.0,1.0,0.0,1.0,0.0,1.0,0.0,
-0.3284782741109526,-0.2992117711330395,-0.588017490217596,1.0,0.0,0.0,0.0,0.0,0.0,1.0,1.0,0.0,
-0.2155439453922104,-0.017353339163539667,-0.588017490217596,0.0,0.0,1.0,0.0,0.0,0.0,1.0,1.0,0.0,
-0.2155439453922104,-0.3425746068206548,-0.588017490217596,0.0,0.0,0.0,1.0,1.0,0.0,0.0,1.0,0.0,
-0.9496170820640342,1.5220273277468055,0.7310685268578648,1.0,0.0,0.0,0.0,1.0,0.0,0.0,1.0,0.0,
-0.5543469315484367,-1.0146985599786928,0.6368480970667605,0.0,0.0,0.0,1.0,1.0,0.0,0.0,1.0,0.0,
3.285420244888795,1.3702574028401517,1.5507862660404728,0.0,1.0,0.0,0.0,1.0,0.0,0.0,1.0,0.0,
0.29266053384212903,0.7414962853697291,-0.588017490217596,0.0,1.0,0.0,0.0,1.0,0.0,0.0,1.0,0.0,
0.4620620269202421,0.3945935998688062,-0.588017490217596,1.0,0.0,0.0,0.0,1.0,0.0,0.0,1.0,0.0,
-1.0625514107827763,-1.144787067041539,-0.588017490217596,1.0,0.0,0.0,0.0,0.0,1.0,0.0,1.0,0.0,
-0.5543469315484367,-0.66779587447777,1.230436804750718,0.0,0.0,1.0,0.0,0.0,1.0,0.0,1.0,0.0,
-0.6108140959078078,-1.3399198276358082,0.1469018621530179,0.0,0.0,0.0,1.0,0.0,1.0,0.0,1.0,0.0,
-0.8366827533452921,-0.9279728886034622,-0.588017490217596,0.0,0.0,1.0,0.0,0.0,1.0,0.0,1.0,0.0,
-1.0060842464234052,-0.9062914707596545,0.19401207704857007,0.0,0.0,0.0,1.0,1.0,0.0,0.0,1.0,0.0,
-0.10260961667346831,-0.66779587447777,-0.588017490217596,0.0,0.0,0.0,1.0,1.0,0.0,0.0,1.0,0.0,
-0.2155439453922104,0.15609800358692177,-0.588017490217596,0.0,1.0,0.0,0.0,0.0,0.0,1.0,1.0,0.0,
0.8573321774358396,1.6737972526534592,-0.588017490217596,1.0,0.0,0.0,0.0,0.0,0.0,1.0,1.0,0.0,
-0.5543469315484367,-0.9713357242910775,-0.588017490217596,0.0,0.0,0.0,1.0,0.0,1.0,0.0,1.0,0.0,
-0.2720111097515815,-1.1014242313539235,-0.588017490217596,0.0,0.0,0.0,1.0,0.0,0.0,1.0,1.0,0.0,
-0.3284782741109526,-0.0823975926949627,1.2775470196462702,1.0,0.0,0.0,0.0,0.0,0.0,1.0,1.0,0.0,
0.40559486256087124,0.3945935998688062,-0.588017490217596,1.0,0.0,0.0,0.0,1.0,0.0,0.0,1.0,0.0,
-0.15907678103283943,0.8499033745887675,-0.588017490217596,1.0,0.0,0.0,0.0,1.0,0.0,0.0,1.0,0.0,
1.3655366566701794,2.5193725485619587,-0.588017490217596,0.0,1.0,0.0,0.0,0.0,1.0,0.0,1.0,0.0,
-0.4978797671890657,-0.42930027819588557,-0.588017490217596,0.0,1.0,0.0,0.0,0.0,1.0,0.0,1.0,0.0,
-0.8366827533452921,-0.9713357242910775,-0.588017490217596,0.0,0.0,1.0,0.0,1.0,0.0,0.0,1.0,0.0,
0.29266053384212903,-0.537707367414924,-0.588017490217596,0.0,0.0,1.0,0.0,0.0,1.0,0.0,1.0,0.0,
0.34912769820150014,2.3242397879676897,-0.588017490217596,0.0,0.0,1.0,0.0,0.0,0.0,1.0,0.0,1.0,
0.23619336948275793,1.2401688957773058,-0.588017490217596,0.0,1.0,0.0,0.0,0.0,0.0,1.0,1.0,0.0,
-0.9496170820640342,-0.45098169603969324,-0.588017490217596,0.0,0.0,1.0,0.0,0.0,1.0,0.0,1.0,0.0,
1.4220038210295503,0.5897263604630754,-0.588017490217596,0.0,0.0,1.0,0.0,0.0,0.0,1.0,1.0,0.0,
-0.780215588985921,-0.66779587447777,-0.588017490217596,0.0,1.0,0.0,0.0,0.0,0.0,1.0,1.0,0.0,
0.5185291912796132,-0.45098169603969324,1.192748632834276,0.0,0.0,0.0,1.0,1.0,0.0,0.0,1.0,0.0,
-0.5543469315484367,-0.21248609975780877,-0.588017490217596,0.0,1.0,0.0,0.0,0.0,0.0,1.0,1.0,0.0,
1.9866754646232607,1.4569830742153824,-0.588017490217596,0.0,0.0,1.0,0.0,1.0,0.0,0.0,1.0,0.0,
-0.6672812602671788,0.6547706139944984,-0.588017490217596,1.0,0.0,0.0,0.0,0.0,1.0,0.0,1.0,0.0,
-1.0060842464234052,-1.1881499027291544,-0.588017490217596,1.0,0.0,0.0,0.0,1.0,0.0,0.0,1.0,0.0,
0.40559486256087124,0.8282219567449598,2.728541638429277,0.0,1.0,0.0,0.0,1.0,0.0,0.0,1.0,0.0,
-0.10260961667346831,-0.45098169603969324,0.9854636872938465,0.0,0.0,0.0,1.0,0.0,0.0,1.0,1.0,0.0,
-0.10260961667346831,-0.9496543064472699,-0.588017490217596,1.0,0.0,0.0,0.0,0.0,1.0,0.0,1.0,0.0,
0.5749963556389843,2.497691130718151,3.8874529248598604,0.0,1.0,0.0,0.0,1.0,0.0,0.0,1.0,0.0,
-0.17601693034065075,-0.5593887852587316,1.4282997073120371,0.0,1.0,0.0,0.0,0.0,1.0,0.0,1.0,0.0,
0.8008650130764685,1.4569830742153824,4.085315827421179,1.0,0.0,0.0,0.0,1.0,0.0,0.0,1.0,0.0,
-0.4978797671890657,-0.6894772923215777,-0.588017490217596,0.0,0.0,1.0,0.0,0.0,1.0,0.0,1.0,0.0,
-0.3849454384703236,-0.42930027819588557,1.6355846528524667,1.0,0.0,0.0,0.0,0.0,1.0,0.0,1.0,0.0,
-0.15907678103283943,0.8282219567449598,-0.588017490217596,0.0,0.0,0.0,1.0,0.0,1.0,0.0,1.0,0.0,
-0.2720111097515815,-0.7111587101653853,-0.588017490217596,0.0,0.0,1.0,0.0,1.0,0.0,0.0,0.0,1.0,
-1.0060842464234052,-1.0146985599786928,-0.588017490217596,0.0,0.0,0.0,1.0,0.0,1.0,0.0,1.0,0.0,
0.06679187640464487,2.0640627738419974,-0.588017490217596,0.0,1.0,0.0,0.0,0.0,1.0,0.0,1.0,0.0,
-0.4978797671890657,-0.537707367414924,-0.588017490217596,0.0,0.0,1.0,0.0,0.0,1.0,0.0,1.0,0.0,
0.9137993417952107,0.15609800358692177,-0.588017490217596,1.0,0.0,0.0,0.0,0.0,1.0,0.0,1.0,0.0,
-1.1190185751421473,-0.10407901053877038,-0.588017490217596,0.0,0.0,0.0,1.0,1.0,0.0,0.0,1.0,0.0,
-0.6672812602671788,-0.5593887852587316,1.4848319651866997,0.0,1.0,0.0,0.0,0.0,0.0,1.0,1.0,0.0,
-0.2720111097515815,-1.0146985599786928,-0.588017490217596,1.0,0.0,0.0,0.0,0.0,1.0,0.0,0.0,1.0,
0.7443978487170974,1.3702574028401517,-0.588017490217596,0.0,1.0,0.0,0.0,1.0,0.0,0.0,1.0,0.0,
-0.3849454384703236,-0.8629286350720391,-0.588017490217596,0.0,0.0,1.0,0.0,0.0,1.0,0.0,1.0,0.0,
1.4220038210295503,2.497691130718151,-0.588017490217596,0.0,1.0,0.0,0.0,1.0,0.0,0.0,1.0,0.0,
-0.8366827533452921,-1.144787067041539,-0.588017490217596,0.0,0.0,0.0,1.0,0.0,1.0,0.0,1.0,0.0,
-0.780215588985921,-1.3616012454796158,-0.588017490217596,0.0,0.0,0.0,1.0,0.0,1.0,0.0,1.0,0.0,
0.17972620512338683,-0.5593887852587316,-0.588017490217596,0.0,0.0,1.0,0.0,1.0,0.0,0.0,1.0,0.0,
-1.0625514107827763,1.7388415061848823,-0.588017490217596,0.0,0.0,0.0,1.0,0.0,0.0,1.0,0.0,1.0,
-0.8366827533452921,-1.4266454990110389,0.22227820598590137,0.0,0.0,0.0,1.0,0.0,0.0,1.0,1.0,0.0,
-1.0625514107827763,0.3078679284935755,2.3045497043693075,1.0,0.0,0.0,0.0,0.0,1.0,0.0,1.0,0.0,
-0.15907678103283943,-0.9062914707596545,0.23170024896501182,0.0,0.0,0.0,1.0,1.0,0.0,0.0,1.0,0.0,
-1.0625514107827763,-1.144787067041539,0.2599663779023431,0.0,0.0,1.0,0.0,0.0,0.0,1.0,1.0,0.0,
-0.5543469315484367,-1.2315127384167697,-0.588017490217596,0.0,0.0,0.0,1.0,1.0,0.0,0.0,1.0,0.0,
0.010324712045273772,0.17777942143072945,-0.588017490217596,0.0,0.0,0.0,1.0,0.0,0.0,1.0,1.0,0.0,
-0.2155439453922104,-0.32089318897684715,-0.588017490217596,0.0,0.0,0.0,1.0,1.0,0.0,0.0,0.0,1.0,
0.12325904076401598,-0.2992117711330395,0.5143615383383249,0.0,0.0,1.0,0.0,0.0,0.0,1.0,1.0,0.0,
-0.893149917704663,-1.144787067041539,-0.588017490217596,0.0,0.0,0.0,1.0,0.0,0.0,1.0,1.0,0.0,
-0.6672812602671788,0.4379564355564216,-0.588017490217596,0.0,0.0,1.0,0.0,1.0,0.0,0.0,1.0,0.0,
0.5749963556389843,1.023354717339229,-0.588017490217596,0.0,0.0,0.0,1.0,1.0,0.0,0.0,1.0,0.0,
1.9866754646232607,1.6087529991220362,-0.588017490217596,0.0,1.0,0.0,0.0,0.0,1.0,0.0,0.0,1.0,
2.777215765654456,1.5220273277468055,-0.588017490217596,0.0,1.0,0.0,0.0,1.0,0.0,0.0,1.0,0.0,
1.93020830026389,0.9583104638078059,0.5237835813174353,1.0,0.0,0.0,0.0,1.0,0.0,0.0,1.0,0.0,
-0.10260961667346831,0.1127351678993064,0.22227820598590137,0.0,1.0,0.0,0.0,0.0,1.0,0.0,1.0,0.0,
0.5749963556389843,0.13441658574311408,-0.588017490217596,1.0,0.0,0.0,0.0,0.0,0.0,1.0,1.0,0.0,
1.1961351635920658,1.023354717339229,-0.588017490217596,0.0,0.0,0.0,1.0,0.0,1.0,0.0,1.0,0.0,
-0.72374842462655,-0.2775303532892318,-0.588017490217596,0.0,0.0,1.0,0.0,0.0,1.0,0.0,1.0,0.0,
-0.15907678103283943,-0.42930027819588557,1.06084003112673,0.0,0.0,0.0,1.0,0.0,1.0,0.0,1.0,0.0,
0.8008650130764685,0.35123076418119087,-0.588017490217596,1.0,0.0,0.0,0.0,0.0,0.0,1.0,1.0,0.0,
0.5185291912796132,-0.23416751760161647,1.192748632834276,0.0,0.0,0.0,1.0,1.0,0.0,0.0,1.0,0.0,
0.3886547132530598,0.1127351678993064,-0.588017490217596,0.0,0.0,1.0,0.0,0.0,1.0,0.0,1.0,0.0,
-0.893149917704663,-1.1664684848853466,0.5708937962129874,0.0,0.0,0.0,1.0,0.0,1.0,0.0,1.0,0.0,
-1.1190185751421473,0.004328078680268014,-0.588017490217596,0.0,0.0,0.0,1.0,1.0,0.0,0.0,1.0,0.0,
-0.36800528916251224,-0.7328401280091931,-0.588017490217596,1.0,0.0,0.0,0.0,1.0,0.0,0.0,1.0,0.0,
-0.8366827533452921,-0.8629286350720391,-0.588017490217596,0.0,0.0,1.0,0.0,1.0,0.0,0.0,1.0,0.0,
-0.10260961667346831,1.5220273277468055,1.2775470196462702,0.0,0.0,0.0,1.0,1.0,0.0,0.0,1.0,0.0,
3.0030844230919396,1.0016732994954212,0.9854636872938465,1.0,0.0,0.0,0.0,1.0,0.0,0.0,1.0,0.0,
-0.9496170820640342,-1.0146985599786928,0.24112229194412224,0.0,1.0,0.0,0.0,0.0,1.0,0.0,1.0,0.0,
-0.9496170820640342,-1.3182384097920004,0.4389851945054414,0.0,1.0,0.0,0.0,1.0,0.0,0.0,1.0,0.0,
0.7443978487170974,0.7631777032135367,-0.588017490217596,0.0,1.0,0.0,0.0,1.0,0.0,0.0,1.0,0.0,
1.0267336705139527,1.218487477933498,-0.588017490217596,1.0,0.0,0.0,0.0,1.0,0.0,0.0,1.0,0.0,
2.8336829300138264,2.454328295030536,4.886189480645566,0.0,1.0,0.0,0.0,0.0,1.0,0.0,1.0,0.0,
0.7443978487170974,1.6737972526534592,-0.588017490217596,0.0,0.0,1.0,0.0,0.0,0.0,1.0,1.0,0.0,
-1.0625514107827763,-0.7328401280091931,0.9289314294191839,0.0,1.0,0.0,0.0,1.0,0.0,0.0,1.0,0.0,
-0.8366827533452921,-0.3425746068206548,-0.588017490217596,0.0,0.0,1.0,0.0,0.0,1.0,0.0,1.0,0.0,
-0.2720111097515815,-0.5810702031025393,-0.588017490217596,0.0,0.0,1.0,0.0,1.0,0.0,0.0,1.0,0.0,
-0.9496170820640342,-1.1881499027291544,-0.588017490217596,1.0,0.0,0.0,0.0,1.0,0.0,0.0,1.0,0.0,
-0.2155439453922104,-0.42930027819588557,-0.588017490217596,1.0,0.0,0.0,0.0,0.0,0.0,1.0,1.0,0.0,
-0.3284782741109526,-0.9930171421348852,-0.588017490217596,0.0,1.0,0.0,0.0,0.0,0.0,1.0,1.0,0.0,
-0.72374842462655,-0.017353339163539667,-0.588017490217596,0.0,0.0,0.0,1.0,1.0,0.0,0.0,1.0,0.0,
0.06679187640464487,-0.5810702031025393,-0.588017490217596,0.0,1.0,0.0,0.0,0.0,0.0,1.0,1.0,0.0,
1.8737411359045186,1.153443224402075,0.20343412002768052,0.0,0.0,0.0,1.0,1.0,0.0,0.0,1.0,0.0,
-0.8366827533452921,1.4353016563715748,-0.588017490217596,0.0,1.0,0.0,0.0,1.0,0.0,0.0,1.0,0.0,
-0.9496170820640342,-0.9496543064472699,-0.588017490217596,0.0,1.0,0.0,0.0,1.0,0.0,0.0,1.0,0.0,
-1.0060842464234052,-0.9496543064472699,0.7404905698369753,0.0,0.0,0.0,1.0,1.0,0.0,0.0,1.0,0.0,
-0.5543469315484367,-0.7762029636968084,0.6556921830249813,0.0,0.0,1.0,0.0,0.0,1.0,0.0,1.0,0.0,
-0.04614245231409733,0.4379564355564216,-0.588017490217596,0.0,1.0,0.0,0.0,1.0,0.0,0.0,1.0,0.0,
1.2526023279514371,1.4569830742153824,2.79449593928305,0.0,0.0,1.0,0.0,1.0,0.0,0.0,1.0,0.0,
1.7608068071857763,1.8038857597163054,-0.588017490217596,1.0,0.0,0.0,0.0,0.0,0.0,1.0,0.0,1.0,
-0.3284782741109526,-0.6894772923215777,-0.588017490217596,0.0,0.0,1.0,0.0,1.0,0.0,0.0,1.0,0.0,
0.8008650130764685,1.3919388206839596,2.737963681408387,1.0,0.0,0.0,0.0,1.0,0.0,0.0,1.0,0.0,
0.23619336948275793,0.06937233221169105,-0.588017490217596,0.0,0.0,0.0,1.0,0.0,0.0,1.0,1.0,0.0,
-1.0060842464234052,-0.4726631138835009,-0.588017490217596,1.0,0.0,0.0,0.0,1.0,0.0,0.0,1.0,0.0,
-0.72374842462655,-0.5593887852587316,1.2587029336880493,0.0,0.0,1.0,0.0,0.0,1.0,0.0,1.0,0.0,
-0.10260961667346831,0.19946083927453712,-0.588017490217596,0.0,0.0,0.0,1.0,0.0,1.0,0.0,1.0,0.0,
-0.2720111097515815,-0.9930171421348852,0.9100873434609631,1.0,0.0,0.0,0.0,0.0,1.0,0.0,1.0,0.0,
-0.5543469315484367,-0.66779587447777,1.2210147617716076,0.0,0.0,0.0,1.0,0.0,1.0,0.0,1.0,0.0,
0.06679187640464487,0.8282219567449598,-0.588017490217596,0.0,0.0,0.0,1.0,0.0,0.0,1.0,1.0,0.0,
-1.0625514107827763,-0.9713357242910775,0.9289314294191839,0.0,0.0,0.0,1.0,1.0,0.0,0.0,1.0,0.0,
-0.3284782741109526,-0.7762029636968084,-0.588017490217596,1.0,0.0,0.0,0.0,0.0,0.0,1.0,1.0,0.0,
-0.6672812602671788,-1.404964081167231,-0.588017490217596,1.0,0.0,0.0,0.0,0.0,1.0,0.0,1.0,0.0,
-0.10260961667346831,0.06937233221169105,-0.588017490217596,1.0,0.0,0.0,0.0,0.0,0.0,1.0,1.0,0.0,
-0.4978797671890657,0.7848591210573445,-0.588017490217596,1.0,0.0,0.0,0.0,0.0,1.0,0.0,1.0,0.0,
-0.4414126028296947,0.5030006890878447,-0.588017490217596,0.0,0.0,1.0,0.0,0.0,0.0,1.0,1.0,0.0,
-1.0060842464234052,-0.7978843815406161,-0.588017490217596,1.0,0.0,0.0,0.0,1.0,0.0,0.0,1.0,0.0,
-0.5543469315484367,-1.144787067041539,-0.588017490217596,1.0,0.0,0.0,0.0,1.0,0.0,0.0,1.0,0.0,
0.010324712045273772,0.54636352477546,0.6085819681294292,0.0,1.0,0.0,0.0,1.0,0.0,0.0,1.0,0.0,
0.23619336948275793,0.17777942143072945,-0.588017490217596,1.0,0.0,0.0,0.0,1.0,0.0,0.0,1.0,0.0,
3.3983545736075373,2.085744191685805,-0.588017490217596,0.0,1.0,0.0,0.0,1.0,0.0,0.0,1.0,0.0,
-1.1190185751421473,1.3702574028401517,-0.588017490217596,0.0,1.0,0.0,0.0,1.0,0.0,0.0,1.0,0.0,
-0.3849454384703236,-0.7328401280091931,-0.588017490217596,0.0,0.0,0.0,1.0,1.0,0.0,0.0,1.0,0.0,
-0.72374842462655,2.172469863061036,2.3516599192648595,0.0,0.0,1.0,0.0,1.0,0.0,0.0,1.0,0.0,
-1.1190185751421473,1.4569830742153824,-0.588017490217596,0.0,1.0,0.0,0.0,1.0,0.0,0.0,1.0,0.0,
3.3983545736075373,1.4353016563715748,-0.588017490217596,0.0,1.0,0.0,0.0,1.0,0.0,0.0,1.0,0.0,
-0.6108140959078078,-1.079742813510116,-0.588017490217596,1.0,0.0,0.0,0.0,0.0,0.0,1.0,1.0,0.0,
-0.6672812602671788,-0.9930171421348852,0.33534272173522656,0.0,1.0,0.0,0.0,0.0,0.0,1.0,1.0,0.0,
3.3983545736075373,1.5220273277468055,4.170114214233173,0.0,1.0,0.0,0.0,1.0,0.0,0.0,1.0,0.0,
-0.4978797671890657,-0.6461144566339624,1.3435013205000432,0.0,0.0,0.0,1.0,0.0,1.0,0.0,1.0,0.0,
1.6478724784670347,0.06937233221169105,-0.588017490217596,0.0,0.0,0.0,1.0,1.0,0.0,0.0,1.0,0.0,
0.29266053384212903,-0.36425602466446255,-0.588017490217596,0.0,1.0,0.0,0.0,1.0,0.0,0.0,1.0,0.0,
-1.1190185751421473,-0.4726631138835009,-0.588017490217596,1.0,0.0,0.0,0.0,0.0,1.0,0.0,1.0,0.0,
-0.893149917704663,-1.2315127384167697,-0.588017490217596,1.0,0.0,0.0,0.0,0.0,0.0,1.0,1.0,0.0,
0.010324712045273772,0.06937233221169105,-0.588017490217596,0.0,0.0,0.0,1.0,0.0,1.0,0.0,1.0,0.0,
-0.2720111097515815,-0.21248609975780877,-0.588017490217596,1.0,0.0,0.0,0.0,0.0,1.0,0.0,1.0,0.0,
1.6478724784670347,0.13441658574311408,1.381189492416485,0.0,0.0,0.0,1.0,1.0,0.0,0.0,1.0,0.0,
-0.6108140959078078,-0.9930171421348852,0.5991599251503187,0.0,0.0,1.0,0.0,1.0,0.0,0.0,1.0,0.0,
-0.5543469315484367,-0.49434453172730863,-0.588017490217596,0.0,1.0,0.0,0.0,0.0,0.0,1.0,1.0,0.0,
-0.15907678103283943,0.17777942143072945,-0.588017490217596,0.0,1.0,0.0,0.0,0.0,1.0,0.0,1.0,0.0,
-0.8366827533452921,-1.079742813510116,-0.588017490217596,1.0,0.0,0.0,0.0,0.0,1.0,0.0,1.0,0.0,
-0.9496170820640342,-0.8846100529158468,-0.588017490217596,1.0,0.0,0.0,0.0,0.0,0.0,1.0,1.0,0.0,
2.099609793342003,2.584416802093382,-0.588017490217596,0.0,1.0,0.0,0.0,0.0,1.0,0.0,1.0,0.0,
-0.9496170820640342,-1.3616012454796158,-0.588017490217596,0.0,0.0,1.0,0.0,0.0,0.0,1.0,1.0,0.0,
-0.9496170820640342,1.1751246422458828,-0.588017490217596,1.0,0.0,0.0,0.0,1.0,0.0,0.0,1.0,0.0,
2.269011286420116,1.6087529991220362,-0.588017490217596,0.0,1.0,0.0,0.0,1.0,0.0,0.0,1.0,0.0,
-0.15907678103283943,2.584416802093382,-0.588017490217596,1.0,0.0,0.0,0.0,1.0,0.0,0.0,1.0,0.0,
3.059551587451311,0.9799918816516136,0.5332056242965457,1.0,0.0,0.0,0.0,1.0,0.0,0.0,1.0,0.0,
-0.15907678103283943,2.6060982199371896,-0.588017490217596,1.0,0.0,0.0,0.0,1.0,0.0,0.0,1.0,0.0,
-0.6672812602671788,-1.0146985599786928,-0.588017490217596,0.0,1.0,0.0,0.0,1.0,0.0,0.0,1.0,0.0,
-0.2155439453922104,-0.7762029636968084,-0.588017490217596,0.0,1.0,0.0,0.0,0.0,0.0,1.0,1.0,0.0,
-1.0625514107827763,-0.49434453172730863,0.5520497102547666,0.0,0.0,0.0,1.0,0.0,0.0,1.0,1.0,0.0,
-0.5543469315484367,-1.0146985599786928,-0.588017490217596,0.0,0.0,0.0,1.0,0.0,0.0,1.0,1.0,0.0,
0.17972620512338683,0.5680449426192676,1.8240255124346754,0.0,0.0,0.0,1.0,0.0,0.0,1.0,1.0,0.0,
-0.9496170820640342,-0.7328401280091931,-0.588017490217596,1.0,0.0,0.0,0.0,0.0,0.0,1.0,1.0,0.0,
-0.72374842462655,-0.49434453172730863,-0.588017490217596,0.0,0.0,1.0,0.0,0.0,1.0,0.0,1.0,0.0,
-0.72374842462655,-0.66779587447777,1.2210147617716076,0.0,1.0,0.0,0.0,0.0,1.0,0.0,1.0,0.0,
0.010324712045273772,0.09105375005549873,1.1550604609178343,0.0,0.0,1.0,0.0,0.0,1.0,0.0,1.0,0.0,
-0.780215588985921,-0.7978843815406161,-0.588017490217596,0.0,0.0,1.0,0.0,0.0,1.0,0.0,1.0,0.0,
1.139667999232695,-0.32089318897684715,1.71096099668535,0.0,0.0,0.0,1.0,0.0,0.0,1.0,1.0,0.0,
0.010324712045273772,0.8065405389011522,-0.588017490217596,1.0,0.0,0.0,0.0,1.0,0.0,0.0,1.0,0.0,
-0.8366827533452921,-1.1014242313539235,-0.588017490217596,0.0,1.0,0.0,0.0,0.0,1.0,0.0,1.0,0.0,
-0.15907678103283943,-0.32089318897684715,-0.588017490217596,0.0,0.0,1.0,0.0,1.0,0.0,0.0,0.0,1.0,
-0.3284782741109526,0.5246821069316523,1.8994018562675588,0.0,1.0,0.0,0.0,1.0,0.0,0.0,1.0,0.0,
1.139667999232695,0.8715847924325751,-0.588017490217596,1.0,0.0,0.0,0.0,1.0,0.0,0.0,1.0,0.0,
2.099609793342003,1.2618503136211134,-0.588017490217596,0.0,0.0,0.0,1.0,0.0,0.0,1.0,0.0,1.0,
0.23619336948275793,-0.2775303532892318,0.22227820598590137,0.0,0.0,0.0,1.0,1.0,0.0,0.0,1.0,0.0,
3.511288902326279,2.3459212058114973,3.812076581026977,0.0,0.0,1.0,0.0,0.0,0.0,1.0,0.0,1.0,
-0.15907678103283943,0.28618651064976786,-0.588017490217596,0.0,1.0,0.0,0.0,0.0,1.0,0.0,1.0,0.0,
0.5749963556389843,0.19946083927453712,-0.588017490217596,0.0,0.0,1.0,0.0,0.0,1.0,0.0,1.0,0.0,
-1.0060842464234052,-1.144787067041539,0.19401207704857007,0.0,0.0,0.0,1.0,1.0,0.0,0.0,1.0,0.0,
-1.0625514107827763,0.4379564355564216,1.6732728247689084,0.0,0.0,1.0,0.0,1.0,0.0,0.0,1.0,0.0,
3.285420244888795,1.9339742667791515,-0.588017490217596,0.0,1.0,0.0,0.0,1.0,0.0,0.0,1.0,0.0,
-0.72374842462655,-1.404964081167231,-0.588017490217596,0.0,0.0,0.0,1.0,1.0,0.0,0.0,1.0,0.0,
0.29266053384212903,-0.0823975926949627,1.1550604609178343,1.0,0.0,0.0,0.0,1.0,0.0,0.0,1.0,0.0,
-1.1190185751421473,0.3295493463373832,1.8428695983928962,0.0,1.0,0.0,0.0,1.0,0.0,0.0,0.0,1.0,
0.5185291912796132,1.0450361351830366,-0.588017490217596,1.0,0.0,0.0,0.0,1.0,0.0,0.0,1.0,0.0,
0.40559486256087124,1.4569830742153824,-0.588017490217596,0.0,1.0,0.0,0.0,1.0,0.0,0.0,1.0,0.0,
-0.3284782741109526,-0.5593887852587316,0.34476476471433704,1.0,0.0,0.0,0.0,1.0,0.0,0.0,1.0,0.0,
-1.0625514107827763,-1.1664684848853466,-0.588017490217596,0.0,0.0,1.0,0.0,0.0,0.0,1.0,1.0,0.0,
-0.4978797671890657,-0.42930027819588557,-0.588017490217596,0.0,1.0,0.0,0.0,1.0,0.0,0.0,1.0,0.0,
-0.10260961667346831,0.8282219567449598,-0.588017490217596,0.0,1.0,0.0,0.0,0.0,1.0,0.0,1.0,0.0,
-0.72374842462655,-0.060716174851155026,0.8723991715445213,1.0,0.0,0.0,0.0,0.0,0.0,1.0,1.0,0.0,
2.438412779498229,0.5030006890878447,-0.588017490217596,0.0,1.0,0.0,0.0,1.0,0.0,0.0,1.0,0.0,
0.29266053384212903,-0.5810702031025393,0.40129702258899963,1.0,0.0,0.0,0.0,0.0,0.0,1.0,1.0,0.0,
-0.3284782741109526,-0.7328401280091931,0.6180040111085396,1.0,0.0,0.0,0.0,0.0,0.0,1.0,1.0,0.0,
0.29266053384212903,0.22114225711834481,-0.588017490217596,0.0,1.0,0.0,0.0,1.0,0.0,0.0,1.0,0.0,
0.7613379980249089,0.611407778306883,-0.588017490217596,1.0,0.0,0.0,0.0,1.0,0.0,0.0,0.0,1.0,
0.7443978487170974,1.1751246422458828,-0.588017490217596,0.0,1.0,0.0,0.0,1.0,0.0,0.0,1.0,0.0,
3.1160187518106817,1.7171600883410747,2.7191195954501666,0.0,0.0,1.0,0.0,0.0,0.0,1.0,0.0,1.0,
-0.10260961667346831,-0.7978843815406161,1.126794331980503,1.0,0.0,0.0,0.0,0.0,1.0,0.0,0.0,1.0,
-1.0625514107827763,0.09105375005549873,-0.588017490217596,1.0,0.0,0.0,0.0,1.0,0.0,0.0,1.0,0.0,
-0.2720111097515815,-0.66779587447777,0.5143615383383249,0.0,0.0,1.0,0.0,1.0,0.0,0.0,1.0,0.0,
-0.6672812602671788,-0.8629286350720391,0.5897378821712083,0.0,1.0,0.0,0.0,0.0,0.0,1.0,1.0,0.0,
-0.2720111097515815,-0.9713357242910775,0.46725132344277265,0.0,0.0,0.0,1.0,0.0,1.0,0.0,1.0,0.0,
-0.893149917704663,-1.144787067041539,-0.588017490217596,1.0,0.0,0.0,0.0,0.0,0.0,1.0,1.0,0.0,
-1.1190185751421473,-0.36425602466446255,-0.588017490217596,1.0,0.0,0.0,0.0,1.0,0.0,0.0,1.0,0.0,
-1.0060842464234052,-0.8846100529158468,0.19401207704857007,0.0,0.0,1.0,0.0,1.0,0.0,0.0,1.0,0.0,
-0.10260961667346831,-0.060716174851155026,1.6921169107271292,0.0,0.0,0.0,1.0,0.0,1.0,0.0,1.0,0.0,
-0.10260961667346831,-0.017353339163539667,1.49425400816581,0.0,1.0,0.0,0.0,0.0,1.0,0.0,1.0,0.0,
-0.5543469315484367,-0.5810702031025393,-0.588017490217596,0.0,1.0,0.0,0.0,0.0,1.0,0.0,1.0,0.0,
-0.2720111097515815,-0.23416751760161647,-0.588017490217596,0.0,1.0,0.0,0.0,1.0,0.0,0.0,1.0,0.0,
1.4220038210295503,1.283531731464921,-0.588017490217596,0.0,0.0,0.0,1.0,0.0,0.0,1.0,0.0,1.0,
-0.8366827533452921,0.4379564355564216,-0.588017490217596,0.0,0.0,1.0,0.0,1.0,0.0,0.0,1.0,0.0,
-0.36800528916251224,-0.9930171421348852,0.1751679910903492,1.0,0.0,0.0,0.0,1.0,0.0,0.0,1.0,0.0,
-0.9496170820640342,-0.8846100529158468,0.1469018621530179,1.0,0.0,0.0,0.0,0.0,0.0,1.0,1.0,0.0,
-0.10260961667346831,-0.8629286350720391,-0.588017490217596,1.0,0.0,0.0,0.0,0.0,1.0,0.0,1.0,0.0,
-1.0060842464234052,-1.2965569919481927,-0.588017490217596,0.0,1.0,0.0,0.0,0.0,0.0,1.0,1.0,0.0,
2.8336829300138264,2.5410539664057663,-0.588017490217596,1.0,0.0,0.0,0.0,0.0,0.0,1.0,0.0,1.0,
2.438412779498229,0.8282219567449598,-0.588017490217596,0.0,1.0,0.0,0.0,1.0,0.0,0.0,1.0,0.0,
-1.1190185751421473,-1.209831320572962,0.21285616300679094,0.0,1.0,0.0,0.0,0.0,0.0,1.0,1.0,0.0,
-1.0625514107827763,-1.1664684848853466,-0.588017490217596,0.0,0.0,1.0,0.0,0.0,1.0,0.0,1.0,0.0,
-0.2155439453922104,0.1127351678993064,1.6544287388106875,0.0,1.0,0.0,0.0,0.0,0.0,1.0,1.0,0.0,
-0.2155439453922104,0.4379564355564216,-0.588017490217596,0.0,1.0,0.0,0.0,1.0,0.0,0.0,1.0,0.0,
-0.893149917704663,-1.1881499027291544,0.34476476471433704,0.0,0.0,0.0,1.0,1.0,0.0,0.0,1.0,0.0,
1.6478724784670347,1.4353016563715748,-0.588017490217596,0.0,1.0,0.0,0.0,0.0,0.0,1.0,1.0,0.0,
0.010324712045273772,1.630434416965844,-0.588017490217596,0.0,1.0,0.0,0.0,1.0,0.0,0.0,1.0,0.0,
0.010324712045273772,-0.32089318897684715,-0.588017490217596,0.0,0.0,1.0,0.0,0.0,0.0,1.0,1.0,0.0,
-0.5543469315484367,-0.9496543064472699,-0.588017490217596,1.0,0.0,0.0,0.0,1.0,0.0,0.0,1.0,0.0,
-1.0060842464234052,0.13441658574311408,0.9854636872938465,0.0,0.0,0.0,1.0,0.0,0.0,1.0,1.0,0.0,
0.8008650130764685,1.153443224402075,-0.588017490217596,1.0,0.0,0.0,0.0,1.0,0.0,0.0,1.0,0.0,
-0.15907678103283943,0.6547706139944984,-0.588017490217596,0.0,0.0,0.0,1.0,0.0,1.0,0.0,1.0,0.0,
1.139667999232695,1.9339742667791515,2.2480174464946447,0.0,1.0,0.0,0.0,0.0,0.0,1.0,1.0,0.0,
-1.0625514107827763,-0.2775303532892318,-0.588017490217596,1.0,0.0,0.0,0.0,1.0,0.0,0.0,1.0,0.0,
0.9702665061545818,-0.21248609975780877,-0.588017490217596,0.0,1.0,0.0,0.0,1.0,0.0,0.0,1.0,0.0,
-0.72374842462655,0.4379564355564216,2.445880349055964,0.0,1.0,0.0,0.0,0.0,1.0,0.0,1.0,0.0,
-0.04614245231409733,-0.4726631138835009,-0.588017490217596,0.0,0.0,0.0,1.0,0.0,0.0,1.0,1.0,0.0,
2.551347108216971,2.020699938154382,0.5237835813174353,0.0,0.0,1.0,0.0,0.0,0.0,1.0,1.0,0.0,
-0.04614245231409733,-0.0823975926949627,1.362345406458264,0.0,0.0,0.0,1.0,1.0,0.0,0.0,1.0,0.0,
-1.0060842464234052,-1.1881499027291544,0.6462701400458709,1.0,0.0,0.0,0.0,1.0,0.0,0.0,1.0,0.0,
-0.3284782741109526,-0.03903475700734734,-0.588017490217596,1.0,0.0,0.0,0.0,0.0,0.0,1.0,1.0,0.0,
1.9866754646232607,1.825567177560113,-0.588017490217596,1.0,0.0,0.0,0.0,0.0,0.0,1.0,0.0,1.0,
-1.0625514107827763,-0.6894772923215777,0.9477755153774048,0.0,0.0,1.0,0.0,0.0,1.0,0.0,1.0,0.0,
-0.04614245231409733,0.35123076418119087,2.511834649909737,0.0,0.0,0.0,1.0,0.0,1.0,0.0,1.0,0.0,
0.8573321774358396,1.5003459099029979,-0.588017490217596,0.0,0.0,0.0,1.0,0.0,1.0,0.0,1.0,0.0,
0.5749963556389843,2.5193725485619587,-0.588017490217596,0.0,1.0,0.0,0.0,1.0,0.0,0.0,1.0,0.0,
0.12325904076401598,0.004328078680268014,-0.588017490217596,0.0,0.0,1.0,0.0,1.0,0.0,0.0,1.0,0.0,
0.3886547132530598,-0.03903475700734734,-0.588017490217596,0.0,0.0,0.0,1.0,1.0,0.0,0.0,1.0,0.0,
1.478470985388921,1.3919388206839596,-0.588017490217596,1.0,0.0,0.0,0.0,1.0,0.0,0.0,1.0,0.0,
0.29266053384212903,0.8065405389011522,3.077157228656363,0.0,0.0,1.0,0.0,1.0,0.0,0.0,1.0,0.0,
-1.0060842464234052,-1.144787067041539,-0.588017490217596,0.0,0.0,1.0,0.0,1.0,0.0,0.0,1.0,0.0,
0.17972620512338683,-0.42930027819588557,-0.588017490217596,0.0,0.0,1.0,0.0,1.0,0.0,0.0,0.0,1.0,
0.06679187640464487,-0.537707367414924,-0.588017490217596,0.0,0.0,0.0,1.0,1.0,0.0,0.0,1.0,0.0,
-0.4978797671890657,-0.7111587101653853,-0.588017490217596,0.0,0.0,0.0,1.0,0.0,1.0,0.0,1.0,0.0,
-0.780215588985921,-1.1664684848853466,-0.588017490217596,0.0,0.0,0.0,1.0,1.0,0.0,0.0,1.0,0.0,
0.06679187640464487,-0.10407901053877038,1.1550604609178343,0.0,0.0,1.0,0.0,1.0,0.0,0.0,1.0,0.0,
1.7608068071857763,2.367602623655305,-0.588017490217596,0.0,1.0,0.0,0.0,0.0,1.0,0.0,1.0,0.0,
-0.3284782741109526,-0.9279728886034622,-0.588017490217596,0.0,1.0,0.0,0.0,0.0,0.0,1.0,1.0,0.0,
-0.3849454384703236,-1.2315127384167697,-0.588017490217596,0.0,0.0,1.0,0.0,0.0,1.0,0.0,1.0,0.0,
0.010324712045273772,-0.25584893544542414,-0.588017490217596,0.0,0.0,1.0,0.0,0.0,0.0,1.0,1.0,0.0,
0.010324712045273772,-0.10407901053877038,-0.588017490217596,0.0,0.0,1.0,0.0,0.0,1.0,0.0,1.0,0.0,
0.29266053384212903,-0.23416751760161647,-0.588017490217596,0.0,1.0,0.0,0.0,1.0,0.0,0.0,1.0,0.0,
-0.3849454384703236,-1.1231056491977314,0.6462701400458709,0.0,0.0,1.0,0.0,0.0,1.0,0.0,1.0,0.0,
-1.0625514107827763,-1.404964081167231,-0.588017490217596,1.0,0.0,0.0,0.0,0.0,1.0,0.0,1.0,0.0,
-1.1190185751421473,-0.060716174851155026,-0.588017490217596,0.0,0.0,0.0,1.0,1.0,0.0,0.0,1.0,0.0,
-0.10260961667346831,-0.23416751760161647,-0.588017490217596,0.0,0.0,0.0,1.0,0.0,0.0,1.0,1.0,0.0,
-0.2155439453922104,-0.060716174851155026,-0.588017490217596,0.0,0.0,1.0,0.0,1.0,0.0,0.0,1.0,0.0,
-0.5543469315484367,-1.3182384097920004,0.19401207704857007,0.0,1.0,0.0,0.0,0.0,1.0,0.0,1.0,0.0,
-0.3849454384703236,-0.36425602466446255,-0.588017490217596,0.0,0.0,0.0,1.0,0.0,0.0,1.0,1.0,0.0,
0.29266053384212903,-0.25584893544542414,-0.588017490217596,1.0,0.0,0.0,0.0,0.0,0.0,1.0,1.0,0.0,
-0.9496170820640342,-0.66779587447777,-0.588017490217596,0.0,1.0,0.0,0.0,1.0,0.0,0.0,1.0,0.0,
-1.1190185751421473,0.35123076418119087,0.7876007847325274,0.0,1.0,0.0,0.0,0.0,0.0,1.0,1.0,0.0,
0.23619336948275793,-0.5593887852587316,-0.588017490217596,1.0,0.0,0.0,0.0,0.0,1.0,0.0,1.0,0.0,
1.7043396428264055,1.4353016563715748,-0.588017490217596,0.0,0.0,1.0,0.0,0.0,0.0,1.0,0.0,1.0,
-0.9496170820640342,-0.66779587447777,-0.588017490217596,1.0,0.0,0.0,0.0,0.0,0.0,1.0,0.0,1.0,
-0.5543469315484367,-0.9062914707596545,0.9854636872938465,0.0,0.0,1.0,0.0,1.0,0.0,0.0,1.0,0.0,
-0.72374842462655,1.1751246422458828,-0.588017490217596,0.0,0.0,1.0,0.0,0.0,1.0,0.0,1.0,0.0,
-0.780215588985921,-0.6461144566339624,0.5143615383383249,0.0,0.0,1.0,0.0,0.0,1.0,0.0,1.0,0.0,
-0.04614245231409733,0.3945935998688062,-0.588017490217596,0.0,0.0,0.0,1.0,0.0,0.0,1.0,1.0,0.0,
-0.72374842462655,-0.49434453172730863,-0.588017490217596,0.0,0.0,0.0,1.0,1.0,0.0,0.0,1.0,0.0,
2.647341287627902,2.6711424734686124,-0.588017490217596,0.0,1.0,0.0,0.0,1.0,0.0,0.0,1.0,0.0,
-0.9496170820640342,-0.4726631138835009,1.4188776643329266,1.0,0.0,0.0,0.0,1.0,0.0,0.0,1.0,0.0,
-1.0625514107827763,0.09105375005549873,2.0501545439333255,0.0,0.0,0.0,1.0,0.0,1.0,0.0,1.0,0.0,
0.4620620269202421,-0.23416751760161647,1.3435013205000432,0.0,0.0,1.0,0.0,1.0,0.0,0.0,1.0,0.0,
-0.780215588985921,0.8065405389011522,-0.588017490217596,1.0,0.0,0.0,0.0,1.0,0.0,0.0,1.0,0.0,
-0.4414126028296947,-0.21248609975780877,-0.588017490217596,1.0,0.0,0.0,0.0,1.0,0.0,0.0,1.0,0.0,
-0.893149917704663,-1.1014242313539235,-0.588017490217596,0.0,0.0,0.0,1.0,0.0,1.0,0.0,1.0,0.0,
0.9702665061545818,0.19946083927453712,2.276283575431976,0.0,1.0,0.0,0.0,1.0,0.0,0.0,1.0,0.0,
-0.72374842462655,-0.7978843815406161,0.26938842088145354,0.0,1.0,0.0,0.0,1.0,0.0,0.0,1.0,0.0,
-0.5543469315484367,-0.9713357242910775,-0.588017490217596,0.0,1.0,0.0,0.0,0.0,1.0,0.0,1.0,0.0,
0.40559486256087124,0.8065405389011522,3.256176045259461,1.0,0.0,0.0,0.0,0.0,1.0,0.0,0.0,1.0,
-0.36800528916251224,-0.6461144566339624,-0.588017490217596,1.0,0.0,0.0,0.0,1.0,0.0,0.0,1.0,0.0,
-1.1190185751421473,0.19946083927453712,-0.588017490217596,0.0,1.0,0.0,0.0,0.0,0.0,1.0,1.0,0.0,
-0.9496170820640342,-1.144787067041539,-0.588017490217596,0.0,0.0,0.0,1.0,1.0,0.0,0.0,1.0,0.0,
1.139667999232695,0.5030006890878447,-0.588017490217596,1.0,0.0,0.0,0.0,0.0,0.0,1.0,1.0,0.0,
-0.2720111097515815,-0.7978843815406161,-0.588017490217596,0.0,0.0,0.0,1.0,0.0,0.0,1.0,1.0,0.0,
1.3655366566701794,1.1968060600896904,1.2210147617716076,0.0,0.0,1.0,0.0,1.0,0.0,0.0,1.0,0.0,
3.1724859161700527,2.2808769522800745,4.3491330308362715,0.0,1.0,0.0,0.0,1.0,0.0,0.0,1.0,0.0,
-0.72374842462655,-1.3832826633234234,-0.588017490217596,0.0,0.0,0.0,1.0,0.0,0.0,1.0,1.0,0.0,
-1.0625514107827763,-1.1231056491977314,-0.588017490217596,1.0,0.0,0.0,0.0,1.0,0.0,0.0,1.0,0.0,
1.139667999232695,0.6547706139944984,2.5306787358679577,1.0,0.0,0.0,0.0,1.0,0.0,0.0,1.0,0.0,
-0.780215588985921,-0.6461144566339624,1.3340792775209327,0.0,0.0,1.0,0.0,0.0,1.0,0.0,1.0,0.0,
-0.8366827533452921,-0.2992117711330395,-0.588017490217596,0.0,0.0,1.0,0.0,0.0,0.0,1.0,1.0,0.0,
-0.3849454384703236,-1.1014242313539235,-0.588017490217596,1.0,0.0,0.0,0.0,1.0,0.0,0.0,1.0,0.0,
0.4620620269202421,-0.6894772923215777,-0.588017490217596,1.0,0.0,0.0,0.0,0.0,1.0,0.0,1.0,0.0,
1.0267336705139527,1.2401688957773058,0.18459003406945965,1.0,0.0,0.0,0.0,1.0,0.0,0.0,1.0,0.0,
-1.0625514107827763,-1.1231056491977314,0.3164986357770057,1.0,0.0,0.0,0.0,1.0,0.0,0.0,1.0,0.0,
2.438412779498229,1.1968060600896904,3.5294152916536636,0.0,0.0,1.0,0.0,0.0,0.0,1.0,0.0,1.0,
-0.893149917704663,-1.3616012454796158,-0.588017490217596,0.0,0.0,1.0,0.0,1.0,0.0,0.0,0.0,1.0,
-0.72374842462655,-1.1231056491977314,-0.588017490217596,0.0,0.0,1.0,0.0,0.0,1.0,0.0,1.0,0.0,
-0.72374842462655,-0.060716174851155026,1.5413642230613622,0.0,1.0,0.0,0.0,0.0,1.0,0.0,1.0,0.0,
-0.6672812602671788,0.1127351678993064,-0.588017490217596,0.0,0.0,1.0,0.0,1.0,0.0,0.0,1.0,0.0,
1.5349381497482923,0.35123076418119087,-0.588017490217596,1.0,0.0,0.0,0.0,1.0,0.0,0.0,1.0,0.0,
-0.9496170820640342,-0.9496543064472699,-0.588017490217596,0.0,1.0,0.0,0.0,0.0,1.0,0.0,1.0,0.0,
-0.10260961667346831,0.7631777032135367,-0.588017490217596,0.0,0.0,1.0,0.0,0.0,1.0,0.0,1.0,0.0,
-0.10260961667346831,-0.45098169603969324,-0.588017490217596,0.0,0.0,0.0,1.0,0.0,0.0,1.0,1.0,0.0,
-0.72374842462655,-0.12576042838257806,0.16574594811123877,0.0,0.0,1.0,0.0,0.0,1.0,0.0,1.0,0.0,
-1.0625514107827763,0.1127351678993064,-0.588017490217596,0.0,0.0,1.0,0.0,1.0,0.0,0.0,0.0,1.0,
-0.10260961667346831,-0.2775303532892318,-0.588017490217596,1.0,0.0,0.0,0.0,0.0,0.0,1.0,1.0,0.0,
-0.9496170820640342,-1.0146985599786928,0.8064448706907483,0.0,1.0,0.0,0.0,1.0,0.0,0.0,1.0,0.0,
1.0832008348733237,1.0667175530268442,-0.588017490217596,0.0,1.0,0.0,0.0,1.0,0.0,0.0,1.0,0.0,
0.010324712045273772,-0.36425602466446255,0.8535550855863004,0.0,0.0,0.0,1.0,0.0,0.0,1.0,1.0,0.0,
-1.0060842464234052,-0.66779587447777,-0.588017490217596,1.0,0.0,0.0,0.0,1.0,0.0,0.0,1.0,0.0,
-0.9496170820640342,-1.4266454990110389,-0.588017490217596,0.0,1.0,0.0,0.0,0.0,0.0,1.0,1.0,0.0,
-0.72374842462655,-0.12576042838257806,-0.588017490217596,0.0,0.0,1.0,0.0,0.0,1.0,0.0,1.0,0.0,
-1.1190185751421473,0.3295493463373832,-0.588017490217596,0.0,1.0,0.0,0.0,1.0,0.0,0.0,1.0,0.0,
-0.2155439453922104,0.1127351678993064,-0.588017490217596,0.0,0.0,0.0,1.0,0.0,1.0,0.0,1.0,0.0,
0.5749963556389843,2.3459212058114973,-0.588017490217596,1.0,0.0,0.0,0.0,0.0,0.0,1.0,0.0,1.0,
-0.3849454384703236,1.0016732994954212,-0.588017490217596,0.0,1.0,0.0,0.0,1.0,0.0,0.0,1.0,0.0,
1.139667999232695,1.283531731464921,-0.588017490217596,1.0,0.0,0.0,0.0,1.0,0.0,0.0,1.0,0.0,
-0.10260961667346831,-0.2775303532892318,1.5884744379569145,1.0,0.0,0.0,0.0,0.0,0.0,1.0,1.0,0.0,
-0.10260961667346831,-0.7328401280091931,0.7970228277116378,0.0,0.0,0.0,1.0,0.0,0.0,1.0,1.0,0.0,
-0.6108140959078078,-0.6461144566339624,-0.588017490217596,0.0,0.0,0.0,1.0,0.0,1.0,0.0,1.0,0.0,
-0.72374842462655,-1.3182384097920004,0.40129702258899963,0.0,0.0,0.0,1.0,0.0,1.0,0.0,1.0,0.0,
0.4620620269202421,-0.537707367414924,1.3435013205000432,0.0,1.0,0.0,0.0,1.0,0.0,0.0,1.0,0.0,
1.0832008348733237,1.4569830742153824,-0.588017490217596,0.0,1.0,0.0,0.0,1.0,0.0,0.0,1.0,0.0,
0.4620620269202421,0.6547706139944984,2.57778895076351,0.0,1.0,0.0,0.0,1.0,0.0,0.0,1.0,0.0,
-0.6672812602671788,-0.4726631138835009,-0.588017490217596,1.0,0.0,0.0,0.0,1.0,0.0,0.0,1.0,0.0,
-0.893149917704663,-1.0146985599786928,0.35418680769344746,0.0,0.0,0.0,1.0,0.0,1.0,0.0,1.0,0.0,
-0.6108140959078078,-0.8629286350720391,-0.588017490217596,0.0,0.0,1.0,0.0,0.0,0.0,1.0,1.0,0.0,
0.010324712045273772,-0.6461144566339624,0.6556921830249813,0.0,0.0,0.0,1.0,0.0,0.0,1.0,1.0,0.0,
-1.0625514107827763,0.17777942143072945,-0.588017490217596,1.0,0.0,0.0,0.0,1.0,0.0,0.0,1.0,0.0,
0.9702665061545818,0.004328078680268014,1.6355846528524667,0.0,1.0,0.0,0.0,1.0,0.0,0.0,1.0,0.0,
1.0267336705139527,0.17777942143072945,0.32592067875611613,1.0,0.0,0.0,0.0,1.0,0.0,0.0,1.0,0.0,
0.010324712045273772,0.5680449426192676,1.9559341141422213,0.0,0.0,1.0,0.0,0.0,1.0,0.0,1.0,0.0,
0.06679187640464487,-0.45098169603969324,-0.588017490217596,0.0,0.0,0.0,1.0,1.0,0.0,0.0,1.0,0.0,
0.40559486256087124,1.218487477933498,3.1242674435519153,0.0,1.0,0.0,0.0,1.0,0.0,0.0,1.0,0.0,
-0.3849454384703236,1.088398970870652,-0.588017490217596,0.0,1.0,0.0,0.0,1.0,0.0,0.0,1.0,0.0,
-0.5543469315484367,-0.7978843815406161,0.4484072374845518,0.0,0.0,1.0,0.0,0.0,0.0,1.0,1.0,0.0,
0.23619336948275793,-0.4726631138835009,-0.588017490217596,0.0,0.0,1.0,0.0,0.0,1.0,0.0,1.0,0.0,
1.1961351635920658,2.237514116592459,1.362345406458264,1.0,0.0,0.0,0.0,1.0,0.0,0.0,1.0,0.0,
-1.0625514107827763,-0.49434453172730863,-0.588017490217596,0.0,0.0,0.0,1.0,0.0,0.0,1.0,1.0,0.0,
-0.2155439453922104,0.1127351678993064,1.1550604609178343,0.0,1.0,0.0,0.0,0.0,0.0,1.0,1.0,0.0,
-0.9496170820640342,0.7848591210573445,2.916982498011486,0.0,0.0,0.0,1.0,1.0,0.0,0.0,0.0,1.0,
1.5349381497482923,2.0640627738419974,-0.588017490217596,0.0,0.0,1.0,0.0,1.0,0.0,0.0,1.0,0.0,
0.4620620269202421,0.3078679284935755,-0.588017490217596,0.0,1.0,0.0,0.0,1.0,0.0,0.0,1.0,0.0,
-0.3849454384703236,0.15609800358692177,1.4754099222075892,0.0,0.0,0.0,1.0,0.0,0.0,1.0,1.0,0.0,
0.12325904076401598,-0.7762029636968084,-0.588017490217596,1.0,0.0,0.0,0.0,0.0,0.0,1.0,1.0,0.0,
0.23619336948275793,-0.2992117711330395,0.2599663779023431,0.0,1.0,0.0,0.0,0.0,1.0,0.0,1.0,0.0,
-0.4414126028296947,-0.23416751760161647,-0.588017490217596,1.0,0.0,0.0,0.0,1.0,0.0,0.0,1.0,0.0,
0.010324712045273772,0.41627501771261394,-0.588017490217596,1.0,0.0,0.0,0.0,1.0,0.0,0.0,1.0,0.0,
-0.4978797671890657,0.004328078680268014,-0.588017490217596,0.0,0.0,0.0,1.0,0.0,1.0,0.0,1.0,0.0,
-0.6672812602671788,-0.25584893544542414,1.7203830396644606,1.0,0.0,0.0,0.0,0.0,0.0,1.0,1.0,0.0,
-0.3284782741109526,-0.5160259495711162,-0.588017490217596,1.0,0.0,0.0,0.0,1.0,0.0,0.0,1.0,0.0,
0.6314635199983554,1.0450361351830366,-0.588017490217596,0.0,1.0,0.0,0.0,1.0,0.0,0.0,1.0,0.0,
0.5185291912796132,2.237514116592459,-0.588017490217596,1.0,0.0,0.0,0.0,1.0,0.0,0.0,1.0,0.0,
0.23619336948275793,-0.7111587101653853,-0.588017490217596,1.0,0.0,0.0,0.0,1.0,0.0,0.0,1.0,0.0,
-0.893149917704663,-1.079742813510116,0.3636088506725579,0.0,0.0,0.0,1.0,0.0,1.0,0.0,1.0,0.0,
-0.9496170820640342,-1.079742813510116,-0.588017490217596,0.0,1.0,0.0,0.0,0.0,1.0,0.0,1.0,0.0,
-0.10260961667346831,0.3295493463373832,-0.588017490217596,0.0,0.0,0.0,1.0,0.0,0.0,1.0,1.0,0.0,
-1.0625514107827763,-1.4266454990110389,0.29765454981878486,1.0,0.0,0.0,0.0,1.0,0.0,0.0,1.0,0.0,
0.4620620269202421,0.3295493463373832,-0.588017490217596,1.0,0.0,0.0,0.0,0.0,1.0,0.0,1.0,0.0,
0.12325904076401598,0.19946083927453712,2.4553023920350743,0.0,0.0,0.0,1.0,0.0,1.0,0.0,1.0,0.0,
-0.15907678103283943,0.09105375005549873,-0.588017490217596,0.0,0.0,0.0,1.0,0.0,1.0,0.0,1.0,0.0,
-1.0625514107827763,-1.4483269168548465,-0.588017490217596,0.0,1.0,0.0,0.0,0.0,0.0,1.0,1.0,0.0,
-0.8366827533452921,-1.1881499027291544,-0.588017490217596,0.0,0.0,0.0,1.0,0.0,1.0,0.0,1.0,0.0,
2.438412779498229,1.1968060600896904,0.34476476471433704,0.0,0.0,1.0,0.0,0.0,1.0,0.0,1.0,0.0,
-0.6672812602671788,0.7848591210573445,-0.588017490217596,1.0,0.0,0.0,0.0,0.0,1.0,0.0,1.0,0.0,
-0.5543469315484367,0.8499033745887675,-0.588017490217596,1.0,0.0,0.0,0.0,0.0,0.0,1.0,1.0,0.0,
-0.5543469315484367,0.09105375005549873,1.6073185239151353,1.0,0.0,0.0,0.0,0.0,0.0,1.0,1.0,0.0,
-0.893149917704663,-0.21248609975780877,1.5978964809360248,0.0,1.0,0.0,0.0,0.0,0.0,1.0,1.0,0.0,
0.23619336948275793,2.1507884452172283,-0.588017490217596,1.0,0.0,0.0,0.0,1.0,0.0,0.0,1.0,0.0,
-0.2720111097515815,-1.0146985599786928,-0.588017490217596,0.0,0.0,0.0,1.0,0.0,0.0,1.0,1.0,0.0,
0.4620620269202421,0.004328078680268014,1.2398588477298285,1.0,0.0,0.0,0.0,1.0,0.0,0.0,1.0,0.0,
-0.10260961667346831,-0.6461144566339624,-0.588017490217596,1.0,0.0,0.0,0.0,0.0,1.0,0.0,1.0,0.0,
2.269011286420116,0.9366290459639982,1.729805082643571,0.0,1.0,0.0,0.0,0.0,0.0,1.0,0.0,1.0,
-0.5543469315484367,-1.3616012454796158,0.26938842088145354,1.0,0.0,0.0,0.0,1.0,0.0,0.0,1.0,0.0,
0.12325904076401598,0.13441658574311408,0.5049394953592143,0.0,0.0,0.0,1.0,0.0,1.0,0.0,1.0,0.0,
-0.5543469315484367,-1.404964081167231,0.1751679910903492,0.0,0.0,0.0,1.0,1.0,0.0,0.0,1.0,0.0,
-0.780215588985921,1.153443224402075,-0.588017490217596,1.0,0.0,0.0,0.0,1.0,0.0,0.0,1.0,0.0,
-1.0060842464234052,-0.5810702031025393,-0.588017490217596,1.0,0.0,0.0,0.0,1.0,0.0,0.0,1.0,0.0,
-0.4978797671890657,-0.49434453172730863,1.5413642230613622,0.0,1.0,0.0,0.0,1.0,0.0,0.0,1.0,0.0,
-0.10260961667346831,-0.9279728886034622,0.4389851945054414,0.0,0.0,0.0,1.0,1.0,0.0,0.0,1.0,0.0,
-0.3849454384703236,-0.5160259495711162,-0.588017490217596,1.0,0.0,0.0,0.0,0.0,1.0,0.0,1.0,0.0,
-0.04614245231409733,0.22114225711834481,-0.588017490217596,1.0,0.0,0.0,0.0,1.0,0.0,0.0,1.0,0.0,
0.29266053384212903,-0.4726631138835009,0.46725132344277265,0.0,0.0,1.0,0.0,0.0,1.0,0.0,1.0,0.0,
-0.2720111097515815,-0.42930027819588557,-0.588017490217596,1.0,0.0,0.0,0.0,0.0,0.0,1.0,1.0,0.0,
-0.893149917704663,-0.9279728886034622,0.9666196013356256,0.0,0.0,1.0,0.0,0.0,1.0,0.0,1.0,0.0,
1.309069492310808,2.5193725485619587,1.3435013205000432,0.0,1.0,0.0,0.0,0.0,0.0,1.0,1.0,0.0,
-0.5543469315484367,-0.7328401280091931,-0.588017490217596,0.0,0.0,1.0,0.0,0.0,1.0,0.0,1.0,0.0,
0.06679187640464487,-0.3425746068206548,-0.588017490217596,0.0,0.0,1.0,0.0,1.0,0.0,0.0,1.0,0.0,
-0.9496170820640342,2.3242397879676897,1.5696303519986936,1.0,0.0,0.0,0.0,0.0,1.0,0.0,0.0,1.0,
0.23619336948275793,-0.537707367414924,-0.588017490217596,0.0,1.0,0.0,0.0,0.0,1.0,0.0,1.0,0.0,
2.099609793342003,1.8472485954039208,-0.588017490217596,0.0,0.0,0.0,1.0,0.0,0.0,1.0,1.0,0.0,
0.06679187640464487,-0.6461144566339624,-0.588017490217596,0.0,0.0,0.0,1.0,1.0,0.0,0.0,1.0,0.0,
0.5185291912796132,-0.14744184622638573,-0.588017490217596,0.0,0.0,0.0,1.0,1.0,0.0,0.0,1.0,0.0,
1.7043396428264055,1.283531731464921,-0.588017490217596,1.0,0.0,0.0,0.0,1.0,0.0,0.0,1.0,0.0,
0.06679187640464487,-0.5810702031025393,0.7499126128160857,0.0,1.0,0.0,0.0,0.0,0.0,1.0,1.0,0.0,
0.8573321774358396,0.8715847924325751,-0.588017490217596,1.0,0.0,0.0,0.0,1.0,0.0,0.0,1.0,0.0,
1.4220038210295503,0.5246821069316523,1.7580712115809023,0.0,1.0,0.0,0.0,0.0,0.0,1.0,1.0,0.0,
-0.15907678103283943,-1.0146985599786928,-0.588017490217596,0.0,1.0,0.0,0.0,0.0,1.0,0.0,1.0,0.0,
-0.3849454384703236,-0.5810702031025393,-0.588017490217596,0.0,0.0,0.0,1.0,0.0,1.0,0.0,1.0,0.0,
0.40559486256087124,0.54636352477546,-0.588017490217596,1.0,0.0,0.0,0.0,0.0,1.0,0.0,1.0,0.0,
-0.5543469315484367,-1.1664684848853466,0.5426276672756561,0.0,1.0,0.0,0.0,1.0,0.0,0.0,1.0,0.0,
0.1966663544311983,-0.49434453172730863,-0.588017490217596,0.0,0.0,1.0,0.0,1.0,0.0,0.0,1.0,0.0,
1.93020830026389,0.28618651064976786,-0.588017490217596,1.0,0.0,0.0,0.0,1.0,0.0,0.0,1.0,0.0,
2.777215765654456,1.3702574028401517,-0.588017490217596,0.0,0.0,1.0,0.0,0.0,1.0,0.0,1.0,0.0,
-0.2155439453922104,0.3945935998688062,0.15632390513212835,0.0,0.0,1.0,0.0,1.0,0.0,0.0,1.0,0.0,
-0.2720111097515815,-0.8846100529158468,0.9383534723982944,0.0,0.0,0.0,1.0,0.0,1.0,0.0,1.0,0.0,
0.4620620269202421,-0.2992117711330395,0.8535550855863004,0.0,1.0,0.0,0.0,1.0,0.0,0.0,1.0,0.0,
0.5185291912796132,0.15609800358692177,2.012466372016884,1.0,0.0,0.0,0.0,1.0,0.0,0.0,1.0,0.0,
-0.3284782741109526,-0.66779587447777,-0.588017490217596,1.0,0.0,0.0,0.0,0.0,0.0,1.0,1.0,0.0,
-1.0060842464234052,-0.9279728886034622,-0.588017490217596,0.0,0.0,1.0,0.0,1.0,0.0,0.0,1.0,0.0,
-0.04614245231409733,0.5897263604630754,-0.588017490217596,0.0,1.0,0.0,0.0,1.0,0.0,0.0,0.0,1.0,
-0.893149917704663,-0.9496543064472699,0.15632390513212835,0.0,0.0,0.0,1.0,0.0,1.0,0.0,1.0,0.0,
0.3886547132530598,0.06937233221169105,-0.588017490217596,0.0,0.0,1.0,0.0,0.0,1.0,0.0,1.0,0.0,
-0.8366827533452921,-1.3399198276358082,-0.588017490217596,1.0,0.0,0.0,0.0,0.0,0.0,1.0,1.0,0.0,
-0.2155439453922104,-0.25584893544542414,-0.588017490217596,0.0,0.0,0.0,1.0,0.0,1.0,0.0,1.0,0.0,
0.6879306843577265,2.3242397879676897,-0.588017490217596,0.0,1.0,0.0,0.0,0.0,1.0,0.0,1.0,0.0,
-1.0625514107827763,-1.4483269168548465,-0.588017490217596,1.0,0.0,0.0,0.0,1.0,0.0,0.0,1.0,0.0,
0.06679187640464487,-0.537707367414924,-0.588017490217596,0.0,1.0,0.0,0.0,0.0,0.0,1.0,1.0,0.0,
0.34912769820150014,0.15609800358692177,-0.588017490217596,1.0,0.0,0.0,0.0,0.0,1.0,0.0,0.0,1.0,
-0.72374842462655,0.35123076418119087,-0.588017490217596,0.0,1.0,0.0,0.0,0.0,1.0,0.0,1.0,0.0,
1.478470985388921,1.4136202385277672,-0.588017490217596,1.0,0.0,0.0,0.0,1.0,0.0,0.0,1.0,0.0,
-0.3849454384703236,-0.8846100529158468,-0.588017490217596,0.0,1.0,0.0,0.0,1.0,0.0,0.0,1.0,0.0,
0.5749963556389843,-0.2775303532892318,-0.588017490217596,0.0,0.0,1.0,0.0,0.0,1.0,0.0,1.0,0.0,
0.23619336948275793,-0.3425746068206548,-0.588017490217596,1.0,0.0,0.0,0.0,1.0,0.0,0.0,0.0,1.0,
3.1724859161700527,1.4353016563715748,0.27881046386056396,0.0,1.0,0.0,0.0,1.0,0.0,0.0,1.0,0.0,
1.7608068071857763,1.023354717339229,0.9477755153774048,1.0,0.0,0.0,0.0,0.0,0.0,1.0,1.0,0.0,
1.9866754646232607,1.283531731464921,-0.588017490217596,0.0,0.0,0.0,1.0,0.0,1.0,0.0,0.0,1.0,
1.7043396428264055,1.9122928489353437,-0.588017490217596,1.0,0.0,0.0,0.0,1.0,0.0,0.0,1.0,0.0,
-0.72374842462655,-0.9713357242910775,0.778178741753417,0.0,1.0,0.0,0.0,0.0,1.0,0.0,1.0,0.0,
0.12325904076401598,-0.25584893544542414,-0.588017490217596,0.0,0.0,1.0,0.0,0.0,0.0,1.0,1.0,0.0,
-0.3849454384703236,-0.8629286350720391,-0.588017490217596,0.0,0.0,1.0,0.0,1.0,0.0,0.0,1.0,0.0,
0.34912769820150014,0.37291218202499854,1.4188776643329266,1.0,0.0,0.0,0.0,0.0,1.0,0.0,1.0,0.0,
0.29266053384212903,0.8715847924325751,1.0514179881476196,1.0,0.0,0.0,0.0,1.0,0.0,0.0,1.0,0.0,
-0.2720111097515815,-1.0146985599786928,0.5803158391920978,1.0,0.0,0.0,0.0,0.0,0.0,1.0,1.0,0.0,
-0.8366827533452921,-0.7328401280091931,-0.588017490217596,0.0,0.0,1.0,0.0,0.0,0.0,1.0,1.0,0.0,
-0.15907678103283943,0.004328078680268014,-0.588017490217596,0.0,1.0,0.0,0.0,0.0,1.0,0.0,1.0,0.0,
0.06679187640464487,-0.36425602466446255,1.0043077732520673,0.0,0.0,1.0,0.0,1.0,0.0,0.0,1.0,0.0,
-0.893149917704663,0.8282219567449598,2.4741464779932953,0.0,1.0,0.0,0.0,1.0,0.0,0.0,1.0,0.0,
1.3655366566701794,0.5680449426192676,0.18459003406945965,0.0,0.0,1.0,0.0,0.0,1.0,0.0,1.0,0.0,
-0.6108140959078078,-0.3425746068206548,1.2869690626253805,0.0,0.0,1.0,0.0,0.0,0.0,1.0,1.0,0.0,
-0.4414126028296947,1.2401688957773058,-0.588017490217596,0.0,0.0,1.0,0.0,0.0,1.0,0.0,0.0,1.0,
-0.893149917704663,-1.079742813510116,-0.588017490217596,0.0,1.0,0.0,0.0,1.0,0.0,0.0,1.0,0.0,
-0.7406885739343612,-1.144787067041539,0.38245293663077873,1.0,0.0,0.0,0.0,0.0,0.0,1.0,1.0,0.0,
2.0431426289826318,1.9556556846229591,-0.588017490217596,0.0,0.0,1.0,0.0,1.0,0.0,0.0,1.0,0.0,
0.17972620512338683,-0.14744184622638573,-0.588017490217596,0.0,0.0,0.0,1.0,0.0,0.0,1.0,1.0,0.0,
-0.4978797671890657,-0.9930171421348852,-0.588017490217596,0.0,0.0,0.0,1.0,0.0,0.0,1.0,1.0,0.0,
0.12325904076401598,-0.12576042838257806,-0.588017490217596,0.0,0.0,0.0,1.0,0.0,1.0,0.0,1.0,0.0,
-0.10260961667346831,-0.66779587447777,-0.588017490217596,1.0,0.0,0.0,0.0,1.0,0.0,0.0,1.0,0.0,
0.23619336948275793,-0.537707367414924,-0.588017490217596,0.0,0.0,1.0,0.0,1.0,0.0,0.0,1.0,0.0,
-1.1190185751421473,-1.1231056491977314,-0.588017490217596,0.0,1.0,0.0,0.0,0.0,0.0,1.0,1.0,0.0,
0.23619336948275793,-0.2775303532892318,-0.588017490217596,0.0,1.0,0.0,0.0,0.0,1.0,0.0,1.0,0.0,
0.5185291912796132,0.13441658574311408,0.712224440899644,1.0,0.0,0.0,0.0,1.0,0.0,0.0,1.0,0.0,
1.93020830026389,2.237514116592459,0.7970228277116378,0.0,0.0,1.0,0.0,0.0,0.0,1.0,1.0,0.0,
-0.6672812602671788,-0.66779587447777,0.8064448706907483,0.0,1.0,0.0,0.0,0.0,0.0,1.0,1.0,0.0,
-0.10260961667346831,0.28618651064976786,-0.588017490217596,0.0,1.0,0.0,0.0,0.0,1.0,0.0,1.0,0.0,
3.454821737966908,2.5627353842495744,-0.588017490217596,0.0,1.0,0.0,0.0,0.0,0.0,1.0,1.0,0.0,
-0.10260961667346831,0.19946083927453712,-0.588017490217596,1.0,0.0,0.0,0.0,0.0,0.0,1.0,1.0,0.0,
3.963026217201248,2.237514116592459,-0.588017490217596,0.0,0.0,0.0,1.0,0.0,0.0,1.0,1.0,0.0,
-0.15907678103283943,0.5680449426192676,-0.588017490217596,0.0,0.0,1.0,0.0,0.0,1.0,0.0,1.0,0.0,
-0.893149917704663,-1.1231056491977314,-0.588017490217596,0.0,0.0,1.0,0.0,0.0,1.0,0.0,1.0,0.0,
-0.2155439453922104,0.09105375005549873,-0.588017490217596,0.0,0.0,1.0,0.0,0.0,0.0,1.0,1.0,0.0,
-0.17601693034065075,-0.4726631138835009,0.7499126128160857,0.0,0.0,0.0,1.0,0.0,0.0,1.0,1.0,0.0,
1.4220038210295503,0.1127351678993064,-0.588017490217596,0.0,1.0,0.0,0.0,0.0,0.0,1.0,1.0,0.0,
0.34912769820150014,-0.017353339163539667,-0.588017490217596,1.0,0.0,0.0,0.0,0.0,1.0,0.0,1.0,0.0,
-1.1190185751421473,0.09105375005549873,-0.588017490217596,0.0,1.0,0.0,0.0,0.0,0.0,1.0,1.0,0.0,
-0.5543469315484367,-0.66779587447777,0.3636088506725579,0.0,0.0,0.0,1.0,0.0,1.0,0.0,1.0,0.0,
1.5349381497482923,1.0016732994954212,-0.588017490217596,1.0,0.0,0.0,0.0,1.0,0.0,0.0,1.0,0.0,
-0.8366827533452921,-0.21248609975780877,1.8240255124346754,0.0,0.0,1.0,0.0,0.0,0.0,1.0,1.0,0.0,
-0.17601693034065075,-0.45098169603969324,0.561471753233877,0.0,1.0,0.0,0.0,0.0,1.0,0.0,1.0,0.0,
0.23619336948275793,-0.32089318897684715,0.33534272173522656,1.0,0.0,0.0,0.0,1.0,0.0,0.0,1.0,0.0,
-0.2720111097515815,-0.7111587101653853,-0.588017490217596,0.0,0.0,1.0,0.0,1.0,0.0,0.0,1.0,0.0,
1.93020830026389,0.5030006890878447,-0.588017490217596,1.0,0.0,0.0,0.0,1.0,0.0,0.0,1.0,0.0,
-0.8366827533452921,0.3078679284935755,-0.588017490217596,0.0,0.0,1.0,0.0,1.0,0.0,0.0,1.0,0.0,
-0.9496170820640342,-0.12576042838257806,-0.588017490217596,0.0,0.0,1.0,0.0,0.0,0.0,1.0,1.0,0.0,
1.139667999232695,2.5627353842495744,-0.588017490217596,0.0,0.0,1.0,0.0,0.0,1.0,0.0,1.0,0.0,
-0.15907678103283943,-0.8846100529158468,0.9571975583565152,1.0,0.0,0.0,0.0,1.0,0.0,0.0,1.0,0.0,
0.23619336948275793,0.5680449426192676,-0.588017490217596,0.0,1.0,0.0,0.0,0.0,1.0,0.0,1.0,0.0,
0.29266053384212903,-0.2775303532892318,-0.588017490217596,0.0,1.0,0.0,0.0,1.0,0.0,0.0,1.0,0.0,
-0.2720111097515815,-1.2315127384167697,0.6085819681294292,1.0,0.0,0.0,0.0,0.0,1.0,0.0,1.0,0.0,
0.23619336948275793,-0.36425602466446255,-0.588017490217596,1.0,0.0,0.0,0.0,1.0,0.0,0.0,1.0,0.0,
-0.10260961667346831,0.5030006890878447,-0.588017490217596,0.0,0.0,1.0,0.0,0.0,1.0,0.0,1.0,0.0,
-0.5543469315484367,-1.144787067041539,0.26938842088145354,0.0,0.0,0.0,1.0,1.0,0.0,0.0,1.0,0.0,
-1.0625514107827763,-1.3182384097920004,0.33534272173522656,0.0,1.0,0.0,0.0,0.0,0.0,1.0,1.0,0.0,
-0.04614245231409733,0.3295493463373832,-0.588017490217596,0.0,0.0,0.0,1.0,0.0,1.0,0.0,1.0,0.0,
1.3655366566701794,0.17777942143072945,-0.588017490217596,0.0,0.0,1.0,0.0,1.0,0.0,0.0,1.0,0.0,
2.0431426289826318,1.4136202385277672,-0.588017490217596,0.0,0.0,1.0,0.0,1.0,0.0,0.0,1.0,0.0,
-0.04614245231409733,-0.017353339163539667,-0.588017490217596,0.0,0.0,0.0,1.0,0.0,0.0,1.0,1.0,0.0,
-0.15907678103283943,-0.66779587447777,-0.588017490217596,0.0,0.0,1.0,0.0,1.0,0.0,0.0,1.0,0.0,
-0.4978797671890657,-0.9496543064472699,0.5897378821712083,1.0,0.0,0.0,0.0,0.0,0.0,1.0,1.0,0.0,
-0.10260961667346831,0.6330891961506907,-0.588017490217596,0.0,0.0,0.0,1.0,0.0,0.0,1.0,1.0,0.0,
0.8573321774358396,0.004328078680268014,-0.588017490217596,0.0,1.0,0.0,0.0,1.0,0.0,0.0,1.0,0.0,
0.34912769820150014,1.153443224402075,-0.588017490217596,1.0,0.0,0.0,0.0,1.0,0.0,0.0,1.0,0.0,
1.0267336705139527,0.17777942143072945,-0.588017490217596,0.0,1.0,0.0,0.0,0.0,0.0,1.0,1.0,0.0,
-0.3284782741109526,-0.7111587101653853,0.9006653004818527,0.0,0.0,1.0,0.0,0.0,0.0,1.0,1.0,0.0,
1.139667999232695,0.19946083927453712,-0.588017490217596,1.0,0.0,0.0,0.0,0.0,0.0,1.0,1.0,0.0,
-0.9496170820640342,-0.0823975926949627,-0.588017490217596,0.0,0.0,1.0,0.0,0.0,0.0,1.0,1.0,0.0,
-0.3849454384703236,0.19946083927453712,-0.588017490217596,1.0,0.0,0.0,0.0,0.0,0.0,1.0,1.0,0.0,
-0.5543469315484367,0.7198148675259214,3.0206249707817006,0.0,0.0,1.0,0.0,1.0,0.0,0.0,1.0,0.0,
-0.4978797671890657,-0.7978843815406161,0.4295631515263309,1.0,0.0,0.0,0.0,0.0,0.0,1.0,1.0,0.0,
-0.780215588985921,-1.3616012454796158,-0.588017490217596,0.0,0.0,0.0,1.0,0.0,0.0,1.0,1.0,0.0,
-0.7406885739343612,-1.1231056491977314,-0.588017490217596,1.0,0.0,0.0,0.0,0.0,0.0,1.0,1.0,0.0,
-0.9496170820640342,-1.1231056491977314,-0.588017490217596,0.0,1.0,0.0,0.0,1.0,0.0,0.0,1.0,0.0,
0.010324712045273772,-0.21248609975780877,-0.588017490217596,0.0,0.0,0.0,1.0,0.0,0.0,1.0,1.0,0.0,
1.6478724784670347,1.0667175530268442,1.9182459422257796,1.0,0.0,0.0,0.0,1.0,0.0,0.0,1.0,0.0,
-0.8366827533452921,-0.10407901053877038,-0.588017490217596,0.0,0.0,1.0,0.0,0.0,0.0,1.0,1.0,0.0,
-0.6108140959078078,-0.2992117711330395,-0.588017490217596,0.0,0.0,1.0,0.0,0.0,1.0,0.0,1.0,0.0,
3.850091888482506,2.3459212058114973,4.895611523624677,0.0,1.0,0.0,0.0,0.0,0.0,1.0,1.0,0.0,
-0.9496170820640342,-0.7762029636968084,-0.588017490217596,1.0,0.0,0.0,0.0,0.0,0.0,1.0,1.0,0.0,
0.5749963556389843,-0.2992117711330395,-0.588017490217596,0.0,0.0,1.0,0.0,0.0,1.0,0.0,1.0,0.0,
-0.15907678103283943,1.5220273277468055,0.6556921830249813,1.0,0.0,0.0,0.0,1.0,0.0,0.0,1.0,0.0,
0.8008650130764685,0.7631777032135367,-0.588017490217596,1.0,0.0,0.0,0.0,1.0,0.0,0.0,1.0,0.0,
-0.04614245231409733,0.6547706139944984,-0.588017490217596,0.0,1.0,0.0,0.0,1.0,0.0,0.0,1.0,0.0,
0.23619336948275793,-0.7762029636968084,-0.588017490217596,0.0,0.0,1.0,0.0,0.0,1.0,0.0,1.0,0.0,
-0.15907678103283943,-0.5593887852587316,0.41071906556811005,0.0,1.0,0.0,0.0,1.0,0.0,0.0,1.0,0.0,
-1.0625514107827763,-1.4266454990110389,-0.588017490217596,1.0,0.0,0.0,0.0,0.0,1.0,0.0,1.0,0.0,
-0.8366827533452921,-0.7328401280091931,-0.588017490217596,1.0,0.0,0.0,0.0,0.0,0.0,1.0,1.0,0.0,
-0.04614245231409733,0.3078679284935755,-0.588017490217596,0.0,0.0,0.0,1.0,0.0,0.0,1.0,1.0,0.0,
0.010324712045273772,-0.42930027819588557,-0.588017490217596,1.0,0.0,0.0,0.0,1.0,0.0,0.0,1.0,0.0,
2.2125441220607454,1.4136202385277672,1.06084003112673,1.0,0.0,0.0,0.0,0.0,1.0,0.0,0.0,1.0,
0.9137993417952107,0.004328078680268014,-0.588017490217596,0.0,0.0,0.0,1.0,0.0,0.0,1.0,1.0,0.0,
-0.6108140959078078,-0.9062914707596545,-0.588017490217596,0.0,0.0,1.0,0.0,1.0,0.0,0.0,1.0,0.0,
-0.3284782741109526,-0.8629286350720391,-0.588017490217596,1.0,0.0,0.0,0.0,0.0,0.0,1.0,1.0,0.0,
0.3886547132530598,0.06937233221169105,-0.588017490217596,1.0,0.0,0.0,0.0,0.0,1.0,0.0,1.0,0.0,
1.93020830026389,1.7171600883410747,-0.588017490217596,0.0,0.0,1.0,0.0,0.0,1.0,0.0,1.0,0.0,
0.40559486256087124,0.1127351678993064,-0.588017490217596,0.0,1.0,0.0,0.0,1.0,0.0,0.0,1.0,0.0,
1.139667999232695,0.22114225711834481,-0.588017490217596,1.0,0.0,0.0,0.0,0.0,0.0,1.0,1.0,0.0,
-0.893149917704663,-0.12576042838257806,-0.588017490217596,0.0,0.0,0.0,1.0,1.0,0.0,0.0,1.0,0.0,
-1.1190185751421473,0.13441658574311408,1.531942180082252,0.0,1.0,0.0,0.0,0.0,0.0,1.0,1.0,0.0,
0.23619336948275793,0.7414962853697291,2.313971747348418,1.0,0.0,0.0,0.0,1.0,0.0,0.0,0.0,1.0,
0.6314635199983554,2.3459212058114973,-0.588017490217596,1.0,0.0,0.0,0.0,0.0,1.0,0.0,0.0,1.0,
2.325478450779487,0.9583104638078059,-0.588017490217596,0.0,1.0,0.0,0.0,1.0,0.0,0.0,1.0,0.0,
-0.9496170820640342,-0.9062914707596545,0.7499126128160857,0.0,0.0,0.0,1.0,1.0,0.0,0.0,1.0,0.0,
-0.3284782741109526,2.3459212058114973,-0.588017490217596,0.0,1.0,0.0,0.0,1.0,0.0,0.0,1.0,0.0,
0.010324712045273772,-0.7111587101653853,0.1751679910903492,1.0,0.0,0.0,0.0,0.0,1.0,0.0,1.0,0.0,
0.010324712045273772,-0.537707367414924,-0.588017490217596,0.0,0.0,1.0,0.0,0.0,0.0,1.0,1.0,0.0,
-1.0625514107827763,-0.8846100529158468,0.8912432575027421,0.0,0.0,0.0,1.0,0.0,0.0,1.0,1.0,0.0,
-1.0625514107827763,-0.3425746068206548,-0.588017490217596,0.0,0.0,0.0,1.0,0.0,1.0,0.0,1.0,0.0,
-0.9496170820640342,1.1751246422458828,0.1186357332156866,0.0,0.0,0.0,1.0,0.0,0.0,1.0,1.0,0.0,
-0.2720111097515815,-0.49434453172730863,-0.588017490217596,0.0,0.0,0.0,1.0,1.0,0.0,0.0,1.0,0.0,
-0.72374842462655,-1.079742813510116,-0.588017490217596,0.0,1.0,0.0,0.0,0.0,0.0,1.0,1.0,0.0,
0.010324712045273772,-0.4726631138835009,-0.588017490217596,0.0,0.0,0.0,1.0,0.0,0.0,1.0,1.0,0.0,
-0.893149917704663,0.13441658574311408,-0.588017490217596,0.0,1.0,0.0,0.0,1.0,0.0,0.0,1.0,0.0,
0.010324712045273772,-0.060716174851155026,-0.588017490217596,0.0,0.0,0.0,1.0,0.0,0.0,1.0,1.0,0.0,
-1.0625514107827763,-1.079742813510116,0.693380354941423,1.0,0.0,0.0,0.0,0.0,1.0,0.0,1.0,0.0,
2.325478450779487,0.9583104638078059,1.8899798132884482,0.0,1.0,0.0,0.0,1.0,0.0,0.0,1.0,0.0,
-0.5543469315484367,-1.404964081167231,-0.588017490217596,0.0,1.0,0.0,0.0,1.0,0.0,0.0,1.0,0.0,
1.0832008348733237,0.5680449426192676,-0.588017490217596,1.0,0.0,0.0,0.0,1.0,0.0,0.0,0.0,1.0,
3.1160187518106817,1.6737972526534592,-0.588017490217596,0.0,1.0,0.0,0.0,1.0,0.0,0.0,1.0,0.0,
-0.10260961667346831,0.1127351678993064,-0.588017490217596,0.0,0.0,0.0,1.0,0.0,1.0,0.0,1.0,0.0,
-0.10260961667346831,-0.7111587101653853,-0.588017490217596,1.0,0.0,0.0,0.0,0.0,0.0,1.0,1.0,0.0,
-0.10260961667346831,-0.23416751760161647,-0.588017490217596,0.0,0.0,0.0,1.0,0.0,1.0,0.0,1.0,0.0,
-0.8366827533452921,-1.4266454990110389,-0.588017490217596,0.0,0.0,0.0,1.0,0.0,1.0,0.0,1.0,0.0,
-0.04614245231409733,0.5897263604630754,-0.588017490217596,1.0,0.0,0.0,0.0,1.0,0.0,0.0,1.0,0.0,
-0.9496170820640342,-0.7978843815406161,-0.588017490217596,0.0,1.0,0.0,0.0,1.0,0.0,0.0,1.0,0.0,
-0.3849454384703236,-0.6461144566339624,-0.588017490217596,1.0,0.0,0.0,0.0,0.0,1.0,0.0,1.0,0.0,
-0.893149917704663,-1.3832826633234234,0.12805777619479702,1.0,0.0,0.0,0.0,0.0,1.0,0.0,1.0,0.0,
2.269011286420116,1.023354717339229,0.8535550855863004,0.0,1.0,0.0,0.0,1.0,0.0,0.0,0.0,1.0,
0.5185291912796132,2.3892840414991126,-0.588017490217596,1.0,0.0,0.0,0.0,1.0,0.0,0.0,1.0,0.0,
-0.5543469315484367,-0.7762029636968084,-0.588017490217596,0.0,0.0,1.0,0.0,0.0,1.0,0.0,1.0,0.0,
0.4620620269202421,-0.017353339163539667,-0.588017490217596,1.0,0.0,0.0,0.0,1.0,0.0,0.0,1.0,0.0,
-0.893149917704663,-1.2315127384167697,0.5520497102547666,1.0,0.0,0.0,0.0,0.0,0.0,1.0,1.0,0.0,
0.29266053384212903,0.6330891961506907,-0.588017490217596,0.0,0.0,1.0,0.0,1.0,0.0,0.0,1.0,0.0,
-0.2720111097515815,1.5870715812782286,3.1525335724892463,1.0,0.0,0.0,0.0,1.0,0.0,0.0,1.0,0.0,
-1.0625514107827763,-0.6461144566339624,-0.588017490217596,0.0,0.0,1.0,0.0,0.0,1.0,0.0,1.0,0.0,
-0.780215588985921,-0.7111587101653853,-0.588017490217596,0.0,1.0,0.0,0.0,0.0,0.0,1.0,1.0,0.0,
-0.893149917704663,-0.9279728886034622,-0.588017490217596,0.0,0.0,1.0,0.0,0.0,1.0,0.0,1.0,0.0,
0.34912769820150014,-0.0823975926949627,-0.588017490217596,1.0,0.0,0.0,0.0,0.0,1.0,0.0,1.0,0.0,
-0.6672812602671788,-0.6461144566339624,-0.588017490217596,0.0,1.0,0.0,0.0,0.0,0.0,1.0,1.0,0.0,
-0.04614245231409733,-0.9713357242910775,-0.588017490217596,0.0,0.0,0.0,1.0,0.0,0.0,1.0,1.0,0.0,
-0.2720111097515815,-0.7978843815406161,-0.588017490217596,1.0,0.0,0.0,0.0,0.0,1.0,0.0,1.0,0.0,
-0.3849454384703236,-0.7545215458530008,1.0137298162311779,0.0,0.0,0.0,1.0,0.0,0.0,1.0,1.0,0.0,
0.12325904076401598,-0.537707367414924,-0.588017490217596,0.0,0.0,1.0,0.0,0.0,0.0,1.0,1.0,0.0,
-0.72374842462655,-0.12576042838257806,1.0137298162311779,0.0,0.0,1.0,0.0,0.0,1.0,0.0,1.0,0.0,
-0.15907678103283943,-0.7545215458530008,-0.588017490217596,0.0,0.0,1.0,0.0,1.0,0.0,0.0,1.0,0.0,
-1.1190185751421473,-0.14744184622638573,-0.588017490217596,0.0,0.0,0.0,1.0,1.0,0.0,0.0,1.0,0.0,
0.17972620512338683,-0.3425746068206548,0.84413304260719,0.0,1.0,0.0,0.0,0.0,0.0,1.0,1.0,0.0,
0.010324712045273772,0.09105375005549873,-0.588017490217596,0.0,0.0,1.0,0.0,0.0,0.0,1.0,1.0,0.0,
-0.4414126028296947,-0.9062914707596545,0.18459003406945965,0.0,0.0,0.0,1.0,0.0,1.0,0.0,1.0,0.0,
1.4220038210295503,0.5030006890878447,2.295127661390197,0.0,1.0,0.0,0.0,0.0,0.0,1.0,1.0,0.0,
0.010324712045273772,-0.7545215458530008,0.2505443349232327,0.0,1.0,0.0,0.0,0.0,0.0,1.0,1.0,0.0,
-0.6672812602671788,-0.8629286350720391,-0.588017490217596,0.0,0.0,0.0,1.0,1.0,0.0,0.0,1.0,0.0,
-0.15907678103283943,-0.49434453172730863,1.4659878792284788,0.0,0.0,0.0,1.0,1.0,0.0,0.0,1.0,0.0,
-0.15907678103283943,-0.6894772923215777,0.7499126128160857,1.0,0.0,0.0,0.0,1.0,0.0,0.0,1.0,0.0,
-1.0060842464234052,0.19946083927453712,-0.588017490217596,0.0,0.0,0.0,1.0,1.0,0.0,0.0,1.0,0.0,
-0.72374842462655,0.37291218202499854,-0.588017490217596,0.0,1.0,0.0,0.0,0.0,1.0,0.0,1.0,0.0,
-0.780215588985921,-0.9930171421348852,-0.588017490217596,1.0,0.0,0.0,0.0,0.0,0.0,1.0,1.0,0.0,
0.4620620269202421,-0.7978843815406161,0.7687566987743065,0.0,0.0,0.0,1.0,0.0,1.0,0.0,1.0,0.0,
-0.2720111097515815,-0.5160259495711162,-0.588017490217596,0.0,0.0,1.0,0.0,1.0,0.0,0.0,1.0,0.0,
-0.8366827533452921,-0.6461144566339624,1.296391105604491,0.0,0.0,1.0,0.0,0.0,1.0,0.0,1.0,0.0,
-0.04614245231409733,0.19946083927453712,-0.588017490217596,0.0,0.0,0.0,1.0,0.0,1.0,0.0,1.0,0.0,
0.29266053384212903,0.22114225711834481,0.693380354941423,1.0,0.0,0.0,0.0,1.0,0.0,0.0,1.0,0.0,
3.059551587451311,0.9799918816516136,1.1644825038969449,1.0,0.0,0.0,0.0,1.0,0.0,0.0,1.0,0.0,
-0.4978797671890657,-0.42930027819588557,-0.588017490217596,0.0,0.0,0.0,1.0,0.0,1.0,0.0,1.0,0.0,
-0.9496170820640342,0.5897263604630754,-0.588017490217596,1.0,0.0,0.0,0.0,1.0,0.0,0.0,1.0,0.0,
-0.3284782741109526,-0.4726631138835009,-0.588017490217596,1.0,0.0,0.0,0.0,1.0,0.0,0.0,1.0,0.0,
0.12325904076401598,-0.4726631138835009,-0.588017490217596,0.0,0.0,1.0,0.0,1.0,0.0,0.0,1.0,0.0,
-0.4978797671890657,-0.5160259495711162,-0.588017490217596,0.0,1.0,0.0,0.0,1.0,0.0,0.0,1.0,0.0,
-1.1190185751421473,-0.017353339163539667,-0.588017490217596,0.0,1.0,0.0,0.0,1.0,0.0,0.0,1.0,0.0,
-0.04614245231409733,0.28618651064976786,-0.588017490217596,0.0,0.0,0.0,1.0,0.0,1.0,0.0,1.0,0.0,
0.06679187640464487,-0.7111587101653853,-0.588017490217596,0.0,1.0,0.0,0.0,0.0,0.0,1.0,1.0,0.0,
0.8573321774358396,1.4136202385277672,2.6343212086381724,1.0,0.0,0.0,0.0,1.0,0.0,0.0,1.0,0.0,
1.0267336705139527,0.09105375005549873,-0.588017490217596,0.0,1.0,0.0,0.0,0.0,0.0,1.0,1.0,0.0,
0.12325904076401598,-0.2992117711330395,-0.588017490217596,0.0,0.0,1.0,0.0,0.0,0.0,1.0,1.0,0.0,
-0.6672812602671788,0.1127351678993064,0.8252889566489692,1.0,0.0,0.0,0.0,0.0,1.0,0.0,1.0,0.0,
0.010324712045273772,-0.8846100529158468,0.46725132344277265,1.0,0.0,0.0,0.0,0.0,1.0,0.0,1.0,0.0,
-1.0625514107827763,-0.7328401280091931,0.8535550855863004,0.0,0.0,0.0,1.0,1.0,0.0,0.0,1.0,0.0,
-1.0060842464234052,-0.6461144566339624,0.33534272173522656,1.0,0.0,0.0,0.0,1.0,0.0,0.0,1.0,0.0,
0.34912769820150014,-0.5160259495711162,-0.588017490217596,0.0,0.0,0.0,1.0,1.0,0.0,0.0,1.0,0.0,
-1.0625514107827763,0.5030006890878447,-0.588017490217596,1.0,0.0,0.0,0.0,0.0,0.0,1.0,1.0,0.0,
-0.8366827533452921,-1.1881499027291544,0.3730308936516683,0.0,0.0,1.0,0.0,1.0,0.0,0.0,1.0,0.0,
0.34912769820150014,-0.03903475700734734,0.6651142260040918,1.0,0.0,0.0,0.0,0.0,1.0,0.0,1.0,0.0,
-0.2720111097515815,-0.25584893544542414,-0.588017490217596,1.0,0.0,0.0,0.0,0.0,0.0,1.0,1.0,0.0,
0.23619336948275793,0.7198148675259214,-0.588017490217596,0.0,1.0,0.0,0.0,0.0,1.0,0.0,1.0,0.0,
1.4220038210295503,2.454328295030536,3.6990120652776515,0.0,1.0,0.0,0.0,1.0,0.0,0.0,1.0,0.0,
3.454821737966908,2.5193725485619587,-0.588017490217596,1.0,0.0,0.0,0.0,1.0,0.0,0.0,1.0,0.0,
-1.1190185751421473,-0.14744184622638573,-0.588017490217596,0.0,1.0,0.0,0.0,0.0,0.0,1.0,1.0,0.0,
-0.4978797671890657,0.09105375005549873,-0.588017490217596,0.0,1.0,0.0,0.0,1.0,0.0,0.0,1.0,0.0,
-0.6672812602671788,0.09105375005549873,1.1362163749596135,0.0,0.0,1.0,0.0,1.0,0.0,0.0,1.0,0.0,
-0.6108140959078078,-0.7328401280091931,1.0985282030431718,0.0,0.0,1.0,0.0,1.0,0.0,0.0,1.0,0.0,
-1.0060842464234052,-1.0146985599786928,-0.588017490217596,0.0,0.0,1.0,0.0,1.0,0.0,0.0,1.0,0.0,
-0.2720111097515815,-0.9496543064472699,-0.588017490217596,1.0,0.0,0.0,0.0,0.0,0.0,1.0,1.0,0.0,
-0.2720111097515815,-0.7328401280091931,-0.588017490217596,0.0,0.0,1.0,0.0,1.0,0.0,0.0,1.0,0.0,
-0.6672812602671788,0.41627501771261394,1.6355846528524667,0.0,0.0,1.0,0.0,1.0,0.0,0.0,1.0,0.0,
-0.4414126028296947,-0.7762029636968084,-0.588017490217596,1.0,0.0,0.0,0.0,0.0,1.0,0.0,1.0,0.0,
-0.9496170820640342,0.5680449426192676,-0.588017490217596,0.0,1.0,0.0,0.0,1.0,0.0,0.0,1.0,0.0,
0.5185291912796132,0.13441658574311408,-0.588017490217596,1.0,0.0,0.0,0.0,0.0,0.0,1.0,1.0,0.0,
0.6879306843577265,-0.36425602466446255,-0.588017490217596,0.0,1.0,0.0,0.0,0.0,0.0,1.0,1.0,0.0,
-0.9496170820640342,-0.9930171421348852,-0.588017490217596,1.0,0.0,0.0,0.0,0.0,0.0,1.0,1.0,0.0,
-0.5543469315484367,-0.7762029636968084,-0.588017490217596,0.0,1.0,0.0,0.0,0.0,1.0,0.0,1.0,0.0,
-0.72374842462655,-1.1231056491977314,-0.588017490217596,0.0,0.0,0.0,1.0,1.0,0.0,0.0,1.0,0.0,
-0.5543469315484367,-1.0146985599786928,0.20343412002768052,1.0,0.0,0.0,0.0,1.0,0.0,0.0,1.0,0.0,
-0.6108140959078078,-1.209831320572962,-0.588017490217596,0.0,0.0,0.0,1.0,0.0,1.0,0.0,1.0,0.0,
-0.3284782741109526,-0.7762029636968084,0.6462701400458709,0.0,0.0,1.0,0.0,1.0,0.0,0.0,1.0,0.0,
1.5349381497482923,2.7578681448438433,4.6223722772304745,1.0,0.0,0.0,0.0,1.0,0.0,0.0,1.0,0.0,
-0.780215588985921,-1.4483269168548465,-0.588017490217596,0.0,0.0,0.0,1.0,0.0,1.0,0.0,1.0,0.0,
2.946617258732569,1.3052131493087287,-0.588017490217596,0.0,1.0,0.0,0.0,1.0,0.0,0.0,1.0,0.0,
-1.1190185751421473,-0.23416751760161647,-0.588017490217596,1.0,0.0,0.0,0.0,0.0,1.0,0.0,1.0,0.0,
-0.10260961667346831,0.13441658574311408,2.0030443290377735,0.0,0.0,1.0,0.0,0.0,1.0,0.0,1.0,0.0,
0.7443978487170974,1.8472485954039208,-0.588017490217596,0.0,1.0,0.0,0.0,1.0,0.0,0.0,1.0,0.0,
-0.15907678103283943,-0.7762029636968084,-0.588017490217596,0.0,0.0,0.0,1.0,1.0,0.0,0.0,1.0,0.0,
0.5185291912796132,0.13441658574311408,-0.588017490217596,1.0,0.0,0.0,0.0,1.0,0.0,0.0,1.0,0.0,
-0.3284782741109526,-0.7328401280091931,-0.588017490217596,1.0,0.0,0.0,0.0,0.0,0.0,1.0,1.0,0.0,
-0.893149917704663,-0.9930171421348852,-0.588017490217596,0.0,0.0,0.0,1.0,0.0,1.0,0.0,1.0,0.0,
-1.1190185751421473,-0.32089318897684715,-0.588017490217596,1.0,0.0,0.0,0.0,0.0,1.0,0.0,1.0,0.0,
2.946617258732569,1.6087529991220362,-0.588017490217596,0.0,1.0,0.0,0.0,1.0,0.0,0.0,1.0,0.0,
1.0267336705139527,1.3052131493087287,-0.588017490217596,0.0,0.0,0.0,1.0,0.0,1.0,0.0,0.0,1.0,
0.34912769820150014,0.3295493463373832,2.558944864805289,1.0,0.0,0.0,0.0,0.0,1.0,0.0,1.0,0.0,
-1.0060842464234052,-0.9062914707596545,-0.588017490217596,0.0,0.0,1.0,0.0,1.0,0.0,0.0,1.0,0.0,
-1.0060842464234052,-1.209831320572962,-0.588017490217596,1.0,0.0,0.0,0.0,1.0,0.0,0.0,1.0,0.0,
-0.15907678103283943,-0.8629286350720391,-0.588017490217596,0.0,0.0,1.0,0.0,0.0,1.0,0.0,1.0,0.0,
2.325478450779487,1.7171600883410747,2.4741464779932953,0.0,1.0,0.0,0.0,1.0,0.0,0.0,1.0,0.0,
-0.72374842462655,-0.23416751760161647,1.579052394977804,0.0,0.0,1.0,0.0,0.0,1.0,0.0,1.0,0.0,
0.6314635199983554,0.8715847924325751,-0.588017490217596,0.0,0.0,0.0,1.0,0.0,1.0,0.0,1.0,0.0,
-0.7406885739343612,-1.404964081167231,0.35418680769344746,0.0,0.0,1.0,0.0,0.0,1.0,0.0,1.0,0.0,
2.6642814369357137,2.0640627738419974,0.7028023979205336,0.0,1.0,0.0,0.0,1.0,0.0,0.0,1.0,0.0,
1.0267336705139527,1.0667175530268442,3.22790991632213,1.0,0.0,0.0,0.0,1.0,0.0,0.0,1.0,0.0,
1.8172739715451478,1.1751246422458828,-0.588017490217596,0.0,0.0,0.0,1.0,0.0,1.0,0.0,1.0,0.0,
-0.3284782741109526,-0.42930027819588557,-0.588017490217596,0.0,0.0,1.0,0.0,0.0,0.0,1.0,1.0,0.0,
-0.893149917704663,-1.3832826633234234,-0.588017490217596,0.0,0.0,1.0,0.0,1.0,0.0,0.0,1.0,0.0,
0.5185291912796132,1.0016732994954212,-0.588017490217596,1.0,0.0,0.0,0.0,1.0,0.0,0.0,1.0,0.0,
-0.6672812602671788,0.28618651064976786,0.6745362689832022,0.0,0.0,1.0,0.0,1.0,0.0,0.0,1.0,0.0,
0.4620620269202421,-0.5593887852587316,-0.588017490217596,0.0,0.0,0.0,1.0,0.0,1.0,0.0,1.0,0.0,
-0.5543469315484367,-0.7111587101653853,-0.588017490217596,0.0,0.0,1.0,0.0,0.0,0.0,1.0,1.0,0.0,
-0.2720111097515815,-1.2315127384167697,-0.588017490217596,0.0,0.0,0.0,1.0,0.0,0.0,1.0,1.0,0.0,
0.9137993417952107,2.3892840414991126,-0.588017490217596,1.0,0.0,0.0,0.0,0.0,1.0,0.0,1.0,0.0,
1.0832008348733237,0.5680449426192676,2.1820631456408717,0.0,1.0,0.0,0.0,0.0,0.0,1.0,1.0,0.0,
-0.9496170820640342,-1.1014242313539235,-0.588017490217596,0.0,1.0,0.0,0.0,0.0,0.0,1.0,1.0,0.0,
-0.15907678103283943,-0.23416751760161647,1.6355846528524667,0.0,1.0,0.0,0.0,0.0,0.0,1.0,1.0,0.0,
0.23619336948275793,0.17777942143072945,-0.588017490217596,0.0,1.0,0.0,0.0,0.0,1.0,0.0,1.0,0.0,
0.7443978487170974,1.8689300132477284,-0.588017490217596,0.0,1.0,0.0,0.0,1.0,0.0,0.0,1.0,0.0,
-0.893149917704663,1.6087529991220362,-0.588017490217596,0.0,1.0,0.0,0.0,1.0,0.0,0.0,1.0,0.0,
-0.4978797671890657,0.5246821069316523,-0.588017490217596,0.0,0.0,1.0,0.0,1.0,0.0,0.0,1.0,0.0,
-0.3849454384703236,0.19946083927453712,-0.588017490217596,0.0,0.0,0.0,1.0,0.0,0.0,1.0,1.0,0.0,
-0.3849454384703236,-1.2315127384167697,-0.588017490217596,1.0,0.0,0.0,0.0,1.0,0.0,0.0,1.0,0.0,
0.06679187640464487,-0.45098169603969324,0.32592067875611613,0.0,1.0,0.0,0.0,0.0,0.0,1.0,1.0,0.0,
-0.893149917704663,-1.1014242313539235,0.7499126128160857,0.0,0.0,0.0,1.0,0.0,1.0,0.0,1.0,0.0,
1.2526023279514371,2.367602623655305,4.848501308729125,0.0,1.0,0.0,0.0,0.0,0.0,1.0,0.0,1.0,
1.7043396428264055,2.04238135599819,1.145638417938724,0.0,0.0,1.0,0.0,0.0,1.0,0.0,0.0,1.0,
-0.6672812602671788,-0.9713357242910775,0.9006653004818527,0.0,0.0,0.0,1.0,1.0,0.0,0.0,1.0,0.0,
-0.15907678103283943,2.5410539664057663,5.074630340227775,1.0,0.0,0.0,0.0,1.0,0.0,0.0,1.0,0.0,
-0.5543469315484367,0.28618651064976786,-0.588017490217596,0.0,0.0,0.0,1.0,0.0,1.0,0.0,1.0,0.0,
-0.9496170820640342,-1.1014242313539235,-0.588017490217596,1.0,0.0,0.0,0.0,1.0,0.0,0.0,1.0,0.0,
-0.8366827533452921,-0.7111587101653853,-0.588017490217596,0.0,0.0,1.0,0.0,0.0,0.0,1.0,1.0,0.0,
0.7443978487170974,2.1291070273734207,1.7015389537062395,0.0,1.0,0.0,0.0,1.0,0.0,0.0,1.0,0.0,
0.010324712045273772,0.9583104638078059,-0.588017490217596,0.0,0.0,1.0,0.0,1.0,0.0,0.0,0.0,1.0,
-0.72374842462655,-0.12576042838257806,1.7203830396644606,0.0,0.0,0.0,1.0,1.0,0.0,0.0,1.0,0.0,
-0.72374842462655,-0.7111587101653853,0.495517452380104,0.0,1.0,0.0,0.0,0.0,0.0,1.0,1.0,0.0,
0.4620620269202421,0.8282219567449598,-0.588017490217596,0.0,1.0,0.0,0.0,1.0,0.0,0.0,1.0,0.0,
2.8336829300138264,0.7414962853697291,2.860450240136823,1.0,0.0,0.0,0.0,1.0,0.0,0.0,1.0,0.0,
-1.0625514107827763,0.13441658574311408,-0.588017490217596,0.0,0.0,1.0,0.0,1.0,0.0,0.0,1.0,0.0,
-0.2720111097515815,1.7388415061848823,-0.588017490217596,1.0,0.0,0.0,0.0,0.0,0.0,1.0,1.0,0.0,
1.0832008348733237,0.17777942143072945,-0.588017490217596,0.0,0.0,1.0,0.0,0.0,1.0,0.0,1.0,0.0,
-0.9496170820640342,-0.2775303532892318,-0.588017490217596,0.0,0.0,1.0,0.0,0.0,1.0,0.0,1.0,0.0,
0.1966663544311983,-0.5160259495711162,-0.588017490217596,0.0,0.0,1.0,0.0,0.0,1.0,0.0,1.0,0.0,
-0.4414126028296947,-0.7545215458530008,-0.588017490217596,1.0,0.0,0.0,0.0,0.0,1.0,0.0,1.0,0.0,
0.010324712045273772,-0.7978843815406161,-0.588017490217596,0.0,1.0,0.0,0.0,0.0,0.0,1.0,1.0,0.0,
0.6879306843577265,-0.21248609975780877,-0.588017490217596,0.0,1.0,0.0,0.0,0.0,0.0,1.0,1.0,0.0,
0.3886547132530598,0.15609800358692177,-0.588017490217596,0.0,0.0,0.0,1.0,1.0,0.0,0.0,1.0,0.0,
-0.780215588985921,-0.45098169603969324,1.579052394977804,0.0,0.0,0.0,1.0,0.0,1.0,0.0,1.0,0.0,
-0.3849454384703236,1.023354717339229,-0.588017490217596,0.0,1.0,0.0,0.0,1.0,0.0,0.0,1.0,0.0,
0.06679187640464487,-0.7545215458530008,0.8818212145236317,0.0,1.0,0.0,0.0,0.0,0.0,1.0,1.0,0.0,
-0.780215588985921,0.5680449426192676,-0.588017490217596,0.0,0.0,1.0,0.0,0.0,1.0,0.0,1.0,0.0,
-0.5543469315484367,2.107425609529613,2.1914851886199824,0.0,0.0,0.0,1.0,0.0,1.0,0.0,1.0,0.0,
-0.9496170820640342,-1.2315127384167697,-0.588017490217596,0.0,0.0,0.0,1.0,0.0,1.0,0.0,1.0,0.0,
0.29266053384212903,0.5030006890878447,2.813340025241271,0.0,1.0,0.0,0.0,1.0,0.0,0.0,0.0,1.0,
0.3886547132530598,-0.23416751760161647,-0.588017490217596,0.0,0.0,0.0,1.0,1.0,0.0,0.0,1.0,0.0,
-0.893149917704663,-0.9496543064472699,-0.588017490217596,0.0,0.0,1.0,0.0,0.0,1.0,0.0,1.0,0.0,
-1.0060842464234052,-0.36425602466446255,1.079684117084951,1.0,0.0,0.0,0.0,1.0,0.0,0.0,1.0,0.0,
-1.0060842464234052,-0.9713357242910775,-0.588017490217596,0.0,0.0,0.0,1.0,1.0,0.0,0.0,0.0,1.0,
0.4620620269202421,-0.060716174851155026,1.5225201371031414,1.0,0.0,0.0,0.0,1.0,0.0,0.0,1.0,0.0,
3.737157559763763,1.890611431091536,-0.588017490217596,1.0,0.0,0.0,0.0,1.0,0.0,0.0,0.0,1.0,
-0.2720111097515815,-0.10407901053877038,-0.588017490217596,0.0,1.0,0.0,0.0,0.0,1.0,0.0,1.0,0.0,
0.4620620269202421,-0.5593887852587316,-0.588017490217596,0.0,0.0,1.0,0.0,1.0,0.0,0.0,1.0,0.0,
-0.2720111097515815,-0.7111587101653853,-0.588017490217596,0.0,0.0,0.0,1.0,1.0,0.0,0.0,1.0,0.0,
-0.13084319885315387,-0.537707367414924,-0.588017490217596,0.0,1.0,0.0,0.0,0.0,0.0,1.0,1.0,0.0,
-0.2155439453922104,0.3945935998688062,0.9289314294191839,0.0,1.0,0.0,0.0,1.0,0.0,0.0,1.0,0.0,
-1.0625514107827763,0.19946083927453712,-0.588017490217596,1.0,0.0,0.0,0.0,1.0,0.0,0.0,1.0,0.0,
1.4220038210295503,0.35123076418119087,0.2599663779023431,0.0,1.0,0.0,0.0,0.0,0.0,1.0,1.0,0.0,
0.29266053384212903,-0.42930027819588557,-0.588017490217596,0.0,0.0,0.0,1.0,0.0,1.0,0.0,1.0,0.0,
-0.15907678103283943,-0.45098169603969324,-0.588017490217596,0.0,0.0,1.0,0.0,1.0,0.0,0.0,1.0,0.0,
-0.72374842462655,-1.4483269168548465,0.26938842088145354,0.0,0.0,0.0,1.0,1.0,0.0,0.0,1.0,0.0,
0.12325904076401598,-0.32089318897684715,-0.588017490217596,0.0,1.0,0.0,0.0,0.0,0.0,1.0,1.0,0.0,
-1.1190185751421473,-1.4266454990110389,-0.588017490217596,0.0,1.0,0.0,0.0,1.0,0.0,0.0,1.0,0.0,
-0.2155439453922104,-0.6461144566339624,-0.588017490217596,0.0,1.0,0.0,0.0,0.0,0.0,1.0,1.0,0.0,
-0.8366827533452921,1.023354717339229,-0.588017490217596,0.0,1.0,0.0,0.0,1.0,0.0,0.0,1.0,0.0,
-0.5543469315484367,-0.7545215458530008,0.9854636872938465,0.0,1.0,0.0,0.0,0.0,0.0,1.0,1.0,0.0,
0.29266053384212903,1.153443224402075,0.9383534723982944,1.0,0.0,0.0,0.0,1.0,0.0,0.0,1.0,0.0,
-0.9496170820640342,-0.7545215458530008,-0.588017490217596,1.0,0.0,0.0,0.0,1.0,0.0,0.0,1.0,0.0,
0.34912769820150014,0.3078679284935755,-0.588017490217596,1.0,0.0,0.0,0.0,0.0,1.0,0.0,0.0,1.0,
-0.9496170820640342,0.1127351678993064,-0.588017490217596,1.0,0.0,0.0,0.0,1.0,0.0,0.0,1.0,0.0,
0.010324712045273772,-0.9930171421348852,0.8347109996280796,0.0,0.0,1.0,0.0,0.0,0.0,1.0,1.0,0.0,
-0.9496170820640342,-1.2315127384167697,0.28823250683967444,1.0,0.0,0.0,0.0,0.0,0.0,1.0,1.0,0.0,
-0.10260961667346831,-0.25584893544542414,-0.588017490217596,0.0,1.0,0.0,0.0,1.0,0.0,0.0,1.0,0.0,
-0.4978797671890657,0.7414962853697291,-0.588017490217596,0.0,0.0,1.0,0.0,1.0,0.0,0.0,1.0,0.0,
0.5185291912796132,2.259195534436267,-0.588017490217596,1.0,0.0,0.0,0.0,0.0,0.0,1.0,1.0,0.0,
1.2808359101311226,2.0640627738419974,2.4081921771395223,0.0,0.0,0.0,1.0,1.0,0.0,0.0,0.0,1.0,
-0.9496170820640342,-1.0146985599786928,0.3164986357770057,0.0,0.0,0.0,1.0,1.0,0.0,0.0,1.0,0.0,
-0.780215588985921,-0.7328401280091931,1.230436804750718,0.0,1.0,0.0,0.0,0.0,0.0,1.0,1.0,0.0,
-0.6672812602671788,0.611407778306883,-0.588017490217596,1.0,0.0,0.0,0.0,0.0,0.0,1.0,1.0,0.0,
-0.5543469315484367,0.8282219567449598,-0.588017490217596,1.0,0.0,0.0,0.0,0.0,0.0,1.0,1.0,0.0,
-0.6108140959078078,-1.3182384097920004,-0.588017490217596,0.0,1.0,0.0,0.0,0.0,0.0,1.0,1.0,0.0,
0.12325904076401598,-0.5160259495711162,-0.588017490217596,0.0,0.0,1.0,0.0,1.0,0.0,0.0,1.0,0.0,
-0.2720111097515815,0.13441658574311408,2.3045497043693075,0.0,0.0,1.0,0.0,1.0,0.0,0.0,0.0,1.0,
-0.9496170820640342,-1.1014242313539235,-0.588017490217596,0.0,1.0,0.0,0.0,0.0,1.0,0.0,1.0,0.0,
-0.3849454384703236,-1.1881499027291544,-0.588017490217596,1.0,0.0,0.0,0.0,1.0,0.0,0.0,1.0,0.0,
-0.9496170820640342,-1.1014242313539235,-0.588017490217596,0.0,0.0,0.0,1.0,1.0,0.0,0.0,1.0,0.0,
0.4620620269202421,1.7171600883410747,-0.588017490217596,0.0,1.0,0.0,0.0,1.0,0.0,0.0,1.0,0.0,
-0.72374842462655,0.06937233221169105,-0.588017490217596,0.0,0.0,0.0,1.0,0.0,0.0,1.0,1.0,0.0,
-0.10260961667346831,0.8065405389011522,-0.588017490217596,0.0,0.0,0.0,1.0,0.0,0.0,1.0,1.0,0.0,
-0.5543469315484367,-0.7328401280091931,-0.588017490217596,1.0,0.0,0.0,0.0,1.0,0.0,0.0,1.0,0.0,
1.0267336705139527,0.8282219567449598,0.5332056242965457,0.0,1.0,0.0,0.0,0.0,1.0,0.0,0.0,1.0,
0.12325904076401598,-0.5593887852587316,1.3340792775209327,0.0,0.0,0.0,1.0,1.0,0.0,0.0,1.0,0.0,
0.06679187640464487,2.497691130718151,1.6732728247689084,0.0,0.0,1.0,0.0,0.0,0.0,1.0,1.0,0.0,
-1.0625514107827763,-0.42930027819588557,-0.588017490217596,0.0,0.0,0.0,1.0,0.0,0.0,1.0,1.0,0.0,
-0.3284782741109526,-1.1231056491977314,-0.588017490217596,1.0,0.0,0.0,0.0,0.0,0.0,1.0,1.0,0.0,
-1.0625514107827763,-1.1014242313539235,-0.588017490217596,1.0,0.0,0.0,0.0,0.0,1.0,0.0,1.0,0.0,
-0.17601693034065075,-0.42930027819588557,0.2505443349232327,0.0,0.0,0.0,1.0,0.0,0.0,1.0,1.0,0.0,
-0.893149917704663,-1.079742813510116,-0.588017490217596,0.0,0.0,0.0,1.0,0.0,0.0,1.0,1.0,0.0,
-0.3284782741109526,-0.7978843815406161,-0.588017490217596,1.0,0.0,0.0,0.0,1.0,0.0,0.0,1.0,0.0,
-0.6672812602671788,-1.1231056491977314,0.46725132344277265,1.0,0.0,0.0,0.0,0.0,1.0,0.0,1.0,0.0,
-0.6672812602671788,0.13441658574311408,-0.588017490217596,0.0,1.0,0.0,0.0,0.0,0.0,1.0,1.0,0.0,
0.8008650130764685,0.8715847924325751,-0.588017490217596,0.0,0.0,0.0,1.0,0.0,1.0,0.0,1.0,0.0,
0.6879306843577265,-0.25584893544542414,-0.588017490217596,0.0,1.0,0.0,0.0,1.0,0.0,0.0,1.0,0.0,
0.5749963556389843,2.6711424734686124,3.388084646967007,0.0,1.0,0.0,0.0,1.0,0.0,0.0,1.0,0.0,
0.4620620269202421,0.35123076418119087,2.5212566928888474,1.0,0.0,0.0,0.0,0.0,0.0,1.0,1.0,0.0,
2.8336829300138264,1.7171600883410747,-0.588017490217596,1.0,0.0,0.0,0.0,1.0,0.0,0.0,1.0,0.0,
0.010324712045273772,-0.9279728886034622,-0.588017490217596,0.0,1.0,0.0,0.0,0.0,1.0,0.0,1.0,0.0,
-0.9496170820640342,-0.060716174851155026,0.7970228277116378,0.0,0.0,1.0,0.0,0.0,1.0,0.0,1.0,0.0,
-0.8366827533452921,1.4136202385277672,-0.588017490217596,0.0,0.0,0.0,1.0,1.0,0.0,0.0,1.0,0.0,
0.40559486256087124,0.5680449426192676,1.6073185239151353,1.0,0.0,0.0,0.0,0.0,1.0,0.0,1.0,0.0,
-0.2720111097515815,-0.8846100529158468,-0.588017490217596,0.0,0.0,1.0,0.0,1.0,0.0,0.0,1.0,0.0,
0.010324712045273772,0.06937233221169105,-0.588017490217596,0.0,1.0,0.0,0.0,1.0,0.0,0.0,1.0,0.0,
0.23619336948275793,-0.5593887852587316,-0.588017490217596,0.0,0.0,1.0,0.0,0.0,1.0,0.0,1.0,0.0,
1.5349381497482923,1.088398970870652,-0.588017490217596,0.0,1.0,0.0,0.0,0.0,0.0,1.0,1.0,0.0,
-0.3849454384703236,-1.0146985599786928,0.29765454981878486,1.0,0.0,0.0,0.0,0.0,1.0,0.0,1.0,0.0,
-0.780215588985921,-0.7978843815406161,0.8064448706907483,0.0,0.0,1.0,0.0,0.0,1.0,0.0,1.0,0.0,
-0.10260961667346831,0.41627501771261394,1.5978964809360248,0.0,0.0,0.0,1.0,0.0,0.0,1.0,1.0,0.0,
-0.72374842462655,-1.1014242313539235,-0.588017490217596,0.0,1.0,0.0,0.0,0.0,1.0,0.0,1.0,0.0,
1.7043396428264055,1.9556556846229591,-0.588017490217596,1.0,0.0,0.0,0.0,1.0,0.0,0.0,1.0,0.0,
0.3886547132530598,0.15609800358692177,-0.588017490217596,0.0,0.0,1.0,0.0,0.0,1.0,0.0,1.0,0.0,
2.0431426289826318,2.5193725485619587,-0.588017490217596,0.0,0.0,0.0,1.0,0.0,0.0,1.0,1.0,0.0,
-1.0060842464234052,-0.7111587101653853,0.35418680769344746,1.0,0.0,0.0,0.0,0.0,0.0,1.0,1.0,0.0,
-0.780215588985921,1.3052131493087287,3.6707459363403205,1.0,0.0,0.0,0.0,1.0,0.0,0.0,1.0,0.0,
0.23619336948275793,0.1127351678993064,-0.588017490217596,0.0,1.0,0.0,0.0,0.0,1.0,0.0,1.0,0.0,
3.285420244888795,2.172469863061036,2.210329274578203,0.0,1.0,0.0,0.0,1.0,0.0,0.0,1.0,0.0,
-0.6108140959078078,-1.3399198276358082,-0.588017490217596,0.0,0.0,0.0,1.0,0.0,1.0,0.0,1.0,0.0,
0.010324712045273772,-1.0146985599786928,-0.588017490217596,1.0,0.0,0.0,0.0,0.0,1.0,0.0,1.0,0.0,
-0.2720111097515815,-0.9930171421348852,0.15632390513212835,0.0,0.0,0.0,1.0,0.0,0.0,1.0,1.0,0.0,
0.12325904076401598,-0.7545215458530008,-0.588017490217596,0.0,0.0,0.0,1.0,1.0,0.0,0.0,0.0,1.0,
-0.6672812602671788,-0.060716174851155026,-0.588017490217596,0.0,1.0,0.0,0.0,0.0,0.0,1.0,1.0,0.0,
-0.2720111097515815,-0.9930171421348852,-0.588017490217596,1.0,0.0,0.0,0.0,0.0,1.0,0.0,1.0,0.0,
-0.3849454384703236,1.0450361351830366,-0.588017490217596,0.0,0.0,1.0,0.0,1.0,0.0,0.0,1.0,0.0,
-0.6108140959078078,-1.1014242313539235,0.5708937962129874,0.0,1.0,0.0,0.0,0.0,0.0,1.0,1.0,0.0,
-0.72374842462655,-0.7762029636968084,-0.588017490217596,0.0,0.0,0.0,1.0,0.0,1.0,0.0,1.0,0.0,
2.099609793342003,0.6330891961506907,-0.588017490217596,1.0,0.0,0.0,0.0,1.0,0.0,0.0,1.0,0.0,
-0.9496170820640342,-0.9930171421348852,-0.588017490217596,0.0,1.0,0.0,0.0,1.0,0.0,0.0,1.0,0.0,
-1.0060842464234052,0.37291218202499854,-0.588017490217596,1.0,0.0,0.0,0.0,0.0,1.0,0.0,1.0,0.0,
-0.9496170820640342,-0.9496543064472699,0.8818212145236317,0.0,0.0,0.0,1.0,1.0,0.0,0.0,1.0,0.0,
-1.0060842464234052,0.15609800358692177,-0.588017490217596,0.0,1.0,0.0,0.0,1.0,0.0,0.0,1.0,0.0,
1.8172739715451478,0.3945935998688062,1.9276679852048901,1.0,0.0,0.0,0.0,1.0,0.0,0.0,1.0,0.0,
0.6314635199983554,2.497691130718151,1.9182459422257796,0.0,0.0,1.0,0.0,0.0,1.0,0.0,1.0,0.0,
0.34912769820150014,-0.2992117711330395,-0.588017490217596,0.0,0.0,1.0,0.0,0.0,1.0,0.0,1.0,0.0,
-0.2155439453922104,0.28618651064976786,-0.588017490217596,0.0,0.0,1.0,0.0,1.0,0.0,0.0,1.0,0.0,
-1.1190185751421473,1.3919388206839596,-0.588017490217596,1.0,0.0,0.0,0.0,1.0,0.0,0.0,0.0,1.0,
1.309069492310808,1.8472485954039208,3.039469056739921,1.0,0.0,0.0,0.0,1.0,0.0,0.0,1.0,0.0,
0.010324712045273772,0.611407778306883,0.9854636872938465,0.0,0.0,1.0,0.0,0.0,1.0,0.0,1.0,0.0,
-0.893149917704663,-1.1664684848853466,0.2599663779023431,0.0,0.0,0.0,1.0,1.0,0.0,0.0,1.0,0.0,
0.4620620269202421,-0.5810702031025393,-0.588017490217596,1.0,0.0,0.0,0.0,0.0,1.0,0.0,1.0,0.0,
-0.2155439453922104,-0.10407901053877038,1.7769152975391231,1.0,0.0,0.0,0.0,0.0,0.0,1.0,1.0,0.0,
0.34912769820150014,-0.49434453172730863,0.9100873434609631,0.0,0.0,1.0,0.0,0.0,0.0,1.0,1.0,0.0,
-0.6672812602671788,0.41627501771261394,1.49425400816581,1.0,0.0,0.0,0.0,0.0,0.0,1.0,1.0,0.0,
0.5749963556389843,0.1127351678993064,-0.588017490217596,1.0,0.0,0.0,0.0,0.0,0.0,1.0,1.0,0.0,
-0.5543469315484367,-1.079742813510116,-0.588017490217596,0.0,0.0,1.0,0.0,1.0,0.0,0.0,1.0,0.0,
-0.6108140959078078,-0.2775303532892318,-0.588017490217596,0.0,0.0,1.0,0.0,0.0,0.0,1.0,1.0,0.0,
-0.9496170820640342,1.2401688957773058,3.209065830363909,0.0,1.0,0.0,0.0,1.0,0.0,0.0,1.0,0.0,
-0.15907678103283943,0.1127351678993064,-0.588017490217596,0.0,0.0,0.0,1.0,0.0,1.0,0.0,1.0,0.0,
2.946617258732569,1.630434416965844,-0.588017490217596,0.0,1.0,0.0,0.0,1.0,0.0,0.0,1.0,0.0,
-0.10260961667346831,-0.4726631138835009,-0.588017490217596,1.0,0.0,0.0,0.0,1.0,0.0,0.0,1.0,0.0,
-0.9496170820640342,-1.1664684848853466,-0.588017490217596,0.0,0.0,1.0,0.0,0.0,0.0,1.0,1.0,0.0,
1.8737411359045186,1.3052131493087287,-0.588017490217596,0.0,0.0,1.0,0.0,1.0,0.0,0.0,0.0,1.0,
-0.893149917704663,-1.1014242313539235,-0.588017490217596,0.0,0.0,1.0,0.0,1.0,0.0,0.0,1.0,0.0,
2.269011286420116,2.302558370123882,-0.588017490217596,1.0,0.0,0.0,0.0,1.0,0.0,0.0,0.0,1.0,
-0.4978797671890657,-0.6894772923215777,-0.588017490217596,0.0,1.0,0.0,0.0,0.0,1.0,0.0,1.0,0.0,
0.29266053384212903,-0.32089318897684715,-0.588017490217596,0.0,1.0,0.0,0.0,1.0,0.0,0.0,1.0,0.0,
3.0030844230919396,1.630434416965844,1.230436804750718,1.0,0.0,0.0,0.0,1.0,0.0,0.0,1.0,0.0,
1.0267336705139527,0.3078679284935755,-0.588017490217596,1.0,0.0,0.0,0.0,1.0,0.0,0.0,1.0,0.0,
-0.9496170820640342,-1.0146985599786928,-0.588017490217596,1.0,0.0,0.0,0.0,1.0,0.0,0.0,1.0,0.0,
-0.5543469315484367,-0.7111587101653853,0.1469018621530179,0.0,1.0,0.0,0.0,0.0,0.0,1.0,1.0,0.0,
-0.5543469315484367,-1.1664684848853466,-0.588017490217596,0.0,0.0,1.0,0.0,1.0,0.0,0.0,1.0,0.0,
0.34912769820150014,0.3295493463373832,-0.588017490217596,1.0,0.0,0.0,0.0,0.0,1.0,0.0,1.0,0.0,
-1.0625514107827763,-1.079742813510116,-0.588017490217596,0.0,0.0,1.0,0.0,0.0,1.0,0.0,1.0,0.0,
-0.15907678103283943,-0.2992117711330395,1.5696303519986936,0.0,0.0,0.0,1.0,0.0,1.0,0.0,1.0,0.0,
-0.6108140959078078,1.5220273277468055,-0.588017490217596,1.0,0.0,0.0,0.0,1.0,0.0,0.0,1.0,0.0,
-0.17601693034065075,-0.7328401280091931,-0.588017490217596,0.0,0.0,0.0,1.0,0.0,0.0,1.0,1.0,0.0,
0.06679187640464487,-0.32089318897684715,-0.588017490217596,0.0,0.0,1.0,0.0,1.0,0.0,0.0,1.0,0.0,
0.010324712045273772,-0.14744184622638573,-0.588017490217596,0.0,0.0,0.0,1.0,0.0,1.0,0.0,1.0,0.0,
-0.15907678103283943,-0.7978843815406161,-0.588017490217596,0.0,1.0,0.0,0.0,0.0,1.0,0.0,1.0,0.0,
-0.04614245231409733,0.41627501771261394,-0.588017490217596,1.0,0.0,0.0,0.0,0.0,1.0,0.0,1.0,0.0,
-0.6672812602671788,-0.66779587447777,-0.588017490217596,1.0,0.0,0.0,0.0,0.0,1.0,0.0,1.0,0.0,
-1.0625514107827763,-0.9279728886034622,-0.588017490217596,1.0,0.0,0.0,0.0,1.0,0.0,0.0,1.0,0.0,
0.5749963556389843,-0.03903475700734734,-0.588017490217596,0.0,0.0,1.0,0.0,1.0,0.0,0.0,1.0,0.0,
-0.9496170820640342,-0.9713357242910775,-0.588017490217596,0.0,0.0,0.0,1.0,1.0,0.0,0.0,1.0,0.0,
-0.3849454384703236,-0.7328401280091931,-0.588017490217596,0.0,0.0,0.0,1.0,0.0,0.0,1.0,1.0,0.0,
-1.0625514107827763,-0.0823975926949627,0.1469018621530179,1.0,0.0,0.0,0.0,1.0,0.0,0.0,1.0,0.0,
-0.9496170820640342,-0.7328401280091931,0.4295631515263309,0.0,1.0,0.0,0.0,1.0,0.0,0.0,1.0,0.0,
-0.893149917704663,-1.1881499027291544,-0.588017490217596,1.0,0.0,0.0,0.0,0.0,0.0,1.0,1.0,0.0,
-1.1190185751421473,0.35123076418119087,-0.588017490217596,0.0,1.0,0.0,0.0,1.0,0.0,0.0,1.0,0.0,
-1.0625514107827763,-1.1664684848853466,-0.588017490217596,0.0,0.0,0.0,1.0,0.0,0.0,1.0,1.0,0.0,
-0.6672812602671788,0.6547706139944984,-0.588017490217596,1.0,0.0,0.0,0.0,0.0,0.0,1.0,0.0,1.0,
0.12325904076401598,0.19946083927453712,-0.588017490217596,0.0,0.0,0.0,1.0,0.0,1.0,0.0,1.0,0.0,
-0.5543469315484367,-0.9279728886034622,-0.588017490217596,0.0,1.0,0.0,0.0,0.0,1.0,0.0,1.0,0.0,
-1.0060842464234052,0.7848591210573445,-0.588017490217596,0.0,1.0,0.0,0.0,1.0,0.0,0.0,1.0,0.0,
0.9702665061545818,-0.3425746068206548,0.6745362689832022,0.0,1.0,0.0,0.0,1.0,0.0,0.0,1.0,0.0,
0.29266053384212903,0.5680449426192676,1.9559341141422213,0.0,0.0,1.0,0.0,1.0,0.0,0.0,1.0,0.0,
-0.893149917704663,-0.36425602466446255,-0.588017490217596,0.0,1.0,0.0,0.0,0.0,0.0,1.0,1.0,0.0,
-0.780215588985921,0.7414962853697291,-0.588017490217596,1.0,0.0,0.0,0.0,1.0,0.0,0.0,1.0,0.0,
2.325478450779487,1.6087529991220362,-0.588017490217596,0.0,0.0,0.0,1.0,1.0,0.0,0.0,1.0,0.0,
0.7443978487170974,0.8715847924325751,0.21285616300679094,0.0,1.0,0.0,0.0,1.0,0.0,0.0,1.0,0.0,
-1.0625514107827763,-0.23416751760161647,1.5225201371031414,0.0,1.0,0.0,0.0,1.0,0.0,0.0,1.0,0.0,
0.7443978487170974,0.37291218202499854,-0.588017490217596,0.0,1.0,0.0,0.0,1.0,0.0,0.0,1.0,0.0,
-0.10260961667346831,-0.5810702031025393,-0.588017490217596,0.0,0.0,0.0,1.0,0.0,0.0,1.0,1.0,0.0,
0.23619336948275793,0.3945935998688062,-0.588017490217596,1.0,0.0,0.0,0.0,1.0,0.0,0.0,1.0,0.0,
-0.5543469315484367,-1.079742813510116,-0.588017490217596,0.0,1.0,0.0,0.0,0.0,1.0,0.0,0.0,1.0,
-0.6672812602671788,-0.25584893544542414,-0.588017490217596,1.0,0.0,0.0,0.0,0.0,0.0,1.0,1.0,0.0,
-1.0625514107827763,-1.079742813510116,-0.588017490217596,0.0,1.0,0.0,0.0,0.0,1.0,0.0,1.0,0.0,
-1.0060842464234052,-1.3399198276358082,0.23170024896501182,0.0,0.0,0.0,1.0,1.0,0.0,0.0,1.0,0.0,
-0.2720111097515815,-0.9930171421348852,0.7876007847325274,0.0,0.0,0.0,1.0,0.0,0.0,1.0,1.0,0.0,
1.3655366566701794,0.7631777032135367,1.8994018562675588,0.0,0.0,1.0,0.0,1.0,0.0,0.0,1.0,0.0,
-0.2720111097515815,-0.2992117711330395,-0.588017490217596,0.0,1.0,0.0,0.0,1.0,0.0,0.0,1.0,0.0,
3.5677560666856505,2.3459212058114973,-0.588017490217596,0.0,0.0,1.0,0.0,0.0,0.0,1.0,1.0,0.0,
0.010324712045273772,-0.42930027819588557,0.28823250683967444,0.0,0.0,1.0,0.0,0.0,1.0,0.0,1.0,0.0,
1.93020830026389,1.218487477933498,-0.588017490217596,1.0,0.0,0.0,0.0,1.0,0.0,0.0,1.0,0.0,
-1.1190185751421473,1.2618503136211134,-0.588017490217596,1.0,0.0,0.0,0.0,1.0,0.0,0.0,1.0,0.0,
0.40559486256087124,0.28618651064976786,-0.588017490217596,1.0,0.0,0.0,0.0,0.0,1.0,0.0,1.0,0.0,
-0.2720111097515815,-1.1014242313539235,0.23170024896501182,1.0,0.0,0.0,0.0,0.0,1.0,0.0,1.0,0.0,
0.06679187640464487,-0.4726631138835009,-0.588017490217596,0.0,0.0,0.0,1.0,0.0,0.0,1.0,1.0,0.0,
1.139667999232695,0.13441658574311408,-0.588017490217596,0.0,0.0,0.0,1.0,0.0,0.0,1.0,1.0,0.0,
-1.0625514107827763,-1.079742813510116,0.4389851945054414,0.0,0.0,0.0,1.0,0.0,0.0,1.0,1.0,0.0,
-0.4978797671890657,-0.017353339163539667,-0.588017490217596,0.0,1.0,0.0,0.0,1.0,0.0,0.0,1.0,0.0,
0.5749963556389843,0.17777942143072945,-0.588017490217596,0.0,0.0,1.0,0.0,0.0,1.0,0.0,1.0,0.0,
-0.5543469315484367,-0.9496543064472699,-0.588017490217596,0.0,0.0,0.0,1.0,1.0,0.0,0.0,1.0,0.0,
1.6478724784670347,0.19946083927453712,-0.588017490217596,0.0,0.0,0.0,1.0,1.0,0.0,0.0,1.0,0.0,
-0.5543469315484367,-0.7762029636968084,0.23170024896501182,0.0,0.0,1.0,0.0,0.0,0.0,1.0,1.0,0.0,
-0.3284782741109526,-0.060716174851155026,0.8158669136698588,0.0,0.0,0.0,1.0,0.0,1.0,0.0,1.0,0.0,
-0.72374842462655,-0.6894772923215777,0.9477755153774048,0.0,1.0,0.0,0.0,1.0,0.0,0.0,1.0,0.0,
2.438412779498229,2.5627353842495744,-0.588017490217596,0.0,0.0,1.0,0.0,0.0,0.0,1.0,1.0,0.0,
-0.04614245231409733,0.3078679284935755,-0.588017490217596,0.0,1.0,0.0,0.0,1.0,0.0,0.0,1.0,0.0,
0.29266053384212903,0.09105375005549873,-0.588017490217596,1.0,0.0,0.0,0.0,1.0,0.0,0.0,1.0,0.0,
0.5749963556389843,2.6060982199371896,5.225383027893542,0.0,0.0,0.0,1.0,1.0,0.0,0.0,1.0,0.0,
-0.3284782741109526,-0.14744184622638573,-0.588017490217596,1.0,0.0,0.0,0.0,0.0,0.0,1.0,1.0,0.0,
-0.5543469315484367,2.0640627738419974,-0.588017490217596,1.0,0.0,0.0,0.0,1.0,0.0,0.0,1.0,0.0,
-0.4978797671890657,0.37291218202499854,-0.588017490217596,0.0,1.0,0.0,0.0,1.0,0.0,0.0,1.0,0.0,
-0.6672812602671788,-0.9279728886034622,0.15632390513212835,0.0,1.0,0.0,0.0,1.0,0.0,0.0,1.0,0.0,
-1.1190185751421473,0.35123076418119087,-0.588017490217596,0.0,1.0,0.0,0.0,0.0,0.0,1.0,1.0,0.0,
-0.10260961667346831,0.15609800358692177,-0.588017490217596,0.0,0.0,0.0,1.0,0.0,1.0,0.0,1.0,0.0,
0.17972620512338683,-0.03903475700734734,-0.588017490217596,0.0,1.0,0.0,0.0,0.0,0.0,1.0,1.0,0.0,
0.010324712045273772,-0.36425602466446255,-0.588017490217596,0.0,0.0,1.0,0.0,0.0,0.0,1.0,1.0,0.0,
-1.0625514107827763,-1.079742813510116,0.26938842088145354,0.0,1.0,0.0,0.0,0.0,1.0,0.0,1.0,0.0,
-1.0625514107827763,-1.1664684848853466,0.12805777619479702,1.0,0.0,0.0,0.0,0.0,1.0,0.0,1.0,0.0,
1.1961351635920658,2.020699938154382,-0.588017490217596,0.0,0.0,0.0,1.0,0.0,1.0,0.0,1.0,0.0,
-0.10260961667346831,-0.2992117711330395,-0.588017490217596,1.0,0.0,0.0,0.0,0.0,0.0,1.0,1.0,0.0,
-0.10260961667346831,-0.6461144566339624,1.2492808907089388,1.0,0.0,0.0,0.0,0.0,0.0,1.0,1.0,0.0,
1.6478724784670347,1.218487477933498,-0.588017490217596,1.0,0.0,0.0,0.0,0.0,0.0,1.0,1.0,0.0,
-0.3849454384703236,-0.5160259495711162,0.33534272173522656,1.0,0.0,0.0,0.0,0.0,1.0,0.0,1.0,0.0,
-0.9496170820640342,-1.144787067041539,0.7216464838787544,0.0,0.0,1.0,0.0,0.0,0.0,1.0,1.0,0.0,
2.551347108216971,2.2808769522800745,-0.588017490217596,0.0,1.0,0.0,0.0,0.0,0.0,1.0,0.0,1.0,
-0.8366827533452921,1.825567177560113,-0.588017490217596,0.0,1.0,0.0,0.0,1.0,0.0,0.0,1.0,0.0,
2.269011286420116,2.3459212058114973,-0.588017490217596,1.0,0.0,0.0,0.0,1.0,0.0,0.0,1.0,0.0,
-1.0625514107827763,-1.144787067041539,-0.588017490217596,0.0,0.0,1.0,0.0,0.0,1.0,0.0,0.0,1.0,
1.139667999232695,0.6330891961506907,-0.588017490217596,1.0,0.0,0.0,0.0,0.0,0.0,1.0,0.0,1.0,
0.06679187640464487,0.17777942143072945,-0.588017490217596,0.0,0.0,0.0,1.0,0.0,0.0,1.0,1.0,0.0,
-0.72374842462655,0.19946083927453712,0.9760416443147361,0.0,0.0,1.0,0.0,1.0,0.0,0.0,1.0,0.0,
-1.0625514107827763,-0.0823975926949627,0.9383534723982944,0.0,0.0,1.0,0.0,1.0,0.0,0.0,1.0,0.0,
-0.780215588985921,0.13441658574311408,0.3918749796098892,0.0,0.0,1.0,0.0,0.0,1.0,0.0,1.0,0.0,
-0.10260961667346831,0.17777942143072945,1.1739045468760552,0.0,0.0,1.0,0.0,0.0,1.0,0.0,1.0,0.0,
-0.5543469315484367,-0.7328401280091931,-0.588017490217596,0.0,1.0,0.0,0.0,0.0,1.0,0.0,1.0,0.0,
0.12325904076401598,-0.7328401280091931,0.8064448706907483,0.0,0.0,1.0,0.0,0.0,0.0,1.0,1.0,0.0,
-0.15907678103283943,-0.060716174851155026,-0.588017490217596,0.0,1.0,0.0,0.0,1.0,0.0,0.0,1.0,0.0,
-0.3849454384703236,-0.8846100529158468,-0.588017490217596,0.0,0.0,0.0,1.0,0.0,0.0,1.0,1.0,0.0,
1.93020830026389,0.9583104638078059,-0.588017490217596,0.0,1.0,0.0,0.0,0.0,1.0,0.0,1.0,0.0,
-0.6672812602671788,-0.8629286350720391,0.7028023979205336,0.0,0.0,0.0,1.0,1.0,0.0,0.0,0.0,1.0,
0.29266053384212903,0.15609800358692177,-0.588017490217596,0.0,1.0,0.0,0.0,1.0,0.0,0.0,1.0,0.0,
-0.6672812602671788,-1.209831320572962,0.41071906556811005,0.0,0.0,0.0,1.0,1.0,0.0,0.0,1.0,0.0,
-0.3849454384703236,0.1127351678993064,-0.588017490217596,1.0,0.0,0.0,0.0,0.0,0.0,1.0,0.0,1.0,
0.8573321774358396,1.4353016563715748,-0.588017490217596,1.0,0.0,0.0,0.0,1.0,0.0,0.0,1.0,0.0,
-1.1190185751421473,-1.2315127384167697,-0.588017490217596,0.0,1.0,0.0,0.0,1.0,0.0,0.0,1.0,0.0,
-0.6108140959078078,-1.2315127384167697,-0.588017490217596,0.0,0.0,1.0,0.0,0.0,0.0,1.0,1.0,0.0,
0.010324712045273772,-0.017353339163539667,-0.588017490217596,0.0,0.0,1.0,0.0,0.0,1.0,0.0,1.0,0.0,
-1.1190185751421473,0.17777942143072945,-0.588017490217596,1.0,0.0,0.0,0.0,1.0,0.0,0.0,1.0,0.0,
0.23619336948275793,0.6330891961506907,-0.588017490217596,0.0,1.0,0.0,0.0,0.0,1.0,0.0,1.0,0.0,
-0.04614245231409733,-0.7545215458530008,0.20343412002768052,0.0,0.0,0.0,1.0,0.0,0.0,1.0,1.0,0.0,
-1.0060842464234052,-0.9930171421348852,0.15632390513212835,0.0,0.0,1.0,0.0,1.0,0.0,0.0,1.0,0.0,
0.29266053384212903,-0.6461144566339624,-0.588017490217596,0.0,1.0,0.0,0.0,1.0,0.0,0.0,1.0,0.0,
-0.04614245231409733,-0.8629286350720391,0.5237835813174353,1.0,0.0,0.0,0.0,0.0,1.0,0.0,1.0,0.0,
0.4620620269202421,-0.49434453172730863,-0.588017490217596,0.0,1.0,0.0,0.0,1.0,0.0,0.0,1.0,0.0,
1.5349381497482923,1.8038857597163054,-0.588017490217596,1.0,0.0,0.0,0.0,0.0,1.0,0.0,0.0,1.0,
-0.9496170820640342,-0.7545215458530008,-0.588017490217596,0.0,1.0,0.0,0.0,1.0,0.0,0.0,0.0,1.0,
-0.780215588985921,-0.8846100529158468,-0.588017490217596,0.0,1.0,0.0,0.0,0.0,0.0,1.0,1.0,0.0,
-1.0625514107827763,-0.12576042838257806,-0.588017490217596,0.0,0.0,0.0,1.0,0.0,1.0,0.0,1.0,0.0,
0.23619336948275793,0.8499033745887675,-0.588017490217596,0.0,1.0,0.0,0.0,0.0,1.0,0.0,1.0,0.0,
4.527697860794958,2.7361867270000357,-0.588017490217596,1.0,0.0,0.0,0.0,0.0,1.0,0.0,1.0,0.0,
-0.2720111097515815,-1.2315127384167697,-0.588017490217596,1.0,0.0,0.0,0.0,0.0,0.0,1.0,1.0,0.0,
1.0832008348733237,0.4379564355564216,0.7876007847325274,1.0,0.0,0.0,0.0,0.0,0.0,1.0,1.0,0.0,
-0.15907678103283943,-0.49434453172730863,-0.588017490217596,0.0,0.0,0.0,1.0,0.0,1.0,0.0,1.0,0.0,
-0.10260961667346831,0.004328078680268014,-0.588017490217596,0.0,1.0,0.0,0.0,1.0,0.0,0.0,1.0,0.0,
2.325478450779487,0.7631777032135367,1.126794331980503,0.0,1.0,0.0,0.0,1.0,0.0,0.0,1.0,0.0,
1.0267336705139527,0.5680449426192676,0.8252889566489692,0.0,0.0,1.0,0.0,0.0,0.0,1.0,1.0,0.0,
-0.6108140959078078,-0.2992117711330395,1.079684117084951,0.0,0.0,0.0,1.0,1.0,0.0,0.0,1.0,0.0,
2.325478450779487,0.7848591210573445,2.4835685209724057,0.0,1.0,0.0,0.0,1.0,0.0,0.0,1.0,0.0,
-0.10260961667346831,-0.14744184622638573,-0.588017490217596,0.0,0.0,0.0,1.0,0.0,0.0,1.0,1.0,0.0,
0.744234980066027,1.976418902683751,3.2876615096993986,0.0,1.0,0.0,0.0,0.0,0.21751670901050124,0.7824832909894988,0.0,1.0,
1.046388777570907,0.23543193927935963,-0.43922649351481413,0.0,0.0,1.0,0.0,0.0,1.0,0.0,1.0,0.0,
1.6947369532973615,2.0299754647739254,-0.588017490217596,0.0,0.0,1.0,0.0,1.0,0.0,0.0,1.0,0.0,
2.411333755371868,1.2245324573589498,0.2950626581449535,0.0,0.0,1.0,0.0,0.0,1.0,0.0,1.0,0.0,
1.5129413228946014,2.0007370087168166,-0.588017490217596,0.0,0.0,0.0,1.0,0.0,0.0,1.0,1.0,0.0,
3.9205099586818384,2.2701636316362115,-0.588017490217596,0.7529377294178472,0.0,0.0,0.2470622705821528,0.0,0.0,1.0,1.0,0.0,
1.487059070666726,2.120736387922414,0.2507123525200303,1.0,0.0,0.0,0.0,0.0,1.0,0.0,0.0,1.0,
3.059551587451311,1.762927567397661,-0.588017490217596,0.0,0.0,0.0,1.0,0.0,0.0,1.0,1.0,0.0,
1.075230418936702,1.4776421662824704,1.4159956614823819,0.0,0.0,1.0,0.0,1.0,0.0,0.0,1.0,0.0,
1.717750384980059,0.8966081458303508,1.1680953584457154,1.0,0.0,0.0,0.0,0.0,0.0,1.0,1.0,0.0,
0.5769227514666893,1.738610480034369,-0.588017490217596,1.0,0.0,0.0,0.0,0.0,1.0,0.0,0.0,1.0,
1.087586897797667,0.44435599613852345,-0.588017490217596,0.0,1.0,0.0,0.0,0.0,1.0,0.0,1.0,0.0,
0.7602646505618179,0.6124068762880275,-0.588017490217596,0.9942398948010343,0.0,0.005760105198965748,0.0,1.0,0.0,0.0,0.0,1.0,
1.021321905758786,1.606522010487827,1.3358852786082729,0.0,0.0,1.0,0.0,1.0,0.0,0.0,1.0,0.0,
2.8884654796730294,1.8068006778292132,3.140862787284341,0.0,0.0,0.0,1.0,0.6716389212482471,0.3283610787517529,0.0,1.0,0.0,
-0.4740896559658364,1.9937836919699286,-0.588017490217596,1.0,0.0,0.0,0.0,0.0,0.0,1.0,1.0,0.0,
2.971045118611684,1.7672225272795075,2.4300531581064,0.0,0.0,0.0,1.0,0.0,0.0,1.0,1.0,0.0,
1.850876667966596,1.993036301181436,-0.588017490217596,0.0,0.0,1.0,0.0,0.0,1.0,0.0,0.0,1.0,
1.1658364055411365,0.5585272868750683,-0.588017490217596,0.0,1.0,0.0,0.0,0.0,1.0,0.0,1.0,0.0,
1.3652102009046796,1.10995504110865,-0.588017490217596,1.0,0.0,0.0,0.0,0.0,0.0,1.0,1.0,0.0,
0.24546325992101828,1.2419485527712282,-0.588017490217596,0.0,1.0,0.0,0.0,0.0,0.0,1.0,1.0,0.0,
0.543682289523692,1.1592594526738358,-0.588017490217596,0.0,1.0,0.0,0.0,0.0,0.0,1.0,1.0,0.0,
1.1286262849547208,1.9695923617314584,-0.0799383656071915,1.0,0.0,0.0,0.0,0.0,1.0,0.0,0.0,1.0,
1.651088964983789,0.7383858741580627,-0.3481132044829246,0.0,0.0,0.0,1.0,0.0,1.0,0.0,1.0,0.0,
0.7897694741722316,0.19416518758719697,-0.588017490217596,0.0,1.0,0.0,0.0,0.0,0.0,1.0,1.0,0.0,
0.8317756743817036,0.3439400139922363,-0.588017490217596,0.0,1.0,0.0,0.0,0.0,0.0,1.0,1.0,0.0,
0.5749963556389843,-0.2375740559293941,1.3436403931468182,0.7685764247309078,0.23142357526909219,0.0,0.0,1.0,0.0,0.0,1.0,0.0,
1.7092452760311534,1.7246944552254249,-0.588017490217596,1.0,0.0,0.0,0.0,0.0,0.0,1.0,0.0,1.0,
0.17398568678755788,1.213283787278609,-0.588017490217596,1.0,0.0,0.0,0.0,0.0,1.0,0.0,1.0,0.0,
-0.9893980163632494,1.1386794435757754,-0.588017490217596,0.0,0.0,0.14775162033956968,0.8522483796604303,0.0,1.0,0.0,0.0,1.0,
0.9339329212569736,1.000497732898213,-0.588017490217596,0.0,0.0,1.0,0.0,0.0,1.0,0.0,1.0,0.0,
2.169340911911512,2.4103471547355273,-0.588017490217596,0.0,0.0,0.0,1.0,0.0,0.0,1.0,1.0,0.0,
0.4458052611373503,1.5400399469437474,-0.588017490217596,1.0,0.0,0.0,0.0,0.0,0.0,1.0,1.0,0.0,
-0.2589086508528407,2.160969307563859,2.8739342890373223,0.0,1.0,0.0,0.0,0.0,0.9226544072271009,0.0773455927728991,0.0,1.0,
2.4477231109634077,1.455619759076646,-0.588017490217596,0.0,1.0,0.0,0.0,0.0,0.0,1.0,0.0,1.0,
3.1335354635543053,1.899478038495429,-0.588017490217596,0.0,0.0,1.0,0.0,0.0,1.0,0.0,0.0,1.0,
0.30839309367601264,1.1931385638087666,-0.588017490217596,0.0,0.0,1.0,0.0,0.0,1.0,0.0,1.0,0.0,
1.209981107869059,2.0036055115841496,2.195382733000729,0.0,0.0,0.0,1.0,1.0,0.0,0.0,0.27884367476970473,0.7211563252302953,
0.4972781019588434,1.6641388653867402,2.979043513744768,0.0,0.0,1.0,0.0,1.0,0.0,0.0,1.0,0.0,
1.4808264412659735,2.1180731918925444,0.2409650805327771,1.0,0.0,0.0,0.0,0.0,1.0,0.0,0.0,1.0,
0.2104970355416627,0.965168270767244,-0.588017490217596,0.0,1.0,0.0,0.0,0.0,1.0,0.0,1.0,0.0,
1.6265903283991066,1.1970370229148182,-0.588017490217596,1.0,0.0,0.0,0.0,0.0,0.0,1.0,1.0,0.0,
-0.15633790250726115,0.8283721901224588,-0.588017490217596,0.0,0.0,0.0,1.0,0.0,1.0,0.0,1.0,0.0,
1.9061178382288881,1.8360873170920806,-0.588017490217596,0.0,0.0,1.0,0.0,0.0,1.0,0.0,0.3905317160029007,0.6094682839970993,
2.3696852357411373,2.350402270033586,4.915222766630733,0.0,0.6576198312647592,0.3423801687352408,0.0,0.0,1.0,0.0,1.0,0.0,
1.5173245074641033,1.1560292020762473,-0.3205692983031817,0.0,1.0,0.0,0.0,0.0,0.0,1.0,1.0,0.0,
1.301488839339684,1.4717314907963872,2.8277071699002443,0.0,0.0,1.0,0.0,1.0,0.0,0.0,1.0,0.0,
0.5459415421847088,0.9887905784335967,-0.588017490217596,1.0,0.0,0.0,0.0,0.0,1.0,0.0,0.0,1.0,
2.0253175848699367,2.2983785193465263,0.5378157581729239,0.0,0.0,1.0,0.0,0.0,0.0,1.0,1.0,0.0,
0.6149368294248115,0.6627783538492101,-0.588017490217596,0.0,0.0,0.0,1.0,1.0,0.0,0.0,1.0,0.0,
0.5779021149804688,1.7495156796192952,-0.588017490217596,1.0,0.0,0.0,0.0,0.0,1.0,0.0,0.0,1.0,
0.9252686283884295,2.4295770600233353,5.126755387350902,0.0,0.0,0.38769464157105704,0.612305358428943,0.612305358428943,0.38769464157105704,0.0,1.0,0.0,
2.551347108216971,1.2900710994106106,-0.5169359822963974,0.0,0.0,1.0,0.0,0.0,0.0,1.0,1.0,0.0,
1.1090472010158279,1.9174830825811668,1.8922319524403934,0.0,0.0,0.0,1.0,1.0,0.0,0.0,0.6760613734617664,0.3239386265382336,
-0.7164738627354126,0.9415513984874435,-0.588017490217596,0.0,0.0,1.0,0.0,0.0,0.0,1.0,1.0,0.0,
-0.30374471588000324,2.2803393975255064,-0.588017490217596,0.0,0.0,1.0,0.0,1.0,0.0,0.0,0.1625344434080177,0.8374655565919823,
0.608475256028224,0.45646791281855464,-0.588017490217596,0.0,0.0,0.0,1.0,1.0,0.0,0.0,0.2964457377049402,0.7035542622950598,
1.2685905357080132,0.9718301850182638,-0.588017490217596,1.0,0.0,0.0,0.0,0.0,0.0,1.0,1.0,0.0,
1.7634676936694074,1.739863193608734,-0.588017490217596,1.0,0.0,0.0,0.0,0.0,0.0,1.0,0.0,1.0,
1.484714822698976,1.3166834670079126,-0.588017490217596,0.0,0.0,1.0,0.0,0.0,1.0,0.0,0.0,1.0,
0.28677900449903176,1.0506089077121967,-0.588017490217596,1.0,0.0,0.0,0.0,0.0,0.0,1.0,1.0,0.0,
0.36246685698705877,0.947817801314405,0.9362248362355924,0.0,0.0,1.0,0.0,0.0,1.0,0.0,1.0,0.0,
2.3865120490855167,1.3968141507840668,1.831756467878754,0.4161737675283166,0.5838262324716834,0.0,0.0,0.0,0.0,1.0,0.0,1.0,
1.5138588061309004,1.0780978582789726,-0.588017490217596,0.0,1.0,0.0,0.0,0.0,0.0,1.0,1.0,0.0,
2.551347108216971,1.2511323213329004,-0.588017490217596,0.0,0.0,0.7471700044117293,0.2528299955882707,0.0,0.0,1.0,1.0,0.0,
-0.7447949589149907,1.0960849205155077,-0.588017490217596,0.0,0.0,1.0,0.0,0.686360821613915,0.0,0.313639178386085,1.0,0.0,
-0.305855280286316,2.1931647256743685,1.1825897056233152,0.0,0.0,0.7198720386217441,0.2801279613782559,1.0,0.0,0.0,1.0,0.0,
0.18900467148544287,2.340437746478247,2.6170975535827408,0.0,0.0,0.0,1.0,0.0,1.0,0.0,0.0,1.0,
-1.0403075303724894,1.674784960520515,-0.588017490217596,0.0,0.0,0.0,1.0,0.0,0.0,1.0,0.0,1.0,
1.5323087566372473,2.015147165273074,0.9210476698098582,0.0,0.0,1.0,0.0,1.0,0.0,0.0,1.0,0.0,
2.471152943458626,1.4809598218948814,0.364007340007677,0.0,0.0,0.0,1.0,0.0,1.0,0.0,0.0,1.0,
4.27713546940154,2.565453740282272,-0.588017490217596,0.4033919442565961,0.0,0.5966080557434039,0.0,0.0,0.0,1.0,1.0,0.0,
2.0981115033278113,1.837852175622297,-0.588017490217596,0.0,0.0,0.0,1.0,0.0,0.0,1.0,1.0,0.0,
1.7175864168093682,2.563994028805362,4.421774543583502,0.0,0.17654074871077852,0.0,0.8234592512892215,0.0,0.0,1.0,0.0,1.0,
0.04677488632315491,0.8030612265234731,-0.588017490217596,0.0,0.0,0.0,1.0,0.0,1.0,0.0,1.0,0.0,
1.9820258777440358,1.825120857840178,-0.588017490217596,1.0,0.0,0.0,0.0,0.0,0.0,1.0,0.0,1.0,
1.1207381841740043,0.5532606785330852,-0.588017490217596,0.0,1.0,0.0,0.0,0.0,1.0,0.0,1.0,0.0,
0.9977405667789586,0.41867024440447964,2.1780128136521295,1.0,0.0,0.0,0.0,0.6805953930540866,0.31940460694591344,0.0,0.0,1.0,
-0.2004252874262053,1.0045508266903866,-0.588017490217596,0.0,0.0,1.0,0.0,1.0,0.0,0.0,0.5331796473793254,0.46682035262067456,
2.8201782839509346,2.5286092172162866,-0.588017490217596,0.9521681450942182,0.04783185490578179,0.0,0.0,0.0,0.0,1.0,0.0,1.0,
1.7061322438521622,0.8081553944160105,0.24543641730753762,0.92551891548368,0.07448108451631996,0.0,0.0,0.0,1.0,0.0,0.0,1.0,
0.17972620512338683,2.030268953758725,-0.588017490217596,0.0,1.0,0.0,0.0,0.0,1.0,0.0,0.0,1.0,
2.584141549980936,1.2895709442312766,0.3910223843151641,1.0,0.0,0.0,0.0,0.0,0.0,1.0,1.0,0.0,
1.2233754311434777,0.8685336075890919,-0.588017490217596,0.0,1.0,0.0,0.0,0.0,1.0,0.0,1.0,0.0,
1.712314356416166,0.8325676352788468,-0.588017490217596,0.0,0.0,0.0,1.0,0.0,1.0,0.0,1.0,0.0,
0.8196412725070485,0.8716379278465827,-0.588017490217596,1.0,0.0,0.0,0.0,0.22208607026638028,0.7779139297336197,0.0,0.0,1.0,
-0.6672812602671788,2.167824782326744,0.1379182284486813,0.0,0.0,0.0,1.0,0.0,0.0,1.0,1.0,0.0,
0.4727571857821595,1.4122454814475114,2.066427740061558,0.0,0.0,1.0,0.0,1.0,0.0,0.0,1.0,0.0,
1.1456950678774132,1.7687197029714399,-0.588017490217596,1.0,0.0,0.0,0.0,0.0,1.0,0.0,0.0,1.0,
0.5698774326014321,1.5956192213761935,-0.588017490217596,1.0,0.0,0.0,0.0,0.0,0.0,1.0,1.0,0.0,
-0.6919577575728761,1.1629181370362816,-0.588017490217596,0.0,0.0,1.0,0.0,0.09383231067218134,0.9061676893278187,0.0,1.0,0.0,
0.5909202938816323,0.5246821069316523,0.8315139808296832,1.0,0.0,0.0,0.0,0.0,0.0,1.0,1.0,0.0,
2.607721472544863,1.7049183248739477,2.124328666282109,0.0,0.4288062047905752,0.5711937952094248,0.0,0.0,1.0,0.0,1.0,0.0,
0.921933717954077,0.3045628168525083,-0.588017490217596,0.8559450213030513,0.0,0.14405497869694872,0.0,0.0,1.0,0.0,1.0,0.0,
0.7099002402311256,1.250454566114034,1.0695232965811112,0.0,0.0,1.0,0.0,0.0,0.0,1.0,1.0,0.0,
-0.12099873795384497,1.9899368656876564,-0.588017490217596,0.0,1.0,0.0,0.0,0.0,1.0,0.0,1.0,0.0,
0.6615201962811195,2.3085530596716137,4.915247247924648,0.6808775654005067,0.0,0.0,0.3191224345994933,0.0,0.0,1.0,0.3191224345994933,0.6808775654005067,
1.1331992119877048,0.3078679284935755,1.7933645541528704,0.44272080669908365,0.0,0.5572791933009164,0.0,0.44272080669908365,0.5572791933009164,0.0,0.0,1.0,
0.7775314980753745,1.3573561062835806,-0.588017490217596,0.0,0.0,0.0,1.0,0.0,1.0,0.0,1.0,0.0,
1.7563909962096789,0.9764206952036141,-0.588017490217596,0.0,0.0,0.0,1.0,0.0,1.0,0.0,1.0,0.0,
-0.14805601040858893,2.0356323833212078,-0.588017490217596,1.0,0.0,0.0,0.0,0.0,0.0,1.0,0.0,1.0,
-0.989905138460664,2.084982996278526,-0.588017490217596,1.0,0.0,0.0,0.0,0.0,0.3216306022548492,0.6783693977451508,1.0,0.0,
1.6232747349326062,0.8270767926444955,0.11263567941412644,1.0,0.0,0.0,0.0,0.0,1.0,0.0,0.0,1.0,
-0.1155581466852289,1.8699087145464488,-0.588017490217596,1.0,0.0,0.0,0.0,0.0,0.0,1.0,1.0,0.0,
0.12054998794031457,2.2047806934860756,1.2581002279698457,0.0,0.0,1.0,0.0,1.0,0.0,0.0,1.0,0.0,
-0.8366827533452921,0.9595062880114247,-0.588017490217596,0.0,0.0,0.37155285400315674,0.6284471459968433,0.0,0.0,1.0,0.0,1.0,
0.13116600263151296,1.314034848089789,-0.588017490217596,0.0,0.0,1.0,0.0,0.2866574645211786,0.7133425354788214,0.0,0.0,1.0,
0.4865018843755002,1.1299830963992683,-0.588017490217596,0.0,1.0,0.0,0.0,0.0,0.0,1.0,1.0,0.0,
1.139667999232695,1.9649113653336765,-0.588017490217596,0.0,0.0,1.0,0.0,0.0,1.0,0.0,1.0,0.0,
0.9804788123816672,1.612772730608446,1.413737070217302,0.0,0.0,1.0,0.0,1.0,0.0,0.0,1.0,0.0,
-0.14422478894176877,1.4877871022675688,1.3598813297838674,0.0,0.0,0.0,1.0,1.0,0.0,0.0,0.8947171391160782,0.1052828608839218,
0.17972620512338683,1.8694110848433712,-0.588017490217596,0.0,1.0,0.0,0.0,0.0,1.0,0.0,0.0,1.0,
0.15830046092376304,2.4008014733557963,2.5114050498177236,0.0,1.0,0.0,0.0,0.0,0.0,1.0,0.0,1.0,
-0.1347828141172671,1.287851215914134,-0.588017490217596,0.0,0.0,0.0,1.0,1.0,0.0,0.0,1.0,0.0,
1.353216750616716,0.9438728924635378,1.7709405573654158,0.0,1.0,0.0,0.0,0.0,0.0,1.0,1.0,0.0,
2.6346375892841944,2.0209872493117222,-0.588017490217596,1.0,0.0,0.0,0.0,0.0,0.0,1.0,0.0,1.0,
2.7493370742260255,1.3816754756670713,-0.588017490217596,0.0,0.0,1.0,0.0,0.0,1.0,0.0,1.0,0.0,
2.8336829300138264,2.060294395628076,4.588390543393965,0.7901655137634425,0.20983448623655754,0.0,0.0,0.0,0.20983448623655754,0.7901655137634425,1.0,0.0,
1.9427521612181067,1.5533719488759998,-0.588017490217596,0.0,0.0,0.0,1.0,0.7778556600720256,0.22214433992797444,0.0,0.0,1.0,
-0.5519114051581452,2.147822877942487,-0.588017490217596,0.0,0.0,1.0,0.0,0.7553914660358879,0.24460853396411208,0.0,0.0,1.0,
0.8573321774358396,1.2994372105034215,-0.588017490217596,0.0,0.0,0.0,1.0,0.0,1.0,0.0,1.0,0.0,
-0.8643563330572144,0.8626098478988626,2.7551559944749933,0.0,0.0,0.0,1.0,1.0,0.0,0.0,0.0,1.0,
3.2799137577083277,2.304551448211968,3.974375586679954,0.0,0.0,1.0,0.0,0.0,1.0,0.0,0.4540371828437624,0.5459628171562376,
0.4942440477178207,1.5277656845744243,3.4549173900985237,0.0,0.0,0.0,1.0,0.47669183106861845,0.5233081689313815,0.0,1.0,0.0,
0.7685142196178224,0.8159130564954546,1.108939683236482,0.0,0.0,1.0,0.0,0.0,0.0,1.0,1.0,0.0,
0.29883719789811536,1.098451464870764,-0.588017490217596,1.0,0.0,0.0,0.0,0.0,0.0,1.0,1.0,0.0,
0.9266947910932868,2.0882960308758536,-0.588017490217596,0.0,0.0,1.0,0.0,0.0,0.0,1.0,0.2283707610321325,0.7716292389678675,
1.5626585438056797,2.498558450674429,4.563955473344209,0.0,0.45090882573637336,0.0,0.5490911742636266,0.0,0.0,1.0,0.0,1.0,
-0.06555406569624146,2.2637802918095296,-0.588017490217596,0.0,0.0,1.0,0.0,0.0,1.0,0.0,1.0,0.0,
0.7443978487170974,2.2623575509939244,2.7517886681992634,0.0,0.5922628477820875,0.4077371522179125,0.0,0.0,0.0,1.0,1.0,0.0,
1.430564068147079,2.280231283245774,3.224792958902506,0.0,1.0,0.0,0.0,0.0,0.06063876034609539,0.9393612396539046,1.0,0.0,
1.6710222668367165,0.8091923947421764,0.260307761816687,0.8776899250718676,0.1223100749281324,0.0,0.0,0.0,1.0,0.0,0.0,1.0,
0.40468105421210887,0.8839580319769615,-0.588017490217596,0.0,1.0,0.0,0.0,0.0,0.0,1.0,1.0,0.0,
1.6428347507206655,2.250491133095913,0.690230781089426,0.0,0.0,1.0,0.0,1.0,0.0,0.0,1.0,0.0,
0.5749963556389843,0.8524648738791866,0.6052978336357964,1.0,0.0,0.0,0.0,0.0,0.0,1.0,1.0,0.0,
0.6386920899916942,1.1648114608140636,-0.588017490217596,0.0,0.0,0.0,1.0,0.0,1.0,0.0,1.0,0.0,
0.4063248239921081,2.2981099746828133,0.8979404685428711,1.0,0.0,0.0,0.0,0.0,0.0,1.0,1.0,0.0,
2.134509223406688,1.4499076146095566,2.7776391026006,0.0,0.0,1.0,0.0,0.4606505954352744,0.5393494045647256,0.0,1.0,0.0,
1.4554175013393493,1.3451099320262345,1.6458965171806617,0.0,1.0,0.0,0.0,0.0,0.0,1.0,1.0,0.0,
0.773800777908527,0.5714200819776437,0.770223425181417,0.0,0.0,1.0,0.0,0.0,1.0,0.0,1.0,0.0,
2.6226245803629413,1.291113918981263,-0.1624016594813027,0.0,0.0,1.0,0.0,0.0,1.0,0.0,1.0,0.0,
0.9702665061545818,0.31852727376103157,0.16128543623876868,0.0,0.0,1.0,0.0,0.0,1.0,0.0,1.0,0.0,
1.2209848101500838,1.3720029205829676,2.0242494466612824,0.0,0.0,1.0,0.0,1.0,0.0,0.0,1.0,0.0,
1.0649641897539095,0.21979282805977743,-0.37805431129596967,0.0,0.0,1.0,0.0,0.0,1.0,0.0,1.0,0.0,
-0.8339993937633366,2.1308242212205473,-0.588017490217596,1.0,0.0,0.0,0.0,0.0,0.9841597642783583,0.015840235721641727,1.0,0.0,
1.0225456102832011,0.1661346781213357,-0.588017490217596,0.0,0.0,1.0,0.0,0.0,1.0,0.0,1.0,0.0,
0.34912769820150014,1.2282516496994835,-0.588017490217596,0.0,1.0,0.0,0.0,0.0,0.0,1.0,1.0,0.0,
1.3940878088990725,1.2701332650641275,-0.588017490217596,0.0,0.0,0.12359400568095347,0.8764059943190465,0.0,0.0,1.0,0.0,1.0,
1.112550959704516,1.1410305664931426,-0.588017490217596,0.0,0.0,0.0,1.0,0.0,1.0,0.0,1.0,0.0,
-0.739691241989233,1.8663956261399497,2.431465897891646,0.0,0.0,1.0,0.0,1.0,0.0,0.0,0.7176621574049848,0.28233784259501515,
-0.8217979229258427,1.2127722232094533,-0.588017490217596,0.0,0.0,1.0,0.0,0.0,0.13180076056873136,0.8681992394312686,1.0,0.0,
1.4359760480852573,1.4151834804077064,-0.588017490217596,0.0,1.0,0.0,0.0,0.0,1.0,0.0,1.0,0.0,
2.00168937240091,2.5743906634883986,-0.588017490217596,0.0,1.0,0.0,0.0,0.0,1.0,0.0,1.0,0.0,
1.343118758061702,1.4098153760380476,2.8689344326342985,0.0,0.0,1.0,0.0,0.8855005494442301,0.0,0.11449945055576993,1.0,0.0,
2.5892924662700736,1.3862120492642427,-0.588017490217596,0.0,0.0,0.0,1.0,0.32801020763839295,0.671989792361607,0.0,1.0,0.0,
-0.7673891906764424,1.3346434072027589,2.5701152878113507,0.0,0.0,1.0,0.0,1.0,0.0,0.0,0.22714790896614312,0.7728520910338569,
0.6604196773542721,1.653865596933525,3.7753529532938073,0.0,0.0,0.6446851968482895,0.3553148031517105,1.0,0.0,0.0,1.0,0.0,
1.0214084026106203,1.8554321000061162,1.935851273062269,0.0,1.0,0.0,0.0,0.0,0.0,1.0,1.0,0.0,
4.047002865223934,2.6704402121181405,-0.588017490217596,0.0,0.44804333449413936,0.5519566655058606,0.0,0.0,0.0,1.0,1.0,0.0,
1.8093063509303375,1.8085412922062476,-0.588017490217596,1.0,0.0,0.0,0.0,0.0,0.0,1.0,0.0,1.0,
-0.1724771035487931,2.383462574110717,1.5916613988827084,1.0,0.0,0.0,0.0,0.0,0.0,1.0,1.0,0.0,
0.13566213256459034,2.1845028272452502,-0.588017490217596,0.0,0.0,1.0,0.0,0.0,1.0,0.0,0.0,1.0,
2.0303632129202076,1.613635391175725,-0.588017490217596,0.0,1.0,0.0,0.0,0.0,0.0,1.0,1.0,0.0,
2.567785658592225,1.5721244432751194,2.4308698448219115,0.330085921562696,0.669914078437304,0.0,0.0,0.0,0.0,1.0,0.0,1.0,
0.5185291912796132,2.275590280378296,0.4379287043287878,1.0,0.0,0.0,0.0,0.0,0.0,1.0,1.0,0.0,
0.7316838746306826,0.8852958573030931,-0.588017490217596,0.0,0.0,1.0,0.0,0.0,0.0,1.0,1.0,0.0,
0.6634035384966664,0.7489462829806828,-0.588017490217596,0.0,0.0,0.0,1.0,0.5656387895633797,0.43436121043662035,0.0,1.0,0.0,
1.6076676581278335,2.07950001987691,0.7585047178326627,0.42800088243907297,0.0,0.571999117560927,0.0,0.0,1.0,0.0,0.0,1.0,
0.26760406373879053,0.8659841865002682,-0.4875621040836308,1.0,0.0,0.0,0.0,0.0,0.0,1.0,1.0,0.0,
3.1955499055686354,2.1756326366137793,2.3383894468161874,0.0,1.0,0.0,0.0,0.0,1.0,0.0,1.0,0.0,
1.073783126572942,0.4480814340241691,-0.588017490217596,0.0,1.0,0.0,0.0,0.0,1.0,0.0,1.0,0.0,
0.6947241204776015,1.141682843185617,-0.588017490217596,0.0,1.0,0.0,0.0,0.0,1.0,0.0,1.0,0.0,
-0.8490330763529426,0.9650892561783335,2.74914923852823,0.0,0.0,0.5937610341173974,0.40623896588260255,1.0,0.0,0.0,0.0,1.0,
3.353347685668818,1.8587693101924125,-0.588017490217596,0.0,0.0,0.0,1.0,0.0,0.0,1.0,1.0,0.0,
1.8259562172384873,0.9382958854346495,-0.588017490217596,0.0,1.0,0.0,0.0,0.0,1.0,0.0,1.0,0.0,
-0.680476778350638,1.9225173932590383,-0.588017490217596,1.0,0.0,0.0,0.0,0.0,1.0,0.0,1.0,0.0,
1.195373351392595,1.2040385488888965,1.173148830666641,0.0,1.0,0.0,0.0,0.0,0.0,1.0,0.8133432026471865,0.18665679735281349,
0.5576231887877783,2.1861451111707386,2.9145196294197384,0.0,1.0,0.0,0.0,0.0,0.0,1.0,0.0,1.0,
0.17972620512338683,1.465106662566833,-0.588017490217596,0.0,0.02341748476152694,0.9765825152384731,0.0,0.0,1.0,0.0,0.0,1.0,
0.676535761410171,0.8381636958262905,-0.588017490217596,0.0,0.0,0.0,1.0,1.0,0.0,0.0,1.0,0.0,
0.6355909601431411,0.9535560854667114,0.5303433437866812,1.0,0.0,0.0,0.0,0.0,0.0,1.0,1.0,0.0,
2.436556305596786,1.426777616033925,-0.588017490217596,0.0,0.0,0.0,1.0,0.0,0.0,1.0,1.0,0.0,
2.7125985785870714,2.0397735860701016,-0.588017490217596,1.0,0.0,0.0,0.0,0.0,0.0,1.0,0.0,1.0,
3.3621302389640895,1.8565211811556457,-0.588017490217596,0.0,0.0,0.0,1.0,0.0,0.0,1.0,1.0,0.0,
-0.5537592700572929,2.0942948344817713,-0.588017490217596,1.0,0.0,0.0,0.0,0.0,0.0,1.0,1.0,0.0,
0.990400128510183,1.7459062041701305,1.7416408419900584,0.0,1.0,0.0,0.0,0.0,0.08913862854643229,0.9108613714535677,1.0,0.0,
0.6349744544205391,0.9976852759193565,-0.588017490217596,0.0,0.0,0.0,1.0,0.0,1.0,0.0,1.0,0.0,
0.5749963556389843,0.8534479996745665,0.6046662693341744,1.0,0.0,0.0,0.0,0.0,0.0,1.0,1.0,0.0,
-0.016975753677953703,1.962669310546584,4.525759786569515,0.0,1.0,0.0,0.0,0.0,1.0,0.0,1.0,0.0,
0.3497115367190477,1.1894400417855284,-0.588017490217596,1.0,0.0,0.0,0.0,0.0,0.0,1.0,1.0,0.0,
0.9549348044084487,1.364370565142778,-0.588017490217596,0.0,0.0,1.0,0.0,0.0,1.0,0.0,1.0,0.0,
0.6887745709258856,0.8869886009897675,-0.588017490217596,0.0,0.0,0.0,1.0,0.0,1.0,0.0,1.0,0.0,
0.5076821390853794,0.8715847924325751,-0.588017490217596,0.0,0.0,0.0,1.0,0.0,1.0,0.0,1.0,0.0,
1.083619413201386,0.8934269297269528,-0.588017490217596,0.0,0.0,0.0,1.0,0.0,1.0,0.0,1.0,0.0,
1.1551548072791253,1.9518134460684393,2.2991828269246253,0.0,1.0,0.0,0.0,0.0,0.0,1.0,1.0,0.0,
0.8315027331873301,1.4396806306301675,-0.588017490217596,0.0,0.0,1.0,0.0,0.0,0.0,1.0,1.0,0.0,
0.6989773786583058,0.9763424557530148,-0.588017490217596,0.0,0.0,1.0,0.0,0.0,0.0,1.0,1.0,0.0,
2.424206306115012,2.553644068703541,-0.5492997314898711,0.0,0.0,1.0,0.0,0.0,0.0,1.0,1.0,0.0,
0.9696487839686305,0.8583954937784556,-0.588017490217596,0.0,0.0,0.0,1.0,0.0,1.0,0.0,1.0,0.0,
1.0563940582329074,1.3052131493087287,1.0793017647271101,0.0,1.0,0.0,0.0,0.0,0.0,1.0,1.0,0.0,
-0.17755403588668806,1.2894936096057226,-0.588017490217596,0.0,1.0,0.0,0.0,0.0,0.0,1.0,1.0,0.0,
-1.0479444938852227,1.553759499951085,-0.588017490217596,0.0,0.0,0.0,1.0,0.0,0.25867983744661927,0.7413201625533807,0.0,1.0,
2.4016703941805413,1.4697915415250369,-0.588017490217596,0.0,0.0,0.0,1.0,1.0,0.0,0.0,1.0,0.0,
2.073042920052793,2.5226527391025195,-0.588017490217596,0.0,0.0,0.07564520374523331,0.9243547962547667,0.0,0.0,1.0,1.0,0.0,
1.290725488707235,1.9480611794679545,-0.588017490217596,0.0,0.0,0.0,1.0,0.0,1.0,0.0,1.0,0.0,
0.8392314248084904,1.2387568631535273,1.218042340795518,0.0,1.0,0.0,0.0,0.0,0.0,1.0,1.0,0.0,
0.6116784587702537,2.29229994437755,-0.588017490217596,0.0,1.0,0.0,0.0,0.0,1.0,0.0,1.0,0.0,
0.24152022398605547,1.238123569797341,-0.588017490217596,0.0,1.0,0.0,0.0,0.0,0.0,1.0,1.0,0.0,
2.0431426289826318,1.3352689573855319,3.3941665856892915,0.0,0.0,1.0,0.0,0.44620824507161594,0.0,0.5537917549283841,1.0,0.0,
2.7597476491325432,2.2145854785989396,-0.588017490217596,1.0,0.0,0.0,0.0,0.0,0.0,1.0,0.0,1.0,
0.6399381342724454,1.6270035593720047,-0.588017490217596,1.0,0.0,0.0,0.0,0.0,0.0,1.0,1.0,0.0,
1.7065996698490176,0.8139165957929312,-0.588017490217596,0.0,0.0,0.0,1.0,0.0,1.0,0.0,1.0,0.0,
0.8375646785576762,0.21684888466498137,-0.588017490217596,0.0,0.6499293155158631,0.0,0.3500706844841369,1.0,0.0,0.0,1.0,0.0,
-0.294179826353103,2.15461121543916,1.188044531698269,0.0,0.0,0.6785189653244648,0.32148103467553524,1.0,0.0,0.0,1.0,0.0,
-0.02859459604375897,0.7261525697622273,1.8866167621667451,0.0,1.0,0.0,0.0,0.0,0.0,1.0,1.0,0.0,
2.4568824427911955,1.548207549968224,-0.588017490217596,0.0,0.0,0.0,1.0,0.534582642842057,0.46541735715794297,0.0,1.0,0.0,
1.7830343829936128,1.971776619076354,-0.588017490217596,0.0,0.0,0.0,1.0,0.0,0.0,1.0,1.0,0.0,
0.12286679084865415,2.085593581425654,-0.588017490217596,1.0,0.0,0.0,0.0,0.0,1.0,0.0,1.0,0.0,
2.1805154995196547,1.6699127307127521,-0.3576674276753486,0.0,1.0,0.0,0.0,0.0,0.0,1.0,1.0,0.0,
1.7043396428264055,0.9171402086010864,-0.588017490217596,0.0,0.0,0.0,1.0,0.0,1.0,0.0,1.0,0.0,
2.7771204434509182,1.4267242502612634,0.141111850372922,1.0,0.0,0.0,0.0,0.0,0.0,1.0,1.0,0.0,
1.284558554237505,2.0823286930642584,2.9733053471766615,0.0,1.0,0.0,0.0,0.0,0.0,1.0,0.1446913933751488,0.8553086066248512,
1.9071694090982259,1.5561971079406747,-0.588017490217596,0.0,1.0,0.0,0.0,0.0,0.0,1.0,1.0,0.0,
0.8512700019947642,0.06950265735098053,-0.588017490217596,0.0,0.892642467355113,0.0,0.10735753264488701,1.0,0.0,0.0,1.0,0.0,
0.994020997551405,2.209432637975732,-0.588017490217596,0.0,0.0,1.0,0.0,0.0,0.2841355916002577,0.7158644083997423,0.0,1.0,
-0.6952632866668713,1.4098456878391517,3.334306655632237,0.0,1.0,0.0,0.0,0.0,0.9174091506183195,0.08259084938168049,1.0,0.0,
0.9608317579076799,2.221788011412285,-0.588017490217596,0.0,0.0,0.0,1.0,0.0,1.0,0.0,1.0,0.0,
1.6167230860105921,2.205374282653759,0.38088655730663845,0.0,0.0,1.0,0.0,1.0,0.0,0.0,1.0,0.0,
1.0477177327222198,0.3873968264003542,-0.588017490217596,1.0,0.0,0.0,0.0,0.29645191246615266,0.7035480875338473,0.0,1.0,0.0,
0.27126395780935536,1.2738335966775438,-0.588017490217596,0.0,1.0,0.0,0.0,0.0,0.0,1.0,1.0,0.0,
0.036676558086573774,2.2525305167107126,-0.588017490217596,1.0,0.0,0.0,0.0,0.0,0.0,1.0,1.0,0.0,
0.5907991381453211,0.6654263624060556,-0.588017490217596,0.0,0.0,0.0,1.0,1.0,0.0,0.0,1.0,0.0,
-0.29473684380426457,1.767512280106711,-0.588017490217596,1.0,0.0,0.0,0.0,0.0,0.0,1.0,1.0,0.0,
1.8973687980373406,2.054699634461475,-0.588017490217596,0.0,0.0,0.0,1.0,0.0,0.0,1.0,1.0,0.0,
3.083838417338351,2.396697715827871,3.608925802523406,0.0,0.11397892859477354,0.0,0.8860210714052265,0.0,1.0,0.0,1.0,0.0,
2.490628354609852,2.3121234324201856,-0.07397244281221504,0.0,0.0,1.0,0.0,0.0,0.0,1.0,1.0,0.0,
0.6703655889724522,2.1425957929891593,-0.588017490217596,1.0,0.0,0.0,0.0,0.0,0.0,1.0,1.0,0.0,
0.9854816701264175,0.543014519941122,-0.588017490217596,0.0,1.0,0.0,0.0,0.0,1.0,0.0,1.0,0.0,
1.4877241049637497,0.8989547575821283,-0.588017490217596,0.0,0.0,0.0,1.0,0.0,1.0,0.0,1.0,0.0,
2.436803662233294,1.4057142923983397,-0.588017490217596,0.0,0.0,0.0,1.0,1.0,0.0,0.0,1.0,0.0,
1.9132346162991825,0.9661594990154694,0.30089214204952225,0.7545994435354617,0.0,0.0,0.2454005564645383,0.0,1.0,0.0,0.0,1.0,
0.17972620512338683,1.1219094201142188,-0.588017490217596,0.8133903237350039,0.0,0.18660967626499614,0.0,0.0,1.0,0.0,0.0,1.0,
0.5030720729904616,2.259195534436267,-0.588017490217596,1.0,0.0,0.0,0.0,0.0,0.0,1.0,1.0,0.0,
2.5177930302135865,1.8041839968090079,-0.588017490217596,0.0,1.0,0.0,0.0,0.0,0.0,1.0,0.0,1.0,
1.1386723530597562,1.3428143035073292,-0.588017490217596,0.0,0.0,0.0,1.0,0.0,0.0,1.0,1.0,0.0,
0.6126494331167777,2.2997813981879487,-0.588017490217596,0.0,1.0,0.0,0.0,0.0,1.0,0.0,1.0,0.0,
1.4356293743334774,0.5887259049982917,-0.588017490217596,0.0,0.0,0.0,1.0,0.0,1.0,0.0,1.0,0.0,
1.612721785802084,2.0775594114687386,0.7787445334673773,0.40562448134123863,0.0,0.5943755186587614,0.0,0.0,1.0,0.0,0.0,1.0,
1.9987498265628771,1.563614134155178,-0.588017490217596,0.0,0.0,1.0,0.0,1.0,0.0,0.0,1.0,0.0,
1.2270525025793722,0.9837841248360486,-0.5183732863589322,0.0,0.0,0.0,1.0,0.0,1.0,0.0,1.0,0.0,
0.9057595483205241,1.9524962652198616,2.102512782658181,0.0,1.0,0.0,0.0,0.0,0.0,1.0,1.0,0.0,
3.417311580685171,2.3827030144115,-0.588017490217596,0.0,1.0,0.0,0.0,0.0,0.33214132237111504,0.667858677628885,1.0,0.0,
0.9210746971089585,2.071910068637215,3.976930953574043,0.37423155422699916,0.6257684457730008,0.0,0.0,0.0,0.0,1.0,0.0,1.0,
0.6639176753379874,1.8926240683050533,-0.588017490217596,0.0,0.0,0.0,1.0,0.0,0.0,1.0,1.0,0.0,
0.7019215968178567,2.107085264015021,3.087486819053122,0.0,0.0,0.0,1.0,1.0,0.0,0.0,0.661434144251329,0.33856585574867104,
0.7190657219923118,-0.09179314969624852,1.708134024053508,1.0,0.0,0.0,0.0,1.0,0.0,0.0,0.7680560858399789,0.23194391416002114,
1.0347796391936155,0.4069696904884653,-0.588017490217596,0.2858368884469079,0.7141631115530921,0.0,0.0,0.0,1.0,0.0,1.0,0.0,
-0.547199379992892,2.123892069667366,2.152525881949478,0.0,0.0,0.0,1.0,0.0,1.0,0.0,1.0,0.0,
2.2211558987603777,1.3864257802483726,0.08269889713982836,0.0,0.0,0.0,1.0,0.0,1.0,0.0,0.0,1.0,
2.165933748852675,1.9701830869429182,4.337068559871458,0.0,0.0,1.0,0.0,0.0,1.0,0.0,0.35923379331843586,0.6407662066815641,
2.063030315497432,2.0675174088416526,0.9611896525807588,0.0,0.0,1.0,0.0,0.0,0.0,1.0,0.1288151347160349,0.8711848652839651,
1.153628605809487,1.6067527716438632,1.6851285607715418,0.0,1.0,0.0,0.0,0.0,0.0,1.0,1.0,0.0,
2.0946332336560927,2.4787329966284632,-0.588017490217596,0.0,0.0,0.0,1.0,0.0,0.0,1.0,1.0,0.0,
1.3494679561747753,0.5458335925548274,0.14061828854580133,0.0,0.0,1.0,0.0,0.0,1.0,0.0,1.0,0.0,
2.1789646506999696,2.4020330011104294,-0.588017490217596,0.0,0.0,0.0,1.0,0.0,0.0,1.0,1.0,0.0,
0.10949664255017284,2.235144125561901,-0.588017490217596,0.0,1.0,0.0,0.0,0.0,1.0,0.0,0.31093097807362713,0.6890690219263729,
0.16229324892501854,2.358398860435885,2.6455929716108253,0.0,0.03859091472926779,0.0,0.9614090852707322,0.0,1.0,0.0,0.0,1.0,
-0.5466538032876938,0.8877720357306091,-0.588017490217596,0.0,0.0,1.0,0.0,0.0,0.0,1.0,1.0,0.0,
2.066537278529896,2.011590725505916,-0.588017490217596,0.0,0.0,1.0,0.0,0.0,1.0,0.0,0.0,1.0,
-0.9263138160081591,1.0539837750054886,-0.588017490217596,0.0,0.0,0.0,1.0,0.0,0.529104325081344,0.470895674918656,0.0,1.0,
1.5723480910754541,2.016182406633397,-0.588017490217596,0.0,0.0,1.0,0.0,1.0,0.0,0.0,1.0,0.0,
0.7057980636385095,1.6565061226393663,-0.588017490217596,1.0,0.0,0.0,0.0,0.0,0.0,1.0,1.0,0.0,
1.0268448490455098,1.84733397274579,1.9342585324536345,0.0,1.0,0.0,0.0,0.0,0.0,1.0,1.0,0.0,
1.173674542340633,0.3867074725994103,-0.01734367764311151,0.0,0.0,1.0,0.0,0.0,1.0,0.0,1.0,0.0,
1.0957329312963386,1.3341044189388247,-0.588017490217596,1.0,0.0,0.0,0.0,0.0,1.0,0.0,0.0,1.0,
-0.18400011544135852,2.2123188734867685,-0.588017490217596,0.0,0.0,1.0,0.0,0.0,1.0,0.0,0.0,1.0,
0.996024570730887,0.7375016992862274,2.3576283989759683,0.0,0.0,0.0,1.0,0.0,1.0,0.0,1.0,0.0,
2.1905142577107704,1.4749377941170956,-0.588017490217596,0.0,0.0,0.0,1.0,0.0,0.0,1.0,1.0,0.0,
3.1937376820742074,1.7944442450546632,-0.588017490217596,0.0,0.0,0.0,1.0,0.0,0.0,1.0,1.0,0.0,
1.2901884813795954,2.1944213902366747,3.6819873814062563,0.0,1.0,0.0,0.0,0.0,0.0,1.0,0.0,1.0,
1.0613057076290218,2.431762008852546,-0.588017490217596,0.0,1.0,0.0,0.0,0.0,1.0,0.0,1.0,0.0,
-0.9916839388367351,1.0222488743616043,-0.588017490217596,0.05100418181094757,0.0,0.0,0.9489958181890524,0.0,1.0,0.0,0.0,1.0,
1.4375293568205243,1.1893257455915625,0.23894209992783377,0.0,0.0,0.0,1.0,0.0,0.0,1.0,1.0,0.0,
-0.33632473635682253,1.0343683348747457,-0.588017490217596,0.0,0.0,1.0,0.0,1.0,0.0,0.0,0.8769937420013139,0.12300625799868614,
2.7115646576393013,1.4724498919282925,1.8178958253626054,0.0,0.0,1.0,0.0,0.0,1.0,0.0,0.9388083054340876,0.06119169456591245,
1.3702505827925606,1.8454386125031728,-0.588017490217596,0.0,0.0,0.0,1.0,1.0,0.0,0.0,0.0,1.0,
1.1202544206317766,0.3502469155632708,2.20960578979511,1.0,0.0,0.0,0.0,0.877836093979784,0.12216390602021598,0.0,0.0,1.0,
2.058044270545887,2.1928918026802693,0.740787725775191,0.0,0.0,1.0,0.0,0.0,0.0,1.0,1.0,0.0,
-0.40343418443270984,1.7928658374132866,2.2346528213157044,0.3817964673499217,0.0,0.0,0.6182035326500783,0.0,1.0,0.0,1.0,0.0,
0.4841786538451346,1.1651514857376413,-0.4034570957251551,0.0,0.0,1.0,0.0,0.0,1.0,0.0,1.0,0.0,
0.32799564038987605,2.4756937106668127,5.199624126887187,0.0,0.0,0.0,1.0,0.4532204732357056,0.0,0.5467795267642944,1.0,0.0,
0.6346120968177236,0.9546836333971487,0.5297807559432285,1.0,0.0,0.0,0.0,0.0,0.0,1.0,1.0,0.0,
0.2403351720106478,1.6537061422432284,1.3276174544416914,0.0,0.0,0.37958430418686595,0.620415695813134,1.0,0.0,0.0,1.0,0.0,
2.1382980925535144,1.5575360320428269,-0.588017490217596,0.0,0.0,0.0,1.0,0.0,1.0,0.0,1.0,0.0,
0.9419078020505286,0.3475371237963632,-0.588017490217596,0.8340719450308699,0.1659280549691301,0.0,0.0,0.0,1.0,0.0,1.0,0.0,
0.6792731190542339,2.0577107742633145,-0.588017490217596,0.0,0.0,0.0,1.0,0.0,0.0,1.0,1.0,0.0,
3.465019318059184,2.5431578122672795,-0.588017490217596,0.0,0.9097034514839806,0.09029654851601943,0.0,0.0,0.0,1.0,1.0,0.0,
0.8005756888867961,0.8752395534019974,-0.588017490217596,0.0,0.0,1.0,0.0,1.0,0.0,0.0,0.0,1.0,
3.940976899490781,2.222275015132782,-0.588017490217596,0.0,0.0,0.0,1.0,0.0,0.0,1.0,1.0,0.0,
0.6716891601118931,0.6142354586643058,-0.588017490217596,0.0,0.0,0.0,1.0,1.0,0.0,0.0,0.8561861178076129,0.1438138821923871,
0.3184695392247112,1.2085777217737665,-0.588017490217596,0.0,1.0,0.0,0.0,0.0,0.0,1.0,1.0,0.0,
1.6258005749728117,1.0968738104999423,1.0617812415964827,0.0,0.0,1.0,0.0,0.23181338731583223,0.7681866126841678,0.0,1.0,0.0,
1.013761169743417,0.5804974100344488,0.8395390809384041,0.0,0.0,1.0,0.0,0.0,0.0,1.0,1.0,0.0,
1.8627977460784746,2.242690776015535,0.7857747838973883,0.0,0.0,1.0,0.0,0.23876018904153817,0.0,0.7612398109584618,1.0,0.0,
0.7283106092239191,0.8054431809876774,-0.588017490217596,1.0,0.0,0.0,0.0,0.0,0.0,1.0,1.0,0.0,
-0.3125509744579955,1.8088880173212958,-0.588017490217596,1.0,0.0,0.0,0.0,0.0,0.0,1.0,0.6410315165783051,0.35896848342169485,
1.3205640136767667,0.5879978257732831,-0.588017490217596,1.0,0.0,0.0,0.0,0.7345203859999317,0.0,0.26547961400006825,1.0,0.0,
-0.36187840440401153,2.0422096374247762,-0.588017490217596,0.0,0.0,1.0,0.0,0.0,1.0,0.0,1.0,0.0,
1.1617117663998082,1.9565450301469294,2.3583633390286884,0.0,1.0,0.0,0.0,0.0,0.0,1.0,0.8698726512584595,0.13012734874154053,
-0.749710981567967,1.185093356838279,-0.588017490217596,0.0,0.0,1.0,0.0,0.0,0.7701092552108262,0.22989074478917382,1.0,0.0,
2.249679798357562,1.3411533691277777,-0.588017490217596,0.0,0.0,0.0,1.0,0.0,1.0,0.0,1.0,0.0,
0.9213912152967847,1.800698963472744,-0.588017490217596,0.0,0.0,0.0,1.0,0.0,1.0,0.0,0.0,1.0,
0.4187257270553845,1.3571453257644712,-0.588017490217596,0.0,1.0,0.0,0.0,0.0,0.0,1.0,1.0,0.0,
0.8850184406952621,0.7667901261855875,2.4691683347826068,0.0,0.0,0.0,1.0,0.0,1.0,0.0,1.0,0.0,
1.6533909288637538,2.595321014065482,3.9758793268531076,0.0,1.0,0.0,0.0,0.0,1.0,0.0,1.0,0.0,
1.0012299124956734,1.9476838393535334,3.362338712727794,0.0,1.0,0.0,0.0,0.0,0.0,1.0,0.0,1.0,
1.1563847384038284,2.1828816635563513,4.226379707068617,0.0,1.0,0.0,0.0,0.0,0.0,1.0,0.0,1.0,
0.17957403335163602,1.7430550896040957,2.065228543139982,0.0,0.0,0.0,1.0,1.0,0.0,0.0,0.0,1.0,
2.0925028922845477,1.9318414466234288,-0.588017490217596,0.0,0.0,0.0,1.0,0.0,0.0,1.0,1.0,0.0,
1.942947444677941,1.793507636387037,-0.588017490217596,1.0,0.0,0.0,0.0,0.0,0.0,1.0,0.0,1.0,
1.5062045710848158,0.8910704762683778,-0.588017490217596,0.0,0.0,0.0,1.0,0.0,1.0,0.0,1.0,0.0,
0.9533851509588683,1.0671526171961736,-0.588017490217596,0.0,1.0,0.0,0.0,0.0,1.0,0.0,1.0,0.0,
0.140144463800978,2.4318708143306944,5.0676463702875925,0.0,0.0,0.0,1.0,1.0,0.0,0.0,0.665175253486602,0.334824746513398,
1.3874403310273975,1.1345395213610918,-0.588017490217596,1.0,0.0,0.0,0.0,0.0,0.0,1.0,1.0,0.0,
2.9043533123166165,1.6064916191516465,-0.588017490217596,0.0,0.0,0.0,1.0,0.0,0.0,1.0,1.0,0.0,
0.36011730284585713,0.8721042677235806,-0.588017490217596,1.0,0.0,0.0,0.0,0.0,0.0,1.0,1.0,0.0,
-0.7732859279616066,1.5935793859981953,-0.588017490217596,0.0,0.0,1.0,0.0,0.0,1.0,0.0,1.0,0.0,
-0.9768546329646125,0.899900065949658,2.9442514474771624,0.0,0.0,0.0,1.0,1.0,0.0,0.0,0.4823608766190526,0.5176391233809474,
-0.7967467543098888,1.474789196489108,3.173439269352579,0.0,1.0,0.0,0.0,0.0,0.6178738106428265,0.38212618935717346,1.0,0.0,
-0.3987911317326922,1.1780070453513969,-0.588017490217596,1.0,0.0,0.0,0.0,0.0,1.0,0.0,1.0,0.0,
0.9041251142584965,0.30847390247323503,-0.588017490217596,0.0,0.0,1.0,0.0,0.0,1.0,0.0,1.0,0.0,
0.49198058968588304,2.085902035028277,-0.588017490217596,1.0,0.0,0.0,0.0,0.0,0.0,1.0,1.0,0.0,
0.9039887024740654,2.1273525412605885,-0.588017490217596,0.0,0.0,0.0,1.0,0.0,1.0,0.0,1.0,0.0,
0.9564772459240936,1.89389385867972,-0.588017490217596,0.0,0.0,1.0,0.0,0.0,0.0,1.0,0.7558003773178696,0.24419962268213036,
-0.3637860562143655,1.827910516614366,3.1380869502054063,0.0,0.0,1.0,0.0,1.0,0.0,0.0,0.9218400142277701,0.07815998577222993,
1.7043396428264055,1.5670157866314227,-0.588017490217596,0.4673059781802118,0.0,0.5326940218197882,0.0,0.0,0.0,1.0,0.0,1.0,
0.8902947981685527,0.8715847924325751,-0.588017490217596,0.0,0.0,0.0,1.0,0.0,1.0,0.0,1.0,0.0,
3.1597165494689956,2.424257663555826,-0.588017490217596,0.0,0.0,1.0,0.0,0.0,0.0,1.0,1.0,0.0,
-0.21866701467817612,1.437975560824784,2.273477346383063,1.0,0.0,0.0,0.0,0.0,0.8680865368365018,0.13191346316349817,1.0,0.0,
1.0301372859280358,0.56935181199742,0.78269471925497,0.0,0.0,1.0,0.0,0.0,0.0,1.0,1.0,0.0,
-0.8315416159060418,1.2930004595387563,-0.17689321609690845,0.0,0.0,0.0,1.0,0.0,0.0,1.0,1.0,0.0,
1.1236288574494604,0.5806154285578139,-0.588017490217596,0.0,0.0,1.0,0.0,0.0,0.0,1.0,1.0,0.0,
1.9063158594686354,1.5887425652644853,-0.588017490217596,0.0,0.0,1.0,0.0,1.0,0.0,0.0,1.0,0.0,
1.1493124105986448,1.832351818696324,1.2262110745381594,0.0,1.0,0.0,0.0,0.0,0.0,1.0,1.0,0.0,
1.9288600710545034,2.5115702171674292,-0.588017490217596,0.0,1.0,0.0,0.0,0.0,1.0,0.0,1.0,0.0,
1.2997773355930544,1.0502344348206678,0.21428746651135983,0.0,1.0,0.0,0.0,0.0,1.0,0.0,0.0,1.0,
1.8206531977356084,0.9474039447754287,3.31910135246821,0.0,0.0,1.0,0.0,0.0,0.0,1.0,1.0,0.0,
0.8361010541903675,0.053240135051527644,-0.588017490217596,0.0,1.0,0.0,0.0,0.6240093957905897,0.37599060420941033,0.0,1.0,0.0,
3.222565424713051,1.767684678029576,-0.588017490217596,0.0,0.0,0.6108598003617629,0.3891401996382371,0.0,1.0,0.0,0.0,1.0,
0.5287088113576007,1.0506198757238836,-0.588017490217596,0.0,1.0,0.0,0.0,0.0,1.0,0.0,1.0,0.0,
0.9372039839268278,0.33965923161690104,-0.588017490217596,1.0,0.0,0.0,0.0,0.051810291868615965,0.948189708131384,0.0,1.0,0.0,
0.11022333631034612,1.4253152075290187,-0.588017490217596,0.0,1.0,0.0,0.0,0.0,1.0,0.0,1.0,0.0,
0.5110761087118024,2.2620572576910187,-0.39152673524097137,1.0,0.0,0.0,0.0,0.0,0.0,1.0,1.0,0.0,
0.9384528415575806,0.22939001636239909,-0.588017490217596,0.0,0.0,1.0,0.0,0.0,1.0,0.0,1.0,0.0,
1.7407637843430794,1.4835856433779018,-0.588017490217596,0.0,0.0,0.0,1.0,0.0,1.0,0.0,1.0,0.0,
1.183601709440238,0.5526247717070888,-0.588017490217596,1.0,0.0,0.0,0.0,1.0,0.0,0.0,0.3556079916743754,0.6443920083256246,
1.8247269932145909,1.8478050229970577,-0.588017490217596,1.0,0.0,0.0,0.0,0.0,0.0,1.0,0.0,1.0,
0.7069419515653383,2.2803330300106266,2.314964505661329,0.0,0.0,1.0,0.0,0.0,0.3316608650062577,0.6683391349937423,1.0,0.0,
0.33975718201445587,1.7073406715438746,3.0175304345958947,0.0,0.0,1.0,0.0,1.0,0.0,0.0,1.0,0.0,
0.37423593031391683,1.7981299771679384,2.2732520102511478,0.0,0.0,0.0,1.0,0.0,1.0,0.0,0.0,1.0,
1.0544998287122762,1.5670306051975738,1.3248132221460105,0.0,0.0,1.0,0.0,1.0,0.0,0.0,1.0,0.0,
0.4934629450014083,2.2808769522800745,0.8273120297197724,1.0,0.0,0.0,0.0,0.0,0.0,1.0,1.0,0.0,
1.2110959120990863,2.0472361198161173,3.197357386290558,0.0,1.0,0.0,0.0,0.0,0.0,1.0,0.0,1.0,
1.8115766962421107,1.2413508631570769,-0.588017490217596,0.0,0.0,1.0,0.0,1.0,0.0,0.0,1.0,0.0,
0.8413546911091245,1.4018321252333268,3.9422539984977356,0.0,0.0,1.0,0.0,1.0,0.0,0.0,1.0,0.0,
1.6342066408712212,1.8617548546753893,-0.588017490217596,1.0,0.0,0.0,0.0,0.0,0.0,1.0,0.0,1.0,
0.7443978487170974,1.190890628630813,-0.588017490217596,0.0,0.0,1.0,0.0,0.0,0.0,1.0,1.0,0.0,
-0.8256507300029252,2.44585647214153,0.8129486568184966,0.0,0.0,0.0,1.0,0.0,0.0,1.0,0.5325617653714535,0.4674382346285465,
0.8295602427918292,0.5125980513496181,2.1346437023528697,1.0,0.0,0.0,0.0,0.40983413673948643,0.5901658632605136,0.0,0.0,1.0,
-0.8684505611463456,1.07032940665123,2.7259988770400327,0.0,0.0,0.0,1.0,1.0,0.0,0.0,0.7291765600247789,0.27082343997522107,
0.4226347423446647,1.3888589265868192,-0.588017490217596,0.0,1.0,0.0,0.0,0.0,0.0,1.0,1.0,0.0,
1.0452137024534538,0.7671194440047697,2.1786376400720244,0.0,0.10909013612400531,0.0,0.8909098638759947,0.0,1.0,0.0,1.0,0.0,
0.9995293218264292,1.3814933014560233,-0.588017490217596,0.0,0.0,1.0,0.0,0.0,1.0,0.0,1.0,0.0,
1.2170874401332652,0.3193607027867061,2.207198053288329,1.0,0.0,0.0,0.0,0.9469925150840033,0.0,0.053007484915996717,0.053007484915996717,0.9469925150840033,
-0.6882044136754885,1.131847826070752,2.401850152038103,0.0,0.0,0.0,1.0,1.0,0.0,0.0,0.3745040712218156,0.6254959287781844,
2.0181901781280636,0.8082203252588194,1.4368431281262735,0.0,1.0,0.0,0.0,0.0,0.0,1.0,0.0,1.0,
2.723336060961344,1.4302822817390035,-0.588017490217596,0.0,0.0,0.0,1.0,0.0,0.0,1.0,1.0,0.0,
0.5933707742640915,1.0617442633697145,-0.588017490217596,0.0,0.0,1.0,0.0,0.0,1.0,0.0,1.0,0.0,
0.8397962848893668,1.7099557491677597,-0.588017490217596,0.0,0.0,1.0,0.0,0.0,0.0,1.0,1.0,0.0,
0.5709865253769885,1.1021396792917193,-0.588017490217596,0.0,0.0,1.0,0.0,0.0,1.0,0.0,1.0,0.0,
2.4103946415740247,2.1320446930334973,0.03524021477602246,0.0,1.0,0.0,0.0,0.0,0.0,1.0,0.0,1.0,
-0.34542452455656336,1.0198311941116467,-0.588017490217596,1.0,0.0,0.0,0.0,0.0,1.0,0.0,0.0,1.0,
2.867114277516775,1.5529618612134821,-0.588017490217596,0.0,0.0,0.0,1.0,0.0,0.0,1.0,1.0,0.0,
1.7522152666884465,1.790690354453233,-0.588017490217596,1.0,0.0,0.0,0.0,0.0,0.0,1.0,0.0,1.0,
1.2815788260255354,1.1643790179046214,1.4097035454550682,0.0,1.0,0.0,0.0,0.0,0.7478072333339165,0.2521927666660835,1.0,0.0,
3.203172443829787,2.3892840414991126,3.1901256049349476,0.0,0.38586005250962163,0.0,0.6141399474903784,0.0,1.0,0.0,1.0,0.0,
-0.6168351865012067,1.0883285904334394,2.285356207760728,0.0,0.0,0.0,1.0,1.0,0.0,0.0,0.0,1.0,
0.9702665061545818,2.3723432541281424,1.8427908287764305,0.0,1.0,0.0,0.0,0.0,0.8739549822602143,0.12604501773978571,1.0,0.0,
2.0234198706683975,1.254277463649015,-0.588017490217596,0.0,0.0,0.0,1.0,0.0,1.0,0.0,1.0,0.0,
-0.2697696190238391,1.218487477933498,-0.588017490217596,0.0,0.0,1.0,0.0,0.0,0.0,1.0,1.0,0.0,
-0.04330938310088728,1.312077688731662,-0.588017490217596,0.0,1.0,0.0,0.0,0.0,0.0,1.0,1.0,0.0,
-0.2113188912963815,1.0069409770928506,-0.588017490217596,0.0,0.0,1.0,0.0,1.0,0.0,0.0,0.5607395424434136,0.4392604575565864,
-0.9598966034272572,0.8282758678486575,2.927273869273471,0.0,0.0,0.0,1.0,1.0,0.0,0.0,0.18204422835546874,0.8179557716445313,
1.4855409721732968,1.558618853086914,-0.588017490217596,0.0,0.0,1.0,0.0,0.0,1.0,0.0,1.0,0.0,
0.3900886719691409,1.29117155525358,-0.588017490217596,0.0,1.0,0.0,0.0,0.0,0.0,1.0,1.0,0.0,
1.170802900337734,1.0282180692604537,-0.588017490217596,0.0,0.0,0.0,1.0,0.0,1.0,0.0,1.0,0.0,
2.5213846446734802,2.277248384435914,-0.588017490217596,1.0,0.0,0.0,0.0,0.0,0.0,1.0,0.0,1.0,
1.5558505388347998,2.16811988781906,4.966146070327253,0.0,0.05709775046831944,0.9429022495316806,0.0,0.0,1.0,0.0,1.0,0.0,
0.29118550629634216,1.2190538369655861,-0.588017490217596,0.0,1.0,0.0,0.0,0.0,0.0,1.0,1.0,0.0,
0.9510766215694857,2.2861776705496992,-0.588017490217596,0.0,0.0,0.0,1.0,0.3129598261369432,0.6870401738630568,0.0,0.0,1.0,
0.5721947841196703,0.6674673400656037,-0.588017490217596,0.0,0.0,0.0,1.0,1.0,0.0,0.0,1.0,0.0,
-0.1556501656954811,0.824932705382591,-0.588017490217596,0.0,0.0,0.0,1.0,0.0,1.0,0.0,1.0,0.0,
2.1145834586974184,1.1171457920460484,1.7296243492389671,0.0,1.0,0.0,0.0,0.0,0.0,1.0,0.0,1.0,
0.7028997422124195,0.7562786235540205,-0.588017490217596,0.0,1.0,0.0,0.0,0.0,0.0,1.0,1.0,0.0,
-0.19901317214676262,0.8297642461031406,-0.588017490217596,0.0,0.0,0.0,1.0,1.0,0.0,0.0,1.0,0.0,
1.7055956788222968,1.8456410156383027,-0.588017490217596,0.0,0.0,1.0,0.0,1.0,0.0,0.0,1.0,0.0,
1.0702555038974164,0.4240388823561134,-0.588017490217596,0.0,1.0,0.0,0.0,0.0,1.0,0.0,1.0,0.0,
3.8757257041112356,2.2867964164938104,-0.588017490217596,0.9089932793082778,0.0,0.09100672069172222,0.0,0.0,0.0,1.0,1.0,0.0,
0.9587298156516307,0.4581217962711976,-0.337776748886681,0.0,1.0,0.0,0.0,0.0,0.0,1.0,1.0,0.0,
2.114717719190041,2.212335705156303,-0.588017490217596,0.0,0.0,0.0,1.0,0.0,0.0,1.0,1.0,0.0,
0.8332909989558561,0.04214475271605354,-0.588017490217596,0.0,0.0,1.0,0.0,0.0,1.0,0.0,1.0,0.0,
0.9675149866068995,1.1354673213287543,0.16276848619094814,0.0,0.0,1.0,0.0,0.0,0.0,1.0,1.0,0.0,
0.8222392164985551,2.290921491852813,4.836710629263929,0.8841803192358152,0.0,0.0,0.11581968076418481,0.0,0.0,1.0,0.11581968076418481,0.8841803192358152,
1.3210944236787006,1.0062904529241132,-0.04565555349502298,0.0,1.0,0.0,0.0,0.0,0.0,1.0,1.0,0.0,
2.23046777007675,1.897573120532051,-0.588017490217596,1.0,0.0,0.0,0.0,0.0,0.0,1.0,0.0,1.0,
2.662429383175432,1.3164575485591743,-0.0011275934682148936,1.0,0.0,0.0,0.0,0.0,0.0,1.0,1.0,0.0,
2.3649449234908437,1.5367727039704304,-0.588017490217596,0.0,0.0,0.0,1.0,1.0,0.0,0.0,1.0,0.0,
0.43216362354246113,1.2572968647651124,-0.588017490217596,0.0,1.0,0.0,0.0,0.0,1.0,0.0,1.0,0.0,
1.6444123833647952,1.4246732115340024,-0.588017490217596,0.0,1.0,0.0,0.0,0.0,0.0,1.0,1.0,0.0,
0.5703337845223416,1.034294548944029,-0.588017490217596,0.0,1.0,0.0,0.0,0.0,0.0,1.0,1.0,0.0,
2.3798549707531187,2.1576949967063754,-0.588017490217596,1.0,0.0,0.0,0.0,0.0,0.0,1.0,0.0,1.0,
0.8401452323390171,1.8293405755089382,-0.588017490217596,0.0,0.0,0.0,1.0,0.0,0.0,1.0,1.0,0.0,
2.3018486411792747,1.8461846541665516,-0.588017490217596,0.0,0.0,1.0,0.0,0.0,1.0,0.0,1.0,0.0,
-0.703477793881739,2.569893014211028,1.6840541603531483,0.0,0.33493630322018164,0.0,0.6650636967798184,0.0,0.0,1.0,0.0,1.0,
0.7176603467368169,0.7083874329435722,-0.588017490217596,0.0,0.0,0.0,1.0,0.0,0.0,1.0,1.0,0.0,
1.45196247743752,1.2860133840171941,1.5357896701528602,0.0,1.0,0.0,0.0,0.0,0.0,1.0,1.0,0.0,
1.736901889627397,1.1857978630279145,-0.588017490217596,0.0,0.0,1.0,0.0,1.0,0.0,0.0,1.0,0.0,
-0.911127312987866,1.6308643196677703,-0.588017490217596,0.0,0.0,0.0,1.0,0.0,0.0,1.0,0.3830901412550126,0.6169098587449874,
2.65245333001393,2.1011575986632596,2.4290098867610332,0.0,1.0,0.0,0.0,0.0,1.0,0.0,1.0,0.0,
1.3262760051131548,1.086072322166591,0.17415690481154228,0.0,1.0,0.0,0.0,0.0,0.0,1.0,1.0,0.0,
3.385040867056236,2.510637075543257,-0.588017490217596,0.0,1.0,0.0,0.0,0.0,0.0,1.0,1.0,0.0,
0.837966305991768,0.38989739263938256,-0.588017490217596,1.0,0.0,0.0,0.0,0.0,0.0,1.0,1.0,0.0,
4.527697860794958,2.7562923041295373,-0.588017490217596,0.07268162652730126,0.0,0.9273183734726987,0.0,0.0,0.07268162652730126,0.9273183734726987,1.0,0.0,
0.34912769820150014,1.2511669515806048,-0.588017490217596,0.0,1.0,0.0,0.0,0.0,0.0,1.0,1.0,0.0,
1.0537036821992993,1.2810502179564698,1.1752179665061593,0.0,1.0,0.0,0.0,0.0,0.1592076385826795,0.8407923614173205,1.0,0.0,
1.8765319014846684,2.4416599438983844,-0.588017490217596,0.0,1.0,0.0,0.0,0.0,1.0,0.0,1.0,0.0,
-0.6785068217195518,2.56869451662496,1.7074914333739386,0.0,0.3625751226622934,0.0,0.6374248773377066,0.0,0.0,1.0,0.0,1.0,
0.287480861637282,1.0646309766641284,1.2198955794522934,0.0,0.0,1.0,0.0,0.0,0.5458644617948435,0.4541355382051565,1.0,0.0,
1.0201097614450538,0.8961705053003054,-0.588017490217596,0.0,0.0,0.0,1.0,0.0,1.0,0.0,1.0,0.0,
2.0686577811801143,1.3291957628382838,-0.588017490217596,0.0,0.0,0.0,1.0,0.18271392771972905,0.0,0.817286072280271,0.0,1.0,
0.6336854733512016,2.306615871087836,-0.588017490217596,0.0,1.0,0.0,0.0,0.0,1.0,0.0,1.0,0.0,
0.7948548423863272,1.8174064346728134,-0.386248218778782,1.0,0.0,0.0,0.0,0.0,1.0,0.0,0.0,1.0,
3.2607034282748923,2.1196166335338393,4.67160426980707,0.5798733426116057,0.4201266573883943,0.0,0.0,0.0,0.0,1.0,1.0,0.0,
0.9579309417245973,0.7010753406088495,0.45323979721695673,0.0,0.0,1.0,0.0,0.0,1.0,0.0,1.0,0.0,
1.0584826860728873,2.391419760857706,4.776759310625649,0.7072496715390802,0.0,0.0,0.29275032846091975,0.0,0.0,1.0,0.0,1.0,
-0.23703481265762177,2.3726995258170427,1.933995908151779,0.0,0.0,1.0,0.0,0.3843278940566973,0.0,0.6156721059433027,1.0,0.0,
1.8094820506879175,1.3356976201162327,-0.588017490217596,1.0,0.0,0.0,0.0,0.0,0.0,1.0,1.0,0.0,
0.8264118862673555,2.1954905871562174,4.50449472540304,0.7095160046348339,0.2904839953651661,0.0,0.0,0.0,0.0,1.0,0.0,1.0,
2.037047921485648,2.275898292399771,4.936036564615775,0.0,0.41216943099725234,0.5878305690027477,0.0,0.0,1.0,0.0,1.0,0.0,
-0.7677746013513684,0.8266296552463538,2.466695980081651,0.0,0.03672041907215051,0.0,0.9632795809278495,0.0,0.0,1.0,1.0,0.0,
-0.9898743605080821,2.5719687426337696,1.3472907189003316,0.0,0.0,0.0,1.0,0.0,0.0,1.0,0.04784457805176645,0.9521554219482335,
2.83344494393312,1.6659609244491116,3.067417505112799,0.0,0.0,0.0,1.0,0.8340357653968947,0.16596423460310528,0.0,1.0,0.0,
-0.7372039307593126,1.1996132222792382,-0.588017490217596,0.0,0.0,1.0,0.0,1.0,0.0,0.0,1.0,0.0,
1.417698747863697,2.4342998748397178,-0.588017490217596,0.0,1.0,0.0,0.0,0.0,1.0,0.0,1.0,0.0,
1.765173711419532,1.8496634643914345,0.5612747381497234,1.0,0.0,0.0,0.0,0.0,1.0,0.0,0.0,1.0,
0.4196640639490685,0.8104586549149286,-0.588017490217596,0.0,1.0,0.0,0.0,0.0,0.0,1.0,1.0,0.0,
1.9911422427605656,2.04238135599819,1.024213923328067,0.0,0.0,1.0,0.0,0.0,0.24192477726173578,0.7580752227382642,0.0,1.0,
1.6240053460770836,1.950067137517203,-0.588017490217596,0.0,0.0,1.0,0.0,1.0,0.0,0.0,1.0,0.0,
0.8888836778094131,1.072708002279947,-0.588017490217596,0.0,1.0,0.0,0.0,0.0,1.0,0.0,1.0,0.0,
0.8146045521382916,-0.0054834577163166975,0.9010993248487736,1.0,0.0,0.0,0.0,1.0,0.0,0.0,1.0,0.0,
0.46936768757720637,2.210820545055741,4.564767435966263,0.0,1.0,0.0,0.0,0.0,1.0,0.0,1.0,0.0,
2.2150579339911385,1.5324372835673183,-0.588017490217596,0.0,0.0,0.3910963762430322,0.6089036237569678,1.0,0.0,0.0,1.0,0.0,
1.046989244593833,0.6673276974341577,-0.588017490217596,0.0,0.0,1.0,0.0,0.0,0.0,1.0,1.0,0.0,
-0.5095234368974974,1.1826340995163305,-0.588017490217596,0.24124049734223718,0.0,0.7587595026577628,0.0,0.0,1.0,0.0,0.0,1.0,
-0.9915683551795017,1.456357459604339,-0.588017490217596,0.0,1.0,0.0,0.0,0.0,0.0,1.0,1.0,0.0,
-0.8840749542437767,1.0649967658085255,2.7540972701126507,0.0,0.0,0.0,1.0,1.0,0.0,0.0,0.7599208642091317,0.24007913579086826,
1.071170418179393,0.7250997690941894,1.9592438737322877,0.0,1.0,0.0,0.0,0.0,0.0,1.0,1.0,0.0,
0.5737399319265652,1.2140354200866037,1.9029119161158972,0.0,0.0,0.0,1.0,0.0,1.0,0.0,0.0,1.0,
0.294147378826328,1.5521728273220732,-0.588017490217596,0.0,0.0,1.0,0.0,0.0,1.0,0.0,0.0,1.0,
0.7487488778187044,0.9485358234387854,1.938341492768364,0.0,0.0,0.0,1.0,0.0,1.0,0.0,0.2967220207935254,0.7032779792064746,
-0.24234292525329298,0.7549094622327271,-0.588017490217596,0.0,0.0,0.0,1.0,1.0,0.0,0.0,1.0,0.0,
0.8462971551677366,1.9655098457176787,-0.588017490217596,1.0,0.0,0.0,0.0,0.0,0.0,1.0,1.0,0.0,
2.1756023787104866,1.4593253292526833,1.067004085892332,0.927309292106368,0.0,0.07269070789363197,0.0,0.0,1.0,0.0,0.0,1.0,
1.1708494418952358,0.3078679284935755,2.054078841262028,0.7761024306453082,0.0,0.22389756935469185,0.0,0.7761024306453082,0.22389756935469185,0.0,0.0,1.0,
1.9808619956547957,0.9271070869187479,1.2157510737561636,0.0,1.0,0.0,0.0,0.0,0.0,1.0,0.0,1.0,
3.59351798820242,2.247405794193085,4.798096185806951,0.25243175804613127,0.7475682419538687,0.0,0.0,0.0,0.0,1.0,1.0,0.0,
-0.3568316927296776,1.2889918244300647,3.4022086224521426,0.0,0.7500964651036975,0.0,0.24990353489630246,0.0,1.0,0.0,1.0,0.0,
1.856063562472669,1.9364601140268003,-0.26594659513427543,0.0,0.0,1.0,0.0,0.0,1.0,0.0,0.0,1.0,
0.8151815733156305,0.8568040970806032,-0.588017490217596,0.0,1.0,0.0,0.0,0.0,0.0,1.0,1.0,0.0,
0.4949568093052017,1.5229307500029177,3.4550759641509274,0.0,0.0,0.0,1.0,0.47248430270254727,0.5275156972974527,0.0,1.0,0.0,
2.3519773494088727,1.3804320538980293,-0.588017490217596,0.0,0.0,0.0,1.0,0.0,1.0,0.0,1.0,0.0,
-1.0443382890073016,2.069307675564099,-0.588017490217596,1.0,0.0,0.0,0.0,0.0,0.08063589690621686,0.9193641030937831,1.0,0.0,
1.0545906894890453,0.2436911976305219,-0.2586215385522309,0.0,0.0,1.0,0.0,0.0,1.0,0.0,1.0,0.0,
0.8060519475960419,0.8127029154694141,-0.588017490217596,0.0,0.0,1.0,0.0,0.0,0.0,1.0,1.0,0.0,
0.8380659603936035,0.3777535141563888,-0.588017490217596,0.0,1.0,0.0,0.0,0.0,0.0,1.0,1.0,0.0,
1.2745193661863294,1.3052131493087287,0.6607463162398272,0.0,1.0,0.0,0.0,0.0,0.0,1.0,1.0,0.0,
1.1619281772847867,2.049595370354377,-0.588017490217596,0.0,0.0,0.0,1.0,0.0,1.0,0.0,1.0,0.0,
1.8322423207976088,1.932798400555354,-0.588017490217596,0.0,0.0,0.0,1.0,0.0,0.0,1.0,1.0,0.0,
-0.7313646416311586,1.60199610956663,-0.588017490217596,0.0,0.0,1.0,0.0,0.0,1.0,0.0,0.0,1.0,
0.7544055936765779,1.315918256944373,-0.588017490217596,0.0,0.0,0.0,1.0,0.0,1.0,0.0,1.0,0.0,
0.9104522506845354,0.5926113943053172,2.136157268507743,0.0,1.0,0.0,0.0,0.0,0.0,1.0,1.0,0.0,
-0.8171949151569201,1.3462763988493653,-0.588017490217596,0.0,0.0,0.3451180594858022,0.6548819405141978,1.0,0.0,0.0,1.0,0.0,
1.6239703878234855,1.4169465212957206,-0.46703984454859127,0.0,1.0,0.0,0.0,0.0,0.0,1.0,1.0,0.0,
1.2215701363934717,2.0144081295640053,-0.588017490217596,0.0,0.0,0.0,1.0,0.0,1.0,0.0,1.0,0.0,
1.2981851859063902,2.1421355143630048,4.9446658801715975,0.0,0.13303144220178076,0.8669685577982192,0.0,0.0,1.0,0.0,1.0,0.0,
2.053481148028323,1.164945538328878,-0.0065042923145510745,0.0,0.0,0.0,1.0,1.0,0.0,0.0,1.0,0.0,
1.1131544185724838,2.481760277573925,1.6377126979198773,0.0,1.0,0.0,0.0,0.0,0.5782566321537239,0.4217433678462761,1.0,0.0,
2.130879620675142,1.6951455813441276,-0.588017490217596,0.0,0.0,1.0,0.0,0.0,1.0,0.0,1.0,0.0,
0.7289749856415626,0.8859119054749827,1.7205076475221484,0.0,0.0,0.21585877994204739,0.7841412200579526,0.0,1.0,0.0,0.0,1.0,
2.4393106067525943,2.552220988383125,-0.588017490217596,0.0,0.0,1.0,0.0,0.0,0.0,1.0,1.0,0.0,
0.7934408413753719,0.4874043074280994,0.8037171191446779,1.0,0.0,0.0,0.0,0.0,0.0,1.0,1.0,0.0,
0.17352606103657175,1.317756149665045,-0.588017490217596,0.0,0.0,1.0,0.0,0.0,1.0,0.0,1.0,0.0,
1.2659762574568303,2.500258691504227,-0.588017490217596,0.0,1.0,0.0,0.0,0.0,1.0,0.0,1.0,0.0,
1.464652580995444,1.0424857143811381,1.2321215657211302,0.0,1.0,0.0,0.0,0.0,0.0,1.0,0.5152947342830223,0.4847052657169777,
-0.6033809660907902,0.8055891848692505,2.119242678381887,0.0,0.5219393869615724,0.0,0.4780606130384276,0.0,0.0,1.0,1.0,0.0,
-0.6485095193417154,0.7938979068471141,-0.588017490217596,0.0,0.0,0.0,1.0,1.0,0.0,0.0,1.0,0.0,
0.7466870029875662,0.49375815176701754,-0.588017490217596,0.0,0.0,0.0,1.0,0.0,0.0,1.0,1.0,0.0,
1.0348003248411182,1.2792430919706899,0.6191430550440932,0.0,0.0,1.0,0.0,0.0,0.0,1.0,1.0,0.0,
0.5611339028868361,2.5987795109747296,5.223937357795835,0.0,0.0,0.0,1.0,0.96931302264462,0.0,0.030686977355379952,1.0,0.0,
0.7869135404183536,0.7124700671735944,-0.588017490217596,0.0,0.0,1.0,0.0,0.0,1.0,0.0,1.0,0.0,
-0.4351061605211839,1.5980033907598266,-0.588017490217596,1.0,0.0,0.0,0.0,0.0,1.0,0.0,1.0,0.0,
-0.4517612928983598,0.9678405735265581,-0.588017490217596,1.0,0.0,0.0,0.0,0.0,1.0,0.0,1.0,0.0,
2.2694872241363266,1.4787051017150057,2.869986992795619,0.0,0.0,0.0,1.0,0.5004682541532571,0.0,0.49953174584674287,1.0,0.0,
0.8919945981772468,2.383004846819492,-0.588017490217596,0.9034627297769321,0.0965372702230679,0.0,0.0,0.0,1.0,0.0,1.0,0.0,
3.059551587451311,1.832238365889507,-0.588017490217596,0.0,0.0,0.0,1.0,0.0,0.0,1.0,1.0,0.0,
0.2003348155139011,1.4175767316342147,-0.588017490217596,0.0,0.0,1.0,0.0,0.0,0.0,1.0,1.0,0.0,
0.6576037938683177,1.9814978310627844,-0.588017490217596,0.0,1.0,0.0,0.0,0.0,0.0,1.0,1.0,0.0,
3.22327852715068,1.811458223341743,-0.588017490217596,0.0,0.0,0.0,1.0,0.0,0.0,1.0,1.0,0.0,
0.7595051508776323,-0.10835840008783577,-0.15708237734147223,0.0,1.0,0.0,0.0,1.0,0.0,0.0,1.0,0.0,
0.08841873498059125,1.7983361199871226,-0.588017490217596,0.0,1.0,0.0,0.0,0.0,1.0,0.0,1.0,0.0,
1.2654889460509602,2.0806521586141,3.141086458597745,0.0,1.0,0.0,0.0,0.0,0.0,1.0,0.0,1.0,
0.6863732475256191,0.6598536251992493,-0.588017490217596,0.0,0.0,0.0,1.0,1.0,0.0,0.0,1.0,0.0,
3.478263521442755,2.5177312558937333,-0.588017490217596,0.0,0.792429956933401,0.20757004306659899,0.0,0.0,0.0,1.0,1.0,0.0,
-0.7659662188853347,1.6451749481854097,-0.588017490217596,0.0,0.0,1.0,0.0,0.0,1.0,0.0,0.0,1.0,
2.482044002098627,2.0517730088847497,-0.588017490217596,0.0,0.0,1.0,0.0,0.0,0.0,1.0,1.0,0.0,
0.38852595635022413,2.2658997808891472,-0.588017490217596,1.0,0.0,0.0,0.0,0.0,0.0,1.0,0.0,1.0,
0.947555846827696,0.1372044545674989,-0.588017490217596,0.0,0.0,1.0,0.0,0.0,1.0,0.0,1.0,0.0,
1.259667822231067,1.207650403233007,-0.588017490217596,0.0,0.0,1.0,0.0,0.0,0.0,1.0,0.0,1.0,
1.7733027389472098,1.3524005178406842,-0.588017490217596,0.0,0.0,0.0,1.0,0.0,1.0,0.0,1.0,0.0,
0.9750011661830291,2.096556205584212,2.52670369768385,0.0,1.0,0.0,0.0,0.0,0.0,1.0,1.0,0.0,
1.1118078677219794,1.891184999117475,-0.588017490217596,0.0,0.0,0.0,1.0,0.0,1.0,0.0,1.0,0.0,
0.880707880499637,0.5953257209606992,-0.588017490217596,1.0,0.0,0.0,0.0,1.0,0.0,0.0,0.0,1.0,
-0.9331042255774459,1.6465355716303829,-0.588017490217596,0.0,0.0,0.0,1.0,0.0,0.0,1.0,0.3274904139269741,0.6725095860730259,
-0.30063949687795,2.291626706420243,-0.588017490217596,0.0,0.0,1.0,0.0,0.7506991761515955,0.24930082384840446,0.0,0.0,1.0,
1.1958275012492217,1.9986641255458104,2.43355744136119,0.0,1.0,0.0,0.0,0.0,0.0,1.0,1.0,0.0,
1.5167873206130773,1.0220475269343259,-0.588017490217596,0.0,0.0,1.0,0.0,1.0,0.0,0.0,1.0,0.0,
1.054607016117015,0.7931005942217831,-0.588017490217596,0.0,0.0,0.0,1.0,0.0,1.0,0.0,1.0,0.0,
2.057878073962482,1.1602780528469219,-0.588017490217596,1.0,0.0,0.0,0.0,0.0,0.0,1.0,1.0,0.0,
1.7350762893639065,0.9068558233003111,-0.588017490217596,0.0,0.0,0.0,1.0,0.0,1.0,0.0,1.0,0.0,
3.5242615283419982,2.5194088982876366,-0.588017490217596,0.15371718936769652,0.8462828106323035,0.0,0.0,0.0,0.0,1.0,1.0,0.0,
1.5635307328803738,1.3596096752666287,-0.588017490217596,0.0,0.0,0.5012715388012446,0.49872846119875536,0.0,0.0,1.0,0.0,1.0,
0.5086038301812361,2.0618115234713725,-0.588017490217596,0.0,0.0,1.0,0.0,0.0,0.0,1.0,0.4034611057063442,0.5965388942936558,
2.441385775975243,1.611724004880294,1.8793685202818151,0.6105300009686806,0.3894699990313194,0.0,0.0,0.0,0.0,1.0,0.0,1.0,
1.5047508103433016,1.9777490110388833,-0.1447594604889969,1.0,0.0,0.0,0.0,0.0,1.0,0.0,0.0,1.0,
0.20747188264828342,2.1827485569707585,4.857434884612787,0.0,0.8135800627681691,0.0,0.18641993723183092,0.18641993723183092,0.8135800627681691,0.0,1.0,0.0,
0.6710030771712372,1.0125036889824015,1.843827049965881,0.0,0.0,0.0,1.0,0.0,1.0,0.0,0.10003173050458192,0.8999682694954181,
0.9944737869945377,0.11816027131699772,-0.588017490217596,0.0,0.0,1.0,0.0,0.0,1.0,0.0,1.0,0.0,
1.9641612756155313,1.895363041922615,1.3190525157646245,0.0,0.0,1.0,0.0,0.0,1.0,0.0,0.24217300325805402,0.757826996741946,
-0.23042325982658998,0.878909008274954,-0.588017490217596,0.0,0.0,0.45270076726248876,0.5472992327375112,1.0,0.0,0.0,1.0,0.0,
1.0001094595872422,0.7960177072414953,-0.588017490217596,0.0,0.0,0.0,1.0,0.0,1.0,0.0,1.0,0.0,
2.4925678312460677,1.5892857029246903,3.1238862575274124,0.0,0.0,0.38776508795695563,0.6122349120430444,1.0,0.0,0.0,1.0,0.0,
-0.9862101845891329,1.3691667976558979,-0.588017490217596,0.0,1.0,0.0,0.0,0.0,0.0,1.0,1.0,0.0,
1.7188679633280326,1.711581720967076,-0.588017490217596,0.0,0.0,0.0,1.0,1.0,0.0,0.0,0.0,1.0,
-0.039586592950041924,2.084485581236618,-0.588017490217596,0.0,1.0,0.0,0.0,0.0,1.0,0.0,1.0,0.0,
0.1558633953485517,1.3434311182970533,-0.588017490217596,0.0,1.0,0.0,0.0,0.0,1.0,0.0,1.0,0.0,
0.5663864760221731,1.7428403712266156,2.0875094631699307,0.0,0.0,1.0,0.0,0.0,0.0,1.0,1.0,0.0,
-0.3368051149847758,1.0361009735901878,-0.588017490217596,0.0,1.0,0.0,0.0,0.0,0.0,1.0,1.0,0.0,
0.7463853042379269,0.8582976227310566,-0.588017490217596,0.0,0.0,1.0,0.0,0.0,0.0,1.0,1.0,0.0,
4.3593745604925624,2.6128016752861307,-0.588017490217596,1.0,0.0,0.0,0.0,0.0,0.7290085595245721,0.2709914404754279,1.0,0.0,
1.9362518273399172,2.3226927858320554,-0.588017490217596,0.0,1.0,0.0,0.0,0.0,1.0,0.0,1.0,0.0,
1.862987535074327,0.9245638291925207,-0.588017490217596,0.0,0.0,0.0,1.0,0.0,1.0,0.0,1.0,0.0,
1.8862556673108541,1.3772902903211726,-0.588017490217596,0.0,0.0,0.7783750689747765,0.22162493102522351,1.0,0.0,0.0,0.0,1.0,
0.7911627048745797,2.353967904259866,-0.588017490217596,0.45704446862188375,0.5429555313781163,0.0,0.0,0.0,1.0,0.0,1.0,0.0,
0.6892999511512748,0.9572589626096358,-0.588017490217596,0.0,1.0,0.0,0.0,0.0,0.0,1.0,1.0,0.0,
1.8789476792972244,1.2761532486981149,-0.588017490217596,0.0,0.0,0.0,1.0,1.0,0.0,0.0,0.0,1.0,
0.34988371503820404,1.7665517382435212,-0.588017490217596,0.43048408713094244,0.5695159128690576,0.0,0.0,0.0,1.0,0.0,0.0,1.0,
-0.7030053086482684,1.566606882849901,-0.588017490217596,0.0,0.0,1.0,0.0,0.0,1.0,0.0,0.0,1.0,
-0.17807520961061868,1.32313170879097,2.2991153245550393,0.9519355849335008,0.0,0.0,0.048064415066499167,0.0,1.0,0.0,1.0,0.0,
2.349824821987667,1.1906787127136402,-0.588017490217596,0.0,0.0,0.0,1.0,0.0,0.0,1.0,1.0,0.0,
0.543518115461001,2.3428995697596893,-0.588017490217596,0.8606347576724059,0.0,0.13936524232759406,0.0,0.0,0.0,1.0,0.0,1.0,
1.474984399253907,1.295088877807851,-0.588017490217596,0.0,0.0,0.0,1.0,0.0,1.0,0.0,0.0,1.0,
3.537734505454905,2.308457707025189,-0.4640357926279567,0.0,0.0,1.0,0.0,0.0,0.0,1.0,0.8670839877858885,0.13291601221411153,
0.8625867428897326,0.3393812705037038,-0.588017490217596,1.0,0.0,0.0,0.0,0.0,0.5465276193120984,0.45347238068790163,1.0,0.0,
1.4465295864720775,2.114543074962442,0.21180892367922444,1.0,0.0,0.0,0.0,0.0,1.0,0.0,0.0,1.0,
-0.39187421885120366,1.218487477933498,-0.588017490217596,0.0,0.0,1.0,0.0,0.0,0.0,1.0,1.0,0.0,
1.586595068572076,0.581938058805978,1.787313989215512,0.9148134036805217,0.08518659631947834,0.0,0.0,0.0,0.0,1.0,1.0,0.0,
2.242230962464149,2.2488332586101794,-0.588017490217596,0.0,0.0,0.0,1.0,0.0,0.0,1.0,1.0,0.0,
0.7610057433575832,1.0020983919418396,-0.588017490217596,0.0,0.0,0.0,1.0,0.0,0.0,1.0,1.0,0.0,
1.9537361402764508,1.5280501295732098,-0.588017490217596,0.0,0.0,1.0,0.0,1.0,0.0,0.0,1.0,0.0,
3.3418874092481663,2.1595049843376866,2.585364802750101,0.0,0.5584178373066818,0.0,0.4415821626933182,0.0,0.5584178373066818,0.4415821626933182,1.0,0.0,
0.8841026539280494,1.2205049953614393,-0.588017490217596,0.0,1.0,0.0,0.0,0.0,1.0,0.0,1.0,0.0,
0.6205278508897829,2.497691130718151,1.9135016895554058,0.0,0.0,1.0,0.0,0.0,0.9806335784120924,0.01936642158790758,1.0,0.0,
0.8841004254352853,1.5373469683954066,-0.588017490217596,0.0,0.0,0.0,1.0,0.0,1.0,0.0,1.0,0.0,
3.6273225967698517,2.005496890512652,-0.588017490217596,0.0,0.0,0.0,1.0,0.0,0.0,1.0,1.0,0.0,
1.0376818701923896,0.5554337643588402,0.5512684464522439,0.0,0.0,1.0,0.0,0.0,0.0,1.0,1.0,0.0,
2.3462827117933376,1.5699559830377536,2.162970589107398,0.09210778179619228,0.9078922182038077,0.0,0.0,0.0,0.0,1.0,0.0,1.0,
0.5801560181990701,0.9445218483048304,-0.588017490217596,1.0,0.0,0.0,0.0,0.0,0.0,1.0,1.0,0.0,
1.5867146245160262,1.1981396839473129,-0.588017490217596,0.0,1.0,0.0,0.0,0.0,1.0,0.0,1.0,0.0,
2.762351654530964,2.0806927662244834,-0.588017490217596,0.0,0.0,0.0,1.0,0.0,0.0,1.0,1.0,0.0,
0.990435330237643,1.0327878874963408,-0.588017490217596,1.0,0.0,0.0,0.0,0.0,0.0,1.0,1.0,0.0,
1.531640466187378,0.5144831677795727,1.6938279513832524,1.0,0.0,0.0,0.0,0.0,0.0,1.0,1.0,0.0,
1.489842201761115,2.436963249991527,-0.588017490217596,0.0,1.0,0.0,0.0,0.0,1.0,0.0,1.0,0.0,
2.0196462457927318,1.7502429567800557,-0.588017490217596,0.0,0.6565335380561965,0.3434664619438035,0.0,0.0,1.0,0.0,0.0,1.0,
-0.10285025120822489,2.196719788755285,-0.588017490217596,1.0,0.0,0.0,0.0,0.0,0.0,1.0,1.0,0.0,
1.2457791046514666,1.9825768610799939,-0.588017490217596,0.0,0.0,0.0,1.0,0.0,1.0,0.0,1.0,0.0,
1.3785907405219138,0.6764391648709258,-0.05962347108144156,0.0,0.0,0.0,1.0,0.0,1.0,0.0,1.0,0.0,
1.2905505359361893,2.4553768597098324,1.4423829441095188,0.0,1.0,0.0,0.0,0.0,0.0,1.0,1.0,0.0,
-0.7155748586369887,1.190122013299329,-0.588017490217596,0.0,0.0,1.0,0.0,1.0,0.0,0.0,1.0,0.0,
0.40287571353976037,0.8377297704442699,-0.588017490217596,0.0,0.0,1.0,0.0,1.0,0.0,0.0,0.0,1.0,
1.1194476388493428,2.08547966332173,-0.588017490217596,0.0,0.0,0.0,1.0,0.0,1.0,0.0,1.0,0.0,
3.043271865890295,1.9098903333627981,-0.588017490217596,0.0,0.0,1.0,0.0,0.0,1.0,0.0,0.0,1.0,
2.1863990047255615,1.2550190922889861,1.8836922049388054,0.0,1.0,0.0,0.0,0.0,0.0,1.0,0.0,1.0,
1.2509541428609874,0.9999674147107439,-0.588017490217596,0.0,0.0,0.0,1.0,0.0,1.0,0.0,1.0,0.0,
2.101401877174437,1.5388920626252007,2.9783535877373883,0.0,0.0,1.0,0.0,0.6560877526330836,0.3439122473669164,0.0,1.0,0.0,
0.9062475965290143,1.2164006099823106,1.7148939060843273,0.0,0.0,1.0,0.0,1.0,0.0,0.0,1.0,0.0,
0.9348803712432148,0.26479431736076886,-0.588017490217596,0.6266674679493532,0.0,0.37333253205064676,0.0,0.0,1.0,0.0,1.0,0.0,
-0.4088795787228994,1.8765375576053676,-0.588017490217596,1.0,0.0,0.0,0.0,0.0,0.0,1.0,0.10596485817958279,0.8940351418204172,
0.16258174001917924,1.7400467198146208,-0.588017490217596,0.0,0.0,1.0,0.0,0.0,1.0,0.0,0.0,1.0,
3.5711083744922663,2.488318709687128,-0.588017490217596,0.0,0.7711814018236214,0.0,0.22881859817637862,0.0,0.0,1.0,1.0,0.0,
1.907896880637087,0.9540270610807043,-0.588017490217596,0.0,1.0,0.0,0.0,0.0,1.0,0.0,1.0,0.0,
1.293919337620858,2.5056232746540337,-0.588017490217596,0.0,1.0,0.0,0.0,0.0,1.0,0.0,1.0,0.0,
2.6429098178320514,1.4562053871446186,-0.588017490217596,0.0,0.0,0.20717376581519287,0.7928262341848071,0.0,1.0,0.0,1.0,0.0,
1.8356905657978386,1.3776626114520711,-0.588017490217596,0.0,0.0,0.6676932907782269,0.3323067092217731,0.0,0.0,1.0,0.0,1.0,
-0.7998185462181693,1.0532736683361015,2.667030466780556,0.0,0.0,0.8842810835013771,0.11571891649862287,1.0,0.0,0.0,0.0,1.0,
1.765056416659472,1.849777789309527,0.561143758563724,1.0,0.0,0.0,0.0,0.0,1.0,0.0,0.0,1.0,
0.5465753689361612,0.9795601409239113,-0.588017490217596,0.0,1.0,0.0,0.0,0.0,0.0,1.0,1.0,0.0,
3.474385438621905,2.525176497303114,-0.588017490217596,0.0,0.8267692306055194,0.17323076939448057,0.0,0.0,0.0,1.0,1.0,0.0,
1.1385231385985288,1.9374909585859945,2.245343025579124,0.0,1.0,0.0,0.0,0.0,0.006758267671455265,0.9932417323285447,1.0,0.0,
0.4925745550574022,1.234049053530816,2.1597215875545674,0.0,0.0,1.0,0.0,1.0,0.0,0.0,1.0,0.0,
0.44662016836521523,1.0538019579646818,-0.588017490217596,0.0,1.0,0.0,0.0,0.0,0.0,1.0,1.0,0.0,
3.3273622893005523,2.3892840414991126,2.8274876664051414,0.0,0.9356921845093361,0.0,0.06430781549066389,0.0,1.0,0.0,1.0,0.0,
2.4197847347043346,1.9460816831193752,-0.588017490217596,1.0,0.0,0.0,0.0,0.0,0.0,1.0,0.0,1.0,
1.4166345477527682,0.816705932775728,0.36805740254501457,0.5311471810650461,0.4688528189349539,0.0,0.0,0.0,1.0,0.0,0.0,1.0,
1.6144778916970448,0.5926015938633454,1.6965410199239606,1.0,0.0,0.0,0.0,0.0,0.0,1.0,1.0,0.0,
1.1768608520166943,1.9508213733905504,1.2464365533411037,0.0,1.0,0.0,0.0,0.0,0.0,1.0,1.0,0.0,
-0.5801760239392697,2.143267793072733,4.8063598304935775,0.0,0.0,0.0,1.0,1.0,0.0,0.0,0.11054704732513054,0.8894529526748695,
1.1379331201509684,1.6236270220638527,1.6929853502241556,0.0,1.0,0.0,0.0,0.0,0.0,1.0,1.0,0.0,
0.39752086957910676,2.259195534436267,-0.588017490217596,1.0,0.0,0.0,0.0,0.0,0.0,1.0,1.0,0.0,
1.9866754646232607,1.4991150910413742,-0.588017490217596,0.0,0.6628821083243099,0.0,0.33711789167569006,0.0,1.0,0.0,0.0,1.0,
0.0441027201619163,1.500835435311938,-0.588017490217596,0.0,0.0,1.0,0.0,0.0,1.0,0.0,0.0,1.0,
0.6533019926764855,1.3663827593753501,-0.588017490217596,1.0,0.0,0.0,0.0,0.0,1.0,0.0,0.0,1.0,
0.432850788529155,1.6999378204698745,-0.588017490217596,1.0,0.0,0.0,0.0,0.0,0.0,1.0,1.0,0.0,
0.6445643306768097,0.9470385947355718,-0.588017490217596,0.0,0.0,0.0,1.0,0.0,1.0,0.0,1.0,0.0,
0.7879571268997276,2.004417478710101,1.9011336216899843,0.0,0.0,0.0,1.0,1.0,0.0,0.0,0.39591556988869336,0.6040844301113066,
1.8895339997448328,1.1303406447677184,1.1601044290986149,0.0,0.0,1.0,0.0,0.0,1.0,0.0,1.0,0.0,
1.4006481168823652,1.375169466246735,-0.588017490217596,0.0,1.0,0.0,0.0,0.0,1.0,0.0,1.0,0.0,
-0.07475148898982498,0.7530842118452312,-0.588017490217596,0.0,0.0,0.0,1.0,1.0,0.0,0.0,1.0,0.0,
2.503779626317526,2.380436680029603,4.906832205990741,0.0,0.7565670041466387,0.2434329958533613,0.0,0.0,1.0,0.0,1.0,0.0,
2.689891625382194,1.401745627224099,-0.588017490217596,0.0,0.0,0.0,1.0,0.0,0.0,1.0,1.0,0.0,
0.4652830228802413,1.741232137368568,-0.588017490217596,0.7224345612345608,0.27756543876543915,0.0,0.0,0.0,1.0,0.0,0.0,1.0,
1.4197513489234814,1.2824506432460583,-0.588017490217596,0.0,0.0,0.009972486362753719,0.9900275136372463,0.0,0.0,1.0,0.0,1.0,
0.6235608548089229,2.497691130718151,1.914817506338062,0.0,0.0,1.0,0.0,0.0,0.9860048485184452,0.013995151481554835,1.0,0.0,
1.2471137894372937,1.0541491458945782,-0.588017490217596,0.0,0.0,1.0,0.0,1.0,0.0,0.0,0.0,1.0,
3.8182707238190274,2.3337029905854836,4.812427145164562,0.0,0.8121553471266904,0.18784465287330965,0.0,0.0,0.18784465287330965,0.8121553471266904,1.0,0.0,
1.670554163099982,1.055468290184412,0.24135782825941954,0.0,0.0,0.0,1.0,0.0,0.0,1.0,1.0,0.0,
2.045021270908609,0.9835985458995985,1.5803906846197298,0.0,1.0,0.0,0.0,0.0,0.0,1.0,0.0,1.0,
1.2366878542125894,1.075766234679217,-0.588017490217596,1.0,0.0,0.0,0.0,0.0,0.0,1.0,1.0,0.0,
3.455439556650528,2.3099831933922856,-0.4651598400880078,0.0,0.0,1.0,0.0,0.0,0.0,1.0,1.0,0.0,
1.0778605241632404,0.8267118855795236,0.5115500973233171,0.06964817413301516,0.9303518258669848,0.0,0.0,0.0,1.0,0.0,0.0,1.0,
0.7714198347398297,0.07506050833447753,-0.4258823204109281,0.0,1.0,0.0,0.0,0.13036416238843895,0.869635837611561,0.0,1.0,0.0,
2.237105491397647,1.5914664384888875,-0.588017490217596,0.0,0.0,1.0,0.0,0.0,1.0,0.0,1.0,0.0,
1.2713434100321421,2.0276200930386064,-0.588017490217596,1.0,0.0,0.0,0.0,0.0,0.0,1.0,0.0,1.0,
0.39909263992970395,1.7557548767974904,-0.588017490217596,0.5549784989333791,0.44502150106662086,0.0,0.0,0.0,1.0,0.0,0.0,1.0,
0.3877267914702105,1.1708698299224813,-0.588017490217596,0.0,1.0,0.0,0.0,0.0,0.0,1.0,1.0,0.0,
3.3142496665870667,2.3383555877214905,3.7298822576193666,0.0,0.0,1.0,0.0,0.0,0.3489448035414098,0.6510551964585902,0.0,1.0,
1.5572070573924783,1.3159620673110817,-0.588017490217596,1.0,0.0,0.0,0.0,0.0,0.0,1.0,1.0,0.0,
3.2819896870206744,2.135444169996716,4.28645870459541,0.0,0.0,1.0,0.0,0.0,1.0,0.0,0.646962342710989,0.35303765728901104,
0.30904618788693494,2.094661163195887,4.800250156888628,0.0,0.862909157597234,0.13709084240276603,0.0,0.0,1.0,0.0,1.0,0.0,
1.7900632124177587,1.2848284386805853,-0.588017490217596,0.0,0.0,0.0,1.0,0.0,1.0,0.0,1.0,0.0,
2.3140207812938387,1.818014776852598,0.6783728742595461,0.0,1.0,0.0,0.0,0.0,0.0,1.0,0.0,1.0,
2.276679467968513,1.1546209499007019,-0.588017490217596,0.0,0.0,0.0,1.0,0.02715978971281341,0.0,0.9728402102871866,1.0,0.0,
1.2770678206231292,1.253420962521717,1.324347385164833,0.0,0.0,1.0,0.0,1.0,0.0,0.0,1.0,0.0,
2.6396980662113068,1.732205458184668,4.248051111380463,0.7546173628979036,0.0,0.2453826371020964,0.0,0.0,0.0,1.0,1.0,0.0,
0.9229600247707245,0.8318492372548777,-0.588017490217596,0.0,0.0,1.0,0.0,0.0,0.0,1.0,0.0,1.0,
3.221832341085571,1.7794702267634672,-0.588017490217596,0.0,0.0,0.0,1.0,0.0,0.0,1.0,1.0,0.0,
1.8264016347193508,2.075883276331837,-0.588017490217596,0.9191772486031687,0.0,0.08082275139683126,0.0,0.0,1.0,0.0,1.0,0.0,
2.1895985338871107,1.646468465190245,-0.588017490217596,0.0,0.0,1.0,0.0,0.0,1.0,0.0,1.0,0.0,
0.6745410266181782,-0.05809573992151776,-0.588017490217596,0.0,0.0,1.0,0.0,0.0,1.0,0.0,1.0,0.0,
1.307045982248209,2.5081433610642656,-0.588017490217596,0.0,1.0,0.0,0.0,0.0,1.0,0.0,1.0,0.0,
0.4572155194947432,1.3304425890291696,-0.588017490217596,0.0,1.0,0.0,0.0,0.0,0.0,1.0,1.0,0.0,
2.2952765205462393,1.4640448987984407,2.1172701184151355,0.0,1.0,0.0,0.0,0.0,0.0,1.0,0.0,1.0,
1.1022319619537668,2.109324484643831,-0.588017490217596,0.0,0.0,0.0,1.0,0.0,1.0,0.0,1.0,0.0,
1.9892555898956197,0.8490967257808522,-0.588017490217596,0.0,0.0,0.0,1.0,0.0,0.0,1.0,1.0,0.0,
2.4842904939130586,1.2526348555815567,-0.588017490217596,0.0,0.0,0.0,1.0,0.0,0.0,1.0,1.0,0.0,
2.603485367681866,1.4793916818984274,-0.588017490217596,0.0,0.0,0.0,1.0,0.0,1.0,0.0,1.0,0.0,
1.7054124647538416,1.0669076727791038,1.0127521474675318,0.0,0.0,1.0,0.0,0.0,1.0,0.0,1.0,0.0,
2.461284871297437,1.6721545000842863,-0.588017490217596,0.0,1.0,0.0,0.0,0.0,0.0,1.0,0.5949488156755329,0.4050511843244671,
0.9263689628227154,1.9133112361994433,1.7526642724784935,0.0,0.0,0.0,1.0,1.0,0.0,0.0,0.7460857907931581,0.25391420920684193,
1.7022640493051049,0.9727783775864719,0.9339369855268725,1.0,0.0,0.0,0.0,0.0,0.0,1.0,1.0,0.0,
0.28860520284668256,1.1802071149248956,-0.588017490217596,0.0,1.0,0.0,0.0,0.0,0.0,1.0,1.0,0.0,
1.3089724986565114,1.0316851298544403,0.990893879081866,0.0,0.0,1.0,0.0,0.0,1.0,0.0,1.0,0.0,
1.6430733704898794,0.6767790222694926,1.550217868176718,1.0,0.0,0.0,0.0,0.0,0.0,1.0,1.0,0.0,
0.8470739956560421,0.8676356607933584,2.057873913149801,0.0,0.0,0.0,1.0,0.0,1.0,0.0,0.5454762404306035,0.4545237595693965,
1.0031553592275513,1.0604034678946386,-0.588017490217596,0.0,0.0,0.0,1.0,0.0,1.0,0.0,1.0,0.0,
0.17972620512338683,1.6798985260807762,-0.588017490217596,0.0,0.6425878529695056,0.3574121470304944,0.0,0.0,1.0,0.0,0.0,1.0,
3.056446798262826,2.4240774446004387,2.965002940017086,0.0,1.0,0.0,0.0,0.0,1.0,0.0,1.0,0.0,
2.4665926211379,1.2112328259997243,0.26718086698518134,0.0,0.0,1.0,0.0,0.0,1.0,0.0,1.0,0.0,
2.421258826747874,1.7236532728702543,-0.15397113325095685,0.0,1.0,0.0,0.0,0.0,0.0,1.0,0.0,1.0,
1.309641878449874,1.0018930757705342,-0.016608993538020034,0.0,1.0,0.0,0.0,0.0,0.0,1.0,1.0,0.0,
-0.4232619501537179,2.3444499856616106,2.065852805036729,0.5339281351543868,0.0,0.0,0.46607186484561325,0.0,1.0,0.0,0.0,1.0,
1.0680345296748048,0.5700882167255644,-0.588017490217596,1.0,0.0,0.0,0.0,1.0,0.0,0.0,0.0,1.0,
-0.48193368135204023,2.133090985740836,2.2351691131658953,0.0,0.0,0.0,1.0,0.0,1.0,0.0,0.9013541749740261,0.09864582502597385,
3.1101814352066746,1.7126774371644506,2.7415217705308703,0.10337541596487987,0.0,0.8966245840351201,0.0,0.0,0.0,1.0,0.0,1.0,
2.544379481301537,2.181889918078063,-0.588017490217596,0.0,1.0,0.0,0.0,0.0,0.0,1.0,0.0,1.0,
1.7292551860345515,0.9197309770737813,-0.588017490217596,0.0,1.0,0.0,0.0,0.0,1.0,0.0,1.0,0.0,
0.6009786681959074,1.764721481365796,3.696006912193181,0.0,0.0,0.4943044785450511,0.5056955214549489,1.0,0.0,0.0,1.0,0.0,
3.188722951058535,2.3892840414991126,3.2323185414951414,0.0,0.3218870651319832,0.0,0.6781129348680168,0.0,1.0,0.0,1.0,0.0,
-0.6699608539317672,1.0000846419941751,-0.588017490217596,1.0,0.0,0.0,0.0,0.0,1.0,0.0,0.0,1.0,
0.5135248043625836,2.4330100846481173,4.575768661201768,0.0,0.0,0.0,1.0,1.0,0.0,0.0,1.0,0.0,
3.699267023716487,2.4023574778131085,-0.588017490217596,0.0,0.0,1.0,0.0,0.0,0.0,1.0,1.0,0.0,
0.20574088010541414,2.375299824960929,2.5592959493336336,0.0,1.0,0.0,0.0,0.0,0.0,1.0,0.0,1.0,
1.776961775866934,2.2176442975964137,4.952310687396416,0.0,0.22025395486063915,0.7797460451393609,0.0,0.0,1.0,0.0,1.0,0.0,
-0.6712117855050785,1.7321245074739213,-0.588017490217596,0.0,0.0,1.0,0.0,0.0,1.0,0.0,0.0,1.0,
1.5424707750147046,0.8838716337901589,-0.588017490217596,0.0,1.0,0.0,0.0,0.0,1.0,0.0,1.0,0.0,
1.1251551460287694,2.3233470316403944,-0.588017490217596,1.0,0.0,0.0,0.0,0.0,1.0,0.0,1.0,0.0,
-0.7552523635753396,1.5676492812026874,2.5093611976030057,0.0,0.0,1.0,0.0,1.0,0.0,0.0,0.4420839206960919,0.5579160793039081,
2.0796988235832345,1.246970428865481,0.9848659581821588,0.0,1.0,0.0,0.0,0.0,0.0,1.0,0.0,1.0,
3.0659050423260283,2.044820860645773,4.597567782107369,0.7715268934051236,0.2284731065948764,0.0,0.0,0.0,0.0,1.0,1.0,0.0,
0.6063894708200255,0.9623866479884433,-0.588017490217596,1.0,0.0,0.0,0.0,0.0,1.0,0.0,0.0,1.0,
1.0033210943673796,0.5887445554505469,2.858010280178467,0.0,0.0,1.0,0.0,0.0,0.0,1.0,1.0,0.0,
0.9313473838674328,0.9631472943226314,-0.588017490217596,0.0,0.0,0.0,1.0,0.0,1.0,0.0,1.0,0.0,
1.6422274659352385,1.4287991937373719,-0.5777909303639508,0.0,1.0,0.0,0.0,0.0,0.0,1.0,1.0,0.0,
0.7409649520111861,0.8058949699710972,-0.588017490217596,0.0,1.0,0.0,0.0,0.0,1.0,0.0,1.0,0.0,
2.350530071430561,1.6576622415932136,-0.588017490217596,0.0,1.0,0.0,0.0,0.0,0.0,1.0,1.0,0.0,
1.2494173710722378,1.9797829267505203,-0.588017490217596,0.0,0.0,0.0,1.0,0.0,1.0,0.0,1.0,0.0,
2.9112167351968465,2.4384508167708296,4.846515409008132,0.0,0.9084614854636867,0.09153851453631334,0.0,0.0,1.0,0.0,1.0,0.0,
0.09684702712230407,2.3892840414991126,-0.588017490217596,0.0,0.0,1.0,0.0,0.0,1.0,0.0,0.23387055062318407,0.7661294493768159,
2.0024342922291254,1.6763800243730607,-0.588017490217596,0.0,0.8358355922976906,0.16416440770230945,0.0,0.0,1.0,0.0,0.0,1.0,
2.0509678665105615,1.5251889804471708,-0.588017490217596,1.0,0.0,0.0,0.0,0.0,0.0,1.0,1.0,0.0,
1.303107683216053,1.9192907930426275,-0.588017490217596,0.0,0.0,0.0,1.0,1.0,0.0,0.0,0.0,1.0,
0.506292795882397,2.3393262642939834,-0.588017490217596,0.6958251731956078,0.0,0.30417482680439223,0.0,0.0,0.0,1.0,0.0,1.0,
1.139667999232695,2.0507828152497845,-0.588017490217596,0.0,0.0,1.0,0.0,0.0,1.0,0.0,1.0,0.0,
2.752407176936209,1.386133454707872,-0.588017490217596,0.0,0.0,0.8535515344790552,0.14644846552094481,0.0,1.0,0.0,1.0,0.0,
1.1807076013810636,2.3060162428810167,-0.588017490217596,1.0,0.0,0.0,0.0,0.0,1.0,0.0,1.0,0.0,
1.4931492748833952,1.676994162048203,1.0080818852719944,0.0,0.0,1.0,0.0,1.0,0.0,0.0,1.0,0.0,
1.137529827554818,1.2059488268491616,1.2964397561078913,0.0,1.0,0.0,0.0,0.0,0.6540447491202209,0.3459552508797791,1.0,0.0,
0.8069711228234239,1.8602217487027557,1.4096011725126778,0.0,0.0,1.0,0.0,1.0,0.0,0.0,1.0,0.0,
0.34912769820150014,1.1987948145866214,-0.588017490217596,0.0,1.0,0.0,0.0,0.0,0.0,1.0,1.0,0.0,
-0.9598803738864408,1.3426868212467054,-0.588017490217596,0.0,0.0,0.4091215935947442,0.5908784064052558,0.0,1.0,0.0,0.0,1.0,
-0.4455004083818721,1.8055541484518003,3.12490658838008,0.0,1.0,0.0,0.0,0.0,1.0,0.0,0.4389132303665939,0.5610867696334061,
0.5538708458524941,2.313475375740816,-0.588017490217596,1.0,0.0,0.0,0.0,0.0,0.0,1.0,0.3741202524717234,0.6258797475282766,
0.8369533522403281,2.3480402785505787,-0.588017490217596,0.0,0.0,0.0,1.0,0.07518859869487071,0.9248114013051293,0.0,0.0,1.0,
0.24687193226666598,1.657839139061275,-0.588017490217596,0.0,1.0,0.0,0.0,0.0,1.0,0.0,1.0,0.0,
0.582580877319531,0.3918414253504851,-0.588017490217596,0.0,0.0,0.0,1.0,1.0,0.0,0.0,0.06715869095424087,0.9328413090457591,
-0.6355307154478814,1.4287138035931655,-0.588017490217596,1.0,0.0,0.0,0.0,0.0,0.0,1.0,1.0,0.0,
1.748593878480369,2.367602623655305,-0.588017490217596,0.0,1.0,0.0,0.0,0.0,1.0,0.0,1.0,0.0,
1.033844101900019,0.7626981845435187,0.6482901112779845,0.0,0.8740784761066818,0.12592152389331823,0.0,0.0,1.0,0.0,0.0,1.0,
0.7973324123772506,0.6127641735270789,-0.588017490217596,0.0,0.0,0.0,1.0,1.0,0.0,0.0,1.0,0.0,
-0.3836234685670952,1.238186855704838,-0.588017490217596,1.0,0.0,0.0,0.0,0.0,1.0,0.0,1.0,0.0,
3.2740622578494953,1.8790645326044504,-0.588017490217596,0.0,0.0,0.0,1.0,0.0,0.0,1.0,1.0,0.0,
2.36230014665663,1.9365108325825116,-0.588017490217596,1.0,0.0,0.0,0.0,0.0,0.0,1.0,0.0,1.0,
1.205758424650866,1.0474409637254984,0.33714426233220884,0.0,1.0,0.0,0.0,0.0,0.0,1.0,1.0,0.0,
0.5597148915084431,0.7217645864855139,-0.588017490217596,0.0,1.0,0.0,0.0,0.0,0.0,1.0,1.0,0.0,
-0.913440191974763,2.107002896790275,-0.588017490217596,1.0,0.0,0.0,0.0,0.0,0.6601678183228417,0.33983218167715834,1.0,0.0,
0.8718547257129683,0.035767760846708074,-0.588017490217596,0.0,0.0,1.0,0.0,0.0,1.0,0.0,1.0,0.0,
2.488810012497244,1.5136241149480483,-0.588017490217596,0.0,1.0,0.0,0.0,0.0,0.0,1.0,0.10749488537667329,0.8925051146233267,
1.2398287099791656,0.5430937761610687,-0.588017490217596,0.0,0.0,1.0,0.0,0.0,0.0,1.0,1.0,0.0,
2.8015872790682774,1.8016715766508,3.4221593928719827,0.0,0.0,1.0,0.0,0.0,0.5568394947925569,0.4431605052074431,0.0,1.0,
1.6797230768588083,1.6066802289424629,3.5162279864894335,0.0,0.0,1.0,0.0,1.0,0.0,0.0,1.0,0.0,
1.3360272832427582,0.9041761272664264,-0.588017490217596,1.0,0.0,0.0,0.0,0.0,0.0,1.0,1.0,0.0,
0.6948902518098762,0.9877199814071587,-0.588017490217596,0.0,0.0,1.0,0.0,0.0,0.0,1.0,1.0,0.0,
1.7040459206917113,1.289915253126951,-0.588017490217596,0.0,0.0,0.0,1.0,0.0,1.0,0.0,0.0,1.0,
0.5800509249350373,1.6945176786267842,-0.588017490217596,1.0,0.0,0.0,0.0,0.0,1.0,0.0,0.0,1.0,
3.8305340833843875,2.2978344020764374,2.4034012468564585,0.0,0.8435761912018489,0.0,0.1564238087981511,0.0,1.0,0.0,1.0,0.0,
1.817543070680282,2.060653324203217,-0.588017490217596,0.0,0.0,1.0,0.0,0.0,1.0,0.0,0.0,1.0,
0.44227734363723714,2.259195534436267,-0.588017490217596,1.0,0.0,0.0,0.0,0.0,0.0,1.0,1.0,0.0,
1.0812739136324019,0.32562481855902115,1.4159559889832107,0.0,0.034124632656571396,0.9658753673434286,0.0,0.0,1.0,0.0,0.0,1.0,
1.2200121585537085,0.9927949450957133,-0.5342323211471383,0.0,0.0,0.0,1.0,0.0,1.0,0.0,1.0,0.0,
0.9096065487371795,2.30838119608865,2.9813043886087596,0.0,1.0,0.0,0.0,0.0,0.0,1.0,1.0,0.0,
2.288855058193702,1.9409772083650174,-0.588017490217596,0.0,0.0,1.0,0.0,0.0,1.0,0.0,1.0,0.0,
2.205176561763313,1.735780232914714,-0.588017490217596,0.0,0.0,0.0,1.0,0.4673812188861516,0.0,0.5326187811138484,1.0,0.0,
0.46881335228246845,1.085941445538999,-0.588017490217596,0.0,1.0,0.0,0.0,0.0,1.0,0.0,1.0,0.0,
1.4036452803958899,1.2717833347050007,-0.588017490217596,0.0,0.0,0.0,1.0,0.0,0.0,1.0,0.10837295646027734,0.8916270435397227,
0.851692287187216,0.4042024848182497,-0.588017490217596,1.0,0.0,0.0,0.0,0.0,0.0,1.0,1.0,0.0,
0.9511082088012139,2.232190495186904,-0.588017490217596,0.0,0.0,1.0,0.0,1.0,0.0,0.0,1.0,0.0,
-0.5759832125229332,1.125582200174394,2.2078183936026683,0.0,0.0,0.0,1.0,1.0,0.0,0.0,0.0,1.0,
0.491826898550979,2.371914342331128,4.346471188636528,0.0,0.0,0.0,1.0,1.0,0.0,0.0,1.0,0.0,
3.0956747568023566,2.056251390688761,4.608882275751217,0.7422377827294567,0.25776221727054327,0.0,0.0,0.0,0.0,1.0,1.0,0.0,
1.9152458886505266,0.9723539027201128,-0.588017490217596,0.0,1.0,0.0,0.0,0.0,1.0,0.0,1.0,0.0,
1.125977136224491,0.3527649798363366,2.338433876727379,0.5858476445941115,0.0,0.41415235540588846,0.0,0.5858476445941115,0.41415235540588846,0.0,0.0,1.0,
1.9282947492179676,1.7266067034634613,-0.588017490217596,0.0,0.0,1.0,0.0,0.0,1.0,0.0,0.9515887793847767,0.048411220615223294,
4.179233285675742,2.5259323819204376,-0.588017490217596,0.7061380470507126,0.2938619529492874,0.0,0.0,0.0,1.0,0.0,1.0,0.0,
-0.8022313349435509,1.992416239663524,-0.588017490217596,1.0,0.0,0.0,0.0,0.0,1.0,0.0,1.0,0.0,
-0.13537146305193648,1.34699535298714,-0.588017490217596,0.0,0.0,1.0,0.0,0.0,1.0,0.0,0.0,1.0,
-0.8132768144585617,1.0891603316796519,2.6267762312671668,0.0,0.0,0.0,1.0,1.0,0.0,0.0,0.6206105222540993,0.3793894777459007,
0.7900124186467619,0.8799188264571047,-0.588017490217596,0.0,1.0,0.0,0.0,0.0,0.0,1.0,1.0,0.0,
1.8521764443489555,0.7876191503805418,-0.588017490217596,0.0,1.0,0.0,0.0,0.0,1.0,0.0,1.0,0.0,
2.071041598322404,1.3523039917940616,-0.14223971195583274,0.0,0.0,0.0,1.0,1.0,0.0,0.0,1.0,0.0,
3.9219785480487066,2.269035857643475,-0.588017490217596,0.726929882494254,0.0,0.0,0.27307011750574595,0.0,0.0,1.0,1.0,0.0,
2.417072533476848,2.0693200307645396,-0.588017490217596,0.0,0.0,1.0,0.0,1.0,0.0,0.0,1.0,0.0,
1.9490049306261044,1.259424783729369,-0.588017490217596,0.0,0.0,0.0,1.0,0.0,1.0,0.0,0.22237427376030272,0.7776257262396973,
0.30832294122188475,1.5639658219306127,-0.588017490217596,0.0,0.0,1.0,0.0,0.0,1.0,0.0,0.0,1.0,
1.5176915680243934,1.215347897228698,1.5028872396777275,0.0,1.0,0.0,0.0,0.0,0.0,1.0,1.0,0.0,
1.3749407664669264,1.3052131493087287,0.46805008751454014,0.0,1.0,0.0,0.0,0.0,0.0,1.0,1.0,0.0,
1.7039026492063003,2.5652882580933154,4.388222264075483,0.12548368111922115,0.0,0.0,0.8745163188807789,0.0,0.0,1.0,0.0,1.0,
1.5923844502171138,1.3063410114577743,-0.588017490217596,0.0,0.0,1.0,0.0,0.0,0.9913300400280499,0.00866995997195008,0.0,1.0,
2.4014700926758503,1.5737392372102899,-0.588017490217596,0.0,0.0,0.0,1.0,0.7308466158749048,0.26915338412509515,0.0,1.0,0.0,
0.013077946462788259,0.9574647471651472,-0.588017490217596,0.0,0.0,1.0,0.0,1.0,0.0,0.0,0.0,1.0,
3.059551587451311,1.859327114121566,-0.588017490217596,0.0,0.0,0.0,1.0,0.0,0.0,1.0,1.0,0.0,
1.3091928658583962,2.0409510155228365,-0.588017490217596,0.0,0.0,0.0,1.0,1.0,0.0,0.0,0.0,1.0,
1.7413336011205571,1.289073066876946,-0.588017490217596,0.0,0.0,0.0,1.0,0.0,1.0,0.0,0.0,1.0,
-0.5922815268975756,1.4364129386280635,-0.588017490217596,1.0,0.0,0.0,0.0,0.0,0.0,1.0,0.9179497978139728,0.08205020218602721,
0.6688351948730501,0.8816293844600248,-0.588017490217596,0.0,0.0,0.0,1.0,0.0,1.0,0.0,1.0,0.0,
1.2407162620460412,0.8027437571694105,-0.588017490217596,0.0,0.0,1.0,0.0,0.0,1.0,0.0,1.0,0.0,
2.526519965024571,1.9281650028384965,-0.588017490217596,0.0,1.0,0.0,0.0,0.0,0.0,1.0,0.0,1.0,
0.2518836685423004,0.8715847924325751,-0.588017490217596,0.0,0.0,0.0,1.0,0.0,1.0,0.0,1.0,0.0,
2.081480911993279,1.575774359139683,1.0827090803741253,0.7421053622649567,0.0,0.2578946377350433,0.0,0.0,1.0,0.0,0.0,1.0,
2.6379989036027545,1.5656105553189326,-0.05852556062000741,1.0,0.0,0.0,0.0,0.0,0.0,1.0,1.0,0.0,
0.5157604992345446,2.2602586154283975,-0.5150245526936127,1.0,0.0,0.0,0.0,0.0,0.0,1.0,1.0,0.0,
0.8362375403980358,2.331357869226488,-0.588017490217596,0.0,1.0,0.0,0.0,0.0,1.0,0.0,1.0,0.0,
3.7090166163095586,2.3188016484900964,-0.588017490217596,0.4169400961500713,0.0,0.5830599038499287,0.0,0.0,0.0,1.0,1.0,0.0,
1.0071812676951828,1.0035501593491685,-0.13129641825904598,0.0,1.0,0.0,0.0,0.0,0.0,1.0,1.0,0.0,
1.3180202356699644,0.895514987542773,-0.588017490217596,0.0,1.0,0.0,0.0,0.0,1.0,0.0,1.0,0.0,
-0.780215588985921,1.3656464870857175,-0.588017490217596,0.0,0.0,1.0,0.0,0.6606333353926647,0.33936666460733533,0.0,1.0,0.0,
1.45642181840716,1.281219136940871,1.5335574293762353,0.0,1.0,0.0,0.0,0.0,0.0,1.0,1.0,0.0,
2.61430959612488,1.3372548316970851,-0.588017490217596,0.0,0.0,0.0,1.0,0.0,0.0,1.0,1.0,0.0,
0.24558135967298747,2.174796278833933,2.5120740159099624,0.0,0.0,0.0,1.0,0.0,1.0,0.0,0.0,1.0,
2.0628361867677745,1.2675321405450517,-0.588017490217596,0.0,1.0,0.0,0.0,0.0,0.0,1.0,0.0,1.0,
0.07452793580126035,2.053214442392694,-0.588017490217596,0.0,1.0,0.0,0.0,0.0,1.0,0.0,1.0,0.0,
1.0927048557873926,1.588916202537504,1.184651013751151,0.0,1.0,0.0,0.0,0.0,0.0,1.0,1.0,0.0,
0.9870326562283442,0.4824866779990296,-0.588017490217596,0.0,0.0,1.0,0.0,0.0,0.0,1.0,0.8107687307481696,0.18923126925183043,
2.74050512082029,1.3937500774176463,-0.588017490217596,0.0,0.0,0.7832920822177293,0.21670791778227072,0.0,1.0,0.0,1.0,0.0,
-0.9491443463299994,1.2458229137086994,-0.588017490217596,0.0,1.0,0.0,0.0,0.0,0.0,1.0,1.0,0.0,
1.6621914821395634,0.7525958028427755,-0.39813212548117205,0.0,0.0,0.0,1.0,0.0,1.0,0.0,1.0,0.0,
0.5662497752882127,1.0769407565977902,-0.588017490217596,0.0,1.0,0.0,0.0,0.0,0.0,1.0,1.0,0.0,
0.6786556886671209,1.023354717339229,0.5350522440542245,1.0,0.0,0.0,0.0,0.0,0.0,1.0,1.0,0.0,
0.7315585732752425,0.7017552258029929,2.661392390312257,0.0,0.0,1.0,0.0,0.2474862172605946,0.0,0.7525137827394054,1.0,0.0,
-0.6618456774336678,1.899215989450004,-0.588017490217596,1.0,0.0,0.0,0.0,0.0,0.0,1.0,1.0,0.0,
1.5914053141076634,1.4375569134580368,-0.588017490217596,0.0,0.0,1.0,0.0,0.0,1.0,0.0,0.0,1.0,
1.7967087284296552,2.5776315387935833,3.7590856931743373,0.0,1.0,0.0,0.0,0.0,1.0,0.0,1.0,0.0,
1.6263116537476847,1.4365660938133522,0.23125488565843355,1.0,0.0,0.0,0.0,0.0,1.0,0.0,0.0,1.0,
3.596508328008427,2.2981158707335347,4.495851493035497,0.0,0.09938763332758593,0.9006123666724141,0.0,0.0,1.0,0.0,1.0,0.0,
2.416822108562107,1.2879967546722104,0.16643639503459623,0.0,0.0,1.0,0.0,0.0,1.0,0.0,1.0,0.0,
0.13926830170415422,0.9187025978575023,-0.588017490217596,0.0,0.0,1.0,0.0,1.0,0.0,0.0,0.0,1.0,
1.1008896748286332,0.8843823381383745,-0.588017490217596,0.0,0.0,1.0,0.0,0.0,0.0,1.0,1.0,0.0,
0.8546862168027434,1.3614918983869508,2.5828593183184747,0.0,0.0,1.0,0.0,1.0,0.0,0.0,1.0,0.0,
0.5876894346655732,-0.29286942098659086,0.5857997714451655,0.0,1.0,0.0,0.0,0.9438032741213682,0.0,0.05619672587863178,1.0,0.0,
0.9630813633497859,0.15012050879736039,-0.588017490217596,0.0,0.0,1.0,0.0,0.0,1.0,0.0,1.0,0.0,
-0.8514541409236294,1.011480205960418,-0.588017490217596,0.5476814968631023,0.0,0.0,0.4523185031368977,0.0,1.0,0.0,0.0,1.0,
0.9137993417952107,0.89403451800836,-0.588017490217596,0.0,0.0,0.0,1.0,0.0,0.0,1.0,1.0,0.0,
1.6375127583127742,2.3587507999905033,-0.588017490217596,0.0,1.0,0.0,0.0,0.0,1.0,0.0,1.0,0.0,
-0.7934180384713432,1.218487477933498,-0.588017490217596,0.0,0.0,1.0,0.0,0.7661924476781145,0.0,0.23380755232188555,1.0,0.0,
-0.033019101198670284,1.542067572299895,1.3001900092244196,0.0,0.0,0.0,1.0,1.0,0.0,0.0,1.0,0.0,
0.7699265863538692,2.102031417656853,3.0076901652947856,0.0,0.0,0.0,1.0,1.0,0.0,0.0,0.5837355608441629,0.4162644391558371,
0.5656631598764352,2.331586721730942,-0.588017490217596,1.0,0.0,0.0,0.0,0.0,0.0,1.0,0.1652853630678226,0.8347146369321774,
-0.22037896704856633,1.9343061720513044,-0.588017490217596,1.0,0.0,0.0,0.0,0.0,1.0,0.0,1.0,0.0,
1.0107233331407097,0.5756114217450378,-0.588017490217596,1.0,0.0,0.0,0.0,1.0,0.0,0.0,0.41275387084600723,0.5872461291539928,
0.9243015146815856,1.8764287454982034,-0.26745198241057716,1.0,0.0,0.0,0.0,0.0,1.0,0.0,0.0,1.0,
0.45721314653356526,2.2077846907600485,2.287062684444894,0.0,0.0,0.0,1.0,0.6142661504219129,0.3857338495780871,0.0,0.0,1.0,
0.760644519538016,2.213634132839369,-0.588017490217596,0.0,0.0,1.0,0.0,0.0,0.0,1.0,0.0,1.0,
2.284616835115371,1.6518989384631413,-0.588017490217596,0.0,0.0,0.0,1.0,0.8190912536174894,0.0,0.18090874638251064,1.0,0.0,
1.3387692039133487,2.5142336653329225,-0.588017490217596,0.0,1.0,0.0,0.0,0.0,1.0,0.0,1.0,0.0,
0.2903140570722456,0.8715847924325751,-0.588017490217596,0.0,0.0,0.0,1.0,0.0,1.0,0.0,1.0,0.0,
1.164229409879258,0.556182572202534,-0.588017490217596,0.0,1.0,0.0,0.0,0.0,1.0,0.0,1.0,0.0,
1.403936880755778,0.6911963759742542,-0.588017490217596,0.0,0.0,0.0,1.0,1.0,0.0,0.0,0.0,1.0,
2.169281517687453,1.4907398789650836,-0.588017490217596,1.0,0.0,0.0,0.0,0.0,0.0,1.0,1.0,0.0,
1.717515086600562,0.703192359669643,-0.588017490217596,0.0,0.0,0.0,1.0,0.0,0.0,1.0,1.0,0.0,
0.7995157782700244,0.4591197943841655,-0.588017490217596,0.0,0.0,0.0,1.0,1.0,0.0,0.0,0.0,1.0,
0.9021951054304891,0.6032423963097298,1.5868298832308876,0.0,0.0,0.5993119818031118,0.40068801819688815,0.0,1.0,0.0,0.0,1.0,
1.1156459270024248,0.5624793509758944,0.7719360345522065,0.0,0.0,1.0,0.0,0.0,1.0,0.0,1.0,0.0,
2.551347108216971,1.2190848429450885,-0.588017490217596,0.0,0.0,0.0,1.0,0.7431120162909349,0.0,0.25688798370906507,1.0,0.0,
1.135636539222463,0.6222433566462364,-0.588017490217596,0.0,0.0,1.0,0.0,0.0,0.0,1.0,1.0,0.0,
0.7794210355796125,1.9485228138124588,1.4738617136092462,0.0,0.0,1.0,0.0,0.8734132910684089,0.12658670893159107,0.0,1.0,0.0,
3.700705149286937,2.288561918346489,4.505096494348301,0.0,0.11814980800266872,0.8818501919973313,0.0,0.0,0.8818501919973313,0.11814980800266872,1.0,0.0,
1.4656178303871161,1.6579065383035647,-0.588017490217596,0.0,0.0,1.0,0.0,0.0,0.0,1.0,0.0,1.0,
1.4339615993404062,1.04962750418452,-0.33191534287209423,0.0,1.0,0.0,0.0,0.0,0.0,1.0,1.0,0.0,
1.4368404709125602,1.3797555944610744,1.6813221275136723,0.0,1.0,0.0,0.0,0.0,0.0,1.0,1.0,0.0,
3.3771615909990302,1.8391112306804638,-0.588017490217596,0.0,0.0,0.0,1.0,0.0,0.0,1.0,1.0,0.0,
1.1896264214978953,0.4129205496328017,-0.588017490217596,0.0,0.0,0.0,1.0,0.0,1.0,0.0,1.0,0.0,
0.6309053185976692,0.9415433658082573,3.291874484284567,0.0,0.0,0.0,1.0,0.0,1.0,0.0,1.0,0.0,
0.04685832200016746,0.8598507099732966,-0.588017490217596,0.0,0.0,0.0,1.0,0.0,1.0,0.0,1.0,0.0,
0.5469475862856741,0.5754702270305885,-0.588017490217596,1.0,0.0,0.0,0.0,0.0,0.0,1.0,1.0,0.0,
2.0348457047785082,1.6642400657894363,-0.588017490217596,1.0,0.0,0.0,0.0,0.0,0.0,1.0,1.0,0.0,
-0.8899847113512543,0.9230538476242249,2.726518842830026,0.0,0.0,0.0,1.0,0.48598651805293136,0.0,0.5140134819470686,1.0,0.0,
1.1578876604474146,0.7589855684004342,-0.588017490217596,0.0,0.0,1.0,0.0,0.8386703013917504,0.16132969860824964,0.0,1.0,0.0,
1.8617080421137941,1.7775840543586776,-0.588017490217596,1.0,0.0,0.0,0.0,0.0,0.0,1.0,0.0,1.0,
1.5025474386564062,1.3237021826934066,0.14752825911580292,0.0,1.0,0.0,0.0,0.0,0.0,1.0,1.0,0.0,
1.1120696684671751,1.7313478798008122,-0.588017490217596,1.0,0.0,0.0,0.0,0.0,0.0,1.0,1.0,0.0,
-0.71149082272534,2.3333830041834838,1.7941244043563929,0.7891462569085287,0.0,0.0,0.2108537430914713,0.0,1.0,0.0,0.0,1.0,
0.5534733197268179,2.545494866443704,4.997933532101593,0.0,0.0,0.0,1.0,1.0,0.0,0.0,1.0,0.0,
-0.15072287446696253,1.3416368025130803,-0.588017490217596,0.0,0.0,1.0,0.0,0.0,1.0,0.0,0.0,1.0,
1.5914053141076634,1.7721297437057748,-0.588017490217596,0.0,0.0,1.0,0.0,0.0,1.0,0.0,0.0,1.0,
1.0131589447132001,1.501950472011824,-0.588017490217596,0.0,0.0,1.0,0.0,0.0,0.0,1.0,1.0,0.0,
1.2513140233209568,0.9497967395547704,-0.588017490217596,0.0,1.0,0.0,0.0,0.0,0.0,1.0,1.0,0.0,
-0.826484010933053,0.816378318640226,2.608794960659055,0.0,0.0,0.0,1.0,0.27312877299019467,0.0,0.7268712270098053,0.7268712270098053,0.27312877299019467,
0.8840204604273075,0.5363933846857051,2.7907078250300836,0.0,0.0,1.0,0.0,0.0,0.0,1.0,1.0,0.0,
1.9949042242088981,0.887382573048668,1.472873213179671,0.0,1.0,0.0,0.0,0.0,0.0,1.0,0.0,1.0,
1.0313743807934261,0.5573537191654783,0.8221915833558092,0.08218422745542353,0.0,0.9178157725445765,0.0,0.0,0.0,1.0,1.0,0.0,
2.1106406511017,2.4610595646350393,-0.588017490217596,0.0,0.0,0.0,1.0,0.0,0.0,1.0,1.0,0.0,
0.3599762847844453,1.1895164733461527,-0.588017490217596,0.0,1.0,0.0,0.0,0.0,0.0,1.0,1.0,0.0,
1.0809118487059222,0.4424184960264493,-0.588017490217596,0.0,1.0,0.0,0.0,0.0,1.0,0.0,1.0,0.0,
-0.29633245002529895,1.8988548145545185,2.872168303651497,0.0,1.0,0.0,0.0,0.0,0.0,1.0,1.0,0.0,
1.23249104934926,1.4029288769158033,2.3045573583106025,0.0,0.0,1.0,0.0,1.0,0.0,0.0,1.0,0.0,
1.0793874605858362,0.6423952978184622,-0.588017490217596,0.0,1.0,0.0,0.0,0.0,1.0,0.0,1.0,0.0,
2.477291772705397,1.7523478144123863,1.9105229232137637,0.7377047834728602,0.26229521652713983,0.0,0.0,0.0,0.0,1.0,0.0,1.0,
1.695377422018191,2.022034105256502,-0.588017490217596,0.0,0.0,1.0,0.0,0.0,1.0,0.0,0.0,1.0,
0.43754899975356154,0.428369588029431,-0.588017490217596,0.0,0.0,1.0,0.0,0.0,0.0,1.0,0.0,1.0,
-0.4275576173673322,1.3408024308927682,2.871995961517094,0.4717070641742752,0.5282929358257248,0.0,0.0,0.0,1.0,0.0,1.0,0.0,
-0.7159379401135372,1.0082709963421277,-0.588017490217596,0.9723361900615198,0.0,0.027663809938480166,0.0,0.0,1.0,0.0,0.0,1.0,
2.6320712230159384,1.4631414565610643,-0.588017490217596,0.0,0.0,0.14319206990938949,0.8568079300906105,0.0,1.0,0.0,1.0,0.0,
0.5569509671749497,1.1506402675249174,-0.588017490217596,0.0,0.0,0.0,1.0,0.0,0.0,1.0,1.0,0.0,
1.9339399807782378,1.6851702686910945,0.7497310347473851,1.0,0.0,0.0,0.0,0.0,1.0,0.0,0.0,1.0,
1.1533219999740192,1.0438514997069275,1.6074083334276266,0.0,0.7472680857759323,0.0,0.2527319142240677,0.0,1.0,0.0,1.0,0.0,
3.0129610896731114,1.776515899638507,2.5832705849548683,0.1825090090971908,0.0,0.8174909909028092,0.0,0.0,0.0,1.0,0.0,1.0,
1.5722049273328786,0.7532227111507827,1.705675854094684,0.6599725346116432,0.3400274653883568,0.0,0.0,0.0,0.0,1.0,1.0,0.0,
-0.4951129403456715,0.7958368908626459,-0.588017490217596,1.0,0.0,0.0,0.0,0.0,1.0,0.0,1.0,0.0,
0.7497655555624542,2.094151412695971,2.5243737372249924,0.0,0.0,1.0,0.0,0.0,0.0,1.0,1.0,0.0,
2.758133513699445,1.5315570829147196,-0.588017490217596,0.0,0.0,0.0,1.0,0.0,0.777470975481649,0.222529024518351,0.0,1.0,
2.5274772280584674,1.941764558300737,-0.588017490217596,0.0,1.0,0.0,0.0,0.0,0.0,1.0,0.0,1.0,
2.0724019969312177,0.8359742505445189,1.5001631592937335,0.0,1.0,0.0,0.0,0.0,0.0,1.0,0.0,1.0,
0.34912769820150014,1.254989710539681,-0.588017490217596,0.0,1.0,0.0,0.0,0.0,0.0,1.0,1.0,0.0,
1.4731170757914018,2.364339707949913,-0.588017490217596,0.0,0.0,0.0,1.0,0.0,0.0,1.0,1.0,0.0,
3.1180730050640113,2.3308230894670805,3.6480477544466443,0.0,0.0,1.0,0.0,0.0,0.6963620392902049,0.3036379607097951,0.0,1.0,
1.2008997264361985,1.4896838619360706,3.7595472789441287,0.0,0.0,1.0,0.0,1.0,0.0,0.0,1.0,0.0,
0.27747807681582914,0.8134440393108862,-0.588017490217596,1.0,0.0,0.0,0.0,0.0,0.0,1.0,1.0,0.0,
1.7326257519068309,2.021893256648867,-0.588017490217596,0.0,0.0,1.0,0.0,1.0,0.0,0.0,1.0,0.0,
0.2770816728631838,0.8994334876291128,-0.588017490217596,0.0,0.0,0.0,1.0,1.0,0.0,0.0,1.0,0.0,
0.7093484150793725,2.355889565141093,-0.588017490217596,0.5402348960106069,0.0,0.0,0.4597651039893931,0.0,1.0,0.0,0.0,1.0,
1.193644057217055,0.963937204186409,0.33825236278379367,0.0,1.0,0.0,0.0,0.0,1.0,0.0,0.0,1.0,
0.96669641090167,0.6222903624376203,-0.588017490217596,0.0,0.0,1.0,0.0,0.0,0.0,1.0,1.0,0.0,
3.417886363921905,1.8607477402844215,-0.588017490217596,0.0,0.0,0.0,1.0,0.0,0.0,1.0,1.0,0.0,
0.5279282872488565,1.0501917414638902,-0.588017490217596,0.0,1.0,0.0,0.0,0.0,1.0,0.0,1.0,0.0,
2.2729717329352286,0.9776872186443992,1.761525178558605,0.0,1.0,0.0,0.0,0.0,0.0,1.0,0.0,1.0,
0.34016278620863405,2.126594664296798,3.5116202835776895,0.0,0.0,0.0,1.0,1.0,0.0,0.0,0.9420618362064269,0.05793816379357308,
1.3973297575465478,0.8037520950913788,0.8876318485116793,0.0,0.0,1.0,0.0,0.0,1.0,0.0,1.0,0.0,
-0.16107912777216016,1.2240790634582281,3.4170554574645844,0.0,0.5925209260687063,0.0,0.4074790739312937,0.0,1.0,0.0,1.0,0.0,
1.5309514186384867,1.1678712997529876,-0.588017490217596,0.0,0.0,1.0,0.0,1.0,0.0,0.0,0.0,1.0,
1.0805176414633038,0.3130191910138744,1.496840093674566,0.0,0.0,1.0,0.0,0.0,1.0,0.0,0.0,1.0,
1.4776979917801805,2.123759637468773,3.1095528912470662,0.0,0.8356148764139021,0.0,0.16438512358609791,0.0,0.0,1.0,1.0,0.0,
-1.015267701208364,1.1397168660170363,-0.588017490217596,0.0,0.0,0.0,1.0,0.0,0.8373664608601052,0.16263353913989476,0.0,1.0,
0.46076331927072306,1.4230743061774855,-0.588017490217596,0.0,1.0,0.0,0.0,0.0,0.0,1.0,1.0,0.0,
0.7466969150348061,1.4732172524466123,-0.588017490217596,0.0,0.0,0.0,1.0,0.0,1.0,0.0,1.0,0.0,
0.6713865955222584,0.8135489813551721,-0.588017490217596,1.0,0.0,0.0,0.0,0.0,0.0,1.0,1.0,0.0,
-0.1287786149509526,0.7991383642635954,-0.588017490217596,0.0,0.0,0.0,1.0,0.0,1.0,0.0,1.0,0.0,
3.4980898302021335,2.345414407566675,3.8065706278660123,0.0,0.0,1.0,0.0,0.0,0.023374774125620057,0.9766252258743799,0.0,1.0,
-0.6903624746086017,2.1486630779810185,2.4216920714246806,0.0,0.0,1.0,0.0,1.0,0.0,0.0,1.0,0.0,
0.5165569073085521,0.6523444198099773,-0.588017490217596,0.0,0.0,0.0,1.0,1.0,0.0,0.0,1.0,0.0,
2.551347108216971,1.263413834228538,-0.588017490217596,0.0,0.0,0.463943303461791,0.536056696538209,0.0,0.0,1.0,1.0,0.0,
0.4241179038773642,2.350166938366256,-0.588017490217596,0.0,0.0,1.0,0.0,0.9453279868438003,0.0,0.05467201315619974,1.0,0.0,
-0.1316110254123814,0.8018572308569565,-0.588017490217596,0.0,0.0,0.0,1.0,0.0,1.0,0.0,1.0,0.0,
0.9260800073806843,1.8569104677179504,1.5400382651951743,0.0,0.0,0.44562917349932585,0.5543708265006742,1.0,0.0,0.0,1.0,0.0,
1.6663396013223613,2.367368749506125,-0.588017490217596,0.0,0.0,1.0,0.0,0.0,1.0,0.0,0.0,1.0,
1.250043245532037,0.8853411675234322,-0.588017490217596,0.0,0.9546801676968678,0.04531983230313219,0.0,0.0,0.0,1.0,0.0,1.0,
0.2933798302242897,2.4574182261886106,5.196014156663373,0.0,0.0,0.0,1.0,0.3765922890548895,0.0,0.6234077109451105,1.0,0.0,
1.0703932338004132,0.42589203836584294,1.2398488882343703,0.0,0.22681502105187845,0.7731849789481215,0.0,0.0,1.0,0.0,0.0,1.0,
0.7597296813325631,0.8816847584621721,-0.588017490217596,1.0,0.0,0.0,0.0,0.0,1.0,0.0,1.0,0.0,
-0.13790862437842677,1.288411310137613,-0.588017490217596,0.0,0.0,0.0,1.0,1.0,0.0,0.0,1.0,0.0,
1.2862932510048446,0.8723119284133485,-0.08647037848076167,0.0,0.0,1.0,0.0,0.0,1.0,0.0,1.0,0.0,
1.7637760077517124,1.0005231792604317,-0.588017490217596,0.0,0.0,0.0,1.0,0.0,1.0,0.0,1.0,0.0,
-0.6428898517975186,1.872261625727203,-0.588017490217596,1.0,0.0,0.0,0.0,0.0,0.0,1.0,1.0,0.0,
0.7443978487170974,0.930556975884198,-0.588017490217596,0.0,0.0,1.0,0.0,0.0,0.0,1.0,1.0,0.0,
0.6145283061612199,0.9279905896952869,1.8777072751416606,0.29991259574069506,0.0,0.0,0.7000874042593049,0.0,1.0,0.0,0.0,1.0,
0.48799993732705044,1.6921073999636562,1.4697163962451878,0.0,0.0,0.0,1.0,1.0,0.0,0.0,1.0,0.0,
-0.4609929735643129,1.816586968665682,-0.588017490217596,1.0,0.0,0.0,0.0,0.0,0.0,1.0,1.0,0.0,
1.4123560105855366,2.2462300572141176,3.173555502331387,0.0,1.0,0.0,0.0,0.0,0.0,1.0,0.9145714987332065,0.08542850126679347,
1.165994127173447,1.2160162788271691,-0.588017490217596,0.0,0.0,1.0,0.0,0.0,0.0,1.0,0.0,1.0,
1.7337026612069293,1.5124577338128304,-0.588017490217596,0.0,0.0,1.0,0.0,0.0,1.0,0.0,0.0,1.0,
0.8142606428726,2.1632905585520286,2.564351544015198,0.0,1.0,0.0,0.0,0.0,0.0,1.0,1.0,0.0,
1.4981669608137422,1.1610057906805789,-0.588017490217596,1.0,0.0,0.0,0.0,0.0,0.0,1.0,1.0,0.0,
0.38425208493997765,1.0432438612786443,3.4584160523769887,0.0,0.15354399713615607,0.0,0.8464560028638439,0.0,1.0,0.0,1.0,0.0,
1.705604849590889,1.0671493709684872,1.0169433928935931,0.0,0.0,1.0,0.0,0.0,1.0,0.0,1.0,0.0,
1.5756886089346915,0.9455063773828721,0.9271831157657563,1.0,0.0,0.0,0.0,0.0,0.0,1.0,1.0,0.0,
1.4077757480837587,2.019864332455022,-0.588017490217596,0.0,0.0,0.0,1.0,0.0,0.0,1.0,1.0,0.0,
1.1872501404563676,2.164187807933897,-0.588017490217596,0.0,0.0,1.0,0.0,1.0,0.0,0.0,1.0,0.0,
1.4143903016362627,0.5202971188478543,-0.09637733537142512,0.0,0.0,0.0,1.0,0.0,1.0,0.0,1.0,0.0,
1.2583494410192588,0.4198828202412823,-0.10872609135959074,0.0,0.0,1.0,0.0,0.0,1.0,0.0,1.0,0.0,
3.0781407246259476,1.7242976674104629,-0.588017490217596,0.0,0.0,0.0,1.0,0.0,0.0,1.0,1.0,0.0,
3.7083681659511125,2.291504248958004,4.525128548016988,0.0,0.16338563517829896,0.836614364821701,0.0,0.0,0.836614364821701,0.16338563517829896,1.0,0.0,
0.8914402008965859,0.5028549584502089,2.7187396165186035,0.0,0.0,1.0,0.0,0.0,0.20134429066111426,0.7986557093388857,0.7986557093388857,0.20134429066111426,
1.2908059784649062,0.5964170292666875,-0.588017490217596,0.6691409996716472,0.0,0.3308590003283528,0.0,1.0,0.0,0.0,1.0,0.0,
2.240527657693739,1.1208250885004218,3.4869624550779013,0.0,0.0,1.0,0.0,0.0,0.0,1.0,0.5006325965832863,0.4993674034167137,
0.35788292603575866,0.8439670456538222,-0.588017490217596,0.0,0.0,1.0,0.0,0.0,0.0,1.0,1.0,0.0,
2.0568760927387384,1.3548303838274214,-0.588017490217596,0.0,0.0,0.0,1.0,0.2522628332653434,0.0,0.7477371667346566,0.0,1.0,
2.121006228302764,1.3870726130614124,-0.588017490217596,0.0,0.0,0.0,1.0,0.0,0.0,1.0,1.0,0.0,
0.9806357987898965,0.18157925806637515,-0.588017490217596,0.0,0.0,1.0,0.0,0.0,1.0,0.0,1.0,0.0,
1.4005638890405718,1.835777751800131,-0.588017490217596,0.0,0.0,0.0,1.0,0.0,0.0,1.0,1.0,0.0,
0.8066481313044815,2.273791211339685,-0.588017490217596,0.0,0.0,1.0,0.0,1.0,0.0,0.0,1.0,0.0,
0.5001780081761718,2.3333189436342283,-0.588017490217596,0.70937642851461,0.29062357148539,0.0,0.0,0.0,1.0,0.0,0.0,1.0,
1.4286119189383546,2.4526367759144967,-0.588017490217596,0.0,1.0,0.0,0.0,0.0,1.0,0.0,1.0,0.0,
1.7420941235029759,2.016024262847877,0.7943842503450301,0.0,0.0,1.0,0.0,0.0,1.0,0.0,0.0,1.0,
3.0438624745846843,2.0577054871588425,0.3641034630197269,0.0,0.293213604799869,0.706786395200131,0.0,0.0,0.0,1.0,0.0,1.0,
0.6170951920787312,0.24359632578270912,-0.588017490217596,0.0,0.0,0.0,1.0,0.25445456811290446,0.7455454318870955,0.0,0.0,1.0,
3.8303771319191324,2.328410144842775,-0.588017490217596,0.8313579188298187,0.1686420811701813,0.0,0.0,0.0,0.0,1.0,1.0,0.0,
0.8607081063678953,2.3577550565494287,-0.588017490217596,0.0,0.0,0.15139795710191217,0.8486020428980878,0.0,1.0,0.0,0.0,1.0,
3.5948690344941814,2.3731424994379666,4.8932456248597225,0.0,1.0,0.0,0.0,0.0,0.2511025231151478,0.7488974768848522,1.0,0.0,
0.47431172119021303,0.8747740361096543,-0.588017490217596,0.0,0.0,0.0,1.0,0.0,0.0,1.0,1.0,0.0,
-0.19008692516939787,1.8107409896190894,4.220402788852022,0.0,1.0,0.0,0.0,0.0,1.0,0.0,1.0,0.0,
0.4023949705052259,0.8025761634090268,-0.588017490217596,0.0,1.0,0.0,0.0,0.0,0.0,1.0,1.0,0.0,
-0.3398449723957139,1.521504309036718,2.13650002751878,1.0,0.0,0.0,0.0,0.0,1.0,0.0,0.7713358937841913,0.22866410621580868,
-0.7032930374150783,1.2605276532339207,3.072540573137402,0.0,0.0,0.0,1.0,1.0,0.0,0.0,1.0,0.0,
1.3477288311566888,1.9927042211465977,-0.588017490217596,1.0,0.0,0.0,0.0,0.0,0.0,1.0,0.0,1.0,
1.435802419120314,1.46120611375228,1.1037701575354713,0.0,0.0,1.0,0.0,1.0,0.0,0.0,1.0,0.0,
1.5691046614850506,0.5208764752423848,1.7695372981597024,1.0,0.0,0.0,0.0,0.0,0.0,1.0,1.0,0.0,
1.2965481062368727,0.9161263559157417,-0.588017490217596,0.0,1.0,0.0,0.0,0.0,1.0,0.0,1.0,0.0,
1.9215945562829482,1.2016750824634637,0.1195940975917768,0.0,0.0,0.0,1.0,1.0,0.0,0.0,1.0,0.0,
2.291581284492391,1.6076899771681377,-0.588017490217596,0.0,0.0,0.0,1.0,0.0,0.0,1.0,1.0,0.0,
1.0671401002276293,0.32636821105685426,1.342628675162939,0.0,0.0,1.0,0.0,0.0,1.0,0.0,0.14221304388051126,0.8577869561194887,
1.5596309506908566,1.367538330318395,-0.14139328316400912,0.0,1.0,0.0,0.0,0.0,0.0,1.0,1.0,0.0,
1.0425259263467161,1.0990482206480712,1.428709896669932,0.0,1.0,0.0,0.0,0.0,0.0,1.0,1.0,0.0,
0.8186158695275068,2.2930593279874065,4.887262247541266,1.0,0.0,0.0,0.0,0.0,0.0,1.0,0.0,1.0,
1.3210045691306997,1.499955211900001,-0.588017490217596,0.0,0.0,1.0,0.0,0.0,1.0,0.0,1.0,0.0,
2.202843836121862,1.2578900666854722,-0.588017490217596,0.0,0.0,0.0,1.0,0.0,0.0,1.0,1.0,0.0,
1.8902728642357065,1.203153666060262,-0.588017490217596,0.0,0.0,0.0,1.0,0.0,1.0,0.0,1.0,0.0,
0.7997677538936927,0.9065583972913631,2.000364400815855,0.0,0.0,0.0,1.0,0.0,1.0,0.0,0.4257954557808078,0.5742045442191922,
3.143276037604018,1.7493073514115396,-0.588017490217596,0.0,0.0,0.0,1.0,0.0,0.0,1.0,1.0,0.0,
0.7410413350871545,0.5414275569413647,1.8658208190188592,0.6732713184694209,0.0,0.3267286815305791,0.0,0.0,1.0,0.0,0.0,1.0,
2.6869677141115074,1.3717728099756081,1.4576390749724588,0.0,0.0,1.0,0.0,0.0,1.0,0.0,1.0,0.0,
0.45801956128238724,1.0755249467112156,-0.588017490217596,1.0,0.0,0.0,0.0,0.0,1.0,0.0,1.0,0.0,
2.71111143252248,1.9265095118354996,2.2769031359237135,1.0,0.0,0.0,0.0,0.0,0.0,1.0,0.0,1.0,
2.5755554607743396,1.509020664674641,0.15496160170591478,0.0,0.0,0.0,1.0,0.0,1.0,0.0,0.0,1.0,
1.73707671447023,0.9113230918585111,0.13714735066464323,1.0,0.0,0.0,0.0,0.0,1.0,0.0,0.0,1.0,
-0.43034793835967894,1.0415764345655385,-0.588017490217596,0.0,0.0,0.0,1.0,1.0,0.0,0.0,1.0,0.0,
0.931105726449135,2.2445764311951235,-0.588017490217596,0.0,0.0,0.0,1.0,0.0,1.0,0.0,1.0,0.0,
-0.3849454384703236,2.494307187501234,1.2585663868517114,0.0,0.0,0.07803786729481577,0.9219621327051842,0.07803786729481577,0.9219621327051842,0.0,1.0,0.0,
1.6040633873298804,0.6781986125268635,-0.13625416201844442,0.0,0.0,0.0,1.0,0.0,1.0,0.0,1.0,0.0,
-0.3964227011044682,2.216890250074729,4.873013869516928,0.0,0.0,0.0,1.0,1.0,0.0,0.0,0.25203236886554303,0.747967631134457,
1.1671091526645043,0.3612456111029841,-0.20326263434050879,0.0,0.0,1.0,0.0,0.0,1.0,0.0,1.0,0.0,
2.2542445651725984,1.8886150273439477,-0.588017490217596,1.0,0.0,0.0,0.0,0.0,0.0,1.0,1.0,0.0,
2.169364309164493,2.44157255423613,-0.588017490217596,0.0,1.0,0.0,0.0,0.0,1.0,0.0,1.0,0.0,
1.5775659127736832,2.5048547502874055,4.550274632453131,0.0,0.42450875918950537,0.0,0.5754912408104946,0.0,0.0,1.0,0.0,1.0,
0.5125442476151096,1.1912908379601324,-0.5558612665822968,0.0,0.0,1.0,0.0,0.0,1.0,0.0,1.0,0.0,
2.728309287425163,1.9334799414018682,4.055492594429202,0.0,0.0,1.0,0.0,0.0,1.0,0.0,0.15669476342211963,0.8433052365778804,
0.49250302092506326,0.6331649181194943,-0.588017490217596,0.0,1.0,0.0,0.0,0.0,0.0,1.0,1.0,0.0,
1.8668004228146382,1.6127504860423454,0.21952203474920995,1.0,0.0,0.0,0.0,0.0,1.0,0.0,0.0,1.0,
1.1996219681695335,0.7197106914911799,-0.588017490217596,0.0,0.0,1.0,0.0,0.0,1.0,0.0,1.0,0.0,
0.8106775647740557,0.5883754078949256,2.664935658751092,0.0,0.0,1.0,0.0,0.0,0.0,1.0,1.0,0.0,
1.1416661979349396,0.9745549654756889,-0.588017490217596,0.0,0.0,0.0,1.0,0.0,1.0,0.0,1.0,0.0,
1.9178734763805885,1.7780533339517812,-0.588017490217596,0.0,0.0,1.0,0.0,0.0,1.0,0.0,0.6879394037922769,0.3120605962077231,
0.2553748472917545,1.0602274095883861,-0.588017490217596,0.0,0.0,0.0,1.0,1.0,0.0,0.0,1.0,0.0,
2.0114155428109552,1.708251304536835,-0.588017490217596,0.0,0.0,1.0,0.0,0.0,1.0,0.0,1.0,0.0,
0.9719707442657227,0.451320100986762,2.5843673225733697,0.0,0.0,1.0,0.0,0.0,0.6767270154875309,0.3232729845124691,0.3232729845124691,0.6767270154875309,
2.28419127521615,1.4319602405744472,0.841665808248175,0.5770571330066872,0.0,0.0,0.42294286699331285,0.0,1.0,0.0,0.0,1.0,
1.666485517385271,0.9836894877568167,0.9372832908970019,1.0,0.0,0.0,0.0,0.0,0.0,1.0,1.0,0.0,
0.8713518723034348,0.8476602545832289,2.0873881758449717,0.0,0.0,0.0,1.0,0.0,1.0,0.0,0.6068972119249703,0.39310278807502974,
0.14682524241151057,2.2330778604397192,-0.588017490217596,0.0,1.0,0.0,0.0,0.0,1.0,0.0,0.2913282709087922,0.7086717290912078,
-0.30968504544974396,1.9819443338007419,-0.588017490217596,1.0,0.0,0.0,0.0,0.0,1.0,0.0,1.0,0.0,
0.27881262728582334,2.449727442991012,5.194494990461555,0.0,0.0,0.0,1.0,0.34434522320756566,0.0,0.6556547767924343,1.0,0.0,
-0.2615982479891839,1.305400987383223,2.5212334107221848,0.7982672897515518,0.2017327102484482,0.0,0.0,0.0,1.0,0.0,1.0,0.0,
-0.7661155822783937,1.3590944631046775,2.5637399049488785,0.0,0.0,1.0,0.0,1.0,0.0,0.0,0.24970275854107715,0.7502972414589228,
0.8616127619306105,1.5069202893392446,-0.588017490217596,0.0,0.0,0.0,1.0,0.0,1.0,0.0,1.0,0.0,
2.0198473352619595,1.3007048707706916,-0.05254647520003386,0.0,0.0,0.0,1.0,1.0,0.0,0.0,1.0,0.0,
1.9966357616478965,2.4265160869244857,-0.588017490217596,0.0,0.0,0.0,1.0,0.0,0.0,1.0,1.0,0.0,
2.081202629127532,1.142051809585794,0.38752086615194026,0.48417999674243994,0.0,0.0,0.5158200032575601,0.0,1.0,0.0,0.0,1.0,
2.2896004474060057,1.1704343361465046,0.4803782947990385,0.0,0.0,1.0,0.0,0.0,1.0,0.0,1.0,0.0,
0.3168025406952859,1.4397800551784345,-0.588017490217596,1.0,0.0,0.0,0.0,0.0,1.0,0.0,0.0,1.0,
1.3233181361945254,2.1455199713518565,2.854761528005745,0.0,1.0,0.0,0.0,0.0,0.0,1.0,1.0,0.0,
-0.9292577363616187,0.956982653303168,2.8100702253991514,0.0,0.0,0.0,1.0,0.6598620147948124,0.0,0.34013798520518757,1.0,0.0,
0.5706823855171458,2.339295550718777,-0.588017490217596,1.0,0.0,0.0,0.0,0.0,0.0,1.0,0.07639785299618262,0.9236021470038174,
1.9073960360213555,0.8882375655325583,-0.588017490217596,0.0,1.0,0.0,0.0,0.0,1.0,0.0,1.0,0.0,
0.5578470111773366,1.727739670946184,-0.588017490217596,0.0,1.0,0.0,0.0,0.0,0.0,1.0,1.0,0.0,
2.42460610698822,1.5464954708408618,2.2494058820604255,0.0,0.8746077131305905,0.1253922868694095,0.0,0.0,0.0,1.0,0.0,1.0,
0.620479848093107,0.23319960873303358,-0.588017490217596,0.0,0.0,0.0,1.0,0.19451431694613797,0.805485683053862,0.0,0.0,1.0,
0.9421438752668259,1.8686744047345762,1.9188636733335622,0.0,1.0,0.0,0.0,0.0,0.0,1.0,1.0,0.0,
0.1405066236665299,1.8942394521185253,-0.588017490217596,0.0,1.0,0.0,0.0,0.0,1.0,0.0,0.34727776666146914,0.6527222333385309,
1.8014345320844511,1.3926947484276095,-0.588017490217596,0.0,0.0,0.7543581544637422,0.24564184553625779,0.0,0.0,1.0,0.0,1.0,
0.17972620512338683,2.275498638976847,-0.588017490217596,0.0,1.0,0.0,0.0,0.0,1.0,0.0,0.0,1.0,
1.505086018618719,1.3719975083005136,-0.588017490217596,1.0,0.0,0.0,0.0,0.0,0.0,1.0,1.0,0.0,
1.5531463696862982,2.472662418300379,-0.588017490217596,0.0,0.0,0.0,1.0,0.0,1.0,0.0,1.0,0.0,
2.3571363513336125,1.5423062724263945,-0.588017490217596,0.0,0.0,1.0,0.0,0.0,1.0,0.0,1.0,0.0,
0.7713441336398061,1.8223710703259268,-0.588017490217596,1.0,0.0,0.0,0.0,0.0,0.0,1.0,1.0,0.0,
1.7043396428264055,1.6956024553223077,-0.588017490217596,0.9235160968287093,0.0,0.07648390317129072,0.0,0.0,0.0,1.0,0.0,1.0,
1.8335577347040315,2.1166022353541,0.12139590421833468,0.0,0.0,1.0,0.0,1.0,0.0,0.0,1.0,0.0,
0.9689450316014236,2.2764917716799733,-0.588017490217596,0.0,0.0,0.0,1.0,0.3501879375528385,0.6498120624471615,0.0,0.0,1.0,
0.6957235387866332,1.1130689064806358,-0.588017490217596,0.0,0.0,1.0,0.0,0.0,1.0,0.0,1.0,0.0,
-0.934268466133905,1.0478656062252398,2.844363625931351,0.0,0.0,0.0,1.0,1.0,0.0,0.0,0.8586872347176125,0.14131276528238745,
0.5491714419646256,0.7240159089236228,0.8365366363503325,0.0,0.0,1.0,0.0,0.0,1.0,0.0,1.0,0.0,
1.361043938061413,1.8489736423496355,-0.588017490217596,0.0,0.0,0.0,1.0,1.0,0.0,0.0,0.0,1.0,
1.7031227795390045,0.9156484775879898,-0.588017490217596,0.0,0.0,0.0,1.0,0.0,0.0,1.0,1.0,0.0,
1.9669925453693085,1.6709916722467508,-0.588017490217596,0.0,0.7949571591242642,0.20504284087573577,0.0,0.0,1.0,0.0,0.0,1.0,
-0.3874251592318429,1.6206682747046341,-0.588017490217596,1.0,0.0,0.0,0.0,0.0,0.0,1.0,1.0,0.0,
2.0335738249326147,1.8711516981338863,-0.588017490217596,0.0,0.0,1.0,0.0,1.0,0.0,0.0,1.0,0.0,
2.589603358531406,1.7337390329357574,2.1524009281675935,0.0,0.4746434985751504,0.5253565014248496,0.0,0.0,1.0,0.0,1.0,0.0,
1.4027150923924854,2.4943909133862903,-0.588017490217596,0.0,1.0,0.0,0.0,0.0,1.0,0.0,1.0,0.0,
-0.08971727227523985,0.8008988020122089,-0.588017490217596,0.0,0.0,0.0,1.0,1.0,0.0,0.0,1.0,0.0,
2.4505819125295214,1.8129712188267841,-0.588017490217596,0.0,1.0,0.0,0.0,0.0,0.0,1.0,1.0,0.0,
0.48328920265194786,0.8337620831845722,-0.588017490217596,0.0,1.0,0.0,0.0,0.0,0.0,1.0,1.0,0.0,
1.3769557956371794,1.7896128883716023,-0.588017490217596,1.0,0.0,0.0,0.0,0.0,1.0,0.0,0.0,1.0,
2.4684493964466387,2.4185727434340554,-0.29231694205480063,0.0,0.0,1.0,0.0,0.0,0.0,1.0,1.0,0.0,
0.7489059370992762,0.6229798436439512,-0.588017490217596,0.933283506754303,0.0,0.06671649324569695,0.0,1.0,0.0,0.0,0.0,1.0,
-0.7941158489601127,1.2665224046473607,-0.588017490217596,0.0,0.0,0.753834637671428,0.246165362328572,1.0,0.0,0.0,1.0,0.0,
2.2557224655249395,2.3969377057590933,-0.588017490217596,0.0,0.0,0.0,1.0,0.0,0.0,1.0,1.0,0.0,
0.5799948494712162,-0.2082986518516589,1.55624545433186,1.0,0.0,0.0,0.0,1.0,0.0,0.0,0.9919526943603733,0.008047305639626745,
1.4858620891407284,1.2910235215323098,0.42971360703779604,0.0,1.0,0.0,0.0,0.0,0.0,1.0,1.0,0.0,
0.4562482771118129,1.1590239163079805,-0.588017490217596,0.0,1.0,0.0,0.0,0.0,0.0,1.0,1.0,0.0,
0.9522360758467758,0.4750640830631776,-0.588017490217596,0.0,0.0,1.0,0.0,0.0,0.0,1.0,0.7422990855494636,0.25770091445053644,
1.9150531738426528,1.3607314754611461,-0.588017490217596,0.0,0.0,1.0,0.0,1.0,0.0,0.0,0.36580584846809516,0.6341941515319048,
1.164184088126768,1.305264446977945,-0.588017490217596,0.0,0.0,0.0,1.0,0.0,0.0,1.0,1.0,0.0,
3.8878787855713557,2.185576938758678,-0.588017490217596,0.0,0.0,0.0,1.0,0.0,0.0,1.0,1.0,0.0,
1.9678620621141065,0.8354663468286194,1.414858922989643,0.0,1.0,0.0,0.0,0.0,0.0,1.0,0.0,1.0,
1.9026176355123126,2.2034671362372573,-0.588017490217596,0.0,0.0,1.0,0.0,0.0,1.0,0.0,0.0,1.0,
0.1309201776770168,1.4964456886840507,-0.588017490217596,0.0,1.0,0.0,0.0,0.0,0.0,1.0,1.0,0.0,
1.4313785445087033,1.048635701395147,-0.3253640605551793,0.0,1.0,0.0,0.0,0.0,0.0,1.0,1.0,0.0,
-0.967496754387922,2.5790290753717304,1.3918389171288958,0.0,0.0,0.0,1.0,0.0,0.06212378222292281,0.9378762177770772,0.06212378222292281,0.9378762177770772,
-0.2436246587687632,1.763754432356856,4.125965662376282,0.0,1.0,0.0,0.0,0.0,1.0,0.0,1.0,0.0,
1.294136647622402,1.2424979073717766,1.304410797877283,0.0,0.0,1.0,0.0,1.0,0.0,0.0,1.0,0.0,
2.6687224252261545,2.401708014121313,-0.588017490217596,1.0,0.0,0.0,0.0,0.0,0.0,1.0,0.0,1.0,
0.4549317187648089,1.4405563392560166,-0.588017490217596,0.0,1.0,0.0,0.0,0.0,0.0,1.0,1.0,0.0,
1.1129265704093267,2.0994495743320223,3.945388827905164,0.0,1.0,0.0,0.0,0.0,0.0,1.0,0.0,1.0,
0.46584710901959236,1.500189148999932,1.8478540690666279,0.0,0.0,1.0,0.0,0.0,0.0,1.0,1.0,0.0,
2.078909419215125,2.488472854045493,-0.588017490217596,0.0,0.0,0.0,1.0,0.0,0.0,1.0,1.0,0.0,
-0.5271324982338097,1.1855740336182148,2.1191257072888554,0.0,0.0,0.10360970442422923,0.8963902955757708,1.0,0.0,0.0,0.0,1.0,
0.7947875747878306,2.316814713012124,4.931916670805422,0.953033043611868,0.0,0.0,0.046966956388131975,0.0,0.0,1.0,0.0,1.0,
1.5914053141076634,1.3591326192895323,-0.588017490217596,0.0,0.0,1.0,0.0,0.0,1.0,0.0,0.0,1.0,
0.2086810227310799,2.429590538455675,1.8488657598564182,0.0,0.0,1.0,0.0,0.0,0.0,1.0,1.0,0.0,
0.32222617710080076,1.9504006761081372,2.36979792785281,0.0,0.0,0.0,1.0,0.0,1.0,0.0,0.0,1.0,
1.063539060715181,1.8755125627169802,2.0363043979162234,0.0,1.0,0.0,0.0,0.0,0.0,1.0,1.0,0.0,
0.6986374375181641,0.6508284851148588,-0.588017490217596,0.5948051250838212,0.0,0.0,0.4051948749161788,0.0,1.0,0.0,0.0,1.0,
2.858648794911774,1.573900735188241,-0.588017490217596,0.0,0.0,0.0,1.0,0.0,0.0,1.0,1.0,0.0,
2.20548404168366,1.0843318720943627,-0.588017490217596,0.0,0.0,0.0,1.0,0.0,0.0,1.0,1.0,0.0,
0.80085722638835,0.8499078593129598,2.8746039306341076,0.0,0.0,0.0,1.0,0.0,1.0,0.0,1.0,0.0,
0.9095267114721832,0.29555073291010486,-0.588017490217596,0.0,0.0,0.0,1.0,0.0,1.0,0.0,0.4924334250329355,0.5075665749670645,
1.0344788503186646,0.778695296999829,-0.588017490217596,1.0,0.0,0.0,0.0,0.0,0.0,1.0,1.0,0.0,
2.7220720323126466,1.407310619356814,-0.588017490217596,0.0,0.0,1.0,0.0,0.0,1.0,0.0,1.0,0.0,
1.1672482554074073,0.6401562954153073,-0.588017490217596,0.0,0.0,1.0,0.0,0.0,1.0,0.0,1.0,0.0,
0.7907496400879326,1.4108037194278373,3.949326557142908,0.0,0.0,0.9744089631475049,0.025591036852495086,1.0,0.0,0.0,1.0,0.0,
1.5607015121106609,2.0585670900447837,-0.588017490217596,0.0,0.0,1.0,0.0,1.0,0.0,0.0,1.0,0.0,
2.223927291455452,1.2955315930408275,2.315945995912425,0.0,0.06719639353743889,0.9328036064625611,0.0,0.0,1.0,0.0,1.0,0.0,
1.785264611677026,2.4492361111154812,-0.588017490217596,0.0,0.0,0.0,1.0,0.0,0.0,1.0,1.0,0.0,
1.563800954392702,0.9463409061057519,0.9560064534107936,0.0,0.0,1.0,0.0,0.0,1.0,0.0,1.0,0.0,
0.8128598804635425,1.690563302927369,-0.588017490217596,0.0,0.0,1.0,0.0,0.0,0.0,1.0,1.0,0.0,
1.2796883292457384,1.4508653812950052,2.780671471555478,0.0,0.0,1.0,0.0,0.9717837045323843,0.028216295467615726,0.0,1.0,0.0,
4.50199796408679,2.754879907083632,-0.588017490217596,0.9544870067414627,0.0,0.0,0.045512993258537304,0.0,0.0,1.0,1.0,0.0,
0.7986982915732249,1.0733900620813148,-0.588017490217596,0.0,0.0,0.0,1.0,0.0,1.0,0.0,1.0,0.0,
0.977077576601473,2.455635901548395,1.8420632583300773,0.0,1.0,0.0,0.0,0.0,0.9798966634734719,0.02010333652652807,1.0,0.0,
0.5386596840283546,2.040874556602534,-0.588017490217596,1.0,0.0,0.0,0.0,0.0,0.0,1.0,1.0,0.0,
3.0089090306317927,2.10100639440868,3.2612429640594613,0.0,0.0,1.0,0.0,0.0,0.632283218008591,0.367716781991409,0.0,1.0,
3.232998850409885,2.3743119515189517,3.2741495895135593,0.0,0.1381098790496047,0.0,0.8618901209503953,0.0,1.0,0.0,1.0,0.0,
1.8485709738320826,1.1022594335894464,-0.588017490217596,0.0,0.0,0.5542513537204223,0.44574864627957766,1.0,0.0,0.0,0.0,1.0,
1.1587419254747737,1.2611259497547593,1.4467030941175247,0.0,1.0,0.0,0.0,0.0,0.8344469810839438,0.16555301891605623,1.0,0.0,
1.8145158397883074,2.324769301072932,-0.588017490217596,0.0,1.0,0.0,0.0,0.0,1.0,0.0,1.0,0.0,
1.4327541957582577,1.2831877507799883,-0.588017490217596,0.0,0.0,0.0,1.0,0.0,0.0,1.0,0.0,1.0,
0.377195510793371,2.2645840640328045,-0.21803194151737026,1.0,0.0,0.0,0.0,0.0,0.0,1.0,1.0,0.0,
0.7391229337029446,2.443854090710813,-0.588017490217596,0.0,0.0,1.0,0.0,0.0,1.0,0.0,0.0,1.0,
1.4065555176418176,0.5857719546943742,-0.588017490217596,0.0,0.0,1.0,0.0,0.0,0.0,1.0,1.0,0.0,
2.405366331793941,1.706072255298758,2.108748170233074,0.3536917513071308,0.6463082486928692,0.0,0.0,0.0,0.0,1.0,0.0,1.0,
3.92100271843229,2.288211295460716,2.2492139483327707,0.0,1.0,0.0,0.0,0.0,1.0,0.0,1.0,0.0,
0.9106942582886464,2.217467009906421,-0.588017490217596,0.0,0.0,0.0,1.0,0.0,1.0,0.0,1.0,0.0,
1.2571507888856697,0.9388867124227466,-0.588017490217596,1.0,0.0,0.0,0.0,0.0,0.0,1.0,1.0,0.0,
-0.22161550112615666,1.78106002098166,-0.588017490217596,1.0,0.0,0.0,0.0,0.0,0.0,1.0,1.0,0.0,
0.7989812477466847,1.6109228992948936,-0.4043451335187297,0.0,0.0,1.0,0.0,0.0,0.0,1.0,1.0,0.0,
-0.7355759832968998,1.607251385672046,-0.588017490217596,0.0,0.0,1.0,0.0,0.0,1.0,0.0,0.0,1.0,
0.3428798452735111,1.2626499660178956,-0.588017490217596,0.0,1.0,0.0,0.0,0.0,0.0,1.0,1.0,0.0,
1.093614018835483,0.7730188374484104,-0.588017490217596,1.0,0.0,0.0,0.0,0.0,0.0,1.0,1.0,0.0,
1.1911465544051085,2.351871377360351,4.8382468724343815,0.18139088513815693,0.8186091148618431,0.0,0.0,0.0,0.0,1.0,0.0,1.0,
0.5248092966074009,0.9976612815272117,0.33501286904134037,1.0,0.0,0.0,0.0,0.0,0.0,1.0,1.0,0.0,
1.1752051148324785,1.3052131493087287,0.8513180633085636,0.0,1.0,0.0,0.0,0.0,0.0,1.0,1.0,0.0,
0.10213294295256403,1.618425642451515,-0.588017490217596,1.0,0.0,0.0,0.0,0.0,1.0,0.0,1.0,0.0,
2.0435441232385223,1.272613942661084,-0.588017490217596,0.0,0.0,0.0,1.0,0.0,0.4964448873921199,0.5035551126078801,0.0,1.0,
1.1109630206234982,0.5690102746500636,-0.588017490217596,0.0,0.0,0.0,1.0,0.0,1.0,0.0,1.0,0.0,
-0.41975582605054607,2.155128638297402,2.272678446499926,0.0,0.0,0.0,1.0,0.0,1.0,0.0,0.8166516403146064,0.18334835968539365,
0.979662833373008,0.5492703638612355,-0.588017490217596,0.0,1.0,0.0,0.0,0.0,1.0,0.0,1.0,0.0,
3.5557491316597494,2.34745795363225,-0.588017490217596,0.0,0.0,1.0,0.0,0.07087856669813797,0.0,0.929121433301862,1.0,0.0,
1.2151368074679822,0.4099961973489773,-0.588017490217596,0.0,0.0,0.0,1.0,0.0,1.0,0.0,1.0,0.0,
0.932563903132159,0.46366279898485824,0.795979150349719,1.0,0.0,0.0,0.0,0.0,0.0,1.0,1.0,0.0,
2.579155305493249,1.4918693422906473,-0.588017490217596,0.0,0.0,0.0,1.0,0.10150666288358456,0.8984933371164154,0.0,1.0,0.0,
0.7751161861791404,0.8998845462170756,1.9976095790261839,0.0,0.0,0.0,1.0,0.0,1.0,0.0,0.44631641101342767,0.5536835889865723,
1.904000996526722,1.6496847781660127,-0.588017490217596,0.0,0.0,0.0,1.0,1.0,0.0,0.0,0.0,1.0,
0.7006911159577328,1.2196706725617474,-0.588017490217596,0.0,0.0,0.0,1.0,0.0,1.0,0.0,1.0,0.0,
0.5525781607381548,1.0483821109901799,-0.588017490217596,0.0,1.0,0.0,0.0,0.0,0.0,1.0,1.0,0.0,
0.7883066374725298,0.5981473405286922,-0.588017490217596,0.0,0.0,0.0,1.0,1.0,0.0,0.0,0.9443996535578885,0.05560034644211154,
0.9952865999801278,1.7009137442500284,-0.588017490217596,0.0,0.0,0.0,1.0,0.0,0.0,1.0,1.0,0.0,
3.47212611336037,2.3581607258933728,-0.588017490217596,0.0,0.0,1.0,0.0,0.5645165906606521,0.0,0.4354834093393479,1.0,0.0,
1.5734845225469078,1.20680265194677,-0.588017490217596,0.0,1.0,0.0,0.0,0.0,0.0,1.0,1.0,0.0,
0.6861591289959276,0.6279239224464163,-0.588017490217596,0.0,0.0,0.0,1.0,1.0,0.0,0.0,1.0,0.0,
0.3155979119003149,0.9154547849375171,-0.588017490217596,0.0,0.0,0.0,1.0,1.0,0.0,0.0,1.0,0.0,
2.4271723859929852,1.6047377433580707,3.1541035641432384,0.0,0.0,0.4768508234050274,0.5231491765949726,1.0,0.0,0.0,1.0,0.0,
2.363874087756611,1.6798646640718726,-0.588017490217596,0.0,1.0,0.0,0.0,0.0,0.0,1.0,1.0,0.0,
-0.8535607341520994,0.8094473083015795,2.6765648016270815,0.0,0.0,0.0,1.0,0.43296634423616365,0.0,0.5670336557638364,0.5670336557638364,0.43296634423616365,
1.90381125615433,2.0593721388281505,-0.588017490217596,0.0,0.0,0.0,1.0,0.0,0.0,1.0,1.0,0.0,
0.5543891364024969,1.7742918898141347,1.3734697871354231,0.0,0.0,0.7271911478663312,0.2728088521336688,1.0,0.0,0.0,1.0,0.0,
2.5705530456627055,1.9644204858599987,-0.588017490217596,0.0,0.0,1.0,0.0,0.0,1.0,0.0,0.0,1.0,
0.9556747216383419,0.7862598048918024,-0.588017490217596,1.0,0.0,0.0,0.0,0.0,0.0,1.0,1.0,0.0,
0.4811646805933275,1.075778991720346,-0.588017490217596,0.0,1.0,0.0,0.0,0.0,1.0,0.0,1.0,0.0,
1.2634615230509212,0.9557330136957981,-0.588017490217596,0.0,1.0,0.0,0.0,0.0,0.0,1.0,1.0,0.0,
1.345323597914196,1.0155936091312658,-0.1071068857603209,0.0,1.0,0.0,0.0,0.0,0.0,1.0,1.0,0.0,
2.2691244375934745,2.064158355254191,-0.588017490217596,1.0,0.0,0.0,0.0,0.0,0.0,1.0,0.0,1.0,
0.9152081395868092,1.8722825438092827,-0.27579718524962593,1.0,0.0,0.0,0.0,0.0,1.0,0.0,0.0,1.0,
-0.8293390869930388,2.0999700111071347,-0.588017490217596,1.0,0.0,0.0,0.0,0.0,1.0,0.0,1.0,0.0,
0.7199911809546474,0.828443916385347,-0.588017490217596,0.0,1.0,0.0,0.0,0.0,1.0,0.0,1.0,0.0,
1.5057495011890563,1.8012487194724391,-0.588017490217596,1.0,0.0,0.0,0.0,0.0,1.0,0.0,0.0,1.0,
0.9447927762307826,0.7053632475748459,0.46189906012394794,0.0,0.0,1.0,0.0,0.0,1.0,0.0,1.0,0.0,
1.2190216356049441,0.6361281119743388,-0.588017490217596,0.0,1.0,0.0,0.0,0.0,1.0,0.0,1.0,0.0,
1.343715803355884,1.2148626612064242,-0.588017490217596,0.0,1.0,0.0,0.0,0.0,1.0,0.0,1.0,0.0,
1.1498194506210664,1.194938326669948,1.3142118974285142,0.0,1.0,0.0,0.0,0.0,0.7265920616789214,0.27340793832107857,1.0,0.0,
0.9177656795637535,1.420502493001876,3.903424923787543,0.0,0.0,1.0,0.0,1.0,0.0,0.0,1.0,0.0,
0.34912769820150014,1.256193491182447,-0.588017490217596,0.0,1.0,0.0,0.0,0.0,0.0,1.0,1.0,0.0,
-0.43051606216696964,2.3927059686354437,1.5165177150709157,0.0,0.0,0.0,1.0,0.0,1.0,0.0,1.0,0.0,
4.527697860794958,2.7579657791909478,-0.588017490217596,0.0045031347953186085,0.0,0.9954968652046814,0.0,0.0,0.0,1.0,1.0,0.0,
2.4075838213200926,1.7525910417451003,-0.588017490217596,0.0,1.0,0.0,0.0,0.0,0.0,1.0,1.0,0.0,
-0.9058959609067352,1.3530708985517483,0.1463576967990817,0.0,0.0,0.0,1.0,0.0,0.0,1.0,1.0,0.0,
0.8006874919223451,-0.01750670348270189,0.9388348130924122,1.0,0.0,0.0,0.0,1.0,0.0,0.0,1.0,0.0,
0.8156824771521225,0.0955640995002073,1.189340901041149,1.0,0.0,0.0,0.0,0.5263990552075499,0.0,0.4736009447924501,1.0,0.0,
0.34031969856668465,2.255937143122375,-0.588017490217596,1.0,0.0,0.0,0.0,0.0,0.0,1.0,1.0,0.0,
2.2928041721018944,1.363636167745949,0.49665338119041164,0.14351291836155433,0.0,0.0,0.8564870816384457,0.0,1.0,0.0,0.0,1.0,
3.4892616728327046,2.4966167269015065,-0.588017490217596,0.0,0.6950445869159264,0.3049554130840736,0.0,0.0,0.0,1.0,1.0,0.0,
-0.15565636114047765,2.16963938405067,4.834488780956852,0.38694513877848447,0.0,0.0,0.6130548612215155,0.6130548612215155,0.0,0.38694513877848447,0.0,1.0,
2.5607495360272265,1.259436779282662,0.007950863187631607,0.0,0.0,1.0,0.0,0.0,1.0,0.0,1.0,0.0,
1.2562438718798505,1.0791793380385293,-0.588017490217596,1.0,0.0,0.0,0.0,0.0,0.0,1.0,1.0,0.0,
-0.027860520451833126,2.2580068070910504,2.768542183000054,0.0,0.4595297283171653,0.0,0.5404702716828347,0.0,1.0,0.0,0.0,1.0,
1.3332604798915981,1.072901616781623,-0.01806331987972909,0.0,1.0,0.0,0.0,0.0,0.0,1.0,1.0,0.0,
0.9777346192039145,0.9907841852799995,-0.588017490217596,0.0,1.0,0.0,0.0,0.0,1.0,0.0,1.0,0.0,
1.8612476461341947,1.698216695210708,-0.588017490217596,0.0,0.0,1.0,0.0,0.0,1.0,0.0,0.0,1.0,
1.267983303795152,2.4326064151801865,1.3960608583245906,0.0,1.0,0.0,0.0,0.0,0.0,1.0,1.0,0.0,
0.09752826689697632,1.6864083785712958,-0.588017490217596,0.0,1.0,0.0,0.0,0.0,1.0,0.0,1.0,0.0,
-0.4290926564559223,2.2602091977680208,-0.588017490217596,0.0,0.0,1.0,0.0,0.9844157896090787,0.0,0.015584210390921283,0.0,1.0,
-0.46387206449263235,2.2982057803168408,0.16472048138887221,0.0,0.0,0.0,1.0,0.0,0.0,1.0,1.0,0.0,
1.0874616329259346,1.559011553050137,-0.588017490217596,0.0,0.0,1.0,0.0,0.0,0.0,1.0,0.0,1.0,
3.071251214512852,2.274689575493441,3.3848580463582327,0.0,0.0,0.0,1.0,0.132134423623961,0.867865576376039,0.0,1.0,0.0,
0.7004440171761365,0.5246821069316523,0.9391334043585545,1.0,0.0,0.0,0.0,0.0,0.0,1.0,1.0,0.0,
1.6256818467349978,1.3747429116041672,-0.588017490217596,0.0,0.0,1.0,0.0,0.0,1.0,0.0,0.0,1.0,
3.587678389479681,2.342096467932262,-0.588017490217596,0.05880208737252379,0.0,0.9411979126274762,0.0,0.0,0.0,1.0,1.0,0.0,
0.3014047392748577,2.3732818949504733,-0.588017490217596,0.0,0.0,1.0,0.0,1.0,0.0,0.0,0.876990312903594,0.12300968709640603,
-0.9492035830329836,1.6580156685772818,-0.588017490217596,0.0,0.0,0.0,1.0,0.0,0.0,1.0,0.28676040323798735,0.7132395967620127,
1.0403264094064826,0.3901793340605087,2.241235012973389,0.0,0.0,1.0,0.0,0.0,1.0,0.0,0.0,1.0,
0.7291296576896669,0.8466140446023398,-0.588017490217596,0.0,0.0,1.0,0.0,1.0,0.0,0.0,0.0,1.0,
3.9117549208925513,2.2768868887609996,-0.588017490217596,0.9079842575836362,0.0,0.0,0.09201574241636379,0.0,0.0,1.0,1.0,0.0,
-0.740968726751164,1.1883486307353421,-0.588017490217596,0.0,0.0,1.0,0.0,0.3049613402759127,0.6950386597240873,0.0,1.0,0.0,
0.5941618660414475,0.3974418028491809,-0.588017490217596,0.10285146227685538,0.0,0.0,0.8971485377231446,1.0,0.0,0.0,0.0,1.0,
2.2765311481214363,2.0462835488711004,-0.5466105732708862,0.0,0.0,1.0,0.0,0.0,1.0,0.0,1.0,0.0,
1.3452826154268955,0.8324633524042689,-0.25204887581485613,0.0,0.0,0.0,1.0,0.0,1.0,0.0,1.0,0.0,
1.7859152707248007,1.1790761363461257,3.2330794306603563,0.0,0.0,1.0,0.0,0.32538171415460937,0.0,0.6746182858453906,1.0,0.0,
1.128115336381621,0.9608825800461042,-0.588017490217596,0.0,1.0,0.0,0.0,0.0,1.0,0.0,1.0,0.0,
0.8484958034816699,1.5780591054398316,-0.588017490217596,0.0,0.0,0.0,1.0,0.0,0.0,1.0,1.0,0.0,
0.7587922260878983,1.151458800529238,-0.588017490217596,0.0,0.0,0.0,1.0,0.0,1.0,0.0,1.0,0.0,
0.943087170012105,2.3587718746116324,4.84465766323947,0.8148068383036878,0.0,0.0,0.18519316169631217,0.0,0.0,1.0,0.0,1.0,
2.4471354390860682,1.2029462536079565,0.3838194058444213,0.0,0.0,1.0,0.0,0.0,1.0,0.0,1.0,0.0,
1.5868656172966378,1.6885063307624344,-0.588017490217596,0.0,0.0,0.0,1.0,0.0,0.0,1.0,1.0,0.0,
0.6953381703210265,1.5611009307452242,-0.588017490217596,1.0,0.0,0.0,0.0,0.0,1.0,0.0,0.0,1.0,
1.3028977490422453,0.7585089985672099,-0.588017490217596,0.0,1.0,0.0,0.0,0.0,1.0,0.0,1.0,0.0,
1.9311277589436227,1.0354310662685693,0.5384456853213497,1.0,0.0,0.0,0.0,0.0,1.0,0.0,0.0,1.0,
2.03831075638573,1.501659603442775,-0.588017490217596,1.0,0.0,0.0,0.0,0.0,0.0,1.0,1.0,0.0,
0.45825741049379004,2.280146532403203,0.8505134373280259,1.0,0.0,0.0,0.0,0.0,0.0,1.0,1.0,0.0,
2.2320465258368207,1.1132292248458135,-0.588017490217596,0.0,0.0,0.0,1.0,0.0,0.0,1.0,1.0,0.0,
1.1311136378730542,0.9651007321093582,-0.588017490217596,0.0,0.0,0.0,1.0,0.0,1.0,0.0,1.0,0.0,
0.12078872651547881,0.8693715922937579,-0.588017490217596,0.0,0.0,0.0,1.0,0.0,1.0,0.0,1.0,0.0,
0.4789722694468479,2.2808769522800745,0.8611625829020585,1.0,0.0,0.0,0.0,0.0,0.0,1.0,1.0,0.0,
2.9603061027365234,1.9906959361881071,3.236760705422032,0.0,0.0,0.0,1.0,0.45959644819174517,0.5404035518082548,0.0,1.0,0.0,
2.2853270547635676,2.316185193119277,-0.588017490217596,0.0,0.0,0.0,1.0,0.0,0.0,1.0,1.0,0.0,
1.7649516265333167,2.3485050342125215,-0.588017490217596,0.07340229307711787,0.9265977069228821,0.0,0.0,0.0,1.0,0.0,1.0,0.0,
-0.24566172797894256,1.014476090898788,-0.588017490217596,0.0,0.0,1.0,0.0,1.0,0.0,0.0,0.6476240102884144,0.35237598971158557,
0.6443538228149757,1.0383784242660314,-0.5147224355470397,0.0,1.0,0.0,0.0,0.0,0.0,1.0,1.0,0.0,
0.42434860465680113,0.7804803227747736,-0.588017490217596,0.0,1.0,0.0,0.0,0.0,0.0,1.0,1.0,0.0,
0.9515761796793021,1.7511820866191743,-0.588017490217596,1.0,0.0,0.0,0.0,0.0,1.0,0.0,0.0,1.0,
1.2558913647922392,0.8741105428525985,-0.588017490217596,0.0,1.0,0.0,0.0,0.0,0.0,1.0,0.01164937845955838,0.9883506215404416,
0.7704605627392368,2.2882139708867935,2.9604704284671453,0.0,1.0,0.0,0.0,0.0,0.0,1.0,0.907688957581543,0.092311042418457,
1.4874863855492573,0.8273565570913604,-0.588017490217596,0.0,0.0,0.0,1.0,0.0,1.0,0.0,1.0,0.0,
1.139667999232695,2.453428890496689,-0.588017490217596,0.0,0.0,1.0,0.0,0.0,1.0,0.0,1.0,0.0,
2.272907491593862,0.9770212250305539,1.7610106553849993,0.0,1.0,0.0,0.0,0.0,0.0,1.0,0.0,1.0,
1.7567014059078239,1.79758043721367,-0.588017490217596,1.0,0.0,0.0,0.0,0.0,0.0,1.0,0.0,1.0,
2.20791074268661,1.4193527515456275,1.0616131512239921,0.9908828442812706,0.0,0.009117155718729397,0.0,0.0,1.0,0.0,0.0,1.0,
2.1232921978192723,1.137360035895779,3.552561449847985,0.10138581009986691,0.0,0.8986141899001331,0.0,0.0,0.0,1.0,1.0,0.0,
1.0852158458068908,2.3115245052616884,-0.588017490217596,0.0,0.0,1.0,0.0,0.0,1.0,0.0,0.0,1.0,
1.036996339620732,0.1689089656605574,-0.588017490217596,0.0,0.0,1.0,0.0,0.0,1.0,0.0,1.0,0.0,
0.40021550912929005,2.259195534436267,-0.588017490217596,1.0,0.0,0.0,0.0,0.0,0.0,1.0,1.0,0.0,
2.476925313379755,1.4844094509516395,-0.20434017277464972,1.0,0.0,0.0,0.0,0.0,0.0,1.0,1.0,0.0,
0.46160319417185236,0.8715847924325751,-0.588017490217596,0.0,0.0,0.0,1.0,0.0,1.0,0.0,1.0,0.0,
-0.5266109632084195,1.185774284842691,2.1180640302796223,0.0,0.0,0.10176248921054831,0.8982375107894517,1.0,0.0,0.0,0.0,1.0,
-0.9503118260430886,1.4160210552161412,2.7555245549436185,0.0,0.753075875984461,0.0,0.24692412401553898,0.0,0.0,1.0,1.0,0.0,
2.2190006709647805,2.04238135599819,1.2732399807911994,0.2908845364867413,0.0,0.7091154635132587,0.0,0.0,0.0,1.0,0.0,1.0,
1.163801880503637,2.036156102169727,1.1268459830293223,0.0,0.0,1.0,0.0,1.0,0.0,0.0,1.0,0.0,
1.9433026092413508,2.220754926389493,0.8132072766895065,0.0,0.0,1.0,0.0,0.0,0.0,1.0,0.9141139081314358,0.08588609186856422,
1.4594040630592378,1.1415302720622562,2.5539561144948495,0.0,0.0,0.0,1.0,0.0,0.41058952993846487,0.5894104700615351,1.0,0.0,
2.116282420059089,1.9350491693322664,-0.588017490217596,1.0,0.0,0.0,0.0,0.0,0.0,1.0,0.0,1.0,
1.379700455574247,0.48855443246217434,1.3867806796794957,1.0,0.0,0.0,0.0,0.0,0.0,1.0,1.0,0.0,
1.0485625359207769,0.4482703222208262,-0.588017490217596,0.0,1.0,0.0,0.0,0.0,1.0,0.0,1.0,0.0,
0.8535102311302332,2.3719223577499533,-0.588017490217596,0.0,1.0,0.0,0.0,0.0,1.0,0.0,1.0,0.0,
0.0591882407261784,0.8617444131398129,-0.588017490217596,0.0,0.0,0.0,1.0,0.0,1.0,0.0,1.0,0.0,
1.0312373650198392,1.3746899752912227,-0.588017490217596,0.0,0.0,1.0,0.0,0.0,0.0,1.0,1.0,0.0,
0.9143119730356468,0.979499800446112,-0.588017490217596,0.0,0.0,0.0,1.0,0.0,1.0,0.0,1.0,0.0,
1.404766712297337,1.7761394696806132,-0.588017490217596,0.0,0.0,1.0,0.0,0.0,1.0,0.0,0.0,1.0,
1.637975011244258,0.6726517502961571,-0.588017490217596,0.0,0.0,0.0,1.0,0.0,0.0,1.0,1.0,0.0,
1.6483450933381365,0.9843010770721851,0.8766964651038099,0.0,0.0,1.0,0.0,0.0,1.0,0.0,1.0,0.0,
1.9431718033806993,1.5507939020623462,-0.588017490217596,0.0,0.0,0.0,1.0,0.7704240461889247,0.22957595381107532,0.0,0.0,1.0,
1.7542807865370853,1.736335742310481,-0.588017490217596,1.0,0.0,0.0,0.0,0.0,0.0,1.0,0.0,1.0,
4.527697860794958,2.771461831127232,-0.588017490217596,1.0,0.0,0.0,0.0,0.0,0.18651297665777433,0.8134870233422257,1.0,0.0,
1.4504051518418974,2.4867860121833556,-0.588017490217596,0.0,1.0,0.0,0.0,0.0,1.0,0.0,1.0,0.0,
0.7737977571282648,0.8198006080900911,-0.588017490217596,0.0,0.0,1.0,0.0,0.0,0.0,1.0,1.0,0.0,
1.080643543800037,1.3844120593838831,-0.588017490217596,1.0,0.0,0.0,0.0,0.0,0.0,1.0,1.0,0.0,
1.9781179737782477,2.208606345009822,-0.588017490217596,0.0,0.0,1.0,0.0,0.0,1.0,0.0,1.0,0.0,
3.755024814986234,2.3094187717501247,4.647094679428662,0.0,0.4388061653480524,0.5611938346519476,0.0,0.0,0.5611938346519476,0.4388061653480524,1.0,0.0,
1.384876074923788,1.050396215778565,-0.588017490217596,0.0,1.0,0.0,0.0,0.0,1.0,0.0,1.0,0.0,
-0.9629249887924956,1.3216443581336679,-0.588017490217596,0.0,0.0,0.3821624312160725,0.6178375687839275,0.0,1.0,0.0,0.0,1.0,
0.6634556785899811,1.8876571313215855,-0.588017490217596,0.0,0.0,0.0,1.0,0.0,0.0,1.0,1.0,0.0,
2.0632476025386275,1.861893676716035,-0.588017490217596,0.0,0.0,1.0,0.0,0.0,1.0,0.0,1.0,0.0,
0.6727746932696483,2.009842793822179,-0.588017490217596,0.0,1.0,0.0,0.0,0.0,0.0,1.0,1.0,0.0,
1.1917998699115422,2.0245047410676484,-0.588017490217596,0.0,0.0,0.0,1.0,0.0,1.0,0.0,0.989032074203254,0.010967925796745992,
2.686697161149319,2.199078863060771,2.8770387078879494,0.0,0.5848485242326693,0.0,0.4151514757673307,0.0,1.0,0.0,1.0,0.0,
-0.8560064804302451,1.0809793349462735,-0.588017490217596,0.0,0.0,0.26577882508501394,0.7342211749149861,0.0,1.0,0.0,0.0,1.0,
1.1262723818425011,1.609936982171725,2.2323712105007125,0.0,1.0,0.0,0.0,0.0,0.0,1.0,1.0,0.0,
2.051423965365694,1.3934951314404662,-0.588017490217596,0.0,1.0,0.0,0.0,0.0,0.0,1.0,1.0,0.0,
0.05955282259541114,1.096267292784242,2.234395334900391,1.0,0.0,0.0,0.0,0.0,1.0,0.0,0.7021691808264718,0.29783081917352816,
1.676696236599812,1.8735572434115895,-0.588017490217596,0.0,0.0,1.0,0.0,1.0,0.0,0.0,1.0,0.0,
0.7236018440952449,1.398510887186484,-0.588017490217596,0.0,0.0,1.0,0.0,0.0,1.0,0.0,0.0,1.0,
0.8006315673515795,1.2011010156241668,-0.588017490217596,0.0,0.0,1.0,0.0,0.0,0.0,1.0,1.0,0.0,
1.8578152613824084,1.6932177042509828,-0.588017490217596,0.0,0.0,1.0,0.0,0.0,1.0,0.0,0.0,1.0,
2.2860521741077267,1.1655947058046878,-0.588017490217596,0.0,0.0,0.0,1.0,0.0,0.0,1.0,1.0,0.0,
0.9702665061545818,0.4001961859505972,0.5380325264556617,0.0,0.0,1.0,0.0,0.0,1.0,0.0,1.0,0.0,
0.8709798125940762,2.0326214839735295,2.2780627522408117,0.0,1.0,0.0,0.0,0.0,0.0,1.0,1.0,0.0,
0.9058080242986648,2.275501025874531,-0.588017490217596,0.0,0.0,0.0,1.0,0.0,1.0,0.0,0.26549692934138025,0.7345030706586197,
1.1833450236721241,0.7455713868803402,-0.588017490217596,0.0,1.0,0.0,0.0,0.0,1.0,0.0,1.0,0.0,
4.255798626687317,2.5612590628763425,-0.588017490217596,1.0,0.0,0.0,0.0,0.0,0.0,1.0,1.0,0.0,
0.805775964609657,1.4387597751393302,-0.588017490217596,0.0,0.0,0.0,1.0,0.0,0.0,1.0,1.0,0.0,
2.038718934765986,2.0986331442711696,0.9311410030715026,0.0,0.0,1.0,0.0,0.0,0.0,1.0,0.28827444505816,0.71172555494184,
3.709367841517954,2.2918880894415636,4.527741821024715,0.0,0.16928685569694346,0.8307131443030565,0.0,0.0,0.8307131443030565,0.16928685569694346,1.0,0.0,
1.790102042536704,1.0959884547899783,1.231563022595851,0.0,0.0,1.0,0.0,0.0,1.0,0.0,1.0,0.0,
3.638100745067846,2.448379691564113,-0.588017490217596,0.40572031812706466,0.5942796818729353,0.0,0.0,0.0,0.0,1.0,1.0,0.0,
3.059551587451311,1.7384584915459564,-0.588017490217596,0.0,0.0,0.0,1.0,0.0,0.0,1.0,1.0,0.0,
2.3607236786147108,2.029518340027476,0.711561001624627,0.0,0.0,1.0,0.0,0.0,0.0,1.0,0.5932737454431579,0.4067262545568421,
1.0445786514128952,0.5707518856226624,-0.588017490217596,1.0,0.0,0.0,0.0,1.0,0.0,0.0,0.46878729261509167,0.5312127073849083,
-0.5502706223267109,0.7987916795223153,2.0069915911303116,0.0,0.6786981698950543,0.0,0.32130183010494573,0.0,0.0,1.0,1.0,0.0,
1.0649344209518403,1.045790181782872,-0.588017490217596,1.0,0.0,0.0,0.0,0.0,0.0,1.0,1.0,0.0,
2.068716771678494,1.9608229425603767,-0.588017490217596,0.0,0.14535123318225185,0.8546487668177482,0.0,0.0,1.0,0.0,0.0,1.0,
4.431296187312647,2.716498579988631,-0.588017490217596,0.0,0.0,1.0,0.0,0.0,0.0,1.0,1.0,0.0,
1.3007801660255804,0.8951284730819091,-0.588017490217596,0.0,1.0,0.0,0.0,0.0,0.0,1.0,0.0,1.0,
0.9328518537076178,1.1672789865025077,-0.588017490217596,0.0,0.0,1.0,0.0,0.0,0.0,1.0,1.0,0.0,
-0.0020808975098906834,1.3935216432326019,-0.588017490217596,0.0,0.0,1.0,0.0,0.0,1.0,0.0,0.0,1.0,
1.6213458847480209,2.550665928384421,4.445572404568941,0.1826194866567351,0.0,0.0,0.8173805133432649,0.0,0.0,1.0,0.0,1.0,
3.486184673655794,2.502524027685647,-0.588017490217596,0.0,0.7222905024123027,0.27770949758769725,0.0,0.0,0.0,1.0,1.0,0.0,
1.4388641740822332,2.0917295608229423,-0.588017490217596,0.0,0.0,1.0,0.0,1.0,0.0,0.0,1.0,0.0,
2.4976305229862157,1.2947761950881884,-0.588017490217596,0.0,0.0,0.0,1.0,1.0,0.0,0.0,1.0,0.0,
0.671382725091377,1.9328514509521324,1.3806486100279707,0.0,0.0,1.0,0.0,1.0,0.0,0.0,1.0,0.0,
0.38023544398758924,1.378436703265935,-0.588017490217596,0.0,1.0,0.0,0.0,0.0,0.0,1.0,1.0,0.0,
0.34555198479744936,1.2889690958087503,-0.588017490217596,0.0,1.0,0.0,0.0,0.0,1.0,0.0,1.0,0.0,
1.6133504067190456,1.4087911180474437,-0.41328804809595765,0.0,1.0,0.0,0.0,0.0,0.0,1.0,1.0,0.0,
0.5394445837303063,0.9147880250992947,-0.588017490217596,0.0,0.0,0.0,1.0,0.0,0.0,1.0,1.0,0.0,
0.10337069902967805,2.3847021845676935,-0.588017490217596,0.0,0.0,1.0,0.0,0.035221073981621664,0.9647789260183783,0.0,0.0,1.0,
0.7071751781082493,0.8728482918059943,-0.588017490217596,1.0,0.0,0.0,0.0,0.0,0.0,1.0,1.0,0.0,
0.895255208202106,1.9124210569527667,1.3359563951800302,0.0,0.0,1.0,0.0,1.0,0.0,0.0,1.0,0.0,
1.7445676071060092,0.8209304818080146,-0.588017490217596,0.0,1.0,0.0,0.0,0.0,1.0,0.0,1.0,0.0,
1.459774392900348,0.7067502664948058,0.41521449513387854,0.0,0.0,1.0,0.0,0.0,1.0,0.0,1.0,0.0,
1.9343157246282845,2.031032137205754,4.550646873264032,0.0,0.0,1.0,0.0,0.0,1.0,0.0,0.5751189447316821,0.4248810552683179,
0.3531119388264248,2.4889539094034974,5.2022434239382935,0.0,0.0,0.0,1.0,0.5088198173888455,0.0,0.4911801826111545,1.0,0.0,
0.6939707208241627,1.1412695872727108,-0.588017490217596,0.0,1.0,0.0,0.0,0.0,1.0,0.0,1.0,0.0,
-0.9808070133600615,1.3511866802128178,-0.588017490217596,0.0,1.0,0.0,0.0,0.0,0.0,1.0,1.0,0.0,
3.0330033152868077,2.327556710659453,3.612561189715004,0.0,0.0,1.0,0.0,0.0,0.847015415889389,0.152984584110611,0.0,1.0,
-0.12630156033498194,0.8332557725062808,-0.588017490217596,0.0,0.0,0.0,1.0,0.0,1.0,0.0,1.0,0.0,
1.7153955724270025,1.885910375696723,-0.588017490217596,0.0,0.0,0.0,1.0,0.0,0.0,1.0,1.0,0.0,
-0.730865833712358,2.035828044664937,2.3872879882854345,0.0,0.0,1.0,0.0,1.0,0.0,0.0,0.8739549051815128,0.12604509481848725,
0.9026421287102738,0.9711624036003217,0.3689398879587603,0.0,1.0,0.0,0.0,0.0,1.0,0.0,0.0,1.0,
1.8412139332481687,0.9583104638078059,-0.588017490217596,0.0,1.0,0.0,0.0,0.0,1.0,0.0,1.0,0.0,
1.1874698003410973,0.30060859029707443,2.2197093397357457,1.0,0.0,0.0,0.0,1.0,0.0,0.0,0.013950767751132243,0.9860492322488678,
2.173896014411412,1.5813700020434058,-0.5667090815663625,1.0,0.0,0.0,0.0,0.0,0.0,1.0,1.0,0.0,
0.4337963064089423,0.9068078414315739,-0.588017490217596,1.0,0.0,0.0,0.0,0.0,0.0,1.0,1.0,0.0,
1.3501586778519528,2.1477441274698608,3.195795542181102,0.0,0.9191483207644102,0.0,0.08085167923558978,0.0,0.0,1.0,0.0,1.0,
2.12778650919081,1.141758537247484,0.627840262968928,0.0,0.0,1.0,0.0,0.0,1.0,0.0,1.0,0.0,
2.6131191841244257,1.4805202703791966,-0.588017490217596,0.0,0.0,1.0,0.0,0.0,1.0,0.0,1.0,0.0,
1.2508496374817866,2.1645028681535274,-0.588017490217596,0.0,0.0,1.0,0.0,0.0,1.0,0.0,0.0,1.0,
2.212429427537373,1.4134661031165339,1.0606271232139104,1.0,0.0,0.0,0.0,0.0,1.0,0.0,0.0,1.0,
-0.13872255874840078,2.1994769777899594,2.840223119045831,0.0,0.7049423489842271,0.0,0.29505765101577286,0.0,1.0,0.0,0.0,1.0,
1.3365252990489336,1.814467648527006,-0.588017490217596,0.0,0.0,0.0,1.0,0.0,0.0,1.0,1.0,0.0,
-0.6021046711336588,1.8746390693680588,-0.588017490217596,1.0,0.0,0.0,0.0,0.0,0.0,1.0,1.0,0.0,
1.7206414116643274,1.2712644074762796,-0.588017490217596,1.0,0.0,0.0,0.0,0.0,0.0,1.0,1.0,0.0,
1.4267122896366142,1.8237592901545316,-0.588017490217596,0.0,0.0,0.0,1.0,1.0,0.0,0.0,0.0,1.0,
-0.7479487644896815,2.1609651665115353,2.337046385708075,0.653060904287883,0.346939095712117,0.0,0.0,0.0,0.0,1.0,1.0,0.0,
1.3494729915072214,2.460496181101183,-0.588017490217596,0.0,1.0,0.0,0.0,0.0,1.0,0.0,1.0,0.0,
1.0575783154832086,1.454664507969873,3.832377612460469,0.0,0.0,1.0,0.0,1.0,0.0,0.0,1.0,0.0,
0.690680194188056,1.039177018686482,-0.588017490217596,0.0,0.0,0.0,1.0,0.0,1.0,0.0,1.0,0.0,
0.7537227987934632,-0.024049965302358506,-0.588017490217596,0.0,0.0,1.0,0.0,0.0,1.0,0.0,1.0,0.0,
0.2561290060053634,0.9863838664364287,1.042030262926044,0.0,0.0,1.0,0.0,0.0,0.823475848762919,0.17652415123708098,1.0,0.0,
-1.037165213229533,1.4171768861452705,-0.588017490217596,0.0,0.0,0.0,1.0,0.0,0.4495745065517933,0.5504254934482067,0.0,1.0,
1.5065890070479562,1.227284284435546,1.5084449195020107,0.0,1.0,0.0,0.0,0.0,0.0,1.0,1.0,0.0,
2.443434577331258,1.2440748933431152,0.4861708622222695,1.0,0.0,0.0,0.0,0.0,0.0,1.0,1.0,0.0,
1.4840956367420028,1.735058541911111,0.6679972708122639,0.0,0.0,1.0,0.0,0.0,0.0,1.0,1.0,0.0,
0.47208952014661915,2.259195534436267,-0.588017490217596,1.0,0.0,0.0,0.0,0.0,0.0,1.0,1.0,0.0,
0.8669437719091049,0.3385447970611435,-0.588017490217596,1.0,0.0,0.0,0.0,0.0,0.5851078195824979,0.4148921804175021,1.0,0.0,
3.514663309000675,2.290684429093705,4.254591934824396,0.0,0.0,1.0,0.0,0.0,1.0,0.0,0.773827595494831,0.22617240450516896,
0.5886547973380648,2.3365675781164534,-0.588017490217596,0.0,0.0,1.0,0.0,1.0,0.0,0.0,1.0,0.0,
2.237325676663092,1.591376258811598,-0.588017490217596,0.0,0.0,1.0,0.0,0.0,1.0,0.0,1.0,0.0,
-0.4189136178287861,1.8524580552760048,-0.588017490217596,1.0,0.0,0.0,0.0,0.0,0.0,1.0,0.15038907896224707,0.8496109210377529,
1.3716796772382613,2.238463343375698,-0.588017490217596,0.0,0.0,0.0,1.0,0.0,1.0,0.0,1.0,0.0,
2.098970536328669,2.2810405871827406,-0.588017490217596,0.0,1.0,0.0,0.0,0.0,1.0,0.0,1.0,0.0,
0.0012338188087236412,2.497691130718151,1.5151350305722497,0.0,0.0,0.37994475950001916,0.6200552404999808,0.0,1.0,0.0,1.0,0.0,
0.685588648488435,1.0136132884512077,-0.588017490217596,0.0,0.0,1.0,0.0,0.0,0.0,1.0,1.0,0.0,
-0.3384344273189548,1.8977109444952047,3.1599151426222165,0.0,0.0,1.0,0.0,1.0,0.0,0.0,1.0,0.0,
1.6332195634634876,0.7155151217260416,-0.26760820094279847,0.0,0.0,0.0,1.0,0.0,1.0,0.0,1.0,0.0,
3.265325074515113,2.03749837303017,-0.588017490217596,0.0,1.0,0.0,0.0,0.0,1.0,0.0,1.0,0.0,
-0.8832544332689822,1.0404525583346,-0.588017490217596,0.0,0.0,0.5438107905184666,0.4561892094815334,1.0,0.0,0.0,1.0,0.0,
4.527697860794958,2.7668142530623907,-0.588017490217596,0.41261638343925977,0.0,0.5873836165607402,0.0,0.0,0.0,1.0,1.0,0.0,
2.8219716651245412,1.9354182649344833,-0.588017490217596,0.0,0.0,1.0,0.0,0.0,1.0,0.0,0.0,1.0,
1.5576629949288316,1.36602707783534,-0.13143270446731836,0.0,1.0,0.0,0.0,0.0,0.0,1.0,1.0,0.0,
1.3001847836320237,0.7311483733456194,-0.2624958910727341,0.0,0.0,1.0,0.0,0.0,1.0,0.0,1.0,0.0,
0.4526382714892618,1.8290987540326693,-0.588017490217596,1.0,0.0,0.0,0.0,0.0,0.0,1.0,1.0,0.0,
1.051193184933537,2.143135778588807,-0.588017490217596,0.0,0.0,0.0,1.0,0.0,1.0,0.0,1.0,0.0,
1.296745233830876,0.5416314401958638,-0.588017490217596,0.0,0.0,0.0,1.0,0.0,0.0,1.0,1.0,0.0,
0.9956041921413745,0.7377438153183112,2.358741932828381,0.0,0.0,0.0,1.0,0.0,1.0,0.0,1.0,0.0,
1.1243871394569394,0.5820711975196622,-0.588017490217596,0.0,0.0,1.0,0.0,0.0,0.0,1.0,1.0,0.0,
0.512370927499767,2.2808769522800745,0.7831425453696108,1.0,0.0,0.0,0.0,0.0,0.0,1.0,1.0,0.0,
2.228489697965086,2.32049477750866,-0.588017490217596,0.0,1.0,0.0,0.0,0.0,1.0,0.0,1.0,0.0,
2.0308846198311663,1.6138784936443822,-0.588017490217596,0.0,1.0,0.0,0.0,0.0,0.0,1.0,1.0,0.0,
1.9215836903055945,2.486311526193082,-0.588017490217596,0.0,0.0,0.0,1.0,0.0,0.0,1.0,1.0,0.0,
1.2774296897996074,0.9193071933715784,-0.40489395044219656,0.0,0.0,0.0,1.0,0.0,1.0,0.0,1.0,0.0,
-0.38755282957075277,1.3331434805417424,-0.588017490217596,0.0,0.0,0.0,1.0,1.0,0.0,0.0,1.0,0.0,
1.1490865650608262,2.488658621867261,1.5837523460681022,0.0,1.0,0.0,0.0,0.0,0.47220046394812976,0.5277995360518702,1.0,0.0,
2.004724339417498,2.0998206602471776,-0.588017490217596,0.0,0.0,1.0,0.0,0.0,1.0,0.0,0.0,1.0,
-0.8366827533452921,0.8134851851609389,-0.588017490217596,0.0,0.0,1.0,0.0,0.0,0.0,1.0,0.15092291202334018,0.8490770879766598,
1.9404222132790891,0.9946297367180342,0.3149140191803003,0.7108288778715621,0.0,0.0,0.2891711221284379,0.0,1.0,0.0,0.0,1.0,
3.059551587451311,1.8794723226795143,-0.588017490217596,0.0,0.0,0.0,1.0,0.0,0.0,1.0,1.0,0.0,
1.6850917468225286,1.9793409056098352,-0.588017490217596,0.0,0.0,1.0,0.0,0.0,1.0,0.0,1.0,0.0,
3.209691997155683,2.0612428616966643,0.3533428630358748,0.0,0.13006124256485163,0.8699387574351484,0.0,0.0,0.0,1.0,0.0,1.0,
1.7411362007573197,2.2520335323928298,0.7654744850967335,0.0,0.0,1.0,0.0,0.6696709553299629,0.0,0.3303290446700371,1.0,0.0,
-0.275376409590253,2.497691130718151,1.3382081083213233,0.0,0.0,0.10780014084601064,0.8921998591539894,0.0,1.0,0.0,1.0,0.0,
-0.9593762466385328,1.0412889570247787,-0.588017490217596,0.0,0.0,0.0,1.0,0.0,0.7242763393866029,0.27572366061339715,0.0,1.0,
1.166389283243073,1.3247639029668536,1.44323151415588,0.0,1.0,0.0,0.0,0.0,1.0,0.0,1.0,0.0,
0.6843159113610923,0.9609631825179523,1.8889876102470713,0.0,0.0,0.13371207335994206,0.8662879266400579,0.0,1.0,0.0,0.0,1.0,
-0.08457045201350588,0.839665087419598,-0.588017490217596,0.0,0.0,0.0,1.0,0.0,1.0,0.0,1.0,0.0,
0.16136797530020117,2.101901340442781,-0.588017490217596,1.0,0.0,0.0,0.0,0.0,0.0,1.0,1.0,0.0,
0.778989037995002,0.3976043646651667,-0.588017490217596,0.0,1.0,0.0,0.0,0.0,1.0,0.0,1.0,0.0,
1.6689895731696183,2.480025588475116,4.153556402235592,0.0,0.18757348383391048,0.0,0.8124265161660895,0.0,0.0,1.0,0.0,1.0,
0.7443978487170974,2.304391442116067,2.8639975959295345,0.0,0.8692208231385091,0.13077917686149088,0.0,0.0,0.0,1.0,1.0,0.0,
2.386429978718831,1.4893295789955037,-0.588017490217596,0.0,0.0,0.0,1.0,0.0,0.0,1.0,1.0,0.0,
0.882517290999192,0.5295172086833145,2.7094647196934987,0.0,0.11150335707964754,0.8884966429203525,0.0,0.0,0.0,1.0,1.0,0.0,
1.3255678471249905,2.22784461386271,5.0140414487192535,0.0,0.0,0.8307610050918077,0.16923899490819228,0.16923899490819228,0.8307610050918077,0.0,1.0,0.0,
1.0382826441053326,0.8167239463657997,-0.588017490217596,0.0,1.0,0.0,0.0,0.0,0.0,1.0,0.6325790875623482,0.36742091243765185,
0.6920092278598399,1.6020032531042552,-0.588017490217596,1.0,0.0,0.0,0.0,0.0,1.0,0.0,0.0,1.0,
0.92965739758548,2.0808690452053646,-0.588017490217596,0.0,0.0,1.0,0.0,0.0,1.0,0.0,0.0,1.0,
1.7476144111638507,1.3790286279949926,-0.022519738502525755,0.0,1.0,0.0,0.0,0.0,0.0,1.0,1.0,0.0,
1.0996776327974687,1.973458303656225,2.3156981390731826,0.0,1.0,0.0,0.0,0.0,0.0,1.0,1.0,0.0,
0.6793960851806354,0.9733744064922292,-0.588017490217596,0.0,0.0,0.0,1.0,0.0,0.0,1.0,1.0,0.0,
0.7014578747419362,0.9046793399408193,-0.588017490217596,1.0,0.0,0.0,0.0,0.0,0.0,1.0,1.0,0.0,
0.26702934575666026,2.3525473219280655,5.128113284347439,0.23146244148941375,0.0,0.0,0.7685375585105862,0.0,0.0,1.0,0.7685375585105862,0.23146244148941375,
1.1039138426762787,1.052593243505119,-0.588017490217596,1.0,0.0,0.0,0.0,0.0,0.0,1.0,1.0,0.0,
2.7802798640246222,2.3052474882274,-0.588017490217596,1.0,0.0,0.0,0.0,0.0,0.0,1.0,0.0,1.0,
-0.21522345302866316,1.007797671526307,-0.588017490217596,0.0,0.0,1.0,0.0,1.0,0.0,0.0,0.5706177528956535,0.42938224710434647,
0.48222937093407225,1.3834192984426499,-0.588017490217596,0.0,1.0,0.0,0.0,0.0,0.0,1.0,1.0,0.0,
1.1379602137947789,2.025489493405104,3.329755962302754,0.0,1.0,0.0,0.0,0.0,0.0,1.0,0.2813937332119316,0.7186062667880684,
2.0189867773806913,1.8528612904845387,-0.588017490217596,1.0,0.0,0.0,0.0,0.0,0.0,1.0,0.0,1.0,
0.5351242108328598,2.497691130718151,1.8764507836275666,0.0,0.0,1.0,0.0,0.0,0.8293887956682785,0.1706112043317215,1.0,0.0,
-0.9199946985916296,1.0564100952690654,-0.588017490217596,0.0,0.0,0.0,1.0,0.0,0.4918017175204078,0.5081982824795922,0.0,1.0,
0.5519808630990511,0.9920132660908136,-0.588017490217596,0.0,1.0,0.0,0.0,0.0,0.0,1.0,1.0,0.0,
2.220696555269594,1.3208643966176843,1.9572716784695803,0.0,1.0,0.0,0.0,0.0,0.0,1.0,0.0,1.0,
0.5617419028168075,1.2564961807121593,2.08928693134334,0.0,0.0,1.0,0.0,1.0,0.0,0.0,1.0,0.0,
0.7703605913504821,0.8240908457833351,2.0407649041372062,0.0,0.0,0.3513978254389989,0.6486021745610011,0.0,1.0,0.0,0.0,1.0,
1.6490733877372643,1.738380398991423,-0.588017490217596,0.0,0.0,0.0,1.0,1.0,0.0,0.0,0.0,1.0,
1.9585879158706476,2.181102058550948,2.2876543557855635,0.0,1.0,0.0,0.0,0.0,1.0,0.0,1.0,0.0,
1.9761841307670238,1.7060497198165614,1.1002787743641003,0.534911633109135,0.0,0.46508836689086497,0.0,0.0,1.0,0.0,0.0,1.0,
2.749079434452891,2.4695874376708646,-0.588017490217596,1.0,0.0,0.0,0.0,0.0,0.0,1.0,0.0,1.0,
0.6928023118750342,0.6116200092366223,-0.588017490217596,0.5431368174104113,0.0,0.0,0.4568631825895887,0.0,1.0,0.0,0.0,1.0,
0.8134028280140512,0.5873373643243408,-0.588017490217596,0.0,0.0,0.0,1.0,0.8889813657208919,0.0,0.11101863427910807,1.0,0.0,
2.9902544816255996,1.7240561792446534,2.8047811597716485,1.0,0.0,0.0,0.0,0.0,0.0,1.0,0.0,1.0,
-0.6518846855634908,1.0563663562369543,2.351880815508442,0.0,0.0,0.0,1.0,1.0,0.0,0.0,0.0,1.0,
1.611779274636306,1.112508040919154,1.4631157943003508,0.0,1.0,0.0,0.0,0.0,0.0,1.0,0.8055984627531814,0.19440153724681863,
1.0547512048004866,0.4685426940927776,-0.588017490217596,0.0,1.0,0.0,0.0,0.0,1.0,0.0,1.0,0.0,
2.296427761026967,1.1729933081428754,-0.588017490217596,0.0,0.0,0.0,1.0,0.0,0.0,1.0,1.0,0.0,
4.4061476901454775,2.7057064189504803,-0.588017490217596,0.0,0.0,1.0,0.0,0.0,0.0,1.0,1.0,0.0,
1.0489172788993129,0.2567615460701167,-0.19330210534794412,0.0,0.0,1.0,0.0,0.0,1.0,0.0,1.0,0.0,
2.0421215508313684,1.1011269867856532,0.36736498115731864,0.5470984262396282,0.0,0.0,0.45290157376037177,0.0,1.0,0.0,0.0,1.0,
1.8287090870722449,2.2784902277520747,-0.588017490217596,0.0,0.0,1.0,0.0,0.0,1.0,0.0,0.0,1.0,
2.013138327813693,0.8750787799558151,-0.588017490217596,0.0,0.0,0.0,1.0,0.0,0.0,1.0,1.0,0.0,
1.8452631206647343,1.1505907297911637,0.18607969338389554,0.0,0.0,0.0,1.0,1.0,0.0,0.0,1.0,0.0,
0.47965630180132524,2.259195534436267,-0.588017490217596,1.0,0.0,0.0,0.0,0.0,0.0,1.0,1.0,0.0,
2.980507815853195,1.6607957170609795,-0.588017490217596,0.0,0.0,0.0,1.0,0.0,0.0,1.0,1.0,0.0,
1.1299179758759952,1.9264869302790175,2.220902827418709,0.0,1.0,0.0,0.0,0.0,0.0,1.0,1.0,0.0,
-0.1807384836293358,1.3396737549946307,2.2932545619190217,1.0,0.0,0.0,0.0,0.0,0.9520480113481616,0.04795198865183836,1.0,0.0,
0.6239613684237644,0.22250535158347406,-0.588017490217596,0.0,0.0,0.0,1.0,0.13285865617131776,0.8671413438286822,0.0,0.0,1.0,
4.067019543684759,2.5601738431927688,-0.588017490217596,0.0,0.0,1.0,0.0,0.0,0.0,1.0,1.0,0.0,
1.7579334015622405,0.7996811620688827,-0.588017490217596,0.0,1.0,0.0,0.0,0.0,1.0,0.0,1.0,0.0,
2.0297629633970375,1.275259684556267,-0.588017490217596,0.0,0.0,0.0,1.0,0.0,0.6184729721900192,0.3815270278099808,0.0,1.0,
0.9826046355320515,0.24482930971597425,-0.588017490217596,0.0,1.0,0.0,0.0,0.4453747610781954,0.5546252389218046,0.0,1.0,0.0,
-0.8939173207805918,2.112624972017629,-0.588017490217596,1.0,0.0,0.0,0.0,0.0,0.7466024366344806,0.25339756336551944,1.0,0.0,
1.7754023704428161,2.0021709920818958,1.1930681822210893,0.0,0.0,1.0,0.0,0.0,1.0,0.0,0.06623572480026174,0.9337642751997383,
1.7511702398529514,0.7310729030124465,-0.588017490217596,0.0,1.0,0.0,0.0,0.0,1.0,0.0,1.0,0.0,
1.1864642269325334,0.7810261408375417,-0.588017490217596,0.0,0.0,1.0,0.0,1.0,0.0,0.0,1.0,0.0,
1.7034901791336516,2.2549244837421316,0.7591929153073723,0.0,0.0,1.0,0.0,0.8030086996660499,0.0,0.19699130033395007,1.0,0.0,
0.3973358965347785,2.3390444398155634,2.082332969064537,0.0,0.0,1.0,0.0,0.0,0.0,1.0,1.0,0.0,
-0.7488908365555994,1.1944322573818422,-0.588017490217596,0.0,0.0,1.0,0.0,0.44525720769396004,0.55474279230604,0.0,1.0,0.0,
0.9144906527989906,0.8715847924325751,-0.588017490217596,0.0,0.0,0.0,1.0,0.0,1.0,0.0,1.0,0.0,
-0.0907878315965922,2.179219095006522,4.843647452581015,0.43112910785681735,0.0,0.0,0.5688708921431826,0.5688708921431826,0.0,0.43112910785681735,0.0,1.0,
0.39763145088537166,1.4904313858297318,-0.588017490217596,1.0,0.0,0.0,0.0,0.0,0.0,1.0,1.0,0.0,
1.5478888066998846,1.8829712217864496,0.9167441623169452,0.0,0.0,1.0,0.0,1.0,0.0,0.0,1.0,0.0,
2.7051825231997606,2.156897497035946,-0.588017490217596,0.0,0.0,1.0,0.0,1.0,0.0,0.0,1.0,0.0,
1.6286461678471735,1.3946125474217814,-0.588017490217596,0.0,0.0,0.7319026877372491,0.2680973122627509,0.0,0.0,1.0,0.0,1.0,
0.6147255751220618,1.1905374269575748,-0.588017490217596,0.0,1.0,0.0,0.0,0.0,1.0,0.0,1.0,0.0,
0.8561674236890474,0.8601537495273923,2.0689286617863365,0.0,0.0,0.0,1.0,0.0,1.0,0.0,0.5684818431080221,0.4315181568919779,
1.8938523989085738,1.648848914299518,-0.588017490217596,0.20548018208409125,0.7945198179159088,0.0,0.0,0.0,1.0,0.0,0.0,1.0,
-0.5742968667198576,1.1707247304983397,2.1970025775858666,0.0,0.0,0.0,1.0,1.0,0.0,0.0,0.15036683589629485,0.8496331641037052,
-0.7931317722906528,1.1232331459013634,0.02962113039628865,0.0,0.0,0.0,1.0,0.0,0.0,1.0,1.0,0.0,
2.8442021304334,1.5084239206289496,3.044163717636601,0.0,0.0,1.0,0.0,0.0,0.0,1.0,0.0,1.0,
-0.7649497484558687,1.3814764354680653,2.5579040161591977,0.0,0.0,1.0,0.0,1.0,0.0,0.0,0.2703489842857464,0.7296510157142536,
2.8681771022615177,2.206443339802216,-0.588017490217596,0.0,0.0,1.0,0.0,1.0,0.0,0.0,1.0,0.0,
2.12557423482266,1.3954359620050882,0.8776999366897591,0.0,1.0,0.0,0.0,0.0,0.0,1.0,0.0,1.0,
1.2030778082499598,2.484963888876152,-0.588017490217596,0.0,0.0,1.0,0.0,0.0,1.0,0.0,0.0,1.0,
0.16923604481808155,2.3918762726014053,5.183067605170162,0.0,0.0,0.0,1.0,0.10177818510917358,0.0,0.8982218148908264,1.0,0.0,
1.4772717467267724,0.8722254010042716,0.9204663690089313,0.0,0.0,1.0,0.0,0.0,1.0,0.0,1.0,0.0,
-0.6672812602671788,2.2061212502912073,0.17702788349133036,0.0,0.0,0.0,1.0,0.0,0.0,1.0,1.0,0.0,
1.9026849792172094,1.812272029546067,-0.588017490217596,0.2437108482331023,0.0,0.7562891517668977,0.0,0.0,1.0,0.0,1.0,0.0,
0.18236359767798682,0.9749105801048803,-0.588017490217596,1.0,0.0,0.0,0.0,0.0,1.0,0.0,0.0,1.0,
-0.7336948089171784,1.0024371122927762,-0.588017490217596,0.964771086334964,0.0,0.0,0.035228913665036,0.0,1.0,0.0,0.0,1.0,
1.6991716506451333,1.6242609508330657,-0.588017490217596,0.0,0.0,0.0,1.0,0.0,1.0,0.0,1.0,0.0,
0.5898452323572111,1.084154517473038,-0.588017490217596,0.0,1.0,0.0,0.0,0.0,1.0,0.0,1.0,0.0,
0.09041156171344727,2.32044878350231,2.692070076876485,0.0,0.19771367223595426,0.0,0.8022863277640457,0.0,1.0,0.0,0.0,1.0,
1.2401641430983545,0.4495497696634684,0.05263622390343403,0.0,0.0,1.0,0.0,0.0,1.0,0.0,1.0,0.0,
2.979786414322705,1.6125431745496428,3.012053838537212,0.8715823707884768,0.0,0.12841762921152322,0.0,0.0,0.0,1.0,0.0,1.0,
2.7527500590393865,2.1009250982478815,3.775237396811482,0.0,0.0,1.0,0.0,0.0,1.0,0.0,0.0,1.0,
0.8875080870361793,1.7453634806600984,1.4115209297653564,0.0,0.0,1.0,0.0,1.0,0.0,0.0,1.0,0.0,
3.206599584344558,2.415256940033978,-0.588017490217596,0.0,0.0,1.0,0.0,0.0,0.0,1.0,1.0,0.0,
1.722035538124684,1.642938384224562,-0.588017490217596,0.0,0.0,1.0,0.0,0.0,1.0,0.0,1.0,0.0,
-0.36464891110155073,2.205241634080241,4.934037614835563,0.0,0.0,0.0,1.0,0.5760373689747659,0.0,0.4239626310252341,0.4239626310252341,0.5760373689747659,
1.292447063980983,2.399320308870565,-0.588017490217596,0.0,0.0,1.0,0.0,0.0,1.0,0.0,1.0,0.0,
1.2954287470918933,0.9964357300132708,0.019439113141986653,0.0,1.0,0.0,0.0,0.0,0.0,1.0,1.0,0.0,
1.7975224078527448,0.9231431456927677,-0.1641983072155817,0.0,0.0,0.0,1.0,0.0,0.0,1.0,1.0,0.0,
2.032132453417213,1.422075283851038,-0.588017490217596,0.0,0.0,1.0,0.0,1.0,0.0,0.0,1.0,0.0,
0.7775216247071683,2.1524838492030334,2.4897266765734005,0.0,0.08380034755182941,0.9161996524481706,0.0,0.0,0.0,1.0,1.0,0.0,
1.2719310357129827,2.1113103066950956,-0.588017490217596,0.0,0.0,1.0,0.0,0.0,1.0,0.0,0.0,1.0,
-0.802335469489037,1.092894637562432,2.6070996774465027,0.0,0.0,0.0,1.0,1.0,0.0,0.0,0.5990811075861907,0.4009188924138093,
1.179063799764919,1.9930240857719088,-0.588017490217596,0.0,0.0,0.0,1.0,0.0,1.0,0.0,1.0,0.0,
-0.2574880364038454,1.422552206222865,-0.588017490217596,1.0,0.0,0.0,0.0,0.0,1.0,0.0,1.0,0.0,
2.2232064217767395,1.7932745279657532,-0.588017490217596,1.0,0.0,0.0,0.0,0.0,0.0,1.0,1.0,0.0,
-0.42025037838672413,2.0128194058684006,-0.588017490217596,1.0,0.0,0.0,0.0,0.0,1.0,0.0,1.0,0.0,
1.6920272338953317,2.367602623655305,-0.588017490217596,0.0,1.0,0.0,0.0,0.0,1.0,0.0,1.0,0.0,
0.7733928857283956,0.8870136444816512,-0.4904496055655385,0.0,0.0,1.0,0.0,0.0,0.0,1.0,1.0,0.0,
0.6604856550845206,0.6316205662505442,-0.588017490217596,0.0,0.0,0.0,1.0,1.0,0.0,0.0,1.0,0.0,
-0.8975336712554578,1.0604032751315215,2.7783009827617855,0.0,0.0,0.0,1.0,1.0,0.0,0.0,0.7864037417940714,0.21359625820592865,
1.327204590196461,1.0953622147196758,-0.588017490217596,1.0,0.0,0.0,0.0,0.0,0.0,1.0,1.0,0.0,
1.5576745169186361,0.6188262619995479,0.07273639496450128,0.0,0.0,0.0,1.0,0.0,1.0,0.0,1.0,0.0,
3.191524418123004,2.2153348177902132,3.0729527630992894,0.0,0.0,0.0,1.0,0.0,0.6657098547051814,0.3342901452948186,1.0,0.0,
-0.15553464004619155,1.4728480474717438,2.062432751674935,0.0,0.0,0.0,1.0,1.0,0.0,0.0,0.0,1.0,
1.1529803999090618,2.1897423857249025,1.54317841035623,0.0,1.0,0.0,0.0,0.0,0.0,1.0,1.0,0.0,
0.12325904076401598,2.24673580566378,5.004536902832027,0.0,0.42882101183548826,0.0,0.5711789881645117,0.0,0.42882101183548826,0.5711789881645117,1.0,0.0,
-0.7355099227654761,0.904882076500908,-0.588017490217596,0.0,1.0,0.0,0.0,0.0,0.0,1.0,1.0,0.0,
4.466992999791729,2.7308135134933202,-0.588017490217596,1.0,0.0,0.0,0.0,0.0,0.0,1.0,1.0,0.0,
-0.9456813286221115,1.1911432751673336,0.12113125050120307,0.0,0.0,0.0,1.0,0.0,0.0,1.0,1.0,0.0,
0.5046492762718083,1.3318601609246765,-0.588017490217596,1.0,0.0,0.0,0.0,0.0,0.0,1.0,1.0,0.0,
2.839416215305126,1.5047486723023034,3.0498868171801328,0.0,0.0,1.0,0.0,0.0,0.0,1.0,0.0,1.0,
1.4686220098757368,2.3617095613918244,-0.588017490217596,0.0,1.0,0.0,0.0,0.0,1.0,0.0,1.0,0.0,
0.7443978487170974,2.304258836206911,2.8636436061731776,0.0,0.8683470933186029,0.13165290668139706,0.0,0.0,0.0,1.0,1.0,0.0,
0.1565713861940765,2.355377991849377,2.649292601193516,0.0,0.051257264270318514,0.0,0.9487427357296815,0.0,1.0,0.0,0.0,1.0,
0.390559565172865,1.2922563944615248,-0.588017490217596,0.0,1.0,0.0,0.0,0.0,0.0,1.0,1.0,0.0,
1.2353855331859114,0.8333767557352525,-0.588017490217596,0.0,0.0,1.0,0.0,0.15244961351303088,0.8475503864869691,0.0,1.0,0.0,
2.312243767291631,1.1600831291526252,-0.588017490217596,0.0,0.0,0.0,1.0,0.15312432052147262,0.0,0.8468756794785274,1.0,0.0,
-0.8093452028800507,1.3216975122906485,2.470653826076007,0.0,1.0,0.0,0.0,0.0,0.0,1.0,1.0,0.0,
4.527697860794958,2.739993633794518,-0.588017490217596,1.0,0.0,0.0,0.0,0.0,0.9122080755532894,0.08779192444671058,1.0,0.0,
3.8469126634376756,2.3447004944937166,4.887300644304706,0.0,0.9812326031662271,0.01876739683377293,0.0,0.0,0.01876739683377293,0.9812326031662271,1.0,0.0,
0.9085522045321319,0.06042622239615758,-0.588017490217596,0.0,0.0,1.0,0.0,0.0,1.0,0.0,1.0,0.0,
0.749009304016498,0.4923800970850598,-0.588017490217596,0.0,0.0,0.0,1.0,0.0,0.0,1.0,1.0,0.0,
1.7503946864234208,1.5175154203839911,-0.588017490217596,0.0,0.0,0.0,1.0,0.0,1.0,0.0,1.0,0.0,
2.0431426289826318,1.5599939947824644,3.35510329239197,0.0,0.0,1.0,0.0,0.791703850288097,0.0,0.20829614971190302,1.0,0.0,
-0.7553032957464186,1.132398427638354,-0.588017490217596,0.0,0.0,1.0,0.0,0.7794090289273745,0.0,0.22059097107262549,1.0,0.0,
1.6513833766094728,2.2985141835334875,-0.588017490217596,0.265543981100654,0.734456018899346,0.0,0.0,0.0,1.0,0.0,1.0,0.0,
1.9935832779202716,2.15640152741496,0.8753537342236801,0.0,0.0,1.0,0.0,0.0,0.0,1.0,0.5843210082690697,0.41567899173093026,
1.0831806834435098,0.4379957179687263,-0.588017490217596,0.0,1.0,0.0,0.0,0.0,1.0,0.0,1.0,0.0,
3.4693700206374887,2.3144405361962264,-0.4803977073447242,0.0,0.0,1.0,0.0,0.0,0.0,1.0,1.0,0.0,
1.0849946163499187,2.114582927981591,-0.588017490217596,0.0,0.0,0.0,1.0,0.0,1.0,0.0,1.0,0.0,
1.240861125887782,2.0207667917073766,0.02306217087489007,1.0,0.0,0.0,0.0,0.0,1.0,0.0,0.0,1.0,
2.611783760104594,2.051491729560645,0.7162466753893879,0.0,0.0,1.0,0.0,0.0,0.0,1.0,0.0,1.0,
0.7806628100727919,-0.02550762966485126,-0.588017490217596,0.0,0.0,1.0,0.0,0.0,1.0,0.0,1.0,0.0,
2.589011253459775,1.9163223871867863,-0.588017490217596,0.0,1.0,0.0,0.0,0.0,0.0,1.0,1.0,0.0,
-0.6696957948176604,1.755174057602888,-0.588017490217596,0.0,0.0,1.0,0.0,0.0,1.0,0.0,1.0,0.0,
1.0555863792132518,1.55818688686437,1.6274334002181168,0.0,1.0,0.0,0.0,0.0,0.3777410908916612,0.6222589091083388,1.0,0.0,
0.7466093576332554,1.2203178548297358,-0.588017490217596,1.0,0.0,0.0,0.0,0.0,0.0,1.0,1.0,0.0,
1.7263470969190062,1.0322254736651837,-0.588017490217596,0.0,0.0,0.0,1.0,1.0,0.0,0.0,0.0,1.0,
0.19583973534661459,0.8715847924325751,-0.588017490217596,0.0,0.0,0.0,1.0,0.0,1.0,0.0,1.0,0.0,
0.6140476582737912,0.8676839944258791,-0.588017490217596,0.0,0.0,0.0,1.0,0.0,1.0,0.0,1.0,0.0,
1.219486410014265,1.3451982307527928,-0.588017490217596,0.0,0.0,1.0,0.0,0.0,1.0,0.0,0.0,1.0,
3.5500172095201394,2.006964270720704,2.2917733116066,0.0,0.3350777597649225,0.0,0.6649222402350775,0.0,0.3350777597649225,0.6649222402350775,1.0,0.0,
1.2510655929404941,2.35126780370466,-0.588017490217596,0.0,1.0,0.0,0.0,0.0,1.0,0.0,1.0,0.0,
1.0534916990097507,0.7317302794575892,-0.588017490217596,0.0,0.0,1.0,0.0,0.0,0.0,1.0,1.0,0.0,
0.5749963556389843,0.7121197288541801,-0.588017490217596,0.0,0.0,1.0,0.0,0.8136156328090693,0.0,0.18638436719093066,0.0,1.0,
1.8173098865106996,1.6769074031448745,-0.588017490217596,0.0,0.0,1.0,0.0,0.0,1.0,0.0,1.0,0.0,
0.014905634907489002,2.3892840414991126,-0.588017490217596,0.0,0.0,1.0,0.0,0.0,1.0,0.0,0.9594372861273758,0.04056271387262422,
-0.7930368103191425,1.1051574877657886,-0.588017490217596,0.0,0.0,0.37729437722138104,0.622705622778619,0.0,1.0,0.0,0.0,1.0,
1.672921745045477,1.72922346317653,-0.588017490217596,0.0,0.0,0.0,1.0,1.0,0.0,0.0,0.0,1.0,
-0.8775772706917676,0.8158864097580882,-0.588017490217596,0.0,0.0,0.0,1.0,1.0,0.0,0.0,1.0,0.0,
0.1689454085692107,2.319116166672161,-0.588017490217596,0.0,0.8090784852314433,0.19092151476855668,0.0,0.0,1.0,0.0,0.0,1.0,
0.9708607192501416,1.7986381472522661,1.7701731192408667,0.0,1.0,0.0,0.0,0.0,0.0,1.0,1.0,0.0,
0.08861949819911225,1.2546871134998827,-0.588017490217596,1.0,0.0,0.0,0.0,0.0,1.0,0.0,1.0,0.0,
2.3567997274234886,2.2133897302708476,-0.588017490217596,1.0,0.0,0.0,0.0,0.0,0.0,1.0,0.0,1.0,
1.1948684044896807,0.9855338339195293,0.06704616131362431,0.0,1.0,0.0,0.0,0.0,0.0,1.0,1.0,0.0,
-0.6672812602671788,2.26264229429894,-0.3313999967028454,0.7102567520318136,0.0,0.0,0.2897432479681864,0.0,0.0,1.0,1.0,0.0,
2.662673178690253,1.9713182860696166,-0.588017490217596,0.0,1.0,0.0,0.0,0.0,0.0,1.0,1.0,0.0,
1.6098957727352754,2.1162946011327772,0.8132800862263709,0.0,0.0,1.0,0.0,1.0,0.0,0.0,1.0,0.0,
2.377039191718215,1.4557271441244646,0.5576367987340974,0.028963283212506852,0.0,0.0,0.9710367167874931,0.0,1.0,0.0,0.0,1.0,
0.6814366226847499,0.821501495368437,-0.588017490217596,0.0,0.0,1.0,0.0,0.0,1.0,0.0,1.0,0.0,
0.8251845279562183,0.564718559019121,-0.588017490217596,0.0,0.0,0.0,1.0,0.7846579055663716,0.0,0.2153420944336284,1.0,0.0,
1.6546387569841265,1.7362434916849334,-0.588017490217596,0.0,0.0,0.0,1.0,1.0,0.0,0.0,0.0,1.0,
1.284375939175887,2.0775221657330354,-0.588017490217596,0.0,0.0,0.0,1.0,1.0,0.0,0.0,0.0,1.0,
0.9064691221995275,2.266231904853657,-0.588017490217596,0.0,0.0,0.0,1.0,0.0,1.0,0.0,0.9350930786161679,0.06490692138383214,
0.6996616342037313,0.974437661673756,-0.588017490217596,0.0,0.0,1.0,0.0,0.0,0.0,1.0,1.0,0.0,
1.7022885537479637,1.434251594331707,-0.588017490217596,0.0,0.0,1.0,0.0,0.0,0.0,1.0,0.0,1.0,
-0.5919792657663434,1.3930712674107493,-0.588017490217596,0.0,0.0,1.0,0.0,0.0,1.0,0.0,1.0,0.0,
1.001081753550009,0.38540500632257707,-0.588017490217596,0.4847600799211891,0.5152399200788109,0.0,0.0,0.0,1.0,0.0,1.0,0.0,
0.12036833889726244,1.4057751148391928,-0.588017490217596,0.0,1.0,0.0,0.0,0.0,1.0,0.0,1.0,0.0,
1.5914053141076634,1.9448890070512108,-0.588017490217596,0.0,0.0,1.0,0.0,0.0,1.0,0.0,0.0,1.0,
1.1890057103583496,1.1598306331683463,1.3708795219865246,0.0,1.0,0.0,0.0,0.0,0.9579138701544453,0.04208612984555471,1.0,0.0,
1.0707619707450562,0.3806433658330837,0.6858996248794089,1.0,0.0,0.0,0.0,0.22028490839567327,0.0,0.7797150916043267,1.0,0.0,
1.5067115023213073,1.6195872414802426,-0.588017490217596,0.0,0.0,1.0,0.0,0.0,0.0,1.0,0.0,1.0,
1.307879789750044,1.0922818066441586,-0.588017490217596,1.0,0.0,0.0,0.0,0.0,0.0,1.0,1.0,0.0,
-0.823199797136629,1.218487477933498,-0.588017490217596,0.0,0.0,1.0,0.0,0.23877516007097666,0.0,0.7612248399290233,1.0,0.0,
-0.7002337788779347,0.7988629838807735,-0.588017490217596,0.0,0.0,0.0,1.0,1.0,0.0,0.0,1.0,0.0,
2.59788032800702,1.474850204490685,-0.588017490217596,0.0,0.0,0.0,1.0,0.0,1.0,0.0,1.0,0.0,
1.5950812110948869,1.3094473972704412,-0.588017490217596,0.0,0.0,1.0,0.0,0.0,0.9674510219441057,0.032548978055894295,0.0,1.0,
2.2608313045012474,1.3979161025090838,2.0433738540451634,0.0,1.0,0.0,0.0,0.0,0.0,1.0,0.0,1.0,
1.937764278558687,2.04238135599819,1.0468127154172835,0.0,0.0,1.0,0.0,0.0,0.38301314992970814,0.6169868500702919,0.0,1.0,
0.34912769820150014,1.2195515353132804,-0.588017490217596,0.0,1.0,0.0,0.0,0.0,0.0,1.0,1.0,0.0,
0.9825559974718121,1.8133232301244506,1.8110921259951023,0.0,1.0,0.0,0.0,0.0,0.0,1.0,1.0,0.0,
1.1870860836480204,1.1302796879061598,1.4290035805184966,0.0,0.9465820532061499,0.0,0.053417946793850146,0.0,1.0,0.0,1.0,0.0,
0.5468646359592624,1.0720401283869072,-0.588017490217596,0.0,1.0,0.0,0.0,0.0,0.0,1.0,1.0,0.0,
0.392741973286741,2.396160278348931,5.042918548601613,0.0,0.40345213103037036,0.0,0.5965478689696296,0.5965478689696296,0.40345213103037036,0.0,1.0,0.0,
0.15175548035919884,2.3644764416599378,5.164347802712043,0.03604678921240534,0.0,0.0,0.9639532107875947,0.0,0.0,1.0,0.9639532107875947,0.03604678921240534,
-0.45433518882615775,1.5788276205424923,3.754285808953491,0.0,1.0,0.0,0.0,0.0,1.0,0.0,1.0,0.0,
0.8964101426434421,0.4698324792597097,0.7979900079814406,1.0,0.0,0.0,0.0,0.0,0.0,1.0,1.0,0.0,
1.9523353046132133,2.2091941284853758,0.8243716075167516,0.0,0.0,1.0,0.0,0.0,0.0,1.0,0.8548681009747636,0.14513189902523638,
1.1715248692104447,1.335279485395489,-0.588017490217596,0.0,1.0,0.0,0.0,0.0,1.0,0.0,1.0,0.0,
-0.34718338549539485,2.2366184342529047,4.890874767015043,0.0,0.0,0.0,1.0,1.0,0.0,0.0,0.2899453725266674,0.7100546274733326,
1.364433162031574,2.4096543512809174,-0.588017490217596,0.0,0.0,0.0,1.0,0.0,1.0,0.0,1.0,0.0,
1.5951488583521343,1.3128069086977092,-0.588017490217596,0.0,0.0,1.0,0.0,0.0,1.0,0.0,0.0,1.0,
1.2704410292055377,1.3052131493087287,0.6685721397542724,0.0,1.0,0.0,0.0,0.0,0.0,1.0,1.0,0.0,
2.5087475368118044,1.7390496719146427,-0.588017490217596,0.0,0.0,1.0,0.0,0.0,0.0,1.0,1.0,0.0,
2.817995195176016,2.257248697827711,3.0506193128177905,0.0,0.405986190948029,0.0,0.594013809051971,0.0,1.0,0.0,1.0,0.0,
0.06751185238766873,1.6057120973284364,-0.588017490217596,0.0,1.0,0.0,0.0,0.0,1.0,0.0,1.0,0.0,
2.0069485017603292,1.1619677199850655,0.04784637654406934,0.0,0.0,0.0,1.0,1.0,0.0,0.0,1.0,0.0,
1.9844099618983615,1.2649872491539946,0.009540417531520462,0.0,0.0,0.0,1.0,1.0,0.0,0.0,1.0,0.0,
1.0361676381189027,2.1295598166091834,4.906410939508732,0.0,0.3263720844730593,0.6736279155269407,0.0,0.0,1.0,0.0,1.0,0.0,
1.7007847795780353,1.771495028228698,-0.588017490217596,0.0,0.0,0.0,1.0,0.0,1.0,0.0,1.0,0.0,
0.8733314308491277,1.802846654620716,1.6316398576479034,0.0,0.0,1.0,0.0,1.0,0.0,0.0,1.0,0.0,
-0.4078186059926984,1.928211868102843,2.1748473260013155,1.0,0.0,0.0,0.0,0.0,0.44936622065700804,0.550633779342992,1.0,0.0,
1.426982119147299,1.2310759293008458,0.23717078279624215,0.0,1.0,0.0,0.0,0.0,0.0,1.0,1.0,0.0,
0.7810394448644952,-0.025254554117749933,-0.588017490217596,0.0,0.0,1.0,0.0,0.0,1.0,0.0,1.0,0.0,
2.8658279446639137,1.6860305698743474,-0.588017490217596,0.0,0.0,0.0,1.0,0.0,0.0,1.0,1.0,0.0,
1.934952342391862,0.7886678089730705,-0.588017490217596,0.0,0.0,0.0,1.0,0.0,0.0,1.0,1.0,0.0,
-0.8409798243119256,0.9795193705216103,2.7357116792470233,0.0,0.0,0.6413004736741875,0.3586995263258125,1.0,0.0,0.0,0.0,1.0,
0.852389444178475,2.075449794910884,2.371897237803247,0.0,1.0,0.0,0.0,0.0,0.0,1.0,1.0,0.0,
0.5703399069339801,0.8232485806792702,-0.588017490217596,1.0,0.0,0.0,0.0,0.0,0.0,1.0,1.0,0.0,
1.6624994789613488,1.4087560540509358,-0.588017490217596,0.0,0.0,1.0,0.0,0.0,1.0,0.0,0.0,1.0,
2.389534172340483,1.781096437567293,-0.588017490217596,0.0,1.0,0.0,0.0,0.0,0.0,1.0,1.0,0.0,
-0.51863144507229,0.8975266015598593,1.9225117627215182,0.0,1.0,0.0,0.0,0.0,0.0,1.0,1.0,0.0,
3.958304244591546,2.2411402615338405,-0.588017490217596,0.08362333514128151,0.0,0.0,0.9163766648587185,0.0,0.0,1.0,1.0,0.0,
0.9855519457988913,1.376126477507075,-0.588017490217596,0.0,0.0,1.0,0.0,0.0,1.0,0.0,1.0,0.0,
1.9169828112390095,1.3633246721097176,-0.588017490217596,0.0,0.0,1.0,0.0,1.0,0.0,0.0,0.3828922155475176,0.6171077844524824,
0.04460934463289634,0.7568382311082379,-0.588017490217596,0.0,0.0,0.0,1.0,0.0,1.0,0.0,1.0,0.0,
1.139667999232695,1.697540414934783,-0.588017490217596,0.0,0.0,1.0,0.0,0.0,1.0,0.0,1.0,0.0,
3.6404952081498005,2.2662150823763723,4.436008202372096,0.0,0.0,1.0,0.0,0.0,1.0,0.0,0.9644083533230214,0.03559164667697856,
1.7717024387551112,1.1105325691588956,0.13532990399476774,0.0,0.0,0.0,1.0,1.0,0.0,0.0,1.0,0.0,
1.721876994401788,0.8042959621830219,-0.588017490217596,0.0,1.0,0.0,0.0,0.0,1.0,0.0,1.0,0.0,
2.117632256092706,0.8591300357798177,1.5529926249535555,0.0,1.0,0.0,0.0,0.0,0.0,1.0,0.0,1.0,
1.0650828847137803,2.0075980573910277,3.6360421635977245,0.0,1.0,0.0,0.0,0.0,0.0,1.0,0.0,1.0,
2.3353404609323523,2.2733036177473425,-0.588017490217596,0.0,0.0,0.0,1.0,0.0,0.0,1.0,1.0,0.0,
0.5099022836830726,1.0825269085176672,-0.588017490217596,0.0,1.0,0.0,0.0,0.0,0.0,1.0,1.0,0.0,
-0.09189917432572123,1.8244005228820859,-0.588017490217596,1.0,0.0,0.0,0.0,0.0,1.0,0.0,1.0,0.0,
0.1238284032127892,0.5054625454475304,-0.588017490217596,0.0,0.0,1.0,0.0,0.0,0.0,1.0,0.0,1.0,
0.5777747617077386,0.6739732090742673,2.0555541867533726,0.9507960759093241,0.0,0.0,0.049203924090675866,0.0,1.0,0.0,0.0,1.0,
0.45271330482376126,1.020541697436649,3.4636084872070794,0.0,0.09843456023799102,0.0,0.901565439762009,0.0,1.0,0.0,1.0,0.0,
3.0776915010049866,2.281170433120195,-0.588017490217596,0.0,1.0,0.0,0.0,0.0,0.0,1.0,1.0,0.0,
1.0041495708880883,1.4114390861089845,-0.588017490217596,0.0,0.0,0.0,1.0,0.0,1.0,0.0,0.0,1.0,
-0.8816079637321548,1.2583728408140193,-0.588017490217596,0.0,0.0,0.0,1.0,1.0,0.0,0.0,1.0,0.0,
0.8128860996842262,1.9348851373347524,-0.588017490217596,0.0,0.0,0.0,1.0,0.0,0.0,1.0,1.0,0.0,
1.0368334539836468,1.3352970942127087,-0.588017490217596,0.0,0.0,1.0,0.0,0.0,0.0,1.0,1.0,0.0,
0.44133958389104727,1.1733349593226152,-0.588017490217596,0.0,1.0,0.0,0.0,0.0,0.0,1.0,1.0,0.0,
0.5082433342162604,1.937670386709022,3.5722172638407206,0.0,0.0,0.2596919385931187,0.7403080614068813,1.0,0.0,0.0,1.0,0.0,
0.6356232642821321,1.1740439424996771,-0.588017490217596,0.0,0.0,0.0,1.0,0.0,1.0,0.0,1.0,0.0,
3.266059127747662,2.0436224747066105,2.706067994900836,0.0,0.0,0.0,1.0,0.0,0.33571847621882467,0.6642815237811753,1.0,0.0,
2.7460138599037562,1.3902248052464599,-0.588017490217596,0.0,0.0,0.8158109165170596,0.18418908348294039,0.0,1.0,0.0,1.0,0.0,
-0.9986065346924998,0.9917717374194951,2.9660284240917347,0.0,0.0,0.0,1.0,1.0,0.0,0.0,0.8675741589693542,0.1324258410306458,
2.2497120813674325,1.6746165555469439,-0.588017490217596,1.0,0.0,0.0,0.0,0.0,0.0,1.0,1.0,0.0,
1.0272261924019506,2.1633812512976047,-0.588017490217596,0.0,0.0,0.0,1.0,0.0,1.0,0.0,1.0,0.0,
1.5749854627066537,1.262516234335013,-0.588017490217596,0.0,0.0,1.0,0.0,0.0,1.0,0.0,1.0,0.0,
0.20486348878911342,2.4578010862892796,5.091122323541459,0.0,0.0,0.0,1.0,1.0,0.0,0.0,0.7150072343126603,0.28499276568733967,
2.1791848677683956,1.6443740212534221,-0.588017490217596,0.0,0.0,1.0,0.0,0.0,1.0,0.0,1.0,0.0,
0.36217989270614276,1.284402453208778,-0.588017490217596,0.0,1.0,0.0,0.0,0.0,0.0,1.0,1.0,0.0,
-0.8433721804337038,0.893845179819416,-0.588017490217596,0.0,1.0,0.0,0.0,0.0,0.0,1.0,1.0,0.0,
2.1556875832576896,1.586789180716929,-0.588017490217596,1.0,0.0,0.0,0.0,0.0,0.0,1.0,1.0,0.0,
2.813520970840763,1.3903852710000824,0.19334608422928123,1.0,0.0,0.0,0.0,0.0,0.0,1.0,1.0,0.0,
2.179516668375948,0.9850128598530115,-0.588017490217596,0.0,0.0,0.0,1.0,0.0,0.0,1.0,1.0,0.0,
1.6890452606849122,1.8315958950586515,-0.588017490217596,0.0,0.0,0.0,1.0,0.0,1.0,0.0,1.0,0.0,
2.5273911727800438,1.9405419961727701,-0.588017490217596,0.0,1.0,0.0,0.0,0.0,0.0,1.0,0.0,1.0,
2.4744478497352995,1.5466563132234763,-0.467556454482882,0.0,1.0,0.0,0.0,0.0,0.0,1.0,0.0,1.0,
0.2503287955073068,1.1697093986161602,-0.588017490217596,0.0,1.0,0.0,0.0,0.0,0.0,1.0,1.0,0.0,
0.5024338813940656,2.259195534436267,-0.588017490217596,1.0,0.0,0.0,0.0,0.0,0.0,1.0,1.0,0.0,
1.3155229754677504,2.473531800861919,-0.588017490217596,0.0,1.0,0.0,0.0,0.0,1.0,0.0,1.0,0.0,
3.0905941364348912,2.3242029493004237,3.410678339444834,0.0,0.0,0.0,1.0,0.07504247723503532,0.9249575227649647,0.0,1.0,0.0,
3.3002050436365566,2.02912339698914,-0.588017490217596,0.0,1.0,0.0,0.0,0.0,1.0,0.0,1.0,0.0,
2.122665112298709,1.343206328594759,-0.19902774127526612,0.0,0.0,0.0,1.0,0.0,1.0,0.0,0.0,1.0,
0.8854974094488361,2.283981795993613,4.805799013636973,0.9641992542196053,0.0,0.0,0.035800745780394716,0.0,0.0,1.0,0.035800745780394716,0.9641992542196053,
0.8319640116265712,0.9254744199769969,-0.588017490217596,0.0,0.0,0.0,1.0,0.0,1.0,0.0,1.0,0.0,
0.0718208374495105,1.589002526580175,1.303014118047188,0.0,0.0,0.19306624489417878,0.8069337551058212,1.0,0.0,0.0,1.0,0.0,
1.3823285153519256,1.2457734654564152,-0.588017490217596,0.0,0.0,0.0,1.0,0.0,1.0,0.0,1.0,0.0,
2.0137149389736035,1.8673234365788784,1.3521263739070788,0.0,0.0,1.0,0.0,0.0,1.0,0.0,0.28836068728205033,0.7116393127179497,
1.2121163747029216,0.5482453177058082,-0.588017490217596,1.0,0.0,0.0,0.0,1.0,0.0,0.0,0.4566035546221061,0.5433964453778939,
-1.0408766678164834,1.4642041586228345,-0.588017490217596,0.0,0.0,0.0,1.0,0.0,0.3838468464318402,0.6161531535681598,0.0,1.0,
1.9017819091735346,2.2396970647536203,0.7922796343596614,0.0,0.0,1.0,0.0,0.10068290629733967,0.0,0.8993170937026603,1.0,0.0,
0.3075084755771602,0.9382702813427207,-0.588017490217596,1.0,0.0,0.0,0.0,0.0,0.0,1.0,1.0,0.0,
-0.04016946455277018,2.2515082760503593,2.776500873354727,0.0,0.486777741035229,0.0,0.513222258964771,0.0,1.0,0.0,0.0,1.0,
1.085315144125227,0.1861682370590102,-0.588017490217596,0.0,0.0,1.0,0.0,0.0,1.0,0.0,1.0,0.0,
1.698845724042679,2.346975942224254,-0.588017490217596,0.0,1.0,0.0,0.0,0.0,1.0,0.0,1.0,0.0,
3.1027508938582438,1.7069713007360048,2.7700383475001047,0.23496589749041186,0.0,0.7650341025095881,0.0,0.0,0.0,1.0,0.0,1.0,
2.7925478216579083,2.097877142400245,0.25994567490753095,0.0,0.0,1.0,0.0,0.0,0.0,1.0,1.0,0.0,
-0.6784853041055301,0.8310899309473787,-0.588017490217596,0.0,0.0661389910724397,0.9338610089275603,0.0,0.0,0.0,1.0,1.0,0.0,
-0.5242434724206883,0.7954605075111236,1.9519820455700596,0.0,0.7555190686755068,0.0,0.24448093132449322,0.0,0.0,1.0,1.0,0.0,
0.5749963556389843,-0.24329299594564457,1.2964203321107421,0.7158221255660694,0.2841778744339306,0.0,0.0,1.0,0.0,0.0,1.0,0.0,
3.189627871654511,1.7671048359014578,-0.588017490217596,0.0,0.0,0.0,1.0,0.0,0.0,1.0,1.0,0.0,
1.051520595036649,0.8758085208779891,0.6572831147225655,0.0,1.0,0.0,0.0,0.0,1.0,0.0,0.1463205788349623,0.8536794211650377,
0.5740092563569874,0.7071430155822129,0.8292042226036865,0.0,0.0,1.0,0.0,0.0,1.0,0.0,1.0,0.0,
1.6816092017661706,1.409118571246323,-0.588017490217596,0.0,0.0,1.0,0.0,0.0,0.201271316862777,0.798728683137223,0.0,1.0,
-0.17355067981248323,2.2423909512884794,2.4212038476096556,0.0,0.0,0.0,1.0,0.0,1.0,0.0,0.48125570503447923,0.5187442949655208,
-0.11317979986143972,0.8352710914967129,-0.588017490217596,0.0,0.0,0.0,1.0,0.0,1.0,0.0,1.0,0.0,
2.551347108216971,1.8466178612899915,0.27581824863388105,0.0,0.0,1.0,0.0,0.0,0.0,1.0,1.0,0.0,
0.9504129747288275,0.34536499635004453,-0.588017490217596,1.0,0.0,0.0,0.0,0.08105071626361149,0.9189492837363885,0.0,1.0,0.0,
-1.0035344020509656,1.6142077125804997,2.8366221478089377,0.0064508902812763225,0.9935491097187237,0.0,0.0,0.0,0.0,1.0,1.0,0.0,
1.300876491787077,1.8026048051319048,-0.588017490217596,0.0,0.0,0.0,1.0,0.0,0.0,1.0,1.0,0.0,
-0.031051700280813,1.661741512182411,-0.588017490217596,1.0,0.0,0.0,0.0,0.0,0.0,1.0,1.0,0.0,
1.7697740064175271,1.3850526383995114,-0.588017490217596,0.0,0.0,1.0,0.0,0.38626792717198266,0.0,0.6137320728280173,0.0,1.0,
0.8688492124501677,0.5432292169302609,-0.588017490217596,0.0,1.0,0.0,0.0,0.0,0.0,1.0,1.0,0.0,
2.2912251978169813,2.3148574856961766,-0.588017490217596,0.0,0.0,0.0,1.0,0.0,0.0,1.0,1.0,0.0,
1.0326512979557054,1.945335077496693,3.426346714011119,0.0,1.0,0.0,0.0,0.0,0.0,1.0,0.0,1.0,
2.325824617883298,1.1308235512010194,0.32795594766942293,0.0,0.0,1.0,0.0,0.0,1.0,0.0,1.0,0.0,
-0.46300078114845733,2.124251108283164,4.791095372193558,0.17760331392882933,0.0,0.0,0.8223966860711707,0.8223966860711707,0.0,0.17760331392882933,0.0,1.0,
-0.6083034207359361,1.2229803040262168,-0.588017490217596,1.0,0.0,0.0,0.0,0.0,1.0,0.0,1.0,0.0,
1.4658731270083822,1.0522918412535749,-0.588017490217596,0.0,0.0,0.0,1.0,0.0,0.0,1.0,1.0,0.0,
-0.41088534975211005,0.8207208251836862,-0.588017490217596,0.0,1.0,0.0,0.0,0.0,0.0,1.0,1.0,0.0,
1.0583898644243492,0.5365050234216017,1.0455707169549153,0.0,0.4393875756018383,0.5606124243981617,0.0,0.0,1.0,0.0,0.0,1.0,
1.101299838090845,2.443279270216034,-0.588017490217596,0.0,1.0,0.0,0.0,0.0,1.0,0.0,1.0,0.0,
2.444327316021195,1.473749749443143,0.4177204423087245,0.0,0.0,0.0,1.0,0.0,1.0,0.0,0.0,1.0,
1.8476173079727025,2.018616504334078,-0.588017490217596,0.0,0.0,0.0,1.0,0.0,0.0,1.0,1.0,0.0,
0.5609146139943123,1.120315810708271,-0.588017490217596,0.0,0.0,1.0,0.0,0.0,1.0,0.0,1.0,0.0,
1.673060375507483,2.4012941870816604,-0.588017490217596,0.0,1.0,0.0,0.0,0.0,1.0,0.0,1.0,0.0,
2.7932138918574254,2.068779815061312,-0.588017490217596,0.0,1.0,0.0,0.0,0.0,0.0,1.0,1.0,0.0,
1.9682693889092198,2.1888003566653795,0.8440659934321653,0.0,0.0,1.0,0.0,0.0,0.0,1.0,0.7503558101739368,0.24964418982606318,
-0.8688774624349936,0.9295313525168496,2.7822613419391957,0.0,0.0,0.47661693035852093,0.5233830696414791,1.0,0.0,0.0,0.0,1.0,
0.8760936415861569,0.42963335340211584,-0.588017490217596,1.0,0.0,0.0,0.0,0.0,0.0,1.0,1.0,0.0,
0.7825370212761913,0.6085517487913779,-0.588017490217596,1.0,0.0,0.0,0.0,1.0,0.0,0.0,0.0,1.0,
1.919600907411272,1.5571227898097075,-0.588017490217596,0.0,0.0,0.0,1.0,1.0,0.0,0.0,0.0,1.0,
-0.0283612730313665,1.0836015171755562,-0.588017490217596,0.0,0.0,0.0,1.0,1.0,0.0,0.0,1.0,0.0,
0.6838480168916048,2.1039275545370133,2.0963611780873346,0.0,0.0,0.0,1.0,1.0,0.0,0.0,0.0,1.0,
0.7443978487170974,1.2360026135303332,-0.588017490217596,0.0,0.0,1.0,0.0,0.0,0.0,1.0,1.0,0.0,
1.4061243060280026,1.3905890115164923,-0.588017490217596,0.0,1.0,0.0,0.0,0.0,1.0,0.0,1.0,0.0,
-0.7423824426965141,1.001239334396673,-0.588017490217596,0.0,0.0,1.0,0.0,0.0,0.0,1.0,1.0,0.0,
2.3918969268734536,1.8213607830919432,0.019137156522978038,0.0,1.0,0.0,0.0,0.0,0.0,1.0,0.0,1.0,
-1.0016883966216579,1.4206735995607342,-0.588017490217596,0.0,1.0,0.0,0.0,0.0,0.0,1.0,1.0,0.0,
0.05661289316238551,1.2203798776493935,-0.588017490217596,0.0,0.0,0.0,1.0,1.0,0.0,0.0,1.0,0.0,
0.7443978487170974,1.3921410744391696,-0.588017490217596,0.0,0.0,1.0,0.0,0.0,0.0,1.0,1.0,0.0,
1.7091839902246126,1.0344861528050298,0.037083204235340145,1.0,0.0,0.0,0.0,0.0,1.0,0.0,0.0,1.0,
-0.12577938669709104,1.8613459531382155,-0.588017490217596,1.0,0.0,0.0,0.0,0.0,0.0,1.0,1.0,0.0,
1.0745897142613448,2.443010632376567,-0.588017490217596,0.0,1.0,0.0,0.0,0.0,1.0,0.0,1.0,0.0,
1.0655246651251042,0.34180308590206127,1.774529899141202,0.0,0.0,1.0,0.0,0.0,1.0,0.0,0.0,1.0,
2.074428720750764,2.26764163785973,3.0120367223956097,0.0,1.0,0.0,0.0,0.0,1.0,0.0,1.0,0.0,
0.39295390533121866,0.9115180143572562,-0.20311637555297796,1.0,0.0,0.0,0.0,0.0,0.0,1.0,1.0,0.0,
0.6884777080032215,-0.06724318758613979,1.3803680110615726,1.0,0.0,0.0,0.0,0.7767013928424872,0.0,0.22329860715751282,1.0,0.0,
2.4289081973541373,1.2369497615059484,0.26626157029033237,0.0,0.0,1.0,0.0,0.0,1.0,0.0,1.0,0.0,
3.8453515179187123,2.3464267993232024,4.895567580706999,0.0,1.0,0.0,0.0,0.0,0.004663841777758138,0.9953361582222419,1.0,0.0,
-0.7240910998571037,2.0930220604992296,0.2616335086697178,0.0,0.0,0.0,1.0,0.0,0.0,1.0,1.0,0.0,
1.1407124758653744,0.6977324071548656,-0.588017490217596,0.0,0.0,1.0,0.0,0.0,0.0,1.0,1.0,0.0,
1.2351287946392875,1.1842173944222032,-0.588017490217596,1.0,0.0,0.0,0.0,0.0,0.0,1.0,1.0,0.0,
0.6714171257540306,2.382635217615823,2.128244172851378,0.0,0.0,1.0,0.0,0.0,0.6462226657832457,0.3537773342167543,1.0,0.0,
1.5011772750154393,2.0227422822041525,0.23960679429741472,1.0,0.0,0.0,0.0,0.0,1.0,0.0,0.0,1.0,
-0.03809036681255218,1.0254289908723622,-0.588017490217596,1.0,0.0,0.0,0.0,0.0,0.0,1.0,1.0,0.0,
2.165905350111146,1.515370155949928,-0.588017490217596,1.0,0.0,0.0,0.0,0.0,0.0,1.0,1.0,0.0,
1.2403619380928945,2.1393602510503484,4.936223602420668,0.0,0.17569875194830153,0.8243012480516985,0.0,0.0,1.0,0.0,1.0,0.0,
1.2123281229581422,2.1033451307563595,1.2724758680790522,0.0,1.0,0.0,0.0,0.0,0.0,1.0,1.0,0.0,
1.569401132753494,2.6019743023030277,3.895400913746132,0.0,1.0,0.0,0.0,0.0,1.0,0.0,1.0,0.0,
0.34912769820150014,1.2466212314365155,-0.588017490217596,0.0,1.0,0.0,0.0,0.0,0.0,1.0,1.0,0.0,
0.8172730956444462,1.1140344500797394,-0.588017490217596,0.0,0.0,0.0,1.0,0.0,1.0,0.0,1.0,0.0,
2.157644747479157,2.280532965715756,-0.588017490217596,0.0,1.0,0.0,0.0,0.0,1.0,0.0,1.0,0.0,
2.7859379905806176,2.330231501252541,-0.588017490217596,1.0,0.0,0.0,0.0,0.0,0.0,1.0,0.0,1.0,
2.1559399086682354,2.2809070220169234,-0.588017490217596,0.0,1.0,0.0,0.0,0.0,1.0,0.0,1.0,0.0,
0.961409822291001,0.3925080487264744,-0.588017490217596,0.0,0.0,1.0,0.0,0.0,1.0,0.0,1.0,0.0,
1.7354309339251588,1.597368345379459,-0.588017490217596,0.0,0.0,1.0,0.0,0.0,1.0,0.0,0.0,1.0,
-0.188310465858247,1.3592985468395171,2.289306274958401,1.0,0.0,0.0,0.0,0.0,0.9352860968912898,0.06471390310871017,1.0,0.0,
-0.5837122167525909,1.4196886193729563,-0.588017490217596,1.0,0.0,0.0,0.0,0.0,0.0,1.0,1.0,0.0,
0.14899223420825064,1.9644162194375299,-0.588017490217596,0.0,0.0,1.0,0.0,0.0,1.0,0.0,0.0,1.0,
0.7443978487170974,1.4628819881412602,-0.588017490217596,0.0,0.0,1.0,0.0,0.0,0.0,1.0,1.0,0.0,
1.9057231783070618,1.9849691662204885,-0.588017490217596,0.0,0.0,1.0,0.0,1.0,0.0,0.0,1.0,0.0,
0.04948455840838806,1.3570382187070131,-0.588017490217596,0.0,1.0,0.0,0.0,0.0,1.0,0.0,1.0,0.0,
1.4157115102495998,1.7485235671991384,-0.588017490217596,0.0,0.0,1.0,0.0,0.0,1.0,0.0,0.0,1.0,
1.0420046505051572,0.828585626219422,-0.588017490217596,0.0,0.0,0.0,1.0,0.0,1.0,0.0,1.0,0.0,
2.438381580065144,1.1969378345019834,0.3445070726744056,0.0,0.0,1.0,0.0,0.0,1.0,0.0,1.0,0.0,
2.5712620583797077,1.4955062195609272,-0.588017490217596,0.0,0.0,0.0,1.0,0.12946360813873137,0.8705363918612686,0.0,1.0,0.0,
1.9928692763931226,1.2626430493791527,-0.35227203848975225,1.0,0.0,0.0,0.0,0.0,0.0,1.0,1.0,0.0,
1.9686869249717942,1.0123636912373835,3.402613341958275,0.0,0.0,1.0,0.0,0.0,0.0,1.0,1.0,0.0,
2.2709930168216115,1.6416407710529877,3.22626944461173,0.0,0.0,0.6896080561236462,0.3103919438763538,1.0,0.0,0.0,1.0,0.0,
0.5422632408184247,1.0764570657276085,-0.588017490217596,0.0,1.0,0.0,0.0,0.0,0.0,1.0,1.0,0.0,
1.5869991999652127,2.4120933219143077,-0.588017490217596,0.0,1.0,0.0,0.0,0.0,1.0,0.0,1.0,0.0,
2.364413194140462,2.4585534498768062,-0.588017490217596,0.0,0.0,0.563170406510849,0.43682959348915096,0.0,0.0,1.0,1.0,0.0,
0.9200736632311168,1.0080971774831835,-0.588017490217596,0.0,0.0,0.0,1.0,0.0,1.0,0.0,1.0,0.0,
2.183126394410727,2.546518899210407,-0.588017490217596,0.0,1.0,0.0,0.0,0.0,1.0,0.0,1.0,0.0,
0.9277565158257012,2.123166445850978,-0.588017490217596,0.0,0.0,1.0,0.0,0.0,0.0,1.0,0.0,1.0,
0.17117654784281516,2.1101183930059024,-0.588017490217596,1.0,0.0,0.0,0.0,0.0,0.0,1.0,1.0,0.0,
3.179115297049133,1.7013362127110832,-0.588017490217596,0.0,0.0,0.0,1.0,0.0,0.0,1.0,1.0,0.0,
-0.2879548487855278,1.1827305287969048,-0.588017490217596,0.0,0.0,1.0,0.0,0.0,1.0,0.0,1.0,0.0,
1.78847268021372,2.240129882297498,-0.588017490217596,0.4899462075317089,0.5100537924682911,0.0,0.0,0.0,1.0,0.0,1.0,0.0,
1.1504863119108597,1.951762444249721,-0.588017490217596,0.0,0.0,1.0,0.0,0.0,0.0,1.0,0.0,1.0,
0.460488751116348,1.0717183278184652,-0.588017490217596,0.0,0.0,0.0,1.0,1.0,0.0,0.0,1.0,0.0,
1.5733636780758105,1.978829533487292,0.8742370990148636,0.0,0.0,1.0,0.0,1.0,0.0,0.0,1.0,0.0,
3.4746596423244664,2.0734378803477655,-0.588017490217596,0.0,0.0,0.0,1.0,0.0,0.0,1.0,1.0,0.0,
-0.8172804426649903,2.286130304242838,1.834608737566639,0.8046997151642257,0.19530028483577433,0.0,0.0,0.0,1.0,0.0,0.0,1.0,
1.9254815607972615,1.3747459520419578,-0.588017490217596,0.0,0.0,1.0,0.0,1.0,0.0,0.0,0.4581461233244688,0.5418538766755312,
3.56648891744588,2.362674072003192,4.335031978770706,0.0,0.6136584260221825,0.0,0.38634157397781754,0.0,0.38634157397781754,0.6136584260221825,1.0,0.0,
0.7828641110156815,1.1360541961800112,-0.588017490217596,0.0,0.0,0.0,1.0,0.0,1.0,0.0,1.0,0.0,
0.6467511232188782,2.453666840183786,1.998598380162122,0.0,0.0,1.0,0.0,0.0,0.8646328056848339,0.13536719431516608,1.0,0.0,
0.11993073094239448,1.6949631074909552,2.0647309426627034,0.0,0.0,0.0,1.0,1.0,0.0,0.0,0.0,1.0,
2.307513757002127,1.8048557305529047,-0.588017490217596,0.0,0.0,1.0,0.0,0.0,1.0,0.0,1.0,0.0,
-0.12121112863897071,1.4934943521165234,-0.588017490217596,0.0,0.0,1.0,0.0,1.0,0.0,0.0,1.0,0.0,
1.20118336380201,2.3544405667387767,4.839921602351912,0.15176656124783172,0.8482334387521683,0.0,0.0,0.0,0.0,1.0,0.0,1.0,
0.9416972624743746,1.0673272262150666,-0.588017490217596,0.0,0.0,0.0,1.0,0.0,1.0,0.0,0.0,1.0,
2.2079144436395692,1.7328892927637642,-0.588017490217596,0.0,0.0,0.0,1.0,0.4795027850534902,0.0,0.5204972149465098,1.0,0.0,
-0.6210464355113916,2.257910141910288,1.9860763436681261,0.0,0.0,1.0,0.0,1.0,0.0,0.0,1.0,0.0,
-0.11410563850625784,2.183475829582406,-0.588017490217596,0.0,0.0,1.0,0.0,0.0,1.0,0.0,1.0,0.0,
0.854016551579063,1.0513027185799395,-0.41798332590505266,0.0,0.0,0.0,1.0,1.0,0.0,0.0,1.0,0.0,
2.057264915725842,2.5071720032124154,-0.588017490217596,0.0,0.0,0.0,1.0,0.0,0.0,1.0,1.0,0.0,
1.7999452955696897,1.3933482510329072,-0.588017490217596,0.0,0.0,0.7581257967023955,0.24187420329760445,0.0,0.0,1.0,0.0,1.0,
1.164828464688765,1.0340397647635315,-0.588017490217596,0.0,0.0,0.0,1.0,0.0,1.0,0.0,1.0,0.0,
-0.023313972070910016,1.9897573316062451,3.2865552695008766,0.0,0.0,0.584286242344174,0.41571375765582597,1.0,0.0,0.0,1.0,0.0,
3.116702652582563,1.7305890894428562,2.595834232712808,0.0,0.0,0.0,1.0,0.39878885228319816,0.0,0.6012111477168018,1.0,0.0,
0.42236222390065004,1.2647734571007616,2.581280412240424,0.0,0.0,1.0,0.0,1.0,0.0,0.0,1.0,0.0,
0.7685684110807645,2.098270220488882,2.1406140774497366,0.0,0.0,0.0,1.0,1.0,0.0,0.0,0.0,1.0,
1.7669198077342148,1.0107836085806574,-0.588017490217596,0.0,0.0,0.0,1.0,0.0,1.0,0.0,1.0,0.0,
0.8674232248406726,2.3183041852088584,4.934195336525949,0.7579215037440733,0.2420784962559267,0.0,0.0,0.0,0.0,1.0,0.0,1.0,
1.2938901084603716,1.0446863237588304,-0.588017490217596,1.0,0.0,0.0,0.0,0.0,0.0,1.0,1.0,0.0,
2.0455722718276403,1.6765959464960571,-0.588017490217596,1.0,0.0,0.0,0.0,0.0,0.0,1.0,1.0,0.0,
2.3056189818780197,1.9197696121775456,-0.588017490217596,1.0,0.0,0.0,0.0,0.0,0.0,1.0,0.0,1.0,
1.0939251970204023,0.5235895905721931,-0.588017490217596,0.0,0.0,1.0,0.0,0.0,0.0,1.0,1.0,0.0,
1.9259085151160797,1.692998381843954,0.7407625348173159,1.0,0.0,0.0,0.0,0.0,1.0,0.0,0.0,1.0,
1.3379682333078484,0.596179706267899,-0.588017490217596,0.0,0.0,1.0,0.0,0.0,0.0,1.0,1.0,0.0,
0.7049100385018139,1.191010967965031,-0.588017490217596,0.0,0.0,0.0,1.0,0.0,1.0,0.0,1.0,0.0,
1.3016738914371508,0.8955652213155227,-0.588017490217596,0.0,1.0,0.0,0.0,0.0,0.0,1.0,0.0,1.0,
2.4894487804318324,2.4931909128064738,3.3224132285650585,0.0,1.0,0.0,0.0,0.0,1.0,0.0,1.0,0.0,
0.3858350558306653,1.1539831283839086,-0.588017490217596,0.0,1.0,0.0,0.0,0.0,0.0,1.0,1.0,0.0,
2.4664579669444113,1.497532213650893,-0.588017490217596,0.0,0.0,1.0,0.0,0.0,1.0,0.0,1.0,0.0,
1.5469088275774252,0.8350004820249914,0.6284553139548272,0.0,0.0,1.0,0.0,0.0,1.0,0.0,1.0,0.0,
0.6993981422193712,1.5112165361391638,-0.588017490217596,1.0,0.0,0.0,0.0,0.0,1.0,0.0,0.0,1.0,
1.887651129150016,2.04238135599819,1.0680292728742002,0.0,0.0,1.0,0.0,0.0,0.5154719801802542,0.4845280198197458,0.0,1.0,
1.1661978942379976,0.6375751627195324,-0.588017490217596,0.0,0.0,1.0,0.0,0.0,1.0,0.0,1.0,0.0,
0.9477095723096043,1.8558522057225768,1.890770936969758,0.0,1.0,0.0,0.0,0.0,0.0,1.0,1.0,0.0,
0.7575577809580645,1.9804576072290399,2.542576555938952,0.0,0.0,1.0,0.0,0.0,0.0,1.0,1.0,0.0,
0.606496451840571,0.4132286358800903,-0.588017490217596,0.16904485652406176,0.0,0.0,0.8309551434759382,1.0,0.0,0.0,0.0,1.0,
0.5173262824732897,2.2808769522800745,0.771566721562311,1.0,0.0,0.0,0.0,0.0,0.0,1.0,1.0,0.0,
0.9853797189572625,1.6704180114158311,1.6054347695323101,0.0,1.0,0.0,0.0,0.0,0.0,1.0,1.0,0.0,
-0.6427775049711956,1.4394960450900014,-0.588017490217596,1.0,0.0,0.0,0.0,0.0,0.0,1.0,1.0,0.0,
1.6858170570649682,2.5420482819443038,-0.588017490217596,0.0,1.0,0.0,0.0,0.0,1.0,0.0,1.0,0.0,
0.9249929430470583,2.353652626621491,4.855304248520134,0.831671997831473,0.0,0.0,0.16832800216852695,0.0,0.0,1.0,0.0,1.0,
0.5567281743739806,1.372328201007848,-0.588017490217596,0.0,0.0,1.0,0.0,0.0,0.0,1.0,1.0,0.0,
0.32712215315020887,1.2639089248978908,-0.588017490217596,0.0,0.0,1.0,0.0,0.0,1.0,0.0,1.0,0.0,
0.2837517888277953,1.2492992813164874,-0.588017490217596,0.0,1.0,0.0,0.0,0.0,0.0,1.0,1.0,0.0,
1.7783503193246597,2.5950858772279037,4.353191497366246,0.03627972642161814,0.0,0.0,0.9637202735783819,0.0,0.0,1.0,0.0,1.0,
0.6853760107398721,0.8715847924325751,-0.588017490217596,0.0,0.0,0.0,1.0,0.0,1.0,0.0,1.0,0.0,
3.5953010930320617,2.4750842439984972,-0.588017490217596,0.31097576055685217,0.6890242394431478,0.0,0.0,0.0,0.0,1.0,1.0,0.0,
1.1879681520392489,2.243516299254126,4.430591057292183,0.0,1.0,0.0,0.0,0.0,0.0,1.0,0.0,1.0,
0.2440565969521668,1.2356400889309018,-0.588017490217596,0.0,1.0,0.0,0.0,0.0,0.0,1.0,1.0,0.0,
2.8623672671601637,2.0377600627681396,0.4533526864963998,0.0,0.0,1.0,0.0,0.0,0.0,1.0,0.6065726712003272,0.3934273287996728,
1.2718223600320904,0.7131679175081314,-0.588017490217596,0.0,1.0,0.0,0.0,0.0,1.0,0.0,1.0,0.0,
0.6405052066078647,1.111942602868614,-0.588017490217596,0.0,1.0,0.0,0.0,0.0,1.0,0.0,1.0,0.0,
0.3514501852613683,1.2469877491103571,-0.588017490217596,0.0,1.0,0.0,0.0,0.0,0.0,1.0,1.0,0.0,
1.1828973910550813,1.9503663039335877,-0.588017490217596,0.0,0.0,0.0,1.0,0.0,1.0,0.0,1.0,0.0,
0.7959902406849282,1.2744848158779458,1.8417397611595625,0.0,0.0,1.0,0.0,1.0,0.0,0.0,1.0,0.0,
-0.15147246392378882,2.1927456404901324,2.848466925054718,0.0,0.7331665065987403,0.0,0.2668334934012597,0.0,1.0,0.0,0.0,1.0,
1.3167326187514221,0.5839731309389473,0.21675639667619095,0.0,0.0,1.0,0.0,0.0,1.0,0.0,1.0,0.0,
2.0431426289826318,1.704465305330765,-0.588017490217596,0.0,0.0,1.0,0.0,1.0,0.0,0.0,1.0,0.0,
1.208745255507082,0.5464169437712625,0.8172773882169294,1.0,0.0,0.0,0.0,0.0,0.0,1.0,1.0,0.0,
0.7443978487170974,1.299729173791817,-0.588017490217596,0.0,0.0,1.0,0.0,0.0,0.0,1.0,1.0,0.0,
0.652842388861413,1.0274459811487657,1.8217493644546634,0.0,0.0,0.0,1.0,0.0,1.0,0.0,0.05408672735639308,0.9459132726436069,
-0.13151216033601676,2.478655675646754,1.4416514170340835,0.0,0.0,1.0,0.0,0.43898086390217306,0.0,0.5610191360978269,1.0,0.0,
1.2522367811860573,1.2738840586045639,-0.588017490217596,1.0,0.0,0.0,0.0,0.0,0.0,1.0,1.0,0.0,
0.4278506916088447,0.8462309772970336,-0.588017490217596,0.0,0.0,0.0,1.0,0.0,0.0,1.0,1.0,0.0,
0.7048808245875091,1.2953111722449357,-0.588017490217596,0.0,0.0,1.0,0.0,0.0,0.0,1.0,1.0,0.0,
0.40070584487055594,2.259195534436267,-0.588017490217596,1.0,0.0,0.0,0.0,0.0,0.0,1.0,1.0,0.0,
3.746892056344641,2.380500091188682,-0.588017490217596,0.6465490203273818,0.3534509796726182,0.0,0.0,0.0,0.0,1.0,1.0,0.0,
2.724527814000421,2.0590688405428508,-0.588017490217596,1.0,0.0,0.0,0.0,0.0,0.0,1.0,0.0,1.0,
0.800219990496843,1.1870086634632409,-0.588017490217596,0.0,1.0,0.0,0.0,0.0,1.0,0.0,1.0,0.0,
-0.6566334668100378,1.1426230619245683,2.3450740027714776,0.0,0.0,0.0,1.0,1.0,0.0,0.0,0.3123815434687829,0.6876184565312171,
0.11672780712059376,1.1665218164751618,-0.588017490217596,0.0,0.0,0.0,1.0,1.0,0.0,0.0,1.0,0.0,
2.8750294732432597,2.0300258584602706,-0.588017490217596,0.0,0.0,1.0,0.0,1.0,0.0,0.0,1.0,0.0,
-0.705569493561393,0.8186681260442962,2.3352227022387613,0.0,0.2203230150696126,0.0,0.7796769849303874,0.0,0.0,1.0,1.0,0.0,
1.2126525092733171,0.36814298694280173,-0.17560478003987184,1.0,0.0,0.0,0.0,1.0,0.0,0.0,1.0,0.0,
2.3245017062958313,1.6213946048979677,1.3628512698687423,1.0,0.0,0.0,0.0,0.0,0.669549594278189,0.33045040572181095,0.0,1.0,
-0.11344891563201687,0.9764112081450085,-0.588017490217596,0.0,1.0,0.0,0.0,0.0,1.0,0.0,1.0,0.0,
0.4312229529761404,2.332120215212251,-0.588017490217596,0.3634645714284751,0.0,0.6365354285715249,0.0,0.0,0.0,1.0,0.0,1.0,
0.5749963556389843,1.010079915774674,-0.588017490217596,0.0,0.0,0.0,1.0,0.8469334240478836,0.0,0.15306657595211637,1.0,0.0,
0.4407846226722491,1.8904014198634833,3.4430238231348453,0.0,0.0,0.0,1.0,0.7922700711076293,0.20772992889237074,0.0,1.0,0.0,
0.12325904076401598,2.3661999136837943,5.176256535100971,0.0,0.004976647183159599,0.0,0.9950233528168404,0.0,0.004976647183159599,0.9950233528168404,1.0,0.0,
0.3236569723216942,1.0172281668494916,0.4590023322551394,0.0,0.0,1.0,0.0,0.0,1.0,0.0,1.0,0.0,
0.15191363356343898,2.357745033911002,2.6175430323492006,0.0,0.0,0.0,1.0,0.0,1.0,0.0,0.03788801165786537,0.9621119883421346,
0.044622545720185286,2.2962743832194903,2.7216762394317127,0.0,0.2990757127083812,0.0,0.7009242872916188,0.0,1.0,0.0,0.0,1.0,
1.0365722598054787,0.2852018816491902,-0.051170729987121355,0.0,0.0,1.0,0.0,0.0,1.0,0.0,1.0,0.0,
1.3814804498831723,1.1655594883458187,0.2086994564759979,0.0,1.0,0.0,0.0,0.0,0.0,1.0,1.0,0.0,
1.4842308750769035,1.6405501242698923,-0.588017490217596,0.0,0.0,1.0,0.0,0.0,0.0,1.0,0.0,1.0,
0.03892235568969647,0.7545181507746697,-0.588017490217596,0.0,0.0,0.0,1.0,0.0,1.0,0.0,1.0,0.0,
0.5390848584463831,2.1057020145322745,4.833836135258114,0.0,0.6931654717687282,0.3068345282312718,0.0,0.0,1.0,0.0,1.0,0.0,
0.04925413295671599,1.0387740456446155,-0.588017490217596,1.0,0.0,0.0,0.0,0.0,1.0,0.0,0.0,1.0,
0.07901491900297956,1.5917648024963253,1.3040644643513788,0.0,0.0,0.20102892731666167,0.7989710726833383,1.0,0.0,0.0,1.0,0.0,
0.8050550081041039,2.195219971792865,2.5059007652044762,0.0,0.0,0.0,1.0,0.5679078116710667,0.43209218832893326,0.0,0.0,1.0,
1.0411036133007259,0.35713712566775535,-0.588017490217596,0.0,1.0,0.0,0.0,0.18637920838684596,0.813620791613154,0.0,1.0,0.0,
1.9259238649917663,1.53765692545765,-0.13026991909711066,0.0,1.0,0.0,0.0,0.0,0.0,1.0,1.0,0.0,
0.7746287858589763,0.4495640589853495,-0.588017490217596,0.0,0.0,0.0,1.0,1.0,0.0,0.0,0.0,1.0,
-0.8021801047635915,1.6816334575556116,-0.588017490217596,0.0,0.0,1.0,0.0,0.0,1.0,0.0,0.8055107244461328,0.1944892755538672,
3.7095414123948816,2.0623213641610825,-0.588017490217596,0.0,0.0,0.0,1.0,0.0,0.0,1.0,1.0,0.0,
2.0656273425313896,1.4613106415901167,2.8208530390803843,0.0,0.0,0.0,1.0,0.29989949695529605,0.0,0.700100503044704,1.0,0.0,
0.5350227293773281,1.4684605094003618,0.6389214008913406,1.0,0.0,0.0,0.0,0.0,0.0,1.0,1.0,0.0,
0.8769605644294602,0.4535302797062104,-0.588017490217596,0.0,0.0,0.0,1.0,0.0,0.0,1.0,1.0,0.0,
1.4370001056307127,1.023354717339229,0.8242783818854426,1.0,0.0,0.0,0.0,0.0,0.0,1.0,1.0,0.0,
3.3814542553363545,2.3823784568551045,2.7484623825864554,0.0,1.0,0.0,0.0,0.0,1.0,0.0,1.0,0.0,
2.0037080932195406,1.0010433844574687,1.1623820615447413,0.0,1.0,0.0,0.0,0.0,0.0,1.0,0.0,1.0,
0.7375671291260724,1.1117213177945282,-0.588017490217596,0.0,1.0,0.0,0.0,0.0,1.0,0.0,1.0,0.0,
0.5958473659906486,2.257927576475987,-0.588017490217596,0.0,0.0,1.0,0.0,0.0,0.0,1.0,0.0,1.0,
1.0758352493322407,1.884955176183314,2.0704998514284787,0.0,1.0,0.0,0.0,0.0,0.0,1.0,1.0,0.0,
1.4805930729447563,1.2970650746672625,0.23716632446692112,0.0,1.0,0.0,0.0,0.0,0.0,1.0,1.0,0.0,
2.708648784257127,2.050125053114746,3.820440750905561,0.0,0.0,1.0,0.0,0.0,1.0,0.0,0.0,1.0,
1.3090109651214026,1.2329792104884916,1.287037423059307,0.0,0.0,1.0,0.0,1.0,0.0,0.0,1.0,0.0,
2.427928740002147,1.7989976467484359,-0.588017490217596,0.0,1.0,0.0,0.0,0.0,0.0,1.0,1.0,0.0,
2.4729731590174295,1.9756767461816518,-0.588017490217596,0.0,0.0,1.0,0.0,0.0,1.0,0.0,0.0,1.0,
1.9473227725146738,1.5252926686226287,-0.588017490217596,0.0,0.0,0.0,1.0,0.6969128440404202,0.3030871559595798,0.0,0.0,1.0,
1.3018695246826528,0.726943642364417,-0.2509702227754258,0.0,0.0,1.0,0.0,0.0,1.0,0.0,1.0,0.0,
-0.8161022078906284,1.218487477933498,-0.588017490217596,0.0,0.0,1.0,0.0,0.36446925727815926,0.0,0.6355307427218407,1.0,0.0,
0.028279758556485957,1.696824523207848,-0.588017490217596,1.0,0.0,0.0,0.0,0.0,1.0,0.0,1.0,0.0,
1.081395630551134,1.2918493559775495,0.5338262501144493,0.0,0.0,1.0,0.0,0.0,0.0,1.0,1.0,0.0,
0.4741285447151141,1.1418604214935852,-0.588017490217596,0.0,1.0,0.0,0.0,0.0,0.0,1.0,1.0,0.0,
-0.9219350032503921,1.1538667404421354,-0.05457670313492613,0.0,0.0,0.0,1.0,0.0,0.0,1.0,0.754883398806195,0.24511660119380496,
-0.31159972786899215,1.8143235491707201,2.3371818908997657,0.0,0.0,1.0,0.0,1.0,0.0,0.0,1.0,0.0,
0.5206685539644919,2.2332334026993657,0.7584045258891964,1.0,0.0,0.0,0.0,0.0,0.0,1.0,1.0,0.0,
3.468108554492383,2.358674926630014,-0.588017490217596,0.0,0.0,1.0,0.0,0.5882327858073758,0.0,0.4117672141926242,1.0,0.0,
-0.8710819542402636,0.9067233517521649,2.6863041791881286,0.0,0.0,0.0,1.0,0.40229736292425844,0.0,0.5977026370757416,1.0,0.0,
0.505194602742773,2.2808769522800745,0.7999066059494869,1.0,0.0,0.0,0.0,0.0,0.0,1.0,1.0,0.0,
1.1674588027367698,0.5120846121136033,-0.588017490217596,0.0,0.0,1.0,0.0,0.0,1.0,0.0,1.0,0.0,
2.5194556289287884,1.8278040496452725,-0.588017490217596,0.0,1.0,0.0,0.0,0.0,0.0,1.0,0.0,1.0,
0.6896344611351305,1.5993808104135625,3.8143509021416473,0.0,0.0,0.7185961252165209,0.28140387478347906,1.0,0.0,0.0,1.0,0.0,
0.9481744362085106,1.9053293599134817,-0.588017490217596,1.0,0.0,0.0,0.0,0.0,0.0,1.0,1.0,0.0,
-0.09617838863778938,2.2628995846716284,-0.588017490217596,0.0,0.0,1.0,0.0,0.0,1.0,0.0,0.0,1.0,
0.5393944588683829,1.504996124157805,1.9329995593156792,0.0,0.0,1.0,0.0,1.0,0.0,0.0,1.0,0.0,
1.0369571440294079,0.6975850093006515,0.7758185390959322,0.0,0.0,1.0,0.0,0.0,0.0,1.0,1.0,0.0,
1.4928394155665494,2.4054484842658987,-0.588017490217596,0.0,1.0,0.0,0.0,0.0,1.0,0.0,1.0,0.0,
0.9532426772226139,0.3796793738557148,-0.588017490217596,0.0,0.0,1.0,0.0,0.0,1.0,0.0,1.0,0.0,
2.782197368741755,2.107489713662689,-0.588017490217596,0.0,0.0,0.0,1.0,0.0,0.0,1.0,1.0,0.0,
2.922644517342563,1.5686621913669394,3.0666612537377356,0.7795869967295792,0.0,0.2204130032704208,0.0,0.0,0.0,1.0,0.0,1.0,
0.6295314464642615,2.1474907498563582,2.987110706862844,0.0,1.0,0.0,0.0,0.0,0.0,1.0,0.0,1.0,
2.4353342851184205,1.7987636112455148,-0.588017490217596,0.0,1.0,0.0,0.0,0.0,0.0,1.0,1.0,0.0,
1.057412840100616,1.2505261020657052,0.4652734768458908,0.0,0.0,1.0,0.0,0.0,0.0,1.0,1.0,0.0,
2.209275693164128,1.1989689293582533,-0.588017490217596,1.0,0.0,0.0,0.0,0.0,0.0,1.0,1.0,0.0,
1.9661631550357703,1.4396558520618044,-0.588017490217596,0.0,0.0,1.0,0.0,1.0,0.0,0.0,1.0,0.0,
0.9016771162125918,1.8934256463196935,-0.588017490217596,0.0,0.0,0.0,1.0,0.0,1.0,0.0,0.0,1.0,
1.3263544325282874,0.5472977238661979,2.0062497754159603,0.47845622695277823,0.5215437730472218,0.0,0.0,0.0,0.0,1.0,1.0,0.0,
0.0024436089439763276,1.813323201472072,3.303346970716609,0.0,0.0,0.0,1.0,1.0,0.0,0.0,1.0,0.0,
0.5562396569313924,1.1134543451870789,-0.588017490217596,0.0,1.0,0.0,0.0,0.0,0.0,1.0,1.0,0.0,
3.131272738978567,2.286417134785518,-0.588017490217596,0.0,0.0,1.0,0.0,1.0,0.0,0.0,1.0,0.0,
1.139667999232695,0.6394217336210342,-0.588017490217596,0.0,0.0,1.0,0.0,0.21534535176591352,0.0,0.7846546482340865,1.0,0.0,
0.5749963556389843,0.41731261114106266,-0.588017490217596,0.0,0.0,1.0,0.0,0.05821424142995413,0.0,0.9417857585700459,0.0,1.0,
1.1651161185913879,2.2882660949567697,-0.588017490217596,0.0,0.0,1.0,0.0,0.0,0.890134221002262,0.10986577899773797,0.0,1.0,
0.5749963556389843,0.596740048059671,-0.588017490217596,0.0,0.0,0.5433414957771966,0.4566585042228034,1.0,0.0,0.0,0.0,1.0,
-0.9485765518131628,0.9736725908679426,2.8511700322041613,0.0,0.0,0.0,1.0,0.7453932065534177,0.0,0.2546067934465823,1.0,0.0,
3.109191991478462,1.7154750071531784,2.7144818108072606,0.0,0.008635562694672028,0.991364437305328,0.0,0.0,0.0,1.0,0.0,1.0,
1.427537632044275,2.4414885715928523,4.687959091878968,0.0,0.6901999488065205,0.0,0.30980005119347953,0.0,0.0,1.0,0.0,1.0,
1.3510769860746425,1.1110533664634168,-0.588017490217596,0.0,0.4186907309146466,0.0,0.5813092690853534,0.0,0.0,1.0,0.0,1.0,
1.5914053141076634,2.335997238460208,-0.588017490217596,0.0,0.0,1.0,0.0,0.0,1.0,0.0,0.0,1.0,
3.9865560517563847,2.342309056384953,-0.588017490217596,0.8712091437691157,0.0,0.12879085623088427,0.0,0.0,0.0,1.0,1.0,0.0,
1.6485972133243898,1.3052131493087287,-0.588017490217596,0.0,0.0,1.0,0.0,0.2025669249220412,0.7974330750779588,0.0,0.0,1.0,
1.1100719672557704,0.4771632236389006,-0.588017490217596,0.0,1.0,0.0,0.0,0.0,1.0,0.0,1.0,0.0,
1.3129312058057447,1.3212317154290276,-0.588017490217596,0.0,0.0,1.0,0.0,1.0,0.0,0.0,1.0,0.0,
1.0070877953785726,1.0356942350810276,-0.588017490217596,1.0,0.0,0.0,0.0,0.0,0.0,1.0,1.0,0.0,
1.8927379931607895,1.3307426019734452,-0.588017490217596,0.0,0.0,1.0,0.0,1.0,0.0,0.0,0.16821153914662823,0.8317884608533718,
0.8770646277098915,1.7513739083915192,-0.588017490217596,0.0,0.0,0.0,1.0,0.0,0.0,1.0,1.0,0.0,
0.6169107897990291,0.9903159714492553,-0.588017490217596,0.0,0.0,0.0,1.0,0.0,1.0,0.0,1.0,0.0,
2.4711826399620596,1.6151485408050288,-0.588017490217596,0.0,1.0,0.0,0.0,0.0,0.0,1.0,0.4196652012614849,0.5803347987385151,
0.6518288373815697,2.422101952117434,1.8570795606444372,0.0,0.0,1.0,0.0,0.12021923191564554,0.8797807680843545,0.0,1.0,0.0,
2.2587093301785224,2.2401511773860094,-0.588017490217596,0.0,1.0,0.0,0.0,0.0,1.0,0.0,1.0,0.0,
0.6867162154280065,2.343737122591908,-0.588017490217596,0.0,0.0,1.0,0.0,0.0,1.0,0.0,0.0,1.0,
0.7768473831624815,2.1528906687896585,2.4901766890990453,0.0,0.08209457355445726,0.9179054264455427,0.0,0.0,0.0,1.0,1.0,0.0,
2.2889417784101345,1.1432495819588537,1.8894328203607231,0.0,1.0,0.0,0.0,0.0,0.0,1.0,0.0,1.0,
-0.5322746841652002,2.158275439553538,2.071175534603753,0.0,0.0,0.0,1.0,0.0,1.0,0.0,1.0,0.0,
-0.28762226792910756,1.7658151325907292,-0.588017490217596,1.0,0.0,0.0,0.0,0.0,0.0,1.0,0.8617678224625132,0.13823217753748684,
0.527156863775657,1.0034552998107815,-0.588017490217596,0.0,0.0,0.0,1.0,1.0,0.0,0.0,1.0,0.0,
0.6443756945255285,2.1395112083330186,3.0020959115586394,0.0,1.0,0.0,0.0,0.0,0.0,1.0,0.0,1.0,
-0.3700918783287633,1.0417771363087,-0.588017490217596,0.0,0.0,1.0,0.0,1.0,0.0,0.0,0.9624217509918594,0.03757824900814055,
1.209867576349183,1.0397588801366515,-0.588017490217596,0.0,0.0,0.0,1.0,0.0,1.0,0.0,1.0,0.0,
-0.3849454384703236,2.458621838833138,1.1577663472309674,0.0,0.0,0.9009856312550001,0.09901436874499991,0.9009856312550001,0.09901436874499991,0.0,1.0,0.0,
0.7443978487170974,0.9518665934458784,-0.588017490217596,1.0,0.0,0.0,0.0,0.0,1.0,0.0,0.29720705575387074,0.7027929442461293,
1.3104082281052862,1.0121559479383124,-0.588017490217596,0.0,0.6587639276166591,0.0,0.34123607238334086,0.0,0.0,1.0,0.0,1.0,
0.5924834656523414,0.41655603650186135,-0.588017490217596,0.0,0.0,0.0,1.0,1.0,0.0,0.0,0.15484317489421628,0.8451568251057837,
0.9668179072865346,0.16669113520698406,-0.588017490217596,0.0610726411919581,0.0,0.9389273588080419,0.0,0.0,1.0,0.0,1.0,0.0,
1.161867301380273,0.3078679284935755,1.9918807519854362,0.6965682392540221,0.0,0.3034317607459779,0.0,0.6965682392540221,0.3034317607459779,0.0,0.0,1.0,
1.3329880548613884,2.1438059000476266,4.949747149338542,0.0,0.10735068496448308,0.8926493150355169,0.0,0.0,1.0,0.0,1.0,0.0,
0.8079824172249495,1.0410275124415351,-0.588017490217596,0.0,0.0,0.0,1.0,0.0,1.0,0.0,1.0,0.0,
0.9233441926740822,0.47887744598758486,-0.588017490217596,1.0,0.0,0.0,0.0,0.0,0.0,1.0,1.0,0.0,
0.6864341732773307,0.9647419206618093,-0.588017490217596,1.0,0.0,0.0,0.0,0.0,1.0,0.0,1.0,0.0,
1.415379417050464,0.494643087746476,1.4588823448978154,1.0,0.0,0.0,0.0,0.0,0.0,1.0,1.0,0.0,
0.3141380031541873,1.4321068854109478,-0.588017490217596,1.0,0.0,0.0,0.0,0.0,1.0,0.0,0.0,1.0,
2.0289113076651537,1.4030330990247875,-0.588017490217596,0.0,0.0,1.0,0.0,1.0,0.0,0.0,1.0,0.0,
1.4764285107653807,1.9637546600854752,-0.588017490217596,0.0,0.0,0.0,1.0,1.0,0.0,0.0,0.0,1.0,
2.1455465717045974,1.460071974263272,0.831044095887099,0.0,1.0,0.0,0.0,0.0,0.0,1.0,0.0,1.0,
1.3377629728171836,1.0786766328940305,-0.588017490217596,0.0,0.4972851577732088,0.0,0.5027148422267912,0.0,0.0,1.0,0.0,1.0,
0.5749963556389843,0.6604258066588912,-0.588017490217596,0.0,0.0,1.0,0.0,0.6811572951166771,0.0,0.3188427048833229,0.0,1.0,
-0.19609012500161932,2.169189659319072,2.8773157154916795,0.0,0.8319355469428609,0.0,0.16806445305713913,0.0,1.0,0.0,0.0,1.0,
0.8501894108649044,0.7762388890809128,-0.588017490217596,0.0,1.0,0.0,0.0,0.0,0.0,1.0,1.0,0.0,
1.4491053880737916,1.0518131812222915,1.2287166967664698,0.0,1.0,0.0,0.0,0.0,0.0,1.0,0.5325029573030262,0.4674970426969738,
1.1463987824748014,2.316719620243501,-0.588017490217596,1.0,0.0,0.0,0.0,0.0,1.0,0.0,1.0,0.0,
1.2499747579610807,2.0661235745335795,2.392072145189017,0.0,0.0,0.0,1.0,1.0,0.0,0.0,0.0,1.0,
0.4183290603819258,1.4975798929414335,-0.588017490217596,1.0,0.0,0.0,0.0,0.0,0.0,1.0,1.0,0.0,
0.5087161342332058,2.259195534436267,-0.588017490217596,1.0,0.0,0.0,0.0,0.0,0.0,1.0,1.0,0.0,
0.7443978487170974,2.3009236358365253,2.854740331997604,0.0,0.8463717225563291,0.1536282774436709,0.0,0.0,0.0,1.0,1.0,0.0,
3.332595365525152,2.0616711865847477,3.317973120218059,0.0,0.0,1.0,0.0,0.0,0.0,1.0,0.0,1.0,
1.520806516219164,0.4859571479562672,1.8886493742953228,1.0,0.0,0.0,0.0,0.17860897868561287,0.0,0.8213910213143871,0.8213910213143871,0.17860897868561287,
2.4671342039666193,1.4955694424690398,2.917623523742679,0.0,0.0,0.0,1.0,0.6949244109821653,0.0,0.3050755890178347,1.0,0.0,
-0.3302374980721123,1.8122998865369766,-0.588017490217596,1.0,0.0,0.0,0.0,0.0,0.0,1.0,1.0,0.0,
2.091303597472035,1.5660337682431063,3.039574774026867,0.0,0.0,1.0,0.0,0.7156992679681081,0.2843007320318919,0.0,1.0,0.0,
1.2393289848033002,1.9812351177554288,-0.588017490217596,1.0,0.0,0.0,0.0,0.0,1.0,0.0,0.0,1.0,
0.8567277801446549,0.006184618191328717,-0.588017490217596,0.0,1.0,0.0,0.0,0.9892964823355006,0.0,0.010703517664499396,1.0,0.0,
-0.8781840589109382,1.2079118537877558,-0.588017490217596,0.0,0.0,0.0,1.0,0.0,0.0,1.0,0.0,1.0,
1.8174886859431194,1.4589840914104673,-0.588017490217596,0.0,1.0,0.0,0.0,0.0,0.0,1.0,1.0,0.0,
2.347931686835079,1.9746343802327706,-0.588017490217596,0.0,0.0,1.0,0.0,0.0,1.0,0.0,1.0,0.0,
1.635261687655176,0.970558832129589,0.9338099771694337,1.0,0.0,0.0,0.0,0.0,0.0,1.0,1.0,0.0,
-0.46401130093098275,2.1843980502839866,2.5419614954478953,0.28335079533636043,0.7166492046636396,0.0,0.0,0.0,1.0,0.0,0.0,1.0,
0.6807155777690899,2.438678771416763,-0.588017490217596,0.0,0.0,1.0,0.0,0.0,1.0,0.0,0.0,1.0,
2.0431426289826318,1.22816825871343,3.412783585615235,0.0,0.0,1.0,0.0,0.28155004260587246,0.0,0.7184499573941275,1.0,0.0,
1.0292443007917647,0.8738341124462788,-0.588017490217596,0.0,0.0,0.0,1.0,0.0,1.0,0.0,1.0,0.0,
0.9744244749672406,0.43316689139045095,0.7392823937970902,0.0,0.0,1.0,0.0,0.0,1.0,0.0,0.9631824188461415,0.03681758115385847,
0.45506058401252564,1.450262300695321,-0.588017490217596,0.0,1.0,0.0,0.0,0.0,0.0,1.0,1.0,0.0,
0.3395450140581739,1.2004854759295653,-0.588017490217596,0.0,1.0,0.0,0.0,0.0,0.0,1.0,1.0,0.0,
-0.6422073620564414,1.0731856782297398,-0.05623022812551587,0.0,0.0,0.0,1.0,0.0,0.0,1.0,1.0,0.0,
3.3495698976701775,2.037514510067322,0.21785757971448125,0.0,0.0,1.0,0.0,0.0,0.1360523148128675,0.8639476851871325,0.0,1.0,
1.9348352191549774,1.8999716607097419,-0.588017490217596,0.0,0.0,0.0,1.0,0.0,0.0,1.0,1.0,0.0,
2.1414781575095025,1.3181162741820611,0.9289199904810341,1.0,0.0,0.0,0.0,0.0,1.0,0.0,0.0,1.0,
2.4135414496325507,1.1872563385609616,3.524079577211965,0.0,0.0,1.0,0.0,0.0,0.0,1.0,0.0629223578690068,0.9370776421309932,
0.04665491166317985,1.9147156560597816,-0.588017490217596,0.0,1.0,0.0,0.0,0.0,1.0,0.0,1.0,0.0,
1.1980119293181277,0.8830481567255756,0.04152333912770345,0.0,1.0,0.0,0.0,0.0,0.0,1.0,1.0,0.0,
0.27822447509988474,1.0415291384123428,1.1673822564549994,0.0,0.0,1.0,0.0,0.0,0.6278270204110978,0.37217297958890216,1.0,0.0,
1.3423722784410657,2.40228860487104,-0.588017490217596,0.0,0.0,0.0,1.0,0.0,1.0,0.0,1.0,0.0,
1.1686142856773085,1.967317354140757,2.3436503072838772,0.0,1.0,0.0,0.0,0.0,0.0,1.0,1.0,0.0,
2.2200956018018307,1.287497394577201,0.4591542730546132,0.2605697973861788,0.0,0.0,0.7394302026138212,0.0,1.0,0.0,0.0,1.0,
2.4895166984315575,1.9276345587772097,1.8079875464899737,1.0,0.0,0.0,0.0,0.0,0.18249664941531285,0.8175033505846871,0.0,1.0,
1.971976693873777,2.184055438155486,0.8486481892660619,0.0,0.0,1.0,0.0,0.0,0.0,1.0,0.7260394498895703,0.27396055011042975,
1.8587109535691222,1.8513899700226097,1.1198802071083955,0.30375826473488066,0.0,0.6962417352651193,0.0,0.0,1.0,0.0,0.0,1.0,
1.3822225442613023,1.022886913547783,-0.588017490217596,0.0,1.0,0.0,0.0,0.0,1.0,0.0,1.0,0.0,
1.5994394025116692,1.5190741488005703,-0.35662156257161814,1.0,0.0,0.0,0.0,0.0,1.0,0.0,0.0,1.0,
0.8660597938092711,0.7222778272054275,1.0017871317970846,0.0,0.0,1.0,0.0,0.0,0.0,1.0,1.0,0.0,
1.418409725831296,1.3980414684819968,-0.588017490217596,0.0,1.0,0.0,0.0,0.0,1.0,0.0,1.0,0.0,
1.2239310266449417,0.8432225037647764,-0.588017490217596,1.0,0.0,0.0,0.0,0.0,0.0,1.0,1.0,0.0,
1.0110597921104152,1.4436322455636632,1.3140584380367928,0.0,1.0,0.0,0.0,0.0,0.0,1.0,1.0,0.0,
1.1828162278661993,0.5730173294159306,-0.588017490217596,0.0,0.0,1.0,0.0,0.0,1.0,0.0,1.0,0.0,
-0.4007506409379613,1.1876363758640187,-0.588017490217596,1.0,0.0,0.0,0.0,0.0,1.0,0.0,1.0,0.0,
0.6314635199983554,0.343930555542997,-0.588017490217596,0.0,0.0,0.0,1.0,0.0,1.0,0.0,0.21494504933153358,0.7850549506684664,
3.120629149522216,2.378662651846138,3.421922985401762,0.0,0.0,0.0,1.0,0.0,0.9795881475374232,0.02041185246257682,1.0,0.0,
0.7471444562853227,0.9020650598198272,-0.588017490217596,1.0,0.0,0.0,0.0,0.1621359716681381,0.8378640283318619,0.0,0.0,1.0,
-0.12733787582912587,0.76808169002183,-0.588017490217596,0.0,0.0,0.08758456152776084,0.9124154384722392,1.0,0.0,0.0,1.0,0.0,
1.7052050519131252,1.536055306096404,-0.588017490217596,0.0,0.0,1.0,0.0,0.0,1.0,0.0,0.0,1.0,
3.678770154683735,2.0923548162355305,2.2663836483343753,0.0,0.5423630613996594,0.0,0.4576369386003406,0.0,0.5423630613996594,0.4576369386003406,1.0,0.0,
-0.6003520451245362,2.2236606112457387,2.268965668686701,0.4845602736534804,0.5154397263465196,0.0,0.0,0.0,1.0,0.0,0.0,1.0,
0.9887305019235587,0.7198148675259214,2.2616501225818486,0.0,0.0,0.0,1.0,0.0,1.0,0.0,1.0,0.0,
2.479531417952289,1.5477102706747095,4.032340456632656,0.552013336196047,0.0,0.447986663803953,0.0,0.0,0.0,1.0,1.0,0.0,
-0.7021891468854161,1.7546561018403861,1.7944257894215838,0.0,0.0,0.0,1.0,0.5979780028618347,0.0,0.40202199713816533,0.0,1.0,
2.3240356012088714,1.6843233251212828,-0.588017490217596,0.0,0.0,1.0,0.0,0.0,1.0,0.0,1.0,0.0,
0.7443978487170974,2.273615149223211,2.781840680811083,0.0,0.6664382697980823,0.3335617302019177,0.0,0.0,0.0,1.0,1.0,0.0,
1.8138706615728077,1.1888455392874495,-0.588017490217596,0.0,0.0,0.0,1.0,0.0,1.0,0.0,1.0,0.0,
0.9209983448274062,1.0069136927512998,-0.588017490217596,0.0,0.0,0.0,1.0,0.0,1.0,0.0,1.0,0.0,
0.47056344086000435,2.259195534436267,-0.588017490217596,1.0,0.0,0.0,0.0,0.0,0.0,1.0,1.0,0.0,
0.5749963556389843,0.5310302467016011,-0.588017490217596,0.0,0.0,0.38383114351576053,0.6161688564842395,1.0,0.0,0.0,0.0,1.0,
-0.7374124045102773,1.5069920473766547,-0.588017490217596,0.0,0.0,0.0,1.0,0.0,0.0,1.0,0.8225741454253042,0.17742585457469584,
1.315157316259099,2.504096178584347,-0.588017490217596,0.0,1.0,0.0,0.0,0.0,1.0,0.0,1.0,0.0,
1.509741944339425,1.9490026954821955,-0.2180471454867483,1.0,0.0,0.0,0.0,0.0,1.0,0.0,0.0,1.0,
1.5654619563616972,2.116803111663927,-0.22640273418571044,0.0,0.0,1.0,0.0,1.0,0.0,0.0,1.0,0.0,
1.070295687470858,2.2335903943954745,-0.15844251879048085,1.0,0.0,0.0,0.0,0.0,1.0,0.0,0.0,1.0,
0.6732738694370757,1.1123904889805543,-0.588017490217596,0.0,0.0,0.0,1.0,0.0,1.0,0.0,1.0,0.0,
1.0268765392919355,0.8353881442283042,-0.588017490217596,1.0,0.0,0.0,0.0,0.0,0.0,1.0,1.0,0.0,
0.5137591895885061,0.9039585443628723,-0.588017490217596,0.0,1.0,0.0,0.0,0.0,0.0,1.0,1.0,0.0,
-0.9325515233390922,1.0515887133698694,-0.588017490217596,0.0,0.0,0.0,1.0,0.0,0.5659263578603396,0.4340736421396604,0.0,1.0,
2.472154412625986,1.9463974477676897,-0.588017490217596,0.0,1.0,0.0,0.0,0.0,0.0,1.0,0.7012278417859215,0.29877215821407854,
2.4258495204296415,1.4323206934915125,-0.588017490217596,0.0,0.0,0.0,1.0,0.0,1.0,0.0,0.0,1.0,
-0.45365395677386294,0.9603311667150373,-0.588017490217596,1.0,0.0,0.0,0.0,0.0,1.0,0.0,1.0,0.0,
2.272488185808394,2.4565533081360393,-0.13581318784174246,0.0,0.0,1.0,0.0,0.0,0.0,1.0,1.0,0.0,
3.3752223245553514,1.8503586104119178,-0.588017490217596,0.0,0.0,1.0,0.0,0.0,1.0,0.0,0.03724167409281143,0.9627583259071886,
0.9520405266940797,0.7946479734879706,-0.588017490217596,0.0,1.0,0.0,0.0,0.0,0.0,1.0,0.8871285482671767,0.11287145173282331,
0.7697458861640292,2.2111879081262122,-0.588017490217596,0.0,0.0,1.0,0.0,0.0,0.0,1.0,0.0,1.0,
0.7474143906784373,0.902749550103033,-0.588017490217596,0.0,0.0,0.0,1.0,0.0,1.0,0.0,1.0,0.0,
3.5720120110411644,2.3031322598965907,4.5083862658603095,0.0,0.1283086499280327,0.8716913500719673,0.0,0.0,1.0,0.0,1.0,0.0,
-0.40629624926878993,2.484574386345311,1.194736023266641,0.0,0.0,0.0,1.0,0.0,0.9243779600385652,0.0756220399614348,1.0,0.0,
3.945551731778856,2.2509333000895144,-0.588017490217596,0.3094627757678702,0.0,0.0,0.6905372242321298,0.0,0.0,1.0,1.0,0.0,
2.6552157571406374,1.9885758075992932,3.8752090553818026,0.0,0.0,1.0,0.0,0.0,1.0,0.0,0.0,1.0,
0.47919973755401113,2.275843240331619,0.453758367222159,1.0,0.0,0.0,0.0,0.0,0.0,1.0,1.0,0.0,
-0.7416493689897602,1.1819979793248874,-0.588017490217596,0.0,0.0,1.0,0.0,0.0,0.8414924446242407,0.15850755537575933,1.0,0.0,
2.177346261777237,1.3663186193238588,0.9955020991284405,1.0,0.0,0.0,0.0,0.0,1.0,0.0,0.0,1.0,
1.6248004713123816,1.3812287027233576,0.13868907330770497,0.0,1.0,0.0,0.0,0.0,0.0,1.0,1.0,0.0,
1.9866754646232607,1.327845279619554,-0.588017490217596,0.0,0.13625661222547492,0.0,0.8637433877745251,0.0,1.0,0.0,0.0,1.0,
1.634012114255918,1.7436382872294638,2.9095879314980295,0.0,0.37424313866995196,0.0,0.625756861330048,0.0,0.0,1.0,1.0,0.0,
2.3542645890396257,1.5522156700311824,-0.35025808382889456,0.0,0.0,1.0,0.0,0.0,1.0,0.0,1.0,0.0,
0.7919582177792248,0.7831326247789057,1.6719021063745063,0.0,0.0,0.35528324204364437,0.6447167579563556,0.0,1.0,0.0,0.0,1.0,
-0.9578391440652444,1.7689958945869573,-0.588017490217596,0.15453267975219043,0.0,0.0,0.8454673202478096,0.0,0.0,1.0,0.0,1.0,
1.1460037093988193,1.0251183807738915,1.6460771696499192,0.0,0.7040672234799591,0.0,0.2959327765200409,0.0,1.0,0.0,1.0,0.0,
0.9137993417952107,2.2658417615065454,-0.588017490217596,0.05109004031438258,0.0,0.0,0.9489099596856174,0.0,1.0,0.0,1.0,0.0,
0.9096986987988234,0.9463676023576294,-0.588017490217596,0.0,0.0,0.0,1.0,0.0,1.0,0.0,1.0,0.0,
1.0769841772756046,0.4451173733773942,0.7840278487561041,1.0,0.0,0.0,0.0,0.0,0.0,1.0,1.0,0.0,
2.578088197922127,1.483898045352193,-0.588017490217596,0.0,0.0,0.0,1.0,0.0,1.0,0.0,0.0,1.0,
1.922647278473899,1.6359883038501801,-0.588017490217596,0.0,0.0,0.0,1.0,1.0,0.0,0.0,0.0,1.0,
1.238152656856915,2.2880950166200136,-0.588017490217596,1.0,0.0,0.0,0.0,0.0,1.0,0.0,1.0,0.0,
0.1525624966101776,1.0166010256950693,2.204550177031879,1.0,0.0,0.0,0.0,0.0,1.0,0.0,0.5754656285939814,0.4245343714060186,
2.7121901028304944,2.0544306252076927,-0.588017490217596,0.9494780222471636,0.0505219777528364,0.0,0.0,0.0,0.0,1.0,0.0,1.0,
0.1887940761634913,1.6622047489697245,3.538992180926164,0.0,0.0,1.0,0.0,1.0,0.0,0.0,1.0,0.0,
1.2269597886036026,0.9652231231221865,0.07386112225348865,0.0,1.0,0.0,0.0,0.0,0.0,1.0,1.0,0.0,
2.299608765024219,1.253834834583622,1.974867085722473,0.0,1.0,0.0,0.0,0.0,0.0,1.0,0.0,1.0,
2.5680114537764065,1.3411184686315771,-0.588017490217596,0.0,0.0,0.0,1.0,0.0,0.2951156791472527,0.7048843208527473,1.0,0.0,
0.8889546942911386,0.47110475998563134,0.7984046770231801,1.0,0.0,0.0,0.0,0.0,0.0,1.0,1.0,0.0,
1.778796763546756,1.1824009545587957,0.25511673953325087,0.0,0.0,0.0,1.0,0.0,0.0,1.0,1.0,0.0,
1.4055061035035932,1.2379748336598646,0.1585974475062485,0.0,1.0,0.0,0.0,0.0,0.0,1.0,1.0,0.0,
-0.27423165782572023,1.0566947057831308,-0.588017490217596,0.0,1.0,0.0,0.0,0.0,0.0,1.0,1.0,0.0,
0.6476920490760381,2.0967435728679127,2.0515908761777393,0.0,0.0,0.0,1.0,1.0,0.0,0.0,0.041056803951712295,0.9589431960482877,
-0.19761441299845273,1.832827209084508,3.271418213829002,0.0,0.0,1.0,0.0,1.0,0.0,0.0,1.0,0.0,
2.1878798617946087,2.095794487496379,-0.588017490217596,0.0,0.0,0.0,1.0,0.0,0.0,1.0,1.0,0.0,
-0.8798161186959166,0.9099310643595964,2.800513451920884,0.0,0.0,0.412044558166506,0.587955441833494,1.0,0.0,0.0,0.0,1.0,
1.2919262393632733,2.385445547352271,-0.588017490217596,0.0,0.0,0.0,1.0,0.0,1.0,0.0,1.0,0.0,
1.05713345250493,0.1727749394841373,-0.588017490217596,0.0,0.0,1.0,0.0,0.0,1.0,0.0,1.0,0.0,
0.13178931613338996,1.91432230089373,-0.588017490217596,0.0,1.0,0.0,0.0,0.0,1.0,0.0,0.42446694051178724,0.5755330594882128,
0.9065125837964136,0.7456890750018313,-0.588017490217596,0.0,1.0,0.0,0.0,0.0,0.0,1.0,1.0,0.0,
2.3283340407072695,1.4432597601477823,0.7066296498506305,0.31647639851006315,0.0,0.0,0.6835236014899368,0.0,1.0,0.0,0.0,1.0,
-0.40490532996648443,1.1537481146146213,-0.588017490217596,1.0,0.0,0.0,0.0,0.0,1.0,0.0,1.0,0.0,
1.10602679501772,0.25896819176651414,0.11202347010589106,1.0,0.0,0.0,0.0,1.0,0.0,0.0,1.0,0.0,
2.3241360467790857,2.5151966229299414,4.493197152315021,0.0,1.0,0.0,0.0,0.0,1.0,0.0,1.0,0.0,
1.146385568932584,1.9571880749258008,2.212149107847591,0.0,1.0,0.0,0.0,0.0,0.0,1.0,1.0,0.0,
2.067659104650249,2.227554981128419,-0.588017490217596,0.0,0.0,0.0,1.0,0.0,0.0,1.0,1.0,0.0,
-0.8064700119553544,0.9153973684435287,2.6452866694265422,0.0,0.0,0.0,1.0,1.0,0.0,0.0,0.0,1.0,
0.9103094899483947,0.40017685468027003,-0.588017490217596,0.0,0.0,0.0,1.0,0.0,0.0,1.0,1.0,0.0,
0.8238851040112742,0.9219899414746611,-0.588017490217596,1.0,0.0,0.0,0.0,0.0,0.0,1.0,1.0,0.0,
1.1165292845358428,1.3379083717860178,-0.588017490217596,1.0,0.0,0.0,0.0,0.0,0.0,1.0,1.0,0.0,
1.6114414575021172,1.4660778972600168,-0.3135646213621033,1.0,0.0,0.0,0.0,0.0,1.0,0.0,0.0,1.0,
0.9746208036553095,0.35582182674875895,-0.588017490217596,1.0,0.0,0.0,0.0,0.1346390033706486,0.8653609966293514,0.0,1.0,0.0,
2.453318267650771,1.3637299248246466,-0.588017490217596,0.0,0.0,0.0,1.0,0.0,1.0,0.0,1.0,0.0,
0.6162810856570403,1.29351012369127,-0.588017490217596,0.0,1.0,0.0,0.0,0.0,1.0,0.0,1.0,0.0,
0.8181749488082942,0.09453812323743804,-0.588017490217596,0.0,1.0,0.0,0.0,0.30654869831360765,0.6934513016863924,0.0,1.0,0.0,
0.9054453387296131,0.965913931101168,-0.588017490217596,0.0,0.0,0.0,1.0,0.0,1.0,0.0,0.0,1.0,
0.17972620512338683,1.8710610606652094,-0.588017490217596,0.0,1.0,0.0,0.0,0.0,1.0,0.0,0.0,1.0,
0.9593191408660141,2.112039676257759,2.55324434807296,0.0,1.0,0.0,0.0,0.0,0.0,1.0,1.0,0.0,
1.5681387705661054,0.5207116448604351,1.7675853819381042,1.0,0.0,0.0,0.0,0.0,0.0,1.0,1.0,0.0,
0.7680807326198015,0.8687854016398995,2.96142503971343,0.0,0.0,0.0,1.0,0.0,1.0,0.0,1.0,0.0,
2.5569533896734424,2.2729840263406986,-0.588017490217596,0.033094640162860234,0.9669053598371398,0.0,0.0,0.0,0.0,1.0,0.0,1.0,
1.0248735256577266,1.2583119984732103,-0.588017490217596,1.0,0.0,0.0,0.0,0.0,1.0,0.0,0.0,1.0,
3.059551587451311,1.7346298931940178,-0.588017490217596,0.0,0.0,0.0,1.0,0.0,0.0,1.0,1.0,0.0,
1.1780819092274326,0.6084578584975235,-0.588017490217596,0.0,0.0,1.0,0.0,0.0,0.0,1.0,1.0,0.0,
3.0716788397072463,2.0470377970722415,4.5997622134252305,0.7658463085056,0.23415369149440002,0.0,0.0,0.0,0.0,1.0,1.0,0.0,
0.38665505762776387,1.3266916893634473,-0.588017490217596,0.0,1.0,0.0,0.0,0.0,0.0,1.0,1.0,0.0,
0.7649097227886803,2.265860770601287,-0.588017490217596,1.0,0.0,0.0,0.0,0.0,1.0,0.0,0.0,1.0,
0.38956452303189004,0.8324405262092436,0.8836544683767324,0.0,0.0,1.0,0.0,0.0,1.0,0.0,1.0,0.0,
-0.7579024584489222,1.0969664332545819,2.5888988754450732,0.0,0.0,0.9209695376414072,0.07903046235859279,1.0,0.0,0.0,0.0,1.0,
0.7279062902317872,0.8975062499064504,-0.588017490217596,0.0,0.0,0.0,1.0,0.0,1.0,0.0,1.0,0.0,
1.388789728523365,1.0909692836610725,-0.588017490217596,0.0,1.0,0.0,0.0,0.0,1.0,0.0,1.0,0.0,
1.9007403447437616,2.2053727366055704,-0.588017490217596,0.0,0.0,1.0,0.0,0.0,1.0,0.0,0.0,1.0,
1.962379178931283,1.2308399711161035,-0.588017490217596,0.0,0.0,0.0,1.0,0.0,1.0,0.0,1.0,0.0,
1.2943230798006242,1.2222505530004493,-0.588017490217596,0.0,0.0,0.5652875555089587,0.4347124444910413,0.0,0.0,1.0,0.0,1.0,
1.6155104985818234,1.6049580553635607,-0.588017490217596,0.0,0.0,1.0,0.0,0.0,1.0,0.0,1.0,0.0,
-0.884817273108959,0.9009698112334033,2.8088583178902398,0.0,0.0,0.3825220650516654,0.6174779349483346,1.0,0.0,0.0,0.0,1.0,
2.768320075706567,2.480821041797881,-0.588017490217596,0.7684925211003195,0.23150747889968049,0.0,0.0,0.0,0.0,1.0,0.0,1.0,
0.68689976011439,0.9803877205349483,-0.5781264105653836,1.0,0.0,0.0,0.0,0.0,0.0,1.0,1.0,0.0,
2.026037610438532,1.2759748872322414,-0.588017490217596,0.0,0.0,0.0,1.0,0.0,0.6514598682097734,0.3485401317902266,0.0,1.0,
1.1120935334458228,0.9043599968600113,-0.588017490217596,0.0,0.0,0.0,1.0,0.0,1.0,0.0,1.0,0.0,
1.1112360117724007,1.3831969225775458,-0.588017490217596,0.0,0.0,0.0,1.0,0.0,0.0,1.0,1.0,0.0,
2.1520020331761325,2.1600949868128323,0.699455662917008,0.0,0.0,1.0,0.0,0.0,0.0,1.0,1.0,0.0,
0.5568468770845826,0.9368505091851281,-0.588017490217596,1.0,0.0,0.0,0.0,0.0,0.0,1.0,1.0,0.0,
1.7267088563875088,1.9032859984690875,-0.588017490217596,0.0,0.0,0.0,1.0,0.0,0.0,1.0,1.0,0.0,
2.7593535423066466,1.8915210859069354,2.368132165845622,1.0,0.0,0.0,0.0,0.0,0.0,1.0,0.0,1.0,
-0.22271987183382824,2.4791640650170383,1.8423493594298277,0.42725678354112206,0.0,0.5727432164588779,0.0,0.0,0.0,1.0,1.0,0.0,
0.4755891727551462,2.275683000991603,0.5440398272503211,1.0,0.0,0.0,0.0,0.0,0.0,1.0,1.0,0.0,
1.1857084381372496,0.7856910844590287,-0.588017490217596,0.0,0.0,1.0,0.0,0.5923255627682867,0.40767443723171326,0.0,1.0,0.0,
0.897350082219553,2.3153011250615263,-0.588017490217596,0.0,0.0,0.0,1.0,0.2010227489524179,0.7989772510475821,0.0,0.0,1.0,
-0.8708968586306101,1.773980370071466,-0.588017490217596,0.0,0.0,1.0,0.0,0.0,1.0,0.0,0.19704424090103878,0.8029557590989612,
2.3215587069650154,1.7023931009571922,-0.588017490217596,0.0,0.0,1.0,0.0,0.0,1.0,0.0,1.0,0.0,
2.2137714053110757,1.1105516225946273,3.481222363051663,0.0,0.0,1.0,0.0,0.0,0.0,1.0,0.5683236487605434,0.4316763512394566,
0.2245151326990739,0.8925171545666234,-0.588017490217596,0.0,0.0,1.0,0.0,1.0,0.0,0.0,0.0,1.0,
1.2548944996708524,2.0419281181028657,2.330278232509376,0.0,0.0,0.0,1.0,1.0,0.0,0.0,0.10209044398567124,0.8979095560143288,
1.3936954436688818,1.448747031861208,-0.588017490217596,0.0,0.0,0.0,1.0,0.20052983132290503,0.0,0.799470168677095,0.0,1.0,
-0.7520285790570795,0.9501409746475566,2.8110094926774707,0.0,0.0,0.0,1.0,1.0,0.0,0.0,0.0,1.0,
-0.7950092933873053,1.218487477933498,-0.588017490217596,0.0,0.0,1.0,0.0,0.7380122666115572,0.0,0.26198773338844283,1.0,0.0,
3.637835962385928,2.3759951110197,-0.588017490217596,0.0,0.0,1.0,0.0,0.0,0.0,1.0,1.0,0.0,
2.344252074447155,1.1606516398378248,3.5092147379842413,0.0,0.0,1.0,0.0,0.0,0.0,1.0,0.23821860802858275,0.7617813919714173,
3.401092418617481,2.372444299033321,4.008103478357747,0.0,0.38834504706067785,0.0,0.6116549529393221,0.0,0.6116549529393221,0.38834504706067785,1.0,0.0,
0.8114220922013958,1.0443292999164913,-0.588017490217596,0.0,0.0,0.0,1.0,0.0,1.0,0.0,1.0,0.0,
-0.03725013308037739,1.0346222187410947,-0.588017490217596,1.0,0.0,0.0,0.0,0.0,1.0,0.0,0.0,1.0,
-0.6269509195937617,1.4716996430119222,-0.588017490217596,0.0,0.0,1.0,0.0,0.0,1.0,0.0,0.0,1.0,
1.7122179138400433,2.3444087154317224,-0.588017490217596,0.0,1.0,0.0,0.0,0.0,1.0,0.0,1.0,0.0,
0.09601404346777864,1.2050374576679572,-0.588017490217596,0.0,0.0,1.0,0.0,0.0,0.0,1.0,1.0,0.0,
2.0393403737406146,1.617820932086486,-0.588017490217596,0.0,1.0,0.0,0.0,0.0,0.0,1.0,1.0,0.0,
2.0490450289887314,2.278585399921309,4.935285881029561,0.0,0.42102200018443126,0.5789779998155687,0.0,0.0,1.0,0.0,1.0,0.0,
2.914512239752246,1.8734743155278493,3.175631835203388,0.0,0.0,0.0,1.0,0.5947601417111441,0.4052398582888559,0.0,1.0,0.0,
1.259249275367414,0.5246821069316523,1.4882226604801558,1.0,0.0,0.0,0.0,0.0,0.0,1.0,1.0,0.0,
3.0414413740893074,2.4064651056423227,3.825399980167675,0.0,0.26414422812785565,0.0,0.7358557718721443,0.0,1.0,0.0,1.0,0.0,
0.2795706536771253,1.0220087746074922,-0.588017490217596,1.0,0.0,0.0,0.0,0.0,0.0,1.0,1.0,0.0,
1.343987673812463,1.4763953594650658,-0.588017490217596,0.0,0.0,1.0,0.0,0.0,1.0,0.0,1.0,0.0,
0.7870415785916822,0.8341686775934464,2.7863741771891384,0.0,0.0,0.0,1.0,0.0,1.0,0.0,1.0,0.0,
1.3969786454582522,0.9588525372639577,-0.588017490217596,0.0,0.0,1.0,0.0,1.0,0.0,0.0,1.0,0.0,
-0.9221241962699152,2.519941351618144,1.1268488595038038,0.0,0.0,0.0,1.0,0.0,0.0,1.0,0.24781378436486112,0.7521862156351389,
1.8188086513256063,1.2708351324388976,-0.588017490217596,0.0,0.0,0.0,1.0,0.0,0.0,1.0,0.0,1.0,
2.8877097415555792,1.8486541107080459,2.4181662021069874,0.40432172014533496,0.0,0.595678279854665,0.0,0.0,0.0,1.0,0.0,1.0,
0.2770107434028119,2.4867075466931787,5.117292766885074,0.0,0.0,0.0,1.0,1.0,0.0,0.0,0.7705587604554238,0.22944123954457618,
1.5037657015421597,1.3734169840318402,-0.588017490217596,1.0,0.0,0.0,0.0,0.0,0.0,1.0,1.0,0.0,
0.750421498501427,0.7100178715579191,-0.588017490217596,0.3451861406785278,0.0,0.6548138593214722,0.0,1.0,0.0,0.0,0.0,1.0,
-0.7481834598901743,1.436273995887478,-0.588017490217596,0.0,0.0,0.0,1.0,0.4775766621235765,0.0,0.5224233378764235,1.0,0.0,
1.2279850557615877,2.1385591996327897,3.070294977063101,0.0,1.0,0.0,0.0,0.0,0.0,1.0,0.1435957294281306,0.8564042705718694,
2.248104483106971,1.252457438149502,2.2766619771657597,0.0,0.0,1.0,0.0,0.0,1.0,0.0,1.0,0.0,
0.2634333842152782,2.3489175044262645,-0.588017490217596,0.0,0.0,1.0,0.0,0.0,0.37939887259453153,0.6206011274054685,0.0,1.0,
-0.9450612172073763,2.5758965436417314,1.3870743777052588,0.0,0.0,0.0,1.0,0.0,0.09824378775675913,0.9017562122432409,0.09824378775675913,0.9017562122432409,
3.6547810659358784,2.3292139265191194,-0.588017490217596,0.25686018956780843,0.0,0.7431398104321916,0.0,0.0,0.0,1.0,1.0,0.0,
2.623477999215349,1.4846788157126698,-0.588017490217596,0.0,0.0,0.0,1.0,0.0,1.0,0.0,0.9537674481068952,0.04623255189310482,
1.1975830494087796,0.5322798712506573,-0.588017490217596,0.0,0.0,1.0,0.0,0.0,0.0,1.0,1.0,0.0,
1.3086829147231525,1.06074057749889,0.16314854785286226,0.0,1.0,0.0,0.0,0.0,0.0,1.0,1.0,0.0,
-0.8068055039742483,1.696137737748643,-0.588017490217596,0.0,0.0,1.0,0.0,0.0,1.0,0.0,0.0,1.0,
1.7074069776890748,1.565158223195764,2.8156974967775503,0.0,0.15761321971370768,0.0,0.8423867802862923,0.0,0.0,1.0,1.0,0.0,
0.7042535356710375,0.7689361119311078,-0.588017490217596,0.0,0.0,1.0,0.0,0.0,1.0,0.0,1.0,0.0,
3.646383181923491,2.3459212058114973,4.244125230152948,0.0,0.39873993181074874,0.6012600681892513,0.0,0.0,0.0,1.0,0.39873993181074874,0.6012600681892513,
0.5583220751052036,2.1066253169002604,4.836644796693258,0.0,0.6789704842355089,0.3210295157644911,0.0,0.0,1.0,0.0,1.0,0.0,
-0.3644130128892886,1.8710277699697233,2.869236731869633,0.0,1.0,0.0,0.0,0.0,0.0,1.0,1.0,0.0,
1.8994880751765062,1.3398138866063969,-0.588017490217596,0.0,0.0,1.0,0.0,1.0,0.0,0.0,0.22798151424894975,0.7720184857510503,
1.2633136709880177,0.8141423591887503,0.8924347786944489,1.0,0.0,0.0,0.0,0.0,0.0,1.0,1.0,0.0,
-0.07563661231981897,2.247103726301455,-0.588017490217596,0.0,0.0,1.0,0.0,0.0,1.0,0.0,1.0,0.0,
0.05582720973243327,1.667581514154894,-0.588017490217596,1.0,0.0,0.0,0.0,0.0,1.0,0.0,1.0,0.0,
0.9857804445272027,0.7485715649414925,2.2680879533022797,0.0,0.0,0.0,1.0,0.0,0.959808206295512,0.040191793704488,1.0,0.0,
0.4141102808429767,1.1005823497480054,-0.026990014609222013,0.0,0.0,1.0,0.0,0.0,1.0,0.0,1.0,0.0,
1.5699078240221163,1.6097875687094014,-0.588017490217596,0.0,0.0,0.0,1.0,0.0,1.0,0.0,1.0,0.0,
-0.5294471494502713,0.6659969347068387,-0.588017490217596,0.0,0.0,1.0,0.0,0.0,0.0,1.0,0.0,1.0,
1.658520132991603,1.084310643620244,1.0417629062241236,0.0,0.0,1.0,0.0,0.13523939193875512,0.8647606080612449,0.0,1.0,0.0,
0.28701836274690795,0.7672556260980257,-0.588017490217596,0.0,0.0,0.0,1.0,0.0,0.0,1.0,1.0,0.0,
1.1510579736864621,0.49745724043694406,0.4708912701385547,0.0,0.0,1.0,0.0,0.0,1.0,0.0,1.0,0.0,
3.1707302845010052,2.3787803831820007,3.5422982790688464,0.0,0.0,0.09689088040994209,0.9031091195900579,0.0,1.0,0.0,1.0,0.0,
1.0272758890479934,1.6397136786202213,1.6770338699830036,0.0,1.0,0.0,0.0,0.0,0.25240059218570665,0.7475994078142933,1.0,0.0,
2.17899081154238,2.534275678512742,-0.588017490217596,0.0,0.0,0.3436843950461368,0.6563156049538632,0.0,0.0,1.0,1.0,0.0,
0.34912769820150014,1.249732996499991,-0.588017490217596,0.0,1.0,0.0,0.0,0.0,0.0,1.0,1.0,0.0,
0.21692694658310063,2.192260225607425,-0.588017490217596,1.0,0.0,0.0,0.0,0.0,0.0,1.0,0.0,1.0,
0.19379719948570362,1.6599955707724623,3.5424566637021613,0.0,0.0,1.0,0.0,1.0,0.0,0.0,1.0,0.0,
1.2190638560843634,1.0518712089543907,-0.588017490217596,0.0,0.4060535490391103,0.5939464509608897,0.0,0.0,0.0,1.0,0.0,1.0,
1.3630881640979724,1.5173016643649169,1.8219646533829594,0.0,1.0,0.0,0.0,0.0,0.0,1.0,1.0,0.0,
-0.757132600486514,1.5210540844638036,-0.588017490217596,0.0,0.0,0.0,1.0,0.0,0.0,1.0,0.7726837199770046,0.22731628002299542,
1.3584885279476837,0.5216375924110287,-0.588017490217596,1.0,0.0,0.0,0.0,0.9843977274172124,0.015602272582787569,0.0,1.0,0.0,
0.5713280761989601,2.340287241350251,-0.588017490217596,1.0,0.0,0.0,0.0,0.0,0.0,1.0,0.06496305386752521,0.9350369461324748,
0.9007575778547182,2.351164657619,-0.588017490217596,0.0,0.0,0.2527197276291875,0.7472802723708125,0.0,1.0,0.0,0.0,1.0,
0.694072724135991,2.3173930321005445,2.24732317671075,0.0,0.0,1.0,0.0,0.0,0.44561405864853476,0.5543859413514652,1.0,0.0,
1.7223751418557742,1.466155981728541,2.716488356059085,0.0,0.061872909626514816,0.0,0.9381270903734852,0.0,0.0,1.0,1.0,0.0,
1.9356417720736063,2.038208829398509,-0.22414323264239366,0.0,0.0,1.0,0.0,1.0,0.0,0.0,1.0,0.0,
0.28476580298174436,2.1237123778531513,1.2946346985711537,0.0,0.0,1.0,0.0,1.0,0.0,0.0,1.0,0.0,
-0.2507152138988761,2.180893932854994,2.8411227607081546,0.0,1.0,0.0,0.0,0.0,0.8742874371072654,0.12571256289273458,0.0,1.0,
0.2734673476076898,1.029656428751418,1.1403941254464618,0.0,0.0,1.0,0.0,0.0,0.66994997404411,0.33005002595588995,1.0,0.0,
2.32180957454953,1.9705366226468657,0.49642486270211417,0.0,1.0,0.0,0.0,0.0,0.0,1.0,0.0,1.0,
-0.38392985668890506,0.9957571429072671,-0.588017490217596,0.0,1.0,0.0,0.0,0.0,0.0,1.0,1.0,0.0,
0.9889153637275878,2.346920650799442,1.8133950676823158,0.0,1.0,0.0,0.0,0.0,1.0,0.0,1.0,0.0,
1.0889893560503412,0.9477419952116272,0.8448428836521185,0.0,1.0,0.0,0.0,0.0,1.0,0.0,0.3675037592949759,0.6324962407050241,
3.3309534725230923,1.876705020637628,-0.588017490217596,0.0,0.0,1.0,0.0,0.0,1.0,0.0,0.0,1.0,
-0.8366827533452921,1.0060634288172277,-0.588017490217596,0.0,0.0,0.23734478138885817,0.7626552186111418,0.0,0.0,1.0,0.0,1.0,
-0.06730018739237323,0.9041873286523554,-0.588017490217596,0.0,0.0,0.0,1.0,1.0,0.0,0.0,1.0,0.0,
0.6736720394505313,0.8918721079186882,-0.588017490217596,0.0,0.0,1.0,0.0,0.0,0.0,1.0,1.0,0.0,
-0.7418885903725434,1.1135252946625558,2.4983940042829462,0.0,0.0,0.0,1.0,1.0,0.0,0.0,0.48013906440002496,0.519860935599975,
2.3153688151346405,1.8444122691010914,0.6468824920149285,0.0,1.0,0.0,0.0,0.0,0.0,1.0,0.0,1.0,
2.8709350223662793,1.810594684314372,2.579140146811494,1.0,0.0,0.0,0.0,0.0,0.0,1.0,0.0,1.0,
1.8903258084348782,0.8358025986005043,-0.588017490217596,0.0,1.0,0.0,0.0,0.0,1.0,0.0,1.0,0.0,
2.4716527067700267,1.858782164802402,2.0479156147874678,0.6471648507982907,0.35283514920170933,0.0,0.0,0.0,0.0,1.0,0.0,1.0,
1.7043396428264055,1.114570277722305,-0.588017490217596,0.0,0.0,0.0,1.0,0.0,1.0,0.0,1.0,0.0,
2.498810805163916,1.2393224006592047,0.6151895352312973,0.0,0.0,1.0,0.0,0.0,1.0,0.0,1.0,0.0,
1.7606801766565108,1.8036912729239944,-0.588017490217596,1.0,0.0,0.0,0.0,0.0,0.0,1.0,0.0,1.0,
3.413979583603413,2.191130068912683,3.543007693530298,0.0,0.0,1.0,0.0,0.0,0.0,1.0,0.0,1.0,
-0.9051147627821258,1.2854652226460284,-0.588017490217596,0.0,0.0,0.0,1.0,0.0,0.0,1.0,0.0,1.0,
1.6143633310516576,1.1096732198834582,1.4620686609922569,0.0,1.0,0.0,0.0,0.0,0.0,1.0,0.7990610189012209,0.20093898109877906,
-0.7671806724550567,1.2084775730597137,-0.588017490217596,0.0,0.0,1.0,0.0,0.7691593569688238,0.23084064303117624,0.0,1.0,0.0,
0.964967504816198,1.534314562973437,-0.588017490217596,1.0,0.0,0.0,0.0,0.0,0.0,1.0,1.0,0.0,
1.897623130538675,0.9904049436118507,0.4762509065842988,1.0,0.0,0.0,0.0,0.0,1.0,0.0,0.0,1.0,
2.0431426289826318,1.5810072495020826,-0.588017490217596,0.0,0.0,1.0,0.0,1.0,0.0,0.0,1.0,0.0,
0.8833120613426488,1.6912541458512742,-0.588017490217596,1.0,0.0,0.0,0.0,0.0,0.0,1.0,1.0,0.0,
0.4464378376454286,2.209833556061371,-0.588017490217596,1.0,0.0,0.0,0.0,0.0,1.0,0.0,1.0,0.0,
2.3557774662243802,1.9367924806517127,2.4479481632856377,0.0,0.8455258661598024,0.1544741338401976,0.0,0.0,1.0,0.0,1.0,0.0,
1.815905104045153,2.11373277694138,-0.588017490217596,0.9757581682111246,0.0242418317888754,0.0,0.0,0.0,1.0,0.0,1.0,0.0,
0.6639062618516174,1.6473632105579619,3.780007091585607,0.0,0.0,0.6535059603003169,0.34649403969968307,1.0,0.0,0.0,1.0,0.0,
3.4268798298019814,2.4286264305881398,-0.588017490217596,0.0,1.0,0.0,0.0,0.0,0.247417313069748,0.752582686930252,1.0,0.0,
-0.7255252790561355,1.1191101299712702,2.468966765063418,0.0,0.0,0.0,1.0,1.0,0.0,0.0,0.44794078204513343,0.5520592179548666,
0.4036849194700659,1.6899785349743333,-0.588017490217596,1.0,0.0,0.0,0.0,0.0,1.0,0.0,0.0,1.0,
0.5749963556389843,0.5334072400254324,-0.588017490217596,0.0,0.0,0.3896012879169173,0.6103987120830827,1.0,0.0,0.0,0.0,1.0,
1.0434590422286556,0.5295131930419441,0.8141258551952036,0.296196416173096,0.0,0.703803583826904,0.0,0.0,0.0,1.0,1.0,0.0,
-1.0241089052183805,1.2517424075582648,-0.588017490217596,0.0,0.0,0.0,1.0,0.0,0.680793980015326,0.319206019984674,0.0,1.0,
2.505121910873708,1.624169116750497,-0.588017490217596,0.0,1.0,0.0,0.0,0.0,0.0,1.0,0.0,1.0,
1.3899914203468193,1.1778141704897795,0.21402494499743765,0.0,1.0,0.0,0.0,0.0,0.0,1.0,1.0,0.0,
1.7185215829331149,1.4244109175580402,-0.588017490217596,0.0,0.0,1.0,0.0,0.08371791682007101,0.0,0.916282083179929,0.0,1.0,
1.3627489793528123,1.268455207246527,-0.588017490217596,0.0,1.0,0.0,0.0,0.0,1.0,0.0,1.0,0.0,
0.5730961282391763,1.0445137239390163,0.5023344499278871,1.0,0.0,0.0,0.0,0.0,0.0,1.0,1.0,0.0,
1.2218804902285236,0.5467456860456208,-0.588017490217596,1.0,0.0,0.0,0.0,1.0,0.0,0.0,0.4911868939357671,0.5088131060642329,
2.918024909906561,2.0511307289451457,3.916890914186653,0.0,0.0,1.0,0.0,0.0,0.6180207967402691,0.3819792032597309,0.0,1.0,
3.059551587451311,1.8115148203355025,-0.588017490217596,0.0,0.0,0.0,1.0,0.0,0.0,1.0,1.0,0.0,
1.5643870088113183,1.4427229402366373,-0.588017490217596,0.0,0.0,0.0,1.0,1.0,0.0,0.0,0.0,1.0,
-0.03722290285656166,2.524316490980516,2.2996597615442225,0.0,1.0,0.0,0.0,0.0,0.0,1.0,0.07719732881782337,0.9228026711821766,
1.523061685799628,2.198617689923028,-0.588017490217596,0.0,0.0,1.0,0.0,0.0,1.0,0.0,0.0,1.0,
0.8491859091234673,1.0936121081322838,-0.588017490217596,0.0,0.0,0.0,1.0,0.0,1.0,0.0,1.0,0.0,
-0.383515049595589,0.793641532063332,-0.588017490217596,0.594933732228411,0.40506626777158905,0.0,0.0,0.0,1.0,0.0,1.0,0.0,
0.6470397069242317,0.8025410050500035,0.6581457971362701,0.0,0.0,1.0,0.0,0.0,1.0,0.0,1.0,0.0,
2.3439840620215247,1.447265801006258,0.6587550154999153,0.22409219911555878,0.0,0.0,0.7759078008844412,0.0,1.0,0.0,0.0,1.0,
2.627562151735315,2.0148580173912696,-0.588017490217596,1.0,0.0,0.0,0.0,0.0,0.0,1.0,0.0,1.0,
0.633746694976258,1.703609992155406,3.739747979791362,0.0,0.0,0.5772048107295265,0.42279518927047355,1.0,0.0,0.0,1.0,0.0,
1.1124823964655728,1.2763600154552002,2.216264348138531,0.0,1.0,0.0,0.0,0.0,0.0,1.0,1.0,0.0,
0.5791533294348801,1.5335729336909125,-0.588017490217596,0.0,0.0,1.0,0.0,0.0,0.0,1.0,1.0,0.0,
1.2023825494043126,2.361175076985444,4.859674124346617,0.09881805572195201,0.901181944278048,0.0,0.0,0.0,0.0,1.0,0.0,1.0,
0.5509923399822214,2.08223251457281,-0.588017490217596,0.0,0.0,1.0,0.0,0.5708494807825996,0.0,0.42915051921740044,1.0,0.0,
-0.9797041689445815,2.462868467433546,1.4792650411038388,0.4671755307373757,0.0,0.0,0.5328244692626243,0.0,0.4671755307373757,0.5328244692626243,0.0,1.0,
0.06563903938266236,2.348428432277972,5.149429601073106,0.0,0.0,0.0,1.0,0.06802773734087963,0.0,0.9319722626591204,0.9319722626591204,0.06802773734087963,
3.489357999977696,2.320836107511064,-0.5022616004785893,0.0,0.0,1.0,0.0,0.0,0.0,1.0,1.0,0.0,
3.7296699504935273,2.2996833898219498,4.580813992782804,0.0,0.28913295980543496,0.710867040194565,0.0,0.0,0.710867040194565,0.28913295980543496,1.0,0.0,
2.2805720482995295,1.9015376775109099,-0.588017490217596,1.0,0.0,0.0,0.0,0.0,0.0,1.0,0.0,1.0,
0.1693549361998136,2.3184871894760564,-0.588017490217596,0.0,0.8163309767501703,0.1836690232498297,0.0,0.0,1.0,0.0,0.0,1.0,
3.903412739845121,2.2814809894007975,-0.588017490217596,0.9907134437259514,0.0,0.009286556274048618,0.0,0.0,0.0,1.0,1.0,0.0,
1.188858858819942,1.0213990246080782,-0.588017490217596,0.0,0.0,0.0,1.0,0.0,1.0,0.0,1.0,0.0,
0.537658065052422,2.28857481068327,-0.588017490217596,1.0,0.0,0.0,0.0,0.0,0.0,1.0,0.6612389874747754,0.3387610125252246,
1.370298464851722,2.131301068899268,0.9660523843201294,0.0,0.0,1.0,0.0,1.0,0.0,0.0,1.0,0.0,
0.4639848950655036,1.1196290478348434,-0.588017490217596,0.0,1.0,0.0,0.0,0.0,0.0,1.0,1.0,0.0,
0.5927807171081951,2.293326181350419,-0.588017490217596,0.0,1.0,0.0,0.0,0.0,1.0,0.0,1.0,0.0,
-0.3860301992714622,2.4978425889873104,1.268355342695869,0.0,0.0,0.0,1.0,0.0,0.9982535935812586,0.001746406418741353,0.9982535935812586,0.001746406418741353,
0.61088840690218,1.009573423917868,0.15115544884763515,1.0,0.0,0.0,0.0,0.0,0.0,1.0,1.0,0.0,
0.17972620512338683,1.8304187087299546,-0.588017490217596,0.0,1.0,0.0,0.0,0.0,1.0,0.0,0.0,1.0,
3.4941518661166473,2.0799866715230566,-0.588017490217596,0.0,0.0,0.0,1.0,0.0,0.0,1.0,1.0,0.0,
3.578369655488805,2.241589363796286,4.792338800584484,0.2673355352977973,0.7326644647022027,0.0,0.0,0.0,0.0,1.0,1.0,0.0,
0.6257123369993896,0.7376514494213338,-0.588017490217596,0.2721666542756418,0.0,0.7278333457243582,0.0,1.0,0.0,0.0,0.0,1.0,
0.5749963556389843,-0.2283683754501832,1.4196497223007807,0.8534941228771116,0.14650587712288843,0.0,0.0,1.0,0.0,0.0,1.0,0.0,
1.7275406357315757,1.752793570367323,-0.588017490217596,1.0,0.0,0.0,0.0,0.0,0.0,1.0,0.0,1.0,
-0.09990695720363063,0.5604427437631503,-0.588017490217596,0.0,0.0,1.0,0.0,0.0,0.0,1.0,0.0,1.0,
2.8928520321252638,1.7457772324805245,2.450555907495436,0.0,0.0,0.0,1.0,0.0,0.0,1.0,1.0,0.0,
-0.5524095936947425,0.7990654429416546,2.011512402796079,0.0,0.6723848507820833,0.0,0.3276151492179167,0.0,0.0,1.0,1.0,0.0,
-0.2864658418209622,1.8502831664510082,3.1270552655511112,0.0,0.0,1.0,0.0,1.0,0.0,0.0,1.0,0.0,
0.6148474401009497,0.4940792592926296,0.5681728927779177,1.0,0.0,0.0,0.0,0.0,0.0,1.0,1.0,0.0,
2.8304795639905773,2.5388529484723037,-0.588017490217596,1.0,0.0,0.0,0.0,0.0,0.0,1.0,0.0,1.0,
0.6508727021436957,2.1074428800098324,-0.588017490217596,1.0,0.0,0.0,0.0,0.0,1.0,0.0,0.0,1.0,
1.887487640652701,1.314010111718021,-0.588017490217596,0.0,0.0,1.0,0.0,1.0,0.0,0.0,0.08114748281376505,0.918852517186235,
0.6086549176387018,0.9135031687863041,-0.588017490217596,0.0,0.0,0.0,1.0,1.0,0.0,0.0,1.0,0.0,
1.071003559483901,1.9703987460651942,3.3648689259917535,0.0,1.0,0.0,0.0,0.0,0.0,1.0,0.11199906927503067,0.8880009307249693,
1.617644256722717,1.591511803222298,3.547774014014207,0.0,0.0,1.0,0.0,1.0,0.0,0.0,1.0,0.0,
1.2946645570954665,1.9906118314357413,-0.588017490217596,0.0,0.0,0.0,1.0,1.0,0.0,0.0,0.0,1.0,
-0.6554435112516112,1.4023280365618338,3.3995436336059397,0.0,1.0,0.0,0.0,0.0,1.0,0.0,1.0,0.0,
0.7185703592888998,0.9551997481833271,-0.588017490217596,0.0,0.0,0.0,1.0,0.0,1.0,0.0,1.0,0.0,
2.0431426289826318,1.4995140558172917,-0.588017490217596,0.0,0.0,1.0,0.0,1.0,0.0,0.0,1.0,0.0,
0.36518084917809335,2.26227745893152,-0.3764073459285956,1.0,0.0,0.0,0.0,0.0,0.0,1.0,1.0,0.0,
1.336087907026298,0.566142173064805,-0.588017490217596,1.0,0.0,0.0,0.0,0.8261600349041668,0.0,0.17383996509583322,1.0,0.0,
0.12325904076401598,2.3001040134823976,5.081249223991536,0.0,0.23947699453678684,0.0,0.7605230054632132,0.0,0.23947699453678684,0.7605230054632132,1.0,0.0,
1.3986035734908309,0.8562516448492697,-0.588017490217596,0.0,1.0,0.0,0.0,0.0,1.0,0.0,1.0,0.0,
3.059551587451311,1.7650226261306547,-0.588017490217596,0.0,0.0,0.0,1.0,0.0,0.0,1.0,1.0,0.0,
1.6100708872879164,2.19509057963115,-0.588017490217596,0.0,0.0,0.0,1.0,0.0,1.0,0.0,1.0,0.0,
2.317324756584602,1.3893135701785528,0.5092997589870775,0.10403609906006284,0.0,0.0,0.8959639009399372,0.0,1.0,0.0,0.0,1.0,
1.029446012215839,2.209631260965547,-0.588017490217596,0.0,0.0,1.0,0.0,1.0,0.0,0.0,1.0,0.0,
3.3418874092481663,2.3166047075686365,2.7219057204107155,0.0,0.8603271427056877,0.0,0.13967285729431234,0.0,0.8603271427056877,0.13967285729431234,1.0,0.0,
1.2021709592481475,0.7336362849422136,2.000920840285387,0.0,1.0,0.0,0.0,0.0,0.0,1.0,1.0,0.0,
0.9231693558992828,1.7486156801150738,-0.588017490217596,1.0,0.0,0.0,0.0,0.0,1.0,0.0,0.0,1.0,
1.1669664023405084,0.7152922032733446,-0.588017490217596,0.12085963328209415,0.0,0.8791403667179059,0.0,1.0,0.0,0.0,1.0,0.0,
1.173148442632158,1.2858346879132228,1.4291336993042902,0.0,1.0,0.0,0.0,0.0,1.0,0.0,1.0,0.0,
-1.0124471413606455,1.59455434211911,-0.588017490217596,0.0,0.0,0.0,1.0,0.0,0.0,1.0,0.0,1.0,
2.374591713005689,2.0288767929694638,0.6979000170955854,0.0,0.0,1.0,0.0,0.0,0.0,1.0,0.6228634642813778,0.37713653571862216,
1.4288972838621021,1.3226844226244066,-0.588017490217596,0.0,0.0,1.0,0.0,0.0,1.0,0.0,0.0,1.0,
0.12325904076401598,2.2547086545558312,5.015997204194253,0.0,0.40053429769910165,0.0,0.5994657023008984,0.0,0.40053429769910165,0.5994657023008984,1.0,0.0,
-0.8073697974156856,1.2072323272108205,-0.588017490217596,0.0,0.0,1.0,0.0,0.0,0.2595575345616047,0.7404424654383953,1.0,0.0,
0.7077173004886559,1.7392801970204876,1.595965801852203,0.0,0.0,1.0,0.0,1.0,0.0,0.0,1.0,0.0,
2.045281517425482,1.2626715720387593,-0.588017490217596,0.0,0.0,0.0,1.0,0.0,1.0,0.0,1.0,0.0,
1.1604111899790317,0.4841222296045328,-0.588017490217596,0.0,0.0,1.0,0.0,0.0,1.0,0.0,1.0,0.0,
1.2199963551250261,0.863238423009169,-0.588017490217596,0.0,1.0,0.0,0.0,0.0,0.0,1.0,0.09623874097548846,0.9037612590245115,
-0.5548169983486627,1.4347000256229308,-0.588017490217596,0.0,1.0,0.0,0.0,0.0,1.0,0.0,1.0,0.0,
1.4058022622383595,2.1874101486689645,4.991449506197412,0.0,0.0,0.9195675000075266,0.08043249999247337,0.08043249999247337,0.9195675000075266,0.0,1.0,0.0,
2.3128310926820985,1.3909114521171426,2.0807676451486667,0.0,1.0,0.0,0.0,0.0,0.0,1.0,0.0,1.0,
0.7202920835557505,0.8326975303718503,-0.588017490217596,0.0,0.0,1.0,0.0,0.0,1.0,0.0,1.0,0.0,
-0.4601193266822296,0.7872533638055386,1.8164527951815737,0.0,0.9447858353765837,0.0,0.05521416462341633,0.0,0.0,1.0,1.0,0.0,
2.3863677048817618,1.5303341996159097,-0.588017490217596,0.0,0.0,1.0,0.0,0.0,1.0,0.0,1.0,0.0,
2.3312408591582763,1.1821160019516797,-0.588017490217596,0.0,0.0,0.0,1.0,0.0,0.0,1.0,1.0,0.0,
1.9951954997357992,1.6453156574685768,-0.588017490217596,0.0,0.9112442528826029,0.08875574711739709,0.0,0.0,1.0,0.0,0.0,1.0,
-0.4545146549161747,0.9973612450861354,-0.588017490217596,0.0,1.0,0.0,0.0,0.0,0.0,1.0,1.0,0.0,
-0.8366827533452921,1.0473747558447615,-0.588017490217596,0.0,0.0,0.11825856858574701,0.881741431414253,0.0,0.0,1.0,0.0,1.0,
1.321971462955077,0.9696694489504423,-0.588017490217596,0.0,0.0,0.0,1.0,0.0,1.0,0.0,1.0,0.0,
2.0668040342833494,2.237732812470736,-0.588017490217596,0.0,0.0,0.0,1.0,0.0,0.0,1.0,1.0,0.0,
0.581711235465565,1.001439344148215,-0.588017490217596,0.0,0.0,0.0,1.0,1.0,0.0,0.0,1.0,0.0,
1.6203360393030601,1.9547634227694253,-0.588017490217596,0.0,0.0,1.0,0.0,1.0,0.0,0.0,1.0,0.0,
0.8642997015540499,0.24402175204197477,-0.588017490217596,0.5616953604564527,0.43830463954354726,0.0,0.0,0.0,1.0,0.0,1.0,0.0,
3.029461619495832,1.6506902602782965,2.9645819361780226,0.9515567735098722,0.0,0.04844322649012778,0.0,0.0,0.0,1.0,0.0,1.0,
2.5064992680974867,1.585993896825808,3.117448951422848,0.0,0.0,0.3687868197770545,0.6312131802229455,1.0,0.0,0.0,1.0,0.0,
0.7661667332384591,0.6050755889639452,0.8371325528486641,1.0,0.0,0.0,0.0,0.0,0.0,1.0,1.0,0.0,
2.0358650421900335,1.180612334969,1.2757621091964984,0.0,0.0,1.0,0.0,0.0,1.0,0.0,1.0,0.0,
1.0531232707316607,0.4965884674588191,-0.588017490217596,0.0,1.0,0.0,0.0,0.0,1.0,0.0,1.0,0.0,
-0.6412929479034164,1.438199820051538,-0.588017490217596,0.0,0.0,0.0,1.0,0.0,0.0,1.0,1.0,0.0,
1.853512346687653,1.1421030380488173,-0.588017490217596,0.0,0.0,0.6417601371281071,0.3582398628718929,1.0,0.0,0.0,0.0,1.0,
1.5269819357327454,1.1961950784599844,0.6389575462748858,0.0,0.0,0.0,1.0,0.0,0.0,1.0,1.0,0.0,
2.1212148785577156,1.1839517337730456,0.4081569983430541,0.41976243191173634,0.0,0.0,0.5802375680882637,0.0,1.0,0.0,0.0,1.0,
1.233228014894281,0.8699953932674318,-0.588017490217596,1.0,0.0,0.0,0.0,0.0,0.0,1.0,1.0,0.0,
0.38775942154991666,0.6708895699271715,-0.588017490217596,0.0,0.0,0.0,1.0,1.0,0.0,0.0,1.0,0.0,
-0.31477871308815336,1.3474583591473774,1.6973169072535115,0.0,0.0,0.0,1.0,1.0,0.0,0.0,0.4632301575569824,0.5367698424430176,
2.357101717398985,1.5402327304330934,-0.3268247928304987,0.0,0.0,1.0,0.0,0.0,1.0,0.0,1.0,0.0,
1.7153642040502295,1.8331384412314218,-0.588017490217596,0.0,0.0,1.0,0.0,1.0,0.0,0.0,1.0,0.0,
0.9977478929273134,2.296049912458984,1.794972752988854,0.0,1.0,0.0,0.0,0.0,1.0,0.0,1.0,0.0,
-0.4577848276837713,0.94394136261412,-0.588017490217596,1.0,0.0,0.0,0.0,0.0,1.0,0.0,1.0,0.0,
0.11408727279306126,0.8633676361907988,-0.588017490217596,0.0,0.0,0.0,1.0,0.0,1.0,0.0,1.0,0.0,
1.699242826814746,1.4326923240542773,-0.588017490217596,0.0,0.0,1.0,0.0,0.0,0.0,1.0,0.0,1.0,
2.514021846281719,1.2548685389944292,3.4571598027572237,0.12172652201953715,0.0,0.8782734779804628,0.0,0.0,0.0,1.0,0.0,1.0,
1.3920885613462157,0.4906684767770927,1.4118151262581895,1.0,0.0,0.0,0.0,0.0,0.0,1.0,1.0,0.0,
1.3289407994640436,2.226144800587311,5.013091712309197,0.0,0.0,0.8344943167178205,0.16550568328217952,0.16550568328217952,0.8344943167178205,0.0,1.0,0.0,
3.6099189219801273,2.4659635488280296,-0.588017490217596,0.34333489598074707,0.6566651040192529,0.0,0.0,0.0,0.0,1.0,1.0,0.0,
3.051567756574864,2.2243045088201803,3.3585831818385365,0.0,0.0,0.0,1.0,0.19023148516789845,0.8097685148321015,0.0,1.0,0.0,
0.6657114323848417,1.6161182056593988,-0.588017490217596,0.0,0.0,1.0,0.0,0.0,0.0,1.0,1.0,0.0,
1.0711364616202281,2.180511984817234,2.953076927312664,0.0,1.0,0.0,0.0,0.0,0.0,1.0,0.0,1.0,
0.9887877732048224,2.1958510726904716,-0.588017490217596,0.0,0.0,0.0,1.0,0.0,1.0,0.0,1.0,0.0,
1.2250601234743272,0.5246821069316523,1.4546279587388609,1.0,0.0,0.0,0.0,0.0,0.0,1.0,1.0,0.0,
2.4579095526820334,2.46915938951002,-0.39607821397490983,0.0,0.0,1.0,0.0,0.0,0.0,1.0,1.0,0.0,
2.479433582651002,1.9749315084824934,-0.588017490217596,0.0,0.0,1.0,0.0,0.0,1.0,0.0,0.0,1.0,
0.37763757236290774,1.1776491681611474,-0.588017490217596,0.0,1.0,0.0,0.0,0.0,0.0,1.0,1.0,0.0,
1.4841704991007592,2.1814262425234623,4.899344813715558,0.0,0.06729000563424747,0.9327099943657525,0.0,0.0,1.0,0.0,1.0,0.0,
2.6303580277823344,1.2950730837283098,-0.18369315576974737,0.0,0.0,1.0,0.0,0.0,1.0,0.0,1.0,0.0,
-0.38643548403957845,1.7330413631332087,-0.588017490217596,0.0,0.0,1.0,0.0,0.0,1.0,0.0,1.0,0.0,
1.1433859956993149,1.35131812724077,0.569456577460344,0.0,0.0,1.0,0.0,0.0,0.0,1.0,1.0,0.0,
1.0714511047332056,0.3304253573648561,1.6647643779557646,0.0,0.0,1.0,0.0,0.0,1.0,0.0,0.0,1.0,
-0.8347420781925549,0.9906963943237221,2.7253034512624463,0.0,0.0,0.6781227354265941,0.32187726457340593,1.0,0.0,0.0,0.0,1.0,
-0.36980896159262866,1.2929978309205423,-0.588017490217596,1.0,0.0,0.0,0.0,0.0,1.0,0.0,1.0,0.0,
1.5950972371353325,0.9731473436756419,0.9688607549829502,0.0,0.0,1.0,0.0,0.0,1.0,0.0,1.0,0.0,
0.644359558911109,1.2541354797241109,-0.588017490217596,0.0,1.0,0.0,0.0,0.0,1.0,0.0,1.0,0.0,
-0.07521917793496846,1.0327998704437207,-0.588017490217596,1.0,0.0,0.0,0.0,0.0,1.0,0.0,0.0,1.0,
1.5001111551323172,2.0277363861089905,0.23967795088885063,1.0,0.0,0.0,0.0,0.0,1.0,0.0,0.0,1.0,
1.3212564204577502,2.1238033503874045,3.1051520472463605,0.0,1.0,0.0,0.0,0.0,0.0,1.0,0.10791163577279683,0.8920883642272032,
2.81743438148482,1.6027610945353015,3.629272798441555,0.0,0.0,1.0,0.0,0.0,0.0,1.0,0.0,1.0,
1.1922183623920237,0.7015172457550863,-0.588017490217596,0.0,0.0,1.0,0.0,0.0,1.0,0.0,1.0,0.0,
0.3914359537179232,1.3349523259898048,-0.588017490217596,0.0,1.0,0.0,0.0,0.0,0.0,1.0,1.0,0.0,
-0.7788016145400047,1.6401716657538101,-0.588017490217596,0.0,0.0,1.0,0.0,0.0,1.0,0.0,1.0,0.0,
0.1372857879344349,2.2212645777824145,-0.2281543775250488,0.0,0.0,0.0,1.0,0.0,0.0,1.0,1.0,0.0,
3.059551587451311,1.9248630211178714,-0.588017490217596,0.0,0.0,0.0,1.0,0.0,0.0,1.0,1.0,0.0,
0.5749963556389843,0.9975360808880369,0.51210345711699,1.0,0.0,0.0,0.0,0.0,0.0,1.0,1.0,0.0,
0.6273276045711642,0.736147918993898,-0.588017490217596,0.28083496668875974,0.0,0.7191650333112403,0.0,1.0,0.0,0.0,0.0,1.0,
1.8193815033822207,1.9620685300628928,0.07533014607737498,0.0,0.0,1.0,0.0,0.0,1.0,0.0,0.0,1.0,
3.795239739013837,2.3023516670303437,2.4548333468731234,0.0,0.8019067304087545,0.0,0.1980932695912455,0.0,1.0,0.0,1.0,0.0,
1.8644631893652583,0.9150871619152724,0.27573850465870675,0.8331188120074572,0.0,0.0,0.1668811879925428,0.0,1.0,0.0,0.0,1.0,
1.9881127827923597,1.2687193529487437,0.003053011106359693,0.0,0.0,0.0,1.0,1.0,0.0,0.0,1.0,0.0,
3.2075614295678725,1.86597049180612,-0.588017490217596,0.0,0.7621166545119747,0.23788334548802526,0.0,0.0,1.0,0.0,1.0,0.0,
1.6230433009477172,0.8548658176944276,-0.588017490217596,0.0,1.0,0.0,0.0,0.0,1.0,0.0,1.0,0.0,
0.7958140221835893,1.093247480855004,-0.588017490217596,0.0,0.0,0.0,1.0,0.0,1.0,0.0,1.0,0.0,
0.7093217344820033,1.1938472307496328,0.11303270487888661,0.0,1.0,0.0,0.0,0.0,1.0,0.0,0.0,1.0,
3.692885941702696,2.3280244184706578,2.460292195049966,0.0,1.0,0.0,0.0,0.0,1.0,0.0,1.0,0.0,
2.4539988023673227,2.3802084965521897,-0.588017490217596,0.0,0.0,1.0,0.0,0.0,0.0,1.0,1.0,0.0,
0.9576257986280947,0.3865642325130725,-0.588017490217596,0.0,0.0,1.0,0.0,0.0,1.0,0.0,1.0,0.0,
1.0014510584323906,1.5284888584340517,1.4230829549344999,0.0,1.0,0.0,0.0,0.0,0.0,1.0,1.0,0.0,
0.4607950316445713,1.6741447397321334,2.9879573839791926,0.0,0.0,1.0,0.0,1.0,0.0,0.0,1.0,0.0,
1.549612521652982,1.133474538942199,-0.588017490217596,0.0,1.0,0.0,0.0,0.0,0.0,1.0,1.0,0.0,
0.7299424030141406,-0.059588641425666417,-0.588017490217596,0.0,0.0,1.0,0.0,0.0,1.0,0.0,1.0,0.0,
0.7773545305933899,1.166285498313346,-0.588017490217596,0.0,0.0,0.0,1.0,0.0,1.0,0.0,1.0,0.0,
2.2870447967718195,2.04238135599819,0.5016940850917898,0.0,0.8417122734432609,0.15828772655673906,0.0,0.0,0.0,1.0,0.0,1.0,
-0.9711368989303562,2.0264556545235766,-0.588017490217596,1.0,0.0,0.0,0.0,0.0,0.0,1.0,1.0,0.0,
-0.887631335592057,0.9210207160077459,2.7215121544393632,0.0,0.0,0.0,1.0,0.47556729572303047,0.0,0.5244327042769695,1.0,0.0,
1.2514346122766038,1.5016013235388155,1.636169183742258,0.0,1.0,0.0,0.0,0.0,0.0,1.0,1.0,0.0,
1.4197883885499187,0.5393254185281695,1.938691907220569,0.6623073338190514,0.3376926661809486,0.0,0.0,0.0,0.0,1.0,1.0,0.0,
1.5493112091245416,0.5174987001244145,1.729537790983366,1.0,0.0,0.0,0.0,0.0,0.0,1.0,1.0,0.0,
0.9329912493470303,2.2656033795059605,-0.588017490217596,0.0,0.0,0.0,1.0,0.0,1.0,0.0,1.0,0.0,
2.082327315005557,2.2624126996287837,2.9982209715484918,0.0,1.0,0.0,0.0,0.0,1.0,0.0,1.0,0.0,
1.081602651644308,2.31522214923688,-0.588017490217596,0.0,0.0,0.0,1.0,0.0,1.0,0.0,1.0,0.0,
2.395224964222755,2.1160269715561553,0.10231685782190603,0.0,1.0,0.0,0.0,0.0,0.0,1.0,0.0,1.0,
0.5894610378517858,-0.19397299144128227,1.5290642310966347,1.0,0.0,0.0,0.0,0.9715376727206458,0.0,0.02846232727935416,1.0,0.0,
0.032855330593521304,2.290061859047145,2.7292846598422673,0.0,0.3251245130602425,0.0,0.6748754869397575,0.0,1.0,0.0,0.0,1.0,
1.4200138412037542,1.3697456995323887,2.9321710641302667,0.0,0.0,1.0,0.0,0.7882315259146907,0.0,0.2117684740853093,1.0,0.0,
0.7752418420587043,1.8590916109900224,1.4057146013528425,0.0,0.0,0.9716393021186923,0.028360697881307684,1.0,0.0,0.0,1.0,0.0,
1.6706860464807824,1.4180725830958196,-0.588017490217596,0.0,0.0,1.0,0.0,0.0,0.0,1.0,0.0,1.0,
1.0630110204092613,0.49392032558511456,1.120365527130144,0.0,0.35754964310885795,0.642450356891142,0.0,0.0,1.0,0.0,0.0,1.0,
1.6068874834331903,1.7728064761536042,-0.588017490217596,0.8407274951266491,0.15927250487335087,0.0,0.0,0.0,1.0,0.0,0.0,1.0,
1.1817696696088205,2.3773374912219993,4.655034857829293,0.7034002737987471,0.0,0.0,0.29659972620125286,0.0,0.0,1.0,0.0,1.0,
2.0411023966496926,1.1641533703374751,0.007954232420713803,0.0,0.0,0.0,1.0,1.0,0.0,0.0,1.0,0.0,
2.1095091207994328,1.2555153206090317,-0.588017490217596,0.0,0.0,0.0,1.0,0.0,0.0,1.0,0.05843707323680458,0.9415629267631954,
-0.3166671443047864,1.0300552900720723,-0.588017490217596,0.0,0.0,1.0,0.0,1.0,0.0,0.0,0.8272616991784636,0.1727383008215364,
1.1062798495621666,0.7481044308246012,0.8749664625921101,1.0,0.0,0.0,0.0,0.0,0.0,1.0,1.0,0.0,
3.615101671845003,2.2556931744604056,4.457153125747301,0.07743582700200424,0.0,0.9225641729979958,0.0,0.0,0.9225641729979958,0.07743582700200424,1.0,0.0,
0.8938751963306321,0.696852500105685,-0.588017490217596,0.0,0.0,1.0,0.0,0.0,0.0,1.0,1.0,0.0,
-0.6222944399231395,1.7226059453201472,2.2821863033641896,0.0,0.0,0.0,1.0,0.0,0.6991724786184237,0.3008275213815763,1.0,0.0,
0.9137993417952107,1.2381724058559298,-0.588017490217596,0.0,0.0,0.0,1.0,0.0,0.0,1.0,1.0,0.0,
-0.24500289234093733,2.1511944817408275,-0.588017490217596,0.0,0.0,1.0,0.0,0.0,1.0,0.0,1.0,0.0,
0.7072374649020154,0.9594080244846398,-0.588017490217596,1.0,0.0,0.0,0.0,0.0,1.0,0.0,0.0,1.0,
-0.3801722500173866,1.927473265895532,3.0723636561896064,0.0,0.0,1.0,0.0,1.0,0.0,0.0,1.0,0.0,
2.112184440418673,1.1125400961246645,1.7244776696906952,0.0,1.0,0.0,0.0,0.0,0.0,1.0,0.0,1.0,
1.0209632975624778,1.332354513481391,-0.588017490217596,0.0,0.0,0.0,1.0,0.0,1.0,0.0,0.0,1.0,
2.5715567621426,1.3533699393137326,-0.588017490217596,0.0,0.0,0.0,1.0,0.0,0.35790098820988314,0.6420990117901169,1.0,0.0,
0.5604788634557081,1.5389801865260881,-0.588017490217596,0.0,0.0,1.0,0.0,0.0,0.0,1.0,1.0,0.0,
1.0318239174194312,2.3524637249966824,-0.588017490217596,1.0,0.0,0.0,0.0,0.0,1.0,0.0,1.0,0.0,
1.5145534404020613,1.2248694158090812,-0.0365735071798734,0.0,1.0,0.0,0.0,0.0,1.0,0.0,0.0,1.0,
1.4959112373630357,2.58179169808776,3.946787852555773,0.0,1.0,0.0,0.0,0.0,1.0,0.0,1.0,0.0,
2.064371066268955,2.569382980134439,-0.588017490217596,0.0,1.0,0.0,0.0,0.0,1.0,0.0,1.0,0.0,
1.1518509793824157,1.9760748145196125,2.1829666502598495,0.0,1.0,0.0,0.0,0.0,0.0,1.0,1.0,0.0,
2.1128464258534057,0.9919784452320525,1.67969454342818,0.0,1.0,0.0,0.0,0.0,0.0,1.0,0.21273746819661354,0.7872625318033865,
-0.8446312996988039,1.7386826713828833,-0.588017490217596,0.0,0.0,1.0,0.0,0.0,1.0,0.0,0.42961797848635186,0.5703820215136481,
2.9996133276463013,2.0916716835278963,3.902476360618241,0.0,0.0,1.0,0.0,0.0,0.5330277083671947,0.4669722916328053,0.0,1.0,
-0.29737512513995595,1.5943220805673863,-0.588017490217596,1.0,0.0,0.0,0.0,0.0,1.0,0.0,1.0,0.0,
-0.6121594726188867,2.092898240976816,2.585734865826344,0.0,0.0,1.0,0.0,1.0,0.0,0.0,1.0,0.0,
0.16708513878961087,2.2904240508126805,-0.588017490217596,0.0,1.0,0.0,0.0,0.0,1.0,0.0,0.05596644739111156,0.9440335526088884,
1.6949075937725655,1.9758692533616273,-0.588017490217596,1.0,0.0,0.0,0.0,0.0,1.0,0.0,0.5665928007512042,0.4334071992487958,
0.4544375712358867,0.7580337252777218,2.1076838095898984,1.0,0.0,0.0,0.0,0.0,1.0,0.0,0.16423266072600462,0.8357673392739954,
0.9834606343037134,0.42275818315266367,0.7980851373279525,0.0,0.0,1.0,0.0,0.0,1.0,0.0,0.8831699068049447,0.11683009319505533,
0.5325777212720728,2.2557042775502087,0.7124978000458911,1.0,0.0,0.0,0.0,0.0,0.0,1.0,1.0,0.0,
2.3460309426611143,1.6268342063180468,-0.588017490217596,0.0,0.0,1.0,0.0,1.0,0.0,0.0,1.0,0.0,
2.850152359279737,1.7087280154160145,3.089719738596857,0.0,0.0,0.0,1.0,0.7847226954733825,0.21527730452661753,0.0,1.0,0.0,
1.487192191839077,1.6545785072304238,1.0180218022326701,0.0,0.0,1.0,0.0,1.0,0.0,0.0,1.0,0.0,
-0.8953273346457293,1.447151221164446,2.6327735120277884,0.0,1.0,0.0,0.0,0.0,0.0,1.0,1.0,0.0,
0.5749963556389843,-0.23826534108146724,1.3379325999226415,0.7621996724626462,0.2378003275373538,0.0,0.0,1.0,0.0,0.0,1.0,0.0,
0.5690233754265649,1.007406838678214,1.3280777950480833,0.0,0.0,1.0,0.0,0.0,0.0,1.0,1.0,0.0,
1.2484582459333138,0.6790781047987876,-0.588017490217596,0.0,1.0,0.0,0.0,0.0,1.0,0.0,1.0,0.0,
3.413903867749919,2.20102546161996,3.623175568312151,0.21557890253833534,0.0,0.7844210974616647,0.0,0.0,0.0,1.0,0.0,1.0,
0.33469537524384907,1.2382293680921799,2.3180656193686406,0.0,0.0,1.0,0.0,1.0,0.0,0.0,0.9872206058853955,0.012779394114604492,
0.6138814297602716,2.3496247041608362,-0.588017490217596,0.0,0.0,1.0,0.0,0.0,1.0,0.0,0.0,1.0,
2.8818496204516664,1.8955491253774495,4.17376151240523,1.0,0.0,0.0,0.0,0.0,0.0,1.0,0.7867491178975486,0.21325088210245136,
2.5915963801267496,1.314440359234189,3.383026023472038,0.24661734006497826,0.0,0.7533826599350217,0.0,0.0,0.0,1.0,0.0,1.0,
-0.4018779505193893,1.5194794403803633,-0.588017490217596,0.0,0.0,1.0,0.0,0.0,1.0,0.0,1.0,0.0,
1.6114999346608054,0.5838352861882514,1.7117792351141046,1.0,0.0,0.0,0.0,0.0,0.0,1.0,1.0,0.0,
3.9138568392697297,2.3658112249289185,-0.588017490217596,0.48234473669503986,0.5176552633049601,0.0,0.0,0.0,1.0,0.0,1.0,0.0,
2.156648705839048,2.242746879689178,-0.588017490217596,0.0,0.0,0.0,1.0,0.0,0.0,1.0,1.0,0.0,
1.0783515358349152,1.9656853971375066,3.334684699287987,0.0,1.0,0.0,0.0,0.0,0.0,1.0,0.0,1.0,
1.2973863841360553,0.7381325428440031,-0.2816403313069412,0.0,0.0,1.0,0.0,0.0,1.0,0.0,1.0,0.0,
2.3052003484255623,1.4233059307634937,0.3231027067980444,0.0,0.0,0.0,1.0,0.0,1.0,0.0,0.0,1.0,
0.4666488162250817,0.9026962524688338,-0.588017490217596,1.0,0.0,0.0,0.0,0.0,1.0,0.0,1.0,0.0,
1.111233509509809,2.3251153787645635,-0.588017490217596,0.0,0.0,0.0,1.0,0.0,1.0,0.0,1.0,0.0,
2.440016020340339,1.2063476811794753,3.53583564767824,0.0,0.0,1.0,0.0,0.0,0.014196222355940091,0.9858037776440599,0.0,1.0,
0.3775430201649424,2.348544155884492,2.057838570827706,0.0,0.0,1.0,0.0,0.0,0.0,1.0,1.0,0.0,
1.166294748157337,1.4095785334074376,-0.588017490217596,1.0,0.0,0.0,0.0,0.0,1.0,0.0,0.0,1.0,
2.307672665207721,1.586354007546661,-0.588017490217596,0.0,1.0,0.0,0.0,0.0,0.0,1.0,1.0,0.0,
0.12325904076401598,2.0980022717742473,4.790744926573416,0.0,0.9565097981891538,0.0,0.043490201810846174,0.0,0.9565097981891538,0.043490201810846174,1.0,0.0,
-0.9983080130689382,2.5784451983650225,1.374731686356645,0.0,0.0,0.0,1.0,0.0,0.0,1.0,0.02295208033048801,0.977047919669512,
-0.2508381648254444,2.4672014216908527,1.3022772641248397,0.0,0.0,1.0,0.0,0.7031299624163274,0.0,0.2968700375836726,1.0,0.0,
0.21315610129459328,1.6129595785914412,1.3802891794406895,0.0,0.0,0.0,1.0,1.0,0.0,0.0,1.0,0.0,
-0.6512807744647249,1.218487477933498,-0.588017490217596,0.0,0.0,1.0,0.0,0.0,0.0,1.0,1.0,0.0,
2.335163132439468,1.9926108687447974,-0.588017490217596,0.0,0.0,1.0,0.0,0.0,1.0,0.0,1.0,0.0,
1.7043396428264055,1.4614348969869198,-0.588017490217596,0.09271761157804537,0.0,0.9072823884219546,0.0,0.0,0.0,1.0,0.0,1.0,
0.5461061444098168,2.323323029686282,5.030747137155477,0.6807610444423255,0.0,0.0,0.31923895555767445,0.0,0.0,1.0,0.31923895555767445,0.6807610444423255,
2.0539307992665528,0.8841880001320958,-0.588017490217596,0.0,0.0,0.0,1.0,0.0,0.0,1.0,1.0,0.0,
0.392517780420686,0.9524553558886835,-0.588017490217596,0.0,1.0,0.0,0.0,0.0,0.0,1.0,1.0,0.0,
0.18087398970718396,2.3726924462385055,-0.588017490217596,0.0,0.0,1.0,0.0,0.0,0.7449183538928387,0.25508164610716133,0.0,1.0,
-0.5153143680355396,1.6211173095743077,-0.588017490217596,1.0,0.0,0.0,0.0,0.0,0.0,1.0,0.5771891108942351,0.4228108891057649,
0.18837164796404493,1.316683904749211,-0.588017490217596,0.0,1.0,0.0,0.0,0.0,1.0,0.0,1.0,0.0,
-0.394696219418315,1.0493149456272064,-0.588017490217596,0.0,0.0,1.0,0.0,1.0,0.0,0.0,1.0,0.0,
1.9312372266727513,1.7170472106883,-0.588017490217596,0.0,0.0,1.0,0.0,0.0,1.0,0.0,1.0,0.0,
1.45936838686156,1.303617094046273,-0.588017490217596,0.0,0.0,0.13234086129847877,0.8676591387015212,0.0,0.0,1.0,0.0,1.0,
1.2145095857143016,0.37004446016140247,-0.18061433754517364,1.0,0.0,0.0,0.0,1.0,0.0,0.0,1.0,0.0,
0.49914661136585226,0.8715847924325751,-0.588017490217596,0.0,0.0,0.0,1.0,0.0,1.0,0.0,1.0,0.0,
0.015643131877206562,0.9566767939190747,-0.588017490217596,0.0,0.0,1.0,0.0,1.0,0.0,0.0,0.0,1.0,
0.4237569173932255,2.2384114461761864,-0.588017490217596,0.0,1.0,0.0,0.0,0.0,1.0,0.0,1.0,0.0,
1.2144656606338466,0.9580271603309013,0.047454223908124066,0.0,1.0,0.0,0.0,0.0,0.0,1.0,1.0,0.0,
0.7047681367786492,0.9728085557212074,-0.588017490217596,1.0,0.0,0.0,0.0,0.0,0.0,1.0,1.0,0.0,
0.6314635199983554,0.3000505528153011,-0.588017490217596,0.0,0.0,0.0,1.0,0.0,1.0,0.0,0.14965946841818933,0.8503405315818107,
-0.11513188541971833,1.2458912835415696,2.290448565310583,1.0,0.0,0.0,0.0,0.0,1.0,0.0,0.9401355349790341,0.059864465020965874,
