numericals__CCAvg,numericals__Income,numericals__Mortgage,categorical__Family_1,categorical__Family_2,categorical__Family_3,categorical__Family_4,categorical__Education_1,categorical__Education_2,categorical__Education_3,categorical__CD Account_0,categorical__CD Account_1,target
0.11279694004992687,0.5722533564625959,-0.5936976037678053,0.0,0.0,0.0,1.0,0.0,1.0,0.0,1.0,0.0,
-0.33270092312717736,-0.13242677228031888,0.6389976188532805,0.0,0.0,1.0,0.0,0.0,0.0,1.0,1.0,0.0,
-0.3883881560243153,-0.9865845040899126,-0.5936976037678053,1.0,0.0,0.0,0.0,1.0,0.0,0.0,1.0,0.0,
0.22417140584420273,0.16652843385303895,-0.5936976037678053,0.0,0.0,0.0,1.0,0.0,0.0,1.0,1.0,0.0,
2.3959734888325848,0.48683758328163657,-0.5936976037678053,0.0,1.0,0.0,0.0,1.0,0.0,0.0,1.0,0.0,
-0.7781987863042813,1.0633940522531122,-0.5936976037678053,0.0,1.0,0.0,0.0,1.0,0.0,0.0,1.0,0.0,
2.3959734888325848,2.5154621963294215,-0.5936976037678053,0.0,0.0,1.0,0.0,0.0,0.0,1.0,1.0,0.0,
0.0014224742556507477,-0.7089832412517946,1.23666802982108,0.0,1.0,0.0,0.0,0.0,1.0,0.0,1.0,0.0,
0.22417140584420273,0.5508994131673561,-0.5936976037678053,0.0,1.0,0.0,0.0,0.0,1.0,0.0,1.0,0.0,
0.7810437348155829,-0.23919648875651808,0.4989186162827026,0.0,0.0,0.0,1.0,1.0,0.0,0.0,1.0,0.0,
-1.0009477178928334,-0.5808595814803555,-0.5936976037678053,0.0,0.0,0.0,1.0,0.0,0.0,1.0,1.0,0.0,
-1.1123221836871096,-0.7730450711375142,-0.5936976037678053,0.0,0.0,0.0,1.0,0.0,1.0,0.0,1.0,0.0,
0.2798586387413408,-0.43138197841367665,-0.5936976037678053,1.0,0.0,0.0,0.0,0.0,0.0,1.0,1.0,0.0,
-0.8338860192014194,-0.43138197841367665,1.0125416257081552,0.0,0.0,1.0,0.0,0.0,1.0,0.0,1.0,0.0,
-0.8338860192014194,-1.0720002772708719,-0.5936976037678053,0.0,0.0,0.0,1.0,0.0,1.0,0.0,1.0,0.0,
-0.2770136902300393,-0.5381516948898759,-0.5936976037678053,0.0,0.0,0.0,1.0,1.0,0.0,0.0,1.0,0.0,
-0.49976262181859127,0.5081915265768764,-0.5936976037678053,0.0,0.0,1.0,0.0,1.0,0.0,0.0,1.0,0.0,
0.3355458716384789,-0.21784254546127824,-0.5936976037678053,0.0,0.0,1.0,0.0,0.0,1.0,0.0,1.0,0.0,
0.37452693466647535,-0.28190437534699775,-0.5936976037678053,1.0,0.0,0.0,0.0,0.0,1.0,0.0,1.0,0.0,
-0.7225115534071435,2.1310912170151046,2.319945649700216,0.0,0.0,1.0,0.0,1.0,0.0,0.0,1.0,0.0,
-0.8338860192014194,-1.4136633699947094,0.32148521302663724,1.0,0.0,0.0,0.0,0.0,1.0,0.0,1.0,0.0,
-0.49976262181859127,1.2128716553197911,3.2538056668374025,0.0,0.0,0.0,1.0,0.0,1.0,0.0,1.0,0.0,
-0.6668243205100054,-1.2855397102232704,-0.5936976037678053,1.0,0.0,0.0,0.0,0.0,1.0,0.0,1.0,0.0,
-0.33270092312717736,-0.08971888568983918,1.2553452301638235,1.0,0.0,0.0,0.0,0.0,0.0,1.0,1.0,0.0,
-0.7781987863042813,-1.3709554834042297,-0.5936976037678053,0.0,0.0,0.0,1.0,0.0,0.0,1.0,1.0,0.0,
-0.7225115534071435,-1.0079384473851525,-0.5936976037678053,0.0,0.0,1.0,0.0,0.0,1.0,0.0,1.0,0.0,
2.5073479546268613,1.6399505212245882,-0.5936976037678053,0.0,1.0,0.0,0.0,1.0,0.0,0.0,1.0,0.0,
-0.22132645733290124,-0.47408986500415634,-0.5936976037678053,0.0,1.0,0.0,0.0,0.0,0.0,1.0,1.0,0.0,
0.3355458716384789,0.31600603691971785,-0.5936976037678053,1.0,0.0,0.0,0.0,0.0,1.0,0.0,1.0,0.0,
-0.3883881560243153,-1.1787699937470713,-0.5936976037678053,1.0,0.0,0.0,0.0,1.0,0.0,0.0,1.0,0.0,
-1.1123221836871096,1.2555795419102709,-0.5936976037678053,1.0,0.0,0.0,0.0,1.0,0.0,0.0,1.0,0.0,
-0.3883881560243153,-1.1787699937470713,0.18140621045605929,0.0,0.0,1.0,0.0,1.0,0.0,0.0,1.0,0.0,
-0.5554498547157294,-1.3068936535185103,0.405532614568984,0.0,1.0,0.0,0.0,1.0,0.0,0.0,1.0,0.0,
1.0037926664041348,0.16652843385303895,0.31214661285526535,1.0,0.0,0.0,0.0,1.0,0.0,0.0,1.0,0.0,
-1.1123221836871096,-0.23919648875651808,-0.5936976037678053,1.0,0.0,0.0,0.0,0.0,1.0,0.0,1.0,0.0,
-1.1123221836871096,0.35871392351019754,-0.5936976037678053,0.0,1.0,0.0,0.0,0.0,0.0,1.0,1.0,0.0,
-0.22132645733290124,0.16652843385303895,-0.5936976037678053,0.0,0.0,0.0,1.0,0.0,1.0,0.0,1.0,0.0,
-0.05426475864148731,-0.794399014432754,0.7510608209097429,0.0,0.0,0.0,1.0,0.0,0.0,1.0,1.0,0.0,
-1.0009477178928334,0.05975871737683972,-0.5936976037678053,0.0,0.0,0.0,1.0,1.0,0.0,0.0,1.0,0.0,
-0.16563922443576332,-0.794399014432754,-0.5936976037678053,0.0,1.0,0.0,0.0,0.0,1.0,0.0,1.0,0.0,
0.057109707152788805,0.5722533564625959,0.7043678200528837,0.0,0.0,0.0,1.0,0.0,0.0,1.0,1.0,0.0,
0.4469203374327547,0.38006786680543736,2.469363252442166,1.0,0.0,0.0,0.0,0.0,0.0,1.0,0.0,1.0,
-0.6668243205100054,0.8071467327102342,-0.5936976037678053,1.0,0.0,0.0,0.0,0.0,0.0,1.0,1.0,0.0,
0.2798586387413408,-0.7303371845470344,-0.5936976037678053,1.0,0.0,0.0,0.0,0.0,0.0,1.0,1.0,0.0,
1.8947883927583433,0.48683758328163657,-0.5936976037678053,1.0,0.0,0.0,0.0,1.0,0.0,0.0,1.0,0.0,
-0.8895732520985574,-1.3282475968137502,-0.5936976037678053,0.0,0.0,0.0,1.0,1.0,0.0,0.0,1.0,0.0,
-0.05426475864148731,0.5508994131673561,-0.5936976037678053,1.0,0.0,0.0,0.0,1.0,0.0,0.0,1.0,0.0,
-0.16563922443576332,-0.08971888568983918,0.7603994210811148,0.0,1.0,0.0,0.0,1.0,0.0,0.0,1.0,0.0,
-0.49976262181859127,0.27329815032923815,-0.5936976037678053,0.0,0.0,0.0,1.0,0.0,1.0,0.0,1.0,0.0,
-0.9452604849956954,-1.2214778803375508,-0.5936976037678053,0.0,0.0,1.0,0.0,0.0,0.0,1.0,1.0,0.0,
-0.05426475864148731,0.12382054726255926,-0.5936976037678053,0.0,0.0,0.0,1.0,0.0,1.0,0.0,1.0,0.0,
-1.0566349507899715,-0.6449214113660751,-0.5936976037678053,0.0,0.0,1.0,0.0,0.0,0.0,1.0,1.0,0.0,
-0.5554498547157294,-0.7730450711375142,-0.5936976037678053,0.0,1.0,0.0,0.0,0.0,1.0,0.0,1.0,0.0,
0.37452693466647535,-0.04701099909935949,-0.5936976037678053,0.0,0.0,0.0,1.0,1.0,0.0,0.0,1.0,0.0,
-0.33270092312717736,-0.0043031125088798085,-0.5936976037678053,1.0,0.0,0.0,0.0,0.0,0.0,1.0,1.0,0.0,
0.4469203374327547,2.494108253034182,1.628889237018698,0.0,1.0,0.0,0.0,1.0,0.0,0.0,1.0,0.0,
-0.2770136902300393,-1.0933542205661118,-0.5936976037678053,0.0,0.0,0.0,1.0,0.0,0.0,1.0,1.0,0.0,
0.1684841729470647,-0.23919648875651808,-0.5936976037678053,0.0,1.0,0.0,0.0,0.0,0.0,1.0,1.0,0.0,
-1.0009477178928334,-0.8584608443184735,-0.5936976037678053,1.0,0.0,0.0,0.0,1.0,0.0,0.0,1.0,0.0,
-0.8895732520985574,-0.8584608443184735,-0.5936976037678053,0.0,0.0,0.0,1.0,0.0,1.0,0.0,1.0,0.0,
1.0037926664041348,1.8961978407674662,3.347191668551121,0.0,1.0,0.0,0.0,0.0,0.0,1.0,0.0,1.0,
1.0037926664041348,0.294652093624478,-0.5936976037678053,1.0,0.0,0.0,0.0,1.0,0.0,0.0,1.0,0.0,
-0.7225115534071435,-0.4954438082993962,-0.5936976037678053,0.0,0.0,1.0,0.0,0.0,1.0,0.0,1.0,0.0,
0.37452693466647535,0.16652843385303895,-0.5936976037678053,1.0,0.0,0.0,0.0,0.0,1.0,0.0,0.0,1.0,
-0.8895732520985574,-0.9225226742041931,-0.5936976037678053,0.0,1.0,0.0,0.0,0.0,0.0,1.0,1.0,0.0,
-0.9452604849956954,0.38006786680543736,-0.5936976037678053,1.0,0.0,0.0,0.0,1.0,0.0,0.0,1.0,0.0,
-0.10995199153862524,-0.36732014852795714,0.25611501182703417,0.0,0.0,0.0,1.0,0.0,0.0,1.0,1.0,0.0,
-0.2770136902300393,-0.4954438082993962,-0.5936976037678053,0.0,0.0,0.0,1.0,1.0,0.0,0.0,1.0,0.0,
-0.3883881560243153,-0.7303371845470344,-0.5936976037678053,0.0,0.0,0.0,1.0,0.0,1.0,0.0,1.0,0.0,
-0.8895732520985574,1.8748438974722264,-0.5936976037678053,0.0,1.0,0.0,0.0,1.0,0.0,0.0,1.0,0.0,
-1.0009477178928334,-0.9225226742041931,-0.5936976037678053,0.0,0.0,1.0,0.0,1.0,0.0,0.0,1.0,0.0,
1.672039461169791,1.0420401089578726,0.9938644253654114,0.0,0.0,1.0,0.0,0.0,1.0,0.0,1.0,0.0,
0.22417140584420273,1.8961978407674662,3.5993338731781614,1.0,0.0,0.0,0.0,1.0,0.0,0.0,1.0,0.0,
-0.7225115534071435,-1.1147081638613516,-0.5936976037678053,0.0,0.0,1.0,0.0,0.0,1.0,0.0,1.0,0.0,
0.4469203374327547,-0.5381516948898759,1.3207154313634266,0.0,1.0,0.0,0.0,1.0,0.0,0.0,1.0,0.0,
-0.3716819861551739,-0.7089832412517946,-0.5936976037678053,1.0,0.0,0.0,0.0,1.0,0.0,0.0,1.0,0.0,
-0.9452604849956954,-1.0079384473851525,0.2280992113129186,0.0,1.0,0.0,0.0,0.0,1.0,0.0,1.0,0.0,
-0.9452604849956954,-0.47408986500415634,1.3954242327344015,1.0,0.0,0.0,0.0,1.0,0.0,0.0,1.0,0.0,
0.37452693466647535,0.1451744905577991,0.5736274176536775,1.0,0.0,0.0,0.0,0.0,1.0,0.0,1.0,0.0,
-0.9452604849956954,-0.6876292979565548,-0.5936976037678053,0.0,1.0,0.0,0.0,1.0,0.0,0.0,1.0,0.0,
3.1199075164953793,1.38370320168171,0.6389976188532805,0.0,1.0,0.0,0.0,1.0,0.0,0.0,1.0,0.0,
0.11279694004992687,-0.5808595814803555,-0.5936976037678053,0.0,0.0,1.0,0.0,0.0,1.0,0.0,1.0,0.0,
0.22417140584420273,-0.7516911278422743,-0.5936976037678053,1.0,0.0,0.0,0.0,0.0,1.0,0.0,1.0,0.0,
-0.3883881560243153,-0.9652305607946727,-0.5936976037678053,0.0,0.0,1.0,0.0,1.0,0.0,0.0,0.0,1.0,
-0.6111370876128674,-0.3459662052327173,1.2646838303351955,0.0,0.0,1.0,0.0,0.0,0.0,1.0,1.0,0.0,
-0.3883881560243153,-0.6449214113660751,-0.5936976037678053,0.0,0.0,0.0,1.0,0.0,1.0,0.0,1.0,0.0,
-1.0566349507899715,-0.13242677228031888,1.712936638561045,0.0,0.0,1.0,0.0,1.0,0.0,0.0,1.0,0.0,
-0.33270092312717736,-0.02565705580411965,-0.5936976037678053,1.0,0.0,0.0,0.0,0.0,0.0,1.0,1.0,0.0,
-0.9452604849956954,-1.3068936535185103,0.4242098149117277,0.0,1.0,0.0,0.0,1.0,0.0,0.0,1.0,0.0,
-0.6946679369585744,-0.9011687309089532,1.0032030255367832,1.0,0.0,0.0,0.0,0.0,0.0,1.0,1.0,0.0,
0.11279694004992687,-0.47408986500415634,-0.5936976037678053,1.0,0.0,0.0,0.0,0.0,0.0,1.0,1.0,0.0,
-0.9452604849956954,-0.9438766174994329,-0.5936976037678053,0.0,0.0,0.0,1.0,0.0,1.0,0.0,1.0,0.0,
2.2289117901411712,1.2128716553197911,3.7954444767769706,0.0,1.0,0.0,0.0,1.0,0.0,0.0,1.0,0.0,
2.602016250551996,2.6862937426913405,-0.5936976037678053,0.0,1.0,0.0,0.0,1.0,0.0,0.0,1.0,0.0,
2.897158584906827,2.088383330424625,-0.5936976037678053,0.0,1.0,0.0,0.0,0.0,0.0,1.0,1.0,0.0,
-0.7225115534071435,-0.1537807155755587,1.1899750289642206,0.0,0.0,0.0,1.0,1.0,0.0,0.0,1.0,0.0,
-0.22132645733290124,0.08111266067207956,-0.5936976037678053,0.0,0.0,1.0,0.0,0.0,0.0,1.0,1.0,0.0,
-0.3883881560243153,0.31600603691971785,-0.5936976037678053,0.0,1.0,0.0,0.0,1.0,0.0,0.0,1.0,0.0,
-1.0566349507899715,-1.2214778803375508,0.4242098149117277,0.0,0.0,0.0,1.0,0.0,0.0,1.0,0.0,1.0,
0.0014224742556507477,-0.7516911278422743,0.4335484150830996,1.0,0.0,0.0,0.0,0.0,1.0,0.0,1.0,0.0,
-0.6668243205100054,-0.8584608443184735,-0.5936976037678053,0.0,1.0,0.0,0.0,0.0,0.0,1.0,1.0,0.0,
-0.8895732520985574,0.977978279072153,-0.5936976037678053,0.0,1.0,0.0,0.0,1.0,0.0,0.0,1.0,0.0,
-0.5554498547157294,-0.36732014852795714,-0.5936976037678053,1.0,0.0,0.0,0.0,1.0,0.0,0.0,1.0,0.0,
2.0618500914497573,1.1915177120245515,1.7969840401033916,1.0,0.0,0.0,0.0,1.0,0.0,0.0,1.0,0.0,
-1.0566349507899715,-1.1574160504518314,-0.5936976037678053,0.0,0.0,0.0,1.0,0.0,0.0,1.0,1.0,0.0,
-0.7225115534071435,-0.8798147876137133,0.47090281576858706,0.0,1.0,0.0,0.0,0.0,1.0,0.0,1.0,0.0,
-0.16563922443576332,0.294652093624478,2.3386228500429596,0.0,1.0,0.0,0.0,0.0,1.0,0.0,1.0,0.0,
0.7810437348155829,1.36234925838647,2.7028282567264625,1.0,0.0,0.0,0.0,1.0,0.0,0.0,1.0,0.0,
-1.0009477178928334,-1.0079384473851525,-0.5936976037678053,0.0,0.0,1.0,0.0,1.0,0.0,0.0,1.0,0.0,
-0.8895732520985574,-1.0079384473851525,0.34016241336938097,0.0,0.0,0.0,1.0,0.0,1.0,0.0,1.0,0.0,
-0.4440753889214534,-0.47408986500415634,-0.5936976037678053,1.0,0.0,0.0,0.0,1.0,0.0,0.0,1.0,0.0,
-0.9452604849956954,-1.1360621071565915,-0.5936976037678053,0.0,1.0,0.0,0.0,0.0,1.0,0.0,1.0,0.0,
0.11279694004992687,0.12382054726255926,0.4895800161113308,0.0,0.0,0.0,1.0,0.0,1.0,0.0,1.0,0.0,
0.4469203374327547,-0.28190437534699775,-0.5936976037678053,0.0,0.0,0.0,1.0,0.0,1.0,0.0,1.0,0.0,
-1.1123221836871096,-0.3459662052327173,-0.5936976037678053,1.0,0.0,0.0,0.0,0.0,1.0,0.0,1.0,0.0,
-1.1123221836871096,0.20923632044351861,0.7510608209097429,1.0,0.0,0.0,0.0,1.0,0.0,0.0,1.0,0.0,
0.1684841729470647,-0.7516911278422743,-0.5936976037678053,0.0,1.0,0.0,0.0,0.0,0.0,1.0,1.0,0.0,
0.0014224742556507477,-0.28190437534699775,-0.5936976037678053,0.0,0.0,1.0,0.0,0.0,0.0,1.0,1.0,0.0,
-0.16563922443576332,-0.36732014852795714,-0.5936976037678053,0.0,0.0,0.0,1.0,1.0,0.0,0.0,1.0,0.0,
1.0594798993012728,1.4264110882721897,-0.5936976037678053,0.0,1.0,0.0,0.0,1.0,0.0,0.0,1.0,0.0,
-0.8895732520985574,0.48683758328163657,1.974417443359457,0.0,1.0,0.0,0.0,1.0,0.0,0.0,1.0,0.0,
-0.8895732520985574,-1.1147081638613516,0.545611617139562,0.0,0.0,0.0,1.0,0.0,1.0,0.0,1.0,0.0,
-0.3716819861551739,-0.794399014432754,-0.5936976037678053,1.0,0.0,0.0,0.0,1.0,0.0,0.0,1.0,0.0,
0.4469203374327547,-0.32461226193747744,-0.5936976037678053,0.0,1.0,0.0,0.0,1.0,0.0,0.0,1.0,0.0,
0.4469203374327547,-0.5595056381851157,-0.5936976037678053,0.0,0.0,0.0,1.0,0.0,1.0,0.0,1.0,0.0,
-0.8895732520985574,-1.3923094266994696,0.21876061114154674,0.0,0.0,0.0,1.0,1.0,0.0,0.0,1.0,0.0,
-1.0566349507899715,-1.1574160504518314,-0.5936976037678053,1.0,0.0,0.0,0.0,1.0,0.0,0.0,1.0,0.0,
1.0037926664041348,0.5081915265768764,1.2179908294783361,0.0,1.0,0.0,0.0,0.0,0.0,1.0,1.0,0.0,
0.22417140584420273,-0.5381516948898759,-0.5936976037678053,0.0,1.0,0.0,0.0,0.0,1.0,0.0,1.0,0.0,
2.117537324346895,2.2805688200817835,-0.5936976037678053,0.0,0.0,1.0,0.0,0.0,0.0,1.0,1.0,0.0,
0.2798586387413408,-0.3032583186422376,1.2086522293069644,0.0,0.0,1.0,0.0,1.0,0.0,0.0,1.0,0.0,
-0.10995199153862524,0.31600603691971785,-0.5936976037678053,0.0,0.0,0.0,1.0,0.0,0.0,1.0,1.0,0.0,
-0.49976262181859127,-0.4954438082993962,-0.5936976037678053,0.0,0.0,1.0,0.0,0.0,1.0,0.0,1.0,0.0,
-0.2770136902300393,-0.7730450711375142,-0.5936976037678053,0.0,0.0,0.0,1.0,0.0,0.0,1.0,1.0,0.0,
1.6163522282726532,0.5508994131673561,-0.5936976037678053,0.0,0.0,0.0,1.0,1.0,0.0,0.0,1.0,0.0,
-0.05426475864148731,-0.7303371845470344,-0.5936976037678053,0.0,0.0,1.0,0.0,0.0,1.0,0.0,1.0,0.0,
0.0014224742556507477,-0.8798147876137133,-0.5936976037678053,0.0,1.0,0.0,0.0,0.0,0.0,1.0,1.0,0.0,
-1.0566349507899715,0.18788237714827877,-0.5936976037678053,1.0,0.0,0.0,0.0,0.0,0.0,1.0,1.0,0.0,
-0.2770136902300393,-0.6876292979565548,-0.5936976037678053,1.0,0.0,0.0,0.0,1.0,0.0,0.0,1.0,0.0,
0.4469203374327547,1.3409953150912304,-0.5936976037678053,0.0,1.0,0.0,0.0,0.0,1.0,0.0,1.0,0.0,
-0.3883881560243153,1.0633940522531122,-0.5936976037678053,0.0,1.0,0.0,0.0,1.0,0.0,0.0,1.0,0.0,
3.0642202835982415,2.3232767066722633,-0.5936976037678053,0.0,0.0,1.0,0.0,1.0,0.0,0.0,1.0,0.0,
-1.0009477178928334,0.9993322223673928,2.936293261010759,0.0,0.0,0.0,1.0,1.0,0.0,0.0,1.0,0.0,
1.560664995375515,1.2769334852055108,-0.5936976037678053,0.0,0.0,1.0,0.0,0.0,1.0,0.0,1.0,0.0,
-0.5554498547157294,-1.3068936535185103,-0.5936976037678053,0.0,0.0,1.0,0.0,0.0,1.0,0.0,1.0,0.0,
-0.16563922443576332,-0.06836494239459934,0.10669740908508436,0.0,1.0,0.0,0.0,0.0,1.0,0.0,1.0,0.0,
-0.8895732520985574,-1.3068936535185103,0.20942201097017488,0.0,0.0,0.0,1.0,0.0,1.0,0.0,1.0,0.0,
0.3355458716384789,-0.3032583186422376,1.63822783719007,0.0,0.0,0.0,1.0,1.0,0.0,0.0,1.0,0.0,
-1.0566349507899715,-1.3496015401089898,-0.5936976037678053,0.0,1.0,0.0,0.0,0.0,0.0,1.0,0.0,1.0,
-0.49976262181859127,-0.794399014432754,0.4148712147403559,1.0,0.0,0.0,0.0,0.0,0.0,1.0,1.0,0.0,
-0.10995199153862524,-0.5808595814803555,0.9845258251940395,1.0,0.0,0.0,0.0,1.0,0.0,0.0,1.0,0.0,
0.4469203374327547,-0.3459662052327173,-0.5936976037678053,1.0,0.0,0.0,0.0,0.0,1.0,0.0,1.0,0.0,
0.39123310453561694,0.7857927894149944,3.216451266151915,1.0,0.0,0.0,0.0,0.0,1.0,0.0,0.0,1.0,
-0.7225115534071435,-0.9011687309089532,-0.5936976037678053,0.0,1.0,0.0,0.0,0.0,1.0,0.0,1.0,0.0,
0.4469203374327547,-0.04701099909935949,-0.5936976037678053,0.0,1.0,0.0,0.0,1.0,0.0,0.0,1.0,0.0,
-0.33270092312717736,0.7644388461197545,2.1892052473010097,0.0,1.0,0.0,0.0,1.0,0.0,0.0,1.0,0.0,
0.39123310453561694,0.294652093624478,-0.5936976037678053,1.0,0.0,0.0,0.0,1.0,0.0,0.0,0.0,1.0,
-0.6668243205100054,0.6363151863483155,-0.5936976037678053,1.0,0.0,0.0,0.0,0.0,1.0,0.0,1.0,0.0,
0.3355458716384789,-0.5808595814803555,0.9845258251940395,0.0,0.0,1.0,0.0,0.0,0.0,1.0,1.0,0.0,
-0.5554498547157294,-0.9225226742041931,-0.5936976037678053,0.0,0.0,1.0,0.0,0.0,1.0,0.0,1.0,0.0,
1.0594798993012728,1.3409953150912304,-0.5936976037678053,0.0,1.0,0.0,0.0,1.0,0.0,0.0,1.0,0.0,
0.39123310453561694,0.10246660396731941,-0.5936976037678053,0.0,1.0,0.0,0.0,1.0,0.0,0.0,1.0,0.0,
0.7253565019184448,-0.08971888568983918,0.7977538217666023,1.0,0.0,0.0,0.0,0.0,1.0,0.0,0.0,1.0,
-0.9452604849956954,-0.28190437534699775,-0.5936976037678053,0.0,0.0,1.0,0.0,0.0,1.0,0.0,1.0,0.0,
1.1708543650955487,0.9993322223673928,-0.5936976037678053,0.0,0.0,0.0,1.0,0.0,1.0,0.0,1.0,0.0,
0.892418200609859,-0.28190437534699775,0.18140621045605929,0.0,0.0,0.0,1.0,0.0,0.0,1.0,1.0,0.0,
-1.0009477178928334,-1.1360621071565915,-0.5936976037678053,0.0,0.0,1.0,0.0,0.0,1.0,0.0,1.0,0.0,
-0.9452604849956954,0.5936072997578358,-0.5936976037678053,1.0,0.0,0.0,0.0,1.0,0.0,0.0,1.0,0.0,
-0.5554498547157294,0.08111266067207956,1.5821962361618387,1.0,0.0,0.0,0.0,0.0,0.0,1.0,1.0,0.0,
0.3355458716384789,1.234225598615031,-0.5936976037678053,1.0,0.0,0.0,0.0,1.0,0.0,0.0,1.0,0.0,
-0.8338860192014194,-0.26055043205175793,1.4701330341053764,0.0,0.0,1.0,0.0,0.0,0.0,1.0,1.0,0.0,
-0.9452604849956954,-0.8584608443184735,0.32148521302663724,0.0,1.0,0.0,0.0,1.0,0.0,0.0,1.0,0.0,
-0.6668243205100054,-1.1787699937470713,0.4989186162827026,0.0,1.0,0.0,0.0,0.0,0.0,1.0,1.0,0.0,
-1.0566349507899715,0.294652093624478,0.9938644253654114,1.0,0.0,0.0,0.0,0.0,1.0,0.0,1.0,0.0,
-0.3883881560243153,-0.9865845040899126,-0.5936976037678053,0.0,1.0,0.0,0.0,1.0,0.0,0.0,1.0,0.0,
0.7810437348155829,1.8321360108817466,1.3860856325630297,0.0,0.0,1.0,0.0,1.0,0.0,0.0,1.0,0.0,
3.0085330507011037,1.8748438974722264,-0.5936976037678053,1.0,0.0,0.0,0.0,1.0,0.0,0.0,1.0,0.0,
-0.2770136902300393,-0.7089832412517946,-0.5936976037678053,0.0,0.0,1.0,0.0,1.0,0.0,0.0,1.0,0.0,
0.0014224742556507477,-0.6876292979565548,-0.5936976037678053,1.0,0.0,0.0,0.0,1.0,0.0,0.0,1.0,0.0,
-0.6668243205100054,-0.28190437534699775,-0.5936976037678053,0.0,1.0,0.0,0.0,0.0,0.0,1.0,1.0,0.0,
1.5049777624783771,2.70764768598658,4.5705482910008355,1.0,0.0,0.0,0.0,1.0,0.0,0.0,1.0,0.0,
-1.1123221836871096,-1.1574160504518314,-0.5936976037678053,0.0,1.0,0.0,0.0,0.0,0.0,1.0,1.0,0.0,
-0.7225115534071435,-0.7089832412517946,0.3495010135407528,0.0,1.0,0.0,0.0,1.0,0.0,0.0,1.0,0.0,
0.11279694004992687,-0.4527359217089165,-0.5936976037678053,0.0,0.0,0.0,1.0,0.0,1.0,0.0,1.0,0.0,
-1.1123221836871096,-0.11107282898507902,-0.5936976037678053,0.0,0.0,0.0,1.0,1.0,0.0,0.0,1.0,0.0,
-0.5554498547157294,-0.7089832412517946,0.13471320959919997,0.0,1.0,0.0,0.0,0.0,0.0,1.0,1.0,0.0,
-0.7392177232762849,-1.3282475968137502,-0.5936976037678053,0.0,0.0,1.0,0.0,0.0,1.0,0.0,1.0,0.0,
-0.05426475864148731,-0.6662753546613149,0.8724626231375772,0.0,1.0,0.0,0.0,0.0,1.0,0.0,1.0,0.0,
-0.16563922443576332,-0.6449214113660751,0.2934694125125216,0.0,0.0,0.0,1.0,0.0,1.0,0.0,1.0,0.0,
0.2798586387413408,0.8498546193007139,1.0312188260508988,1.0,0.0,0.0,0.0,1.0,0.0,0.0,1.0,0.0,
0.057109707152788805,2.2165069901960637,-0.5936976037678053,0.0,0.0,0.0,1.0,0.0,1.0,0.0,1.0,0.0,
-1.1123221836871096,0.9566243357769131,0.6670134193673962,1.0,0.0,0.0,0.0,1.0,0.0,0.0,1.0,0.0,
0.892418200609859,0.16652843385303895,-0.5936976037678053,0.0,0.0,0.0,1.0,0.0,0.0,1.0,1.0,0.0,
1.672039461169791,1.234225598615031,-0.5936976037678053,1.0,0.0,0.0,0.0,0.0,1.0,0.0,1.0,0.0,
-0.2770136902300393,-0.9011687309089532,-0.5936976037678053,0.0,0.0,1.0,0.0,1.0,0.0,0.0,1.0,0.0,
1.115167132198411,0.08111266067207956,1.5074874347908638,1.0,0.0,0.0,0.0,0.0,0.0,1.0,1.0,0.0,
-1.0009477178928334,-1.3496015401089898,-0.5936976037678053,0.0,1.0,0.0,0.0,1.0,0.0,0.0,1.0,0.0,
-0.7225115534071435,-0.9652305607946727,-0.5936976037678053,0.0,1.0,0.0,0.0,0.0,1.0,0.0,1.0,0.0,
1.672039461169791,1.917551784062706,-0.5936976037678053,1.0,0.0,0.0,0.0,1.0,0.0,0.0,1.0,0.0,
0.5582948032270308,0.5081915265768764,0.7977538217666023,1.0,0.0,0.0,0.0,0.0,0.0,1.0,1.0,0.0,
1.560664995375515,0.5081915265768764,1.7876454399320199,1.0,0.0,0.0,0.0,0.0,0.0,1.0,1.0,0.0,
0.3355458716384789,1.234225598615031,-0.5936976037678053,0.0,1.0,0.0,0.0,0.0,0.0,1.0,1.0,0.0,
0.0014224742556507477,-0.3032583186422376,-0.5936976037678053,0.0,0.0,0.0,1.0,0.0,1.0,0.0,1.0,0.0,
0.6139820361241689,2.451400366443702,1.8903700418171103,0.0,0.0,1.0,0.0,0.0,1.0,0.0,1.0,0.0,
2.0618500914497573,1.234225598615031,-0.5936976037678053,0.0,0.0,0.0,1.0,0.0,0.0,1.0,0.0,1.0,
-0.6111370876128674,-1.0933542205661118,0.5549502173109339,0.0,1.0,0.0,0.0,0.0,0.0,1.0,1.0,0.0,
0.0014224742556507477,-0.9865845040899126,-0.5936976037678053,0.0,1.0,0.0,0.0,0.0,0.0,1.0,1.0,0.0,
-0.3883881560243153,-1.1360621071565915,0.5549502173109339,1.0,0.0,0.0,0.0,1.0,0.0,0.0,1.0,0.0,
0.057109707152788805,-0.21784254546127824,-0.5936976037678053,0.0,0.0,1.0,0.0,0.0,0.0,1.0,1.0,0.0,
-0.49976262181859127,-0.7303371845470344,0.9098170238230646,0.0,0.0,1.0,0.0,0.0,1.0,0.0,1.0,0.0,
2.674409653318275,2.1097372737198645,3.758090076091483,1.0,0.0,0.0,0.0,0.0,1.0,0.0,1.0,0.0,
-0.16563922443576332,-0.23919648875651808,-0.5936976037678053,0.0,1.0,0.0,0.0,0.0,0.0,1.0,1.0,0.0,
1.115167132198411,1.38370320168171,-0.5936976037678053,1.0,0.0,0.0,0.0,1.0,0.0,0.0,1.0,0.0,
-0.5554498547157294,-1.0720002772708719,-0.5936976037678053,0.0,0.0,1.0,0.0,0.0,1.0,0.0,1.0,0.0,
-0.8895732520985574,0.8285006760054741,-0.5936976037678053,0.0,1.0,0.0,0.0,1.0,0.0,0.0,1.0,0.0,
1.6163522282726532,2.2165069901960637,0.7323836205669992,0.0,0.0,1.0,0.0,1.0,0.0,0.0,1.0,0.0,
-0.5554498547157294,0.8071467327102342,-0.5936976037678053,0.0,0.0,1.0,0.0,1.0,0.0,0.0,1.0,0.0,
0.2798586387413408,0.48683758328163657,2.7775370580974372,0.0,1.0,0.0,0.0,1.0,0.0,0.0,0.0,1.0,
-0.10995199153862524,-0.7303371845470344,0.7790766214238586,0.0,0.0,0.0,1.0,0.0,0.0,1.0,1.0,0.0,
-0.3883881560243153,0.9139164491864334,2.516056253299025,1.0,0.0,0.0,0.0,1.0,0.0,0.0,0.0,1.0,
0.2798586387413408,0.7217309595292748,-0.5936976037678053,0.0,1.0,0.0,0.0,1.0,0.0,0.0,1.0,0.0,
0.4469203374327547,-0.47408986500415634,0.9658486248512959,1.0,0.0,0.0,0.0,0.0,1.0,0.0,1.0,0.0,
-0.8338860192014194,-0.8584608443184735,0.8070924219379741,1.0,0.0,0.0,0.0,0.0,0.0,1.0,1.0,0.0,
0.4469203374327547,-0.06836494239459934,-0.5936976037678053,0.0,1.0,0.0,0.0,1.0,0.0,0.0,1.0,0.0,
-1.0566349507899715,-0.28190437534699775,-0.5936976037678053,1.0,0.0,0.0,0.0,1.0,0.0,0.0,1.0,0.0,
-0.8338860192014194,1.4904729181579093,0.5175958166254464,0.0,1.0,0.0,0.0,1.0,0.0,0.0,1.0,0.0,
-0.33270092312717736,0.5722533564625959,-0.5936976037678053,0.0,1.0,0.0,0.0,1.0,0.0,0.0,1.0,0.0,
0.11279694004992687,0.7217309595292748,-0.5936976037678053,0.0,1.0,0.0,0.0,1.0,0.0,0.0,1.0,0.0,
-0.7392177232762849,-1.0720002772708719,-0.5936976037678053,1.0,0.0,0.0,0.0,0.0,0.0,1.0,1.0,0.0,
1.4492905295812388,0.7857927894149944,2.8242300589542966,1.0,0.0,0.0,0.0,1.0,0.0,0.0,1.0,0.0,
-0.16563922443576332,-0.5595056381851157,0.3775168140548684,0.0,0.0,0.0,1.0,0.0,1.0,0.0,1.0,0.0,
-0.16563922443576332,-0.04701099909935949,1.423440033248517,0.0,1.0,0.0,0.0,1.0,0.0,0.0,1.0,0.0,
2.2289117901411712,0.9993322223673928,0.8351082224520897,0.0,1.0,0.0,0.0,1.0,0.0,0.0,0.0,1.0,
-0.7781987863042813,1.234225598615031,2.469363252442166,1.0,0.0,0.0,0.0,1.0,0.0,0.0,1.0,0.0,
0.057109707152788805,-0.28190437534699775,-0.5936976037678053,0.0,0.0,1.0,0.0,0.0,0.0,1.0,1.0,0.0,
0.22417140584420273,0.08111266067207956,-0.5936976037678053,0.0,0.0,0.0,1.0,1.0,0.0,0.0,1.0,0.0,
-1.0566349507899715,-0.7089832412517946,0.7977538217666023,0.0,0.0,1.0,0.0,0.0,0.0,1.0,1.0,0.0,
-0.18234539430490473,-0.7516911278422743,-0.5936976037678053,0.0,0.0,0.0,1.0,0.0,0.0,1.0,1.0,0.0,
0.2798586387413408,-0.7089832412517946,-0.5936976037678053,0.0,0.0,0.0,1.0,0.0,1.0,0.0,1.0,0.0,
-0.8338860192014194,-1.2214778803375508,-0.5936976037678053,1.0,0.0,0.0,0.0,0.0,0.0,1.0,1.0,0.0,
-0.16563922443576332,0.05975871737683972,-0.5936976037678053,0.0,0.0,0.0,1.0,0.0,0.0,1.0,1.0,0.0,
0.057109707152788805,-0.3032583186422376,-0.5936976037678053,0.0,0.0,0.0,1.0,0.0,0.0,1.0,1.0,0.0,
2.284599023038309,0.9352703924816733,1.8623542413029948,0.0,1.0,0.0,0.0,1.0,0.0,0.0,1.0,0.0,
-1.1123221836871096,0.35871392351019754,1.7316138389037885,0.0,1.0,0.0,0.0,1.0,0.0,0.0,1.0,0.0,
0.4469203374327547,-0.47408986500415634,-0.5936976037678053,0.0,0.0,0.0,1.0,0.0,1.0,0.0,1.0,0.0,
1.0594798993012728,1.7040123511103076,-0.5936976037678053,0.0,1.0,0.0,0.0,1.0,0.0,0.0,1.0,0.0,
0.1684841729470647,-0.5595056381851157,-0.5936976037678053,0.0,0.0,1.0,0.0,1.0,0.0,0.0,1.0,0.0,
-0.3883881560243153,-0.9652305607946727,0.5082572164540745,0.0,0.0,0.0,1.0,1.0,0.0,0.0,1.0,0.0,
0.2798586387413408,-0.5808595814803555,0.46156421559721517,0.0,0.0,1.0,0.0,0.0,1.0,0.0,1.0,0.0,
0.22417140584420273,-0.3459662052327173,-0.5936976037678053,1.0,0.0,0.0,0.0,1.0,0.0,0.0,0.0,1.0,
-0.7225115534071435,-0.13242677228031888,-0.5936976037678053,0.0,0.0,1.0,0.0,0.0,1.0,0.0,1.0,0.0,
0.5026075703298928,-0.4527359217089165,1.1712978286214768,0.0,0.0,0.0,1.0,1.0,0.0,0.0,1.0,0.0,
-0.33270092312717736,-0.6662753546613149,-0.5936976037678053,1.0,0.0,0.0,0.0,0.0,0.0,1.0,1.0,0.0,
-0.5554498547157294,-0.516797751594636,0.46156421559721517,0.0,0.0,1.0,0.0,0.0,1.0,0.0,0.0,1.0,
-0.9452604849956954,-1.1147081638613516,-0.5936976037678053,0.0,0.0,1.0,0.0,0.0,0.0,1.0,1.0,0.0,
-0.2770136902300393,-0.5808595814803555,-0.5936976037678053,0.0,0.0,1.0,0.0,1.0,0.0,0.0,1.0,0.0,
0.22417140584420273,0.10246660396731941,-0.5936976037678053,0.0,1.0,0.0,0.0,0.0,1.0,0.0,1.0,0.0,
-0.05426475864148731,-0.0043031125088798085,-0.5936976037678053,1.0,0.0,0.0,0.0,0.0,1.0,0.0,1.0,0.0,
-0.10995199153862524,-0.5381516948898759,-0.5936976037678053,0.0,0.0,0.0,1.0,0.0,0.0,1.0,1.0,0.0,
0.0014224742556507477,0.10246660396731941,-0.5936976037678053,0.0,0.0,0.0,1.0,0.0,0.0,1.0,1.0,0.0,
0.22417140584420273,0.8071467327102342,-0.5936976037678053,0.0,0.0,0.0,1.0,0.0,0.0,1.0,1.0,0.0,
0.0014224742556507477,0.33735998021495767,-0.5936976037678053,0.0,1.0,0.0,0.0,1.0,0.0,0.0,1.0,0.0,
0.3355458716384789,0.31600603691971785,2.525394853470397,1.0,0.0,0.0,0.0,0.0,1.0,0.0,1.0,0.0,
-0.33270092312717736,1.8534899541769865,3.1417424647809398,0.0,0.0,1.0,0.0,1.0,0.0,0.0,1.0,0.0,
2.618722420421137,2.195153046900824,-0.5936976037678053,0.0,1.0,0.0,0.0,1.0,0.0,0.0,1.0,0.0,
-0.16563922443576332,-0.6449214113660751,0.19074481062743115,1.0,0.0,0.0,0.0,1.0,0.0,0.0,1.0,0.0,
-0.22132645733290124,0.1451744905577991,-0.5936976037678053,0.0,1.0,0.0,0.0,0.0,0.0,1.0,1.0,0.0,
-1.0009477178928334,-1.0933542205661118,0.6950292198815118,0.0,0.0,0.0,1.0,1.0,0.0,0.0,1.0,0.0,
-0.5554498547157294,-0.7730450711375142,0.21876061114154674,0.0,0.0,1.0,0.0,0.0,0.0,1.0,1.0,0.0,
0.3355458716384789,1.1701637687293116,-0.5936976037678053,0.0,1.0,0.0,0.0,0.0,0.0,1.0,1.0,0.0,
-0.7225115534071435,0.977978279072153,-0.5936976037678053,1.0,0.0,0.0,0.0,0.0,1.0,0.0,0.0,1.0,
0.3355458716384789,-0.08971888568983918,-0.5936976037678053,1.0,0.0,0.0,0.0,0.0,1.0,0.0,1.0,0.0,
-0.3883881560243153,0.9993322223673928,-0.5936976037678053,1.0,0.0,0.0,0.0,1.0,0.0,0.0,1.0,0.0,
-0.8895732520985574,-1.3496015401089898,-0.5936976037678053,0.0,0.0,1.0,0.0,1.0,0.0,0.0,1.0,0.0,
0.7253565019184448,0.31600603691971785,-0.5936976037678053,0.0,1.0,0.0,0.0,1.0,0.0,0.0,1.0,0.0,
0.1684841729470647,-0.11107282898507902,-0.5936976037678053,0.0,0.0,0.0,1.0,0.0,0.0,1.0,1.0,0.0,
-1.0566349507899715,-0.11107282898507902,-0.5936976037678053,1.0,0.0,0.0,0.0,0.0,1.0,0.0,1.0,0.0,
-0.16563922443576332,0.08111266067207956,1.4141014330771453,0.0,0.0,0.0,1.0,0.0,1.0,0.0,0.0,1.0,
3.0642202835982415,1.6826584078150677,2.6841510563837185,0.0,0.0,1.0,0.0,0.0,0.0,1.0,0.0,1.0,
-0.9452604849956954,1.2555795419102709,-0.5936976037678053,0.0,1.0,0.0,0.0,1.0,0.0,0.0,1.0,0.0,
0.669669269021307,-0.02565705580411965,-0.5936976037678053,0.0,1.0,0.0,0.0,0.0,0.0,1.0,1.0,0.0,
0.4469203374327547,-0.6876292979565548,-0.5936976037678053,0.0,0.0,1.0,0.0,1.0,0.0,0.0,1.0,0.0,
-0.8338860192014194,-0.26055043205175793,1.1806364287928486,0.0,0.0,1.0,0.0,0.0,0.0,1.0,0.0,1.0,
0.1684841729470647,-0.32461226193747744,-0.5936976037678053,0.0,0.0,1.0,0.0,1.0,0.0,0.0,1.0,0.0,
1.115167132198411,-0.32461226193747744,1.6849208380469294,0.0,0.0,0.0,1.0,0.0,0.0,1.0,1.0,0.0,
0.1684841729470647,0.8071467327102342,-0.5936976037678053,0.0,0.0,0.0,1.0,0.0,0.0,1.0,1.0,0.0,
-0.22132645733290124,-0.43138197841367665,-0.5936976037678053,1.0,0.0,0.0,0.0,0.0,0.0,1.0,1.0,0.0,
-1.1123221836871096,-1.3709554834042297,0.13471320959919997,0.0,1.0,0.0,0.0,1.0,0.0,0.0,1.0,0.0,
-0.10995199153862524,-0.21784254546127824,-0.5936976037678053,0.0,0.0,0.0,1.0,0.0,0.0,1.0,1.0,0.0,
1.1708543650955487,1.4691189748626694,-0.5936976037678053,1.0,0.0,0.0,0.0,1.0,0.0,0.0,1.0,0.0,
0.0014224742556507477,-0.7303371845470344,-0.5936976037678053,0.0,0.0,1.0,0.0,1.0,0.0,0.0,1.0,0.0,
-0.8895732520985574,-1.0933542205661118,0.2280992113129186,0.0,1.0,0.0,0.0,0.0,0.0,1.0,1.0,0.0,
-0.16563922443576332,-0.7730450711375142,-0.5936976037678053,0.0,0.0,1.0,0.0,0.0,1.0,0.0,1.0,0.0,
-0.6668243205100054,-0.7516911278422743,-0.5936976037678053,0.0,0.0,0.0,1.0,1.0,0.0,0.0,1.0,0.0,
-0.33270092312717736,-0.9865845040899126,0.3588396137121247,1.0,0.0,0.0,0.0,0.0,0.0,1.0,1.0,0.0,
-0.5554498547157294,-1.1360621071565915,0.25611501182703417,0.0,0.0,0.0,1.0,1.0,0.0,0.0,1.0,0.0,
0.11279694004992687,0.18788237714827877,2.4133316514139347,0.0,0.0,0.0,1.0,0.0,1.0,0.0,1.0,0.0,
-0.05426475864148731,0.40142181010067723,-0.5936976037678053,0.0,1.0,0.0,0.0,1.0,0.0,0.0,1.0,0.0,
1.2822288308898249,2.2592148767865434,1.5541804356477231,1.0,0.0,0.0,0.0,1.0,0.0,0.0,1.0,0.0,
-0.2770136902300393,-0.3459662052327173,-0.5936976037678053,1.0,0.0,0.0,0.0,0.0,0.0,1.0,1.0,0.0,
-0.2770136902300393,-1.200123937042311,-0.5936976037678053,1.0,0.0,0.0,0.0,0.0,0.0,1.0,1.0,0.0,
-0.2770136902300393,-1.1360621071565915,0.25611501182703417,1.0,0.0,0.0,0.0,0.0,1.0,0.0,1.0,0.0,
0.0014224742556507477,-0.516797751594636,-0.5936976037678053,0.0,0.0,1.0,0.0,0.0,0.0,1.0,1.0,0.0,
0.0014224742556507477,-0.7303371845470344,0.4148712147403559,0.0,0.0,1.0,0.0,1.0,0.0,0.0,1.0,0.0,
-0.10995199153862524,-0.3032583186422376,-0.5936976037678053,1.0,0.0,0.0,0.0,0.0,0.0,1.0,1.0,0.0,
0.9313992636378555,0.700377016234035,2.2172210478151255,0.0,0.0,0.0,1.0,0.0,1.0,0.0,1.0,0.0,
-1.0009477178928334,0.8071467327102342,-0.5936976037678053,0.0,1.0,0.0,0.0,1.0,0.0,0.0,1.0,0.0,
-0.4440753889214534,0.6149612430530756,-0.5936976037678053,0.0,0.0,1.0,0.0,0.0,0.0,1.0,1.0,0.0,
2.5073479546268613,2.0670293871293848,-0.5936976037678053,0.0,1.0,0.0,0.0,1.0,0.0,0.0,1.0,0.0,
2.952845817803965,2.451400366443702,4.682611493057298,0.0,0.0,0.0,1.0,0.0,1.0,0.0,0.0,1.0,
-1.0009477178928334,1.0420401089578726,-0.5936976037678053,0.0,1.0,0.0,0.0,1.0,0.0,0.0,1.0,0.0,
0.0014224742556507477,-0.36732014852795714,0.8351082224520897,0.0,0.0,0.0,1.0,0.0,0.0,1.0,1.0,0.0,
-0.2770136902300393,-0.26055043205175793,-0.5936976037678053,1.0,0.0,0.0,0.0,0.0,0.0,1.0,1.0,0.0,
-0.2770136902300393,-1.0079384473851525,0.25611501182703417,0.0,0.0,0.0,1.0,0.0,0.0,1.0,1.0,0.0,
1.532821378926946,2.4300464231484624,-0.5936976037678053,0.0,0.0,0.0,1.0,0.0,1.0,0.0,1.0,0.0,
-0.7225115534071435,0.35871392351019754,-0.5936976037678053,0.0,1.0,0.0,0.0,0.0,1.0,0.0,1.0,0.0,
-1.0009477178928334,-0.7516911278422743,-0.5936976037678053,1.0,0.0,0.0,0.0,1.0,0.0,0.0,0.0,1.0,
-1.0009477178928334,-1.1147081638613516,-0.5936976037678053,0.0,0.0,1.0,0.0,1.0,0.0,0.0,1.0,0.0,
-0.9452604849956954,-0.9011687309089532,-0.5936976037678053,1.0,0.0,0.0,0.0,0.0,0.0,1.0,0.0,1.0,
0.0014224742556507477,-0.6662753546613149,-0.5936976037678053,0.0,1.0,0.0,0.0,0.0,1.0,0.0,1.0,0.0,
0.7253565019184448,2.045675443834145,-0.5936976037678053,0.0,1.0,0.0,0.0,1.0,0.0,0.0,1.0,0.0,
1.6163522282726532,0.40142181010067723,1.9464016428453415,1.0,0.0,0.0,0.0,1.0,0.0,0.0,1.0,0.0,
-0.5554498547157294,0.27329815032923815,0.545611617139562,0.0,0.0,0.0,1.0,0.0,1.0,0.0,1.0,0.0,
-0.8895732520985574,-1.1147081638613516,-0.5936976037678053,1.0,0.0,0.0,0.0,0.0,0.0,1.0,1.0,0.0,
-1.0009477178928334,0.20923632044351861,1.5448418354763513,0.0,0.0,0.0,1.0,0.0,0.0,1.0,1.0,0.0,
-1.0009477178928334,0.7430849028245147,2.1518508466155226,0.0,1.0,0.0,0.0,1.0,0.0,0.0,1.0,0.0,
1.4492905295812388,0.5081915265768764,2.8429072592970406,1.0,0.0,0.0,0.0,1.0,0.0,0.0,0.0,1.0,
1.226541597992687,0.6149612430530756,-0.5936976037678053,1.0,0.0,0.0,0.0,0.0,1.0,0.0,1.0,0.0,
0.2798586387413408,-0.43138197841367665,-0.5936976037678053,0.0,0.0,0.0,1.0,0.0,1.0,0.0,1.0,0.0,
-0.6668243205100054,-0.9865845040899126,0.6670134193673962,0.0,0.0,0.0,1.0,1.0,0.0,0.0,1.0,0.0,
-0.33270092312717736,-0.02565705580411965,-0.5936976037678053,0.0,0.0,0.0,1.0,0.0,1.0,0.0,1.0,0.0,
2.7857841191125514,1.7040123511103076,-0.5936976037678053,1.0,0.0,0.0,0.0,1.0,0.0,0.0,1.0,0.0,
-1.0566349507899715,-0.4954438082993962,0.5362730169681901,0.0,0.0,0.0,1.0,0.0,0.0,1.0,1.0,0.0,
2.0618500914497573,1.1274558821388319,-0.5936976037678053,1.0,0.0,0.0,0.0,1.0,0.0,0.0,1.0,0.0,
2.284599023038309,0.9566243357769131,1.23666802982108,0.0,1.0,0.0,0.0,1.0,0.0,0.0,1.0,0.0,
4.066590475746726,2.4086924798532223,-0.5936976037678053,1.0,0.0,0.0,0.0,0.0,1.0,0.0,1.0,0.0,
1.3379160637869632,0.05975871737683972,-0.5936976037678053,0.0,0.0,1.0,0.0,1.0,0.0,0.0,1.0,0.0,
-0.2770136902300393,-1.2214778803375508,-0.5936976037678053,0.0,0.0,0.0,1.0,0.0,0.0,1.0,1.0,0.0,
-1.0566349507899715,-1.1147081638613516,-0.5936976037678053,1.0,0.0,0.0,0.0,1.0,0.0,0.0,1.0,0.0,
-0.7225115534071435,0.18788237714827877,-0.5936976037678053,0.0,0.0,0.0,1.0,0.0,0.0,1.0,1.0,0.0,
-0.16563922443576332,0.16652843385303895,1.6942594382183012,0.0,1.0,0.0,0.0,0.0,0.0,1.0,1.0,0.0,
-0.4440753889214534,0.5508994131673561,-0.5936976037678053,0.0,0.0,1.0,0.0,0.0,0.0,1.0,1.0,0.0,
-0.3883881560243153,-1.2214778803375508,-0.5936976037678053,0.0,0.0,1.0,0.0,0.0,1.0,0.0,1.0,0.0,
-0.16563922443576332,-0.8584608443184735,0.5175958166254464,0.0,1.0,0.0,0.0,0.0,1.0,0.0,1.0,0.0,
-0.7392177232762849,-1.3709554834042297,-0.5936976037678053,1.0,0.0,0.0,0.0,0.0,0.0,1.0,0.0,1.0,
0.057109707152788805,-0.5808595814803555,-0.5936976037678053,0.0,0.0,0.0,1.0,0.0,0.0,1.0,1.0,0.0,
-0.2770136902300393,-0.23919648875651808,-0.5936976037678053,0.0,1.0,0.0,0.0,1.0,0.0,0.0,1.0,0.0,
-0.6668243205100054,-0.8584608443184735,0.6856906197101399,0.0,0.0,0.0,1.0,1.0,0.0,0.0,0.0,1.0,
-1.0009477178928334,-0.06836494239459934,-0.5936976037678053,0.0,0.0,0.0,1.0,0.0,0.0,1.0,1.0,0.0,
-0.33270092312717736,-0.9652305607946727,-0.5936976037678053,0.0,1.0,0.0,0.0,0.0,0.0,1.0,1.0,0.0,
0.4469203374327547,0.05975871737683972,-0.5936976037678053,0.0,1.0,0.0,0.0,1.0,0.0,0.0,1.0,0.0,
0.6139820361241689,0.8498546193007139,-0.5936976037678053,0.0,0.0,0.0,1.0,0.0,1.0,0.0,1.0,0.0,
-0.7781987863042813,1.1915177120245515,-0.5936976037678053,0.0,0.0,1.0,0.0,1.0,0.0,0.0,1.0,0.0,
0.0014224742556507477,-0.4954438082993962,-0.5936976037678053,1.0,0.0,0.0,0.0,1.0,0.0,0.0,1.0,0.0,
-0.05426475864148731,-0.794399014432754,-0.5936976037678053,0.0,0.0,0.0,1.0,0.0,0.0,1.0,1.0,0.0,
-0.33270092312717736,-0.9865845040899126,-0.5936976037678053,0.0,1.0,0.0,0.0,0.0,0.0,1.0,1.0,0.0,
-0.33270092312717736,0.5081915265768764,-0.5936976037678053,0.0,1.0,0.0,0.0,1.0,0.0,0.0,1.0,0.0,
-0.8338860192014194,-0.3032583186422376,0.6856906197101399,0.0,0.0,1.0,0.0,0.0,0.0,1.0,1.0,0.0,
2.1732245572440334,1.0206861656626327,-0.5936976037678053,0.0,0.0,1.0,0.0,1.0,0.0,0.0,0.0,1.0,
-0.5554498547157294,0.8498546193007139,-0.5936976037678053,1.0,0.0,0.0,0.0,0.0,0.0,1.0,1.0,0.0,
0.11279694004992687,-0.794399014432754,1.08725042707913,0.0,0.0,0.0,1.0,0.0,1.0,0.0,1.0,0.0,
1.0594798993012728,1.2128716553197911,-0.5936976037678053,0.0,1.0,0.0,0.0,1.0,0.0,0.0,1.0,0.0,
0.18519034281620622,-0.02565705580411965,-0.5936976037678053,0.0,0.0,1.0,0.0,0.0,1.0,0.0,1.0,0.0,
2.7857841191125514,1.3409953150912304,-0.5936976037678053,1.0,0.0,0.0,0.0,1.0,0.0,0.0,1.0,0.0,
-0.49976262181859127,0.40142181010067723,1.161959228450105,0.0,1.0,0.0,0.0,1.0,0.0,0.0,1.0,0.0,
0.4469203374327547,1.6826584078150677,0.2841308123411498,0.0,1.0,0.0,0.0,1.0,0.0,0.0,1.0,0.0,
-0.6668243205100054,0.38006786680543736,2.3292842498715878,1.0,0.0,0.0,0.0,0.0,0.0,1.0,1.0,0.0,
-0.9452604849956954,-0.9011687309089532,0.3495010135407528,0.0,1.0,0.0,0.0,1.0,0.0,0.0,1.0,0.0,
-0.6668243205100054,-0.06836494239459934,-0.5936976037678053,0.0,1.0,0.0,0.0,0.0,0.0,1.0,1.0,0.0,
-0.9452604849956954,-0.11107282898507902,1.4327786334198889,1.0,0.0,0.0,0.0,1.0,0.0,0.0,1.0,0.0,
0.3355458716384789,0.33735998021495767,-0.5936976037678053,0.0,0.0,0.0,1.0,0.0,0.0,1.0,1.0,0.0,
1.2822288308898249,1.0633940522531122,1.4514558337626327,1.0,0.0,0.0,0.0,1.0,0.0,0.0,1.0,0.0,
-0.05426475864148731,1.0633940522531122,-0.5936976037678053,0.0,1.0,0.0,0.0,1.0,0.0,0.0,1.0,0.0,
0.11279694004992687,-0.21784254546127824,0.2841308123411498,0.0,0.0,1.0,0.0,0.0,0.0,1.0,0.0,1.0,
-0.16563922443576332,0.8071467327102342,-0.5936976037678053,1.0,0.0,0.0,0.0,1.0,0.0,0.0,1.0,0.0,
-0.33270092312717736,-0.5381516948898759,-0.5936976037678053,0.0,0.0,1.0,0.0,0.0,0.0,1.0,1.0,0.0,
0.11279694004992687,0.1451744905577991,-0.5936976037678053,0.0,1.0,0.0,0.0,1.0,0.0,0.0,1.0,0.0,
-0.2770136902300393,-0.794399014432754,0.4895800161113308,1.0,0.0,0.0,0.0,0.0,1.0,0.0,1.0,0.0,
0.0014224742556507477,-0.9652305607946727,-0.5936976037678053,0.0,1.0,0.0,0.0,0.0,1.0,0.0,1.0,0.0,
-0.8895732520985574,-0.9438766174994329,0.3775168140548684,0.0,1.0,0.0,0.0,0.0,0.0,1.0,1.0,0.0,
0.11279694004992687,-0.5381516948898759,-0.5936976037678053,0.0,0.0,1.0,0.0,0.0,0.0,1.0,1.0,0.0,
2.897158584906827,1.5758886913388686,0.8444468226234616,0.0,1.0,0.0,0.0,1.0,0.0,0.0,1.0,0.0,
-0.9452604849956954,-1.0720002772708719,-0.5936976037678053,0.0,1.0,0.0,0.0,0.0,1.0,0.0,1.0,0.0,
-0.7225115534071435,-0.8798147876137133,0.7417222207383711,1.0,0.0,0.0,0.0,1.0,0.0,0.0,1.0,0.0,
2.674409653318275,0.7217309595292748,-0.5936976037678053,0.0,1.0,0.0,0.0,1.0,0.0,0.0,1.0,0.0,
-0.16563922443576332,-0.23919648875651808,1.6102120366759545,0.0,1.0,0.0,0.0,0.0,0.0,1.0,1.0,0.0,
0.22417140584420273,0.6149612430530756,-0.5936976037678053,0.0,1.0,0.0,0.0,0.0,1.0,0.0,1.0,0.0,
-0.6668243205100054,-0.6662753546613149,0.7884152215952304,0.0,1.0,0.0,0.0,0.0,0.0,1.0,1.0,0.0,
-0.49976262181859127,-0.02565705580411965,-0.5936976037678053,0.0,1.0,0.0,0.0,1.0,0.0,0.0,1.0,0.0,
-1.1123221836871096,1.6399505212245882,-0.5936976037678053,1.0,0.0,0.0,0.0,1.0,0.0,0.0,1.0,0.0,
-0.8895732520985574,-1.1360621071565915,0.23743781148429047,0.0,1.0,0.0,0.0,1.0,0.0,0.0,1.0,0.0,
0.22417140584420273,1.0633940522531122,-0.5936976037678053,0.0,0.0,1.0,0.0,1.0,0.0,0.0,1.0,0.0,
1.1708543650955487,1.1274558821388319,1.358069832048914,0.0,1.0,0.0,0.0,0.0,1.0,0.0,1.0,0.0,
0.1684841729470647,-0.6449214113660751,0.18140621045605929,0.0,0.0,1.0,0.0,1.0,0.0,0.0,1.0,0.0,
-0.5554498547157294,-0.21784254546127824,-0.5936976037678053,0.0,1.0,0.0,0.0,0.0,0.0,1.0,1.0,0.0,
-0.22132645733290124,-0.4527359217089165,-0.5936976037678053,0.0,1.0,0.0,0.0,0.0,0.0,1.0,1.0,0.0,
-0.7225115534071435,1.1915177120245515,-0.5936976037678053,0.0,1.0,0.0,0.0,0.0,1.0,0.0,1.0,0.0,
0.7253565019184448,2.2592148767865434,4.906737897170222,1.0,0.0,0.0,0.0,0.0,0.0,1.0,0.0,1.0,
-0.05426475864148731,0.31600603691971785,-0.5936976037678053,0.0,0.0,0.0,1.0,0.0,1.0,0.0,1.0,0.0,
0.11279694004992687,0.16652843385303895,-0.5936976037678053,0.0,0.0,0.0,1.0,0.0,1.0,0.0,1.0,0.0,
-0.8338860192014194,-0.6876292979565548,-0.5936976037678053,0.0,0.0,1.0,0.0,0.0,0.0,1.0,1.0,0.0,
0.2798586387413408,-0.7303371845470344,-0.5936976037678053,0.0,0.0,1.0,0.0,0.0,1.0,0.0,1.0,0.0,
-0.3883881560243153,-0.794399014432754,-0.5936976037678053,0.0,0.0,0.0,1.0,1.0,0.0,0.0,1.0,0.0,
-1.0009477178928334,-1.2855397102232704,-0.5936976037678053,0.0,1.0,0.0,0.0,0.0,0.0,1.0,1.0,0.0,
-1.1123221836871096,-0.6449214113660751,-0.5936976037678053,0.0,0.0,0.0,1.0,0.0,1.0,0.0,1.0,0.0,
2.7857841191125514,0.9993322223673928,-0.5936976037678053,1.0,0.0,0.0,0.0,1.0,0.0,0.0,1.0,0.0,
-0.9452604849956954,-1.1787699937470713,-0.5936976037678053,1.0,0.0,0.0,0.0,1.0,0.0,0.0,1.0,0.0,
1.393603296684101,0.35871392351019754,-0.5936976037678053,0.0,1.0,0.0,0.0,0.0,0.0,1.0,1.0,0.0,
-0.8338860192014194,-0.5595056381851157,-0.5936976037678053,0.0,0.0,1.0,0.0,0.0,1.0,0.0,1.0,0.0,
-0.05426475864148731,-0.6662753546613149,-0.5936976037678053,1.0,0.0,0.0,0.0,0.0,1.0,0.0,1.0,0.0,
2.3959734888325848,1.4050571449769498,-0.5936976037678053,0.0,0.0,0.0,1.0,1.0,0.0,0.0,0.0,1.0,
2.0618500914497573,1.0633940522531122,0.45222561542584333,1.0,0.0,0.0,0.0,1.0,0.0,0.0,1.0,0.0,
0.4469203374327547,-0.5808595814803555,-0.5936976037678053,1.0,0.0,0.0,0.0,0.0,1.0,0.0,1.0,0.0,
-0.05426475864148731,-0.3459662052327173,-0.5936976037678053,0.0,1.0,0.0,0.0,0.0,1.0,0.0,1.0,0.0,
2.897158584906827,1.7040123511103076,-0.5936976037678053,0.0,1.0,0.0,0.0,1.0,0.0,0.0,1.0,0.0,
-0.6946679369585744,-1.200123937042311,0.4895800161113308,1.0,0.0,0.0,0.0,0.0,0.0,1.0,1.0,0.0,
-0.49976262181859127,-0.43138197841367665,-0.5936976037678053,0.0,1.0,0.0,0.0,1.0,0.0,0.0,1.0,0.0,
0.37452693466647535,0.05975871737683972,-0.5936976037678053,0.0,0.0,1.0,0.0,0.0,1.0,0.0,1.0,0.0,
0.5582948032270308,2.5581700829199012,5.168218701968635,0.0,0.0,0.0,1.0,1.0,0.0,0.0,1.0,0.0,
-1.0566349507899715,-0.0043031125088798085,1.1059276274218737,0.0,0.0,0.0,1.0,0.0,1.0,0.0,1.0,0.0,
0.7810437348155829,0.6149612430530756,1.7316138389037885,1.0,0.0,0.0,0.0,1.0,0.0,0.0,1.0,0.0,
1.727726694066929,1.7680741809960272,-0.5936976037678053,1.0,0.0,0.0,0.0,0.0,0.0,1.0,0.0,1.0,
1.393603296684101,0.5081915265768764,1.7316138389037885,0.0,1.0,0.0,0.0,0.0,0.0,1.0,1.0,0.0,
-0.5554498547157294,-1.3068936535185103,-0.5936976037678053,1.0,0.0,0.0,0.0,1.0,0.0,0.0,1.0,0.0,
-0.8338860192014194,-0.6449214113660751,1.2740224305065673,0.0,0.0,1.0,0.0,0.0,1.0,0.0,1.0,0.0,
-0.22132645733290124,0.12382054726255926,-0.5936976037678053,0.0,0.0,1.0,0.0,1.0,0.0,0.0,1.0,0.0,
0.0014224742556507477,-0.11107282898507902,-0.5936976037678053,0.0,0.0,0.0,1.0,0.0,0.0,1.0,1.0,0.0,
3.0642202835982415,1.5545347480436287,-0.5936976037678053,0.0,1.0,0.0,0.0,1.0,0.0,0.0,0.0,1.0,
-0.9452604849956954,-1.1147081638613516,0.5362730169681901,0.0,0.0,0.0,1.0,0.0,1.0,0.0,1.0,0.0,
0.3355458716384789,0.05975871737683972,-0.5936976037678053,1.0,0.0,0.0,0.0,0.0,1.0,0.0,1.0,0.0,
0.4469203374327547,2.622231912805621,-0.5936976037678053,0.0,1.0,0.0,0.0,1.0,0.0,0.0,1.0,0.0,
0.37452693466647535,0.16652843385303895,-0.5936976037678053,0.0,0.0,0.0,1.0,1.0,0.0,0.0,1.0,0.0,
-0.8895732520985574,-0.02565705580411965,-0.5936976037678053,0.0,0.0,0.0,1.0,1.0,0.0,0.0,1.0,0.0,
1.6163522282726532,1.6826584078150677,-0.5936976037678053,0.0,0.0,1.0,0.0,1.0,0.0,0.0,0.0,1.0,
-1.0566349507899715,-0.23919648875651808,-0.5936976037678053,0.0,1.0,0.0,0.0,1.0,0.0,0.0,1.0,0.0,
-0.6668243205100054,-1.2855397102232704,0.3495010135407528,0.0,0.0,0.0,1.0,1.0,0.0,0.0,1.0,0.0,
-1.0566349507899715,-0.6449214113660751,0.2747922121697779,0.0,0.0,0.0,1.0,1.0,0.0,0.0,1.0,0.0,
-0.6668243205100054,-0.9225226742041931,-0.5936976037678053,0.0,1.0,0.0,0.0,0.0,0.0,1.0,1.0,0.0,
-0.6668243205100054,1.7040123511103076,-0.5936976037678053,1.0,0.0,0.0,0.0,1.0,0.0,0.0,1.0,0.0,
0.057109707152788805,-0.26055043205175793,-0.5936976037678053,0.0,0.0,0.0,1.0,0.0,0.0,1.0,1.0,0.0,
2.602016250551996,3.0493107787104177,-0.5936976037678053,0.0,1.0,0.0,0.0,1.0,0.0,0.0,1.0,0.0,
-0.22132645733290124,-0.3459662052327173,-0.5936976037678053,0.0,0.0,0.0,1.0,1.0,0.0,0.0,1.0,0.0,
2.284599023038309,1.7680741809960272,-0.5936976037678053,0.0,0.0,0.0,1.0,1.0,0.0,0.0,1.0,0.0,
-0.2770136902300393,-0.9865845040899126,0.7697380212524867,0.0,0.0,0.0,1.0,0.0,0.0,1.0,1.0,0.0,
-1.0009477178928334,-0.43138197841367665,0.816431022109346,1.0,0.0,0.0,0.0,1.0,0.0,0.0,1.0,0.0,
-0.6111370876128674,-0.794399014432754,-0.5936976037678053,0.0,0.0,0.0,1.0,0.0,1.0,0.0,1.0,0.0,
0.39123310453561694,0.10246660396731941,-0.5936976037678053,1.0,0.0,0.0,0.0,1.0,0.0,0.0,1.0,0.0,
-0.8895732520985574,-1.200123937042311,-0.5936976037678053,1.0,0.0,0.0,0.0,0.0,0.0,1.0,1.0,0.0,
-0.13779560798719429,-0.5381516948898759,-0.5936976037678053,0.0,1.0,0.0,0.0,0.0,0.0,1.0,1.0,0.0,
2.563035187523999,1.4477650315674295,-0.5936976037678053,0.0,0.0,0.0,1.0,0.0,1.0,0.0,1.0,0.0,
0.0014224742556507477,-0.43138197841367665,-0.5936976037678053,1.0,0.0,0.0,0.0,1.0,0.0,0.0,1.0,0.0,
-1.0566349507899715,-1.1147081638613516,-0.5936976037678053,1.0,0.0,0.0,0.0,0.0,1.0,0.0,1.0,0.0,
-0.2770136902300393,-0.9438766174994329,-0.5936976037678053,1.0,0.0,0.0,0.0,0.0,0.0,1.0,1.0,0.0,
-0.7781987863042813,-0.5381516948898759,-0.5936976037678053,0.0,0.0,0.0,1.0,0.0,1.0,0.0,1.0,0.0,
-0.5554498547157294,-1.0720002772708719,-0.5936976037678053,0.0,0.0,1.0,0.0,1.0,0.0,0.0,1.0,0.0,
-1.0566349507899715,-0.8798147876137133,0.8724626231375772,0.0,0.0,0.0,1.0,0.0,0.0,1.0,1.0,0.0,
0.22417140584420273,1.6826584078150677,2.6934896565550908,1.0,0.0,0.0,0.0,0.0,1.0,0.0,1.0,0.0,
-0.6111370876128674,-0.8584608443184735,0.676352019538768,0.0,0.0,1.0,0.0,0.0,0.0,1.0,1.0,0.0,
-0.33270092312717736,0.16652843385303895,0.10669740908508436,0.0,1.0,0.0,0.0,1.0,0.0,0.0,1.0,0.0,
3.0085330507011037,1.7680741809960272,-0.5936976037678053,1.0,0.0,0.0,0.0,1.0,0.0,0.0,1.0,0.0,
-0.2770136902300393,-0.13242677228031888,-0.5936976037678053,1.0,0.0,0.0,0.0,0.0,0.0,1.0,1.0,0.0,
0.669669269021307,-0.32461226193747744,-0.5936976037678053,0.0,1.0,0.0,0.0,1.0,0.0,0.0,1.0,0.0,
-0.6668243205100054,-0.04701099909935949,0.4989186162827026,1.0,0.0,0.0,0.0,0.0,0.0,1.0,1.0,0.0,
-0.5554498547157294,-1.1787699937470713,-0.5936976037678053,1.0,0.0,0.0,0.0,1.0,0.0,0.0,1.0,0.0,
1.2822288308898249,1.8534899541769865,-0.5936976037678053,1.0,0.0,0.0,0.0,1.0,0.0,0.0,1.0,0.0,
-0.3716819861551739,-0.9865845040899126,0.16272901011331556,1.0,0.0,0.0,0.0,1.0,0.0,0.0,1.0,0.0,
0.4469203374327547,-0.7730450711375142,0.46156421559721517,0.0,1.0,0.0,0.0,1.0,0.0,0.0,0.0,1.0,
2.3959734888325848,1.38370320168171,2.954970461353503,0.0,1.0,0.0,0.0,1.0,0.0,0.0,1.0,0.0,
-0.6111370876128674,-1.3282475968137502,-0.5936976037678053,0.0,1.0,0.0,0.0,0.0,0.0,1.0,1.0,0.0,
-0.6111370876128674,1.1488098254340717,2.8242300589542966,1.0,0.0,0.0,0.0,1.0,0.0,0.0,1.0,0.0,
-0.9452604849956954,0.27329815032923815,-0.5936976037678053,0.0,1.0,0.0,0.0,1.0,0.0,0.0,1.0,0.0,
-0.8338860192014194,-0.13242677228031888,-0.5936976037678053,0.0,0.0,1.0,0.0,0.0,0.0,1.0,1.0,0.0,
-0.6946679369585744,-1.0079384473851525,-0.5936976037678053,1.0,0.0,0.0,0.0,0.0,0.0,1.0,1.0,0.0,
0.3355458716384789,-0.02565705580411965,-0.5936976037678053,1.0,0.0,0.0,0.0,0.0,1.0,0.0,1.0,0.0,
-0.9452604849956954,-1.0720002772708719,0.5549502173109339,0.0,1.0,0.0,0.0,1.0,0.0,0.0,1.0,0.0,
-0.33270092312717736,-1.1360621071565915,-0.5936976037678053,0.0,1.0,0.0,0.0,0.0,0.0,1.0,1.0,0.0,
-0.8895732520985574,-1.0720002772708719,0.46156421559721517,0.0,1.0,0.0,0.0,1.0,0.0,0.0,1.0,0.0,
-0.7225115534071435,0.10246660396731941,-0.5936976037678053,0.0,1.0,0.0,0.0,0.0,1.0,0.0,1.0,0.0,
-0.8338860192014194,-0.7730450711375142,-0.5936976037678053,0.0,0.0,1.0,0.0,0.0,0.0,1.0,1.0,0.0,
2.4516607217297235,1.4477650315674295,-0.5936976037678053,0.0,1.0,0.0,0.0,0.0,0.0,1.0,0.0,1.0,
0.11279694004992687,-0.28190437534699775,-0.5936976037678053,0.0,0.0,0.0,1.0,1.0,0.0,0.0,1.0,0.0,
-1.1123221836871096,1.8961978407674662,4.075602481918127,0.0,1.0,0.0,0.0,1.0,0.0,0.0,1.0,0.0,
-0.8338860192014194,-1.0720002772708719,-0.5936976037678053,1.0,0.0,0.0,0.0,0.0,1.0,0.0,1.0,0.0,
0.0014224742556507477,-0.9225226742041931,0.4895800161113308,0.0,0.0,1.0,0.0,0.0,0.0,1.0,1.0,0.0,
0.4469203374327547,-0.21784254546127824,1.6475664373614418,0.0,0.0,1.0,0.0,1.0,0.0,0.0,1.0,0.0,
-0.49976262181859127,-0.43138197841367665,-0.5936976037678053,0.0,0.0,0.0,1.0,0.0,1.0,0.0,1.0,0.0,
-0.6111370876128674,-1.4350173132899493,-0.5936976037678053,0.0,1.0,0.0,0.0,0.0,0.0,1.0,1.0,0.0,
-0.5554498547157294,0.16652843385303895,-0.5936976037678053,0.0,0.0,0.0,1.0,0.0,1.0,0.0,1.0,0.0,
3.3983436809810694,1.4904729181579093,3.1137266642668244,1.0,0.0,0.0,0.0,1.0,0.0,0.0,1.0,0.0,
-0.7225115534071435,-0.9652305607946727,0.20942201097017488,0.0,1.0,0.0,0.0,0.0,0.0,1.0,1.0,0.0,
-0.8895732520985574,-1.200123937042311,-0.5936976037678053,0.0,0.0,0.0,1.0,0.0,0.0,1.0,1.0,0.0,
-1.0566349507899715,-0.7303371845470344,0.9098170238230646,0.0,1.0,0.0,0.0,1.0,0.0,0.0,1.0,0.0,
0.8367309677127209,0.8285006760054741,-0.5936976037678053,0.0,0.0,0.0,1.0,1.0,0.0,0.0,1.0,0.0,
-0.5554498547157294,0.294652093624478,0.24677641165566233,0.0,0.0,0.0,1.0,0.0,1.0,0.0,1.0,0.0,
-0.8338860192014194,1.789428124291267,3.7113970752346237,0.0,1.0,0.0,0.0,1.0,0.0,0.0,1.0,0.0,
-1.1123221836871096,-0.1537807155755587,-0.5936976037678053,0.0,1.0,0.0,0.0,0.0,0.0,1.0,1.0,0.0,
2.7300968862154136,0.8285006760054741,-0.5936976037678053,0.0,1.0,0.0,0.0,1.0,0.0,0.0,1.0,0.0,
-0.3883881560243153,-0.4527359217089165,-0.5936976037678053,0.0,0.0,0.0,1.0,0.0,1.0,0.0,1.0,0.0,
-0.6111370876128674,-1.3282475968137502,-0.5936976037678053,1.0,0.0,0.0,0.0,0.0,0.0,1.0,1.0,0.0,
-0.5554498547157294,-1.1574160504518314,-0.5936976037678053,0.0,1.0,0.0,0.0,0.0,1.0,0.0,1.0,0.0,
0.4469203374327547,-0.47408986500415634,-0.5936976037678053,0.0,1.0,0.0,0.0,1.0,0.0,0.0,1.0,0.0,
0.22417140584420273,1.8748438974722264,3.1043880640954526,1.0,0.0,0.0,0.0,1.0,0.0,0.0,1.0,0.0,
-0.5554498547157294,-1.3068936535185103,-0.5936976037678053,0.0,0.0,0.0,1.0,1.0,0.0,0.0,0.0,1.0,
0.0014224742556507477,0.8071467327102342,-0.5936976037678053,1.0,0.0,0.0,0.0,1.0,0.0,0.0,1.0,0.0,
-0.8338860192014194,-1.1147081638613516,-0.5936976037678053,1.0,0.0,0.0,0.0,0.0,1.0,0.0,1.0,0.0,
-0.05426475864148731,-0.7303371845470344,-0.5936976037678053,1.0,0.0,0.0,0.0,0.0,0.0,1.0,1.0,0.0,
-0.7781987863042813,-0.9225226742041931,0.956510024679924,1.0,0.0,0.0,0.0,0.0,0.0,1.0,1.0,0.0,
1.2822288308898249,0.33735998021495767,-0.5936976037678053,1.0,0.0,0.0,0.0,0.0,1.0,0.0,0.0,1.0,
-0.2770136902300393,-0.9865845040899126,0.31214661285526535,1.0,0.0,0.0,0.0,0.0,1.0,0.0,1.0,0.0,
-0.16563922443576332,0.7857927894149944,-0.5936976037678053,0.0,0.0,0.0,1.0,0.0,0.0,1.0,1.0,0.0,
-1.0566349507899715,-0.4954438082993962,-0.5936976037678053,0.0,1.0,0.0,0.0,1.0,0.0,0.0,1.0,0.0,
-0.9452604849956954,-1.4350173132899493,-0.5936976037678053,0.0,1.0,0.0,0.0,1.0,0.0,0.0,1.0,0.0,
-0.10995199153862524,0.38006786680543736,-0.5936976037678053,0.0,0.0,0.0,1.0,0.0,0.0,1.0,1.0,0.0,
0.11279694004992687,1.0206861656626327,0.26545361199840606,0.0,1.0,0.0,0.0,1.0,0.0,0.0,1.0,0.0,
2.284599023038309,1.6826584078150677,2.44134745192805,0.0,1.0,0.0,0.0,1.0,0.0,0.0,1.0,0.0,
-1.0566349507899715,-1.4350173132899493,0.18140621045605929,0.0,0.0,1.0,0.0,0.0,1.0,0.0,1.0,0.0,
-0.5554498547157294,-1.1787699937470713,-0.5936976037678053,0.0,0.0,0.0,1.0,1.0,0.0,0.0,1.0,0.0,
-0.6111370876128674,-0.9438766174994329,0.816431022109346,0.0,0.0,0.0,1.0,0.0,1.0,0.0,1.0,0.0,
2.897158584906827,1.5758886913388686,-0.5936976037678053,0.0,1.0,0.0,0.0,1.0,0.0,0.0,1.0,0.0,
-0.10995199153862524,-0.5595056381851157,-0.5936976037678053,1.0,0.0,0.0,0.0,1.0,0.0,0.0,1.0,0.0,
-0.4440753889214534,0.6363151863483155,-0.5936976037678053,0.0,0.0,1.0,0.0,0.0,0.0,1.0,1.0,0.0,
-0.8338860192014194,-0.4527359217089165,-0.5936976037678053,0.0,0.0,1.0,0.0,0.0,0.0,1.0,1.0,0.0,
1.1708543650955487,0.38006786680543736,-0.5936976037678053,0.0,0.0,0.0,1.0,0.0,1.0,0.0,1.0,0.0,
-1.1123221836871096,1.234225598615031,-0.5936976037678053,1.0,0.0,0.0,0.0,1.0,0.0,0.0,1.0,0.0,
1.0037926664041348,0.8285006760054741,-0.5936976037678053,0.0,1.0,0.0,0.0,0.0,0.0,1.0,1.0,0.0,
-0.7781987863042813,-0.794399014432754,-0.5936976037678053,0.0,0.0,0.0,1.0,0.0,1.0,0.0,1.0,0.0,
-0.6668243205100054,-0.6662753546613149,0.545611617139562,0.0,0.0,0.0,1.0,1.0,0.0,0.0,1.0,0.0,
-0.2770136902300393,-0.6662753546613149,-0.5936976037678053,0.0,0.0,0.0,1.0,0.0,0.0,1.0,1.0,0.0,
-0.5554498547157294,1.1701637687293116,-0.5936976037678053,1.0,0.0,0.0,0.0,1.0,0.0,0.0,1.0,0.0,
-0.7781987863042813,-0.32461226193747744,-0.5936976037678053,0.0,1.0,0.0,0.0,0.0,0.0,1.0,1.0,0.0,
0.4469203374327547,-0.36732014852795714,-0.5936976037678053,0.0,0.0,1.0,0.0,1.0,0.0,0.0,1.0,0.0,
-0.9452604849956954,-0.794399014432754,-0.5936976037678053,0.0,1.0,0.0,0.0,1.0,0.0,0.0,1.0,0.0,
0.4469203374327547,0.33735998021495767,-0.5936976037678053,0.0,1.0,0.0,0.0,1.0,0.0,0.0,1.0,0.0,
0.5582948032270308,0.42277575339591705,-0.5936976037678053,1.0,0.0,0.0,0.0,0.0,0.0,1.0,1.0,0.0,
-0.10995199153862524,-0.32461226193747744,-0.5936976037678053,0.0,1.0,0.0,0.0,1.0,0.0,0.0,1.0,0.0,
-0.16563922443576332,1.8321360108817466,3.347191668551121,0.0,0.0,0.0,1.0,0.0,0.0,1.0,0.0,1.0,
-0.49976262181859127,-0.6876292979565548,-0.5936976037678053,0.0,0.0,1.0,0.0,0.0,1.0,0.0,1.0,0.0,
0.7810437348155829,0.33735998021495767,-0.5936976037678053,1.0,0.0,0.0,0.0,0.0,0.0,1.0,1.0,0.0,
-0.6111370876128674,-0.4527359217089165,1.077911826907758,0.0,0.0,1.0,0.0,0.0,0.0,1.0,1.0,0.0,
-0.6668243205100054,-0.7089832412517946,-0.5936976037678053,0.0,0.0,0.0,1.0,1.0,0.0,0.0,1.0,0.0,
-1.0009477178928334,-1.0079384473851525,0.6670134193673962,0.0,1.0,0.0,0.0,0.0,0.0,1.0,1.0,0.0,
0.4469203374327547,0.33735998021495767,-0.5936976037678053,1.0,0.0,0.0,0.0,0.0,1.0,0.0,1.0,0.0,
0.7810437348155829,0.16652843385303895,-0.5936976037678053,0.0,1.0,0.0,0.0,1.0,0.0,0.0,1.0,0.0,
0.7253565019184448,0.8071467327102342,-0.5936976037678053,0.0,1.0,0.0,0.0,1.0,0.0,0.0,1.0,0.0,
0.5026075703298928,0.12382054726255926,1.8249998406175072,1.0,0.0,0.0,0.0,0.0,0.0,1.0,1.0,0.0,
-0.49976262181859127,-0.7516911278422743,-0.5936976037678053,1.0,0.0,0.0,0.0,0.0,0.0,1.0,1.0,0.0,
-0.7781987863042813,-1.1574160504518314,-0.5936976037678053,0.0,0.0,0.0,1.0,1.0,0.0,0.0,1.0,0.0,
0.0014224742556507477,-0.11107282898507902,-0.5936976037678053,0.0,0.0,1.0,0.0,0.0,1.0,0.0,1.0,0.0,
-0.6668243205100054,-1.3068936535185103,-0.5936976037678053,0.0,0.0,0.0,1.0,1.0,0.0,0.0,1.0,0.0,
-0.5554498547157294,-1.0933542205661118,-0.5936976037678053,0.0,0.0,1.0,0.0,0.0,1.0,0.0,1.0,0.0,
-0.6668243205100054,-0.23919648875651808,1.7222752387324167,1.0,0.0,0.0,0.0,0.0,1.0,0.0,1.0,0.0,
-0.9452604849956954,-1.3496015401089898,-0.5936976037678053,1.0,0.0,0.0,0.0,1.0,0.0,0.0,1.0,0.0,
-0.2770136902300393,0.7430849028245147,-0.5936976037678053,0.0,1.0,0.0,0.0,0.0,0.0,1.0,1.0,0.0,
0.37452693466647535,-0.21784254546127824,0.34016241336938097,0.0,0.0,1.0,0.0,0.0,1.0,0.0,1.0,0.0,
-0.8338860192014194,-1.4350173132899493,-0.5936976037678053,1.0,0.0,0.0,0.0,0.0,1.0,0.0,1.0,0.0,
0.0014224742556507477,0.48683758328163657,1.0405574262222708,0.0,1.0,0.0,0.0,0.0,1.0,0.0,1.0,0.0,
3.3983436809810694,2.472754309738942,-0.5936976037678053,1.0,0.0,0.0,0.0,1.0,0.0,0.0,1.0,0.0,
2.284599023038309,1.4691189748626694,0.8818012233089491,0.0,1.0,0.0,0.0,1.0,0.0,0.0,1.0,0.0,
2.602016250551996,2.622231912805621,-0.5936976037678053,0.0,1.0,0.0,0.0,1.0,0.0,0.0,1.0,0.0,
0.5582948032270308,0.6363151863483155,-0.5936976037678053,1.0,0.0,0.0,0.0,0.0,1.0,0.0,1.0,0.0,
-0.6668243205100054,-0.7730450711375142,-0.5936976037678053,0.0,1.0,0.0,0.0,0.0,0.0,1.0,1.0,0.0,
-0.5554498547157294,-1.0720002772708719,-0.5936976037678053,0.0,1.0,0.0,0.0,1.0,0.0,0.0,1.0,0.0,
-0.8338860192014194,-0.36732014852795714,-0.5936976037678053,0.0,0.0,1.0,0.0,0.0,0.0,1.0,1.0,0.0,
-0.5554498547157294,2.0243215005389055,-0.5936976037678053,1.0,0.0,0.0,0.0,1.0,0.0,0.0,1.0,0.0,
3.3426564480839316,0.9993322223673928,-0.5936976037678053,0.0,1.0,0.0,0.0,1.0,0.0,0.0,1.0,0.0,
-0.10995199153862524,0.08111266067207956,1.4514558337626327,0.0,1.0,0.0,0.0,0.0,1.0,0.0,1.0,0.0,
-0.9452604849956954,-1.2214778803375508,-0.5936976037678053,0.0,1.0,0.0,0.0,0.0,0.0,1.0,0.0,1.0,
0.0014224742556507477,-0.5381516948898759,-0.5936976037678053,0.0,0.0,1.0,0.0,0.0,0.0,1.0,1.0,0.0,
-0.3883881560243153,-0.36732014852795714,-0.5936976037678053,0.0,0.0,0.0,1.0,0.0,0.0,1.0,1.0,0.0,
1.5049777624783771,1.1274558821388319,-0.5936976037678053,1.0,0.0,0.0,0.0,1.0,0.0,0.0,1.0,0.0,
0.2798586387413408,0.1451744905577991,1.2646838303351955,0.0,1.0,0.0,0.0,1.0,0.0,0.0,1.0,0.0,
0.2798586387413408,1.1274558821388319,-0.5936976037678053,1.0,0.0,0.0,0.0,1.0,0.0,0.0,1.0,0.0,
0.5582948032270308,-0.02565705580411965,-0.5936976037678053,1.0,0.0,0.0,0.0,0.0,0.0,1.0,1.0,0.0,
0.22417140584420273,0.1451744905577991,-0.5936976037678053,0.0,1.0,0.0,0.0,0.0,1.0,0.0,1.0,0.0,
-0.16563922443576332,-0.3032583186422376,-0.5936976037678053,0.0,0.0,0.0,1.0,1.0,0.0,0.0,1.0,0.0,
0.057109707152788805,-0.13242677228031888,-0.5936976037678053,0.0,0.0,0.0,1.0,0.0,0.0,1.0,1.0,0.0,
-0.22132645733290124,0.10246660396731941,-0.5936976037678053,0.0,1.0,0.0,0.0,1.0,0.0,0.0,1.0,0.0,
1.3379160637869632,0.5081915265768764,-0.5936976037678053,1.0,0.0,0.0,0.0,1.0,0.0,0.0,1.0,0.0,
-0.33270092312717736,-1.1147081638613516,-0.5936976037678053,0.0,1.0,0.0,0.0,0.0,1.0,0.0,1.0,0.0,
0.3355458716384789,-0.02565705580411965,-0.5936976037678053,0.0,0.0,1.0,0.0,0.0,1.0,0.0,1.0,0.0,
2.3959734888325848,1.7680741809960272,-0.5936976037678053,0.0,1.0,0.0,0.0,0.0,0.0,1.0,1.0,0.0,
0.5026075703298928,-0.08971888568983918,-0.5936976037678053,0.0,0.0,0.0,1.0,1.0,0.0,0.0,1.0,0.0,
-0.5554498547157294,-1.1574160504518314,0.5269344167968182,0.0,1.0,0.0,0.0,1.0,0.0,0.0,1.0,0.0,
-1.0566349507899715,-1.0079384473851525,0.7977538217666023,0.0,0.0,0.0,1.0,0.0,0.0,1.0,1.0,0.0,
0.057109707152788805,-0.5808595814803555,-0.5936976037678053,0.0,1.0,0.0,0.0,0.0,0.0,1.0,1.0,0.0,
-1.1123221836871096,2.301922763377023,-0.5936976037678053,0.0,1.0,0.0,0.0,1.0,0.0,0.0,1.0,0.0,
0.5582948032270308,0.16652843385303895,-0.5936976037678053,0.0,0.0,1.0,0.0,0.0,1.0,0.0,1.0,0.0,
-0.5554498547157294,-1.2214778803375508,0.2280992113129186,0.0,1.0,0.0,0.0,0.0,1.0,0.0,1.0,0.0,
0.0014224742556507477,0.16652843385303895,1.7316138389037885,0.0,1.0,0.0,0.0,1.0,0.0,0.0,1.0,0.0,
0.11279694004992687,-0.47408986500415634,0.47090281576858706,0.0,0.0,0.0,1.0,1.0,0.0,0.0,1.0,0.0,
0.22417140584420273,0.700377016234035,-0.5936976037678053,0.0,1.0,0.0,0.0,0.0,1.0,0.0,1.0,0.0,
0.057109707152788805,1.810782067586507,-0.5936976037678053,0.0,1.0,0.0,0.0,1.0,0.0,0.0,1.0,0.0,
1.672039461169791,1.4050571449769498,-0.5936976037678053,0.0,0.0,1.0,0.0,0.0,0.0,1.0,0.0,1.0,
-0.49976262181859127,-0.9438766174994329,0.200083410798803,0.0,0.0,0.0,1.0,0.0,0.0,1.0,0.0,1.0,
-0.2770136902300393,-0.8798147876137133,0.9191556239944365,0.0,0.0,0.0,1.0,0.0,1.0,0.0,1.0,0.0,
-0.7781987863042813,-0.6449214113660751,-0.5936976037678053,0.0,0.0,0.0,1.0,0.0,1.0,0.0,1.0,0.0,
-0.16563922443576332,-0.7303371845470344,-0.5936976037678053,0.0,0.0,0.0,1.0,1.0,0.0,0.0,1.0,0.0,
0.0014224742556507477,-0.21784254546127824,-0.5936976037678053,0.0,0.0,0.0,1.0,0.0,0.0,1.0,1.0,0.0,
-0.9452604849956954,-1.1147081638613516,-0.5936976037678053,1.0,0.0,0.0,0.0,0.0,0.0,1.0,1.0,0.0,
0.057109707152788805,-0.36732014852795714,1.712936638561045,0.0,0.0,1.0,0.0,1.0,0.0,0.0,1.0,0.0,
0.948105433506997,0.18788237714827877,-0.5936976037678053,1.0,0.0,0.0,0.0,0.0,0.0,1.0,1.0,0.0,
-0.8338860192014194,-0.9438766174994329,-0.5936976037678053,0.0,0.0,1.0,0.0,0.0,1.0,0.0,1.0,0.0,
0.2798586387413408,-0.7089832412517946,-0.5936976037678053,0.0,0.0,0.0,1.0,1.0,0.0,0.0,1.0,0.0,
-0.9452604849956954,-1.0720002772708719,-0.5936976037678053,0.0,0.0,0.0,1.0,0.0,1.0,0.0,1.0,0.0,
-1.1123221836871096,-1.0720002772708719,-0.5936976037678053,0.0,1.0,0.0,0.0,1.0,0.0,0.0,1.0,0.0,
-0.9452604849956954,-1.0933542205661118,-0.5936976037678053,0.0,1.0,0.0,0.0,0.0,1.0,0.0,1.0,0.0,
-0.3883881560243153,-0.7516911278422743,-0.5936976037678053,1.0,0.0,0.0,0.0,0.0,1.0,0.0,1.0,0.0,
0.5582948032270308,2.451400366443702,3.84213747763383,0.0,1.0,0.0,0.0,1.0,0.0,0.0,1.0,0.0,
-0.7225115534071435,-0.4954438082993962,-0.5936976037678053,0.0,0.0,0.0,1.0,1.0,0.0,0.0,1.0,0.0,
-0.5554498547157294,0.700377016234035,2.982986261867618,0.0,0.0,1.0,0.0,1.0,0.0,0.0,1.0,0.0,
-0.8338860192014194,-0.3459662052327173,-0.5936976037678053,0.0,0.0,1.0,0.0,0.0,0.0,1.0,1.0,0.0,
-0.9452604849956954,-0.8584608443184735,0.5269344167968182,1.0,0.0,0.0,0.0,0.0,0.0,1.0,1.0,0.0,
-1.0566349507899715,-0.3459662052327173,-0.5936976037678053,0.0,0.0,0.0,1.0,0.0,1.0,0.0,1.0,0.0,
1.2822288308898249,0.977978279072153,-0.5936976037678053,1.0,0.0,0.0,0.0,1.0,0.0,0.0,1.0,0.0,
0.11279694004992687,0.05975871737683972,1.6102120366759545,0.0,0.0,0.0,1.0,0.0,1.0,0.0,1.0,0.0,
-0.8895732520985574,0.48683758328163657,-0.5936976037678053,0.0,1.0,0.0,0.0,1.0,0.0,0.0,1.0,0.0,
0.1684841729470647,-0.5381516948898759,-0.5936976037678053,0.0,1.0,0.0,0.0,0.0,0.0,1.0,1.0,0.0,
1.115167132198411,1.4050571449769498,-0.5936976037678053,0.0,0.0,1.0,0.0,0.0,1.0,0.0,1.0,0.0,
0.39123310453561694,-0.5381516948898759,-0.5936976037678053,0.0,0.0,1.0,0.0,0.0,1.0,0.0,1.0,0.0,
1.0594798993012728,1.4264110882721897,1.2086522293069644,0.0,1.0,0.0,0.0,1.0,0.0,0.0,1.0,0.0,
0.37452693466647535,0.12382054726255926,-0.5936976037678053,0.0,0.0,1.0,0.0,1.0,0.0,0.0,1.0,0.0,
1.6163522282726532,0.05975871737683972,-0.5936976037678053,0.0,0.0,0.0,1.0,1.0,0.0,0.0,1.0,0.0,
1.2822288308898249,0.1451744905577991,1.8623542413029948,1.0,0.0,0.0,0.0,1.0,0.0,0.0,1.0,0.0,
-1.1123221836871096,-0.21784254546127824,-0.5936976037678053,1.0,0.0,0.0,0.0,1.0,0.0,0.0,1.0,0.0,
-0.16563922443576332,0.5508994131673561,-0.5936976037678053,0.0,0.0,1.0,0.0,0.0,1.0,0.0,1.0,0.0,
1.0037926664041348,0.40142181010067723,2.460024652270794,0.0,0.0,1.0,0.0,0.0,1.0,0.0,0.0,1.0,
-0.10995199153862524,-0.7303371845470344,0.2841308123411498,1.0,0.0,0.0,0.0,1.0,0.0,0.0,1.0,0.0,
-0.10995199153862524,-0.36732014852795714,1.6569050375328136,1.0,0.0,0.0,0.0,0.0,0.0,1.0,1.0,0.0,
-0.10995199153862524,0.7217309595292748,-0.5936976037678053,0.0,0.0,0.0,1.0,0.0,0.0,1.0,1.0,0.0,
-0.13779560798719429,-0.26055043205175793,-0.5936976037678053,0.0,1.0,0.0,0.0,0.0,0.0,1.0,1.0,0.0,
0.6139820361241689,1.0206861656626327,1.768968239589276,0.0,0.0,0.0,1.0,0.0,1.0,0.0,0.0,1.0,
1.4492905295812388,1.36234925838647,-0.5936976037678053,1.0,0.0,0.0,0.0,1.0,0.0,0.0,1.0,0.0,
0.22417140584420273,0.5081915265768764,-0.5936976037678053,0.0,1.0,0.0,0.0,0.0,1.0,0.0,1.0,0.0,
-0.8895732520985574,-1.3068936535185103,-0.5936976037678053,1.0,0.0,0.0,0.0,0.0,0.0,1.0,1.0,0.0,
-0.33270092312717736,-0.11107282898507902,1.9557402430167132,0.0,0.0,1.0,0.0,0.0,0.0,1.0,1.0,0.0,
-0.10995199153862524,0.16652843385303895,-0.5936976037678053,1.0,0.0,0.0,0.0,0.0,0.0,1.0,1.0,0.0,
0.2798586387413408,0.5936072997578358,-0.5936976037678053,0.0,1.0,0.0,0.0,1.0,0.0,0.0,1.0,0.0,
-0.49976262181859127,-0.6449214113660751,1.3207154313634266,0.0,0.0,0.0,1.0,0.0,1.0,0.0,1.0,0.0,
0.0014224742556507477,-0.8798147876137133,0.45222561542584333,1.0,0.0,0.0,0.0,0.0,1.0,0.0,1.0,0.0,
0.5026075703298928,0.8498546193007139,-0.5936976037678053,0.0,0.0,0.0,1.0,0.0,1.0,0.0,1.0,0.0,
-0.49976262181859127,-0.9865845040899126,-0.5936976037678053,0.0,0.0,0.0,1.0,0.0,0.0,1.0,1.0,0.0,
-1.0009477178928334,-0.1537807155755587,0.9284942241658084,1.0,0.0,0.0,0.0,0.0,1.0,0.0,1.0,0.0,
-0.10995199153862524,-0.13242677228031888,-0.5936976037678053,0.0,0.0,0.0,1.0,0.0,0.0,1.0,1.0,0.0,
0.7810437348155829,0.8285006760054741,2.2078824476437537,1.0,0.0,0.0,0.0,1.0,0.0,0.0,1.0,0.0,
-0.3883881560243153,-0.6876292979565548,0.5549502173109339,1.0,0.0,0.0,0.0,0.0,1.0,0.0,1.0,0.0,
-0.10995199153862524,0.8071467327102342,-0.5936976037678053,0.0,1.0,0.0,0.0,0.0,1.0,0.0,1.0,0.0,
0.892418200609859,2.2165069901960637,-0.5936976037678053,0.0,0.0,0.0,1.0,0.0,1.0,0.0,1.0,0.0,
-0.8895732520985574,-1.2855397102232704,0.200083410798803,0.0,0.0,0.0,1.0,1.0,0.0,0.0,1.0,0.0,
-0.49976262181859127,-0.8798147876137133,0.5175958166254464,1.0,0.0,0.0,0.0,0.0,0.0,1.0,1.0,0.0,
-1.0566349507899715,-0.0043031125088798085,-0.5936976037678053,0.0,0.0,0.0,1.0,0.0,1.0,0.0,0.0,1.0,
-0.7225115534071435,-0.9865845040899126,-0.5936976037678053,0.0,0.0,1.0,0.0,0.0,1.0,0.0,1.0,0.0,
-0.7781987863042813,1.2128716553197911,0.8724626231375772,1.0,0.0,0.0,0.0,1.0,0.0,0.0,1.0,0.0,
-0.7781987863042813,-0.9438766174994329,-0.5936976037678053,1.0,0.0,0.0,0.0,0.0,0.0,1.0,1.0,0.0,
-0.10995199153862524,0.7430849028245147,1.1806364287928486,0.0,0.0,0.0,1.0,0.0,0.0,1.0,1.0,0.0,
0.11279694004992687,0.10246660396731941,-0.5936976037678053,0.0,0.0,0.0,1.0,0.0,1.0,0.0,1.0,0.0,
2.897158584906827,1.0633940522531122,-0.5936976037678053,0.0,1.0,0.0,0.0,1.0,0.0,0.0,1.0,0.0,
-0.5554498547157294,-0.7303371845470344,-0.5936976037678053,0.0,1.0,0.0,0.0,0.0,1.0,0.0,1.0,0.0,
-0.9452604849956954,-1.0079384473851525,0.3028080126838935,0.0,0.0,0.0,1.0,1.0,0.0,0.0,1.0,0.0,
0.2798586387413408,0.1451744905577991,0.6950292198815118,1.0,0.0,0.0,0.0,1.0,0.0,0.0,1.0,0.0,
0.5582948032270308,0.9993322223673928,0.4802414159399589,1.0,0.0,0.0,0.0,0.0,0.0,1.0,1.0,0.0,
1.3379160637869632,0.7430849028245147,1.8716928414743665,0.0,0.0,1.0,0.0,1.0,0.0,0.0,1.0,0.0,
-1.1123221836871096,1.4050571449769498,-0.5936976037678053,0.0,1.0,0.0,0.0,1.0,0.0,0.0,1.0,0.0,
1.393603296684101,1.6826584078150677,1.3393926317061704,0.0,1.0,0.0,0.0,1.0,0.0,0.0,1.0,0.0,
-0.3883881560243153,1.8534899541769865,-0.5936976037678053,1.0,0.0,0.0,0.0,1.0,0.0,0.0,1.0,0.0,
0.3355458716384789,-0.47408986500415634,-0.5936976037678053,0.0,0.0,1.0,0.0,0.0,1.0,0.0,1.0,0.0,
-0.16563922443576332,0.38006786680543736,-0.5936976037678053,0.0,1.0,0.0,0.0,0.0,1.0,0.0,1.0,0.0,
0.5582948032270308,2.301922763377023,-0.5936976037678053,1.0,0.0,0.0,0.0,0.0,0.0,1.0,0.0,1.0,
-0.16563922443576332,-0.7730450711375142,-0.5936976037678053,0.0,0.0,0.0,1.0,1.0,0.0,0.0,1.0,0.0,
-1.0009477178928334,-1.3282475968137502,-0.5936976037678053,1.0,0.0,0.0,0.0,1.0,0.0,0.0,1.0,0.0,
0.948105433506997,-0.0043031125088798085,1.6102120366759545,0.0,1.0,0.0,0.0,1.0,0.0,0.0,1.0,0.0,
-0.6668243205100054,0.294652093624478,0.7697380212524867,1.0,0.0,0.0,0.0,0.0,0.0,1.0,1.0,0.0,
-0.05426475864148731,-0.6662753546613149,0.7230450203956273,0.0,0.0,1.0,0.0,0.0,1.0,0.0,1.0,0.0,
-0.16563922443576332,-0.6876292979565548,0.891139823480321,0.0,0.0,1.0,0.0,0.0,1.0,0.0,1.0,0.0,
-0.22132645733290124,0.35871392351019754,-0.5936976037678053,0.0,0.0,1.0,0.0,1.0,0.0,0.0,1.0,0.0,
-0.5554498547157294,-0.28190437534699775,-0.5936976037678053,1.0,0.0,0.0,0.0,1.0,0.0,0.0,1.0,0.0,
-1.0009477178928334,0.9993322223673928,-0.5936976037678053,0.0,1.0,0.0,0.0,1.0,0.0,0.0,1.0,0.0,
-1.0009477178928334,1.5758886913388686,2.805552858611553,0.0,1.0,0.0,0.0,0.0,0.0,1.0,1.0,0.0,
0.11279694004992687,-0.5808595814803555,-0.5936976037678053,1.0,0.0,0.0,0.0,0.0,0.0,1.0,1.0,0.0,
-0.7225115534071435,-0.6662753546613149,1.1993136291355924,0.0,1.0,0.0,0.0,0.0,1.0,0.0,1.0,0.0,
-0.33270092312717736,-0.8584608443184735,-0.5936976037678053,0.0,0.0,1.0,0.0,1.0,0.0,0.0,1.0,0.0,
-1.0009477178928334,-1.4136633699947094,-0.5936976037678053,1.0,0.0,0.0,0.0,1.0,0.0,0.0,1.0,0.0,
1.7834139269640672,0.700377016234035,-0.5936976037678053,1.0,0.0,0.0,0.0,1.0,0.0,0.0,1.0,0.0,
-0.8338860192014194,-0.26055043205175793,-0.5936976037678053,0.0,0.0,1.0,0.0,0.0,1.0,0.0,1.0,0.0,
-0.16563922443576332,0.6363151863483155,-0.5936976037678053,0.0,0.0,0.0,1.0,0.0,0.0,1.0,1.0,0.0,
-1.0566349507899715,-1.1147081638613516,0.3028080126838935,1.0,0.0,0.0,0.0,1.0,0.0,0.0,1.0,0.0,
-0.10995199153862524,-0.02565705580411965,1.4701330341053764,0.0,1.0,0.0,0.0,0.0,1.0,0.0,1.0,0.0,
2.2289117901411712,2.045675443834145,-0.5936976037678053,0.0,0.0,1.0,0.0,0.0,1.0,0.0,1.0,0.0,
0.7253565019184448,0.35871392351019754,-0.5936976037678053,0.0,1.0,0.0,0.0,1.0,0.0,0.0,1.0,0.0,
-0.5554498547157294,-0.5808595814803555,-0.5936976037678053,0.0,1.0,0.0,0.0,0.0,1.0,0.0,1.0,0.0,
0.892418200609859,2.1310912170151046,-0.5936976037678053,0.0,0.0,1.0,0.0,0.0,0.0,1.0,0.0,1.0,
0.5026075703298928,2.5581700829199012,-0.5936976037678053,1.0,0.0,0.0,0.0,1.0,0.0,0.0,1.0,0.0,
2.7300968862154136,2.0670293871293848,-0.5936976037678053,0.0,1.0,0.0,0.0,0.0,1.0,0.0,1.0,0.0,
-0.49976262181859127,0.31600603691971785,-0.5936976037678053,0.0,0.0,0.0,1.0,0.0,1.0,0.0,1.0,0.0,
2.674409653318275,1.4904729181579093,-0.5936976037678053,0.0,1.0,0.0,0.0,1.0,0.0,0.0,1.0,0.0,
0.2798586387413408,-0.7089832412517946,-0.5936976037678053,0.0,1.0,0.0,0.0,1.0,0.0,0.0,1.0,0.0,
3.231281982289655,1.3409953150912304,1.5261646351336076,0.0,1.0,0.0,0.0,1.0,0.0,0.0,1.0,0.0,
1.0037926664041348,0.40142181010067723,1.9464016428453415,1.0,0.0,0.0,0.0,1.0,0.0,0.0,1.0,0.0,
0.057109707152788805,2.451400366443702,1.6475664373614418,0.0,0.0,1.0,0.0,0.0,0.0,1.0,1.0,0.0,
-0.7781987863042813,0.05975871737683972,-0.5936976037678053,0.0,0.0,1.0,0.0,0.0,1.0,0.0,1.0,0.0,
-0.22132645733290124,-0.794399014432754,-0.5936976037678053,0.0,0.0,0.0,1.0,1.0,0.0,0.0,1.0,0.0,
-0.3883881560243153,-0.36732014852795714,-0.5936976037678053,1.0,0.0,0.0,0.0,0.0,1.0,0.0,1.0,0.0,
-0.7225115534071435,-0.28190437534699775,-0.5936976037678053,0.0,0.0,1.0,0.0,0.0,1.0,0.0,1.0,0.0,
1.0594798993012728,1.36234925838647,-0.5936976037678053,0.0,1.0,0.0,0.0,1.0,0.0,0.0,1.0,0.0,
0.892418200609859,-0.26055043205175793,-0.5936976037678053,1.0,0.0,0.0,0.0,0.0,1.0,0.0,1.0,0.0,
-0.05426475864148731,0.6363151863483155,-0.5936976037678053,0.0,1.0,0.0,0.0,1.0,0.0,0.0,1.0,0.0,
-0.33270092312717736,0.35871392351019754,-0.5936976037678053,0.0,0.0,0.0,1.0,0.0,1.0,0.0,1.0,0.0,
0.11279694004992687,-0.794399014432754,-0.5936976037678053,1.0,0.0,0.0,0.0,0.0,0.0,1.0,1.0,0.0,
-0.10995199153862524,-0.04701099909935949,-0.5936976037678053,0.0,0.0,0.0,1.0,0.0,0.0,1.0,1.0,0.0,
-1.0566349507899715,-0.9865845040899126,-0.5936976037678053,0.0,0.0,1.0,0.0,0.0,1.0,0.0,0.0,1.0,
-0.2770136902300393,-0.9652305607946727,0.816431022109346,0.0,0.0,1.0,0.0,1.0,0.0,0.0,1.0,0.0,
0.3355458716384789,-0.06836494239459934,-0.5936976037678053,0.0,0.0,0.0,1.0,1.0,0.0,0.0,0.0,1.0,
-0.7225115534071435,-0.794399014432754,0.25611501182703417,0.0,1.0,0.0,0.0,1.0,0.0,0.0,1.0,0.0,
-0.16563922443576332,-0.26055043205175793,1.1246048277646175,0.0,1.0,0.0,0.0,0.0,0.0,1.0,1.0,0.0,
-0.6111370876128674,-0.28190437534699775,-0.5936976037678053,0.0,0.0,1.0,0.0,0.0,0.0,1.0,1.0,0.0,
1.115167132198411,0.700377016234035,-0.5936976037678053,1.0,0.0,0.0,0.0,1.0,0.0,0.0,1.0,0.0,
-0.33270092312717736,-0.9225226742041931,-0.5936976037678053,0.0,0.0,1.0,0.0,1.0,0.0,0.0,1.0,0.0,
-0.8338860192014194,-0.23919648875651808,-0.5936976037678053,0.0,0.0,1.0,0.0,0.0,0.0,1.0,1.0,0.0,
0.7810437348155829,2.0670293871293848,-0.5936976037678053,0.0,0.0,1.0,0.0,0.0,1.0,0.0,1.0,0.0,
-0.6111370876128674,-0.6662753546613149,1.2179908294783361,0.0,0.0,0.0,1.0,0.0,1.0,0.0,1.0,0.0,
-0.2770136902300393,0.1451744905577991,0.36817821388349653,0.0,0.0,1.0,0.0,1.0,0.0,0.0,1.0,0.0,
-0.05426475864148731,0.42277575339591705,-0.5936976037678053,0.0,1.0,0.0,0.0,1.0,0.0,0.0,1.0,0.0,
-0.05426475864148731,-0.9225226742041931,0.34016241336938097,1.0,0.0,0.0,0.0,0.0,1.0,0.0,1.0,0.0,
-0.7225115534071435,-1.3923094266994696,-0.5936976037678053,0.0,0.0,0.0,1.0,0.0,0.0,1.0,1.0,0.0,
-0.9452604849956954,-1.1147081638613516,-0.5936976037678053,0.0,1.0,0.0,0.0,1.0,0.0,0.0,1.0,0.0,
-1.0566349507899715,-1.4136633699947094,-0.5936976037678053,1.0,0.0,0.0,0.0,0.0,1.0,0.0,1.0,0.0,
-0.05426475864148731,-0.9225226742041931,-0.5936976037678053,1.0,0.0,0.0,0.0,0.0,0.0,1.0,1.0,0.0,
1.8558073297303466,1.8748438974722264,-0.5936976037678053,0.0,0.0,1.0,0.0,0.0,1.0,0.0,0.0,1.0,
-0.10995199153862524,0.48683758328163657,0.32148521302663724,0.0,1.0,0.0,0.0,0.0,1.0,0.0,1.0,0.0,
0.2798586387413408,0.20923632044351861,-0.5936976037678053,0.0,1.0,0.0,0.0,1.0,0.0,0.0,1.0,0.0,
-0.10995199153862524,-0.5381516948898759,-0.5936976037678053,1.0,0.0,0.0,0.0,0.0,0.0,1.0,1.0,0.0,
0.11279694004992687,-0.7303371845470344,0.7884152215952304,0.0,0.0,1.0,0.0,0.0,0.0,1.0,1.0,0.0,
0.5026075703298928,1.8321360108817466,-0.5936976037678053,1.0,0.0,0.0,0.0,1.0,0.0,0.0,1.0,0.0,
-0.10995199153862524,-0.9225226742041931,0.4242098149117277,0.0,0.0,0.0,1.0,1.0,0.0,0.0,1.0,0.0,
-1.0009477178928334,0.08111266067207956,-0.5936976037678053,1.0,0.0,0.0,0.0,0.0,1.0,0.0,1.0,0.0,
0.0014224742556507477,-0.02565705580411965,-0.5936976037678053,0.0,0.0,1.0,0.0,0.0,1.0,0.0,1.0,0.0,
-0.7225115534071435,-1.0720002772708719,-0.5936976037678053,0.0,1.0,0.0,0.0,0.0,0.0,1.0,1.0,0.0,
-0.10995199153862524,-0.516797751594636,-0.5936976037678053,0.0,0.0,0.0,1.0,0.0,0.0,1.0,1.0,0.0,
-0.2770136902300393,0.1451744905577991,-0.5936976037678053,0.0,0.0,1.0,0.0,1.0,0.0,0.0,1.0,0.0,
-0.7225115534071435,-0.32461226193747744,0.891139823480321,1.0,0.0,0.0,0.0,0.0,0.0,1.0,1.0,0.0,
-0.3883881560243153,-0.6876292979565548,-0.5936976037678053,1.0,0.0,0.0,0.0,0.0,1.0,0.0,1.0,0.0,
-0.6668243205100054,-1.2855397102232704,-0.5936976037678053,0.0,0.0,0.0,1.0,1.0,0.0,0.0,1.0,0.0,
0.5582948032270308,0.5722533564625959,0.4802414159399589,0.0,0.0,0.0,1.0,0.0,1.0,0.0,1.0,0.0,
-1.0566349507899715,-0.6662753546613149,-0.5936976037678053,0.0,0.0,1.0,0.0,0.0,1.0,0.0,1.0,0.0,
0.5582948032270308,2.6649397993961004,3.683381274720508,0.0,1.0,0.0,0.0,1.0,0.0,0.0,1.0,0.0,
0.3355458716384789,-0.21784254546127824,-0.5936976037678053,0.0,0.0,1.0,0.0,0.0,0.0,1.0,1.0,0.0,
-0.2770136902300393,-0.21784254546127824,-0.5936976037678053,1.0,0.0,0.0,0.0,0.0,0.0,1.0,1.0,0.0,
0.892418200609859,0.6149612430530756,-0.5936976037678053,0.0,1.0,0.0,0.0,0.0,0.0,1.0,1.0,0.0,
-0.6111370876128674,-0.43138197841367665,0.5175958166254464,0.0,0.0,0.0,1.0,1.0,0.0,0.0,1.0,0.0,
0.11279694004992687,-0.11107282898507902,1.6475664373614418,0.0,0.0,0.0,1.0,1.0,0.0,0.0,1.0,0.0,
-0.49976262181859127,-0.7516911278422743,-0.5936976037678053,0.0,1.0,0.0,0.0,1.0,0.0,0.0,1.0,0.0,
-0.49976262181859127,-0.9225226742041931,0.5269344167968182,1.0,0.0,0.0,0.0,0.0,0.0,1.0,1.0,0.0,
1.0594798993012728,1.789428124291267,-0.5936976037678053,1.0,0.0,0.0,0.0,0.0,0.0,1.0,1.0,0.0,
-0.05426475864148731,-0.516797751594636,-0.5936976037678053,0.0,0.0,0.0,1.0,0.0,0.0,1.0,1.0,0.0,
-0.8338860192014194,-0.3459662052327173,-0.5936976037678053,0.0,0.0,1.0,0.0,0.0,0.0,1.0,0.0,1.0,
-1.0009477178928334,-0.1537807155755587,-0.5936976037678053,1.0,0.0,0.0,0.0,0.0,1.0,0.0,1.0,0.0,
0.057109707152788805,-0.3032583186422376,-0.5936976037678053,0.0,0.0,1.0,0.0,0.0,0.0,1.0,1.0,0.0,
3.0642202835982415,2.344630649967503,3.4032232695793523,0.0,0.0,0.0,1.0,0.0,1.0,0.0,1.0,0.0,
-0.33270092312717736,2.2805688200817835,-0.5936976037678053,0.0,1.0,0.0,0.0,0.0,1.0,0.0,1.0,0.0,
-0.2770136902300393,0.294652093624478,-0.5936976037678053,1.0,0.0,0.0,0.0,0.0,0.0,1.0,1.0,0.0,
2.618722420421137,2.088383330424625,1.4794716342767482,0.0,1.0,0.0,0.0,1.0,0.0,0.0,1.0,0.0,
0.0014224742556507477,-0.04701099909935949,1.161959228450105,0.0,0.0,0.0,1.0,0.0,0.0,1.0,1.0,0.0,
0.3355458716384789,2.2165069901960637,-0.5936976037678053,1.0,0.0,0.0,0.0,0.0,0.0,1.0,1.0,0.0,
0.0014224742556507477,-0.7516911278422743,-0.5936976037678053,0.0,0.0,0.0,1.0,0.0,1.0,0.0,1.0,0.0,
0.37452693466647535,-0.11107282898507902,-0.5936976037678053,0.0,0.0,1.0,0.0,0.0,1.0,0.0,1.0,0.0,
-1.1123221836871096,-1.200123937042311,0.200083410798803,0.0,1.0,0.0,0.0,0.0,0.0,1.0,1.0,0.0,
0.1684841729470647,-0.4527359217089165,-0.5936976037678053,0.0,0.0,1.0,0.0,1.0,0.0,0.0,1.0,0.0,
-0.18234539430490473,-0.6876292979565548,-0.5936976037678053,0.0,1.0,0.0,0.0,0.0,1.0,0.0,1.0,0.0,
-0.5554498547157294,-0.4954438082993962,-0.5936976037678053,0.0,1.0,0.0,0.0,0.0,0.0,1.0,1.0,0.0,
1.1708543650955487,1.8321360108817466,4.159649883460473,1.0,0.0,0.0,0.0,1.0,0.0,0.0,1.0,0.0,
-0.9452604849956954,-0.36732014852795714,-0.5936976037678053,0.0,0.0,1.0,0.0,0.0,0.0,1.0,1.0,0.0,
-0.8895732520985574,-0.9865845040899126,-0.5936976037678053,0.0,0.0,0.0,1.0,0.0,1.0,0.0,1.0,0.0,
1.254385214441256,2.0243215005389055,2.375977250728447,0.0,0.0,0.0,1.0,1.0,0.0,0.0,0.0,1.0,
-0.7225115534071435,-0.21784254546127824,0.3775168140548684,0.0,0.0,1.0,0.0,0.0,1.0,0.0,1.0,0.0,
1.0037926664041348,0.16652843385303895,0.45222561542584333,0.0,1.0,0.0,0.0,0.0,0.0,1.0,1.0,0.0,
-1.0566349507899715,0.08111266067207956,-0.5936976037678053,1.0,0.0,0.0,0.0,1.0,0.0,0.0,1.0,0.0,
-0.7225115534071435,-0.32461226193747744,0.7323836205669992,0.0,0.0,1.0,0.0,0.0,1.0,0.0,1.0,0.0,
-0.49976262181859127,-0.794399014432754,-0.5936976037678053,1.0,0.0,0.0,0.0,0.0,0.0,1.0,1.0,0.0,
0.22417140584420273,-0.5595056381851157,-0.5936976037678053,0.0,0.0,1.0,0.0,0.0,1.0,0.0,1.0,0.0,
0.5026075703298928,1.1701637687293116,-0.5936976037678053,0.0,0.0,1.0,0.0,0.0,1.0,0.0,1.0,0.0,
-0.7781987863042813,-1.0720002772708719,-0.5936976037678053,0.0,0.0,0.0,1.0,1.0,0.0,0.0,1.0,0.0,
0.057109707152788805,-0.32461226193747744,1.4327786334198889,0.0,0.0,0.0,1.0,0.0,0.0,1.0,1.0,0.0,
0.4469203374327547,-0.23919648875651808,1.3207154313634266,0.0,0.0,1.0,0.0,1.0,0.0,0.0,1.0,0.0,
0.5026075703298928,2.2165069901960637,-0.5936976037678053,1.0,0.0,0.0,0.0,0.0,0.0,1.0,1.0,0.0,
-0.3883881560243153,-0.43138197841367665,1.6102120366759545,1.0,0.0,0.0,0.0,0.0,1.0,0.0,1.0,0.0,
0.4469203374327547,-0.6876292979565548,-0.5936976037678053,1.0,0.0,0.0,0.0,0.0,1.0,0.0,1.0,0.0,
-0.6668243205100054,-0.3459662052327173,0.891139823480321,0.0,0.0,1.0,0.0,1.0,0.0,0.0,1.0,0.0,
0.0014224742556507477,0.20923632044351861,-0.5936976037678053,0.0,0.0,1.0,0.0,0.0,1.0,0.0,1.0,0.0,
-0.7225115534071435,-0.7730450711375142,0.956510024679924,0.0,1.0,0.0,0.0,0.0,1.0,0.0,1.0,0.0,
-0.4440753889214534,0.7644388461197545,1.7502910392465323,0.0,1.0,0.0,0.0,0.0,0.0,1.0,1.0,0.0,
-0.8895732520985574,-0.9438766174994329,0.9098170238230646,0.0,0.0,0.0,1.0,0.0,1.0,0.0,1.0,0.0,
-0.4440753889214534,-0.3459662052327173,-0.5936976037678053,0.0,0.0,0.0,1.0,0.0,1.0,0.0,1.0,0.0,
-0.2770136902300393,1.234225598615031,-0.5936976037678053,1.0,0.0,0.0,0.0,0.0,0.0,1.0,1.0,0.0,
-0.5554498547157294,-0.7516911278422743,-0.5936976037678053,0.0,0.0,1.0,0.0,0.0,1.0,0.0,1.0,0.0,
-0.22132645733290124,-0.26055043205175793,-0.5936976037678053,0.0,1.0,0.0,0.0,0.0,0.0,1.0,1.0,0.0,
-0.49976262181859127,-0.6876292979565548,-0.5936976037678053,0.0,1.0,0.0,0.0,0.0,1.0,0.0,1.0,0.0,
1.839101159861205,1.2769334852055108,-0.5936976037678053,0.0,0.0,1.0,0.0,1.0,0.0,0.0,0.0,1.0,
-0.9452604849956954,-0.9652305607946727,-0.5936976037678053,0.0,0.0,0.0,1.0,0.0,1.0,0.0,1.0,0.0,
0.22417140584420273,-0.7730450711375142,-0.5936976037678053,1.0,0.0,0.0,0.0,1.0,0.0,0.0,1.0,0.0,
-0.4440753889214534,-0.26055043205175793,-0.5936976037678053,0.0,0.0,0.0,1.0,0.0,1.0,0.0,1.0,0.0,
-1.0009477178928334,-0.6876292979565548,-0.5936976037678053,1.0,0.0,0.0,0.0,1.0,0.0,0.0,1.0,0.0,
-0.05426475864148731,-0.6662753546613149,-0.5936976037678053,0.0,0.0,1.0,0.0,0.0,1.0,0.0,1.0,0.0,
-0.9452604849956954,-1.2855397102232704,-0.5936976037678053,0.0,1.0,0.0,0.0,1.0,0.0,0.0,1.0,0.0,
-1.0566349507899715,-1.0720002772708719,-0.5936976037678053,0.0,0.0,1.0,0.0,0.0,1.0,0.0,1.0,0.0,
-0.8895732520985574,-1.0933542205661118,0.7323836205669992,0.0,0.0,0.0,1.0,0.0,1.0,0.0,1.0,0.0,
0.7253565019184448,1.2769334852055108,-0.5936976037678053,0.0,1.0,0.0,0.0,1.0,0.0,0.0,0.0,1.0,
-1.0566349507899715,-1.1574160504518314,-0.5936976037678053,0.0,0.0,1.0,0.0,0.0,0.0,1.0,1.0,0.0,
3.3983436809810694,2.3232767066722633,2.235898248157869,1.0,0.0,0.0,0.0,1.0,0.0,0.0,1.0,0.0,
0.0014224742556507477,-0.794399014432754,-0.5936976037678053,0.0,0.0,0.0,1.0,0.0,1.0,0.0,1.0,0.0,
0.7810437348155829,0.16652843385303895,-0.5936976037678053,0.0,0.0,0.0,1.0,1.0,0.0,0.0,1.0,0.0,
-0.05426475864148731,0.33735998021495767,2.4787018526135376,0.0,0.0,0.0,1.0,0.0,1.0,0.0,1.0,0.0,
-0.5554498547157294,-0.6449214113660751,-0.5936976037678053,0.0,0.0,0.0,1.0,0.0,1.0,0.0,1.0,0.0,
0.948105433506997,0.42277575339591705,0.6950292198815118,0.0,0.0,1.0,0.0,0.0,1.0,0.0,1.0,0.0,
-0.2770136902300393,-0.4527359217089165,-0.5936976037678053,0.0,1.0,0.0,0.0,0.0,1.0,0.0,1.0,0.0,
1.672039461169791,1.6826584078150677,-0.5936976037678053,1.0,0.0,0.0,0.0,1.0,0.0,0.0,1.0,0.0,
-0.7225115534071435,-0.47408986500415634,0.6203204185105369,0.0,1.0,0.0,0.0,1.0,0.0,0.0,1.0,0.0,
0.11279694004992687,0.5508994131673561,-0.5936976037678053,0.0,0.0,0.0,1.0,0.0,1.0,0.0,1.0,0.0,
-0.8895732520985574,-1.3496015401089898,-0.5936976037678053,0.0,0.0,1.0,0.0,1.0,0.0,0.0,0.0,1.0,
-0.9452604849956954,-1.3282475968137502,-0.5936976037678053,1.0,0.0,0.0,0.0,1.0,0.0,0.0,1.0,0.0,
-0.9452604849956954,-1.1787699937470713,0.39619401439761215,0.0,1.0,0.0,0.0,1.0,0.0,0.0,1.0,0.0,
0.0014224742556507477,-0.5381516948898759,-0.5936976037678053,0.0,0.0,0.0,1.0,0.0,0.0,1.0,1.0,0.0,
-0.10995199153862524,-0.28190437534699775,0.5175958166254464,0.0,0.0,0.0,1.0,0.0,0.0,1.0,1.0,0.0,
-0.4440753889214534,-0.7089832412517946,-0.5936976037678053,1.0,0.0,0.0,0.0,0.0,1.0,0.0,1.0,0.0,
0.5026075703298928,0.18788237714827877,0.38685541422624026,1.0,0.0,0.0,0.0,0.0,0.0,1.0,1.0,0.0,
-0.05426475864148731,-0.6876292979565548,-0.5936976037678053,0.0,0.0,0.0,1.0,0.0,0.0,1.0,1.0,0.0,
-1.1123221836871096,-0.36732014852795714,-0.5936976037678053,1.0,0.0,0.0,0.0,0.0,1.0,0.0,1.0,0.0,
1.8947883927583433,0.7644388461197545,-0.5936976037678053,0.0,0.0,0.0,1.0,0.0,0.0,1.0,1.0,0.0,
-0.33270092312717736,2.301922763377023,-0.5936976037678053,0.0,1.0,0.0,0.0,1.0,0.0,0.0,1.0,0.0,
0.37452693466647535,-0.1537807155755587,-0.5936976037678053,1.0,0.0,0.0,0.0,0.0,1.0,0.0,1.0,0.0,
-0.16563922443576332,2.494108253034182,5.0188010992266845,1.0,0.0,0.0,0.0,1.0,0.0,0.0,1.0,0.0,
-0.6668243205100054,-1.0079384473851525,-0.5936976037678053,0.0,1.0,0.0,0.0,0.0,0.0,1.0,1.0,0.0,
0.4469203374327547,0.40142181010067723,2.516056253299025,1.0,0.0,0.0,0.0,0.0,1.0,0.0,1.0,0.0,
1.226541597992687,0.8498546193007139,-0.5936976037678053,0.0,1.0,0.0,0.0,0.0,0.0,1.0,0.0,1.0,
2.2289117901411712,1.8961978407674662,-0.5936976037678053,1.0,0.0,0.0,0.0,0.0,0.0,1.0,1.0,0.0,
1.4492905295812388,1.2769334852055108,0.25611501182703417,0.0,1.0,0.0,0.0,0.0,0.0,1.0,1.0,0.0,
0.1684841729470647,-0.47408986500415634,0.11603600925645623,0.0,0.0,1.0,0.0,1.0,0.0,0.0,1.0,0.0,
-0.22132645733290124,-0.516797751594636,0.5549502173109339,0.0,1.0,0.0,0.0,0.0,0.0,1.0,1.0,0.0,
0.5026075703298928,-0.1537807155755587,-0.5936976037678053,0.0,0.0,0.0,1.0,1.0,0.0,0.0,1.0,0.0,
-0.3883881560243153,0.977978279072153,-0.5936976037678053,0.0,1.0,0.0,0.0,1.0,0.0,0.0,1.0,0.0,
-0.05426475864148731,0.31600603691971785,0.39619401439761215,0.0,0.0,0.0,1.0,0.0,1.0,0.0,1.0,0.0,
0.057109707152788805,-0.23919648875651808,0.9378328243371802,0.0,0.0,0.0,1.0,0.0,0.0,1.0,1.0,0.0,
-0.7781987863042813,0.8285006760054741,-0.5936976037678053,1.0,0.0,0.0,0.0,1.0,0.0,0.0,1.0,0.0,
-0.49976262181859127,0.20923632044351861,1.3020382310206828,0.0,0.0,1.0,0.0,1.0,0.0,0.0,1.0,0.0,
-1.0566349507899715,-0.21784254546127824,0.23743781148429047,0.0,1.0,0.0,0.0,1.0,0.0,0.0,1.0,0.0,
2.2289117901411712,2.2592148767865434,-0.5936976037678053,1.0,0.0,0.0,0.0,1.0,0.0,0.0,0.0,1.0,
1.6163522282726532,0.10246660396731941,-0.5936976037678053,0.0,0.0,0.0,1.0,1.0,0.0,0.0,1.0,0.0,
2.7300968862154136,1.6826584078150677,-0.5936976037678053,0.0,1.0,0.0,0.0,1.0,0.0,0.0,1.0,0.0,
0.0014224742556507477,-0.4527359217089165,-0.5936976037678053,0.0,0.0,1.0,0.0,1.0,0.0,0.0,1.0,0.0,
-0.18234539430490473,-0.4954438082993962,-0.5936976037678053,0.0,0.0,0.0,1.0,0.0,0.0,1.0,1.0,0.0,
-0.8895732520985574,-1.1147081638613516,-0.5936976037678053,0.0,1.0,0.0,0.0,1.0,0.0,0.0,1.0,0.0,
-0.6668243205100054,0.7644388461197545,-0.5936976037678053,1.0,0.0,0.0,0.0,0.0,1.0,0.0,1.0,0.0,
2.618722420421137,2.2378609334913038,-0.5936976037678053,0.0,1.0,0.0,0.0,1.0,0.0,0.0,1.0,0.0,
-0.05426475864148731,-0.5808595814803555,-0.5936976037678053,0.0,1.0,0.0,0.0,0.0,1.0,0.0,1.0,0.0,
-0.9452604849956954,-0.28190437534699775,-0.5936976037678053,0.0,0.0,1.0,0.0,0.0,0.0,1.0,1.0,0.0,
1.3379160637869632,0.08111266067207956,-0.5936976037678053,0.0,0.0,1.0,0.0,1.0,0.0,0.0,1.0,0.0,
-1.0566349507899715,-0.9011687309089532,-0.5936976037678053,0.0,0.0,1.0,0.0,0.0,0.0,1.0,1.0,0.0,
1.2989350007589664,1.4050571449769498,-0.5936976037678053,0.0,1.0,0.0,0.0,1.0,0.0,0.0,1.0,0.0,
-0.8895732520985574,-1.0720002772708719,-0.5936976037678053,0.0,0.0,0.0,1.0,0.0,0.0,1.0,1.0,0.0,
2.7300968862154136,1.4050571449769498,-0.5936976037678053,0.0,1.0,0.0,0.0,1.0,0.0,0.0,1.0,0.0,
0.1684841729470647,-0.7730450711375142,-0.5936976037678053,0.0,0.0,1.0,0.0,1.0,0.0,0.0,1.0,0.0,
-0.49976262181859127,0.05975871737683972,-0.5936976037678053,0.0,0.0,1.0,0.0,1.0,0.0,0.0,1.0,0.0,
-0.33270092312717736,-0.9225226742041931,0.8818012233089491,1.0,0.0,0.0,0.0,0.0,0.0,1.0,1.0,0.0,
-1.0009477178928334,-0.6876292979565548,-0.5936976037678053,0.0,0.0,0.0,1.0,1.0,0.0,0.0,1.0,0.0,
3.0642202835982415,1.6613044645198278,-0.5936976037678053,0.0,1.0,0.0,0.0,1.0,0.0,0.0,1.0,0.0,
0.892418200609859,0.31600603691971785,-0.5936976037678053,1.0,0.0,0.0,0.0,0.0,1.0,0.0,1.0,0.0,
1.0037926664041348,1.2128716553197911,-0.5936976037678053,1.0,0.0,0.0,0.0,1.0,0.0,0.0,1.0,0.0,
-0.22132645733290124,0.12382054726255926,-0.5936976037678053,0.0,1.0,0.0,0.0,0.0,0.0,1.0,1.0,0.0,
0.11279694004992687,2.3232767066722633,5.121525701111775,0.0,0.0,0.0,1.0,0.0,0.0,1.0,1.0,0.0,
-1.0566349507899715,-1.1574160504518314,0.11603600925645623,1.0,0.0,0.0,0.0,0.0,1.0,0.0,1.0,0.0,
-0.6111370876128674,-1.3068936535185103,0.47090281576858706,0.0,0.0,1.0,0.0,0.0,0.0,1.0,1.0,0.0,
-0.18234539430490473,-0.43138197841367665,0.23743781148429047,0.0,0.0,0.0,1.0,0.0,0.0,1.0,1.0,0.0,
-0.5554498547157294,-1.2855397102232704,0.3495010135407528,0.0,1.0,0.0,0.0,0.0,1.0,0.0,1.0,0.0,
-0.10995199153862524,0.18788237714827877,-0.5936976037678053,0.0,0.0,0.0,1.0,0.0,1.0,0.0,1.0,0.0,
-0.8895732520985574,-1.1787699937470713,-0.5936976037678053,1.0,0.0,0.0,0.0,0.0,0.0,1.0,1.0,0.0,
-0.13779560798719429,-0.08971888568983918,-0.5936976037678053,0.0,1.0,0.0,0.0,0.0,0.0,1.0,1.0,0.0,
-0.3883881560243153,-0.7089832412517946,0.8351082224520897,0.0,0.0,0.0,1.0,0.0,0.0,1.0,1.0,0.0,
-0.7225115534071435,0.38006786680543736,-0.5936976037678053,0.0,1.0,0.0,0.0,0.0,1.0,0.0,1.0,0.0,
-0.8338860192014194,-0.7089832412517946,0.6016432181677931,1.0,0.0,0.0,0.0,0.0,0.0,1.0,1.0,0.0,
1.3379160637869632,1.1488098254340717,0.7137064202242555,0.0,0.0,0.0,1.0,1.0,0.0,0.0,1.0,0.0,
0.11279694004992687,2.045675443834145,4.719965893742785,0.0,1.0,0.0,0.0,0.0,1.0,0.0,1.0,0.0,
-0.7225115534071435,-1.1147081638613516,-0.5936976037678053,0.0,0.0,0.0,1.0,1.0,0.0,0.0,1.0,0.0,
-0.9452604849956954,-0.7730450711375142,1.0312188260508988,0.0,1.0,0.0,0.0,1.0,0.0,0.0,1.0,0.0,
1.1708543650955487,1.5545347480436287,-0.5936976037678053,0.0,0.0,1.0,0.0,1.0,0.0,0.0,1.0,0.0,
1.9504756256554812,1.789428124291267,-0.5936976037678053,1.0,0.0,0.0,0.0,0.0,0.0,1.0,0.0,1.0,
0.669669269021307,-0.36732014852795714,-0.5936976037678053,0.0,1.0,0.0,0.0,1.0,0.0,0.0,1.0,0.0,
0.5582948032270308,0.10246660396731941,-0.5936976037678053,1.0,0.0,0.0,0.0,0.0,0.0,1.0,1.0,0.0,
-0.9452604849956954,-1.1787699937470713,0.31214661285526535,0.0,0.0,0.0,1.0,1.0,0.0,0.0,1.0,0.0,
-0.8338860192014194,-0.7516911278422743,-0.5936976037678053,1.0,0.0,0.0,0.0,0.0,0.0,1.0,1.0,0.0,
-0.8895732520985574,-1.1787699937470713,-0.5936976037678053,0.0,0.0,0.0,1.0,0.0,0.0,1.0,1.0,0.0,
0.7253565019184448,0.9139164491864334,-0.5936976037678053,0.0,1.0,0.0,0.0,1.0,0.0,0.0,1.0,0.0,
-0.9452604849956954,-0.08971888568983918,1.077911826907758,0.0,0.0,1.0,0.0,0.0,0.0,1.0,1.0,0.0,
0.7253565019184448,0.6363151863483155,-0.5936976037678053,0.0,1.0,0.0,0.0,1.0,0.0,0.0,1.0,0.0,
0.39123310453561694,1.4477650315674295,1.358069832048914,0.0,1.0,0.0,0.0,0.0,0.0,1.0,1.0,0.0,
0.057109707152788805,-0.47408986500415634,-0.5936976037678053,0.0,0.0,0.0,1.0,0.0,0.0,1.0,1.0,0.0,
-0.6111370876128674,-1.200123937042311,-0.5936976037678053,0.0,0.0,0.0,1.0,0.0,1.0,0.0,1.0,0.0,
1.115167132198411,0.6363151863483155,2.4973790529562816,1.0,0.0,0.0,0.0,1.0,0.0,0.0,1.0,0.0,
0.948105433506997,0.12382054726255926,-0.5936976037678053,0.0,1.0,0.0,0.0,1.0,0.0,0.0,1.0,0.0,
0.4469203374327547,0.31600603691971785,-0.5936976037678053,1.0,0.0,0.0,0.0,1.0,0.0,0.0,1.0,0.0,
0.11279694004992687,-0.4954438082993962,-0.5936976037678053,0.0,1.0,0.0,0.0,0.0,0.0,1.0,1.0,0.0,
-0.3883881560243153,0.8498546193007139,0.3495010135407528,0.0,1.0,0.0,0.0,1.0,0.0,0.0,1.0,0.0,
-0.8895732520985574,-1.1574160504518314,0.5549502173109339,0.0,0.0,0.0,1.0,0.0,1.0,0.0,1.0,0.0,
-0.33270092312717736,-1.1574160504518314,0.5736274176536775,0.0,1.0,0.0,0.0,0.0,0.0,1.0,1.0,0.0,
-0.6111370876128674,-0.8798147876137133,0.44288701525447144,0.0,0.0,1.0,0.0,0.0,0.0,1.0,1.0,0.0,
0.11279694004992687,-0.23919648875651808,-0.5936976037678053,0.0,0.0,1.0,0.0,0.0,0.0,1.0,1.0,0.0,
-0.10995199153862524,0.27329815032923815,2.385315850899819,0.0,1.0,0.0,0.0,0.0,1.0,0.0,1.0,0.0,
0.8367309677127209,0.8498546193007139,-0.5936976037678053,1.0,0.0,0.0,0.0,1.0,0.0,0.0,1.0,0.0,
-0.6111370876128674,-0.5595056381851157,-0.5936976037678053,0.0,0.0,1.0,0.0,0.0,0.0,1.0,0.0,1.0,
-0.7781987863042813,-1.1574160504518314,0.3495010135407528,1.0,0.0,0.0,0.0,0.0,0.0,1.0,1.0,0.0,
-0.5554498547157294,-0.9011687309089532,-0.5936976037678053,1.0,0.0,0.0,0.0,1.0,0.0,0.0,1.0,0.0,
0.37452693466647535,-0.3032583186422376,-0.5936976037678053,0.0,0.0,1.0,0.0,1.0,0.0,0.0,1.0,0.0,
-0.8895732520985574,-1.1574160504518314,0.23743781148429047,0.0,0.0,0.0,1.0,0.0,1.0,0.0,1.0,0.0,
2.0618500914497573,1.2555795419102709,0.7697380212524867,1.0,0.0,0.0,0.0,1.0,0.0,0.0,1.0,0.0,
-0.10995199153862524,-0.6449214113660751,-0.5936976037678053,1.0,0.0,0.0,0.0,0.0,1.0,0.0,1.0,0.0,
-0.33270092312717736,-1.1574160504518314,-0.5936976037678053,0.0,1.0,0.0,0.0,0.0,1.0,0.0,1.0,0.0,
-1.0566349507899715,-0.9225226742041931,-0.5936976037678053,0.0,0.0,1.0,0.0,0.0,0.0,1.0,1.0,0.0,
0.2798586387413408,-0.36732014852795714,-0.5936976037678053,1.0,0.0,0.0,0.0,1.0,0.0,0.0,1.0,0.0,
1.560664995375515,1.2769334852055108,-0.5936976037678053,0.0,0.0,1.0,0.0,0.0,1.0,0.0,0.0,1.0,
-0.7225115534071435,-1.1360621071565915,-0.5936976037678053,0.0,0.0,0.0,1.0,0.0,1.0,0.0,1.0,0.0,
1.8947883927583433,1.234225598615031,1.3860856325630297,1.0,0.0,0.0,0.0,1.0,0.0,0.0,1.0,0.0,
-0.33270092312717736,0.5081915265768764,1.8716928414743665,0.0,1.0,0.0,0.0,1.0,0.0,0.0,1.0,0.0,
-0.7225115534071435,-0.36732014852795714,1.572857635990467,0.0,0.0,0.0,1.0,0.0,0.0,1.0,1.0,0.0,
-0.8338860192014194,-0.9011687309089532,-0.5936976037678053,0.0,0.0,1.0,0.0,0.0,1.0,0.0,1.0,0.0,
-1.0566349507899715,-1.1574160504518314,-0.5936976037678053,0.0,0.0,1.0,0.0,0.0,1.0,0.0,0.0,1.0,
-0.33270092312717736,1.4264110882721897,-0.5936976037678053,1.0,0.0,0.0,0.0,0.0,1.0,0.0,1.0,0.0,
-0.16563922443576332,-0.7303371845470344,-0.5936976037678053,0.0,0.0,0.0,1.0,0.0,1.0,0.0,1.0,0.0,
-0.3883881560243153,-0.7516911278422743,0.9938644253654114,0.0,0.0,0.0,1.0,0.0,0.0,1.0,1.0,0.0,
0.057109707152788805,-0.13242677228031888,-0.5936976037678053,0.0,0.0,1.0,0.0,1.0,0.0,0.0,1.0,0.0,
-0.5554498547157294,-0.6876292979565548,0.9471714245085521,0.0,0.0,1.0,0.0,0.0,1.0,0.0,0.0,1.0,
1.3379160637869632,0.5508994131673561,0.17206761028468742,0.0,0.0,1.0,0.0,0.0,1.0,0.0,1.0,0.0,
3.3426564480839316,1.810782067586507,-0.5936976037678053,0.0,0.0,0.0,1.0,0.0,0.0,1.0,1.0,0.0,
0.057109707152788805,0.1451744905577991,-0.5936976037678053,0.0,0.0,0.0,1.0,0.0,0.0,1.0,1.0,0.0,
0.0014224742556507477,-0.32461226193747744,-0.5936976037678053,0.0,0.0,0.0,1.0,0.0,1.0,0.0,1.0,0.0,
0.11279694004992687,-0.36732014852795714,-0.5936976037678053,0.0,0.0,0.0,1.0,0.0,1.0,0.0,1.0,0.0,
-0.10995199153862524,-0.0043031125088798085,-0.5936976037678053,0.0,1.0,0.0,0.0,0.0,1.0,0.0,1.0,0.0,
-0.10995199153862524,-0.6449214113660751,-0.5936976037678053,1.0,0.0,0.0,0.0,1.0,0.0,0.0,1.0,0.0,
-0.6111370876128674,1.4904729181579093,-0.5936976037678053,1.0,0.0,0.0,0.0,1.0,0.0,0.0,1.0,0.0,
0.057109707152788805,-0.43138197841367665,0.4148712147403559,0.0,0.0,0.0,1.0,1.0,0.0,0.0,1.0,0.0,
-0.05426475864148731,1.38370320168171,-0.5936976037678053,1.0,0.0,0.0,0.0,0.0,0.0,1.0,1.0,0.0,
2.7300968862154136,1.3409953150912304,-0.5936976037678053,0.0,0.0,1.0,0.0,0.0,1.0,0.0,1.0,0.0,
2.3959734888325848,1.2555795419102709,-0.5936976037678053,0.0,1.0,0.0,0.0,1.0,0.0,0.0,1.0,0.0,
0.2798586387413408,-0.7303371845470344,-0.5936976037678053,0.0,0.0,0.0,1.0,1.0,0.0,0.0,1.0,0.0,
-0.7225115534071435,-1.1787699937470713,-0.5936976037678053,0.0,0.0,1.0,0.0,0.0,1.0,0.0,1.0,0.0,
3.3426564480839316,1.36234925838647,-0.5936976037678053,0.0,1.0,0.0,0.0,1.0,0.0,0.0,1.0,0.0,
-0.05426475864148731,0.700377016234035,-0.5936976037678053,0.0,0.0,0.0,1.0,0.0,1.0,0.0,1.0,0.0,
-0.9452604849956954,-1.1360621071565915,-0.5936976037678053,1.0,0.0,0.0,0.0,0.0,0.0,1.0,1.0,0.0,
-0.33270092312717736,-0.11107282898507902,-0.5936976037678053,0.0,0.0,1.0,0.0,0.0,0.0,1.0,1.0,0.0,
-0.3883881560243153,-0.9652305607946727,-0.5936976037678053,0.0,0.0,1.0,0.0,0.0,1.0,0.0,1.0,0.0,
0.1684841729470647,-0.4527359217089165,-0.5936976037678053,0.0,0.0,0.0,1.0,0.0,0.0,1.0,1.0,0.0,
-0.9452604849956954,-0.13242677228031888,-0.5936976037678053,1.0,0.0,0.0,0.0,1.0,0.0,0.0,1.0,0.0,
0.1684841729470647,-0.3032583186422376,1.2086522293069644,0.0,1.0,0.0,0.0,0.0,0.0,1.0,1.0,0.0,
-0.8895732520985574,1.7680741809960272,-0.5936976037678053,0.0,0.0,1.0,0.0,0.0,1.0,0.0,0.0,1.0,
2.3959734888325848,0.5722533564625959,-0.5936976037678053,0.0,1.0,0.0,0.0,1.0,0.0,0.0,1.0,0.0,
-0.9452604849956954,-1.4350173132899493,0.31214661285526535,1.0,0.0,0.0,0.0,1.0,0.0,0.0,1.0,0.0,
-0.33270092312717736,-0.6876292979565548,0.6856906197101399,1.0,0.0,0.0,0.0,0.0,0.0,1.0,1.0,0.0,
1.2822288308898249,2.472754309738942,1.3207154313634266,0.0,1.0,0.0,0.0,0.0,0.0,1.0,1.0,0.0,
0.11279694004992687,-0.21784254546127824,-0.5936976037678053,0.0,0.0,0.0,1.0,1.0,0.0,0.0,1.0,0.0,
2.952845817803965,1.5972426346341084,1.2086522293069644,1.0,0.0,0.0,0.0,1.0,0.0,0.0,1.0,0.0,
0.6139820361241689,0.16652843385303895,-0.5936976037678053,0.0,0.0,0.0,1.0,1.0,0.0,0.0,1.0,0.0,
0.22417140584420273,-0.5381516948898759,-0.5936976037678053,0.0,0.0,1.0,0.0,0.0,1.0,0.0,1.0,0.0,
-0.6668243205100054,1.36234925838647,3.337853068379749,0.0,1.0,0.0,0.0,0.0,1.0,0.0,1.0,0.0,
0.4469203374327547,-0.3032583186422376,-0.5936976037678053,0.0,0.0,0.0,1.0,0.0,1.0,0.0,1.0,0.0,
-0.2770136902300393,-0.794399014432754,0.676352019538768,1.0,0.0,0.0,0.0,0.0,1.0,0.0,1.0,0.0,
-0.5554498547157294,-0.7730450711375142,-0.5936976037678053,0.0,0.0,1.0,0.0,0.0,1.0,0.0,1.0,0.0,
-1.0009477178928334,-1.0720002772708719,-0.5936976037678053,0.0,1.0,0.0,0.0,0.0,0.0,1.0,1.0,0.0,
0.057109707152788805,-0.7730450711375142,-0.5936976037678053,0.0,0.0,0.0,1.0,0.0,0.0,1.0,1.0,0.0,
0.5026075703298928,0.12382054726255926,0.6950292198815118,1.0,0.0,0.0,0.0,1.0,0.0,0.0,1.0,0.0,
0.892418200609859,0.16652843385303895,1.161959228450105,0.0,0.0,0.0,1.0,0.0,0.0,1.0,1.0,0.0,
-0.16563922443576332,0.33735998021495767,0.816431022109346,0.0,1.0,0.0,0.0,0.0,1.0,0.0,1.0,0.0,
-0.05426475864148731,-0.9011687309089532,0.7510608209097429,0.0,0.0,1.0,0.0,0.0,1.0,0.0,1.0,0.0,
-0.5554498547157294,-0.794399014432754,-0.5936976037678053,0.0,0.0,1.0,0.0,0.0,1.0,0.0,1.0,0.0,
-0.33270092312717736,-0.5381516948898759,0.45222561542584333,0.0,0.0,1.0,0.0,0.0,0.0,1.0,1.0,0.0,
-0.8895732520985574,-0.9652305607946727,0.8724626231375772,0.0,0.0,0.0,1.0,0.0,1.0,0.0,0.0,1.0,
2.674409653318275,0.9139164491864334,0.45222561542584333,0.0,1.0,0.0,0.0,1.0,0.0,0.0,1.0,0.0,
-1.0009477178928334,0.38006786680543736,-0.5936976037678053,0.0,1.0,0.0,0.0,1.0,0.0,0.0,1.0,0.0,
-0.05426475864148731,-0.3032583186422376,0.38685541422624026,0.0,1.0,0.0,0.0,0.0,1.0,0.0,1.0,0.0,
2.4516607217297235,1.6826584078150677,-0.5936976037678053,0.0,0.0,1.0,0.0,1.0,0.0,0.0,1.0,0.0,
0.22417140584420273,-0.3459662052327173,-0.5936976037678053,0.0,1.0,0.0,0.0,0.0,1.0,0.0,1.0,0.0,
-0.4440753889214534,-0.02565705580411965,-0.5936976037678053,1.0,0.0,0.0,0.0,1.0,0.0,0.0,1.0,0.0,
-1.0566349507899715,-0.7730450711375142,-0.5936976037678053,0.0,0.0,0.0,1.0,0.0,0.0,1.0,1.0,0.0,
-0.5554498547157294,-1.1147081638613516,-0.5936976037678053,0.0,1.0,0.0,0.0,0.0,1.0,0.0,1.0,0.0,
-0.7225115534071435,-0.6449214113660751,-0.5936976037678053,1.0,0.0,0.0,0.0,1.0,0.0,0.0,1.0,0.0,
-0.5554498547157294,0.05975871737683972,-0.5936976037678053,0.0,0.0,0.0,1.0,0.0,1.0,0.0,1.0,0.0,
-0.6668243205100054,-0.08971888568983918,-0.5936976037678053,0.0,1.0,0.0,0.0,0.0,0.0,1.0,1.0,0.0,
3.1199075164953793,1.917551784062706,0.8724626231375772,0.0,1.0,0.0,0.0,1.0,0.0,0.0,1.0,0.0,
-0.6668243205100054,-1.0933542205661118,-0.5936976037678053,0.0,1.0,0.0,0.0,0.0,0.0,1.0,1.0,0.0,
0.11279694004992687,1.1915177120245515,-0.5936976037678053,0.0,0.0,1.0,0.0,0.0,0.0,1.0,1.0,0.0,
-0.5554498547157294,-0.9865845040899126,-0.5936976037678053,0.0,0.0,1.0,0.0,0.0,1.0,0.0,1.0,0.0,
3.3983436809810694,2.3232767066722633,-0.5936976037678053,1.0,0.0,0.0,0.0,1.0,0.0,0.0,1.0,0.0,
-0.8895732520985574,-1.0933542205661118,-0.5936976037678053,0.0,0.0,1.0,0.0,1.0,0.0,0.0,1.0,0.0,
-0.9452604849956954,-0.794399014432754,1.1432820281073612,0.0,1.0,0.0,0.0,1.0,0.0,0.0,1.0,0.0,
-0.2770136902300393,-0.13242677228031888,0.13471320959919997,1.0,0.0,0.0,0.0,0.0,0.0,1.0,1.0,0.0,
-1.0566349507899715,-0.8584608443184735,0.47090281576858706,0.0,0.0,1.0,0.0,0.0,1.0,0.0,1.0,0.0,
-0.6111370876128674,1.1915177120245515,-0.5936976037678053,1.0,0.0,0.0,0.0,1.0,0.0,0.0,1.0,0.0,
1.4492905295812388,2.088383330424625,0.2280992113129186,1.0,0.0,0.0,0.0,0.0,1.0,0.0,0.0,1.0,
-1.0009477178928334,-0.47408986500415634,-0.5936976037678053,1.0,0.0,0.0,0.0,1.0,0.0,0.0,1.0,0.0,
0.892418200609859,0.05975871737683972,-0.5936976037678053,0.0,0.0,0.0,1.0,0.0,0.0,1.0,1.0,0.0,
-1.0566349507899715,-1.2855397102232704,-0.5936976037678053,1.0,0.0,0.0,0.0,0.0,1.0,0.0,1.0,0.0,
-0.8338860192014194,-0.32461226193747744,1.1059276274218737,0.0,0.0,1.0,0.0,0.0,1.0,0.0,1.0,0.0,
-0.2770136902300393,-0.26055043205175793,-0.5936976037678053,0.0,1.0,0.0,0.0,1.0,0.0,0.0,1.0,0.0,
3.6767798454667595,2.2378609334913038,-0.5936976037678053,1.0,0.0,0.0,0.0,1.0,0.0,0.0,1.0,0.0,
2.4126796587017267,1.7040123511103076,-0.5936976037678053,1.0,0.0,0.0,0.0,1.0,0.0,0.0,1.0,0.0,
-0.18234539430490473,-0.47408986500415634,0.7323836205669992,0.0,0.0,0.0,1.0,0.0,0.0,1.0,1.0,0.0,
-0.22132645733290124,0.33735998021495767,0.5829660178250494,0.0,0.0,1.0,0.0,1.0,0.0,0.0,1.0,0.0,
-0.10995199153862524,0.48683758328163657,-0.5936976037678053,0.0,0.0,1.0,0.0,0.0,1.0,0.0,1.0,0.0,
3.1199075164953793,1.4050571449769498,0.26545361199840606,0.0,1.0,0.0,0.0,1.0,0.0,0.0,1.0,0.0,
0.11279694004992687,0.1451744905577991,-0.5936976037678053,0.0,0.0,0.0,1.0,0.0,1.0,0.0,1.0,0.0,
-0.2770136902300393,0.33735998021495767,2.1051578457586633,1.0,0.0,0.0,0.0,0.0,0.0,1.0,1.0,0.0,
-0.6668243205100054,-0.4954438082993962,0.46156421559721517,0.0,0.0,1.0,0.0,0.0,0.0,1.0,1.0,0.0,
-0.10995199153862524,0.16652843385303895,1.152620628278733,0.0,0.0,1.0,0.0,0.0,1.0,0.0,1.0,0.0,
-0.16563922443576332,-0.6876292979565548,-0.5936976037678053,0.0,1.0,0.0,0.0,1.0,0.0,0.0,1.0,0.0,
0.11279694004992687,0.38006786680543736,-0.5936976037678053,0.0,1.0,0.0,0.0,1.0,0.0,0.0,1.0,0.0,
-0.05426475864148731,-0.7516911278422743,0.545611617139562,0.0,0.0,0.0,1.0,0.0,0.0,1.0,1.0,0.0,
0.0014224742556507477,0.16652843385303895,-0.5936976037678053,0.0,0.0,0.0,1.0,0.0,0.0,1.0,1.0,0.0,
-0.6668243205100054,-0.6876292979565548,-0.5936976037678053,0.0,0.0,0.0,1.0,1.0,0.0,0.0,1.0,0.0,
1.0037926664041348,0.08111266067207956,-0.5936976037678053,0.0,0.0,0.0,1.0,0.0,1.0,0.0,1.0,0.0,
-0.16563922443576332,-0.0043031125088798085,-0.5936976037678053,0.0,1.0,0.0,0.0,0.0,0.0,1.0,1.0,0.0,
-0.22132645733290124,-0.3459662052327173,1.5635190358190951,1.0,0.0,0.0,0.0,1.0,0.0,0.0,1.0,0.0,
1.0594798993012728,1.0420401089578726,-0.5936976037678053,0.0,1.0,0.0,0.0,1.0,0.0,0.0,1.0,0.0,
-0.05426475864148731,-0.4954438082993962,-0.5936976037678053,0.0,0.0,0.0,1.0,1.0,0.0,0.0,1.0,0.0,
0.7810437348155829,0.1451744905577991,-0.5936976037678053,0.0,0.0,0.0,1.0,0.0,1.0,0.0,1.0,0.0,
-0.7225115534071435,-0.26055043205175793,-0.5936976037678053,0.0,0.0,0.0,1.0,1.0,0.0,0.0,1.0,0.0,
-0.8895732520985574,-1.3709554834042297,0.11603600925645623,1.0,0.0,0.0,0.0,0.0,1.0,0.0,1.0,0.0,
-0.16563922443576332,-0.0043031125088798085,-0.5936976037678053,0.0,1.0,0.0,0.0,0.0,1.0,0.0,1.0,0.0,
1.393603296684101,1.4050571449769498,-0.5936976037678053,0.0,1.0,0.0,0.0,0.0,1.0,0.0,1.0,0.0,
0.11279694004992687,-0.3032583186422376,-0.5936976037678053,0.0,0.0,1.0,0.0,0.0,0.0,1.0,1.0,0.0,
-1.0566349507899715,-0.7089832412517946,-0.5936976037678053,0.0,0.0,0.0,1.0,1.0,0.0,0.0,1.0,0.0,
-0.7225115534071435,-1.3496015401089898,-0.5936976037678053,0.0,0.0,0.0,1.0,0.0,0.0,1.0,1.0,0.0,
-0.05426475864148731,0.31600603691971785,-0.5936976037678053,1.0,0.0,0.0,0.0,0.0,1.0,0.0,1.0,0.0,
-0.8895732520985574,-1.200123937042311,0.19074481062743115,0.0,0.0,0.0,1.0,0.0,0.0,1.0,1.0,0.0,
-1.0009477178928334,-1.1787699937470713,-0.5936976037678053,1.0,0.0,0.0,0.0,1.0,0.0,0.0,1.0,0.0,
-0.22132645733290124,-0.3032583186422376,-0.5936976037678053,0.0,0.0,0.0,1.0,0.0,1.0,0.0,1.0,0.0,
-1.1123221836871096,2.2165069901960637,0.11603600925645623,0.0,1.0,0.0,0.0,1.0,0.0,0.0,1.0,0.0,
-0.8338860192014194,-1.3923094266994696,-0.5936976037678053,0.0,0.0,1.0,0.0,1.0,0.0,0.0,1.0,0.0,
-0.10995199153862524,-0.02565705580411965,0.45222561542584333,0.0,0.0,0.0,1.0,0.0,1.0,0.0,1.0,0.0,
-0.8338860192014194,-1.200123937042311,0.3775168140548684,1.0,0.0,0.0,0.0,0.0,1.0,0.0,1.0,0.0,
0.0014224742556507477,0.8498546193007139,-0.5936976037678053,1.0,0.0,0.0,0.0,1.0,0.0,0.0,1.0,0.0,
0.892418200609859,0.1451744905577991,-0.5936976037678053,1.0,0.0,0.0,0.0,0.0,1.0,0.0,1.0,0.0,
0.2798586387413408,0.10246660396731941,-0.5936976037678053,0.0,0.0,1.0,0.0,1.0,0.0,0.0,1.0,0.0,
0.0014224742556507477,-0.7516911278422743,-0.5936976037678053,1.0,0.0,0.0,0.0,0.0,1.0,0.0,1.0,0.0,
0.2798586387413408,0.7857927894149944,3.0390178628958493,0.0,0.0,1.0,0.0,1.0,0.0,0.0,1.0,0.0,
-0.9452604849956954,-0.9438766174994329,-0.5936976037678053,0.0,1.0,0.0,0.0,1.0,0.0,0.0,1.0,0.0,
-0.8895732520985574,0.20923632044351861,-0.5936976037678053,0.0,1.0,0.0,0.0,1.0,0.0,0.0,1.0,0.0,
0.22417140584420273,-0.7089832412517946,-0.5936976037678053,1.0,0.0,0.0,0.0,1.0,0.0,0.0,1.0,0.0,
-0.16563922443576332,0.6363151863483155,-0.5936976037678053,0.0,0.0,0.0,1.0,0.0,1.0,0.0,1.0,0.0,
-0.18234539430490473,-0.5808595814803555,-0.5936976037678053,0.0,1.0,0.0,0.0,0.0,1.0,0.0,0.0,1.0,
-0.7225115534071435,-0.6449214113660751,-0.5936976037678053,0.0,1.0,0.0,0.0,1.0,0.0,0.0,1.0,0.0,
-0.6668243205100054,-0.7516911278422743,0.6016432181677931,1.0,0.0,0.0,0.0,0.0,1.0,0.0,1.0,0.0,
-0.8895732520985574,-1.1787699937470713,0.11603600925645623,0.0,1.0,0.0,0.0,1.0,0.0,0.0,1.0,0.0,
0.11279694004992687,1.0633940522531122,-0.5936976037678053,0.0,1.0,0.0,0.0,1.0,0.0,0.0,1.0,0.0,
-0.7225115534071435,-0.9652305607946727,-0.5936976037678053,0.0,0.0,1.0,0.0,0.0,1.0,0.0,1.0,0.0,
2.5073479546268613,1.1701637687293116,-0.5936976037678053,0.0,0.0,0.0,1.0,1.0,0.0,0.0,1.0,0.0,
-1.1123221836871096,0.12382054726255926,1.5074874347908638,0.0,1.0,0.0,0.0,0.0,0.0,1.0,1.0,0.0,
-0.5554498547157294,-0.5381516948898759,-0.5936976037678053,0.0,0.0,1.0,0.0,0.0,1.0,0.0,1.0,0.0,
-0.8338860192014194,-1.4136633699947094,-0.5936976037678053,0.0,0.0,0.0,1.0,0.0,1.0,0.0,1.0,0.0,
-1.1123221836871096,-1.3282475968137502,-0.5936976037678053,0.0,1.0,0.0,0.0,0.0,0.0,1.0,1.0,0.0,
-0.10995199153862524,-0.23919648875651808,-0.5936976037678053,0.0,0.0,0.0,1.0,0.0,0.0,1.0,1.0,0.0,
-0.5554498547157294,0.8071467327102342,-0.5936976037678053,1.0,0.0,0.0,0.0,0.0,0.0,1.0,1.0,0.0,
0.057109707152788805,-0.516797751594636,-0.5936976037678053,0.0,0.0,1.0,0.0,1.0,0.0,0.0,1.0,0.0,
-1.0009477178928334,-0.9438766174994329,-0.5936976037678053,0.0,0.0,1.0,0.0,1.0,0.0,0.0,1.0,0.0,
-0.8895732520985574,-0.9438766174994329,-0.5936976037678053,0.0,0.0,0.0,1.0,1.0,0.0,0.0,1.0,0.0,
0.0014224742556507477,1.36234925838647,-0.5936976037678053,0.0,1.0,0.0,0.0,1.0,0.0,0.0,1.0,0.0,
-0.8895732520985574,-1.1360621071565915,-0.5936976037678053,1.0,0.0,0.0,0.0,0.0,0.0,1.0,1.0,0.0,
-0.8338860192014194,0.8498546193007139,-0.5936976037678053,0.0,1.0,0.0,0.0,0.0,0.0,1.0,1.0,0.0,
-0.2770136902300393,-0.9225226742041931,0.10669740908508436,0.0,0.0,1.0,0.0,1.0,0.0,0.0,1.0,0.0,
-0.9452604849956954,-0.6662753546613149,-0.5936976037678053,1.0,0.0,0.0,0.0,0.0,0.0,1.0,0.0,1.0,
3.6767798454667595,1.4477650315674295,-0.5936976037678053,1.0,0.0,0.0,0.0,1.0,0.0,0.0,1.0,0.0,
-0.8338860192014194,-1.200123937042311,-0.5936976037678053,0.0,0.0,1.0,0.0,0.0,1.0,0.0,1.0,0.0,
0.4469203374327547,-0.516797751594636,-0.5936976037678053,0.0,1.0,0.0,0.0,1.0,0.0,0.0,1.0,0.0,
-0.2770136902300393,-0.8798147876137133,-0.5936976037678053,1.0,0.0,0.0,0.0,0.0,0.0,1.0,1.0,0.0,
1.7834139269640672,2.5581700829199012,4.281051685688308,0.0,0.0,0.0,1.0,0.0,0.0,1.0,0.0,1.0,
-0.33270092312717736,-0.7303371845470344,-0.5936976037678053,1.0,0.0,0.0,0.0,0.0,0.0,1.0,1.0,0.0,
-0.16563922443576332,-0.8798147876137133,-0.5936976037678053,0.0,0.0,0.0,1.0,1.0,0.0,0.0,1.0,0.0,
0.3355458716384789,0.20923632044351861,-0.5936976037678053,1.0,0.0,0.0,0.0,0.0,1.0,0.0,1.0,0.0,
0.892418200609859,-0.0043031125088798085,-0.5936976037678053,0.0,0.0,0.0,1.0,0.0,0.0,1.0,1.0,0.0,
0.2798586387413408,-0.7303371845470344,1.0312188260508988,0.0,0.0,0.0,1.0,1.0,0.0,0.0,1.0,0.0,
-0.3883881560243153,-1.1360621071565915,0.1533904099419437,1.0,0.0,0.0,0.0,1.0,0.0,0.0,1.0,0.0,
-0.8338860192014194,0.294652093624478,-0.5936976037678053,0.0,0.0,1.0,0.0,0.0,0.0,1.0,1.0,0.0,
-0.4440753889214534,-0.8584608443184735,-0.5936976037678053,1.0,0.0,0.0,0.0,0.0,0.0,1.0,1.0,0.0,
3.509718146775346,2.301922763377023,-0.5936976037678053,0.0,0.0,1.0,0.0,0.0,0.0,1.0,1.0,0.0,
1.0037926664041348,-0.32461226193747744,-0.5936976037678053,0.0,0.0,0.0,1.0,0.0,1.0,0.0,1.0,0.0,
0.2798586387413408,0.16652843385303895,-0.5936976037678053,1.0,0.0,0.0,0.0,1.0,0.0,0.0,0.0,1.0,
-0.7225115534071435,2.045675443834145,4.701288693400041,0.0,0.0,0.0,1.0,1.0,0.0,0.0,0.0,1.0,
-1.0566349507899715,-1.1360621071565915,0.47090281576858706,0.0,0.0,1.0,0.0,0.0,1.0,0.0,1.0,0.0,
0.057109707152788805,-0.7730450711375142,-0.5936976037678053,0.0,1.0,0.0,0.0,0.0,0.0,1.0,1.0,0.0,
-1.0009477178928334,-0.3032583186422376,-0.5936976037678053,0.0,0.0,0.0,1.0,0.0,0.0,1.0,1.0,0.0,
0.11279694004992687,-0.7089832412517946,0.5829660178250494,0.0,0.0,0.0,1.0,0.0,1.0,0.0,1.0,0.0,
-0.10995199153862524,-0.4527359217089165,-0.5936976037678053,1.0,0.0,0.0,0.0,1.0,0.0,0.0,1.0,0.0,
0.4469203374327547,-0.0043031125088798085,1.2179908294783361,1.0,0.0,0.0,0.0,1.0,0.0,0.0,1.0,0.0,
-0.6111370876128674,-1.0933542205661118,-0.5936976037678053,1.0,0.0,0.0,0.0,0.0,0.0,1.0,1.0,0.0,
1.8947883927583433,2.3232767066722633,1.0498960263936425,1.0,0.0,0.0,0.0,0.0,0.0,1.0,0.0,1.0,
3.2869692151867937,2.344630649967503,2.749521257583322,0.0,1.0,0.0,0.0,0.0,1.0,0.0,1.0,0.0,
3.8995287770553118,2.2378609334913038,2.179866647129638,0.0,1.0,0.0,0.0,0.0,1.0,0.0,1.0,0.0,
0.3355458716384789,0.42277575339591705,-0.5936976037678053,1.0,0.0,0.0,0.0,1.0,0.0,0.0,1.0,0.0,
-0.6668243205100054,-0.47408986500415634,-0.5936976037678053,1.0,0.0,0.0,0.0,1.0,0.0,0.0,1.0,0.0,
-0.3883881560243153,-1.0933542205661118,-0.5936976037678053,1.0,0.0,0.0,0.0,1.0,0.0,0.0,1.0,0.0,
0.1684841729470647,-0.04701099909935949,1.498148834619492,0.0,1.0,0.0,0.0,0.0,0.0,1.0,1.0,0.0,
-0.2770136902300393,-0.28190437534699775,-0.5936976037678053,0.0,0.0,0.0,1.0,1.0,0.0,0.0,1.0,0.0,
-0.10995199153862524,-0.13242677228031888,-0.5936976037678053,0.0,0.0,0.0,1.0,0.0,1.0,0.0,1.0,0.0,
1.4492905295812388,0.700377016234035,-0.5936976037678053,1.0,0.0,0.0,0.0,1.0,0.0,0.0,1.0,0.0,
-0.9452604849956954,-0.9438766174994329,0.3775168140548684,1.0,0.0,0.0,0.0,1.0,0.0,0.0,1.0,0.0,
-0.6668243205100054,0.27329815032923815,0.6576748191960243,0.0,0.0,1.0,0.0,1.0,0.0,0.0,1.0,0.0,
0.5026075703298928,0.9352703924816733,-0.5936976037678053,1.0,0.0,0.0,0.0,1.0,0.0,0.0,1.0,0.0,
-0.9452604849956954,0.9139164491864334,-0.5936976037678053,0.0,1.0,0.0,0.0,1.0,0.0,0.0,1.0,0.0,
-0.10995199153862524,-0.8798147876137133,-0.5936976037678053,1.0,0.0,0.0,0.0,0.0,1.0,0.0,1.0,0.0,
-0.22132645733290124,-0.1537807155755587,-0.5936976037678053,1.0,0.0,0.0,0.0,0.0,0.0,1.0,1.0,0.0,
-0.4440753889214534,0.20923632044351861,-0.5936976037678053,0.0,0.0,1.0,0.0,0.0,0.0,1.0,1.0,0.0,
-0.6668243205100054,-0.13242677228031888,-0.5936976037678053,1.0,0.0,0.0,0.0,0.0,1.0,0.0,1.0,0.0,
0.057109707152788805,-0.4954438082993962,1.4701330341053764,0.0,1.0,0.0,0.0,0.0,0.0,1.0,1.0,0.0,
-0.5554498547157294,1.5545347480436287,-0.5936976037678053,1.0,0.0,0.0,0.0,1.0,0.0,0.0,1.0,0.0,
-0.7781987863042813,0.5295454698721163,-0.5936976037678053,0.0,0.0,1.0,0.0,0.0,1.0,0.0,1.0,0.0,
0.892418200609859,0.12382054726255926,-0.5936976037678053,0.0,0.0,0.0,1.0,0.0,0.0,1.0,1.0,0.0,
-0.33270092312717736,0.294652093624478,-0.5936976037678053,0.0,0.0,0.0,1.0,0.0,1.0,0.0,1.0,0.0,
0.22417140584420273,-0.36732014852795714,-0.5936976037678053,0.0,1.0,0.0,0.0,0.0,1.0,0.0,1.0,0.0,
-0.33270092312717736,-0.5595056381851157,-0.5936976037678053,1.0,0.0,0.0,0.0,0.0,0.0,1.0,1.0,0.0,
-0.6668243205100054,-0.8584608443184735,0.5736274176536775,0.0,1.0,0.0,0.0,0.0,0.0,1.0,1.0,0.0,
0.4469203374327547,-0.32461226193747744,-0.5936976037678053,1.0,0.0,0.0,0.0,0.0,1.0,0.0,1.0,0.0,
0.057109707152788805,-0.4527359217089165,0.31214661285526535,0.0,1.0,0.0,0.0,0.0,0.0,1.0,1.0,0.0,
-0.2770136902300393,-1.1147081638613516,-0.5936976037678053,1.0,0.0,0.0,0.0,0.0,1.0,0.0,1.0,0.0,
-0.8338860192014194,-1.0933542205661118,-0.5936976037678053,0.0,0.0,0.0,1.0,0.0,1.0,0.0,1.0,0.0,
0.11279694004992687,-0.28190437534699775,1.4327786334198889,0.0,0.0,1.0,0.0,0.0,0.0,1.0,0.0,1.0,
0.4469203374327547,0.31600603691971785,-0.5936976037678053,1.0,0.0,0.0,0.0,0.0,1.0,0.0,1.0,0.0,
-1.1123221836871096,0.18788237714827877,-0.5936976037678053,0.0,1.0,0.0,0.0,0.0,0.0,1.0,1.0,0.0,
0.057109707152788805,-0.5595056381851157,0.2934694125125216,0.0,1.0,0.0,0.0,0.0,0.0,1.0,1.0,0.0,
0.8367309677127209,1.38370320168171,2.600103654841372,1.0,0.0,0.0,0.0,1.0,0.0,0.0,1.0,0.0,
-0.5554498547157294,-0.6876292979565548,-0.5936976037678053,1.0,0.0,0.0,0.0,0.0,0.0,1.0,1.0,0.0,
-0.7225115534071435,-0.7730450711375142,-0.5936976037678053,0.0,0.0,0.0,1.0,0.0,1.0,0.0,1.0,0.0,
-0.2770136902300393,0.5081915265768764,-0.5936976037678053,0.0,1.0,0.0,0.0,0.0,0.0,1.0,1.0,0.0,
-0.8338860192014194,-1.1787699937470713,0.4989186162827026,0.0,0.0,0.0,1.0,0.0,0.0,1.0,1.0,0.0,
-0.8338860192014194,-0.9438766174994329,-0.5936976037678053,1.0,0.0,0.0,0.0,0.0,0.0,1.0,1.0,0.0,
-0.7392177232762849,-1.200123937042311,-0.5936976037678053,0.0,0.0,1.0,0.0,0.0,1.0,0.0,1.0,0.0,
-0.8895732520985574,-1.3496015401089898,-0.5936976037678053,0.0,1.0,0.0,0.0,1.0,0.0,0.0,1.0,0.0,
-0.2770136902300393,-0.7730450711375142,-0.5936976037678053,1.0,0.0,0.0,0.0,1.0,0.0,0.0,1.0,0.0,
-1.1123221836871096,-1.3923094266994696,0.3588396137121247,0.0,1.0,0.0,0.0,0.0,0.0,1.0,1.0,0.0,
1.393603296684101,0.12382054726255926,1.152620628278733,0.0,1.0,0.0,0.0,0.0,0.0,1.0,0.0,1.0,
-1.0566349507899715,-1.3709554834042297,-0.5936976037678053,0.0,0.0,1.0,0.0,0.0,1.0,0.0,1.0,0.0,
0.18519034281620622,-0.04701099909935949,-0.5936976037678053,0.0,0.0,1.0,0.0,1.0,0.0,0.0,0.0,1.0,
-0.7225115534071435,-0.5808595814803555,-0.5936976037678053,0.0,0.0,1.0,0.0,0.0,1.0,0.0,1.0,0.0,
-0.6668243205100054,0.294652093624478,0.8537854227948335,0.0,0.0,0.0,1.0,1.0,0.0,0.0,1.0,0.0,
-0.7781987863042813,-0.3032583186422376,0.5923046179964213,0.0,1.0,0.0,0.0,0.0,0.0,1.0,1.0,0.0,
-0.6668243205100054,-0.3459662052327173,0.25611501182703417,0.0,0.0,1.0,0.0,0.0,0.0,1.0,1.0,0.0,
0.22417140584420273,-0.4954438082993962,0.7790766214238586,0.0,1.0,0.0,0.0,0.0,1.0,0.0,1.0,0.0,
-0.6111370876128674,-1.2855397102232704,-0.5936976037678053,0.0,0.0,0.0,1.0,0.0,1.0,0.0,1.0,0.0,
-0.8895732520985574,-1.1360621071565915,-0.5936976037678053,0.0,1.0,0.0,0.0,1.0,0.0,0.0,1.0,0.0,
0.1684841729470647,-0.06836494239459934,0.5642888174823056,0.0,0.0,1.0,0.0,1.0,0.0,0.0,1.0,0.0,
-0.2770136902300393,-0.43138197841367665,-0.5936976037678053,1.0,0.0,0.0,0.0,0.0,0.0,1.0,1.0,0.0,
-0.6111370876128674,-0.6876292979565548,1.0405574262222708,0.0,0.0,1.0,0.0,0.0,0.0,1.0,1.0,0.0,
-0.05426475864148731,-0.9652305607946727,-0.5936976037678053,0.0,0.0,0.0,1.0,0.0,0.0,1.0,1.0,0.0,
-0.9452604849956954,-1.3282475968137502,-0.5936976037678053,0.0,1.0,0.0,0.0,0.0,0.0,1.0,1.0,0.0,
0.0014224742556507477,0.8071467327102342,0.1253746094278281,0.0,1.0,0.0,0.0,1.0,0.0,0.0,1.0,0.0,
-0.7781987863042813,-0.6449214113660751,-0.5936976037678053,0.0,1.0,0.0,0.0,0.0,0.0,1.0,1.0,0.0,
-0.6111370876128674,-0.43138197841367665,1.2460066299924517,0.0,0.0,1.0,0.0,0.0,0.0,1.0,1.0,0.0,
-0.05426475864148731,0.294652093624478,-0.5936976037678053,0.0,0.0,0.0,1.0,0.0,0.0,1.0,1.0,0.0,
-1.0009477178928334,0.18788237714827877,2.179866647129638,0.0,0.0,0.0,1.0,0.0,0.0,1.0,1.0,0.0,
1.8947883927583433,1.7680741809960272,3.4405776702648394,0.0,0.0,1.0,0.0,1.0,0.0,0.0,1.0,0.0,
0.7810437348155829,0.12382054726255926,-0.5936976037678053,0.0,1.0,0.0,0.0,0.0,1.0,0.0,1.0,0.0,
0.057109707152788805,0.5508994131673561,-0.5936976037678053,0.0,0.0,0.0,1.0,0.0,0.0,1.0,1.0,0.0,
-0.7225115534071435,-1.3068936535185103,-0.5936976037678053,0.0,1.0,0.0,0.0,0.0,0.0,1.0,1.0,0.0,
-0.16563922443576332,-0.32461226193747744,-0.5936976037678053,0.0,0.0,1.0,0.0,1.0,0.0,0.0,1.0,0.0,
-0.7225115534071435,-1.0933542205661118,-0.5936976037678053,0.0,0.0,0.0,1.0,1.0,0.0,0.0,1.0,0.0,
0.4469203374327547,0.12382054726255926,-0.5936976037678053,1.0,0.0,0.0,0.0,1.0,0.0,0.0,1.0,0.0,
1.672039461169791,1.8748438974722264,-0.5936976037678053,1.0,0.0,0.0,0.0,1.0,0.0,0.0,1.0,0.0,
-0.16563922443576332,-0.6449214113660751,-0.5936976037678053,0.0,1.0,0.0,0.0,0.0,1.0,0.0,1.0,0.0,
0.39123310453561694,0.8071467327102342,2.6934896565550908,0.0,1.0,0.0,0.0,1.0,0.0,0.0,1.0,0.0,
-0.16563922443576332,0.42277575339591705,-0.5936976037678053,0.0,1.0,0.0,0.0,0.0,1.0,0.0,1.0,0.0,
0.4469203374327547,0.6363151863483155,2.544072053813141,0.0,1.0,0.0,0.0,1.0,0.0,0.0,1.0,0.0,
-1.0566349507899715,-1.4350173132899493,-0.5936976037678053,0.0,1.0,0.0,0.0,0.0,1.0,0.0,1.0,0.0,
0.2798586387413408,-0.7089832412517946,-0.5936976037678053,1.0,0.0,0.0,0.0,0.0,0.0,1.0,1.0,0.0,
-1.1123221836871096,-0.1537807155755587,0.5829660178250494,0.0,1.0,0.0,0.0,1.0,0.0,0.0,1.0,0.0,
0.39123310453561694,0.38006786680543736,1.7969840401033916,1.0,0.0,0.0,0.0,0.0,1.0,0.0,1.0,0.0,
-0.33270092312717736,-0.9438766174994329,0.2841308123411498,0.0,1.0,0.0,0.0,0.0,1.0,0.0,1.0,0.0,
-0.3883881560243153,0.12382054726255926,2.1425122464441504,1.0,0.0,0.0,0.0,0.0,0.0,1.0,1.0,0.0,
-0.22132645733290124,0.31600603691971785,-0.5936976037678053,0.0,0.0,1.0,0.0,1.0,0.0,0.0,1.0,0.0,
0.37452693466647535,0.10246660396731941,-0.5936976037678053,0.0,0.0,1.0,0.0,1.0,0.0,0.0,1.0,0.0,
0.2798586387413408,-0.7516911278422743,0.956510024679924,1.0,0.0,0.0,0.0,0.0,0.0,1.0,1.0,0.0,
-0.5554498547157294,1.7040123511103076,1.7969840401033916,1.0,0.0,0.0,0.0,1.0,0.0,0.0,1.0,0.0,
0.11279694004992687,-0.3032583186422376,0.5175958166254464,0.0,0.0,0.0,1.0,1.0,0.0,0.0,1.0,0.0,
0.057109707152788805,-0.516797751594636,-0.5936976037678053,0.0,0.0,1.0,0.0,0.0,0.0,1.0,1.0,0.0,
1.672039461169791,1.2128716553197911,-0.5936976037678053,1.0,0.0,0.0,0.0,1.0,0.0,0.0,1.0,0.0,
1.7834139269640672,2.472754309738942,1.2179908294783361,0.0,0.0,0.0,1.0,0.0,0.0,1.0,1.0,0.0,
0.7253565019184448,2.2805688200817835,2.8802616599825277,0.0,1.0,0.0,0.0,0.0,0.0,1.0,1.0,0.0,
0.37452693466647535,-0.13242677228031888,-0.5936976037678053,0.0,0.0,1.0,0.0,0.0,1.0,0.0,1.0,0.0,
-1.0566349507899715,-1.3923094266994696,-0.5936976037678053,0.0,1.0,0.0,0.0,0.0,1.0,0.0,1.0,0.0,
-0.10995199153862524,-0.47408986500415634,-0.5936976037678053,1.0,0.0,0.0,0.0,1.0,0.0,0.0,1.0,0.0,
0.7810437348155829,0.20923632044351861,-0.5936976037678053,0.0,0.0,0.0,1.0,0.0,1.0,0.0,1.0,0.0,
-0.18234539430490473,-0.5595056381851157,-0.5936976037678053,0.0,0.0,0.0,1.0,0.0,0.0,1.0,1.0,0.0,
-0.33270092312717736,-0.516797751594636,-0.5936976037678053,1.0,0.0,0.0,0.0,1.0,0.0,0.0,1.0,0.0,
-0.8338860192014194,1.789428124291267,-0.5936976037678053,0.0,1.0,0.0,0.0,1.0,0.0,0.0,1.0,0.0,
-0.2770136902300393,1.4264110882721897,-0.5936976037678053,1.0,0.0,0.0,0.0,0.0,0.0,1.0,1.0,0.0,
-1.0009477178928334,0.18788237714827877,-0.5936976037678053,0.0,0.0,0.0,1.0,1.0,0.0,0.0,1.0,0.0,
-0.8895732520985574,-1.1574160504518314,-0.5936976037678053,0.0,1.0,0.0,0.0,1.0,0.0,0.0,1.0,0.0,
2.0618500914497573,1.1488098254340717,-0.5936976037678053,1.0,0.0,0.0,0.0,1.0,0.0,0.0,1.0,0.0,
-0.9452604849956954,-0.9225226742041931,-0.5936976037678053,0.0,1.0,0.0,0.0,1.0,0.0,0.0,1.0,0.0,
-0.6668243205100054,0.12382054726255926,1.5355032353049796,0.0,0.0,0.0,1.0,1.0,0.0,0.0,1.0,0.0,
-0.9452604849956954,-0.4527359217089165,-0.5936976037678053,0.0,0.0,1.0,0.0,0.0,1.0,0.0,1.0,0.0,
-1.1123221836871096,-0.9652305607946727,-0.5936976037678053,0.0,0.0,0.0,1.0,0.0,1.0,0.0,1.0,0.0,
-0.9452604849956954,-1.200123937042311,-0.5936976037678053,0.0,0.0,1.0,0.0,0.0,0.0,1.0,1.0,0.0,
0.0014224742556507477,0.9566243357769131,-0.5936976037678053,0.0,1.0,0.0,0.0,1.0,0.0,0.0,1.0,0.0,
-0.7225115534071435,-0.8798147876137133,-0.5936976037678053,0.0,0.0,0.0,1.0,0.0,1.0,0.0,1.0,0.0,
0.2798586387413408,1.1488098254340717,-0.5936976037678053,1.0,0.0,0.0,0.0,1.0,0.0,0.0,1.0,0.0,
1.6163522282726532,1.789428124291267,0.44288701525447144,0.0,0.0,0.0,1.0,0.0,1.0,0.0,1.0,0.0,
0.39123310453561694,0.31600603691971785,2.4226702515853065,1.0,0.0,0.0,0.0,1.0,0.0,0.0,1.0,0.0,
1.0594798993012728,0.42277575339591705,-0.5936976037678053,0.0,1.0,0.0,0.0,0.0,1.0,0.0,1.0,0.0,
2.7857841191125514,1.917551784062706,4.458485088944372,1.0,0.0,0.0,0.0,0.0,0.0,1.0,1.0,0.0,
0.11279694004992687,-0.47408986500415634,-0.5936976037678053,0.0,0.0,0.0,1.0,0.0,1.0,0.0,1.0,0.0,
0.0014224742556507477,0.7857927894149944,2.9736476616962464,0.0,1.0,0.0,0.0,0.0,1.0,0.0,1.0,0.0,
0.3355458716384789,0.16652843385303895,-0.5936976037678053,1.0,0.0,0.0,0.0,0.0,1.0,0.0,1.0,0.0,
-0.6668243205100054,0.12382054726255926,-0.5936976037678053,0.0,1.0,0.0,0.0,0.0,0.0,1.0,1.0,0.0,
-0.6111370876128674,-0.7516911278422743,-0.5936976037678053,0.0,0.0,1.0,0.0,0.0,0.0,1.0,1.0,0.0,
0.11279694004992687,-0.11107282898507902,-0.5936976037678053,0.0,0.0,1.0,0.0,1.0,0.0,0.0,1.0,0.0,
3.3426564480839316,2.3232767066722633,-0.5936976037678053,0.0,0.0,1.0,0.0,1.0,0.0,0.0,1.0,0.0,
-0.3883881560243153,-0.1537807155755587,-0.5936976037678053,0.0,0.0,0.0,1.0,1.0,0.0,0.0,1.0,0.0,
-0.49976262181859127,0.35871392351019754,-0.5936976037678053,0.0,1.0,0.0,0.0,1.0,0.0,0.0,1.0,0.0,
0.057109707152788805,-0.5595056381851157,-0.5936976037678053,0.0,0.0,0.0,1.0,0.0,0.0,1.0,1.0,0.0,
2.5073479546268613,2.2378609334913038,-0.5936976037678053,0.0,1.0,0.0,0.0,0.0,1.0,0.0,0.0,1.0,
0.5582948032270308,-0.32461226193747744,0.6389976188532805,0.0,1.0,0.0,0.0,1.0,0.0,0.0,1.0,0.0,
0.2798586387413408,0.08111266067207956,-0.5936976037678053,0.0,1.0,0.0,0.0,1.0,0.0,0.0,1.0,0.0,
1.672039461169791,2.0029675572436654,1.1246048277646175,0.0,0.0,1.0,0.0,0.0,1.0,0.0,0.0,1.0,
-0.33270092312717736,-0.6876292979565548,-0.5936976037678053,1.0,0.0,0.0,0.0,1.0,0.0,0.0,1.0,0.0,
-1.0566349507899715,-0.5381516948898759,0.8257696222807178,0.0,0.0,0.0,1.0,0.0,0.0,1.0,1.0,0.0,
0.18519034281620622,-0.28190437534699775,-0.5936976037678053,0.0,0.0,1.0,0.0,0.0,1.0,0.0,1.0,0.0,
-0.5554498547157294,-0.6662753546613149,0.3495010135407528,0.0,0.0,0.0,1.0,0.0,1.0,0.0,1.0,0.0,
0.1684841729470647,1.4264110882721897,-0.5936976037678053,0.0,0.0,1.0,0.0,0.0,1.0,0.0,0.0,1.0,
0.7253565019184448,1.6399505212245882,-0.5936976037678053,0.0,0.0,1.0,0.0,0.0,0.0,1.0,1.0,0.0,
-0.16563922443576332,0.16652843385303895,-0.5936976037678053,0.0,1.0,0.0,0.0,0.0,1.0,0.0,1.0,0.0,
-0.05426475864148731,0.8498546193007139,-0.5936976037678053,1.0,0.0,0.0,0.0,1.0,0.0,0.0,1.0,0.0,
-0.10995199153862524,-0.4954438082993962,-0.5936976037678053,0.0,0.0,0.0,1.0,0.0,0.0,1.0,1.0,0.0,
-0.4440753889214534,-0.21784254546127824,1.909047242159854,1.0,0.0,0.0,0.0,1.0,0.0,0.0,1.0,0.0,
-0.22132645733290124,-0.43138197841367665,-0.5936976037678053,1.0,0.0,0.0,0.0,0.0,1.0,0.0,1.0,0.0,
-0.5554498547157294,-1.3068936535185103,0.18140621045605929,0.0,1.0,0.0,0.0,0.0,1.0,0.0,1.0,0.0,
2.7300968862154136,1.6399505212245882,-0.5936976037678053,0.0,1.0,0.0,0.0,1.0,0.0,0.0,1.0,0.0,
0.1684841729470647,-0.1537807155755587,0.6016432181677931,0.0,1.0,0.0,0.0,0.0,0.0,1.0,1.0,0.0,
3.1199075164953793,2.2378609334913038,4.299728886031051,0.0,1.0,0.0,0.0,1.0,0.0,0.0,1.0,0.0,
1.5049777624783771,2.5154621963294215,1.3020382310206828,1.0,0.0,0.0,0.0,0.0,0.0,1.0,1.0,0.0,
-0.7225115534071435,-0.21784254546127824,-0.5936976037678053,0.0,0.0,1.0,0.0,0.0,1.0,0.0,1.0,0.0,
-0.7781987863042813,-0.9865845040899126,-0.5936976037678053,1.0,0.0,0.0,0.0,0.0,0.0,1.0,1.0,0.0,
0.7810437348155829,0.16652843385303895,-0.5936976037678053,0.0,1.0,0.0,0.0,0.0,0.0,1.0,1.0,0.0,
-0.7225115534071435,-0.28190437534699775,-0.5936976037678053,0.0,0.0,0.0,1.0,1.0,0.0,0.0,1.0,0.0,
0.4469203374327547,-0.794399014432754,0.7510608209097429,0.0,0.0,0.0,1.0,0.0,1.0,0.0,1.0,0.0,
0.4469203374327547,0.33735998021495767,2.4880404527849094,1.0,0.0,0.0,0.0,0.0,0.0,1.0,1.0,0.0,
-0.7225115534071435,-0.9011687309089532,0.3775168140548684,1.0,0.0,0.0,0.0,1.0,0.0,0.0,1.0,0.0,
-0.22132645733290124,-0.1537807155755587,-0.5936976037678053,0.0,0.0,1.0,0.0,0.0,0.0,1.0,1.0,0.0,
1.115167132198411,0.1451744905577991,-0.5936976037678053,1.0,0.0,0.0,0.0,0.0,0.0,1.0,1.0,0.0,
0.11279694004992687,-0.794399014432754,-0.5936976037678053,0.0,0.0,1.0,0.0,0.0,0.0,1.0,1.0,0.0,
-0.5554498547157294,-0.26055043205175793,0.17206761028468742,0.0,1.0,0.0,0.0,0.0,0.0,1.0,1.0,0.0,
0.0014224742556507477,-0.6449214113660751,0.5362730169681901,0.0,1.0,0.0,0.0,0.0,1.0,0.0,1.0,0.0,
1.393603296684101,0.48683758328163657,2.263914048671985,0.0,1.0,0.0,0.0,0.0,0.0,1.0,1.0,0.0,
1.8947883927583433,0.977978279072153,0.8818012233089491,1.0,0.0,0.0,0.0,1.0,0.0,0.0,1.0,0.0,
-0.7225115534071435,-1.3068936535185103,-0.5936976037678053,0.0,0.0,0.0,1.0,1.0,0.0,0.0,1.0,0.0,
3.6767798454667595,1.8534899541769865,-0.5936976037678053,1.0,0.0,0.0,0.0,1.0,0.0,0.0,0.0,1.0,
-0.3883881560243153,-0.6876292979565548,-0.5936976037678053,0.0,0.0,0.0,1.0,0.0,0.0,1.0,1.0,0.0,
-0.7225115534071435,-1.3282475968137502,-0.5936976037678053,0.0,1.0,0.0,0.0,0.0,0.0,1.0,1.0,0.0,
-0.2770136902300393,-0.26055043205175793,-0.5936976037678053,0.0,1.0,0.0,0.0,0.0,1.0,0.0,1.0,0.0,
-0.2770136902300393,-0.5595056381851157,1.4047628329057733,0.0,0.0,0.0,1.0,1.0,0.0,0.0,0.0,1.0,
-0.9452604849956954,-0.11107282898507902,-0.5936976037678053,0.0,0.0,1.0,0.0,0.0,0.0,1.0,1.0,0.0,
-0.5554498547157294,-1.1360621071565915,0.25611501182703417,1.0,0.0,0.0,0.0,1.0,0.0,0.0,1.0,0.0,
0.0014224742556507477,0.08111266067207956,-0.5936976037678053,0.0,0.0,0.0,1.0,0.0,1.0,0.0,1.0,0.0,
-1.0009477178928334,-0.9438766174994329,0.7230450203956273,0.0,0.0,0.0,1.0,1.0,0.0,0.0,1.0,0.0,
0.5026075703298928,-0.13242677228031888,-0.5936976037678053,0.0,0.0,0.0,1.0,1.0,0.0,0.0,1.0,0.0,
-1.0009477178928334,-0.9865845040899126,0.24677641165566233,1.0,0.0,0.0,0.0,0.0,0.0,1.0,1.0,0.0,
-1.0566349507899715,0.16652843385303895,1.712936638561045,0.0,0.0,0.0,1.0,0.0,1.0,0.0,1.0,0.0,
-0.2770136902300393,-0.8584608443184735,-0.5936976037678053,1.0,0.0,0.0,0.0,0.0,1.0,0.0,1.0,0.0,
-0.5554498547157294,-0.794399014432754,-0.5936976037678053,0.0,0.0,0.0,1.0,0.0,1.0,0.0,1.0,0.0,
0.4469203374327547,0.294652093624478,-0.5936976037678053,0.0,1.0,0.0,0.0,1.0,0.0,0.0,1.0,0.0,
-0.8895732520985574,-1.2214778803375508,-0.5936976037678053,1.0,0.0,0.0,0.0,0.0,0.0,1.0,1.0,0.0,
-0.16563922443576332,-0.4954438082993962,-0.5936976037678053,0.0,0.0,0.0,1.0,0.0,1.0,0.0,1.0,0.0,
-0.22132645733290124,-0.26055043205175793,0.5082572164540745,1.0,0.0,0.0,0.0,1.0,0.0,0.0,1.0,0.0,
0.39123310453561694,0.5508994131673561,1.5821962361618387,1.0,0.0,0.0,0.0,0.0,1.0,0.0,1.0,0.0,
2.006162858552619,1.0206861656626327,3.4032232695793523,0.0,0.0,1.0,0.0,0.0,0.0,1.0,1.0,0.0,
0.7810437348155829,-0.04701099909935949,0.7137064202242555,0.0,0.0,0.0,1.0,1.0,0.0,0.0,1.0,0.0,
-0.9452604849956954,-1.2214778803375508,-0.5936976037678053,0.0,1.0,0.0,0.0,0.0,1.0,0.0,1.0,0.0,
2.2289117901411712,2.5368161396246616,4.888060696827479,0.0,0.0,1.0,0.0,0.0,0.0,1.0,0.0,1.0,
-0.10995199153862524,0.10246660396731941,-0.5936976037678053,0.0,0.0,0.0,1.0,0.0,1.0,0.0,1.0,0.0,
-0.33270092312717736,-0.4954438082993962,1.3393926317061704,1.0,0.0,0.0,0.0,0.0,0.0,1.0,1.0,0.0,
-0.6668243205100054,1.0206861656626327,0.7697380212524867,1.0,0.0,0.0,0.0,1.0,0.0,0.0,1.0,0.0,
0.6139820361241689,0.35871392351019754,1.0685732267363863,0.0,1.0,0.0,0.0,1.0,0.0,0.0,1.0,0.0,
-0.8895732520985574,0.8498546193007139,-0.5936976037678053,0.0,1.0,0.0,0.0,1.0,0.0,0.0,1.0,0.0,
0.2798586387413408,-0.3459662052327173,1.4607944339340047,1.0,0.0,0.0,0.0,0.0,0.0,1.0,1.0,0.0,
-1.1123221836871096,0.05975871737683972,-0.5936976037678053,0.0,1.0,0.0,0.0,0.0,0.0,1.0,1.0,0.0,
-0.9452604849956954,-0.7730450711375142,-0.5936976037678053,1.0,0.0,0.0,0.0,0.0,0.0,1.0,1.0,0.0,
-0.5554498547157294,-0.7089832412517946,1.1246048277646175,1.0,0.0,0.0,0.0,1.0,0.0,0.0,1.0,0.0,
0.22417140584420273,-0.3459662052327173,1.7409524390751605,1.0,0.0,0.0,0.0,1.0,0.0,0.0,1.0,0.0,
-0.3883881560243153,1.1488098254340717,-0.5936976037678053,1.0,0.0,0.0,0.0,1.0,0.0,0.0,1.0,0.0,
2.2289117901411712,0.9139164491864334,1.703598038389673,0.0,1.0,0.0,0.0,0.0,0.0,1.0,0.0,1.0,
-0.6668243205100054,-0.23919648875651808,-0.5936976037678053,0.0,1.0,0.0,0.0,0.0,0.0,1.0,1.0,0.0,
-0.8338860192014194,0.42277575339591705,-0.5936976037678053,0.0,0.0,1.0,0.0,0.0,0.0,1.0,1.0,0.0,
-1.1123221836871096,0.8285006760054741,-0.5936976037678053,1.0,0.0,0.0,0.0,1.0,0.0,0.0,1.0,0.0,
-0.9452604849956954,-0.9225226742041931,0.6203204185105369,0.0,1.0,0.0,0.0,0.0,1.0,0.0,1.0,0.0,
-0.16563922443576332,-0.9652305607946727,-0.5936976037678053,1.0,0.0,0.0,0.0,1.0,0.0,0.0,1.0,0.0,
-0.6111370876128674,-1.3068936535185103,0.44288701525447144,0.0,0.0,1.0,0.0,0.0,0.0,1.0,1.0,0.0,
-0.7781987863042813,-0.9652305607946727,-0.5936976037678053,1.0,0.0,0.0,0.0,0.0,0.0,1.0,1.0,0.0,
-0.5554498547157294,-0.9438766174994329,-0.5936976037678053,0.0,1.0,0.0,0.0,0.0,0.0,1.0,1.0,0.0,
-0.9452604849956954,-0.7730450711375142,-0.5936976037678053,0.0,1.0,0.0,0.0,1.0,0.0,0.0,1.0,0.0,
-0.49976262181859127,-0.47408986500415634,-0.5936976037678053,0.0,1.0,0.0,0.0,1.0,0.0,0.0,1.0,0.0,
-0.05426475864148731,-0.11107282898507902,1.3860856325630297,0.0,0.0,0.0,1.0,1.0,0.0,0.0,1.0,0.0,
0.8367309677127209,1.0633940522531122,-0.5936976037678053,0.0,0.0,0.0,1.0,0.0,1.0,0.0,1.0,0.0,
0.0014224742556507477,0.10246660396731941,-0.5936976037678053,0.0,1.0,0.0,0.0,0.0,1.0,0.0,1.0,0.0,
-0.6111370876128674,-0.6876292979565548,-0.5936976037678053,0.0,0.0,1.0,0.0,0.0,0.0,1.0,1.0,0.0,
-0.2770136902300393,-0.9438766174994329,-0.5936976037678053,0.0,0.0,0.0,1.0,0.0,0.0,1.0,1.0,0.0,
-0.7225115534071435,-0.23919648875651808,1.5541804356477231,0.0,0.0,1.0,0.0,0.0,1.0,0.0,1.0,0.0,
-0.3883881560243153,-1.0079384473851525,0.2841308123411498,1.0,0.0,0.0,0.0,0.0,1.0,0.0,1.0,0.0,
-0.8338860192014194,-0.32461226193747744,-0.5936976037678053,0.0,0.0,1.0,0.0,0.0,0.0,1.0,1.0,0.0,
0.0014224742556507477,-0.9225226742041931,-0.5936976037678053,0.0,0.0,1.0,0.0,0.0,0.0,1.0,1.0,0.0,
-0.3883881560243153,0.48683758328163657,-0.5936976037678053,1.0,0.0,0.0,0.0,0.0,0.0,1.0,1.0,0.0,
-0.8338860192014194,-1.3068936535185103,-0.5936976037678053,0.0,0.0,0.0,1.0,0.0,0.0,1.0,1.0,0.0,
-0.3883881560243153,-0.5808595814803555,-0.5936976037678053,1.0,0.0,0.0,0.0,0.0,1.0,0.0,1.0,0.0,
0.5026075703298928,0.12382054726255926,-0.5936976037678053,1.0,0.0,0.0,0.0,1.0,0.0,0.0,1.0,0.0,
0.057109707152788805,-0.32461226193747744,-0.5936976037678053,0.0,0.0,1.0,0.0,1.0,0.0,0.0,1.0,0.0,
0.1684841729470647,-0.6662753546613149,1.152620628278733,0.0,1.0,0.0,0.0,0.0,0.0,1.0,1.0,0.0,
1.1708543650955487,0.40142181010067723,0.5269344167968182,0.0,0.0,0.0,1.0,1.0,0.0,0.0,0.0,1.0,
-0.6668243205100054,-0.7730450711375142,1.1059276274218737,0.0,1.0,0.0,0.0,1.0,0.0,0.0,1.0,0.0,
0.2798586387413408,0.1451744905577991,1.4701330341053764,0.0,1.0,0.0,0.0,1.0,0.0,0.0,1.0,0.0,
-0.7392177232762849,-1.4350173132899493,0.2280992113129186,0.0,0.0,1.0,0.0,0.0,1.0,0.0,1.0,0.0,
-0.49976262181859127,-0.9225226742041931,-0.5936976037678053,1.0,0.0,0.0,0.0,0.0,0.0,1.0,1.0,0.0,
1.0037926664041348,1.810782067586507,1.6195506368473263,0.0,0.0,0.0,1.0,1.0,0.0,0.0,1.0,0.0,
0.057109707152788805,-0.6662753546613149,-0.5936976037678053,0.0,0.0,0.0,1.0,1.0,0.0,0.0,1.0,0.0,
-0.22132645733290124,0.27329815032923815,2.002433243873573,0.0,1.0,0.0,0.0,1.0,0.0,0.0,1.0,0.0,
-1.1123221836871096,-0.0043031125088798085,-0.5936976037678053,0.0,1.0,0.0,0.0,0.0,0.0,1.0,1.0,0.0,
-0.4440753889214534,-0.6876292979565548,-0.5936976037678053,0.0,0.0,0.0,1.0,0.0,1.0,0.0,1.0,0.0,
1.6163522282726532,0.08111266067207956,-0.5936976037678053,0.0,0.0,0.0,1.0,1.0,0.0,0.0,1.0,0.0,
1.226541597992687,1.4264110882721897,2.7588598577546937,0.0,0.0,1.0,0.0,1.0,0.0,0.0,1.0,0.0,
-1.0566349507899715,0.12382054726255926,-0.5936976037678053,1.0,0.0,0.0,0.0,0.0,0.0,1.0,1.0,0.0,
-0.10995199153862524,-0.9225226742041931,0.18140621045605929,0.0,0.0,0.0,1.0,1.0,0.0,0.0,1.0,0.0,
0.7253565019184448,2.088383330424625,1.6755822378755574,0.0,1.0,0.0,0.0,1.0,0.0,0.0,1.0,0.0,
-0.6668243205100054,-0.4527359217089165,-0.5936976037678053,1.0,0.0,0.0,0.0,1.0,0.0,0.0,1.0,0.0,
-0.8338860192014194,-1.0079384473851525,-0.5936976037678053,0.0,0.0,1.0,0.0,1.0,0.0,0.0,1.0,0.0,
-0.6111370876128674,-0.7730450711375142,-0.5936976037678053,0.0,0.0,0.0,1.0,1.0,0.0,0.0,1.0,0.0,
2.5073479546268613,2.6649397993961004,4.682611493057298,0.0,1.0,0.0,0.0,1.0,0.0,0.0,1.0,0.0,
-0.3883881560243153,0.1451744905577991,1.4514558337626327,0.0,0.0,0.0,1.0,0.0,0.0,1.0,1.0,0.0,
1.2822288308898249,1.8321360108817466,-0.5936976037678053,0.0,0.0,0.0,1.0,1.0,0.0,0.0,0.0,1.0,
-0.8895732520985574,-0.9438766174994329,-0.5936976037678053,0.0,0.0,1.0,0.0,0.0,1.0,0.0,1.0,0.0,
-0.8338860192014194,-0.9865845040899126,0.31214661285526535,0.0,0.0,1.0,0.0,1.0,0.0,0.0,1.0,0.0,
0.0014224742556507477,-0.7089832412517946,-0.5936976037678053,0.0,1.0,0.0,0.0,0.0,0.0,1.0,1.0,0.0,
1.5049777624783771,0.6363151863483155,-0.5936976037678053,1.0,0.0,0.0,0.0,1.0,0.0,0.0,1.0,0.0,
-0.6111370876128674,-0.7730450711375142,0.7790766214238586,0.0,0.0,0.0,1.0,1.0,0.0,0.0,1.0,0.0,
-0.4440753889214534,-0.7730450711375142,-0.5936976037678053,1.0,0.0,0.0,0.0,0.0,1.0,0.0,1.0,0.0,
-0.7225115534071435,-1.3923094266994696,0.16272901011331556,0.0,0.0,0.0,1.0,0.0,1.0,0.0,1.0,0.0,
-0.6668243205100054,-0.43138197841367665,0.9751872250226676,1.0,0.0,0.0,0.0,1.0,0.0,0.0,1.0,0.0,
-1.1123221836871096,0.1451744905577991,-0.5936976037678053,0.0,0.0,0.0,1.0,1.0,0.0,0.0,1.0,0.0,
0.3355458716384789,-0.04701099909935949,0.6483362190246524,1.0,0.0,0.0,0.0,0.0,1.0,0.0,1.0,0.0,
-0.2770136902300393,-0.6662753546613149,0.8351082224520897,0.0,0.0,1.0,0.0,1.0,0.0,0.0,1.0,0.0,
-0.3883881560243153,-0.5808595814803555,-0.5936976037678053,0.0,0.0,0.0,1.0,0.0,1.0,0.0,1.0,0.0,
1.4492905295812388,1.2555795419102709,0.9378328243371802,1.0,0.0,0.0,0.0,1.0,0.0,0.0,1.0,0.0,
-0.7225115534071435,-1.2855397102232704,-0.5936976037678053,0.0,1.0,0.0,0.0,0.0,0.0,1.0,1.0,0.0,
-0.5554498547157294,2.195153046900824,-0.5936976037678053,1.0,0.0,0.0,0.0,1.0,0.0,0.0,1.0,0.0,
-0.2770136902300393,-0.794399014432754,-0.5936976037678053,0.0,0.0,0.0,1.0,0.0,0.0,1.0,1.0,0.0,
-0.4440753889214534,-0.21784254546127824,-0.5936976037678053,1.0,0.0,0.0,0.0,1.0,0.0,0.0,1.0,0.0,
-0.5554498547157294,-0.7730450711375142,-0.5936976037678053,0.0,0.0,1.0,0.0,0.0,0.0,1.0,1.0,0.0,
-0.33270092312717736,0.33735998021495767,-0.5936976037678053,0.0,0.0,0.0,1.0,0.0,1.0,0.0,1.0,0.0,
0.2798586387413408,-0.28190437534699775,-0.5936976037678053,0.0,1.0,0.0,0.0,1.0,0.0,0.0,1.0,0.0,
-0.16563922443576332,1.6613044645198278,2.5534106539845127,1.0,0.0,0.0,0.0,1.0,0.0,0.0,1.0,0.0,
0.2798586387413408,1.4904729181579093,-0.5936976037678053,1.0,0.0,0.0,0.0,1.0,0.0,0.0,1.0,0.0,
-0.5554498547157294,-0.6449214113660751,0.2280992113129186,0.0,1.0,0.0,0.0,0.0,0.0,1.0,1.0,0.0,
-0.7225115534071435,-0.9225226742041931,-0.5936976037678053,0.0,0.0,1.0,0.0,0.0,1.0,0.0,1.0,0.0,
-0.49976262181859127,-0.4527359217089165,-0.5936976037678053,0.0,0.0,1.0,0.0,0.0,1.0,0.0,1.0,0.0,
-0.16563922443576332,-0.36732014852795714,-0.5936976037678053,0.0,1.0,0.0,0.0,1.0,0.0,0.0,1.0,0.0,
-0.9452604849956954,0.31600603691971785,-0.5936976037678053,1.0,0.0,0.0,0.0,1.0,0.0,0.0,1.0,0.0,
0.057109707152788805,-0.794399014432754,0.6483362190246524,1.0,0.0,0.0,0.0,0.0,0.0,1.0,1.0,0.0,
3.0642202835982415,0.9139164491864334,-0.5936976037678053,0.0,1.0,0.0,0.0,1.0,0.0,0.0,0.0,1.0,
0.5582948032270308,-0.3032583186422376,-0.5936976037678053,0.0,0.0,1.0,0.0,0.0,1.0,0.0,1.0,0.0,
1.727726694066929,2.3232767066722633,-0.5936976037678053,0.0,1.0,0.0,0.0,0.0,1.0,0.0,1.0,0.0,
2.2289117901411712,1.4904729181579093,-0.5936976037678053,0.0,1.0,0.0,0.0,0.0,0.0,1.0,1.0,0.0,
0.7253565019184448,1.1488098254340717,-0.5936976037678053,0.0,1.0,0.0,0.0,1.0,0.0,0.0,1.0,0.0,
-0.9452604849956954,-0.02565705580411965,-0.5936976037678053,0.0,0.0,1.0,0.0,0.0,0.0,1.0,1.0,0.0,
0.11279694004992687,-0.4954438082993962,1.5541804356477231,0.0,0.0,0.0,1.0,1.0,0.0,0.0,1.0,0.0,
0.2798586387413408,-0.6449214113660751,-0.5936976037678053,0.0,1.0,0.0,0.0,1.0,0.0,0.0,1.0,0.0,
-0.16563922443576332,0.5081915265768764,-0.5936976037678053,0.0,0.0,0.0,1.0,0.0,1.0,0.0,1.0,0.0,
-0.7781987863042813,-1.1574160504518314,-0.5936976037678053,1.0,0.0,0.0,0.0,0.0,0.0,1.0,1.0,0.0,
0.2798586387413408,-0.794399014432754,0.6670134193673962,0.0,0.0,1.0,0.0,0.0,1.0,0.0,1.0,0.0,
-0.6668243205100054,0.42277575339591705,-0.5936976037678053,0.0,0.0,1.0,0.0,1.0,0.0,0.0,1.0,0.0,
-0.7781987863042813,-1.1574160504518314,-0.5936976037678053,0.0,0.0,0.0,1.0,0.0,0.0,1.0,1.0,0.0,
0.0014224742556507477,0.977978279072153,-0.5936976037678053,1.0,0.0,0.0,0.0,1.0,0.0,0.0,1.0,0.0,
-0.5554498547157294,0.7217309595292748,-0.5936976037678053,0.0,0.0,1.0,0.0,1.0,0.0,0.0,1.0,0.0,
2.674409653318275,1.5758886913388686,-0.5936976037678053,0.0,1.0,0.0,0.0,1.0,0.0,0.0,1.0,0.0,
-0.7225115534071435,-0.6876292979565548,0.676352019538768,1.0,0.0,0.0,0.0,1.0,0.0,0.0,1.0,0.0,
0.3355458716384789,0.08111266067207956,-0.5936976037678053,0.0,0.0,0.0,1.0,0.0,0.0,1.0,1.0,0.0,
-1.0009477178928334,0.05975871737683972,-0.5936976037678053,1.0,0.0,0.0,0.0,0.0,1.0,0.0,1.0,0.0,
-0.13779560798719429,-0.516797751594636,-0.5936976037678053,0.0,1.0,0.0,0.0,0.0,0.0,1.0,1.0,0.0,
-0.6111370876128674,-1.0720002772708719,0.44288701525447144,0.0,0.0,0.0,1.0,0.0,1.0,0.0,1.0,0.0,
-0.6668243205100054,0.31600603691971785,1.3207154313634266,0.0,1.0,0.0,0.0,0.0,0.0,1.0,1.0,0.0,
-0.22132645733290124,-0.06836494239459934,-0.5936976037678053,1.0,0.0,0.0,0.0,0.0,0.0,1.0,1.0,0.0,
-0.22132645733290124,0.10246660396731941,0.7510608209097429,0.0,0.0,1.0,0.0,0.0,0.0,1.0,1.0,0.0,
0.11279694004992687,-0.3032583186422376,-0.5936976037678053,1.0,0.0,0.0,0.0,0.0,0.0,1.0,1.0,0.0,
-0.7225115534071435,-0.26055043205175793,0.14405180977057183,1.0,0.0,0.0,0.0,0.0,0.0,1.0,1.0,0.0,
-1.0566349507899715,0.10246660396731941,-0.5936976037678053,0.0,0.0,1.0,0.0,1.0,0.0,0.0,0.0,1.0,
0.4469203374327547,-0.7516911278422743,-0.5936976037678053,1.0,0.0,0.0,0.0,0.0,1.0,0.0,1.0,0.0,
-0.16563922443576332,0.08111266067207956,0.8070924219379741,0.0,0.0,1.0,0.0,0.0,1.0,0.0,1.0,0.0,
-0.9452604849956954,-1.3709554834042297,0.23743781148429047,0.0,1.0,0.0,0.0,1.0,0.0,0.0,1.0,0.0,
0.11279694004992687,0.8498546193007139,-0.5936976037678053,0.0,0.0,0.0,1.0,0.0,1.0,0.0,1.0,0.0,
-0.2770136902300393,0.10246660396731941,1.4514558337626327,0.0,0.0,1.0,0.0,1.0,0.0,0.0,1.0,0.0,
-0.7225115534071435,-1.1574160504518314,-0.5936976037678053,0.0,0.0,0.0,1.0,0.0,1.0,0.0,1.0,0.0,
-0.7225115534071435,-0.7730450711375142,-0.5936976037678053,0.0,1.0,0.0,0.0,0.0,0.0,1.0,1.0,0.0,
-0.8895732520985574,-1.1147081638613516,0.2280992113129186,0.0,0.0,0.0,1.0,0.0,0.0,1.0,1.0,0.0,
-0.6668243205100054,0.38006786680543736,0.405532614568984,0.0,1.0,0.0,0.0,0.0,0.0,1.0,1.0,0.0,
-0.8338860192014194,-0.11107282898507902,-0.5936976037678053,0.0,0.0,1.0,0.0,0.0,0.0,1.0,1.0,0.0,
-0.5554498547157294,0.8071467327102342,1.3767470323916577,1.0,0.0,0.0,0.0,0.0,0.0,1.0,1.0,0.0,
0.22417140584420273,-0.21784254546127824,-0.5936976037678053,0.0,0.0,1.0,0.0,1.0,0.0,0.0,1.0,0.0,
0.39123310453561694,0.12382054726255926,-0.5936976037678053,1.0,0.0,0.0,0.0,0.0,1.0,0.0,1.0,0.0,
1.3379160637869632,0.8285006760054741,-0.5936976037678053,0.0,1.0,0.0,0.0,0.0,1.0,0.0,1.0,0.0,
-0.8338860192014194,-1.200123937042311,-0.5936976037678053,0.0,0.0,1.0,0.0,1.0,0.0,0.0,1.0,0.0,
-0.8338860192014194,-1.1787699937470713,-0.5936976037678053,0.0,0.0,0.0,1.0,0.0,0.0,1.0,1.0,0.0,
-0.16563922443576332,0.5295454698721163,-0.5936976037678053,0.0,0.0,0.0,1.0,0.0,1.0,0.0,1.0,0.0,
3.0085330507011037,0.9566243357769131,0.5175958166254464,1.0,0.0,0.0,0.0,1.0,0.0,0.0,1.0,0.0,
-0.9452604849956954,-0.6662753546613149,1.152620628278733,1.0,0.0,0.0,0.0,1.0,0.0,0.0,1.0,0.0,
-0.2770136902300393,-0.28190437534699775,-0.5936976037678053,0.0,1.0,0.0,0.0,0.0,1.0,0.0,1.0,0.0,
0.22417140584420273,-0.36732014852795714,-0.5936976037678053,1.0,0.0,0.0,0.0,1.0,0.0,0.0,1.0,0.0,
-0.8895732520985574,-0.21784254546127824,1.572857635990467,0.0,1.0,0.0,0.0,0.0,0.0,1.0,1.0,0.0,
0.892418200609859,0.38006786680543736,-0.5936976037678053,0.0,0.0,0.0,1.0,0.0,0.0,1.0,1.0,0.0,
3.231281982289655,1.7680741809960272,0.47090281576858706,0.0,1.0,0.0,0.0,1.0,0.0,0.0,1.0,0.0,
0.057109707152788805,-0.794399014432754,-0.5936976037678053,0.0,1.0,0.0,0.0,0.0,0.0,1.0,1.0,0.0,
-0.3883881560243153,1.7040123511103076,-0.5936976037678053,1.0,0.0,0.0,0.0,1.0,0.0,0.0,1.0,0.0,
-0.6111370876128674,-1.3282475968137502,-0.5936976037678053,0.0,0.0,0.0,1.0,0.0,1.0,0.0,1.0,0.0,
-0.05426475864148731,-0.08971888568983918,-0.5936976037678053,0.0,0.0,0.0,1.0,0.0,0.0,1.0,1.0,0.0,
-0.8338860192014194,-0.5381516948898759,-0.5936976037678053,0.0,0.0,1.0,0.0,0.0,0.0,1.0,1.0,0.0,
2.602016250551996,2.6435858561008607,-0.5936976037678053,0.0,1.0,0.0,0.0,1.0,0.0,0.0,1.0,0.0,
0.5582948032270308,1.0206861656626327,-0.5936976037678053,0.0,1.0,0.0,0.0,0.0,0.0,1.0,1.0,0.0,
-0.5554498547157294,-0.8584608443184735,-0.5936976037678053,0.0,1.0,0.0,0.0,0.0,1.0,0.0,1.0,0.0,
-0.16563922443576332,-0.7089832412517946,-0.5936976037678053,0.0,1.0,0.0,0.0,1.0,0.0,0.0,1.0,0.0,
-0.5554498547157294,-0.794399014432754,0.5642888174823056,0.0,0.0,0.0,1.0,0.0,1.0,0.0,1.0,0.0,
1.0594798993012728,0.9352703924816733,-0.5936976037678053,0.0,1.0,0.0,0.0,1.0,0.0,0.0,1.0,0.0,
-1.0009477178928334,0.08111266067207956,0.18140621045605929,1.0,0.0,0.0,0.0,0.0,1.0,0.0,1.0,0.0,
-0.5554498547157294,-0.6662753546613149,1.2553452301638235,0.0,0.0,1.0,0.0,0.0,0.0,1.0,1.0,0.0,
0.3355458716384789,0.294652093624478,-0.5936976037678053,1.0,0.0,0.0,0.0,0.0,1.0,0.0,0.0,1.0,
-0.9452604849956954,-1.2214778803375508,0.19074481062743115,0.0,0.0,0.0,1.0,0.0,1.0,0.0,1.0,0.0,
-0.6668243205100054,0.33735998021495767,-0.5936976037678053,0.0,1.0,0.0,0.0,0.0,0.0,1.0,1.0,0.0,
-1.0009477178928334,-0.4527359217089165,0.7230450203956273,0.0,0.0,0.0,1.0,1.0,0.0,0.0,1.0,0.0,
-0.22132645733290124,-0.13242677228031888,-0.5936976037678053,1.0,0.0,0.0,0.0,0.0,0.0,1.0,1.0,0.0,
-1.0009477178928334,-0.9652305607946727,-0.5936976037678053,0.0,1.0,0.0,0.0,0.0,0.0,1.0,1.0,0.0,
-0.4440753889214534,-0.7303371845470344,-0.5936976037678053,0.0,0.0,0.0,1.0,0.0,1.0,0.0,1.0,0.0,
0.37452693466647535,-0.26055043205175793,-0.5936976037678053,0.0,0.0,1.0,0.0,1.0,0.0,0.0,1.0,0.0,
-0.16563922443576332,-0.6662753546613149,-0.5936976037678053,0.0,1.0,0.0,0.0,1.0,0.0,0.0,1.0,0.0,
-1.0566349507899715,-1.3709554834042297,-0.5936976037678053,0.0,0.0,1.0,0.0,0.0,0.0,1.0,1.0,0.0,
-0.5554498547157294,-0.6662753546613149,1.1993136291355924,0.0,0.0,0.0,1.0,0.0,1.0,0.0,1.0,0.0,
-0.8338860192014194,-1.1147081638613516,-0.5936976037678053,0.0,0.0,1.0,0.0,1.0,0.0,0.0,1.0,0.0,
0.057109707152788805,-0.516797751594636,-0.5936976037678053,0.0,0.0,0.0,1.0,0.0,0.0,1.0,1.0,0.0,
-0.6668243205100054,-0.9865845040899126,-0.5936976037678053,0.0,1.0,0.0,0.0,1.0,0.0,0.0,1.0,0.0,
1.6163522282726532,0.18788237714827877,-0.5936976037678053,0.0,0.0,0.0,1.0,1.0,0.0,0.0,1.0,0.0,
0.0014224742556507477,-0.6662753546613149,-0.5936976037678053,0.0,0.0,0.0,1.0,0.0,1.0,0.0,1.0,0.0,
-0.16563922443576332,-0.04701099909935949,-0.5936976037678053,0.0,1.0,0.0,0.0,0.0,0.0,1.0,1.0,0.0,
0.5026075703298928,0.1451744905577991,1.983756043530829,1.0,0.0,0.0,0.0,1.0,0.0,0.0,1.0,0.0,
0.4469203374327547,0.16652843385303895,-0.5936976037678053,1.0,0.0,0.0,0.0,1.0,0.0,0.0,1.0,0.0,
-0.9452604849956954,-0.8798147876137133,-0.5936976037678053,0.0,1.0,0.0,0.0,0.0,1.0,0.0,1.0,0.0,
-0.3883881560243153,-0.3032583186422376,-0.5936976037678053,0.0,0.0,0.0,1.0,0.0,0.0,1.0,1.0,0.0,
-0.5554498547157294,0.6149612430530756,1.6662436377041856,0.0,0.0,1.0,0.0,1.0,0.0,0.0,1.0,0.0,
-0.7225115534071435,-0.08971888568983918,-0.5936976037678053,0.0,0.0,0.0,1.0,0.0,0.0,1.0,1.0,0.0,
-1.0566349507899715,-1.2214778803375508,0.5175958166254464,0.0,1.0,0.0,0.0,0.0,1.0,0.0,1.0,0.0,
-0.7781987863042813,-1.0933542205661118,-0.5936976037678053,0.0,0.0,0.0,1.0,0.0,1.0,0.0,1.0,0.0,
-1.1123221836871096,-0.06836494239459934,-0.5936976037678053,0.0,0.0,0.0,1.0,1.0,0.0,0.0,1.0,0.0,
-0.6668243205100054,-0.6662753546613149,-0.5936976037678053,0.0,0.0,0.0,1.0,1.0,0.0,0.0,1.0,0.0,
-0.8338860192014194,0.31600603691971785,-0.5936976037678053,0.0,0.0,1.0,0.0,1.0,0.0,0.0,1.0,0.0,
-0.9452604849956954,2.2805688200817835,1.5448418354763513,1.0,0.0,0.0,0.0,0.0,1.0,0.0,0.0,1.0,
-0.6946679369585744,-0.9011687309089532,-0.5936976037678053,1.0,0.0,0.0,0.0,0.0,0.0,1.0,1.0,0.0,
-0.7781987863042813,-0.7089832412517946,-0.5936976037678053,0.0,1.0,0.0,0.0,0.0,0.0,1.0,1.0,0.0,
0.4469203374327547,0.5508994131673561,-0.5936976037678053,0.0,1.0,0.0,0.0,1.0,0.0,0.0,1.0,0.0,
-0.5554498547157294,-0.9652305607946727,-0.5936976037678053,0.0,0.0,0.0,1.0,0.0,0.0,1.0,1.0,0.0,
0.0014224742556507477,-0.47408986500415634,-0.5936976037678053,0.0,0.0,0.0,1.0,0.0,0.0,1.0,1.0,0.0,
-1.0566349507899715,0.48683758328163657,-0.5936976037678053,1.0,0.0,0.0,0.0,0.0,0.0,1.0,1.0,0.0,
-0.6111370876128674,-0.02565705580411965,0.8537854227948335,0.0,0.0,1.0,0.0,0.0,1.0,0.0,1.0,0.0,
-0.8338860192014194,-1.1787699937470713,-0.5936976037678053,0.0,0.0,0.0,1.0,0.0,1.0,0.0,1.0,0.0,
0.057109707152788805,-0.6876292979565548,-0.5936976037678053,0.0,1.0,0.0,0.0,0.0,0.0,1.0,0.0,1.0,
-0.2770136902300393,-0.06836494239459934,-0.5936976037678053,0.0,1.0,0.0,0.0,0.0,1.0,0.0,1.0,0.0,
0.2798586387413408,-0.28190437534699775,1.1246048277646175,0.0,1.0,0.0,0.0,1.0,0.0,0.0,1.0,0.0,
-0.6668243205100054,-0.11107282898507902,-0.5936976037678053,1.0,0.0,0.0,0.0,0.0,0.0,1.0,1.0,0.0,
-0.5554498547157294,-1.2855397102232704,-0.5936976037678053,1.0,0.0,0.0,0.0,1.0,0.0,0.0,1.0,0.0,
2.5073479546268613,1.2128716553197911,-0.5936976037678053,0.0,0.0,1.0,0.0,0.0,0.0,1.0,1.0,0.0,
-0.9452604849956954,-0.9438766174994329,0.8631240229662053,0.0,0.0,0.0,1.0,1.0,0.0,0.0,1.0,0.0,
-0.16563922443576332,0.294652093624478,-0.5936976037678053,0.0,1.0,0.0,0.0,0.0,1.0,0.0,1.0,0.0,
0.892418200609859,0.08111266067207956,1.3860856325630297,0.0,0.0,0.0,1.0,0.0,0.0,1.0,1.0,0.0,
0.1684841729470647,-0.08971888568983918,0.8070924219379741,0.0,1.0,0.0,0.0,0.0,0.0,1.0,1.0,0.0,
0.2798586387413408,1.38370320168171,-0.5936976037678053,1.0,0.0,0.0,0.0,1.0,0.0,0.0,1.0,0.0,
0.057109707152788805,0.08111266067207956,1.1059276274218737,0.0,0.0,0.0,1.0,0.0,0.0,1.0,1.0,0.0,
-0.10995199153862524,0.33735998021495767,2.403993051242563,0.0,1.0,0.0,0.0,0.0,1.0,0.0,1.0,0.0,
-0.3883881560243153,-0.43138197841367665,-0.5936976037678053,0.0,0.0,0.0,1.0,1.0,0.0,0.0,1.0,0.0,
0.39123310453561694,-0.0043031125088798085,-0.5936976037678053,1.0,0.0,0.0,0.0,1.0,0.0,0.0,1.0,0.0,
0.0014224742556507477,-0.7730450711375142,-0.5936976037678053,0.0,1.0,0.0,0.0,0.0,0.0,1.0,1.0,0.0,
0.4469203374327547,-0.43138197841367665,-0.5936976037678053,1.0,0.0,0.0,0.0,1.0,0.0,0.0,1.0,0.0,
0.39123310453561694,0.20923632044351861,0.34016241336938097,1.0,0.0,0.0,0.0,0.0,1.0,0.0,1.0,0.0,
-0.7225115534071435,-1.0079384473851525,0.17206761028468742,0.0,1.0,0.0,0.0,0.0,1.0,0.0,1.0,0.0,
0.0014224742556507477,-0.7730450711375142,-0.5936976037678053,1.0,0.0,0.0,0.0,1.0,0.0,0.0,1.0,0.0,
-0.33270092312717736,-0.7303371845470344,-0.5936976037678053,0.0,0.0,1.0,0.0,1.0,0.0,0.0,1.0,0.0,
-0.6111370876128674,0.1451744905577991,1.4421172335912609,0.0,0.0,1.0,0.0,0.0,1.0,0.0,1.0,0.0,
0.11279694004992687,-0.5808595814803555,-0.5936976037678053,0.0,0.0,1.0,0.0,1.0,0.0,0.0,1.0,0.0,
-1.0009477178928334,0.42277575339591705,-0.5936976037678053,0.0,1.0,0.0,0.0,1.0,0.0,0.0,1.0,0.0,
-0.7225115534071435,-1.1360621071565915,-0.5936976037678053,0.0,0.0,1.0,0.0,0.0,1.0,0.0,1.0,0.0,
-1.1123221836871096,-0.0043031125088798085,-0.5936976037678053,0.0,0.0,0.0,1.0,1.0,0.0,0.0,1.0,0.0,
-0.05426475864148731,0.5722533564625959,-0.5936976037678053,0.0,1.0,0.0,0.0,1.0,0.0,0.0,0.0,1.0,
-0.7225115534071435,-0.04701099909935949,-0.5936976037678053,0.0,1.0,0.0,0.0,0.0,1.0,0.0,1.0,0.0,
-0.16563922443576332,0.5295454698721163,-0.5936976037678053,0.0,0.0,0.0,1.0,0.0,0.0,1.0,1.0,0.0,
-0.7225115534071435,1.1488098254340717,-0.5936976037678053,0.0,0.0,1.0,0.0,0.0,1.0,0.0,1.0,0.0,
1.0037926664041348,1.0206861656626327,-0.5936976037678053,1.0,0.0,0.0,0.0,1.0,0.0,0.0,1.0,0.0,
-0.8338860192014194,-1.3282475968137502,-0.5936976037678053,1.0,0.0,0.0,0.0,0.0,0.0,1.0,1.0,0.0,
-0.2770136902300393,-0.7089832412517946,-0.5936976037678053,0.0,0.0,1.0,0.0,1.0,0.0,0.0,0.0,1.0,
-1.0566349507899715,-1.2855397102232704,-0.5936976037678053,0.0,0.0,1.0,0.0,0.0,0.0,1.0,1.0,0.0,
-0.16563922443576332,1.2555795419102709,2.2732526488433566,1.0,0.0,0.0,0.0,0.0,1.0,0.0,1.0,0.0,
-0.6668243205100054,-0.28190437534699775,-0.5936976037678053,0.0,0.0,1.0,0.0,0.0,0.0,1.0,1.0,0.0,
-0.8338860192014194,-1.200123937042311,-0.5936976037678053,0.0,1.0,0.0,0.0,0.0,1.0,0.0,1.0,0.0,
-0.2770136902300393,-0.23919648875651808,-0.5936976037678053,1.0,0.0,0.0,0.0,0.0,0.0,1.0,1.0,0.0,
-0.2770136902300393,-0.6662753546613149,0.4242098149117277,1.0,0.0,0.0,0.0,1.0,0.0,0.0,1.0,0.0,
-0.05426475864148731,-0.8584608443184735,0.5082572164540745,1.0,0.0,0.0,0.0,0.0,1.0,0.0,1.0,0.0,
0.0014224742556507477,-0.13242677228031888,-0.5936976037678053,0.0,0.0,1.0,0.0,0.0,1.0,0.0,1.0,0.0,
-0.10995199153862524,-0.6876292979565548,-0.5936976037678053,1.0,0.0,0.0,0.0,0.0,1.0,0.0,1.0,0.0,
-0.5554498547157294,-1.3496015401089898,-0.5936976037678053,0.0,0.0,0.0,1.0,1.0,0.0,0.0,1.0,0.0,
-0.2770136902300393,-0.1537807155755587,0.5269344167968182,1.0,0.0,0.0,0.0,0.0,1.0,0.0,1.0,0.0,
0.0014224742556507477,0.977978279072153,2.59076505467,0.0,1.0,0.0,0.0,1.0,0.0,0.0,1.0,0.0,
-1.0566349507899715,0.7644388461197545,-0.5936976037678053,1.0,0.0,0.0,0.0,0.0,0.0,1.0,1.0,0.0,
-0.7781987863042813,-0.36732014852795714,-0.5936976037678053,0.0,1.0,0.0,0.0,0.0,0.0,1.0,1.0,0.0,
-0.05426475864148731,0.8498546193007139,1.2740224305065673,1.0,0.0,0.0,0.0,1.0,0.0,0.0,1.0,0.0,
2.952845817803965,1.5972426346341084,-0.5936976037678053,1.0,0.0,0.0,0.0,1.0,0.0,0.0,1.0,0.0,
-0.16563922443576332,0.8285006760054741,-0.5936976037678053,1.0,0.0,0.0,0.0,1.0,0.0,0.0,1.0,0.0,
-0.10995199153862524,-0.32461226193747744,1.5261646351336076,1.0,0.0,0.0,0.0,0.0,0.0,1.0,1.0,0.0,
-1.1123221836871096,-0.3459662052327173,0.7510608209097429,1.0,0.0,0.0,0.0,1.0,0.0,0.0,1.0,0.0,
3.788154311261036,2.72900162928182,-0.5936976037678053,0.0,1.0,0.0,0.0,1.0,0.0,0.0,1.0,0.0,
-0.49976262181859127,-0.43138197841367665,-0.5936976037678053,0.0,1.0,0.0,0.0,0.0,1.0,0.0,1.0,0.0,
0.948105433506997,-0.0043031125088798085,2.0211104442163164,1.0,0.0,0.0,0.0,0.0,0.0,1.0,1.0,0.0,
1.115167132198411,0.7430849028245147,-0.5936976037678053,1.0,0.0,0.0,0.0,1.0,0.0,0.0,1.0,0.0,
-0.2770136902300393,-1.0079384473851525,-0.5936976037678053,1.0,0.0,0.0,0.0,0.0,1.0,0.0,1.0,0.0,
2.618722420421137,2.344630649967503,-0.5936976037678053,0.0,1.0,0.0,0.0,1.0,0.0,0.0,0.0,1.0,
-0.10995199153862524,-0.36732014852795714,-0.5936976037678053,1.0,0.0,0.0,0.0,0.0,0.0,1.0,1.0,0.0,
-1.0009477178928334,-1.1360621071565915,-0.5936976037678053,0.0,0.0,1.0,0.0,1.0,0.0,0.0,1.0,0.0,
0.39123310453561694,1.1915177120245515,3.0857108637527086,0.0,1.0,0.0,0.0,1.0,0.0,0.0,1.0,0.0,
0.7253565019184448,1.6185965779293483,2.469363252442166,0.0,1.0,0.0,0.0,1.0,0.0,0.0,1.0,0.0,
0.057109707152788805,-0.26055043205175793,-0.5936976037678053,0.0,0.0,1.0,0.0,0.0,0.0,1.0,1.0,0.0,
0.3355458716384789,0.9993322223673928,2.6934896565550908,1.0,0.0,0.0,0.0,1.0,0.0,0.0,1.0,0.0,
0.5582948032270308,-0.28190437534699775,-0.5936976037678053,0.0,0.0,1.0,0.0,0.0,1.0,0.0,1.0,0.0,
1.3379160637869632,1.1701637687293116,1.1993136291355924,0.0,0.0,1.0,0.0,1.0,0.0,0.0,1.0,0.0,
2.4126796587017267,2.5581700829199012,-0.5936976037678053,1.0,0.0,0.0,0.0,1.0,0.0,0.0,1.0,0.0,
-0.7781987863042813,-1.2214778803375508,-0.5936976037678053,1.0,0.0,0.0,0.0,0.0,0.0,1.0,1.0,0.0,
-0.9452604849956954,-0.7516911278422743,-0.5936976037678053,0.0,1.0,0.0,0.0,1.0,0.0,0.0,1.0,0.0,
0.948105433506997,0.1451744905577991,-0.5936976037678053,0.0,0.0,1.0,0.0,0.0,1.0,0.0,1.0,0.0,
0.669669269021307,2.1097372737198645,-0.5936976037678053,0.0,0.0,0.0,1.0,0.0,0.0,1.0,1.0,0.0,
-0.10995199153862524,-0.08971888568983918,-0.5936976037678053,0.0,0.0,0.0,1.0,0.0,1.0,0.0,1.0,0.0,
-0.22132645733290124,-0.11107282898507902,1.8810314416457383,1.0,0.0,0.0,0.0,0.0,0.0,1.0,1.0,0.0,
-0.10995199153862524,-0.516797751594636,-0.5936976037678053,0.0,0.0,0.0,1.0,0.0,1.0,0.0,1.0,0.0,
-0.6111370876128674,-0.794399014432754,0.17206761028468742,0.0,0.0,1.0,0.0,0.0,0.0,1.0,1.0,0.0,
0.18519034281620622,-0.08971888568983918,0.39619401439761215,0.0,0.0,1.0,0.0,1.0,0.0,0.0,1.0,0.0,
-0.8895732520985574,-0.23919648875651808,-0.5936976037678053,0.0,0.0,0.0,1.0,1.0,0.0,0.0,1.0,0.0,
-0.9452604849956954,0.31600603691971785,-0.5936976037678053,0.0,1.0,0.0,0.0,1.0,0.0,0.0,1.0,0.0,
0.7253565019184448,1.8534899541769865,3.5713180726640457,0.0,0.0,0.0,1.0,0.0,1.0,0.0,0.0,1.0,
0.7810437348155829,0.5508994131673561,-0.5936976037678053,0.0,0.0,0.0,1.0,0.0,1.0,0.0,1.0,0.0,
2.7857841191125514,1.5545347480436287,-0.5936976037678053,0.0,0.0,1.0,0.0,0.0,1.0,0.0,1.0,0.0,
-0.6668243205100054,1.4904729181579093,0.19074481062743115,1.0,0.0,0.0,0.0,1.0,0.0,0.0,1.0,0.0,
3.1199075164953793,1.8961978407674662,-0.5936976037678053,0.0,1.0,0.0,0.0,1.0,0.0,0.0,0.0,1.0,
0.0014224742556507477,0.18788237714827877,-0.5936976037678053,1.0,0.0,0.0,0.0,1.0,0.0,0.0,1.0,0.0,
0.057109707152788805,-0.6876292979565548,0.956510024679924,0.0,1.0,0.0,0.0,0.0,0.0,1.0,1.0,0.0,
3.0642202835982415,0.9352703924816733,1.63822783719007,0.0,1.0,0.0,0.0,1.0,0.0,0.0,1.0,0.0,
-0.22132645733290124,0.38006786680543736,0.9098170238230646,0.0,1.0,0.0,0.0,1.0,0.0,0.0,1.0,0.0,
-0.49976262181859127,-0.7730450711375142,-0.5936976037678053,0.0,0.0,1.0,0.0,0.0,1.0,0.0,1.0,0.0,
1.115167132198411,0.6363151863483155,-0.5936976037678053,1.0,0.0,0.0,0.0,1.0,0.0,0.0,1.0,0.0,
0.0014224742556507477,-0.26055043205175793,-0.5936976037678053,0.0,0.0,0.0,1.0,0.0,1.0,0.0,1.0,0.0,
-0.3716819861551739,-0.9225226742041931,0.6856906197101399,1.0,0.0,0.0,0.0,1.0,0.0,0.0,1.0,0.0,
-0.5554498547157294,-0.9438766174994329,0.7323836205669992,0.0,0.0,1.0,0.0,0.0,1.0,0.0,1.0,0.0,
-0.6668243205100054,-1.2855397102232704,0.4802414159399589,1.0,0.0,0.0,0.0,0.0,1.0,0.0,1.0,0.0,
0.8367309677127209,1.6185965779293483,3.067033663409965,1.0,0.0,0.0,0.0,1.0,0.0,0.0,1.0,0.0,
0.22417140584420273,-0.5808595814803555,-0.5936976037678053,0.0,0.0,1.0,0.0,1.0,0.0,0.0,1.0,0.0,
1.115167132198411,0.12382054726255926,1.3300540315347984,1.0,0.0,0.0,0.0,0.0,0.0,1.0,1.0,0.0,
0.22417140584420273,-0.28190437534699775,-0.5936976037678053,0.0,1.0,0.0,0.0,0.0,1.0,0.0,1.0,0.0,
-0.05426475864148731,-0.516797751594636,-0.5936976037678053,0.0,1.0,0.0,0.0,0.0,1.0,0.0,1.0,0.0,
0.1684841729470647,-0.04701099909935949,-0.5936976037678053,0.0,0.0,0.0,1.0,0.0,0.0,1.0,1.0,0.0,
-0.6668243205100054,-0.7303371845470344,-0.5936976037678053,0.0,1.0,0.0,0.0,1.0,0.0,0.0,1.0,0.0,
-0.8338860192014194,-1.4136633699947094,0.20942201097017488,0.0,0.0,0.0,1.0,0.0,0.0,1.0,1.0,0.0,
1.393603296684101,0.6363151863483155,-0.5936976037678053,0.0,1.0,0.0,0.0,0.0,0.0,1.0,1.0,0.0,
-1.0009477178928334,-0.11107282898507902,1.5541804356477231,1.0,0.0,0.0,0.0,0.0,1.0,0.0,1.0,0.0,
0.3355458716384789,-0.0043031125088798085,-0.5936976037678053,0.0,0.0,1.0,0.0,0.0,1.0,0.0,1.0,0.0,
0.18519034281620622,-0.28190437534699775,0.6296590186819088,0.0,0.0,1.0,0.0,1.0,0.0,0.0,0.0,1.0,
0.1684841729470647,-0.26055043205175793,-0.5936976037678053,0.0,0.0,1.0,0.0,1.0,0.0,0.0,1.0,0.0,
1.5049777624783771,1.1701637687293116,1.4701330341053764,0.0,1.0,0.0,0.0,0.0,0.0,1.0,1.0,0.0,
-0.7225115534071435,-0.4527359217089165,-0.5936976037678053,0.0,1.0,0.0,0.0,1.0,0.0,0.0,1.0,0.0,
0.39123310453561694,0.38006786680543736,-0.5936976037678053,1.0,0.0,0.0,0.0,0.0,1.0,0.0,1.0,0.0,
-0.16563922443576332,-0.23919648875651808,-0.5936976037678053,0.0,0.0,0.0,1.0,0.0,1.0,0.0,1.0,0.0,
-0.16563922443576332,-0.9011687309089532,-0.5936976037678053,0.0,0.0,1.0,0.0,0.0,1.0,0.0,1.0,0.0,
-0.8338860192014194,-1.0933542205661118,-0.5936976037678053,1.0,0.0,0.0,0.0,0.0,0.0,1.0,1.0,0.0,
-0.8895732520985574,-1.3923094266994696,-0.5936976037678053,0.0,0.0,0.0,1.0,0.0,1.0,0.0,1.0,0.0,
-0.8338860192014194,1.38370320168171,-0.5936976037678053,0.0,0.0,0.0,1.0,1.0,0.0,0.0,1.0,0.0,
-0.9452604849956954,-1.200123937042311,-0.5936976037678053,1.0,0.0,0.0,0.0,0.0,0.0,1.0,1.0,0.0,
-0.7225115534071435,-1.0079384473851525,0.24677641165566233,0.0,1.0,0.0,0.0,0.0,1.0,0.0,1.0,0.0,
4.456401106026692,2.70764768598658,-0.5936976037678053,0.0,0.0,1.0,0.0,0.0,0.0,1.0,1.0,0.0,
-0.33270092312717736,0.08111266067207956,-0.5936976037678053,0.0,0.0,0.0,1.0,0.0,1.0,0.0,1.0,0.0,
0.7810437348155829,0.20923632044351861,-0.5936976037678053,0.0,0.0,1.0,0.0,0.0,0.0,1.0,1.0,0.0,
0.11279694004992687,2.344630649967503,-0.5936976037678053,0.0,0.0,1.0,0.0,0.0,1.0,0.0,0.0,1.0,
-0.7781987863042813,-0.6662753546613149,-0.5936976037678053,0.0,0.0,1.0,0.0,0.0,1.0,0.0,1.0,0.0,
-0.5554498547157294,-0.47408986500415634,1.096589027250502,0.0,1.0,0.0,0.0,0.0,0.0,1.0,1.0,0.0,
-0.3883881560243153,1.6613044645198278,3.6553654742063926,1.0,0.0,0.0,0.0,1.0,0.0,0.0,1.0,0.0,
3.0085330507011037,1.5972426346341084,3.898169078662061,1.0,0.0,0.0,0.0,1.0,0.0,0.0,1.0,0.0,
1.7834139269640672,1.2769334852055108,-0.5936976037678053,0.0,1.0,0.0,0.0,0.0,1.0,0.0,1.0,0.0,
-0.6668243205100054,0.08111266067207956,2.2265596479864973,0.0,0.0,1.0,0.0,1.0,0.0,0.0,1.0,0.0,
-1.0009477178928334,-1.2214778803375508,-0.5936976037678053,0.0,1.0,0.0,0.0,0.0,0.0,1.0,1.0,0.0,
-1.0566349507899715,-1.2214778803375508,-0.5936976037678053,0.0,1.0,0.0,0.0,0.0,0.0,1.0,1.0,0.0,
-0.10995199153862524,0.20923632044351861,-0.5936976037678053,0.0,0.0,0.0,1.0,0.0,0.0,1.0,1.0,0.0,
2.5073479546268613,2.5581700829199012,5.336313505053328,0.0,1.0,0.0,0.0,1.0,0.0,0.0,1.0,0.0,
0.0014224742556507477,-0.6662753546613149,-0.5936976037678053,0.0,0.0,1.0,0.0,0.0,0.0,1.0,1.0,0.0,
0.4469203374327547,-0.5595056381851157,-0.5936976037678053,0.0,0.0,1.0,0.0,1.0,0.0,0.0,1.0,0.0,
-0.6111370876128674,-1.1147081638613516,-0.5936976037678053,0.0,1.0,0.0,0.0,0.0,0.0,1.0,1.0,0.0,
-0.16563922443576332,-0.3459662052327173,-0.5936976037678053,0.0,0.0,0.0,1.0,0.0,1.0,0.0,1.0,0.0,
-1.1123221836871096,2.5368161396246616,-0.5936976037678053,0.0,1.0,0.0,0.0,1.0,0.0,0.0,1.0,0.0,
-0.33270092312717736,-0.6449214113660751,1.2553452301638235,0.0,0.0,1.0,0.0,1.0,0.0,0.0,1.0,0.0,
0.4469203374327547,0.12382054726255926,-0.5936976037678053,0.0,1.0,0.0,0.0,1.0,0.0,0.0,1.0,0.0,
0.057109707152788805,2.0243215005389055,-0.5936976037678053,0.0,1.0,0.0,0.0,0.0,1.0,0.0,1.0,0.0,
-0.9452604849956954,0.5722533564625959,-0.5936976037678053,1.0,0.0,0.0,0.0,1.0,0.0,0.0,1.0,0.0,
-0.9452604849956954,1.4904729181579093,0.7137064202242555,1.0,0.0,0.0,0.0,1.0,0.0,0.0,1.0,0.0,
-0.2770136902300393,-1.0079384473851525,-0.5936976037678053,0.0,0.0,0.0,1.0,0.0,1.0,0.0,1.0,0.0,
-0.22132645733290124,-0.43138197841367665,1.5261646351336076,1.0,0.0,0.0,0.0,0.0,1.0,0.0,1.0,0.0,
-0.7225115534071435,0.16652843385303895,-0.5936976037678053,0.0,0.0,1.0,0.0,1.0,0.0,0.0,1.0,0.0,
2.2289117901411712,2.3232767066722633,-0.5936976037678053,1.0,0.0,0.0,0.0,1.0,0.0,0.0,1.0,0.0,
0.5026075703298928,0.08111266067207956,2.2732526488433566,1.0,0.0,0.0,0.0,1.0,0.0,0.0,1.0,0.0,
-0.49976262181859127,0.977978279072153,-0.5936976037678053,0.0,1.0,0.0,0.0,0.0,0.0,1.0,1.0,0.0,
-0.8895732520985574,-1.3709554834042297,-0.5936976037678053,0.0,0.0,1.0,0.0,1.0,0.0,0.0,1.0,0.0,
-0.3883881560243153,-0.9652305607946727,-0.5936976037678053,0.0,0.0,0.0,1.0,0.0,0.0,1.0,1.0,0.0,
-0.16563922443576332,-0.9652305607946727,-0.5936976037678053,0.0,1.0,0.0,0.0,0.0,1.0,0.0,1.0,0.0,
-0.9452604849956954,-1.1360621071565915,-0.5936976037678053,0.0,0.0,0.0,1.0,1.0,0.0,0.0,1.0,0.0,
0.3355458716384789,-0.4954438082993962,0.891139823480321,0.0,0.0,1.0,0.0,0.0,0.0,1.0,1.0,0.0,
1.0037926664041348,0.05975871737683972,1.909047242159854,0.0,1.0,0.0,0.0,0.0,0.0,1.0,1.0,0.0,
2.7857841191125514,1.6826584078150677,-0.5936976037678053,1.0,0.0,0.0,0.0,1.0,0.0,0.0,1.0,0.0,
-0.5554498547157294,-0.9652305607946727,0.44288701525447144,1.0,0.0,0.0,0.0,0.0,0.0,1.0,1.0,0.0,
1.0594798993012728,1.6399505212245882,0.891139823480321,0.0,1.0,0.0,0.0,1.0,0.0,0.0,1.0,0.0,
0.948105433506997,-0.1537807155755587,-0.5936976037678053,1.0,0.0,0.0,0.0,0.0,0.0,1.0,1.0,0.0,
0.7810437348155829,0.10246660396731941,-0.5936976037678053,0.0,0.0,0.0,1.0,1.0,0.0,0.0,1.0,0.0,
-0.2770136902300393,-1.0720002772708719,-0.5936976037678053,0.0,0.0,0.0,1.0,0.0,0.0,1.0,1.0,0.0,
-0.7225115534071435,-1.1574160504518314,-0.5936976037678053,0.0,1.0,0.0,0.0,0.0,1.0,0.0,1.0,0.0,
0.22417140584420273,1.2128716553197911,-0.5936976037678053,0.0,1.0,0.0,0.0,0.0,0.0,1.0,1.0,0.0,
-0.33270092312717736,-1.0079384473851525,0.10669740908508436,1.0,0.0,0.0,0.0,0.0,0.0,1.0,1.0,0.0,
0.6139820361241689,1.234225598615031,-0.5936976037678053,0.0,1.0,0.0,0.0,0.0,1.0,0.0,1.0,0.0,
1.7834139269640672,1.0206861656626327,-0.5936976037678053,1.0,0.0,0.0,0.0,1.0,0.0,0.0,1.0,0.0,
-0.5554498547157294,-1.3709554834042297,-0.5936976037678053,1.0,0.0,0.0,0.0,1.0,0.0,0.0,1.0,0.0,
0.39123310453561694,0.31600603691971785,-0.5936976037678053,1.0,0.0,0.0,0.0,0.0,1.0,0.0,1.0,0.0,
-0.8895732520985574,-0.9652305607946727,-0.5936976037678053,1.0,0.0,0.0,0.0,0.0,0.0,1.0,1.0,0.0,
-1.0009477178928334,-0.3459662052327173,-0.5936976037678053,0.0,0.0,0.0,1.0,0.0,0.0,1.0,1.0,0.0,
-0.9452604849956954,0.8498546193007139,-0.5936976037678053,1.0,0.0,0.0,0.0,1.0,0.0,0.0,1.0,0.0,
-0.9452604849956954,0.8285006760054741,2.0771420452445475,1.0,0.0,0.0,0.0,1.0,0.0,0.0,1.0,0.0,
0.0014224742556507477,-0.794399014432754,-0.5936976037678053,0.0,0.0,1.0,0.0,0.0,0.0,1.0,1.0,0.0,
-1.0566349507899715,0.12382054726255926,-0.5936976037678053,0.0,0.0,1.0,0.0,1.0,0.0,0.0,1.0,0.0,
0.669669269021307,-0.516797751594636,-0.5936976037678053,0.0,1.0,0.0,0.0,0.0,0.0,1.0,1.0,0.0,
-0.9452604849956954,0.42277575339591705,-0.5936976037678053,1.0,0.0,0.0,0.0,1.0,0.0,0.0,1.0,0.0,
0.2798586387413408,1.4691189748626694,-0.5936976037678053,1.0,0.0,0.0,0.0,1.0,0.0,0.0,0.0,1.0,
-0.16563922443576332,0.12382054726255926,1.0032030255367832,0.0,0.0,1.0,0.0,0.0,1.0,0.0,1.0,0.0,
-0.33270092312717736,-0.9011687309089532,-0.5936976037678053,0.0,1.0,0.0,0.0,0.0,0.0,1.0,1.0,0.0,
-0.5554498547157294,2.2165069901960637,-0.5936976037678053,1.0,0.0,0.0,0.0,1.0,0.0,0.0,1.0,0.0,
-0.4440753889214534,0.18788237714827877,0.5362730169681901,0.0,0.0,1.0,0.0,0.0,0.0,1.0,1.0,0.0,
-0.16563922443576332,0.12382054726255926,1.2086522293069644,0.0,0.0,1.0,0.0,0.0,1.0,0.0,1.0,0.0,
-0.10995199153862524,0.48683758328163657,2.516056253299025,0.0,0.0,1.0,0.0,0.0,1.0,0.0,1.0,0.0,
1.0037926664041348,1.2128716553197911,0.17206761028468742,1.0,0.0,0.0,0.0,1.0,0.0,0.0,1.0,0.0,
1.115167132198411,-0.13242677228031888,0.3588396137121247,0.0,0.0,0.0,1.0,0.0,0.0,1.0,1.0,0.0,
0.948105433506997,2.4086924798532223,1.8249998406175072,0.0,1.0,0.0,0.0,0.0,1.0,0.0,1.0,0.0,
-0.8338860192014194,0.35871392351019754,2.3012684493574724,0.0,0.0,1.0,0.0,1.0,0.0,0.0,1.0,0.0,
-0.6668243205100054,-0.7730450711375142,-0.5936976037678053,0.0,0.0,0.0,1.0,1.0,0.0,0.0,1.0,0.0,
-0.3883881560243153,-0.6449214113660751,1.2833610306779393,0.0,0.0,0.0,1.0,0.0,1.0,0.0,1.0,0.0,
-0.5554498547157294,-0.9652305607946727,-0.5936976037678053,0.0,0.0,1.0,0.0,1.0,0.0,0.0,1.0,0.0,
0.11279694004992687,0.18788237714827877,-0.5936976037678053,0.0,0.0,0.0,1.0,0.0,1.0,0.0,1.0,0.0,
-0.6668243205100054,-1.3923094266994696,-0.5936976037678053,1.0,0.0,0.0,0.0,0.0,1.0,0.0,1.0,0.0,
1.5049777624783771,0.27329815032923815,-0.5936976037678053,1.0,0.0,0.0,0.0,1.0,0.0,0.0,1.0,0.0,
-0.4440753889214534,-1.1360621071565915,-0.5936976037678053,1.0,0.0,0.0,0.0,0.0,0.0,1.0,1.0,0.0,
3.0642202835982415,0.9566243357769131,-0.5936976037678053,0.0,1.0,0.0,0.0,1.0,0.0,0.0,1.0,0.0,
-0.13779560798719429,-0.5808595814803555,0.23743781148429047,0.0,1.0,0.0,0.0,0.0,0.0,1.0,1.0,0.0,
-0.7781987863042813,-1.1787699937470713,-0.5936976037678053,1.0,0.0,0.0,0.0,0.0,0.0,1.0,1.0,0.0,
-0.9452604849956954,1.1488098254340717,-0.5936976037678053,1.0,0.0,0.0,0.0,1.0,0.0,0.0,1.0,0.0,
-0.3883881560243153,-0.32461226193747744,-0.5936976037678053,0.0,0.0,0.0,1.0,0.0,0.0,1.0,1.0,0.0,
-0.9452604849956954,-0.9652305607946727,0.7697380212524867,0.0,1.0,0.0,0.0,1.0,0.0,0.0,1.0,0.0,
2.674409653318275,2.0029675572436654,-0.5936976037678053,1.0,0.0,0.0,0.0,0.0,0.0,1.0,0.0,1.0,
0.5026075703298928,-0.06836494239459934,-0.5936976037678053,1.0,0.0,0.0,0.0,1.0,0.0,0.0,1.0,0.0,
1.393603296684101,0.42277575339591705,1.974417443359457,0.0,1.0,0.0,0.0,0.0,0.0,1.0,1.0,0.0,
1.672039461169791,1.8961978407674662,-0.5936976037678053,1.0,0.0,0.0,0.0,1.0,0.0,0.0,1.0,0.0,
0.2798586387413408,-0.4954438082993962,-0.5936976037678053,0.0,1.0,0.0,0.0,1.0,0.0,0.0,1.0,0.0,
-1.0009477178928334,-0.7303371845470344,-0.5936976037678053,1.0,0.0,0.0,0.0,1.0,0.0,0.0,1.0,0.0,
-0.8895732520985574,-1.200123937042311,0.5082572164540745,0.0,1.0,0.0,0.0,1.0,0.0,0.0,1.0,0.0,
-0.7781987863042813,-0.8584608443184735,-0.5936976037678053,1.0,0.0,0.0,0.0,0.0,0.0,1.0,1.0,0.0,
-0.8338860192014194,0.294652093624478,-0.5936976037678053,0.0,0.0,1.0,0.0,1.0,0.0,0.0,1.0,0.0,
0.11279694004992687,-0.7730450711375142,-0.5936976037678053,0.0,0.0,0.0,1.0,0.0,1.0,0.0,1.0,0.0,
-0.7225115534071435,-0.9652305607946727,-0.5936976037678053,0.0,0.0,0.0,1.0,0.0,1.0,0.0,1.0,0.0,
0.7253565019184448,1.917551784062706,-0.5936976037678053,0.0,1.0,0.0,0.0,1.0,0.0,0.0,1.0,0.0,
0.3355458716384789,-0.3459662052327173,-0.5936976037678053,0.0,0.0,0.0,1.0,1.0,0.0,0.0,1.0,0.0,
-1.0009477178928334,-0.6662753546613149,-0.5936976037678053,0.0,0.0,0.0,1.0,1.0,0.0,0.0,0.0,1.0,
-0.22132645733290124,0.38006786680543736,-0.5936976037678053,0.0,1.0,0.0,0.0,1.0,0.0,0.0,1.0,0.0,
-0.49976262181859127,-1.1787699937470713,-0.5936976037678053,0.0,0.0,0.0,1.0,0.0,0.0,1.0,1.0,0.0,
-0.2770136902300393,-0.4527359217089165,-0.5936976037678053,0.0,0.0,1.0,0.0,1.0,0.0,0.0,1.0,0.0,
-0.33270092312717736,-0.11107282898507902,-0.5936976037678053,0.0,0.0,0.0,1.0,0.0,1.0,0.0,1.0,0.0,
-0.7225115534071435,-0.9225226742041931,0.7230450203956273,0.0,0.0,1.0,0.0,0.0,1.0,0.0,1.0,0.0,
-0.5554498547157294,-1.200123937042311,0.26545361199840606,0.0,1.0,0.0,0.0,0.0,1.0,0.0,1.0,0.0,
0.0014224742556507477,-0.43138197841367665,0.2934694125125216,1.0,0.0,0.0,0.0,1.0,0.0,0.0,1.0,0.0,
0.2798586387413408,0.1451744905577991,-0.5936976037678053,0.0,1.0,0.0,0.0,1.0,0.0,0.0,1.0,0.0,
1.560664995375515,2.472754309738942,-0.5936976037678053,0.0,0.0,1.0,0.0,0.0,1.0,0.0,0.0,1.0,
-1.0566349507899715,-1.1360621071565915,-0.5936976037678053,1.0,0.0,0.0,0.0,1.0,0.0,0.0,1.0,0.0,
0.0014224742556507477,0.7217309595292748,-0.5936976037678053,1.0,0.0,0.0,0.0,1.0,0.0,0.0,1.0,0.0,
0.37452693466647535,0.12382054726255926,1.7502910392465323,0.0,0.0,1.0,0.0,0.0,1.0,0.0,1.0,0.0,
0.3355458716384789,0.12382054726255926,-0.5936976037678053,0.0,0.0,0.0,1.0,0.0,0.0,1.0,1.0,0.0,
-0.8338860192014194,1.38370320168171,1.8530156411316228,0.0,1.0,0.0,0.0,1.0,0.0,0.0,1.0,0.0,
0.892418200609859,0.7644388461197545,-0.5936976037678053,0.0,1.0,0.0,0.0,0.0,0.0,1.0,1.0,0.0,
-1.0566349507899715,-0.9438766174994329,-0.5936976037678053,0.0,0.0,1.0,0.0,0.0,1.0,0.0,1.0,0.0,
-0.5554498547157294,-0.7303371845470344,-0.5936976037678053,0.0,0.0,0.0,1.0,0.0,0.0,1.0,1.0,0.0,
-0.10995199153862524,-0.6449214113660751,1.227329429649708,1.0,0.0,0.0,0.0,0.0,0.0,1.0,1.0,0.0,
0.5582948032270308,0.9993322223673928,-0.5936976037678053,0.0,0.0,1.0,0.0,0.0,0.0,1.0,0.0,1.0,
-0.9452604849956954,-0.6662753546613149,1.1993136291355924,0.0,1.0,0.0,0.0,1.0,0.0,0.0,1.0,0.0,
-0.6946679369585744,-1.200123937042311,-0.5936976037678053,1.0,0.0,0.0,0.0,0.0,0.0,1.0,1.0,0.0,
-0.5554498547157294,-1.1574160504518314,-0.5936976037678053,0.0,0.0,1.0,0.0,0.0,1.0,0.0,1.0,0.0,
-0.6668243205100054,-0.7516911278422743,0.5082572164540745,1.0,0.0,0.0,0.0,1.0,0.0,0.0,1.0,0.0,
0.7253565019184448,2.1310912170151046,-0.5936976037678053,0.0,1.0,0.0,0.0,1.0,0.0,0.0,1.0,0.0,
0.5582948032270308,-0.26055043205175793,-0.5936976037678053,0.0,0.0,1.0,0.0,1.0,0.0,0.0,1.0,0.0,
0.22417140584420273,-0.32461226193747744,0.32148521302663724,1.0,0.0,0.0,0.0,1.0,0.0,0.0,1.0,0.0,
-0.22132645733290124,-0.7516911278422743,-0.5936976037678053,1.0,0.0,0.0,0.0,1.0,0.0,0.0,1.0,0.0,
-1.0566349507899715,-1.3282475968137502,-0.5936976037678053,0.0,1.0,0.0,0.0,0.0,1.0,0.0,0.0,1.0,
-0.7781987863042813,-0.9652305607946727,-0.5936976037678053,0.0,0.0,0.0,1.0,1.0,0.0,0.0,1.0,0.0,
-0.3883881560243153,-0.7303371845470344,-0.5936976037678053,0.0,0.0,0.0,1.0,0.0,0.0,1.0,1.0,0.0,
0.4469203374327547,-0.06836494239459934,1.9370630426739697,1.0,0.0,0.0,0.0,1.0,0.0,0.0,1.0,0.0,
1.393603296684101,2.451400366443702,-0.5936976037678053,0.0,1.0,0.0,0.0,1.0,0.0,0.0,1.0,0.0,
0.5582948032270308,0.9993322223673928,-0.5936976037678053,0.0,0.0,0.0,1.0,1.0,0.0,0.0,1.0,0.0,
-0.4440753889214534,-0.3459662052327173,0.7043678200528837,1.0,0.0,0.0,0.0,1.0,0.0,0.0,1.0,0.0,
-0.05426475864148731,-0.7730450711375142,-0.5936976037678053,1.0,0.0,0.0,0.0,0.0,1.0,0.0,1.0,0.0,
1.5049777624783771,1.0420401089578726,-0.5936976037678053,1.0,0.0,0.0,0.0,1.0,0.0,0.0,1.0,0.0,
-0.3883881560243153,1.8748438974722264,-0.5936976037678053,0.0,1.0,0.0,0.0,0.0,0.0,1.0,1.0,0.0,
-0.7225115534071435,-0.43138197841367665,0.6670134193673962,1.0,0.0,0.0,0.0,0.0,0.0,1.0,1.0,0.0,
-0.16563922443576332,-0.08971888568983918,-0.5936976037678053,0.0,1.0,0.0,0.0,1.0,0.0,0.0,1.0,0.0,
-0.10995199153862524,-0.47408986500415634,-0.5936976037678053,1.0,0.0,0.0,0.0,0.0,0.0,1.0,1.0,0.0,
2.7300968862154136,1.36234925838647,-0.5936976037678053,0.0,1.0,0.0,0.0,1.0,0.0,0.0,1.0,0.0,
-0.5554498547157294,-1.1360621071565915,0.5829660178250494,0.0,0.0,1.0,0.0,0.0,1.0,0.0,1.0,0.0,
-1.0009477178928334,-0.9865845040899126,-0.5936976037678053,0.0,0.0,0.0,1.0,1.0,0.0,0.0,1.0,0.0,
-0.5554498547157294,-0.7516911278422743,0.9658486248512959,0.0,1.0,0.0,0.0,0.0,0.0,1.0,1.0,0.0,
0.2798586387413408,-0.47408986500415634,0.45222561542584333,0.0,0.0,1.0,0.0,0.0,1.0,0.0,1.0,0.0,
0.8367309677127209,1.4904729181579093,-0.5936976037678053,1.0,0.0,0.0,0.0,1.0,0.0,0.0,1.0,0.0,
-0.10995199153862524,-0.9865845040899126,-0.5936976037678053,0.0,0.0,0.0,1.0,1.0,0.0,0.0,1.0,0.0,
2.284599023038309,1.5758886913388686,-0.5936976037678053,0.0,0.0,0.0,1.0,1.0,0.0,0.0,1.0,0.0,
0.11279694004992687,-0.43138197841367665,-0.5936976037678053,0.0,0.0,0.0,1.0,1.0,0.0,0.0,1.0,0.0,
-1.1123221836871096,1.3409953150912304,-0.5936976037678053,1.0,0.0,0.0,0.0,1.0,0.0,0.0,1.0,0.0,
0.1684841729470647,0.7217309595292748,2.3386228500429596,0.0,0.0,0.0,1.0,0.0,0.0,1.0,1.0,0.0,
-0.2770136902300393,0.1451744905577991,-0.5936976037678053,0.0,1.0,0.0,0.0,0.0,0.0,1.0,0.0,1.0,
-0.7781987863042813,0.8071467327102342,2.460024652270794,0.0,0.0,0.0,1.0,0.0,0.0,1.0,1.0,0.0,
-0.9452604849956954,-1.1574160504518314,0.610981818339165,0.0,0.0,1.0,0.0,0.0,0.0,1.0,1.0,0.0,
1.672039461169791,0.9352703924816733,-0.5936976037678053,0.0,0.0,0.0,1.0,0.0,0.0,1.0,1.0,0.0,
0.5582948032270308,-0.04701099909935949,-0.5936976037678053,0.0,0.0,1.0,0.0,1.0,0.0,0.0,1.0,0.0,
-0.6668243205100054,-0.4954438082993962,1.23666802982108,1.0,0.0,0.0,0.0,0.0,0.0,1.0,1.0,0.0,
-0.9452604849956954,-0.794399014432754,-0.5936976037678053,1.0,0.0,0.0,0.0,1.0,0.0,0.0,0.0,1.0,
1.5049777624783771,1.5545347480436287,-0.5936976037678053,1.0,0.0,0.0,0.0,1.0,0.0,0.0,1.0,0.0,
0.4469203374327547,-0.21784254546127824,-0.5936976037678053,0.0,1.0,0.0,0.0,1.0,0.0,0.0,1.0,0.0,
-0.4440753889214534,2.2805688200817835,4.514516689972604,1.0,0.0,0.0,0.0,0.0,1.0,0.0,1.0,0.0,
-1.0566349507899715,-0.8798147876137133,0.5642888174823056,1.0,0.0,0.0,0.0,1.0,0.0,0.0,1.0,0.0,
1.2822288308898249,2.2378609334913038,-0.5936976037678053,1.0,0.0,0.0,0.0,1.0,0.0,0.0,1.0,0.0,
-1.0566349507899715,0.42277575339591705,1.6475664373614418,0.0,0.0,1.0,0.0,1.0,0.0,0.0,1.0,0.0,
-0.7225115534071435,0.08111266067207956,-0.5936976037678053,0.0,0.0,1.0,0.0,1.0,0.0,0.0,1.0,0.0,
-0.16563922443576332,-0.6876292979565548,0.32148521302663724,0.0,0.0,0.0,1.0,1.0,0.0,0.0,1.0,0.0,
-0.2770136902300393,0.10246660396731941,-0.5936976037678053,0.0,1.0,0.0,0.0,0.0,0.0,1.0,1.0,0.0,
-0.7225115534071435,-0.43138197841367665,0.7977538217666023,0.0,1.0,0.0,0.0,1.0,0.0,0.0,1.0,0.0,
0.2798586387413408,-0.32461226193747744,0.36817821388349653,1.0,0.0,0.0,0.0,0.0,0.0,1.0,1.0,0.0,
-1.0009477178928334,-0.6662753546613149,-0.5936976037678053,1.0,0.0,0.0,0.0,1.0,0.0,0.0,0.0,1.0,
0.39123310453561694,-0.3032583186422376,0.9751872250226676,0.0,0.0,1.0,0.0,0.0,1.0,0.0,1.0,0.0,
-0.10995199153862524,0.20923632044351861,-0.5936976037678053,0.0,1.0,0.0,0.0,1.0,0.0,0.0,1.0,0.0,
2.5073479546268613,2.4086924798532223,-0.5936976037678053,0.0,1.0,0.0,0.0,1.0,0.0,0.0,1.0,0.0,
-1.0566349507899715,-1.1360621071565915,-0.5936976037678053,0.0,0.0,1.0,0.0,0.0,1.0,0.0,1.0,0.0,
0.4469203374327547,0.12382054726255926,0.7603994210811148,1.0,0.0,0.0,0.0,0.0,0.0,1.0,1.0,0.0,
-0.8895732520985574,0.1451744905577991,-0.5936976037678053,0.0,1.0,0.0,0.0,1.0,0.0,0.0,1.0,0.0,
0.8367309677127209,1.4477650315674295,-0.5936976037678053,1.0,0.0,0.0,0.0,1.0,0.0,0.0,1.0,0.0,
-0.5554498547157294,-1.3282475968137502,0.2934694125125216,0.0,0.0,0.0,1.0,1.0,0.0,0.0,1.0,0.0,
-0.10995199153862524,0.16652843385303895,-0.5936976037678053,0.0,0.0,0.0,1.0,0.0,0.0,1.0,1.0,0.0,
-0.2770136902300393,-0.9225226742041931,-0.5936976037678053,1.0,0.0,0.0,0.0,0.0,1.0,0.0,1.0,0.0,
-0.3883881560243153,0.48683758328163657,2.721505457069206,1.0,0.0,0.0,0.0,0.0,0.0,1.0,1.0,0.0,
-0.5554498547157294,2.2378609334913038,-0.5936976037678053,1.0,0.0,0.0,0.0,1.0,0.0,0.0,1.0,0.0,
0.2798586387413408,-0.23919648875651808,-0.5936976037678053,0.0,1.0,0.0,0.0,1.0,0.0,0.0,1.0,0.0,
-1.0566349507899715,-0.06836494239459934,1.3393926317061704,1.0,0.0,0.0,0.0,1.0,0.0,0.0,1.0,0.0,
0.057109707152788805,-0.6449214113660751,-0.5936976037678053,0.0,0.0,0.0,1.0,1.0,0.0,0.0,1.0,0.0,
-0.5554498547157294,-1.1574160504518314,-0.5936976037678053,0.0,0.0,0.0,1.0,1.0,0.0,0.0,1.0,0.0,
0.7253565019184448,0.9139164491864334,-0.5936976037678053,1.0,0.0,0.0,0.0,0.0,1.0,0.0,1.0,0.0,
-1.0009477178928334,0.16652843385303895,-0.5936976037678053,0.0,0.0,0.0,1.0,0.0,0.0,1.0,1.0,0.0,
-0.4440753889214534,-1.200123937042311,-0.5936976037678053,1.0,0.0,0.0,0.0,0.0,0.0,1.0,1.0,0.0,
0.7810437348155829,1.1488098254340717,-0.5936976037678053,1.0,0.0,0.0,0.0,1.0,0.0,0.0,1.0,0.0,
0.0014224742556507477,-0.36732014852795714,0.7977538217666023,0.0,0.0,1.0,0.0,1.0,0.0,0.0,1.0,0.0,
-0.9452604849956954,-1.0079384473851525,-0.5936976037678053,1.0,0.0,0.0,0.0,1.0,0.0,0.0,1.0,0.0,
1.2989350007589664,1.1274558821388319,-0.5936976037678053,0.0,1.0,0.0,0.0,1.0,0.0,0.0,1.0,0.0,
-0.22132645733290124,0.10246660396731941,1.628889237018698,0.0,1.0,0.0,0.0,0.0,0.0,1.0,1.0,0.0,
1.7834139269640672,0.8285006760054741,-0.5936976037678053,0.0,0.0,0.0,1.0,1.0,0.0,0.0,0.0,1.0,
-0.16563922443576332,0.27329815032923815,-0.5936976037678053,0.0,1.0,0.0,0.0,0.0,1.0,0.0,1.0,0.0,
-0.6668243205100054,2.2805688200817835,0.2841308123411498,0.0,0.0,0.0,1.0,0.0,0.0,1.0,1.0,0.0,
-1.0009477178928334,-0.8584608443184735,1.0032030255367832,1.0,0.0,0.0,0.0,1.0,0.0,0.0,1.0,0.0,
-0.8895732520985574,-1.200123937042311,-0.5936976037678053,0.0,0.0,0.0,1.0,0.0,1.0,0.0,1.0,0.0,
0.1684841729470647,1.0206861656626327,-0.5936976037678053,1.0,0.0,0.0,0.0,0.0,1.0,0.0,0.0,1.0,
1.115167132198411,0.48683758328163657,-0.5936976037678053,1.0,0.0,0.0,0.0,0.0,0.0,1.0,1.0,0.0,
0.39123310453561694,1.1701637687293116,-0.5936976037678053,0.0,1.0,0.0,0.0,1.0,0.0,0.0,1.0,0.0,
-0.2770136902300393,-0.9652305607946727,0.45222561542584333,0.0,0.0,0.0,1.0,0.0,1.0,0.0,1.0,0.0,
1.672039461169791,0.7857927894149944,-0.5936976037678053,0.0,0.0,0.0,1.0,0.0,1.0,0.0,1.0,0.0,
-1.0009477178928334,-1.200123937042311,-0.5936976037678053,0.0,0.0,0.0,1.0,0.0,0.0,1.0,1.0,0.0,
-0.7225115534071435,-0.0043031125088798085,-0.5936976037678053,1.0,0.0,0.0,0.0,0.0,0.0,1.0,1.0,0.0,
0.7810437348155829,-0.23919648875651808,-0.5936976037678053,0.0,0.0,0.0,1.0,1.0,0.0,0.0,1.0,0.0,
0.0014224742556507477,0.35871392351019754,-0.5936976037678053,0.0,1.0,0.0,0.0,1.0,0.0,0.0,1.0,0.0,
3.509718146775346,2.5368161396246616,-0.5936976037678053,0.0,0.0,0.0,1.0,0.0,1.0,0.0,1.0,0.0,
-0.6668243205100054,-0.13242677228031888,1.1246048277646175,1.0,0.0,0.0,0.0,0.0,0.0,1.0,0.0,1.0,
-1.0566349507899715,0.05975871737683972,-0.5936976037678053,0.0,0.0,0.0,1.0,0.0,1.0,0.0,1.0,0.0,
1.9504756256554812,1.5758886913388686,-0.5936976037678053,0.0,1.0,0.0,0.0,0.0,1.0,0.0,0.0,1.0,
-0.8895732520985574,-0.9865845040899126,0.8537854227948335,0.0,0.0,0.0,1.0,0.0,1.0,0.0,1.0,0.0,
1.839101159861205,0.7644388461197545,-0.5936976037678053,0.0,1.0,0.0,0.0,0.0,1.0,0.0,1.0,0.0,
-0.9452604849956954,-0.23919648875651808,-0.5936976037678053,0.0,0.0,1.0,0.0,0.0,1.0,0.0,1.0,0.0,
-1.0566349507899715,-0.0043031125088798085,2.179866647129638,1.0,0.0,0.0,0.0,0.0,1.0,0.0,1.0,0.0,
-0.5554498547157294,-1.3709554834042297,-0.5936976037678053,0.0,1.0,0.0,0.0,1.0,0.0,0.0,1.0,0.0,
2.5073479546268613,1.2555795419102709,-0.5936976037678053,0.0,0.0,0.0,1.0,0.0,0.0,1.0,1.0,0.0,
-0.16563922443576332,-0.43138197841367665,-0.5936976037678053,0.0,1.0,0.0,0.0,1.0,0.0,0.0,1.0,0.0,
-0.49976262181859127,-0.7089832412517946,0.816431022109346,0.0,0.0,0.0,1.0,0.0,1.0,0.0,1.0,0.0,
-0.5554498547157294,-0.6662753546613149,-0.5936976037678053,0.0,0.0,1.0,0.0,0.0,0.0,1.0,1.0,0.0,
-1.0566349507899715,-1.1360621071565915,-0.5936976037678053,0.0,0.0,1.0,0.0,0.0,1.0,0.0,0.0,1.0,
-1.1123221836871096,0.27329815032923815,0.5362730169681901,0.0,1.0,0.0,0.0,1.0,0.0,0.0,1.0,0.0,
-1.1123221836871096,-1.4136633699947094,0.3028080126838935,0.0,1.0,0.0,0.0,0.0,0.0,1.0,1.0,0.0,
-0.6668243205100054,0.38006786680543736,0.3495010135407528,0.0,0.0,0.0,1.0,1.0,0.0,0.0,1.0,0.0,
-1.0009477178928334,-0.26055043205175793,1.6662436377041856,0.0,0.0,0.0,1.0,0.0,0.0,1.0,1.0,0.0,
-0.7781987863042813,-1.4136633699947094,0.34016241336938097,0.0,0.0,0.0,1.0,0.0,1.0,0.0,1.0,0.0,
-1.0009477178928334,0.7644388461197545,-0.5936976037678053,0.0,1.0,0.0,0.0,1.0,0.0,0.0,1.0,0.0,
-0.6111370876128674,-1.3282475968137502,-0.5936976037678053,0.0,0.0,1.0,0.0,0.0,0.0,1.0,1.0,0.0,
-0.2770136902300393,-0.9225226742041931,0.7977538217666023,0.0,0.0,1.0,0.0,1.0,0.0,0.0,1.0,0.0,
-0.2770136902300393,-0.6449214113660751,1.3113768311920548,0.0,0.0,0.0,1.0,1.0,0.0,0.0,1.0,0.0,
-1.0566349507899715,-0.7516911278422743,0.44288701525447144,0.0,0.0,1.0,0.0,0.0,1.0,0.0,1.0,0.0,
1.560664995375515,2.472754309738942,-0.5936976037678053,1.0,0.0,0.0,0.0,0.0,0.0,1.0,0.0,1.0,
-0.33270092312717736,-0.43138197841367665,-0.5936976037678053,1.0,0.0,0.0,0.0,0.0,0.0,1.0,1.0,0.0,
-0.7225115534071435,-1.0720002772708719,0.36817821388349653,0.0,1.0,0.0,0.0,0.0,1.0,0.0,1.0,0.0,
-0.7225115534071435,0.05975871737683972,-0.5936976037678053,0.0,0.0,0.0,1.0,0.0,0.0,1.0,1.0,0.0,
-1.1123221836871096,0.31600603691971785,-0.5936976037678053,0.0,1.0,0.0,0.0,1.0,0.0,0.0,1.0,0.0,
-0.7225115534071435,-0.0043031125088798085,-0.5936976037678053,0.0,0.0,0.0,1.0,0.0,0.0,1.0,1.0,0.0,
0.1684841729470647,-0.02565705580411965,-0.5936976037678053,0.0,1.0,0.0,0.0,0.0,0.0,1.0,1.0,0.0,
-0.3883881560243153,-1.200123937042311,-0.5936976037678053,1.0,0.0,0.0,0.0,1.0,0.0,0.0,1.0,0.0,
-1.1123221836871096,-0.9225226742041931,-0.5936976037678053,0.0,0.0,0.0,1.0,0.0,1.0,0.0,1.0,0.0,
-1.1123221836871096,0.42277575339591705,-0.5936976037678053,0.0,1.0,0.0,0.0,0.0,0.0,1.0,1.0,0.0,
-0.6111370876128674,-1.2214778803375508,-0.5936976037678053,0.0,0.0,1.0,0.0,0.0,0.0,1.0,1.0,0.0,
3.6767798454667595,2.2805688200817835,-0.5936976037678053,1.0,0.0,0.0,0.0,1.0,0.0,0.0,1.0,0.0,
-0.10995199153862524,-0.28190437534699775,-0.5936976037678053,1.0,0.0,0.0,0.0,0.0,0.0,1.0,1.0,0.0,
-0.6668243205100054,0.294652093624478,-0.5936976037678053,1.0,0.0,0.0,0.0,0.0,0.0,1.0,1.0,0.0,
-0.2770136902300393,-0.9011687309089532,0.200083410798803,0.0,0.0,0.0,1.0,0.0,1.0,0.0,1.0,0.0,
0.39123310453561694,0.1451744905577991,1.7502910392465323,1.0,0.0,0.0,0.0,0.0,1.0,0.0,1.0,0.0,
-0.9452604849956954,-1.0079384473851525,-0.5936976037678053,1.0,0.0,0.0,0.0,0.0,0.0,1.0,1.0,0.0,
0.0014224742556507477,-0.9225226742041931,-0.5936976037678053,1.0,0.0,0.0,0.0,0.0,1.0,0.0,1.0,0.0,
-0.16563922443576332,1.4904729181579093,0.6389976188532805,1.0,0.0,0.0,0.0,1.0,0.0,0.0,1.0,0.0,
-0.5554498547157294,-1.4136633699947094,-0.5936976037678053,0.0,0.0,1.0,0.0,0.0,1.0,0.0,1.0,0.0,
0.2798586387413408,0.16652843385303895,0.7884152215952304,0.0,1.0,0.0,0.0,1.0,0.0,0.0,1.0,0.0,
-0.05426475864148731,0.27329815032923815,-0.5936976037678053,0.0,0.0,0.0,1.0,0.0,1.0,0.0,1.0,0.0,
-0.6668243205100054,0.8071467327102342,-0.5936976037678053,0.0,0.0,1.0,0.0,0.0,0.0,1.0,1.0,0.0,
-0.9452604849956954,-0.9865845040899126,-0.5936976037678053,1.0,0.0,0.0,0.0,0.0,0.0,1.0,1.0,0.0,
-1.0009477178928334,-0.7089832412517946,0.34016241336938097,1.0,0.0,0.0,0.0,0.0,0.0,1.0,1.0,0.0,
-0.5554498547157294,-0.794399014432754,-0.5936976037678053,1.0,0.0,0.0,0.0,0.0,0.0,1.0,1.0,0.0,
0.4469203374327547,-0.3032583186422376,-0.5936976037678053,0.0,1.0,0.0,0.0,1.0,0.0,0.0,1.0,0.0,
0.892418200609859,0.18788237714827877,-0.5936976037678053,1.0,0.0,0.0,0.0,0.0,1.0,0.0,1.0,0.0,
-0.6668243205100054,-0.1537807155755587,0.25611501182703417,1.0,0.0,0.0,0.0,0.0,0.0,1.0,1.0,0.0,
-0.8338860192014194,-1.3282475968137502,-0.5936976037678053,0.0,0.0,0.0,1.0,0.0,0.0,1.0,1.0,0.0,
-0.7225115534071435,-1.0933542205661118,-0.5936976037678053,0.0,1.0,0.0,0.0,0.0,1.0,0.0,1.0,0.0,
-0.9452604849956954,-1.2214778803375508,0.2747922121697779,1.0,0.0,0.0,0.0,0.0,0.0,1.0,1.0,0.0,
1.4492905295812388,0.6363151863483155,-0.5936976037678053,1.0,0.0,0.0,0.0,1.0,0.0,0.0,1.0,0.0,
1.8947883927583433,1.5972426346341084,-0.5936976037678053,0.0,0.0,0.0,1.0,1.0,0.0,0.0,0.0,1.0,
-0.7225115534071435,-0.6449214113660751,-0.5936976037678053,0.0,0.0,0.0,1.0,0.0,1.0,0.0,1.0,0.0,
-0.8338860192014194,-0.9865845040899126,-0.5936976037678053,0.0,1.0,0.0,0.0,0.0,1.0,0.0,1.0,0.0,
3.1199075164953793,1.8321360108817466,3.739412875748739,0.0,1.0,0.0,0.0,1.0,0.0,0.0,1.0,0.0,
0.057109707152788805,-0.0043031125088798085,1.498148834619492,0.0,0.0,1.0,0.0,1.0,0.0,0.0,1.0,0.0,
0.3355458716384789,-0.36732014852795714,1.161959228450105,0.0,0.0,0.0,1.0,1.0,0.0,0.0,1.0,0.0,
0.11279694004992687,-0.21784254546127824,-0.5936976037678053,0.0,0.0,0.0,1.0,0.0,1.0,0.0,1.0,0.0,
3.788154311261036,2.5368161396246616,3.4032232695793523,0.0,1.0,0.0,0.0,1.0,0.0,0.0,1.0,0.0,
-0.8895732520985574,-0.7303371845470344,1.0592346265650145,0.0,0.0,0.0,1.0,1.0,0.0,0.0,1.0,0.0,
-0.8338860192014194,0.9993322223673928,-0.5936976037678053,0.0,1.0,0.0,0.0,1.0,0.0,0.0,1.0,0.0,
-0.05426475864148731,1.789428124291267,2.347961450214332,0.0,0.0,1.0,0.0,0.0,0.0,1.0,1.0,0.0,
-0.22132645733290124,-0.6662753546613149,1.08725042707913,0.0,0.0,0.0,1.0,1.0,0.0,0.0,1.0,0.0,
0.0014224742556507477,-0.4954438082993962,-0.5936976037678053,0.0,0.0,1.0,0.0,0.0,1.0,0.0,0.0,1.0,
0.2798586387413408,-0.5595056381851157,-0.5936976037678053,0.0,0.0,0.0,1.0,0.0,1.0,0.0,1.0,0.0,
-0.3883881560243153,-0.21784254546127824,-0.5936976037678053,0.0,0.0,0.0,1.0,1.0,0.0,0.0,1.0,0.0,
-1.0566349507899715,-1.1147081638613516,0.25611501182703417,0.0,1.0,0.0,0.0,0.0,0.0,1.0,0.0,1.0,
-0.16563922443576332,-0.794399014432754,-0.5936976037678053,1.0,0.0,0.0,0.0,1.0,0.0,0.0,1.0,0.0,
-0.05426475864148731,0.20923632044351861,0.4335484150830996,0.0,0.0,0.0,1.0,0.0,0.0,1.0,1.0,0.0,
-0.22132645733290124,0.7857927894149944,-0.5936976037678053,0.0,1.0,0.0,0.0,0.0,1.0,0.0,1.0,0.0,
-0.7781987863042813,-0.9865845040899126,-0.5936976037678053,0.0,0.0,0.0,1.0,1.0,0.0,0.0,1.0,0.0,
-0.5554498547157294,-0.794399014432754,0.8070924219379741,0.0,0.0,1.0,0.0,0.0,1.0,0.0,1.0,0.0,
0.3355458716384789,-0.1537807155755587,-0.5936976037678053,0.0,0.0,0.0,1.0,0.0,0.0,1.0,1.0,0.0,
0.11279694004992687,0.08111266067207956,-0.5936976037678053,0.0,0.0,0.0,1.0,0.0,1.0,0.0,1.0,0.0,
-0.49976262181859127,-1.0079384473851525,-0.5936976037678053,0.0,0.0,0.0,1.0,0.0,0.0,1.0,1.0,0.0,
-0.3883881560243153,-0.794399014432754,0.5269344167968182,1.0,0.0,0.0,0.0,0.0,1.0,0.0,1.0,0.0,
-0.8338860192014194,-1.3709554834042297,-0.5936976037678053,0.0,0.0,0.0,1.0,0.0,0.0,1.0,1.0,0.0,
1.727726694066929,0.9993322223673928,0.9284942241658084,1.0,0.0,0.0,0.0,0.0,0.0,1.0,1.0,0.0,
0.37452693466647535,0.20923632044351861,-0.5936976037678053,0.0,0.0,1.0,0.0,1.0,0.0,0.0,1.0,0.0,
-0.33270092312717736,-0.9225226742041931,-0.5936976037678053,0.0,0.0,1.0,0.0,1.0,0.0,0.0,0.0,1.0,
0.057109707152788805,-0.36732014852795714,0.9845258251940395,0.0,0.0,1.0,0.0,1.0,0.0,0.0,1.0,0.0,
-0.6668243205100054,-0.08971888568983918,0.5923046179964213,1.0,0.0,0.0,0.0,0.0,0.0,1.0,1.0,0.0,
-0.7225115534071435,-0.06836494239459934,-0.5936976037678053,0.0,0.0,0.0,1.0,0.0,0.0,1.0,1.0,0.0,
-0.10995199153862524,0.18788237714827877,-0.5936976037678053,1.0,0.0,0.0,0.0,0.0,0.0,1.0,1.0,0.0,
-0.2770136902300393,-1.0079384473851525,-0.5936976037678053,0.0,0.0,1.0,0.0,1.0,0.0,0.0,1.0,0.0,
-0.9452604849956954,-0.8798147876137133,-0.5936976037678053,1.0,0.0,0.0,0.0,0.0,0.0,1.0,1.0,0.0,
-0.33270092312717736,0.16652843385303895,-0.5936976037678053,0.0,0.0,0.0,1.0,0.0,1.0,0.0,1.0,0.0,
-1.0009477178928334,-1.200123937042311,-0.5936976037678053,0.0,0.0,1.0,0.0,0.0,1.0,0.0,1.0,0.0,
-0.33270092312717736,0.6363151863483155,-0.5936976037678053,0.0,1.0,0.0,0.0,1.0,0.0,0.0,1.0,0.0,
0.0014224742556507477,0.7217309595292748,2.59076505467,0.0,1.0,0.0,0.0,0.0,1.0,0.0,1.0,0.0,
1.0037926664041348,0.7644388461197545,-0.5936976037678053,1.0,0.0,0.0,0.0,1.0,0.0,0.0,1.0,0.0,
-0.6668243205100054,-0.3459662052327173,-0.5936976037678053,0.0,1.0,0.0,0.0,0.0,0.0,1.0,1.0,0.0,
-1.1123221836871096,1.4264110882721897,-0.5936976037678053,0.0,1.0,0.0,0.0,1.0,0.0,0.0,1.0,0.0,
-0.16563922443576332,0.8071467327102342,-0.5936976037678053,0.0,0.0,0.0,1.0,0.0,1.0,0.0,1.0,0.0,
0.11279694004992687,-0.32461226193747744,-0.5936976037678053,0.0,0.0,0.0,1.0,0.0,1.0,0.0,1.0,0.0,
1.393603296684101,2.0670293871293848,3.281821467351518,0.0,1.0,0.0,0.0,1.0,0.0,0.0,1.0,0.0,
2.2289117901411712,1.6185965779293483,-0.5936976037678053,0.0,1.0,0.0,0.0,1.0,0.0,0.0,1.0,0.0,
-0.8338860192014194,-1.1360621071565915,0.4242098149117277,0.0,0.0,0.0,1.0,0.0,0.0,1.0,1.0,0.0,
-0.8338860192014194,2.1310912170151046,3.412561869750724,0.0,1.0,0.0,0.0,1.0,0.0,0.0,1.0,0.0,
0.37452693466647535,0.20923632044351861,-0.5936976037678053,1.0,0.0,0.0,0.0,0.0,1.0,0.0,1.0,0.0,
1.226541597992687,1.1488098254340717,-0.5936976037678053,0.0,0.0,0.0,1.0,0.0,0.0,1.0,1.0,0.0,
-0.2770136902300393,-0.04701099909935949,1.7596296394179043,1.0,0.0,0.0,0.0,0.0,0.0,1.0,1.0,0.0,
0.7253565019184448,1.4691189748626694,-0.5936976037678053,0.0,1.0,0.0,0.0,1.0,0.0,0.0,1.0,0.0,
-0.6668243205100054,-0.7303371845470344,-0.5936976037678053,0.0,0.0,0.0,1.0,1.0,0.0,0.0,1.0,0.0,
1.1708543650955487,1.2769334852055108,1.3954242327344015,0.0,0.0,1.0,0.0,1.0,0.0,0.0,1.0,0.0,
2.563035187523999,2.088383330424625,-0.5936976037678053,0.0,0.0,0.0,1.0,1.0,0.0,0.0,0.0,1.0,
-1.0009477178928334,-0.6662753546613149,-0.5936976037678053,1.0,0.0,0.0,0.0,0.0,0.0,1.0,1.0,0.0,
-0.8895732520985574,-1.3068936535185103,0.2841308123411498,0.0,0.0,0.0,1.0,1.0,0.0,0.0,1.0,0.0,
-0.3883881560243153,0.18788237714827877,-0.5936976037678053,1.0,0.0,0.0,0.0,0.0,0.0,1.0,1.0,0.0,
0.3355458716384789,-0.0043031125088798085,-0.5936976037678053,1.0,0.0,0.0,0.0,0.0,1.0,0.0,1.0,0.0,
0.2798586387413408,0.20923632044351861,2.1425122464441504,0.0,1.0,0.0,0.0,1.0,0.0,0.0,0.0,1.0,
-0.8895732520985574,-1.0720002772708719,0.3495010135407528,0.0,0.0,0.0,1.0,0.0,1.0,0.0,1.0,0.0,
1.672039461169791,1.5972426346341084,-0.5936976037678053,0.0,0.0,0.0,1.0,0.0,1.0,0.0,1.0,0.0,
-0.8338860192014194,-1.3496015401089898,0.13471320959919997,0.0,0.0,0.0,1.0,0.0,1.0,0.0,1.0,0.0,
-1.0009477178928334,0.20923632044351861,-0.5936976037678053,0.0,0.0,0.0,1.0,0.0,0.0,1.0,1.0,0.0,
2.5073479546268613,2.2378609334913038,-0.5936976037678053,0.0,1.0,0.0,0.0,0.0,0.0,1.0,0.0,1.0,
-0.22132645733290124,-0.5808595814803555,0.5175958166254464,0.0,1.0,0.0,0.0,0.0,0.0,1.0,1.0,0.0,
0.6139820361241689,0.977978279072153,3.216451266151915,0.0,1.0,0.0,0.0,1.0,0.0,0.0,1.0,0.0,
-1.0009477178928334,-0.9011687309089532,0.18140621045605929,0.0,0.0,0.0,1.0,1.0,0.0,0.0,1.0,0.0,
0.22417140584420273,-0.04701099909935949,-0.5936976037678053,0.0,0.0,1.0,0.0,1.0,0.0,0.0,1.0,0.0,
0.2798586387413408,-0.4527359217089165,-0.5936976037678053,1.0,0.0,0.0,0.0,0.0,0.0,1.0,1.0,0.0,
-0.3716819861551739,-0.6662753546613149,-0.5936976037678053,1.0,0.0,0.0,0.0,1.0,0.0,0.0,1.0,0.0,
0.3355458716384789,1.1915177120245515,1.5448418354763513,0.0,0.0,1.0,0.0,0.0,0.0,1.0,1.0,0.0,
1.5049777624783771,1.0633940522531122,-0.5936976037678053,0.0,1.0,0.0,0.0,0.0,0.0,1.0,1.0,0.0,
0.5026075703298928,0.5508994131673561,0.9938644253654114,1.0,0.0,0.0,0.0,0.0,0.0,1.0,1.0,0.0,
-0.4440753889214534,0.8498546193007139,-0.5936976037678053,1.0,0.0,0.0,0.0,0.0,0.0,1.0,1.0,0.0,
-1.0009477178928334,-1.4350173132899493,0.16272901011331556,0.0,0.0,0.0,1.0,0.0,0.0,1.0,1.0,0.0,
-0.6668243205100054,-0.04701099909935949,1.8716928414743665,0.0,1.0,0.0,0.0,0.0,0.0,1.0,0.0,1.0,
3.788154311261036,2.301922763377023,4.841367695970619,0.0,1.0,0.0,0.0,0.0,0.0,1.0,1.0,0.0,
-0.8338860192014194,-0.23919648875651808,1.712936638561045,0.0,0.0,1.0,0.0,0.0,0.0,1.0,1.0,0.0,
1.1708543650955487,1.4477650315674295,-0.5936976037678053,1.0,0.0,0.0,0.0,1.0,0.0,0.0,1.0,0.0,
0.0014224742556507477,-0.36732014852795714,-0.5936976037678053,0.0,0.0,1.0,0.0,0.0,0.0,1.0,1.0,0.0,
0.5582948032270308,2.622231912805621,3.347191668551121,0.0,1.0,0.0,0.0,1.0,0.0,0.0,1.0,0.0,
-0.16563922443576332,2.2378609334913038,4.542532490486719,1.0,0.0,0.0,0.0,1.0,0.0,0.0,1.0,0.0,
0.5582948032270308,0.33735998021495767,-0.5936976037678053,1.0,0.0,0.0,0.0,0.0,0.0,1.0,1.0,0.0,
0.4469203374327547,0.27329815032923815,-0.5936976037678053,1.0,0.0,0.0,0.0,0.0,0.0,1.0,1.0,0.0,
0.11279694004992687,-0.7516911278422743,-0.5936976037678053,0.0,0.0,0.0,1.0,1.0,0.0,0.0,0.0,1.0,
-0.8338860192014194,0.10246660396731941,-0.5936976037678053,0.0,0.0,1.0,0.0,1.0,0.0,0.0,1.0,0.0,
-0.16563922443576332,-0.3459662052327173,0.7884152215952304,0.0,0.0,0.0,1.0,1.0,0.0,0.0,1.0,0.0,
0.5582948032270308,-0.08971888568983918,1.9464016428453415,0.0,0.0,1.0,0.0,1.0,0.0,0.0,1.0,0.0,
3.3983436809810694,2.301922763377023,-0.5936976037678053,1.0,0.0,0.0,0.0,1.0,0.0,0.0,1.0,0.0,
-0.16563922443576332,-0.516797751594636,0.36817821388349653,0.0,0.0,0.0,1.0,0.0,1.0,0.0,1.0,0.0,
-0.8338860192014194,-0.7516911278422743,-0.5936976037678053,0.0,0.0,1.0,0.0,0.0,1.0,0.0,1.0,0.0,
-0.49976262181859127,-0.4954438082993962,-0.5936976037678053,0.0,1.0,0.0,0.0,0.0,1.0,0.0,1.0,0.0,
0.3355458716384789,-0.06836494239459934,-0.5936976037678053,1.0,0.0,0.0,0.0,0.0,1.0,0.0,1.0,0.0,
-1.0566349507899715,-0.08971888568983918,0.9191556239944365,0.0,0.0,1.0,0.0,1.0,0.0,0.0,1.0,0.0,
-0.7392177232762849,-1.1787699937470713,-0.5936976037678053,1.0,0.0,0.0,0.0,0.0,0.0,1.0,1.0,0.0,
-0.6111370876128674,-0.3459662052327173,0.21876061114154674,0.0,0.0,1.0,0.0,0.0,0.0,1.0,1.0,0.0,
0.7420626717875863,0.5936072997578358,-0.5936976037678053,1.0,0.0,0.0,0.0,1.0,0.0,0.0,0.0,1.0,
-0.5554498547157294,-0.7516911278422743,-0.5936976037678053,0.0,1.0,0.0,0.0,0.0,1.0,0.0,1.0,0.0,
0.0014224742556507477,0.05975871737683972,0.5175958166254464,0.0,0.0,0.0,1.0,0.0,1.0,0.0,1.0,0.0,
-1.1123221836871096,0.1451744905577991,-0.5936976037678053,1.0,0.0,0.0,0.0,1.0,0.0,0.0,1.0,0.0,
0.3355458716384789,-0.06836494239459934,-0.5936976037678053,0.0,0.0,1.0,0.0,0.0,0.0,1.0,1.0,0.0,
0.11279694004992687,-0.08971888568983918,-0.5936976037678053,0.0,0.0,1.0,0.0,1.0,0.0,0.0,1.0,0.0,
0.7810437348155829,0.700377016234035,-0.5936976037678053,0.0,0.0,0.0,1.0,0.0,1.0,0.0,1.0,0.0,
-0.7781987863042813,0.5508994131673561,-0.5936976037678053,0.0,1.0,0.0,0.0,1.0,0.0,0.0,1.0,0.0,
-1.1123221836871096,-1.2214778803375508,-0.5936976037678053,0.0,1.0,0.0,0.0,1.0,0.0,0.0,1.0,0.0,
0.11279694004992687,-0.5595056381851157,-0.5936976037678053,0.0,0.0,0.0,1.0,0.0,1.0,0.0,1.0,0.0,
-1.0566349507899715,-1.3923094266994696,-0.5936976037678053,1.0,0.0,0.0,0.0,0.0,1.0,0.0,1.0,0.0,
-1.0009477178928334,-0.794399014432754,-0.5936976037678053,1.0,0.0,0.0,0.0,1.0,0.0,0.0,1.0,0.0,
1.115167132198411,1.8961978407674662,2.2172210478151255,0.0,1.0,0.0,0.0,0.0,0.0,1.0,1.0,0.0,
-0.8895732520985574,-0.9011687309089532,0.6296590186819088,0.0,0.0,0.0,1.0,1.0,0.0,0.0,1.0,0.0,
-0.22132645733290124,0.33735998021495767,-0.5936976037678053,0.0,1.0,0.0,0.0,1.0,0.0,0.0,1.0,0.0,
0.3355458716384789,-0.02565705580411965,1.3113768311920548,0.0,0.0,0.0,1.0,1.0,0.0,0.0,1.0,0.0,
-0.2770136902300393,-0.9865845040899126,0.14405180977057183,0.0,0.0,0.0,1.0,0.0,0.0,1.0,1.0,0.0,
-0.3883881560243153,-1.1574160504518314,0.4802414159399589,0.0,0.0,1.0,0.0,1.0,0.0,0.0,1.0,0.0,
-0.33270092312717736,0.05975871737683972,1.2179908294783361,0.0,0.0,0.0,1.0,0.0,1.0,0.0,1.0,0.0,
-0.5554498547157294,-0.6662753546613149,1.2086522293069644,0.0,0.0,1.0,0.0,0.0,1.0,0.0,1.0,0.0,
-0.8895732520985574,0.1451744905577991,-0.5936976037678053,0.0,0.0,0.0,1.0,1.0,0.0,0.0,1.0,0.0,
0.5582948032270308,1.6613044645198278,-0.5936976037678053,0.0,1.0,0.0,0.0,1.0,0.0,0.0,1.0,0.0,
0.18519034281620622,-0.516797751594636,-0.5936976037678053,0.0,0.0,1.0,0.0,0.0,1.0,0.0,1.0,0.0,
1.3379160637869632,0.16652843385303895,-0.5936976037678053,0.0,0.0,1.0,0.0,1.0,0.0,0.0,1.0,0.0,
-0.9452604849956954,-0.9865845040899126,-0.5936976037678053,1.0,0.0,0.0,0.0,1.0,0.0,0.0,1.0,0.0,
1.839101159861205,1.1274558821388319,0.19074481062743115,0.0,0.0,0.0,1.0,1.0,0.0,0.0,1.0,0.0,
-1.1123221836871096,-0.23919648875651808,1.7316138389037885,0.0,0.0,0.0,1.0,1.0,0.0,0.0,1.0,0.0,
-0.7225115534071435,-1.1574160504518314,-0.5936976037678053,0.0,0.0,0.0,1.0,0.0,0.0,1.0,1.0,0.0,
0.39123310453561694,-0.08971888568983918,0.2841308123411498,0.0,1.0,0.0,0.0,1.0,0.0,0.0,1.0,0.0,
0.39123310453561694,0.08111266067207956,2.1518508466155226,1.0,0.0,0.0,0.0,0.0,1.0,0.0,1.0,0.0,
-0.7781987863042813,-0.4527359217089165,-0.5936976037678053,0.0,0.0,0.0,1.0,0.0,1.0,0.0,1.0,0.0,
-0.8895732520985574,-1.1574160504518314,0.11603600925645623,0.0,1.0,0.0,0.0,0.0,0.0,1.0,1.0,0.0,
-0.5554498547157294,-0.7089832412517946,-0.5936976037678053,0.0,0.0,1.0,0.0,0.0,0.0,1.0,1.0,0.0,
2.4516607217297235,2.494108253034182,-0.5936976037678053,0.0,1.0,0.0,0.0,0.0,0.0,1.0,1.0,0.0,
-0.6111370876128674,1.1274558821388319,-0.5936976037678053,1.0,0.0,0.0,0.0,1.0,0.0,0.0,1.0,0.0,
0.39123310453561694,0.42277575339591705,-0.5936976037678053,1.0,0.0,0.0,0.0,0.0,1.0,0.0,1.0,0.0,
-0.10995199153862524,-0.7516911278422743,-0.5936976037678053,0.0,0.0,0.0,1.0,1.0,0.0,0.0,1.0,0.0,
-1.0009477178928334,0.1451744905577991,-0.5936976037678053,0.0,1.0,0.0,0.0,1.0,0.0,0.0,1.0,0.0,
-1.1123221836871096,-0.3459662052327173,0.24677641165566233,0.0,0.0,0.0,1.0,1.0,0.0,0.0,1.0,0.0,
-0.22132645733290124,0.10246660396731941,-0.5936976037678053,0.0,1.0,0.0,0.0,0.0,0.0,1.0,1.0,0.0,
-0.7781987863042813,-1.0720002772708719,-0.5936976037678053,0.0,0.0,0.0,1.0,0.0,1.0,0.0,1.0,0.0,
-0.2770136902300393,-0.8798147876137133,-0.5936976037678053,1.0,0.0,0.0,0.0,0.0,1.0,0.0,1.0,0.0,
0.1684841729470647,-0.7303371845470344,-0.5936976037678053,0.0,0.0,1.0,0.0,1.0,0.0,0.0,1.0,0.0,
0.5582948032270308,0.12382054726255926,-0.5936976037678053,1.0,0.0,0.0,0.0,0.0,0.0,1.0,1.0,0.0,
2.1732245572440334,1.38370320168171,1.0405574262222708,1.0,0.0,0.0,0.0,0.0,1.0,0.0,0.0,1.0,
-0.8338860192014194,-1.1147081638613516,0.36817821388349653,0.0,1.0,0.0,0.0,0.0,1.0,0.0,1.0,0.0,
-0.6668243205100054,1.5972426346341084,-0.5936976037678053,1.0,0.0,0.0,0.0,1.0,0.0,0.0,1.0,0.0,
0.1684841729470647,-0.36732014852795714,0.9845258251940395,0.0,0.0,0.0,1.0,0.0,0.0,1.0,1.0,0.0,
-0.4440753889214534,0.20923632044351861,0.405532614568984,0.0,0.0,1.0,0.0,0.0,0.0,1.0,1.0,0.0,
1.2822288308898249,0.18788237714827877,-0.5936976037678053,1.0,0.0,0.0,0.0,1.0,0.0,0.0,1.0,0.0,
-0.22132645733290124,-0.6662753546613149,-0.5936976037678053,0.0,1.0,0.0,0.0,0.0,0.0,1.0,1.0,0.0,
-0.6668243205100054,-0.26055043205175793,-0.5936976037678053,1.0,0.0,0.0,0.0,0.0,0.0,1.0,1.0,0.0,
-0.8338860192014194,1.8961978407674662,1.5915348363332107,0.0,0.0,0.0,1.0,0.0,1.0,0.0,0.0,1.0,
0.2798586387413408,0.7857927894149944,-0.5936976037678053,0.0,0.0,1.0,0.0,1.0,0.0,0.0,1.0,0.0,
-1.1123221836871096,0.35871392351019754,1.1246048277646175,0.0,1.0,0.0,0.0,1.0,0.0,0.0,1.0,0.0,
-1.0009477178928334,-1.0933542205661118,-0.5936976037678053,0.0,1.0,0.0,0.0,1.0,0.0,0.0,1.0,0.0,
0.7253565019184448,0.8285006760054741,-0.5936976037678053,0.0,0.0,1.0,0.0,0.0,0.0,1.0,1.0,0.0,
-0.10995199153862524,-0.23919648875651808,1.5261646351336076,1.0,0.0,0.0,0.0,0.0,0.0,1.0,1.0,0.0,
1.8947883927583433,0.27329815032923815,-0.5936976037678053,1.0,0.0,0.0,0.0,1.0,0.0,0.0,1.0,0.0,
-0.9452604849956954,-0.7516911278422743,-0.5936976037678053,0.0,1.0,0.0,0.0,1.0,0.0,0.0,0.0,1.0,
0.4469203374327547,-0.11107282898507902,-0.5936976037678053,1.0,0.0,0.0,0.0,1.0,0.0,0.0,1.0,0.0,
-0.3883881560243153,0.10246660396731941,-0.5936976037678053,0.0,0.0,0.0,1.0,0.0,0.0,1.0,1.0,0.0,
0.11279694004992687,-0.7089832412517946,1.1339434279359895,0.0,0.0,0.0,1.0,0.0,1.0,0.0,1.0,0.0,
-0.9452604849956954,0.08111266067207956,0.5269344167968182,1.0,0.0,0.0,0.0,1.0,0.0,0.0,1.0,0.0,
0.2798586387413408,-0.47408986500415634,-0.5936976037678053,1.0,0.0,0.0,0.0,0.0,0.0,1.0,1.0,0.0,
0.6139820361241689,0.38006786680543736,-0.5936976037678053,0.0,1.0,0.0,0.0,0.0,1.0,0.0,1.0,0.0,
-0.10995199153862524,-0.6449214113660751,-0.5936976037678053,1.0,0.0,0.0,0.0,0.0,0.0,1.0,1.0,0.0,
-0.7225115534071435,-0.06836494239459934,0.16272901011331556,0.0,0.0,1.0,0.0,0.0,1.0,0.0,1.0,0.0,
-0.49976262181859127,-0.4954438082993962,1.5168260349622358,0.0,1.0,0.0,0.0,1.0,0.0,0.0,1.0,0.0,
0.18519034281620622,-0.0043031125088798085,-0.5936976037678053,0.0,0.0,1.0,0.0,1.0,0.0,0.0,1.0,0.0,
0.5026075703298928,1.6826584078150677,-0.5936976037678053,1.0,0.0,0.0,0.0,1.0,0.0,0.0,1.0,0.0,
1.226541597992687,0.8285006760054741,-0.5936976037678053,0.0,0.0,1.0,0.0,0.0,1.0,0.0,1.0,0.0,
3.3983436809810694,2.2592148767865434,-0.5936976037678053,1.0,0.0,0.0,0.0,1.0,0.0,0.0,1.0,0.0,
0.0014224742556507477,0.12382054726255926,1.9930946437022008,0.0,0.0,0.0,1.0,0.0,0.0,1.0,1.0,0.0,
-1.0566349507899715,0.33735998021495767,1.2646838303351955,1.0,0.0,0.0,0.0,0.0,1.0,0.0,1.0,0.0,
-0.10995199153862524,-0.21784254546127824,1.6849208380469294,0.0,0.0,0.0,1.0,0.0,1.0,0.0,1.0,0.0,
-0.9452604849956954,-1.0720002772708719,-0.5936976037678053,0.0,1.0,0.0,0.0,1.0,0.0,0.0,1.0,0.0,
0.2798586387413408,-0.5595056381851157,-0.5936976037678053,1.0,0.0,0.0,0.0,0.0,0.0,1.0,1.0,0.0,
0.3355458716384789,-0.3032583186422376,-0.5936976037678053,0.0,0.0,0.0,1.0,1.0,0.0,0.0,1.0,0.0,
-0.3883881560243153,-0.6449214113660751,0.20942201097017488,0.0,0.0,0.0,1.0,0.0,1.0,0.0,1.0,0.0,
-0.8895732520985574,-1.1360621071565915,-0.5936976037678053,0.0,0.0,0.0,1.0,0.0,0.0,1.0,1.0,0.0,
-0.2770136902300393,-0.7303371845470344,-0.5936976037678053,0.0,0.0,1.0,0.0,1.0,0.0,0.0,1.0,0.0,
-0.2770136902300393,-0.516797751594636,-0.5936976037678053,0.0,0.0,1.0,0.0,1.0,0.0,0.0,1.0,0.0,
0.948105433506997,0.08111266067207956,-0.5936976037678053,1.0,0.0,0.0,0.0,0.0,0.0,1.0,1.0,0.0,
0.2798586387413408,-0.3459662052327173,0.8537854227948335,0.0,1.0,0.0,0.0,1.0,0.0,0.0,1.0,0.0,
-0.8895732520985574,-0.9438766174994329,0.9098170238230646,0.0,1.0,0.0,0.0,0.0,0.0,1.0,1.0,0.0,
0.057109707152788805,-0.7089832412517946,-0.5936976037678053,1.0,0.0,0.0,0.0,0.0,0.0,1.0,1.0,0.0,
-0.22132645733290124,0.05975871737683972,-0.5936976037678053,0.0,0.0,0.0,1.0,0.0,1.0,0.0,1.0,0.0,
0.37452693466647535,-0.28190437534699775,1.6475664373614418,0.0,0.0,1.0,0.0,1.0,0.0,0.0,1.0,0.0,
1.7834139269640672,0.33735998021495767,-0.5936976037678053,1.0,0.0,0.0,0.0,1.0,0.0,0.0,1.0,0.0,
-0.05426475864148731,0.35871392351019754,0.6296590186819088,0.0,1.0,0.0,0.0,1.0,0.0,0.0,1.0,0.0,
-0.6668243205100054,-0.9652305607946727,-0.5936976037678053,0.0,1.0,0.0,0.0,0.0,0.0,1.0,1.0,0.0,
-0.22132645733290124,-0.5808595814803555,-0.5936976037678053,1.0,0.0,0.0,0.0,0.0,1.0,0.0,1.0,0.0,
-0.7781987863042813,-0.9652305607946727,0.7510608209097429,0.0,0.0,1.0,0.0,0.0,1.0,0.0,1.0,0.0,
-0.7781987863042813,-0.8798147876137133,-0.5936976037678053,0.0,0.0,0.0,1.0,1.0,0.0,0.0,0.0,1.0,
-0.2770136902300393,-1.0933542205661118,0.21876061114154674,1.0,0.0,0.0,0.0,0.0,1.0,0.0,1.0,0.0,
1.6163522282726532,1.1915177120245515,-0.5936976037678053,1.0,0.0,0.0,0.0,0.0,0.0,1.0,1.0,0.0,
0.3355458716384789,1.2128716553197911,2.2825912490147284,0.0,0.0,1.0,0.0,1.0,0.0,0.0,1.0,0.0,
1.1708543650955487,0.7430849028245147,-0.5936976037678053,1.0,0.0,0.0,0.0,0.0,0.0,1.0,1.0,0.0,
-0.9452604849956954,-1.2214778803375508,-0.5936976037678053,0.0,0.0,0.0,1.0,0.0,1.0,0.0,1.0,0.0,
1.8947883927583433,0.9352703924816733,-0.5936976037678053,0.0,1.0,0.0,0.0,0.0,1.0,0.0,1.0,0.0,
-0.9452604849956954,-1.0933542205661118,-0.5936976037678053,0.0,0.0,0.0,1.0,1.0,0.0,0.0,1.0,0.0,
-0.8895732520985574,-1.1147081638613516,-0.5936976037678053,0.0,0.0,1.0,0.0,1.0,0.0,0.0,1.0,0.0,
-0.7781987863042813,1.0206861656626327,-0.5936976037678053,0.0,1.0,0.0,0.0,1.0,0.0,0.0,1.0,0.0,
0.22417140584420273,-0.4527359217089165,0.24677641165566233,0.0,0.0,1.0,0.0,1.0,0.0,0.0,1.0,0.0,
0.4469203374327547,2.6862937426913405,-0.5936976037678053,0.0,1.0,0.0,0.0,1.0,0.0,0.0,1.0,0.0,
2.2289117901411712,2.0243215005389055,-0.5936976037678053,1.0,0.0,0.0,0.0,1.0,0.0,0.0,1.0,0.0,
-0.8895732520985574,-1.1574160504518314,0.24677641165566233,0.0,0.0,0.0,1.0,1.0,0.0,0.0,1.0,0.0,
0.6139820361241689,-0.13242677228031888,-0.5936976037678053,0.0,0.0,1.0,0.0,0.0,1.0,0.0,1.0,0.0,
-0.22132645733290124,-0.32461226193747744,-0.5936976037678053,0.0,0.0,0.0,1.0,1.0,0.0,0.0,1.0,0.0,
-1.1123221836871096,1.0633940522531122,-0.5936976037678053,1.0,0.0,0.0,0.0,1.0,0.0,0.0,1.0,0.0,
-0.7225115534071435,-1.3282475968137502,-0.5936976037678053,0.0,0.0,0.0,1.0,1.0,0.0,0.0,1.0,0.0,
-0.33270092312717736,-0.5595056381851157,0.3308238131980091,1.0,0.0,0.0,0.0,1.0,0.0,0.0,1.0,0.0,
0.5026075703298928,1.2128716553197911,-0.5936976037678053,1.0,0.0,0.0,0.0,1.0,0.0,0.0,1.0,0.0,
0.5582948032270308,0.6363151863483155,2.03978764455906,1.0,0.0,0.0,0.0,0.0,1.0,0.0,0.0,1.0,
0.11279694004992687,-0.23919648875651808,-0.5936976037678053,0.0,0.0,0.0,1.0,1.0,0.0,0.0,1.0,0.0,
0.948105433506997,0.1451744905577991,-0.5936976037678053,1.0,0.0,0.0,0.0,0.0,0.0,1.0,1.0,0.0,
-0.3883881560243153,0.20923632044351861,0.5082572164540745,1.0,0.0,0.0,0.0,0.0,0.0,1.0,1.0,0.0,
-0.49976262181859127,2.1310912170151046,-0.5936976037678053,0.0,1.0,0.0,0.0,0.0,0.0,1.0,1.0,0.0,
0.11279694004992687,-0.5595056381851157,0.6016432181677931,1.0,0.0,0.0,0.0,0.0,0.0,1.0,1.0,0.0,
-1.0566349507899715,-1.3923094266994696,-0.5936976037678053,1.0,0.0,0.0,0.0,1.0,0.0,0.0,1.0,0.0,
-0.10995199153862524,0.40142181010067723,1.572857635990467,0.0,0.0,0.0,1.0,0.0,0.0,1.0,1.0,0.0,
-0.8895732520985574,0.10246660396731941,-0.5936976037678053,0.0,1.0,0.0,0.0,1.0,0.0,0.0,1.0,0.0,
-0.16563922443576332,-0.6449214113660751,-0.5936976037678053,0.0,0.0,1.0,0.0,0.0,1.0,0.0,1.0,0.0,
-0.16563922443576332,-1.0079384473851525,-0.5936976037678053,0.0,0.0,0.0,1.0,1.0,0.0,0.0,0.0,1.0,
0.5026075703298928,0.18788237714827877,-0.5936976037678053,1.0,0.0,0.0,0.0,0.0,0.0,1.0,1.0,0.0,
-0.4440753889214534,-0.7730450711375142,0.32148521302663724,1.0,0.0,0.0,0.0,0.0,1.0,0.0,1.0,0.0,
0.892418200609859,2.344630649967503,-0.5936976037678053,1.0,0.0,0.0,0.0,0.0,1.0,0.0,1.0,0.0,
0.11279694004992687,-0.7730450711375142,-0.5936976037678053,1.0,0.0,0.0,0.0,0.0,0.0,1.0,1.0,0.0,
0.057109707152788805,-0.13242677228031888,0.39619401439761215,0.0,0.0,1.0,0.0,1.0,0.0,0.0,1.0,0.0,
0.37452693466647535,0.12382054726255926,-0.5936976037678053,1.0,0.0,0.0,0.0,0.0,1.0,0.0,1.0,0.0,
-0.05426475864148731,-0.9865845040899126,-0.5936976037678053,1.0,0.0,0.0,0.0,0.0,0.0,1.0,1.0,0.0,
-0.6668243205100054,-0.04701099909935949,-0.5936976037678053,1.0,0.0,0.0,0.0,0.0,1.0,0.0,1.0,0.0,
-0.16563922443576332,-0.7089832412517946,-0.5936976037678053,0.0,0.0,1.0,0.0,0.0,1.0,0.0,1.0,0.0,
-1.0566349507899715,-1.3709554834042297,-0.5936976037678053,1.0,0.0,0.0,0.0,0.0,1.0,0.0,1.0,0.0,
3.231281982289655,2.1310912170151046,2.179866647129638,0.0,1.0,0.0,0.0,1.0,0.0,0.0,1.0,0.0,
0.39123310453561694,-0.11107282898507902,-0.5936976037678053,0.0,1.0,0.0,0.0,1.0,0.0,0.0,1.0,0.0,
-0.16563922443576332,0.5722533564625959,-0.5936976037678053,0.0,0.0,1.0,0.0,0.0,1.0,0.0,1.0,0.0,
-0.16563922443576332,-0.8584608443184735,-0.5936976037678053,0.0,0.0,1.0,0.0,0.0,1.0,0.0,1.0,0.0,
-1.0009477178928334,-1.1787699937470713,0.6296590186819088,1.0,0.0,0.0,0.0,1.0,0.0,0.0,1.0,0.0,
1.7834139269640672,0.9566243357769131,-0.5936976037678053,1.0,0.0,0.0,0.0,1.0,0.0,0.0,1.0,0.0,
2.2289117901411712,1.5758886913388686,-0.5936976037678053,0.0,1.0,0.0,0.0,1.0,0.0,0.0,1.0,0.0,
-1.0566349507899715,-1.2214778803375508,0.4335484150830996,0.0,0.0,1.0,0.0,0.0,1.0,0.0,1.0,0.0,
1.2989350007589664,1.4904729181579093,1.9930946437022008,0.0,1.0,0.0,0.0,1.0,0.0,0.0,1.0,0.0,
-0.9452604849956954,-1.2855397102232704,0.18140621045605929,0.0,1.0,0.0,0.0,0.0,1.0,0.0,1.0,0.0,
-1.0009477178928334,-1.4136633699947094,-0.5936976037678053,0.0,1.0,0.0,0.0,1.0,0.0,0.0,1.0,0.0,
-0.3883881560243153,1.8534899541769865,2.2172210478151255,0.0,0.0,0.0,1.0,1.0,0.0,0.0,1.0,0.0,
0.11279694004992687,0.08111266067207956,-0.5936976037678053,0.0,1.0,0.0,0.0,1.0,0.0,0.0,1.0,0.0,
-0.8895732520985574,-1.200123937042311,0.5642888174823056,0.0,0.0,0.0,1.0,0.0,1.0,0.0,1.0,0.0,
0.11279694004992687,0.5081915265768764,0.8537854227948335,0.0,0.0,0.0,1.0,0.0,1.0,0.0,1.0,0.0,
0.1684841729470647,2.3232767066722633,2.600103654841372,0.0,0.0,0.0,1.0,0.0,1.0,0.0,0.0,1.0,
-0.05426475864148731,-0.8798147876137133,0.8631240229662053,1.0,0.0,0.0,0.0,0.0,0.0,1.0,1.0,0.0,
0.2798586387413408,-0.7516911278422743,0.2841308123411498,1.0,0.0,0.0,0.0,0.0,0.0,1.0,1.0,0.0,
-0.5554498547157294,0.5081915265768764,-0.5936976037678053,1.0,0.0,0.0,0.0,0.0,0.0,1.0,1.0,0.0,
0.0014224742556507477,0.05975871737683972,-0.5936976037678053,0.0,1.0,0.0,0.0,1.0,0.0,0.0,1.0,0.0,
-0.6668243205100054,-1.1574160504518314,-0.5936976037678053,0.0,0.0,0.0,1.0,1.0,0.0,0.0,1.0,0.0,
-0.2770136902300393,0.12382054726255926,2.2732526488433566,0.0,0.0,1.0,0.0,1.0,0.0,0.0,0.0,1.0,
-0.8338860192014194,-1.1787699937470713,-0.5936976037678053,0.0,0.0,1.0,0.0,1.0,0.0,0.0,1.0,0.0,
0.057109707152788805,-0.5808595814803555,-0.5936976037678053,1.0,0.0,0.0,0.0,0.0,0.0,1.0,1.0,0.0,
1.4492905295812388,0.6149612430530756,-0.5936976037678053,1.0,0.0,0.0,0.0,1.0,0.0,0.0,1.0,0.0,
0.6139820361241689,0.18788237714827877,-0.5936976037678053,0.0,0.0,0.0,1.0,0.0,1.0,0.0,0.0,1.0,
-0.3883881560243153,-0.6449214113660751,-0.5936976037678053,0.0,0.0,0.0,1.0,0.0,0.0,1.0,1.0,0.0,
0.0014224742556507477,0.08111266067207956,1.1339434279359895,0.0,0.0,1.0,0.0,0.0,1.0,0.0,1.0,0.0,
0.057109707152788805,-0.11107282898507902,-0.5936976037678053,0.0,0.0,1.0,0.0,1.0,0.0,0.0,1.0,0.0,
-0.7225115534071435,0.33735998021495767,-0.5936976037678053,0.0,1.0,0.0,0.0,0.0,1.0,0.0,1.0,0.0,
-0.8895732520985574,-1.0933542205661118,0.13471320959919997,0.0,0.0,0.0,1.0,0.0,1.0,0.0,1.0,0.0,
0.0014224742556507477,0.08111266067207956,1.2179908294783361,0.0,1.0,0.0,0.0,1.0,0.0,0.0,1.0,0.0,
2.618722420421137,1.1701637687293116,-0.5936976037678053,0.0,1.0,0.0,0.0,1.0,0.0,0.0,1.0,0.0,
-0.5554498547157294,0.6149612430530756,-0.5936976037678053,1.0,0.0,0.0,0.0,0.0,0.0,1.0,1.0,0.0,
0.5582948032270308,-0.0043031125088798085,-0.5936976037678053,0.0,0.0,1.0,0.0,1.0,0.0,0.0,1.0,0.0,
1.5049777624783771,2.5581700829199012,-0.5936976037678053,1.0,0.0,0.0,0.0,1.0,0.0,0.0,1.0,0.0,
1.8947883927583433,1.4691189748626694,1.367408432220286,0.0,0.0,0.0,1.0,1.0,0.0,0.0,1.0,0.0,
-0.16563922443576332,2.1097372737198645,1.5635190358190951,0.0,0.0,1.0,0.0,0.0,0.0,1.0,0.0,1.0,
0.057109707152788805,-0.23919648875651808,-0.5936976037678053,0.0,0.0,0.0,1.0,0.0,0.0,1.0,1.0,0.0,
3.3426564480839316,2.045675443834145,-0.5936976037678053,0.0,1.0,0.0,0.0,1.0,0.0,0.0,1.0,0.0,
0.22417140584420273,0.05975871737683972,1.3207154313634266,0.0,1.0,0.0,0.0,0.0,1.0,0.0,1.0,0.0,
-0.7225115534071435,0.18788237714827877,0.956510024679924,0.0,0.0,1.0,0.0,1.0,0.0,0.0,1.0,0.0,
-0.3883881560243153,-1.1574160504518314,-0.5936976037678053,0.0,0.0,1.0,0.0,0.0,1.0,0.0,1.0,0.0,
-1.0009477178928334,-0.21784254546127824,-0.5936976037678053,0.0,0.0,0.0,1.0,1.0,0.0,0.0,1.0,0.0,
-0.8338860192014194,-1.1787699937470713,0.3588396137121247,0.0,0.0,1.0,0.0,1.0,0.0,0.0,1.0,0.0,
1.0037926664041348,0.700377016234035,-0.5936976037678053,0.0,1.0,0.0,0.0,0.0,0.0,1.0,1.0,0.0,
-0.9452604849956954,-0.8584608443184735,-0.5936976037678053,0.0,1.0,0.0,0.0,1.0,0.0,0.0,1.0,0.0,
0.7810437348155829,0.8498546193007139,-0.5936976037678053,1.0,0.0,0.0,0.0,1.0,0.0,0.0,1.0,0.0,
0.7253565019184448,1.2555795419102709,1.3113768311920548,0.0,1.0,0.0,0.0,1.0,0.0,0.0,1.0,0.0,
0.5026075703298928,1.0206861656626327,-0.5936976037678053,0.0,1.0,0.0,0.0,0.0,1.0,0.0,1.0,0.0,
1.2822288308898249,1.810782067586507,1.7316138389037885,1.0,0.0,0.0,0.0,1.0,0.0,0.0,1.0,0.0,
-1.1123221836871096,2.494108253034182,-0.5936976037678053,1.0,0.0,0.0,0.0,0.0,1.0,0.0,1.0,0.0,
-0.6946679369585744,-0.8584608443184735,0.47090281576858706,1.0,0.0,0.0,0.0,0.0,0.0,1.0,1.0,0.0,
-1.0566349507899715,2.0243215005389055,-0.5936976037678053,1.0,0.0,0.0,0.0,0.0,0.0,1.0,1.0,0.0,
-0.5554498547157294,-0.4527359217089165,0.4242098149117277,0.0,1.0,0.0,0.0,0.0,1.0,0.0,1.0,0.0,
-1.0009477178928334,-0.9652305607946727,-0.5936976037678053,0.0,0.0,0.0,1.0,0.0,1.0,0.0,1.0,0.0,
-0.6668243205100054,1.4050571449769498,-0.5936976037678053,1.0,0.0,0.0,0.0,1.0,0.0,0.0,1.0,0.0,
-1.0566349507899715,-1.0720002772708719,-0.5936976037678053,0.0,1.0,0.0,0.0,0.0,1.0,0.0,1.0,0.0,
-1.0566349507899715,-1.0933542205661118,-0.5936976037678053,1.0,0.0,0.0,0.0,0.0,1.0,0.0,1.0,0.0,
0.3355458716384789,-0.11107282898507902,-0.5936976037678053,0.0,0.0,0.0,1.0,1.0,0.0,0.0,1.0,0.0,
0.22417140584420273,1.4050571449769498,-0.5936976037678053,1.0,0.0,0.0,0.0,1.0,0.0,0.0,1.0,0.0,
-0.6111370876128674,-1.3282475968137502,0.11603600925645623,0.0,0.0,0.0,1.0,0.0,1.0,0.0,0.0,1.0,
-0.5554498547157294,-0.9225226742041931,0.36817821388349653,0.0,1.0,0.0,0.0,0.0,1.0,0.0,0.0,1.0,
-0.6668243205100054,0.20923632044351861,-0.5936976037678053,1.0,0.0,0.0,0.0,0.0,1.0,0.0,1.0,0.0,
0.057109707152788805,-0.11107282898507902,1.1339434279359895,0.0,0.0,1.0,0.0,1.0,0.0,0.0,1.0,0.0,
-0.8338860192014194,-1.0079384473851525,0.24677641165566233,1.0,0.0,0.0,0.0,0.0,0.0,1.0,1.0,0.0,
0.11279694004992687,-0.32461226193747744,-0.5936976037678053,1.0,0.0,0.0,0.0,0.0,0.0,1.0,1.0,0.0,
-0.6668243205100054,0.1451744905577991,-0.5936976037678053,0.0,0.0,1.0,0.0,1.0,0.0,0.0,1.0,0.0,
-0.16563922443576332,-0.9652305607946727,0.9191556239944365,0.0,0.0,1.0,0.0,0.0,1.0,0.0,1.0,0.0,
-0.5554498547157294,-0.6662753546613149,0.6670134193673962,0.0,0.0,1.0,0.0,0.0,1.0,0.0,1.0,0.0,
1.560664995375515,2.3232767066722633,-0.5936976037678053,0.0,1.0,0.0,0.0,0.0,1.0,0.0,1.0,0.0,
-1.0009477178928334,-1.3709554834042297,0.21876061114154674,1.0,0.0,0.0,0.0,1.0,0.0,0.0,1.0,0.0,
-0.16563922443576332,-0.06836494239459934,-0.5936976037678053,0.0,1.0,0.0,0.0,1.0,0.0,0.0,1.0,0.0,
-1.0566349507899715,-0.9225226742041931,-0.5936976037678053,0.0,0.0,0.0,1.0,0.0,0.0,1.0,1.0,0.0,
-0.7225115534071435,-1.0079384473851525,-0.5936976037678053,1.0,0.0,0.0,0.0,1.0,0.0,0.0,1.0,0.0,
1.115167132198411,0.20923632044351861,-0.5936976037678053,0.0,0.0,0.0,1.0,0.0,0.0,1.0,1.0,0.0,
-0.5554498547157294,-1.2214778803375508,-0.5936976037678053,0.0,0.0,0.0,1.0,1.0,0.0,0.0,1.0,0.0,
3.788154311261036,1.6826584078150677,-0.5936976037678053,0.0,1.0,0.0,0.0,1.0,0.0,0.0,1.0,0.0,
-0.8895732520985574,-1.3923094266994696,-0.5936976037678053,0.0,1.0,0.0,0.0,1.0,0.0,0.0,1.0,0.0,
-0.5554498547157294,-0.9225226742041931,-0.5936976037678053,1.0,0.0,0.0,0.0,1.0,0.0,0.0,0.0,1.0,
-0.2770136902300393,-1.2214778803375508,-0.5936976037678053,1.0,0.0,0.0,0.0,0.0,1.0,0.0,1.0,0.0,
-0.6111370876128674,0.48683758328163657,0.816431022109346,1.0,0.0,0.0,0.0,1.0,0.0,0.0,1.0,0.0,
-0.5554498547157294,-0.7303371845470344,-0.5936976037678053,0.0,0.0,1.0,0.0,0.0,0.0,1.0,1.0,0.0,
-1.0566349507899715,0.20923632044351861,-0.5936976037678053,1.0,0.0,0.0,0.0,0.0,0.0,1.0,1.0,0.0,
1.0037926664041348,1.0420401089578726,3.188435465637799,1.0,0.0,0.0,0.0,1.0,0.0,0.0,1.0,0.0,
0.057109707152788805,-0.7730450711375142,0.5175958166254464,0.0,1.0,0.0,0.0,0.0,0.0,1.0,1.0,0.0,
-0.9452604849956954,-1.1360621071565915,0.7043678200528837,0.0,0.0,1.0,0.0,0.0,0.0,1.0,1.0,0.0,
-0.8338860192014194,0.294652093624478,0.4148712147403559,0.0,0.0,1.0,0.0,0.0,0.0,1.0,1.0,0.0,
-0.3883881560243153,0.20923632044351861,0.5175958166254464,0.0,1.0,0.0,0.0,1.0,0.0,0.0,1.0,0.0,
-0.7781987863042813,-0.9225226742041931,-0.5936976037678053,0.0,0.0,1.0,0.0,0.0,1.0,0.0,1.0,0.0,
-0.7781987863042813,-1.3496015401089898,-0.5936976037678053,0.0,0.0,0.0,1.0,0.0,1.0,0.0,1.0,0.0,
0.948105433506997,0.20923632044351861,-0.5936976037678053,1.0,0.0,0.0,0.0,0.0,0.0,1.0,1.0,0.0,
-0.2770136902300393,2.088383330424625,2.8896002601538995,0.0,1.0,0.0,0.0,0.0,1.0,0.0,0.0,1.0,
-1.0566349507899715,-1.2855397102232704,0.25611501182703417,0.0,0.0,1.0,0.0,0.0,0.0,1.0,1.0,0.0,
0.3355458716384789,-0.7516911278422743,0.23743781148429047,0.0,0.0,0.0,1.0,1.0,0.0,0.0,1.0,0.0,
1.2822288308898249,1.0633940522531122,-0.5936976037678053,1.0,0.0,0.0,0.0,0.0,0.0,1.0,1.0,0.0,
-0.2770136902300393,0.7644388461197545,-0.5936976037678053,0.0,1.0,0.0,0.0,0.0,0.0,1.0,1.0,0.0,
-1.0009477178928334,-1.200123937042311,-0.5936976037678053,0.0,1.0,0.0,0.0,0.0,0.0,1.0,1.0,0.0,
0.4469203374327547,1.6613044645198278,-0.5936976037678053,0.0,1.0,0.0,0.0,0.0,1.0,0.0,0.0,1.0,
-0.4440753889214534,-0.9438766174994329,-0.5936976037678053,0.0,0.0,0.0,1.0,0.0,1.0,0.0,1.0,0.0,
-0.10995199153862524,-0.08971888568983918,-0.5936976037678053,0.0,0.0,0.0,1.0,0.0,0.0,1.0,1.0,0.0,
1.8947883927583433,0.9352703924816733,0.5082572164540745,1.0,0.0,0.0,0.0,1.0,0.0,0.0,1.0,0.0,
-0.6668243205100054,0.40142181010067723,1.6102120366759545,0.0,0.0,1.0,0.0,1.0,0.0,0.0,1.0,0.0,
-0.10995199153862524,0.48683758328163657,0.610981818339165,0.0,0.0,0.0,1.0,0.0,0.0,1.0,0.0,1.0,
-1.0009477178928334,2.088383330424625,-0.5936976037678053,0.0,0.0,1.0,0.0,1.0,0.0,0.0,0.0,1.0,
-0.6946679369585744,-0.9865845040899126,-0.5936976037678053,1.0,0.0,0.0,0.0,0.0,0.0,1.0,1.0,0.0,
-1.0009477178928334,-1.0079384473851525,-0.5936976037678053,1.0,0.0,0.0,0.0,0.0,0.0,1.0,1.0,0.0,
-0.2770136902300393,-0.3459662052327173,1.63822783719007,0.0,1.0,0.0,0.0,0.0,1.0,0.0,1.0,0.0,
1.115167132198411,0.6149612430530756,-0.5936976037678053,1.0,0.0,0.0,0.0,0.0,0.0,1.0,0.0,1.0,
0.11279694004992687,-0.04701099909935949,-0.5936976037678053,0.0,0.0,1.0,0.0,1.0,0.0,0.0,1.0,0.0,
-0.7225115534071435,-1.1574160504518314,0.610981818339165,0.0,1.0,0.0,0.0,0.0,0.0,1.0,1.0,0.0,
-1.1123221836871096,0.294652093624478,-0.5936976037678053,1.0,0.0,0.0,0.0,1.0,0.0,0.0,1.0,0.0,
0.6139820361241689,1.2555795419102709,-0.5936976037678053,0.0,1.0,0.0,0.0,1.0,0.0,0.0,1.0,0.0,
-0.22132645733290124,-0.4527359217089165,1.1339434279359895,1.0,0.0,0.0,0.0,0.0,0.0,1.0,1.0,0.0,
-1.0566349507899715,-1.200123937042311,0.5362730169681901,1.0,0.0,0.0,0.0,0.0,1.0,0.0,1.0,0.0,
0.11279694004992687,-0.5595056381851157,1.3113768311920548,0.0,0.0,0.0,1.0,1.0,0.0,0.0,1.0,0.0,
-1.0009477178928334,-1.3923094266994696,0.20942201097017488,0.0,1.0,0.0,0.0,1.0,0.0,0.0,1.0,0.0,
-0.7225115534071435,-0.8798147876137133,-0.5936976037678053,0.0,1.0,0.0,0.0,0.0,1.0,0.0,1.0,0.0,
-0.6668243205100054,0.18788237714827877,-0.5936976037678053,1.0,0.0,0.0,0.0,0.0,1.0,0.0,1.0,0.0,
-0.9452604849956954,-0.9865845040899126,-0.5936976037678053,0.0,1.0,0.0,0.0,1.0,0.0,0.0,1.0,0.0,
-0.8895732520985574,-0.32461226193747744,1.7409524390751605,0.0,1.0,0.0,0.0,0.0,0.0,1.0,1.0,0.0,
0.057109707152788805,-0.32461226193747744,1.5915348363332107,0.0,0.0,0.0,1.0,1.0,0.0,0.0,1.0,0.0,
2.3959734888325848,1.1701637687293116,0.3308238131980091,0.0,0.0,1.0,0.0,0.0,1.0,0.0,1.0,0.0,
-1.0009477178928334,-1.1574160504518314,-0.5936976037678053,1.0,0.0,0.0,0.0,1.0,0.0,0.0,1.0,0.0,
-0.6668243205100054,0.10246660396731941,-0.5936976037678053,0.0,0.0,1.0,0.0,1.0,0.0,0.0,1.0,0.0,
-0.5554498547157294,0.5936072997578358,1.08725042707913,0.0,0.0,1.0,0.0,1.0,0.0,0.0,1.0,0.0,
-0.7225115534071435,0.08111266067207956,0.816431022109346,0.0,0.0,1.0,0.0,0.0,1.0,0.0,1.0,0.0,
-0.33270092312717736,-1.0079384473851525,0.4148712147403559,0.0,1.0,0.0,0.0,0.0,1.0,0.0,1.0,0.0,
0.3355458716384789,-0.1537807155755587,1.3020382310206828,0.0,0.0,1.0,0.0,0.0,0.0,1.0,1.0,0.0,
0.057109707152788805,-0.794399014432754,0.2934694125125216,0.0,1.0,0.0,0.0,0.0,0.0,1.0,1.0,0.0,
-1.0566349507899715,-0.5808595814803555,-0.5936976037678053,0.0,0.0,0.0,1.0,0.0,0.0,1.0,1.0,0.0,
-1.0566349507899715,-0.794399014432754,-0.5936976037678053,0.0,0.0,0.0,1.0,1.0,0.0,0.0,1.0,0.0,
0.2798586387413408,0.12382054726255926,2.3292842498715878,0.0,1.0,0.0,0.0,1.0,0.0,0.0,1.0,0.0,
0.6139820361241689,0.16652843385303895,-0.5936976037678053,1.0,0.0,0.0,0.0,1.0,0.0,0.0,1.0,0.0,
1.6163522282726532,0.10246660396731941,-0.5936976037678053,1.0,0.0,0.0,0.0,1.0,0.0,0.0,1.0,0.0,
0.0014224742556507477,1.3409953150912304,-0.5936976037678053,0.0,1.0,0.0,0.0,1.0,0.0,0.0,1.0,0.0,
-0.6668243205100054,-0.9011687309089532,0.23743781148429047,0.0,1.0,0.0,0.0,0.0,0.0,1.0,1.0,0.0,
1.0037926664041348,0.27329815032923815,1.6755822378755574,1.0,0.0,0.0,0.0,1.0,0.0,0.0,1.0,0.0,
-0.7225115534071435,-1.200123937042311,-0.5936976037678053,0.0,0.0,0.0,1.0,1.0,0.0,0.0,1.0,0.0,
-0.6111370876128674,1.36234925838647,-0.5936976037678053,1.0,0.0,0.0,0.0,0.0,0.0,1.0,1.0,0.0,
0.8367309677127209,0.977978279072153,2.8429072592970406,1.0,0.0,0.0,0.0,1.0,0.0,0.0,1.0,0.0,
-1.1123221836871096,-0.7516911278422743,-0.5936976037678053,0.0,0.0,0.0,1.0,0.0,1.0,0.0,1.0,0.0,
-0.22132645733290124,-0.7089832412517946,-0.5936976037678053,1.0,0.0,0.0,0.0,0.0,1.0,0.0,1.0,0.0,
-0.2770136902300393,-1.1147081638613516,-0.5936976037678053,1.0,0.0,0.0,0.0,0.0,0.0,1.0,1.0,0.0,
-1.0566349507899715,-0.6876292979565548,0.9284942241658084,0.0,0.0,1.0,0.0,0.0,1.0,0.0,1.0,0.0,
0.5582948032270308,-0.04701099909935949,-0.5936976037678053,1.0,0.0,0.0,0.0,0.0,0.0,1.0,1.0,0.0,
2.952845817803965,0.977978279072153,0.9658486248512959,1.0,0.0,0.0,0.0,1.0,0.0,0.0,1.0,0.0,
0.0014224742556507477,-0.6662753546613149,1.08725042707913,0.0,0.0,1.0,0.0,0.0,0.0,1.0,0.0,1.0,
0.39123310453561694,0.08111266067207956,-0.5936976037678053,1.0,0.0,0.0,0.0,0.0,1.0,0.0,1.0,0.0,
-1.1123221836871096,-1.3709554834042297,-0.5936976037678053,0.0,1.0,0.0,0.0,1.0,0.0,0.0,1.0,0.0,
0.057109707152788805,-0.32461226193747744,-0.5936976037678053,0.0,0.0,1.0,0.0,0.0,0.0,1.0,1.0,0.0,
0.057109707152788805,0.05975871737683972,-0.5936976037678053,0.0,0.0,1.0,0.0,1.0,0.0,0.0,1.0,0.0,
-0.5554498547157294,-1.0720002772708719,0.7790766214238586,0.0,0.0,0.0,1.0,1.0,0.0,0.0,1.0,0.0,
-0.8338860192014194,-0.9865845040899126,-0.5936976037678053,0.0,0.0,1.0,0.0,0.0,1.0,0.0,1.0,0.0,
0.3355458716384789,0.1451744905577991,-0.5936976037678053,1.0,0.0,0.0,0.0,0.0,1.0,0.0,0.0,1.0,
0.8367309677127209,1.4050571449769498,-0.5936976037678053,1.0,0.0,0.0,0.0,1.0,0.0,0.0,1.0,0.0,
-0.8338860192014194,-1.1360621071565915,0.34016241336938097,1.0,0.0,0.0,0.0,0.0,1.0,0.0,1.0,0.0,
-0.8895732520985574,0.18788237714827877,0.7603994210811148,0.0,1.0,0.0,0.0,0.0,0.0,1.0,1.0,0.0,
-1.0566349507899715,-1.4350173132899493,-0.5936976037678053,0.0,1.0,0.0,0.0,0.0,0.0,1.0,1.0,0.0,
0.3355458716384789,-0.23919648875651808,-0.5936976037678053,0.0,0.0,0.0,1.0,1.0,0.0,0.0,1.0,0.0,
2.618722420421137,2.1097372737198645,-0.5936976037678053,0.0,1.0,0.0,0.0,1.0,0.0,0.0,1.0,0.0,
0.7253565019184448,1.3409953150912304,-0.5936976037678053,0.0,1.0,0.0,0.0,1.0,0.0,0.0,1.0,0.0,
-0.7781987863042813,1.0633940522531122,2.600103654841372,0.0,0.0,1.0,0.0,1.0,0.0,0.0,0.0,1.0,
-0.13779560798719429,-0.28190437534699775,-0.5936976037678053,0.0,1.0,0.0,0.0,0.0,0.0,1.0,1.0,0.0,
-0.7781987863042813,-0.8798147876137133,-0.5936976037678053,0.0,1.0,0.0,0.0,0.0,0.0,1.0,1.0,0.0,
-0.7781987863042813,-1.3068936535185103,-0.5936976037678053,0.0,0.0,0.0,1.0,0.0,1.0,0.0,1.0,0.0,
-0.6111370876128674,-1.1574160504518314,0.46156421559721517,0.0,0.0,0.0,1.0,0.0,1.0,0.0,1.0,0.0,
-0.6668243205100054,-0.9225226742041931,0.14405180977057183,0.0,1.0,0.0,0.0,1.0,0.0,0.0,1.0,0.0,
-0.5554498547157294,-0.9438766174994329,-0.5936976037678053,1.0,0.0,0.0,0.0,0.0,0.0,1.0,1.0,0.0,
-1.0009477178928334,-0.7730450711375142,0.6856906197101399,0.0,0.0,0.0,1.0,1.0,0.0,0.0,1.0,0.0,
2.5073479546268613,1.8321360108817466,3.935523479347548,0.0,0.0,1.0,0.0,0.0,1.0,0.0,0.0,1.0,
-0.33270092312717736,-0.28190437534699775,-0.5936976037678053,0.0,0.0,1.0,0.0,0.0,0.0,1.0,1.0,0.0,
-1.0009477178928334,-1.0720002772708719,-0.5936976037678053,0.0,0.0,1.0,0.0,0.0,1.0,0.0,1.0,0.0,
-0.7392177232762849,-1.1147081638613516,-0.5936976037678053,0.0,0.0,1.0,0.0,0.0,1.0,0.0,1.0,0.0,
1.226541597992687,2.451400366443702,-0.5936976037678053,0.0,1.0,0.0,0.0,0.0,1.0,0.0,1.0,0.0,
1.6163522282726532,0.8285006760054741,-0.5936976037678053,1.0,0.0,0.0,0.0,1.0,0.0,0.0,1.0,0.0,
3.1199075164953793,2.4300464231484624,-0.5936976037678053,0.0,1.0,0.0,0.0,1.0,0.0,0.0,1.0,0.0,
-1.0009477178928334,-0.516797751594636,1.0125416257081552,0.0,0.0,0.0,1.0,1.0,0.0,0.0,1.0,0.0,
1.8947883927583433,0.9139164491864334,-0.5936976037678053,1.0,0.0,0.0,0.0,1.0,0.0,0.0,1.0,0.0,
-0.5554498547157294,-0.9652305607946727,-0.5936976037678053,0.0,0.0,1.0,0.0,0.0,1.0,0.0,1.0,0.0,
0.0014224742556507477,-0.23919648875651808,0.7323836205669992,0.0,0.0,1.0,0.0,0.0,0.0,1.0,1.0,0.0,
2.284599023038309,2.0029675572436654,0.39619401439761215,0.0,1.0,0.0,0.0,0.0,0.0,1.0,0.0,1.0,
-0.5554498547157294,-0.9438766174994329,-0.5936976037678053,1.0,0.0,0.0,0.0,1.0,0.0,0.0,1.0,0.0,
-0.7225115534071435,-0.7089832412517946,0.4802414159399589,0.0,1.0,0.0,0.0,0.0,0.0,1.0,1.0,0.0,
2.618722420421137,2.1310912170151046,-0.5936976037678053,0.0,1.0,0.0,0.0,1.0,0.0,0.0,1.0,0.0,
-0.3883881560243153,-0.8584608443184735,0.4895800161113308,0.0,0.0,1.0,0.0,1.0,0.0,0.0,1.0,0.0,
0.3355458716384789,-0.02565705580411965,-0.5936976037678053,0.0,0.0,0.0,1.0,0.0,0.0,1.0,1.0,0.0,
-0.6668243205100054,-0.26055043205175793,-0.5936976037678053,0.0,0.0,1.0,0.0,0.0,0.0,1.0,1.0,0.0,
-0.3883881560243153,-0.8798147876137133,-0.5936976037678053,0.0,0.0,0.0,1.0,0.0,0.0,1.0,1.0,0.0,
0.057109707152788805,0.08111266067207956,-0.5936976037678053,0.0,0.0,0.0,1.0,0.0,0.0,1.0,1.0,0.0,
-0.8895732520985574,0.05975871737683972,-0.5936976037678053,0.0,0.0,0.0,1.0,1.0,0.0,0.0,1.0,0.0,
0.2798586387413408,-0.21784254546127824,-0.5936976037678053,0.0,0.0,1.0,0.0,1.0,0.0,0.0,1.0,0.0,
-0.10995199153862524,-0.6449214113660751,-0.5936976037678053,0.0,0.0,0.0,1.0,1.0,0.0,0.0,1.0,0.0,
0.39123310453561694,-0.7516911278422743,-0.5936976037678053,0.0,0.0,1.0,0.0,0.0,1.0,0.0,1.0,0.0,
0.2798586387413408,-0.21784254546127824,1.4794716342767482,0.0,0.0,1.0,0.0,1.0,0.0,0.0,1.0,0.0,
-0.9452604849956954,-0.06836494239459934,0.7790766214238586,0.0,0.0,1.0,0.0,0.0,1.0,0.0,1.0,0.0,
-0.9452604849956954,-0.6876292979565548,0.8818012233089491,1.0,0.0,0.0,0.0,0.0,0.0,1.0,1.0,0.0,
2.2289117901411712,1.1274558821388319,-0.5936976037678053,0.0,0.0,0.0,1.0,0.0,0.0,1.0,1.0,0.0,
3.0642202835982415,1.6399505212245882,-0.5936976037678053,0.0,1.0,0.0,0.0,1.0,0.0,0.0,1.0,0.0,
-0.16563922443576332,-0.4954438082993962,1.4421172335912609,0.0,0.0,0.0,1.0,1.0,0.0,0.0,1.0,0.0,
-0.16563922443576332,0.42277575339591705,0.18140621045605929,0.0,1.0,0.0,0.0,0.0,1.0,0.0,1.0,0.0,
-0.3883881560243153,-1.2214778803375508,0.3775168140548684,0.0,0.0,1.0,0.0,0.0,1.0,0.0,0.0,1.0,
3.0085330507011037,1.8961978407674662,-0.5936976037678053,0.0,0.0,0.0,1.0,0.0,0.0,1.0,1.0,0.0,
3.1199075164953793,2.2805688200817835,-0.5936976037678053,0.0,1.0,0.0,0.0,1.0,0.0,0.0,1.0,0.0,
-0.2770136902300393,-0.7303371845470344,-0.5936976037678053,0.0,1.0,0.0,0.0,1.0,0.0,0.0,1.0,0.0,
-0.49976262181859127,-0.7516911278422743,0.6296590186819088,0.0,0.0,0.0,1.0,0.0,1.0,0.0,1.0,0.0,
-0.5554498547157294,-1.0079384473851525,0.19074481062743115,1.0,0.0,0.0,0.0,1.0,0.0,0.0,1.0,0.0,
-0.05426475864148731,-0.6662753546613149,0.7417222207383711,1.0,0.0,0.0,0.0,0.0,0.0,1.0,1.0,0.0,
0.1684841729470647,-0.28190437534699775,-0.5936976037678053,0.0,0.0,1.0,0.0,1.0,0.0,0.0,1.0,0.0,
3.788154311261036,2.6862937426913405,-0.5936976037678053,0.0,1.0,0.0,0.0,1.0,0.0,0.0,1.0,0.0,
-1.1123221836871096,1.3409953150912304,-0.5936976037678053,0.0,1.0,0.0,0.0,1.0,0.0,0.0,1.0,0.0,
-1.1123221836871096,2.2165069901960637,2.954970461353503,0.0,1.0,0.0,0.0,1.0,0.0,0.0,1.0,0.0,
-0.05426475864148731,2.045675443834145,-0.5936976037678053,0.0,1.0,0.0,0.0,0.0,1.0,0.0,1.0,0.0,
3.788154311261036,2.6649397993961004,-0.5936976037678053,0.0,1.0,0.0,0.0,1.0,0.0,0.0,1.0,0.0,
3.0642202835982415,1.8321360108817466,-0.5936976037678053,0.0,1.0,0.0,0.0,1.0,0.0,0.0,1.0,0.0,
-1.0009477178928334,-0.9865845040899126,0.11603600925645623,1.0,0.0,0.0,0.0,0.0,0.0,1.0,1.0,0.0,
-0.8338860192014194,-0.9225226742041931,-0.5936976037678053,0.0,0.0,1.0,0.0,0.0,1.0,0.0,1.0,0.0,
-0.8895732520985574,-1.1787699937470713,0.14405180977057183,0.0,0.0,0.0,1.0,0.0,1.0,0.0,1.0,0.0,
-1.0009477178928334,-0.8798147876137133,-0.5936976037678053,0.0,0.0,1.0,0.0,0.0,1.0,0.0,1.0,0.0,
0.39123310453561694,0.294652093624478,-0.5936976037678053,0.0,1.0,0.0,0.0,1.0,0.0,0.0,1.0,0.0,
-1.0566349507899715,0.294652093624478,2.2732526488433566,1.0,0.0,0.0,0.0,0.0,1.0,0.0,1.0,0.0,
-1.0566349507899715,-0.08971888568983918,0.13471320959919997,1.0,0.0,0.0,0.0,1.0,0.0,0.0,1.0,0.0,
-0.5554498547157294,-0.8584608443184735,-0.5936976037678053,0.0,0.0,0.0,1.0,0.0,1.0,0.0,1.0,0.0,
0.1684841729470647,0.7644388461197545,-0.5936976037678053,0.0,0.0,0.0,1.0,0.0,0.0,1.0,1.0,0.0,
-0.05426475864148731,0.42277575339591705,-0.5936976037678053,1.0,0.0,0.0,0.0,0.0,1.0,0.0,1.0,0.0,
0.3355458716384789,0.5722533564625959,-0.5936976037678053,1.0,0.0,0.0,0.0,1.0,0.0,0.0,1.0,0.0,
0.7253565019184448,0.9352703924816733,-0.5936976037678053,0.0,1.0,0.0,0.0,1.0,0.0,0.0,1.0,0.0,
-0.7781987863042813,1.1274558821388319,-0.5936976037678053,1.0,0.0,0.0,0.0,1.0,0.0,0.0,1.0,0.0,
0.1684841729470647,-0.06836494239459934,2.0678034450731757,0.0,0.0,1.0,0.0,1.0,0.0,0.0,1.0,0.0,
-0.5554498547157294,-0.26055043205175793,-0.5936976037678053,0.0,1.0,0.0,0.0,0.0,0.0,1.0,1.0,0.0,
0.4469203374327547,-0.4527359217089165,1.292699630849311,1.0,0.0,0.0,0.0,1.0,0.0,0.0,1.0,0.0,
-0.8895732520985574,-0.9438766174994329,0.14405180977057183,0.0,0.0,0.0,1.0,0.0,1.0,0.0,1.0,0.0,
-0.7225115534071435,-0.6876292979565548,0.9284942241658084,0.0,1.0,0.0,0.0,1.0,0.0,0.0,1.0,0.0,
-0.22132645733290124,-0.23919648875651808,-0.5936976037678053,0.0,0.0,1.0,0.0,0.0,0.0,1.0,1.0,0.0,
-0.8895732520985574,-1.1787699937470713,0.3308238131980091,0.0,0.0,0.0,1.0,1.0,0.0,0.0,1.0,0.0,
-0.16563922443576332,-0.9438766174994329,0.5642888174823056,0.0,0.0,0.0,1.0,1.0,0.0,0.0,1.0,0.0,
0.892418200609859,-0.36732014852795714,-0.5936976037678053,0.0,0.0,0.0,1.0,0.0,0.0,1.0,1.0,0.0,
-0.33270092312717736,-0.3032583186422376,-0.5936976037678053,1.0,0.0,0.0,0.0,0.0,0.0,1.0,1.0,0.0,
0.11279694004992687,-0.23919648875651808,-0.5936976037678053,0.0,0.0,1.0,0.0,1.0,0.0,0.0,1.0,0.0,
0.057109707152788805,0.18788237714827877,0.6576748191960243,0.0,0.0,1.0,0.0,1.0,0.0,0.0,1.0,0.0,
1.0037926664041348,1.234225598615031,-0.5936976037678053,1.0,0.0,0.0,0.0,1.0,0.0,0.0,1.0,0.0,
0.3355458716384789,0.33735998021495767,-0.5936976037678053,1.0,0.0,0.0,0.0,1.0,0.0,0.0,1.0,0.0,
2.1732245572440334,1.1488098254340717,-0.5936976037678053,1.0,0.0,0.0,0.0,0.0,0.0,1.0,1.0,0.0,
0.3355458716384789,0.5936072997578358,-0.5936976037678053,1.0,0.0,0.0,0.0,1.0,0.0,0.0,1.0,0.0,
0.0014224742556507477,0.700377016234035,2.7588598577546937,0.0,1.0,0.0,0.0,1.0,0.0,0.0,1.0,0.0,
-0.5554498547157294,0.33735998021495767,-0.5936976037678053,0.0,0.0,0.0,1.0,0.0,1.0,0.0,1.0,0.0,
0.5026075703298928,1.38370320168171,-0.5936976037678053,1.0,0.0,0.0,0.0,1.0,0.0,0.0,1.0,0.0,
-0.5554498547157294,2.301922763377023,3.533963671978558,1.0,0.0,0.0,0.0,1.0,0.0,0.0,1.0,0.0,
-1.0009477178928334,-0.516797751594636,0.8444468226234616,0.0,0.0,0.0,1.0,1.0,0.0,0.0,1.0,0.0,
0.22417140584420273,0.7857927894149944,-0.5936976037678053,1.0,0.0,0.0,0.0,1.0,0.0,0.0,0.0,1.0,
-0.7781987863042813,1.0420401089578726,-0.5936976037678053,0.0,1.0,0.0,0.0,1.0,0.0,0.0,1.0,0.0,
-1.0009477178928334,0.12382054726255926,-0.5936976037678053,0.0,0.0,0.0,1.0,0.0,0.0,1.0,1.0,0.0,
-0.16563922443576332,2.344630649967503,-0.5936976037678053,1.0,0.0,0.0,0.0,1.0,0.0,0.0,1.0,0.0,
2.4126796587017267,1.5972426346341084,-0.5936976037678053,1.0,0.0,0.0,0.0,1.0,0.0,0.0,1.0,0.0,
-0.5554498547157294,0.27329815032923815,-0.5936976037678053,0.0,0.0,0.0,1.0,0.0,1.0,0.0,1.0,0.0,
-1.0009477178928334,-1.0933542205661118,-0.5936976037678053,0.0,0.0,0.0,1.0,1.0,0.0,0.0,1.0,0.0,
-0.2770136902300393,-0.9865845040899126,0.891139823480321,1.0,0.0,0.0,0.0,0.0,1.0,0.0,1.0,0.0,
-0.5554498547157294,0.05975871737683972,-0.5936976037678053,1.0,0.0,0.0,0.0,0.0,0.0,1.0,1.0,0.0,
1.1708543650955487,1.8321360108817466,-0.5936976037678053,1.0,0.0,0.0,0.0,1.0,0.0,0.0,1.0,0.0,
-0.05426475864148731,-0.23919648875651808,-0.5936976037678053,0.0,1.0,0.0,0.0,0.0,1.0,0.0,1.0,0.0,
1.5049777624783771,1.5758886913388686,-0.5936976037678053,1.0,0.0,0.0,0.0,1.0,0.0,0.0,1.0,0.0,
3.2869692151867937,1.8321360108817466,2.3012684493574724,0.0,0.0,0.0,1.0,0.0,0.0,1.0,1.0,0.0,
-0.2770136902300393,-0.5595056381851157,-0.5936976037678053,1.0,0.0,0.0,0.0,1.0,0.0,0.0,1.0,0.0,
-0.3883881560243153,0.9993322223673928,-0.5936976037678053,0.0,1.0,0.0,0.0,1.0,0.0,0.0,1.0,0.0,
0.1684841729470647,-0.1537807155755587,-0.5936976037678053,0.0,1.0,0.0,0.0,0.0,0.0,1.0,1.0,0.0,
-0.7781987863042813,-0.6449214113660751,0.6296590186819088,0.0,0.0,1.0,0.0,0.0,1.0,0.0,1.0,0.0,
-0.10995199153862524,0.6149612430530756,-0.5936976037678053,0.0,1.0,0.0,0.0,0.0,1.0,0.0,1.0,0.0,
-1.1123221836871096,-1.1147081638613516,-0.5936976037678053,0.0,1.0,0.0,0.0,0.0,0.0,1.0,1.0,0.0,
1.0037926664041348,0.42277575339591705,-0.5936976037678053,1.0,0.0,0.0,0.0,1.0,0.0,0.0,1.0,0.0,
0.3355458716384789,2.2805688200817835,-0.5936976037678053,0.0,0.0,1.0,0.0,0.0,0.0,1.0,0.0,1.0,
-0.9452604849956954,-1.3282475968137502,-0.5936976037678053,0.0,0.0,0.0,1.0,1.0,0.0,0.0,1.0,0.0,
-0.33270092312717736,-0.32461226193747744,-0.5936976037678053,0.0,0.0,1.0,0.0,0.0,0.0,1.0,1.0,0.0,
1.115167132198411,-0.13242677228031888,-0.5936976037678053,0.0,0.0,0.0,1.0,0.0,0.0,1.0,1.0,0.0,
0.0014224742556507477,0.05975871737683972,-0.5936976037678053,0.0,0.0,1.0,0.0,0.0,0.0,1.0,0.0,1.0,
0.0014224742556507477,0.05975871737683972,-0.5936976037678053,0.0,0.0,1.0,0.0,0.0,1.0,0.0,1.0,0.0,
-0.7225115534071435,-1.3923094266994696,-0.5936976037678053,0.0,0.0,0.0,1.0,0.0,1.0,0.0,1.0,0.0,
0.057109707152788805,1.4050571449769498,-0.5936976037678053,0.0,1.0,0.0,0.0,1.0,0.0,0.0,1.0,0.0,
-1.0009477178928334,-1.3709554834042297,0.25611501182703417,1.0,0.0,0.0,0.0,1.0,0.0,0.0,1.0,0.0,
2.7857841191125514,2.4086924798532223,4.832029095799247,0.0,1.0,0.0,0.0,0.0,1.0,0.0,1.0,0.0,
0.0014224742556507477,-0.26055043205175793,-0.5936976037678053,0.0,0.0,1.0,0.0,0.0,0.0,1.0,1.0,0.0,
-1.1123221836871096,0.12382054726255926,-0.5936976037678053,0.0,1.0,0.0,0.0,1.0,0.0,0.0,1.0,0.0,
-0.9452604849956954,-0.9438766174994329,-0.5936976037678053,0.0,1.0,0.0,0.0,0.0,1.0,0.0,1.0,0.0,
-0.7225115534071435,-0.02565705580411965,-0.5936976037678053,0.0,1.0,0.0,0.0,0.0,1.0,0.0,1.0,0.0,
-0.9452604849956954,-1.200123937042311,-0.5936976037678053,0.0,1.0,0.0,0.0,0.0,1.0,0.0,1.0,0.0,
-0.49976262181859127,-0.04701099909935949,-0.5936976037678053,0.0,1.0,0.0,0.0,1.0,0.0,0.0,1.0,0.0,
-0.6111370876128674,-1.0720002772708719,-0.5936976037678053,1.0,0.0,0.0,0.0,0.0,0.0,1.0,1.0,0.0,
-0.10995199153862524,-0.9438766174994329,-0.5936976037678053,0.0,0.0,0.0,1.0,1.0,0.0,0.0,1.0,0.0,
-1.0566349507899715,-1.3496015401089898,-0.5936976037678053,1.0,0.0,0.0,0.0,0.0,1.0,0.0,1.0,0.0,
-0.5554498547157294,-1.0933542205661118,-0.5936976037678053,0.0,0.0,0.0,1.0,1.0,0.0,0.0,1.0,0.0,
0.057109707152788805,0.8071467327102342,-0.5936976037678053,0.0,0.0,0.0,1.0,0.0,0.0,1.0,1.0,0.0,
-1.0566349507899715,-0.9865845040899126,-0.5936976037678053,0.0,0.0,1.0,0.0,0.0,1.0,0.0,1.0,0.0,
-1.0009477178928334,-1.3496015401089898,0.3588396137121247,0.0,0.0,0.0,1.0,1.0,0.0,0.0,1.0,0.0,
-1.0009477178928334,-0.794399014432754,-0.5936976037678053,1.0,0.0,0.0,0.0,0.0,0.0,1.0,1.0,0.0,
3.3426564480839316,1.917551784062706,-0.5936976037678053,0.0,1.0,0.0,0.0,1.0,0.0,0.0,1.0,0.0,
-0.6668243205100054,0.05975871737683972,0.13471320959919997,0.0,0.0,0.0,1.0,1.0,0.0,0.0,1.0,0.0,
2.0618500914497573,1.9816136139484255,-0.5936976037678053,0.0,0.0,0.0,1.0,0.0,0.0,1.0,1.0,0.0,
-0.5554498547157294,-0.6662753546613149,-0.5936976037678053,0.0,1.0,0.0,0.0,0.0,0.0,1.0,1.0,0.0,
0.669669269021307,1.1701637687293116,-0.5936976037678053,0.0,0.0,0.0,1.0,0.0,1.0,0.0,1.0,0.0,
-0.7781987863042813,-1.0079384473851525,-0.5936976037678053,0.0,0.0,0.0,1.0,1.0,0.0,0.0,1.0,0.0,
0.7810437348155829,0.12382054726255926,-0.5936976037678053,0.0,0.0,0.0,1.0,1.0,0.0,0.0,1.0,0.0,
0.18519034281620622,-0.0043031125088798085,0.14405180977057183,0.0,0.0,1.0,0.0,1.0,0.0,0.0,1.0,0.0,
-0.8338860192014194,-1.200123937042311,0.31214661285526535,0.0,0.0,1.0,0.0,0.0,1.0,0.0,1.0,0.0,
2.4126796587017267,2.5581700829199012,-0.5936976037678053,0.0,0.0,1.0,0.0,0.0,0.0,1.0,0.0,1.0,
-0.3883881560243153,0.20923632044351861,2.198543847472382,0.0,0.0,0.0,1.0,0.0,0.0,1.0,1.0,0.0,
0.7810437348155829,1.1915177120245515,-0.5936976037678053,1.0,0.0,0.0,0.0,1.0,0.0,0.0,1.0,0.0,
-0.3883881560243153,-0.9438766174994329,-0.5936976037678053,0.0,0.0,1.0,0.0,1.0,0.0,0.0,1.0,0.0,
-0.3883881560243153,-0.7089832412517946,-0.5936976037678053,0.0,0.0,0.0,1.0,0.0,0.0,1.0,1.0,0.0,
-0.7781987863042813,-0.9225226742041931,0.1253746094278281,0.0,0.0,0.0,1.0,1.0,0.0,0.0,1.0,0.0,
-0.5554498547157294,2.088383330424625,-0.5936976037678053,1.0,0.0,0.0,0.0,1.0,0.0,0.0,1.0,0.0,
0.37452693466647535,0.05975871737683972,0.9098170238230646,0.0,0.0,1.0,0.0,0.0,1.0,0.0,1.0,0.0,
0.11279694004992687,1.3409953150912304,-0.5936976037678053,0.0,1.0,0.0,0.0,0.0,1.0,0.0,1.0,0.0,
-0.8895732520985574,-1.2214778803375508,0.5362730169681901,1.0,0.0,0.0,0.0,0.0,0.0,1.0,1.0,0.0,
-0.16563922443576332,-0.8798147876137133,0.21876061114154674,0.0,0.0,0.0,1.0,1.0,0.0,0.0,1.0,0.0,
0.1684841729470647,-0.1537807155755587,-0.5936976037678053,0.0,0.0,0.0,1.0,0.0,0.0,1.0,1.0,0.0,
-0.6111370876128674,-1.0720002772708719,-0.5936976037678053,0.0,0.0,1.0,0.0,0.0,0.0,1.0,1.0,0.0,
-0.6111370876128674,-0.794399014432754,0.2934694125125216,0.0,0.0,0.0,1.0,0.0,1.0,0.0,1.0,0.0,
-0.8338860192014194,-1.1574160504518314,-0.5936976037678053,1.0,0.0,0.0,0.0,0.0,1.0,0.0,1.0,0.0,
0.3355458716384789,-0.23919648875651808,-0.5936976037678053,0.0,0.0,0.0,1.0,0.0,0.0,1.0,1.0,0.0,
-0.8895732520985574,1.8748438974722264,0.4895800161113308,0.0,1.0,0.0,0.0,1.0,0.0,0.0,1.0,0.0,
-0.18234539430490473,-0.6662753546613149,-0.5936976037678053,0.0,1.0,0.0,0.0,0.0,1.0,0.0,1.0,0.0,
0.4469203374327547,-0.3032583186422376,-0.5936976037678053,0.0,0.0,1.0,0.0,1.0,0.0,0.0,1.0,0.0,
1.727726694066929,1.4050571449769498,2.7121668568978343,0.0,0.0,0.0,1.0,0.0,0.0,1.0,1.0,0.0,
-0.6111370876128674,-1.0079384473851525,-0.5936976037678053,0.0,0.0,1.0,0.0,1.0,0.0,0.0,1.0,0.0,
0.11279694004992687,0.7217309595292748,0.36817821388349653,0.0,0.0,0.0,1.0,0.0,1.0,0.0,1.0,0.0,
0.11279694004992687,-0.4527359217089165,-0.5936976037678053,0.0,0.0,1.0,0.0,1.0,0.0,0.0,1.0,0.0,
-0.9452604849956954,0.12382054726255926,1.4421172335912609,1.0,0.0,0.0,0.0,1.0,0.0,0.0,1.0,0.0,
-0.16563922443576332,0.08111266067207956,-0.5936976037678053,0.0,0.0,0.0,1.0,0.0,1.0,0.0,1.0,0.0,
-0.9452604849956954,-1.2214778803375508,-0.5936976037678053,1.0,0.0,0.0,0.0,1.0,0.0,0.0,0.0,1.0,
-0.9452604849956954,-1.200123937042311,0.38685541422624026,0.0,1.0,0.0,0.0,0.0,1.0,0.0,1.0,0.0,
-0.6668243205100054,-0.26055043205175793,-0.5936976037678053,0.0,1.0,0.0,0.0,0.0,0.0,1.0,1.0,0.0,
0.7810437348155829,2.3232767066722633,-0.5936976037678053,0.0,0.0,0.0,1.0,0.0,1.0,0.0,0.0,1.0,
0.3355458716384789,0.10246660396731941,-0.5936976037678053,1.0,0.0,0.0,0.0,0.0,1.0,0.0,1.0,0.0,
-0.49976262181859127,-0.7516911278422743,0.956510024679924,0.0,1.0,0.0,0.0,0.0,1.0,0.0,1.0,0.0,
0.0014224742556507477,-0.7730450711375142,-0.5936976037678053,0.0,0.0,1.0,0.0,0.0,0.0,1.0,0.0,1.0,
0.4469203374327547,0.10246660396731941,-0.5936976037678053,0.0,1.0,0.0,0.0,1.0,0.0,0.0,1.0,0.0,
-0.33270092312717736,-0.7516911278422743,-0.5936976037678053,0.0,0.0,1.0,0.0,0.0,0.0,1.0,0.0,1.0,
2.2289117901411712,2.195153046900824,-0.5936976037678053,0.0,1.0,0.0,0.0,0.0,1.0,0.0,1.0,0.0,
-0.9452604849956954,-0.6662753546613149,-0.5936976037678053,0.0,1.0,0.0,0.0,1.0,0.0,0.0,1.0,0.0,
-0.6111370876128674,-0.794399014432754,-0.5936976037678053,0.0,0.0,1.0,0.0,0.0,0.0,1.0,1.0,0.0,
3.231281982289655,0.9352703924816733,1.4701330341053764,0.0,1.0,0.0,0.0,1.0,0.0,0.0,1.0,0.0,
-0.5554498547157294,-0.9011687309089532,0.9658486248512959,0.0,0.0,1.0,0.0,1.0,0.0,0.0,1.0,0.0,
1.839101159861205,1.7040123511103076,-0.5936976037678053,0.0,0.0,0.0,1.0,0.0,1.0,0.0,1.0,0.0,
-0.10995199153862524,0.700377016234035,-0.5936976037678053,0.0,0.0,0.0,1.0,0.0,1.0,0.0,1.0,0.0,
-0.6111370876128674,-0.13242677228031888,-0.5936976037678053,0.0,0.0,1.0,0.0,0.0,1.0,0.0,1.0,0.0,
-0.9452604849956954,-0.7516911278422743,-0.5936976037678053,1.0,0.0,0.0,0.0,1.0,0.0,0.0,1.0,0.0,
0.22417140584420273,-0.3459662052327173,-0.5936976037678053,0.0,0.0,1.0,0.0,1.0,0.0,0.0,1.0,0.0,
0.0014224742556507477,-0.0043031125088798085,-0.5936976037678053,0.0,0.0,1.0,0.0,0.0,0.0,1.0,1.0,0.0,
0.1684841729470647,0.5081915265768764,-0.5936976037678053,0.0,0.0,0.0,1.0,0.0,0.0,1.0,1.0,0.0,
-0.7225115534071435,0.1451744905577991,-0.5936976037678053,0.0,0.0,1.0,0.0,0.0,1.0,0.0,1.0,0.0,
-0.9452604849956954,-1.3709554834042297,-0.5936976037678053,0.0,0.0,0.0,1.0,1.0,0.0,0.0,0.0,1.0,
0.39123310453561694,-0.7089832412517946,-0.5936976037678053,0.0,0.0,1.0,0.0,0.0,1.0,0.0,1.0,0.0,
-0.10995199153862524,-0.08971888568983918,1.6102120366759545,0.0,0.0,0.0,1.0,0.0,0.0,1.0,1.0,0.0,
-0.16563922443576332,-0.7516911278422743,-0.5936976037678053,0.0,0.0,1.0,0.0,1.0,0.0,0.0,1.0,0.0,
0.948105433506997,0.6149612430530756,-0.5936976037678053,0.0,1.0,0.0,0.0,1.0,0.0,0.0,1.0,0.0,
-0.7781987863042813,-0.5808595814803555,1.4141014330771453,0.0,1.0,0.0,0.0,0.0,0.0,1.0,1.0,0.0,
-0.6668243205100054,-1.1147081638613516,0.45222561542584333,1.0,0.0,0.0,0.0,0.0,1.0,0.0,1.0,0.0,
0.37452693466647535,0.05975871737683972,-0.5936976037678053,1.0,0.0,0.0,0.0,0.0,1.0,0.0,1.0,0.0,
-0.9452604849956954,-0.8798147876137133,0.3775168140548684,0.0,0.0,0.0,1.0,1.0,0.0,0.0,1.0,0.0,
-0.10995199153862524,0.12382054726255926,1.974417443359457,0.0,0.0,1.0,0.0,0.0,1.0,0.0,1.0,0.0,
0.3355458716384789,0.38006786680543736,-0.5936976037678053,0.0,0.0,0.0,1.0,0.0,0.0,1.0,1.0,0.0,
-1.0009477178928334,-0.6449214113660751,0.32148521302663724,1.0,0.0,0.0,0.0,1.0,0.0,0.0,1.0,0.0,
-0.7225115534071435,-0.794399014432754,-0.5936976037678053,0.0,1.0,0.0,0.0,1.0,0.0,0.0,1.0,0.0,
-0.8338860192014194,-0.7089832412517946,-0.5936976037678053,0.0,0.0,1.0,0.0,0.0,1.0,0.0,1.0,0.0,
-0.49976262181859127,0.08111266067207956,1.1339434279359895,0.0,0.0,1.0,0.0,1.0,0.0,0.0,1.0,0.0,
4.456401106026692,2.72900162928182,-0.5936976037678053,1.0,0.0,0.0,0.0,0.0,0.0,1.0,1.0,0.0,
-0.16563922443576332,2.472754309738942,-0.5936976037678053,1.0,0.0,0.0,0.0,1.0,0.0,0.0,1.0,0.0,
1.8947883927583433,2.195153046900824,0.7790766214238586,0.0,0.0,1.0,0.0,0.0,0.0,1.0,1.0,0.0,
-0.8338860192014194,-0.6662753546613149,-0.5936976037678053,1.0,0.0,0.0,0.0,0.0,0.0,1.0,1.0,0.0,
-0.6111370876128674,-0.6662753546613149,-0.5936976037678053,0.0,0.0,1.0,0.0,0.0,0.0,1.0,1.0,0.0,
0.669669269021307,-0.21784254546127824,-0.5936976037678053,0.0,1.0,0.0,0.0,1.0,0.0,0.0,1.0,0.0,
-1.0566349507899715,-0.6876292979565548,-0.5936976037678053,0.0,0.0,0.0,1.0,1.0,0.0,0.0,1.0,0.0,
-0.2770136902300393,-0.9865845040899126,-0.5936976037678053,0.0,0.0,0.0,1.0,0.0,1.0,0.0,1.0,0.0,
0.39123310453561694,2.088383330424625,3.3938846694079805,0.0,0.0,0.0,1.0,1.0,0.0,0.0,1.0,0.0,
-0.5554498547157294,-0.7516911278422743,-0.5936976037678053,0.0,1.0,0.0,0.0,0.0,0.0,1.0,1.0,0.0,
0.39123310453561694,1.1274558821388319,2.6187808551841156,0.0,1.0,0.0,0.0,1.0,0.0,0.0,1.0,0.0,
1.2989350007589664,1.1274558821388319,-0.5936976037678053,0.0,1.0,0.0,0.0,1.0,0.0,0.0,0.0,1.0,
-0.7225115534071435,-0.13242677228031888,0.9938644253654114,0.0,0.0,1.0,0.0,0.0,1.0,0.0,1.0,0.0,
-0.2770136902300393,-0.0043031125088798085,-0.5936976037678053,1.0,0.0,0.0,0.0,0.0,0.0,1.0,1.0,0.0,
-0.7392177232762849,-1.1574160504518314,-0.5936976037678053,1.0,0.0,0.0,0.0,0.0,0.0,1.0,1.0,0.0,
-0.8338860192014194,-0.7516911278422743,0.34016241336938097,0.0,0.0,1.0,0.0,0.0,1.0,0.0,1.0,0.0,
-1.0566349507899715,-1.3068936535185103,-0.5936976037678053,0.0,1.0,0.0,0.0,0.0,1.0,0.0,1.0,0.0,
-1.0566349507899715,-1.200123937042311,0.39619401439761215,0.0,1.0,0.0,0.0,0.0,0.0,1.0,1.0,0.0,
-0.4440753889214534,0.20923632044351861,-0.5936976037678053,1.0,0.0,0.0,0.0,1.0,0.0,0.0,1.0,0.0,
-0.7225115534071435,-0.8584608443184735,-0.5936976037678053,1.0,0.0,0.0,0.0,1.0,0.0,0.0,1.0,0.0,
0.4469203374327547,0.05975871737683972,-0.5936976037678053,1.0,0.0,0.0,0.0,0.0,0.0,1.0,1.0,0.0,
0.057109707152788805,-0.7089832412517946,-0.5936976037678053,0.0,1.0,0.0,0.0,0.0,0.0,1.0,1.0,0.0,
-0.7781987863042813,-1.2855397102232704,-0.5936976037678053,0.0,0.0,0.0,1.0,0.0,0.0,1.0,1.0,0.0,
-1.0009477178928334,1.0420401089578726,-0.5936976037678053,1.0,0.0,0.0,0.0,0.0,1.0,0.0,1.0,0.0,
-0.2770136902300393,-0.5381516948898759,0.9845258251940395,0.0,0.0,1.0,0.0,1.0,0.0,0.0,1.0,0.0,
-0.8895732520985574,-1.4350173132899493,-0.5936976037678053,1.0,0.0,0.0,0.0,0.0,1.0,0.0,1.0,0.0,
-0.16563922443576332,0.10246660396731941,-0.5936976037678053,0.0,0.0,0.0,1.0,0.0,1.0,0.0,1.0,0.0,
-0.6668243205100054,-0.47408986500415634,-0.5936976037678053,1.0,0.0,0.0,0.0,0.0,1.0,0.0,1.0,0.0,
0.4469203374327547,-0.11107282898507902,-0.5936976037678053,1.0,0.0,0.0,0.0,0.0,1.0,0.0,1.0,0.0,
0.0014224742556507477,0.20923632044351861,-0.5936976037678053,0.0,1.0,0.0,0.0,1.0,0.0,0.0,1.0,0.0,
0.4469203374327547,-0.6449214113660751,0.8351082224520897,0.0,0.0,1.0,0.0,1.0,0.0,0.0,1.0,0.0,
-1.0566349507899715,-0.7089832412517946,-0.5936976037678053,0.0,0.0,0.0,1.0,0.0,0.0,1.0,1.0,0.0,
0.11279694004992687,-0.32461226193747744,-0.5936976037678053,0.0,0.0,1.0,0.0,0.0,0.0,1.0,1.0,0.0,
-0.7225115534071435,-0.11107282898507902,-0.5936976037678053,0.0,0.0,0.0,1.0,1.0,0.0,0.0,1.0,0.0,
-0.3883881560243153,-0.6449214113660751,-0.5936976037678053,1.0,0.0,0.0,0.0,0.0,1.0,0.0,1.0,0.0,
0.8367309677127209,1.4691189748626694,-0.5936976037678053,0.0,0.0,0.0,1.0,0.0,1.0,0.0,1.0,0.0,
-0.8895732520985574,1.5545347480436287,4.150311283289101,0.0,1.0,0.0,0.0,1.0,0.0,0.0,1.0,0.0,
0.37452693466647535,-0.3459662052327173,-0.5936976037678053,0.0,0.0,1.0,0.0,0.0,1.0,0.0,1.0,0.0,
0.11279694004992687,-0.4954438082993962,-0.5936976037678053,0.0,0.0,0.0,1.0,0.0,1.0,0.0,1.0,0.0,
2.602016250551996,3.177434438481857,-0.5936976037678053,0.0,1.0,0.0,0.0,1.0,0.0,0.0,0.0,1.0,
-0.4440753889214534,-0.5808595814803555,-0.5936976037678053,1.0,0.0,0.0,0.0,1.0,0.0,0.0,1.0,0.0,
0.3355458716384789,0.27329815032923815,-0.5936976037678053,1.0,0.0,0.0,0.0,0.0,1.0,0.0,1.0,0.0,
-0.9452604849956954,0.9993322223673928,2.7681984579260654,0.0,1.0,0.0,0.0,1.0,0.0,0.0,0.0,1.0,
1.7834139269640672,0.38006786680543736,1.899708641988482,1.0,0.0,0.0,0.0,1.0,0.0,0.0,1.0,0.0,
0.4469203374327547,-0.13242677228031888,1.4607944339340047,1.0,0.0,0.0,0.0,1.0,0.0,0.0,1.0,0.0,
0.4469203374327547,0.16652843385303895,-0.5936976037678053,1.0,0.0,0.0,0.0,0.0,0.0,1.0,1.0,0.0,
-0.6668243205100054,-0.794399014432754,-0.5936976037678053,1.0,0.0,0.0,0.0,1.0,0.0,0.0,1.0,0.0,
-0.8338860192014194,-0.4954438082993962,-0.5936976037678053,0.0,0.0,1.0,0.0,0.0,1.0,0.0,1.0,0.0,
-0.5554498547157294,-0.13242677228031888,-0.5936976037678053,0.0,0.0,0.0,1.0,0.0,1.0,0.0,1.0,0.0,
-0.6668243205100054,-0.28190437534699775,1.0125416257081552,0.0,0.0,1.0,0.0,0.0,0.0,1.0,1.0,0.0,
0.37452693466647535,0.08111266067207956,-0.5936976037678053,0.0,0.0,1.0,0.0,1.0,0.0,0.0,1.0,0.0,
-0.5554498547157294,-0.8798147876137133,-0.5936976037678053,0.0,0.0,1.0,0.0,0.0,1.0,0.0,1.0,0.0,
-0.05426475864148731,-0.0043031125088798085,-0.5936976037678053,0.0,0.0,0.0,1.0,1.0,0.0,0.0,1.0,0.0,
-1.0009477178928334,-0.7303371845470344,-0.5936976037678053,0.0,0.0,0.0,1.0,1.0,0.0,0.0,1.0,0.0,
0.3355458716384789,0.40142181010067723,-0.5936976037678053,0.0,0.0,0.0,1.0,0.0,0.0,1.0,1.0,0.0,
1.5049777624783771,2.0243215005389055,-0.5936976037678053,0.0,0.0,1.0,0.0,1.0,0.0,0.0,1.0,0.0,
0.7253565019184448,1.2555795419102709,-0.5936976037678053,0.0,1.0,0.0,0.0,1.0,0.0,0.0,1.0,0.0,
-0.8338860192014194,-1.0079384473851525,0.7697380212524867,0.0,1.0,0.0,0.0,0.0,1.0,0.0,1.0,0.0,
-0.22132645733290124,-0.7730450711375142,-0.5936976037678053,0.0,1.0,0.0,0.0,0.0,0.0,1.0,1.0,0.0,
2.1732245572440334,1.2128716553197911,2.2732526488433566,0.0,0.0,1.0,0.0,0.0,1.0,0.0,1.0,0.0,
-0.10995199153862524,-0.7089832412517946,-0.5936976037678053,1.0,0.0,0.0,0.0,0.0,0.0,1.0,1.0,0.0,
0.11279694004992687,-0.0043031125088798085,-0.5936976037678053,0.0,0.0,1.0,0.0,1.0,0.0,0.0,1.0,0.0,
3.0085330507011037,1.7040123511103076,-0.5936976037678053,1.0,0.0,0.0,0.0,1.0,0.0,0.0,1.0,0.0,
0.1684841729470647,-0.28190437534699775,0.32148521302663724,0.0,0.0,1.0,0.0,1.0,0.0,0.0,1.0,0.0,
0.11279694004992687,-0.28190437534699775,-0.5936976037678053,0.0,1.0,0.0,0.0,0.0,0.0,1.0,1.0,0.0,
-1.0009477178928334,-1.1360621071565915,0.18140621045605929,0.0,0.0,0.0,1.0,1.0,0.0,0.0,1.0,0.0,
3.231281982289655,0.9139164491864334,2.749521257583322,0.0,1.0,0.0,0.0,1.0,0.0,0.0,1.0,0.0,
-0.6111370876128674,-0.36732014852795714,-0.5936976037678053,0.0,0.0,0.0,1.0,1.0,0.0,0.0,1.0,0.0,
3.231281982289655,1.8961978407674662,-0.5936976037678053,0.0,1.0,0.0,0.0,1.0,0.0,0.0,1.0,0.0,
-0.10995199153862524,-0.26055043205175793,-0.5936976037678053,0.0,1.0,0.0,0.0,1.0,0.0,0.0,1.0,0.0,
-0.6111370876128674,-0.43138197841367665,1.4141014330771453,0.0,0.0,0.0,1.0,1.0,0.0,0.0,1.0,0.0,
-0.33270092312717736,-0.47408986500415634,-0.5936976037678053,1.0,0.0,0.0,0.0,1.0,0.0,0.0,1.0,0.0,
1.6163522282726532,1.4050571449769498,-0.5936976037678053,0.0,1.0,0.0,0.0,0.0,0.0,1.0,1.0,0.0,
-0.2770136902300393,-0.28190437534699775,1.7876454399320199,1.0,0.0,0.0,0.0,0.0,0.0,1.0,1.0,0.0,
0.3355458716384789,-0.516797751594636,-0.5936976037678053,0.0,0.0,0.0,1.0,1.0,0.0,0.0,1.0,0.0,
-0.33270092312717736,2.301922763377023,2.7121668568978343,0.0,1.0,0.0,0.0,1.0,0.0,0.0,1.0,0.0,
0.6139820361241689,1.0206861656626327,-0.5936976037678053,0.0,1.0,0.0,0.0,1.0,0.0,0.0,1.0,0.0,
-0.7225115534071435,-1.4136633699947094,0.23743781148429047,0.0,0.0,0.0,1.0,1.0,0.0,0.0,1.0,0.0,
-0.49976262181859127,-0.6662753546613149,-0.5936976037678053,1.0,0.0,0.0,0.0,0.0,0.0,1.0,1.0,0.0,
0.37452693466647535,0.1451744905577991,-0.5936976037678053,0.0,0.0,1.0,0.0,0.0,1.0,0.0,1.0,0.0,
-0.8338860192014194,-1.1360621071565915,-0.5936976037678053,0.0,0.0,1.0,0.0,1.0,0.0,0.0,0.0,1.0,
-0.16563922443576332,-0.7089832412517946,-0.5936976037678053,0.0,0.0,0.0,1.0,1.0,0.0,0.0,1.0,0.0,
-0.7781987863042813,-0.6662753546613149,-0.5936976037678053,0.0,0.0,0.0,1.0,0.0,1.0,0.0,1.0,0.0,
-0.6111370876128674,-0.9865845040899126,-0.5936976037678053,0.0,0.0,1.0,0.0,0.0,0.0,1.0,1.0,0.0,
-0.33270092312717736,-0.7303371845470344,0.6016432181677931,1.0,0.0,0.0,0.0,0.0,0.0,1.0,1.0,0.0,
1.0594798993012728,1.5758886913388686,2.385315850899819,0.0,1.0,0.0,0.0,1.0,0.0,0.0,1.0,0.0,
0.057109707152788805,0.16652843385303895,-0.5936976037678053,0.0,0.0,0.0,1.0,0.0,0.0,1.0,1.0,0.0,
2.2289117901411712,1.6399505212245882,-0.5936976037678053,1.0,0.0,0.0,0.0,1.0,0.0,0.0,1.0,0.0,
-1.1123221836871096,-0.28190437534699775,1.6849208380469294,1.0,0.0,0.0,0.0,0.0,1.0,0.0,1.0,0.0,
-1.1123221836871096,-1.3496015401089898,-0.5936976037678053,0.0,1.0,0.0,0.0,0.0,0.0,1.0,1.0,0.0,
0.6975128854698759,1.1274558821388319,-0.5936976037678053,0.0,1.0,0.0,0.0,0.0,1.0,0.0,1.0,0.0,
-1.0009477178928334,-1.1147081638613516,-0.5936976037678053,0.0,0.0,0.0,1.0,0.0,0.0,1.0,1.0,0.0,
-0.9452604849956954,-0.9225226742041931,0.1533904099419437,1.0,0.0,0.0,0.0,0.0,0.0,1.0,1.0,0.0,
-0.8895732520985574,0.294652093624478,-0.5936976037678053,0.0,1.0,0.0,0.0,1.0,0.0,0.0,1.0,0.0,
-0.8338860192014194,0.16652843385303895,-0.5936976037678053,0.0,0.0,1.0,0.0,0.0,0.0,1.0,1.0,0.0,
1.3379160637869632,0.5508994131673561,-0.5936976037678053,0.0,0.0,1.0,0.0,1.0,0.0,0.0,1.0,0.0,
0.39123310453561694,0.9566243357769131,0.44288701525447144,0.0,0.0,0.0,1.0,0.0,1.0,0.0,0.0,1.0,
-0.22132645733290124,-0.06836494239459934,-0.5936976037678053,0.0,0.0,1.0,0.0,1.0,0.0,0.0,1.0,0.0,
-0.9452604849956954,-1.3282475968137502,-0.5936976037678053,0.0,0.0,0.0,1.0,1.0,0.0,0.0,0.0,1.0,
-0.5554498547157294,-1.1147081638613516,0.2934694125125216,0.0,0.0,1.0,0.0,1.0,0.0,0.0,1.0,0.0,
0.5582948032270308,-0.1537807155755587,-0.5936976037678053,0.0,0.0,1.0,0.0,1.0,0.0,0.0,1.0,0.0,
-0.9452604849956954,-0.516797751594636,-0.5936976037678053,0.0,0.0,1.0,0.0,0.0,0.0,1.0,1.0,0.0,
-0.9452604849956954,2.451400366443702,2.254575448500613,0.0,0.0,0.0,1.0,0.0,0.0,1.0,1.0,0.0,
-0.4440753889214534,0.5295454698721163,2.59076505467,0.0,0.0,1.0,0.0,0.0,0.0,1.0,1.0,0.0,
0.22417140584420273,0.05975871737683972,-0.5936976037678053,0.0,0.0,0.0,1.0,0.0,0.0,1.0,1.0,0.0,
-0.6668243205100054,-0.1537807155755587,-0.5936976037678053,1.0,0.0,0.0,0.0,0.0,0.0,1.0,1.0,0.0,
0.2798586387413408,0.12382054726255926,-0.5936976037678053,1.0,0.0,0.0,0.0,1.0,0.0,0.0,1.0,0.0,
-0.6111370876128674,0.12382054726255926,-0.5936976037678053,0.0,0.0,1.0,0.0,0.0,1.0,0.0,1.0,0.0,
-0.3883881560243153,0.7644388461197545,-0.5936976037678053,0.0,1.0,0.0,0.0,1.0,0.0,0.0,1.0,0.0,
-0.8895732520985574,-1.3068936535185103,-0.5936976037678053,0.0,0.0,1.0,0.0,1.0,0.0,0.0,1.0,0.0,
-0.5554498547157294,-1.0079384473851525,-0.5936976037678053,0.0,0.0,0.0,1.0,0.0,0.0,1.0,1.0,0.0,
1.0037926664041348,1.2769334852055108,-0.5936976037678053,0.0,0.0,0.0,1.0,0.0,1.0,0.0,0.0,1.0,
-0.7225115534071435,-1.200123937042311,-0.5936976037678053,0.0,0.0,0.0,1.0,0.0,0.0,1.0,1.0,0.0,
-0.6668243205100054,-0.47408986500415634,0.8444468226234616,0.0,0.0,1.0,0.0,0.0,0.0,1.0,1.0,0.0,
-0.5554498547157294,-1.0720002772708719,-0.5936976037678053,0.0,1.0,0.0,0.0,0.0,1.0,0.0,0.0,1.0,
-0.8338860192014194,1.0633940522531122,-0.5936976037678053,0.0,0.0,0.0,1.0,0.0,0.0,1.0,0.0,1.0,
-0.7225115534071435,-0.13242677228031888,1.6942594382183012,0.0,0.0,0.0,1.0,1.0,0.0,0.0,1.0,0.0,
0.7810437348155829,1.1274558821388319,-0.5936976037678053,1.0,0.0,0.0,0.0,1.0,0.0,0.0,1.0,0.0,
-0.9452604849956954,-1.1147081638613516,-0.5936976037678053,0.0,1.0,0.0,0.0,0.0,0.0,1.0,1.0,0.0,
-0.2770136902300393,-0.21784254546127824,-0.5936976037678053,0.0,1.0,0.0,0.0,0.0,1.0,0.0,1.0,0.0,
0.892418200609859,-0.02565705580411965,-0.5936976037678053,1.0,0.0,0.0,0.0,0.0,1.0,0.0,1.0,0.0,
-0.7781987863042813,-0.4527359217089165,1.5541804356477231,0.0,0.0,0.0,1.0,0.0,1.0,0.0,1.0,0.0,
-0.3883881560243153,-0.794399014432754,0.956510024679924,0.0,0.0,0.0,1.0,1.0,0.0,0.0,1.0,0.0,
1.3379160637869632,2.0670293871293848,-0.5936976037678053,0.0,0.0,0.0,1.0,1.0,0.0,0.0,1.0,0.0,
0.5026075703298928,0.7430849028245147,-0.5936976037678053,1.0,0.0,0.0,0.0,0.0,0.0,1.0,1.0,0.0,
0.22417140584420273,-0.7089832412517946,-0.5936976037678053,0.0,0.0,1.0,0.0,0.0,1.0,0.0,1.0,0.0,
-0.5554498547157294,-1.3923094266994696,0.16272901011331556,0.0,0.0,0.0,1.0,1.0,0.0,0.0,1.0,0.0,
-0.7225115534071435,-0.43138197841367665,-0.5936976037678053,0.0,0.0,1.0,0.0,0.0,1.0,0.0,1.0,0.0,
-0.05426475864148731,-0.43138197841367665,0.9378328243371802,0.0,0.0,0.0,1.0,0.0,0.0,1.0,1.0,0.0,
-1.1123221836871096,0.7857927894149944,-0.5936976037678053,1.0,0.0,0.0,0.0,1.0,0.0,0.0,1.0,0.0,
-0.9452604849956954,-1.0933542205661118,-0.5936976037678053,0.0,1.0,0.0,0.0,0.0,0.0,1.0,1.0,0.0,
2.897158584906827,1.8321360108817466,-0.5936976037678053,0.0,1.0,0.0,0.0,1.0,0.0,0.0,1.0,0.0,
1.2822288308898249,0.38006786680543736,-0.5936976037678053,1.0,0.0,0.0,0.0,1.0,0.0,0.0,1.0,0.0,
1.2822288308898249,0.40142181010067723,0.11603600925645623,1.0,0.0,0.0,0.0,1.0,0.0,0.0,0.0,1.0,
0.2798586387413408,0.5936072997578358,-0.5936976037678053,1.0,0.0,0.0,0.0,1.0,0.0,0.0,1.0,0.0,
2.7857841191125514,0.8498546193007139,-0.5936976037678053,1.0,0.0,0.0,0.0,1.0,0.0,0.0,1.0,0.0,
0.39123310453561694,-0.3032583186422376,-0.5936976037678053,0.0,0.0,1.0,0.0,0.0,1.0,0.0,1.0,0.0,
-0.8338860192014194,-0.7089832412517946,0.4895800161113308,0.0,0.0,1.0,0.0,0.0,1.0,0.0,1.0,0.0,
-0.7225115534071435,0.16652843385303895,2.347961450214332,0.0,0.0,0.0,1.0,0.0,0.0,1.0,1.0,0.0,
-0.6668243205100054,0.31600603691971785,-0.5936976037678053,0.0,1.0,0.0,0.0,0.0,0.0,1.0,1.0,0.0,
1.115167132198411,0.5081915265768764,-0.5936976037678053,1.0,0.0,0.0,0.0,1.0,0.0,0.0,1.0,0.0,
3.3426564480839316,1.9816136139484255,0.8257696222807178,0.0,1.0,0.0,0.0,1.0,0.0,0.0,1.0,0.0,
-0.9452604849956954,-1.3496015401089898,0.3775168140548684,0.0,1.0,0.0,0.0,0.0,1.0,0.0,1.0,0.0,
-0.05426475864148731,-0.4527359217089165,0.9378328243371802,0.0,0.0,0.0,1.0,0.0,0.0,1.0,1.0,0.0,
-0.16563922443576332,0.20923632044351861,0.32148521302663724,0.0,1.0,0.0,0.0,0.0,0.0,1.0,1.0,0.0,
-0.3883881560243153,1.8961978407674662,-0.5936976037678053,1.0,0.0,0.0,0.0,0.0,0.0,1.0,0.0,1.0,
3.3983436809810694,2.5154621963294215,-0.5936976037678053,0.0,1.0,0.0,0.0,0.0,0.0,1.0,1.0,0.0,
-0.33270092312717736,0.12382054726255926,-0.5936976037678053,0.0,1.0,0.0,0.0,1.0,0.0,0.0,1.0,0.0,
-0.3883881560243153,2.4086924798532223,1.1246048277646175,0.0,0.0,1.0,0.0,1.0,0.0,0.0,1.0,0.0,
0.1684841729470647,-0.02565705580411965,-0.5936976037678053,0.0,0.0,0.0,1.0,0.0,0.0,1.0,1.0,0.0,
-0.5554498547157294,-0.7303371845470344,0.45222561542584333,0.0,1.0,0.0,0.0,0.0,1.0,0.0,1.0,0.0,
-0.6668243205100054,-0.5595056381851157,1.4607944339340047,0.0,1.0,0.0,0.0,0.0,0.0,1.0,1.0,0.0,
-0.05426475864148731,0.294652093624478,-0.5936976037678053,0.0,0.0,0.0,1.0,0.0,1.0,0.0,1.0,0.0,
-0.7392177232762849,-1.3496015401089898,-0.5936976037678053,0.0,0.0,1.0,0.0,0.0,1.0,0.0,1.0,0.0,
-0.5554498547157294,-0.9865845040899126,-0.5936976037678053,1.0,0.0,0.0,0.0,1.0,0.0,0.0,1.0,0.0,
-0.3883881560243153,-0.8584608443184735,-0.5936976037678053,0.0,1.0,0.0,0.0,1.0,0.0,0.0,1.0,0.0,
-0.33270092312717736,-1.200123937042311,0.5269344167968182,0.0,1.0,0.0,0.0,0.0,1.0,0.0,1.0,0.0,
-0.7781987863042813,-0.7730450711375142,-0.5936976037678053,0.0,0.0,0.0,1.0,0.0,1.0,0.0,1.0,0.0,
-0.8895732520985574,-0.9652305607946727,0.13471320959919997,0.0,0.0,0.0,1.0,0.0,1.0,0.0,1.0,0.0,
1.7834139269640672,0.1451744905577991,0.14405180977057183,1.0,0.0,0.0,0.0,1.0,0.0,0.0,1.0,0.0,
2.340286255935447,2.0243215005389055,2.44134745192805,0.0,1.0,0.0,0.0,0.0,1.0,0.0,1.0,0.0,
-0.33270092312717736,-0.8584608443184735,0.6670134193673962,0.0,1.0,0.0,0.0,0.0,1.0,0.0,1.0,0.0,
-1.0009477178928334,-0.7730450711375142,-0.5936976037678053,0.0,0.0,0.0,1.0,0.0,1.0,0.0,1.0,0.0,
0.11279694004992687,-0.21784254546127824,-0.5936976037678053,0.0,1.0,0.0,0.0,0.0,0.0,1.0,1.0,0.0,
-1.0009477178928334,-1.1787699937470713,-0.5936976037678053,0.0,0.0,0.0,1.0,1.0,0.0,0.0,1.0,0.0,
-0.9452604849956954,-1.2855397102232704,0.5175958166254464,0.0,1.0,0.0,0.0,0.0,1.0,0.0,1.0,0.0,
-1.0566349507899715,-1.3068936535185103,0.32148521302663724,0.0,1.0,0.0,0.0,0.0,0.0,1.0,1.0,0.0,
-0.16563922443576332,-0.3032583186422376,1.5448418354763513,0.0,1.0,0.0,0.0,1.0,0.0,0.0,1.0,0.0,
-0.7781987863042813,-1.1360621071565915,-0.5936976037678053,0.0,0.0,0.0,1.0,0.0,1.0,0.0,1.0,0.0,
-0.4440753889214534,-0.6876292979565548,0.45222561542584333,1.0,0.0,0.0,0.0,0.0,1.0,0.0,1.0,0.0,
1.2822288308898249,0.33735998021495767,0.16272901011331556,1.0,0.0,0.0,0.0,1.0,0.0,0.0,1.0,0.0,
-0.6111370876128674,-1.2855397102232704,-0.5936976037678053,0.0,0.0,1.0,0.0,0.0,0.0,1.0,1.0,0.0,
-1.0566349507899715,-0.6449214113660751,-0.5936976037678053,0.0,0.0,0.0,1.0,1.0,0.0,0.0,1.0,0.0,
-0.2770136902300393,-1.0933542205661118,-0.5936976037678053,1.0,0.0,0.0,0.0,0.0,1.0,0.0,1.0,0.0,
0.0014224742556507477,-0.7303371845470344,-0.5936976037678053,1.0,0.0,0.0,0.0,0.0,1.0,0.0,1.0,0.0,
-0.10995199153862524,-0.23919648875651808,-0.5936976037678053,0.0,1.0,0.0,0.0,1.0,0.0,0.0,1.0,0.0,
1.2822288308898249,1.810782067586507,3.001663462210362,1.0,0.0,0.0,0.0,1.0,0.0,0.0,1.0,0.0,
-0.7781987863042813,-1.1147081638613516,0.32148521302663724,0.0,0.0,0.0,1.0,0.0,0.0,1.0,1.0,0.0,
-0.8895732520985574,-1.2214778803375508,-0.5936976037678053,0.0,0.0,0.0,1.0,0.0,1.0,0.0,1.0,0.0,
1.6163522282726532,0.9352703924816733,1.3487312318775422,1.0,0.0,0.0,0.0,1.0,0.0,0.0,1.0,0.0,
-0.16563922443576332,-0.9225226742041931,-0.5936976037678053,1.0,0.0,0.0,0.0,1.0,0.0,0.0,1.0,0.0,
-0.10995199153862524,-0.9011687309089532,0.13471320959919997,1.0,0.0,0.0,0.0,0.0,1.0,0.0,1.0,0.0,
1.5049777624783771,0.977978279072153,-0.5936976037678053,1.0,0.0,0.0,0.0,1.0,0.0,0.0,1.0,0.0,
1.254385214441256,2.0670293871293848,-0.5936976037678053,0.0,0.0,0.0,1.0,1.0,0.0,0.0,0.0,1.0,
-0.05426475864148731,-0.7730450711375142,-0.5936976037678053,0.0,0.0,1.0,0.0,0.0,1.0,0.0,1.0,0.0,
0.7810437348155829,0.7430849028245147,-0.5936976037678053,1.0,0.0,0.0,0.0,1.0,0.0,0.0,1.0,0.0,
-0.4440753889214534,-0.4527359217089165,0.610981818339165,0.0,0.0,0.0,1.0,0.0,1.0,0.0,1.0,0.0,
-0.7225115534071435,-0.04701099909935949,1.6569050375328136,0.0,0.0,0.0,1.0,1.0,0.0,0.0,1.0,0.0,
-0.5554498547157294,2.0670293871293848,2.1611894467868944,0.0,0.0,0.0,1.0,0.0,1.0,0.0,1.0,0.0,
-0.5554498547157294,0.6149612430530756,-0.5936976037678053,0.0,0.0,1.0,0.0,1.0,0.0,0.0,1.0,0.0,
0.0014224742556507477,-0.3032583186422376,-0.5936976037678053,0.0,0.0,1.0,0.0,0.0,0.0,1.0,1.0,0.0,
-0.8895732520985574,-0.7516911278422743,-0.5936976037678053,0.0,0.0,0.0,1.0,1.0,0.0,0.0,1.0,0.0,
-1.0566349507899715,-1.1360621071565915,0.24677641165566233,0.0,0.0,1.0,0.0,0.0,0.0,1.0,1.0,0.0,
-0.7781987863042813,0.7857927894149944,-0.5936976037678053,1.0,0.0,0.0,0.0,1.0,0.0,0.0,1.0,0.0,
-0.9452604849956954,-1.3496015401089898,-0.5936976037678053,0.0,0.0,1.0,0.0,0.0,0.0,1.0,1.0,0.0,
-0.7225115534071435,-1.0720002772708719,-0.5936976037678053,0.0,0.0,0.0,1.0,0.0,0.0,1.0,1.0,0.0,
-0.6668243205100054,-0.6449214113660751,-0.5936976037678053,0.0,1.0,0.0,0.0,0.0,0.0,1.0,1.0,0.0,
1.2989350007589664,0.7857927894149944,-0.5936976037678053,0.0,1.0,0.0,0.0,1.0,0.0,0.0,1.0,0.0,
-0.22132645733290124,-0.4527359217089165,1.1432820281073612,1.0,0.0,0.0,0.0,0.0,1.0,0.0,1.0,0.0,
0.057109707152788805,-0.4527359217089165,-0.5936976037678053,0.0,0.0,0.0,1.0,1.0,0.0,0.0,1.0,0.0,
0.2798586387413408,-0.794399014432754,-0.5936976037678053,0.0,0.0,1.0,0.0,0.0,1.0,0.0,1.0,0.0,
-1.0566349507899715,-1.0720002772708719,0.676352019538768,1.0,0.0,0.0,0.0,0.0,1.0,0.0,1.0,0.0,
-0.7392177232762849,-1.1360621071565915,0.36817821388349653,1.0,0.0,0.0,0.0,0.0,0.0,1.0,1.0,0.0,
0.3355458716384789,-0.04701099909935949,-0.5936976037678053,0.0,0.0,0.0,1.0,1.0,0.0,0.0,1.0,0.0,
0.948105433506997,-0.21784254546127824,-0.5936976037678053,0.0,1.0,0.0,0.0,1.0,0.0,0.0,1.0,0.0,
-0.9452604849956954,0.40142181010067723,-0.5936976037678053,1.0,0.0,0.0,0.0,1.0,0.0,0.0,1.0,0.0,
0.5026075703298928,1.4904729181579093,2.6281194553554874,1.0,0.0,0.0,0.0,1.0,0.0,0.0,1.0,0.0,
-0.8338860192014194,-1.3923094266994696,0.16272901011331556,1.0,0.0,0.0,0.0,0.0,0.0,1.0,1.0,0.0,
-0.2770136902300393,-0.8798147876137133,0.44288701525447144,1.0,0.0,0.0,0.0,0.0,1.0,0.0,1.0,0.0,
-0.10995199153862524,-0.4527359217089165,0.9658486248512959,0.0,0.0,0.0,1.0,0.0,0.0,1.0,1.0,0.0,
0.4469203374327547,-0.36732014852795714,-0.5936976037678053,1.0,0.0,0.0,0.0,0.0,1.0,0.0,1.0,0.0,
-0.6668243205100054,-0.9652305607946727,0.20942201097017488,0.0,1.0,0.0,0.0,0.0,0.0,1.0,1.0,0.0,
0.22417140584420273,-0.7089832412517946,-0.5936976037678053,1.0,0.0,0.0,0.0,0.0,1.0,0.0,1.0,0.0,
1.7834139269640672,0.10246660396731941,-0.5936976037678053,1.0,0.0,0.0,0.0,1.0,0.0,0.0,1.0,0.0,
0.0014224742556507477,0.9352703924816733,-0.5936976037678053,0.0,1.0,0.0,0.0,1.0,0.0,0.0,1.0,0.0,
2.006162858552619,1.6613044645198278,3.2911600675228896,0.0,0.0,1.0,0.0,1.0,0.0,0.0,1.0,0.0,
-0.3883881560243153,-0.6876292979565548,-0.5936976037678053,0.0,0.0,0.0,1.0,1.0,0.0,0.0,1.0,0.0,
0.4469203374327547,-0.5808595814803555,-0.5936976037678053,0.0,0.0,0.0,1.0,0.0,1.0,0.0,1.0,0.0,
0.2798586387413408,1.3409953150912304,-0.5936976037678053,1.0,0.0,0.0,0.0,1.0,0.0,0.0,1.0,0.0,
0.0014224742556507477,-0.516797751594636,0.6203204185105369,0.0,0.0,1.0,0.0,1.0,0.0,0.0,1.0,0.0,
-0.7225115534071435,-0.02565705580411965,-0.5936976037678053,0.0,0.0,1.0,0.0,0.0,1.0,0.0,1.0,0.0,
-0.7781987863042813,-0.794399014432754,0.7884152215952304,0.0,0.0,1.0,0.0,0.0,1.0,0.0,1.0,0.0,
-0.8895732520985574,0.16652843385303895,-0.5936976037678053,0.0,1.0,0.0,0.0,0.0,0.0,1.0,1.0,0.0,
-0.05426475864148731,0.294652093624478,-0.5936976037678053,0.0,1.0,0.0,0.0,1.0,0.0,0.0,1.0,0.0,
-0.22132645733290124,0.18788237714827877,-0.5936976037678053,0.0,0.0,0.0,1.0,0.0,1.0,0.0,1.0,0.0,
-0.6111370876128674,-0.36732014852795714,0.6016432181677931,0.0,0.0,1.0,0.0,0.0,0.0,1.0,1.0,0.0,
-0.7781987863042813,-0.516797751594636,-0.5936976037678053,0.0,1.0,0.0,0.0,0.0,0.0,1.0,1.0,0.0,
-0.9452604849956954,-1.4136633699947094,-0.5936976037678053,0.0,1.0,0.0,0.0,0.0,1.0,0.0,1.0,0.0,
-0.5554498547157294,-1.3923094266994696,-0.5936976037678053,0.0,1.0,0.0,0.0,1.0,0.0,0.0,1.0,0.0,
0.22417140584420273,-0.6449214113660751,-0.5936976037678053,1.0,0.0,0.0,0.0,0.0,1.0,0.0,1.0,0.0,
-1.0566349507899715,0.20923632044351861,0.6296590186819088,0.0,0.0,0.0,1.0,0.0,1.0,0.0,1.0,0.0,
-0.05426475864148731,-0.11107282898507902,-0.5936976037678053,0.0,0.0,0.0,1.0,0.0,0.0,1.0,1.0,0.0,
-0.8338860192014194,-0.3459662052327173,-0.5936976037678053,0.0,0.0,1.0,0.0,0.0,1.0,0.0,1.0,0.0,
-0.8338860192014194,-1.1574160504518314,-0.5936976037678053,1.0,0.0,0.0,0.0,0.0,0.0,1.0,1.0,0.0,
-0.10995199153862524,1.4904729181579093,1.2553452301638235,0.0,0.0,0.0,1.0,1.0,0.0,0.0,1.0,0.0,
-0.6111370876128674,-0.9438766174994329,0.13471320959919997,0.0,0.0,1.0,0.0,0.0,0.0,1.0,1.0,0.0,
-0.10995199153862524,0.42277575339591705,-0.5936976037678053,0.0,1.0,0.0,0.0,0.0,1.0,0.0,1.0,0.0,
-0.10995199153862524,-0.4527359217089165,1.6008734365045825,0.0,0.0,0.0,1.0,0.0,0.0,1.0,1.0,0.0,
-0.4440753889214534,0.05975871737683972,2.254575448500613,1.0,0.0,0.0,0.0,1.0,0.0,0.0,1.0,0.0,
-0.2770136902300393,-0.9865845040899126,-0.5936976037678053,1.0,0.0,0.0,0.0,0.0,1.0,0.0,1.0,0.0,
1.0037926664041348,0.8071467327102342,0.5175958166254464,0.0,1.0,0.0,0.0,0.0,1.0,0.0,0.0,1.0,
-0.10995199153862524,0.48683758328163657,0.1533904099419437,0.0,0.0,1.0,0.0,0.0,1.0,0.0,1.0,0.0,
0.3355458716384789,-0.04701099909935949,-0.5936976037678053,0.0,0.0,1.0,0.0,0.0,0.0,1.0,1.0,0.0,
0.0014224742556507477,0.35871392351019754,-0.5936976037678053,1.0,0.0,0.0,0.0,1.0,0.0,0.0,1.0,0.0,
-0.9452604849956954,-0.9438766174994329,-0.5936976037678053,1.0,0.0,0.0,0.0,0.0,0.0,1.0,1.0,0.0,
-0.5554498547157294,-0.9011687309089532,-0.5936976037678053,0.0,0.0,0.0,1.0,0.0,0.0,1.0,1.0,0.0,
0.3355458716384789,-0.32461226193747744,0.31214661285526535,0.0,0.0,0.0,1.0,1.0,0.0,0.0,1.0,0.0,
-1.0566349507899715,-0.9438766174994329,-0.5936976037678053,0.0,0.0,0.0,1.0,0.0,0.0,1.0,1.0,0.0,
-0.10995199153862524,-0.08971888568983918,0.5923046179964213,0.0,1.0,0.0,0.0,1.0,0.0,0.0,1.0,0.0,
-0.7781987863042813,-0.4527359217089165,1.4421172335912609,0.0,1.0,0.0,0.0,0.0,0.0,1.0,1.0,0.0,
0.5582948032270308,0.38006786680543736,-0.5936976037678053,0.0,0.0,1.0,0.0,0.0,0.0,1.0,0.0,1.0,
0.0014224742556507477,0.12382054726255926,-0.5936976037678053,0.0,0.0,1.0,0.0,0.0,1.0,0.0,1.0,0.0,
0.7253565019184448,0.8498546193007139,0.200083410798803,0.0,1.0,0.0,0.0,1.0,0.0,0.0,1.0,0.0,
1.3379160637869632,0.7644388461197545,-0.5936976037678053,0.0,0.0,1.0,0.0,1.0,0.0,0.0,1.0,0.0,
-0.16563922443576332,-0.47408986500415634,-0.5936976037678053,0.0,0.0,1.0,0.0,1.0,0.0,0.0,1.0,0.0,
-0.6668243205100054,-0.36732014852795714,-0.5936976037678053,1.0,0.0,0.0,0.0,0.0,1.0,0.0,1.0,0.0,
-0.5554498547157294,-0.6449214113660751,-0.5936976037678053,0.0,0.0,1.0,0.0,0.0,1.0,0.0,1.0,0.0,
0.0014224742556507477,0.8071467327102342,2.347961450214332,0.0,1.0,0.0,0.0,0.0,1.0,0.0,1.0,0.0,
0.7810437348155829,2.301922763377023,-0.5936976037678053,0.0,1.0,0.0,0.0,0.0,0.0,1.0,1.0,0.0,
1.393603296684101,0.05975871737683972,1.3113768311920548,0.0,1.0,0.0,0.0,0.0,0.0,1.0,1.0,0.0,
0.11279694004992687,-0.6662753546613149,-0.5936976037678053,0.0,0.0,1.0,0.0,0.0,0.0,1.0,1.0,0.0,
-0.49976262181859127,0.18788237714827877,-0.5936976037678053,0.0,0.0,1.0,0.0,1.0,0.0,0.0,1.0,0.0,
-0.8895732520985574,-1.200123937042311,0.36817821388349653,0.0,0.0,0.0,1.0,0.0,1.0,0.0,1.0,0.0,
-0.8895732520985574,-1.0933542205661118,0.16272901011331556,1.0,0.0,0.0,0.0,0.0,1.0,0.0,1.0,0.0,
1.115167132198411,-0.02565705580411965,-0.5936976037678053,0.0,0.0,0.0,1.0,0.0,0.0,1.0,1.0,0.0,
2.7857841191125514,1.38370320168171,1.3207154313634266,1.0,0.0,0.0,0.0,1.0,0.0,0.0,1.0,0.0,
-0.8338860192014194,0.7217309595292748,-0.5936976037678053,0.0,0.0,1.0,0.0,0.0,0.0,1.0,0.0,1.0,
0.4469203374327547,-0.1537807155755587,-0.5936976037678053,1.0,0.0,0.0,0.0,1.0,0.0,0.0,1.0,0.0,
0.0014224742556507477,2.344630649967503,-0.5936976037678053,0.0,0.0,1.0,0.0,0.0,1.0,0.0,1.0,0.0,
-0.5554498547157294,-1.3496015401089898,0.23743781148429047,0.0,0.0,0.0,1.0,1.0,0.0,0.0,1.0,0.0,
-0.22132645733290124,-0.6876292979565548,-0.5936976037678053,0.0,1.0,0.0,0.0,0.0,0.0,1.0,1.0,0.0,
1.4492905295812388,1.6826584078150677,-0.5936976037678053,0.0,1.0,0.0,0.0,0.0,1.0,0.0,0.0,1.0,
-0.8338860192014194,0.40142181010067723,-0.5936976037678053,0.0,0.0,1.0,0.0,0.0,0.0,1.0,1.0,0.0,
1.393603296684101,1.2555795419102709,-0.5936976037678053,0.0,0.0,0.0,1.0,0.0,0.0,1.0,0.0,1.0,
3.6210926125696217,2.195153046900824,-0.5936976037678053,0.0,0.0,1.0,0.0,1.0,0.0,0.0,0.0,1.0,
-0.8338860192014194,-1.0720002772708719,-0.5936976037678053,0.0,1.0,0.0,0.0,0.0,1.0,0.0,1.0,0.0,
-0.8895732520985574,-1.2855397102232704,-0.5936976037678053,0.0,1.0,0.0,0.0,1.0,0.0,0.0,1.0,0.0,
0.7810437348155829,0.20923632044351861,1.2740224305065673,0.0,0.0,0.0,1.0,0.0,1.0,0.0,1.0,0.0,
0.2798586387413408,-0.5808595814803555,0.9378328243371802,1.0,0.0,0.0,0.0,0.0,0.0,1.0,1.0,0.0,
-0.7781987863042813,-0.6662753546613149,-0.5936976037678053,0.0,1.0,0.0,0.0,0.0,0.0,1.0,1.0,0.0,
-1.0009477178928334,-0.08971888568983918,0.13471320959919997,0.0,0.0,0.0,1.0,1.0,0.0,0.0,1.0,0.0,
-0.7225115534071435,-0.6876292979565548,-0.5936976037678053,1.0,0.0,0.0,0.0,1.0,0.0,0.0,1.0,0.0,
0.1684841729470647,-0.43138197841367665,-0.5936976037678053,0.0,0.0,1.0,0.0,1.0,0.0,0.0,0.0,1.0,
-0.9452604849956954,-1.1574160504518314,-0.5936976037678053,0.0,1.0,0.0,0.0,0.0,0.0,1.0,1.0,0.0,
-0.05426475864148731,0.18788237714827877,-0.5936976037678053,0.0,0.0,0.0,1.0,0.0,1.0,0.0,1.0,0.0,
2.674409653318275,1.5545347480436287,-0.5936976037678053,0.0,1.0,0.0,0.0,1.0,0.0,0.0,1.0,0.0,
-0.6111370876128674,-0.7516911278422743,0.610981818339165,0.0,0.0,1.0,0.0,0.0,0.0,1.0,1.0,0.0,
1.226541597992687,0.48683758328163657,1.0032030255367832,1.0,0.0,0.0,0.0,1.0,0.0,0.0,0.0,1.0,
-0.3883881560243153,2.451400366443702,1.2460066299924517,0.0,0.0,0.0,1.0,0.0,1.0,0.0,1.0,0.0,
-0.49976262181859127,2.1310912170151046,-0.5936976037678053,0.0,0.0,0.0,1.0,0.0,0.0,1.0,0.0,1.0,
2.618722420421137,2.0243215005389055,0.6856906197101399,0.0,1.0,0.0,0.0,1.0,0.0,0.0,1.0,0.0,
0.8367309677127209,1.6399505212245882,-0.5936976037678053,1.0,0.0,0.0,0.0,0.0,0.0,1.0,1.0,0.0,
0.0014224742556507477,0.16652843385303895,0.7884152215952304,0.0,1.0,0.0,0.0,0.0,1.0,0.0,1.0,0.0,
0.11279694004992687,-0.516797751594636,0.4335484150830996,0.0,0.0,0.0,1.0,0.0,1.0,0.0,1.0,0.0,
-0.2770136902300393,-0.794399014432754,-0.5936976037678053,1.0,0.0,0.0,0.0,0.0,1.0,0.0,1.0,0.0,
-1.0009477178928334,-0.9225226742041931,-0.5936976037678053,0.0,1.0,0.0,0.0,0.0,0.0,1.0,1.0,0.0,
0.057109707152788805,-0.5595056381851157,-0.5936976037678053,0.0,0.0,1.0,0.0,0.0,0.0,1.0,1.0,0.0,
-0.5554498547157294,-0.7303371845470344,-0.5936976037678053,1.0,0.0,0.0,0.0,1.0,0.0,0.0,1.0,0.0,
0.892418200609859,0.12382054726255926,-0.5936976037678053,1.0,0.0,0.0,0.0,0.0,1.0,0.0,1.0,0.0,
2.563035187523999,1.38370320168171,-0.5936976037678053,0.0,0.0,0.0,1.0,0.0,0.0,1.0,0.0,1.0,
-1.0566349507899715,-0.43138197841367665,-0.5936976037678053,0.0,0.0,0.0,1.0,0.0,0.0,1.0,1.0,0.0,
0.5026075703298928,1.4477650315674295,-0.5936976037678053,0.0,0.0,1.0,0.0,0.0,0.0,1.0,1.0,0.0,
-1.0009477178928334,-1.2214778803375508,-0.5936976037678053,1.0,0.0,0.0,0.0,1.0,0.0,0.0,1.0,0.0,
-0.8338860192014194,-1.200123937042311,0.23743781148429047,0.0,0.0,1.0,0.0,1.0,0.0,0.0,1.0,0.0,
-0.8895732520985574,-0.04701099909935949,-0.5936976037678053,0.0,0.0,0.0,1.0,1.0,0.0,0.0,1.0,0.0,
-1.0009477178928334,-0.0043031125088798085,-0.5936976037678053,0.0,0.0,0.0,1.0,1.0,0.0,0.0,1.0,0.0,
0.22417140584420273,-0.5381516948898759,-0.5936976037678053,1.0,0.0,0.0,0.0,0.0,1.0,0.0,1.0,0.0,
-0.3883881560243153,-0.8584608443184735,-0.5936976037678053,0.0,0.0,1.0,0.0,1.0,0.0,0.0,1.0,0.0,
-0.49976262181859127,0.10246660396731941,-0.5936976037678053,0.0,0.0,1.0,0.0,1.0,0.0,0.0,1.0,0.0,
-0.4440753889214534,-0.9011687309089532,0.17206761028468742,0.0,0.0,0.0,1.0,0.0,1.0,0.0,1.0,0.0,
0.669669269021307,2.2805688200817835,-0.5936976037678053,0.0,1.0,0.0,0.0,0.0,1.0,0.0,1.0,0.0,
1.393603296684101,0.16652843385303895,-0.5936976037678053,0.0,1.0,0.0,0.0,0.0,0.0,1.0,1.0,0.0,
-0.8895732520985574,-0.8584608443184735,0.5082572164540745,0.0,0.0,0.0,1.0,0.0,1.0,0.0,1.0,0.0,
0.6139820361241689,0.40142181010067723,-0.5936976037678053,0.0,1.0,0.0,0.0,1.0,0.0,0.0,1.0,0.0,
-0.8338860192014194,-1.1360621071565915,-0.5936976037678053,0.0,0.0,0.0,1.0,0.0,1.0,0.0,1.0,0.0,
-1.0009477178928334,0.05975871737683972,0.21876061114154674,0.0,0.0,0.0,1.0,1.0,0.0,0.0,1.0,0.0,
1.5049777624783771,0.40142181010067723,-0.5936976037678053,1.0,0.0,0.0,0.0,1.0,0.0,0.0,1.0,0.0,
-1.0566349507899715,-1.0720002772708719,0.25611501182703417,0.0,1.0,0.0,0.0,0.0,1.0,0.0,1.0,0.0,
-0.4440753889214534,1.1915177120245515,-0.5936976037678053,0.0,1.0,0.0,0.0,0.0,0.0,1.0,1.0,0.0,
-0.9452604849956954,0.5508994131673561,-0.5936976037678053,0.0,1.0,0.0,0.0,1.0,0.0,0.0,1.0,0.0,
-1.0009477178928334,-0.0043031125088798085,0.3588396137121247,0.0,0.0,0.0,1.0,0.0,0.0,1.0,1.0,0.0,
-0.49976262181859127,-0.4527359217089165,0.891139823480321,0.0,1.0,0.0,0.0,0.0,1.0,0.0,1.0,0.0,
-0.9452604849956954,-1.1787699937470713,-0.5936976037678053,0.0,1.0,0.0,0.0,1.0,0.0,0.0,1.0,0.0,
-0.7225115534071435,-0.3032583186422376,-0.5936976037678053,0.0,0.0,1.0,0.0,1.0,0.0,0.0,1.0,0.0,
-0.5554498547157294,-0.794399014432754,0.9378328243371802,0.0,1.0,0.0,0.0,0.0,0.0,1.0,1.0,0.0,
0.0014224742556507477,0.5295454698721163,0.5923046179964213,0.0,1.0,0.0,0.0,1.0,0.0,0.0,1.0,0.0,
-0.7225115534071435,-1.3709554834042297,-0.5936976037678053,0.0,0.0,0.0,1.0,0.0,0.0,1.0,1.0,0.0,
0.0014224742556507477,-0.8798147876137133,-0.5936976037678053,1.0,0.0,0.0,0.0,0.0,1.0,0.0,1.0,0.0,
0.3355458716384789,0.35871392351019754,1.3954242327344015,1.0,0.0,0.0,0.0,0.0,1.0,0.0,1.0,0.0,
-0.33270092312717736,-0.8584608443184735,-0.5936976037678053,1.0,0.0,0.0,0.0,0.0,0.0,1.0,1.0,0.0,
0.22417140584420273,-0.21784254546127824,-0.5936976037678053,1.0,0.0,0.0,0.0,1.0,0.0,0.0,1.0,0.0,
-0.9452604849956954,1.1488098254340717,0.10669740908508436,0.0,0.0,0.0,1.0,0.0,0.0,1.0,1.0,0.0,
1.0594798993012728,0.5508994131673561,2.1518508466155226,0.0,1.0,0.0,0.0,0.0,0.0,1.0,1.0,0.0,
-0.9452604849956954,0.10246660396731941,-0.5936976037678053,1.0,0.0,0.0,0.0,1.0,0.0,0.0,1.0,0.0,
2.0618500914497573,0.33735998021495767,-0.5936976037678053,1.0,0.0,0.0,0.0,1.0,0.0,0.0,1.0,0.0,
-0.9452604849956954,-1.2214778803375508,-0.5936976037678053,0.0,0.0,0.0,1.0,1.0,0.0,0.0,1.0,0.0,
0.4469203374327547,0.35871392351019754,0.36817821388349653,0.0,1.0,0.0,0.0,1.0,0.0,0.0,1.0,0.0,
1.115167132198411,1.2555795419102709,-0.5936976037678053,0.0,0.0,1.0,0.0,0.0,1.0,0.0,1.0,0.0,
1.3379160637869632,0.700377016234035,-0.5936976037678053,0.0,0.0,1.0,0.0,1.0,0.0,0.0,1.0,0.0,
-0.9452604849956954,1.2128716553197911,3.1697582652950556,0.0,1.0,0.0,0.0,1.0,0.0,0.0,1.0,0.0,
-1.0009477178928334,-0.32461226193747744,0.816431022109346,0.0,0.0,0.0,1.0,0.0,0.0,1.0,1.0,0.0,
-1.0009477178928334,0.35871392351019754,-0.5936976037678053,0.0,1.0,0.0,0.0,1.0,0.0,0.0,1.0,0.0,
-0.2770136902300393,-0.516797751594636,-0.5936976037678053,0.0,0.0,0.0,1.0,1.0,0.0,0.0,1.0,0.0,
-0.33270092312717736,-0.9652305607946727,-0.5936976037678053,0.0,0.0,1.0,0.0,1.0,0.0,0.0,1.0,0.0,
-0.5554498547157294,-0.9865845040899126,-0.5936976037678053,0.0,0.0,1.0,0.0,1.0,0.0,0.0,1.0,0.0,
0.11279694004992687,-0.3459662052327173,1.572857635990467,0.0,0.0,0.0,1.0,1.0,0.0,0.0,1.0,0.0,
-0.2770136902300393,1.2769334852055108,-0.5936976037678053,1.0,0.0,0.0,0.0,1.0,0.0,0.0,1.0,0.0,
1.393603296684101,2.4086924798532223,-0.5936976037678053,0.0,1.0,0.0,0.0,1.0,0.0,0.0,1.0,0.0,
-1.1123221836871096,-0.1537807155755587,-0.5936976037678053,0.0,0.0,0.0,1.0,1.0,0.0,0.0,1.0,0.0,
-0.6668243205100054,0.1451744905577991,2.319945649700216,1.0,0.0,0.0,0.0,0.0,0.0,1.0,1.0,0.0,
-1.0009477178928334,-1.3496015401089898,0.11603600925645623,0.0,1.0,0.0,0.0,1.0,0.0,0.0,1.0,0.0,
-0.33270092312717736,0.31600603691971785,-0.5936976037678053,0.0,0.0,0.0,1.0,0.0,1.0,0.0,1.0,0.0,
-0.9452604849956954,-0.9865845040899126,0.6296590186819088,0.0,1.0,0.0,0.0,0.0,1.0,0.0,1.0,0.0,
-0.05426475864148731,0.20923632044351861,-0.5936976037678053,1.0,0.0,0.0,0.0,1.0,0.0,0.0,1.0,0.0,
-0.7781987863042813,-0.8584608443184735,1.0032030255367832,1.0,0.0,0.0,0.0,0.0,0.0,1.0,1.0,0.0,
-0.05426475864148731,-0.13242677228031888,-0.5936976037678053,0.0,0.0,0.0,1.0,1.0,0.0,0.0,1.0,0.0,
1.3379160637869632,0.7430849028245147,-0.5936976037678053,0.0,0.0,1.0,0.0,1.0,0.0,0.0,1.0,0.0,
0.5026075703298928,1.8534899541769865,-0.5936976037678053,1.0,0.0,0.0,0.0,1.0,0.0,0.0,1.0,0.0,
-0.7781987863042813,-0.8798147876137133,0.6016432181677931,0.0,0.0,1.0,0.0,0.0,1.0,0.0,1.0,0.0,
-0.10995199153862524,-0.1537807155755587,0.2934694125125216,1.0,0.0,0.0,0.0,0.0,0.0,1.0,1.0,0.0,
-0.8895732520985574,-0.7730450711375142,-0.5936976037678053,0.0,0.0,0.0,1.0,1.0,0.0,0.0,1.0,0.0,
0.2798586387413408,-0.32461226193747744,-0.5936976037678053,0.0,0.0,1.0,0.0,1.0,0.0,0.0,1.0,0.0,
0.11279694004992687,-0.26055043205175793,-0.5936976037678053,0.0,0.0,0.0,1.0,0.0,1.0,0.0,1.0,0.0,
2.117537324346895,1.8321360108817466,-0.5936976037678053,1.0,0.0,0.0,0.0,0.0,0.0,1.0,1.0,0.0,
0.057109707152788805,-0.5808595814803555,0.7323836205669992,0.0,1.0,0.0,0.0,0.0,0.0,1.0,1.0,0.0,
-0.6668243205100054,-1.1360621071565915,-0.5936976037678053,0.0,0.0,0.0,1.0,1.0,0.0,0.0,1.0,0.0,
-0.8895732520985574,-1.4350173132899493,-0.5936976037678053,0.0,0.0,0.0,1.0,0.0,0.0,1.0,1.0,0.0,
-0.49976262181859127,-0.0043031125088798085,-0.5936976037678053,0.0,0.0,0.0,1.0,0.0,1.0,0.0,1.0,0.0,
2.7300968862154136,1.4050571449769498,1.8343384407888792,0.0,0.0,1.0,0.0,0.0,1.0,0.0,1.0,0.0,
0.22417140584420273,0.18788237714827877,-0.5936976037678053,1.0,0.0,0.0,0.0,1.0,0.0,0.0,1.0,0.0,
0.6139820361241689,2.0670293871293848,2.03978764455906,0.0,0.0,0.0,1.0,1.0,0.0,0.0,0.0,1.0,
-0.6668243205100054,-0.6662753546613149,-0.5936976037678053,1.0,0.0,0.0,0.0,0.0,1.0,0.0,1.0,0.0,
0.11279694004992687,-0.7730450711375142,-0.5936976037678053,0.0,0.0,0.0,1.0,1.0,0.0,0.0,1.0,0.0,
-1.1123221836871096,0.9566243357769131,-0.5936976037678053,1.0,0.0,0.0,0.0,1.0,0.0,0.0,1.0,0.0,
-0.8338860192014194,-0.9438766174994329,-0.5936976037678053,0.0,0.0,1.0,0.0,1.0,0.0,0.0,1.0,0.0,
-0.8338860192014194,1.38370320168171,2.1331736462727786,0.0,0.0,0.0,1.0,1.0,0.0,0.0,1.0,0.0,
-0.4440753889214534,-0.7516911278422743,-0.5936976037678053,0.0,0.0,0.0,1.0,0.0,1.0,0.0,1.0,0.0,
0.2798586387413408,-0.3032583186422376,-0.5936976037678053,1.0,0.0,0.0,0.0,0.0,0.0,1.0,1.0,0.0,
0.4469203374327547,0.35871392351019754,-0.5936976037678053,1.0,0.0,0.0,0.0,0.0,1.0,0.0,1.0,0.0,
-0.2770136902300393,-0.6876292979565548,0.9751872250226676,0.0,0.0,1.0,0.0,1.0,0.0,0.0,1.0,0.0,
-0.7781987863042813,-0.6449214113660751,0.4989186162827026,0.0,0.0,1.0,0.0,0.0,1.0,0.0,1.0,0.0,
-0.10995199153862524,0.08111266067207956,-0.5936976037678053,1.0,0.0,0.0,0.0,0.0,0.0,1.0,1.0,0.0,
-0.16563922443576332,1.6826584078150677,-0.5936976037678053,1.0,0.0,0.0,0.0,1.0,0.0,0.0,1.0,0.0,
-0.8895732520985574,-0.9438766174994329,-0.5936976037678053,0.0,1.0,0.0,0.0,0.0,0.0,1.0,1.0,0.0,
-1.0566349507899715,-1.4350173132899493,-0.5936976037678053,1.0,0.0,0.0,0.0,1.0,0.0,0.0,1.0,0.0,
-1.0566349507899715,-1.1787699937470713,-0.5936976037678053,0.0,0.0,1.0,0.0,0.0,0.0,1.0,1.0,0.0,
-0.9452604849956954,-1.1574160504518314,0.4989186162827026,1.0,0.0,0.0,0.0,0.0,0.0,1.0,1.0,0.0,
-0.2770136902300393,0.8498546193007139,1.1712978286214768,0.0,1.0,0.0,0.0,0.0,0.0,1.0,1.0,0.0,
-0.10995199153862524,0.05975871737683972,-0.5936976037678053,0.0,0.0,1.0,0.0,0.0,1.0,0.0,1.0,0.0,
-0.10995199153862524,0.12382054726255926,-0.5936976037678053,0.0,0.0,1.0,0.0,0.0,1.0,0.0,1.0,0.0,
1.6163522282726532,0.20923632044351861,-0.5936976037678053,0.0,0.0,0.0,1.0,1.0,0.0,0.0,1.0,0.0,
3.6767798454667595,1.8534899541769865,0.8351082224520897,1.0,0.0,0.0,0.0,1.0,0.0,0.0,1.0,0.0,
-0.9452604849956954,-1.0720002772708719,0.10669740908508436,0.0,1.0,0.0,0.0,1.0,0.0,0.0,1.0,0.0,
-0.6111370876128674,-0.0043031125088798085,-0.5936976037678053,0.0,0.0,1.0,0.0,0.0,1.0,0.0,1.0,0.0,
-0.18234539430490473,-0.5595056381851157,1.4047628329057733,0.0,1.0,0.0,0.0,0.0,1.0,0.0,1.0,0.0,
-0.8895732520985574,0.16652843385303895,0.7230450203956273,0.0,0.0,0.0,1.0,1.0,0.0,0.0,1.0,0.0,
1.672039461169791,1.6826584078150677,-0.5936976037678053,1.0,0.0,0.0,0.0,0.0,0.0,1.0,0.0,1.0,
-0.05426475864148731,1.1488098254340717,-0.5936976037678053,0.0,1.0,0.0,0.0,1.0,0.0,0.0,1.0,0.0,
-0.5554498547157294,-0.5808595814803555,1.3860856325630297,1.0,0.0,0.0,0.0,1.0,0.0,0.0,1.0,0.0,
-0.9452604849956954,-1.0079384473851525,0.21876061114154674,0.0,0.0,0.0,1.0,1.0,0.0,0.0,1.0,0.0,
0.4469203374327547,0.9139164491864334,-0.5936976037678053,0.0,1.0,0.0,0.0,0.0,1.0,0.0,1.0,0.0,
-1.1123221836871096,0.33735998021495767,-0.5936976037678053,0.0,1.0,0.0,0.0,1.0,0.0,0.0,1.0,0.0,
-0.7225115534071435,-0.4527359217089165,1.23666802982108,0.0,0.0,1.0,0.0,0.0,1.0,0.0,1.0,0.0,
0.11279694004992687,0.16652843385303895,-0.5936976037678053,0.0,1.0,0.0,0.0,1.0,0.0,0.0,1.0,0.0,
-0.6668243205100054,-0.9865845040899126,0.32148521302663724,0.0,1.0,0.0,0.0,0.0,0.0,1.0,1.0,0.0,
-0.9452604849956954,-0.9011687309089532,0.7323836205669992,0.0,0.0,0.0,1.0,1.0,0.0,0.0,1.0,0.0,
0.2798586387413408,-0.23919648875651808,1.3487312318775422,0.0,0.0,1.0,0.0,1.0,0.0,0.0,1.0,0.0,
-0.7225115534071435,-0.9865845040899126,0.21876061114154674,0.0,0.0,0.0,1.0,0.0,1.0,0.0,1.0,0.0,
-0.6668243205100054,0.12382054726255926,1.4888102344481202,1.0,0.0,0.0,0.0,0.0,1.0,0.0,1.0,0.0,
-0.6668243205100054,-1.3282475968137502,0.44288701525447144,0.0,0.0,0.0,1.0,1.0,0.0,0.0,1.0,0.0,
-0.9452604849956954,1.2128716553197911,-0.5936976037678053,1.0,0.0,0.0,0.0,1.0,0.0,0.0,1.0,0.0,
-1.0566349507899715,-1.4136633699947094,0.2841308123411498,1.0,0.0,0.0,0.0,1.0,0.0,0.0,1.0,0.0,
-0.49976262181859127,0.08111266067207956,-0.5936976037678053,0.0,1.0,0.0,0.0,1.0,0.0,0.0,1.0,0.0,
0.6139820361241689,0.9993322223673928,-0.5936976037678053,0.0,1.0,0.0,0.0,1.0,0.0,0.0,1.0,0.0,
0.948105433506997,0.18788237714827877,2.2452368483292413,0.0,1.0,0.0,0.0,1.0,0.0,0.0,1.0,0.0,
-0.33270092312717736,2.088383330424625,3.3191758680370054,0.0,1.0,0.0,0.0,1.0,0.0,0.0,1.0,0.0,
0.3355458716384789,-0.21784254546127824,-0.5936976037678053,0.0,0.0,0.0,1.0,0.0,0.0,1.0,1.0,0.0,
0.22417140584420273,-0.43138197841367665,0.7603994210811148,0.0,0.0,1.0,0.0,0.0,1.0,0.0,1.0,0.0,
-1.0009477178928334,-1.1360621071565915,-0.5936976037678053,1.0,0.0,0.0,0.0,1.0,0.0,0.0,1.0,0.0,
-0.6668243205100054,0.27329815032923815,-0.5936976037678053,0.0,0.0,0.0,1.0,1.0,0.0,0.0,1.0,0.0,
-0.8895732520985574,-1.3068936535185103,0.32148521302663724,1.0,0.0,0.0,0.0,0.0,1.0,0.0,1.0,0.0,
-0.9452604849956954,-0.7303371845470344,-0.5936976037678053,1.0,0.0,0.0,0.0,0.0,0.0,1.0,1.0,0.0,
1.226541597992687,0.9352703924816733,-0.5936976037678053,0.0,1.0,0.0,0.0,0.0,1.0,0.0,1.0,0.0,
-0.5554498547157294,0.1451744905577991,2.2919298491861,0.0,0.0,1.0,0.0,1.0,0.0,0.0,1.0,0.0,
-0.8895732520985574,-1.1787699937470713,0.1533904099419437,0.0,1.0,0.0,0.0,1.0,0.0,0.0,1.0,0.0,
-0.5554498547157294,-0.7303371845470344,-0.5936976037678053,0.0,0.0,1.0,0.0,0.0,1.0,0.0,1.0,0.0,
-0.7781987863042813,0.12382054726255926,0.3775168140548684,0.0,0.0,1.0,0.0,0.0,1.0,0.0,1.0,0.0,
-0.3883881560243153,-0.5381516948898759,-0.5936976037678053,0.0,0.0,0.0,1.0,0.0,1.0,0.0,1.0,0.0,
-0.6668243205100054,-0.6449214113660751,-0.5936976037678053,1.0,0.0,0.0,0.0,1.0,0.0,0.0,1.0,0.0,
0.0014224742556507477,0.7857927894149944,1.6569050375328136,0.0,1.0,0.0,0.0,1.0,0.0,0.0,1.0,0.0,
0.0014224742556507477,0.18788237714827877,-0.5936976037678053,0.0,0.0,1.0,0.0,0.0,1.0,0.0,1.0,0.0,
-1.0009477178928334,-0.794399014432754,-0.5936976037678053,0.0,0.0,0.0,1.0,1.0,0.0,0.0,1.0,0.0,
-0.6668243205100054,0.16652843385303895,1.5541804356477231,1.0,0.0,0.0,0.0,0.0,1.0,0.0,1.0,0.0,
-0.10995199153862524,-0.6449214113660751,1.0125416257081552,1.0,0.0,0.0,0.0,1.0,0.0,0.0,1.0,0.0,
-0.2770136902300393,-0.9011687309089532,-0.5936976037678053,0.0,0.0,0.0,1.0,0.0,0.0,1.0,1.0,0.0,
0.7253565019184448,0.9352703924816733,-0.5936976037678053,1.0,0.0,0.0,0.0,0.0,1.0,0.0,0.0,1.0,
-0.16563922443576332,-0.794399014432754,-0.5936976037678053,0.0,0.0,0.0,1.0,1.0,0.0,0.0,1.0,0.0,
-0.18234539430490473,-0.47408986500415634,-0.5936976037678053,0.0,0.0,0.0,1.0,0.0,0.0,1.0,1.0,0.0,
0.11279694004992687,-0.06836494239459934,-0.5936976037678053,0.0,0.0,0.0,1.0,1.0,0.0,0.0,1.0,0.0,
-0.6668243205100054,0.10246660396731941,0.8070924219379741,1.0,0.0,0.0,0.0,0.0,1.0,0.0,1.0,0.0,
-0.7225115534071435,-0.6449214113660751,-0.5936976037678053,0.0,1.0,0.0,0.0,0.0,0.0,1.0,1.0,0.0,
1.8947883927583433,1.0206861656626327,-0.5936976037678053,1.0,0.0,0.0,0.0,1.0,0.0,0.0,1.0,0.0,
0.7810437348155829,-0.13242677228031888,1.161959228450105,0.0,0.0,0.0,1.0,1.0,0.0,0.0,1.0,0.0,
2.2289117901411712,1.5758886913388686,-0.5936976037678053,1.0,0.0,0.0,0.0,1.0,0.0,0.0,1.0,0.0,
2.952845817803965,1.0206861656626327,-0.5936976037678053,1.0,0.0,0.0,0.0,1.0,0.0,0.0,1.0,0.0,
-0.8338860192014194,0.42277575339591705,-0.5936976037678053,0.0,0.0,1.0,0.0,1.0,0.0,0.0,1.0,0.0,
-0.2770136902300393,-0.6449214113660751,-0.5936976037678053,0.0,0.0,0.0,1.0,0.0,0.0,1.0,1.0,0.0,
0.4469203374327547,2.0243215005389055,-0.5936976037678053,0.0,1.0,0.0,0.0,1.0,0.0,0.0,1.0,0.0,
-0.5554498547157294,-1.1147081638613516,-0.5936976037678053,0.0,0.0,1.0,0.0,0.0,1.0,0.0,1.0,0.0,
-1.0009477178928334,-1.2855397102232704,-0.5936976037678053,1.0,0.0,0.0,0.0,1.0,0.0,0.0,1.0,0.0,
-0.5554498547157294,-1.0079384473851525,0.6203204185105369,0.0,0.0,0.0,1.0,1.0,0.0,0.0,1.0,0.0,
0.22417140584420273,2.1097372737198645,-0.5936976037678053,1.0,0.0,0.0,0.0,1.0,0.0,0.0,1.0,0.0,
0.2798586387413408,-0.7516911278422743,-0.5936976037678053,0.0,1.0,0.0,0.0,1.0,0.0,0.0,0.0,1.0,
-0.16563922443576332,2.5368161396246616,-0.5936976037678053,1.0,0.0,0.0,0.0,1.0,0.0,0.0,1.0,0.0,
-0.3883881560243153,-0.4527359217089165,-0.5936976037678053,0.0,0.0,0.0,1.0,1.0,0.0,0.0,1.0,0.0,
0.7253565019184448,1.5972426346341084,-0.5936976037678053,0.0,1.0,0.0,0.0,1.0,0.0,0.0,1.0,0.0,
-0.9452604849956954,-1.0079384473851525,0.7884152215952304,0.0,1.0,0.0,0.0,1.0,0.0,0.0,1.0,0.0,
-1.0566349507899715,-1.2214778803375508,-0.5936976037678053,0.0,0.0,1.0,0.0,0.0,1.0,0.0,1.0,0.0,
-0.22132645733290124,0.27329815032923815,-0.5936976037678053,0.0,1.0,0.0,0.0,1.0,0.0,0.0,1.0,0.0,
-1.0009477178928334,-0.8798147876137133,-0.5936976037678053,1.0,0.0,0.0,0.0,1.0,0.0,0.0,1.0,0.0,
-0.16563922443576332,-0.9011687309089532,0.21876061114154674,0.0,0.0,0.0,1.0,1.0,0.0,0.0,1.0,0.0,
-0.6111370876128674,-0.3032583186422376,-0.5936976037678053,0.0,0.0,1.0,0.0,0.0,1.0,0.0,1.0,0.0,
1.0037926664041348,0.20923632044351861,-0.5936976037678053,0.0,1.0,0.0,0.0,0.0,0.0,1.0,1.0,0.0,
-0.22132645733290124,-0.43138197841367665,1.2460066299924517,1.0,0.0,0.0,0.0,0.0,1.0,0.0,1.0,0.0,
0.11279694004992687,-0.43138197841367665,-0.5936976037678053,0.0,0.0,1.0,0.0,0.0,1.0,0.0,1.0,0.0,
0.3355458716384789,0.05975871737683972,-0.5936976037678053,0.0,0.0,0.0,1.0,0.0,0.0,1.0,1.0,0.0,
1.0594798993012728,1.1274558821388319,-0.5936976037678053,0.0,1.0,0.0,0.0,1.0,0.0,0.0,1.0,0.0,
-0.7781987863042813,-1.3496015401089898,-0.5936976037678053,0.0,0.0,0.0,1.0,0.0,0.0,1.0,1.0,0.0,
-0.2770136902300393,-0.7303371845470344,1.021880225879527,0.0,1.0,0.0,0.0,1.0,0.0,0.0,1.0,0.0,
-0.4440753889214534,-0.8584608443184735,0.545611617139562,1.0,0.0,0.0,0.0,0.0,0.0,1.0,1.0,0.0,
0.22417140584420273,1.0633940522531122,-0.5936976037678053,1.0,0.0,0.0,0.0,1.0,0.0,0.0,1.0,0.0,
-0.33270092312717736,2.2592148767865434,-0.5936976037678053,0.0,0.0,1.0,0.0,1.0,0.0,0.0,1.0,0.0,
0.0014224742556507477,-0.7303371845470344,1.0498960263936425,1.0,0.0,0.0,0.0,0.0,1.0,0.0,1.0,0.0,
0.5026075703298928,-0.11107282898507902,-0.5936976037678053,1.0,0.0,0.0,0.0,1.0,0.0,0.0,1.0,0.0,
2.4126796587017267,2.472754309738942,-0.5936976037678053,1.0,0.0,0.0,0.0,1.0,0.0,0.0,1.0,0.0,
2.7300968862154136,1.4904729181579093,-0.5936976037678053,0.0,1.0,0.0,0.0,1.0,0.0,0.0,1.0,0.0,
0.948105433506997,-0.3459662052327173,0.6576748191960243,0.0,1.0,0.0,0.0,1.0,0.0,0.0,1.0,0.0,
0.5582948032270308,0.1451744905577991,-0.5936976037678053,0.0,0.0,1.0,0.0,0.0,1.0,0.0,1.0,0.0,
-1.0009477178928334,0.12382054726255926,-0.5936976037678053,0.0,0.0,0.0,1.0,1.0,0.0,0.0,1.0,0.0,
1.226541597992687,2.2165069901960637,-0.5936976037678053,0.0,0.0,0.0,1.0,0.0,0.0,1.0,1.0,0.0,
-1.0009477178928334,0.35871392351019754,-0.5936976037678053,1.0,0.0,0.0,0.0,0.0,1.0,0.0,1.0,0.0,
0.1684841729470647,-0.0043031125088798085,-0.5936976037678053,0.0,1.0,0.0,0.0,0.0,0.0,1.0,1.0,0.0,
-0.6111370876128674,1.38370320168171,-0.5936976037678053,1.0,0.0,0.0,0.0,1.0,0.0,0.0,1.0,0.0,
-0.10995199153862524,-0.06836494239459934,1.6662436377041856,0.0,0.0,0.0,1.0,0.0,1.0,0.0,1.0,0.0,
-0.8338860192014194,-1.3709554834042297,0.1533904099419437,1.0,0.0,0.0,0.0,0.0,0.0,1.0,1.0,0.0,
-0.10995199153862524,0.1451744905577991,1.0685732267363863,0.0,1.0,0.0,0.0,1.0,0.0,0.0,1.0,0.0,
-0.7225115534071435,-0.6662753546613149,1.0312188260508988,0.0,0.0,0.0,1.0,0.0,1.0,0.0,1.0,0.0,
0.4469203374327547,-0.21784254546127824,-0.5936976037678053,0.0,0.0,0.0,1.0,0.0,1.0,0.0,1.0,0.0,
-0.5554498547157294,-0.8584608443184735,-0.5936976037678053,0.0,0.0,0.0,1.0,0.0,0.0,1.0,1.0,0.0,
-0.10995199153862524,-0.0043031125088798085,-0.5936976037678053,0.0,1.0,0.0,0.0,1.0,0.0,0.0,1.0,0.0,
-0.6111370876128674,-0.3032583186422376,-0.5936976037678053,0.0,0.0,1.0,0.0,0.0,0.0,1.0,1.0,0.0,
0.5582948032270308,0.16652843385303895,-0.5936976037678053,1.0,0.0,0.0,0.0,0.0,0.0,1.0,1.0,0.0,
-0.8895732520985574,-1.0933542205661118,0.6856906197101399,0.0,0.0,0.0,1.0,0.0,1.0,0.0,1.0,0.0,
-1.1123221836871096,2.2165069901960637,-0.5936976037678053,0.0,1.0,0.0,0.0,1.0,0.0,0.0,1.0,0.0,
-0.3883881560243153,-0.8584608443184735,-0.5936976037678053,0.0,0.0,1.0,0.0,0.0,1.0,0.0,1.0,0.0,
-1.0566349507899715,-0.28190437534699775,0.7603994210811148,0.0,0.0,0.0,1.0,0.0,1.0,0.0,1.0,0.0,
0.22417140584420273,-0.06836494239459934,-0.5936976037678053,0.0,0.0,0.0,1.0,1.0,0.0,0.0,1.0,0.0,
-0.22132645733290124,-0.26055043205175793,-0.5936976037678053,1.0,0.0,0.0,0.0,1.0,0.0,0.0,1.0,0.0,
0.4469203374327547,-0.5595056381851157,-0.5936976037678053,1.0,0.0,0.0,0.0,1.0,0.0,0.0,1.0,0.0,
-0.9452604849956954,-1.2855397102232704,0.4802414159399589,0.0,1.0,0.0,0.0,0.0,0.0,1.0,1.0,0.0,
-0.3883881560243153,-1.200123937042311,0.31214661285526535,0.0,0.0,1.0,0.0,0.0,1.0,0.0,1.0,0.0,
-0.22132645733290124,-0.47408986500415634,-0.5936976037678053,1.0,0.0,0.0,0.0,0.0,1.0,0.0,1.0,0.0,
-0.9452604849956954,-1.3068936535185103,-0.5936976037678053,0.0,0.0,0.0,1.0,1.0,0.0,0.0,1.0,0.0,
-1.0566349507899715,-0.6449214113660751,-0.5936976037678053,0.0,1.0,0.0,0.0,1.0,0.0,0.0,1.0,0.0,
-0.8895732520985574,-1.3923094266994696,-0.5936976037678053,1.0,0.0,0.0,0.0,0.0,1.0,0.0,1.0,0.0,
1.1708543650955487,1.917551784062706,-0.5936976037678053,1.0,0.0,0.0,0.0,0.0,0.0,1.0,0.0,1.0,
0.37452693466647535,-0.23919648875651808,-0.5936976037678053,0.0,0.0,0.0,1.0,1.0,0.0,0.0,1.0,0.0,
-0.16563922443576332,0.7217309595292748,-0.5936976037678053,0.0,0.0,0.0,1.0,0.0,0.0,1.0,1.0,0.0,
0.0014224742556507477,0.7857927894149944,-0.5936976037678053,1.0,0.0,0.0,0.0,1.0,0.0,0.0,1.0,0.0,
-0.10995199153862524,0.05975871737683972,-0.5936976037678053,0.0,1.0,0.0,0.0,0.0,1.0,0.0,1.0,0.0,
-0.05426475864148731,-0.794399014432754,-0.5936976037678053,1.0,0.0,0.0,0.0,0.0,0.0,1.0,1.0,0.0,
0.1684841729470647,-0.0043031125088798085,-0.5936976037678053,0.0,0.0,0.0,1.0,0.0,0.0,1.0,1.0,0.0,
0.11279694004992687,-0.32461226193747744,-0.5936976037678053,0.0,1.0,0.0,0.0,0.0,0.0,1.0,1.0,0.0,
-0.2770136902300393,0.16652843385303895,1.2646838303351955,0.0,1.0,0.0,0.0,0.0,0.0,1.0,1.0,0.0,
-0.10995199153862524,-0.1537807155755587,-0.5936976037678053,0.0,0.0,0.0,1.0,0.0,0.0,1.0,1.0,0.0,
-0.18234539430490473,-0.43138197841367665,-0.5936976037678053,0.0,1.0,0.0,0.0,0.0,1.0,0.0,1.0,0.0,
0.0014224742556507477,0.1451744905577991,0.18140621045605929,0.0,1.0,0.0,0.0,1.0,0.0,0.0,1.0,0.0,
-0.6668243205100054,-0.06836494239459934,-0.5936976037678053,0.0,0.0,1.0,0.0,1.0,0.0,0.0,1.0,0.0,
0.2798586387413408,-0.43138197841367665,1.4514558337626327,0.0,0.0,1.0,0.0,1.0,0.0,0.0,0.0,1.0,
-1.1123221836871096,-0.8798147876137133,-0.5936976037678053,0.0,0.0,0.0,1.0,0.0,1.0,0.0,1.0,0.0,
3.3983436809810694,2.5581700829199012,-0.5936976037678053,1.0,0.0,0.0,0.0,1.0,0.0,0.0,1.0,0.0,
-0.2770136902300393,-0.9011687309089532,-0.5936976037678053,1.0,0.0,0.0,0.0,0.0,1.0,0.0,1.0,0.0,
0.0014224742556507477,-0.6662753546613149,-0.5936976037678053,1.0,0.0,0.0,0.0,0.0,1.0,0.0,1.0,0.0,
-0.5554498547157294,-0.9225226742041931,-0.5936976037678053,1.0,0.0,0.0,0.0,1.0,0.0,0.0,1.0,0.0,
-0.10995199153862524,0.10246660396731941,-0.5936976037678053,0.0,1.0,0.0,0.0,1.0,0.0,0.0,1.0,0.0,
0.057109707152788805,0.20923632044351861,-0.5936976037678053,0.0,0.0,0.0,1.0,0.0,0.0,1.0,1.0,0.0,
2.5073479546268613,2.5154621963294215,-0.5936976037678053,0.0,1.0,0.0,0.0,1.0,0.0,0.0,1.0,0.0,
-0.5554498547157294,-1.1787699937470713,0.6576748191960243,0.0,0.0,0.0,1.0,1.0,0.0,0.0,1.0,0.0,
-0.5554498547157294,-0.794399014432754,0.8444468226234616,0.0,0.0,0.0,1.0,0.0,0.0,1.0,1.0,0.0,
-0.5554498547157294,0.8285006760054741,-0.5936976037678053,1.0,0.0,0.0,0.0,0.0,0.0,1.0,1.0,0.0,
-0.7781987863042813,-0.9225226742041931,-0.5936976037678053,0.0,1.0,0.0,0.0,0.0,0.0,1.0,1.0,0.0,
-0.10995199153862524,-0.47408986500415634,-0.5936976037678053,0.0,0.0,0.0,1.0,0.0,0.0,1.0,1.0,0.0,
1.2989350007589664,1.3409953150912304,-0.5936976037678053,0.0,1.0,0.0,0.0,1.0,0.0,0.0,1.0,0.0,
0.22417140584420273,0.7857927894149944,-0.5936976037678053,0.0,0.0,0.0,1.0,0.0,0.0,1.0,1.0,0.0,
-0.2770136902300393,-1.1787699937470713,-0.5936976037678053,0.0,0.0,0.0,1.0,0.0,1.0,0.0,1.0,0.0,
1.672039461169791,1.234225598615031,-0.5936976037678053,1.0,0.0,0.0,0.0,1.0,0.0,0.0,1.0,0.0,
-0.9452604849956954,-0.7303371845470344,-0.5936976037678053,1.0,0.0,0.0,0.0,1.0,0.0,0.0,1.0,0.0,
-0.7225115534071435,0.18788237714827877,-0.5936976037678053,0.0,0.0,1.0,0.0,0.0,1.0,0.0,1.0,0.0,
1.3379160637869632,1.2128716553197911,-0.5936976037678053,1.0,0.0,0.0,0.0,0.0,1.0,0.0,1.0,0.0,
-1.0009477178928334,-1.1574160504518314,0.6856906197101399,0.0,1.0,0.0,0.0,0.0,0.0,1.0,0.0,1.0,
-0.9452604849956954,-0.7303371845470344,0.4148712147403559,0.0,1.0,0.0,0.0,1.0,0.0,0.0,1.0,0.0,
-0.2770136902300393,-0.9011687309089532,0.7137064202242555,1.0,0.0,0.0,0.0,0.0,0.0,1.0,1.0,0.0,
1.672039461169791,1.2555795419102709,-0.5936976037678053,1.0,0.0,0.0,0.0,1.0,0.0,0.0,1.0,0.0,
-0.4440753889214534,-0.7089832412517946,-0.5936976037678053,0.0,0.0,0.0,1.0,0.0,1.0,0.0,1.0,0.0,
-0.05426475864148731,-0.5595056381851157,0.23743781148429047,0.0,0.0,0.0,1.0,0.0,0.0,1.0,1.0,0.0,
0.057109707152788805,-0.1537807155755587,-0.5936976037678053,0.0,0.0,1.0,0.0,1.0,0.0,0.0,1.0,0.0,
1.8947883927583433,1.6826584078150677,-0.5936976037678053,0.0,0.0,1.0,0.0,0.0,1.0,0.0,1.0,0.0,
-1.0566349507899715,-0.8584608443184735,-0.5936976037678053,1.0,0.0,0.0,0.0,1.0,0.0,0.0,1.0,0.0,
-0.10995199153862524,0.05975871737683972,0.9284942241658084,0.0,0.0,0.0,1.0,0.0,0.0,1.0,1.0,0.0,
-0.10995199153862524,0.20923632044351861,-0.5936976037678053,0.0,0.0,1.0,0.0,0.0,1.0,0.0,1.0,0.0,
-0.2770136902300393,-1.2214778803375508,-0.5936976037678053,1.0,0.0,0.0,0.0,0.0,0.0,1.0,1.0,0.0,
-0.4440753889214534,-0.6662753546613149,-0.5936976037678053,1.0,0.0,0.0,0.0,1.0,0.0,0.0,1.0,0.0,
0.0014224742556507477,-0.7516911278422743,0.23743781148429047,0.0,1.0,0.0,0.0,0.0,0.0,1.0,1.0,0.0,
-0.10995199153862524,0.5936072997578358,2.805552858611553,0.0,0.0,1.0,0.0,0.0,1.0,0.0,1.0,0.0,
-0.05426475864148731,-0.08971888568983918,1.3393926317061704,0.0,0.0,0.0,1.0,1.0,0.0,0.0,1.0,0.0,
-0.2770136902300393,-1.1360621071565915,0.44288701525447144,1.0,0.0,0.0,0.0,0.0,1.0,0.0,1.0,0.0,
-0.16563922443576332,0.12382054726255926,-0.5936976037678053,0.0,0.0,1.0,0.0,0.0,1.0,0.0,1.0,0.0,
0.2798586387413408,-0.26055043205175793,-0.5936976037678053,1.0,0.0,0.0,0.0,0.0,0.0,1.0,1.0,0.0,
-1.0009477178928334,-1.3709554834042297,0.24677641165566233,0.0,1.0,0.0,0.0,0.0,0.0,1.0,1.0,0.0,
0.0014224742556507477,0.12382054726255926,-0.5936976037678053,0.0,1.0,0.0,0.0,0.0,1.0,0.0,0.0,1.0,
0.39123310453561694,0.5295454698721163,0.5829660178250494,1.0,0.0,0.0,0.0,0.0,1.0,0.0,1.0,0.0,
0.22417140584420273,0.05975871737683972,-0.5936976037678053,0.0,0.0,0.0,1.0,1.0,0.0,0.0,0.0,1.0,
-0.18234539430490473,-0.5808595814803555,-0.5936976037678053,0.0,1.0,0.0,0.0,0.0,1.0,0.0,1.0,0.0,
2.897158584906827,0.9139164491864334,-0.5936976037678053,0.0,1.0,0.0,0.0,1.0,0.0,0.0,1.0,0.0,
-0.05426475864148731,-0.6876292979565548,-0.5936976037678053,0.0,0.0,1.0,0.0,0.0,1.0,0.0,1.0,0.0,
0.057109707152788805,0.1451744905577991,-0.5936976037678053,0.0,0.0,1.0,0.0,1.0,0.0,0.0,1.0,0.0,
0.3355458716384789,-0.02565705580411965,-0.5936976037678053,0.0,0.0,1.0,0.0,0.0,0.0,1.0,1.0,0.0,
2.0618500914497573,2.5368161396246616,-0.5936976037678053,0.0,1.0,0.0,0.0,0.0,1.0,0.0,1.0,0.0,
0.948105433506997,1.7680741809960272,1.7502910392465323,0.0,1.0,0.0,0.0,0.0,0.0,1.0,1.0,0.0,
0.11279694004992687,-0.3032583186422376,0.4989186162827026,0.0,0.0,1.0,0.0,0.0,0.0,1.0,1.0,0.0,
-0.5554498547157294,-0.9652305607946727,0.891139823480321,0.0,1.0,0.0,0.0,0.0,0.0,1.0,1.0,0.0,
-0.16563922443576332,-0.6876292979565548,0.7323836205669992,1.0,0.0,0.0,0.0,1.0,0.0,0.0,1.0,0.0,
-1.0009477178928334,-0.9011687309089532,-0.5936976037678053,0.0,0.0,1.0,0.0,1.0,0.0,0.0,1.0,0.0,
0.22417140584420273,-0.6662753546613149,-0.5936976037678053,1.0,0.0,0.0,0.0,1.0,0.0,0.0,1.0,0.0,
-0.33270092312717736,-1.0079384473851525,0.5082572164540745,1.0,0.0,0.0,0.0,0.0,0.0,1.0,1.0,0.0,
-0.9452604849956954,-0.9652305607946727,0.8724626231375772,0.0,0.0,0.0,1.0,0.0,1.0,0.0,1.0,0.0,
-0.6111370876128674,-1.1147081638613516,-0.5936976037678053,0.0,0.0,1.0,0.0,0.0,0.0,1.0,1.0,0.0,
-0.8895732520985574,-0.9652305607946727,0.4802414159399589,0.0,0.0,0.0,1.0,0.0,1.0,0.0,1.0,0.0,
-0.16563922443576332,-0.43138197841367665,-0.5936976037678053,0.0,0.0,0.0,1.0,0.0,1.0,0.0,1.0,0.0,
-0.2770136902300393,0.12382054726255926,1.983756043530829,0.0,0.0,1.0,0.0,1.0,0.0,0.0,1.0,0.0,
-0.3883881560243153,0.1451744905577991,-0.5936976037678053,1.0,0.0,0.0,0.0,0.0,0.0,1.0,1.0,0.0,
0.0014224742556507477,0.8285006760054741,3.1604196651236838,0.0,1.0,0.0,0.0,1.0,0.0,0.0,1.0,0.0,
0.39123310453561694,0.8498546193007139,2.049126244730432,1.0,0.0,0.0,0.0,0.0,1.0,0.0,1.0,0.0,
-0.05426475864148731,-0.9865845040899126,-0.5936976037678053,0.0,0.0,0.0,1.0,0.0,0.0,1.0,1.0,0.0,
-0.9452604849956954,-0.9225226742041931,-0.5936976037678053,0.0,0.0,0.0,1.0,1.0,0.0,0.0,1.0,0.0,
-1.0566349507899715,-0.8798147876137133,-0.5936976037678053,0.0,0.0,0.0,1.0,0.0,0.0,1.0,1.0,0.0,
-0.49976262181859127,-0.5381516948898759,-0.5936976037678053,0.0,1.0,0.0,0.0,1.0,0.0,0.0,1.0,0.0,
0.7253565019184448,1.2769334852055108,-0.5936976037678053,0.0,1.0,0.0,0.0,1.0,0.0,0.0,1.0,0.0,
-0.6668243205100054,-0.8584608443184735,-0.5936976037678053,0.0,0.0,0.0,1.0,1.0,0.0,0.0,1.0,0.0,
2.4126796587017267,1.5758886913388686,2.254575448500613,1.0,0.0,0.0,0.0,1.0,0.0,0.0,1.0,0.0,
-0.2770136902300393,0.38006786680543736,-0.5936976037678053,1.0,0.0,0.0,0.0,0.0,0.0,1.0,1.0,0.0,
1.4492905295812388,2.1097372737198645,4.916076497341594,0.0,0.0,1.0,0.0,0.0,1.0,0.0,1.0,0.0,
-0.7781987863042813,-0.9225226742041931,0.8631240229662053,0.0,0.0,0.0,1.0,1.0,0.0,0.0,1.0,0.0,
-0.33270092312717736,-0.7303371845470344,-0.5936976037678053,1.0,0.0,0.0,0.0,1.0,0.0,0.0,1.0,0.0,
2.952845817803965,1.7040123511103076,-0.5936976037678053,1.0,0.0,0.0,0.0,1.0,0.0,0.0,1.0,0.0,
-0.6111370876128674,0.1451744905577991,-0.5936976037678053,0.0,0.0,1.0,0.0,0.0,1.0,0.0,1.0,0.0,
-0.2770136902300393,-0.8798147876137133,0.3495010135407528,0.0,0.0,1.0,0.0,1.0,0.0,0.0,1.0,0.0,
0.2798586387413408,0.6149612430530756,-0.5936976037678053,0.0,0.0,1.0,0.0,1.0,0.0,0.0,1.0,0.0,
3.231281982289655,1.36234925838647,-0.5936976037678053,0.0,1.0,0.0,0.0,1.0,0.0,0.0,1.0,0.0,
0.948105433506997,2.2805688200817835,-0.5936976037678053,1.0,0.0,0.0,0.0,0.0,0.0,1.0,1.0,0.0,
0.892418200609859,-0.3459662052327173,-0.5936976037678053,1.0,0.0,0.0,0.0,0.0,1.0,0.0,1.0,0.0,
-1.0566349507899715,-0.13242677228031888,-0.5936976037678053,0.0,0.0,1.0,0.0,1.0,0.0,0.0,1.0,0.0,
2.7857841191125514,0.7217309595292748,2.8242300589542966,1.0,0.0,0.0,0.0,1.0,0.0,0.0,1.0,0.0,
-1.0566349507899715,-1.1787699937470713,-0.5936976037678053,0.0,0.0,1.0,0.0,0.0,1.0,0.0,1.0,0.0,
0.4469203374327547,-0.32461226193747744,1.096589027250502,0.0,1.0,0.0,0.0,1.0,0.0,0.0,1.0,0.0,
0.5582948032270308,0.35871392351019754,-0.5936976037678053,0.0,0.0,0.0,1.0,1.0,0.0,0.0,0.0,1.0,
3.231281982289655,2.045675443834145,-0.5936976037678053,0.0,1.0,0.0,0.0,1.0,0.0,0.0,1.0,0.0,
0.057109707152788805,0.8285006760054741,-0.5936976037678053,0.0,0.0,0.0,1.0,0.0,0.0,1.0,1.0,0.0,
0.0014224742556507477,0.5722533564625959,-0.5936976037678053,0.0,1.0,0.0,0.0,1.0,0.0,0.0,1.0,0.0,
-1.0566349507899715,-0.13242677228031888,-0.5936976037678053,1.0,0.0,0.0,0.0,0.0,1.0,0.0,1.0,0.0,
-0.22132645733290124,0.10246660396731941,-0.5936976037678053,0.0,0.0,0.0,1.0,0.0,1.0,0.0,1.0,0.0,
-0.5554498547157294,0.40142181010067723,-0.5936976037678053,0.0,0.0,0.0,1.0,0.0,1.0,0.0,1.0,0.0,
1.1708543650955487,1.8748438974722264,-0.5936976037678053,1.0,0.0,0.0,0.0,1.0,0.0,0.0,1.0,0.0,
-0.6668243205100054,-0.7303371845470344,-0.5936976037678053,1.0,0.0,0.0,0.0,1.0,0.0,0.0,1.0,0.0,
-1.1123221836871096,0.12382054726255926,-0.5936976037678053,0.0,1.0,0.0,0.0,0.0,0.0,1.0,1.0,0.0,
-0.2770136902300393,-1.1574160504518314,-0.5936976037678053,0.0,0.0,1.0,0.0,1.0,0.0,0.0,1.0,0.0,
2.897158584906827,1.5758886913388686,-0.5936976037678053,0.0,0.0,0.0,1.0,0.0,1.0,0.0,0.0,1.0,
0.1684841729470647,0.5508994131673561,1.7969840401033916,0.0,0.0,0.0,1.0,0.0,0.0,1.0,1.0,0.0,
-0.8338860192014194,2.088383330424625,-0.5936976037678053,1.0,0.0,0.0,0.0,0.0,1.0,0.0,1.0,0.0,
-0.3883881560243153,-0.7730450711375142,-0.5936976037678053,0.0,0.0,0.0,1.0,1.0,0.0,0.0,1.0,0.0,
-0.6111370876128674,-0.9865845040899126,0.5829660178250494,0.0,0.0,1.0,0.0,1.0,0.0,0.0,1.0,0.0,
-0.2770136902300393,-0.6662753546613149,0.4989186162827026,0.0,0.0,1.0,0.0,1.0,0.0,0.0,1.0,0.0,
0.5026075703298928,1.36234925838647,-0.5936976037678053,0.0,1.0,0.0,0.0,0.0,0.0,1.0,1.0,0.0,
-0.8895732520985574,0.10246660396731941,-0.5936976037678053,0.0,0.0,0.0,1.0,1.0,0.0,0.0,1.0,0.0,
2.602016250551996,1.810782067586507,-0.5936976037678053,0.0,1.0,0.0,0.0,1.0,0.0,0.0,1.0,0.0,
-0.7392177232762849,-1.1147081638613516,0.2934694125125216,0.0,0.0,1.0,0.0,0.0,1.0,0.0,1.0,0.0,
-0.2770136902300393,-0.3459662052327173,0.7043678200528837,0.0,1.0,0.0,0.0,1.0,0.0,0.0,1.0,0.0,
-0.5554498547157294,-1.1360621071565915,-0.5936976037678053,1.0,0.0,0.0,0.0,1.0,0.0,0.0,1.0,0.0,
0.4469203374327547,0.38006786680543736,-0.5936976037678053,1.0,0.0,0.0,0.0,0.0,0.0,1.0,1.0,0.0,
0.22417140584420273,0.8285006760054741,-0.5936976037678053,1.0,0.0,0.0,0.0,0.0,0.0,1.0,1.0,0.0,
-0.8895732520985574,-1.0720002772708719,0.4802414159399589,0.0,0.0,0.0,1.0,0.0,0.0,1.0,1.0,0.0,
-0.6111370876128674,-0.9011687309089532,-0.5936976037678053,0.0,0.0,1.0,0.0,0.0,0.0,1.0,1.0,0.0,
0.2798586387413408,-0.47408986500415634,0.3588396137121247,0.0,1.0,0.0,0.0,1.0,0.0,0.0,1.0,0.0,
-1.1123221836871096,0.16652843385303895,-0.5936976037678053,1.0,0.0,0.0,0.0,1.0,0.0,0.0,1.0,0.0,
0.2798586387413408,-0.5808595814803555,0.38685541422624026,1.0,0.0,0.0,0.0,0.0,0.0,1.0,1.0,0.0,
-0.9452604849956954,-0.8584608443184735,0.2280992113129186,0.0,1.0,0.0,0.0,1.0,0.0,0.0,0.0,1.0,
0.1684841729470647,-0.6662753546613149,-0.5936976037678053,0.0,1.0,0.0,0.0,0.0,0.0,1.0,1.0,0.0,
-1.0566349507899715,-1.200123937042311,-0.5936976037678053,1.0,0.0,0.0,0.0,1.0,0.0,0.0,1.0,0.0,
-0.33270092312717736,-1.200123937042311,0.32148521302663724,1.0,0.0,0.0,0.0,0.0,0.0,1.0,1.0,0.0,
0.057109707152788805,-0.5381516948898759,-0.5936976037678053,0.0,0.0,0.0,1.0,0.0,0.0,1.0,0.0,1.0,
-0.18234539430490473,-0.7303371845470344,-0.5936976037678053,0.0,0.0,0.0,1.0,0.0,0.0,1.0,1.0,0.0,
0.4469203374327547,1.4264110882721897,-0.5936976037678053,0.0,1.0,0.0,0.0,0.0,0.0,1.0,1.0,0.0,
0.8367309677127209,1.0633940522531122,-0.5936976037678053,1.0,0.0,0.0,0.0,1.0,0.0,0.0,1.0,0.0,
0.7253565019184448,1.5545347480436287,-0.5936976037678053,0.0,1.0,0.0,0.0,1.0,0.0,0.0,0.0,1.0,
-0.7225115534071435,-0.9652305607946727,0.7603994210811148,0.0,1.0,0.0,0.0,0.0,1.0,0.0,1.0,0.0,
-1.0566349507899715,-1.0720002772708719,0.4242098149117277,0.0,0.0,0.0,1.0,0.0,0.0,1.0,1.0,0.0,
1.0594798993012728,0.48683758328163657,-0.5936976037678053,0.0,0.0,1.0,0.0,0.0,0.0,1.0,1.0,0.0,
-0.8338860192014194,-0.9011687309089532,0.4148712147403559,0.0,0.0,1.0,0.0,1.0,0.0,0.0,1.0,0.0,
3.2869692151867937,1.9816136139484255,-0.5936976037678053,0.0,1.0,0.0,0.0,0.0,1.0,0.0,1.0,0.0,
-0.16563922443576332,-0.7303371845470344,-0.5936976037678053,0.0,1.0,0.0,0.0,0.0,1.0,0.0,1.0,0.0,
1.0037926664041348,0.12382054726255926,-0.5936976037678053,0.0,0.0,0.0,1.0,0.0,1.0,0.0,1.0,0.0,
-0.7392177232762849,-1.200123937042311,0.18140621045605929,1.0,0.0,0.0,0.0,0.0,0.0,1.0,1.0,0.0,
-0.9452604849956954,-1.4350173132899493,-0.5936976037678053,1.0,0.0,0.0,0.0,1.0,0.0,0.0,1.0,0.0,
-1.0009477178928334,-1.2214778803375508,-0.5936976037678053,0.0,0.0,0.0,1.0,0.0,0.0,1.0,1.0,0.0,
-0.33270092312717736,2.1310912170151046,-0.5936976037678053,0.0,1.0,0.0,0.0,1.0,0.0,0.0,1.0,0.0,
-0.10995199153862524,-0.23919648875651808,0.7790766214238586,1.0,0.0,0.0,0.0,0.0,0.0,1.0,1.0,0.0,
0.0014224742556507477,-0.794399014432754,-0.5936976037678053,0.0,1.0,0.0,0.0,0.0,0.0,1.0,1.0,0.0,
1.393603296684101,2.451400366443702,1.703598038389673,0.0,1.0,0.0,0.0,1.0,0.0,0.0,1.0,0.0,
0.5582948032270308,0.18788237714827877,-0.5936976037678053,0.0,0.0,1.0,0.0,0.0,1.0,0.0,1.0,0.0,
-0.5554498547157294,-1.0720002772708719,0.6670134193673962,0.0,0.0,1.0,0.0,0.0,1.0,0.0,1.0,0.0,
0.0014224742556507477,-0.9865845040899126,-0.5936976037678053,1.0,0.0,0.0,0.0,0.0,1.0,0.0,1.0,0.0,
0.1684841729470647,-0.7730450711375142,-0.5936976037678053,0.0,1.0,0.0,0.0,0.0,0.0,1.0,1.0,0.0,
-0.6668243205100054,-0.7730450711375142,-0.5936976037678053,0.0,1.0,0.0,0.0,1.0,0.0,0.0,1.0,0.0,
0.3355458716384789,0.18788237714827877,2.1051578457586633,0.0,0.0,0.0,1.0,0.0,0.0,1.0,0.0,1.0,
0.4469203374327547,0.18788237714827877,-0.5936976037678053,0.0,1.0,0.0,0.0,1.0,0.0,0.0,1.0,0.0,
1.115167132198411,0.16652843385303895,-0.5936976037678053,0.0,0.0,0.0,1.0,0.0,0.0,1.0,1.0,0.0,
0.0014224742556507477,-0.04701099909935949,2.0678034450731757,0.0,0.0,1.0,0.0,0.0,0.0,1.0,1.0,0.0,
-0.8895732520985574,-1.1147081638613516,-0.5936976037678053,0.0,0.0,1.0,0.0,0.0,1.0,0.0,1.0,0.0,
-0.6946679369585744,-0.9225226742041931,0.38685541422624026,1.0,0.0,0.0,0.0,0.0,0.0,1.0,1.0,0.0,
-0.5554498547157294,0.48683758328163657,2.170528046958266,0.0,0.0,1.0,0.0,1.0,0.0,0.0,1.0,0.0,
0.0014224742556507477,-0.06836494239459934,1.1806364287928486,0.0,0.0,1.0,0.0,0.0,0.0,1.0,1.0,0.0,
1.3379160637869632,0.12382054726255926,-0.5936976037678053,0.0,0.0,1.0,0.0,1.0,0.0,0.0,1.0,0.0,
0.3355458716384789,1.6613044645198278,-0.5936976037678053,1.0,0.0,0.0,0.0,0.0,1.0,0.0,0.0,1.0,
-1.0009477178928334,0.12382054726255926,0.9658486248512959,0.0,0.0,0.0,1.0,0.0,0.0,1.0,1.0,0.0,
-1.0009477178928334,-0.7089832412517946,0.3588396137121247,1.0,0.0,0.0,0.0,0.0,0.0,1.0,1.0,0.0,
0.2798586387413408,0.7430849028245147,-0.5936976037678053,0.0,0.0,0.0,1.0,0.0,0.0,1.0,1.0,0.0,
-0.10995199153862524,-0.4527359217089165,-0.5936976037678053,0.0,0.0,0.0,1.0,0.0,0.0,1.0,1.0,0.0,
0.6139820361241689,2.301922763377023,-0.5936976037678053,1.0,0.0,0.0,0.0,0.0,1.0,0.0,0.0,1.0,
-0.9452604849956954,-0.08971888568983918,-0.5936976037678053,0.0,0.0,1.0,0.0,0.0,0.0,1.0,1.0,0.0,
-0.2770136902300393,-0.26055043205175793,-0.5936976037678053,0.0,0.0,0.0,1.0,1.0,0.0,0.0,1.0,0.0,
0.22417140584420273,-0.3032583186422376,0.24677641165566233,0.0,1.0,0.0,0.0,0.0,1.0,0.0,1.0,0.0,
-1.0009477178928334,-0.8584608443184735,-0.5936976037678053,0.0,1.0,0.0,0.0,0.0,0.0,1.0,1.0,0.0,
1.6163522282726532,0.38006786680543736,0.6483362190246524,1.0,0.0,0.0,0.0,1.0,0.0,0.0,0.0,1.0,
-0.9452604849956954,-0.4527359217089165,-0.5936976037678053,0.0,0.0,1.0,0.0,0.0,0.0,1.0,1.0,0.0,
-1.0009477178928334,-0.6876292979565548,-0.5936976037678053,0.0,0.0,0.0,1.0,0.0,1.0,0.0,1.0,0.0,
-0.9452604849956954,-0.7516911278422743,0.4895800161113308,1.0,0.0,0.0,0.0,1.0,0.0,0.0,1.0,0.0,
0.4469203374327547,0.8498546193007139,1.292699630849311,0.0,1.0,0.0,0.0,1.0,0.0,0.0,1.0,0.0,
-0.8338860192014194,-1.2214778803375508,-0.5936976037678053,0.0,0.0,1.0,0.0,1.0,0.0,0.0,1.0,0.0,
-0.05426475864148731,-0.47408986500415634,-0.5936976037678053,0.0,0.0,0.0,1.0,0.0,0.0,1.0,1.0,0.0,
-0.7781987863042813,-0.794399014432754,-0.5936976037678053,0.0,0.0,1.0,0.0,0.0,1.0,0.0,1.0,0.0,
-0.49976262181859127,0.7217309595292748,-0.5936976037678053,0.0,0.0,1.0,0.0,1.0,0.0,0.0,1.0,0.0,
-0.5554498547157294,-1.3496015401089898,0.24677641165566233,0.0,0.0,0.0,1.0,1.0,0.0,0.0,1.0,0.0,
1.0037926664041348,-0.28190437534699775,0.7977538217666023,0.0,0.0,0.0,1.0,0.0,1.0,0.0,1.0,0.0,
-0.3883881560243153,-0.11107282898507902,-0.5936976037678053,0.0,0.0,0.0,1.0,1.0,0.0,0.0,1.0,0.0,
-0.10995199153862524,-0.6662753546613149,-0.5936976037678053,0.0,0.0,0.0,1.0,1.0,0.0,0.0,1.0,0.0,
-1.0009477178928334,2.5368161396246616,1.3767470323916577,0.0,0.0,0.0,1.0,0.0,0.0,1.0,0.0,1.0,
-0.6668243205100054,-0.5595056381851157,0.36817821388349653,1.0,0.0,0.0,0.0,1.0,0.0,0.0,1.0,0.0,
-0.10995199153862524,0.7857927894149944,-0.5936976037678053,0.0,0.0,1.0,0.0,0.0,1.0,0.0,0.0,1.0,
-0.9452604849956954,-1.4136633699947094,0.3308238131980091,0.0,1.0,0.0,0.0,0.0,1.0,0.0,1.0,0.0,
-0.8338860192014194,1.4050571449769498,-0.5936976037678053,0.0,1.0,0.0,0.0,1.0,0.0,0.0,1.0,0.0,
-0.9452604849956954,-0.6662753546613149,-0.5936976037678053,1.0,0.0,0.0,0.0,1.0,0.0,0.0,1.0,0.0,
0.7810437348155829,0.20923632044351861,-0.5936976037678053,1.0,0.0,0.0,0.0,0.0,0.0,1.0,0.0,1.0,
-0.33270092312717736,0.7857927894149944,-0.5936976037678053,0.0,1.0,0.0,0.0,1.0,0.0,0.0,1.0,0.0,
-0.9452604849956954,-0.5808595814803555,-0.5936976037678053,0.0,0.0,1.0,0.0,0.0,0.0,1.0,1.0,0.0,
0.5026075703298928,0.18788237714827877,0.3588396137121247,1.0,0.0,0.0,0.0,0.0,0.0,1.0,0.0,1.0,
4.456401106026692,2.6862937426913405,-0.5936976037678053,1.0,0.0,0.0,0.0,0.0,1.0,0.0,1.0,0.0,
-0.16563922443576332,-0.7303371845470344,-0.5936976037678053,0.0,1.0,0.0,0.0,1.0,0.0,0.0,1.0,0.0,
1.9504756256554812,1.4264110882721897,-0.5936976037678053,0.0,0.0,1.0,0.0,1.0,0.0,0.0,1.0,0.0,
0.057109707152788805,2.0029675572436654,0.545611617139562,0.0,1.0,0.0,0.0,1.0,0.0,0.0,1.0,0.0,
0.892418200609859,2.2378609334913038,4.738643094085528,1.0,0.0,0.0,0.0,0.0,0.0,1.0,0.0,1.0,
-0.8338860192014194,-0.9865845040899126,-0.5936976037678053,1.0,0.0,0.0,0.0,0.0,0.0,1.0,1.0,0.0,
-0.9452604849956954,-0.6662753546613149,0.16272901011331556,1.0,0.0,0.0,0.0,1.0,0.0,0.0,1.0,0.0,
1.393603296684101,0.12382054726255926,-0.5936976037678053,0.0,1.0,0.0,0.0,0.0,0.0,1.0,1.0,0.0,
0.5582948032270308,0.9566243357769131,3.4312390700934676,0.0,0.0,0.0,1.0,0.0,1.0,0.0,1.0,0.0,
-1.0566349507899715,-0.9652305607946727,0.6016432181677931,0.0,0.0,1.0,0.0,0.0,0.0,1.0,1.0,0.0,
-0.5554498547157294,-0.9865845040899126,-0.5936976037678053,0.0,0.0,0.0,1.0,1.0,0.0,0.0,1.0,0.0,
0.3355458716384789,-0.02565705580411965,0.3775168140548684,0.0,0.0,0.0,1.0,0.0,0.0,1.0,1.0,0.0,
0.37452693466647535,0.10246660396731941,-0.5936976037678053,0.0,0.0,1.0,0.0,0.0,1.0,0.0,1.0,0.0,
-0.6111370876128674,-1.1360621071565915,-0.5936976037678053,0.0,0.0,1.0,0.0,0.0,0.0,1.0,1.0,0.0,
-0.8895732520985574,-0.3459662052327173,-0.5936976037678053,0.0,0.0,0.0,1.0,1.0,0.0,0.0,1.0,0.0,
3.0085330507011037,1.1488098254340717,-0.5936976037678053,1.0,0.0,0.0,0.0,1.0,0.0,0.0,1.0,0.0,
-0.05426475864148731,0.38006786680543736,-0.5936976037678053,0.0,0.0,0.0,1.0,0.0,0.0,1.0,1.0,0.0,
-0.6111370876128674,-1.3282475968137502,0.13471320959919997,0.0,0.0,0.0,1.0,0.0,1.0,0.0,1.0,0.0,
-0.6668243205100054,1.5758886913388686,-0.5936976037678053,1.0,0.0,0.0,0.0,1.0,0.0,0.0,1.0,0.0,
0.2798586387413408,0.20923632044351861,-0.5936976037678053,0.0,0.0,1.0,0.0,1.0,0.0,0.0,1.0,0.0,
-0.2770136902300393,-0.5595056381851157,-0.5936976037678053,0.0,1.0,0.0,0.0,1.0,0.0,0.0,1.0,0.0,
0.057109707152788805,-0.5381516948898759,-0.5936976037678053,0.0,0.0,0.0,1.0,1.0,0.0,0.0,1.0,0.0,
1.0037926664041348,0.700377016234035,2.2452368483292413,0.0,0.0,0.0,1.0,0.0,1.0,0.0,1.0,0.0,
-0.3883881560243153,-0.6876292979565548,-0.5936976037678053,0.0,1.0,0.0,0.0,1.0,0.0,0.0,1.0,0.0,
0.3355458716384789,0.48683758328163657,-0.5936976037678053,1.0,0.0,0.0,0.0,1.0,0.0,0.0,1.0,0.0,
1.560664995375515,0.5936072997578358,-0.5936976037678053,0.0,0.0,0.0,1.0,0.0,0.0,1.0,1.0,0.0,
-0.33270092312717736,-0.6876292979565548,-0.5936976037678053,0.0,0.0,1.0,0.0,1.0,0.0,0.0,1.0,0.0,
0.892418200609859,0.08111266067207956,0.3775168140548684,1.0,0.0,0.0,0.0,0.0,1.0,0.0,1.0,0.0,
-0.3883881560243153,-0.9652305607946727,-0.5936976037678053,1.0,0.0,0.0,0.0,1.0,0.0,0.0,1.0,0.0,
0.3355458716384789,-0.11107282898507902,1.4421172335912609,0.0,0.0,0.0,1.0,1.0,0.0,0.0,1.0,0.0,
-0.33270092312717736,0.8071467327102342,1.9277244425025977,0.0,1.0,0.0,0.0,1.0,0.0,0.0,1.0,0.0,
-0.5554498547157294,-0.23919648875651808,1.3767470323916577,0.0,1.0,0.0,0.0,0.0,0.0,1.0,1.0,0.0,
3.788154311261036,2.7717095158723,1.096589027250502,0.0,1.0,0.0,0.0,1.0,0.0,0.0,1.0,0.0,
0.0014224742556507477,0.5508994131673561,1.9277244425025977,0.0,0.0,1.0,0.0,0.0,1.0,0.0,1.0,0.0,
2.4126796587017267,2.6862937426913405,0.8818012233089491,1.0,0.0,0.0,0.0,1.0,0.0,0.0,1.0,0.0,
-0.5554498547157294,-0.9652305607946727,-0.5936976037678053,0.0,1.0,0.0,0.0,0.0,1.0,0.0,1.0,0.0,
0.11279694004992687,-0.26055043205175793,-0.5936976037678053,0.0,1.0,0.0,0.0,0.0,0.0,1.0,1.0,0.0,
0.34513982309196467,0.969592931492881,-0.5936976037678053,0.0,1.0,0.0,0.0,0.0,1.0,0.0,1.0,0.0,
2.4520591844951807,1.2468684022582361,-0.5936976037678053,0.0,0.0,1.0,0.0,1.0,0.0,0.0,0.0,1.0,
-0.5029193071495536,2.1878902317759144,1.8734211859231735,0.0,0.0,0.0,1.0,0.0,1.0,0.0,1.0,0.0,
2.015064526983939,1.637410297200259,3.2369221757389512,0.0,0.0,1.0,0.0,0.9467162820619799,0.053283717938020114,0.0,1.0,0.0,
2.5931797370467082,1.830659804727017,-0.5936976037678053,0.0,0.0,1.0,0.0,1.0,0.0,0.0,1.0,0.0,
2.521106168828865,1.287234064208698,-0.5936976037678053,0.0,0.0,0.0,1.0,0.0,0.0,1.0,0.7529377294178472,0.2470622705821528,
0.9494084282117861,1.7538341820342096,1.7549889769553815,0.0,1.0,0.0,0.0,0.0,0.0,1.0,1.0,0.0,
0.7667978514370496,0.23865037049618493,-0.5936976037678053,1.0,0.0,0.0,0.0,1.0,0.0,0.0,1.0,0.0,
0.9513791539007278,1.629652760370725,1.3289560432082321,0.0,0.0,1.0,0.0,1.0,0.0,0.0,1.0,0.0,
1.1945202001386865,1.6772309208338707,-0.5936976037678053,0.0,1.0,0.0,0.0,0.0,1.0,0.0,0.0,1.0,
2.2251122137209087,1.8940123504350388,-0.5936976037678053,1.0,0.0,0.0,0.0,0.0,0.0,1.0,1.0,0.0,
2.5038875689625137,1.179452256015947,-0.5936976037678053,0.0,0.0,0.0,1.0,1.0,0.0,0.0,1.0,0.0,
0.38706316837916827,2.0870303198668982,3.3924323037842297,0.0,0.0,0.005760105198965748,0.9942398948010343,1.0,0.0,0.0,1.0,0.0,
2.7178920362778585,2.0347049671588295,4.031535555310265,1.0,0.0,0.0,0.0,0.0,0.6095839145042333,0.3904160854957667,1.0,0.0,
0.9090423738832132,0.4705842534795033,-0.5936976037678053,1.0,0.0,0.0,0.0,0.0,0.0,1.0,1.0,0.0,
1.2809768031224813,0.9071949764215298,-0.5936976037678053,1.0,0.0,0.0,0.0,0.0,1.0,0.0,1.0,0.0,
0.6861721978800976,0.8488051018837198,-0.5936976037678053,1.0,0.0,0.0,0.0,0.0,1.0,0.0,1.0,0.0,
1.9389519363739756,2.5439693848749374,4.334460365224438,0.0,0.0,0.0,1.0,0.0,0.13300305099273402,0.866996949007266,0.0,1.0,
-0.5051974444597234,1.6014107316452417,-0.5936976037678053,1.0,0.0,0.0,0.0,0.0,0.0,1.0,1.0,0.0,
0.7810437348155829,0.31612949128446177,-0.5936976037678053,1.0,0.0,0.0,0.0,0.0,0.0,1.0,0.8342968896738578,0.16570311032614216,
0.6505494503814911,0.3835734211752637,-0.5936976037678053,0.0,1.0,0.0,0.0,0.0,1.0,0.0,1.0,0.0,
1.8325230947844733,1.505713336905882,-0.5936976037678053,0.0,1.0,0.0,0.0,0.0,0.0,1.0,1.0,0.0,
-0.0291434433813927,2.3191011093450533,1.6150214858524066,0.0,0.0,1.0,0.0,0.0,0.0,1.0,0.6127786116904798,0.38722138830952024,
3.474708031515206,2.3690480250510735,-0.5936976037678053,0.0,0.31434597697472455,0.6856540230252754,0.0,0.0,0.0,1.0,1.0,0.0,
0.6324997508049962,-0.10337787414206534,-0.5936976037678053,0.0,0.0,1.0,0.0,0.0,1.0,0.0,1.0,0.0,
0.7054331944019717,-0.056445990255529765,-0.5936976037678053,0.0,0.0,1.0,0.0,0.0,1.0,0.0,1.0,0.0,
3.0007309954272774,1.5977875752125865,1.9143018136565741,0.0,0.23142357526909219,0.7685764247309078,0.0,0.0,1.0,0.0,1.0,0.0,
3.340185851096888,2.3353549395196795,2.7000320260275386,0.0,1.0,0.0,0.0,0.0,1.0,0.0,1.0,0.0,
1.1934077426965297,2.1662186203495812,1.7973573250372472,0.0,1.0,0.0,0.0,0.0,0.0,1.0,1.0,0.0,
0.20962356741096033,1.4611169652198104,-0.5936976037678053,0.0,0.14775162033956968,0.8522483796604303,0.0,0.0,1.0,0.0,0.0,1.0,
1.037464926184732,0.8015187941550876,-0.5936976037678053,0.0,1.0,0.0,0.0,0.0,0.0,1.0,0.5658887503508679,0.43411124964913206,
1.7964946777971724,0.8398226749207429,-0.5936976037678053,0.0,0.0,0.0,1.0,0.0,0.0,1.0,1.0,0.0,
-0.66963820997368,0.9805126444885345,-0.5936976037678053,1.0,0.0,0.0,0.0,0.0,1.0,0.0,0.0,1.0,
2.374437678641027,2.4972942289051203,-0.5936976037678053,0.0,0.0,1.0,0.0,0.0,0.0,1.0,1.0,0.0,
1.2519082326557915,1.1342191109200048,-0.5936976037678053,0.0,0.0,0.0,1.0,0.0,0.0,1.0,1.0,0.0,
0.6476079669051713,0.16652843385303895,-0.5936976037678053,0.0,0.2012785159279039,0.0,0.7987214840720961,1.0,0.0,0.0,1.0,0.0,
2.1244639129970664,1.658967053104611,-0.5936976037678053,0.0,0.0,0.0,1.0,1.0,0.0,0.0,1.0,0.0,
1.8219633133923034,2.193099041989625,4.892640411040681,0.0,0.27884367476970473,0.7211563252302953,0.0,0.0,1.0,0.0,1.0,0.0,
0.26069743885577124,1.6674383955075507,-0.5936976037678053,0.0,1.0,0.0,0.0,0.0,1.0,0.0,1.0,0.0,
0.8395184741474954,1.0576932358663962,-0.5936976037678053,0.0,0.0,0.0,1.0,0.0,1.0,0.0,1.0,0.0,
-0.310327938538709,1.674812918809718,3.969849970778451,0.0,1.0,0.0,0.0,0.0,1.0,0.0,1.0,0.0,
0.8046554579901742,0.21527245441943918,-0.5936976037678053,1.0,0.0,0.0,0.0,0.0,0.04711178237250235,0.9528882176274976,0.0,1.0,
2.226982469572291,1.126790042952818,-0.5936976037678053,0.0,0.0,0.0,1.0,0.0,0.0,1.0,1.0,0.0,
-0.38311553066348825,1.9155299320669332,3.8760095032997923,0.0,0.0,0.0,1.0,0.3905317160029007,0.0,0.6094682839970993,0.0,1.0,
0.6124706564341447,1.0604962681005068,-0.5936976037678053,0.0,0.0,0.0,1.0,0.0,1.0,0.0,1.0,0.0,
-0.6775527749067888,2.1483312046527225,-0.5936976037678053,0.6880728387193052,0.31192716128069475,0.0,0.0,0.0,1.0,0.0,1.0,0.0,
0.6909198698877337,1.882541269329358,3.511258788355093,0.0,0.0,0.0,1.0,0.0,1.0,0.0,0.0,1.0,
3.16207788533153,2.3232767066722633,-0.5936976037678053,0.0,0.0,1.0,0.0,1.0,0.0,0.0,1.0,0.0,
-0.30174963909200053,2.1630619430250477,-0.5936976037678053,0.1871476708535481,0.0,0.0,0.8128523291464519,0.0,0.0,1.0,0.0,1.0,
2.703514799369446,1.5663649353505014,-0.5936976037678053,0.0,0.0,1.0,0.0,0.0,1.0,0.0,1.0,0.0,
2.223180540873457,1.8929012654438264,-0.5936976037678053,1.0,0.0,0.0,0.0,0.0,0.0,1.0,1.0,0.0,
0.592392394326029,2.301922763377023,-0.5936976037678053,1.0,0.0,0.0,0.0,0.0,0.612305358428943,0.38769464157105704,0.0,1.0,
1.5878699208697837,1.162847762790496,-0.5936976037678053,1.0,0.0,0.0,0.0,0.0,0.0,1.0,1.0,0.0,
1.7771359442604786,1.5259586994459822,-0.5936976037678053,0.0,0.0,1.0,0.0,0.0,1.0,0.0,1.0,0.0,
1.8786173433733082,0.8856625159717509,-0.5936976037678053,0.0,1.0,0.0,0.0,0.0,1.0,0.0,1.0,0.0,
1.661607695291998,2.2130362389080056,0.739972841472319,0.0,0.0,1.0,0.0,0.8374655565919823,0.0,0.1625344434080177,1.0,0.0,
1.4369655208085965,1.1321820558909106,1.1384090883630484,0.0,0.0,1.0,0.0,0.7035542622950598,0.2964457377049402,0.0,1.0,0.0,
-0.0941846148862056,0.7386463960476463,-0.5936976037678053,0.0,0.0,0.0,1.0,0.0,1.0,0.0,1.0,0.0,
3.0887105677697746,2.277550052286491,2.684982098742978,0.0,1.0,0.0,0.0,0.0,1.0,0.0,1.0,0.0,
0.5825723908746623,1.178233105057883,-0.5936976037678053,0.0,0.0,1.0,0.0,0.0,1.0,0.0,1.0,0.0,
0.7926443206794649,1.793132286492367,-0.5936976037678053,0.0,0.0,1.0,0.0,0.0,0.0,1.0,0.0,1.0,
-0.7225115534071435,1.1524830791701834,-0.5936976037678053,0.0,0.08600879203726597,0.913991207962734,0.0,0.0,1.0,0.0,1.0,0.0,
0.26085705674983456,1.6326641346821653,1.3097559559984693,0.0,0.0,0.4161737675283166,0.5838262324716834,1.0,0.0,0.0,1.0,0.0,
-0.8168774975621427,2.065918238598386,-0.5936976037678053,1.0,0.0,0.0,0.0,0.0,1.0,0.0,1.0,0.0,
1.7430668539020109,1.3534852336983816,-0.5936976037678053,1.0,0.0,0.0,0.0,0.0,0.0,1.0,1.0,0.0,
1.1752820720284394,1.3179905129814629,-0.5936976037678053,0.0,1.0,0.0,0.0,0.0,1.0,0.0,1.0,0.0,
2.274443493537978,1.7229295152908206,-0.5936976037678053,0.0,0.0,0.0,1.0,0.0,1.0,0.0,1.0,0.0,
3.3029822595005034,1.9903856076730073,-0.5936976037678053,0.020539517229441473,0.9794604827705585,0.0,0.0,0.0,1.0,0.0,1.0,0.0,
0.5144215128644997,2.53503743481503,5.163620305985585,0.0,0.0,0.0,1.0,0.9015185167227395,0.0,0.09848148327726047,1.0,0.0,
1.2679828882145412,0.40837610853081574,-0.5936976037678053,1.0,0.0,0.0,0.0,0.0,1.0,0.0,0.2558206241203982,0.7441793758796018,
0.3178596804414766,1.3465595831229105,-0.5936976037678053,0.0,0.0,1.0,0.0,0.0,0.0,1.0,1.0,0.0,
1.6701505812718795,1.3485228530149027,1.2996003427845217,0.0,0.0,0.4033919442565961,0.5966080557434039,1.0,0.0,0.0,1.0,0.0,
0.9924644346430769,1.8978976463287611,3.3431444513435062,0.0,1.0,0.0,0.0,0.0,0.008844609259144653,0.9911553907408553,0.0,1.0,
-0.8829749284213265,2.118542059522778,-0.5936976037678053,0.0,0.0,1.0,0.0,1.0,0.0,0.0,0.17654074871077852,0.8234592512892215,
2.3816350449028327,2.1502965112341634,4.365590548584117,0.0,0.0,1.0,0.0,0.0,0.5485036580781895,0.45149634192181054,0.0,1.0,
0.4038428616126737,0.9632180138700814,0.42154855112893724,0.0,0.0,0.0,1.0,0.0,1.0,0.0,0.0,1.0,
1.102509676502001,0.4250807051273795,2.544866868829488,0.22158806642496076,0.0,0.7784119335750392,0.0,0.22158806642496076,0.7784119335750392,0.0,0.0,1.0,
-0.2662078015672943,2.205542793567208,4.58013811215017,0.6805953930540866,0.31940460694591344,0.0,0.0,0.0,1.0,0.0,1.0,0.0,
0.48413074281931867,0.5992262032101817,-0.5936976037678053,1.0,0.0,0.0,0.0,0.0,0.0,1.0,1.0,0.0,
1.4969868915462559,2.026364297973634,-0.5936976037678053,0.0,0.0,0.9521681450942182,0.04783185490578179,1.0,0.0,0.0,1.0,0.0,
0.5357887343290266,2.2212783847620523,-0.5936976037678053,1.0,0.0,0.0,0.0,0.0,0.0,1.0,1.0,0.0,
0.9330777931144653,0.3608144987169192,-0.5936976037678053,0.0,0.0,1.0,0.0,0.0,0.0,1.0,1.0,0.0,
1.534760291837636,1.3713014694932486,-0.5936976037678053,0.0,0.2325910463689984,0.7674089536310016,0.0,0.0,1.0,0.0,0.0,1.0,
1.3724286328018536,0.48977051133691013,2.776848393806649,0.8274696622981794,0.0,0.17253033770182058,0.0,0.8274696622981794,0.17253033770182058,0.0,0.0,1.0,
0.49867528740051925,1.0131467583042364,-0.5936976037678053,0.0,1.0,0.0,0.0,0.0,1.0,0.0,1.0,0.0,
0.26742304269213735,2.266367746458692,2.475665274010437,0.0,0.0,0.0,1.0,0.22208607026638028,0.7779139297336197,0.0,0.0,1.0,
1.191837060625594,0.9324494061378665,-0.5936976037678053,1.0,0.0,0.0,0.0,0.0,0.0,1.0,1.0,0.0,
0.5530210852249631,0.3982683056459398,-0.310009670396202,0.0,0.0,0.0,1.0,0.0,1.0,0.0,0.0,1.0,
1.2537046083776233,2.3677418504803502,4.55309612536808,0.5945138712998297,0.0,0.0,0.4054861287001703,0.0,0.0,1.0,0.0,1.0,
-0.5064935816040108,0.9883326172225989,-0.5936976037678053,1.0,0.0,0.0,0.0,0.0,1.0,0.0,0.0,1.0,
-0.3813722480693129,0.8478509294593588,-0.5936976037678053,1.0,0.0,0.0,0.0,0.0,0.0,1.0,1.0,0.0,
1.8941776818480167,1.6856693512379242,-0.5936976037678053,0.0,0.0,1.0,0.0,0.0,1.0,0.0,0.9843331386348276,0.01566686136517237,
-0.3486507832117712,1.069404937743622,-0.5936976037678053,1.0,0.0,0.0,0.0,0.0,0.0,1.0,1.0,0.0,
2.5073479546268613,1.2190239390127744,-0.5936976037678053,0.0,0.0,0.8559450213030513,0.14405497869694872,0.0,0.0,1.0,1.0,0.0,
0.948105433506997,0.281606282243858,0.039668785659934924,0.0,0.0,1.0,0.0,0.0,1.0,0.0,1.0,0.0,
1.275756505565115,1.1252197606448202,-0.5936976037678053,0.0,0.0,0.0,1.0,0.0,0.0,1.0,1.0,0.0,
0.09502589471168317,1.2859840511520075,-0.5936976037678053,0.0,0.0,0.0,1.0,0.0,1.0,0.0,1.0,0.0,
-0.4751087251475306,1.6855634054135449,3.811948668014246,0.44272080669908365,0.0,0.0,0.5572791933009164,0.0,1.0,0.0,1.0,0.0,
-0.7616307391591077,2.2703331000437177,2.2105837088523916,0.0,0.0,0.0,1.0,0.0,0.4710742385468114,0.5289257614531886,1.0,0.0,
3.946043662789478,2.488921097388872,-0.5936976037678053,0.0,0.0,1.0,0.0,0.0,0.0,1.0,1.0,0.0,
0.07157032558550387,0.8129673162206769,-0.5936976037678053,0.0,0.0,0.0,1.0,0.0,1.0,0.0,1.0,0.0,
2.0288037646130275,1.6179676758964303,-0.5936976037678053,0.0,0.0,0.0,1.0,1.0,0.0,0.0,0.0,1.0,
0.6487164447276371,0.6334257469669511,-0.5936976037678053,1.0,0.0,0.0,0.0,0.0,1.0,0.0,1.0,0.0,
-0.6260015434920101,1.1590851641375577,3.1738303761844042,0.0,0.0,0.0,1.0,0.2518808373637643,0.7481191626362357,0.0,1.0,0.0,
2.4827186733707043,2.0607331231806034,3.00265754445281,0.4262868705122821,0.5737131294877179,0.0,0.0,0.0,1.0,0.0,1.0,0.0,
0.34039519350909797,2.2994743509455593,5.0417206795522205,0.37155285400315674,0.0,0.0,0.6284471459968433,0.0,0.0,1.0,0.6284471459968433,0.37155285400315674,
0.7338895741004642,2.1917399530112585,-0.5936976037678053,1.0,0.0,0.0,0.0,0.0,0.0,1.0,0.0,1.0,
1.1562040179321644,1.9406575720088612,2.07961221272593,0.0,0.0,0.0,1.0,1.0,0.0,0.0,0.3917961538686596,0.6082038461313404,
0.6207206426983473,1.5496717769159198,-0.5936976037678053,0.0,0.0,1.0,0.0,0.0,0.0,1.0,1.0,0.0,
2.851542604599341,2.2164746321680813,3.5968358673388,0.5455923016931398,0.0,0.0,0.45440769830686023,0.0,1.0,0.0,1.0,0.0,
1.9739064235379582,2.00634386060246,-0.5936976037678053,0.0,0.0,0.0,1.0,0.0,0.0,1.0,1.0,0.0,
1.5826168168603318,0.5727271619880606,1.674753411030768,1.0,0.0,0.0,0.0,0.0,0.0,1.0,1.0,0.0,
0.2539405709453819,1.5300116855156645,-0.5936976037678053,0.0,1.0,0.0,0.0,0.0,0.0,1.0,1.0,0.0,
2.6202765007453523,1.4166280129826676,-0.5936976037678053,0.0,0.0,0.0,1.0,0.0,0.1713178833620197,0.8286821166379803,0.0,1.0,
0.3924984737943333,0.9863257679287297,-0.5936976037678053,1.0,0.0,0.0,0.0,0.0,1.0,0.0,0.0,1.0,
-0.8438767999139271,1.3626322300171136,-0.5308690825655346,0.0,0.0,0.0,1.0,0.9102955902750449,0.0,0.08970440972495508,1.0,0.0,
-0.7880633067142697,0.7104853444388116,-0.5936976037678053,0.0,0.0,1.0,0.0,0.0,0.0,1.0,0.0,1.0,
0.4971310170751041,2.451400366443702,1.8394214722197708,0.0,0.0,1.0,0.0,0.0,0.7901655137634425,0.20983448623655754,1.0,0.0,
3.039479076409541,2.3683489381584053,3.687432121995484,0.0,0.0,0.0,1.0,0.0,1.0,0.0,0.7778556600720256,0.22214433992797444,
1.507379649076757,1.9866792925888022,0.8945690126679349,0.0,0.0,1.0,0.0,1.0,0.0,0.0,1.0,0.0,
-0.6736709069591218,2.159796298288366,2.236357509859776,0.0,0.0,0.0,1.0,0.48770528522801093,0.0,0.5122947147719891,1.0,0.0,
1.2596404092531361,2.0226956902304303,-0.5936976037678053,0.0,0.0,0.0,1.0,1.0,0.0,0.0,0.0,1.0,
1.0037926664041348,0.5371585896899433,2.362503002859973,0.0,0.0,0.5459628171562376,0.4540371828437624,0.0,1.0,0.0,0.4540371828437624,0.5459628171562376,
0.9960048618140087,1.0328563012632823,-0.5936976037678053,0.0,0.0,0.0,1.0,0.0,1.0,0.0,1.0,0.0,
1.6879914413177004,0.658707121630378,-0.5936976037678053,0.0,0.0,0.0,1.0,0.0,0.0,1.0,1.0,0.0,
2.3112832356142237,1.861612266266182,-0.5936976037678053,0.0,1.0,0.0,0.0,0.0,0.0,1.0,1.0,0.0,
0.741155393689099,0.8839909332703104,-0.5936976037678053,0.0,0.0,0.0,1.0,0.0,1.0,0.0,1.0,0.0,
-0.6996293403629561,2.1654127823934064,-0.5936976037678053,0.0,0.0,1.0,0.0,1.0,0.0,0.0,0.45090882573637336,0.5490911742636266,
1.793051479447075,0.8306574980329958,-0.5936976037678053,0.0,1.0,0.0,0.0,0.0,1.0,0.0,1.0,0.0,
0.682099297393293,0.16652843385303895,-0.5936976037678053,0.0,0.4077371522179125,0.0,0.5922628477820875,1.0,0.0,0.0,1.0,0.0,
0.23092501538417623,1.210281902019943,-0.5936976037678053,0.0,1.0,0.0,0.0,0.0,0.0,1.0,1.0,0.0,
0.5570964473554072,2.224342397409419,-0.5936976037678053,1.0,0.0,0.0,0.0,0.0,0.0,1.0,1.0,0.0,
-0.5883691386449381,1.5662841603621218,-0.5936976037678053,0.0,1.0,0.0,0.0,0.0,1.0,0.0,1.0,0.0,
-0.8214656541331904,1.9038182236114274,1.6169457531862839,0.0,0.0,0.0,1.0,0.0,1.0,0.0,0.04460758569624412,0.9553924143037559,
1.5002886153741257,0.8589705006190569,-0.5936976037678053,0.0,0.0,0.0,1.0,0.0,1.0,0.0,1.0,0.0,
0.8262087811332319,2.277835223034815,4.9054851077060295,0.9329241298908273,0.0,0.06707587010917271,0.0,0.0,0.0,1.0,0.0,1.0,
1.9950973998845527,1.0949418860712585,3.4069345652871057,0.0,0.0,1.0,0.0,0.09935364079326581,0.0,0.9006463592067342,1.0,0.0,
0.40876318018649344,1.6207252739870752,2.151831263512498,0.0,0.0,0.0,1.0,0.0,1.0,0.0,0.0,1.0,
0.7250278066927041,1.8865975092913256,-0.5936976037678053,0.0,0.0,1.0,0.0,0.0,1.0,0.0,1.0,0.0,
1.3159656530514,0.9485182519494039,-0.5936976037678053,0.0,0.0,1.0,0.0,0.0,1.0,0.0,1.0,0.0,
1.5822721543132563,1.5335897346684877,3.0017411891519403,0.0,0.0,1.0,0.0,1.0,0.0,0.0,1.0,0.0,
1.1085625206747245,0.5389614452980241,-0.5936976037678053,0.0,0.0,1.0,0.0,0.0,1.0,0.0,1.0,0.0,
0.26640891136135336,2.0858626613559568,1.271015119377817,0.0,0.0,1.0,0.0,1.0,0.0,0.0,1.0,0.0,
0.6195084994108451,1.114991983116421,-0.5936976037678053,0.0,0.0,1.0,0.0,0.0,1.0,0.0,1.0,0.0,
0.9967358752379217,0.17194045777916966,0.3198387455125494,1.0,0.0,0.0,0.0,0.9841597642783583,0.0,0.015840235721641727,1.0,0.0,
2.074240734123409,1.877629061110531,-0.5936976037678053,0.0,0.0,1.0,0.0,0.0,1.0,0.0,1.0,0.0,
0.915653464124138,0.26835018998094545,-0.5936976037678053,0.0,1.0,0.0,0.0,0.0,1.0,0.0,1.0,0.0,
1.1220497403774563,1.4235316806995482,-0.5936976037678053,0.0,0.0,1.0,0.0,0.12359400568095347,0.8764059943190465,0.0,1.0,0.0,
-0.8194136505640217,1.2127914187976538,2.409339419737031,0.0,0.0,0.0,1.0,0.0,0.0,1.0,1.0,0.0,
1.863343166365815,1.7524832100637617,1.3252221886164048,0.0,0.0,0.0,1.0,0.7176621574049848,0.0,0.28233784259501515,1.0,0.0,
1.513597553175301,1.7472111347794546,0.3062643740734867,0.0,0.0,0.0,1.0,0.0,1.0,0.0,1.0,0.0,
1.2753392104265855,1.0858502730935453,-0.5936976037678053,1.0,0.0,0.0,0.0,0.0,0.0,1.0,1.0,0.0,
1.0961762625259768,1.6693271355844295,1.7448929778530613,0.0,1.0,0.0,0.0,0.0,0.0,1.0,0.8843924936411977,0.11560750635880235,
1.8884122351886499,1.429998738470605,1.2326810940589417,0.0,0.0,0.0,1.0,1.0,0.0,0.0,1.0,0.0,
1.777263612181136,1.8118050951046956,-0.5936976037678053,0.0,0.0,1.0,0.0,0.32801020763839295,0.671989792361607,0.0,0.0,1.0,
1.8087124039814582,2.244780642057262,1.2519307255039038,0.0,0.0,0.0,1.0,0.22714790896614312,0.0,0.7728520910338569,1.0,0.0,
2.428201961847221,1.3143238397400694,-0.5936976037678053,0.0,0.0,0.0,1.0,1.0,0.0,0.0,1.0,0.0,
-0.3768320015986535,1.3756433001341954,-0.5936976037678053,1.0,0.0,0.0,0.0,0.0,1.0,0.0,0.8867884171353133,0.11321158286468669,
1.5704345770505324,1.383011547235287,1.379960724901153,0.0,0.0,0.44804333449413936,0.5519566655058606,1.0,0.0,0.0,1.0,0.0,
0.8049585658377298,2.300350628332841,-0.5936976037678053,0.0,0.0,0.0,1.0,0.0,1.0,0.0,0.21472454077868208,0.7852754592213179,
0.019405950677524042,1.072784471903815,-0.5936976037678053,1.0,0.0,0.0,0.0,0.0,0.0,1.0,1.0,0.0,
3.26926577551386,1.829543761891503,-0.5936976037678053,0.0,0.0,0.0,1.0,0.0,0.0,1.0,1.0,0.0,
0.9571075086400339,1.613739753701629,-0.5936976037678053,0.0,0.0,0.0,1.0,0.0,0.0,1.0,1.0,0.0,
0.9118848084534934,0.5111040185427487,0.6100720299356314,0.330085921562696,0.669914078437304,0.0,0.0,0.0,1.0,0.0,0.0,1.0,
1.177721454564134,1.9842468825000588,0.027717014790684086,1.0,0.0,0.0,0.0,0.0,1.0,0.0,0.0,1.0,
1.0281339815439887,1.8134680672190362,-0.5936976037678053,1.0,0.0,0.0,0.0,0.0,0.0,1.0,1.0,0.0,
2.2536398935970805,1.4339555274985294,-0.5936976037678053,0.0,0.0,1.0,0.0,0.0,1.0,0.0,1.0,0.0,
1.226541597992687,1.7595316615002348,-0.5936976037678053,0.0,0.0,0.0,1.0,0.0,0.0,1.0,1.0,0.0,
1.8236127369313382,1.6188834853953509,-0.5936976037678053,0.0,0.0,0.0,1.0,0.0,1.0,0.0,1.0,0.0,
1.5509169553514912,1.592258629430205,3.08977421571789,0.0,0.0,1.0,0.0,1.0,0.0,0.0,1.0,0.0,
2.505490428677292,1.1740813681418008,-0.5936976037678053,0.0,0.0,0.0,1.0,1.0,0.0,0.0,0.9833217969996775,0.016678203000322522,
-0.864091750785854,2.132397792885336,-0.5936976037678053,1.0,0.0,0.0,0.0,0.0,1.0,0.0,1.0,0.0,
1.6703023074390821,2.49010391742249,1.2521341589660189,0.40623896588260255,0.0,0.0,0.5937610341173974,0.0,0.0,1.0,1.0,0.0,
1.048177913636811,0.21191526087447304,0.19181346700544633,1.0,0.0,0.0,0.0,1.0,0.0,0.0,1.0,0.0,
-0.2393266112767527,1.501976879557601,-0.5936976037678053,1.0,0.0,0.0,0.0,0.0,0.0,1.0,1.0,0.0,
1.0635831325395664,0.9219634804923879,-0.33249209770508087,0.0,1.0,0.0,0.0,0.0,0.0,1.0,1.0,0.0,
1.7789474068419353,1.28889106120454,-0.5936976037678053,0.0,0.0,1.0,0.0,0.0,1.0,0.0,1.0,0.0,
-0.04141485375100834,1.6885723416642893,-0.5936976037678053,0.0,1.0,0.0,0.0,0.0,0.0,1.0,1.0,0.0,
1.0712163936512957,0.5498993018839266,2.143322072054446,0.02341748476152694,0.9765825152384731,0.0,0.0,0.0,0.0,1.0,1.0,0.0,
1.7972106248356066,1.7306568051507052,-0.5936976037678053,1.0,0.0,0.0,0.0,0.0,0.0,1.0,0.0,1.0,
1.612281796841939,0.7374171016208901,-0.5936976037678053,0.0,0.0,0.0,1.0,0.0,1.0,0.0,1.0,0.0,
0.3656780281547579,1.489610031078926,-0.5936976037678053,0.0,1.0,0.0,0.0,0.0,0.0,1.0,1.0,0.0,
3.0660063843950778,2.344630649967503,3.3979815937778444,0.0,0.008018448322505645,0.0,0.9919815516774944,0.0,1.0,0.0,1.0,0.0,
1.0395166660545399,0.20305856703326025,0.2152950342724982,1.0,0.0,0.0,0.0,1.0,0.0,0.0,1.0,0.0,
0.7413499319801845,0.6506473217419787,-0.5936976037678053,0.0,0.0,1.0,0.0,0.0,0.0,1.0,1.0,0.0,
2.659518002614285,2.023905630657021,-0.5936976037678053,0.9108613714535677,0.08913862854643229,0.0,0.0,0.0,0.0,1.0,0.0,1.0,
2.7746755441694435,2.4724223810179975,4.733175411114729,0.0,0.0,0.24611396456903767,0.7538860354309623,0.0,0.7538860354309623,0.24611396456903767,0.0,1.0,
-0.5022300004718833,2.314108742138332,1.5318789216428874,0.0,0.0,1.0,0.0,1.0,0.0,0.0,1.0,0.0,
1.262471994588916,1.006574067655984,-0.5936976037678053,1.0,0.0,0.0,0.0,0.0,0.0,1.0,1.0,0.0,
2.92010811838003,2.5046748308384172,-0.5936976037678053,0.0,1.0,0.0,0.0,0.0,0.0,1.0,1.0,0.0,
0.791604369945955,2.128147540334983,2.5441965483628,0.0,1.0,0.0,0.0,0.0,0.0,1.0,1.0,0.0,
1.5363927485307933,1.4939167411136438,-0.5936976037678053,0.0,0.0,1.0,0.0,0.0,0.0,1.0,0.0,1.0,
1.6449124173561855,1.8750989820130057,-0.5936976037678053,1.0,0.0,0.0,0.0,0.0,0.0,1.0,0.0,1.0,
0.1368398099511548,1.3102635504469602,-0.5936976037678053,0.0,1.0,0.0,0.0,0.0,1.0,0.0,1.0,0.0,
1.6591163548165921,1.424969514291732,-0.5936976037678053,0.0,1.0,0.0,0.0,0.0,0.0,1.0,1.0,0.0,
2.470356568819354,2.4358212240608976,-0.5936976037678053,0.2203679796124538,0.0,0.7796320203875462,0.0,0.0,0.0,1.0,0.0,1.0,
0.86756907204777,0.7647887513381203,2.127080815497029,0.0,0.0,0.0,1.0,0.0,1.0,0.0,0.7989076015499716,0.20109239845002835,
0.5287176049515021,2.297147296187004,-0.5936976037678053,0.9720457533065814,0.0,0.0,0.027954246693418616,0.0,0.0,1.0,0.0,1.0,
0.558599398292367,1.3758065494930172,-0.5936976037678053,0.0,1.0,0.0,0.0,0.0,1.0,0.0,0.6684899156083578,0.3315100843916422,
1.3151358850096246,1.7662388352873142,-0.5936976037678053,0.0,0.0,0.0,1.0,1.0,0.0,0.0,0.0,1.0,
1.0502412395987366,2.095370793968742,2.0647904657409835,0.0,1.0,0.0,0.0,0.0,0.38863421782632146,0.6113657821736785,1.0,0.0,
0.13300237795640069,2.106437624219172,-0.5936976037678053,0.0,1.0,0.0,0.0,0.0,1.0,0.0,1.0,0.0,
3.099120288062656,2.01042679161369,-0.5936976037678053,0.0,1.0,0.0,0.0,0.0,1.0,0.0,1.0,0.0,
1.5667276592069845,0.9207324819596802,-0.5936976037678053,0.0,0.0,0.0,1.0,0.0,0.0,1.0,1.0,0.0,
-0.9387584966670732,2.4891217208309326,1.1733821906720545,0.0,0.0,0.0,1.0,0.0,0.0,1.0,0.18612650808918285,0.8138734919108171,
0.18861132094354635,0.899407589216888,-0.5936976037678053,1.0,0.0,0.0,0.0,0.0,0.0,1.0,1.0,0.0,
2.5688744258722696,1.334223108234679,-0.5936976037678053,0.0,0.0,0.0,1.0,0.0,0.0,1.0,1.0,0.0,
0.03872322949893536,2.0364081016950903,-0.5936976037678053,0.0,1.0,0.0,0.0,0.0,1.0,0.0,1.0,0.0,
-0.07822887051862887,2.1931946916190306,2.7604244879432063,0.0,0.5537917549283841,0.0,0.44620824507161594,0.0,1.0,0.0,0.0,1.0,
1.286235529582736,1.716763861563186,-0.5936976037678053,0.0,0.0,1.0,0.0,1.0,0.0,0.0,1.0,0.0,
-0.41436956215179493,0.992748375972782,-0.5936976037678053,1.0,0.0,0.0,0.0,0.0,1.0,0.0,0.0,1.0,
3.528663042397675,2.3100420774885753,-0.5936976037678053,0.0,0.0,1.0,0.0,0.0,0.0,1.0,1.0,0.0,
-0.17115284059885227,1.1840423224787515,-0.5936976037678053,0.0,1.0,0.0,0.0,0.0,0.0,1.0,1.0,0.0,
2.7041924334512832,1.923657391907292,-0.5936976037678053,0.0,0.0,0.0,1.0,0.0,0.0,1.0,1.0,0.0,
-0.11457825692117043,1.343229305393551,-0.5936976037678053,1.0,0.0,0.0,0.0,0.0,0.0,1.0,1.0,0.0,
2.716777510413447,2.2400145061360743,-0.5936976037678053,0.0,1.0,0.0,0.0,0.0,1.0,0.0,1.0,0.0,
2.21429807962117,1.1115784370997663,-0.5936976037678053,0.0,0.0,0.0,1.0,0.0,0.0,1.0,1.0,0.0,
-0.5168362821931712,0.9586336449707048,-0.5936976037678053,0.0,1.0,0.0,0.0,0.0,0.0,1.0,1.0,0.0,
0.624786591815766,2.1384219498453003,-0.5936976037678053,0.26865928909561343,0.0,0.0,0.7313407109043866,0.0,0.0,1.0,1.0,0.0,
0.4652302470549943,1.3422833567371626,-0.5936976037678053,0.0,1.0,0.0,0.0,0.0,0.0,1.0,1.0,0.0,
1.8613196496591813,2.338249700288706,0.88525920838516,1.0,0.0,0.0,0.0,0.0,0.0,1.0,0.0,1.0,
0.7414714285606314,1.6399505212245882,-0.5936976037678053,0.1446913933751488,0.0,0.8553086066248512,0.0,0.0,0.0,1.0,1.0,0.0,
2.2280207335303164,1.4790269088242787,2.3283876829941272,0.0,0.32799963555679557,0.6720003644432044,0.0,0.0,1.0,0.0,1.0,0.0,
-0.3603771739902425,1.1892252053601358,-0.5936976037678053,0.0,1.0,0.0,0.0,0.0,0.0,1.0,1.0,0.0,
0.47157751234988216,0.8498546193007139,-0.5936976037678053,0.0,0.0,0.0,1.0,0.0,1.0,0.0,1.0,0.0,
2.1134342310030623,1.4419033320569792,0.9734558121657835,1.0,0.0,0.0,0.0,0.0,1.0,0.0,0.0,1.0,
1.43871662167749,1.1866793822788277,1.4634659443401359,0.0,1.0,0.0,0.0,0.0,0.0,1.0,1.0,0.0,
-0.7570881362190771,1.9433163647976643,1.7486561937358414,0.0,0.0,0.0,1.0,0.0,1.0,0.0,0.2758186355719938,0.7241813644280062,
-0.3223538092550969,2.3200666372532757,1.2547217841509342,0.0,0.0,1.0,0.0,0.7035480875338473,0.0,0.29645191246615266,0.7035480875338473,0.29645191246615266,
2.5938134271780244,1.80892664867686,3.741223094394102,0.0,0.0,1.0,0.0,0.0,0.844730168742849,0.155269831257151,0.0,1.0,
0.3011019839000654,1.0799237656703318,-0.5936976037678053,0.0,0.0,1.0,0.0,0.0,0.0,1.0,1.0,0.0,
2.676309886797589,1.5702769551945592,-0.5936976037678053,0.0,0.0,1.0,0.0,0.0,1.0,0.0,1.0,0.0,
0.7778420429010798,0.24484041813328794,-0.5936976037678053,0.0,0.0,1.0,0.0,0.0,0.0,1.0,1.0,0.0,
1.0337206174560627,1.8961978407674662,3.043552004052354,0.0,1.0,0.0,0.0,0.0,0.0,1.0,0.2687146541040104,0.7312853458959896,
1.113729824817338,1.0188034189919126,-0.5936976037678053,0.0,0.0,0.0,1.0,0.0,1.0,0.0,1.0,0.0,
0.5630776579356395,0.4765120373971378,-0.5936976037678053,0.0,0.0,0.0,1.0,0.0,0.0,1.0,1.0,0.0,
1.097844648084369,1.607300102517705,1.6749584406150135,0.0,1.0,0.0,0.0,0.0,0.0,1.0,1.0,0.0,
2.4880740635168266,1.2108132059587386,-0.5936976037678053,0.0,0.0,0.0,1.0,1.0,0.0,0.0,0.8269451532487143,0.17305484675128568,
3.034998997338874,2.392941164461483,-0.5936976037678053,0.0,0.0,1.0,0.0,0.0,0.0,1.0,1.0,0.0,
1.7293135860050644,1.4769055101602782,-0.5936976037678053,0.0,0.0,1.0,0.0,1.0,0.0,0.0,0.0,1.0,
1.5669855737792662,2.2256759100212644,-0.5936976037678053,0.0,0.0,0.0,1.0,0.0,1.0,0.0,1.0,0.0,
3.0828620355082226,2.15591290396942,-0.5936976037678053,0.0,0.0,1.0,0.0,1.0,0.0,0.0,1.0,0.0,
0.9633490561654411,1.779764884122315,1.792896285776864,0.0,1.0,0.0,0.0,0.0,0.0,1.0,1.0,0.0,
4.224766731548101,2.521336735680546,-0.5936976037678053,1.0,0.0,0.0,0.0,0.0,1.0,0.0,1.0,0.0,
0.8554570277092306,1.7204446753451708,-0.5936976037678053,0.0,0.0,0.0,1.0,0.0,1.0,0.0,1.0,0.0,
0.012844236914476547,2.344630649967503,-0.5936976037678053,0.0,0.0,1.0,0.0,0.0,1.0,0.0,0.8974472058979537,0.10255279410204632,
0.4469203374327547,1.5103569816262703,-0.5936976037678053,0.0,1.0,0.0,0.0,0.0,1.0,0.0,0.471255607786522,0.528744392213478,
1.226541597992687,1.7834228815099697,-0.5936976037678053,0.0,0.0,0.0,1.0,0.0,0.0,1.0,1.0,0.0,
-0.5197270866410031,2.1492193532093027,1.9654960965671602,0.0,0.0,0.0,1.0,0.0,1.0,0.0,1.0,0.0,
1.3273293100811019,2.103891335544424,4.898180498019812,0.0,0.0912546236326558,0.9087453763673442,0.0,0.0,1.0,0.0,1.0,0.0,
2.2766237749532108,1.7956336923580944,-0.32965891536588043,0.0,0.0,1.0,0.0,0.0,1.0,0.0,1.0,0.0,
1.505575180606998,1.0704102168135476,1.1148320907559797,0.0,0.33214132237111504,0.667858677628885,0.0,0.0,1.0,0.0,1.0,0.0,
0.0007377923559720445,1.1307322709068355,-0.5936976037678053,1.0,0.0,0.0,0.0,0.0,1.0,0.0,1.0,0.0,
1.5062700925978136,1.038986339948138,-0.5936976037678053,1.0,0.0,0.0,0.0,0.0,1.0,0.0,1.0,0.0,
1.7439580274775826,1.8837496383618106,3.940131193310241,0.0,0.0,1.0,0.0,0.661434144251329,0.33856585574867104,0.0,1.0,0.0,
0.06917562864136806,1.8213400891532416,3.1158657944771604,1.0,0.0,0.0,0.0,0.0,1.0,0.0,1.0,0.0,
2.6664270247052686,1.3043728468457318,-0.5936976037678053,0.0,0.0,1.0,0.0,0.0,0.7141631115530921,0.2858368884469079,1.0,0.0,
1.7206778653780155,2.3232767066722633,-0.5936976037678053,0.0,1.0,0.0,0.0,0.0,1.0,0.0,1.0,0.0,
1.2944996846715333,1.192242076535313,-0.5936976037678053,0.0,0.0,0.0,1.0,0.0,0.0,1.0,0.5932156370301593,0.40678436296984066,
1.600674467201607,2.3039910325893147,0.02357469677987889,0.0,0.0,1.0,0.0,0.0,1.0,0.0,0.0,1.0,
-0.03274468341866316,0.7196319938100992,-0.5936976037678053,0.0,0.0,0.0,1.0,0.0,1.0,0.0,1.0,0.0,
0.25458374575510956,2.2544870222533495,-0.5936976037678053,0.0,0.0,1.0,0.0,0.0,1.0,0.0,1.0,0.0,
0.5054286486670864,1.3450408323908356,-0.5936976037678053,0.0,1.0,0.0,0.0,0.0,0.0,1.0,1.0,0.0,
3.5608749336304277,2.18907641594016,-0.5936976037678053,0.0,0.0,0.9430865683527553,0.05691343164724472,1.0,0.0,0.0,0.0,1.0,
0.4691210625437164,1.4008716782241974,-0.5936976037678053,0.0,1.0,0.0,0.0,0.0,0.0,1.0,1.0,0.0,
0.6944693058609779,0.5943332639655451,-0.5936976037678053,0.0,0.0,1.0,0.0,0.0,0.0,1.0,1.0,0.0,
-0.3584891782020853,1.4115778605850657,-0.5936976037678053,1.0,0.0,0.0,0.0,0.0,1.0,0.0,1.0,0.0,
0.36953482467145526,2.0850666902476265,-0.5936976037678053,0.0,0.0,1.0,0.0,0.0,0.0,1.0,0.0,1.0,
0.7950815671174835,0.20420927047525056,-0.5936976037678053,0.0,1.0,0.0,0.0,1.0,0.0,0.0,1.0,0.0,
0.11279694004992687,2.176396677856572,4.909058670254011,0.0,0.529104325081344,0.0,0.470895674918656,0.0,0.529104325081344,0.470895674918656,1.0,0.0,
-0.5431521111864365,2.0513103252474036,2.1653140442522516,0.0,0.0,0.0,1.0,0.07361198662302937,0.9263880133769706,0.0,1.0,0.0,
-0.32776921032358725,0.9968993700743007,-0.5936976037678053,1.0,0.0,0.0,0.0,0.0,1.0,0.0,0.0,1.0,
1.5421756796897492,1.1775059839843784,-0.5936976037678053,0.0,1.0,0.0,0.0,0.0,0.0,1.0,1.0,0.0,
0.27732676669616957,2.297312435282606,-0.5936976037678053,0.0,0.0,1.0,0.0,0.0,0.2613664834534337,0.7386335165465663,0.0,1.0,
0.9542951808414011,2.048041119016315,3.9655860766002093,0.44442399978970515,0.5555760002102949,0.0,0.0,0.0,0.0,1.0,0.0,1.0,
1.1047977513091243,1.6106686871794955,1.3457150637405588,0.0,0.0,0.0,1.0,1.0,0.0,0.0,1.0,0.0,
-0.781984404041338,0.8463410377924203,2.437805322968395,0.0,0.0,0.0,1.0,0.06797999361988805,0.0,0.932020006380112,1.0,0.0,
0.5419800530635505,1.694596680627888,-0.5936976037678053,0.0,1.0,0.0,0.0,0.0,0.0,1.0,1.0,0.0,
2.468202309189442,1.4382504237591944,-0.5936976037678053,0.0,0.8514777391590551,0.0,0.1485222608409449,0.0,0.0,1.0,0.0,1.0,
0.6681083151621134,1.79015970574695,-0.5936976037678053,0.0,0.0,1.0,0.0,1.0,0.0,0.0,1.0,0.0,
-0.3611130263438177,1.3719367335563115,-0.5936976037678053,1.0,0.0,0.0,0.0,0.0,0.0,1.0,1.0,0.0,
0.9378627086296063,2.25419803958447,4.715304018696509,0.9489958181890524,0.0,0.0,0.05100418181094757,0.0,0.0,1.0,0.0,1.0,
2.284599023038309,1.7017681896181227,-0.5936976037678053,0.0,0.0,0.0,1.0,1.0,0.0,0.0,1.0,0.0,
0.2926701872139855,0.7680872968654116,-0.5936976037678053,1.0,0.0,0.0,0.0,0.0,0.0,1.0,1.0,0.0,
-0.2463453249100768,1.2093986030729285,-0.5936976037678053,1.0,0.0,0.0,0.0,0.0,0.0,1.0,1.0,0.0,
2.7128053213018943,2.1328738620665657,3.7231363138724762,0.9015017421252899,0.0,0.0,0.09849825787471012,0.0,1.0,0.0,1.0,0.0,
-0.37604569005973487,2.251873327741096,4.5396151671939124,0.877836093979784,0.12216390602021598,0.0,0.0,0.0,1.0,0.0,1.0,0.0,
-0.5685282312950121,1.9113495082745415,-0.5936976037678053,0.0,0.0,0.0,1.0,0.0,0.0,1.0,0.0,1.0,
1.8704993922801805,2.4552875384835304,-0.5936976037678053,0.0,1.0,0.0,0.0,0.0,1.0,0.0,1.0,0.0,
-0.7714235695922057,1.1863216343616565,-0.5936976037678053,0.0,0.0,1.0,0.0,0.8783344698669009,0.12166553013309911,0.0,1.0,0.0,
0.46173884187261804,1.9516457930913385,-0.5936976037678053,1.0,0.0,0.0,0.0,0.0,1.0,0.0,0.0,1.0,
0.6105546442793194,0.9265648331479136,3.292113178096945,0.0,0.0,0.0,1.0,0.0,1.0,0.0,1.0,0.0,
2.1252640901038133,1.6573887456536491,-0.5936976037678053,0.0,0.0,0.0,1.0,0.0,0.0,1.0,1.0,0.0,
1.957498446855174,1.9493342162920813,-0.5936976037678053,0.0,1.0,0.0,0.0,0.0,1.0,0.0,0.0,1.0,
2.5443082515918016,1.2341309649811927,-0.5936976037678053,0.0,0.0,1.0,0.0,0.0,0.1659280549691301,0.8340719450308699,1.0,0.0,
1.6122735595890725,1.1638347271367975,-0.5936976037678053,1.0,0.0,0.0,0.0,0.0,1.0,0.0,1.0,0.0,
-0.6269726197937768,1.0396802751286955,-0.5936976037678053,1.0,0.0,0.0,0.0,0.0,1.0,0.0,0.0,1.0,
2.558056358224694,1.79392757395024,-0.5936976037678053,0.0,0.0,1.0,0.0,1.0,0.0,0.0,1.0,0.0,
-0.4714944210713977,1.2312159045475597,3.231926428045902,0.039048034305635415,0.0,0.0,0.9609519656943646,0.0,1.0,0.0,1.0,0.0,
1.623987878260857,1.0604660698703,1.0234108729529359,0.0,0.0,1.0,0.0,0.1438138821923871,0.8561861178076129,0.0,1.0,0.0,
-0.22687945670903797,2.211005639877412,-0.5936976037678053,0.0,1.0,0.0,0.0,0.0,1.0,0.0,1.0,0.0,
-0.5595009032603426,1.4861025065819637,-0.5936976037678053,1.0,0.0,0.0,0.0,0.0,0.0,1.0,0.7681866126841678,0.23181338731583223,
1.5670616568677547,0.5968778027601173,-0.5936976037678053,0.0,0.0,0.0,1.0,0.0,0.0,1.0,1.0,0.0,
-0.30032420801277876,2.166780517780781,-0.5936976037678053,0.0,0.0,0.23876018904153817,0.7612398109584618,0.0,0.0,1.0,0.0,1.0,
0.72112876924851,2.218668557195762,-0.5936976037678053,0.5126532074767901,0.0,0.4873467925232099,0.0,0.0,0.0,1.0,0.0,1.0,
-0.06568941674058155,0.8224775179897644,-0.5936976037678053,0.0,0.0,0.0,1.0,0.0,1.0,0.0,1.0,0.0,
-0.3873966008497248,2.223118006187857,1.5139348764431597,0.0,0.0,0.7345203859999317,0.26547961400006825,0.0,0.0,1.0,0.0,1.0,
-0.8241366923426519,1.4628881459372005,3.0872348561217597,0.0,1.0,0.0,0.0,0.0,0.529178821163479,0.47082117883652097,1.0,0.0,
0.8222381037614064,1.6399505212245882,-0.5936976037678053,0.8698726512584595,0.0,0.13012734874154053,0.0,0.0,0.0,1.0,1.0,0.0,
1.0159586799563183,1.5427550837875965,-0.3553963936637721,0.0,0.0,0.0,1.0,0.0,1.0,0.0,1.0,0.0,
2.2550708999555105,1.9379709967209142,-0.5936976037678053,0.0,1.0,0.0,0.0,0.0,1.0,0.0,0.0,1.0,
1.4937472420705216,1.222830880476612,-0.5936976037678053,1.0,0.0,0.0,0.0,0.0,1.0,0.0,1.0,0.0,
-0.058153994062212,1.7015379385724518,-0.5936976037678053,0.0,1.0,0.0,0.0,0.0,1.0,0.0,1.0,0.0,
0.6541996115033739,0.8884094091259647,-0.5936976037678053,0.0,0.0,0.0,1.0,0.0,1.0,0.0,1.0,0.0,
0.3355458716384789,1.174712809190532,-0.5936976037678053,0.0,1.0,0.0,0.0,0.0,0.0,1.0,1.0,0.0,
3.478278775579959,2.301440531084401,-0.5936976037678053,0.0,0.0,1.0,0.0,0.0,0.0,1.0,1.0,0.0,
-0.19036799268714244,2.2956010664334707,-0.5936976037678053,0.0,0.0,1.0,0.0,0.5740108847362332,0.4259891152637668,0.0,1.0,0.0,
-0.7335589580127264,2.156738967425672,-0.5936976037678053,0.0,0.0,1.0,0.0,1.0,0.0,0.0,0.4001347435925616,0.5998652564074384,
0.7249738175313103,2.1675434617886378,-0.5936976037678053,0.0,1.0,0.0,0.0,0.0,0.0,1.0,1.0,0.0,
-0.3225139720113779,0.9424966531908948,-0.5936976037678053,0.0,0.0,0.0,1.0,0.2347557052340642,0.7652442947659358,0.0,1.0,0.0,
0.19964067587679923,2.319654688953882,-0.5936976037678053,0.0,0.0,1.0,0.0,0.0,0.610127262081397,0.389872737918603,0.0,1.0,
1.340575241886502,1.3538662901589564,2.582460641007629,0.4422148640910256,0.0,0.0,0.5577851359089744,1.0,0.0,0.0,0.0,1.0,
0.3355458716384789,1.191613254681982,-0.5936976037678053,0.0,1.0,0.0,0.0,0.0,0.0,1.0,1.0,0.0,
0.6088294780579394,0.12108478686085644,-0.4796403345863577,0.0,0.09252673904172937,0.0,0.9074732609582706,1.0,0.0,0.0,1.0,0.0,
0.4926999500761947,0.5710743769974495,0.5245851282857492,1.0,0.0,0.0,0.0,0.0,0.0,1.0,1.0,0.0,
0.6628341639960879,0.3660024476666851,-0.4024506420359304,0.0,0.0,0.0,1.0,1.0,0.0,0.0,0.0,1.0,
2.1684219123309956,1.8047620200873205,-0.5936976037678053,0.0,0.0,0.0,1.0,1.0,0.0,0.0,1.0,0.0,
1.5632906529239137,1.8404226373717454,-0.5936976037678053,0.0,0.0,0.0,1.0,1.0,0.0,0.0,0.0,1.0,
2.2945524535985733,1.9849040031373697,-0.5936976037678053,0.0,1.0,0.0,0.0,0.0,1.0,0.0,0.0,1.0,
1.4724044254914694,1.1883004544512563,-0.09661359970843436,0.0,1.0,0.0,0.0,0.0,0.0,1.0,1.0,0.0,
1.5450515987030484,2.3362499078611547,-0.4419254404715699,0.0,0.0,0.0,1.0,0.0,1.0,0.0,1.0,0.0,
1.0266511605759725,1.933730383155835,1.6493064068724759,0.0,1.0,0.0,0.0,0.0,0.0,1.0,1.0,0.0,
1.4372518275813042,1.2963053679478793,1.5999325578960706,0.0,1.0,0.0,0.0,0.0,0.0,1.0,1.0,0.0,
1.0348663524786186,0.9628298480990806,-0.5936976037678053,0.0,0.0,0.0,1.0,0.0,1.0,0.0,1.0,0.0,
1.886083366096473,2.2168503576546046,0.8133821496806262,0.0,0.0,0.9218400142277701,0.07815998577222993,0.0,0.0,1.0,1.0,0.0,
-0.31342648237849247,0.9137116718593098,-0.5936976037678053,0.0,0.0,0.0,1.0,0.0,0.0,1.0,0.4673059781802118,0.5326940218197882,
1.3438528302098334,1.836471572630533,-0.5936976037678053,1.0,0.0,0.0,0.0,0.0,0.0,1.0,0.0,1.0,
0.6710962069105284,0.5112284251574906,-0.5936976037678053,0.0,0.0,0.0,1.0,0.0,0.0,1.0,1.0,0.0,
0.5412309525111842,1.2861103432388643,2.4353452481381357,0.0,0.0,1.0,0.0,1.0,0.0,0.0,1.0,0.0,
1.5405253698349015,0.5871716471643589,-0.5936976037678053,0.0,0.0,0.0,1.0,0.0,0.0,1.0,1.0,0.0,
1.0078319346057865,0.5734069672931603,-0.5936976037678053,1.0,0.0,0.0,0.0,0.0,0.0,1.0,1.0,0.0,
1.306280849442966,0.8588279403571738,-0.5936976037678053,0.0,1.0,0.0,0.0,0.0,1.0,0.0,1.0,0.0,
0.4747604116739842,2.217327146374732,-0.5936976037678053,0.0,1.0,0.0,0.0,0.0,1.0,0.0,1.0,0.0,
0.6571815727207837,0.8917272350895737,0.47532254074680774,0.0,0.43415936137529587,0.0,0.5658406386247041,0.0,1.0,0.0,0.0,1.0,
0.9293952883967626,0.6651836638595389,-0.5936976037678053,0.0,1.0,0.0,0.0,0.6640137400112041,0.0,0.33598625998879594,1.0,0.0,
0.9797845337642292,2.1408698753425646,-0.5936976037678053,1.0,0.0,0.0,0.0,0.0,0.0,1.0,1.0,0.0,
0.6105367983909429,0.9672797020514062,-0.5936976037678053,0.0,0.0,0.0,1.0,1.0,0.0,0.0,1.0,0.0,
-0.5906405233276688,1.06305559935526,-0.5936976037678053,0.0,1.0,0.0,0.0,0.0,0.0,1.0,1.0,0.0,
-0.7688755964207395,0.8332352637867675,-0.5936976037678053,0.0,0.6108598003617629,0.3891401996382371,0.0,0.0,0.0,1.0,1.0,0.0,
-1.0979807295361237,2.4732105173314034,-0.5936976037678053,1.0,0.0,0.0,0.0,0.0,1.0,0.0,1.0,0.0,
-0.3768474688652901,2.3932035233678106,1.1473451009892024,0.0,0.0,1.0,0.0,0.948189708131384,0.0,0.051810291868615965,0.948189708131384,0.051810291868615965,
2.862918041255674,1.9471297198640078,4.487948492217585,0.9230484677743724,0.07695153222562756,0.0,0.0,0.0,0.0,1.0,1.0,0.0,
-0.5670362495987057,1.3708047583748288,-0.5936976037678053,1.0,0.0,0.0,0.0,0.0,0.0,1.0,1.0,0.0,
1.5387040508627867,2.38493078841241,-0.5206959846628784,0.0,0.0,0.0,1.0,0.0,1.0,0.0,1.0,0.0,
0.2600924526105739,1.2197588353415711,-0.5936976037678053,0.0,1.0,0.0,0.0,0.0,0.0,1.0,1.0,0.0,
-0.09387040874639621,1.903332617634498,2.0690074586470435,0.0,0.0,1.0,0.0,0.0,0.0,1.0,0.6443920083256246,0.3556079916743754,
0.8092446377801058,2.3080099149280398,-0.5936976037678053,0.0,0.0,0.0,1.0,0.05957834708850085,0.9404216529114992,0.0,0.0,1.0,
0.8177028810807934,2.1388163326084486,4.389497445969164,0.6683391349937423,0.3316608650062577,0.0,0.0,0.0,0.0,1.0,0.0,1.0,
0.22186113347974795,1.7355172582887408,-0.5936976037678053,0.0,1.0,0.0,0.0,0.0,1.0,0.0,1.0,0.0,
0.12287901726004874,1.2057403840205803,-0.5936976037678053,1.0,0.0,0.0,0.0,0.0,1.0,0.0,1.0,0.0,
2.724435969353002,2.0234128907088,4.072688058782109,1.0,0.0,0.0,0.0,0.0,0.550827780156247,0.449172219843753,1.0,0.0,
-0.2770136902300393,1.3195383439865676,-0.5936976037678053,1.0,0.0,0.0,0.0,0.0,0.0,1.0,1.0,0.0,
0.6480602163207616,1.573260080151183,-0.5936976037678053,0.0,0.0,1.0,0.0,0.0,0.0,1.0,1.0,0.0,
0.8980367844413432,2.2915151059741037,-0.5936976037678053,0.0,1.0,0.0,0.0,0.0,1.0,0.0,1.0,0.0,
-0.8012156677196218,1.9101176647694655,1.6244072202611655,0.0,0.0,0.0,1.0,0.0,1.0,0.0,0.0,1.0,
0.7096999924441554,2.3255565084475998,-0.5936976037678053,0.0,0.0,0.10676256576202015,0.8932374342379799,0.0,1.0,0.0,0.0,1.0,
2.2396887043032723,2.395460427913759,-0.5936976037678053,0.0,0.0,1.0,0.0,0.0,0.0,1.0,0.5861272147779313,0.4138727852220687,
2.2476890335308295,2.3903669652009185,-0.5936976037678053,0.0,0.0,1.0,0.0,0.0,0.0,1.0,1.0,0.0,
-0.11542835016816605,2.1419427679144194,4.6357657966718175,0.40983413673948643,0.5901658632605136,0.0,0.0,0.0,1.0,0.0,1.0,0.0,
1.3367498528304953,0.5170847777057305,0.22344099804112405,0.0,0.0,0.0,1.0,1.0,0.0,0.0,0.0,1.0,
2.3376494237700487,1.6711588841803322,-0.5936976037678053,0.0,1.0,0.0,0.0,0.0,0.0,1.0,1.0,0.0,
-0.8024984975727532,0.8910088976212663,2.497718371335191,0.0,0.10909013612400531,0.0,0.8909098638759947,0.0,0.0,1.0,1.0,0.0,
2.1752545924276236,1.3128670453047167,-0.5936976037678053,0.0,1.0,0.0,0.0,0.0,0.0,1.0,0.0,1.0,
-0.414556987343367,2.2828326577360225,4.546692710974438,0.9469925150840033,0.0,0.0,0.053007484915996717,0.0,0.9469925150840033,0.053007484915996717,1.0,0.0,
1.5540078771784553,0.6685579019913318,-0.1740163497248245,0.0,0.0,0.0,1.0,1.0,0.0,0.0,0.0,1.0,
-0.3160826049585613,1.759220063323907,1.9674368246321685,0.0,0.0,0.0,1.0,1.0,0.0,0.0,1.0,0.0,
1.221438155286411,0.5081915265768764,1.4526416576056578,1.0,0.0,0.0,0.0,0.0,0.0,1.0,1.0,0.0,
2.6676915402673247,1.571516258668162,-0.5936976037678053,0.0,0.0,1.0,0.0,0.0,1.0,0.0,1.0,0.0,
0.7402298548956657,1.806470858601233,-0.5936976037678053,1.0,0.0,0.0,0.0,0.0,0.0,1.0,1.0,0.0,
2.7030116600614185,1.5664372859214555,-0.5936976037678053,0.0,0.0,1.0,0.0,0.0,1.0,0.0,1.0,0.0,
-0.5558747917412532,1.676871817069245,2.1856231038324356,0.0,0.0,0.0,1.0,1.0,0.0,0.0,1.0,0.0,
1.969963148735415,2.549228263367575,4.535232609988704,0.0,0.0,0.4187432470291932,0.5812567529708068,0.0,0.0,1.0,0.0,1.0,
1.827218163822226,1.431995214678575,-0.5936976037678053,0.0,0.0,1.0,0.0,1.0,0.0,0.0,0.0,1.0,
3.8063271732112436,2.25410606202575,2.2665402159324826,0.0,1.0,0.0,0.0,0.0,1.0,0.0,1.0,0.0,
2.5073479546268613,2.2378609334913038,-0.5936976037678053,0.0,1.0,0.0,0.0,0.0,0.2521927666660835,0.7478072333339165,0.0,1.0,
1.2138293223151593,0.8666794080423456,-0.5936976037678053,1.0,0.0,0.0,0.0,0.0,0.0,1.0,1.0,0.0,
1.8127420250488817,1.0309325296964098,-0.5936976037678053,0.0,0.0,0.0,1.0,1.0,0.0,0.0,0.0,1.0,
0.5021420171598361,2.493572687044792,5.111718668803899,0.0,0.12604501773978571,0.0,0.8739549822602143,0.8739549822602143,0.12604501773978571,0.0,1.0,0.0,
2.0956889016933,1.7485084336532615,-0.5936976037678053,0.0,1.0,0.0,0.0,0.0,1.0,0.0,0.0,1.0,
1.7479011364966048,1.738984103631204,-0.16928909684468813,0.0,0.0,0.0,1.0,0.0,1.0,0.0,1.0,0.0,
0.948105433506997,1.9535819729170918,1.7719249276386095,0.0,1.0,0.0,0.0,0.0,0.289576167668007,0.710423832331993,1.0,0.0,
0.46878339986877304,0.6127619892478716,-0.5936976037678053,1.0,0.0,0.0,0.0,0.0,0.0,1.0,1.0,0.0,
1.3709669168743797,1.9815074202797607,-0.5936976037678053,0.0,0.0,0.0,1.0,1.0,0.0,0.0,0.0,1.0,
1.3657531481556346,1.2675908219132086,-0.5936976037678053,0.0,0.0,1.0,0.0,0.0,1.0,0.0,1.0,0.0,
2.7153801141270857,1.9722080733869234,-0.5936976037678053,0.0,1.0,0.0,0.0,0.0,0.0,1.0,1.0,0.0,
0.3522007855713225,2.1847708958881067,-0.5936976037678053,0.0,0.0,1.0,0.0,0.0,0.0,1.0,0.0,1.0,
1.6692363132915555,1.8038672493453425,-0.5936976037678053,0.0,0.0,1.0,0.0,1.0,0.0,0.0,1.0,0.0,
0.5121464175145887,0.8681435511875076,-0.5936976037678053,0.0,0.0,0.0,1.0,0.0,1.0,0.0,1.0,0.0,
2.371766508090972,2.1752722962724738,4.399351064617411,0.0,0.0,1.0,0.0,0.0,0.513060931627445,0.48693906837255496,0.0,1.0,
2.25015299271012,1.3013690736653216,3.7334778250967835,0.3129598261369432,0.0,0.6870401738630568,0.0,0.0,0.0,1.0,1.0,0.0,
1.3419244172482963,1.2108048745905586,1.453726867896461,0.0,1.0,0.0,0.0,0.0,0.0,1.0,1.0,0.0,
2.237360006396815,1.1313433670394122,-0.5936976037678053,0.0,0.0,0.0,1.0,0.0,0.0,1.0,1.0,0.0,
2.4963173271652916,1.6696958511991484,-0.5936976037678053,0.0,0.0,1.0,0.0,0.0,1.0,0.0,1.0,0.0,
0.5827638183109657,0.8052081049108427,1.920789379418677,0.56059919283236,0.0,0.0,0.43940080716763996,0.0,1.0,0.0,0.0,1.0,
2.461792577964274,1.427491923793345,-0.5936976037678053,0.0,0.0,0.0,1.0,0.8686730917434557,0.13132690825654425,0.0,0.0,1.0,
0.18883579914906384,2.124553778882798,-0.5936976037678053,0.0,1.0,0.0,0.0,0.0,1.0,0.0,1.0,0.0,
3.5531243435475632,2.320525586691927,-0.5936976037678053,0.0,0.0,1.0,0.0,0.0,0.0,1.0,1.0,0.0,
0.7506362601133945,0.1957245843286196,-0.5936976037678053,0.0,1.0,0.0,0.0,0.0,1.0,0.0,1.0,0.0,
0.7307453019132297,0.061595138726455584,-0.14333718657485212,0.0,0.0,1.0,0.0,0.0,1.0,0.0,1.0,0.0,
1.9962300230149248,0.8746527378529767,-0.5936976037678053,0.0,0.0,0.0,1.0,0.0,0.0,1.0,1.0,0.0,
1.6566479980903313,2.136516291111417,-0.5936976037678053,0.0,0.0,0.0,1.0,0.0,1.0,0.0,1.0,0.0,
0.8340174524935462,0.23319928043974403,0.2549874791962051,0.0,0.0,1.0,0.0,0.0,1.0,0.0,1.0,0.0,
0.9827136861248816,0.25556388209144154,-0.5936976037678053,0.0,0.0,0.0,1.0,0.0,0.0,1.0,1.0,0.0,
0.4841472353731054,2.2320478059419075,-0.5936976037678053,1.0,0.0,0.0,0.0,0.0,0.0,1.0,1.0,0.0,
0.09593900330392224,1.1269852892284207,-0.5936976037678053,0.0,0.0,0.0,1.0,1.0,0.0,0.0,1.0,0.0,
0.7966444337775236,1.5441605665360565,2.864424030587586,0.0,0.0,1.0,0.0,1.0,0.0,0.0,1.0,0.0,
1.8001798029551161,1.347826595246329,-0.5936976037678053,0.0,0.0,1.0,0.0,1.0,0.0,0.0,0.0,1.0,
0.566953762133055,1.238710272512711,-0.5936976037678053,0.0,1.0,0.0,0.0,0.0,1.0,0.0,1.0,0.0,
-1.1037914240859028,2.481677605652605,-0.5936976037678053,1.0,0.0,0.0,0.0,0.0,1.0,0.0,1.0,0.0,
1.218519479803828,2.0341955569049466,2.383379820417573,0.0,0.0,0.0,1.0,0.966971452032059,0.03302854796794097,0.0,0.0,1.0,
0.46878287696225895,0.7781999440299447,0.46022686810514785,0.0,0.0,0.0,1.0,0.0,1.0,0.0,0.46419839516828576,0.5358016048317142,
3.2518604608572934,2.3232767066722633,-0.5936976037678053,0.0,0.0,1.0,0.0,1.0,0.0,0.0,1.0,0.0,
2.0334039667698085,1.127917960282724,-0.5936976037678053,0.0,0.0,1.0,0.0,1.0,0.0,0.0,0.0,1.0,
2.769007007295159,2.443940088064611,-0.5936976037678053,0.0,0.0,1.0,0.0,0.0,0.0,1.0,1.0,0.0,
0.7517247022124708,0.4508825979591312,-0.5936976037678053,1.0,0.0,0.0,0.0,0.0,1.0,0.0,1.0,0.0,
2.656450244364878,1.4445445336678158,-0.5936976037678053,0.0,0.0,1.0,0.0,0.0,1.0,0.0,1.0,0.0,
0.9716801733857037,2.2950450370502535,-0.5936976037678053,0.0,1.0,0.0,0.0,0.0,1.0,0.0,1.0,0.0,
-0.16093090822481423,2.1356607805207197,-0.5936976037678053,0.0,1.0,0.0,0.0,0.0,1.0,0.0,1.0,0.0,
0.8132416458037781,1.7559802466341246,1.557238587620621,0.0,0.0,0.0,1.0,1.0,0.0,0.0,1.0,0.0,
0.3900379370499271,2.2165069901960637,-0.5936976037678053,1.0,0.0,0.0,0.0,0.0,0.0,1.0,1.0,0.0,
0.8520236452429237,1.650212805157374,-0.5936976037678053,1.0,0.0,0.0,0.0,0.0,0.0,1.0,1.0,0.0,
2.8798697212253233,2.3986707402396954,4.832905646026794,0.0,1.0,0.0,0.0,0.0,0.9061368715373423,0.09386312846265765,1.0,0.0,
0.7132141859271389,1.7883043022552552,3.5611369029148943,0.0,0.0,0.0,1.0,0.0,1.0,0.0,0.07268162652730126,0.9273183734726987,
1.0137474296537554,0.3736730805598825,-0.5936976037678053,0.0,1.0,0.0,0.0,0.0,1.0,0.0,1.0,0.0,
2.3200623544333374,2.0403643769947646,0.23859570741670855,0.0,1.0,0.0,0.0,0.0,0.0,1.0,0.0,1.0,
0.9114393147723359,0.6149612430530756,-0.5936976037678053,0.0,1.0,0.0,0.0,0.3415704672848713,0.0,0.6584295327151287,1.0,0.0,
2.7997895948006555,2.438038110233469,-0.5936976037678053,0.0,0.0,1.0,0.0,0.0,0.0,1.0,1.0,0.0,
-0.8489593108216318,1.100321902778141,-0.5936976037678053,0.4541355382051565,0.0,0.5458644617948435,0.0,0.0,1.0,0.0,1.0,0.0,
-0.9987702449538013,1.6101228035611237,2.784008631360207,0.0,0.9608981659574602,0.0,0.03910183404253975,0.0,0.0,1.0,1.0,0.0,
4.283428944236542,2.6509683722462674,-0.5936976037678053,0.817286072280271,0.0,0.18271392771972905,0.0,0.0,0.0,1.0,1.0,0.0,
2.7567111447628587,2.1239390499708124,3.838140169377025,0.926103805878983,0.073896194121017,0.0,0.0,0.0,0.926103805878983,0.073896194121017,1.0,0.0,
-0.11143378090582019,2.1928802066481206,1.5839717789395755,0.0,0.0,1.0,0.0,0.0,0.0,1.0,0.24334771504120178,0.7566522849587982,
0.7543561822218706,2.433457644806321,1.8629062776943142,0.0,0.4201266573883943,0.5798733426116057,0.0,0.0,1.0,0.0,1.0,0.0,
-0.25986180508319456,1.9130316776615084,-0.5936976037678053,0.0,0.0,1.0,0.0,0.0,1.0,0.0,1.0,0.0,
0.3463628788447113,0.8176050298432178,2.108134601247418,1.0,0.0,0.0,0.0,0.0,1.0,0.0,0.29275032846091975,0.7072496715390802,
1.7362459320053967,1.1386901798430178,-0.5936976037678053,0.0,0.0,0.0,1.0,0.0,1.0,0.0,1.0,0.0,
0.8241452328774994,0.3161758556429391,-0.20169919417752125,0.0,1.0,0.0,0.0,1.0,0.0,0.0,1.0,0.0,
0.2994748047823722,0.8658254006608069,-0.5936976037678053,1.0,0.0,0.0,0.0,0.0,1.0,0.0,1.0,0.0,
0.5714652956209674,0.981876259163913,-0.5936976037678053,0.0,0.0,0.0,1.0,0.0,1.0,0.0,1.0,0.0,
1.7359061281827344,1.7688583067426713,-0.5936976037678053,1.0,0.0,0.0,0.0,0.0,0.0,1.0,0.0,1.0,
2.382651828028415,2.5042238218556983,-0.5936976037678053,0.0,0.0,1.0,0.0,0.0,0.0,1.0,1.0,0.0,
0.8457383577101514,0.40469580645525693,-0.5936976037678053,1.0,0.0,0.0,0.0,0.0,0.0,1.0,1.0,0.0,
1.4360208725643702,1.3911152597684588,-0.5936976037678053,0.0,1.0,0.0,0.0,0.0,1.0,0.0,1.0,0.0,
2.256047804762655,1.4446037405871694,1.0665088374094855,0.0,1.0,0.0,0.0,0.0,0.0,1.0,0.0,1.0,
0.274604132151052,2.451400366443702,1.742396845681668,0.0,0.0,1.0,0.0,0.0,0.3905642526717127,0.6094357473282873,1.0,0.0,
0.5493577685806841,0.831783715749834,-0.5936976037678053,0.0,1.0,0.0,0.0,0.0,1.0,0.0,1.0,0.0,
0.8043904831709321,2.135567513596668,-0.5936976037678053,0.0,0.0,0.0,1.0,0.0,0.0,1.0,1.0,0.0,
-0.5261708583188709,2.0296047689375802,2.1710094657228094,0.0,0.0,0.0,1.0,0.17525858186645626,0.8247414181335437,0.0,1.0,0.0,
0.35805053427348593,1.3409953150912304,-0.5936976037678053,0.0,1.0,0.0,0.0,0.0,1.0,0.0,1.0,0.0,
-0.47022528451402695,1.0912427731185892,-0.5936976037678053,0.0,1.0,0.0,0.0,0.0,0.0,1.0,1.0,0.0,
1.3625413370899861,1.0941908545733974,-0.5936976037678053,1.0,0.0,0.0,0.0,0.0,0.0,1.0,1.0,0.0,
3.3305273651649383,2.1903998599801127,-0.5936976037678053,0.0,1.0,0.0,0.0,0.0,0.6089036237569678,0.3910963762430322,1.0,0.0,
1.4554286320573726,0.8134801372525463,-0.5936976037678053,0.0,1.0,0.0,0.0,0.0,1.0,0.0,1.0,0.0,
1.2802776610315612,0.4919890191823981,1.447014189851727,1.0,0.0,0.0,0.0,1.0,0.0,0.0,0.0,1.0,
0.36737411127290576,1.4282471229354279,1.3692728824348745,0.0,1.0,0.0,0.0,0.0,0.0,1.0,1.0,0.0,
1.8498517197252362,1.6818955025875626,-0.5936976037678053,0.0,0.0,1.0,0.0,0.0,0.0,1.0,0.0,1.0,
0.8439990128157286,0.8078846544724158,-0.5936976037678053,1.0,0.0,0.0,0.0,0.0,1.0,0.0,0.0,1.0,
0.590156532935283,0.9794036880340256,-0.5936976037678053,1.0,0.0,0.0,0.0,0.0,1.0,0.0,1.0,0.0,
0.025031893378722372,1.1482475516977932,-0.5936976037678053,0.0,0.0,1.0,0.0,0.0,0.0,1.0,1.0,0.0,
3.9013541929703415,2.4467095910920658,-0.5936976037678053,0.7032779792064746,0.0,0.0,0.2967220207935254,0.0,1.0,0.0,1.0,0.0,
0.5031982815841843,1.517120603978588,1.4909479871141198,0.0,1.0,0.0,0.0,0.0,0.0,1.0,1.0,0.0,
-0.5483608032165133,1.5778319855008556,3.0754388910166024,0.0,0.0,0.6772750998903563,0.3227249001096437,1.0,0.0,0.0,1.0,0.0,
2.0011309257507994,1.9986881797473917,-0.5936976037678053,0.0,0.0,0.0,1.0,0.0,0.0,1.0,1.0,0.0,
-0.4565436250112112,2.0415140200846773,4.2322465562339655,0.7761024306453082,0.0,0.0,0.22389756935469185,0.0,1.0,0.0,1.0,0.0,
0.2913249839725931,2.0582818478961085,3.243095745458175,0.0,0.0,0.0,1.0,1.0,0.0,0.0,1.0,0.0,
0.8637620769013036,2.419473306747692,1.8415013554301523,0.0,0.7475682419538687,0.25243175804613127,0.0,0.0,1.0,0.0,1.0,0.0,
1.8809793939026758,1.2396197020184079,0.9098674713689643,0.7500964651036975,0.24990353489630246,0.0,0.0,0.0,1.0,0.0,0.0,1.0,
1.317225410169351,2.0947986723653416,-0.5936976037678053,0.0,0.0,0.0,1.0,0.81422444121231,0.0,0.18577555878769003,1.0,0.0,
1.5730567158381967,2.4595214139320523,1.2107049623431503,0.825353779318628,0.0,0.17464622068137203,0.0,0.0,0.0,1.0,1.0,0.0,
0.9945990281417525,1.0331258432297088,-0.5936976037678053,0.0,0.0,0.0,1.0,0.0,1.0,0.0,1.0,0.0,
2.3271313318243267,2.0236315748695635,-0.5936976037678053,0.0,1.0,0.0,0.0,0.0,1.0,0.0,0.0,1.0,
2.3039204944294194,1.4584358704499307,-0.5936976037678053,0.0,0.0,0.0,1.0,1.0,0.0,0.0,0.0,1.0,
0.686004930681153,1.0836087693223955,-0.5936976037678053,0.0,0.0,1.0,0.0,0.0,1.0,0.0,1.0,0.0,
1.7609264850730684,0.7744311877852921,-0.5936976037678053,0.0,1.0,0.0,0.0,0.0,1.0,0.0,1.0,0.0,
0.7240434058111166,-0.040983983615678454,-0.5936976037678053,0.0,0.0,1.0,0.0,0.0,1.0,0.0,1.0,0.0,
1.557137485991198,1.28162474810832,-0.5936976037678053,0.0,0.0,0.0,1.0,1.0,0.0,0.0,0.0,1.0,
1.0155744638652227,1.6956330959249901,1.716347910865772,0.0,1.0,0.0,0.0,0.0,0.0,1.0,1.0,0.0,
0.9450853018563729,1.9772412183253611,3.248740986751362,0.0,1.0,0.0,0.0,0.0,0.0,1.0,0.21084676502494748,0.7891532349750525,
0.9048510144643911,0.11676914271297856,0.8713334333163812,1.0,0.0,0.0,0.0,0.35814016408691685,0.6418598359130832,0.0,0.0,1.0,
-0.7084156038867618,2.2178605606358395,2.1978350859885927,0.0,0.0,0.0,1.0,0.0,0.6075895902039129,0.3924104097960871,1.0,0.0,
-0.2517747925462691,1.2511623798732403,-0.5936976037678053,1.0,0.0,0.0,0.0,0.0,0.0,1.0,1.0,0.0,
1.7218203649579955,1.09740228487498,-0.5936976037678053,0.0,1.0,0.0,0.0,0.0,1.0,0.0,1.0,0.0,
1.7041547420573548,1.867502633519491,-0.5936976037678053,1.0,0.0,0.0,0.0,0.0,0.0,1.0,0.0,1.0,
1.0713780106282995,1.278238665269971,1.4265049221708503,0.0,1.0,0.0,0.0,0.0,0.0,1.0,1.0,0.0,
0.8959961909489826,1.5632503826465465,-0.5936976037678053,1.0,0.0,0.0,0.0,0.0,0.0,1.0,1.0,0.0,
2.025510039883532,1.196279214856178,-0.5936976037678053,0.0,0.0,1.0,0.0,1.0,0.0,0.0,0.0,1.0,
0.01812321682121565,2.342028867828713,4.971294067606426,0.0,0.0,0.0,1.0,1.0,0.0,0.0,0.5782566321537239,0.4217433678462761,
1.115167132198411,1.3314665471399154,-0.5936976037678053,0.0,0.0,1.0,0.0,0.0,1.0,0.0,1.0,0.0,
-0.9648859834382588,2.3985330552247976,1.4231108656969131,0.0,0.0,0.0,1.0,0.0,0.21585877994204739,0.7841412200579526,0.0,1.0,
2.1687974254779467,1.1491493528832744,-0.5936976037678053,1.0,0.0,0.0,0.0,0.0,0.0,1.0,1.0,0.0,
0.9625165408051334,0.700377016234035,2.229263242218881,0.0,0.0,0.0,1.0,0.0,1.0,0.0,1.0,0.0,
-0.8373705957498842,1.0113580497496146,2.551811979993838,0.0,0.26564351632851524,0.0,0.7343564836714848,0.0,0.0,1.0,1.0,0.0,
-0.31658131163795616,1.418824746664654,-0.5936976037678053,1.0,0.0,0.0,0.0,0.0,0.0,1.0,1.0,0.0,
2.1274947907629755,1.3079845914825843,-0.5936976037678053,0.0,0.0,1.0,0.0,0.0,1.0,0.0,1.0,0.0,
1.8439881348666032,1.779219645068757,-0.5936976037678053,1.0,0.0,0.0,0.0,0.0,0.0,1.0,0.0,1.0,
0.4260563554647071,0.9317209784476679,0.0552007570996898,1.0,0.0,0.0,0.0,0.0,0.0,1.0,1.0,0.0,
-0.5147448184097753,1.4426758382909444,2.959846169195451,0.0,0.0,0.0,1.0,0.0,1.0,0.0,1.0,0.0,
-0.447747080936671,1.2534677202491684,-0.5936976037678053,0.0,1.0,0.0,0.0,0.0,0.0,1.0,1.0,0.0,
0.8667851077863853,2.2165069901960637,-0.5936976037678053,0.0,0.0,0.0,1.0,0.0,1.0,0.0,1.0,0.0,
2.3623002930413586,1.615430997088804,-0.5936976037678053,0.0,0.0,1.0,0.0,0.0,1.0,0.0,1.0,0.0,
1.3324514975285888,1.169405467655137,0.07781331094051955,0.0,1.0,0.0,0.0,0.0,0.0,1.0,1.0,0.0,
1.4898172690729088,1.1215287987049987,-0.36234154809150626,0.0,1.0,0.0,0.0,0.0,0.0,1.0,1.0,0.0,
1.1146456166366614,1.9925805587025014,-0.5936976037678053,1.0,0.0,0.0,0.0,0.0,0.0,1.0,0.0,1.0,
1.1754706102161108,0.953823455029659,-0.5936976037678053,0.0,1.0,0.0,0.0,0.0,1.0,0.0,1.0,0.0,
0.5582948032270308,0.7688738570069106,0.6292280314976575,1.0,0.0,0.0,0.0,0.0,0.0,1.0,1.0,0.0,
1.5524338436562866,2.279633684744377,-0.3503147166213793,0.0,0.0,0.0,1.0,0.0,1.0,0.0,1.0,0.0,
0.7864563424705064,0.7436303725719986,-0.5936976037678053,0.0,1.0,0.0,0.0,0.0,0.0,1.0,1.0,0.0,
2.4718439120979974,1.4361557987086901,-0.5936976037678053,0.0,0.818780810984493,0.0,0.18121918901550704,0.0,0.0,1.0,0.0,1.0,
-0.4633705544336111,1.117528065065444,-0.5936976037678053,0.0,1.0,0.0,0.0,0.0,0.0,1.0,1.0,0.0,
0.3355458716384789,1.204693119759801,2.0000340777436696,0.0,0.0,1.0,0.0,0.617001157729337,0.0,0.38299884227066305,1.0,0.0,
-0.48257117927395504,2.091537617007042,-0.5936976037678053,0.0,1.0,0.0,0.0,0.0,0.0,1.0,1.0,0.0,
1.624031854881861,1.1909287428744968,-0.5936976037678053,1.0,0.0,0.0,0.0,0.0,0.0,1.0,1.0,0.0,
-0.5028905281234888,1.1198163248140616,-0.5936976037678053,1.0,0.0,0.0,0.0,0.0,1.0,0.0,0.0,1.0,
0.8664619014789952,0.0726068330130743,0.855596706988979,1.0,0.0,0.0,0.0,0.2815434869588538,0.7184565130411462,0.0,0.0,1.0,
0.6456015921524971,0.8998332946885474,-0.5936976037678053,0.0,0.0,0.0,1.0,0.0,0.0,1.0,1.0,0.0,
-0.4532922196915323,2.3547679412591735,1.356801906504482,0.0,0.0,1.0,0.0,1.0,0.0,0.0,1.0,0.0,
0.16475134346544767,1.4879612295195541,-0.5936976037678053,0.0,0.0,1.0,0.0,0.0,1.0,0.0,0.0,1.0,
1.2126244568924733,1.6132646542112692,-0.5936976037678053,0.0,0.0,1.0,0.0,1.0,0.0,0.0,1.0,0.0,
0.5444891045389212,0.9970585033493093,-0.5936976037678053,0.0,1.0,0.0,0.0,0.0,1.0,0.0,1.0,0.0,
1.8715403394305674,1.4406407701099135,-0.5936976037678053,0.0,1.0,0.0,0.0,0.0,0.0,1.0,1.0,0.0,
-0.9870872917555679,2.515556347145496,1.595236536891643,0.0,0.0,0.0,1.0,0.0,0.0,1.0,0.2488977350134749,0.7511022649865251,
0.10209348481720953,2.001267977216022,2.9574931940915015,0.0,0.0,0.0,1.0,1.0,0.0,0.0,1.0,0.0,
-0.14544993340114498,2.1226007728501886,-0.5936976037678053,0.0,1.0,0.0,0.0,0.0,1.0,0.0,1.0,0.0,
1.5469378630771808,1.9556527630562088,0.8487896563826921,0.0,0.0,1.0,0.0,1.0,0.0,0.0,1.0,0.0,
1.7714269243416672,1.4772649712336392,-0.5936976037678053,0.0,1.0,0.0,0.0,0.0,0.0,1.0,1.0,0.0,
1.1887544927324902,2.3054500088566865,-0.5936976037678053,0.0,1.0,0.0,0.0,0.0,1.0,0.0,1.0,0.0,
0.43846807415360545,1.0733898783608988,-0.5936976037678053,0.0,1.0,0.0,0.0,0.0,1.0,0.0,1.0,0.0,
-0.28503536640804844,1.842523193477674,3.005854894133353,0.0,0.0,1.0,0.0,0.8288097495985345,0.0,0.17119025040146552,1.0,0.0,
3.7673710662348574,2.4123464377299513,-0.5936976037678053,0.0,0.0,1.0,0.0,0.0,0.0,1.0,1.0,0.0,
1.2523152145408392,0.7201792272118466,-0.5936976037678053,0.0,1.0,0.0,0.0,0.0,1.0,0.0,1.0,0.0,
0.7250732680089943,1.158699378425367,-0.5936976037678053,0.0,0.0,0.0,1.0,0.0,1.0,0.0,1.0,0.0,
-0.8006664188626873,1.192626335849433,2.4117155572968145,0.0,0.0,0.5965388942936558,0.4034611057063442,1.0,0.0,0.0,0.4034611057063442,0.5965388942936558,
0.4340276301354997,1.699068486489556,1.3351661681672566,0.0,0.0,0.6105300009686806,0.3894699990313194,1.0,0.0,0.0,1.0,0.0,
0.8031070361979867,2.249276749057777,4.828506555984171,1.0,0.0,0.0,0.0,0.0,0.0,1.0,0.0,1.0,
1.1887979367381356,0.9280468261155889,-0.5936976037678053,1.0,0.0,0.0,0.0,0.0,0.0,1.0,1.0,0.0,
-0.47749833056372776,0.7687109899215937,1.8212869207546185,0.0,0.8999682694954181,0.0,0.10003173050458192,0.0,0.0,1.0,1.0,0.0,
-0.69269478954418,1.8813173241740817,-0.5936976037678053,0.0,0.0,1.0,0.0,0.0,1.0,0.0,0.0,1.0,
0.10279790593972715,0.9267562990104721,-0.5936976037678053,1.0,0.0,0.0,0.0,0.0,0.0,1.0,1.0,0.0,
-0.0501268126967058,1.1557365858848165,-0.5936976037678053,1.0,0.0,0.0,0.0,0.0,0.0,1.0,1.0,0.0,
0.5435794237937158,1.4142038226265305,-0.5936976037678053,0.0,1.0,0.0,0.0,0.0,1.0,0.0,0.5785831648910961,0.42141683510890393,
0.4412335180246633,2.1663931515306634,2.2570586315698713,0.0,0.0,0.0,1.0,0.6122349120430444,0.38776508795695563,0.0,0.0,1.0,
1.580264554208215,0.5658118012279818,1.686850434664537,1.0,0.0,0.0,0.0,0.0,0.0,1.0,1.0,0.0,
2.366163247907647,1.2459199377396273,3.158561429307641,0.0,0.0,1.0,0.0,0.0,0.0,1.0,0.6597534492615038,0.3402465507384962,
3.323260521014338,1.8157404695427537,-0.5936976037678053,0.0,0.0,0.0,1.0,0.0,0.0,1.0,1.0,0.0,
0.30339185243442096,1.240837102992731,1.6110881651285054,0.0,0.0,1.0,0.0,0.0,0.0,1.0,1.0,0.0,
1.201856572507499,2.3938504584227367,4.624957800097632,0.5496463052858327,0.0,0.0,0.4503536947141673,0.0,0.0,1.0,0.0,1.0,
1.6807768591567331,1.0803478927653603,0.2868152314679552,1.0,0.0,0.0,0.0,0.0,0.0,1.0,1.0,0.0,
3.288929219726012,1.9864989324222346,-0.5936976037678053,0.0,0.9912008352846402,0.0,0.008799164715359797,0.0,1.0,0.0,1.0,0.0,
0.6790209108981193,0.8871835055360213,3.109842619610522,0.0,0.0,0.0,1.0,0.0,1.0,0.0,1.0,0.0,
0.9461187491296181,1.2032142803404116,-0.5936976037678053,0.0,0.0,0.0,1.0,0.0,1.0,0.0,0.34522525346188637,0.6547747465381136,
2.5073479546268613,2.2378609334913038,-0.5936976037678053,0.0,1.0,0.0,0.0,0.0,0.17559750658613626,0.8244024934138637,0.0,1.0,
2.500728084883026,2.095309993687766,2.6545231136698506,0.0,0.7783750689747765,0.0,0.22162493102522351,0.0,1.0,0.0,1.0,0.0,
0.9393025322705835,1.0396185671416394,-0.5936976037678053,0.0,1.0,0.0,0.0,0.0,1.0,0.0,1.0,0.0,
1.3573787109601037,2.4871628751692714,1.3144142143124806,0.3373748171734934,0.6626251828265066,0.0,0.0,0.0,0.0,1.0,1.0,0.0,
1.7218429319761575,2.1462339996931155,-0.5936976037678053,0.0,0.0,1.0,0.0,0.0,1.0,0.0,0.0,1.0,
1.1291605782412073,0.7196197806571127,1.2248288121524769,1.0,0.0,0.0,0.0,0.0,0.0,1.0,1.0,0.0,
0.9363145986262733,0.15296441892461282,0.8842311997592549,1.0,0.0,0.0,0.0,0.4209185356074088,0.5790814643925912,0.0,0.0,1.0,
1.5847541638583706,2.333540354610752,-0.5936976037678053,0.0,1.0,0.0,0.0,0.0,1.0,0.0,1.0,0.0,
1.9347379546770482,1.2035873127638572,-0.5936976037678053,0.0,0.0,1.0,0.0,1.0,0.0,0.0,0.0,1.0,
0.18032857749322273,1.1920396729458556,2.326841442394776,0.0,0.0,1.0,0.0,1.0,0.0,0.0,0.8606347576724059,0.13936524232759406,
-0.6258580501655279,1.603073017071168,2.17242009769436,0.0,0.0,0.0,1.0,1.0,0.0,0.0,1.0,0.0,
1.1821312484251307,1.0466317098714881,-0.5936976037678053,0.0,0.0,0.0,1.0,0.0,0.0,1.0,1.0,0.0,
2.4568427104752875,1.80356048901297,-0.5936976037678053,0.0,0.0,1.0,0.0,0.0,0.0,1.0,1.0,0.0,
0.6945597398109298,1.1010327619345164,-0.5936976037678053,0.0,1.0,0.0,0.0,0.0,1.0,0.0,1.0,0.0,
1.7195674715593159,1.749848990301633,-0.03743552939963579,0.0,0.0,0.0,1.0,0.0,1.0,0.0,1.0,0.0,
1.863871799639574,1.8493769210097375,-0.5936976037678053,0.0,0.08518659631947834,0.9148134036805217,0.0,0.0,1.0,0.0,0.0,1.0,
1.8419675311437738,0.7374324480630299,-0.5936976037678053,0.0,0.0,0.0,1.0,0.0,0.0,1.0,1.0,0.0,
1.577043499719914,1.2497176781132768,-0.5936976037678053,0.0,0.0,0.0,1.0,0.0,0.0,1.0,0.0,1.0,
-0.4177786877642018,1.891057137625166,2.2073636205211606,0.0,0.0,0.0,1.0,0.8240737884859246,0.1759262115140754,0.0,1.0,0.0,
1.2540011526386712,1.0927827916798938,-0.5936976037678053,1.0,0.0,0.0,0.0,0.0,1.0,0.0,1.0,0.0,
0.4469203374327547,1.2393816614326738,-0.5936976037678053,0.0,1.0,0.0,0.0,0.0,1.0,0.0,1.0,0.0,
0.612903573694819,0.19119077289563788,-0.5936976037678053,0.0,0.0,0.0,1.0,0.01936642158790758,0.9806335784120924,0.0,0.0,1.0,
0.892418200609859,2.2213659498243974,-0.5936976037678053,0.03792398404012065,0.0,0.0,0.9620760159598793,0.0,1.0,0.0,1.0,0.0,
2.265075031091143,1.2948370914525293,-0.5936976037678053,0.0,0.0,0.0,1.0,0.0,0.0,1.0,0.0,1.0,
1.495883104638021,0.7012533659635158,-0.5936976037678053,0.0,0.0,0.0,1.0,0.0,0.0,1.0,1.0,0.0,
2.2904625200994513,1.5455451199446433,-0.5936976037678053,0.0,1.0,0.0,0.0,0.0,0.0,1.0,1.0,0.0,
1.150622977184112,0.642184427692701,-0.5936976037678053,0.0,0.0,1.0,0.0,0.0,1.0,0.0,1.0,0.0,
1.201010932147368,1.328117933646575,-0.5936976037678053,1.0,0.0,0.0,0.0,0.0,0.0,1.0,1.0,0.0,
1.477765858564259,1.0043073514681868,-0.5936976037678053,0.0,0.0,0.0,1.0,0.0,0.0,1.0,1.0,0.0,
0.7640456183575663,1.2457343379040224,1.8274889188560488,0.0,0.0,1.0,0.0,1.0,0.0,0.0,1.0,0.0,
1.821098590535191,1.9451581633222879,-0.5936976037678053,0.0,0.0,1.0,0.0,0.0,1.0,0.0,0.0,1.0,
0.9147186634837098,1.379402997972801,-0.5936976037678053,0.0,0.0,0.0,1.0,0.0,1.0,0.0,0.5331802778143484,0.4668197221856516,
2.770548400004038,2.052166911446686,1.9291989179546811,0.0,0.0,0.0,1.0,0.0,0.0,1.0,1.0,0.0,
1.6388169701201343,1.6953979740153025,-0.5936976037678053,0.0,0.0,0.0,1.0,1.0,0.0,0.0,0.0,1.0,
-0.9683088826916363,2.5117846270193778,1.2700148459488045,0.0,0.0,0.0,1.0,0.0,0.0,1.0,0.09768497344650373,0.9023150265534963,
0.11279694004992687,2.131078544389458,4.843504426158268,0.0,0.6923533427687778,0.0,0.3076466572312222,0.0,0.6923533427687778,0.3076466572312222,1.0,0.0,
0.9429154322129462,0.9005231810815081,0.39610931731712123,0.0,1.0,0.0,0.0,0.0,1.0,0.0,0.0,1.0,
1.4573512012658316,1.3841043689279597,-0.5936976037678053,0.0,1.0,0.0,0.0,0.0,1.0,0.0,1.0,0.0,
1.519270499729028,1.7542575383952603,-0.5936976037678053,1.0,0.0,0.0,0.0,0.0,0.0,1.0,0.0,1.0,
1.0993620478280004,1.6056708796975232,1.6741950489665856,0.0,1.0,0.0,0.0,0.0,0.0,1.0,1.0,0.0,
0.6590693659200845,0.16652843385303895,-0.5936976037678053,0.0,0.2698843011239702,0.0,0.7301156988760298,1.0,0.0,0.0,1.0,0.0,
2.0133770617318048,1.4604185910027228,-0.5936976037678053,0.0,1.0,0.0,0.0,0.0,0.0,1.0,1.0,0.0,
0.31151839930819925,2.287479038838071,-0.5936976037678053,0.0,0.0,1.0,0.0,0.0,0.10786795769984514,0.8921320423001549,0.0,1.0,
0.32169634426946164,1.8752998663147538,2.3142660063157883,0.0,0.0,0.0,1.0,0.0,1.0,0.0,0.0,1.0,
-0.23740638842327647,1.6646146978289087,-0.5936976037678053,1.0,0.0,0.0,0.0,0.0,0.0,1.0,0.4518742739469057,0.5481257260530943,
2.5073479546268613,1.2288158987591469,-0.5936976037678053,0.0,0.0,0.6266674679493532,0.37333253205064676,0.0,0.0,1.0,1.0,0.0,
0.1659049476771545,0.8498546193007139,-0.5936976037678053,0.0,0.0,0.0,1.0,0.0,1.0,0.0,1.0,0.0,
3.1099790324839405,1.870264047929384,-0.5936976037678053,0.0,0.0,0.0,1.0,0.0,0.0,1.0,1.0,0.0,
0.7220504966021192,1.7718773642241639,-0.5936976037678053,1.0,0.0,0.0,0.0,0.0,0.0,1.0,1.0,0.0,
1.9328730244252694,1.4500358448163946,-0.5936976037678053,0.0,0.0,1.0,0.0,1.0,0.0,0.0,1.0,0.0,
-0.39925269228606336,1.4029740760292524,-0.5936976037678053,1.0,0.0,0.0,0.0,0.0,0.0,1.0,1.0,0.0,
2.5534956896153727,2.2024691187114724,-0.5936976037678053,0.0,1.0,0.0,0.0,0.0,1.0,0.0,0.20717376581519287,0.7928262341848071,
3.749943262065643,2.5864227825829165,-0.5936976037678053,0.3323067092217731,0.6676932907782269,0.0,0.0,0.0,0.0,1.0,1.0,0.0,
2.411599630562912,2.0859122752435266,-0.5936976037678053,0.0,0.0,0.0,1.0,1.0,0.0,0.0,0.0,1.0,
0.9915865224035237,1.292883715164067,1.9070617815972495,0.0,1.0,0.0,0.0,0.0,0.0,1.0,1.0,0.0,
1.035763440806778,2.0845094135297644,2.4211000658958985,0.0,0.0,0.0,1.0,0.7986724708048385,0.2013275291951615,0.0,0.0,1.0,
-0.5392234516029473,1.0963513999246493,-0.5936976037678053,1.0,0.0,0.0,0.0,0.0,1.0,0.0,0.0,1.0,
1.4432689419684144,2.112767902677101,4.917780541851735,0.0,0.0,0.9932417323285447,0.006758267671455265,0.006758267671455265,0.9932417323285447,0.0,1.0,0.0,
-0.10141994234706186,1.4560321048459544,-0.5936976037678053,1.0,0.0,0.0,0.0,0.0,0.0,1.0,0.8588689565743114,0.1411310434256886,
1.908659130635605,1.3826618445332564,-0.5936976037678053,0.0,1.0,0.0,0.0,0.0,0.0,1.0,1.0,0.0,
1.2750665822931553,1.0427956705716865,-0.5936976037678053,1.0,0.0,0.0,0.0,0.0,0.0,1.0,1.0,0.0,
3.130177376135925,2.344630649967503,3.209658776184009,0.0,0.2961050904590429,0.0,0.7038949095409571,0.0,1.0,0.0,1.0,0.0,
0.8575449716254233,0.6003287100111453,-0.5936976037678053,0.0,0.0,0.0,1.0,0.0,1.0,0.0,1.0,0.0,
0.5834437151869569,1.6642128834750933,-0.5936976037678053,0.0,1.0,0.0,0.0,0.0,1.0,0.0,0.0,1.0,
1.9632754198367808,1.9683910833191514,-0.5936976037678053,0.0,0.0,0.0,1.0,1.0,0.0,0.0,0.0,1.0,
0.21773264631094857,1.1623230884648548,-0.5936976037678053,1.0,0.0,0.0,0.0,0.0,1.0,0.0,0.0,1.0,
0.23291356901962101,2.262203164349547,-0.5936976037678053,0.0,0.0,1.0,0.0,0.0,1.0,0.0,1.0,0.0,
1.0674423732927751,1.8595965681801794,2.0838324718620913,0.0,1.0,0.0,0.0,0.0,0.0,1.0,1.0,0.0,
3.2118765649966483,2.0049071231054305,2.6727571350725365,0.0,0.0,0.0,1.0,0.0,0.33711789167569006,0.6628821083243099,1.0,0.0,
1.824393531388301,1.4286283327594216,1.2847732210278417,0.0,0.0,0.0,1.0,1.0,0.0,0.0,1.0,0.0,
0.9570287115824891,0.7757247636435234,-0.5936976037678053,1.0,0.0,0.0,0.0,0.0,1.0,0.0,1.0,0.0,
1.2015904396525776,2.302684591892821,1.424390559192821,0.0,1.0,0.0,0.0,0.0,0.0,1.0,1.0,0.0,
0.4856799194129678,1.3162239305597738,-0.5936976037678053,0.0,1.0,0.0,0.0,0.0,1.0,0.0,1.0,0.0,
-0.9127579477008543,1.7333002680021843,-0.5936976037678053,0.0,0.0,1.0,0.0,1.0,0.0,0.0,0.39591556988869336,0.6040844301113066,
1.0574924702378052,1.5193233879054615,-0.5936976037678053,0.0,0.0,1.0,0.0,0.0,1.0,0.0,1.0,0.0,
0.6706187313263704,0.6201631978232098,2.141033416219626,1.0,0.0,0.0,0.0,0.12606561937053118,0.8739343806294688,0.0,0.0,1.0,
1.318859961258479,1.0669057148014096,-0.5936976037678053,1.0,0.0,0.0,0.0,0.0,0.0,1.0,1.0,0.0,
1.672039461169791,1.2759615564918092,1.025690953200524,0.0,0.0,1.0,0.0,0.0,1.0,0.0,0.7565670041466387,0.2434329958533613,
2.0214124204123207,1.2011501883409903,-0.5936976037678053,0.0,0.0,1.0,0.0,1.0,0.0,0.0,0.0,1.0,
0.8365181254161224,0.8630085396447351,0.843131587503016,1.0,0.0,0.0,0.0,0.0,0.0,1.0,1.0,0.0,
0.8400630087365981,1.4644340328800078,-0.5936976037678053,0.0,0.0,0.0,1.0,0.0,1.0,0.0,1.0,0.0,
0.4453616349127866,1.423721423231881,-0.5936976037678053,0.0,1.0,0.0,0.0,0.0,0.0,1.0,1.0,0.0,
0.9251380966905187,0.3528986097809037,-0.5936976037678053,0.0,0.0,1.0,0.0,0.0,0.0,1.0,1.0,0.0,
-0.9243393871296193,1.1327649291709891,-0.024868048978463966,0.0,0.0,0.0,1.0,0.0,0.0,1.0,0.8121553471266904,0.18784465287330965,
2.3610235191480795,1.5629328963649798,-0.5936976037678053,0.0,0.0,0.0,1.0,1.0,0.0,0.0,1.0,0.0,
1.7942806220641219,1.4298676161092356,-0.5936976037678053,0.0,1.0,0.0,0.0,0.0,0.0,1.0,1.0,0.0,
0.4820827877513344,0.8919262879812107,0.45268110398897105,0.0,0.0,0.0,1.0,0.11653053580204864,0.8834694641979514,0.0,0.0,1.0,
0.47461163255744787,1.3173985102182915,-0.5936976037678053,0.0,1.0,0.0,0.0,0.0,1.0,0.0,1.0,0.0,
0.9170773207565519,2.2761070305986233,-0.5936976037678053,1.0,0.0,0.0,0.0,0.0,0.0,1.0,1.0,0.0,
3.173114575683721,2.330711705310632,3.2437414081913456,0.0,0.13036416238843895,0.0,0.869635837611561,0.0,1.0,0.0,1.0,0.0,
0.053864321310838625,0.5038630489679323,-0.5936976037678053,0.0,0.0,1.0,0.0,0.0,0.0,1.0,0.0,1.0,
0.5052135244507026,2.3320909093252085,-0.5936976037678053,0.0,0.0,0.4127669784957364,0.5872330215042636,0.0,1.0,0.0,0.0,1.0,
1.0043710907613863,0.7807640526917926,1.0620643171974462,1.0,0.0,0.0,0.0,0.0,0.0,1.0,1.0,0.0,
0.723421664844154,2.059730961059483,2.097239679346555,0.0,0.0,0.0,1.0,1.0,0.0,0.0,0.0,1.0,
0.7500044299255647,0.8045970867708685,2.0101087837484597,0.0,0.0,0.3489448035414098,0.6510551964585902,0.0,1.0,0.0,0.0,1.0,
0.8436329321564371,0.2949526957224119,-0.5936976037678053,1.0,0.0,0.0,0.0,0.0,0.0,1.0,0.1605630849417885,0.8394369150582115,
2.3762224618429766,2.1574943405073914,-0.5936976037678053,0.0,1.0,0.0,0.0,0.0,1.0,0.0,1.0,0.0,
1.2211551535382434,1.142434664277176,-0.5936976037678053,1.0,0.0,0.0,0.0,0.0,0.0,1.0,1.0,0.0,
0.5072989091311684,0.9653673245773692,-0.5936976037678053,0.0,1.0,0.0,0.0,0.0,1.0,0.0,1.0,0.0,
-0.42228640023461694,1.8968189272656681,2.205851757846049,0.0,0.0,0.0,1.0,0.7970914669500857,0.2029085330499143,0.0,1.0,0.0,
1.8872261250824698,1.5995625090718606,-0.5936976037678053,0.0,0.0,0.02715978971281341,0.9728402102871866,1.0,0.0,0.0,0.0,1.0,
0.10601090734122648,2.1080850621037963,-0.5936976037678053,1.0,0.0,0.0,0.0,0.0,0.0,1.0,0.0,1.0,
0.654976076307824,2.299443645812579,1.7666274036248713,0.0,0.0,1.0,0.0,0.2453826371020964,0.7546173628979036,0.0,1.0,0.0,
1.513729650546423,1.4981863149780763,-0.5936976037678053,0.0,0.0,1.0,0.0,1.0,0.0,0.0,1.0,0.0,
1.1184323944639862,0.7434394007399094,0.8603762067476081,1.0,0.0,0.0,0.0,0.0,0.0,1.0,1.0,0.0,
0.580798780129145,0.6119486988193396,0.39344270953476157,0.0,0.0,0.0,1.0,0.0,1.0,0.0,1.0,0.0,
-0.8704299482893543,1.6775384926401156,-0.5936976037678053,0.11458822673989111,0.0,0.8854117732601089,0.0,0.0,1.0,0.0,0.0,1.0,
0.10507284645586736,2.344630649967503,-0.5936976037678053,0.0,0.0,1.0,0.0,0.0,1.0,0.0,0.06935246368163928,0.9306475363183607,
-0.4380887056478687,1.3955280064007525,-0.5936976037678053,1.0,0.0,0.0,0.0,0.0,0.0,1.0,1.0,0.0,
2.2430273491475354,1.6471105195371774,-0.5936976037678053,0.0,1.0,0.0,0.0,0.0,0.0,1.0,1.0,0.0,
2.267206503986457,1.9918320153402707,-0.5936976037678053,0.0,0.0,1.0,0.0,0.0,1.0,0.0,1.0,0.0,
1.239506383207774,1.2363326069880034,1.443421729495969,0.0,1.0,0.0,0.0,0.0,0.0,1.0,1.0,0.0,
2.5293030166096315,2.423397669022119,-0.5936976037678053,0.0,1.0,0.0,0.0,0.0,0.0,1.0,1.0,0.0,
2.515008244919969,1.844149710323305,-0.5936976037678053,0.0,1.0,0.0,0.0,0.0,0.0,1.0,1.0,0.0,
2.502278382316696,2.2352007382277237,-0.5936976037678053,0.0,1.0,0.0,0.0,0.0,1.0,0.0,0.0,1.0,
1.8949511626011444,1.7679181408314992,3.440359301722853,0.0,0.0,1.0,0.0,1.0,0.0,0.0,1.0,0.0,
1.8229005566798842,1.1361053221605664,-0.5936976037678053,0.0,0.0,0.0,1.0,0.0,0.0,1.0,1.0,0.0,
1.4758263171515509,1.1630700230750808,-0.5936976037678053,0.0,0.0,1.0,0.0,0.0,1.0,0.0,1.0,0.0,
1.4925911481291314,1.6734338821820913,-0.5936976037678053,0.0,1.0,0.0,0.0,0.0,1.0,0.0,0.0,1.0,
0.6179813543860382,0.5332588216414202,0.804426671872259,1.0,0.0,0.0,0.0,0.0,0.0,1.0,1.0,0.0,
-0.7225115534071435,1.1800166133524457,-0.5936976037678053,0.0,0.7307031653804765,0.2692968346195235,0.0,0.0,1.0,0.0,1.0,0.0,
1.7657878706622225,1.6924791004968798,-0.5936976037678053,0.0,0.0,1.0,0.0,0.0,1.0,0.0,0.0,1.0,
3.7628298513395837,2.4785808920955565,-0.5936976037678053,0.4545237595693965,0.0,0.0,0.5454762404306035,0.0,1.0,0.0,1.0,0.0,
1.3625997703734654,1.6813325124376242,1.1100469023268371,0.0,0.0,1.0,0.0,1.0,0.0,0.0,1.0,0.0,
1.3815353541279354,0.5234558440183146,1.9178168762948848,0.6425878529695056,0.3574121470304944,0.0,0.0,0.0,0.0,1.0,1.0,0.0,
-0.09894699196556198,1.7997084901173377,2.475343999699597,0.0,0.0,1.0,0.0,0.16047568176572502,0.0,0.839524318234275,1.0,0.0,
1.9413180828003498,1.641767275016386,3.24688614955596,0.0,0.0,1.0,0.0,1.0,0.0,0.0,1.0,0.0,
-0.2309590800873183,1.6482384681301443,1.6733720782723407,0.0,0.0,0.0,1.0,1.0,0.0,0.0,1.0,0.0,
0.4592996406081126,2.229449230247409,-0.5936976037678053,1.0,0.0,0.0,0.0,0.0,0.0,1.0,1.0,0.0,
0.6361575606804141,0.5890697824472555,-0.5936976037678053,0.0,0.0,1.0,0.0,0.0,0.0,1.0,0.46607186484561325,0.5339281351543868,
0.6441580892142394,2.065016974485672,2.055629032840044,0.0,0.0,0.0,1.0,1.0,0.0,0.0,0.0,1.0,
2.028890213254447,2.5157513660854938,-0.5936976037678053,0.0,1.0,0.0,0.0,0.0,1.0,0.0,1.0,0.0,
1.224661922243077,0.2932105248022401,-0.44985573385826094,1.0,0.0,0.0,0.0,0.0,1.0,0.0,0.0,1.0,
1.6170683476482024,0.9616195658008176,-0.5936976037678053,0.0,0.0,0.0,1.0,0.0,0.0,1.0,1.0,0.0,
1.7919336056981825,1.6391930842131708,-0.5936976037678053,0.0,0.0,1.0,0.0,1.0,0.0,0.0,1.0,0.0,
0.5864555875053322,0.9237420679387528,-0.5936976037678053,0.0,0.0,0.0,1.0,0.4943044785450511,0.5056955214549489,0.0,1.0,0.0,
0.210070871900412,1.3984577249998789,2.303633071225956,0.0,0.0,1.0,0.0,0.6781129348680168,0.0,0.3218870651319832,1.0,0.0,
1.7548514230576817,2.5339178136336353,4.246838431462351,0.0,0.03663638403841307,0.0,0.9633636159615869,0.0,0.0,1.0,0.0,1.0,
0.9170945291379246,2.2244346612136376,-0.2954881598066268,1.0,0.0,0.0,0.0,0.0,1.0,0.0,0.0,1.0,
1.4142069528558872,1.1926918222859468,0.8032628680611251,0.0,0.0,0.0,1.0,1.0,0.0,0.0,1.0,0.0,
2.497651726293665,2.286399198761125,-0.5936976037678053,0.0,0.0,1.0,0.0,0.0,0.0,1.0,1.0,0.0,
0.5394035701724132,0.92040397624041,-0.5936976037678053,0.0,0.0,0.0,1.0,0.0,1.0,0.0,1.0,0.0,
0.5986407309832728,1.5471864658287728,-0.5936976037678053,0.0,0.0,1.0,0.0,0.0,0.0,1.0,1.0,0.0,
-0.7425524424601698,1.8235902699385913,-0.5936976037678053,1.0,0.0,0.0,0.0,0.0,0.0,1.0,1.0,0.0,
0.5156348535617128,0.7849135172139389,-0.34246393573336537,0.0,0.0,0.0,1.0,0.0,1.0,0.0,1.0,0.0,
1.8326507874678335,2.0290632659477046,1.2840459491195084,0.0,0.0,0.0,1.0,0.4420839206960919,0.0,0.5579160793039081,1.0,0.0,
0.09638162111354015,1.999547040374128,2.948872415552474,0.0,0.0,0.0,1.0,1.0,0.0,0.0,1.0,0.0,
-4.8133407652639626e-05,0.835782136316086,-0.4336761793377473,0.0,0.0,0.0,1.0,0.0,0.0,1.0,1.0,0.0,
1.077078460536149,1.958424416559728,3.434976181911983,0.0,0.9059982098495112,0.0,0.09400179015048882,0.0,0.0,1.0,0.0,1.0,
0.8024518010593866,0.8495322940002262,-0.5936976037678053,0.0,0.0,0.0,1.0,1.0,0.0,0.0,1.0,0.0,
0.48692943708809017,1.1108657142242584,-0.5936976037678053,0.0,1.0,0.0,0.0,0.0,1.0,0.0,1.0,0.0,
1.0491411053067872,1.7955274099240248,-0.5936976037678053,1.0,0.0,0.0,0.0,0.0,0.0,1.0,1.0,0.0,
2.439846178927941,1.3125278185458802,-0.5936976037678053,0.0,0.0,0.0,1.0,1.0,0.0,0.0,0.39392054347892613,0.6060794565210739,
0.9585654731143114,2.1651276463372935,-0.5936976037678053,0.0,0.0,0.0,1.0,0.0,0.0,1.0,1.0,0.0,
-0.9659168732018273,2.5099501370528388,1.2621927407399152,0.0,0.0,0.0,1.0,0.0,0.0,1.0,0.10484403356784056,0.8951559664321594,
0.6645717424432652,1.1408431449982277,-0.5936976037678053,0.0,0.0,0.0,1.0,0.0,1.0,0.0,1.0,0.0,
1.3698012400163737,0.8953179246702014,-0.5936976037678053,0.0,1.0,0.0,0.0,0.0,1.0,0.0,1.0,0.0,
3.040138951848035,1.9373027344768992,2.1234328205128463,0.0,0.0,0.0,1.0,0.0,0.0,1.0,1.0,0.0,
0.5652052906547306,-0.2636643313810919,0.4860267421382648,0.0,0.8759053544559433,0.0,0.12409464554405669,1.0,0.0,0.0,1.0,0.0,
2.6979275087172097,2.069155345687283,3.9059856329135902,1.0,0.0,0.0,0.0,0.0,0.7888397916774268,0.2111602083225732,1.0,0.0,
-0.003227216795577359,1.1674043312958484,2.3791705300652937,0.0,0.0,1.0,0.0,1.0,0.0,0.0,0.6958251731956078,0.30417482680439223,
0.6037548794345727,1.5350338906778,-0.5936976037678053,0.0,0.0,1.0,0.0,0.0,0.0,1.0,1.0,0.0,
-0.8420413290083127,0.8749663187213228,-0.5936976037678053,0.0,0.0,1.0,0.0,0.0,0.14644846552094481,0.8535515344790552,0.0,1.0,
1.2594443092018353,0.9037280356043973,-0.5936976037678053,0.0,1.0,0.0,0.0,0.0,1.0,0.0,1.0,0.0,
-0.33804814924921994,1.6838595086838326,-0.5936976037678053,1.0,0.0,0.0,0.0,0.0,0.0,1.0,0.4519887607638928,0.5480112392361072,
2.430286792115941,2.1565983365815535,-0.25123940066159783,0.0,1.0,0.0,0.0,0.0,0.0,1.0,0.0,1.0,
2.6804314247217427,2.1133658926083134,3.752608114796687,0.9845520595496764,0.0,0.0,0.015447940450323605,0.0,1.0,0.0,1.0,0.0,
0.7895570337492333,0.13296122423706602,-0.5936976037678053,0.0,1.0,0.0,0.0,0.0,1.0,0.0,1.0,0.0,
0.2823984202758585,1.5225110406874731,-0.5936976037678053,0.0,0.4091215935947442,0.5908784064052558,0.0,0.0,1.0,0.0,0.0,1.0,
1.8920162306993284,1.7311642384930805,1.0877153112497477,0.4389132303665939,0.0,0.5610867696334061,0.0,0.0,1.0,0.0,0.0,1.0,
-0.3675544343933864,2.3527698812550484,0.4817530882569312,0.0,0.0,1.0,0.0,1.0,0.0,0.0,1.0,0.0,
2.064781488646849,1.088120234727743,3.482566927033608,0.07518859869487071,0.0,0.9248114013051293,0.0,0.0,0.0,1.0,1.0,0.0,
2.697745706973012,1.5897474097428783,-0.5936976037678053,0.0,0.0,0.0,1.0,0.0,0.0,1.0,1.0,0.0,
1.3603553537723776,1.1615591514587953,1.185515929552796,0.0,0.0,1.0,0.0,0.9328413090457591,0.06715869095424087,0.0,1.0,0.0,
2.5538944760744324,2.0509954220288913,-0.5936976037678053,0.0,0.0,0.0,1.0,1.0,0.0,0.0,0.0,1.0,
2.3437817725341503,1.160926747887099,0.37862544456530844,0.0,0.0,1.0,0.0,0.0,1.0,0.0,1.0,0.0,
1.0953620792910015,2.2241014773835532,-0.5936976037678053,1.0,0.0,0.0,0.0,0.0,0.0,1.0,1.0,0.0,
2.731838790206005,1.3476748567214543,-0.5936976037678053,0.0,0.0,1.0,0.0,0.0,1.0,0.0,1.0,0.0,
1.46741837031651,1.207420086354979,-0.02052411978115931,0.0,1.0,0.0,0.0,0.0,0.0,1.0,1.0,0.0,
0.08116656844805956,1.5259814497490949,2.5393226834469003,1.0,0.0,0.0,0.0,0.0,1.0,0.0,1.0,0.0,
0.5052135683631991,0.989404726829497,1.121441798636863,0.0,0.0,0.0,1.0,0.0,1.0,0.0,0.0,1.0,
2.1649890412775337,1.4936309264087502,-0.5936976037678053,0.0,0.0,0.0,1.0,1.0,0.0,0.0,0.0,1.0,
0.5545272045628282,0.5629328027965694,-0.5936976037678053,0.0,0.0,1.0,0.0,0.0,1.0,0.0,1.0,0.0,
1.6423336483047237,1.8420699158690026,-0.5936976037678053,0.0,0.0,0.0,1.0,1.0,0.0,0.0,0.0,1.0,
1.738468164849243,1.4928392785127882,-0.5936976037678053,0.0,0.0,1.0,0.0,0.0,1.0,0.0,1.0,0.0,
1.3342912669026823,1.14651438574721,-0.5936976037678053,0.0,0.0,0.0,1.0,0.0,0.0,1.0,1.0,0.0,
1.4960299267998645,2.382507992702106,-0.5936976037678053,0.0,1.0,0.0,0.0,0.0,1.0,0.0,1.0,0.0,
-0.839572996360107,2.1670101284951087,-0.10488807202714434,0.4431605052074431,0.0,0.0,0.5568394947925569,0.0,0.0,1.0,1.0,0.0,
0.5976911290198573,0.4101593066576983,-0.5936976037678053,0.0,0.0,0.0,1.0,1.0,0.0,0.0,1.0,0.0,
0.07579062223222752,0.8203723321553391,-0.5936976037678053,0.0,0.0,0.0,1.0,0.0,1.0,0.0,1.0,0.0,
0.8618253602488704,0.7705847928928882,2.1189696144646724,0.0,0.0,0.0,1.0,0.0,1.0,0.0,0.7808124532686707,0.21918754673132934,
1.5903509411739198,1.249292436492308,-0.5936976037678053,0.0,0.0,0.0,1.0,0.0,0.0,1.0,0.0,1.0,
0.6272747160159209,0.3813421765434277,-0.5936976037678053,0.0,1.0,0.0,0.0,0.0,1.0,0.0,1.0,0.0,
1.217830788921487,1.4030292322704816,2.545586064237932,0.0,0.0,1.0,0.0,1.0,0.0,0.0,1.0,0.0,
0.12015104531815038,1.8477916876145062,3.347191668551121,0.0,0.2443838516740433,0.0,0.7556161483259567,0.0,0.0,1.0,0.0,1.0,
1.023304081193179,1.8257458437822016,1.960467910926218,0.0,1.0,0.0,0.0,0.0,0.0,1.0,1.0,0.0,
2.077630890655104,1.8474386157668523,-0.5936976037678053,1.0,0.0,0.0,0.0,0.0,0.0,1.0,1.0,0.0,
1.355101717771912,2.1052225437678986,4.9022556867661695,0.0,0.07047457058313122,0.9295254294168688,0.0,0.0,1.0,0.0,1.0,0.0,
0.6682909751274956,0.32792543748652203,-0.5936976037678053,0.0,0.0,0.0,1.0,1.0,0.0,0.0,1.0,0.0,
-0.23945742850752583,2.14201634987549,-0.5936976037678053,0.0,0.0,1.0,0.0,0.0,1.0,0.0,0.0,1.0,
3.079348752421857,2.03848117019785,-0.5936976037678053,0.0,1.0,0.0,0.0,0.0,0.4673812188861516,0.5326187811138484,1.0,0.0,
-0.005235600965161347,1.7142248291469364,2.2469475856215215,0.0,0.0,1.0,0.0,0.0,0.0,1.0,1.0,0.0,
0.8367309677127209,1.4251493654898544,-0.5936976037678053,0.0,0.0,0.0,1.0,0.0,1.0,0.0,1.0,0.0,
0.41667858488316056,0.8443628677591581,-0.5936976037678053,0.0,0.0,0.0,1.0,0.0,1.0,0.0,1.0,0.0,
-0.7569679580584973,2.2657353861828033,2.2094666575202115,0.0,0.0,0.0,1.0,0.0,0.4830358956654529,0.5169641043345471,1.0,0.0,
1.277414788959749,1.8727480687457794,-0.5936976037678053,0.0,0.0,0.0,1.0,1.0,0.0,0.0,0.0,1.0,
1.024085587394462,2.197083317261031,-0.19022775409298903,1.0,0.0,0.0,0.0,0.0,1.0,0.0,0.0,1.0,
-0.035930783013662704,0.8476654584782737,-0.41316223228961385,0.0,0.0,0.0,1.0,0.0,0.0,1.0,1.0,0.0,
1.9471965703371512,1.4220102112326323,-0.5936976037678053,0.0,0.0,1.0,0.0,1.0,0.0,0.0,0.9705582846575738,0.029441715342426233,
1.3435367717856752,1.4708524897688418,1.7795412946787756,0.0,1.0,0.0,0.0,0.0,0.0,1.0,1.0,0.0,
-0.6955526842347968,2.035337739235437,4.6357352035956625,0.0,0.0,0.0,1.0,0.9515887793847767,0.0,0.048411220615223294,0.0,1.0,
0.6679360086174458,0.8813229980180228,3.0744853631511226,0.0,0.0,0.0,1.0,0.0,1.0,0.0,1.0,0.0,
1.628616137669988,2.310248362796,-0.5936976037678053,0.0,1.0,0.0,0.0,0.0,1.0,0.0,1.0,0.0,
1.199103956021688,0.4447523999947571,0.7685408437621805,0.5072902612762277,0.0,0.0,0.49270973872377233,1.0,0.0,0.0,0.0,1.0,
1.4032530173611037,0.5634510379926096,0.1017784197694721,0.0,0.0,0.0,1.0,1.0,0.0,0.0,0.0,1.0,
1.4235929872472735,2.49985820790185,1.308862235701649,0.6346344979044279,0.36536550209557206,0.0,0.0,0.0,0.0,1.0,1.0,0.0,
1.054753935441927,1.810268746615305,-0.5936976037678053,1.0,0.0,0.0,0.0,0.0,0.0,1.0,1.0,0.0,
2.6910281846744804,2.101887718847014,-0.5936976037678053,0.0,1.0,0.0,0.0,0.0,1.0,0.0,1.0,0.0,
0.8570763309695394,0.20545628053034976,-0.5936976037678053,0.0,1.0,0.0,0.0,0.0,1.0,0.0,1.0,0.0,
-0.8646164473995525,2.0022534316699887,1.5786513095754928,0.2759198706721202,0.0,0.0,0.7240801293278798,0.0,1.0,0.0,0.0,1.0,
1.3069194408715477,1.2603281095424685,-0.5936976037678053,0.0,0.0,0.0,1.0,0.0,0.22237427376030272,0.7776257262396973,0.0,1.0,
0.014158740666038477,1.1428868405835186,-0.5936976037678053,0.0,0.0,1.0,0.0,0.0,0.0,1.0,1.0,0.0,
0.7572320170916974,2.075508071902229,-0.5936976037678053,0.0,0.0,1.0,0.0,0.0,1.0,0.0,1.0,0.0,
1.586190057056977,2.291678275056729,-0.5936976037678053,1.0,0.0,0.0,0.0,0.0,0.0,1.0,0.0,1.0,
0.3567248674693797,0.6707364747248739,-0.5936976037678053,0.0,0.0,0.0,1.0,0.0,0.0,1.0,1.0,0.0,
-0.9442948728353617,1.1480692740996197,0.10062501235909638,0.0,0.0,0.0,1.0,0.0,0.0,1.0,0.9913300400280499,0.00866995997195008,
2.957224257076599,2.1310482526089847,-0.5936976037678053,0.0,1.0,0.0,0.0,0.0,1.0,0.0,1.0,0.0,
1.9529193114181929,1.42766050277275,-0.5936976037678053,0.0,0.0,1.0,0.0,1.0,0.0,0.0,1.0,0.0,
0.5582948032270308,0.8302369410571886,0.5895580538054475,1.0,0.0,0.0,0.0,0.0,0.0,1.0,1.0,0.0,
0.927742772330427,2.1491520629746077,-0.5936976037678053,0.0,0.0,1.0,0.0,0.0,0.05286156551331578,0.9471384344866842,0.0,1.0,
1.5643937705582347,1.2501219024228203,-0.5936976037678053,0.0,0.0,0.0,1.0,0.0,0.0,1.0,0.0,1.0,
0.5728596976586539,0.8498546193007139,-0.5936976037678053,0.0,0.0,0.0,1.0,0.0,1.0,0.0,1.0,0.0,
1.5835862787464576,1.4630011519803532,-0.5936976037678053,0.0,0.0,1.0,0.0,0.0,0.0,1.0,0.0,1.0,
0.5426656111041656,1.0356691727622378,-0.5936976037678053,0.0,1.0,0.0,0.0,0.0,0.0,1.0,1.0,0.0,
4.2850115126997075,2.564239689135358,-0.5936976037678053,1.0,0.0,0.0,0.0,0.0,1.0,0.0,1.0,0.0,
-0.5110981392380552,2.1159352714474906,4.807649087501678,0.0,0.0,0.0,1.0,0.7469037896476823,0.0,0.25309621035231766,0.25309621035231766,0.7469037896476823,
0.8871426342475802,0.7821962469216586,1.947138979422912,0.0,1.0,0.0,0.0,0.0,0.0,1.0,1.0,0.0,
1.7789996641055155,2.3750773939534717,0.480317187111611,1.0,0.0,0.0,0.0,0.0,0.0,1.0,0.0,1.0,
-0.5947543844454539,1.3654903312703202,-0.5936976037678053,1.0,0.0,0.0,0.0,0.0,0.0,1.0,1.0,0.0,
0.010563625717584872,2.323598939126503,-0.5936976037678053,0.0,0.0,0.8358483446498575,0.16415165535014253,0.0,1.0,0.0,1.0,0.0,
0.3819823521154071,1.6613044645198278,-0.5936976037678053,0.5830599038499287,0.4169400961500713,0.0,0.0,0.0,1.0,0.0,0.0,1.0,
0.19436096168854944,1.914875072659817,-0.5936976037678053,1.0,0.0,0.0,0.0,0.0,0.0,1.0,1.0,0.0,
1.320261834618605,0.4958221229795552,1.7772472145710698,1.0,0.0,0.0,0.0,1.0,0.0,0.0,0.0,1.0,
-0.37553739696321853,1.71695995916807,2.5032527202350696,0.0,0.33936666460733533,0.6606333353926647,0.0,0.0,0.0,1.0,1.0,0.0,
2.660408217565149,1.4389795137057804,-0.5936976037678053,0.0,0.0,1.0,0.0,0.0,1.0,0.0,1.0,0.0,
2.104232510318485,1.1026992548717007,-0.5936976037678053,0.0,0.0,1.0,0.0,1.0,0.0,0.0,0.0,1.0,
-0.178455229990188,1.3516986114599172,-0.5936976037678053,1.0,0.0,0.0,0.0,0.0,1.0,0.0,1.0,0.0,
1.4589468608559248,1.0151319100527183,-0.5936976037678053,0.0,0.0,0.0,1.0,0.0,0.0,1.0,1.0,0.0,
3.0072062319207813,1.8984873719913784,-0.5936976037678053,0.0,0.011913132609524424,0.0,0.9880868673904756,0.0,0.0,1.0,1.0,0.0,
1.5815047531414084,1.8920113015402198,-0.5936976037678053,0.0,0.0,0.0,1.0,1.0,0.0,0.0,0.0,1.0,
1.6509639296452956,1.3808121422172106,-0.5936976037678053,0.0,0.0,1.0,0.0,0.0,0.18923126925183043,0.8107687307481696,0.0,1.0,
2.681825429062633,2.1040499358330016,-0.5936976037678053,0.0,1.0,0.0,0.0,0.0,1.0,0.0,0.7832920822177293,0.21670791778227072,
1.6168184345222258,0.6732756804527964,1.4988641340417665,1.0,0.0,0.0,0.0,0.0,0.0,1.0,1.0,0.0,
-0.30552203867017214,2.2221258654981706,4.565633748601458,0.7511936883141449,0.2488063116858551,0.0,0.0,0.0,1.0,0.0,1.0,0.0,
1.6767326287763806,1.4331722248668508,-0.5936976037678053,0.0,1.0,0.0,0.0,0.0,0.0,1.0,1.0,0.0,
2.4148563368960247,2.1893271029519763,-0.5936976037678053,0.0,1.0,0.0,0.0,0.0,1.0,0.0,0.0,1.0,
0.7816036772350312,0.8337854826552102,-0.5936976037678053,0.0,0.0,0.0,1.0,0.7525137827394054,0.2474862172605946,0.0,1.0,0.0,
2.0854818818413214,1.1128146338550895,-0.5936976037678053,0.0,0.0,0.0,1.0,1.0,0.0,0.0,0.0,1.0,
2.8039938978809715,2.41334765319679,4.81574252915141,0.0,0.8909996790942718,0.0,0.1090003209057282,0.0,1.0,0.0,0.8909996790942718,0.1090003209057282,
-0.2961435652534322,1.8450789374345848,3.037522753679484,0.0,0.0,1.0,0.0,0.8687047067277643,0.0,0.13129529327223566,1.0,0.0,
1.0116893774143418,0.7055811494457719,-0.5936976037678053,0.0,0.0,0.0,1.0,0.0,1.0,0.0,1.0,0.0,
2.680285285657536,2.079763294447337,-0.5936976037678053,0.0,1.0,0.0,0.0,0.0,1.0,0.0,1.0,0.0,
2.006162858552619,1.5388317049682978,3.3125841973432824,0.0,0.0,1.0,0.0,0.8088210096870316,0.0,0.19117899031296837,1.0,0.0,
2.064921970012454,1.4849255357341533,-0.5936976037678053,0.0,0.0,1.0,0.0,1.0,0.0,0.0,1.0,0.0,
3.1232611908662324,2.042844152797358,-0.5936976037678053,0.0,0.0,0.0,1.0,0.0,0.22891371085012024,0.7710862891498798,1.0,0.0,
2.4144617720772863,1.5931549131695857,2.531195426132915,0.0,0.0,0.0,1.0,0.0,0.0,1.0,1.0,0.0,
3.865104935272652,2.2150605212332852,2.1866890309306073,0.0,0.9438032741213682,0.0,0.05619672587863178,0.0,0.9438032741213682,0.05619672587863178,1.0,0.0,
0.16730318949320175,1.4458841712924664,-0.5936976037678053,0.0,0.0,1.0,0.0,0.0,1.0,0.0,0.0,1.0,
-0.4109943013690413,1.613533642318058,-0.5936976037678053,0.0,0.0,1.0,0.0,0.0,1.0,0.0,0.0,1.0,
-0.6084727660800376,1.0544640183347762,2.9438888542533523,0.0,0.0,0.0,1.0,0.0,0.6095688774400084,0.3904311225599916,1.0,0.0,
1.2606445498524748,2.4426822400757984,-0.5936976037678053,0.0,1.0,0.0,0.0,0.0,1.0,0.0,1.0,0.0,
1.3545430098263251,1.2952174542627817,-0.5936976037678053,0.0,1.0,0.0,0.0,0.0,1.0,0.0,1.0,0.0,
2.089301820514908,1.9368751487725866,-0.5936976037678053,0.0,0.0,0.0,1.0,0.0,0.0,1.0,1.0,0.0,
1.709343474597802,1.9102963766689642,4.05477536199304,0.0,0.0,1.0,0.0,0.5837355608441629,0.4162644391558371,0.0,1.0,0.0,
-0.3791838715166695,2.3839860199598384,0.8405945865084585,0.0,0.0,1.0,0.0,1.0,0.0,0.0,1.0,0.0,
-0.8195812999847806,0.8553399369779392,-0.5936976037678053,0.0,1.0,0.0,0.0,0.0,0.0,1.0,1.0,0.0,
0.46018846734060737,2.2822896309892253,4.126247909521196,0.0,0.0,0.0,1.0,1.0,0.0,0.0,1.0,0.0,
0.6462770842139438,0.6690261628837936,-0.5936976037678053,0.0,1.0,0.0,0.0,0.0,1.0,0.0,1.0,0.0,
-0.5713387035375426,2.1872265954359653,-0.5936976037678053,0.0,0.0,1.0,0.0,0.6142661504219129,0.3857338495780871,0.0,0.0,1.0,
0.5837741503444722,0.8498546193007139,-0.5936976037678053,0.0,0.0,0.0,1.0,0.0,1.0,0.0,1.0,0.0,
3.2164490627362685,2.000929189507751,-0.5936976037678053,0.0,1.0,0.0,0.0,0.0,0.8190912536174894,0.18090874638251064,1.0,0.0,
-0.5319438754526368,1.3775330561248236,-0.5936976037678053,1.0,0.0,0.0,0.0,0.0,0.0,1.0,1.0,0.0,
-0.4479321671587022,2.1369274602675206,4.839427381753148,0.0,0.0,0.0,1.0,0.6712838569232711,0.0,0.3287161430767289,0.3287161430767289,0.6712838569232711,
2.443420435986661,1.3417602327516542,-0.5936976037678053,0.0,0.0,0.0,1.0,1.0,0.0,0.0,1.0,0.0,
1.226440005241749,1.2414085079962205,1.3301732893650717,0.0,0.0,1.0,0.0,1.0,0.0,0.0,1.0,0.0,
-0.631356314621207,2.066175569683702,2.5121186667839304,0.0,0.0,1.0,0.0,1.0,0.0,0.0,1.0,0.0,
-0.39354450616022435,2.048166694124778,2.617967760029512,0.0,0.7907405165104298,0.0,0.20925948348957024,0.0,1.0,0.0,0.0,1.0,
1.30772265479875,1.1894604821134855,1.234757107250355,0.0,0.0,1.0,0.0,1.0,0.0,0.0,1.0,0.0,
-0.9008256401666878,2.1528859173572177,1.5054719368390082,0.0,0.0,0.0,1.0,0.0,0.5993119818031118,0.40068801819688815,0.0,1.0,
1.4724364278089654,1.3023077190848866,-0.5936976037678053,0.0,0.0,1.0,0.0,0.0,1.0,0.0,1.0,0.0,
1.630657609249936,1.6113459791294933,-0.5936976037678053,0.0,0.0,1.0,0.0,0.7431120162909349,0.0,0.25688798370906507,0.0,1.0,
2.6717402030564767,2.0086302079065703,-0.5936976037678053,0.9898007476532862,0.0,0.010199252346713816,0.0,0.0,0.0,1.0,0.0,1.0,
0.2523684600120256,1.2399029093643534,-0.5936976037678053,0.0,1.0,0.0,0.0,0.0,0.0,1.0,1.0,0.0,
-0.8470448909514129,1.0734859094548421,-0.5109460674732097,0.0,0.0,0.0,1.0,0.0,0.0,1.0,0.11814980800266872,0.8818501919973313,
-0.8338860192014194,0.9602210291545352,-0.5936976037678053,0.0,0.0,0.3019729824373234,0.6980270175626766,0.0,0.0,1.0,0.0,1.0,
0.7290253639529676,2.257657300907532,-0.5936976037678053,1.0,0.0,0.0,0.0,0.0,0.0,1.0,1.0,0.0,
0.7119417765616101,1.8444463378456037,-0.5936976037678053,0.0,0.0,1.0,0.0,0.0,1.0,0.0,1.0,0.0,
1.6545757752820056,0.9686101312125678,0.9203160817423589,1.0,0.0,0.0,0.0,0.0,0.0,1.0,1.0,0.0,
0.12777423931663662,1.3286884008713389,-0.5936976037678053,0.0,1.0,0.0,0.0,0.0,1.0,0.0,1.0,0.0,
1.9935407654925732,1.6698225698250626,-0.5936976037678053,0.0,0.0,0.0,1.0,1.0,0.0,0.0,0.0,1.0,
-0.5718206282445412,1.98789118515185,4.334866943173522,0.0,0.0,0.0,1.0,0.729397714120669,0.0,0.270602285879331,0.0,1.0,
1.0456492211613613,2.013574639024149,-0.5936976037678053,0.5503272925574927,0.0,0.4496727074425073,0.0,0.0,0.0,1.0,0.0,1.0,
1.3597981213536425,0.91882914498683,-0.5936976037678053,0.0,0.0,0.0,1.0,0.0,1.0,0.0,1.0,0.0,
1.0995596915406858,1.1965090647937064,-0.5936976037678053,0.0,0.0,1.0,0.0,0.0,0.0,1.0,0.0,1.0,
2.2252774033397538,1.0702580368876693,0.3052117228298128,0.0,0.0,1.0,0.0,0.0,1.0,0.0,1.0,0.0,
2.759306869750427,2.1660966693982515,2.577751277459556,0.0,1.0,0.0,0.0,0.0,1.0,0.0,1.0,0.0,
1.5844089016908847,2.3726005396633694,-0.5936976037678053,1.0,0.0,0.0,0.0,0.0,0.0,1.0,0.0,1.0,
0.3108346414049984,0.9333485502457167,-0.5936976037678053,1.0,0.0,0.0,0.0,0.0,1.0,0.0,0.0,1.0,
0.593520387723335,0.4746216031502887,-0.5936976037678053,0.0,0.0,1.0,0.0,0.0,0.0,1.0,0.2108537430914713,0.7891462569085287,
2.4304349646531618,1.6690929521612063,-0.5936976037678053,0.0,0.0,0.8729465985152687,0.12705340148473132,1.0,0.0,0.0,1.0,0.0,
1.2004802629144833,0.44686344612268236,0.7803117961857192,0.532005206178182,0.0,0.0,0.46799479382181797,1.0,0.0,0.0,0.0,1.0,
0.6096828569509039,1.5150620089708504,-0.5936976037678053,0.0,0.0,1.0,0.0,0.0,1.0,0.0,1.0,0.0,
3.3828181381080844,2.3746116600538203,-0.5936976037678053,0.0,0.0,0.0,1.0,0.0,0.7468001150447945,0.2531998849552055,1.0,0.0,
1.6260151759239545,1.691626817246032,1.0990617225572197,1.0,0.0,0.0,0.0,0.0,0.0,1.0,1.0,0.0,
2.0841728841880873,1.5858608112296124,-0.5936976037678053,0.0,0.0,0.0,1.0,1.0,0.0,0.0,0.0,1.0,
0.8304643817308215,0.8323454731627515,-0.5936976037678053,0.0,0.0,0.0,1.0,1.0,0.0,0.0,1.0,0.0,
2.648065311567807,1.456333981457112,-0.5936976037678053,0.0,0.0,1.0,0.0,0.0,1.0,0.0,1.0,0.0,
1.5057456487981367,0.5585081531009116,-0.5936976037678053,0.0,0.0,0.0,1.0,0.0,0.0,1.0,1.0,0.0,
0.48596613755880946,1.3814933346813898,-0.5936976037678053,0.0,1.0,0.0,0.0,0.0,0.0,1.0,1.0,0.0,
-0.28455657259595757,2.2805688200817835,-0.5936976037678053,0.0,1.0,0.0,0.0,0.0,1.0,0.0,1.0,0.0,
2.5073479546268613,1.1706964554972148,-0.5936976037678053,0.0,0.0,0.0,1.0,0.993763601872752,0.0,0.006236398127247966,1.0,0.0,
1.7924227121956167,1.4546740869822978,-0.5936976037678053,0.0,0.5945392424358742,0.4054607575641258,0.0,0.0,1.0,0.0,0.0,1.0,
1.4698912053346804,1.1540791021559478,2.545865616228548,0.0,0.0,0.0,1.0,0.0,0.3561588195607617,0.6438411804392383,1.0,0.0,
3.8040468861617005,2.5891541031177097,-0.5936976037678053,0.0,0.616558425301786,0.38344157469821405,0.0,0.0,0.0,1.0,1.0,0.0,
0.5473398178467497,1.7425194159964155,1.3517930504068845,0.0,0.0,0.7377047834728602,0.26229521652713983,1.0,0.0,0.0,1.0,0.0,
-0.38486590971396206,2.0062709131075835,3.039951930077552,0.0,0.0,0.0,1.0,0.0,0.0,1.0,0.28119639159243537,0.7188036084075646,
0.8815742873301696,0.7062236294324766,-0.5936976037678053,0.0,1.0,0.0,0.0,0.0,0.0,1.0,1.0,0.0,
1.1319818615002837,0.33655780266428825,-0.23248074280031855,0.0,0.0,1.0,0.0,0.0,1.0,0.0,1.0,0.0,
1.7541440274536073,2.5498998429173088,4.298360550123871,0.027663809938480166,0.0,0.0,0.9723361900615198,0.0,0.0,1.0,0.0,1.0,
2.5392438352111313,2.213399210761919,-0.5936976037678053,0.0,1.0,0.0,0.0,0.0,1.0,0.0,0.14319206990938949,0.8568079300906105,
0.7644474585341543,1.6153758531708238,-0.5936976037678053,0.0,0.0,0.0,1.0,0.0,1.0,0.0,1.0,0.0,
1.0172097413929004,1.0128560140029557,1.9994461069286347,0.0,1.0,0.0,0.0,0.0,0.0,1.0,1.0,0.0,
-0.9446519540210927,1.3816030645902946,2.7182268536046443,0.0,0.7472680857759323,0.0,0.2527319142240677,0.0,0.0,1.0,1.0,0.0,
-0.176225818986541,1.8897839625888722,-0.5936976037678053,0.0,1.0,0.0,0.0,0.0,1.0,0.0,1.0,0.0,
1.887997150446405,1.7731909164660469,-0.5936976037678053,0.0,0.3400274653883568,0.6599725346116432,0.0,0.0,1.0,0.0,0.0,1.0,
2.2261831790525473,2.2007334145774506,-0.5936976037678053,0.0,1.0,0.0,0.0,0.0,1.0,0.0,1.0,0.0,
1.3140950104233897,2.0081627952233276,-0.5936976037678053,0.0,0.0,0.0,1.0,1.0,0.0,0.0,1.0,0.0,
-0.7040003973541844,0.7881392440257946,-0.5936976037678053,0.0,0.0,1.0,0.0,0.0,0.0,1.0,0.777470975481649,0.222529024518351,
1.4837179698119158,1.0255380857777103,-0.5936976037678053,0.0,0.0,0.0,1.0,0.0,0.0,1.0,1.0,0.0,
-0.27153007291451614,1.701133757762097,1.8135272085179723,0.0,0.0,0.0,1.0,1.0,0.0,0.0,1.0,0.0,
-0.08363307181814492,2.070451040960709,-0.5936976037678053,0.0,1.0,0.0,0.0,0.0,1.0,0.0,1.0,0.0,
3.3868624918583863,2.24904407134742,-0.5936976037678053,0.0,0.0,1.0,0.0,1.0,0.0,0.0,0.4206172735210073,0.5793827264789927,
0.885431361562926,0.5894539761637748,2.250193692388751,0.0,0.0,0.6963620392902049,0.3036379607097951,0.0,1.0,0.0,0.0,1.0,
0.5762270479721425,0.7311551091701751,-0.5936976037678053,0.0,0.0,0.0,1.0,1.0,0.0,0.0,1.0,0.0,
0.9127754395329551,2.1154787578212924,-0.5936976037678053,0.07311276881255291,0.0,0.9268872311874471,0.0,0.0,0.0,1.0,0.0,1.0,
-0.6605908045057133,2.1121673186017795,1.4571270430517425,0.0,0.0,0.0,1.0,0.0,1.0,0.0,0.38899224669639765,0.6110077533036024,
-0.0768255785354156,1.0648684646417292,1.5778479656982671,0.0,1.0,0.0,0.0,0.0,0.0,1.0,1.0,0.0,
1.1606082911236264,1.0611834185822266,-0.5936976037678053,1.0,0.0,0.0,0.0,0.0,1.0,0.0,1.0,0.0,
0.9674707275994607,2.1951714720726905,-0.5936976037678053,1.0,0.0,0.0,0.0,0.0,0.0,1.0,1.0,0.0,
-0.38662776369658497,1.048115502614413,-0.5936976037678053,1.0,0.0,0.0,0.0,0.0,0.0,1.0,1.0,0.0,
2.079185904778205,1.239395975475487,-0.5936976037678053,0.0,0.0,0.0,1.0,0.0,0.0,1.0,0.0,1.0,
0.6060369437020006,1.2393033349958817,-0.5936976037678053,0.0,1.0,0.0,0.0,0.0,1.0,0.0,1.0,0.0,
-0.16072666792898935,1.4829843935200053,1.316913621828042,0.0,0.0,0.0,1.0,1.0,0.0,0.0,1.0,0.0,
0.49292832226747707,1.3549260088008004,-0.5936976037678053,0.0,1.0,0.0,0.0,0.0,0.0,1.0,1.0,0.0,
1.301486779429379,1.3514722525145924,-0.5936976037678053,0.0,0.0,1.0,0.0,0.0,1.0,0.0,1.0,0.0,
1.6967055333388699,1.1487685056361163,0.8274615138421381,0.5925209260687063,0.4074790739312937,0.0,0.0,0.0,1.0,0.0,0.0,1.0,
2.9025417750782054,2.1541923962846545,-0.5936976037678053,0.0,0.0,1.0,0.0,1.0,0.0,0.0,1.0,0.0,
-0.8391782848225833,1.9144622903887618,1.5893160893213043,0.047517764358478876,0.0,0.0,0.9524822356415211,0.0,1.0,0.0,0.0,1.0,
0.13110524537385454,1.1704560883787203,-0.5936976037678053,0.0,0.0,1.0,0.0,0.16438512358609791,0.0,0.8356148764139021,1.0,0.0,
0.5519333159987083,2.242367278982111,-0.5936976037678053,0.0,1.0,0.0,0.0,0.0,1.0,0.0,1.0,0.0,
2.354988857192835,1.7356598218177226,-0.5936976037678053,0.0,1.0,0.0,0.0,0.0,0.0,1.0,1.0,0.0,
1.4637791656378252,1.2491542711306083,0.5719767340896161,0.0,1.0,0.0,0.0,0.0,0.0,1.0,1.0,0.0,
1.0181357554657926,0.6106433793575212,-0.5936976037678053,0.0,0.0,1.0,0.0,0.0,1.0,0.0,1.0,0.0,
1.9029326632137082,2.5524412197141557,4.4439008391861705,0.0,0.0,0.2682812783820856,0.7317187216179144,0.0,0.0,1.0,0.0,1.0,
0.6230937715587287,1.0062110012273244,1.785121527143768,0.0,0.0,0.023374774125620057,0.9766252258743799,0.0,1.0,0.0,0.0,1.0,
-0.04485766745731079,2.043871812361819,-0.5936976037678053,0.0,1.0,0.0,0.0,0.0,1.0,0.0,1.0,0.0,
1.0018476238633622,2.15020761001587,1.3324702261869692,0.0,1.0,0.0,0.0,0.0,0.0,1.0,1.0,0.0,
1.8850158552283962,1.5349254410518665,-0.5936976037678053,1.0,0.0,0.0,0.0,0.0,0.0,1.0,1.0,0.0,
2.4616799576830912,1.2380675958786596,-0.5936976037678053,0.0,0.0,0.0,1.0,0.0,0.0,1.0,1.0,0.0,
1.8917595077832674,2.5529767799204137,4.428676959141565,0.0,0.0,0.24320112344989686,0.7567988765501031,0.0,0.0,1.0,0.0,1.0,
1.3621381508121864,1.334029125815166,-0.5936976037678053,0.0,0.0,1.0,0.0,0.0,1.0,0.0,1.0,0.0,
2.6600373278247385,2.478133928014742,4.5820668424854585,0.0,0.0,0.0,1.0,0.0,0.7496147554442624,0.25038524455573763,0.0,1.0,
2.0011153864399716,1.054557665182913,3.404916164754203,0.0,0.0,1.0,0.0,0.04531983230313219,0.0,0.9546801676968678,1.0,0.0,
0.37168044477077805,2.2165069901960637,-0.5936976037678053,0.0,0.0,0.0,1.0,0.0,1.0,0.0,1.0,0.0,
1.8522926054073057,1.9338473079408058,-0.5936976037678053,1.0,0.0,0.0,0.0,0.0,0.0,1.0,1.0,0.0,
2.152817481720867,2.1839359397175597,-0.5936976037678053,0.0,0.0,1.0,0.0,0.0,0.0,1.0,1.0,0.0,
2.6215095552185512,1.4173372574700693,-0.5936976037678053,0.0,0.0,0.0,1.0,0.0,0.17500829978558485,0.8249917002144151,0.0,1.0,
0.5084564334448772,1.7399446070852784,1.8921132265149514,0.0,1.0,0.0,0.0,0.0,0.0,1.0,1.0,0.0,
4.007949238003274,2.5154522971609476,-0.5936976037678053,0.0,0.0,1.0,0.0,0.0,0.0,1.0,1.0,0.0,
0.28117851927113435,0.8498546193007139,-0.5936976037678053,0.0,0.0,0.0,1.0,0.0,1.0,0.0,1.0,0.0,
2.1464297494446187,2.3077440937039713,-0.5936976037678053,0.0,0.0,1.0,0.0,0.0,0.0,1.0,0.9021068083611885,0.0978931916388115,
4.183499593721307,2.4919485951718974,-0.5936976037678053,1.0,0.0,0.0,0.0,0.0,1.0,0.0,1.0,0.0,
2.294830884149637,1.6019215713777835,-0.5936976037678053,0.0,0.0,0.0,1.0,0.0,0.0,1.0,1.0,0.0,
1.929848773545854,0.966328837273646,-0.5936976037678053,0.0,0.0,0.0,1.0,1.0,0.0,0.0,0.0,1.0,
0.165126985356998,1.2298266548333685,-0.5936976037678053,0.0,0.0,1.0,0.0,0.0,0.0,1.0,1.0,0.0,
1.216432276292244,1.5590940701901896,-0.5936976037678053,0.0,0.0,1.0,0.0,1.0,0.0,0.0,1.0,0.0,
0.7810437348155829,0.16652843385303895,-0.5936976037678053,0.0,1.0,0.0,0.0,0.2896553615454791,0.0,0.7103446384545209,1.0,0.0,
0.6139820361241689,0.16652843385303895,-0.5936976037678053,0.30930716527076885,0.0,0.0,0.6906928347292312,1.0,0.0,0.0,1.0,0.0,
0.7810437348155829,0.26584980849841156,-0.5936976037678053,1.0,0.0,0.0,0.0,0.0,0.0,1.0,0.4418659922444167,0.5581340077555833,
0.7854283257418492,1.0306063541714128,-0.5936976037678053,0.0,0.0,0.0,1.0,0.0,1.0,0.0,1.0,0.0,
-0.33381001785791226,2.2565567780674765,-0.5936976037678053,0.0,0.0,1.0,0.0,1.0,0.0,0.0,1.0,0.0,
1.4405971332580239,1.6393217636306743,-0.5936976037678053,0.0,1.0,0.0,0.0,0.0,1.0,0.0,0.15611112046584963,0.8438888795341504,
2.653224114080631,1.893454558194057,-0.5936976037678053,0.0,0.0,1.0,0.0,1.0,0.0,0.0,1.0,0.0,
-0.6754598495335226,2.1853646906137754,2.1899399546262233,0.0,0.0,0.0,1.0,0.0,0.6921325754210429,0.3078674245789571,1.0,0.0,
-0.1645963213528866,1.8025444663039307,4.228203029324804,0.0,1.0,0.0,0.0,0.0,1.0,0.0,1.0,0.0,
3.2194070288287704,2.1546185211998794,-0.5936976037678053,0.0,0.0,0.6203555929645964,0.3796444070354036,1.0,0.0,0.0,0.0,1.0,
-0.5126742973889444,2.045940066337128,2.190395215395162,0.0548670995658368,0.0,0.0,0.9451329004341632,0.0,1.0,0.0,1.0,0.0,
-0.8520830070378609,1.0773497626085289,-0.47926311971712315,0.0,0.0,0.0,1.0,0.0,0.0,1.0,0.16338563517829896,0.836614364821701,
0.5369930878208257,1.5380544174449817,1.5310550241579959,0.0,1.0,0.0,0.0,0.0,0.0,1.0,1.0,0.0,
0.00018237543082991192,1.805936067455415,1.5573395159847625,0.0,0.0,1.0,0.0,0.0,0.0,1.0,0.3308590003283528,0.6691409996716472,
2.06156827102365,1.351388609675917,-0.2009801609790558,0.0,0.0,0.0,1.0,1.0,0.0,0.0,1.0,0.0,
1.4095062367459952,0.9352703924816733,-0.5936976037678053,0.0,1.0,0.0,0.0,0.0,1.0,0.0,1.0,0.0,
4.217588180521928,2.6212655045409265,-0.5936976037678053,0.7477371667346566,0.0,0.2522628332653434,0.0,0.0,0.0,1.0,1.0,0.0,
2.7025441929891616,1.914253095583268,-0.5936976037678053,0.0,1.0,0.0,0.0,0.0,0.0,1.0,1.0,0.0,
1.5379344142680373,2.399460200911606,-0.5936976037678053,0.0,0.0,0.0,1.0,0.0,1.0,0.0,1.0,0.0,
0.45904962889139656,1.9779367444350218,3.1525722926720934,0.0,1.0,0.0,0.0,0.0,0.42531256554992924,0.5746874344500708,0.0,1.0,
2.4084694867860303,1.2100801679487003,-0.5936976037678053,0.0,0.0,0.0,1.0,0.0,0.0,1.0,1.0,0.0,
0.7810437348155829,0.17894035238455713,-0.5936976037678053,0.0,0.70937642851461,0.29062357148539,0.0,0.0,0.0,1.0,1.0,0.0,
1.823895232428234,0.7881905206639925,1.8588441974818455,0.0,1.0,0.0,0.0,0.0,0.0,1.0,0.34633616620635344,0.6536638337936466,
1.2491070592758111,2.1862214930613275,-0.5936976037678053,0.0,0.0,0.0,1.0,0.2026089294543113,0.0,0.7973910705456887,1.0,0.0,
1.1210137607972546,0.5428608007529583,-0.5936976037678053,0.0,0.0,0.0,1.0,0.0,0.0,1.0,1.0,0.0,
1.3491091837196934,0.9873235343913443,-0.5936976037678053,0.0,1.0,0.0,0.0,0.0,0.0,1.0,1.0,0.0,
0.5589548354321845,2.119275307356583,-0.5936976037678053,1.0,0.0,0.0,0.0,0.0,0.0,1.0,1.0,0.0,
1.5540063950077998,1.0952090328033475,-0.5936976037678053,1.0,0.0,0.0,0.0,0.0,1.0,0.0,1.0,0.0,
-0.8753444615668343,1.4329973645483753,0.1512513843275899,0.0,0.0,0.0,1.0,0.0,0.0,1.0,1.0,0.0,
1.0115709595908884,0.4226173604653065,-0.5936976037678053,1.0,0.0,0.0,0.0,0.0,1.0,0.0,1.0,0.0,
1.2380834033650006,0.9364333145221037,-0.5936976037678053,1.0,0.0,0.0,0.0,0.0,0.0,1.0,1.0,0.0,
0.5431264676689949,1.2278606571166548,1.9011587104726413,0.0,0.0,0.0,1.0,0.0,1.0,0.0,0.0,1.0,
-0.5155442357500283,0.6436048738046496,-0.5936976037678053,0.0,0.0,1.0,0.0,0.0,0.0,1.0,0.0,1.0,
1.7078725434926956,1.3775758869503443,-0.5936976037678053,0.0,0.0,1.0,0.0,0.21449011116002814,0.0,0.7855098888399719,0.0,1.0,
-0.09807981357241274,2.436523041547246,1.4653923614360824,0.0,0.0,1.0,0.0,0.3483507633874041,0.0,0.6516492366125959,1.0,0.0,
0.44566514512076305,0.8506247291894034,-0.5936976037678053,1.0,0.0,0.0,0.0,0.0,1.0,0.0,0.0,1.0,
1.163523487345959,1.108715123605276,1.3969998380931634,0.0,0.9561187405191488,0.0,0.0438812594808512,0.0,1.0,0.0,1.0,0.0,
1.3626129420667563,0.4998821341342166,2.127028967153015,1.0,0.0,0.0,0.0,1.0,0.0,0.0,0.0,1.0,
0.14819128731046913,1.3409953150912304,-0.5936976037678053,0.0,1.0,0.0,0.0,0.0,1.0,0.0,1.0,0.0,
1.9490688894765837,0.9101723329886121,-0.5936976037678053,0.0,0.0,0.42496266044243425,0.5750373395575658,1.0,0.0,0.0,0.0,1.0,
-0.6913359030808905,1.956934026264824,1.7349664779762273,0.0,0.0,0.0,1.0,0.0,1.0,0.0,0.0,1.0,
1.6407039691927374,2.135143266538949,-0.5936976037678053,1.0,0.0,0.0,0.0,0.0,0.0,1.0,0.0,1.0,
1.1264875184815397,0.5045784744091322,-0.5936976037678053,1.0,0.0,0.0,0.0,0.0,1.0,0.0,0.0,1.0,
0.6314877155491457,0.7579375872371615,-0.5936976037678053,1.0,0.0,0.0,0.0,0.0,1.0,0.0,1.0,0.0,
0.7892250471874599,2.192400620603178,2.9873675039550966,0.0,1.0,0.0,0.0,0.0,0.0,1.0,0.7706169190091054,0.22938308099089455,
2.810153868525264,2.01053630407399,-0.5936976037678053,0.0,1.0,0.0,0.0,0.0,0.0,1.0,1.0,0.0,
0.4469203374327547,0.9533531284574622,-0.5936976037678053,0.0,1.0,0.0,0.0,0.0,1.0,0.0,1.0,0.0,
-0.5863436131971065,0.7826236701559829,2.0524923864871574,0.0,0.5742045442191922,0.0,0.4257954557808078,0.0,0.0,1.0,1.0,0.0,
-0.36279110011537286,1.9720442476450786,2.2927306202713056,0.2471183949780782,0.0,0.0,0.7528816050219218,0.0,1.0,0.0,1.0,0.0,
-0.6464229356285703,2.011213821222725,1.9750669469855466,0.0,0.0,0.0,1.0,0.0,1.0,0.0,0.6732713184694209,0.3267286815305791,
-0.366015224516417,1.2683543138961655,-0.5936976037678053,1.0,0.0,0.0,0.0,0.0,0.0,1.0,1.0,0.0,
2.020810783234313,1.4334737401470403,-0.3668607152247408,0.0,1.0,0.0,0.0,0.0,0.0,1.0,1.0,0.0,
-0.5649539137205979,1.063969902504496,-0.5936976037678053,0.0,1.0,0.0,0.0,0.0,1.0,0.0,1.0,0.0,
0.1016426371064536,1.228115237992444,-0.5936976037678053,0.0,0.0,1.0,0.0,0.0,0.0,1.0,1.0,0.0,
0.1947050941337619,2.314302800155308,5.081299492362924,0.105061467955617,0.0,0.0,0.894938532044383,0.0,0.0,1.0,0.894938532044383,0.105061467955617,
2.6197353376672026,1.4813275348042585,-0.5936976037678053,0.0,0.0,0.0,1.0,0.5535345113265874,0.4464654886734126,0.0,0.0,1.0,
1.4708430690237164,1.2068139802307043,1.4873059247785887,0.0,1.0,0.0,0.0,0.0,0.0,1.0,1.0,0.0,
1.4911335891220372,2.319943874286073,-0.5936976037678053,0.0,1.0,0.0,0.0,0.0,1.0,0.0,1.0,0.0,
3.4437906618114087,2.428326222686818,-0.5936976037678053,0.0,0.5919443428416914,0.4080556571583086,0.0,0.0,0.0,1.0,1.0,0.0,
0.2807640547281278,1.3435992604618194,-0.5936976037678053,1.0,0.0,0.0,0.0,0.0,1.0,0.0,0.0,1.0,
1.186171679791161,1.9515091448392614,-0.5936976037678053,0.0,0.0,0.0,1.0,0.0,1.0,0.0,1.0,0.0,
0.751918211883204,0.10230936220023285,-0.43251661529329277,0.0,1.0,0.0,0.0,1.0,0.0,0.0,1.0,0.0,
0.8793143756895262,0.4303098983908178,-0.5936976037678053,0.0,1.0,0.0,0.0,1.0,0.0,0.0,1.0,0.0,
-0.7172711002145007,2.1609028182011474,-0.5936976037678053,0.0,0.0,1.0,0.0,1.0,0.0,0.0,0.42450875918950537,0.5754912408104946,
-0.7770183305278929,1.1906123919215361,-0.5936976037678053,0.0,0.0,1.0,0.0,0.9788020392651069,0.021197960734893107,0.0,1.0,0.0,
1.8847928541870203,2.2831240935589396,-0.5936976037678053,0.0,1.0,0.0,0.0,0.0,1.0,0.0,1.0,0.0,
1.1286176422316672,0.6748865251652573,-0.5936976037678053,0.0,0.0,1.0,0.0,0.0,1.0,0.0,1.0,0.0,
1.3152060826646945,0.5291080132976294,1.966017589918483,0.5102429927915101,0.4897570072084899,0.0,0.0,0.0,0.0,1.0,1.0,0.0,
0.54784508552783,1.08479929683212,-0.5936976037678053,0.0,1.0,0.0,0.0,0.0,0.0,1.0,1.0,0.0,
0.8162819839891869,0.7677297465618683,-0.5936976037678053,0.0,0.0,0.0,1.0,1.0,0.0,0.0,1.0,0.0,
0.5146013168473317,2.232506136099452,-0.5936976037678053,0.0,0.0,1.0,0.0,0.0,0.0,1.0,0.0,1.0,
-0.5487336424167513,1.9790382010731604,4.278728368502583,0.0,0.0,0.0,1.0,0.6879394037922769,0.0,0.3120605962077231,0.0,1.0,
1.6814977316016373,2.260938196198632,-0.5936976037678053,1.0,0.0,0.0,0.0,0.0,0.0,1.0,0.0,1.0,
-0.04889102179588534,1.4966048977566988,-0.5936976037678053,0.0,0.0,1.0,0.0,0.0,1.0,0.0,0.0,1.0,
0.8811388184857272,1.7512316281840596,1.939480670146866,0.0,1.0,0.0,0.0,0.0,0.0,1.0,1.0,0.0,
1.672039461169791,1.1289897133732465,-0.5936976037678053,0.0,0.0,0.0,1.0,0.0,1.0,0.0,1.0,0.0,
1.4448610766063323,1.660577552373976,-0.5936976037678053,0.0,1.0,0.0,0.0,0.0,1.0,0.0,0.07954162461417913,0.9204583753858209,
-0.6468539472319905,0.7903581434187245,2.1810263902003926,0.0,0.39310278807502974,0.0,0.6068972119249703,0.0,0.0,1.0,1.0,0.0,
0.5863645515561617,0.4954026597987031,-0.5936976037678053,0.0,0.0,1.0,0.0,0.0,0.0,1.0,1.0,0.0,
0.67306255255432,0.16652843385303895,-0.45640595503847303,1.0,0.0,0.0,0.0,1.0,0.0,0.0,1.0,0.0,
0.344744196779439,2.2165069901960637,-0.5936976037678053,0.0,0.0,0.0,1.0,0.0,1.0,0.0,1.0,0.0,
1.4175185171084825,0.6677647152101338,1.010738630026773,1.0,0.0,0.0,0.0,0.7982672897515518,0.2017327102484482,0.0,0.0,1.0,
1.8112244383039369,2.222143798051039,1.2553008170575959,0.0,0.0,0.0,1.0,0.24970275854107715,0.0,0.7502972414589228,1.0,0.0,
-0.9459640617510262,2.4524795465254225,2.2434845819480596,0.0,0.0,0.0,1.0,0.0,0.0,1.0,0.9873655644440006,0.012634435555999413,
2.571121175961165,2.1260876101209263,-0.5936976037678053,0.0,1.0,0.0,0.0,0.0,1.0,0.0,1.0,0.0,
0.02699171222034291,1.8426883913935586,3.347191668551121,0.0,0.1647218090809519,0.0,0.8352781909190481,0.0,0.0,1.0,0.0,1.0,
1.6046328505629617,2.0004695702440802,-0.5936976037678053,0.0,0.0,0.0,1.0,0.0,1.0,0.0,1.0,0.0,
1.115167132198411,1.2858818504905298,-0.5936976037678053,0.0,0.0,1.0,0.0,0.0,1.0,0.0,1.0,0.0,
1.3805395724213376,1.802387515515044,-0.5936976037678053,1.0,0.0,0.0,0.0,0.0,0.0,1.0,1.0,0.0,
-0.35268557482289464,1.2168233258941925,-0.5936976037678053,1.0,0.0,0.0,0.0,0.0,1.0,0.0,0.0,1.0,
1.6909808043690755,1.7117115568095826,-0.5936976037678053,1.0,0.0,0.0,0.0,0.0,0.0,1.0,0.0,1.0,
-0.38413377099167556,2.3972727119079122,0.9933302111974203,0.0,0.0,1.0,0.0,1.0,0.0,0.0,1.0,0.0,
2.1529502314866154,1.5299328717931489,-0.5936976037678053,0.0,0.0,1.0,0.0,1.0,0.0,0.0,1.0,0.0,
0.7126721452232269,0.8332262762185216,-0.5936976037678053,0.0,1.0,0.0,0.0,0.0,0.0,1.0,1.0,0.0,
2.2568427880707773,1.6163210479809906,-0.5936976037678053,0.0,1.0,0.0,0.0,0.0,0.0,1.0,1.0,0.0,
0.8893633755116559,1.7033729323621623,1.34975580389168,0.0,0.0,1.0,0.0,1.0,0.0,0.0,1.0,0.0,
0.6139820361241689,0.16652843385303895,-0.5936976037678053,0.8754912203985644,0.0,0.0,0.12450877960143558,1.0,0.0,0.0,1.0,0.0,
1.2125641136781615,0.5081915265768764,1.4438780895386258,1.0,0.0,0.0,0.0,0.0,0.0,1.0,1.0,0.0,
3.6582468595526167,2.5679164167346147,-0.5936976037678053,0.24564184553625779,0.7543581544637422,0.0,0.0,0.0,0.0,1.0,1.0,0.0,
1.7186613382458786,0.9726811994194973,0.9751147933089198,1.0,0.0,0.0,0.0,0.0,0.0,1.0,1.0,0.0,
0.5013306156487021,1.9779411360166652,-0.5936976037678053,1.0,0.0,0.0,0.0,0.0,1.0,0.0,0.0,1.0,
0.9044544153722855,2.3274876161028764,-0.5936976037678053,1.0,0.0,0.0,0.0,0.0,1.0,0.0,1.0,0.0,
-0.14342397676265228,0.552280703479529,-0.5936976037678053,0.0,0.0,1.0,0.0,0.0,0.0,1.0,0.0,1.0,
0.6139820361241689,0.16652843385303895,-0.5936976037678053,0.7462004548083198,0.0,0.0,0.25379954519168024,1.0,0.0,0.0,1.0,0.0,
0.19467510016570444,0.76758339679429,-0.5936976037678053,0.0,0.0,0.0,1.0,0.0,0.0,1.0,0.9235160968287093,0.07648390317129072,
1.0467881256776632,0.2771715886461825,-0.5936976037678053,1.0,0.0,0.0,0.0,0.0,0.5302320299299459,0.4697679700700541,0.0,1.0,
2.279176819860446,1.3347576868322055,3.7727632296810447,0.3501879375528385,0.0,0.6498120624471615,0.0,0.0,0.0,1.0,1.0,0.0,
1.1458891746462825,0.8292365208586044,-0.5936976037678053,0.0,1.0,0.0,0.0,0.0,0.0,1.0,0.24138514087355423,0.7586148591264458,
1.7767013755623227,1.5680067229205663,-0.5936976037678053,0.0,0.0,1.0,0.0,0.0,0.0,1.0,0.0,1.0,
-0.20017201698665765,1.1579142534243567,-0.5936976037678053,0.0,0.0,1.0,0.0,0.0,1.0,0.0,1.0,0.0,
2.707027469492507,2.129392225052227,3.728396221275784,0.9163239438831986,0.0,0.0,0.0836760561168014,0.0,1.0,0.0,1.0,0.0,
2.1729245432887625,1.1632375275999878,-0.5936976037678053,0.0,0.0,0.0,1.0,0.0,0.0,1.0,0.6648708393907523,0.3351291606092477,
2.967257699042132,1.7445665469386396,2.385520226150864,0.0,0.0,0.0,1.0,0.0,0.0,1.0,1.0,0.0,
1.4517360001327222,1.2201459272972497,-0.5936976037678053,1.0,0.0,0.0,0.0,0.0,1.0,0.0,1.0,0.0,
2.4233508060968547,1.5418484557404506,-0.42595270224067305,0.0,1.0,0.0,0.0,0.0,0.0,1.0,0.0,1.0,
-0.3563084393748397,1.0517864122425267,-0.5936976037678053,1.0,0.0,0.0,0.0,0.0,0.0,1.0,1.0,0.0,
1.0672664318500305,0.5247079129951202,0.7442180963050604,0.0,0.0,1.0,0.0,0.0,1.0,0.0,1.0,0.0,
1.882074119016437,0.9742739294002805,-0.5936976037678053,0.0,1.0,0.0,0.0,0.0,1.0,0.0,1.0,0.0,
1.056812998976857,1.7876384776910859,-0.5936976037678053,1.0,0.0,0.0,0.0,0.0,0.0,1.0,1.0,0.0,
0.5359378764408147,0.998240932612339,1.3043514439574613,0.0,0.0,0.0,1.0,0.0,1.0,0.0,0.0,1.0,
0.520937015304599,0.9152564536101205,-0.5936976037678053,0.0,1.0,0.0,0.0,0.0,1.0,0.0,1.0,0.0,
0.5544456284162754,1.049083209430191,-0.5936976037678053,0.0,1.0,0.0,0.0,0.0,1.0,0.0,1.0,0.0,
1.568137129735086,2.0015269371208917,-0.5936976037678053,0.0,0.0,1.0,0.0,1.0,0.0,0.0,1.0,0.0,
2.603305829669258,2.074906296650392,-0.5936976037678053,0.0,0.753834637671428,0.0,0.246165362328572,0.0,1.0,0.0,0.0,1.0,
0.4443732210154096,1.3310863261170378,-0.5936976037678053,0.0,1.0,0.0,0.0,0.0,0.0,1.0,1.0,0.0,
0.21879381964402256,1.6874699756476932,2.7081440176710245,1.0,0.0,0.0,0.0,0.0,1.0,0.0,1.0,0.0,
1.4586187586061117,1.380350769413938,-0.5936976037678053,0.0,0.0,1.0,0.0,0.0,1.0,0.0,1.0,0.0,
1.1226388096490272,1.9120553825189783,1.9782938892374478,0.0,0.0,0.0,1.0,1.0,0.0,0.0,0.5257395154971356,0.4742604845028644,
1.6433381594881662,1.3720395606911004,-0.5936976037678053,0.0,0.0,1.0,0.0,0.0,0.25770091445053644,0.7422990855494636,0.0,1.0,
0.937255606428605,0.6118199408057134,-0.5936976037678053,0.0,0.0,1.0,0.0,0.0,0.0,1.0,1.0,0.0,
2.192645585680757,1.2732351324633306,-0.5936976037678053,0.0,0.0,0.0,1.0,0.0,0.0,1.0,0.0,1.0,
-0.40342029001294977,1.2753916494868243,3.1792378900568137,0.1330816457359807,0.0,0.0,0.8669183542640193,0.0,1.0,0.0,1.0,0.0,
1.674705159379603,1.4131939222605687,-0.5936976037678053,0.0,1.0,0.0,0.0,0.0,0.0,1.0,1.0,0.0,
3.023400718564261,2.3837625403364338,3.8721285111850148,0.0,0.0,0.0,1.0,0.0,1.0,0.0,0.6334926076379147,0.3665073923620853,
-0.6921213418056019,0.7961442534871589,2.277181857774886,0.0,0.25762172051679033,0.0,0.7423782794832097,0.0,0.0,1.0,1.0,0.0,
0.7234211337638254,2.257071207303961,-0.5936976037678053,1.0,0.0,0.0,0.0,0.0,0.0,1.0,1.0,0.0,
2.3970113392913146,2.5181153717751696,-0.5936976037678053,0.0,0.0,1.0,0.0,0.0,0.0,1.0,0.9378762177770772,0.06212378222292281,
2.0240084843551616,1.887227838519352,1.0455620535716863,1.0,0.0,0.0,0.0,0.0,0.46409234172402036,0.5359076582759796,0.0,1.0,
0.010623509266937725,2.067204380431631,-0.5936976037678053,1.0,0.0,0.0,0.0,0.0,0.0,1.0,0.0,1.0,
0.5257583932508638,0.6471122371268698,0.47296639057725137,0.0,0.0,0.0,1.0,0.0,1.0,0.0,0.8052431512966577,0.1947568487033423,
2.427616694388086,1.7882974644417415,-0.5936976037678053,0.0,1.0,0.0,0.0,0.0,0.0,1.0,1.0,0.0,
-0.154631575562501,1.6222311275169556,-0.5936976037678053,0.0,1.0,0.0,0.0,0.0,0.0,1.0,1.0,0.0,
1.4709799141706834,2.469891533488909,4.465810706489428,0.29529022281556405,0.0,0.0,0.704709777184436,0.0,0.0,1.0,0.0,1.0,
0.4937893766050232,1.3724935876503317,-0.5936976037678053,0.0,1.0,0.0,0.0,0.0,0.0,1.0,1.0,0.0,
1.731486287297986,0.932487036401717,-0.5936976037678053,0.0,0.0,0.0,1.0,1.0,0.0,0.0,0.0,1.0,
0.5896803212932984,0.6353122566248534,-0.5936976037678053,1.0,0.0,0.0,0.0,0.0,1.0,0.0,1.0,0.0,
0.5149726110500734,1.2099925744181534,-0.5936976037678053,0.0,0.0,1.0,0.0,0.0,1.0,0.0,1.0,0.0,
0.857435861640393,2.242332400551319,4.773841762760484,1.0,0.0,0.0,0.0,0.0,0.0,1.0,0.0,1.0,
3.5328997684631718,2.116335108984592,-0.5936976037678053,0.3154487514870339,0.6845512485129661,0.0,0.0,0.0,1.0,0.0,1.0,0.0,
1.5663006041410776,1.2515139376116937,-0.5936976037678053,0.0,1.0,0.0,0.0,0.0,0.0,1.0,1.0,0.0,
1.4718547109494229,1.190408401380692,-0.08822470465110754,0.0,1.0,0.0,0.0,0.0,0.0,1.0,1.0,0.0,
2.7725528644238913,2.0724561399896104,-0.5936976037678053,0.0,1.0,0.0,0.0,0.0,0.7458664760323087,0.2541335239676913,1.0,0.0,
2.8136255201463825,2.16445877104194,-0.5936976037678053,0.0,1.0,0.0,0.0,0.0,0.0,1.0,1.0,0.0,
0.753202998043546,1.1167770700798594,-0.5936976037678053,0.0,0.0,0.0,1.0,0.0,1.0,0.0,1.0,0.0,
1.2033329593907884,0.8425707481215974,-0.5936976037678053,0.0,1.0,0.0,0.0,0.0,0.0,1.0,1.0,0.0,
-0.01617969668388472,0.8721004057475436,-0.5936976037678053,0.0,0.0,0.0,1.0,0.0,1.0,0.0,1.0,0.0,
-0.6639420152246316,0.755617843586067,-0.5936976037678053,0.0,0.0,1.0,0.0,0.0,0.0,1.0,0.0,1.0,
0.5414597729208215,1.1239757029816013,-0.5936976037678053,0.0,1.0,0.0,0.0,0.0,0.0,1.0,1.0,0.0,
2.5016475785097247,1.1805466901757886,-0.5936976037678053,0.0,0.0,0.0,1.0,1.0,0.0,0.0,1.0,0.0,
-0.5469806828447057,2.0865150257380263,2.1147943686238464,0.0,0.0,0.0,1.0,0.0,1.0,0.0,1.0,0.0,
0.7960116596826512,1.8307011029045035,1.4017736388681372,0.0,0.0,0.9328036064625611,0.06719639353743889,1.0,0.0,0.0,1.0,0.0,
3.5151275399792663,2.2195332004870156,-0.5936976037678053,0.0,0.0,1.0,0.0,1.0,0.0,0.0,0.19028611600451995,0.80971388399548,
1.200457932614825,1.380527802869102,-0.5936976037678053,0.0,0.0,1.0,0.0,0.0,1.0,0.0,1.0,0.0,
0.7203065882898834,1.8408500380737975,-0.5936976037678053,1.0,0.0,0.0,0.0,0.0,0.0,1.0,1.0,0.0,
-0.8323147317842198,1.378280439120955,-0.5936976037678053,0.0,0.0,0.028216295467615726,0.9717837045323843,1.0,0.0,0.0,1.0,0.0,
0.736233338680088,0.574169662213047,-0.5936976037678053,1.0,0.0,0.0,0.0,1.0,0.0,0.0,0.045512993258537304,0.9544870067414627,
2.0714874293455634,1.932339562850875,-0.5936976037678053,0.0,0.0,0.0,1.0,0.0,0.0,1.0,1.0,0.0,
0.5325463220142977,2.5478672307223187,5.158831850872046,0.0,0.0,0.0,1.0,1.0,0.0,0.0,0.9798966634734719,0.02010333652652807,
-0.9178747638559187,0.9276577311139784,2.7586715774367048,0.0,0.0,0.0,1.0,0.6270556565884596,0.0,0.37294434341154037,1.0,0.0,
1.433812398061911,0.6998055359320767,2.3913454522043684,0.0,0.0,1.0,0.0,0.0,1.0,0.0,0.367716781991409,0.632283218008591,
1.1785453220955797,1.2975778188856746,1.5837281619978762,0.0,0.0,1.0,0.0,1.0,0.0,0.0,1.0,0.0,
1.5915297195936984,2.0348425865286766,-0.5936976037678053,0.0,0.0,1.0,0.0,0.5542513537204223,0.44574864627957766,0.0,0.0,1.0,
2.5350055231904696,2.198973625930122,-0.5936976037678053,0.16555301891605623,0.8344469810839438,0.0,0.0,0.0,0.0,1.0,0.0,1.0,
2.020418545693836,1.1615681607264288,1.2706013596077568,0.0,0.0,1.0,0.0,0.0,1.0,0.0,1.0,0.0,
0.8340804954070858,1.4643759817009303,-0.5936976037678053,0.0,0.0,0.0,1.0,0.0,1.0,0.0,1.0,0.0,
-0.40255518418522923,0.9931474435758236,-0.5936976037678053,1.0,0.0,0.0,0.0,0.0,0.0,1.0,1.0,0.0,
2.5325905424578403,2.500985588170269,4.801878040008861,0.0,0.0,0.5805159852796398,0.41948401472036023,0.0,0.41948401472036023,0.5805159852796398,0.0,1.0,
-0.6035196228581002,1.338981186106456,-0.5936976037678053,1.0,0.0,0.0,0.0,0.0,0.0,1.0,1.0,0.0,
-0.18264478388262528,1.2881263198813846,-0.5936976037678053,0.0,1.0,0.0,0.0,0.0,1.0,0.0,1.0,0.0,
1.2792873170878436,1.4423029330276451,2.7948729307159947,0.0,0.0,1.0,0.0,1.0,0.0,0.0,1.0,0.0,
1.4835423925160651,1.210087792679619,1.5112147972085934,0.0,1.0,0.0,0.0,0.0,0.0,1.0,1.0,0.0,
-0.10546635450971155,0.7494616949796743,-0.5936976037678053,0.0,0.0,0.0,1.0,0.0,1.0,0.0,1.0,0.0,
1.27466210602394,1.16609319970132,-0.5936976037678053,1.0,0.0,0.0,0.0,0.0,1.0,0.0,1.0,0.0,
1.5554089073741588,0.9422725307321833,0.9457200998089212,0.0,0.0,1.0,0.0,0.0,1.0,0.0,1.0,0.0,
0.9001786936092275,0.11139416880562225,0.8694181237691277,1.0,0.0,0.0,0.0,0.3488176186007049,0.6511823813992951,0.0,0.0,1.0,
0.948105433506997,1.771027585391637,1.7506354647847246,0.0,1.0,0.0,0.0,0.0,0.004610240451886183,0.9953897595481138,1.0,0.0,
1.0962099240700947,1.129577113884532,-0.5936976037678053,0.0,0.0,1.0,0.0,0.0,1.0,0.0,1.0,0.0,
-0.41351017485602976,2.065544343010865,-0.5936976037678053,0.0,0.0,1.0,0.0,1.0,0.0,0.0,1.0,0.0,
1.6967863957504576,0.921809121117301,-0.5936976037678053,0.0,0.0,0.0,1.0,0.0,1.0,0.0,1.0,0.0,
1.6354342765809173,1.942337375759644,-0.5936976037678053,1.0,0.0,0.0,0.0,0.0,0.0,1.0,0.0,1.0,
0.6860934300403803,1.7869683108437615,1.345708009854517,0.0,1.0,0.0,0.0,0.0,0.0,1.0,1.0,0.0,
1.5338112508457988,1.3308497531548684,-0.5936976037678053,0.0,0.0,0.5035551126078801,0.4964448873921199,0.0,0.0,1.0,0.0,1.0,
0.48891820482745274,1.5539405282146028,-0.5936976037678053,0.0,1.0,0.0,0.0,0.0,1.0,0.0,0.2513913585439702,0.7486086414560298,
2.000589114607105,2.49766403486469,-0.5936976037678053,0.0,1.0,0.0,0.0,0.0,1.0,0.0,1.0,0.0,
2.4869263702648143,1.2132337387167564,-0.5936976037678053,0.0,0.0,0.0,1.0,1.0,0.0,0.0,0.8166403383719177,0.18335966162808226,
-0.9970006866416989,2.5186536968952224,1.3886613511037065,0.07087856669813797,0.0,0.0,0.929121433301862,0.0,0.07087856669813797,0.929121433301862,0.0,1.0,
2.1695906321778713,2.2813672389120425,-0.5936976037678053,0.0,0.0,1.0,0.0,0.0,0.0,1.0,1.0,0.0,
0.9823345318999992,0.700377016234035,2.2369326825806883,0.0,0.0,0.0,1.0,0.0,1.0,0.0,1.0,0.0,
2.186207845335165,2.480459384018729,-0.5936976037678053,0.0,1.0,0.0,0.0,0.0,1.0,0.0,1.0,0.0,
1.8538737271859738,1.946503394871935,-0.5936976037678053,0.0,0.0,0.0,1.0,1.0,0.0,0.0,0.0,1.0,
3.7477007587511304,2.286410359160725,4.825915359329136,0.04035789654039601,0.959642103459604,0.0,0.0,0.0,0.0,1.0,1.0,0.0,
0.6055925808311168,1.2181404078733133,-0.5936976037678053,0.0,1.0,0.0,0.0,0.0,1.0,0.0,1.0,0.0,
1.7543401270593015,2.310560018979732,0.9674990126816377,0.3602987060618902,0.0,0.6397012939381098,0.0,0.0,0.0,1.0,1.0,0.0,
0.39127800158518056,1.21049708202955,2.2223606380564624,0.0,0.0,1.0,0.0,1.0,0.0,0.0,1.0,0.0,
0.9674224969608995,2.1569300012221535,-0.5936976037678053,0.0,0.0,0.0,1.0,0.0,1.0,0.0,1.0,0.0,
0.5556004396474052,1.2514461854693786,-0.5936976037678053,1.0,0.0,0.0,0.0,0.0,1.0,0.0,0.0,1.0,
2.540027058579366,1.3394610271724272,1.9841471914337947,0.0,0.0,1.0,0.0,0.0,1.0,0.0,1.0,0.0,
2.0423868868295014,1.816539266802974,-0.5936976037678053,1.0,0.0,0.0,0.0,0.0,0.0,1.0,0.0,1.0,
-0.12430588850662555,1.0260270792725674,1.600142464845464,0.0,1.0,0.0,0.0,0.0,0.0,1.0,1.0,0.0,
0.8503943346886564,2.1186351453979944,-0.5936976037678053,1.0,0.0,0.0,0.0,0.0,0.0,1.0,0.0,1.0,
2.482844903257949,1.890209246308929,-0.5936976037678053,0.0,1.0,0.0,0.0,0.0,0.0,1.0,0.0,1.0,
1.9017041870465006,1.691668846647506,-0.5936976037678053,0.0,0.0,0.0,1.0,1.0,0.0,0.0,0.0,1.0,
2.134892287593261,1.025305953668469,-0.5936976037678053,0.0,0.0,0.0,1.0,0.0,0.0,1.0,1.0,0.0,
2.1833358798856657,1.3604776724949053,-0.5936976037678053,0.0,0.0,0.0,1.0,0.0,0.0,1.0,1.0,0.0,
0.7190937739949204,0.16652843385303895,-0.5936976037678053,0.0,0.629179151739067,0.0,0.370820848260933,1.0,0.0,0.0,1.0,0.0,
0.056678749849779164,0.9037639857503541,-0.5936976037678053,0.0,0.0,0.0,1.0,0.0,1.0,0.0,1.0,0.0,
-0.01741633120085051,1.7329082227519281,2.2720433183035365,0.0,0.0,1.0,0.0,0.0,0.0,1.0,1.0,0.0,
1.6303714366368196,1.661976136571309,1.0917563897325764,1.0,0.0,0.0,0.0,0.0,0.0,1.0,1.0,0.0,
-0.9460833625084534,1.3856673245689595,-0.5936976037678053,1.0,0.0,0.0,0.0,0.0,1.0,0.0,1.0,0.0,
1.8019168241615935,1.625794433488703,-0.5936976037678053,0.0,0.0,1.0,0.0,1.0,0.0,0.0,1.0,0.0,
0.645436355188386,0.6615037827958788,-0.5936976037678053,0.0,1.0,0.0,0.0,0.0,1.0,0.0,1.0,0.0,
0.9941363534390955,0.15588279745290423,0.31923121609970356,0.9783246705244003,0.02167532947559969,0.0,0.0,1.0,0.0,0.0,1.0,0.0,
-0.8341710632487471,2.4179222438291186,-0.5936976037678053,0.6432227614744737,0.35677723852552634,0.0,0.0,0.0,1.0,0.0,1.0,0.0,
0.5059940987220211,1.0012070863052138,-0.5936976037678053,0.0,1.0,0.0,0.0,0.0,1.0,0.0,1.0,0.0,
-0.26828365977515867,1.899120148658846,-0.5936976037678053,0.0,0.0,1.0,0.0,0.0,1.0,0.0,1.0,0.0,
-0.6520592058955421,1.7140425706785183,-0.5936976037678053,1.0,0.0,0.0,0.0,0.0,0.0,1.0,1.0,0.0,
0.9700638372804364,0.5771035043357136,2.4109451913445703,1.0,0.0,0.0,0.0,0.462144791354151,0.537855208645849,0.0,0.0,1.0,
2.446446628478012,2.1736392197661596,-0.3230533772838822,0.0,1.0,0.0,0.0,0.0,0.0,1.0,0.0,1.0,
0.5635350768640629,0.9209638152706833,-0.5936976037678053,0.0,0.0,0.0,1.0,1.0,0.0,0.0,1.0,0.0,
1.0352646326561123,0.39677596976561846,-0.5936976037678053,0.0,1.0,0.0,0.0,0.0,1.0,0.0,1.0,0.0,
1.6056061919780644,2.3232767066722633,-0.5936976037678053,0.0,1.0,0.0,0.0,0.0,1.0,0.0,1.0,0.0,
0.725431732053279,0.9337318375205524,-0.5936976037678053,1.0,0.0,0.0,0.0,0.0045031347953186085,0.9954968652046814,0.0,0.0,1.0,
0.771013084996435,2.129168029990817,-0.5936976037678053,0.0,0.0,0.0,1.0,0.0,0.0,1.0,1.0,0.0,
2.5662513756550007,1.3488421322557747,1.7041868148845665,0.0,0.0,1.0,0.0,0.0,1.0,0.0,1.0,0.0,
1.6436487534400546,2.216658038111772,2.1329314375029953,0.0,1.0,0.0,0.0,0.0,1.0,0.0,1.0,0.0,
-0.10415973012416474,1.0993372517081927,-0.5936976037678053,0.0,1.0,0.0,0.0,0.0,0.0,1.0,1.0,0.0,
0.7253565019184448,1.5180018024476087,-0.5936976037678053,0.0,0.0,1.0,0.0,0.0,0.0,1.0,1.0,0.0,
1.6520598678984215,1.716760736746362,-0.5936976037678053,0.0,0.0,0.0,1.0,0.0,1.0,0.0,1.0,0.0,
0.8706952139360324,1.8353105391818008,-0.5936976037678053,1.0,0.0,0.0,0.0,0.0,0.0,1.0,1.0,0.0,
0.4217374878847703,1.1515975530965863,-0.5936976037678053,0.0,1.0,0.0,0.0,0.0,0.0,1.0,1.0,0.0,
-0.8338860192014194,0.9400245534665025,-0.5936976037678053,0.0,0.0,0.3610852369305454,0.6389147630694546,0.0,0.0,1.0,0.0,1.0,
0.4575370872572285,0.9094063588800371,0.45003494430871216,0.0,0.0,0.0,1.0,0.08504640147190357,0.9149535985280964,0.0,0.0,1.0,
-0.6397801911746559,1.2497811965748788,-0.5936976037678053,1.0,0.0,0.0,0.0,0.0,1.0,0.0,1.0,0.0,
2.040253183508492,1.569798031230521,3.0834476178735173,0.0,0.0,1.0,0.0,0.7959417076271784,0.20405829237282158,0.0,1.0,0.0,
-1.0426509797294508,1.5857552018668737,-0.5936976037678053,1.0,0.0,0.0,0.0,0.0,1.0,0.0,1.0,0.0,
0.8390751105326836,1.299186318430259,-0.5936976037678053,0.0,0.0,1.0,0.0,0.0,1.0,0.0,1.0,0.0,
1.0578176010644693,0.9133188716843222,0.3828307382992733,0.0,1.0,0.0,0.0,0.0,1.0,0.0,0.0,1.0,
2.4932315044289943,1.9426916321324061,-0.5936976037678053,0.0,0.0,0.0,1.0,0.0,0.0,1.0,1.0,0.0,
1.6146165451655388,2.213511931091164,0.7117176917715151,0.0,0.0,1.0,0.0,1.0,0.0,0.0,1.0,0.0,
2.1369702688626155,1.7904295741620733,-0.5936976037678053,1.0,0.0,0.0,0.0,0.0,0.0,1.0,1.0,0.0,
0.8064678024958924,1.3654903925463684,-0.5936976037678053,0.0,0.0,1.0,0.0,1.0,0.0,0.0,1.0,0.0,
1.1193469621410126,0.6894746740256247,-0.5936976037678053,1.0,0.0,0.0,0.0,0.0,0.0,1.0,1.0,0.0,
-0.6812732324367404,2.0968289951282877,2.30726712991598,0.0,0.0,0.8765775719586814,0.12342242804131864,1.0,0.0,0.0,1.0,0.0,
0.5727649495911524,1.1799465672798248,-0.5936976037678053,0.0,0.0,1.0,0.0,0.0,1.0,0.0,1.0,0.0,
0.46656749063886427,0.8674571609288328,-0.5936976037678053,0.0,1.0,0.0,0.0,0.0,1.0,0.0,1.0,0.0,
1.8605380472886353,2.197779788783846,0.773332929998864,0.0,0.0,1.0,0.0,0.12300968709640603,0.0,0.876990312903594,1.0,0.0,
-0.13410922544544235,2.11303356312485,-0.5936976037678053,0.0,1.0,0.0,0.0,0.0,1.0,0.0,1.0,0.0,
-0.9184504963941453,2.18804328920096,1.556081744119836,0.7592806536906599,0.0,0.0,0.2407193463093401,0.0,1.0,0.0,0.0,1.0,
0.8140881682520984,0.24218166886365272,-0.5936976037678053,0.0,0.0,1.0,0.0,0.0,0.0,1.0,1.0,0.0,
0.8066642452062984,0.15132913250415725,-0.5936976037678053,0.0,1.0,0.0,0.0,0.0,1.0,0.0,1.0,0.0,
1.3548985169675312,1.004328109527763,-0.5936976037678053,0.0,1.0,0.0,0.0,0.0,1.0,0.0,1.0,0.0,
0.5411122632261636,1.073027403321414,3.4273971153604896,0.0,0.0,0.0,1.0,0.10285146227685538,0.8971485377231446,0.0,1.0,0.0,
1.826741165793071,1.2769334852055108,-0.5936976037678053,0.0,0.0,1.0,0.0,0.9556092359950273,0.04439076400497266,0.0,0.0,1.0,
0.8609408944919419,2.0815360503607363,4.8297449182242085,0.0,0.44021882311880167,0.5597811768811983,0.0,0.0,1.0,0.0,1.0,0.0,
1.857220767157803,1.2386268049126794,0.5736096368046848,0.0,0.0,0.0,1.0,1.0,0.0,0.0,1.0,0.0,
0.23495799794416625,1.3409953150912304,-0.5936976037678053,0.0,1.0,0.0,0.0,0.0,1.0,0.0,1.0,0.0,
0.8689994523332386,2.106499510744982,-0.5936976037678053,0.0,0.0,0.0,1.0,0.0,1.0,0.0,1.0,0.0,
0.6489234327973266,1.1895632607446789,-0.5936976037678053,0.0,1.0,0.0,0.0,0.0,1.0,0.0,1.0,0.0,
0.6820495399431094,0.6323605820747863,-0.5936976037678053,1.0,0.0,0.0,0.0,0.0,1.0,0.0,1.0,0.0,
-0.6025349064787292,1.3590506479402826,-0.5936976037678053,1.0,0.0,0.0,0.0,0.0,0.0,1.0,1.0,0.0,
1.2706306327458956,2.1227685306737256,3.6668203400958124,0.0,0.6577338512419288,0.0,0.34226614875807115,0.0,0.0,1.0,0.0,1.0,
1.6450942812399052,1.3973424069098443,-0.5936976037678053,1.0,0.0,0.0,0.0,0.0,0.0,1.0,1.0,0.0,
2.3340180080654216,1.6354220263902177,-0.5936976037678053,0.0,0.0,0.0,1.0,1.0,0.0,0.0,1.0,0.0,
1.3370093047843021,0.936679194938425,1.7271647709879985,0.0,1.0,0.0,0.0,0.0,0.0,1.0,1.0,0.0,
0.6486256032028422,-0.10688493551511327,0.353345209872667,0.0,1.0,0.0,0.0,1.0,0.0,0.0,1.0,0.0,
-0.28264179012033297,1.406987621222688,-0.5936976037678053,1.0,0.0,0.0,0.0,0.0,0.0,1.0,1.0,0.0,
2.848552986592774,2.132649541880101,-0.5936976037678053,0.0,1.0,0.0,0.0,0.0,0.0,1.0,1.0,0.0,
0.5492906728352559,2.22319469878207,-0.5936976037678053,0.0,0.0,1.0,0.0,0.0,0.0,1.0,0.0,1.0,
-0.7038340663619058,2.053148948265707,4.708097747041054,0.0,0.0,0.0,1.0,1.0,0.0,0.0,0.014582600210011565,0.9854173997899884,
0.8641321785856542,2.237974030672161,-0.34759380861059347,1.0,0.0,0.0,0.0,0.0,1.0,0.0,0.0,1.0,
0.9916987839514909,0.5566151694502915,-0.5936976037678053,1.0,0.0,0.0,0.0,0.0,0.0,1.0,1.0,0.0,
1.8809966102452589,0.7723717849569747,-0.5936976037678053,0.0,0.0,0.0,1.0,0.0,0.0,1.0,1.0,0.0,
0.6098944655343994,0.8294780500472924,-0.5148680170962634,0.0,0.0,0.0,1.0,0.0,1.0,0.0,1.0,0.0,
0.4203998439084885,0.655434487238654,-0.5936976037678053,1.0,0.0,0.0,0.0,0.0,0.0,1.0,1.0,0.0,
-0.014365054242145847,1.4689461950821445,-0.5936976037678053,1.0,0.0,0.0,0.0,0.0,0.0,1.0,1.0,0.0,
0.5154789620679134,0.8589472140266039,-0.5936976037678053,0.0,1.0,0.0,0.0,0.0,1.0,0.0,1.0,0.0,
0.570290452958641,0.6313788605980255,-0.5936976037678053,0.0,1.0,0.0,0.0,0.0,1.0,0.0,1.0,0.0,
1.9970807554332384,1.0254126088365865,3.3957168363295147,0.0,0.0,1.0,0.0,0.01164937845955838,0.0,0.9883506215404416,1.0,0.0,
-0.48948152878232287,1.0607688792159378,-0.5936976037678053,0.0,1.0,0.0,0.0,0.0,0.0,1.0,1.0,0.0,
3.456253633462613,2.3087566349019175,-0.5936976037678053,0.0,0.0,1.0,0.0,0.3200285507181959,0.0,0.6799714492818041,1.0,0.0,
0.5242034336583496,1.4663977205718148,-0.5936976037678053,0.0,0.0,1.0,0.0,0.0,0.0,1.0,1.0,0.0,
-0.15990306551286948,1.483105862870938,1.3159149374496046,0.0,0.0,0.0,1.0,1.0,0.0,0.0,1.0,0.0,
0.7972385226853306,2.2472031363536282,-0.5936976037678053,0.0,0.0,0.0,1.0,0.0,1.0,0.0,0.0,1.0,
2.054234453841732,1.9837551734369734,-0.5936976037678053,0.0,0.0,0.0,1.0,0.0,0.0,1.0,1.0,0.0,
0.764106049157094,1.8949206292363674,1.4372129159159877,0.0,0.0,1.0,0.0,0.8986141899001331,0.10138581009986691,0.0,1.0,0.0,
1.9638750999842958,1.6480192245446206,-0.5936976037678053,0.0,0.0,0.0,1.0,1.0,0.0,0.0,0.0,1.0,
1.1544245006250464,2.303871760749243,-0.5936976037678053,0.0,0.0,0.0,1.0,0.0,1.0,0.0,1.0,0.0,
-0.9505655381319569,1.115250161226908,2.6940898288886217,0.0,0.0,0.0,1.0,1.0,0.0,0.0,1.0,0.0,
0.5846628664339576,-0.09205574518579171,0.055312923925300295,0.47350284499917883,0.5264971550008212,0.0,0.0,1.0,0.0,0.0,1.0,0.0,
1.6348140847286576,1.9467370470611614,-0.5936976037678053,1.0,0.0,0.0,0.0,0.0,0.0,1.0,0.0,1.0,
1.7324120840323245,0.9306331059421458,-0.5936976037678053,0.0,0.0,0.0,1.0,1.0,0.0,0.0,0.0,1.0,
1.3083595771152998,1.880642157865524,-0.5936976037678053,1.0,0.0,0.0,0.0,0.0,0.0,1.0,0.0,1.0,
-0.16967006186039602,1.7820717565325055,-0.5936976037678053,0.0,1.0,0.0,0.0,0.0,1.0,0.0,1.0,0.0,
0.9639724609177542,0.6790698973300686,-0.5936976037678053,1.0,0.0,0.0,0.0,0.0,1.0,0.0,0.0,1.0,
0.09844866364839769,0.8370165721514364,-0.5936976037678053,0.0,0.0,0.0,1.0,0.0,1.0,0.0,1.0,0.0,
-0.8766667006592662,1.7762870398694646,2.3389307405028434,0.0,0.0,0.0,1.0,0.0,0.0,1.0,1.0,0.0,
1.8823066613206425,1.5179018381459666,-0.5936976037678053,0.0,0.0,1.0,0.0,1.0,0.0,0.0,1.0,0.0,
1.7328586571095368,2.1239179304978464,-0.5936976037678053,0.0,0.0,1.0,0.0,0.0,1.0,0.0,0.0,1.0,
4.456401106026692,2.7170147560656197,-0.5936976037678053,0.43865762634705674,0.0,0.5613423736529433,0.0,0.0,0.0,1.0,1.0,0.0,
-0.19034187662579227,1.3784851599331032,-0.5936976037678053,1.0,0.0,0.0,0.0,0.0,0.0,1.0,1.0,0.0,
-0.5961398609698942,1.9972166892141576,4.394001863274215,0.0,0.0,0.0,1.0,0.7730688241043058,0.0,0.22693117589569423,0.0,1.0,
3.3293319813238846,2.3062452799681132,-0.5936976037678053,0.0,0.0,0.0,1.0,0.0,0.6400807468848989,0.3599192531151011,1.0,0.0,
0.4841294178165638,1.12697123329185,-0.5936976037678053,0.0,1.0,0.0,0.0,0.0,1.0,0.0,1.0,0.0,
0.8444346335413617,1.0088373396200319,-0.5936976037678053,0.0,0.0,1.0,0.0,0.0,1.0,0.0,1.0,0.0,
-0.4371230939335523,2.0331270310026137,2.5163863829982978,0.0,0.7124845402190173,0.0,0.2875154597809827,0.0,1.0,0.0,0.0,1.0,
1.133574180812119,1.3097686703950924,-0.5936976037678053,0.0,0.0,1.0,0.0,0.0,1.0,0.0,1.0,0.0,
3.0386513843833214,2.3691424094656646,3.6969400412789586,0.0,0.0,0.0,1.0,0.0,1.0,0.0,0.7704240461889247,0.22957595381107532,
0.574580955761549,0.3238617664725477,-0.4103407024103867,0.0,0.0,0.0,1.0,0.0,1.0,0.0,0.0,1.0,
-0.30242118199847234,1.1650782049912731,3.2868992990372106,0.0,0.0,0.0,1.0,0.0,1.0,0.0,1.0,0.0,
0.5227558318425369,1.0253979466004943,0.22032182377766651,0.0,0.0,0.0,1.0,0.0,1.0,0.0,0.0,1.0,
0.899022816522309,0.7226130886212303,2.322568462456955,0.0,0.0,0.0,1.0,0.0,1.0,0.0,1.0,0.0,
-0.0023604799231062845,1.5368073536366629,2.717030523596014,0.0,0.0,1.0,0.0,1.0,0.0,0.0,1.0,0.0,
1.7960698411299874,1.3099352449375172,-0.5936976037678053,0.0,0.0,1.0,0.0,0.7424225955543375,0.0,0.25757740444566246,0.0,1.0,
2.2169429625602355,2.1794722907987123,-0.5936976037678053,0.0,1.0,0.0,0.0,0.0,1.0,0.0,1.0,0.0,
-0.8468396528212585,1.6220787724160213,-0.5936976037678053,1.0,0.0,0.0,0.0,0.0,0.0,1.0,1.0,0.0,
0.27489201450539424,1.5161785120155387,-0.5936976037678053,0.0,0.3821624312160725,0.6178375687839275,0.0,0.0,1.0,0.0,0.0,1.0,
3.1607680994349363,2.318648903140383,-0.5936976037678053,0.0,0.0,1.0,0.0,0.7832810798504034,0.0,0.2167189201495966,1.0,0.0,
1.1589010478542183,1.087876550325478,-0.5936976037678053,0.0,0.0,1.0,0.0,0.0,1.0,0.0,1.0,0.0,
0.892418200609859,0.6714738322660263,-0.5936976037678053,0.0,1.0,0.0,0.0,0.0,0.0,1.0,1.0,0.0,
0.5705102719918691,0.6428730233831587,-0.5936976037678053,1.0,0.0,0.0,0.0,0.0,1.0,0.0,1.0,0.0,
0.9754427892245962,1.2676154361808178,-0.5936976037678053,1.0,0.0,0.0,0.0,0.0,0.0,1.0,1.0,0.0,
0.5384963562379865,1.3866831065526037,-0.5936976037678053,0.0,0.0,1.0,0.0,0.0,1.0,0.0,0.0,1.0,
0.640403227054217,1.9777139515194961,-0.5936976037678053,1.0,0.0,0.0,0.0,0.0,1.0,0.0,0.0,1.0,
2.0885219896476963,1.2705378339812285,-0.5936976037678053,0.0,1.0,0.0,0.0,0.0,0.0,1.0,0.0,1.0,
1.3047453154044397,0.6335776246820387,-0.05600087071115864,0.0,0.0,1.0,0.0,0.0,1.0,0.0,1.0,0.0,
-0.5379748413891499,1.7989891745021087,2.5040594730546344,0.0,0.0,0.0,1.0,0.0,1.0,0.0,1.0,0.0,
1.1530286887578924,1.2357984656378422,-0.5936976037678053,0.0,0.0,1.0,0.0,0.0,1.0,0.0,1.0,0.0,
1.8010320197540917,2.5101457807956127,-0.5936976037678053,0.0,1.0,0.0,0.0,0.0,1.0,0.0,1.0,0.0,
0.7810437348155829,0.16652843385303895,-0.5936976037678053,0.0,1.0,0.0,0.0,0.5422945063293899,0.0,0.4577054936706101,1.0,0.0,
0.2313737702033336,0.8215960915919953,-0.5637034751517591,1.0,0.0,0.0,0.0,0.0,0.0,1.0,1.0,0.0,
1.1892398256213508,0.7369562537066507,-0.5936976037678053,0.0,0.0,1.0,0.0,0.0,1.0,0.0,1.0,0.0,
2.3023482902375285,1.6608205446153903,-0.1872991434510372,0.0,0.0,1.0,0.0,0.0,1.0,0.0,1.0,0.0,
1.3763436744156223,1.0754822201369794,-0.5936976037678053,1.0,0.0,0.0,0.0,0.0,1.0,0.0,1.0,0.0,
2.1123040151478456,1.1449163722618991,-0.1299629115785249,0.0,0.0,0.0,1.0,1.0,0.0,0.0,1.0,0.0,
0.6871121438252292,0.26789736798336483,-0.5936976037678053,0.0,1.0,0.0,0.0,0.0,1.0,0.0,1.0,0.0,
0.6260898382813103,2.2165069901960637,-0.5936976037678053,0.0,0.0,0.0,1.0,0.0,1.0,0.0,1.0,0.0,
-0.6186647020292645,2.2374782470091126,0.031075312831057134,0.0,0.0,0.0,1.0,0.0,0.0,1.0,0.71172555494184,0.28827444505816,
-0.8527402523206591,1.0778538199218402,-0.47512993429611944,0.0,0.0,0.0,1.0,0.0,0.0,1.0,0.16928685569694346,0.8307131443030565,
-0.40788122431114415,2.07903490050647,-0.5936976037678053,0.0,0.0,1.0,0.0,1.0,0.0,0.0,1.0,0.0,
0.7011703166328642,1.8738711952339122,-0.5936976037678053,1.0,0.0,0.0,0.0,0.0,0.0,1.0,1.0,0.0,
0.5582948032270308,0.5564379680440804,0.7665634849972783,1.0,0.0,0.0,0.0,0.0,0.0,1.0,1.0,0.0,
0.3752262934037693,0.9790891624464856,-0.5936976037678053,0.0,0.0,0.0,1.0,0.0,1.0,0.0,1.0,0.0,
0.4695495059648431,2.3086133902333215,4.225669916726908,0.0,0.0,0.0,1.0,1.0,0.0,0.0,1.0,0.0,
1.878905986282158,1.7825670632305493,-0.5936976037678053,1.0,0.0,0.0,0.0,0.0,0.0,1.0,0.0,1.0,
0.6638591182844644,1.2380507927529776,1.9338953052840957,0.0,0.0,1.0,0.0,1.0,0.0,0.0,1.0,0.0,
2.001957542264937,2.3796396500009322,1.3754465674065033,0.0,0.0,0.0,1.0,0.0,0.0,1.0,1.0,0.0,
1.8388647682654187,1.4369520890930345,1.3017607353475362,0.0,0.0,0.0,1.0,1.0,0.0,0.0,1.0,0.0,
2.006162858552619,1.0455305356122289,3.398877250031372,0.0,0.0,1.0,0.0,0.03878186120177385,0.0,0.9612181387982262,1.0,0.0,
1.3670531459767523,1.1301707779210601,-0.5936976037678053,0.0,1.0,0.0,0.0,0.0,1.0,0.0,1.0,0.0,
0.22689436941583702,1.2665212090321853,-0.5936976037678053,0.0,0.0,1.0,0.0,0.0,0.0,1.0,1.0,0.0,
1.1045067113725744,0.6188608892157493,-0.5936976037678053,1.0,0.0,0.0,0.0,0.0,1.0,0.0,1.0,0.0,
-0.428678957478791,1.1677444507213444,-0.5936976037678053,1.0,0.0,0.0,0.0,0.0,1.0,0.0,0.0,1.0,
-0.5886113012243086,2.099728078955278,2.1691338553276656,0.0,0.0,0.0,1.0,0.0,0.9149293427817443,0.08507065721825569,1.0,0.0,
2.8625334989850266,2.0467156184454947,-0.5936976037678053,0.0,1.0,0.0,0.0,0.0,1.0,0.0,1.0,0.0,
1.7693300231502436,1.5809207157116076,-0.5936976037678053,0.0,0.0,0.0,1.0,0.0,1.0,0.0,1.0,0.0,
2.4161475848432667,2.031098222850993,-0.5936976037678053,0.0,1.0,0.0,0.0,0.0,0.0,1.0,1.0,0.0,
0.23115415431440703,1.6638748649273118,1.5833555020541974,0.0,0.0,1.0,0.0,0.0,0.0,1.0,1.0,0.0,
1.6936814454462068,1.9116798690086325,-0.5936976037678053,1.0,0.0,0.0,0.0,0.0,0.0,1.0,0.0,1.0,
0.892418200609859,0.6337834867763893,-0.5936976037678053,0.0,1.0,0.0,0.0,0.0,0.0,1.0,1.0,0.0,
1.3477228845354725,1.2070171007427604,1.1828678527595586,0.0,0.0,1.0,0.0,1.0,0.0,0.0,1.0,0.0,
2.6933883397395104,2.160680522432555,3.9410938889062725,0.82959571311173,0.17040428688827003,0.0,0.0,0.0,1.0,0.0,1.0,0.0,
2.6868211821275136,2.1430527300691673,3.8777694387479964,0.8885603740433232,0.11143962595667678,0.0,0.0,0.0,1.0,0.0,1.0,0.0,
0.9436713829077662,1.8782444781848322,-0.5936976037678053,1.0,0.0,0.0,0.0,0.0,0.0,1.0,1.0,0.0,
1.195562893674369,0.9888693228735319,-0.5936976037678053,0.0,0.0,1.0,0.0,0.0,1.0,0.0,1.0,0.0,
1.6247185606131738,2.2025710483949346,0.39453067738500514,0.0,0.0,1.0,0.0,0.0,1.0,0.0,0.0,1.0,
0.47721971000653823,1.9872637503602988,-0.5936976037678053,1.0,0.0,0.0,0.0,0.0,1.0,0.0,0.0,1.0,
-0.8651531702204089,2.133944446563519,-0.5936976037678053,1.0,0.0,0.0,0.0,0.0,1.0,0.0,1.0,0.0,
0.9813429012297776,2.217512842051691,1.7553269089544135,0.0,1.0,0.0,0.0,0.0,1.0,0.0,1.0,0.0,
0.944157649248859,0.4961597099908485,2.354303674379741,0.0,0.0,0.847015415889389,0.152984584110611,0.0,1.0,0.0,0.0,1.0,
-0.2302842750227171,1.8569249377638124,3.5043833013849746,0.0,0.0,0.0,1.0,0.11608594506098391,0.0,0.8839140549390161,0.0,1.0,
1.0734566806598873,1.955349182639671,3.4306378761365814,0.0,0.9106437730985951,0.0,0.08935622690140488,0.0,0.0,1.0,0.0,1.0,
1.8807501876569455,1.5956222858103333,1.3485750763151259,0.0,0.0,0.0,1.0,0.8739549051815128,0.0,0.12604509481848725,1.0,0.0,
0.9317884236308209,2.186714496877934,-0.5936976037678053,1.0,0.0,0.0,0.0,0.0,0.0,1.0,1.0,0.0,
1.8480829322163257,1.4432383956853527,-0.5936976037678053,0.0,0.0,1.0,0.0,1.0,0.0,0.0,1.0,0.0,
0.32389267684571116,1.167482633597967,-0.5936976037678053,0.0,1.0,0.0,0.0,0.0,0.0,1.0,1.0,0.0,
0.5597592147014941,-0.3116966970391453,0.6065813371562385,0.02629707741392484,0.9737029225860752,0.0,0.0,1.0,0.0,0.0,1.0,0.0,
1.5154626984919666,0.6416840562067535,-0.10350082084677559,0.0,0.0,0.0,1.0,1.0,0.0,0.0,0.0,1.0,
-0.6263026638845526,1.3537167475178615,3.251778336745318,0.08085167923558978,0.9191483207644102,0.0,0.0,0.0,1.0,0.0,1.0,0.0,
1.9590342644264134,1.7064845387575933,3.3543867820549553,0.0,0.0,1.0,0.0,1.0,0.0,0.0,1.0,0.0,
-0.3281670840822224,0.822571462981514,-0.5936976037678053,0.0,0.0,1.0,0.0,0.0,0.0,1.0,0.0,1.0,
1.1263324893545348,0.8757947009692487,-0.5936976037678053,0.0,0.0,1.0,0.0,0.0,1.0,0.0,1.0,0.0,
1.1708543650955487,0.9991749933146583,-0.5936976037678053,0.0,0.0,0.0,1.0,0.0,1.0,0.0,1.0,0.0,
-0.8037763883304596,1.155451707232987,-0.5936976037678053,1.0,0.0,0.0,0.0,0.0,1.0,0.0,1.0,0.0,
0.36221337126365627,1.9924670623807108,3.1179757751874053,0.0,1.0,0.0,0.0,0.0,0.5009182627938248,0.4990817372061752,0.0,1.0,
1.1518964819232513,0.8383814924872991,-0.5936976037678053,1.0,0.0,0.0,0.0,0.0,1.0,0.0,1.0,0.0,
0.8922891137508748,0.48042531428359186,-0.4171900758477828,0.0,1.0,0.0,0.0,1.0,0.0,0.0,1.0,0.0,
2.8638257282750956,1.557281816750851,2.8203422998810703,0.0,0.0,1.0,0.0,0.0,0.0,1.0,0.18939856247831255,0.8106014375216875,
1.9913887838785589,1.5754527188008305,3.0355869829307425,0.0,0.0,1.0,0.0,0.653060904287883,0.346939095712117,0.0,1.0,0.0,
2.2448339024682564,1.225298307653939,1.3297846408855138,0.0,1.0,0.0,0.0,0.0,0.0,1.0,0.0,1.0,
-0.6267489356978935,1.9844525309033523,1.7999528491739505,0.0,0.0,0.0,1.0,0.0,1.0,0.0,0.0,1.0,
0.396656171056191,1.8971206108551786,3.8278481587684903,0.0,0.0,0.0,1.0,0.2270236777814243,0.7729763222185757,0.0,0.0,1.0,
0.13289204313428954,2.013285101151519,-0.5936976037678053,0.0,0.0,1.0,0.0,0.0,1.0,0.0,0.0,1.0,
-0.7716622610166881,1.1299623918552868,-0.5936976037678053,0.17652415123708098,0.0,0.823475848762919,0.0,0.0,1.0,0.0,1.0,0.0,
0.27119752462106567,2.1512775175529617,-0.5936976037678053,0.0,1.0,0.0,0.0,0.0,1.0,0.0,1.0,0.0,
0.7419031216493728,2.0809662616001945,-0.5936976037678053,0.0,0.0,1.0,0.0,0.0,1.0,0.0,1.0,0.0,
1.5201536065186643,1.424512016707622,-0.5936976037678053,0.0,0.36374036515408015,0.6362596348459199,0.0,0.0,1.0,0.0,0.0,1.0,
-0.4411025017913125,2.0073745864029253,-0.5936976037678053,0.5266927173022953,0.0,0.0,0.4733072826977047,0.0,0.0,1.0,0.0,1.0,
-0.8796842598495769,1.2783318643453097,2.353340600596438,0.0,0.0,0.0,1.0,1.0,0.0,0.0,1.0,0.0,
2.4611395596706394,1.7533062850704904,-0.5936976037678053,0.0,0.0,1.0,0.0,0.0,0.0,1.0,1.0,0.0,
2.856046039861264,2.047710696326379,-0.5936976037678053,0.0,1.0,0.0,0.0,0.0,1.0,0.0,1.0,0.0,
2.4622150825510003,1.2348114467993618,-0.5936976037678053,0.0,0.0,0.0,1.0,0.0,0.0,1.0,1.0,0.0,
0.8930584811931259,1.2246085419671366,-0.5936976037678053,0.0,0.0,1.0,0.0,0.0,1.0,0.0,1.0,0.0,
0.18816970503813743,0.8498546193007139,-0.5936976037678053,0.0,0.0,0.0,1.0,0.0,1.0,0.0,1.0,0.0,
1.1248454532033574,1.7541639935216706,-0.5936976037678053,1.0,0.0,0.0,0.0,0.0,1.0,0.0,1.0,0.0,
1.6718293186643396,2.1696626109695423,-0.5936976037678053,0.0,1.0,0.0,0.0,0.0,1.0,0.0,1.0,0.0,
0.5159786586063815,1.1748392238066847,-0.5936976037678053,0.0,1.0,0.0,0.0,0.0,0.0,1.0,1.0,0.0,
0.8487536522428973,0.7837755944942022,2.100509904927536,0.0,0.0,0.0,1.0,0.0,1.0,0.0,0.7396309833517318,0.26036901664826817,
1.676247448707406,1.5999319742005427,-0.5936976037678053,0.0,0.0,0.0,1.0,0.0,1.0,0.0,1.0,0.0,
-0.21028285550384523,2.181953186553379,4.600770733025494,0.5801685211232256,0.4198314788767744,0.0,0.0,0.0,1.0,0.0,1.0,0.0,
1.1600679584825861,1.1584772181600604,1.377062773531907,0.0,1.0,0.0,0.0,0.0,0.9515759445576752,0.048424055442324754,1.0,0.0,
0.8914113028063951,0.8599821649585422,-0.1037782113359475,1.0,0.0,0.0,0.0,0.0,0.0,1.0,1.0,0.0,
1.5271489584902334,1.6100947645370518,1.471446436805897,0.0,0.0,0.0,1.0,1.0,0.0,0.0,1.0,0.0,
2.3572644226972916,1.9094189601028393,-0.5936976037678053,1.0,0.0,0.0,0.0,0.0,0.0,1.0,0.0,1.0,
1.6690980629804764,1.326585422605148,2.53184762768525,0.0,0.0,1.0,0.0,0.5325188219953056,0.46748117800469435,0.0,1.0,0.0,
3.2988464881690067,2.2692945523364285,-0.5936976037678053,0.0,0.0,1.0,0.0,1.0,0.0,0.0,0.5786714613668231,0.4213285386331769,
1.1430479122625998,2.1792159690389776,1.4996574874820388,0.0,1.0,0.0,0.0,0.0,0.0,1.0,1.0,0.0,
-0.9151837046256432,2.2079436529161507,1.4870120674725007,0.0,0.0,0.0,1.0,0.0,0.513367300458306,0.48663269954169397,0.0,1.0,
-0.6885909198102658,1.1324177711274017,3.134178551719427,0.0,0.0,0.0,1.0,0.3767635938713204,0.6232364061286796,0.0,1.0,0.0,
-0.7820362255748893,0.8468775708332376,2.4375011613232136,0.0,0.0,0.0,1.0,0.06891057556578906,0.0,0.9310894244342109,1.0,0.0,
1.307776466488067,0.8573941592231988,-0.5936976037678053,0.0,1.0,0.0,0.0,0.0,1.0,0.0,1.0,0.0,
1.3581924534052052,2.11167177018318,0.13847470797331107,1.0,0.0,0.0,0.0,0.0,1.0,0.0,0.0,1.0,
0.8210056340761176,0.27379555065323113,-0.5936976037678053,0.0,1.0,0.0,0.0,1.0,0.0,0.0,1.0,0.0,
0.9567402192299068,1.614373540760698,-0.5936976037678053,0.0,0.0,0.0,1.0,0.0,0.0,1.0,1.0,0.0,
3.571142632747752,2.206645401408919,-0.5936976037678053,0.0,0.0,1.0,0.0,1.0,0.0,0.0,0.08969736369220249,0.9103026363077975,
1.1286038249774473,2.0943658740529614,4.869020481735849,0.0,0.23994630959378682,0.7600536904062132,0.0,0.0,1.0,0.0,1.0,0.0,
1.8095727274821896,1.0361916789962726,-0.5936976037678053,0.0,1.0,0.0,0.0,0.0,1.0,0.0,1.0,0.0,
-0.1177141975767726,2.2876756501813684,4.921773260077435,0.0,0.0,0.0,1.0,1.0,0.0,0.0,0.47220046394812976,0.5277995360518702,
0.7457017971497456,0.0886027453570476,-0.3981149026156312,0.0,1.0,0.0,0.0,1.0,0.0,0.0,1.0,0.0,
0.7138079000047187,0.31800000120208616,-0.5936976037678053,0.0,1.0,0.0,0.0,0.0,0.0,1.0,1.0,0.0,
1.5730792279896786,2.1892236171109523,-0.5936976037678053,0.0,0.0,0.0,1.0,0.0,1.0,0.0,1.0,0.0,
0.5582948032270308,0.8758710957018376,0.5600565069915225,1.0,0.0,0.0,0.0,0.0,0.0,1.0,1.0,0.0,
0.6562905095553597,1.0205110571415554,-0.5936976037678053,0.0,0.0,1.0,0.0,0.0,0.0,1.0,1.0,0.0,
0.9938167104882597,0.45227819717003254,-0.5936976037678053,0.0,0.0,0.0,1.0,0.0,0.0,1.0,1.0,0.0,
0.05961921499003692,2.2311920262612004,-0.5936976037678053,0.0,0.0,0.6696709553299629,0.3303290446700371,0.0,0.0,1.0,0.0,1.0,
1.6327020939711478,2.3094649581031956,-0.5936976037678053,0.0,1.0,0.0,0.0,0.0,1.0,0.0,1.0,0.0,
0.11279694004992687,2.122216680214773,4.830685433785773,0.0,0.7242763393866029,0.0,0.27572366061339715,0.0,0.7242763393866029,0.27572366061339715,1.0,0.0,
0.1714669931867413,2.354211101660497,5.127674958084306,0.0,0.0,0.0,1.0,0.13169547597468645,0.0,0.8683045240253136,1.0,0.0,
1.259890664778762,2.395661748863679,1.4405890561180161,0.0,1.0,0.0,0.0,0.0,0.0,1.0,1.0,0.0,
-0.31259370120051905,1.8884874832131633,3.704527828785458,0.0,0.0,0.0,1.0,0.2638925820505409,0.0,0.7361074179494591,0.0,1.0,
-0.8494479668609052,1.063881569866336,3.0322718741201147,0.0,0.0,0.0,1.0,0.697716966808035,0.30228303319196503,0.0,1.0,0.0,
4.456401106026692,2.702132524072366,-0.5936976037678053,0.25827369858398186,0.0,0.7417263014160181,0.0,0.0,0.25827369858398186,0.7417263014160181,1.0,0.0,
-0.22831191411328244,1.247568674835311,2.457178394512355,0.8124265161660895,0.0,0.0,0.18757348383391048,0.0,1.0,0.0,1.0,0.0,
2.0322780671816614,2.500511674974982,4.89050328571438,0.13077917686149088,0.0,0.8692208231385091,0.0,0.0,0.0,1.0,0.0,1.0,
2.030915192759884,0.9505244184661994,-0.5936976037678053,0.0,0.0,0.6349269275136461,0.3650730724863539,1.0,0.0,0.0,0.0,1.0,
0.9484986091738483,0.8618351851057815,-0.5062296411270725,0.0,0.0,0.0,1.0,1.0,0.0,0.0,1.0,0.0,
0.5677192545517609,2.301922763377023,-0.5936976037678053,1.0,0.0,0.0,0.0,0.0,0.16923899490819228,0.8307610050918077,0.0,1.0,
1.8300299636779012,1.2638312090427295,2.966075434591168,0.0,0.0,0.36742091243765185,0.6325790875623482,0.0,0.0,1.0,1.0,0.0,
1.6697165014594477,1.4200024587896227,-0.5936976037678053,1.0,0.0,0.0,0.0,0.0,0.0,1.0,1.0,0.0,
-0.46242654330205196,0.9079194768227599,-0.5936976037678053,0.0,0.0,1.0,0.0,0.0,0.0,1.0,1.0,0.0,
2.5251171898853926,1.4055133742110077,-0.5936976037678053,0.0,0.3404550348968347,0.0,0.6595449651031653,0.0,0.0,1.0,0.0,1.0,
1.6783262511290973,1.4136988500599141,-0.5936976037678053,0.0,1.0,0.0,0.0,0.0,0.0,1.0,1.0,0.0,
1.4965610442413206,1.252289509065574,-0.5936976037678053,0.0,0.0,0.0,1.0,0.0,0.0,1.0,0.0,1.0,
2.6877500044748386,2.1455459072469476,3.886725697743764,0.8802207394538244,0.1197792605461756,0.0,0.0,0.0,1.0,0.0,1.0,0.0,
1.1574630233807068,1.0794204873551378,-0.5936976037678053,1.0,0.0,0.0,0.0,0.0,1.0,0.0,1.0,0.0,
0.611439527655814,1.2340306074874912,1.9895692654759611,0.0,0.0,1.0,0.0,1.0,0.0,0.0,1.0,0.0,
-0.8045315144207102,1.2823961411325777,-0.5936976037678053,0.0,0.0,0.5271316826772654,0.4728683173227346,1.0,0.0,0.0,1.0,0.0,
1.3932872310007414,2.234360201666071,-0.5936976037678053,1.0,0.0,0.0,0.0,0.0,0.0,1.0,0.0,1.0,
0.819828255190314,1.8839963431818352,3.357859066503158,0.0,0.0,0.0,1.0,0.17857585237927065,0.8214241476207294,0.0,0.0,1.0,
0.31793550463207787,0.9472881241269602,-0.5936976037678053,1.0,0.0,0.0,0.0,0.0,1.0,0.0,0.0,1.0,
0.3976061095170038,0.9419615005186924,0.44431199646506636,0.0,0.0,0.0,1.0,0.0,1.0,0.0,0.03814761271617795,0.961852387283822,
0.4279186056917912,1.3936220904267003,-0.5936976037678053,0.0,1.0,0.0,0.0,0.0,0.0,1.0,1.0,0.0,
0.1401840168326982,1.893048692464912,-0.5936976037678053,0.0,0.0,1.0,0.0,0.0,1.0,0.0,0.0,1.0,
1.0773439367135031,2.0730620483924977,2.4125179882730765,0.0,0.0,0.0,1.0,0.8369637094332782,0.16303629056672175,0.0,0.0,1.0,
2.0665287922811792,1.4678301089079078,-0.5936976037678053,0.0,1.0,0.0,0.0,0.0,0.0,1.0,1.0,0.0,
1.4066746773635916,2.120022917288351,0.8964746575590685,0.0,0.0,1.0,0.0,1.0,0.0,0.0,1.0,0.0,
1.2235237132555168,2.270153620299578,1.6357455554784028,0.0,1.0,0.0,0.0,0.0,0.0,1.0,1.0,0.0,
2.8877872930291106,2.2383150761554544,3.5638402642510596,0.45261205535214477,0.0,0.0,0.5473879446478552,0.0,1.0,0.0,1.0,0.0,
1.10399512168411,1.6122588737292864,1.3478910783794753,0.0,0.0,0.0,1.0,1.0,0.0,0.0,1.0,0.0,
1.6733578283777397,2.090859790700921,-0.5936976037678053,0.0,0.0,0.0,1.0,0.0,0.0,1.0,1.0,0.0,
1.5494763980037802,1.964599109678137,-0.5936976037678053,0.0,0.0,1.0,0.0,1.0,0.0,0.0,1.0,0.0,
1.474731976032233,1.179375180258502,-0.13213308433840693,0.0,1.0,0.0,0.0,0.0,0.0,1.0,1.0,0.0,
1.863923138053161,1.8036522380179334,-0.5936976037678053,1.0,0.0,0.0,0.0,0.0,0.0,1.0,0.0,1.0,
-0.28966642295707523,0.8411161170262778,-0.5936976037678053,0.0,1.0,0.0,0.0,0.0,1.0,0.0,1.0,0.0,
1.2727364694283911,1.9122151498958062,-0.5936976037678053,0.0,0.0,0.0,1.0,1.0,0.0,0.0,0.0,1.0,
2.057173647961722,1.6162385773690513,-0.5936976037678053,0.0,0.0,1.0,0.0,0.0,1.0,0.0,1.0,0.0,
-0.3719802754932541,2.2913274936266346,-0.5936976037678053,0.05038260800874761,0.9496173919912524,0.0,0.0,0.0,1.0,0.0,1.0,0.0,
2.8913647717211157,2.08764276116668,-0.5936976037678053,0.0,1.0,0.0,0.0,0.0,0.03468067924062679,0.9653193207593732,1.0,0.0,
1.8242758606112772,1.428560649334442,1.2846350895034477,0.0,0.0,0.0,1.0,1.0,0.0,0.0,1.0,0.0,
0.7223727474947506,1.0664448561848083,-0.5936976037678053,0.0,0.0,1.0,0.0,0.0,1.0,0.0,1.0,0.0,
1.5958734674706314,2.052868276696712,-0.5936976037678053,0.0,0.0,0.0,1.0,0.0,1.0,0.0,1.0,0.0,
0.6658930119097135,-0.08736821007446088,0.04354785907294534,0.0,1.0,0.0,0.0,1.0,0.0,0.0,1.0,0.0,
-0.16796757323501432,2.1458790283949507,2.8187391330826284,0.0,0.7552263972326292,0.0,0.2447736027673708,0.0,1.0,0.0,0.0,1.0,
0.12561820397924925,1.3363129638561633,-0.5936976037678053,0.0,1.0,0.0,0.0,0.0,1.0,0.0,1.0,0.0,
-0.8722219915195136,1.29550084687332,2.317467063374828,0.0,0.0,0.0,1.0,1.0,0.0,0.0,1.0,0.0,
2.7468008881959984,2.0691645043578757,-0.5936976037678053,0.0,1.0,0.0,0.0,0.0,0.9000129765743634,0.09998702342563659,1.0,0.0,
1.6099419917209987,1.3853924827968847,-0.5936976037678053,0.0,1.0,0.0,0.0,0.0,0.0,1.0,1.0,0.0,
0.41031465131668243,1.23949472053049,2.338119000745497,0.0,0.0,1.0,0.0,1.0,0.0,0.0,1.0,0.0,
1.4235939222636347,1.023675265310815,-0.5936976037678053,0.0,1.0,0.0,0.0,0.0,0.0,1.0,1.0,0.0,
1.6275440567683626,1.3154018632427087,1.0536953043766288,0.0,0.0,0.0,1.0,1.0,0.0,0.0,1.0,0.0,
1.0341003029493303,1.901347427538027,-0.5936976037678053,1.0,0.0,0.0,0.0,0.0,0.0,1.0,1.0,0.0,
4.456401106026692,2.7025879557262518,-0.5936976037678053,1.0,0.0,0.0,0.0,0.0,0.6184729721900192,0.3815270278099808,1.0,0.0,
-0.413189844070984,1.5705076608899935,-0.5936976037678053,0.0,1.0,0.0,0.0,0.0,0.0,1.0,1.0,0.0,
1.0602367029109467,0.24769399184192764,0.4872586239768788,1.0,0.0,0.0,0.0,1.0,0.0,0.0,0.7466024366344806,0.25339756336551944,
0.19097504774663648,0.8553741603240481,-0.5936976037678053,1.0,0.0,0.0,0.0,0.0,0.0,1.0,1.0,0.0,
1.1458212790630768,1.6967239131403653,-0.5936976037678053,1.0,0.0,0.0,0.0,0.0,0.0,1.0,1.0,0.0,
2.355976932742553,1.1630850779250503,0.3674560752842927,0.0,0.0,1.0,0.0,0.0,1.0,0.0,1.0,0.0,
0.1709973653323778,2.2511230326828766,-0.5936976037678053,0.0,0.0,0.8030086996660499,0.19699130033395007,0.0,0.0,1.0,0.0,1.0,
0.8109235743054646,2.2482776336841184,4.820641680646063,1.0,0.0,0.0,0.0,0.0,0.0,1.0,0.0,1.0,
1.5610723402028093,1.6486775118740642,-0.2444189647374741,0.0,0.0,0.0,1.0,1.0,0.0,0.0,1.0,0.0,
0.5342340569766453,1.0813239606604446,-0.5936976037678053,0.0,1.0,0.0,0.0,0.0,1.0,0.0,1.0,0.0,
0.43157941979031056,1.1421625333940129,-0.5936976037678053,0.0,1.0,0.0,0.0,0.0,0.0,1.0,1.0,0.0,
0.5740016433228798,1.052535193770209,-0.5936976037678053,0.0,0.0,1.0,0.0,0.0,0.0,1.0,0.0,1.0,
-0.3164547641977231,1.5927768160183464,-0.5936976037678053,1.0,0.0,0.0,0.0,0.0,0.0,1.0,0.6458696911683783,0.35413030883162167,
-0.8882939956403666,2.0839684131083236,1.5687246556300651,0.48851391610215456,0.0,0.0,0.5114860838978454,0.0,1.0,0.0,0.0,1.0,
0.673700425992459,1.0158777286069987,-0.5936976037678053,0.0,0.0,0.0,1.0,0.0,1.0,0.0,1.0,0.0,
0.4897935978567387,1.304461380656748,-0.5936976037678053,0.0,1.0,0.0,0.0,0.0,1.0,0.0,1.0,0.0,
3.750018667797219,2.481528454105835,-0.5936976037678053,0.4315181568919779,0.0,0.0,0.5684818431080221,0.0,1.0,0.0,1.0,0.0,
3.241198724164941,1.8014213257861118,2.379943237166057,0.0,0.0,0.20548018208409125,0.7945198179159088,0.0,0.0,1.0,0.7945198179159088,0.20548018208409125,
1.6913052838478775,0.7642821782611917,-0.4251917126314313,0.0,0.0,0.0,1.0,1.0,0.0,0.0,0.0,1.0,
2.688008545676614,1.3754684586195811,1.6449460302400123,0.0,0.0,1.0,0.0,0.0,1.0,0.0,1.0,0.0,
-0.732885461328717,1.196227682889878,-0.5936976037678053,1.0,0.0,0.0,0.0,0.0,1.0,0.0,1.0,0.0,
1.3515142073126496,1.189841779419389,-0.5936976037678053,0.0,0.0,0.0,1.0,0.0,1.0,0.0,1.0,0.0,
-0.5578962799892544,2.3474004604281653,0.6604298043725401,0.0,0.0,0.0,1.0,0.0,0.39121369424821717,0.6087863057517828,1.0,0.0,
2.56495330099275,1.2565602403364542,-0.1367443265989609,0.0,0.0,1.0,0.0,0.0,1.0,0.0,1.0,0.0,
2.7613638786593278,2.473993002315554,4.736953201597569,0.0,0.0,0.2645019184452938,0.7354980815547062,0.0,0.7354980815547062,0.2645019184452938,0.0,1.0,
0.1421258896231274,2.2165069901960637,-0.5936976037678053,0.0,0.0,0.0,1.0,0.0,1.0,0.0,1.0,0.0,
1.1496181485396244,1.2267132472754942,-0.5936976037678053,0.0,0.0,1.0,0.0,0.0,1.0,0.0,1.0,0.0,
1.213968476470194,0.9645097409153489,-0.5936976037678053,1.0,0.0,0.0,0.0,0.0,0.0,1.0,1.0,0.0,
0.7688730538871418,0.9436977366802095,-0.3319670143241998,0.0,0.0,0.0,1.0,0.0,1.0,0.0,1.0,0.0,
1.3022464780090537,2.1496133757737246,3.704691002804593,0.0,0.6171810253217489,0.0,0.3828189746782511,0.0,0.0,1.0,0.0,1.0,
1.7520251154444189,2.54688593954856,4.297172133908596,0.035228913665036,0.0,0.0,0.964771086334964,0.0,0.0,1.0,0.0,1.0,
0.2264365663925134,1.2150431633740963,-0.5936976037678053,0.0,1.0,0.0,0.0,0.0,0.0,1.0,1.0,0.0,
0.5536983089020191,1.2727531397214251,-0.5936976037678053,0.0,1.0,0.0,0.0,0.0,1.0,0.0,1.0,0.0,
-0.6234204075923755,1.1113003476577676,-0.5936976037678053,0.0,1.0,0.0,0.0,0.0,1.0,0.0,1.0,0.0,
0.29750253228497775,2.2915099541943835,-0.5936976037678053,0.0,0.0,1.0,0.0,0.0,0.17079022144883915,0.8292097785511608,0.0,1.0,
0.7897175037524485,-0.01567887083795512,0.824137121438164,1.0,0.0,0.0,0.0,0.12841762921152322,0.8715823707884768,0.0,0.0,1.0,
-0.8086965693250104,1.7039009364975293,0.1937227434707305,0.0,0.0,0.0,1.0,0.0,0.0,1.0,1.0,0.0,
2.759856002417929,2.1612258167943237,3.680303400516891,0.780800361862154,0.0,0.0,0.21919963813784604,0.0,1.0,0.0,1.0,0.0,
0.42458790771648613,1.866169941619178,-0.5936976037678053,1.0,0.0,0.0,0.0,0.0,1.0,0.0,0.0,1.0,
1.2324799631618917,1.261202669981712,-0.5936976037678053,0.0,0.0,1.0,0.0,0.0,1.0,0.0,1.0,0.0,
0.5062006868825225,1.5522708472926434,-0.5936976037678053,0.0,0.0,0.0,1.0,0.0,1.0,0.0,1.0,0.0,
0.5456558164438331,1.3280865927183347,-0.5936976037678053,0.0,0.0,1.0,0.0,0.0,0.0,1.0,1.0,0.0,
-0.9756067806892541,1.200755829414884,-0.5936976037678053,1.0,0.0,0.0,0.0,0.0,1.0,0.0,1.0,0.0,
2.4325746869442315,1.370872768713347,-0.5936976037678053,0.0,0.0,0.0,1.0,1.0,0.0,0.0,1.0,0.0,
0.7782502856007438,2.313878183831419,-0.5936976037678053,0.0,1.0,0.0,0.0,0.0,1.0,0.0,1.0,0.0,
0.6740237977376666,2.264583280395773,4.924737189790418,0.9161996524481706,0.0,0.0,0.08380034755182941,0.0,0.0,1.0,0.08380034755182941,0.9161996524481706,
1.0877220819904427,0.8940170122397,-0.5936976037678053,0.0,0.0,1.0,0.0,0.0,1.0,0.0,1.0,0.0,
1.4164410661773634,0.5726457959925741,0.07765186830860005,0.0,0.0,0.0,1.0,1.0,0.0,0.0,0.0,1.0,
-0.9990770987775781,2.528208401203626,1.3823935932902054,0.03359152570411539,0.0,0.0,0.9664084742958846,0.0,0.03359152570411539,0.9664084742958846,0.0,1.0,
1.5008766329822318,1.2910629963229479,0.19988447569714674,0.0,1.0,0.0,0.0,0.0,0.0,1.0,1.0,0.0,
1.0353377585425443,1.0253149636650387,-0.5936976037678053,0.0,0.0,0.0,1.0,0.0,1.0,0.0,1.0,0.0,
-0.7054175631232692,0.9624552684661636,-0.5936976037678053,0.0,1.0,0.0,0.0,0.0,0.0,1.0,1.0,0.0,
2.1020453031458137,1.1181436212833489,0.6000283494182462,0.0,0.0,1.0,0.0,0.0,1.0,0.0,1.0,0.0,
0.6425765900959824,-0.08491208546074741,-0.483407306822387,0.0,0.0,1.0,0.0,0.0,1.0,0.0,1.0,0.0,
2.0629584676584223,1.8226072834139966,-0.5936976037678053,1.0,0.0,0.0,0.0,0.0,0.0,1.0,0.0,1.0,
1.3016947954389273,0.4926442578167734,0.28757161037846524,0.0,0.0,0.0,1.0,1.0,0.0,0.0,0.0,1.0,
0.3593920231976057,1.2460190010165422,2.2346040181646067,0.0,0.0,1.0,0.0,1.0,0.0,0.0,1.0,0.0,
0.038055841205777624,2.077201860462512,4.692391352061386,0.13421586054061319,0.8657841394593868,0.0,0.0,0.0,1.0,0.0,1.0,0.0,
0.836571121081107,0.5158815955096431,-0.5936976037678053,1.0,0.0,0.0,0.0,0.0,1.0,0.0,1.0,0.0,
-0.5352708914550635,2.2074296064238577,-0.5936976037678053,0.0,0.0,1.0,0.0,1.0,0.0,0.0,0.6968635391675553,0.3031364608324447,
1.2090368937916907,1.210501568228807,0.005614551793176381,0.0,1.0,0.0,0.0,0.0,1.0,0.0,0.0,1.0,
0.3914276849545577,1.8960113052270802,-0.5936976037678053,0.0,0.0,0.0,1.0,0.0,1.0,0.0,1.0,0.0,
1.7182242732171014,1.0157294045305452,0.7986214812526204,1.0,0.0,0.0,0.0,0.0,0.0,1.0,1.0,0.0,
0.7241027524024319,0.5706508050530817,-0.5936976037678053,0.9022684459158529,0.0,0.0,0.09773155408414713,1.0,0.0,0.0,0.0,1.0,
2.1190898812782204,1.8330290309946886,-0.5936976037678053,1.0,0.0,0.0,0.0,0.0,0.0,1.0,1.0,0.0,
2.4321234693516693,2.2393871946781903,-0.5936976037678053,0.0,1.0,0.0,0.0,0.0,0.0,1.0,1.0,0.0,
-0.728165649852476,1.1989424861235214,-0.5936976037678053,1.0,0.0,0.0,0.0,0.0,1.0,0.0,1.0,0.0,
0.0495417442753631,2.2339191518429034,-0.5936976037678053,0.0,0.0,0.13590121978954794,0.864098780210452,0.0,1.0,0.0,1.0,0.0,
2.0309643660904637,2.500269126473597,4.8905196045412715,0.13165290668139706,0.0,0.8683470933186029,0.0,0.0,0.0,1.0,0.0,1.0,
-0.696822176489321,1.170721362445299,-0.5936976037678053,0.0,1.0,0.0,0.0,0.0,1.0,0.0,1.0,0.0,
-0.16926250353777633,1.9358704018927773,-0.5936976037678053,0.0,1.0,0.0,0.0,0.0,1.0,0.0,1.0,0.0,
1.4992165093097607,0.6453060248351724,0.1962699320616196,0.0,0.0,1.0,0.0,0.0,1.0,0.0,1.0,0.0,
1.852153044262867,1.610321866864259,-0.5936976037678053,0.0,0.0,0.15312432052147262,0.8468756794785274,1.0,0.0,0.0,0.0,1.0,
-0.19940502641945246,1.4115310976530493,-0.5936976037678053,1.0,0.0,0.0,0.0,0.0,0.0,1.0,1.0,0.0,
0.46540590570714446,0.9791207810938936,3.4156618501604883,0.0,0.0,0.0,1.0,0.0,1.0,0.0,1.0,0.0,
-0.9431702761989847,1.1472067937229211,0.0935528179384787,0.0,0.0,0.0,1.0,0.0,0.0,1.0,0.9812326031662271,0.01876739683377293,
1.7656111213744021,1.5257988797314566,-0.5936976037678053,0.0,0.0,1.0,0.0,0.0,1.0,0.0,1.0,0.0,
0.6469387690724673,0.9527029629912027,-0.5936976037678053,0.0,1.0,0.0,0.0,0.0,0.0,1.0,1.0,0.0,
0.7282964158292811,2.297429786725767,-0.5936976037678053,0.2631983300205748,0.7368016699794252,0.0,0.0,0.0,1.0,0.0,1.0,0.0,
2.368154720219855,1.1612678803901821,-0.4303012691785684,0.0,0.0,0.0,1.0,1.0,0.0,0.0,1.0,0.0,
1.2400520369200119,1.3438208128365021,-0.5936976037678053,0.0,1.0,0.0,0.0,0.0,1.0,0.0,1.0,0.0,
0.23109621620980952,0.7761392748081111,-0.30851956101527195,0.0,0.0,0.0,1.0,0.0,1.0,0.0,1.0,0.0,
-0.5692066602874948,2.193225916344218,-0.2288027728468754,0.0,0.0,0.0,1.0,0.0,0.0,1.0,0.41567899173093026,0.5843210082690697,
2.5073479546268613,1.1701684583164176,-0.5936976037678053,0.0,0.0,0.0,1.0,0.9999450969425053,0.0,5.4903057494670726e-05,1.0,0.0,
0.4711771188838463,1.3203251898345565,-0.5936976037678053,0.0,1.0,0.0,0.0,0.0,1.0,0.0,1.0,0.0,
1.167316354005848,1.5327087569482285,1.6400077822106618,0.0,1.0,0.0,0.0,0.0,0.0,1.0,1.0,0.0,
-0.0014722835262786435,2.3615444736652793,1.6254623398978083,0.0,0.0,1.0,0.0,0.0,0.0,1.0,0.7370043920692,0.2629956079308,
-0.10106349643688198,0.7452408719681478,-0.5936976037678053,0.0,0.0,0.0,1.0,0.0,1.0,0.0,1.0,0.0,
1.671018893637328,1.4109358543381252,-0.5936976037678053,0.0,0.0,1.0,0.0,0.0,1.0,0.0,1.0,0.0,
0.6119121176650301,1.907244212459513,-0.5936976037678053,0.0,0.0,0.0,1.0,0.0,0.0,1.0,1.0,0.0,
-0.9542363117097691,1.5460352681219605,2.879969949735895,0.0,1.0,0.0,0.0,0.0,0.13980285891066735,0.8601971410893327,1.0,0.0,
2.611303585008366,2.0916964374306737,-0.5936976037678053,0.6222589091083388,0.3777410908916612,0.0,0.0,0.0,0.0,1.0,0.0,1.0,
0.7231755386371225,0.16652843385303895,-0.5936976037678053,0.34638817054860016,0.6536118294513998,0.0,0.0,1.0,0.0,0.0,1.0,0.0,
1.560664995375515,2.258800567435261,-0.5936976037678053,0.0,0.0,1.0,0.0,0.0,1.0,0.0,0.0,1.0,
1.5765712622748016,2.359914475200497,-0.5936976037678053,1.0,0.0,0.0,0.0,0.0,0.0,1.0,0.0,1.0,
0.9267688239841037,2.2455446947693942,4.742483432593303,0.974297951263432,0.0,0.025702048736568006,0.0,0.0,0.0,1.0,0.0,1.0,
0.7813618250939147,1.1982931613720649,-0.5936976037678053,0.0,0.0,1.0,0.0,0.0,1.0,0.0,1.0,0.0,
0.9303201607890269,1.6961866127329397,1.8460717446032797,0.0,0.0,1.0,0.0,1.0,0.0,0.0,1.0,0.0,
0.03613227547656248,2.2647712902723125,-0.5936976037678053,0.0,0.0,0.37670091661718064,0.6232990833828194,0.0,1.0,0.0,1.0,0.0,
0.022995261812608747,1.499245731607226,-0.5936976037678053,1.0,0.0,0.0,0.0,0.0,0.0,1.0,1.0,0.0,
2.617728396356076,1.8020596440584966,-0.5936976037678053,0.0,0.0,1.0,0.0,1.0,0.0,0.0,1.0,0.0,
1.178789444707367,1.2586291351090786,-0.5936976037678053,0.0,0.0,1.0,0.0,0.0,1.0,0.0,1.0,0.0,
1.8142540816231922,0.7713682372552509,-0.5936976037678053,0.0,1.0,0.0,0.0,0.0,1.0,0.0,1.0,0.0,
0.6937461693247569,1.3700140291146021,-0.5936976037678053,0.0,0.0,1.0,0.0,0.0,1.0,0.0,0.0,1.0,
2.902753904476384,2.2473337062818617,3.550215305884,0.41421748556700566,0.0,0.0,0.5857825144329943,0.0,1.0,0.0,1.0,0.0,
1.0121973647463705,1.832414373881308,2.0950184747723894,0.0,1.0,0.0,0.0,0.0,0.0,1.0,1.0,0.0,
3.477822474201373,2.208153437772215,-0.5936976037678053,0.0,0.0,0.8090784852314433,0.19092151476855668,0.0,0.0,1.0,1.0,0.0,
1.8883423295001258,1.5997144555907676,-0.5936976037678053,0.0,0.0,0.0,1.0,1.0,0.0,0.0,0.0,1.0,
1.7523807784050809,1.3599503590921473,-0.07426325021431956,0.0,1.0,0.0,0.0,0.0,0.0,1.0,1.0,0.0,
1.925769307596802,1.8724555148968924,-0.5936976037678053,0.0,0.0,1.0,0.0,1.0,0.0,0.0,1.0,0.0,
0.30233291600829276,2.145549778852924,-0.5936976037678053,1.0,0.0,0.0,0.0,0.0,0.0,1.0,1.0,0.0,
1.3983148936308027,1.8203639287277233,-0.5936976037678053,1.0,0.0,0.0,0.0,0.0,0.0,1.0,1.0,0.0,
1.0103325911223822,1.7564473967458267,-0.5936976037678053,1.0,0.0,0.0,0.0,0.0,0.0,1.0,1.0,0.0,
-0.2919945569389913,1.4896016290354823,-0.5936976037678053,1.0,0.0,0.0,0.0,0.0,0.0,1.0,0.865491011767242,0.13450898823275803,
1.672039461169791,1.5737403829542824,-0.5936976037678053,0.0,0.0,0.0,1.0,0.0,1.0,0.0,1.0,0.0,
1.5862289781847898,2.0204506193154805,0.06906946209145626,0.0,0.0,0.0,1.0,0.0,1.0,0.0,1.0,0.0,
1.7825903505415197,1.8170185415329503,-0.5936976037678053,1.0,0.0,0.0,0.0,0.0,0.0,1.0,0.0,1.0,
2.4755722685755206,1.314371548218228,3.0842053643409195,0.0,0.0,1.0,0.0,0.0,0.0,1.0,0.5563478891491536,0.44365211085084644,
2.5771706291368885,1.8133939662828666,3.7786218614474096,0.0,0.0,1.0,0.0,0.0,0.8746163691792704,0.12538363082072956,0.0,1.0,
1.2554574927745885,0.655155785895345,-0.5936976037678053,1.0,0.0,0.0,0.0,0.0,1.0,0.0,1.0,0.0,
0.9491841183458447,1.8740166279641604,-0.5936976037678053,1.0,0.0,0.0,0.0,0.0,0.0,1.0,1.0,0.0,
1.503629256356872,2.022425463576202,-0.5936976037678053,0.0,0.0,1.0,0.0,1.0,0.0,0.0,1.0,0.0,
1.473572002487744,1.290063515359078,-0.5936976037678053,0.0,1.0,0.0,0.0,0.0,1.0,0.0,1.0,0.0,
2.6221170963361877,1.2788860795406323,-0.5936976037678053,0.0,0.0,1.0,0.0,0.0,0.5152399200788109,0.4847600799211891,1.0,0.0,
0.3355458716384789,1.1926108762456773,1.5826091579744181,0.0,0.0,1.0,0.0,0.05119261609023584,0.0,0.9488073839097642,1.0,0.0,
0.6493007413035365,1.642674449026038,-0.5936976037678053,0.0,0.0,1.0,0.0,0.0,1.0,0.0,1.0,0.0,
2.4979733141690668,2.227975180358685,-0.5520368965926693,0.0,1.0,0.0,0.0,0.0,0.0,1.0,0.0,1.0,
3.5560511811237836,2.1908214190645205,2.2374669222618833,0.0,1.0,0.0,0.0,0.0,1.0,0.0,1.0,0.0,
0.6557479492948108,1.0900892911779825,-0.5936976037678053,0.0,0.0,0.0,1.0,0.0,1.0,0.0,1.0,0.0,
0.3299728379901056,1.2177081305363435,2.2827880032995216,0.0,0.0,1.0,0.0,1.0,0.0,0.0,1.0,0.0,
1.2664317818394586,1.0474437995079573,-0.5936976037678053,0.0,1.0,0.0,0.0,0.0,1.0,0.0,1.0,0.0,
0.44518504458809305,0.9415011481945962,0.11668416654175917,1.0,0.0,0.0,0.0,0.0,0.0,1.0,1.0,0.0,
0.4469203374327547,1.3356286338795413,-0.5936976037678053,0.0,1.0,0.0,0.0,0.0,1.0,0.0,1.0,0.0,
-0.9416353599525705,1.1460296293071774,0.08390026718127785,0.0,0.0,0.0,1.0,0.0,0.0,1.0,0.9674510219441057,0.032548978055894295,
2.128726568594355,1.4765030143437823,-0.5936976037678053,0.0,1.0,0.0,0.0,0.0,0.0,1.0,1.0,0.0,
0.15902466618653363,0.7576289038285463,-0.5936976037678053,0.0,0.0,0.0,1.0,0.0,1.0,0.0,1.0,0.0,
-0.23533393777771622,2.1984284129043075,-0.5936976037678053,0.0,1.0,0.0,0.0,0.0,1.0,0.0,1.0,0.0,
1.5130575940398898,1.0881805257082873,-0.5936976037678053,0.0,1.0,0.0,0.0,0.0,0.0,1.0,1.0,0.0,
-0.9890489273168492,1.534824074294644,2.787095451269468,0.0,0.9465820532061499,0.0,0.053417946793850146,0.0,0.0,1.0,1.0,0.0,
1.2231741584444373,1.99772537367236,2.2817650581143627,0.0,0.0,0.0,1.0,1.0,0.0,0.0,0.12454901888062175,0.8754509811193782,
0.9832479298673967,0.6302799737794085,-0.5936976037678053,1.0,0.0,0.0,0.0,0.0,0.0,1.0,1.0,0.0,
1.6439366179248776,0.9075597131402553,-0.5936976037678053,0.0,0.0,0.0,1.0,0.0,0.0,1.0,1.0,0.0,
2.0982228308336377,1.6367940136957502,1.0430729440480642,1.0,0.0,0.0,0.0,0.0,0.7306322382764668,0.26936776172353316,0.0,1.0,
-0.4759759245168962,1.9555223725601216,2.839690825660188,0.0,0.0,1.0,0.0,1.0,0.0,0.0,1.0,0.0,
-0.5240086034040581,2.152785185409912,-0.4662966987195973,0.0,0.0,0.0,1.0,0.0,0.0,1.0,0.14513189902523638,0.8548681009747636,
0.4469203374327547,1.0654725159938474,-0.5936976037678053,0.0,1.0,0.0,0.0,0.0,1.0,0.0,1.0,0.0,
0.3355458716384789,1.2156511674840762,-0.5936976037678053,0.0,1.0,0.0,0.0,0.0,0.0,1.0,1.0,0.0,
1.1310190662130828,2.0047943476165297,-0.5936976037678053,1.0,0.0,0.0,0.0,0.0,1.0,0.0,1.0,0.0,
0.16430473376055524,2.317133189977069,2.6094487319737363,0.0,0.0,0.0,1.0,0.0,0.9874913303909668,0.012508669609033185,0.0,1.0,
1.6119541505464658,2.1089065370496596,-0.5936976037678053,1.0,0.0,0.0,0.0,0.0,0.0,1.0,0.0,1.0,
1.8264081325376686,1.1754080163720817,-0.5936976037678053,1.0,0.0,0.0,0.0,0.0,0.0,1.0,1.0,0.0,
1.0352048796854798,1.107199959031009,-0.5936976037678053,1.0,0.0,0.0,0.0,0.0,0.0,1.0,1.0,0.0,
3.115647326981506,2.0440418226148207,4.584485329155223,0.6709167825891507,0.32908321741084934,0.0,0.0,0.0,0.0,1.0,1.0,0.0,
0.1894279754361438,1.2780272484000705,-0.5936976037678053,0.0,1.0,0.0,0.0,0.0,1.0,0.0,1.0,0.0,
2.4881198945154503,2.142839107870187,-0.5936976037678053,0.0,1.0,0.0,0.0,0.0,1.0,0.0,1.0,0.0,
0.9821290339461262,1.451778584629941,-0.5936976037678053,1.0,0.0,0.0,0.0,0.0,0.0,1.0,1.0,0.0,
0.7717850279826646,2.30993696264741,-0.5936976037678053,0.45843433785792265,0.5415656621420774,0.0,0.0,0.0,1.0,0.0,1.0,0.0,
1.7744807391337807,2.301477361281095,1.4576823065015319,0.0,0.0,0.0,1.0,0.0,0.0,1.0,1.0,0.0,
1.194117473955005,1.5185849203336717,2.920217688575543,0.0,0.0,1.0,0.0,1.0,0.0,0.0,1.0,0.0,
0.46452429859308186,2.2165069901960637,-0.5936976037678053,1.0,0.0,0.0,0.0,0.0,0.0,1.0,1.0,0.0,
1.6712974681363404,1.4112741264194524,-0.5936976037678053,0.0,0.0,1.0,0.0,0.0,1.0,0.0,1.0,0.0,
1.295460973151647,0.548891322151896,-0.5936976037678053,1.0,0.0,0.0,0.0,0.6188076833182168,0.3811923166817832,0.0,1.0,0.0,
2.394272209984948,1.402121453155268,-0.5936976037678053,0.0,0.0,0.00763765211129841,0.9923623478887016,1.0,0.0,0.0,0.0,1.0,
2.0936230620529317,2.080723681079434,-0.5936976037678053,0.0,0.0,0.0,1.0,1.0,0.0,0.0,0.0,1.0,
0.6139820361241689,0.16652843385303895,-0.5936976037678053,0.47811678117078904,0.0,0.0,0.521883218829211,1.0,0.0,0.0,1.0,0.0,
0.999451189361958,0.4864531146437021,-0.5936976037678053,0.0,0.0,1.0,0.0,0.0,1.0,0.0,1.0,0.0,
0.5912551838879436,1.2041567688245676,-0.5936976037678053,0.0,0.0,1.0,0.0,0.0,1.0,0.0,1.0,0.0,
0.7041003331546674,2.0503237369392733,-0.5936976037678053,0.0,0.0,0.0,1.0,0.0,0.0,1.0,1.0,0.0,
-0.08472567305641229,1.389543504793367,-0.5936976037678053,1.0,0.0,0.0,0.0,0.0,0.0,1.0,1.0,0.0,
2.558378435384351,1.3729890739411152,-0.5936976037678053,0.0,0.0,0.0,1.0,0.0,0.0,1.0,0.08362333514128151,0.9163766648587185,
0.7806246413479443,2.1534093990786696,2.599895000655823,0.0,1.0,0.0,0.0,0.0,0.0,1.0,1.0,0.0,
0.9315466514110982,0.6176577218254836,-0.5936976037678053,0.0,0.0,1.0,0.0,0.0,0.0,1.0,1.0,0.0,
2.3016291766821273,2.528236335999258,4.867423831320106,0.0,0.0,0.89955246781848,0.10044753218152003,0.0,0.10044753218152003,0.89955246781848,0.0,1.0,
0.6735455600895129,1.5952485729190207,-0.5936976037678053,0.0,0.0,1.0,0.0,0.0,0.0,1.0,1.0,0.0,
2.6944208804969296,2.076149651188478,-0.5936976037678053,0.0,1.0,0.0,0.0,0.0,1.0,0.0,1.0,0.0,
0.14154817606037465,1.3042452839204584,-0.5936976037678053,0.0,1.0,0.0,0.0,0.0,1.0,0.0,1.0,0.0,
-0.5099839182976608,1.4703259101102537,-0.5936976037678053,1.0,0.0,0.0,0.0,0.0,0.0,1.0,1.0,0.0,
-0.23435879522745526,1.6526709186193305,1.6851166150721528,0.0,0.0,0.0,1.0,1.0,0.0,0.0,1.0,0.0,
-0.28438444822899944,1.7624506349600502,-0.5936976037678053,0.0,1.0,0.0,0.0,0.0,0.0,1.0,1.0,0.0,
1.9461843431296484,0.8056473169322562,-0.5936976037678053,0.0,0.0,0.0,1.0,0.0,0.0,1.0,1.0,0.0,
2.642312161029109,2.056401862532243,3.7921802795160975,0.8078704302626895,0.0,0.19212956973731055,0.0,0.0,1.0,0.0,0.8078704302626895,0.19212956973731055,
-0.6832579922647299,0.8911118618696223,-0.5936976037678053,0.0,1.0,0.0,0.0,0.0,0.0,1.0,1.0,0.0,
0.8568232914232242,0.5733486651289974,-0.5936976037678053,0.0,1.0,0.0,0.0,0.0,0.0,1.0,1.0,0.0,
0.5665148943679026,0.6005914609805059,1.9786747066243278,1.0,0.0,0.0,0.0,0.0,1.0,0.0,0.0,1.0,
0.8038416780261187,1.042374392076973,-0.5936976037678053,0.0,0.0,0.0,1.0,0.0,1.0,0.0,1.0,0.0,
0.9193801382587656,1.6954129641668143,-0.5936976037678053,1.0,0.0,0.0,0.0,0.0,0.0,1.0,1.0,0.0,
1.371324311657364,1.2150067881366062,-0.5936976037678053,1.0,0.0,0.0,0.0,0.0,1.0,0.0,1.0,0.0,
0.5582948032270308,0.6384418489737682,0.7135496546544303,1.0,0.0,0.0,0.0,0.0,0.0,1.0,1.0,0.0,
2.8177612522659694,2.1248105412278484,-0.5936976037678053,0.0,0.0,1.0,0.0,1.0,0.0,0.0,1.0,0.0,
3.3127755960524,2.2850827923943178,-0.5936976037678053,0.0,0.0,0.0,1.0,0.0,0.6070462743892688,0.39295372561073116,1.0,0.0,
1.1276835820858047,0.6320039730702717,-0.5936976037678053,0.0,1.0,0.0,0.0,0.0,1.0,0.0,1.0,0.0,
0.5995205106582246,0.8886727478173525,-0.5936976037678053,0.0,0.0,0.0,1.0,0.2596919385931187,0.7403080614068813,0.0,1.0,0.0,
1.6019329501884738,0.6265754177454229,-0.5936976037678053,0.0,0.0,0.0,1.0,0.0,0.0,1.0,1.0,0.0,
0.7814422008376548,0.7131868766648825,-0.5936976037678053,1.0,0.0,0.0,0.0,0.0,1.0,0.0,1.0,0.0,
2.689068964659314,2.0984946930837602,-0.5936976037678053,0.0,1.0,0.0,0.0,0.0,1.0,0.0,0.8158109165170596,0.18418908348294039,
1.8099824632710044,1.6594545404383512,-0.5936976037678053,0.0,0.0,0.0,1.0,1.0,0.0,0.0,0.0,1.0,
0.9995605866984683,1.0577185975309,-0.5936976037678053,0.0,0.0,0.0,1.0,0.0,1.0,0.0,1.0,0.0,
1.2812573926603676,1.4103709609190007,1.5826849589485956,0.0,1.0,0.0,0.0,0.0,0.0,1.0,1.0,0.0,
0.9400089043162878,1.6809676410889483,-0.5936976037678053,0.0,0.0,1.0,0.0,0.0,1.0,0.0,1.0,0.0,
0.3355458716384789,1.1884209268034347,-0.5936976037678053,0.0,1.0,0.0,0.0,0.0,0.0,1.0,1.0,0.0,
-0.8689628295359917,1.6705999512284861,-0.5936976037678053,0.12337012447500662,0.0,0.8766298755249934,0.0,0.0,1.0,0.0,0.0,1.0,
2.248219664109474,1.5225562157557657,-0.5936976037678053,0.0,1.0,0.0,0.0,0.0,0.0,1.0,1.0,0.0,
1.162058322570728,1.178050116272666,1.3765082424250892,0.0,1.0,0.0,0.0,0.0,1.0,0.0,1.0,0.0,
0.742092538170806,0.5933128036596031,-0.5936976037678053,1.0,0.0,0.0,0.0,0.9992338232746968,0.0,0.0007661767253032137,0.0,1.0,
0.8486610555314125,1.4523449409062716,-0.5936976037678053,0.0,0.0,0.0,1.0,0.0,1.0,0.0,1.0,0.0,
0.12531067535296775,1.9941034632470875,3.1632234071440397,0.0,0.5986269656316661,0.0,0.40137303436833394,0.0,1.0,0.0,0.0,1.0,
0.7820760246096382,2.312896618034173,-0.5936976037678053,0.5046343198447392,0.49536568015526083,0.0,0.0,0.0,1.0,0.0,1.0,0.0,
4.291025734382671,2.5685226804252053,-0.5936976037678053,1.0,0.0,0.0,0.0,0.0,1.0,0.0,1.0,0.0,
-0.143535130721471,1.5342576458670116,1.3713603660584908,0.0,0.0,0.0,1.0,1.0,0.0,0.0,1.0,0.0,
0.6557290832503406,0.5491121996484198,0.8086468007228846,1.0,0.0,0.0,0.0,0.0,0.0,1.0,1.0,0.0,
-0.8497590186749506,1.3471830393699018,2.209480288200715,0.0,0.0,0.0,1.0,1.0,0.0,0.0,1.0,0.0,
1.399967643533028,0.6421113914068343,0.32468724424470186,0.0,0.0,1.0,0.0,0.0,1.0,0.0,1.0,0.0,
1.1416020097467896,0.7126382995559005,-0.5936976037678053,1.0,0.0,0.0,0.0,0.0,0.0,1.0,1.0,0.0,
1.1622003348598908,1.1772332713122744,1.3762105539067975,0.0,1.0,0.0,0.0,0.0,1.0,0.0,1.0,0.0,
1.3361270073273848,1.2188462441718348,-0.5936976037678053,0.0,0.0,0.0,1.0,0.0,0.0,1.0,0.34404228980625284,0.6559577101937472,
0.1108032955817628,0.898781793401312,-0.5936976037678053,0.0,0.0,0.0,1.0,0.0,1.0,0.0,1.0,0.0,
2.027955538414578,1.7963920132866011,-0.5936976037678053,1.0,0.0,0.0,0.0,0.0,0.0,1.0,0.0,1.0,
2.0941040662817514,1.8167045881206183,-0.5936976037678053,0.0,0.0,0.0,1.0,0.0,0.0,1.0,1.0,0.0,
0.36531072581365714,1.3481756055503358,-0.5936976037678053,0.0,1.0,0.0,0.0,0.0,0.0,1.0,1.0,0.0,
0.07964932708471384,0.9454957935366226,-0.5936976037678053,1.0,0.0,0.0,0.0,0.0,0.0,1.0,1.0,0.0,
0.7919709555394849,1.95002595016372,1.847905933054125,0.0,0.0,0.0,1.0,1.0,0.0,0.0,0.4566035546221061,0.5433964453778939,
0.27141976543623325,1.5711413827994443,-0.5936976037678053,0.6161531535681598,0.0,0.3838468464318402,0.0,0.0,1.0,0.0,0.0,1.0,
-0.4156613350424811,2.146141056518218,-0.5936976037678053,0.0,0.0,0.10068290629733967,0.8993170937026603,0.0,0.0,1.0,0.0,1.0,
3.273879369907707,2.512654705379079,-0.5936976037678053,0.0,1.0,0.0,0.0,0.0,0.0,1.0,1.0,0.0,
-0.4785458044995996,0.9940198507149782,-0.5936976037678053,0.0,1.0,0.0,0.0,0.0,1.0,0.0,1.0,0.0,
0.33832601317295785,1.2315604013341002,-0.5936976037678053,0.0,1.0,0.0,0.0,0.0,0.0,1.0,1.0,0.0,
1.3060089202652052,2.4310852288996214,-0.5936976037678053,0.0,1.0,0.0,0.0,0.0,1.0,0.0,1.0,0.0,
-0.9355247146106653,1.0269877636038964,-0.5936976037678053,1.0,0.0,0.0,0.0,0.0,1.0,0.0,0.7650341025095881,0.23496589749041186,
0.6380455806356098,1.178130232405766,-0.5936976037678053,0.0,1.0,0.0,0.0,0.0,1.0,0.0,1.0,0.0,
1.8616405161634493,0.9663416143109088,-0.5936976037678053,0.0,1.0,0.0,0.0,0.0,1.0,0.0,1.0,0.0,
-0.1904094242572499,1.3784825697374392,-0.5936976037678053,1.0,0.0,0.0,0.0,0.0,0.0,1.0,1.0,0.0,
-0.5947130986854869,0.9415683697736094,-0.5936976037678053,0.0,1.0,0.0,0.0,0.0,0.0,1.0,1.0,0.0,
1.0072735938656516,0.6967546719440366,0.8479488508372081,1.0,0.0,0.0,0.0,0.0,0.0,1.0,1.0,0.0,
0.8584753638435045,2.271195256051678,-0.5936976037678053,1.0,0.0,0.0,0.0,0.0,0.0,1.0,1.0,0.0,
1.4069034882809275,1.0705674985270786,-0.5936976037678053,0.0,0.0,1.0,0.0,0.0,1.0,0.0,1.0,0.0,
-0.8563025045967216,1.0805857974020963,-0.4527281772067826,0.0,0.0,0.0,1.0,0.0,0.0,1.0,0.201271316862777,0.798728683137223,
1.8885254852429174,2.426043777030433,-0.5936976037678053,0.0,1.0,0.0,0.0,0.0,1.0,0.0,1.0,0.0,
2.1745961344762033,1.0684432284804057,-0.5936976037678053,0.0,0.0,0.0,1.0,0.0,0.0,1.0,1.0,0.0,
1.2702138896371138,0.8430990092743161,-0.5936976037678053,1.0,0.0,0.0,0.0,0.0,0.0,1.0,1.0,0.0,
-0.370334195572109,2.384461946265378,1.1601791387057085,0.0,0.0,1.0,0.0,0.9189492837363885,0.0,0.08105071626361149,0.9189492837363885,0.08105071626361149,
1.9493979289670191,1.573960164105086,-0.5936976037678053,0.0,1.0,0.0,0.0,0.0,1.0,0.0,0.0064508902812763225,0.9935491097187237,
1.2487002736036938,1.9335070266338283,-0.5936976037678053,0.0,0.0,0.0,1.0,0.0,1.0,0.0,1.0,0.0,
1.9133912886316464,1.7923280997848168,-0.5936976037678053,0.0,1.0,0.0,0.0,0.0,0.0,1.0,1.0,0.0,
-0.6618044830324519,1.385079445383526,-0.5936976037678053,0.38626792717198266,0.0,0.0,0.6137320728280173,0.0,0.0,1.0,0.0,1.0,
1.6601302165633973,2.438968514414119,1.2016805732569735,1.0,0.0,0.0,0.0,0.0,0.0,1.0,0.6019799306817568,0.3980200693182432,
-0.6492986484271521,1.368649662475941,3.3251785947276296,0.019669759982536728,0.9803302400174633,0.0,0.0,0.0,1.0,0.0,1.0,0.0,
-0.37233945181654127,1.857500609783344,-0.5936976037678053,0.0,1.0,0.0,0.0,0.0,0.0,1.0,1.0,0.0,
1.8308474690894465,1.6142456992799354,3.1853203468674827,0.0,0.0,1.0,0.0,1.0,0.0,0.0,1.0,0.0,
0.3751068200627118,1.196300287668202,-0.5936976037678053,0.0,1.0,0.0,0.0,0.0,0.0,1.0,1.0,0.0,
0.703492761065147,-0.16453825949130924,0.5324693894027632,0.3259229052247866,0.6740770947752134,0.0,0.0,1.0,0.0,0.0,1.0,0.0,
2.114431360546511,1.2006207254610168,-0.5936976037678053,0.0,0.0,0.0,1.0,0.0,0.0,1.0,0.314741616472358,0.685258383527642,
1.6530749185717932,1.0565844756354497,1.1100183219502542,0.6648613532610432,0.33513864673895677,0.0,0.0,0.0,0.0,1.0,1.0,0.0,
1.603703480999279,2.0291718157364724,-0.5936976037678053,1.0,0.0,0.0,0.0,0.0,0.0,1.0,1.0,0.0,
-0.44020881088831826,1.6151278674479164,-0.5936976037678053,0.0,0.0,1.0,0.0,0.0,1.0,0.0,1.0,0.0,
0.3734154083995346,1.3769931776015965,-0.5936976037678053,0.0,0.0,1.0,0.0,0.0,0.0,1.0,1.0,0.0,
1.022817436050093,1.8961978407674662,3.154172284683445,0.0,1.0,0.0,0.0,0.0,0.0,1.0,0.17081805520036886,0.8291819447996311,
2.718904135095351,1.5641519752247302,-0.5936976037678053,0.0,0.0,1.0,0.0,0.0,1.0,0.0,1.0,0.0,
-0.48116158910925977,0.9636238370758756,-0.5936976037678053,1.0,0.0,0.0,0.0,0.0,0.0,1.0,1.0,0.0,
0.5335968307764276,1.632675577872026,-0.5936976037678053,0.0,0.0,0.0,1.0,0.0,0.0,1.0,1.0,0.0,
0.07109095762914291,0.812538404185991,-0.5936976037678053,0.0,0.0,0.0,1.0,0.0,1.0,0.0,1.0,0.0,
1.637685152496347,2.495106894520567,1.2619798164929596,0.5233830696414791,0.0,0.0,0.47661693035852093,0.0,0.0,1.0,1.0,0.0,
2.976557276953995,2.3883718476820466,4.833806437402645,0.0,1.0,0.0,0.0,0.0,0.8096779420060969,0.19032205799390312,1.0,0.0,
0.33988449470034177,2.0729124230238085,3.3163854473252745,0.0,0.0,0.0,1.0,1.0,0.0,0.0,1.0,0.0,
1.8280859918213284,1.9310028236865833,-0.5936976037678053,0.0,0.0,1.0,0.0,0.0,1.0,0.0,0.0,1.0,
1.8215655764272398,1.1598957920938715,-0.5936976037678053,0.0,1.0,0.0,0.0,0.0,1.0,0.0,1.0,0.0,
0.2206111085493554,2.0508432747730896,4.7357860232417535,0.0,0.9193305756616181,0.08066942433838187,0.0,0.0,1.0,0.0,1.0,0.0,
2.2558491066137005,2.410660375759782,-0.5936976037678053,0.0,0.0,1.0,0.0,0.0,0.0,1.0,0.5313726085105716,0.46862739148942845,
0.6418157908279621,0.6243050113467553,2.1150712193289007,1.0,0.0,0.0,0.0,0.09373893177095693,0.9062610682290431,0.0,0.0,1.0,
1.647351502635303,1.6824447025542417,-0.1341459837549997,0.0,0.0,0.0,1.0,0.0,1.0,0.0,1.0,0.0,
-0.2792196628867666,1.7111592232582353,1.8400913965990138,0.0,0.0,0.0,1.0,1.0,0.0,0.0,1.0,0.0,
1.5650001291557916,0.5209362827829225,1.765351069127653,1.0,0.0,0.0,0.0,0.0,0.0,1.0,1.0,0.0,
1.752981364943319,1.2463004330494487,-0.5936976037678053,0.0,1.0,0.0,0.0,0.0,1.0,0.0,1.0,0.0,
2.311782365813845,2.463269376845829,-0.5936976037678053,0.0,0.0,1.0,0.0,0.0,0.0,1.0,0.34185977795574085,0.6581402220442591,
1.2854014066011406,0.4727972594271317,-0.5936976037678053,0.0,0.0,0.0,1.0,0.0,1.0,0.0,1.0,0.0,
-0.6177542192357386,1.1625990933402686,3.179055247767284,0.0,0.0,0.0,1.0,0.23542519189291455,0.7645748081070854,0.0,1.0,0.0,
2.4922426123009167,1.1562621856179702,2.012717165541062,0.0,0.6847502159712221,0.3152497840287779,0.0,0.0,0.0,1.0,0.0,1.0,
-0.8687500678097,2.0165192125546025,1.5769183168291172,0.3130344855945645,0.0,0.0,0.6869655144054355,0.0,1.0,0.0,0.0,1.0,
0.43986217040175246,1.2901678098355482,-0.5936976037678053,0.0,1.0,0.0,0.0,0.0,0.0,1.0,1.0,0.0,
1.1334552888035094,0.9647825250212041,-0.5936976037678053,0.0,0.0,0.0,1.0,0.0,1.0,0.0,1.0,0.0,
-0.3132393986827871,1.0351979486139238,-0.5936976037678053,0.0,1.0,0.0,0.0,0.0,0.0,1.0,1.0,0.0,
2.006162858552619,1.6073898637640156,3.3005913354230887,0.0,0.0,1.0,0.0,0.9158397428671784,0.0,0.0841602571328216,1.0,0.0,
0.8359518183829007,1.4677246950826264,-0.5936976037678053,0.0,0.0,0.0,1.0,0.0,1.0,0.0,1.0,0.0,
2.2065017201191712,1.883307721984511,-0.5936976037678053,1.0,0.0,0.0,0.0,0.0,0.0,1.0,1.0,0.0,
0.7131798837075798,0.625440722095564,1.2013055109117223,0.0,0.0,0.0,1.0,0.0,1.0,0.0,1.0,0.0,
0.7536989524638051,0.3093981464093951,-0.5936976037678053,1.0,0.0,0.0,0.0,0.1636807393075016,0.0,0.8363192606924984,1.0,0.0,
0.9052882623828497,2.0246250400455628,3.8989237758997795,0.3537773342167543,0.6462226657832457,0.0,0.0,0.0,0.0,1.0,0.0,1.0,
0.02128143908210594,2.4479656707111936,1.6055083035565167,0.0,0.0,1.0,0.0,0.08042298523088454,0.0,0.9195770147691155,1.0,0.0,
0.7285328495584893,0.9942442561653551,-0.5936976037678053,0.0,0.0,0.0,1.0,0.0,1.0,0.0,1.0,0.0,
0.6358359347269847,-0.239126767112261,0.5821075663258931,0.17405500207557245,0.8259449979244275,0.0,0.0,1.0,0.0,0.0,1.0,0.0,
1.6329027518918648,2.017975001988259,0.9670899098394112,0.17569875194830153,0.0,0.8243012480516985,0.0,0.0,1.0,0.0,0.0,1.0,
0.7939013021128983,0.8583647039764853,0.49199711044169947,0.0,0.6573535418319233,0.0,0.3426464581680767,0.0,1.0,0.0,0.0,1.0,
0.33681691154959487,1.171625955631546,-0.5936976037678053,0.0,1.0,0.0,0.0,0.0,0.0,1.0,1.0,0.0,
-0.11945617835803882,2.10067200905362,-0.5936976037678053,0.0,1.0,0.0,0.0,0.0,1.0,0.0,1.0,0.0,
1.2103601458917226,1.2516852023985126,1.3490491355202245,0.0,0.0,1.0,0.0,1.0,0.0,0.0,1.0,0.0,
1.0040135428714707,1.6072843731259367,1.6518468133160795,0.0,1.0,0.0,0.0,0.0,0.2509915938350885,0.7490084061649115,1.0,0.0,
1.363721321215149,1.8257110310839393,-0.5936976037678053,0.0,0.0,1.0,0.0,1.0,0.0,0.0,1.0,0.0,
1.0037733583905732,1.6079751354674983,1.6522697354211417,0.0,1.0,0.0,0.0,0.0,0.24991331938867656,0.7500866806113234,1.0,0.0,
0.05363529584395751,2.344630649967503,-0.5936976037678053,0.0,0.0,1.0,0.0,0.0,1.0,0.0,0.5311957618297268,0.46880423817027317,
0.0076883388346122294,2.086916791548686,2.9596374117133424,0.0,0.0,0.0,1.0,0.0,0.518753145179421,0.48124685482057905,0.0,1.0,
0.4364505410732109,1.2488009777721143,2.35752907008071,0.0,0.0,1.0,0.0,1.0,0.0,0.0,1.0,0.0,
0.511516751878669,0.8498546193007139,-0.5936976037678053,0.0,0.0,0.0,1.0,0.0,1.0,0.0,1.0,0.0,
0.44620110460899437,0.9939346537412689,-0.5936976037678053,0.0,0.0,1.0,0.0,0.0,0.0,1.0,1.0,0.0,
2.337123782906872,2.487104688044101,-0.5936976037678053,0.0,0.0,1.0,0.0,0.0,0.0,1.0,0.25599809651169414,0.7440019034883059,
-0.5088516193278501,2.301272555277881,1.3394381093446188,0.0,0.0,0.0,1.0,0.0,1.0,0.0,0.7295981119989222,0.2704018880010778,
1.5703657287188963,0.6233662084282584,-0.5936976037678053,0.0,0.0,0.0,1.0,0.0,0.0,1.0,1.0,0.0,
1.5390383061421002,1.8582136659312196,-0.5936976037678053,0.0,0.0,0.0,1.0,1.0,0.0,0.0,0.0,1.0,
1.358930197627016,1.6807334209990155,-0.5936976037678053,0.0,1.0,0.0,0.0,0.0,1.0,0.0,0.0,1.0,
-0.722557706161125,1.148980904476579,-0.5936976037678053,0.0,0.0,1.0,0.0,0.0,1.0,0.0,0.9997237382694955,0.0002762617305045456,
2.220458433608515,2.4649376174028794,-0.5936976037678053,0.0,1.0,0.0,0.0,0.0,1.0,0.0,1.0,0.0,
2.092217019277841,1.6570604235000075,1.0432743757583731,1.0,0.0,0.0,0.0,0.0,0.709062441239181,0.29093755876081895,0.0,1.0,
0.5757774967062604,0.9886059017863545,-0.5936976037678053,0.0,0.0,0.0,1.0,1.0,0.0,0.0,1.0,0.0,
0.9807208119471318,2.036857439501735,-0.5936976037678053,1.0,0.0,0.0,0.0,0.0,0.0,1.0,0.0,1.0,
1.218069088330018,1.9933751494300418,2.2663551389825933,0.0,0.0,0.0,1.0,1.0,0.0,0.0,0.14492101379590228,0.8550789862040977,
1.4594294610613894,0.6750524361903647,1.9985469085136547,0.0,1.0,0.0,0.0,0.0,0.0,1.0,0.6579967034481431,0.3420032965518569,
0.8393527588481675,0.6777886622411646,-0.5936976037678053,0.0,0.0,0.0,1.0,0.0,0.0,1.0,1.0,0.0,
0.6253255107361685,1.0879114216507044,-0.5936976037678053,0.0,1.0,0.0,0.0,0.0,1.0,0.0,1.0,0.0,
1.482515109904062,1.1672925767500022,1.4625991804636471,0.0,1.0,0.0,0.0,0.0,0.06722861299227678,0.9327713870077232,1.0,0.0,
0.2709703516169347,1.087673423255268,-0.5936976037678053,0.0,0.0,1.0,0.0,1.0,0.0,0.0,1.0,0.0,
0.7816498703784742,0.8014938639426568,-0.5936976037678053,1.0,0.0,0.0,0.0,0.0,1.0,0.0,1.0,0.0,
0.3106558524596403,1.494731864998825,2.884448596487171,0.7411601603094369,0.0,0.0,0.2588398396905631,0.0,1.0,0.0,1.0,0.0,
1.3349977047241264,1.1132503937650173,-0.5936976037678053,0.0,0.35080208341606334,0.0,0.6491979165839367,0.0,0.0,1.0,0.0,1.0,
0.5866982875582811,0.7138449333671648,-0.06752525394166503,0.0,0.0,0.0,1.0,0.0,1.0,0.0,1.0,0.0,
-0.8338860192014194,0.8240245454624175,-0.5936976037678053,0.0,0.0,0.7006010069228473,0.2993989930771527,0.0,0.0,1.0,0.0,1.0,
2.18451715837584,1.3003697846700124,-0.5936976037678053,1.0,0.0,0.0,0.0,0.0,0.0,1.0,1.0,0.0,
-0.306405560477789,1.5503884395885854,-0.5936976037678053,1.0,0.0,0.0,0.0,0.0,0.0,1.0,0.73609866464329,0.26390133535671,
1.158814706453684,0.5572476570606516,-0.5936976037678053,0.5405426547638104,0.45945734523618964,0.0,0.0,1.0,0.0,0.0,1.0,0.0,
0.6017977330131394,0.34670441714201883,-0.5936976037678053,0.0,0.0,1.0,0.0,0.0,0.0,1.0,0.19530028483577433,0.8046997151642257,
0.9064025600783292,0.6433692046961113,-0.5936976037678053,0.0,0.0,1.0,0.0,0.0,0.0,1.0,1.0,0.0,
-0.9022318985797961,1.0333110005476474,-0.16389430258671484,0.0,0.38634157397781754,0.0,0.6136584260221825,0.0,0.0,1.0,1.0,0.0,
1.2442938693665062,1.229998040932037,1.3092149721834374,0.0,0.0,1.0,0.0,1.0,0.0,0.0,1.0,0.0,
0.9661015440218308,1.9453384384219763,3.5583030659240875,0.13536719431516608,0.8646328056848339,0.0,0.0,0.0,0.0,1.0,0.0,1.0,
-0.6982672569716063,2.1657609872989005,-0.5936976037678053,0.0,0.0,1.0,0.0,1.0,0.0,0.0,0.45294711967510826,0.5470528803248917,
2.0669251780219273,1.1022097321296855,-0.5936976037678053,0.0,0.0,1.0,0.0,1.0,0.0,0.0,0.0,1.0,
2.8413313214047187,1.6824794197153674,-0.5936976037678053,0.0,0.0,0.0,1.0,0.0,0.0,1.0,1.0,0.0,
-0.4003126018648235,2.0971741496365564,-0.5936976037678053,0.0,0.0,1.0,0.0,1.0,0.0,0.0,1.0,0.0,
-0.6781425377121957,1.406673094967851,1.9443221094602814,0.0,0.0,0.0,1.0,1.0,0.0,0.0,1.0,0.0,
3.0840738677695274,2.0371869540149157,-0.5936976037678053,0.0,1.0,0.0,0.0,0.0,0.4795027850534902,0.5204972149465098,1.0,0.0,
2.0585486490130083,1.6263356171444918,-0.5936976037678053,0.0,0.0,0.0,1.0,0.0,1.0,0.0,1.0,0.0,
1.763586265614547,0.8730279709826128,-0.5936976037678053,0.0,1.0,0.0,0.0,0.0,1.0,0.0,1.0,0.0,
0.5718934719104187,1.1733323432639575,-0.5936976037678053,0.0,1.0,0.0,0.0,0.0,1.0,0.0,1.0,0.0,
1.6859666891407987,0.9245892642991287,-0.5936976037678053,0.0,0.0,0.0,1.0,0.0,0.0,1.0,1.0,0.0,
3.654260477707094,2.567111876547405,-0.5936976037678053,0.24187420329760445,0.7581257967023955,0.0,0.0,0.0,0.0,1.0,1.0,0.0,
0.34926777692900496,2.2818842777380195,-0.5936976037678053,0.06160256389409913,0.0,0.9383974361059009,0.0,0.0,0.0,1.0,0.0,1.0,
0.0802596559939132,1.7402534042818307,-0.5936976037678053,0.0,1.0,0.0,0.0,0.0,1.0,0.0,1.0,0.0,
1.1609309368857321,2.4046285934315086,-0.5936976037678053,1.0,0.0,0.0,0.0,0.0,0.0,1.0,0.0,1.0,
0.5116354455007734,0.8740875551303873,-0.5936976037678053,0.0,0.0,0.0,1.0,0.16211750344206055,0.8378824965579394,0.0,1.0,0.0,
-0.9774327298303387,2.0207550300650605,-0.5936976037678053,0.0,0.0,1.0,0.0,0.7888655366847714,0.21113446331522856,0.0,0.0,1.0,
0.4717496703671498,0.9615219899859794,-0.5936976037678053,0.0,1.0,0.0,0.0,0.0,1.0,0.0,1.0,0.0,
0.08936458984027529,1.3528765592476877,-0.5936976037678053,0.0,0.0,1.0,0.0,1.0,0.0,0.0,1.0,0.0,
-0.06923448296365471,0.7147278210635458,-0.5936976037678053,0.0,0.0,0.0,1.0,0.0,1.0,0.0,1.0,0.0,
1.3511430583174395,0.9225167990439735,-0.5936976037678053,0.0,0.0,0.0,1.0,0.0,1.0,0.0,1.0,0.0,
0.48801409835824433,0.9844582181583929,1.0190489652372872,0.0,0.0,0.0,1.0,0.0,1.0,0.0,0.0,1.0,
1.2476940698525032,0.9149924642587447,-0.5936976037678053,0.0,1.0,0.0,0.0,0.0,1.0,0.0,1.0,0.0,
0.3965385280711549,2.451400366443702,1.795561833949647,0.0,0.0,1.0,0.0,0.0,0.6095271811140948,0.39047281888590524,1.0,0.0,
1.1423547770855274,0.5435373772941705,-0.5936976037678053,0.0,1.0,0.0,0.0,0.0,1.0,0.0,1.0,0.0,
0.5972372029208018,1.2377928257883226,-0.5936976037678053,0.0,1.0,0.0,0.0,0.0,1.0,0.0,1.0,0.0,
2.006162858552619,1.0459914123482135,3.398796628976869,0.0,0.0,1.0,0.0,0.03950128607116454,0.0,0.9604987139288355,1.0,0.0,
-0.18770359054330746,1.8201293651492334,2.7283761551980072,0.0,0.0,1.0,0.0,0.47924389473005446,0.0,0.5207561052699455,1.0,0.0,
2.5811353630554326,1.9547462675819332,3.857155121444579,0.4416775898158869,0.0,0.5583224101841131,0.0,0.0,1.0,0.0,0.4416775898158869,0.5583224101841131,
-0.32311006330743786,0.596378498147642,-0.5936976037678053,0.0,0.0,1.0,0.0,0.0,0.0,1.0,0.0,1.0,
2.9741901655693628,2.3894877800331162,-0.5936976037678053,0.0,0.0,1.0,0.0,0.4646677322270919,0.0,0.5353322677729081,0.0,1.0,
1.615065068259587,1.3697062507072106,-0.5936976037678053,1.0,0.0,0.0,0.0,0.0,0.0,1.0,1.0,0.0,
0.9567213511437742,2.164774070895135,-0.5936976037678053,0.0,0.0,0.0,1.0,0.0,0.0,1.0,1.0,0.0,
1.6294339586787925,1.852109124061598,-0.5936976037678053,0.0,0.0,0.0,1.0,0.0,1.0,0.0,1.0,0.0,
0.6139820361241689,0.16652843385303895,-0.5936976037678053,0.9001325190449639,0.0,0.0,0.09986748095503606,1.0,0.0,0.0,1.0,0.0,
1.2795143184598576,1.9227069822256042,-0.5936976037678053,0.0,0.0,0.0,1.0,1.0,0.0,0.0,1.0,0.0,
0.5300538823410748,1.147942372646952,3.424924500789047,0.0,0.0,0.0,1.0,0.16904485652406176,0.8309551434759382,0.0,1.0,0.0,
-0.2770136902300393,1.238319687995629,-0.5936976037678053,1.0,0.0,0.0,0.0,0.0,0.0,1.0,1.0,0.0,
1.7308392531501056,1.6601109160760041,-0.5936976037678053,0.0,0.0,0.0,1.0,1.0,0.0,0.0,0.0,1.0,
0.5144282927680559,0.8725186145758569,-0.5936976037678053,0.0,0.0,0.0,1.0,0.0,1.0,0.0,1.0,0.0,
1.5738240825253857,1.3507882897852577,1.7274798771505329,0.0,1.0,0.0,0.0,0.0,0.0,1.0,0.5114650659115151,0.4885349340884849,
0.6707794511454555,0.6327207197350078,-0.5936976037678053,1.0,0.0,0.0,0.0,0.0,1.0,0.0,1.0,0.0,
0.5967860053612624,2.1442792691667556,-0.5936976037678053,1.0,0.0,0.0,0.0,0.0,0.0,1.0,1.0,0.0,
-0.8110271863792652,0.9204427579360833,2.5109480758493112,0.0,0.14737848500940276,0.0,0.8526215149905972,0.0,0.0,1.0,1.0,0.0,
2.694954100912642,2.0929179559411337,4.250133974196691,0.0,0.0,0.578884295992236,0.421115704007764,0.0,1.0,0.0,0.0,1.0,
-0.139375095964857,1.2331128005078236,2.2647826023589004,1.0,0.0,0.0,0.0,0.0,1.0,0.0,0.9637202735783819,0.03627972642161814,
0.5987912233391839,1.205100093724318,-0.5936976037678053,0.0,1.0,0.0,0.0,0.0,1.0,0.0,1.0,0.0,
1.1647422677520227,0.6093622370203455,-0.5936976037678053,0.0,1.0,0.0,0.0,0.0,1.0,0.0,1.0,0.0,
0.04888244398608793,1.4023004624578885,-0.5936976037678053,0.0,1.0,0.0,0.0,0.0,0.0,1.0,1.0,0.0,
1.879925371861244,1.4820045866470044,1.3908161540011847,0.0,0.0,0.0,1.0,1.0,0.0,0.0,0.9767911506370754,0.023208849362924555,
1.2977584439319196,0.5095950510579769,-0.5936976037678053,0.0,0.0,0.0,1.0,0.0,0.0,1.0,1.0,0.0,
2.358534945578548,1.5696128119017383,-0.5936976037678053,0.0,0.0,0.0,1.0,1.0,0.0,0.0,1.0,0.0,
-0.940477515816567,2.243703767318663,-0.5936976037678053,1.0,0.0,0.0,0.0,0.0,1.0,0.0,1.0,0.0,
1.0426835697059709,0.43624278830595925,-0.5936976037678053,0.0,1.0,0.0,0.0,0.0,1.0,0.0,1.0,0.0,
0.892418200609859,2.275603432720003,-0.5936976037678053,0.4612453517903098,0.0,0.0,0.5387546482096902,0.0,1.0,0.0,1.0,0.0,
0.5846026746744947,0.27800935036032964,-0.5936976037678053,0.0,0.0,0.0,1.0,0.5275780447547462,0.47242195524525377,0.0,0.0,1.0,
-0.8226370911913188,1.1446031601303752,-0.5936976037678053,1.0,0.0,0.0,0.0,0.0,1.0,0.0,1.0,0.0,
-0.029861993574076706,2.29295381660188,-0.5936976037678053,0.0,0.0,1.0,0.0,0.0,1.0,0.0,1.0,0.0,
0.34098241288316444,2.143071781267372,-0.5936976037678053,0.0,1.0,0.0,0.0,0.0,1.0,0.0,1.0,0.0,
0.9315699414946025,0.7597227543648117,2.1569954971701732,0.0,0.0,0.0,1.0,0.0,1.0,0.0,0.8147235624188566,0.18527643758114343,
2.2786777818311434,2.4321322838245343,-0.5936976037678053,0.0,0.0,1.0,0.0,0.0,0.0,1.0,0.45402458838548454,0.5459754116145155,
-0.4621470300190902,0.7667487759377416,1.7886782076698433,0.0,0.9459132726436069,0.0,0.05408672735639308,0.0,0.0,1.0,1.0,0.0,
0.5827404328325381,0.27434817123103594,-0.5936976037678053,0.0,0.0,0.0,1.0,1.0,0.0,0.0,0.43898086390217306,0.5610191360978269,
1.0019901774630453,0.5092974244895105,-0.5936976037678053,1.0,0.0,0.0,0.0,0.0,1.0,0.0,0.0,1.0,
1.066554124500088,0.47181326691199144,-0.5936976037678053,1.0,0.0,0.0,0.0,0.0,1.0,0.0,1.0,0.0,
1.8895584775559984,2.519198191850152,-0.5936976037678053,0.0,1.0,0.0,0.0,0.0,1.0,0.0,1.0,0.0,
-0.950081974968631,1.1163627301047765,2.6917651843742068,0.0,0.0,0.0,1.0,1.0,0.0,0.0,1.0,0.0,
0.9778708050430898,0.3728904291225692,-0.5936976037678053,0.0,1.0,0.0,0.0,0.0,1.0,0.0,1.0,0.0,
1.1820354063508094,1.5702556017820042,-0.5936976037678053,0.0,0.0,1.0,0.0,1.0,0.0,0.0,1.0,0.0,
-0.15764527053724176,2.0604107796259146,2.9707834184253423,0.0,0.8809138373948023,0.0,0.11908616260519767,0.0,1.0,0.0,0.0,1.0,
2.1813173306416767,2.1979588835714594,-0.5936976037678053,0.0,0.0,1.0,0.0,0.0,0.0,1.0,0.0,1.0,
1.7134582987252602,1.2065169883299454,-0.5936976037678053,0.0,1.0,0.0,0.0,0.0,1.0,0.0,1.0,0.0,
-0.6975339877250335,2.209323527845536,2.043358696058386,0.6292889106074415,0.3707110893925585,0.0,0.0,0.0,1.0,0.0,0.0,1.0,
-0.48844529708505585,1.3670540235569029,-0.5936976037678053,1.0,0.0,0.0,0.0,0.0,0.0,1.0,1.0,0.0,
-0.06512422934721747,2.263912038295206,1.6014452520886244,0.0,0.0,1.0,0.0,0.0,0.0,1.0,0.4512479335892432,0.5487520664107568,
-0.461514004057867,1.9206914395724834,-0.5936976037678053,0.0,1.0,0.0,0.0,0.0,1.0,0.0,1.0,0.0,
0.37445229110655665,1.3705473599893032,1.4143517835884512,0.0,0.6986595929437404,0.30134040705625964,0.0,0.0,0.0,1.0,1.0,0.0,
-0.3733920615243624,1.1177238651898984,2.484699144334367,0.0,0.0,1.0,0.0,1.0,0.0,0.0,0.3634645714284751,0.6365354285715249,
2.0197951840954,1.0867069007517893,-0.5936976037678053,1.0,0.0,0.0,0.0,0.0,0.0,1.0,1.0,0.0,
1.1014469355159366,1.0126397817342685,-0.5936976037678053,0.0,0.0,0.0,1.0,0.0,1.0,0.0,1.0,0.0,
1.0605884421442149,1.7858149088717805,-0.5936976037678053,1.0,0.0,0.0,0.0,0.0,0.0,1.0,1.0,0.0,
-0.7397626623536344,1.162040118377656,-0.5936976037678053,0.0,0.0,1.0,0.0,0.30978570938075156,0.6902142906192484,0.0,1.0,0.0,
-0.2989428666599609,1.3964759255292662,-0.5936976037678053,1.0,0.0,0.0,0.0,0.0,1.0,0.0,1.0,0.0,
-0.5325573095368072,1.3114550636893418,-0.5936976037678053,1.0,0.0,0.0,0.0,0.0,1.0,0.0,1.0,0.0,
0.8015070505500296,1.0290971564093172,-0.5936976037678053,0.0,0.0,1.0,0.0,0.0,1.0,0.0,1.0,0.0,
0.4308694026601927,2.2165069901960637,-0.5936976037678053,1.0,0.0,0.0,0.0,0.0,0.0,1.0,1.0,0.0,
0.6541643691491815,1.0809806466447645,-0.5936976037678053,0.0,0.0,0.0,1.0,0.0,1.0,0.0,1.0,0.0,
2.2970723195492777,2.528773992001607,4.868717046770498,0.0,0.0,0.9058470429575449,0.09415295704245508,0.0,0.09415295704245508,0.9058470429575449,0.0,1.0,
1.517637592919232,2.062174821957136,0.5031780891935611,0.6931654717687282,0.0,0.3068345282312718,0.0,0.0,1.0,0.0,0.0,1.0,
2.164576802261513,2.539899893322793,4.800401651515836,0.0,0.0,0.8555885601316965,0.14441143986830351,0.0,0.0,1.0,0.0,1.0,
2.0954343255333914,1.8099032013635101,-0.5936976037678053,0.0,0.0,0.0,1.0,0.0,0.0,1.0,1.0,0.0,
-0.775453927144007,2.032764648639575,-0.5936976037678053,1.0,0.0,0.0,0.0,0.0,1.0,0.0,1.0,0.0,
-0.3987670984089378,1.7474861039584857,-0.5936976037678053,0.0,1.0,0.0,0.0,0.0,0.0,1.0,1.0,0.0,
0.5804792065161011,2.1667389548997336,-0.5936976037678053,0.5338749887246873,0.0,0.0,0.4661250112753127,0.0,0.0,1.0,1.0,0.0,
1.31106946164311,1.1873215261428953,1.2308283532898887,0.0,0.0,1.0,0.0,1.0,0.0,0.0,1.0,0.0,
0.9342060939665957,0.8907973704311174,-0.3394215422853787,0.0,0.0,0.0,1.0,1.0,0.0,0.0,1.0,0.0,
-0.1747838881125556,1.4237620101089976,3.002276134395558,0.4489065595593328,0.0,0.0,0.5510934404406672,0.0,1.0,0.0,1.0,0.0,
1.3380279985161092,1.8683754765304437,-0.5936976037678053,1.0,0.0,0.0,0.0,0.0,0.0,1.0,0.0,1.0,
-0.13310776981906494,1.3988198550178688,-0.5936976037678053,1.0,0.0,0.0,0.0,0.0,0.0,1.0,1.0,0.0,
-0.38471776237493266,1.1850093331416225,3.273098382388568,0.0,0.0,0.0,1.0,0.0,1.0,0.0,1.0,0.0,
1.7382119878235454,1.8342663636226393,-0.5936976037678053,0.0,1.0,0.0,0.0,0.0,1.0,0.0,0.0,1.0,
1.9565006026628144,1.6463416414823286,3.2572522836218725,0.0,0.0,1.0,0.0,1.0,0.0,0.0,1.0,0.0,
0.24626389509687563,2.0447053180618524,3.175086127568408,0.0,0.0,0.0,1.0,1.0,0.0,0.0,1.0,0.0,
2.5073479546268613,1.2505987247001908,-0.5936976037678053,0.0,0.0,0.0,1.0,0.05831261633056817,0.0,0.9416873836694318,1.0,0.0,
0.5512699593708568,0.8498546193007139,-0.5936976037678053,0.0,0.0,0.0,1.0,0.0,1.0,0.0,1.0,0.0,
2.0206905608767407,1.819448085690722,-0.5936976037678053,0.0,0.0,1.0,0.0,0.0,1.0,0.0,1.0,0.0,
1.575314434514779,2.44707428824032,-0.5936976037678053,1.0,0.0,0.0,0.0,0.0,0.0,1.0,0.0,1.0,
-0.7776307532412906,1.8301741052281968,0.21351943002128354,0.0,0.0,0.0,1.0,0.0,0.0,1.0,1.0,0.0,
-0.07250009638100507,2.0315796571396754,-0.5936976037678053,1.0,0.0,0.0,0.0,0.0,0.0,1.0,0.0,1.0,
2.3380707060829238,2.0135601614708407,2.4391182011835566,0.0,0.9867381340553969,0.013261865944603102,0.0,0.0,1.0,0.0,1.0,0.0,
2.1652337256090837,1.8527755028280692,-0.5936976037678053,1.0,0.0,0.0,0.0,0.0,0.0,1.0,0.0,1.0,
3.0304641135141366,2.376991179676885,3.790989407601462,0.0,0.0,0.0,1.0,0.0,1.0,0.0,0.6969128440404202,0.3030871559595798,
3.3071538441627197,2.2673832186292846,-0.5936976037678053,0.0,0.0,1.0,0.0,1.0,0.0,0.0,0.5637535788262099,0.4362464211737901,
1.2874304512343744,1.1064932212427452,-0.5936976037678053,0.0,1.0,0.0,0.0,0.0,1.0,0.0,1.0,0.0,
-0.5368521605966097,0.9312126388198059,-0.5936976037678053,0.0,1.0,0.0,0.0,0.0,0.0,1.0,1.0,0.0,
0.952556110048718,0.4292610833414195,0.6744295026957174,0.0,0.0,1.0,0.0,0.0,1.0,0.0,1.0,0.0,
1.1424762756752154,1.9289596411636416,2.038174310150637,0.0,0.0,0.0,1.0,1.0,0.0,0.0,0.44657728109881,0.55342271890119,
0.7013200870029787,2.2587977575017617,4.832493977376025,0.754883398806195,0.0,0.0,0.24511660119380496,0.0,0.0,1.0,0.24511660119380496,0.754883398806195,
0.6139820361241689,0.5955559252691652,-0.5936976037678053,0.0,0.0,0.0,1.0,0.0,1.0,0.0,0.6158468923036953,0.38415310769630473,
1.4767181056365735,2.061685223846905,0.25888068949975057,1.0,0.0,0.0,0.0,0.0,1.0,0.0,0.0,1.0,
0.5648452646253923,1.2342274197337513,-0.5936976037678053,1.0,0.0,0.0,0.0,0.0,1.0,0.0,0.0,1.0,
1.7053238671238613,1.7337116406931905,-0.5936976037678053,1.0,0.0,0.0,0.0,0.0,0.0,1.0,0.0,1.0,
-0.2770136902300393,1.2796097516250815,-0.5936976037678053,1.0,0.0,0.0,0.0,0.0,0.0,1.0,1.0,0.0,
1.50701552296653,1.5445833657475185,-0.5936976037678053,0.0,0.0,1.0,0.0,0.0,1.0,0.0,1.0,0.0,
1.420431539333628,1.0558730202295565,-0.5936976037678053,0.0,0.0,0.0,1.0,0.0,0.0,1.0,1.0,0.0,
0.5739654063402555,0.9572686456710825,-0.5936976037678053,0.0,0.0,0.0,1.0,0.7185961252165209,0.28140387478347906,0.0,1.0,0.0,
-0.4556191360529418,1.6963750338015307,3.1039518623085285,0.0,0.0,0.8160586569384594,0.18394134306154064,1.0,0.0,0.0,1.0,0.0,
3.06613698992731,1.8476637135834808,-0.5936976037678053,0.0,0.0,0.0,1.0,0.0,0.0,1.0,1.0,0.0,
0.5201626498131371,0.5116679875919687,-0.15709962719136972,0.0,0.0,0.0,1.0,0.0,1.0,0.0,0.0,1.0,
1.2673402043485966,0.5277024126231078,0.266750674787211,0.0,0.0,1.0,0.0,0.0,1.0,0.0,1.0,0.0,
2.2683982740129043,1.6861365214824884,0.7765491400800764,0.0,1.0,0.0,0.0,0.0,0.0,1.0,0.0,1.0,
0.05509972119849867,2.344630649967503,-0.5936976037678053,0.0,0.0,1.0,0.0,0.0,1.0,0.0,0.5180470984974496,0.48195290150255043,
-0.26194600639544474,1.5079012790979183,3.0450472061965677,0.4544110618479045,0.5455889381520955,0.0,0.0,0.0,1.0,0.0,1.0,0.0,
3.311517595680149,2.0992807832826776,-0.5936976037678053,0.0,1.0,0.0,0.0,0.0,0.7795869967295792,0.2204130032704208,1.0,0.0,
3.020073124556217,2.2944123510291323,-0.5936976037678053,0.0,0.0,1.0,0.0,0.0,0.0,1.0,1.0,0.0,
2.5063359633487097,2.223502702348319,-0.5936976037678053,0.0,1.0,0.0,0.0,0.0,0.0,1.0,0.0,1.0,
0.9226736257094866,0.3805165041715584,0.5969377568493874,0.0,0.0,1.0,0.0,0.0,1.0,0.0,1.0,0.0,
-0.35526391779266214,1.869558053212792,3.0941752726254523,0.0,0.0,1.0,0.0,1.0,0.0,0.0,1.0,0.0,
1.6895712533948937,1.04514292951389,0.977807312693346,0.0,0.0,1.0,0.0,0.0,1.0,0.0,1.0,0.0,
-0.9263829624741393,1.1708887687637988,2.577836366857491,0.0,0.0,0.0,1.0,1.0,0.0,0.0,1.0,0.0,
0.7253565019184448,0.9250534653420692,-0.5936976037678053,1.0,0.0,0.0,0.0,0.0,1.0,0.0,0.47845622695277823,0.5215437730472218,
1.7913912144280169,1.3135233969822782,-0.5936976037678053,0.0,0.0,1.0,0.0,0.7144172134792247,0.0,0.2855827865207753,0.0,1.0,
1.7458356303192875,1.4653488317260726,-0.5936976037678053,0.0,1.0,0.0,0.0,0.0,0.0,1.0,1.0,0.0,
-0.9233110793893348,2.204817933483883,1.5540439771654389,0.8029224611779133,0.0,0.0,0.19707753882208667,0.0,1.0,0.0,0.0,1.0,
2.002716273572284,1.5722950694830007,-0.3946062140161813,0.0,0.0,1.0,0.0,0.0,1.0,0.0,1.0,0.0,
1.479620244864513,1.2856352104788054,-0.5936976037678053,0.0,0.0,1.0,0.0,0.0,1.0,0.0,0.0,1.0,
0.16786003105217967,0.8498546193007139,-0.5936976037678053,0.0,0.0,0.0,1.0,0.0,1.0,0.0,1.0,0.0,
1.8667696067101027,1.624149648988291,-0.5936976037678053,0.0,0.0,1.0,0.0,1.0,0.0,0.0,1.0,0.0,
1.3884725050927242,1.3017568234099677,-0.5936976037678053,0.0,0.0,1.0,0.0,0.0,0.0,1.0,0.0,1.0,
-0.9985432649379532,1.0429621255383952,-0.5936976037678053,0.991364437305328,0.0,0.008635562694672028,0.0,0.0,1.0,0.0,1.0,0.0,
0.10340805262770672,1.5503493532941084,2.563300210052601,1.0,0.0,0.0,0.0,0.0,1.0,0.0,1.0,0.0,
2.1032773725110827,1.1324053721840461,2.746360873951388,0.0,0.0,1.0,0.0,0.0,0.5813092690853534,0.4186907309146466,1.0,0.0,
0.7389913337572795,1.931575170001992,-0.5936976037678053,0.0,0.0,1.0,0.0,0.0,1.0,0.0,1.0,0.0,
1.4096361278464737,1.2086664657019073,1.220962702752832,0.0,0.0,0.8712091437691157,0.12879085623088427,1.0,0.0,0.0,1.0,0.0,
0.7930388510707895,1.406367979297664,-0.5936976037678053,0.0,0.0,1.0,0.0,0.0,0.0,1.0,1.0,0.0,
2.4861479666456296,1.2270695121755766,-0.5936976037678053,0.0,0.0,0.0,1.0,1.0,0.0,0.0,1.0,0.0,
2.5668435625542365,1.3386494191199398,-0.07443204798960562,0.0,0.0,1.0,0.0,0.0,1.0,0.0,1.0,0.0,
0.7702648897241544,0.6866991617288006,0.4837486980466695,0.0,0.0,0.0,1.0,0.4861742545557479,0.5138257454442521,0.0,0.0,1.0,
2.3772390185196963,1.8075859573499904,-0.42718641108785405,0.0,1.0,0.0,0.0,0.0,0.0,1.0,0.8317884608533718,0.16821153914662823,
3.2973722859986023,2.3232767066722633,-0.5936976037678053,0.0,0.0,1.0,0.0,1.0,0.0,0.0,1.0,0.0,
2.7602015334410854,2.4741301454967357,4.737283069914941,0.0,0.0,0.2661075139468544,0.7338924860531456,0.0,0.7338924860531456,0.2661075139468544,0.0,1.0,
1.647201486419194,1.1398483185233486,-0.5936976037678053,0.0,0.0,0.0,1.0,0.0,0.0,1.0,1.0,0.0,
0.4201416319671483,1.4007395416589499,-0.5936976037678053,0.0,1.0,0.0,0.0,0.0,0.0,1.0,1.0,0.0,
1.7344998036316386,2.3276054247060842,-0.5936976037678053,0.0,1.0,0.0,0.0,0.0,1.0,0.0,1.0,0.0,
2.9039659472127624,1.519198687336389,-0.5936976037678053,0.0,0.0,0.0,1.0,0.0,0.0,1.0,1.0,0.0,
0.6750686859101437,2.2644740053921297,4.924370810339503,0.9179054264455427,0.0,0.0,0.08209457355445726,0.0,0.0,1.0,0.08209457355445726,0.9179054264455427,
-0.36546971592459765,1.4527877784285173,1.5651810863531683,0.0,0.0,0.0,1.0,1.0,0.0,0.0,1.0,0.0,
1.7059593112961036,2.3232767066722633,-0.5936976037678053,0.0,1.0,0.0,0.0,0.0,1.0,0.0,1.0,0.0,
-0.1271503871137205,0.8130503368716603,-0.5936976037678053,0.0,0.0,0.0,1.0,0.0,1.0,0.0,1.0,0.0,
2.1103195880689287,1.1427794075318427,-0.5936976037678053,1.0,0.0,0.0,0.0,0.0,0.0,1.0,1.0,0.0,
3.038372146393708,2.2946930302831348,-0.5936976037678053,0.0,0.0,1.0,0.0,0.0,0.0,1.0,1.0,0.0,
1.546016594444834,2.4518907709791318,-0.5936976037678053,1.0,0.0,0.0,0.0,0.0,0.0,1.0,0.0,1.0,
0.44090134233379497,1.4206409470140073,-0.5936976037678053,0.0,1.0,0.0,0.0,0.0,0.0,1.0,1.0,0.0,
0.7578906484207616,2.284797514512973,-0.5936976037678053,0.0,1.0,0.0,0.0,0.0,1.0,0.0,1.0,0.0,
1.4387752083486232,2.5027691110983947,1.3075892267442748,0.7027929442461293,0.29720705575387074,0.0,0.0,0.0,0.0,1.0,1.0,0.0,
2.063170336459766,1.0862667873223106,3.0176365330508355,0.0,0.0,1.0,0.0,0.0,0.34123607238334086,0.6587639276166591,1.0,0.0,
1.389652791444162,1.1503246944712355,1.1675012221443288,0.0,0.0,1.0,0.0,0.8451568251057837,0.15484317489421628,0.0,1.0,0.0,
2.5073479546268613,1.2529712584764636,-0.5936976037678053,0.0,0.0,0.0610726411919581,0.9389273588080419,0.0,0.0,1.0,1.0,0.0,
-0.46097266405050324,1.9565955894345637,4.131976924430827,0.6965682392540221,0.0,0.0,0.3034317607459779,0.0,1.0,0.0,1.0,0.0,
1.6481272107886533,2.012136999001412,1.0283643357640213,0.10735068496448308,0.0,0.8926493150355169,0.0,0.0,1.0,0.0,0.0,1.0,
1.715559660263036,1.7494117956410569,-0.5936976037678053,1.0,0.0,0.0,0.0,0.0,0.0,1.0,0.0,1.0,
0.29554331545289103,0.8366210702833476,-0.5936976037678053,0.0,0.0,0.0,1.0,0.0,1.0,0.0,1.0,0.0,
1.2732030823664633,2.4416050173564545,1.3691504365576495,0.0,1.0,0.0,0.0,0.0,0.0,1.0,1.0,0.0,
1.7535793953315058,2.0819410817348576,-0.5936976037678053,0.0,0.0,1.0,0.0,0.0,1.0,0.0,0.0,1.0,
3.4255035016103372,2.285154260478213,-0.5936976037678053,0.0,0.0,1.0,0.0,1.0,0.0,0.0,0.702455844127017,0.297544155872983,
0.683704025567549,2.2812415447348573,-0.5936976037678053,0.0,1.0,0.0,0.0,0.0,1.0,0.0,1.0,0.0,
3.087700547435749,2.0333252918292635,4.573810295226359,0.6987974795259337,0.30120252047406626,0.0,0.0,0.0,0.0,1.0,1.0,0.0,
-0.03349488063708772,1.9604163348190655,2.7528529345035,0.0,0.0,0.0,1.0,1.0,0.0,0.0,1.0,0.0,
2.0901472540524133,1.1173006637739098,2.835170267255147,0.0,0.0,1.0,0.0,0.0,0.5027148422267912,0.4972851577732088,1.0,0.0,
0.6123708720568408,1.378751244990934,-0.5936976037678053,0.0,0.0,1.0,0.0,0.0,1.0,0.0,0.0,1.0,
-0.3055578563850085,0.8539807266250197,-0.5936976037678053,0.0,1.0,0.0,0.0,0.0,1.0,0.0,1.0,0.0,
0.5656749611908239,0.6872553820890039,2.003896294165886,0.867471275194706,0.0,0.0,0.13252872480529398,0.0,1.0,0.0,0.0,1.0,
2.1073709459786976,1.3068822012268413,-0.5936976037678053,0.0,0.0,1.0,0.0,0.0,1.0,0.0,1.0,0.0,
0.5169442421061147,0.7783862057538212,-0.31721212527998927,0.0,0.0,0.0,1.0,0.0,1.0,0.0,1.0,0.0,
1.3857742288152353,2.10669276195676,4.906756422648267,0.0,0.047524583180588054,0.952475416819412,0.0,0.0,1.0,0.0,1.0,0.0,
2.4491490594287577,2.4613619247811136,-0.5936976037678053,0.0,1.0,0.0,0.0,0.0,0.0,1.0,1.0,0.0,
-0.8435635370894855,1.3614374336624422,2.1796966045496484,0.0,0.0,0.0,1.0,1.0,0.0,0.0,1.0,0.0,
1.9979231811701919,2.4941687357986537,4.890930042943605,0.1536282774436709,0.0,0.8463717225563291,0.0,0.0,0.0,1.0,0.0,1.0,
1.9954886210763931,2.2337677679679193,0.15847351944678312,0.0,0.0,1.0,0.0,0.0,0.0,1.0,1.0,0.0,
0.013334542114070036,2.3156486946665167,5.013108441579244,0.17860897868561287,0.0,0.0,0.8213910213143871,0.0,0.17860897868561287,0.8213910213143871,1.0,0.0,
0.8980711107643853,2.11300032534621,-0.5936976037678053,1.0,0.0,0.0,0.0,0.0,0.0,1.0,0.0,1.0,
1.321509732861468,1.124794769675585,-0.5936976037678053,1.0,0.0,0.0,0.0,0.0,1.0,0.0,1.0,0.0,
0.29513954156695904,1.9529492623254072,2.3638112478675706,0.0,0.0,0.0,1.0,0.0,1.0,0.0,0.0,1.0,
2.155004171333057,1.3723883039145828,-0.5936976037678053,1.0,0.0,0.0,0.0,0.0,0.0,1.0,1.0,0.0,
-0.4369227975494341,1.1917462743338187,-0.5936976037678053,0.0,1.0,0.0,0.0,0.0,0.0,1.0,1.0,0.0,
0.03664566495420187,2.028245092841536,-0.5936976037678053,0.0,1.0,0.0,0.0,0.0,1.0,0.0,1.0,0.0,
2.0363644638942207,1.166222180773721,1.9238863307557474,0.0,0.0,1.0,0.0,0.0,1.0,0.0,1.0,0.0,
1.856396791434011,1.3001462524460992,-0.5936976037678053,0.0,0.0,1.0,0.0,1.0,0.0,0.0,0.15529261082835077,0.8447073891716492,
0.22352632776928705,1.310086167536312,2.2865460654804934,0.0,0.0,1.0,0.0,1.0,0.0,0.0,1.0,0.0,
-0.031978196555079,0.9431098666381119,-0.5936976037678053,0.0,1.0,0.0,0.0,0.0,1.0,0.0,1.0,0.0,
2.503790229305097,2.5043836892703615,4.8100514386604845,0.0,0.0,0.6202990484487028,0.37970095155129724,0.0,0.37970095155129724,0.6202990484487028,0.0,1.0,
-0.15158374787170054,2.154517570514985,2.808092478593902,0.0,0.7184499573941275,0.0,0.28155004260587246,0.0,1.0,0.0,0.0,1.0,
0.8841650234708209,2.133306563463916,-0.5936976037678053,0.0,0.0,1.0,0.0,0.0,0.0,1.0,0.0,1.0,
0.13157932705142916,2.3075526958677157,2.562970590516697,0.0,0.0,0.0,1.0,0.0,1.0,0.0,0.0,1.0,
2.3976996733605374,1.7905796767212985,-0.5936976037678053,0.0,1.0,0.0,0.0,0.0,0.0,1.0,1.0,0.0,
-0.2996247788930644,2.2588257668081524,-0.5936976037678053,0.0,1.0,0.0,0.0,0.0,1.0,0.0,1.0,0.0,
2.647415866512327,1.3469312429246512,1.4622839138642454,0.0,0.0,1.0,0.0,0.0,1.0,0.0,1.0,0.0,
0.8090780542568912,0.4294571748723389,-0.5936976037678053,0.0,0.0,0.0,1.0,0.0,0.0,1.0,1.0,0.0,
0.860772074732324,2.0936325561340916,3.1073499575501207,0.0,1.0,0.0,0.0,0.0,0.0,1.0,0.5136566650240626,0.4863433349759374,
1.1295642919553557,0.6483202311761466,2.0446050373752436,0.0,1.0,0.0,0.0,0.0,0.0,1.0,1.0,0.0,
2.2565672470616014,1.5476722416381798,-0.5443386374416004,0.0,0.0,0.0,1.0,1.0,0.0,0.0,1.0,0.0,
3.6691839853686012,2.3089413189244814,4.605025012037748,0.0,0.835661370585759,0.0,0.16433862941424104,0.0,0.16433862941424104,0.835661370585759,1.0,0.0,
0.9077281415383389,0.35568205491038285,0.5392924482758125,0.0,0.0,1.0,0.0,0.0,1.0,0.0,1.0,0.0,
-0.8261379703690883,1.1090730219232623,-0.5936976037678053,0.37217297958890216,0.0,0.6278270204110978,0.0,0.0,1.0,0.0,1.0,0.0,
1.2109579821606018,0.7614615395368634,1.920053309914342,0.0,1.0,0.0,0.0,0.0,0.0,1.0,1.0,0.0,
0.22706925997332061,1.5912469161251885,-0.5936976037678053,1.0,0.0,0.0,0.0,0.0,1.0,0.0,0.0,1.0,
1.6357634336872806,1.8142461490697357,-0.5936976037678053,0.0,0.0,0.0,1.0,0.0,1.0,0.0,1.0,0.0,
-0.6513724194745784,1.3902658902870302,-0.5936976037678053,0.0,1.0,0.0,0.0,0.0,1.0,0.0,1.0,0.0,
-0.545530936694474,2.1720421833804404,-0.35320724798802877,0.0,0.0,0.0,1.0,0.0,0.0,1.0,0.27396055011042975,0.7260394498895703,
1.480273456483514,2.1451561858293635,-0.5936976037678053,0.0,0.0,0.0,1.0,0.0,0.0,1.0,1.0,0.0,
0.09764749631223724,1.8384460408167358,3.4134203879787544,0.0,0.0,0.0,1.0,0.0,0.2954971757556254,0.7045028242443746,0.0,1.0,
0.6697819634373907,2.2622530932465774,4.8479827789036225,0.7144302644946232,0.0,0.0,0.2855697355053768,0.0,0.0,1.0,0.2855697355053768,0.7144302644946232,
1.6398923099932248,0.6341148630600795,-0.5936976037678053,0.0,0.0,0.0,1.0,0.0,0.0,1.0,1.0,0.0,
-0.4830643731379234,0.9246086082119038,-0.5936976037678053,1.0,0.0,0.0,0.0,0.0,0.0,1.0,1.0,0.0,
-0.13822728128325457,0.7808681294632279,-0.5936976037678053,0.0,0.0,0.0,1.0,0.0,1.0,0.0,1.0,0.0,
2.631210230559502,1.6908631723975924,-0.5936976037678053,0.0,0.0,1.0,0.0,0.0,1.0,0.0,1.0,0.0,
1.4363374260926152,1.519416877941501,-0.5936976037678053,0.0,0.0,1.0,0.0,0.0,1.0,0.0,1.0,0.0,
2.4013294102715443,2.1510759650537756,-0.5936976037678053,0.0,1.0,0.0,0.0,0.0,1.0,0.0,1.0,0.0,
1.6605837977671323,1.1551925401534742,-0.5936976037678053,0.0,1.0,0.0,0.0,0.0,0.0,1.0,1.0,0.0,
1.1515308122024746,0.7448283969846613,-0.5936976037678053,1.0,0.0,0.0,0.0,0.0,0.0,1.0,1.0,0.0,
-0.775225127510649,1.1759065819685146,3.0104852886382343,0.0,0.0,0.0,1.0,1.0,0.0,0.0,1.0,0.0,
-0.2331176133461281,1.3740433669809267,-0.5936976037678053,1.0,0.0,0.0,0.0,0.0,0.0,1.0,1.0,0.0,
0.04143369550148998,2.136520375382954,2.8841839963534506,0.0,0.0,0.0,1.0,0.0,0.6197498336220845,0.38025016637791553,0.0,1.0,
1.0226653197353237,1.6120857997690874,2.130627663948526,0.0,0.0,1.0,0.0,1.0,0.0,0.0,1.0,0.0,
0.1024793924068062,1.0548218771897748,-0.5936976037678053,0.0,1.0,0.0,0.0,0.0,1.0,0.0,1.0,0.0,
-0.8935165220665469,0.9066416903541291,2.706590223575019,0.0,0.0,0.0,1.0,0.517702755922858,0.0,0.48229724407714203,1.0,0.0,
0.6888234491703566,2.173978193782797,1.6644573517070276,0.0,0.0,1.0,0.0,0.447986663803953,0.552013336196047,0.0,1.0,0.0,
2.4292732291453176,2.5026930079645093,-0.5936976037678053,0.0,0.5979780028618347,0.40202199713816533,0.0,0.0,0.0,1.0,1.0,0.0,
2.164687032721316,1.02723379983496,-0.5936976037678053,0.0,0.0,1.0,0.0,1.0,0.0,0.0,0.0,1.0,
1.7273832867473558,2.4442189820861415,4.894290696089132,0.3335617302019177,0.0,0.6664382697980823,0.0,0.0,0.0,1.0,0.0,1.0,
0.4544720192588608,0.9203515242419964,-0.5936976037678053,0.0,1.0,0.0,0.0,0.0,1.0,0.0,1.0,0.0,
1.0243518261422906,1.4855952643530212,1.3919145063978142,0.0,0.0,1.0,0.0,1.0,0.0,0.0,1.0,0.0,
0.9954086750458024,1.8043521817135884,1.8825014929294852,0.0,1.0,0.0,0.0,0.0,0.0,1.0,1.0,0.0,
1.6624677335846991,1.6037125988851244,-0.5936976037678053,0.0,0.0,1.0,0.0,1.0,0.0,0.0,1.0,0.0,
-0.28329914869880324,2.238892662067111,-0.5936976037678053,0.0,1.0,0.0,0.0,0.0,1.0,0.0,1.0,0.0,
0.8449564305217416,0.8127299097756835,-0.5936976037678053,0.0,0.07385411683333498,0.0,0.926145883166665,1.0,0.0,0.0,1.0,0.0,
0.8178736237050588,2.2473892735037744,4.81364865235529,1.0,0.0,0.0,0.0,0.0,0.0,1.0,0.0,1.0,
0.997775928676298,0.3217775648773577,-0.5936976037678053,1.0,0.0,0.0,0.0,0.0,1.0,0.0,0.7297207416053019,0.27027925839469813,
0.19128888388259907,1.8442593448799682,1.598063160600325,0.0,0.0,1.0,0.0,0.0,0.0,1.0,1.0,0.0,
0.5706189165868368,1.2619391201151116,-0.5936976037678053,0.0,1.0,0.0,0.0,0.0,1.0,0.0,1.0,0.0,
1.2079948420777231,0.4583896713625551,0.8445807134428118,0.6669477912608418,0.0,0.0,0.3330522087391582,1.0,0.0,0.0,0.0,1.0,
0.7833326787115675,2.1540051480699343,2.4732009451049617,0.0,0.0,0.0,1.0,0.5662104393218705,0.43378956067812946,0.0,0.0,1.0,
0.14431181294272458,1.8249859977011569,-0.5936976037678053,0.0,0.0,1.0,0.0,0.0,1.0,0.0,0.0,1.0,
4.456401106026692,2.70126772226188,-0.5936976037678053,0.29877215821407854,0.0,0.7012278417859215,0.0,0.0,0.29877215821407854,0.7012278417859215,1.0,0.0,
1.9286192212340025,1.3141962076830005,-0.5936976037678053,0.0,0.0,0.0,1.0,0.0,0.0,1.0,0.0,1.0,
1.4904394431288515,1.1191429970015978,-0.37183620843515236,0.0,1.0,0.0,0.0,0.0,0.0,1.0,1.0,0.0,
0.21284773315062494,2.2461476648139165,-0.5936976037678053,0.6735082029583502,0.0,0.0,0.32649179704164977,0.0,0.0,1.0,0.0,1.0,
2.632931937744561,2.0204632023732145,-0.5936976037678053,1.0,0.0,0.0,0.0,0.0,0.0,1.0,0.0,1.0,
1.759154188167348,1.3616726345377759,2.7901673974264742,0.0,0.0,0.11287145173282331,0.8871285482671767,0.0,0.0,1.0,1.0,0.0,
0.5855692818292391,0.8498546193007139,-0.5936976037678053,0.0,0.0,0.0,1.0,0.0,1.0,0.0,1.0,0.0,
1.3976010381984312,1.5848365657619343,-0.5936976037678053,0.0,0.0,1.0,0.0,0.0,0.0,1.0,0.0,1.0,
0.6211271897954286,0.8909530538234938,-0.5936976037678053,0.0,0.0,0.0,1.0,0.0,1.0,0.0,1.0,0.0,
1.5985656347389168,2.3394249942043315,-0.5936976037678053,0.0,1.0,0.0,0.0,0.0,1.0,0.0,1.0,0.0,
2.545802061856819,1.3440536982873021,-0.5936976037678053,0.0,0.0,0.0,1.0,0.0,0.0,1.0,0.3094627757678702,0.6905372242321298,
0.6753622344161212,0.5745901671427537,2.1502170563469347,0.7372211162715472,0.0,0.2627788837284528,0.0,0.0,1.0,0.0,0.0,1.0,
1.2812168643259756,1.820668441322034,0.037305026307353384,1.0,0.0,0.0,0.0,0.0,1.0,0.0,0.0,1.0,
0.9603068278430437,1.519890395103085,-0.4293911098664714,0.0,0.0,0.0,1.0,0.0,1.0,0.0,1.0,0.0,
1.0941916023826295,0.5991504199978621,2.098733675358257,0.0,1.0,0.0,0.0,0.0,0.0,1.0,1.0,0.0,
0.5280737523807506,2.2002314640964293,-0.5936976037678053,0.8475642098079146,0.0,0.0,0.15243579019208542,0.0,0.0,1.0,1.0,0.0,
3.0945712983933418,2.27479986666196,3.2530746389503866,0.0,0.0,0.0,1.0,0.0,0.8637433877745251,0.13625661222547492,1.0,0.0,
0.18249027619766373,1.1113434528238568,-0.5936976037678053,0.0,0.0,1.0,0.0,0.625756861330048,0.0,0.37424313866995196,1.0,0.0,
-0.8469904412644714,1.610228204834274,-0.5936976037678053,0.0,0.0,1.0,0.0,0.0,1.0,0.0,0.25489272028020216,0.7451072797197978,
-0.9415934959604294,2.309215193494193,1.4530575397274474,0.0,0.0,0.0,1.0,0.0,0.35528324204364437,0.6447167579563556,0.0,1.0,
-0.02844826665875007,1.936779335171384,-0.5936976037678053,0.0,1.0,0.0,0.0,0.0,1.0,0.0,1.0,0.0,
-0.9350290081009606,1.3483927490944425,2.7032997371431424,0.0,0.7040672234799591,0.0,0.2959327765200409,0.0,0.0,1.0,1.0,0.0,
1.0680150882224064,0.44895912516771325,-0.5936976037678053,0.0,1.0,0.0,0.0,0.0,1.0,0.0,1.0,0.0,
2.165945349309911,1.8404868988926466,-0.5936976037678053,1.0,0.0,0.0,0.0,0.0,0.0,1.0,0.0,1.0,
1.176985157449185,0.3850309338892316,-0.5936976037678053,0.0,0.0,0.0,1.0,0.0,1.0,0.0,1.0,0.0,
-0.3675217037210457,0.9547097171315222,-0.5936976037678053,0.0,0.0,1.0,0.0,0.0,0.0,1.0,1.0,0.0,
3.776483130010287,2.2974473076998247,4.836909570280763,0.011643583720036044,0.988356416279964,0.0,0.0,0.0,0.0,1.0,1.0,0.0,
0.5225996520132481,0.7501939460488479,-0.2081464551840954,0.0,0.0,0.0,1.0,0.0,1.0,0.0,1.0,0.0,
1.290633774960309,0.6687506907878534,-0.15302604350768284,0.0,0.0,1.0,0.0,0.0,1.0,0.0,1.0,0.0,
-0.8085651569275033,1.4279357830537047,-0.5936976037678053,0.0,0.0,0.0505219777528364,0.9494780222471636,1.0,0.0,0.0,1.0,0.0,
0.9808266593968216,1.5779927690668205,-0.5936976037678053,0.0,0.0,0.0,1.0,1.0,0.0,0.0,1.0,0.0,
0.37347841376992846,2.1728699133521414,-0.5936976037678053,1.0,0.0,0.0,0.0,0.0,0.0,1.0,1.0,0.0,
-0.502225203297993,1.4326183374912511,1.731008148333896,0.0,0.0,0.0,1.0,1.0,0.0,0.0,1.0,0.0,
2.311082667922522,2.2077568138569172,-0.5936976037678053,0.0,1.0,0.0,0.0,0.0,1.0,0.0,0.7048843208527473,0.2951156791472527,
0.9761224280147616,0.700377016234035,2.2345286366791073,0.0,0.0,0.0,1.0,0.0,1.0,0.0,1.0,0.0,
1.9701115658397927,1.867386904093408,-0.5936976037678053,0.0,0.0,0.0,1.0,1.0,0.0,0.0,1.0,0.0,
1.4311422479430067,2.4506800587224453,-0.5936976037678053,1.0,0.0,0.0,0.0,0.0,0.0,1.0,0.0,1.0,
1.6748997939353056,1.0904892357497873,0.20649142844461,1.0,0.0,0.0,0.0,0.0,0.0,1.0,1.0,0.0,
-0.9918023586781489,2.051560894558942,-0.5936976037678053,0.0,0.0,1.0,0.0,1.0,0.0,0.0,0.041056803951712295,0.9589431960482877,
1.2475766164995454,1.9433088363767461,-0.5936976037678053,0.0,0.0,0.0,1.0,1.0,0.0,0.0,1.0,0.0,
0.6359589492434754,1.8123390171255778,-0.5936976037678053,0.0,1.0,0.0,0.0,0.0,0.0,1.0,1.0,0.0,
1.7936073143947449,2.0758281632595845,-0.5936976037678053,0.0,0.0,0.0,1.0,1.0,0.0,0.0,0.0,1.0,
1.2180691769183203,1.8808099368034321,-0.5936976037678053,1.0,0.0,0.0,0.0,0.0,1.0,0.0,1.0,0.0,
1.0402353852384656,2.2657959363708184,-0.5936976037678053,0.0,0.0,0.0,1.0,0.0,1.0,0.0,1.0,0.0,
1.1351919866540356,0.5081915265768764,1.3674691733310826,1.0,0.0,0.0,0.0,0.0,0.0,1.0,1.0,0.0,
0.926547096320365,0.12726307916136212,-0.5936976037678053,0.0,0.0,1.0,0.0,0.0,1.0,0.0,1.0,0.0,
1.672039461169791,1.3404379100476151,-0.5936976037678053,0.0,0.0,0.0,1.0,0.0,1.0,0.0,1.0,0.0,
2.137221527351572,2.382671664290328,-0.5936976037678053,0.0,1.0,0.0,0.0,0.0,1.0,0.0,1.0,0.0,
2.5618470237584856,2.099286345310451,2.5134721525331254,0.0,1.0,0.0,0.0,0.0,1.0,0.0,1.0,0.0,
0.7366704635045683,1.1273430707801164,-0.5936976037678053,0.0,0.0,0.0,1.0,0.0,1.0,0.0,1.0,0.0,
1.609727442476793,1.3999764364242653,-0.5599985178071464,0.0,1.0,0.0,0.0,0.0,0.0,1.0,1.0,0.0,
0.5289686802117278,1.697790076435793,-0.5936976037678053,0.0,1.0,0.0,0.0,0.0,0.0,1.0,1.0,0.0,
1.263208333507578,1.992596088195265,-0.5936976037678053,0.0,0.0,0.0,1.0,1.0,0.0,0.0,0.0,1.0,
-0.4888640648113923,1.210232170964904,3.2556333257286805,0.0,0.0,0.0,1.0,0.0,1.0,0.0,1.0,0.0,
1.1857517651382417,0.42427216334740975,0.654345380190919,0.2675191290292769,0.0,0.0,0.7324808709707231,1.0,0.0,0.0,0.0,1.0,
0.709838427841581,0.2645478826795875,-0.5936976037678053,1.0,0.0,0.0,0.0,0.42622161471928954,0.0,0.5737783852807105,1.0,0.0,
0.6283549795117763,2.266791858467039,4.868328134282056,0.6612929451046143,0.0,0.0,0.33870705489538566,0.0,0.0,1.0,0.33870705489538566,0.6612929451046143,
-0.35839746187335586,2.3684414488469603,1.18369979930229,0.0,0.0,1.0,0.0,0.8653609966293514,0.0,0.1346390033706486,0.8653609966293514,0.1346390033706486,
2.5073479546268613,2.2378609334913038,-0.5936976037678053,0.0,1.0,0.0,0.0,0.0,0.8289979598338777,0.1710020401661223,0.0,1.0,
2.9142896426503047,2.0588223291906735,-0.5936976037678053,0.0,0.8461850512924486,0.0,0.1538149487075514,0.0,0.0,1.0,1.0,0.0,
-0.7143900779002887,0.9545909956370078,-0.5936976037678053,0.0,1.0,0.0,0.0,0.0,0.0,1.0,1.0,0.0,
1.5821770618910302,1.3002180963042946,-0.5936976037678053,0.0,1.0,0.0,0.0,0.0,0.0,1.0,1.0,0.0,
1.0219722585084539,0.44944241060571,-0.5936976037678053,0.0,0.0,1.0,0.0,0.0,0.0,1.0,1.0,0.0,
0.58370306860072,0.6193510568124094,-0.5936976037678053,0.0,0.0,0.0,1.0,1.0,0.0,0.0,1.0,0.0,
1.163205970707946,1.1079034196256645,1.3986859833351415,0.0,0.9542181454665425,0.0,0.04578185453345751,0.0,1.0,0.0,1.0,0.0,
0.7653244158361802,1.109030229534441,-0.5936976037678053,0.0,0.0,0.0,1.0,0.0,1.0,0.0,1.0,0.0,
-0.34928746353674295,2.230240132940566,-0.5936976037678053,0.0,0.0,0.9669053598371398,0.033094640162860234,1.0,0.0,0.0,1.0,0.0,
0.9642781360926462,2.017416439101223,3.840864514828146,0.35478985268021335,0.6452101473197867,0.0,0.0,0.0,0.0,1.0,0.0,1.0,
0.5582948032270308,0.5477651936341236,0.7721702561154096,1.0,0.0,0.0,0.0,0.0,0.0,1.0,1.0,0.0,
1.515204996596349,2.3407088932907847,-0.5936976037678053,0.0,1.0,0.0,0.0,0.0,1.0,0.0,1.0,0.0,
-0.007007526602070824,0.8380868911848223,-0.4296975260040335,0.0,0.0,0.0,1.0,0.0,0.0,1.0,1.0,0.0,
1.1520024665354351,0.5575955656859518,-0.5936976037678053,0.0,1.0,0.0,0.0,0.0,1.0,0.0,1.0,0.0,
2.125762513554566,1.731206464315034,-0.5936976037678053,1.0,0.0,0.0,0.0,0.0,0.0,1.0,1.0,0.0,
1.4908560235928177,1.1832416528792247,-0.5936976037678053,0.0,0.0,1.0,0.0,0.0,1.0,0.0,1.0,0.0,
1.321837720759808,1.7528182463270536,-0.5936976037678053,0.0,0.0,0.0,1.0,1.0,0.0,0.0,0.0,1.0,
1.4437738033561593,1.554589660513671,-0.5936976037678053,0.0,0.0,1.0,0.0,0.0,0.0,1.0,0.0,1.0,
-0.8043840777722844,1.5406782524945881,-0.5936976037678053,1.0,0.0,0.0,0.0,0.0,0.0,1.0,1.0,0.0,
3.0229751182433113,2.3841705443189976,3.877017495699089,0.0,0.0,0.0,1.0,0.0,1.0,0.0,0.6296712620726229,0.3703287379273771,
0.4469203374327547,0.9923076043577946,-0.5936976037678053,0.0,1.0,0.0,0.0,0.0,1.0,0.0,1.0,0.0,
1.146646431955892,1.489554973817851,-0.5936976037678053,0.0,0.0,1.0,0.0,0.5652875555089587,0.4347124444910413,0.0,1.0,0.0,
0.89295296758279,2.049208006173095,3.161316455049354,0.0,1.0,0.0,0.0,0.0,0.0,1.0,0.39807939110956014,0.6019206088904399,
1.7549727045746732,2.075197741615676,-0.5936976037678053,0.0,0.0,0.0,1.0,1.0,0.0,0.0,0.0,1.0,
3.557701443980025,2.1447523339844,-0.5936976037678053,0.23150747889968049,0.7684925211003195,0.0,0.0,0.0,1.0,0.0,1.0,0.0,
1.672039461169791,1.589835291559786,-0.5936976037678053,0.0,0.0,0.0,1.0,0.0,1.0,0.0,1.0,0.0,
4.456401106026692,2.7011791551120683,-0.5936976037678053,1.0,0.0,0.0,0.0,0.0,0.6514598682097734,0.3485401317902266,1.0,0.0,
0.1488744523104985,1.294880786322515,-0.5936976037678053,0.0,1.0,0.0,0.0,0.0,1.0,0.0,1.0,0.0,
0.8599665922335816,1.7809683233076798,-0.5936976037678053,0.0,0.0,0.0,1.0,0.0,1.0,0.0,1.0,0.0,
-0.61907005295958,1.7498422324720755,-0.5936976037678053,0.0,0.0,0.0,1.0,0.0,0.0,1.0,0.0,1.0,
0.9677106684451594,0.38725855398946524,0.15529817860328848,0.0,0.0,0.0,1.0,1.0,0.0,0.0,0.0,1.0,
1.0561013107984278,1.9406128309240651,3.4098489535966747,0.0,0.9329050565440912,0.0,0.06709494345590883,0.0,0.0,1.0,0.0,1.0,
0.6266726110537525,0.33915181112622117,1.5314272560653213,1.0,0.0,0.0,0.0,0.0,1.0,0.0,0.0,1.0,
1.5120545741359257,1.5723889623240885,3.0501284176104684,0.0,0.0,1.0,0.0,1.0,0.0,0.0,1.0,0.0,
-0.35705553356551106,1.4110645815873515,-0.5936976037678053,1.0,0.0,0.0,0.0,0.0,0.0,1.0,1.0,0.0,
1.9646305235182753,0.9177055210779319,0.266102967518277,0.0,0.0,1.0,0.0,0.0,1.0,0.0,1.0,0.0,
2.162884467492126,1.2009765577143257,3.6153549013726387,0.2010227489524179,0.0,0.7989772510475821,0.0,0.0,0.0,1.0,1.0,0.0,
1.2391604269801,1.0856947522312563,0.45608998676577633,0.0,0.0,0.0,1.0,1.0,0.0,0.0,1.0,0.0,
-0.8199923831978394,1.8080966202062132,-0.5936976037678053,0.0,0.0,1.0,0.0,0.0,1.0,0.0,0.0,1.0,
2.8603213673599157,2.5033262453604452,-0.5936976037678053,0.0,1.0,0.0,0.0,0.0,0.0,1.0,1.0,0.0,
1.3609631615464581,1.8284523726825357,-0.5936976037678053,1.0,0.0,0.0,0.0,0.0,0.0,1.0,0.0,1.0,
1.585733753520494,2.1402577434458467,4.907496060802294,0.0,0.10209044398567124,0.8979095560143288,0.0,0.0,1.0,0.0,1.0,0.0,
2.3405813043381953,2.412635162859535,4.801917972638245,0.20052983132290503,0.0,0.799470168677095,0.0,0.0,0.0,1.0,0.20052983132290503,0.799470168677095,
1.3204982204567166,1.9122497802941034,-0.5936976037678053,0.0,0.0,0.0,1.0,1.0,0.0,0.0,0.0,1.0,
1.0820800356400007,2.1046175661395594,-0.3221251489648364,0.0,0.0,0.0,1.0,0.0,1.0,0.0,1.0,0.0,
1.3785701482035035,1.1721937763377084,0.7614294895820701,0.0,0.0,0.0,1.0,1.0,0.0,0.0,1.0,0.0,
2.1784731421925514,1.4690636517368887,-0.4068288237319914,0.0,0.0,0.0,1.0,1.0,0.0,0.0,1.0,0.0,
-0.8771377413616553,0.9659523928956074,-0.32170266954038584,0.0,0.6116549529393221,0.0,0.38834504706067785,0.0,0.0,1.0,1.0,0.0,
1.7164077017030348,1.7507125626484743,-0.5936976037678053,1.0,0.0,0.0,0.0,0.0,0.0,1.0,0.0,1.0,
2.121922073056892,2.541944452329684,4.742282843020871,0.0,0.0,0.7598423563218164,0.2401576436781836,0.0,0.0,1.0,0.0,1.0,
1.633253566468152,1.1362264099761674,0.4055364906188831,0.0,0.0,0.0,1.0,1.0,0.0,0.0,1.0,0.0,
1.8606840029964782,1.1067636114956936,1.1437153047257254,0.0,0.0,1.0,0.0,0.0,1.0,0.0,1.0,0.0,
1.7872523106814777,1.2651584877444797,-0.5936976037678053,0.0,1.0,0.0,0.0,0.0,1.0,0.0,1.0,0.0,
2.2559518912992975,1.6146937542230884,2.3564915661814814,0.0,0.4951903081512007,0.5048096918487993,0.0,0.0,1.0,0.0,1.0,0.0,
1.672039461169791,1.5983959609342593,1.0695602420415864,0.0,0.0,1.0,0.0,0.0,1.0,0.0,0.42102200018443126,0.5789779998155687,
0.1746611349755406,2.1375068532344694,-0.5936976037678053,1.0,0.0,0.0,0.0,0.0,0.0,1.0,0.0,1.0,
-0.49757757550003345,1.944208296479399,2.250790799989218,0.0,0.0,0.32679369457809126,0.6732063054219087,1.0,0.0,0.0,1.0,0.0,
1.038469214743833,1.04445638932105,-0.5936976037678053,0.0,0.0,0.0,1.0,0.0,1.0,0.0,1.0,0.0,
2.2859493258437222,1.7474657837896344,-0.5936976037678053,0.0,1.0,0.0,0.0,0.0,0.0,1.0,1.0,0.0,
-0.7512969228284097,1.1141148237933765,-0.5936976037678053,0.8276961766416803,0.0,0.17230382335831973,0.0,0.0,1.0,0.0,0.0,1.0,
0.7118853390013236,0.9437101347075002,-0.5936976037678053,0.0,0.0,0.0,1.0,0.0,1.0,0.0,1.0,0.0,
2.2458288994569298,1.2447570330502964,1.3064244737668762,0.0,1.0,0.0,0.0,0.0,0.0,1.0,0.0,1.0,
2.326973169207349,2.457252379839255,-0.5936976037678053,0.0,0.0,1.0,0.0,0.0,0.0,1.0,1.0,0.0,
4.456401106026692,2.7201525165099927,-0.5936976037678053,0.5855981890801347,0.0,0.4144018109198653,0.0,0.0,0.0,1.0,1.0,0.0,
-0.324451452182744,1.7003209204334526,-0.5936976037678053,0.0,1.0,0.0,0.0,0.0,1.0,0.0,1.0,0.0,
0.5117664541823541,2.007954250247558,-0.5936976037678053,1.0,0.0,0.0,0.0,0.0,1.0,0.0,0.0,1.0,
0.8805251842172075,0.34547691167142175,-0.5936976037678053,1.0,0.0,0.0,0.0,0.0,0.0,1.0,0.2552045574800669,0.7447954425199331,
0.6139820361241689,1.381869344105879,1.862451344811651,0.0,0.0,0.0,1.0,0.3451861406785278,0.6548138593214722,0.0,0.0,1.0,
2.7226047243834794,1.8436278513338222,-0.5936976037678053,0.0,0.0,0.0,1.0,0.5224233378764235,0.4775766621235765,0.0,0.0,1.0,
0.7733351948846371,1.4743684277876554,-0.5936976037678053,0.0,0.0,1.0,0.0,0.0,0.0,1.0,1.0,0.0,
-0.2770136902300393,1.414308151144765,-0.5936976037678053,1.0,0.0,0.0,0.0,0.0,0.0,1.0,1.0,0.0,
-0.8627094798206144,1.0390890662181276,2.727653612400037,0.0,0.0,0.6206011274054685,0.37939887259453153,1.0,0.0,0.0,0.37939887259453153,0.6206011274054685,
2.397614766239437,2.5196579808751562,-0.5936976037678053,0.0,0.0,1.0,0.0,0.0,0.0,1.0,0.9017562122432409,0.09824378775675913,
0.36415353803540995,1.6613044645198278,-0.5936976037678053,0.7431398104321916,0.25686018956780843,0.0,0.0,0.0,1.0,0.0,0.0,1.0,
0.6609924298009361,0.8275134287139545,-0.5936976037678053,0.0,0.0,1.0,0.0,0.0,0.0,1.0,1.0,0.0,
1.5585231642175703,2.3665321339791725,-0.5936976037678053,0.0,1.0,0.0,0.0,0.0,1.0,0.0,1.0,0.0,
1.2676398559377358,2.0554021780496607,-0.5936976037678053,1.0,0.0,0.0,0.0,0.0,0.0,1.0,0.0,1.0,
1.4337118545396697,1.1447282637522118,0.6137482983306728,0.0,0.0,0.0,1.0,1.0,0.0,0.0,1.0,0.0,
0.2066173176964727,1.0835880347911924,-0.5936976037678053,0.0,0.0,1.0,0.0,0.8423867802862923,0.0,0.15761321971370768,1.0,0.0,
1.5820098976297128,2.0528077691482185,0.016712350388824904,0.0,0.0,0.0,1.0,0.0,1.0,0.0,1.0,0.0,
-0.8782954660976876,1.29004183285393,-0.31442214410225566,0.0,0.0,0.0,1.0,0.6012600681892513,0.0,0.39873993181074874,1.0,0.0,
1.5207995112261696,2.0609623461216917,0.515903975242554,0.6789704842355089,0.0,0.3210295157644911,0.0,0.0,1.0,0.0,0.0,1.0,
1.8075834083224152,1.4663011917445694,-0.5936976037678053,0.0,0.6334317070049135,0.36656829299508653,0.0,0.0,1.0,0.0,0.0,1.0,
2.370582169472138,1.821625528600012,-0.3680206137161103,0.0,1.0,0.0,0.0,0.0,0.0,1.0,0.7720184857510503,0.22798151424894975,
-0.10834995165828576,1.598100111410783,2.2982628581859665,0.0,0.0,1.0,0.0,1.0,0.0,0.0,1.0,0.0,
1.7869325346828622,0.8394564358274355,-0.5936976037678053,0.0,1.0,0.0,0.0,0.0,1.0,0.0,1.0,0.0,
0.6431135216146653,1.7375248129569512,1.3475099138067719,0.0,1.0,0.0,0.0,0.0,0.0,1.0,1.0,0.0,
2.5518443386411214,2.0755095311691307,-0.5936976037678053,0.0,0.0,0.0,1.0,1.0,0.0,0.0,0.040191793704488,0.959808206295512,
-0.7576034535996194,1.1757226529475704,-0.5936976037678053,0.0,0.0,1.0,0.0,0.6301606017540083,0.36983939824599166,0.0,1.0,0.0,
0.27720141779873747,1.1823691556629652,-0.5936976037678053,0.0,1.0,0.0,0.0,0.0,0.0,1.0,1.0,0.0,
0.8052830970325461,0.2966567083445837,-0.5936976037678053,0.0,1.0,0.0,0.0,0.0,0.0,1.0,1.0,0.0,
-0.5810126575498242,1.4345466160550424,-0.5936976037678053,1.0,0.0,0.0,0.0,0.0,0.0,1.0,0.8647606080612449,0.13523939193875512,
0.22744448862644162,0.8256139386486042,-0.5936976037678053,1.0,0.0,0.0,0.0,0.0,0.0,1.0,1.0,0.0,
3.4700095576614016,2.2646745975946647,-0.5936976037678053,0.0,0.0,1.0,0.0,1.0,0.0,0.0,0.5426129008323735,0.45738709916762654,
2.1265971117257236,2.491298087570467,-0.5936976037678053,0.0,1.0,0.0,0.0,0.0,1.0,0.0,1.0,0.0,
2.632243181637012,2.0622547845090695,-0.5936976037678053,0.7475994078142933,0.25240059218570665,0.0,0.0,0.0,0.0,1.0,0.0,1.0,
1.1935686374186358,0.8692192387322072,-0.5936976037678053,0.0,0.0,0.0,1.0,0.0,0.0,1.0,1.0,0.0,
-0.10613558688355765,2.0894345366841955,-0.5936976037678053,0.0,1.0,0.0,0.0,0.0,1.0,0.0,1.0,0.0,
0.00805119019352625,0.7561338937089218,-0.5936976037678053,0.0,0.0,0.0,1.0,0.0,1.0,0.0,1.0,0.0,
0.977372845702215,1.5732627453028467,-0.5936976037678053,0.0,0.0,0.0,1.0,1.0,0.0,0.0,1.0,0.0,
1.9400123898664439,1.4645946248606054,3.4254097832942683,0.0,0.0,1.0,0.0,0.5939464509608897,0.0,0.4060535490391103,1.0,0.0,
1.207160035032088,1.042957842108543,-0.5936976037678053,0.0,1.0,0.0,0.0,0.0,0.0,1.0,1.0,0.0,
-0.2694078499924194,2.2271737315911286,-0.5936976037678053,0.0,1.0,0.0,0.0,0.0,1.0,0.0,1.0,0.0,
-0.1691146139839326,2.1144016543360005,1.5566709767045708,0.0,0.0,1.0,0.0,0.015602272582787569,0.0,0.9843977274172124,0.015602272582787569,0.9843977274172124,
-0.3847705433138851,2.3989819582732133,1.0129786543442771,0.0,0.0,1.0,0.0,1.0,0.0,0.0,1.0,0.0,
1.4750137885471613,1.0021734010795995,-0.5936976037678053,1.0,0.0,0.0,0.0,0.0,1.0,0.0,1.0,0.0,
0.8494315712494441,2.0974493820075213,4.211782172585249,0.5543859413514652,0.44561405864853476,0.0,0.0,0.0,0.0,1.0,0.0,1.0,
0.18971609456024968,1.1373829660589736,-0.5936976037678053,0.0,0.0,1.0,0.0,1.0,0.0,0.0,1.0,0.0,
0.9173500742336596,0.2440818639225389,-0.5936976037678053,1.0,0.0,0.0,0.0,0.0,0.2719680622703218,0.7280319377296782,0.0,1.0,
2.528989429336855,2.072561844028871,3.1850053749553453,0.5647709046403535,0.4352290953596465,0.0,0.0,0.0,1.0,0.0,1.0,0.0,
2.3609705649930657,2.4859331479948037,-0.5936976037678053,0.0,0.0,1.0,0.0,0.0,0.0,1.0,1.0,0.0,
-0.8144094167227038,1.1135704777397992,-0.5936976037678053,0.33005002595588995,0.0,0.66994997404411,0.0,0.0,1.0,0.0,1.0,0.0,
1.243842831093874,1.1710089142987143,0.748898655881112,0.0,0.0,0.0,1.0,1.0,0.0,0.0,1.0,0.0,
1.2812272764496546,0.8118103697855301,0.8785763845827201,1.0,0.0,0.0,0.0,0.0,0.0,1.0,1.0,0.0,
0.5215122487383991,2.5387760989639947,5.164363491898699,0.0,0.0,0.0,1.0,0.9174349474398956,0.0,0.08256505256010438,1.0,0.0,
0.7229874917282333,2.2570258567714663,-0.5936976037678053,1.0,0.0,0.0,0.0,0.0,0.0,1.0,1.0,0.0,
2.637323304238642,1.992028165461921,-0.5936976037678053,1.0,0.0,0.0,0.0,0.0,0.0,1.0,0.0,1.0,
0.6111630996995174,0.8179562855346817,-0.5936976037678053,0.0,1.0,0.0,0.0,0.0,0.0,1.0,1.0,0.0,
1.8599666616842019,1.0420929055949115,-0.5936976037678053,0.0,1.0,0.0,0.0,0.0,1.0,0.0,1.0,0.0,
0.8543733266264257,2.0022237726270204,-0.5936976037678053,0.0,0.0,1.0,0.0,0.0,0.0,1.0,0.0,1.0,
2.0570693672016933,2.0045155157484085,-0.5936976037678053,0.0,0.0,1.0,0.0,0.0,0.0,1.0,0.0,1.0,
1.0786960610257468,1.2099797003501687,0.8106790782587223,0.0,0.0,0.0,1.0,1.0,0.0,0.0,1.0,0.0,
0.6633527120031751,0.17974362083676967,1.2587260542968868,1.0,0.0,0.0,0.0,0.0,1.0,0.0,0.0,1.0,
0.9940574873775458,1.7455258471783823,-0.5936976037678053,1.0,0.0,0.0,0.0,0.0,0.0,1.0,1.0,0.0,
-0.427785356488763,1.244258664404897,-0.5936976037678053,0.0,1.0,0.0,0.0,0.0,1.0,0.0,1.0,0.0,
0.3985084608349242,1.3064639699311216,-0.5936976037678053,0.0,1.0,0.0,0.0,0.0,0.0,1.0,1.0,0.0,
-0.5515732869522406,1.3395087982740883,-0.5936976037678053,1.0,0.0,0.0,0.0,0.0,0.0,1.0,1.0,0.0,
0.7815432607864793,2.3209302280163766,-0.5936976037678053,0.0,0.0,0.0,1.0,0.0,1.0,0.0,0.0,1.0,
-0.8750139922171929,1.8307900213968522,-0.5936976037678053,1.0,0.0,0.0,0.0,0.0,1.0,0.0,1.0,0.0,
0.24777057615728643,2.394442958432878,5.135672399956678,0.0,0.0,0.0,1.0,0.3029725780159397,0.0,0.6970274219840603,1.0,0.0,
2.062634430336763,1.6140049740840823,-0.5936976037678053,0.0,0.0,1.0,0.0,0.0,1.0,0.0,1.0,0.0,
1.3807484200334987,1.2719644789357898,-0.5936976037678053,0.0,1.0,0.0,0.0,0.0,1.0,0.0,1.0,0.0,
0.6537877817184776,0.20723242002838355,-0.5936976037678053,1.0,0.0,0.0,0.0,0.7617302714739214,0.0,0.23826972852607864,1.0,0.0,
1.1708543650955487,0.5676226016515925,-0.5936976037678053,0.0,0.0,0.0,1.0,0.0,1.0,0.0,1.0,0.0,
-0.19593640022659045,1.7872187758143978,1.2524613590431595,0.0,0.0,0.0,1.0,0.6911880723296477,0.30881192767035226,0.0,1.0,0.0,
0.6972504373633882,0.20582723513388285,-0.5936976037678053,1.0,0.0,0.0,0.0,1.0,0.0,0.0,1.0,0.0,
-0.21368953091107368,1.0626425886483075,-0.5936976037678053,0.0,1.0,0.0,0.0,0.0,0.0,1.0,1.0,0.0,
-0.7311137904748862,1.1554070892232815,-0.5936976037678053,0.0,0.0,1.0,0.0,0.1544741338401976,0.8455258661598024,0.0,1.0,0.0,
0.5596447637597112,0.5789829195806969,0.4542071668726935,0.0,0.0,0.0,1.0,0.0,1.0,0.0,1.0,0.0,
0.5775900975132573,0.9475391238361935,-0.5936976037678053,0.0,0.0,0.0,1.0,0.6535059603003169,0.34649403969968307,0.0,1.0,0.0,
0.9469548519983142,1.497300468838684,-0.5936976037678053,1.0,0.0,0.0,0.0,0.0,0.0,1.0,1.0,0.0,
1.5090235177714588,0.6371946348171307,-0.09172082009126992,0.0,0.0,0.0,1.0,1.0,0.0,0.0,0.0,1.0,
1.5840351503629684,1.8106014988572245,-0.5936976037678053,1.0,0.0,0.0,0.0,0.0,0.0,1.0,1.0,0.0,
1.6698581712123977,1.6044518909032102,-0.5936976037678053,0.0,0.0,1.0,0.0,1.0,0.0,0.0,1.0,0.0,
1.3627326896467693,0.4671080702535647,-0.5936976037678053,0.0,0.0,0.0,1.0,0.0,0.0,1.0,1.0,0.0,
0.22181127287822983,1.5013904680249608,-0.5936976037678053,0.319206019984674,0.0,0.680793980015326,0.0,0.0,1.0,0.0,0.0,1.0,
1.3073456275941662,1.1100782217888503,-0.5936976037678053,0.0,0.0,0.0,1.0,0.0,0.0,1.0,1.0,0.0,
0.43716446457493785,2.2165069901960637,-0.5936976037678053,1.0,0.0,0.0,0.0,0.0,0.0,1.0,1.0,0.0,
0.1920512652875097,1.1325233596216953,-0.5936976037678053,0.0,0.0,1.0,0.0,0.0,0.0,1.0,1.0,0.0,
0.5305684803504178,2.0178163667434945,3.231597592539876,0.0,0.0,0.0,1.0,0.0,1.0,0.0,0.0,1.0,
-0.058012721089085256,1.3844218024580004,-0.5936976037678053,1.0,0.0,0.0,0.0,0.0,0.0,1.0,1.0,0.0,
0.805451908834529,1.9411640621637527,1.8333727340242725,0.0,0.0,0.0,1.0,1.0,0.0,0.0,0.4911868939357671,0.5088131060642329,
-0.6030102259486418,2.223471484357199,-0.051181386642900395,0.0,0.0,0.0,1.0,0.0,0.0,1.0,0.6180207967402691,0.3819792032597309,
0.9290287810088826,0.3152158018959559,-0.5936976037678053,1.0,0.0,0.0,0.0,1.0,0.0,0.0,1.0,0.0,
2.7857841191125514,2.1771595448000123,4.655933445367675,0.47141875441729764,0.5285812455827024,0.0,0.0,0.0,0.5285812455827024,0.47141875441729764,1.0,0.0,
2.1003417018312347,2.2739749505533045,-0.48772310051305173,0.0,0.0,1.0,0.0,0.0,0.0,1.0,1.0,0.0,
1.8537169312775794,1.313754354647354,-0.5936976037678053,0.0,0.0,0.0,1.0,1.0,0.0,0.0,0.0,1.0,
1.178888116141848,1.2717990867876057,1.3859935626335158,0.0,0.0,1.0,0.0,1.0,0.0,0.0,1.0,0.0,
2.0484556334038038,1.8232132760500392,-0.5936976037678053,0.0,1.0,0.0,0.0,0.0,1.0,0.0,1.0,0.0,
-0.45914996336729047,1.5838401758772576,-0.5936976037678053,0.0,0.0,1.0,0.0,0.0,1.0,0.0,1.0,0.0,
1.102688057715831,1.5947269576598542,2.20257209567168,0.0,1.0,0.0,0.0,0.0,0.0,1.0,1.0,0.0,
0.5857053140361232,1.0125538772282434,1.6006296981683314,0.0,0.0,0.0,1.0,0.0,1.0,0.0,0.0,1.0,
2.4131707779360836,1.3417023141757674,-0.5936976037678053,0.0,0.0,0.0,1.0,1.0,0.0,0.0,1.0,0.0,
0.6676022598388586,1.6439604077776855,-0.5936976037678053,1.0,0.0,0.0,0.0,0.0,1.0,0.0,0.0,1.0,
3.4325759321512286,2.201563495551867,-0.5936976037678053,0.0,0.0,0.0,1.0,0.0,0.5382411694100542,0.4617588305899458,1.0,0.0,
-0.2776718822928703,2.1410461879143283,-0.5936976037678053,0.0,0.0,1.0,0.0,1.0,0.0,0.0,1.0,0.0,
2.148874880953055,1.1181187041229044,-0.5936976037678053,0.0,0.0,0.0,1.0,0.0,0.0,1.0,1.0,0.0,
2.4480049140006175,1.906923768999762,-0.5936976037678053,0.0,0.0,1.0,0.0,0.0,0.0,1.0,1.0,0.0,
0.11014557749152534,2.1380633261293105,-0.5936976037678053,0.0,0.0,0.0,1.0,0.0,1.0,0.0,1.0,0.0,
0.46624914315986,1.324524505217021,-0.5936976037678053,0.0,1.0,0.0,0.0,0.0,1.0,0.0,1.0,0.0,
2.3919755823260074,2.1411189330710263,-0.5936976037678053,0.0,1.0,0.0,0.0,0.0,1.0,0.0,1.0,0.0,
-0.5444881658871044,1.1340137071090652,-0.5936976037678053,0.0,0.0,0.0,1.0,0.5669296799009678,0.43307032009903224,0.0,1.0,0.0,
0.7708157151418797,0.3229759997630182,-0.5936976037678053,0.0,0.0,1.0,0.0,0.0,0.0,1.0,1.0,0.0,
0.7779408790833109,0.1311578173176705,-0.5936976037678053,0.0,1.0,0.0,0.0,0.0,1.0,0.0,1.0,0.0,
2.661493206928039,1.9988400841909912,-0.5936976037678053,1.0,0.0,0.0,0.0,0.0,0.0,1.0,0.0,1.0,
-0.3515655865281398,2.3098520609512554,-0.011603732237326359,0.0,0.0,1.0,0.0,1.0,0.0,0.0,1.0,0.0,
2.7492854355141447,2.3107214467179182,4.480087021781137,0.32771141336672815,0.6722885866332718,0.0,0.0,0.0,1.0,0.0,1.0,0.0,
0.9396355143835757,2.0453118624696125,2.2107445015993803,0.0,0.0,0.0,1.0,1.0,0.0,0.0,0.0,1.0,
0.015858742582817543,2.344630649967503,-0.5936976037678053,0.0,0.0,1.0,0.0,0.0,1.0,0.0,0.8703808074479786,0.12961919255202137,
2.412650482939435,2.5580954975926287,-0.5936976037678053,0.0,0.0,1.0,0.0,0.0,0.0,1.0,0.001746406418741353,0.9982535935812586,
1.672039461169791,1.0436824831205298,-0.5936976037678053,0.0,0.0,0.0,1.0,0.0,1.0,0.0,1.0,0.0,
1.5695538724483704,0.5343237238701808,1.7419324512352714,1.0,0.0,0.0,0.0,0.0,0.0,1.0,1.0,0.0,
1.95613754933912,1.3172111322247682,-0.5936976037678053,0.0,0.0,0.0,1.0,0.0,0.0,1.0,0.0,1.0,
-0.6177426082478864,1.0403451360645883,-0.08054306659585055,0.0,0.0,0.0,1.0,0.0,0.0,1.0,1.0,0.0,
-0.13567022090190478,1.9174200985018157,3.2103671650159655,0.0,0.0,0.7278333457243582,0.2721666542756418,1.0,0.0,0.0,1.0,0.0,
2.9014255311183907,1.5270677944845097,1.8849603537295305,0.0,0.14650587712288843,0.8534941228771116,0.0,0.0,1.0,0.0,1.0,0.0,
3.538655132305937,2.300761554315983,2.515463947897642,0.0,1.0,0.0,0.0,0.0,1.0,0.0,1.0,0.0,
1.560664995375515,1.8486380821691182,-0.5936976037678053,0.0,0.0,1.0,0.0,0.0,1.0,0.0,0.0,1.0,
0.6779100828194825,0.8350762005705761,-0.5936976037678053,1.0,0.0,0.0,0.0,0.0,1.0,0.0,1.0,0.0,
1.8774997011949661,1.7824322489722062,-0.5936976037678053,1.0,0.0,0.0,0.0,0.0,0.0,1.0,0.0,1.0,
0.03294095218348643,2.040209160331878,-0.5936976037678053,0.0,1.0,0.0,0.0,0.0,1.0,0.0,1.0,0.0,
-0.604609584352342,2.0708099680797916,2.324888611000044,0.0,0.0,1.0,0.0,0.8235652307226586,0.0,0.17643476927734136,1.0,0.0,
1.2529719235859889,2.06779448380691,-0.5936976037678053,0.0,0.0,0.0,1.0,0.997014225636036,0.0029857743639639667,0.0,0.0,1.0,
1.9739790734501725,1.7000180546582844,-0.5936976037678053,1.0,0.0,0.0,0.0,0.0,0.0,1.0,1.0,0.0,
1.0142911115566065,0.564814426876683,-0.5936976037678053,0.0,0.0,1.0,0.0,0.0,0.0,1.0,1.0,0.0,
2.0072562283642457,1.1615383382343076,-0.5936976037678053,1.0,0.0,0.0,0.0,0.0,0.0,1.0,1.0,0.0,
-0.39462507427929666,1.7983120006908297,-0.5936976037678053,0.0,1.0,0.0,0.0,0.0,0.0,1.0,1.0,0.0,
-0.17484237475856068,2.176995907644465,2.254653986351375,0.0,0.0,0.0,1.0,0.0,1.0,0.0,0.0,1.0,
2.780100834248989,1.7589227363942914,3.322608428471237,0.0,0.0,1.0,0.0,0.0,0.5102057232293448,0.48979427677065523,0.0,1.0,
1.172522114318575,0.7478812924752127,-0.5936976037678053,1.0,0.0,0.0,0.0,0.0,0.0,1.0,1.0,0.0,
1.6935153883813772,1.7155992244461258,-0.5936976037678053,1.0,0.0,0.0,0.0,0.0,0.0,1.0,0.0,1.0,
0.5725998255649368,2.239962508069707,-0.5936976037678053,0.0,1.0,0.0,0.0,0.0,1.0,0.0,1.0,0.0,
-0.42032825461848633,0.9318097532970484,-0.5936976037678053,1.0,0.0,0.0,0.0,0.0,0.0,1.0,1.0,0.0,
-0.3108492237825934,2.1839806488619224,1.5310505972623907,0.0,0.0,0.8261600349041668,0.17383996509583322,0.0,0.0,1.0,0.0,1.0,
1.1128231439743796,1.6155596667882648,-0.5936976037678053,1.0,0.0,0.0,0.0,0.0,0.0,1.0,1.0,0.0,
1.5310659164570364,1.9893081364131686,-0.5936976037678053,0.0,0.0,1.0,0.0,1.0,0.0,0.0,1.0,0.0,
0.5582948032270308,0.6166126652755524,0.7276617750562968,1.0,0.0,0.0,0.0,0.0,0.0,1.0,1.0,0.0,
0.9109187519786973,2.323347869105115,-0.5936976037678053,1.0,0.0,0.0,0.0,0.0,0.6677775065065383,0.33222249349346167,1.0,0.0,
1.6575557549746225,1.6838842920735835,-0.5936976037678053,0.0,0.0,0.0,1.0,0.0,1.0,0.0,1.0,0.0,
2.3535393445340733,1.1848038146772553,-0.5936976037678053,0.0,0.0,0.0,1.0,0.0,0.0,1.0,1.0,0.0,
1.5398135472993206,1.1894871044968278,-0.5936976037678053,1.0,0.0,0.0,0.0,0.0,1.0,0.0,1.0,0.0,
0.5786978840512009,0.9577656011445288,-0.5936976037678053,1.0,0.0,0.0,0.0,0.0,1.0,0.0,0.0,1.0,
1.460247817135825,2.4419932498538333,4.447021096055343,0.362702199650922,0.0,0.0,0.637297800349078,0.0,0.0,1.0,0.0,1.0,
0.2749728247204949,1.3024933915234922,1.5470991550605115,0.0,0.0,1.0,0.0,0.0,0.0,1.0,0.8791403667179059,0.12085963328209415,
0.15813539110049696,2.347181875970175,5.126277661802799,0.0,0.0,0.0,1.0,0.1017702996984885,0.0,0.8982297003015115,1.0,0.0,
0.45947035712260725,2.5060638671106403,5.157860829736152,0.0,0.0,0.0,1.0,0.7781707741544504,0.0,0.22182922584554965,1.0,0.0,
0.8970289414064118,1.054975712354144,-0.5936976037678053,0.0,1.0,0.0,0.0,0.0,1.0,0.0,1.0,0.0,
0.6244077917375539,1.1824547605021576,-0.5936976037678053,0.0,0.0,1.0,0.0,0.0,1.0,0.0,1.0,0.0,
0.3693747612224495,1.9171524563657771,-0.5936976037678053,0.0,0.0,0.0,1.0,0.0,1.0,0.0,1.0,0.0,
1.4139956559899067,1.7062894711680556,0.173833667176569,0.0,0.0,0.0,1.0,0.0,1.0,0.0,1.0,0.0,
0.437163676962638,0.798110631775393,0.22914446402786115,0.0,0.0,0.0,1.0,0.0,1.0,0.0,0.0,1.0,
0.4469203374327547,1.0370944882886635,-0.5936976037678053,0.0,1.0,0.0,0.0,0.0,1.0,0.0,1.0,0.0,
1.5394501175045625,1.556132415085826,-0.5936976037678053,0.0,0.0,1.0,0.0,0.0,1.0,0.0,1.0,0.0,
1.9793665126404723,1.057677544779358,3.3367168704798456,0.0,0.0,0.9037612590245115,0.09623874097548846,0.0,0.0,1.0,1.0,0.0,
2.617640747335852,2.4782557450972584,4.876419838342975,0.0,0.2493062829735374,0.7506937170264626,0.0,0.0,0.0,1.0,0.2493062829735374,0.7506937170264626,
0.5627738665866108,2.301922763377023,-0.5936976037678053,1.0,0.0,0.0,0.0,0.0,0.08043249999247337,0.9195675000075266,0.0,1.0,
2.2663298038076864,1.5526492753246428,-0.5936976037678053,0.0,1.0,0.0,0.0,0.0,0.0,1.0,1.0,0.0,
2.46742232993043,1.6003146281877239,-0.5936976037678053,0.0,0.0,1.0,0.0,0.0,1.0,0.0,1.0,0.0,
-0.08501199908753834,1.3825241615412474,-0.5936976037678053,1.0,0.0,0.0,0.0,0.0,0.0,1.0,1.0,0.0,
-0.1914699875550061,0.5640719509783445,-0.5936976037678053,0.0,0.0,1.0,0.0,0.0,0.0,1.0,0.0,1.0,
2.7866924945859375,2.017784065385536,-0.5936976037678053,0.0,1.0,0.0,0.0,0.0,0.0,1.0,1.0,0.0,
3.1535200422482723,1.888994566613893,2.205121334869544,0.0,0.0,0.0,1.0,0.0,0.0,1.0,1.0,0.0,
1.691832451651848,1.0612705895256005,0.4379156872951742,1.0,0.0,0.0,0.0,0.0,0.0,1.0,1.0,0.0,
0.5846367730306975,0.9196746949523817,-0.5936976037678053,0.0,1.0,0.0,0.0,0.0,0.0,1.0,1.0,0.0,
2.671747339551077,2.4625877863059413,-0.5936976037678053,0.0,0.0,1.0,0.0,0.0,0.0,1.0,1.0,0.0,
0.43260379720244113,1.2818178767368749,-0.5936976037678053,0.0,1.0,0.0,0.0,0.0,0.0,1.0,1.0,0.0,
2.1401138918669576,1.1513491624926602,-0.5936976037678053,1.0,0.0,0.0,0.0,0.0,0.0,1.0,1.0,0.0,
-0.5273770669371259,2.031146553238722,2.170604909797757,0.0,0.0,0.0,1.0,0.16803844327273199,0.831961556727268,0.0,1.0,0.0,
2.385308091916073,1.1754335256443773,-0.5936976037678053,0.0,0.0,0.5616953604564527,0.43830463954354726,0.0,0.0,1.0,1.0,0.0,
0.7496355250410458,-0.06178863007910566,0.8077064440770575,1.0,0.0,0.0,0.0,0.04844322649012778,0.9515567735098722,0.0,0.0,1.0,
0.7841986959725474,2.160171812301104,-0.5936976037678053,1.0,0.0,0.0,0.0,0.0,0.0,1.0,0.0,1.0,
-0.5519368741200315,1.9830604924591315,2.3139235617056872,0.0,0.0,1.0,0.0,1.0,0.0,0.0,1.0,0.0,
-0.12309556485614997,1.3375136920093609,-0.5936976037678053,1.0,0.0,0.0,0.0,0.0,0.0,1.0,1.0,0.0,
2.5073479546268613,1.1771633393939132,-0.5936976037678053,0.0,0.0,0.0,1.0,0.9180529496610373,0.0,0.08194705033896266,1.0,0.0,
0.35062196491918884,1.1591796589767782,-0.5936976037678053,0.0,1.0,0.0,0.0,0.0,0.0,1.0,1.0,0.0,
1.5964028415958673,1.9657022553759211,-0.5936976037678053,0.0,0.0,1.0,0.0,0.6417601371281071,0.3582398628718929,0.0,0.0,1.0,
2.284599023038309,1.7626584003251096,-0.5936976037678053,0.0,0.0,0.0,1.0,1.0,0.0,0.0,1.0,0.0,
1.6136009404014464,1.946822378206201,-0.5936976037678053,0.0,0.0,0.0,1.0,0.0,1.0,0.0,1.0,0.0,
-0.1290587041861651,0.7720786248836538,-0.5936976037678053,0.0,0.0,0.0,1.0,0.0,1.0,0.0,1.0,0.0,
0.8748291049173751,2.0040872458008963,1.3377953927515722,0.0,1.0,0.0,0.0,0.0,0.0,1.0,1.0,0.0,
1.2159018022492876,0.610881284628904,-0.5936976037678053,0.0,0.0,0.0,1.0,1.0,0.0,0.0,0.0,1.0,
-0.8427935288774451,1.5946710887205287,-0.5936976037678053,0.0,0.0,1.0,0.0,0.0,1.0,0.0,0.28001465079988797,0.719985349200112,
-0.4961385256119732,1.9912172309997878,2.1810821496315747,0.0,0.0,0.0,1.0,0.35502649361486727,0.6449735063851327,0.0,1.0,0.0,
2.4584361743441394,1.543895815336443,-0.5936976037678053,0.0,1.0,0.0,0.0,0.0,0.0,1.0,0.0,1.0,
1.4917973813987462,1.1139358183889827,-0.3925589668291127,0.0,1.0,0.0,0.0,0.0,0.0,1.0,1.0,0.0,
-0.6531658911858802,2.0734230264005236,4.726569307044293,0.0,0.0,0.0,1.0,1.0,0.0,0.0,0.054142190864430506,0.9458578091355695,
-0.8305350737626531,1.0741020570569286,-0.5936976037678053,0.0,0.0,0.0,1.0,0.0,0.0,1.0,0.0,1.0,
3.3847864546181485,2.4504786651111226,-0.5936976037678053,0.0,1.0,0.0,0.0,0.0,0.12172652201953715,0.8782734779804628,1.0,0.0,
1.7400531125013545,2.1093431328878745,-0.5936976037678053,0.0,0.0,1.0,0.0,0.0,1.0,0.0,0.0,1.0,
0.5675113567577655,2.301922763377023,-0.5936976037678053,1.0,0.0,0.0,0.0,0.0,0.16550568328217952,0.8344943167178205,0.0,1.0,
1.1467223606450179,0.5865593973038259,-0.5936976037678053,0.0,1.0,0.0,0.0,0.0,1.0,0.0,1.0,0.0,
1.0967001099631564,0.665903248226868,-0.5936976037678053,1.0,0.0,0.0,0.0,0.0,0.0,1.0,1.0,0.0,
2.4246723225817672,2.5175930351420828,-0.5936976037678053,0.0,0.1266808889168609,0.8733191110831391,0.0,0.0,0.0,1.0,0.0,1.0,
2.4416468869637917,1.3928278653782837,-0.5936976037678053,0.0,0.0,1.0,0.0,0.0,0.0,1.0,1.0,0.0,
1.3570723986488193,1.328968852880538,1.5445430371247495,0.0,1.0,0.0,0.0,0.0,0.0,1.0,1.0,0.0,
-0.5088165511987189,1.9535460258075465,2.254246168015782,0.0,0.0,0.36043089504570225,0.6395691049542978,1.0,0.0,0.0,1.0,0.0,
0.5362556626744793,1.0391186916151252,-0.5936976037678053,0.0,1.0,0.0,0.0,0.0,1.0,0.0,1.0,0.0,
0.7306638482067768,0.16652843385303895,-0.5936976037678053,0.0,0.6984354462846404,0.0,0.3015645537153596,1.0,0.0,0.0,1.0,0.0,
0.6948158013465039,2.061638659233766,2.082222586507193,0.0,0.0,0.0,1.0,1.0,0.0,0.0,0.0,1.0,
0.4394259490019466,1.4091682046963885,-0.5936976037678053,0.0,1.0,0.0,0.0,0.0,0.0,1.0,1.0,0.0,
-0.8338860192014194,0.8698284408445038,-0.5936976037678053,0.0,0.0,0.5665394229896098,0.4334605770103902,0.0,0.0,1.0,0.0,1.0,
1.5983134089963327,1.110687508783671,-0.5936976037678053,0.0,1.0,0.0,0.0,0.0,1.0,0.0,1.0,0.0,
-0.396302006149174,1.912888479521052,-0.5936976037678053,0.9289437658046626,0.0,0.0,0.07105623419533735,0.0,0.0,1.0,0.0,1.0,
-0.8570609020280864,1.9761780439859886,1.581818921505103,0.20808075407045512,0.0,0.0,0.7919192459295449,0.0,1.0,0.0,0.0,1.0,
1.6937916559811024,2.486501007450397,1.2450437771812894,0.32187726457340593,0.0,0.0,0.6781227354265941,0.0,0.0,1.0,1.0,0.0,
2.1026099143610515,2.45345695398348,-0.5936976037678053,0.0,1.0,0.0,0.0,0.0,1.0,0.0,1.0,0.0,
1.1814646928534014,1.3859901935791168,-0.5936976037678053,0.0,0.0,1.0,0.0,0.0,1.0,0.0,1.0,0.0,
2.9094738774491518,2.067132314667659,-0.5936976037678053,0.0,0.8894244524137803,0.0,0.11057554758621968,0.0,0.0,1.0,1.0,0.0,
3.389798456685823,2.3172509821262204,-0.5936976037678053,0.0,0.0,1.0,0.0,0.7178167768485996,0.0,0.28218322315140043,1.0,0.0,
0.022963670287479768,2.448126938689059,1.607483043306338,0.0,0.0,1.0,0.0,0.07664691503073395,0.0,0.923353084969266,1.0,0.0,
0.6592541975889453,1.5915594032496216,-0.5936976037678053,0.0,0.0,1.0,0.0,0.0,0.0,1.0,1.0,0.0,
2.2189167215469663,2.4023045965243535,-0.10872913916395988,0.0,0.0,1.0,0.0,0.0,0.0,1.0,1.0,0.0,
0.5463848162761746,1.0937586234636236,-0.5936976037678053,0.0,1.0,0.0,0.0,0.0,0.0,1.0,1.0,0.0,
1.1637896209396892,0.5747712882336552,-0.5936976037678053,0.0,1.0,0.0,0.0,0.0,1.0,0.0,1.0,0.0,
2.260893467288303,1.7755602133963075,-0.5936976037678053,0.0,0.0,0.0,1.0,1.0,0.0,0.0,1.0,0.0,
1.8652452503833352,1.4778408351657015,-0.5936976037678053,1.0,0.0,0.0,0.0,0.0,0.0,1.0,1.0,0.0,
1.307493972316227,0.4938337184592274,-0.5936976037678053,1.0,0.0,0.0,0.0,1.0,0.0,0.0,1.0,0.0,
1.6460907414682606,0.7968487344826121,-0.5936976037678053,0.0,0.0,0.0,1.0,0.0,1.0,0.0,1.0,0.0,
2.1857990444035553,1.7786093510789454,-0.5936976037678053,0.0,0.0,1.0,0.0,1.0,0.0,0.0,1.0,0.0,
1.2953009241386249,2.124223905491894,-0.5936976037678053,0.0,0.0,0.0,1.0,0.6173706482502533,0.0,0.38262935174974666,1.0,0.0,
1.2155103319536038,1.3968005811500488,2.4887724369172406,0.0,0.0,1.0,0.0,1.0,0.0,0.0,1.0,0.0,
1.5560542578816756,2.291067137556497,-0.5936976037678053,0.0,0.0,0.0,1.0,0.0,1.0,0.0,1.0,0.0,
2.4967926275651724,2.1410887581691718,-0.5936976037678053,0.0,1.0,0.0,0.0,0.0,1.0,0.0,1.0,0.0,
0.9853954514199608,1.2036520941953304,1.358069832048914,0.0,1.0,0.0,0.0,0.0,0.7621166545119747,0.23788334548802526,1.0,0.0,
1.3164452945145904,1.055808489972799,2.7927822295830578,0.4036100010929252,0.0,0.5963899989070748,0.0,1.0,0.0,0.0,0.5963899989070748,0.4036100010929252,
0.5607854162178212,1.1322311605831714,-0.5936976037678053,0.0,1.0,0.0,0.0,0.0,1.0,0.0,1.0,0.0,
0.9063683930949811,2.0405002223345443,-0.5936976037678053,1.0,0.0,0.0,0.0,0.0,0.0,1.0,1.0,0.0,
0.008671695410585038,2.163501169713813,1.9521761305689922,0.0,0.0,1.0,0.0,0.0,0.0,1.0,1.0,0.0,
2.0963708232821574,1.1547039242846313,-0.5936976037678053,1.0,0.0,0.0,0.0,0.0,0.0,1.0,1.0,0.0,
0.05431379734573602,2.344630649967503,-0.5936976037678053,0.0,0.0,1.0,0.0,0.0,1.0,0.0,0.5251036876999905,0.4748963123000095,
2.536450063966165,1.774438117196598,-0.5936976037678053,0.0,0.0,1.0,0.0,0.0,1.0,0.0,1.0,0.0,
0.2517026484477402,1.6832059896698925,-0.5936976037678053,0.0,1.0,0.0,0.0,0.0,1.0,0.0,1.0,0.0,
-0.8700652383612023,2.141102096037529,-0.5936976037678053,1.0,0.0,0.0,0.0,0.0,1.0,0.0,1.0,0.0,
-0.10572009106675707,2.2189411503618497,-0.5936976037678053,0.0,0.0,1.0,0.0,0.0,1.0,0.0,0.0,1.0,
0.5190998196693435,2.298165315696445,-0.5936976037678053,0.824039633868656,0.0,0.17596036613134403,0.0,0.0,0.0,1.0,0.0,1.0,
-0.4853488164530752,1.718287268687985,2.331041353671985,0.0,0.0,0.0,1.0,1.0,0.0,0.0,1.0,0.0,
0.9439335624965444,0.419715528512135,-0.5936976037678053,1.0,0.0,0.0,0.0,0.0,1.0,0.0,1.0,0.0,
1.7012436673117386,1.7274532327322665,-0.5936976037678053,1.0,0.0,0.0,0.0,0.0,0.0,1.0,0.0,1.0,
0.3896208826776265,2.2064040855299316,-0.5936976037678053,0.0,0.0,1.0,0.0,0.0,1.0,0.0,1.0,0.0,
0.7253565019184448,0.9211275192312798,-0.5936976037678053,1.0,0.0,0.0,0.0,0.0,1.0,0.0,0.6623073338190514,0.3376926661809486,
1.8313609643106368,1.9243682615675126,-0.5936976037678053,0.0,0.0,1.0,0.0,0.0,1.0,0.0,0.0,1.0,
1.4918112744438612,1.1518616905340064,1.4902808959993021,0.0,1.0,0.0,0.0,0.0,0.0,1.0,1.0,0.0,
0.4414737906555706,1.292021795698541,-0.5936976037678053,0.0,1.0,0.0,0.0,0.0,0.0,1.0,1.0,0.0,
1.4705787431926458,1.5211636417492729,-0.5936976037678053,1.0,0.0,0.0,0.0,0.0,1.0,0.0,1.0,0.0,
4.456401106026692,2.7158137606327983,-0.5936976037678053,1.0,0.0,0.0,0.0,0.0,0.3087923496537923,0.6912076503462077,1.0,0.0,
-0.4759877980985919,0.9852716741454396,-0.5936976037678053,0.0,1.0,0.0,0.0,0.0,0.0,1.0,1.0,0.0,
-0.5595639930929546,1.0596065941247148,-0.5936976037678053,0.0,1.0,0.0,0.0,0.0,1.0,0.0,1.0,0.0,
1.882995592421683,1.3967655030652748,1.1182281725638732,0.0,0.0,0.0,1.0,1.0,0.0,0.0,1.0,0.0,
2.224173803777046,1.1516803915136666,-0.5936976037678053,0.0,0.0,0.0,1.0,0.0,0.0,1.0,1.0,0.0,
1.4828519166729826,1.9932119484137127,-0.5936976037678053,0.0,0.0,1.0,0.0,1.0,0.0,0.0,1.0,0.0,
-0.674598417216687,2.094710305676141,1.4679913494720285,0.0,0.0,0.0,1.0,0.0,1.0,0.0,0.35754964310885795,0.642450356891142,
3.0996980638902127,1.706466080077962,2.6231683844902096,0.0,0.0,0.8407274951266491,0.15927250487335087,0.0,0.0,1.0,0.15927250487335087,0.8407274951266491,
0.7107332022776971,0.3375349246895398,-0.5936976037678053,0.0,0.0,0.0,1.0,0.0,0.0,1.0,1.0,0.0,
2.035683185327411,1.184186066123745,-0.5936976037678053,0.0,0.0,1.0,0.0,1.0,0.0,0.0,0.0,1.0,
4.433621713676537,2.7102837000582425,-0.5936976037678053,1.0,0.0,0.0,0.0,0.0,0.05843707323680458,0.9415629267631954,1.0,0.0,
0.32036458572525056,0.7436618667503131,-0.5936976037678053,1.0,0.0,0.0,0.0,0.0,0.0,1.0,1.0,0.0,
-0.24846576909452112,1.7196975610646457,2.3032096051800273,0.0,0.0,1.0,0.0,1.0,0.0,0.0,1.0,0.0,
0.2543567143741044,1.7421865771326166,2.631299425006324,0.9225641729979958,0.0,0.07743582700200424,0.0,0.0,1.0,0.0,1.0,0.0,
0.7667883617160154,0.8134314201898645,2.752836734040271,0.0,0.0,0.0,1.0,0.0,1.0,0.0,1.0,0.0,
1.6109217521106487,2.260767133242361,-0.5936976037678053,1.0,0.0,0.0,0.0,0.0,0.0,1.0,0.0,1.0,
-0.6833790824729715,0.9453138313336475,2.7303418391461025,0.0,0.0,0.0,1.0,0.0,0.34054377960009197,0.659456220399908,1.0,0.0,
1.8570869447123715,0.8196137808185733,-0.5936976037678053,0.0,1.0,0.0,0.0,0.0,1.0,0.0,1.0,0.0,
1.0235257310168484,1.9129530803780883,3.370828684355645,0.0,0.9746889090754899,0.0,0.025311090924510116,0.0,0.0,1.0,0.0,1.0,
1.6938880207328566,1.6112061255373753,-0.5936976037678053,0.0,0.0,0.0,1.0,0.0,1.0,0.0,1.0,0.0,
2.49935917640422,1.6654189269049213,-0.5936976037678053,0.0,0.0,1.0,0.0,0.0,1.0,0.0,1.0,0.0,
-0.8381540230860363,1.3738834952756491,2.153691321253716,0.0,0.0,0.0,1.0,1.0,0.0,0.0,1.0,0.0,
2.328564368563969,2.2104382417159125,-0.5936976037678053,0.0,1.0,0.0,0.0,0.0,1.0,0.0,0.6420990117901169,0.35790098820988314,
2.440710908238933,2.463326655044282,-0.5936976037678053,0.0,0.2960996526162665,0.7039003473837335,0.0,0.0,0.0,1.0,0.0,1.0,
0.5098822206786148,0.8135904341643976,-0.45340456965971726,0.0,0.0,0.0,1.0,0.0,1.0,0.0,1.0,0.0,
1.0047033091371398,2.0309827069721655,-0.5936976037678053,1.0,0.0,0.0,0.0,0.0,0.0,1.0,1.0,0.0,
1.6007448202043757,1.185532862544038,-0.5936976037678053,1.0,0.0,0.0,0.0,0.0,0.0,1.0,1.0,0.0,
2.138472551830292,1.2010262535500469,2.1845403012160114,0.0,0.0,1.0,0.0,0.0,1.0,0.0,1.0,0.0,
1.6043375209524668,1.3958427751662585,-0.5325809628300536,0.0,1.0,0.0,0.0,0.0,0.0,1.0,1.0,0.0,
0.1269832272096209,1.5586146756475598,1.3328253662851899,0.0,0.0,0.0,1.0,1.0,0.0,0.0,1.0,0.0,
1.1225979359640592,1.0111992561658747,0.1520221463718644,0.0,0.0,0.0,1.0,1.0,0.0,0.0,1.0,0.0,
1.8354227164853998,2.3431222118712656,1.0130300559129388,0.0,0.0,0.4669722916328053,0.5330277083671947,0.0,0.0,1.0,1.0,0.0,
1.4953008522235913,1.3122199151315692,0.02206883047410016,0.0,1.0,0.0,0.0,0.0,0.0,1.0,1.0,0.0,
-0.02282256675782217,2.039646999362842,-0.5936976037678053,0.0,1.0,0.0,0.0,0.0,1.0,0.0,1.0,0.0,
0.7654606518641116,0.2785523723970162,-0.5936976037678053,0.0,0.0,1.0,0.0,0.0,0.0,1.0,1.0,0.0,
0.6065652985147588,0.831392033644806,0.014788513244419488,0.0,0.0,0.0,1.0,0.0,1.0,0.0,1.0,0.0,
1.2448329228470183,0.782909481988671,-0.46793394517254594,0.0,0.0,1.0,0.0,0.0,1.0,0.0,1.0,0.0,
0.05137716998241171,2.2733810429669674,2.4822724657814366,0.0,0.0,0.0,1.0,0.0,1.0,0.0,0.0,1.0,
1.437745121283217,2.0812997679981207,0.19402325072192844,1.0,0.0,0.0,0.0,0.0,0.9585348105934884,0.04146518940651156,0.0,1.0,
-0.3398836810725804,1.4846634687714846,2.1104536683584487,1.0,0.0,0.0,0.0,0.0,1.0,0.0,0.7765011481194434,0.22349885188055663,
0.8649611165780757,0.4247033479336136,-0.5936976037678053,1.0,0.0,0.0,0.0,0.0,0.0,1.0,1.0,0.0,
0.648385028393656,0.7262481015994344,-0.5936976037678053,1.0,0.0,0.0,0.0,0.0,1.0,0.0,0.0,1.0,
1.8521712144105613,1.5968309224610506,-0.5936976037678053,0.0,1.0,0.0,0.0,0.0,1.0,0.0,0.0,1.0,
-0.5792172751541212,0.9475104308132203,-0.5936976037678053,0.0,1.0,0.0,0.0,0.0,0.0,1.0,1.0,0.0,
-0.463619546665589,2.047934219924757,-0.5936976037678053,0.0,1.0,0.0,0.0,0.0,0.0,1.0,1.0,0.0,
-0.7333432849215732,1.7763812980321938,-0.5936976037678053,1.0,0.0,0.0,0.0,0.0,0.0,1.0,1.0,0.0,
0.7253565019184448,0.714304328779898,-0.2937300325156955,1.0,0.0,0.0,0.0,0.0,1.0,0.0,0.0,1.0,
1.618487175561686,1.7981606189239323,0.4527923723761714,0.0,0.0,0.0,1.0,0.0,0.9872206058853955,0.012779394114604492,1.0,0.0,
2.960672880839931,1.5568899511266772,-0.5936976037678053,0.0,0.0,0.0,1.0,0.0,0.0,1.0,1.0,0.0,
0.4714778176782569,2.310234201877358,1.987951813300321,0.0,0.0,1.0,0.0,0.0,0.7867491178975486,0.21325088210245136,1.0,0.0,
3.370876806475727,2.383805878945161,-0.5936976037678053,0.0,1.0,0.0,0.0,0.0,0.24661734006497826,0.7533826599350217,1.0,0.0,
-0.9360586757740843,1.3519462958527981,2.7048969579319664,0.0,0.7086897716815624,0.0,0.29131022831843756,0.0,0.0,1.0,1.0,0.0,
0.5658227644362532,1.6638374964313782,-0.5936976037678053,0.0,1.0,0.0,0.0,0.0,1.0,0.0,0.0,1.0,
0.7514342909212514,0.8239765621077543,2.8027962511140054,0.0,0.0,0.0,1.0,0.0,1.0,0.0,1.0,0.0,
1.0905425511511584,1.8961978407674662,2.4670543730112655,0.0,1.0,0.0,0.0,0.0,0.0,1.0,0.7789028133904816,0.22109718660951838,
0.5433315007116315,1.4829012203040617,-0.5936976037678053,0.0,0.0,1.0,0.0,0.0,0.0,1.0,1.0,0.0,
0.5141293099686914,1.1815761973809582,-0.5936976037678053,0.0,1.0,0.0,0.0,0.0,0.0,1.0,1.0,0.0,
1.7044759975662902,1.6179729385975632,-0.5936976037678053,0.0,0.0,0.0,1.0,0.0,1.0,0.0,1.0,0.0,
1.839781901173352,2.294630756616329,-0.5936976037678053,0.0,1.0,0.0,0.0,0.0,1.0,0.0,1.0,0.0,
1.3695292876563718,0.9818836008418315,1.6774014535428563,0.0,1.0,0.0,0.0,0.0,0.0,1.0,1.0,0.0,
3.399924777662259,2.5124307430574677,-0.5936976037678053,0.0,0.9858037776440599,0.014196222355940091,0.0,0.0,0.0,1.0,1.0,0.0,
0.8158034479834511,2.247653884813947,4.815731629979725,1.0,0.0,0.0,0.0,0.0,0.0,1.0,0.0,1.0,
1.285980113314582,0.9340550941183721,-0.5936976037678053,1.0,0.0,0.0,0.0,0.0,1.0,0.0,1.0,0.0,
2.464369849409472,1.6280833769832401,-0.5936976037678053,0.0,1.0,0.0,0.0,0.0,0.0,1.0,0.0,1.0,
1.2725414349018884,1.094969420567602,-0.5936976037678053,1.0,0.0,0.0,0.0,0.0,0.0,1.0,1.0,0.0,
2.3895827996183963,2.510070904688686,-0.5936976037678053,0.0,0.0,1.0,0.0,0.0,0.0,1.0,1.0,0.0,
0.5974501652010648,0.22358254739059613,-0.5936976037678053,0.0,0.0,0.0,1.0,1.0,0.0,0.0,0.7031299624163274,0.2968700375836726,
2.186411820567301,1.778613629242839,-0.5936976037678053,0.0,0.0,0.0,1.0,0.0,0.0,1.0,1.0,0.0,
1.6593736832853172,1.7729310267874987,0.24268233532154934,0.0,0.0,0.0,1.0,0.0,1.0,0.0,1.0,0.0,
-0.6885703700218395,0.7960283516137046,-0.5936976037678053,0.0,0.0,1.0,0.0,0.0,0.0,1.0,0.8698322255659445,0.13016777443405547,
-0.7306222746091595,1.0336957529514974,-0.5936976037678053,0.0,0.0,0.0,1.0,0.0,0.0,1.0,0.09271761157804537,0.9072823884219546,
0.8071802801787412,0.8203744713227901,-0.5936976037678053,1.0,0.0,0.0,0.0,0.0,1.0,0.0,1.0,0.0,
2.351604896637987,1.3284956139697608,-0.5936976037678053,0.0,0.0,0.1991865544682061,0.8008134455317939,1.0,0.0,0.0,0.0,1.0,
-0.5323911972850467,1.722675070022457,-0.5936976037678053,0.0,1.0,0.0,0.0,0.0,1.0,0.0,1.0,0.0,
-0.944128553754614,1.015673219387279,2.8505374628649536,0.0,0.0,0.25508164610716133,0.7449183538928387,1.0,0.0,0.0,0.7449183538928387,0.25508164610716133,
0.40207552004646036,0.8498546193007139,-0.5936976037678053,0.0,0.0,0.0,1.0,0.0,1.0,0.0,1.0,0.0,
-0.46112745074990313,1.6022921812589694,-0.5936976037678053,1.0,0.0,0.0,0.0,0.0,1.0,0.0,1.0,0.0,
1.7737978250092385,1.2800941229087541,-0.5936976037678053,0.0,1.0,0.0,0.0,0.0,1.0,0.0,1.0,0.0,
1.115167132198411,1.2559686465596556,-0.5936976037678053,0.0,0.0,1.0,0.0,0.0,1.0,0.0,1.0,0.0,
0.807252182252976,1.3871649966761528,-0.5936976037678053,0.0,0.0,0.0,1.0,0.0,1.0,0.0,1.0,0.0,
-0.06634518019479005,2.2620392847889583,1.6009845641498874,0.0,0.0,1.0,0.0,0.0,0.0,1.0,0.44576664647883923,0.5542333535211608,
-0.1046852784760306,2.2510000101217758,5.012112140182198,0.0,0.0,0.0,1.0,0.2603615553169696,0.0,0.7396384446830304,0.7396384446830304,0.2603615553169696,
1.9551960906986103,1.428824580859604,-0.5936976037678053,0.0,0.0,1.0,0.0,1.0,0.0,0.0,1.0,0.0,
3.0752172936295485,2.1788998165542663,4.147933424411349,0.6401260940262373,0.3598739059737627,0.0,0.0,0.0,0.6401260940262373,0.3598739059737627,1.0,0.0,
0.3919607500619661,2.1516080868645835,-0.5936976037678053,1.0,0.0,0.0,0.0,0.0,0.0,1.0,1.0,0.0,
0.10357200035861366,0.8484396534004748,-0.5936976037678053,0.0,0.0,0.0,1.0,0.0,1.0,0.0,1.0,0.0,
1.6133213442282297,1.1273104482970673,-0.5936976037678053,0.0,1.0,0.0,0.0,0.0,0.0,1.0,1.0,0.0,
1.331248690975193,0.5675178642563046,0.12622548541376952,0.0,0.0,1.0,0.0,0.0,1.0,0.0,1.0,0.0,
