,mean_fit_time,std_fit_time,mean_score_time,std_score_time,param_learning_rate,param_max_depth,param_max_features,param_min_samples_leaf,param_min_samples_split,param_n_estimators,param_subsample,params,split0_test_score,split1_test_score,split2_test_score,split3_test_score,mean_test_score,std_test_score,rank_test_score
0,3.753154456615448,1.0046349285917355,0.027251482009887695,0.028153482128802244,0.05,5,,1,2,150,0.8,"{'learning_rate': 0.05, 'max_depth': 5, 'max_features': None, 'min_samples_leaf': 1, 'min_samples_split': 2, 'n_estimators': 150, 'subsample': 0.8}",0.9802519537156409,0.992242282692651,0.9915313664163197,0.9978828342230808,0.9904771092619231,0.006395816279688696,1162
1,4.341912567615509,0.9863966072090917,0.01325136423110962,0.0038983805332805286,0.05,5,,1,2,150,0.9,"{'learning_rate': 0.05, 'max_depth': 5, 'max_features': None, 'min_samples_leaf': 1, 'min_samples_split': 2, 'n_estimators': 150, 'subsample': 0.9}",0.9830739113827349,0.9908316062395213,0.988708488555093,0.997177133385926,0.9899477848908188,0.005045557755417411,1204
2,4.054912447929382,1.2320365811608431,0.009770810604095459,0.00044646533214240413,0.05,5,,1,2,150,1.0,"{'learning_rate': 0.05, 'max_depth': 5, 'max_features': None, 'min_samples_leaf': 1, 'min_samples_split': 2, 'n_estimators': 150, 'subsample': 1.0}",0.9823680526023909,0.9915369556913675,0.988708398576796,0.997177133385926,0.9899476350641201,0.005333323621506003,1209
3,8.340062975883484,1.0455241950623648,0.021499991416931152,0.00269055055156269,0.05,5,,1,2,350,0.8,"{'learning_rate': 0.05, 'max_depth': 5, 'max_features': None, 'min_samples_leaf': 1, 'min_samples_split': 2, 'n_estimators': 350, 'subsample': 0.8}",0.9816630027156343,0.9929475893487711,0.9908256149666836,0.9978828342230808,0.9908297603135425,0.005879211542345083,1139
4,7.829542398452759,0.8344883662420532,0.02074611186981201,0.002042898540752151,0.05,5,,1,2,350,0.9,"{'learning_rate': 0.05, 'max_depth': 5, 'max_features': None, 'min_samples_leaf': 1, 'min_samples_split': 2, 'n_estimators': 350, 'subsample': 0.9}",0.9823680526023909,0.9929475893487711,0.9915313664163197,0.9992942822920636,0.9915353226648864,0.0060463792416041405,958
5,6.9964587688446045,0.5023663736181064,0.021771669387817383,0.004257793887701952,0.05,5,,1,2,350,1.0,"{'learning_rate': 0.05, 'max_depth': 5, 'max_features': None, 'min_samples_leaf': 1, 'min_samples_split': 2, 'n_estimators': 350, 'subsample': 1.0}",0.9830735409682778,0.992242282692651,0.9908256149666836,0.9992942822920636,0.991358930229919,0.005759388515947605,1030
6,7.828608870506287,0.16236434758422616,0.024272918701171875,0.0008244208162783332,0.05,5,,1,2,450,0.8,"{'learning_rate': 0.05, 'max_depth': 5, 'max_features': None, 'min_samples_leaf': 1, 'min_samples_split': 2, 'n_estimators': 450, 'subsample': 0.8}",0.9816630027156343,0.992242282692651,0.992236981492171,0.9985885610693866,0.9911827069924607,0.0060767104487567955,1066
7,8.123606383800507,0.3351389007077474,0.024966537952423096,0.001601462506301559,0.05,5,,1,2,450,0.9,"{'learning_rate': 0.05, 'max_depth': 5, 'max_features': None, 'min_samples_leaf': 1, 'min_samples_split': 2, 'n_estimators': 450, 'subsample': 0.9}",0.9809569664048577,0.9943581500461534,0.9908256149666836,0.9992942822920636,0.9913587534274395,0.0067165915522518225,1046
8,7.869413733482361,0.39673359935588076,0.025242149829864502,0.0019074797315172163,0.05,5,,1,2,450,1.0,"{'learning_rate': 0.05, 'max_depth': 5, 'max_features': None, 'min_samples_leaf': 1, 'min_samples_split': 2, 'n_estimators': 450, 'subsample': 1.0}",0.9809569664048577,0.9929475893487711,0.9915313664163197,0.9992942822920636,0.991182551115503,0.006587863793263145,1077
9,10.303476393222809,0.4478830717336919,0.03824961185455322,0.004086547062036013,0.05,5,,1,2,650,0.8,"{'learning_rate': 0.05, 'max_depth': 5, 'max_features': None, 'min_samples_leaf': 1, 'min_samples_split': 2, 'n_estimators': 650, 'subsample': 0.8}",0.9830725980219531,0.9936528777649296,0.9908256149666836,0.9992942822920636,0.9917113432614075,0.005845574276649066,925
10,11.0194633603096,0.4907823202271587,0.03599923849105835,0.0015818161098653143,0.05,5,,1,2,650,0.9,"{'learning_rate': 0.05, 'max_depth': 5, 'max_features': None, 'min_samples_leaf': 1, 'min_samples_split': 2, 'n_estimators': 650, 'subsample': 0.9}",0.9809569664048577,0.9943581500461534,0.9929428334648147,0.9985885610693866,0.9917116277463032,0.006547421253902496,877
11,11.630396068096161,0.5283044762964998,0.0357477068901062,0.0019146610499605457,0.05,5,,1,2,650,1.0,"{'learning_rate': 0.05, 'max_depth': 5, 'max_features': None, 'min_samples_leaf': 1, 'min_samples_split': 2, 'n_estimators': 650, 'subsample': 1.0}",0.9816625284502379,0.9936528777649296,0.992237105212699,0.9992942822920636,0.9917116984299825,0.006374276915953738,867
12,2.29291695356369,0.0797159416795785,0.011999189853668213,0.0012241706174747002,0.05,5,,1,5,150,0.8,"{'learning_rate': 0.05, 'max_depth': 5, 'max_features': None, 'min_samples_leaf': 1, 'min_samples_split': 5, 'n_estimators': 150, 'subsample': 0.8}",0.9823684735375408,0.9901262322314954,0.990825669796826,0.9978828342230808,0.9903008024472357,0.0054935190969995756,1177
13,2.4345948100090027,0.07852566063000335,0.010500669479370117,0.0005021213012068476,0.05,5,,1,5,150,0.9,"{'learning_rate': 0.05, 'max_depth': 5, 'max_features': None, 'min_samples_leaf': 1, 'min_samples_split': 5, 'n_estimators': 150, 'subsample': 0.9}",0.9823684735375408,0.992242282692651,0.990825669796826,0.9978828342230808,0.9908298150625245,0.005552802483227976,1134
14,2.516821026802063,0.1057192573353019,0.011749207973480225,0.001784735430932687,0.05,5,,1,5,150,1.0,"{'learning_rate': 0.05, 'max_depth': 5, 'max_features': None, 'min_samples_leaf': 1, 'min_samples_split': 5, 'n_estimators': 150, 'subsample': 1.0}",0.9823684735375408,0.9908317886367694,0.9872967965574946,0.9992942836979535,0.9899478356074395,0.006176815569079395,1203
15,5.431897699832916,0.2435290280368209,0.022249937057495117,0.0016388961715127414,0.05,5,,1,5,350,0.8,"{'learning_rate': 0.05, 'max_depth': 5, 'max_features': None, 'min_samples_leaf': 1, 'min_samples_split': 5, 'n_estimators': 350, 'subsample': 0.8}",0.9816630027156343,0.992242282692651,0.9929428334648147,0.9985885610693866,0.9913591699856217,0.006114892338345801,1003
16,5.95257031917572,0.2327228278433898,0.020319581031799316,0.0013616825889578201,0.05,5,,1,5,350,0.9,"{'learning_rate': 0.05, 'max_depth': 5, 'max_features': None, 'min_samples_leaf': 1, 'min_samples_split': 5, 'n_estimators': 350, 'subsample': 0.9}",0.9823680526023909,0.9929475893487711,0.9908256149666836,0.9992942822920636,0.9913588848024772,0.006054212496704783,1033
17,6.058403491973877,0.06957765793683411,0.023249506950378418,0.0033445831630263792,0.05,5,,1,5,350,1.0,"{'learning_rate': 0.05, 'max_depth': 5, 'max_features': None, 'min_samples_leaf': 1, 'min_samples_split': 5, 'n_estimators': 350, 'subsample': 1.0}",0.9837789956545375,0.992242282692651,0.9915313664163197,0.9992942822920636,0.991711731763893,0.005494028363585871,862
18,7.064400851726532,0.29147120847635266,0.027119994163513184,0.0018829689623675052,0.05,5,,1,5,450,0.8,"{'learning_rate': 0.05, 'max_depth': 5, 'max_features': None, 'min_samples_leaf': 1, 'min_samples_split': 5, 'n_estimators': 450, 'subsample': 0.8}",0.9802519537156409,0.9936528777649296,0.9908256149666836,0.9992942822920636,0.9910061821848295,0.006917073719591103,1113
19,7.497847318649292,0.07523507399429653,0.024253666400909424,0.0008284837969743679,0.05,5,,1,5,450,0.9,"{'learning_rate': 0.05, 'max_depth': 5, 'max_features': None, 'min_samples_leaf': 1, 'min_samples_split': 5, 'n_estimators': 450, 'subsample': 0.9}",0.9809574968105822,0.992242282692651,0.9908255235816568,0.9985885610693866,0.9906534660385692,0.006315288880498575,1149
20,7.811485588550568,0.2206376330603377,0.028751075267791748,0.003270199936990495,0.05,5,,1,5,450,1.0,"{'learning_rate': 0.05, 'max_depth': 5, 'max_features': None, 'min_samples_leaf': 1, 'min_samples_split': 5, 'n_estimators': 450, 'subsample': 1.0}",0.9816625284502379,0.9929475893487711,0.992237105212699,0.9992942822920636,0.9915353763259429,0.006327727001464853,952
21,10.208511590957642,0.05928944426002749,0.03649944067001343,0.0030426995709354095,0.05,5,,1,5,650,0.8,"{'learning_rate': 0.05, 'max_depth': 5, 'max_features': None, 'min_samples_leaf': 1, 'min_samples_split': 5, 'n_estimators': 650, 'subsample': 0.8}",0.9830725980219531,0.992242282692651,0.9929428053469331,0.9985885610693866,0.991711561782731,0.005561529453471213,883
22,10.990254998207092,0.2429436219814966,0.035001397132873535,0.0015809113546548703,0.05,5,,1,5,650,0.9,"{'learning_rate': 0.05, 'max_depth': 5, 'max_features': None, 'min_samples_leaf': 1, 'min_samples_split': 5, 'n_estimators': 650, 'subsample': 0.9}",0.9816619811904492,0.9936528777649296,0.9936485406285719,1.0,0.9922408498959877,0.006634988495221513,480
23,11.75576627254486,0.2915101486978068,0.03475034236907959,0.0014794366520537198,0.05,5,,1,5,650,1.0,"{'learning_rate': 0.05, 'max_depth': 5, 'max_features': None, 'min_samples_leaf': 1, 'min_samples_split': 5, 'n_estimators': 650, 'subsample': 1.0}",0.9809569664048577,0.9936528777649296,0.9929428334648147,0.9992942822920636,0.9917117399816664,0.006679141217912076,861
24,2.2406559586524963,0.05106238424365321,0.009999454021453857,0.0007064685951383345,0.05,5,,1,10,150,0.8,"{'learning_rate': 0.05, 'max_depth': 5, 'max_features': None, 'min_samples_leaf': 1, 'min_samples_split': 10, 'n_estimators': 150, 'subsample': 0.8}",0.9816630027156343,0.9915369556913675,0.9894141711154042,0.9957655988524983,0.9895949320937261,0.0051185144840063404,1225
25,2.321250081062317,0.054683132239077926,0.014999806880950928,0.00924742106250446,0.05,5,,1,10,150,0.9,"{'learning_rate': 0.05, 'max_depth': 5, 'max_features': None, 'min_samples_leaf': 1, 'min_samples_split': 10, 'n_estimators': 150, 'subsample': 0.9}",0.9823684735375408,0.9894212945808878,0.990825669796826,0.9978828468761906,0.9901245711978613,0.005507586351180456,1191
26,2.466837525367737,0.1373806246745682,0.015261054039001465,0.006523839710866075,0.05,5,,1,10,150,1.0,"{'learning_rate': 0.05, 'max_depth': 5, 'max_features': None, 'min_samples_leaf': 1, 'min_samples_split': 10, 'n_estimators': 150, 'subsample': 1.0}",0.9830739113827349,0.9894210841225245,0.988708488555093,0.998588566692963,0.9899480126883288,0.0055616210779075624,1200
27,5.114412009716034,0.19371971842600313,0.019250988960266113,0.0004321558058760729,0.05,5,,1,10,350,0.8,"{'learning_rate': 0.05, 'max_depth': 5, 'max_features': None, 'min_samples_leaf': 1, 'min_samples_split': 10, 'n_estimators': 350, 'subsample': 0.8}",0.9781350802189577,0.992242282692651,0.9915313664163197,0.9992942822920636,0.9903007529049981,0.007651325216432643,1180
28,5.655000150203705,0.21442961227378546,0.019495010375976562,0.001122126040508214,0.05,5,,1,10,350,0.9,"{'learning_rate': 0.05, 'max_depth': 5, 'max_features': None, 'min_samples_leaf': 1, 'min_samples_split': 10, 'n_estimators': 350, 'subsample': 0.9}",0.9809574968105822,0.9929475893487711,0.9915313664163197,0.9992942822920636,0.9911826837169342,0.006587657972071993,1068
29,6.001892566680908,0.29684195336424524,0.02049940824508667,0.0020595119302470326,0.05,5,,1,10,350,1.0,"{'learning_rate': 0.05, 'max_depth': 5, 'max_features': None, 'min_samples_leaf': 1, 'min_samples_split': 10, 'n_estimators': 350, 'subsample': 1.0}",0.9823680526023909,0.992242282692651,0.9915313664163197,1.0,0.9915354254278403,0.006248788100040495,948
30,6.983136892318726,0.238440799789095,0.03236263990402222,0.008719952404483648,0.05,5,,1,10,450,0.8,"{'learning_rate': 0.05, 'max_depth': 5, 'max_features': None, 'min_samples_leaf': 1, 'min_samples_split': 10, 'n_estimators': 450, 'subsample': 0.8}",0.9802519537156409,0.9929475893487711,0.9929428053469331,0.9985885610693866,0.991182727370183,0.006718273545986335,1064
31,7.213067352771759,0.22359323988846957,0.02485710382461548,0.0011608475184663948,0.05,5,,1,10,450,0.9,"{'learning_rate': 0.05, 'max_depth': 5, 'max_features': None, 'min_samples_leaf': 1, 'min_samples_split': 10, 'n_estimators': 450, 'subsample': 0.9}",0.979546371323736,0.9929475893487711,0.9936485532815809,0.9992942822920636,0.9913591990615378,0.007250389153137881,1000
32,7.737229287624359,0.3496755225014288,0.02799975872039795,0.0030007760666642637,0.05,5,,1,10,450,1.0,"{'learning_rate': 0.05, 'max_depth': 5, 'max_features': None, 'min_samples_leaf': 1, 'min_samples_split': 10, 'n_estimators': 450, 'subsample': 1.0}",0.985189812413243,0.9929475893487711,0.992237105212699,1.0,0.9925936267436783,0.005242213954508448,192
33,10.031417608261108,0.2730017216458895,0.03524887561798096,0.0010884430213126469,0.05,5,,1,10,650,0.8,"{'learning_rate': 0.05, 'max_depth': 5, 'max_features': None, 'min_samples_leaf': 1, 'min_samples_split': 10, 'n_estimators': 650, 'subsample': 0.8}",0.9816613609231993,0.9943581500461534,0.992237105212699,0.9992942822920636,0.9918877246185287,0.00643546190248973,833
34,10.909620761871338,0.06939059099726708,0.03775054216384888,0.0024879772819232917,0.05,5,,1,10,650,0.9,"{'learning_rate': 0.05, 'max_depth': 5, 'max_features': None, 'min_samples_leaf': 1, 'min_samples_split': 10, 'n_estimators': 650, 'subsample': 0.9}",0.9809556781536468,0.9936528777649296,0.9929428334648147,0.9992942822920636,0.9917114179188637,0.006679659807582056,911
35,11.51886910200119,0.4534626153186096,0.03925037384033203,0.003765906589266697,0.05,5,,1,10,650,1.0,"{'learning_rate': 0.05, 'max_depth': 5, 'max_features': None, 'min_samples_leaf': 1, 'min_samples_split': 10, 'n_estimators': 650, 'subsample': 1.0}",0.9816625284502379,0.9929475893487711,0.9936485406285719,1.0,0.9920646646068952,0.006604207063958495,616
36,2.223852813243866,0.054687123870773666,0.014763057231903076,0.007652935014668513,0.05,5,,2,2,150,0.8,"{'learning_rate': 0.05, 'max_depth': 5, 'max_features': None, 'min_samples_leaf': 2, 'min_samples_split': 2, 'n_estimators': 150, 'subsample': 0.8}",0.9830739113827349,0.9894210841225245,0.9887082636066619,0.9978828510938604,0.9897715275514454,0.005289257338376033,1215
37,2.4673030376434326,0.06250365669178243,0.010345220565795898,0.00039970385929307187,0.05,5,,2,2,150,0.9,"{'learning_rate': 0.05, 'max_depth': 5, 'max_features': None, 'min_samples_leaf': 2, 'min_samples_split': 2, 'n_estimators': 150, 'subsample': 0.9}",0.9809574968105822,0.9908316062395213,0.9901199274857064,0.9992942822920636,0.9903008282069683,0.00649027172686564,1176
38,2.5853025317192078,0.10693408399019227,0.011249303817749023,0.0010889075180948238,0.05,5,,2,2,150,1.0,"{'learning_rate': 0.05, 'max_depth': 5, 'max_features': None, 'min_samples_leaf': 2, 'min_samples_split': 2, 'n_estimators': 150, 'subsample': 1.0}",0.9837789956545375,0.9908317886367694,0.9880027989650803,0.998588566692963,0.9903005374873375,0.005403326893930706,1185
39,5.573607444763184,0.05160008039210836,0.019746482372283936,0.0008197848260563234,0.05,5,,2,2,350,0.8,"{'learning_rate': 0.05, 'max_depth': 5, 'max_features': None, 'min_samples_leaf': 2, 'min_samples_split': 2, 'n_estimators': 350, 'subsample': 0.8}",0.9816625284502379,0.992242282692651,0.9915314001577777,0.9978828342230808,0.9908297613809369,0.005836769430761597,1138
40,5.997557163238525,0.19757818487618825,0.019750118255615234,0.0004330519915878734,0.05,5,,2,2,350,0.9,"{'learning_rate': 0.05, 'max_depth': 5, 'max_features': None, 'min_samples_leaf': 2, 'min_samples_split': 2, 'n_estimators': 350, 'subsample': 0.9}",0.9830735409682778,0.9929475893487711,0.9901198487546965,0.9992942822920636,0.9913588153409523,0.00582401597294461,1036
41,6.187089502811432,0.21734097284711734,0.020251154899597168,0.0016392047213766422,0.05,5,,2,2,350,1.0,"{'learning_rate': 0.05, 'max_depth': 5, 'max_features': None, 'min_samples_leaf': 2, 'min_samples_split': 2, 'n_estimators': 350, 'subsample': 1.0}",0.985189812413243,0.992242282692651,0.9929428334648147,1.0,0.9925937321426772,0.005242046818356352,184
42,7.019790172576904,0.1665520950072691,0.026319146156311035,0.0018438257735412028,0.05,5,,2,2,450,0.8,"{'learning_rate': 0.05, 'max_depth': 5, 'max_features': None, 'min_samples_leaf': 2, 'min_samples_split': 2, 'n_estimators': 450, 'subsample': 0.8}",0.9823680526023909,0.9929475893487711,0.9922370588179632,0.9985885610693866,0.991535315459628,0.005836821549528937,960
43,7.680656135082245,0.268350028570974,0.026250064373016357,0.0022779870195785363,0.05,5,,2,2,450,0.9,"{'learning_rate': 0.05, 'max_depth': 5, 'max_features': None, 'min_samples_leaf': 2, 'min_samples_split': 2, 'n_estimators': 450, 'subsample': 0.9}",0.9809574968105822,0.9936528777649296,0.9915314001577777,0.9992942822920636,0.9913590142563382,0.006641753734297791,1021
44,8.033325612545013,0.18451565337441894,0.03000164031982422,0.005523208704037011,0.05,5,,2,2,450,1.0,"{'learning_rate': 0.05, 'max_depth': 5, 'max_features': None, 'min_samples_leaf': 2, 'min_samples_split': 2, 'n_estimators': 450, 'subsample': 1.0}",0.9830735409682778,0.9936528777649296,0.992237105212699,1.0,0.9922408809864767,0.006046441102709067,473
45,10.136164963245392,0.19000913227588276,0.034999072551727295,0.002916697311780125,0.05,5,,2,2,650,0.8,"{'learning_rate': 0.05, 'max_depth': 5, 'max_features': None, 'min_samples_leaf': 2, 'min_samples_split': 2, 'n_estimators': 650, 'subsample': 0.8}",0.9816619811904492,0.9943581500461534,0.9929428053469331,0.9985885610693866,0.9918878744132306,0.006258658699058612,799
46,10.980305850505829,0.17075852438386427,0.03600203990936279,0.003080494743083558,0.05,5,,2,2,650,0.9,"{'learning_rate': 0.05, 'max_depth': 5, 'max_features': None, 'min_samples_leaf': 2, 'min_samples_split': 2, 'n_estimators': 650, 'subsample': 0.9}",0.9823675614859793,0.9936528777649296,0.9915313664163197,0.9992942822920636,0.9917115219898229,0.006095268041169976,888
47,11.78924822807312,0.2620348774083616,0.036752164363861084,0.0012987722970754802,0.05,5,,2,2,650,1.0,"{'learning_rate': 0.05, 'max_depth': 5, 'max_features': None, 'min_samples_leaf': 2, 'min_samples_split': 2, 'n_estimators': 650, 'subsample': 1.0}",0.9802519537156409,0.9936528777649296,0.9915313664163197,0.9992942822920636,0.9911826200472384,0.006919218309328785,1074
48,2.350168287754059,0.08021996310061162,0.012250542640686035,0.0022794075088418955,0.05,5,,2,5,150,0.8,"{'learning_rate': 0.05, 'max_depth': 5, 'max_features': None, 'min_samples_leaf': 2, 'min_samples_split': 5, 'n_estimators': 150, 'subsample': 0.8}",0.9823684735375408,0.9901264483065952,0.9901199274857064,0.9985885610693866,0.9903008525998073,0.005737418845147728,1174
49,2.442845106124878,0.1032379626392349,0.010991156101226807,0.0007191722132666457,0.05,5,,2,5,150,0.9,"{'learning_rate': 0.05, 'max_depth': 5, 'max_features': None, 'min_samples_leaf': 2, 'min_samples_split': 5, 'n_estimators': 150, 'subsample': 0.9}",0.9823684735375408,0.9915371072185253,0.9915313664163197,0.9985885610693866,0.9910063770604431,0.0057589100518442215,1098
50,2.5298376083374023,0.027776231986417044,0.011257171630859375,0.0011047392620444855,0.05,5,,2,5,150,1.0,"{'learning_rate': 0.05, 'max_depth': 5, 'max_features': None, 'min_samples_leaf': 2, 'min_samples_split': 5, 'n_estimators': 150, 'subsample': 1.0}",0.9830735409682778,0.9908317886367694,0.9872970496244795,0.9985885610693866,0.9899477350747283,0.005694868359756882,1207
51,5.496570348739624,0.133883790174844,0.021014153957366943,0.0009868184212939392,0.05,5,,2,5,350,0.8,"{'learning_rate': 0.05, 'max_depth': 5, 'max_features': None, 'min_samples_leaf': 2, 'min_samples_split': 5, 'n_estimators': 350, 'subsample': 0.8}",0.9809569664048577,0.9929475893487711,0.9915313664163197,0.9978828342230808,0.9908296890982573,0.006168374219808602,1143
52,5.93394148349762,0.20468761995685766,0.02050071954727173,0.0014997948681558287,0.05,5,,2,5,350,0.9,"{'learning_rate': 0.05, 'max_depth': 5, 'max_features': None, 'min_samples_leaf': 2, 'min_samples_split': 5, 'n_estimators': 350, 'subsample': 0.9}",0.9816630027156343,0.9936528777649296,0.9901198487546965,0.9985885610693866,0.9910060725761618,0.006176124523874269,1120
53,6.151441991329193,0.1523527248492542,0.022250235080718994,0.0021642529703280863,0.05,5,,2,5,350,1.0,"{'learning_rate': 0.05, 'max_depth': 5, 'max_features': None, 'min_samples_leaf': 2, 'min_samples_split': 5, 'n_estimators': 350, 'subsample': 1.0}",0.9816625284502379,0.9929475893487711,0.9915313664163197,0.9992942822920636,0.991358941626848,0.006315528320278479,1029
54,7.000977575778961,0.23533255717826645,0.025249481201171875,0.0033462672666018734,0.05,5,,2,5,450,0.8,"{'learning_rate': 0.05, 'max_depth': 5, 'max_features': None, 'min_samples_leaf': 2, 'min_samples_split': 5, 'n_estimators': 450, 'subsample': 0.8}",0.9816625284502379,0.992242282692651,0.9929428053469331,0.9992942822920636,0.9915354746954714,0.006327604601854235,945
55,7.503927290439606,0.12294403856376011,0.02625095844268799,0.0014773020285953167,0.05,5,,2,5,450,0.9,"{'learning_rate': 0.05, 'max_depth': 5, 'max_features': None, 'min_samples_leaf': 2, 'min_samples_split': 5, 'n_estimators': 450, 'subsample': 0.9}",0.9816625284502379,0.992242282692651,0.9901199274857064,0.9985885610693866,0.9906533249244955,0.006054165787567221,1157
56,7.858896732330322,0.28916008589078246,0.02375209331512451,0.0013013759283988927,0.05,5,,2,5,450,1.0,"{'learning_rate': 0.05, 'max_depth': 5, 'max_features': None, 'min_samples_leaf': 2, 'min_samples_split': 5, 'n_estimators': 450, 'subsample': 1.0}",0.9816625284502379,0.9936528777649296,0.992237105212699,1.0,0.9918881278569667,0.006587895724817605,755
57,10.266160786151886,0.38869725604106575,0.03499960899353027,0.001869291673166747,0.05,5,,2,5,650,0.8,"{'learning_rate': 0.05, 'max_depth': 5, 'max_features': None, 'min_samples_leaf': 2, 'min_samples_split': 5, 'n_estimators': 650, 'subsample': 0.8}",0.980956360190705,0.9943581500461534,0.9929428334648147,0.9992942822920636,0.9918879064984341,0.006737360038693443,792
58,10.91493433713913,0.2859873000140121,0.04175156354904175,0.005356654311884421,0.05,5,,2,5,650,0.9,"{'learning_rate': 0.05, 'max_depth': 5, 'max_features': None, 'min_samples_leaf': 2, 'min_samples_split': 5, 'n_estimators': 650, 'subsample': 0.9}",0.9816619811904492,0.9943581500461534,0.9922370588179632,0.9992942822920636,0.9918878680866574,0.0064352148628139495,804
59,11.789604544639587,0.2879464993320762,0.03850150108337402,0.0045016377404672,0.05,5,,2,5,650,1.0,"{'learning_rate': 0.05, 'max_depth': 5, 'max_features': None, 'min_samples_leaf': 2, 'min_samples_split': 5, 'n_estimators': 650, 'subsample': 1.0}",0.9788407475274414,0.9936528777649296,0.9929428334648147,0.9992942822920636,0.9911826852623122,0.007538590818569131,1067
60,2.3094928860664368,0.1607753891156471,0.010998725891113281,0.0014143639699592708,0.05,5,,2,10,150,0.8,"{'learning_rate': 0.05, 'max_depth': 5, 'max_features': None, 'min_samples_leaf': 2, 'min_samples_split': 10, 'n_estimators': 150, 'subsample': 0.8}",0.9802519537156409,0.9901266250882795,0.9894142343809531,0.9992942822920636,0.9897717738692342,0.006737189627228794,1212
61,2.44980525970459,0.08795037037699907,0.011499285697937012,0.001660313232234644,0.05,5,,2,10,150,0.9,"{'learning_rate': 0.05, 'max_depth': 5, 'max_features': None, 'min_samples_leaf': 2, 'min_samples_split': 10, 'n_estimators': 150, 'subsample': 0.9}",0.9823684735375408,0.9901264483065952,0.990825669796826,0.9978828468761906,0.9903008596292882,0.005493521747071108,1173
62,2.511114716529846,0.08044962991037814,0.010250329971313477,0.00043318871255080047,0.05,5,,2,10,150,1.0,"{'learning_rate': 0.05, 'max_depth': 5, 'max_features': None, 'min_samples_leaf': 2, 'min_samples_split': 10, 'n_estimators': 150, 'subsample': 1.0}",0.9830735409682778,0.9901266250882795,0.9872971002366666,0.9978828510938604,0.9895950293467711,0.005403259946777626,1223
63,5.444340527057648,0.1203352655170826,0.02452683448791504,0.007272668018526172,0.05,5,,2,10,350,0.8,"{'learning_rate': 0.05, 'max_depth': 5, 'max_features': None, 'min_samples_leaf': 2, 'min_samples_split': 10, 'n_estimators': 350, 'subsample': 0.8}",0.9802519537156409,0.9936528777649296,0.9894141711154042,0.9978828342230808,0.990300459204764,0.006528573547552625,1187
64,6.10713130235672,0.20585618425399055,0.0219915509223938,0.0035408961543634022,0.05,5,,2,10,350,0.9,"{'learning_rate': 0.05, 'max_depth': 5, 'max_features': None, 'min_samples_leaf': 2, 'min_samples_split': 10, 'n_estimators': 350, 'subsample': 0.9}",0.9788407475274414,0.9936528777649296,0.992237105212699,0.9985885610693866,0.9908298228936142,0.007312421427749256,1132
65,6.282601416110992,0.20726946003345323,0.02152770757675171,0.002686653002198644,0.05,5,,2,10,350,1.0,"{'learning_rate': 0.05, 'max_depth': 5, 'max_features': None, 'min_samples_leaf': 2, 'min_samples_split': 10, 'n_estimators': 350, 'subsample': 1.0}",0.9809574968105822,0.992242282692651,0.992237105212699,0.9992942822920636,0.9911827917519989,0.0065686192108246584,1061
66,7.024597406387329,0.17662407053519977,0.025500357151031494,0.0011179827164703184,0.05,5,,2,10,450,0.8,"{'learning_rate': 0.05, 'max_depth': 5, 'max_features': None, 'min_samples_leaf': 2, 'min_samples_split': 10, 'n_estimators': 450, 'subsample': 0.8}",0.9809574968105822,0.992242282692651,0.9936485532815809,0.9985885610693866,0.9913592234635502,0.0064513576904410294,997
67,7.496626377105713,0.25655255452579145,0.026251554489135742,0.002771627246669725,0.05,5,,2,10,450,0.9,"{'learning_rate': 0.05, 'max_depth': 5, 'max_features': None, 'min_samples_leaf': 2, 'min_samples_split': 10, 'n_estimators': 450, 'subsample': 0.9}",0.9802513643589452,0.9936528777649296,0.992237105212699,0.9985885610693866,0.9911824771014902,0.006737106675358417,1085
68,7.687741458415985,0.16911287293555494,0.024498939514160156,0.001119286421420718,0.05,5,,2,10,450,1.0,"{'learning_rate': 0.05, 'max_depth': 5, 'max_features': None, 'min_samples_leaf': 2, 'min_samples_split': 10, 'n_estimators': 450, 'subsample': 1.0}",0.979546371323736,0.992242282692651,0.9929428053469331,0.9992942822920636,0.9910064354138459,0.007164117563254108,1095
69,9.897395431995392,0.3083206938834503,0.0364992618560791,0.0014991774093400716,0.05,5,,2,10,650,0.8,"{'learning_rate': 0.05, 'max_depth': 5, 'max_features': None, 'min_samples_leaf': 2, 'min_samples_split': 10, 'n_estimators': 650, 'subsample': 0.8}",0.9802513643589452,0.9943581500461534,0.992237105212699,0.9992942822920636,0.9915352254774652,0.006999821831258428,965
70,10.58391946554184,0.18968777672249518,0.036249756813049316,0.002165044279887331,0.05,5,,2,10,650,0.9,"{'learning_rate': 0.05, 'max_depth': 5, 'max_features': None, 'min_samples_leaf': 2, 'min_samples_split': 10, 'n_estimators': 650, 'subsample': 0.9}",0.9802499497593422,0.9936528777649296,0.9915313664163197,0.9992942822920636,0.9911821190581638,0.006920009758225985,1093
71,11.485840916633606,0.24135153453273725,0.03550302982330322,0.0015005670414025135,0.05,5,,2,10,650,1.0,"{'learning_rate': 0.05, 'max_depth': 5, 'max_features': None, 'min_samples_leaf': 2, 'min_samples_split': 10, 'n_estimators': 650, 'subsample': 1.0}",0.9788407475274414,0.992242282692651,0.992237105212699,0.9992942822920636,0.9906536044312138,0.0074033147215843515,1146
72,2.233314573764801,0.04693054912022206,0.009749412536621094,0.0004323680998189446,0.05,5,,4,2,150,0.8,"{'learning_rate': 0.05, 'max_depth': 5, 'max_features': None, 'min_samples_leaf': 4, 'min_samples_split': 2, 'n_estimators': 150, 'subsample': 0.8}",0.9837793183573613,0.9908317886367694,0.9908256149666836,0.9985885610693866,0.9910063207575502,0.005238870295273841,1100
73,2.304179549217224,0.04190826580968058,0.010250747203826904,0.001090125203427966,0.05,5,,4,2,150,0.9,"{'learning_rate': 0.05, 'max_depth': 5, 'max_features': None, 'min_samples_leaf': 4, 'min_samples_split': 2, 'n_estimators': 150, 'subsample': 0.9}",0.9823684735375408,0.9894210841225245,0.988708488555093,0.9992942836979535,0.9899480824782779,0.006054260262297359,1198
74,2.4688422679901123,0.022413731675720635,0.010002434253692627,1.0974378967000227e-06,0.05,5,,4,2,150,1.0,"{'learning_rate': 0.05, 'max_depth': 5, 'max_features': None, 'min_samples_leaf': 4, 'min_samples_split': 2, 'n_estimators': 150, 'subsample': 1.0}",0.9830742144370506,0.9901264483065952,0.988708398576796,0.9978828468761906,0.9899479770491582,0.005286283628373342,1201
75,5.1509042382240295,0.18437499381515035,0.019501149654388428,0.0004987190797069828,0.05,5,,4,2,350,0.8,"{'learning_rate': 0.05, 'max_depth': 5, 'max_features': None, 'min_samples_leaf': 4, 'min_samples_split': 2, 'n_estimators': 350, 'subsample': 0.8}",0.9809574968105822,0.9936528777649296,0.9915313664163197,0.9992942822920636,0.9913590058209738,0.0066417535153750085,1022
76,5.641657531261444,0.09582400935860538,0.020998597145080566,0.0014133525612439915,0.05,5,,4,2,350,0.9,"{'learning_rate': 0.05, 'max_depth': 5, 'max_features': None, 'min_samples_leaf': 4, 'min_samples_split': 2, 'n_estimators': 350, 'subsample': 0.9}",0.9809569664048577,0.9929475893487711,0.9936485406285719,0.9992942822920636,0.9917118446685662,0.006679046019784096,853
77,6.013140499591827,0.10884427362037544,0.022249221801757812,0.003960736253543088,0.05,5,,4,2,350,1.0,"{'learning_rate': 0.05, 'max_depth': 5, 'max_features': None, 'min_samples_leaf': 4, 'min_samples_split': 2, 'n_estimators': 350, 'subsample': 1.0}",0.9858949261522791,0.9929476875576917,0.9929428053469331,0.9992942822920636,0.992769925337242,0.004740631138676035,101
78,6.810215651988983,0.3386843189470414,0.02506643533706665,0.0008087225745694763,0.05,5,,4,2,450,0.8,"{'learning_rate': 0.05, 'max_depth': 5, 'max_features': None, 'min_samples_leaf': 4, 'min_samples_split': 2, 'n_estimators': 450, 'subsample': 0.8}",0.9802519537156409,0.9936528777649296,0.9908255235816568,0.9985885610693866,0.9908297290329035,0.006709303087538381,1141
79,7.19760125875473,0.14926573013052075,0.025750339031219482,0.0019204977972698321,0.05,5,,4,2,450,0.9,"{'learning_rate': 0.05, 'max_depth': 5, 'max_features': None, 'min_samples_leaf': 4, 'min_samples_split': 2, 'n_estimators': 450, 'subsample': 0.9}",0.983073103184835,0.9936528777649296,0.9936485406285719,1.0,0.9925936303945841,0.00607720309182106,191
80,7.696504235267639,0.33297250541579143,0.02600198984146118,0.001580496788176749,0.05,5,,4,2,450,1.0,"{'learning_rate': 0.05, 'max_depth': 5, 'max_features': None, 'min_samples_leaf': 4, 'min_samples_split': 2, 'n_estimators': 450, 'subsample': 1.0}",0.983778156567101,0.9936529535251174,0.9936485532815809,0.9992942822920636,0.9925934864164656,0.0055867329979986825,213
81,9.876882255077362,0.17982962496593893,0.03450089693069458,0.000499666853449222,0.05,5,,4,2,650,0.8,"{'learning_rate': 0.05, 'max_depth': 5, 'max_features': None, 'min_samples_leaf': 4, 'min_samples_split': 2, 'n_estimators': 650, 'subsample': 0.8}",0.9823670001765787,0.9950634082973135,0.9929428334648147,0.9992942822920636,0.9924168810576925,0.006236575298746084,433
82,10.751542210578918,0.15245736853209774,0.038250088691711426,0.0012989475954910295,0.05,5,,4,2,650,0.9,"{'learning_rate': 0.05, 'max_depth': 5, 'max_features': None, 'min_samples_leaf': 4, 'min_samples_split': 2, 'n_estimators': 650, 'subsample': 0.9}",0.9823670001765787,0.9943581500461534,0.9929428334648147,0.9992942822920636,0.9922405664949026,0.006168864510244485,557
83,11.28689843416214,0.24444932132913386,0.037501633167266846,0.0016577791611257651,0.05,5,,4,2,650,1.0,"{'learning_rate': 0.05, 'max_depth': 5, 'max_features': None, 'min_samples_leaf': 4, 'min_samples_split': 2, 'n_estimators': 650, 'subsample': 1.0}",0.984483214853457,0.9943581500461534,0.9936485406285719,0.9992942822920636,0.9929460469550615,0.0053480639388264395,76
84,2.216498911380768,0.11353918748283286,0.011247992515563965,0.0016398974302074972,0.05,5,,4,5,150,0.8,"{'learning_rate': 0.05, 'max_depth': 5, 'max_features': None, 'min_samples_leaf': 4, 'min_samples_split': 5, 'n_estimators': 150, 'subsample': 0.8}",0.9816634039979629,0.9901264483065952,0.9894142343809531,0.9992942822920636,0.9901245922443938,0.0062485905180887395,1190
85,2.431794762611389,0.050672119442487173,0.010499656200408936,0.001117607038637769,0.05,5,,4,5,150,0.9,"{'learning_rate': 0.05, 'max_depth': 5, 'max_features': None, 'min_samples_leaf': 4, 'min_samples_split': 5, 'n_estimators': 150, 'subsample': 0.9}",0.9844846965672964,0.9887159409218234,0.9880027272641247,1.0,0.9903008411883112,0.0058243981742788775,1175
86,2.441142737865448,0.06025537380431064,0.010248720645904541,0.001299277533046367,0.05,5,,4,5,150,1.0,"{'learning_rate': 0.05, 'max_depth': 5, 'max_features': None, 'min_samples_leaf': 4, 'min_samples_split': 5, 'n_estimators': 150, 'subsample': 1.0}",0.9830742144370506,0.9901264483065952,0.988708398576796,0.998588566692963,0.9901244070033512,0.005553203996436758,1192
87,5.3683502078056335,0.11836263966590668,0.020609915256500244,0.0006286626947290496,0.05,5,,4,5,350,0.8,"{'learning_rate': 0.05, 'max_depth': 5, 'max_features': None, 'min_samples_leaf': 4, 'min_samples_split': 5, 'n_estimators': 350, 'subsample': 0.8}",0.9816625284502379,0.9915369556913675,0.9922370588179632,0.9985885610693866,0.9910062760072388,0.006053782132414239,1104
88,5.6355873346328735,0.17303952742118697,0.020000159740447998,0.000706466623832441,0.05,5,,4,5,350,0.9,"{'learning_rate': 0.05, 'max_depth': 5, 'max_features': None, 'min_samples_leaf': 4, 'min_samples_split': 5, 'n_estimators': 350, 'subsample': 0.9}",0.983073103184835,0.9936528777649296,0.992237105212699,0.9992942822920636,0.9920643421136317,0.005823824024261414,653
89,6.486587643623352,0.14947238186362485,0.025500476360321045,0.008014727777997173,0.05,5,,4,5,350,1.0,"{'learning_rate': 0.05, 'max_depth': 5, 'max_features': None, 'min_samples_leaf': 4, 'min_samples_split': 5, 'n_estimators': 350, 'subsample': 1.0}",0.9858949261522791,0.9929476875576917,0.9929428053469331,0.9992942822920636,0.992769925337242,0.004740631138676035,101
90,7.016672968864441,0.32638846691512263,0.028248190879821777,0.0051649856152452215,0.05,5,,4,5,450,0.8,"{'learning_rate': 0.05, 'max_depth': 5, 'max_features': None, 'min_samples_leaf': 4, 'min_samples_split': 5, 'n_estimators': 450, 'subsample': 0.8}",0.983778156567101,0.9929475893487711,0.9929428053469331,0.9992942822920636,0.9922407083887173,0.005530829706606696,506
91,7.363587975502014,0.3787535827902829,0.026251792907714844,0.0027727022759695373,0.05,5,,4,5,450,0.9,"{'learning_rate': 0.05, 'max_depth': 5, 'max_features': None, 'min_samples_leaf': 4, 'min_samples_split': 5, 'n_estimators': 450, 'subsample': 0.9}",0.9823670001765787,0.9936528777649296,0.992237105212699,0.9992942822920636,0.9918878163615676,0.006097932495262374,815
92,8.115113377571106,0.314245047452231,0.031250596046447754,0.0037670217831588053,0.05,5,,4,5,450,1.0,"{'learning_rate': 0.05, 'max_depth': 5, 'max_features': None, 'min_samples_leaf': 4, 'min_samples_split': 5, 'n_estimators': 450, 'subsample': 1.0}",0.9844836779194321,0.9936529535251174,0.9936485532815809,0.9992942822920636,0.9927698667545486,0.005309916566541272,110
93,10.151661932468414,0.4326411326790591,0.03624856472015381,0.00238407625006327,0.05,5,,4,5,650,0.8,"{'learning_rate': 0.05, 'max_depth': 5, 'max_features': None, 'min_samples_leaf': 4, 'min_samples_split': 5, 'n_estimators': 650, 'subsample': 0.8}",0.9823670001765787,0.9950634082973135,0.9929428053469331,1.0,0.9925933034552064,0.006435448740306497,282
94,11.421962440013885,0.21467865364934324,0.037000179290771484,0.004527851492523016,0.05,5,,4,5,650,0.9,"{'learning_rate': 0.05, 'max_depth': 5, 'max_features': None, 'min_samples_leaf': 4, 'min_samples_split': 5, 'n_estimators': 650, 'subsample': 0.9}",0.9830725980219531,0.9943581500461534,0.992237105212699,0.9992942822920636,0.9922405338932172,0.005879853836211946,563
95,11.333239078521729,0.23550318579594273,0.03899979591369629,0.004742369019016556,0.05,5,,4,5,650,1.0,"{'learning_rate': 0.05, 'max_depth': 5, 'max_features': None, 'min_samples_leaf': 4, 'min_samples_split': 5, 'n_estimators': 650, 'subsample': 1.0}",0.984483214853457,0.9943581500461534,0.9936485406285719,0.9992942822920636,0.9929460469550615,0.0053480639388264395,76
96,2.325498402118683,0.07342191727829618,0.013500452041625977,0.00606146375736887,0.05,5,,4,10,150,0.8,"{'learning_rate': 0.05, 'max_depth': 5, 'max_features': None, 'min_samples_leaf': 4, 'min_samples_split': 10, 'n_estimators': 150, 'subsample': 0.8}",0.9837793183573613,0.9894210841225245,0.9894142343809531,0.9985885610693866,0.9903007994825564,0.005309816498252826,1178
97,2.5215641856193542,0.026117322977678742,0.010250210762023926,0.0010898707390222548,0.05,5,,4,10,150,0.9,"{'learning_rate': 0.05, 'max_depth': 5, 'max_features': None, 'min_samples_leaf': 4, 'min_samples_split': 10, 'n_estimators': 150, 'subsample': 0.9}",0.9830739113827349,0.9887159409218234,0.9908256880733946,0.998588566692963,0.9903010267677289,0.005561076366696453,1172
98,2.474123001098633,0.0688859544462125,0.009997665882110596,0.00100034847877071,0.05,5,,4,10,150,1.0,"{'learning_rate': 0.05, 'max_depth': 5, 'max_features': None, 'min_samples_leaf': 4, 'min_samples_split': 10, 'n_estimators': 150, 'subsample': 1.0}",0.9844846965672964,0.988715693978852,0.988708488555093,0.9978828468761906,0.989947931494358,0.004895519535233795,1202
99,5.6167579889297485,0.2878542414480009,0.023999452590942383,0.0033925011331346288,0.05,5,,4,10,350,0.8,"{'learning_rate': 0.05, 'max_depth': 5, 'max_features': None, 'min_samples_leaf': 4, 'min_samples_split': 10, 'n_estimators': 350, 'subsample': 0.8}",0.9823680526023909,0.9929475893487711,0.9915313664163197,0.9992942822920636,0.9915353226648864,0.0060463792416041405,958
100,5.851903080940247,0.11289017687640329,0.020750343799591064,0.0014793494775995715,0.05,5,,4,10,350,0.9,"{'learning_rate': 0.05, 'max_depth': 5, 'max_features': None, 'min_samples_leaf': 4, 'min_samples_split': 10, 'n_estimators': 350, 'subsample': 0.9}",0.9823675614859793,0.9936528777649296,0.9915312989325971,1.0,0.9918879345458764,0.006318332902331553,783
101,6.181349992752075,0.18446559225659834,0.027001142501831055,0.008572592878769787,0.05,5,,4,10,350,1.0,"{'learning_rate': 0.05, 'max_depth': 5, 'max_features': None, 'min_samples_leaf': 4, 'min_samples_split': 10, 'n_estimators': 350, 'subsample': 1.0}",0.9858949261522791,0.9929475893487711,0.9929428053469331,0.9985885610693866,0.9925934704793425,0.0045016397653485285,215
102,6.929499924182892,0.23520431893880248,0.026749849319458008,0.004207961537135569,0.05,5,,4,10,450,0.8,"{'learning_rate': 0.05, 'max_depth': 5, 'max_features': None, 'min_samples_leaf': 4, 'min_samples_split': 10, 'n_estimators': 450, 'subsample': 0.8}",0.9809569664048577,0.992242282692651,0.9929428334648147,0.9992942822920636,0.9913590912135968,0.006604160141443628,1013
103,7.4990463852882385,0.19587777158658484,0.026499390602111816,0.0015011630703992244,0.05,5,,4,10,450,0.9,"{'learning_rate': 0.05, 'max_depth': 5, 'max_features': None, 'min_samples_leaf': 4, 'min_samples_split': 10, 'n_estimators': 450, 'subsample': 0.9}",0.980956360190705,0.992242282692651,0.9929428053469331,0.9985885610693866,0.9911825023249189,0.00639619985289694,1083
104,7.945738673210144,0.2995066025842783,0.0257490873336792,0.0010893194920711417,0.05,5,,4,10,450,1.0,"{'learning_rate': 0.05, 'max_depth': 5, 'max_features': None, 'min_samples_leaf': 4, 'min_samples_split': 10, 'n_estimators': 450, 'subsample': 1.0}",0.9865997199778171,0.9936528777649296,0.9929428053469331,0.9992942822920636,0.9931224213454359,0.0044986427563084045,30
105,9.949577391147614,0.2764493735538838,0.03625112771987915,0.0027752980281673823,0.05,5,,4,10,650,0.8,"{'learning_rate': 0.05, 'max_depth': 5, 'max_features': None, 'min_samples_leaf': 4, 'min_samples_split': 10, 'n_estimators': 650, 'subsample': 0.8}",0.9816619811904492,0.9943581500461534,0.9929428053469331,0.9992942822920636,0.9920643047188997,0.006452022943190496,666
106,10.833331167697906,0.09186000551785478,0.037248075008392334,0.0029481689979148854,0.05,5,,4,10,650,0.9,"{'learning_rate': 0.05, 'max_depth': 5, 'max_features': None, 'min_samples_leaf': 4, 'min_samples_split': 10, 'n_estimators': 650, 'subsample': 0.9}",0.983778156567101,0.9943581500461534,0.9929428053469331,1.0,0.9927697779900468,0.005824049930710607,122
107,11.534966826438904,0.5562270072758924,0.04824721813201904,0.00912295894394084,0.05,5,,4,10,650,1.0,"{'learning_rate': 0.05, 'max_depth': 5, 'max_features': None, 'min_samples_leaf': 4, 'min_samples_split': 10, 'n_estimators': 650, 'subsample': 1.0}",0.9873051557262083,0.9943581500461534,0.9929428053469331,0.9992942822920636,0.9934750983528395,0.00427183244848293,1
108,1.0915569067001343,0.09998223880381187,0.012499690055847168,0.0004990226305010463,0.05,5,sqrt,1,2,150,0.8,"{'learning_rate': 0.05, 'max_depth': 5, 'max_features': 'sqrt', 'min_samples_leaf': 1, 'min_samples_split': 2, 'n_estimators': 150, 'subsample': 0.8}",0.9774301306959374,0.9901268607873446,0.9915313664163197,0.9964714184897671,0.9888899440973422,0.007023409996632851,1259
109,1.0710450410842896,0.058798102310250275,0.01275014877319336,0.0004348474823462518,0.05,5,sqrt,1,2,150,0.9,"{'learning_rate': 0.05, 'max_depth': 5, 'max_features': 'sqrt', 'min_samples_leaf': 1, 'min_samples_split': 2, 'n_estimators': 150, 'subsample': 0.9}",0.9774301306959374,0.9901267625807684,0.9880026077606279,0.997177133385926,0.9881841586058149,0.007076888133124442,1286
110,1.1360594630241394,0.024308990954808755,0.013747870922088623,0.0008280382349124148,0.05,5,sqrt,1,2,150,1.0,"{'learning_rate': 0.05, 'max_depth': 5, 'max_features': 'sqrt', 'min_samples_leaf': 1, 'min_samples_split': 2, 'n_estimators': 150, 'subsample': 1.0}",0.9795457202048313,0.990832043980725,0.9894140656711422,0.9936485532815809,0.9883600957845698,0.005312305995626071,1284
111,2.424424946308136,0.17461882628487604,0.026749610900878906,0.0017844433655152983,0.05,5,sqrt,1,2,350,0.8,"{'learning_rate': 0.05, 'max_depth': 5, 'max_features': 'sqrt', 'min_samples_leaf': 1, 'min_samples_split': 2, 'n_estimators': 350, 'subsample': 0.8}",0.983778156567101,0.9943581500461534,0.994354131803331,0.9964714114603177,0.9922404624692258,0.004961445083687007,590
112,2.6427648663520813,0.05644690575122774,0.030248582363128662,0.005212240008248511,0.05,5,sqrt,1,2,350,0.9,"{'learning_rate': 0.05, 'max_depth': 5, 'max_features': 'sqrt', 'min_samples_leaf': 1, 'min_samples_split': 2, 'n_estimators': 350, 'subsample': 0.9}",0.9837786083941996,0.9943581500461534,0.9936485026692425,0.9978828510938604,0.992417028050864,0.005238845293533278,380
113,2.4755003452301025,0.10446340028380126,0.02574896812438965,0.000830430375752831,0.05,5,sqrt,1,2,350,1.0,"{'learning_rate': 0.05, 'max_depth': 5, 'max_features': 'sqrt', 'min_samples_leaf': 1, 'min_samples_split': 2, 'n_estimators': 350, 'subsample': 1.0}",0.9809569664048577,0.9950634082973135,0.9936484394026853,0.9978828510938604,0.9918879162996792,0.006492459083676232,789
114,3.1814971566200256,0.2223202081184385,0.03175228834152222,0.0008297614192726888,0.05,5,sqrt,1,2,450,0.8,"{'learning_rate': 0.05, 'max_depth': 5, 'max_features': 'sqrt', 'min_samples_leaf': 1, 'min_samples_split': 2, 'n_estimators': 450, 'subsample': 0.8}",0.9830725980219531,0.9950634082973135,0.9950599760444447,0.997177133385926,0.9925932789374093,0.005564198513075249,289
115,3.323749542236328,0.15218474774142882,0.03899812698364258,0.009875630546828431,0.05,5,sqrt,1,2,450,0.9,"{'learning_rate': 0.05, 'max_depth': 5, 'max_features': 'sqrt', 'min_samples_leaf': 1, 'min_samples_split': 2, 'n_estimators': 450, 'subsample': 0.9}",0.9816625284502379,0.9950634082973135,0.9943541992883981,0.997177133385926,0.992064317355469,0.006094591986640587,661
116,3.3896250128746033,0.13418000547698136,0.03899884223937988,0.0036756717029544335,0.05,5,sqrt,1,2,450,1.0,"{'learning_rate': 0.05, 'max_depth': 5, 'max_features': 'sqrt', 'min_samples_leaf': 1, 'min_samples_split': 2, 'n_estimators': 450, 'subsample': 1.0}",0.9844836779194321,0.9950634082973135,0.9950598973131997,0.9978828510938604,0.9931224586559514,0.0051188578520374416,27
117,4.908692479133606,0.18516871664021495,0.05575060844421387,0.009547395965755903,0.05,5,sqrt,1,2,650,0.8,"{'learning_rate': 0.05, 'max_depth': 5, 'max_features': 'sqrt', 'min_samples_leaf': 1, 'min_samples_split': 2, 'n_estimators': 650, 'subsample': 0.8}",0.9830735409682778,0.9950634082973135,0.9943541992883981,0.998588566692963,0.9927699288117381,0.005823367691842968,99
118,4.992692589759827,0.27501288526375434,0.050001680850982666,0.003936582530719443,0.05,5,sqrt,1,2,650,0.9,"{'learning_rate': 0.05, 'max_depth': 5, 'max_features': 'sqrt', 'min_samples_leaf': 1, 'min_samples_split': 2, 'n_estimators': 650, 'subsample': 0.9}",0.9823675614859793,0.9950634082973135,0.9943541992883981,0.997177133385926,0.9922405756144043,0.005794001208202732,553
119,4.933445990085602,0.1842566697100783,0.045249342918395996,0.0014793965385863717,0.05,5,sqrt,1,2,650,1.0,"{'learning_rate': 0.05, 'max_depth': 5, 'max_features': 'sqrt', 'min_samples_leaf': 1, 'min_samples_split': 2, 'n_estimators': 650, 'subsample': 1.0}",0.9844840792209213,0.9950634082973135,0.9950598973131997,0.9978828510938604,0.9931225589813237,0.005118688539242636,19
120,1.210267961025238,0.11550387841737471,0.014745891094207764,0.003023676966806118,0.05,5,sqrt,1,5,150,0.8,"{'learning_rate': 0.05, 'max_depth': 5, 'max_features': 'sqrt', 'min_samples_leaf': 1, 'min_samples_split': 5, 'n_estimators': 150, 'subsample': 0.8}",0.9795469410187734,0.989421589208529,0.9901198487546965,0.9957657000788889,0.9887135197652219,0.005836063241914356,1266
121,1.19143146276474,0.030992338377515125,0.013499617576599121,0.0008683726134946626,0.05,5,sqrt,1,5,150,0.9,"{'learning_rate': 0.05, 'max_depth': 5, 'max_features': 'sqrt', 'min_samples_leaf': 1, 'min_samples_split': 5, 'n_estimators': 150, 'subsample': 0.9}",0.9788407475274414,0.990832043980725,0.9915311977049964,0.9957657000788889,0.989242422323013,0.006295104864038686,1241
122,1.155928134918213,0.05564253809996829,0.015000402927398682,0.0012247541914619756,0.05,5,sqrt,1,5,150,1.0,"{'learning_rate': 0.05, 'max_depth': 5, 'max_features': 'sqrt', 'min_samples_leaf': 1, 'min_samples_split': 5, 'n_estimators': 150, 'subsample': 1.0}",0.9802519537156409,0.990832043980725,0.9894140656711422,0.9957657000788889,0.9890659408615992,0.0056083298335864095,1256
123,2.579751491546631,0.13518450029198767,0.030247032642364502,0.0035596415102258526,0.05,5,sqrt,1,5,350,0.8,"{'learning_rate': 0.05, 'max_depth': 5, 'max_features': 'sqrt', 'min_samples_leaf': 1, 'min_samples_split': 5, 'n_estimators': 350, 'subsample': 0.8}",0.9830735409682778,0.9943582061641969,0.9929427491104976,0.997177133385926,0.9918879074072247,0.005312344918712064,791
124,2.6472485065460205,0.15256865766943145,0.027000367641448975,0.0024503830129880043,0.05,5,sqrt,1,5,350,0.9,"{'learning_rate': 0.05, 'max_depth': 5, 'max_features': 'sqrt', 'min_samples_leaf': 1, 'min_samples_split': 5, 'n_estimators': 350, 'subsample': 0.9}",0.9844840792209213,0.9943581500461534,0.9936483508273879,0.997177133385926,0.9924169283700972,0.004766403001221472,416
125,2.551245093345642,0.08370842342267378,0.025003433227539062,0.0007087449334968109,0.05,5,sqrt,1,5,350,1.0,"{'learning_rate': 0.05, 'max_depth': 5, 'max_features': 'sqrt', 'min_samples_leaf': 1, 'min_samples_split': 5, 'n_estimators': 350, 'subsample': 1.0}",0.9830725980219531,0.9943581500461534,0.9950598973131997,0.9978828468761906,0.9925933730643742,0.005652916731204798,255
126,3.16107040643692,0.09386874739789114,0.03375011682510376,0.002947541250280961,0.05,5,sqrt,1,5,450,0.8,"{'learning_rate': 0.05, 'max_depth': 5, 'max_features': 'sqrt', 'min_samples_leaf': 1, 'min_samples_split': 5, 'n_estimators': 450, 'subsample': 0.8}",0.9844840792209213,0.9950634082973135,0.9943542442775466,0.9978828468761906,0.992946144667993,0.005060709686136326,61
127,3.4590653777122498,0.07041746712044238,0.03974783420562744,0.005449672844653451,0.05,5,sqrt,1,5,450,0.9,"{'learning_rate': 0.05, 'max_depth': 5, 'max_features': 'sqrt', 'min_samples_leaf': 1, 'min_samples_split': 5, 'n_estimators': 450, 'subsample': 0.9}",0.983073103184835,0.9950634082973135,0.994354131803331,0.998588566692963,0.9927698024946107,0.005823545338470672,119
128,3.4483144879341125,0.12539810975089358,0.03350037336349487,0.001118569220692977,0.05,5,sqrt,1,5,450,1.0,"{'learning_rate': 0.05, 'max_depth': 5, 'max_features': 'sqrt', 'min_samples_leaf': 1, 'min_samples_split': 5, 'n_estimators': 450, 'subsample': 1.0}",0.983778156567101,0.9950634082973135,0.9929427491104976,0.998588566692963,0.9925932201669688,0.005474338455880444,297
129,4.670418798923492,0.17238742277071561,0.05124872922897339,0.007461463728043551,0.05,5,sqrt,1,5,650,0.8,"{'learning_rate': 0.05, 'max_depth': 5, 'max_features': 'sqrt', 'min_samples_leaf': 1, 'min_samples_split': 5, 'n_estimators': 650, 'subsample': 0.8}",0.9816625284502379,0.9950634082973135,0.9957656832081598,0.997177133385926,0.9924171883354094,0.006255691091503584,339
130,5.087920129299164,0.15903796039156978,0.04900038242340088,0.005790145818116918,0.05,5,sqrt,1,5,650,0.9,"{'learning_rate': 0.05, 'max_depth': 5, 'max_features': 'sqrt', 'min_samples_leaf': 1, 'min_samples_split': 5, 'n_estimators': 650, 'subsample': 0.9}",0.9851891641860084,0.9950634082973135,0.9943541992883981,0.997177133385926,0.9929459762894115,0.0045972120547634,87
131,4.69007134437561,0.22157415975858638,0.050475895404815674,0.00515393673613165,0.05,5,sqrt,1,5,650,1.0,"{'learning_rate': 0.05, 'max_depth': 5, 'max_features': 'sqrt', 'min_samples_leaf': 1, 'min_samples_split': 5, 'n_estimators': 650, 'subsample': 1.0}",0.983778156567101,0.9950634082973135,0.9943541992883981,0.997177133385926,0.9925932243846847,0.005194239201605449,294
132,1.1401245594024658,0.09024835698604754,0.013750731945037842,0.00083055216388686,0.05,5,sqrt,1,10,150,0.8,"{'learning_rate': 0.05, 'max_depth': 5, 'max_features': 'sqrt', 'min_samples_leaf': 1, 'min_samples_split': 10, 'n_estimators': 150, 'subsample': 0.8}",0.9781350802189577,0.989421589208529,0.9894140656711422,0.9957657000788889,0.9881841087943795,0.006354283071462356,1287
133,1.2026257514953613,0.08742508147988315,0.01599907875061035,0.0036737093879697876,0.05,5,sqrt,1,10,150,0.9,"{'learning_rate': 0.05, 'max_depth': 5, 'max_features': 'sqrt', 'min_samples_leaf': 1, 'min_samples_split': 10, 'n_estimators': 150, 'subsample': 0.9}",0.9781357762426144,0.9908321169335286,0.9894140656711422,0.997177133385926,0.9888897730583028,0.006862513591702454,1260
134,1.1392248272895813,0.064772119272686,0.014500916004180908,0.001500707970949219,0.05,5,sqrt,1,10,150,1.0,"{'learning_rate': 0.05, 'max_depth': 5, 'max_features': 'sqrt', 'min_samples_leaf': 1, 'min_samples_split': 10, 'n_estimators': 150, 'subsample': 1.0}",0.9809569664048577,0.9901269197103526,0.9901199274857064,0.9978828510938604,0.9897716661736943,0.005994533840104049,1214
135,2.640183925628662,0.0519458134400863,0.027499079704284668,0.0020601609840942225,0.05,5,sqrt,1,10,350,0.8,"{'learning_rate': 0.05, 'max_depth': 5, 'max_features': 'sqrt', 'min_samples_leaf': 1, 'min_samples_split': 10, 'n_estimators': 350, 'subsample': 0.8}",0.983073103184835,0.9943581500461534,0.995059946520522,0.9978828468761906,0.9925935116569252,0.005652709397234026,210
136,2.5942050218582153,0.03996034653248621,0.026501357555389404,0.0020613317404358277,0.05,5,sqrt,1,10,350,0.9,"{'learning_rate': 0.05, 'max_depth': 5, 'max_features': 'sqrt', 'min_samples_leaf': 1, 'min_samples_split': 10, 'n_estimators': 350, 'subsample': 0.9}",0.9823680526023909,0.9950634082973135,0.995059946520522,0.997177133385926,0.9924171352015381,0.005865766291905792,346
137,2.6654568910598755,0.0875088509836781,0.025999784469604492,0.0007066356860649897,0.05,5,sqrt,1,10,350,1.0,"{'learning_rate': 0.05, 'max_depth': 5, 'max_features': 'sqrt', 'min_samples_leaf': 1, 'min_samples_split': 10, 'n_estimators': 350, 'subsample': 1.0}",0.9844836779194321,0.9936529535251174,0.9936483508273879,0.998588566692963,0.9925933872412251,0.005097675715966226,250
138,3.3709548115730286,0.07814168134659011,0.032999634742736816,0.001582796218763581,0.05,5,sqrt,1,10,450,0.8,"{'learning_rate': 0.05, 'max_depth': 5, 'max_features': 'sqrt', 'min_samples_leaf': 1, 'min_samples_split': 10, 'n_estimators': 450, 'subsample': 0.8}",0.9816625284502379,0.9950634082973135,0.995059946520522,0.997177133385926,0.9922407541634999,0.006168101834708616,496
139,3.211248815059662,0.09931538462773652,0.032750725746154785,0.0008290961866720207,0.05,5,sqrt,1,10,450,0.9,"{'learning_rate': 0.05, 'max_depth': 5, 'max_features': 'sqrt', 'min_samples_leaf': 1, 'min_samples_split': 10, 'n_estimators': 450, 'subsample': 0.9}",0.9823675614859793,0.9950634082973135,0.9950598973131997,0.997177133385926,0.9924170001206046,0.005865971091454044,396
140,3.2047518491744995,0.1139559523812174,0.033498525619506836,0.0022918254561765748,0.05,5,sqrt,1,10,450,1.0,"{'learning_rate': 0.05, 'max_depth': 5, 'max_features': 'sqrt', 'min_samples_leaf': 1, 'min_samples_split': 10, 'n_estimators': 450, 'subsample': 1.0}",0.9837786083941996,0.9943581500461534,0.9943541992883981,0.9978828510938604,0.9925934522056529,0.0052889885795053,220
141,4.5499467849731445,0.20375343916646085,0.05799907445907593,0.009355644925812071,0.05,5,sqrt,1,10,650,0.8,"{'learning_rate': 0.05, 'max_depth': 5, 'max_features': 'sqrt', 'min_samples_leaf': 1, 'min_samples_split': 10, 'n_estimators': 650, 'subsample': 0.8}",0.9823680526023909,0.9950634082973135,0.9943541992883981,0.997177133385926,0.9922406983935071,0.005793791991972389,510
142,4.81895250082016,0.2788009685309059,0.05275171995162964,0.0077908648167677305,0.05,5,sqrt,1,10,650,0.9,"{'learning_rate': 0.05, 'max_depth': 5, 'max_features': 'sqrt', 'min_samples_leaf': 1, 'min_samples_split': 10, 'n_estimators': 650, 'subsample': 0.9}",0.9837786083941996,0.9950634082973135,0.9943541992883981,0.9978828510938604,0.992769766768443,0.0053562061690810405,126
143,4.923199892044067,0.14776345660394447,0.04675096273422241,0.0020469259230280353,0.05,5,sqrt,1,10,650,1.0,"{'learning_rate': 0.05, 'max_depth': 5, 'max_features': 'sqrt', 'min_samples_leaf': 1, 'min_samples_split': 10, 'n_estimators': 650, 'subsample': 1.0}",0.9851891641860084,0.9943581500461534,0.9943541992883981,0.9978828510938604,0.9929460911536051,0.004704205393146461,72
144,1.0414979457855225,0.06114849884979966,0.014751791954040527,0.002488917754393799,0.05,5,sqrt,2,2,150,0.8,"{'learning_rate': 0.05, 'max_depth': 5, 'max_features': 'sqrt', 'min_samples_leaf': 2, 'min_samples_split': 2, 'n_estimators': 150, 'subsample': 0.8}",0.979546371323736,0.989421589208529,0.9901198487546965,0.9957656832081598,0.9887133731237803,0.005836281848302787,1268
145,1.101749837398529,0.05031858689076369,0.01425182819366455,0.0016395681006419946,0.05,5,sqrt,2,2,150,0.9,"{'learning_rate': 0.05, 'max_depth': 5, 'max_features': 'sqrt', 'min_samples_leaf': 2, 'min_samples_split': 2, 'n_estimators': 150, 'subsample': 0.9}",0.9802519537156409,0.9901268607873446,0.9908256149666836,0.9964714184897671,0.989418961989859,0.005836329683272054,1226
146,1.1379006505012512,0.08251779238498984,0.014251530170440674,0.001784735614068874,0.05,5,sqrt,2,2,150,1.0,"{'learning_rate': 0.05, 'max_depth': 5, 'max_features': 'sqrt', 'min_samples_leaf': 2, 'min_samples_split': 2, 'n_estimators': 150, 'subsample': 1.0}",0.979546371323736,0.99153722506923,0.9901199274857064,0.9950599760444447,0.9890658749807792,0.0057829230364220725,1257
147,2.6036491990089417,0.1360304586954002,0.028761446475982666,0.0023758220323422483,0.05,5,sqrt,2,2,350,0.8,"{'learning_rate': 0.05, 'max_depth': 5, 'max_features': 'sqrt', 'min_samples_leaf': 2, 'min_samples_split': 2, 'n_estimators': 350, 'subsample': 0.8}",0.983778156567101,0.9943581500461534,0.9936485026692425,0.997177133385926,0.9922404856671058,0.005060842785473418,584
148,2.6110676527023315,0.17232334217772524,0.027000784873962402,0.002916491540612703,0.05,5,sqrt,2,2,350,0.9,"{'learning_rate': 0.05, 'max_depth': 5, 'max_features': 'sqrt', 'min_samples_leaf': 2, 'min_samples_split': 2, 'n_estimators': 350, 'subsample': 0.9}",0.9823680526023909,0.9950634082973135,0.9922370588179632,0.997177133385926,0.9917114132758984,0.0056719630388404885,912
149,2.650194466114044,0.1849625365991223,0.03150051832199097,0.002062112898189538,0.05,5,sqrt,2,2,350,1.0,"{'learning_rate': 0.05, 'max_depth': 5, 'max_features': 'sqrt', 'min_samples_leaf': 2, 'min_samples_split': 2, 'n_estimators': 350, 'subsample': 1.0}",0.9837786083941996,0.9943581500461534,0.9936484394026853,0.9964714114603177,0.9920641523258389,0.004895062880194746,704
150,3.282496929168701,0.11822487525950352,0.0382503867149353,0.0008290784613978471,0.05,5,sqrt,2,2,450,0.8,"{'learning_rate': 0.05, 'max_depth': 5, 'max_features': 'sqrt', 'min_samples_leaf': 2, 'min_samples_split': 2, 'n_estimators': 450, 'subsample': 0.8}",0.9830735409682778,0.9950634082973135,0.9943541992883981,0.9964714114603177,0.9922406400035768,0.005347202201449203,530
151,3.5165483355522156,0.11932490654524452,0.03299957513809204,0.0018702473256040331,0.05,5,sqrt,2,2,450,0.9,"{'learning_rate': 0.05, 'max_depth': 5, 'max_features': 'sqrt', 'min_samples_leaf': 2, 'min_samples_split': 2, 'n_estimators': 450, 'subsample': 0.9}",0.984484418767507,0.9957686546231477,0.9943541992883981,0.997177133385926,0.9929461015162447,0.004986262402836769,70
152,3.4993176460266113,0.1242216821119186,0.03349798917770386,0.003040524397383564,0.05,5,sqrt,2,2,450,1.0,"{'learning_rate': 0.05, 'max_depth': 5, 'max_features': 'sqrt', 'min_samples_leaf': 2, 'min_samples_split': 2, 'n_estimators': 450, 'subsample': 1.0}",0.9837786083941996,0.9936528777649296,0.9943541992883981,0.997177133385926,0.9922407047083633,0.005060545775911274,508
153,4.6613598465919495,0.18557514238418493,0.0485038161277771,0.002692157834691437,0.05,5,sqrt,2,2,650,0.8,"{'learning_rate': 0.05, 'max_depth': 5, 'max_features': 'sqrt', 'min_samples_leaf': 2, 'min_samples_split': 2, 'n_estimators': 650, 'subsample': 0.8}",0.983073103184835,0.9950634082973135,0.9943541992883981,0.997177133385926,0.9924169610391181,0.005493712212549133,409
154,4.979277610778809,0.1029520034266891,0.051000893115997314,0.003937188554481491,0.05,5,sqrt,2,2,650,0.9,"{'learning_rate': 0.05, 'max_depth': 5, 'max_features': 'sqrt', 'min_samples_leaf': 2, 'min_samples_split': 2, 'n_estimators': 650, 'subsample': 0.9}",0.9837786083941996,0.9950634082973135,0.9943541992883981,0.997177133385926,0.9925933373414594,0.005194047504452998,271
155,4.8562856912612915,0.06903822746327462,0.04874950647354126,0.0014757601267679366,0.05,5,sqrt,2,2,650,1.0,"{'learning_rate': 0.05, 'max_depth': 5, 'max_features': 'sqrt', 'min_samples_leaf': 2, 'min_samples_split': 2, 'n_estimators': 650, 'subsample': 1.0}",0.9837786083941996,0.9950634082973135,0.9950598973131997,0.997177133385926,0.9927697618476597,0.005262397238581487,134
156,1.0739988088607788,0.03189020443696763,0.014249622821807861,0.0021660424116734006,0.05,5,sqrt,2,5,150,0.8,"{'learning_rate': 0.05, 'max_depth': 5, 'max_features': 'sqrt', 'min_samples_leaf': 2, 'min_samples_split': 5, 'n_estimators': 150, 'subsample': 0.8}",0.9795457202048313,0.989421589208529,0.9908255235816568,0.9957657000788889,0.9888896332684765,0.0058868424165471715,1261
157,1.158251702785492,0.018456493156722154,0.014750540256500244,0.0010890851396969051,0.05,5,sqrt,2,5,150,0.9,"{'learning_rate': 0.05, 'max_depth': 5, 'max_features': 'sqrt', 'min_samples_leaf': 2, 'min_samples_split': 5, 'n_estimators': 150, 'subsample': 0.9}",0.9788407475274414,0.9908319345493428,0.9901198487546965,0.9957657000788889,0.9888895577275925,0.006195691321454716,1262
158,1.123605489730835,0.04634244125893109,0.013753950595855713,0.00043558109934521683,0.05,5,sqrt,2,5,150,1.0,"{'learning_rate': 0.05, 'max_depth': 5, 'max_features': 'sqrt', 'min_samples_leaf': 2, 'min_samples_split': 5, 'n_estimators': 150, 'subsample': 1.0}",0.9788407475274414,0.9922424061571363,0.9908256149666836,0.9957657000788889,0.9894186171825374,0.006366518174619002,1231
159,2.6513014435768127,0.06723664524780107,0.026247918605804443,0.0008303002817029748,0.05,5,sqrt,2,5,350,0.8,"{'learning_rate': 0.05, 'max_depth': 5, 'max_features': 'sqrt', 'min_samples_leaf': 2, 'min_samples_split': 5, 'n_estimators': 350, 'subsample': 0.8}",0.9823680526023909,0.9943581500461534,0.9929426647541637,0.9978828468761906,0.9918879285697247,0.005783198649882115,787
160,2.501071810722351,0.13323479169846833,0.026238203048706055,0.0019339988372027437,0.05,5,sqrt,2,5,350,0.9,"{'learning_rate': 0.05, 'max_depth': 5, 'max_features': 'sqrt', 'min_samples_leaf': 2, 'min_samples_split': 5, 'n_estimators': 350, 'subsample': 0.9}",0.983778156567101,0.9943581500461534,0.9936485026692425,0.997177133385926,0.9922404856671058,0.005060842785473418,584
161,2.652409017086029,0.1436172549977116,0.037000179290771484,0.003936552324822389,0.05,5,sqrt,2,5,350,1.0,"{'learning_rate': 0.05, 'max_depth': 5, 'max_features': 'sqrt', 'min_samples_leaf': 2, 'min_samples_split': 5, 'n_estimators': 350, 'subsample': 1.0}",0.9851891641860084,0.9943581500461534,0.994354131803331,0.997177133385926,0.9927696448553547,0.004525582557940772,163
162,3.3601489067077637,0.09512454771539139,0.0357508659362793,0.007228943934970202,0.05,5,sqrt,2,5,450,0.8,"{'learning_rate': 0.05, 'max_depth': 5, 'max_features': 'sqrt', 'min_samples_leaf': 2, 'min_samples_split': 5, 'n_estimators': 450, 'subsample': 0.8}",0.9823680526023909,0.9943581500461534,0.9943541992883981,0.997177133385926,0.9920643838307172,0.0057154104311285805,643
163,3.4740179777145386,0.11121985425004281,0.033498942852020264,0.0008672360107298886,0.05,5,sqrt,2,5,450,0.9,"{'learning_rate': 0.05, 'max_depth': 5, 'max_features': 'sqrt', 'min_samples_leaf': 2, 'min_samples_split': 5, 'n_estimators': 450, 'subsample': 0.9}",0.9844840792209213,0.9950634082973135,0.995059946520522,0.997177133385926,0.9929461418561707,0.004961319902746843,63
164,3.4659292101860046,0.08676523310369016,0.03450047969818115,0.002690970630326981,0.05,5,sqrt,2,5,450,1.0,"{'learning_rate': 0.05, 'max_depth': 5, 'max_features': 'sqrt', 'min_samples_leaf': 2, 'min_samples_split': 5, 'n_estimators': 450, 'subsample': 1.0}",0.9837786083941996,0.9950634082973135,0.9943541992883981,0.998588566692963,0.9929461956682186,0.005530507904317378,54
165,4.934773147106171,0.09634784815725089,0.058728575706481934,0.011439627604323273,0.05,5,sqrt,2,5,650,0.8,"{'learning_rate': 0.05, 'max_depth': 5, 'max_features': 'sqrt', 'min_samples_leaf': 2, 'min_samples_split': 5, 'n_estimators': 650, 'subsample': 0.8}",0.9830735409682778,0.9950634082973135,0.9943541992883981,0.997177133385926,0.9924170704849788,0.005493526064115497,370
166,4.990684688091278,0.17663422654171373,0.059661030769348145,0.014628517881550755,0.05,5,sqrt,2,5,650,0.9,"{'learning_rate': 0.05, 'max_depth': 5, 'max_features': 'sqrt', 'min_samples_leaf': 2, 'min_samples_split': 5, 'n_estimators': 650, 'subsample': 0.9}",0.9830735409682778,0.9950634082973135,0.9943541992883981,0.997177133385926,0.9924170704849788,0.005493526064115497,370
167,5.061546206474304,0.0361245102742075,0.05350816249847412,0.010231509807492658,0.05,5,sqrt,2,5,650,1.0,"{'learning_rate': 0.05, 'max_depth': 5, 'max_features': 'sqrt', 'min_samples_leaf': 2, 'min_samples_split': 5, 'n_estimators': 650, 'subsample': 1.0}",0.983073103184835,0.9950634082973135,0.9950598973131997,0.998588566692963,0.9929462438720779,0.005879299063617658,49
168,1.1044203042984009,0.041497670008977285,0.014500916004180908,0.002062574419053501,0.05,5,sqrt,2,10,150,0.8,"{'learning_rate': 0.05, 'max_depth': 5, 'max_features': 'sqrt', 'min_samples_leaf': 2, 'min_samples_split': 10, 'n_estimators': 150, 'subsample': 0.8}",0.9781350802189577,0.9901268607873446,0.9908256149666836,0.9957657000788889,0.9887133140129687,0.006482574897869584,1270
169,1.2067967057228088,0.0230484696575615,0.015498995780944824,0.001118330771647426,0.05,5,sqrt,2,10,150,0.9,"{'learning_rate': 0.05, 'max_depth': 5, 'max_features': 'sqrt', 'min_samples_leaf': 2, 'min_samples_split': 10, 'n_estimators': 150, 'subsample': 0.9}",0.9781357762426144,0.989421589208529,0.992236981492171,0.9950599858856739,0.9887135832072471,0.006424220480140587,1265
170,1.1767128109931946,0.08072860081137441,0.014233708381652832,0.0021734724813756256,0.05,5,sqrt,2,10,150,1.0,"{'learning_rate': 0.05, 'max_depth': 5, 'max_features': 'sqrt', 'min_samples_leaf': 2, 'min_samples_split': 10, 'n_estimators': 150, 'subsample': 1.0}",0.979546371323736,0.9901268607873446,0.9922370588179632,0.9950599858856739,0.9892425692036795,0.00586531179550502,1238
171,2.6179608702659607,0.08470928002545945,0.03075098991394043,0.0024854555454817944,0.05,5,sqrt,2,10,350,0.8,"{'learning_rate': 0.05, 'max_depth': 5, 'max_features': 'sqrt', 'min_samples_leaf': 2, 'min_samples_split': 10, 'n_estimators': 350, 'subsample': 0.8}",0.9823680526023909,0.9943581500461534,0.9936484394026853,0.997177133385926,0.9918879438592889,0.005652546296930969,781
172,2.801462471485138,0.06298814325806953,0.028746724128723145,0.002585971145817552,0.05,5,sqrt,2,10,350,0.9,"{'learning_rate': 0.05, 'max_depth': 5, 'max_features': 'sqrt', 'min_samples_leaf': 2, 'min_samples_split': 10, 'n_estimators': 350, 'subsample': 0.9}",0.9823675614859793,0.9950634082973135,0.9936484394026853,0.997177133385926,0.992064135642976,0.005737419959346589,710
173,2.728385090827942,0.11374031175502856,0.027505159378051758,0.0020706868472546392,0.05,5,sqrt,2,10,350,1.0,"{'learning_rate': 0.05, 'max_depth': 5, 'max_features': 'sqrt', 'min_samples_leaf': 2, 'min_samples_split': 10, 'n_estimators': 350, 'subsample': 1.0}",0.983073103184835,0.9936528777649296,0.9936484394026853,0.9978828510938604,0.9920643178615776,0.0054710655717600115,660
174,3.3875613808631897,0.14146115060900877,0.03574913740158081,0.004266220085075615,0.05,5,sqrt,2,10,450,0.8,"{'learning_rate': 0.05, 'max_depth': 5, 'max_features': 'sqrt', 'min_samples_leaf': 2, 'min_samples_split': 10, 'n_estimators': 450, 'subsample': 0.8}",0.9837786083941996,0.9950634082973135,0.9936485026692425,0.997177133385926,0.9924169131866705,0.005142974699949064,421
175,3.751824200153351,0.16214182724631426,0.03900057077407837,0.009486107884427242,0.05,5,sqrt,2,10,450,0.9,"{'learning_rate': 0.05, 'max_depth': 5, 'max_features': 'sqrt', 'min_samples_leaf': 2, 'min_samples_split': 10, 'n_estimators': 450, 'subsample': 0.9}",0.9837789956545375,0.9950634082973135,0.9950598973131997,0.997177133385926,0.9927698586627443,0.005262231823683489,111
176,3.803896188735962,0.10834913436404894,0.05050063133239746,0.02372203004512188,0.05,5,sqrt,2,10,450,1.0,"{'learning_rate': 0.05, 'max_depth': 5, 'max_features': 'sqrt', 'min_samples_leaf': 2, 'min_samples_split': 10, 'n_estimators': 450, 'subsample': 1.0}",0.9837786083941996,0.9950634082973135,0.9943541992883981,0.9978828468761906,0.9927697657140255,0.005356205162524514,127
177,5.491254448890686,0.007588927125910178,0.05978327989578247,0.006659857573603138,0.05,5,sqrt,2,10,650,0.8,"{'learning_rate': 0.05, 'max_depth': 5, 'max_features': 'sqrt', 'min_samples_leaf': 2, 'min_samples_split': 10, 'n_estimators': 650, 'subsample': 0.8}",0.9837786083941996,0.9936528777649296,0.9950598973131997,0.997177133385926,0.9924171292145637,0.005142785708595808,347
178,5.570322215557098,0.11386821134437208,0.04928719997406006,0.0017612655990307143,0.05,5,sqrt,2,10,650,0.9,"{'learning_rate': 0.05, 'max_depth': 5, 'max_features': 'sqrt', 'min_samples_leaf': 2, 'min_samples_split': 10, 'n_estimators': 650, 'subsample': 0.9}",0.983073103184835,0.9957686546231477,0.9936485026692425,0.997177133385926,0.9924168484657878,0.005538895760655413,440
179,5.565859794616699,0.2628017892451763,0.05499905347824097,0.009643588416017495,0.05,5,sqrt,2,10,650,1.0,"{'learning_rate': 0.05, 'max_depth': 5, 'max_features': 'sqrt', 'min_samples_leaf': 2, 'min_samples_split': 10, 'n_estimators': 650, 'subsample': 1.0}",0.9844836779194321,0.9950634082973135,0.9943541992883981,0.997177133385926,0.9927696047227674,0.004895287700503944,169
180,1.4509475827217102,0.15907506590880058,0.015751540660858154,0.0022789684980822154,0.05,5,sqrt,4,2,150,0.8,"{'learning_rate': 0.05, 'max_depth': 5, 'max_features': 'sqrt', 'min_samples_leaf': 4, 'min_samples_split': 2, 'n_estimators': 150, 'subsample': 0.8}",0.979546371323736,0.9922424061571363,0.9894140656711422,0.9957657000788889,0.9892421358077259,0.006033156756136864,1247
181,1.3079971075057983,0.020801832084494504,0.01574850082397461,0.0026806139812803544,0.05,5,sqrt,4,2,150,0.9,"{'learning_rate': 0.05, 'max_depth': 5, 'max_features': 'sqrt', 'min_samples_leaf': 4, 'min_samples_split': 2, 'n_estimators': 150, 'subsample': 0.9}",0.979546371323736,0.9908319345493428,0.988708398576796,0.997177133385926,0.9890659594589503,0.006317836230508355,1255
182,1.2359688878059387,0.14311649158797762,0.015783607959747314,0.001907009745644539,0.05,5,sqrt,4,2,150,1.0,"{'learning_rate': 0.05, 'max_depth': 5, 'max_features': 'sqrt', 'min_samples_leaf': 4, 'min_samples_split': 2, 'n_estimators': 150, 'subsample': 1.0}",0.9809574968105822,0.9894214629415494,0.9901198487546965,0.9964714114603177,0.9892425549917865,0.005515890846216387,1239
183,2.863716244697571,0.16803754956712946,0.02861684560775757,0.0029083487433859737,0.05,5,sqrt,4,2,350,0.8,"{'learning_rate': 0.05, 'max_depth': 5, 'max_features': 'sqrt', 'min_samples_leaf': 4, 'min_samples_split': 2, 'n_estimators': 350, 'subsample': 0.8}",0.9816630027156343,0.9943581500461534,0.9936485406285719,0.9978828468761906,0.9918881350666375,0.0061173912539711035,753
184,2.755833685398102,0.20595572404340506,0.03148716688156128,0.006704983067269576,0.05,5,sqrt,4,2,350,0.9,"{'learning_rate': 0.05, 'max_depth': 5, 'max_features': 'sqrt', 'min_samples_leaf': 4, 'min_samples_split': 2, 'n_estimators': 350, 'subsample': 0.9}",0.9844840792209213,0.9950634082973135,0.9929427491104976,0.997177133385926,0.9924168425036646,0.00481845387139392,441
185,2.7922964096069336,0.21523864687699176,0.031249284744262695,0.004322763348917903,0.05,5,sqrt,4,2,350,1.0,"{'learning_rate': 0.05, 'max_depth': 5, 'max_features': 'sqrt', 'min_samples_leaf': 4, 'min_samples_split': 2, 'n_estimators': 350, 'subsample': 1.0}",0.983073103184835,0.9950634082973135,0.994354131803331,0.9978828468761906,0.9925933725404176,0.005652774035239822,256
186,3.5140413641929626,0.19484629876902268,0.03475308418273926,0.0010893450677207238,0.05,5,sqrt,4,2,450,0.8,"{'learning_rate': 0.05, 'max_depth': 5, 'max_features': 'sqrt', 'min_samples_leaf': 4, 'min_samples_split': 2, 'n_estimators': 450, 'subsample': 0.8}",0.984484418767507,0.9950634082973135,0.9936484394026853,0.9964714114603177,0.9924169194819559,0.004687323787415868,419
187,3.890834391117096,0.3565861740845082,0.03649783134460449,0.0036410192306922766,0.05,5,sqrt,4,2,450,0.9,"{'learning_rate': 0.05, 'max_depth': 5, 'max_features': 'sqrt', 'min_samples_leaf': 4, 'min_samples_split': 2, 'n_estimators': 450, 'subsample': 0.9}",0.9844840792209213,0.9950634082973135,0.9950598973131997,0.9978828468761906,0.9931225579269063,0.005118687558652795,21
188,3.9504600167274475,0.12637302774775114,0.03525036573410034,0.0029460054725887128,0.05,5,sqrt,4,2,450,1.0,"{'learning_rate': 0.05, 'max_depth': 5, 'max_features': 'sqrt', 'min_samples_leaf': 4, 'min_samples_split': 2, 'n_estimators': 450, 'subsample': 1.0}",0.9837786083941996,0.9943581500461534,0.9943541992883981,0.997177133385926,0.9924170227786693,0.005118629796379719,382
189,5.1005348563194275,0.16531685698564696,0.04925072193145752,0.0019217614285409774,0.05,5,sqrt,4,2,650,0.8,"{'learning_rate': 0.05, 'max_depth': 5, 'max_features': 'sqrt', 'min_samples_leaf': 4, 'min_samples_split': 2, 'n_estimators': 650, 'subsample': 0.8}",0.9816625284502379,0.9950634082973135,0.9943541992883981,0.9971771221387733,0.9920643145436807,0.006094589627804007,663
190,5.62634003162384,0.02397841341924158,0.05085259675979614,0.003740234055124573,0.05,5,sqrt,4,2,650,0.9,"{'learning_rate': 0.05, 'max_depth': 5, 'max_features': 'sqrt', 'min_samples_leaf': 4, 'min_samples_split': 2, 'n_estimators': 650, 'subsample': 0.9}",0.9837789956545375,0.9950634082973135,0.9936484394026853,0.9978828468761906,0.9925934225576818,0.005312391677703433,234
191,5.305306136608124,0.24376310195991477,0.04924941062927246,0.0025849237067527707,0.05,5,sqrt,4,2,650,1.0,"{'learning_rate': 0.05, 'max_depth': 5, 'max_features': 'sqrt', 'min_samples_leaf': 4, 'min_samples_split': 2, 'n_estimators': 650, 'subsample': 1.0}",0.983073103184835,0.9943581500461534,0.9936484394026853,0.997177133385926,0.9920642065048999,0.005356163063417813,691
192,1.1902729868888855,0.15029627152679687,0.013000667095184326,0.0007059598157228877,0.05,5,sqrt,4,5,150,0.8,"{'learning_rate': 0.05, 'max_depth': 5, 'max_features': 'sqrt', 'min_samples_leaf': 4, 'min_samples_split': 5, 'n_estimators': 150, 'subsample': 0.8}",0.9809569664048577,0.9894216733848407,0.9908253956395603,0.9950599760444447,0.9890660028684258,0.005121185195872094,1253
193,1.1165293455123901,0.0371853747870412,0.0139998197555542,0.0007079021111390207,0.05,5,sqrt,4,5,150,0.9,"{'learning_rate': 0.05, 'max_depth': 5, 'max_features': 'sqrt', 'min_samples_leaf': 4, 'min_samples_split': 5, 'n_estimators': 150, 'subsample': 0.9}",0.979546371323736,0.9915371072185253,0.9894141711154042,0.9964714184897671,0.9892422670368581,0.0061556248033901905,1244
194,1.1539093255996704,0.08354741328917246,0.014251768589019775,0.0017841011573900762,0.05,5,sqrt,4,5,150,1.0,"{'learning_rate': 0.05, 'max_depth': 5, 'max_features': 'sqrt', 'min_samples_leaf': 4, 'min_samples_split': 5, 'n_estimators': 150, 'subsample': 1.0}",0.9788413789810437,0.9929476875576917,0.9901198487546965,0.9957657000788889,0.9894186538430803,0.0064247469345006655,1230
195,2.5162312984466553,0.15306819031646782,0.02825021743774414,0.002771218686700493,0.05,5,sqrt,4,5,350,0.8,"{'learning_rate': 0.05, 'max_depth': 5, 'max_features': 'sqrt', 'min_samples_leaf': 4, 'min_samples_split': 5, 'n_estimators': 350, 'subsample': 0.8}",0.983073103184835,0.9943581500461534,0.9936485026692425,0.997177133385926,0.9920642223215392,0.0053561677416929755,687
196,2.69009131193161,0.13950947194051977,0.03000110387802124,0.0029148558123340586,0.05,5,sqrt,4,5,350,0.9,"{'learning_rate': 0.05, 'max_depth': 5, 'max_features': 'sqrt', 'min_samples_leaf': 4, 'min_samples_split': 5, 'n_estimators': 350, 'subsample': 0.9}",0.9837786083941996,0.9943581500461534,0.9915312989325971,0.997177133385926,0.991711297689719,0.0049960270782519155,932
197,2.73059219121933,0.35976491090511026,0.05628460645675659,0.029454487608044807,0.05,5,sqrt,4,5,350,1.0,"{'learning_rate': 0.05, 'max_depth': 5, 'max_features': 'sqrt', 'min_samples_leaf': 4, 'min_samples_split': 5, 'n_estimators': 350, 'subsample': 1.0}",0.983778156567101,0.9936528777649296,0.9936484394026853,0.9978828468761906,0.9922405801527266,0.0051822880789857174,552
198,7.592726767063141,0.26488787938671,0.1243012547492981,0.007429186508638625,0.05,5,sqrt,4,5,450,0.8,"{'learning_rate': 0.05, 'max_depth': 5, 'max_features': 'sqrt', 'min_samples_leaf': 4, 'min_samples_split': 5, 'n_estimators': 450, 'subsample': 0.8}",0.983778156567101,0.9950634082973135,0.9929427491104976,0.9978828468761906,0.9924167902127757,0.005286420971681613,444
199,9.246092319488525,0.5836377951550304,0.1329091191291809,0.010134880638872957,0.05,5,sqrt,4,5,450,0.9,"{'learning_rate': 0.05, 'max_depth': 5, 'max_features': 'sqrt', 'min_samples_leaf': 4, 'min_samples_split': 5, 'n_estimators': 450, 'subsample': 0.9}",0.983073103184835,0.9943581500461534,0.9936484394026853,0.997177133385926,0.9920642065048999,0.005356163063417813,691
200,10.47973257303238,0.32541515259742265,0.1295480728149414,0.004151945406226051,0.05,5,sqrt,4,5,450,1.0,"{'learning_rate': 0.05, 'max_depth': 5, 'max_features': 'sqrt', 'min_samples_leaf': 4, 'min_samples_split': 5, 'n_estimators': 450, 'subsample': 1.0}",0.9837786083941996,0.9950634082973135,0.9957656832081598,0.9978828468761906,0.9931226366939659,0.005493695366926113,16
201,14.502662539482117,0.07797580726293948,0.05411726236343384,0.008849239729084604,0.05,5,sqrt,4,5,650,0.8,"{'learning_rate': 0.05, 'max_depth': 5, 'max_features': 'sqrt', 'min_samples_leaf': 4, 'min_samples_split': 5, 'n_estimators': 650, 'subsample': 0.8}",0.9830735409682778,0.9950634082973135,0.9936485026692425,0.997177133385926,0.99224064633019,0.005439548918851116,527
202,14.589950561523438,0.2798355138753821,0.04633975028991699,0.0039813971294168,0.05,5,sqrt,4,5,650,0.9,"{'learning_rate': 0.05, 'max_depth': 5, 'max_features': 'sqrt', 'min_samples_leaf': 4, 'min_samples_split': 5, 'n_estimators': 650, 'subsample': 0.9}",0.9851895177715342,0.9950634082973135,0.9943541992883981,0.997177133385926,0.9929460646857929,0.004597062904905787,74
203,10.163208842277527,0.3370761599929112,0.05724906921386719,0.012236041180643024,0.05,5,sqrt,4,5,650,1.0,"{'learning_rate': 0.05, 'max_depth': 5, 'max_features': 'sqrt', 'min_samples_leaf': 4, 'min_samples_split': 5, 'n_estimators': 650, 'subsample': 1.0}",0.9844840792209213,0.9950634082973135,0.994354131803331,0.9978828468761906,0.9929461165494391,0.005060701862615149,69
204,4.3167455196380615,0.06972769029412251,0.05626177787780762,0.0027613830501933634,0.05,5,sqrt,4,10,150,0.8,"{'learning_rate': 0.05, 'max_depth': 5, 'max_features': 'sqrt', 'min_samples_leaf': 4, 'min_samples_split': 10, 'n_estimators': 150, 'subsample': 0.8}",0.9781357762426144,0.9901268607873446,0.988708398576796,0.9957657000788889,0.9881841839214109,0.0063737484758921645,1285
205,3.65229332447052,0.353123118012392,0.011750876903533936,0.0008297613678933832,0.05,5,sqrt,4,10,150,0.9,"{'learning_rate': 0.05, 'max_depth': 5, 'max_features': 'sqrt', 'min_samples_leaf': 4, 'min_samples_split': 10, 'n_estimators': 150, 'subsample': 0.9}",0.9802519537156409,0.9901266250882795,0.9894141711154042,0.9964714184897671,0.9890660421022729,0.0057830308577727614,1251
206,1.6279663443565369,0.5356383764753649,0.013491332530975342,0.0013660596735669854,0.05,5,sqrt,4,10,150,1.0,"{'learning_rate': 0.05, 'max_depth': 5, 'max_features': 'sqrt', 'min_samples_leaf': 4, 'min_samples_split': 10, 'n_estimators': 150, 'subsample': 1.0}",0.9809574968105822,0.990832043980725,0.9915312989325971,0.9964714184897671,0.9899480645534178,0.005627444038920265,1199
207,2.6210175156593323,0.17623443300123123,0.026999592781066895,0.0009994523400668803,0.05,5,sqrt,4,10,350,0.8,"{'learning_rate': 0.05, 'max_depth': 5, 'max_features': 'sqrt', 'min_samples_leaf': 4, 'min_samples_split': 10, 'n_estimators': 350, 'subsample': 0.8}",0.9823680526023909,0.9950634082973135,0.9929427491104976,0.9978828468761906,0.9920642642215981,0.005865982968772085,680
208,2.5888960361480713,0.1901692489643635,0.028499364852905273,0.002871077770392487,0.05,5,sqrt,4,10,350,0.9,"{'learning_rate': 0.05, 'max_depth': 5, 'max_features': 'sqrt', 'min_samples_leaf': 4, 'min_samples_split': 10, 'n_estimators': 350, 'subsample': 0.9}",0.9837786083941996,0.9943581500461534,0.9943541992883981,0.997177133385926,0.9924170227786693,0.005118629796379719,382
209,2.7217328548431396,0.08138742003013612,0.02874886989593506,0.0039608647012412575,0.05,5,sqrt,4,10,350,1.0,"{'learning_rate': 0.05, 'max_depth': 5, 'max_features': 'sqrt', 'min_samples_leaf': 4, 'min_samples_split': 10, 'n_estimators': 350, 'subsample': 1.0}",0.9844836779194321,0.9943581500461534,0.9943541992883981,0.9978828468761906,0.9927697185325436,0.004995904433629613,147
210,3.409147620201111,0.17061300279699163,0.03849917650222778,0.003279727684866496,0.05,5,sqrt,4,10,450,0.8,"{'learning_rate': 0.05, 'max_depth': 5, 'max_features': 'sqrt', 'min_samples_leaf': 4, 'min_samples_split': 10, 'n_estimators': 450, 'subsample': 0.8}",0.983073103184835,0.9950634082973135,0.994354131803331,0.9964714114603177,0.9922405136864494,0.005347383163896382,570
211,3.252358555793762,0.18228609549452326,0.03624999523162842,0.005761973830992343,0.05,5,sqrt,4,10,450,0.9,"{'learning_rate': 0.05, 'max_depth': 5, 'max_features': 'sqrt', 'min_samples_leaf': 4, 'min_samples_split': 10, 'n_estimators': 450, 'subsample': 0.9}",0.9837786083941996,0.9950634082973135,0.9950598973131997,0.997177133385926,0.9927697618476597,0.005262397238581487,134
212,3.5422444343566895,0.0930226409679379,0.03474944829940796,0.0037695574672869775,0.05,5,sqrt,4,10,450,1.0,"{'learning_rate': 0.05, 'max_depth': 5, 'max_features': 'sqrt', 'min_samples_leaf': 4, 'min_samples_split': 10, 'n_estimators': 450, 'subsample': 1.0}",0.9830735409682778,0.9950634082973135,0.9950598973131997,0.9978828468761906,0.9927699233637454,0.00571545869184905,103
213,6.873846650123596,1.3581915382535539,0.16913235187530518,0.014286816435835254,0.05,5,sqrt,4,10,650,0.8,"{'learning_rate': 0.05, 'max_depth': 5, 'max_features': 'sqrt', 'min_samples_leaf': 4, 'min_samples_split': 10, 'n_estimators': 650, 'subsample': 0.8}",0.9837789956545375,0.9950634082973135,0.9943541992883981,0.9971771221387733,0.9925934313447555,0.005193880719887568,231
214,8.713730812072754,0.16017553790503633,0.04723310470581055,0.0037175121932352274,0.05,5,sqrt,4,10,650,0.9,"{'learning_rate': 0.05, 'max_depth': 5, 'max_features': 'sqrt', 'min_samples_leaf': 4, 'min_samples_split': 10, 'n_estimators': 650, 'subsample': 0.9}",0.9837786083941996,0.9950634082973135,0.9936485026692425,0.9978828510938604,0.9925933426136541,0.005312556506671199,266
215,9.547313034534454,0.4373043514340636,0.08907365798950195,0.02434745624153555,0.05,5,sqrt,4,10,650,1.0,"{'learning_rate': 0.05, 'max_depth': 5, 'max_features': 'sqrt', 'min_samples_leaf': 4, 'min_samples_split': 10, 'n_estimators': 650, 'subsample': 1.0}",0.9837786083941996,0.9950634082973135,0.9950598973131997,0.997177133385926,0.9927697618476597,0.005262397238581487,134
216,1.2452818155288696,0.37079012330794214,0.02246856689453125,0.015861102736107403,0.05,5,log2,1,2,150,0.8,"{'learning_rate': 0.05, 'max_depth': 5, 'max_features': 'log2', 'min_samples_leaf': 1, 'min_samples_split': 2, 'n_estimators': 150, 'subsample': 0.8}",0.9781357762426144,0.9901268607873446,0.9908253956395603,0.9957657000788889,0.9887134331871019,0.006482273091477662,1267
217,2.6280060410499573,0.14246629452036644,0.055224597454071045,0.002721811113369673,0.05,5,log2,1,2,150,0.9,"{'learning_rate': 0.05, 'max_depth': 5, 'max_features': 'log2', 'min_samples_leaf': 1, 'min_samples_split': 2, 'n_estimators': 150, 'subsample': 0.9}",0.9788400318344608,0.9929476875576917,0.9908256149666836,0.9964714184897671,0.9897711882121507,0.006625428842714547,1221
218,3.5080315470695496,0.31973022531480233,0.04625886678695679,0.015188838145360302,0.05,5,log2,1,2,150,1.0,"{'learning_rate': 0.05, 'max_depth': 5, 'max_features': 'log2', 'min_samples_leaf': 1, 'min_samples_split': 2, 'n_estimators': 150, 'subsample': 1.0}",0.9802519537156409,0.9915371072185253,0.9894141711154042,0.9964714114603177,0.989418660877472,0.005879150577091932,1229
219,6.045102894306183,0.4545772699898274,0.03999924659729004,0.007034580371281582,0.05,5,log2,1,2,350,0.8,"{'learning_rate': 0.05, 'max_depth': 5, 'max_features': 'log2', 'min_samples_leaf': 1, 'min_samples_split': 2, 'n_estimators': 350, 'subsample': 0.8}",0.983073103184835,0.9943581500461534,0.992236981492171,0.9978828510938604,0.991887771454255,0.005474122637990098,821
220,5.766034841537476,0.383917797395386,0.044748008251190186,0.018403569327038977,0.05,5,log2,1,2,350,0.9,"{'learning_rate': 0.05, 'max_depth': 5, 'max_features': 'log2', 'min_samples_leaf': 1, 'min_samples_split': 2, 'n_estimators': 350, 'subsample': 0.9}",0.983073103184835,0.9957686546231477,0.9943541992883981,0.9978828510938604,0.9927697020475603,0.0057374356364827865,151
221,5.2979883551597595,0.600638791506479,0.04608774185180664,0.012970258183878333,0.05,5,log2,1,2,350,1.0,"{'learning_rate': 0.05, 'max_depth': 5, 'max_features': 'log2', 'min_samples_leaf': 1, 'min_samples_split': 2, 'n_estimators': 350, 'subsample': 1.0}",0.9823675614859793,0.9943581500461534,0.9936484394026853,0.997177133385926,0.991887821080186,0.005652753078950894,812
222,4.962810754776001,0.7754674124552253,0.04624903202056885,0.0149726349888008,0.05,5,log2,1,2,450,0.8,"{'learning_rate': 0.05, 'max_depth': 5, 'max_features': 'log2', 'min_samples_leaf': 1, 'min_samples_split': 2, 'n_estimators': 450, 'subsample': 0.8}",0.983073103184835,0.9943581500461534,0.9929427491104976,0.997177133385926,0.991887783931853,0.005312519990220931,819
223,4.26857453584671,0.9339343709271056,0.04932814836502075,0.017841188220403148,0.05,5,log2,1,2,450,0.9,"{'learning_rate': 0.05, 'max_depth': 5, 'max_features': 'log2', 'min_samples_leaf': 1, 'min_samples_split': 2, 'n_estimators': 450, 'subsample': 0.9}",0.9823680526023909,0.9950634082973135,0.9957656832081598,0.997177133385926,0.9925935693734476,0.0059525763914011305,201
224,4.378333151340485,0.8496832354240776,0.05224817991256714,0.015945852081101393,0.05,5,log2,1,2,450,1.0,"{'learning_rate': 0.05, 'max_depth': 5, 'max_features': 'log2', 'min_samples_leaf': 1, 'min_samples_split': 2, 'n_estimators': 450, 'subsample': 1.0}",0.9823680526023909,0.9943581500461534,0.9943541992883981,0.9978828468761906,0.9922408122032833,0.005879061615166152,482
225,7.531534016132355,0.3230712098929498,0.057749807834625244,0.006760974246614568,0.05,5,log2,1,2,650,0.8,"{'learning_rate': 0.05, 'max_depth': 5, 'max_features': 'log2', 'min_samples_leaf': 1, 'min_samples_split': 2, 'n_estimators': 650, 'subsample': 0.8}",0.9837786083941996,0.9950634082973135,0.9943541992883981,0.9964714114603177,0.9924169068600572,0.00504520266562895,424
226,7.063022673130035,1.3116315272083328,0.048251986503601074,0.002946697168937584,0.05,5,log2,1,2,650,0.9,"{'learning_rate': 0.05, 'max_depth': 5, 'max_features': 'log2', 'min_samples_leaf': 1, 'min_samples_split': 2, 'n_estimators': 650, 'subsample': 0.9}",0.9851891641860084,0.9950634082973135,0.9943541992883981,0.997177133385926,0.9929459762894115,0.0045972120547634,87
227,6.125301420688629,0.9981242663227321,0.05549722909927368,0.005679257820388056,0.05,5,log2,1,2,650,1.0,"{'learning_rate': 0.05, 'max_depth': 5, 'max_features': 'log2', 'min_samples_leaf': 1, 'min_samples_split': 2, 'n_estimators': 650, 'subsample': 1.0}",0.9844836779194321,0.9950634082973135,0.9950598973131997,0.998588566692963,0.993298887555727,0.005289218163399456,9
228,1.1317035555839539,0.08830432638240163,0.014248251914978027,0.0017838255465792445,0.05,5,log2,1,5,150,0.8,"{'learning_rate': 0.05, 'max_depth': 5, 'max_features': 'log2', 'min_samples_leaf': 1, 'min_samples_split': 5, 'n_estimators': 150, 'subsample': 0.8}",0.9788407475274414,0.9908319345493428,0.9915313664163197,0.9964714114603177,0.9894188649883555,0.006482561388514209,1227
229,1.4252955317497253,0.511755185182056,0.015250205993652344,0.0022796026045235574,0.05,5,log2,1,5,150,0.9,"{'learning_rate': 0.05, 'max_depth': 5, 'max_features': 'log2', 'min_samples_leaf': 1, 'min_samples_split': 5, 'n_estimators': 150, 'subsample': 0.9}",0.9788413789810437,0.990832043980725,0.9901199274857064,0.9964714114603177,0.9890661904769482,0.006395558384921205,1248
230,1.5779992938041687,0.47458285642745607,0.014249145984649658,0.0017851694746385317,0.05,5,log2,1,5,150,1.0,"{'learning_rate': 0.05, 'max_depth': 5, 'max_features': 'log2', 'min_samples_leaf': 1, 'min_samples_split': 5, 'n_estimators': 150, 'subsample': 1.0}",0.9774301306959374,0.990832043980725,0.9894140656711422,0.9964714184897671,0.9885369147093929,0.00693458747050149,1274
231,2.9244985580444336,0.3721252553269929,0.03324967622756958,0.003268157928508139,0.05,5,log2,1,5,350,0.8,"{'learning_rate': 0.05, 'max_depth': 5, 'max_features': 'log2', 'min_samples_leaf': 1, 'min_samples_split': 5, 'n_estimators': 350, 'subsample': 0.8}",0.983073103184835,0.9936528777649296,0.9936483508273879,0.9978828510938604,0.9920642957177532,0.005471059160249541,668
232,2.945998728275299,0.28496573173070416,0.02800077199935913,0.003673709288845682,0.05,5,log2,1,5,350,0.9,"{'learning_rate': 0.05, 'max_depth': 5, 'max_features': 'log2', 'min_samples_leaf': 1, 'min_samples_split': 5, 'n_estimators': 350, 'subsample': 0.9}",0.9816625284502379,0.9950634082973135,0.9950598973131997,0.9978828510938604,0.9924171712886529,0.006315112221127699,344
233,2.664154589176178,0.12225104190131306,0.0292508602142334,0.0019207858158949251,0.05,5,log2,1,5,350,1.0,"{'learning_rate': 0.05, 'max_depth': 5, 'max_features': 'log2', 'min_samples_leaf': 1, 'min_samples_split': 5, 'n_estimators': 350, 'subsample': 1.0}",0.983778156567101,0.9943581500461534,0.9936485026692425,0.998588566692963,0.992593343993865,0.005428584640888834,265
234,3.4158121943473816,0.19808167390527678,0.034502506256103516,0.004031607062446125,0.05,5,log2,1,5,450,0.8,"{'learning_rate': 0.05, 'max_depth': 5, 'max_features': 'log2', 'min_samples_leaf': 1, 'min_samples_split': 5, 'n_estimators': 450, 'subsample': 0.8}",0.983073103184835,0.9943581500461534,0.9936484394026853,0.9978828510938604,0.9922406359318835,0.005530461672382854,533
235,3.6160358786582947,0.16483915949867312,0.03581422567367554,0.004268732268521721,0.05,5,log2,1,5,450,0.9,"{'learning_rate': 0.05, 'max_depth': 5, 'max_features': 'log2', 'min_samples_leaf': 1, 'min_samples_split': 5, 'n_estimators': 450, 'subsample': 0.9}",0.9830725980219531,0.9950634082973135,0.9943541992883981,0.997177133385926,0.9924168347483977,0.005493927011459126,442
236,3.5857269167900085,0.2562289913871752,0.037074267864227295,0.004502942726610448,0.05,5,log2,1,5,450,1.0,"{'learning_rate': 0.05, 'max_depth': 5, 'max_features': 'log2', 'min_samples_leaf': 1, 'min_samples_split': 5, 'n_estimators': 450, 'subsample': 1.0}",0.983073103184835,0.9943581500461534,0.9950598973131997,0.9978828510938604,0.9925935004095121,0.005652705016279232,211
237,5.170934736728668,0.08485689725712091,0.04974949359893799,0.003111694410034255,0.05,5,log2,1,5,650,0.8,"{'learning_rate': 0.05, 'max_depth': 5, 'max_features': 'log2', 'min_samples_leaf': 1, 'min_samples_split': 5, 'n_estimators': 650, 'subsample': 0.8}",0.9837786083941996,0.9950634082973135,0.9936484394026853,0.9978828510938604,0.9925933267970147,0.005312553365299306,277
238,4.880388796329498,0.13960142674416684,0.04624974727630615,0.0014783087665624951,0.05,5,log2,1,5,650,0.9,"{'learning_rate': 0.05, 'max_depth': 5, 'max_features': 'log2', 'min_samples_leaf': 1, 'min_samples_split': 5, 'n_estimators': 650, 'subsample': 0.9}",0.983073103184835,0.9943581500461534,0.9943541992883981,0.9978828510938604,0.9924170759033117,0.005583563835811143,364
239,4.956098914146423,0.35887343201832006,0.04824858903884888,0.002585147357655919,0.05,5,log2,1,5,650,1.0,"{'learning_rate': 0.05, 'max_depth': 5, 'max_features': 'log2', 'min_samples_leaf': 1, 'min_samples_split': 5, 'n_estimators': 650, 'subsample': 1.0}",0.9837786083941996,0.9943581500461534,0.9943541992883981,0.997177133385926,0.9924170227786693,0.005118629796379719,382
240,1.1471412181854248,0.06648211746425513,0.016029000282287598,0.002196447800685832,0.05,5,log2,1,10,150,0.8,"{'learning_rate': 0.05, 'max_depth': 5, 'max_features': 'log2', 'min_samples_leaf': 1, 'min_samples_split': 10, 'n_estimators': 150, 'subsample': 0.8}",0.9788413789810437,0.9901268607873446,0.9894140656711422,0.9957657000788889,0.9885370013796049,0.006114656026473995,1273
241,1.204227328300476,0.038674530791856225,0.01899951696395874,0.004121809692200225,0.05,5,log2,1,10,150,0.9,"{'learning_rate': 0.05, 'max_depth': 5, 'max_features': 'log2', 'min_samples_leaf': 1, 'min_samples_split': 10, 'n_estimators': 150, 'subsample': 0.9}",0.9795469410187734,0.9901268607873446,0.9908256149666836,0.9964714114603177,0.9892427070582799,0.006114519026219372,1237
242,1.1399781703948975,0.053507681132687994,0.013249397277832031,0.00043071248400495876,0.05,5,log2,1,10,150,1.0,"{'learning_rate': 0.05, 'max_depth': 5, 'max_features': 'log2', 'min_samples_leaf': 1, 'min_samples_split': 10, 'n_estimators': 150, 'subsample': 1.0}",0.9788400318344608,0.9915373092462954,0.9901198487546965,0.9964714184897671,0.9892421520813048,0.00645183106367513,1246
243,2.6237142086029053,0.07943617221094007,0.02809739112854004,0.001238472222551141,0.05,5,log2,1,10,350,0.8,"{'learning_rate': 0.05, 'max_depth': 5, 'max_features': 'log2', 'min_samples_leaf': 1, 'min_samples_split': 10, 'n_estimators': 350, 'subsample': 0.8}",0.9823680526023909,0.9950634082973135,0.9929427491104976,0.997177133385926,0.991887835849032,0.005696491109892162,810
244,2.592321813106537,0.05237650927016394,0.02625095844268799,0.001297430692835936,0.05,5,log2,1,10,350,0.9,"{'learning_rate': 0.05, 'max_depth': 5, 'max_features': 'log2', 'min_samples_leaf': 1, 'min_samples_split': 10, 'n_estimators': 350, 'subsample': 0.9}",0.983073103184835,0.9943581500461534,0.9936485026692425,0.9978828510938604,0.9922406517485228,0.0055304656986447055,523
245,2.7816393971443176,0.11189957718095302,0.029353082180023193,0.0028399779023117427,0.05,5,log2,1,10,350,1.0,"{'learning_rate': 0.05, 'max_depth': 5, 'max_features': 'log2', 'min_samples_leaf': 1, 'min_samples_split': 10, 'n_estimators': 350, 'subsample': 1.0}",0.983073103184835,0.9950634082973135,0.994354131803331,0.9964714114603177,0.9922405136864494,0.005347383163896382,570
246,3.380822241306305,0.10600234343952697,0.04255819320678711,0.011964892036100782,0.05,5,log2,1,10,450,0.8,"{'learning_rate': 0.05, 'max_depth': 5, 'max_features': 'log2', 'min_samples_leaf': 1, 'min_samples_split': 10, 'n_estimators': 450, 'subsample': 0.8}",0.9844836779194321,0.9950634082973135,0.9936484394026853,0.9964714114603177,0.9924167342699373,0.0046876372278501655,452
247,3.988909065723419,0.028518705390299135,0.039686501026153564,0.007953557502724893,0.05,5,log2,1,10,450,0.9,"{'learning_rate': 0.05, 'max_depth': 5, 'max_features': 'log2', 'min_samples_leaf': 1, 'min_samples_split': 10, 'n_estimators': 450, 'subsample': 0.9}",0.9823675614859793,0.9950634082973135,0.9943541992883981,0.9978828468761906,0.9924170039869704,0.0059502713064204455,393
248,3.8900310397148132,0.14294333195137543,0.041499555110931396,0.008138912829342067,0.05,5,log2,1,10,450,1.0,"{'learning_rate': 0.05, 'max_depth': 5, 'max_features': 'log2', 'min_samples_leaf': 1, 'min_samples_split': 10, 'n_estimators': 450, 'subsample': 1.0}",0.9837786083941996,0.9943581500461534,0.9943541992883981,0.9978828468761906,0.9925934511512354,0.005288987525006241,221
249,5.026387870311737,0.2500236008906204,0.05000096559524536,0.0029994056222164,0.05,5,log2,1,10,650,0.8,"{'learning_rate': 0.05, 'max_depth': 5, 'max_features': 'log2', 'min_samples_leaf': 1, 'min_samples_split': 10, 'n_estimators': 650, 'subsample': 0.8}",0.9837789956545375,0.9950634082973135,0.9936484394026853,0.997177133385926,0.9924169941851156,0.005142808299034589,397
250,5.351096272468567,0.2738627871300598,0.05152440071105957,0.0045312620862677545,0.05,5,log2,1,10,650,0.9,"{'learning_rate': 0.05, 'max_depth': 5, 'max_features': 'log2', 'min_samples_leaf': 1, 'min_samples_split': 10, 'n_estimators': 650, 'subsample': 0.9}",0.9844840792209213,0.9950634082973135,0.9943541992883981,0.9978828510938604,0.9929461344751234,0.005060707585293726,64
251,4.99468594789505,0.2162432233630084,0.05075204372406006,0.0048150159064174495,0.05,5,log2,1,10,650,1.0,"{'learning_rate': 0.05, 'max_depth': 5, 'max_features': 'log2', 'min_samples_leaf': 1, 'min_samples_split': 10, 'n_estimators': 650, 'subsample': 1.0}",0.9823675614859793,0.9950634082973135,0.9943541992883981,0.998588566692963,0.9925934339411635,0.00611782543289395,230
252,1.245530366897583,0.06794019143812964,0.01781749725341797,0.003764074418590313,0.05,5,log2,2,2,150,0.8,"{'learning_rate': 0.05, 'max_depth': 5, 'max_features': 'log2', 'min_samples_leaf': 2, 'min_samples_split': 2, 'n_estimators': 150, 'subsample': 0.8}",0.979546371323736,0.9922424061571363,0.9901197306558291,0.9957657000788889,0.9894185520538976,0.006045908613440773,1234
253,1.2361297011375427,0.06355522508416009,0.016612231731414795,0.0034361613357124315,0.05,5,log2,2,2,150,0.9,"{'learning_rate': 0.05, 'max_depth': 5, 'max_features': 'log2', 'min_samples_leaf': 2, 'min_samples_split': 2, 'n_estimators': 150, 'subsample': 0.9}",0.9781350802189577,0.9908319345493428,0.9901199274857064,0.9950599858856739,0.9885367320349202,0.006295269329414978,1276
254,1.1627903580665588,0.06558236240603653,0.017499208450317383,0.0033547654900774075,0.05,5,log2,2,2,150,1.0,"{'learning_rate': 0.05, 'max_depth': 5, 'max_features': 'log2', 'min_samples_leaf': 2, 'min_samples_split': 2, 'n_estimators': 150, 'subsample': 1.0}",0.979546371323736,0.990832043980725,0.9901199274857064,0.9957657000788889,0.989066010717264,0.005910562277980291,1252
255,2.5629175305366516,0.157365529042387,0.029501140117645264,0.005022918975240097,0.05,5,log2,2,2,350,0.8,"{'learning_rate': 0.05, 'max_depth': 5, 'max_features': 'log2', 'min_samples_leaf': 2, 'min_samples_split': 2, 'n_estimators': 350, 'subsample': 0.8}",0.9823684735375408,0.9943581500461534,0.9929426647541637,0.9964714114603177,0.991535174949544,0.005439325822500953,970
256,2.750444710254669,0.13305087958270498,0.029002070426940918,0.0015812890464271172,0.05,5,log2,2,2,350,0.9,"{'learning_rate': 0.05, 'max_depth': 5, 'max_features': 'log2', 'min_samples_leaf': 2, 'min_samples_split': 2, 'n_estimators': 350, 'subsample': 0.9}",0.9837786083941996,0.9943581500461534,0.9936484394026853,0.9978828468761906,0.9924170111798072,0.005238840475543987,392
257,2.6215015053749084,0.08584130213407429,0.02725040912628174,0.0008290248461894473,0.05,5,log2,2,2,350,1.0,"{'learning_rate': 0.05, 'max_depth': 5, 'max_features': 'log2', 'min_samples_leaf': 2, 'min_samples_split': 2, 'n_estimators': 350, 'subsample': 1.0}",0.983778156567101,0.9943581500461534,0.9936484394026853,0.998588566692963,0.9925933281772257,0.005428581566663275,274
258,3.4947498440742493,0.05599698170943407,0.038999974727630615,0.005787004927161297,0.05,5,log2,2,2,450,0.8,"{'learning_rate': 0.05, 'max_depth': 5, 'max_features': 'log2', 'min_samples_leaf': 2, 'min_samples_split': 2, 'n_estimators': 450, 'subsample': 0.8}",0.983073103184835,0.9950634082973135,0.9936484394026853,0.9964714114603177,0.9920640905862879,0.005286028746692452,719
259,3.4840943813323975,0.19397264116771556,0.035297393798828125,0.005077713014985836,0.05,5,log2,2,2,450,0.9,"{'learning_rate': 0.05, 'max_depth': 5, 'max_features': 'log2', 'min_samples_leaf': 2, 'min_samples_split': 2, 'n_estimators': 450, 'subsample': 0.9}",0.983778156567101,0.9950634082973135,0.9943541992883981,0.997177133385926,0.9925932243846847,0.005194239201605449,294
260,3.4696167707443237,0.19703211629114534,0.039421677589416504,0.0037138643612227807,0.05,5,log2,2,2,450,1.0,"{'learning_rate': 0.05, 'max_depth': 5, 'max_features': 'log2', 'min_samples_leaf': 2, 'min_samples_split': 2, 'n_estimators': 450, 'subsample': 1.0}",0.983073103184835,0.9943581500461534,0.9950598973131997,0.9978828468761906,0.9925934993550947,0.0056527040296396385,212
261,4.852024555206299,0.3148836122569932,0.048499464988708496,0.00303916279714475,0.05,5,log2,2,2,650,0.8,"{'learning_rate': 0.05, 'max_depth': 5, 'max_features': 'log2', 'min_samples_leaf': 2, 'min_samples_split': 2, 'n_estimators': 650, 'subsample': 0.8}",0.9837789956545375,0.9950634082973135,0.9943541992883981,0.997177133385926,0.9925934341565438,0.005193883201341608,228
262,5.346449434757233,0.040727290027330686,0.05199998617172241,0.004062855079043733,0.05,5,log2,2,2,650,0.9,"{'learning_rate': 0.05, 'max_depth': 5, 'max_features': 'log2', 'min_samples_leaf': 2, 'min_samples_split': 2, 'n_estimators': 650, 'subsample': 0.9}",0.9837786083941996,0.9936528777649296,0.9943541992883981,0.997177133385926,0.9922407047083633,0.005060545775911274,508
263,5.061697959899902,0.2629993493230392,0.05375099182128906,0.009960153320234425,0.05,5,log2,2,2,650,1.0,"{'learning_rate': 0.05, 'max_depth': 5, 'max_features': 'log2', 'min_samples_leaf': 2, 'min_samples_split': 2, 'n_estimators': 650, 'subsample': 1.0}",0.9844840792209213,0.9950634082973135,0.9950598973131997,0.9978828510938604,0.9931225589813237,0.005118688539242636,19
264,1.1686987280845642,0.08434765591047481,0.014001190662384033,0.0010020140414220033,0.05,5,log2,2,5,150,0.8,"{'learning_rate': 0.05, 'max_depth': 5, 'max_features': 'log2', 'min_samples_leaf': 2, 'min_samples_split': 5, 'n_estimators': 150, 'subsample': 0.8}",0.9788413789810437,0.9908321169335286,0.988708398576796,0.9957656832081598,0.988536894424882,0.006155401429502212,1275
265,1.1447957754135132,0.049561560218869996,0.014750659465789795,0.00129753435817314,0.05,5,log2,2,5,150,0.9,"{'learning_rate': 0.05, 'max_depth': 5, 'max_features': 'log2', 'min_samples_leaf': 2, 'min_samples_split': 5, 'n_estimators': 150, 'subsample': 0.9}",0.9788407475274414,0.99153722506923,0.9894140656711422,0.9964714184897671,0.9890658641893951,0.006434751629173216,1258
266,1.2119771242141724,0.024609996998869125,0.014999866485595703,0.002344504811687219,0.05,5,log2,2,5,150,1.0,"{'learning_rate': 0.05, 'max_depth': 5, 'max_features': 'log2', 'min_samples_leaf': 2, 'min_samples_split': 5, 'n_estimators': 150, 'subsample': 1.0}",0.9802519537156409,0.9901268607873446,0.9915313664163197,0.9964714184897671,0.989595399852268,0.005886638159296123,1222
267,2.5681039690971375,0.07629476838438574,0.03224790096282959,0.005761248836126644,0.05,5,log2,2,5,350,0.8,"{'learning_rate': 0.05, 'max_depth': 5, 'max_features': 'log2', 'min_samples_leaf': 2, 'min_samples_split': 5, 'n_estimators': 350, 'subsample': 0.8}",0.9823680526023909,0.9943581500461534,0.9929427491104976,0.9964714114603177,0.9915350908048399,0.005439508626804184,979
268,2.7833526730537415,0.10412723024839142,0.03075087070465088,0.0049184136105817665,0.05,5,log2,2,5,350,0.9,"{'learning_rate': 0.05, 'max_depth': 5, 'max_features': 'log2', 'min_samples_leaf': 2, 'min_samples_split': 5, 'n_estimators': 350, 'subsample': 0.9}",0.9837786083941996,0.9950634082973135,0.9936484394026853,0.9978828510938604,0.9925933267970147,0.005312553365299306,277
269,2.6612126231193542,0.07930876851351709,0.027998626232147217,0.001870279291726402,0.05,5,log2,2,5,350,1.0,"{'learning_rate': 0.05, 'max_depth': 5, 'max_features': 'log2', 'min_samples_leaf': 2, 'min_samples_split': 5, 'n_estimators': 350, 'subsample': 1.0}",0.9851891641860084,0.9943581500461534,0.9950598973131997,0.9978828468761906,0.993122514605388,0.0047665254353700115,24
270,3.4481874108314514,0.12823440598169872,0.04074949026107788,0.010639205821249744,0.05,5,log2,2,5,450,0.8,"{'learning_rate': 0.05, 'max_depth': 5, 'max_features': 'log2', 'min_samples_leaf': 2, 'min_samples_split': 5, 'n_estimators': 450, 'subsample': 0.8}",0.9816630027156343,0.9950634082973135,0.9950598973131997,0.9978828510938604,0.992417289855002,0.006314910302619976,329
271,3.381937325000763,0.20332756988970196,0.03649967908859253,0.0014984025330766597,0.05,5,log2,2,5,450,0.9,"{'learning_rate': 0.05, 'max_depth': 5, 'max_features': 'log2', 'min_samples_leaf': 2, 'min_samples_split': 5, 'n_estimators': 450, 'subsample': 0.9}",0.9844840792209213,0.9950634082973135,0.9943541992883981,0.998588566692963,0.993122563374899,0.005238902718792696,18
272,3.5091872215270996,0.19887231341416173,0.03200078010559082,0.00234488573633391,0.05,5,log2,2,5,450,1.0,"{'learning_rate': 0.05, 'max_depth': 5, 'max_features': 'log2', 'min_samples_leaf': 2, 'min_samples_split': 5, 'n_estimators': 450, 'subsample': 1.0}",0.9830735409682778,0.9943581500461534,0.9943541992883981,0.9978828468761906,0.992417184294755,0.005583379648569178,340
273,4.919709742069244,0.26897639386183303,0.052032470703125,0.0043419684906917935,0.05,5,log2,2,5,650,0.8,"{'learning_rate': 0.05, 'max_depth': 5, 'max_features': 'log2', 'min_samples_leaf': 2, 'min_samples_split': 5, 'n_estimators': 650, 'subsample': 0.8}",0.9837786083941996,0.9943581500461534,0.9950598973131997,0.997177133385926,0.9925934472848696,0.0051939655976771994,222
274,5.327425539493561,0.10305453339730393,0.058724403381347656,0.0037769471961490537,0.05,5,log2,2,5,650,0.9,"{'learning_rate': 0.05, 'max_depth': 5, 'max_features': 'log2', 'min_samples_leaf': 2, 'min_samples_split': 5, 'n_estimators': 650, 'subsample': 0.9}",0.9830735409682778,0.9950634082973135,0.994354131803331,0.9978828510938604,0.9925934830406957,0.005652590695926067,214
275,5.09287303686142,0.24150824404012255,0.047750115394592285,0.003631196763528587,0.05,5,log2,2,5,650,1.0,"{'learning_rate': 0.05, 'max_depth': 5, 'max_features': 'log2', 'min_samples_leaf': 2, 'min_samples_split': 5, 'n_estimators': 650, 'subsample': 1.0}",0.9844836779194321,0.9943581500461534,0.9950598973131997,0.9978828510938604,0.9929461440931614,0.005060783616169772,62
276,1.0526633262634277,0.019396706309879896,0.014249145984649658,0.0016392500864225114,0.05,5,log2,2,10,150,0.8,"{'learning_rate': 0.05, 'max_depth': 5, 'max_features': 'log2', 'min_samples_leaf': 2, 'min_samples_split': 10, 'n_estimators': 150, 'subsample': 0.8}",0.9788400318344608,0.989421589208529,0.9901197306558291,0.9964714184897671,0.9887131925471464,0.006327510322320816,1272
277,1.2109954953193665,0.11162742025262157,0.014998674392700195,0.0012263124800347793,0.05,5,log2,2,10,150,0.9,"{'learning_rate': 0.05, 'max_depth': 5, 'max_features': 'log2', 'min_samples_leaf': 2, 'min_samples_split': 10, 'n_estimators': 150, 'subsample': 0.9}",0.9781350802189577,0.990832043980725,0.9908256149666836,0.997177133385926,0.9892424681380731,0.006916756541574909,1240
278,1.068659484386444,0.012800880189346144,0.0135001540184021,0.0008653090279124214,0.05,5,log2,2,10,150,1.0,"{'learning_rate': 0.05, 'max_depth': 5, 'max_features': 'log2', 'min_samples_leaf': 2, 'min_samples_split': 10, 'n_estimators': 150, 'subsample': 1.0}",0.9809574968105822,0.9915371072185253,0.9908255235816568,0.9950599858856739,0.9895950283741095,0.005238284566722649,1224
279,2.5918753147125244,0.1416904014312875,0.031249701976776123,0.0019220658803904048,0.05,5,log2,2,10,350,0.8,"{'learning_rate': 0.05, 'max_depth': 5, 'max_features': 'log2', 'min_samples_leaf': 2, 'min_samples_split': 10, 'n_estimators': 350, 'subsample': 0.8}",0.9844836779194321,0.9950634082973135,0.9936484394026853,0.9978828468761906,0.9927695931239054,0.005020849368943019,173
280,2.6331942677497864,0.11211775646933016,0.02650320529937744,0.0011157673452763394,0.05,5,log2,2,10,350,0.9,"{'learning_rate': 0.05, 'max_depth': 5, 'max_features': 'log2', 'min_samples_leaf': 2, 'min_samples_split': 10, 'n_estimators': 350, 'subsample': 0.9}",0.983073103184835,0.9943581500461534,0.9936485026692425,0.9978828510938604,0.9922406517485228,0.0055304656986447055,523
281,2.64075630903244,0.12419803345763704,0.03200000524520874,0.006205693569127054,0.05,5,log2,2,10,350,1.0,"{'learning_rate': 0.05, 'max_depth': 5, 'max_features': 'log2', 'min_samples_leaf': 2, 'min_samples_split': 10, 'n_estimators': 350, 'subsample': 1.0}",0.9816625284502379,0.9943581500461534,0.9943541992883981,0.997177133385926,0.9918880027926789,0.0060149601114572095,771
282,3.2527511715888977,0.07955338086697214,0.03525024652481079,0.002487917838401495,0.05,5,log2,2,10,450,0.8,"{'learning_rate': 0.05, 'max_depth': 5, 'max_features': 'log2', 'min_samples_leaf': 2, 'min_samples_split': 10, 'n_estimators': 450, 'subsample': 0.8}",0.9837786083941996,0.9950634082973135,0.9943541992883981,0.9978828468761906,0.9927697657140255,0.005356205162524514,127
283,3.408888578414917,0.19716540711132202,0.0364995002746582,0.003276664655685764,0.05,5,log2,2,10,450,0.9,"{'learning_rate': 0.05, 'max_depth': 5, 'max_features': 'log2', 'min_samples_leaf': 2, 'min_samples_split': 10, 'n_estimators': 450, 'subsample': 0.9}",0.983778156567101,0.9957686546231477,0.9929426647541637,0.9978828510938604,0.9925930817595682,0.005382634973710001,318
284,3.485490143299103,0.14610845771101766,0.033187925815582275,0.0030960144911784467,0.05,5,log2,2,10,450,1.0,"{'learning_rate': 0.05, 'max_depth': 5, 'max_features': 'log2', 'min_samples_leaf': 2, 'min_samples_split': 10, 'n_estimators': 450, 'subsample': 1.0}",0.983778156567101,0.9943581500461534,0.9950598973131997,0.9978828510938604,0.9927697637550786,0.005356312740136823,133
285,5.026425063610077,0.32308956944213035,0.04950052499771118,0.0037723785399599104,0.05,5,log2,2,10,650,0.8,"{'learning_rate': 0.05, 'max_depth': 5, 'max_features': 'log2', 'min_samples_leaf': 2, 'min_samples_split': 10, 'n_estimators': 650, 'subsample': 0.8}",0.9837786083941996,0.9950634082973135,0.994354131803331,0.9978828468761906,0.9927697488427587,0.005356200171866726,141
286,5.399173855781555,0.22275499103770907,0.05849945545196533,0.006227380826989462,0.05,5,log2,2,10,650,0.9,"{'learning_rate': 0.05, 'max_depth': 5, 'max_features': 'log2', 'min_samples_leaf': 2, 'min_samples_split': 10, 'n_estimators': 650, 'subsample': 0.9}",0.9837786083941996,0.9950634082973135,0.9950598973131997,0.998588566692963,0.993122620174419,0.005583610586862074,17
287,4.933371543884277,0.170075993510467,0.051485538482666016,0.0014666027286569649,0.05,5,log2,2,10,650,1.0,"{'learning_rate': 0.05, 'max_depth': 5, 'max_features': 'log2', 'min_samples_leaf': 2, 'min_samples_split': 10, 'n_estimators': 650, 'subsample': 1.0}",0.9837786083941996,0.9943581500461534,0.9957656494662985,0.998588566692963,0.9931227436499036,0.0056057841854007945,15
288,1.0832808017730713,0.034307984369633525,0.01725095510482788,0.0023839203709145624,0.05,5,log2,4,2,150,0.8,"{'learning_rate': 0.05, 'max_depth': 5, 'max_features': 'log2', 'min_samples_leaf': 4, 'min_samples_split': 2, 'n_estimators': 150, 'subsample': 0.8}",0.9802519537156409,0.989421589208529,0.9865909628578188,0.9950599760444447,0.9878311204566084,0.005333097207951777,1290
289,1.205365538597107,0.04139865547997799,0.015514671802520752,0.0025836772362243274,0.05,5,log2,4,2,150,0.9,"{'learning_rate': 0.05, 'max_depth': 5, 'max_features': 'log2', 'min_samples_leaf': 4, 'min_samples_split': 2, 'n_estimators': 150, 'subsample': 0.9}",0.9802513643589452,0.990832043980725,0.9908256149666836,0.9950599858856739,0.9892422522980069,0.005470753260859796,1245
290,1.1077459454536438,0.03507757053496674,0.013250887393951416,0.0004324736367782051,0.05,5,log2,4,2,150,1.0,"{'learning_rate': 0.05, 'max_depth': 5, 'max_features': 'log2', 'min_samples_leaf': 4, 'min_samples_split': 2, 'n_estimators': 150, 'subsample': 1.0}",0.979546371323736,0.989421589208529,0.9901197306558291,0.9957657000788889,0.9887133478167458,0.005836279829905597,1269
291,2.690613031387329,0.16625609562814214,0.028573453426361084,0.0007434206589286673,0.05,5,log2,4,2,350,0.8,"{'learning_rate': 0.05, 'max_depth': 5, 'max_features': 'log2', 'min_samples_leaf': 4, 'min_samples_split': 2, 'n_estimators': 350, 'subsample': 0.8}",0.9830735409682778,0.9950634082973135,0.9936484394026853,0.997177133385926,0.9922406305135507,0.0054395448252784,536
292,2.619454503059387,0.08873144112555595,0.028001606464385986,0.0009990346068286873,0.05,5,log2,4,2,350,0.9,"{'learning_rate': 0.05, 'max_depth': 5, 'max_features': 'log2', 'min_samples_leaf': 4, 'min_samples_split': 2, 'n_estimators': 350, 'subsample': 0.9}",0.9837786083941996,0.9950634082973135,0.9936485026692425,0.997177133385926,0.9924169131866705,0.005142974699949064,421
293,2.751928448677063,0.09839335590246101,0.027117908000946045,0.0008807337272236797,0.05,5,log2,4,2,350,1.0,"{'learning_rate': 0.05, 'max_depth': 5, 'max_features': 'log2', 'min_samples_leaf': 4, 'min_samples_split': 2, 'n_estimators': 350, 'subsample': 1.0}",0.983778156567101,0.9936528777649296,0.9929426647541637,0.9978828468761906,0.9920641364905963,0.0051432179759039656,709
294,3.4001315236091614,0.07823470394978067,0.04025113582611084,0.002277706053206846,0.05,5,log2,4,2,450,0.8,"{'learning_rate': 0.05, 'max_depth': 5, 'max_features': 'log2', 'min_samples_leaf': 4, 'min_samples_split': 2, 'n_estimators': 450, 'subsample': 0.8}",0.9823675614859793,0.9950634082973135,0.9943541992883981,0.997177133385926,0.9922405756144043,0.005794001208202732,553
295,3.453823745250702,0.09607344885564302,0.03725147247314453,0.0031939190320780706,0.05,5,log2,4,2,450,0.9,"{'learning_rate': 0.05, 'max_depth': 5, 'max_features': 'log2', 'min_samples_leaf': 4, 'min_samples_split': 2, 'n_estimators': 450, 'subsample': 0.9}",0.9837789956545375,0.9950634082973135,0.994354131803331,0.997177133385926,0.9925934172852771,0.005193877481935432,237
296,3.381408989429474,0.1448115810372227,0.03700143098831177,0.003316869946904417,0.05,5,log2,4,2,450,1.0,"{'learning_rate': 0.05, 'max_depth': 5, 'max_features': 'log2', 'min_samples_leaf': 4, 'min_samples_split': 2, 'n_estimators': 450, 'subsample': 1.0}",0.983073103184835,0.9950634082973135,0.9943541992883981,0.997177133385926,0.9924169610391181,0.005493712212549133,409
297,4.934307277202606,0.2818240096394644,0.05449777841567993,0.004769219622228677,0.05,5,log2,4,2,650,0.8,"{'learning_rate': 0.05, 'max_depth': 5, 'max_features': 'log2', 'min_samples_leaf': 4, 'min_samples_split': 2, 'n_estimators': 650, 'subsample': 0.8}",0.9830735409682778,0.9950634082973135,0.9943541992883981,0.997177133385926,0.9924170704849788,0.005493526064115497,370
298,5.130603730678558,0.29457947433212023,0.05259889364242554,0.007071364689132573,0.05,5,log2,4,2,650,0.9,"{'learning_rate': 0.05, 'max_depth': 5, 'max_features': 'log2', 'min_samples_leaf': 4, 'min_samples_split': 2, 'n_estimators': 650, 'subsample': 0.9}",0.9837786083941996,0.9950634082973135,0.9943541992883981,0.9978828468761906,0.9927697657140255,0.005356205162524514,127
299,5.058496713638306,0.2714780350034486,0.05174988508224487,0.008260087018225754,0.05,5,log2,4,2,650,1.0,"{'learning_rate': 0.05, 'max_depth': 5, 'max_features': 'log2', 'min_samples_leaf': 4, 'min_samples_split': 2, 'n_estimators': 650, 'subsample': 1.0}",0.9844840792209213,0.9950634082973135,0.9943541992883981,0.9978828468761906,0.9929461334207059,0.005060706556710466,65
300,1.1430433988571167,0.08572812958754006,0.014252901077270508,0.000432091858912443,0.05,5,log2,4,5,150,0.8,"{'learning_rate': 0.05, 'max_depth': 5, 'max_features': 'log2', 'min_samples_leaf': 4, 'min_samples_split': 5, 'n_estimators': 150, 'subsample': 0.8}",0.9795457202048313,0.9901267625807684,0.9901198487546965,0.997177133385926,0.9892423662315555,0.006295585883033063,1243
301,1.218750774860382,0.07447243905025658,0.016998291015625,0.002346055082375278,0.05,5,log2,4,5,150,0.9,"{'learning_rate': 0.05, 'max_depth': 5, 'max_features': 'log2', 'min_samples_leaf': 4, 'min_samples_split': 5, 'n_estimators': 150, 'subsample': 0.9}",0.979546371323736,0.990832043980725,0.9901197306558291,0.9957657000788889,0.9890659615097948,0.0059105535043677245,1254
302,1.1475675106048584,0.08843772309547883,0.01525205373764038,0.00248730708204999,0.05,5,log2,4,5,150,1.0,"{'learning_rate': 0.05, 'max_depth': 5, 'max_features': 'log2', 'min_samples_leaf': 4, 'min_samples_split': 5, 'n_estimators': 150, 'subsample': 1.0}",0.9802519537156409,0.9901267625807684,0.988708398576796,0.9957657000788889,0.9887132037380235,0.005552671165094008,1271
303,2.6755725741386414,0.08864734586782982,0.027196407318115234,0.002271195369446722,0.05,5,log2,4,5,350,0.8,"{'learning_rate': 0.05, 'max_depth': 5, 'max_features': 'log2', 'min_samples_leaf': 4, 'min_samples_split': 5, 'n_estimators': 350, 'subsample': 0.8}",0.9830735409682778,0.9943581500461534,0.995059946520522,0.9978828468761906,0.9925936211027859,0.0056525250664560545,193
304,2.6845322251319885,0.18552472809770462,0.02825188636779785,0.0028602266743343024,0.05,5,log2,4,5,350,0.9,"{'learning_rate': 0.05, 'max_depth': 5, 'max_features': 'log2', 'min_samples_leaf': 4, 'min_samples_split': 5, 'n_estimators': 350, 'subsample': 0.9}",0.9830735409682778,0.9943581500461534,0.9936484394026853,0.997177133385926,0.9920643159507606,0.005355979342732133,662
305,2.6288384795188904,0.17550963056911625,0.029749572277069092,0.0026811634800881757,0.05,5,log2,4,5,350,1.0,"{'learning_rate': 0.05, 'max_depth': 5, 'max_features': 'log2', 'min_samples_leaf': 4, 'min_samples_split': 5, 'n_estimators': 350, 'subsample': 1.0}",0.9830725980219531,0.9943581500461534,0.9936484394026853,0.997177133385926,0.9920640802141795,0.005356375061139899,721
306,3.4829825162887573,0.10031260407217683,0.03550153970718384,0.0008664819260057317,0.05,5,log2,4,5,450,0.8,"{'learning_rate': 0.05, 'max_depth': 5, 'max_features': 'log2', 'min_samples_leaf': 4, 'min_samples_split': 5, 'n_estimators': 450, 'subsample': 0.8}",0.9816630027156343,0.9950634082973135,0.9936485026692425,0.997177133385926,0.9918880117670291,0.006035480282088279,769
307,3.346574068069458,0.037563142075057177,0.03424978256225586,0.0008269783927172638,0.05,5,log2,4,5,450,0.9,"{'learning_rate': 0.05, 'max_depth': 5, 'max_features': 'log2', 'min_samples_leaf': 4, 'min_samples_split': 5, 'n_estimators': 450, 'subsample': 0.9}",0.9837786083941996,0.9943581500461534,0.994354131803331,0.9978828468761906,0.9925934342799686,0.0052889819084983155,227
308,3.4916483759880066,0.26090168823173365,0.0407482385635376,0.008726765737879944,0.05,5,log2,4,5,450,1.0,"{'learning_rate': 0.05, 'max_depth': 5, 'max_features': 'log2', 'min_samples_leaf': 4, 'min_samples_split': 5, 'n_estimators': 450, 'subsample': 1.0}",0.9851891641860084,0.9950634082973135,0.9943541992883981,0.997177133385926,0.9929459762894115,0.0045972120547634,87
309,4.915596961975098,0.41877802033161204,0.05450242757797241,0.005407025711153163,0.05,5,log2,4,5,650,0.8,"{'learning_rate': 0.05, 'max_depth': 5, 'max_features': 'log2', 'min_samples_leaf': 4, 'min_samples_split': 5, 'n_estimators': 650, 'subsample': 0.8}",0.9823680526023909,0.9950634082973135,0.9943541992883981,0.9978828468761906,0.9924171267660733,0.005950063944376104,348
310,5.3463568687438965,0.34930052268226136,0.04954946041107178,0.0036253697025837215,0.05,5,log2,4,5,650,0.9,"{'learning_rate': 0.05, 'max_depth': 5, 'max_features': 'log2', 'min_samples_leaf': 4, 'min_samples_split': 5, 'n_estimators': 650, 'subsample': 0.9}",0.9837789956545375,0.9950634082973135,0.9936484394026853,0.9978828468761906,0.9925934225576818,0.005312391677703433,234
311,5.09490031003952,0.04809520083114914,0.05174785852432251,0.004025608109102471,0.05,5,log2,4,5,650,1.0,"{'learning_rate': 0.05, 'max_depth': 5, 'max_features': 'log2', 'min_samples_leaf': 4, 'min_samples_split': 5, 'n_estimators': 650, 'subsample': 1.0}",0.9844836779194321,0.9950634082973135,0.994354131803331,0.9978828468761906,0.9929460162240669,0.00506086961762132,81
312,1.1565965414047241,0.09829379960782296,0.013751447200775146,0.0008296174419718734,0.05,5,log2,4,10,150,0.8,"{'learning_rate': 0.05, 'max_depth': 5, 'max_features': 'log2', 'min_samples_leaf': 4, 'min_samples_split': 10, 'n_estimators': 150, 'subsample': 0.8}",0.9809569664048577,0.9887163000923067,0.9872967965574946,0.9964714184897671,0.9883603703861066,0.005519451220323662,1279
313,1.2028245329856873,0.14373556589884368,0.013500511646270752,0.0004987131527724311,0.05,5,log2,4,10,150,0.9,"{'learning_rate': 0.05, 'max_depth': 5, 'max_features': 'log2', 'min_samples_leaf': 4, 'min_samples_split': 10, 'n_estimators': 150, 'subsample': 0.9}",0.9788407475274414,0.9901268607873446,0.9908255235816568,0.9964714184897671,0.9890661375965524,0.006395650082379218,1249
314,1.195444643497467,0.07644721175567663,0.014999449253082275,0.002548483618007555,0.05,5,log2,4,10,150,1.0,"{'learning_rate': 0.05, 'max_depth': 5, 'max_features': 'log2', 'min_samples_leaf': 4, 'min_samples_split': 10, 'n_estimators': 150, 'subsample': 1.0}",0.9788407475274414,0.9922424061571363,0.9915312989325971,0.9950599858856739,0.9894186096257122,0.006248071215079123,1232
315,2.601953148841858,0.14877141401640728,0.029249489307403564,0.0008291160668955292,0.05,5,log2,4,10,350,0.8,"{'learning_rate': 0.05, 'max_depth': 5, 'max_features': 'log2', 'min_samples_leaf': 4, 'min_samples_split': 10, 'n_estimators': 350, 'subsample': 0.8}",0.9830735409682778,0.9943581500461534,0.9943541992883981,0.9978828468761906,0.992417184294755,0.005583379648569178,340
316,2.5869539976119995,0.07042623627352375,0.03125196695327759,0.0031092667161305315,0.05,5,log2,4,10,350,0.9,"{'learning_rate': 0.05, 'max_depth': 5, 'max_features': 'log2', 'min_samples_leaf': 4, 'min_samples_split': 10, 'n_estimators': 350, 'subsample': 0.9}",0.9837789956545375,0.9950634082973135,0.9929427491104976,0.997177133385926,0.9922405716120687,0.005109534470552143,556
317,2.670204758644104,0.11581361424902512,0.026748478412628174,0.00042993260802822857,0.05,5,log2,4,10,350,1.0,"{'learning_rate': 0.05, 'max_depth': 5, 'max_features': 'log2', 'min_samples_leaf': 4, 'min_samples_split': 10, 'n_estimators': 350, 'subsample': 1.0}",0.9837789956545375,0.9943581500461534,0.9936484394026853,0.9978828468761906,0.9924171079948917,0.005238680835947782,353
318,3.483042597770691,0.04782505842939128,0.03999900817871094,0.004950677389095451,0.05,5,log2,4,10,450,0.8,"{'learning_rate': 0.05, 'max_depth': 5, 'max_features': 'log2', 'min_samples_leaf': 4, 'min_samples_split': 10, 'n_estimators': 450, 'subsample': 0.8}",0.9830735409682778,0.9950634082973135,0.9936484394026853,0.997177133385926,0.9922406305135507,0.0054395448252784,536
319,3.462005078792572,0.16203168342056146,0.034248411655426025,0.0044940149793402315,0.05,5,log2,4,10,450,0.9,"{'learning_rate': 0.05, 'max_depth': 5, 'max_features': 'log2', 'min_samples_leaf': 4, 'min_samples_split': 10, 'n_estimators': 450, 'subsample': 0.9}",0.983778156567101,0.9943581500461534,0.994354131803331,0.9978828468761906,0.992593321323194,0.005289170166982964,279
320,3.392646372318268,0.17929516476846782,0.0357511043548584,0.0017855787381066573,0.05,5,log2,4,10,450,1.0,"{'learning_rate': 0.05, 'max_depth': 5, 'max_features': 'log2', 'min_samples_leaf': 4, 'min_samples_split': 10, 'n_estimators': 450, 'subsample': 1.0}",0.9837786083941996,0.9950634082973135,0.9950598973131997,0.9978828468761906,0.9929461902202259,0.005416768075536414,56
321,4.678479492664337,0.27373484995508707,0.048249900341033936,0.0034901890761874295,0.05,5,log2,4,10,650,0.8,"{'learning_rate': 0.05, 'max_depth': 5, 'max_features': 'log2', 'min_samples_leaf': 4, 'min_samples_split': 10, 'n_estimators': 650, 'subsample': 0.8}",0.9837786083941996,0.9950634082973135,0.9943541992883981,0.997177133385926,0.9925933373414594,0.005194047504452998,271
322,5.102744698524475,0.13552982924729362,0.051748573780059814,0.010060075005410661,0.05,5,log2,4,10,650,0.9,"{'learning_rate': 0.05, 'max_depth': 5, 'max_features': 'log2', 'min_samples_leaf': 4, 'min_samples_split': 10, 'n_estimators': 650, 'subsample': 0.9}",0.983778156567101,0.9950634082973135,0.9936484394026853,0.9978828468761906,0.9925932127858226,0.005312739736405569,299
323,5.173188090324402,0.07920028303543845,0.047751426696777344,0.0012975447805178128,0.05,5,log2,4,10,650,1.0,"{'learning_rate': 0.05, 'max_depth': 5, 'max_features': 'log2', 'min_samples_leaf': 4, 'min_samples_split': 10, 'n_estimators': 650, 'subsample': 1.0}",0.9837786083941996,0.9950634082973135,0.9950598973131997,0.9978828468761906,0.9929461902202259,0.005416768075536414,56
324,3.7433285117149353,0.26269217577615084,0.013751089572906494,0.0014779394391432428,0.05,9,,1,2,150,0.8,"{'learning_rate': 0.05, 'max_depth': 9, 'max_features': None, 'min_samples_leaf': 1, 'min_samples_split': 2, 'n_estimators': 150, 'subsample': 0.8}",0.9837795765103758,0.992242282692651,0.9901199274857064,0.9957657000788889,0.9904768716919055,0.004360893074342511,1170
325,3.790687322616577,0.12284779555874929,0.01300060749053955,0.001871999391953339,0.05,9,,1,2,150,0.9,"{'learning_rate': 0.05, 'max_depth': 9, 'max_features': None, 'min_samples_leaf': 1, 'min_samples_split': 2, 'n_estimators': 150, 'subsample': 0.9}",0.980957951420544,0.992242282692651,0.9901199274857064,0.9957657000788889,0.9897714654194476,0.005473464213149174,1217
326,3.063261389732361,0.36530005969091117,0.009248495101928711,0.000829134314117269,0.05,9,,1,2,150,1.0,"{'learning_rate': 0.05, 'max_depth': 9, 'max_features': None, 'min_samples_leaf': 1, 'min_samples_split': 2, 'n_estimators': 150, 'subsample': 1.0}",0.980958633294789,0.992242282692651,0.985885498220995,0.994354131803331,0.9883601365029414,0.005289260890382829,1283
327,9.69817304611206,0.09063728702163262,0.03275036811828613,0.0014799042404818302,0.05,9,,1,2,350,0.8,"{'learning_rate': 0.05, 'max_depth': 9, 'max_features': None, 'min_samples_leaf': 1, 'min_samples_split': 2, 'n_estimators': 350, 'subsample': 0.8}",0.9823684735375408,0.992242282692651,0.9922371206774876,0.997177133385926,0.9910062525734014,0.005378982325219295,1110
328,9.571652114391327,0.8015169661394584,0.027499854564666748,0.0028709836875968455,0.05,9,,1,2,350,0.9,"{'learning_rate': 0.05, 'max_depth': 9, 'max_features': None, 'min_samples_leaf': 1, 'min_samples_split': 2, 'n_estimators': 350, 'subsample': 0.9}",0.9844846965672964,0.9929475893487711,0.992237105212699,0.9964714184897671,0.9915352024046333,0.004375024749455602,967
329,8.053416967391968,1.4777344922329856,0.016998708248138428,0.0033915696002683364,0.05,9,,1,2,350,1.0,"{'learning_rate': 0.05, 'max_depth': 9, 'max_features': None, 'min_samples_leaf': 1, 'min_samples_split': 2, 'n_estimators': 350, 'subsample': 1.0}",0.9816634039979629,0.9915369556913675,0.9816512939020259,0.9971771221387733,0.9880071939325323,0.006655597969256492,1289
330,12.601714015007019,0.1708666220865442,0.04025048017501831,0.004969356752345904,0.05,9,,1,2,450,0.8,"{'learning_rate': 0.05, 'max_depth': 9, 'max_features': None, 'min_samples_leaf': 1, 'min_samples_split': 2, 'n_estimators': 450, 'subsample': 0.8}",0.9830739113827349,0.9915369556913675,0.992237105212699,0.9964713903718013,0.9908298406646507,0.004859576300808853,1131
331,12.038033246994019,1.0947317670691477,0.03609514236450195,0.004017505108731989,0.05,9,,1,2,450,0.9,"{'learning_rate': 0.05, 'max_depth': 9, 'max_features': None, 'min_samples_leaf': 1, 'min_samples_split': 2, 'n_estimators': 450, 'subsample': 0.9}",0.9830739113827349,0.9929475893487711,0.9929428334648147,0.998588566692963,0.991888225222321,0.005586169420619761,749
332,8.352882027626038,2.45693737172278,0.023502051830291748,0.009497852704141422,0.05,9,,1,2,450,1.0,"{'learning_rate': 0.05, 'max_depth': 9, 'max_features': None, 'min_samples_leaf': 1, 'min_samples_split': 2, 'n_estimators': 450, 'subsample': 1.0}",0.9809583302455981,0.9901262322314954,0.982356951859007,0.9957656832081598,0.9873017993860651,0.006006368870918872,1295
333,13.944044053554535,1.2191482218274954,0.04608410596847534,0.005993499053147655,0.05,9,,1,2,650,0.8,"{'learning_rate': 0.05, 'max_depth': 9, 'max_features': None, 'min_samples_leaf': 1, 'min_samples_split': 2, 'n_estimators': 650, 'subsample': 0.8}",0.983073103184835,0.992242282692651,0.9929428334648147,0.998588566692963,0.991711696508816,0.0055613365760768824,869
334,13.8969606757164,0.796026348630163,0.039250195026397705,0.00449566020999005,0.05,9,,1,2,650,0.9,"{'learning_rate': 0.05, 'max_depth': 9, 'max_features': None, 'min_samples_leaf': 1, 'min_samples_split': 2, 'n_estimators': 650, 'subsample': 0.9}",0.9837789956545375,0.9908316062395213,0.992237105212699,0.998588566692963,0.9913590684499302,0.005262421338358654,1015
335,9.072696030139923,2.250793712336191,0.02349942922592163,0.007016973425593757,0.05,9,,1,2,650,1.0,"{'learning_rate': 0.05, 'max_depth': 9, 'max_features': None, 'min_samples_leaf': 1, 'min_samples_split': 2, 'n_estimators': 650, 'subsample': 1.0}",0.9809583302455981,0.9908316062395213,0.9816511476872936,0.9978828468761907,0.9878309827621509,0.006990483309217315,1291
336,3.557110369205475,0.15752645864069367,0.012748897075653076,0.0004323282749108092,0.05,9,,1,5,150,0.8,"{'learning_rate': 0.05, 'max_depth': 9, 'max_features': None, 'min_samples_leaf': 1, 'min_samples_split': 5, 'n_estimators': 150, 'subsample': 0.8}",0.9837793183573613,0.9901264483065952,0.9901198487546965,0.9950599760444447,0.9897713978657745,0.004003796786319508,1219
337,3.6071049571037292,0.18780836990300842,0.014750301837921143,0.001784752964146761,0.05,9,,1,5,150,0.9,"{'learning_rate': 0.05, 'max_depth': 9, 'max_features': None, 'min_samples_leaf': 1, 'min_samples_split': 5, 'n_estimators': 150, 'subsample': 0.9}",0.9795474293035473,0.992242282692651,0.988708398576796,0.9929428334648147,0.9883602360094522,0.005335195992120893,1282
338,3.405207395553589,0.29694215409362196,0.011750936508178711,0.0014763546452328865,0.05,9,,1,5,150,1.0,"{'learning_rate': 0.05, 'max_depth': 9, 'max_features': None, 'min_samples_leaf': 1, 'min_samples_split': 5, 'n_estimators': 150, 'subsample': 1.0}",0.9774313879577038,0.9915369556913675,0.9872967965574946,0.9943541992883981,0.987654834873741,0.006414814959995994,1293
339,9.367402911186218,0.259223309365942,0.03175145387649536,0.002277306165351602,0.05,9,,1,5,350,0.8,"{'learning_rate': 0.05, 'max_depth': 9, 'max_features': None, 'min_samples_leaf': 1, 'min_samples_split': 5, 'n_estimators': 350, 'subsample': 0.8}",0.9816630027156343,0.9915369556913675,0.9929428334648147,0.9978828342230808,0.9910064065237243,0.005886758113405345,1097
340,10.110830962657928,0.09789003254074188,0.03549814224243164,0.0029572615234070977,0.05,9,,1,5,350,0.9,"{'learning_rate': 0.05, 'max_depth': 9, 'max_features': None, 'min_samples_leaf': 1, 'min_samples_split': 5, 'n_estimators': 350, 'subsample': 0.9}",0.9830735409682778,0.9908316062395213,0.992237105212699,0.9978828510938604,0.9910062758785897,0.005285854239881029,1105
341,9.529177844524384,0.7375299799212974,0.025999903678894043,0.0030004184885378295,0.05,9,,1,5,350,1.0,"{'learning_rate': 0.05, 'max_depth': 9, 'max_features': None, 'min_samples_leaf': 1, 'min_samples_split': 5, 'n_estimators': 350, 'subsample': 1.0}",0.9823684735375408,0.992242282692651,0.9908256149666836,0.9957656832081598,0.9903005136012588,0.004920150837445947,1186
342,12.054557204246521,0.20157265729942114,0.04286545515060425,0.003577280525609234,0.05,9,,1,5,450,0.8,"{'learning_rate': 0.05, 'max_depth': 9, 'max_features': None, 'min_samples_leaf': 1, 'min_samples_split': 5, 'n_estimators': 450, 'subsample': 0.8}",0.9823680526023909,0.9929475893487711,0.9936485406285719,0.9985885610693866,0.9918881859122802,0.005910777230036084,751
343,12.42821854352951,0.38755971722921884,0.046001136302948,0.0065174224612728595,0.05,9,,1,5,450,0.9,"{'learning_rate': 0.05, 'max_depth': 9, 'max_features': None, 'min_samples_leaf': 1, 'min_samples_split': 5, 'n_estimators': 450, 'subsample': 0.9}",0.9823684735375408,0.9915369556913675,0.990825669796826,0.9992942836979535,0.9910063456809219,0.005992014321115984,1099
344,11.608521282672882,1.3952143931428218,0.032249629497528076,0.006098336634835959,0.05,9,,1,5,450,1.0,"{'learning_rate': 0.05, 'max_depth': 9, 'max_features': None, 'min_samples_leaf': 1, 'min_samples_split': 5, 'n_estimators': 450, 'subsample': 1.0}",0.9823684735375408,0.9894210841225245,0.9901198487546965,0.9957656832081598,0.9894187724057304,0.004756088315409677,1228
345,14.771562278270721,1.0302712146043065,0.04975241422653198,0.001295377512270794,0.05,9,,1,5,650,0.8,"{'learning_rate': 0.05, 'max_depth': 9, 'max_features': None, 'min_samples_leaf': 1, 'min_samples_split': 5, 'n_estimators': 650, 'subsample': 0.8}",0.9823675614859793,0.9929475893487711,0.9929428334648147,0.9985885610693866,0.9917116363422379,0.005866158342800568,874
346,14.815499424934387,0.944125522563299,0.04800105094909668,0.0036753797087594013,0.05,9,,1,5,650,0.9,"{'learning_rate': 0.05, 'max_depth': 9, 'max_features': None, 'min_samples_leaf': 1, 'min_samples_split': 5, 'n_estimators': 650, 'subsample': 0.9}",0.9830735409682778,0.992242282692651,0.9929428053469331,0.9978828468761906,0.9915353689710132,0.005347279987682847,953
347,12.978018045425415,1.1510698601520608,0.036998867988586426,0.005831940046345595,0.05,9,,1,5,650,1.0,"{'learning_rate': 0.05, 'max_depth': 9, 'max_features': None, 'min_samples_leaf': 1, 'min_samples_split': 5, 'n_estimators': 650, 'subsample': 1.0}",0.9837793183573613,0.9908316062395213,0.9915313664163197,0.997177133385926,0.9908298560997821,0.004756315044015043,1129
348,3.5895991921424866,0.16503625466266347,0.01574927568435669,0.0036311925951107616,0.05,9,,1,10,150,0.8,"{'learning_rate': 0.05, 'max_depth': 9, 'max_features': None, 'min_samples_leaf': 1, 'min_samples_split': 10, 'n_estimators': 150, 'subsample': 0.8}",0.9830742144370506,0.9915369556913675,0.990825669796826,0.9943542667718519,0.9899477766742739,0.004182080794653252,1205
349,3.665040373802185,0.11561454109358661,0.01324993371963501,0.001090206571003463,0.05,9,,1,10,150,0.9,"{'learning_rate': 0.05, 'max_depth': 9, 'max_features': None, 'min_samples_leaf': 1, 'min_samples_split': 10, 'n_estimators': 150, 'subsample': 0.9}",0.9809574968105822,0.9901264483065952,0.990825669796826,0.9936485406285719,0.9888895388856439,0.004765604287249772,1263
350,3.505242347717285,0.33103439703114124,0.015499114990234375,0.004716004329536451,0.05,9,,1,10,150,1.0,"{'learning_rate': 0.05, 'max_depth': 9, 'max_features': None, 'min_samples_leaf': 1, 'min_samples_split': 10, 'n_estimators': 150, 'subsample': 1.0}",0.9802528966131908,0.9915369556913675,0.9865907224314906,0.990825669796826,0.9873015611332188,0.004487395461508888,1296
351,9.267671942710876,0.3890756233400152,0.03649872541427612,0.0022907450160036978,0.05,9,,1,10,350,0.8,"{'learning_rate': 0.05, 'max_depth': 9, 'max_features': None, 'min_samples_leaf': 1, 'min_samples_split': 10, 'n_estimators': 350, 'subsample': 0.8}",0.9830735409682778,0.992242282692651,0.9943542667718519,0.9992942822920636,0.9922410931812111,0.00587913671914138,462
352,10.084078311920166,0.44539455271855316,0.039053499698638916,0.005844822427805179,0.05,9,,1,10,350,0.9,"{'learning_rate': 0.05, 'max_depth': 9, 'max_features': None, 'min_samples_leaf': 1, 'min_samples_split': 10, 'n_estimators': 350, 'subsample': 0.9}",0.9823680526023909,0.992242282692651,0.9915314001577777,0.9978828510938604,0.9910061466366701,0.005561242135236589,1115
353,10.049315750598907,0.6862710560632842,0.029498636722564697,0.001803224237987783,0.05,9,,1,10,350,1.0,"{'learning_rate': 0.05, 'max_depth': 9, 'max_features': None, 'min_samples_leaf': 1, 'min_samples_split': 10, 'n_estimators': 350, 'subsample': 1.0}",0.9837793183573613,0.9915369556913675,0.9929428334648147,0.9957657000788889,0.9910062018981081,0.004441646937189962,1112
354,11.854883253574371,0.28197249883489944,0.050749778747558594,0.005585447646429604,0.05,9,,1,10,450,0.8,"{'learning_rate': 0.05, 'max_depth': 9, 'max_features': None, 'min_samples_leaf': 1, 'min_samples_split': 10, 'n_estimators': 450, 'subsample': 0.8}",0.9802513643589452,0.992242282692651,0.9929428334648147,0.9985885610693866,0.9910062603964495,0.006679018240695505,1108
355,12.581457436084747,0.2985896403664745,0.04150038957595825,0.002062084381359316,0.05,9,,1,10,450,0.9,"{'learning_rate': 0.05, 'max_depth': 9, 'max_features': None, 'min_samples_leaf': 1, 'min_samples_split': 10, 'n_estimators': 450, 'subsample': 0.9}",0.9844840792209213,0.9929475893487711,0.9922371206774876,0.9978828468761906,0.9918879090308427,0.004795853593840783,790
356,13.067191362380981,0.70285032557819,0.039501309394836426,0.005590585944684501,0.05,9,,1,10,450,1.0,"{'learning_rate': 0.05, 'max_depth': 9, 'max_features': None, 'min_samples_leaf': 1, 'min_samples_split': 10, 'n_estimators': 450, 'subsample': 1.0}",0.9837789956545375,0.9929475893487711,0.992237105212699,0.9978828510938604,0.991711635327467,0.005069871230095031,875
357,16.11606377363205,0.6308575289881061,0.06925046443939209,0.007494868263177283,0.05,9,,1,10,650,0.8,"{'learning_rate': 0.05, 'max_depth': 9, 'max_features': None, 'min_samples_leaf': 1, 'min_samples_split': 10, 'n_estimators': 650, 'subsample': 0.8}",0.9823675614859793,0.9936528777649296,0.9908256149666836,1.0,0.9917115135543981,0.006335656223341871,894
358,16.233902633190155,0.37117195083926985,0.05375063419342041,0.0014795194594857206,0.05,9,,1,10,650,0.9,"{'learning_rate': 0.05, 'max_depth': 9, 'max_features': None, 'min_samples_leaf': 1, 'min_samples_split': 10, 'n_estimators': 650, 'subsample': 0.9}",0.9830735409682778,0.9908316062395213,0.992237105212699,0.9992942822920636,0.9913591336781404,0.005759052641120046,1011
359,16.25357437133789,1.7980606069826355,0.04975074529647827,0.006178974983104919,0.05,9,,1,10,650,1.0,"{'learning_rate': 0.05, 'max_depth': 9, 'max_features': None, 'min_samples_leaf': 1, 'min_samples_split': 10, 'n_estimators': 650, 'subsample': 1.0}",0.9837789956545375,0.9929475893487711,0.992237105212699,0.998588566692963,0.9918880642272426,0.005289096083042857,763
360,3.540554404258728,0.07555203067994701,0.013249337673187256,0.0008290783242734947,0.05,9,,2,2,150,0.8,"{'learning_rate': 0.05, 'max_depth': 9, 'max_features': None, 'min_samples_leaf': 2, 'min_samples_split': 2, 'n_estimators': 150, 'subsample': 0.8}",0.9837795765103758,0.9915371072185253,0.9915313664163197,0.9957656832081598,0.9906534333383452,0.004328297946039383,1150
361,3.7177173495292664,0.2621173235847903,0.014749765396118164,0.002046000660179436,0.05,9,,2,2,150,0.9,"{'learning_rate': 0.05, 'max_depth': 9, 'max_features': None, 'min_samples_leaf': 2, 'min_samples_split': 2, 'n_estimators': 150, 'subsample': 0.9}",0.9816634039979629,0.992242282692651,0.988708398576796,0.995059946520522,0.9894185079469829,0.005011123266569587,1235
362,3.654792904853821,0.3775144459062035,0.015001893043518066,0.0035342493636368313,0.05,9,,2,2,150,1.0,"{'learning_rate': 0.05, 'max_depth': 9, 'max_features': None, 'min_samples_leaf': 2, 'min_samples_split': 2, 'n_estimators': 150, 'subsample': 1.0}",0.9802524644629909,0.9908317886367694,0.9872967965574946,0.9943542442775466,0.9881838234837003,0.005214860614345357,1288
363,10.034559726715088,0.6494233775336423,0.03749978542327881,0.004272878407394342,0.05,9,,2,2,350,0.8,"{'learning_rate': 0.05, 'max_depth': 9, 'max_features': None, 'min_samples_leaf': 2, 'min_samples_split': 2, 'n_estimators': 350, 'subsample': 0.8}",0.9816630027156343,0.992242282692651,0.9915312989325971,0.9971771221387733,0.9906534266199138,0.0056276426818579394,1151
364,10.541070938110352,0.7156814928683296,0.031249582767486572,0.002278104359708459,0.05,9,,2,2,350,0.9,"{'learning_rate': 0.05, 'max_depth': 9, 'max_features': None, 'min_samples_leaf': 2, 'min_samples_split': 2, 'n_estimators': 350, 'subsample': 0.9}",0.9823684735375408,0.9915371072185253,0.990825669796826,0.9978828468761906,0.9906535243572707,0.005516237936608883,1148
365,10.492385387420654,0.5182032918822511,0.028750300407409668,0.001299495128795254,0.05,9,,2,2,350,1.0,"{'learning_rate': 0.05, 'max_depth': 9, 'max_features': None, 'min_samples_leaf': 2, 'min_samples_split': 2, 'n_estimators': 350, 'subsample': 1.0}",0.9816634039979629,0.992242282692651,0.9901199274857064,0.9978828510938604,0.9904771163175452,0.005826015547157333,1160
366,12.518893778324127,0.6549701693524672,0.0482487678527832,0.0038990573330213757,0.05,9,,2,2,450,0.8,"{'learning_rate': 0.05, 'max_depth': 9, 'max_features': None, 'min_samples_leaf': 2, 'min_samples_split': 2, 'n_estimators': 450, 'subsample': 0.8}",0.9823680526023909,0.9915371072185253,0.9929428334648147,0.9985885610693866,0.9913591385887794,0.005823313895697516,1005
367,12.988734006881714,0.5661138000755724,0.043998897075653076,0.006040532635533297,0.05,9,,2,2,450,0.9,"{'learning_rate': 0.05, 'max_depth': 9, 'max_features': None, 'min_samples_leaf': 2, 'min_samples_split': 2, 'n_estimators': 450, 'subsample': 0.9}",0.9823680526023909,0.9915369556913675,0.9908256149666836,0.997177133385926,0.990476939161592,0.00528894728973176,1168
368,13.660576283931732,0.8455763124263791,0.03975194692611694,0.00605587582256651,0.05,9,,2,2,450,1.0,"{'learning_rate': 0.05, 'max_depth': 9, 'max_features': None, 'min_samples_leaf': 2, 'min_samples_split': 2, 'n_estimators': 450, 'subsample': 1.0}",0.9837793183573613,0.9922424061571363,0.9915313664163197,0.9978828510938604,0.9913589855061694,0.005020515997328331,1023
369,15.623368740081787,0.8224047081892653,0.05525040626525879,0.004764840597887518,0.05,9,,2,2,650,0.8,"{'learning_rate': 0.05, 'max_depth': 9, 'max_features': None, 'min_samples_leaf': 2, 'min_samples_split': 2, 'n_estimators': 650, 'subsample': 0.8}",0.983073103184835,0.9922424061571363,0.9915312989325971,0.9992942822920636,0.991535272641658,0.0057513171593590725,962
370,15.719487845897675,0.25008367728187064,0.047750890254974365,0.0037012029087826834,0.05,9,,2,2,650,0.9,"{'learning_rate': 0.05, 'max_depth': 9, 'max_features': None, 'min_samples_leaf': 2, 'min_samples_split': 2, 'n_estimators': 650, 'subsample': 0.9}",0.9823680526023909,0.9915369556913675,0.990825669796826,0.998588566692963,0.9908298111958869,0.005751080677722384,1135
371,14.76770931482315,1.394517413530605,0.04425114393234253,0.0054933509431008675,0.05,9,,2,2,650,1.0,"{'learning_rate': 0.05, 'max_depth': 9, 'max_features': None, 'min_samples_leaf': 2, 'min_samples_split': 2, 'n_estimators': 650, 'subsample': 1.0}",0.9830739113827349,0.9929475893487711,0.990825669796826,0.9978828510938604,0.9911825054055481,0.00533588751633604,1082
372,3.5788381099700928,0.10194122904715068,0.01500093936920166,0.0012258249742029053,0.05,9,,2,5,150,0.8,"{'learning_rate': 0.05, 'max_depth': 9, 'max_features': None, 'min_samples_leaf': 2, 'min_samples_split': 5, 'n_estimators': 150, 'subsample': 0.8}",0.9844849126269217,0.9915369556913675,0.9894141711154042,0.9957656494662985,0.9903004222249979,0.0040621212662560495,1188
373,3.83590030670166,0.2020420355218207,0.013249456882476807,0.001089222178769224,0.05,9,,2,5,150,0.9,"{'learning_rate': 0.05, 'max_depth': 9, 'max_features': None, 'min_samples_leaf': 2, 'min_samples_split': 5, 'n_estimators': 150, 'subsample': 0.9}",0.980957951420544,0.992242282692651,0.988708398576796,0.9957656832081598,0.9894185789745377,0.005485107329052123,1233
374,3.5346201062202454,0.3405798858518595,0.011749207973480225,0.0010927230215251255,0.05,9,,2,5,150,1.0,"{'learning_rate': 0.05, 'max_depth': 9, 'max_features': None, 'min_samples_leaf': 2, 'min_samples_split': 5, 'n_estimators': 150, 'subsample': 1.0}",0.9809583302455981,0.9908317886367694,0.9865909628578188,0.9957656832081598,0.9885366912370865,0.005448467932251111,1277
375,9.344591796398163,0.312285560460809,0.03425192832946777,0.0024870872947810327,0.05,9,,2,5,350,0.8,"{'learning_rate': 0.05, 'max_depth': 9, 'max_features': None, 'min_samples_leaf': 2, 'min_samples_split': 5, 'n_estimators': 350, 'subsample': 0.8}",0.9830735409682778,0.9922424061571363,0.992237105212699,0.9992942822920636,0.9917118336575441,0.005759145884255253,854
376,10.080137252807617,0.6115647160830293,0.03574943542480469,0.001295572010336994,0.05,9,,2,5,350,0.9,"{'learning_rate': 0.05, 'max_depth': 9, 'max_features': None, 'min_samples_leaf': 2, 'min_samples_split': 5, 'n_estimators': 350, 'subsample': 0.9}",0.9823684735375408,0.9915369556913675,0.990825669796826,0.9957656832081598,0.9901241955584735,0.004859669851638877,1195
377,9.832053005695343,0.6508439890629255,0.03108137845993042,0.008088167597814604,0.05,9,,2,5,350,1.0,"{'learning_rate': 0.05, 'max_depth': 9, 'max_features': None, 'min_samples_leaf': 2, 'min_samples_split': 5, 'n_estimators': 350, 'subsample': 1.0}",0.9830739113827349,0.9915369556913675,0.9915313664163197,0.9978828510938604,0.9910062711460706,0.005262295941953165,1106
378,12.778078496456146,0.44570880450620304,0.05024874210357666,0.005067951772375654,0.05,9,,2,5,450,0.8,"{'learning_rate': 0.05, 'max_depth': 9, 'max_features': None, 'min_samples_leaf': 2, 'min_samples_split': 5, 'n_estimators': 450, 'subsample': 0.8}",0.9837789956545375,0.992242282692651,0.9929428334648147,0.9992942822920636,0.9920645985260168,0.005516393989095244,619
379,13.56349116563797,0.2827352517049926,0.0462496280670166,0.0053126954873802795,0.05,9,,2,5,450,0.9,"{'learning_rate': 0.05, 'max_depth': 9, 'max_features': None, 'min_samples_leaf': 2, 'min_samples_split': 5, 'n_estimators': 450, 'subsample': 0.9}",0.9809574968105822,0.9908316062395213,0.992237105212699,0.9964713903718013,0.9901243996586508,0.005685069587192403,1193
380,13.090350210666656,0.8433133595678352,0.041250407695770264,0.004436748344401582,0.05,9,,2,5,450,1.0,"{'learning_rate': 0.05, 'max_depth': 9, 'max_features': None, 'min_samples_leaf': 2, 'min_samples_split': 5, 'n_estimators': 450, 'subsample': 1.0}",0.9844846965672964,0.9922424061571363,0.990825669796826,0.9978828510938604,0.9913589059037798,0.004766590193429989,1032
381,14.57887864112854,0.5286930801083969,0.05375093221664429,0.0028616163630543943,0.05,9,,2,5,650,0.8,"{'learning_rate': 0.05, 'max_depth': 9, 'max_features': None, 'min_samples_leaf': 2, 'min_samples_split': 5, 'n_estimators': 650, 'subsample': 0.8}",0.983073103184835,0.9936528777649296,0.9915312989325971,0.9992942822920636,0.9918878905436064,0.005826608198181172,795
382,15.716619789600372,1.0348847199493731,0.05442392826080322,0.004266587820661827,0.05,9,,2,5,650,0.9,"{'learning_rate': 0.05, 'max_depth': 9, 'max_features': None, 'min_samples_leaf': 2, 'min_samples_split': 5, 'n_estimators': 650, 'subsample': 0.9}",0.9809569664048577,0.9908316062395213,0.9943542667718518,0.9978828468761906,0.9910064215731054,0.00631497034836971,1096
383,15.705175042152405,1.0268776036722085,0.044499337673187256,0.0043890597559115285,0.05,9,,2,5,650,1.0,"{'learning_rate': 0.05, 'max_depth': 9, 'max_features': None, 'min_samples_leaf': 2, 'min_samples_split': 5, 'n_estimators': 650, 'subsample': 1.0}",0.9837793183573613,0.992242282692651,0.9915313664163197,0.9978828510938604,0.9913589546400481,0.005020510566341819,1026
384,3.8177417516708374,0.08668186726821797,0.016000449657440186,0.0015799312907543214,0.05,9,,2,10,150,0.8,"{'learning_rate': 0.05, 'max_depth': 9, 'max_features': None, 'min_samples_leaf': 2, 'min_samples_split': 10, 'n_estimators': 150, 'subsample': 0.8}",0.9830742144370506,0.9915369556913675,0.992237105212699,0.995059946520522,0.9904770554654097,0.00447286567303625,1165
385,3.7933302521705627,0.19792404336256395,0.014251351356506348,0.0008270145729855277,0.05,9,,2,10,150,0.9,"{'learning_rate': 0.05, 'max_depth': 9, 'max_features': None, 'min_samples_leaf': 2, 'min_samples_split': 10, 'n_estimators': 150, 'subsample': 0.9}",0.9823688243014796,0.9915369556913675,0.9901199274857064,0.995059946520522,0.9897714134997688,0.004636957773662954,1218
386,3.718584895133972,0.1292529330160264,0.013499200344085693,0.002062345490658163,0.05,9,,2,10,150,1.0,"{'learning_rate': 0.05, 'max_depth': 9, 'max_features': None, 'min_samples_leaf': 2, 'min_samples_split': 10, 'n_estimators': 150, 'subsample': 1.0}",0.9844846965672964,0.9901262322314954,0.988708398576796,0.990825669796826,0.9885362492931035,0.0024603966577115585,1278
387,9.289448082447052,0.3519414136282541,0.0364992618560791,0.002873546573727758,0.05,9,,2,10,350,0.8,"{'learning_rate': 0.05, 'max_depth': 9, 'max_features': None, 'min_samples_leaf': 2, 'min_samples_split': 10, 'n_estimators': 350, 'subsample': 0.8}",0.9823680526023909,0.9929475893487711,0.9929428334648147,0.9978828342230808,0.9915353274097645,0.005663597072938118,956
388,9.94618409872055,0.46880260486443315,0.04124957323074341,0.0072593315345944025,0.05,9,,2,10,350,0.9,"{'learning_rate': 0.05, 'max_depth': 9, 'max_features': None, 'min_samples_leaf': 2, 'min_samples_split': 10, 'n_estimators': 350, 'subsample': 0.9}",0.9816625284502379,0.9915369556913675,0.9915314001577777,0.9985885610693866,0.9908298613421925,0.006025561238114722,1127
389,10.380249679088593,0.729722991233682,0.03550070524215698,0.006838998334762625,0.05,9,,2,10,350,1.0,"{'learning_rate': 0.05, 'max_depth': 9, 'max_features': None, 'min_samples_leaf': 2, 'min_samples_split': 10, 'n_estimators': 350, 'subsample': 1.0}",0.9830739113827349,0.9915371072185253,0.9901199274857064,0.9957656832081598,0.9901241573237816,0.004569716277569679,1197
390,12.078352272510529,0.4158258370365346,0.04649895429611206,0.00895915412887111,0.05,9,,2,10,450,0.8,"{'learning_rate': 0.05, 'max_depth': 9, 'max_features': None, 'min_samples_leaf': 2, 'min_samples_split': 10, 'n_estimators': 450, 'subsample': 0.8}",0.9837786083941996,0.9929475893487711,0.9943542667718518,0.9992942822920636,0.9925936867017215,0.005608664638307054,185
391,13.737006723880768,0.2068468355350493,0.04474908113479614,0.003830824169249603,0.05,9,,2,10,450,0.9,"{'learning_rate': 0.05, 'max_depth': 9, 'max_features': None, 'min_samples_leaf': 2, 'min_samples_split': 10, 'n_estimators': 450, 'subsample': 0.9}",0.9823675614859793,0.9929475893487711,0.9922371206774876,0.9992942822920636,0.9917116384510754,0.006054171457365308,873
392,13.611858248710632,0.44117460430678473,0.04324883222579956,0.004816510568403638,0.05,9,,2,10,450,1.0,"{'learning_rate': 0.05, 'max_depth': 9, 'max_features': None, 'min_samples_leaf': 2, 'min_samples_split': 10, 'n_estimators': 450, 'subsample': 1.0}",0.9816625284502379,0.992242282692651,0.990825669796826,0.998588566692963,0.9908297619081695,0.006046330553995589,1137
393,16.12152886390686,0.8864444296380584,0.05909895896911621,0.004015729307895431,0.05,9,,2,10,650,0.8,"{'learning_rate': 0.05, 'max_depth': 9, 'max_features': None, 'min_samples_leaf': 2, 'min_samples_split': 10, 'n_estimators': 650, 'subsample': 0.8}",0.9823675614859793,0.9936528777649296,0.9922370588179632,0.9992942822920636,0.9918879450902338,0.006097712736355847,780
394,17.250157833099365,0.9857218160578005,0.062000155448913574,0.011811634434333137,0.05,9,,2,10,650,0.9,"{'learning_rate': 0.05, 'max_depth': 9, 'max_features': None, 'min_samples_leaf': 2, 'min_samples_split': 10, 'n_estimators': 650, 'subsample': 0.9}",0.9816625284502379,0.9929475893487711,0.9915314001577777,1.0,0.9915353794891967,0.006540591344670963,951
395,16.890734910964966,1.6073288590532473,0.050997376441955566,0.006162961921142602,0.05,9,,2,10,650,1.0,"{'learning_rate': 0.05, 'max_depth': 9, 'max_features': None, 'min_samples_leaf': 2, 'min_samples_split': 10, 'n_estimators': 650, 'subsample': 1.0}",0.9830739113827349,0.992242282692651,0.9901199274857064,0.998588566692963,0.9910061720635138,0.005539107932774241,1114
396,3.8430249094963074,0.13444865363765135,0.01879572868347168,0.0027503463565493377,0.05,9,,4,2,150,0.8,"{'learning_rate': 0.05, 'max_depth': 9, 'max_features': None, 'min_samples_leaf': 4, 'min_samples_split': 2, 'n_estimators': 150, 'subsample': 0.8}",0.9844846965672964,0.9894210841225245,0.9901199274857064,0.9971770996441991,0.9903007019549317,0.00452540525228893,1181
397,4.107739746570587,0.35554886910286276,0.0182533860206604,0.003960463297098645,0.05,9,,4,2,150,0.9,"{'learning_rate': 0.05, 'max_depth': 9, 'max_features': None, 'min_samples_leaf': 4, 'min_samples_split': 2, 'n_estimators': 150, 'subsample': 0.9}",0.9816630027156343,0.9908317886367694,0.988708398576796,0.9978828342230808,0.9897715060380701,0.0057835081853106545,1216
398,4.421727001667023,0.18214158174556902,0.013251423835754395,0.0004328448921294699,0.05,9,,4,2,150,1.0,"{'learning_rate': 0.05, 'max_depth': 9, 'max_features': None, 'min_samples_leaf': 4, 'min_samples_split': 2, 'n_estimators': 150, 'subsample': 1.0}",0.9816637323068047,0.9901264483065952,0.9865911498501135,0.9950598973131997,0.9883603069441783,0.004898412883835915,1281
399,9.873071789741516,0.6089572765400209,0.039792537689208984,0.006221053720739981,0.05,9,,4,2,350,0.8,"{'learning_rate': 0.05, 'max_depth': 9, 'max_features': None, 'min_samples_leaf': 4, 'min_samples_split': 2, 'n_estimators': 350, 'subsample': 0.8}",0.9816625284502379,0.9915371072185253,0.9936485406285719,0.9985885610693866,0.9913591843416805,0.006155522563247187,1002
400,10.116613328456879,0.5002861663716998,0.03574800491333008,0.002487540659235132,0.05,9,,4,2,350,0.9,"{'learning_rate': 0.05, 'max_depth': 9, 'max_features': None, 'min_samples_leaf': 4, 'min_samples_split': 2, 'n_estimators': 350, 'subsample': 0.9}",0.9830735409682778,0.9915369556913675,0.992237105212699,0.9985885610693866,0.9913590407354328,0.005516296801486472,1016
401,10.90255856513977,0.4106507170501997,0.038499534130096436,0.006798712997513989,0.05,9,,4,2,350,1.0,"{'learning_rate': 0.05, 'max_depth': 9, 'max_features': None, 'min_samples_leaf': 4, 'min_samples_split': 2, 'n_estimators': 350, 'subsample': 1.0}",0.9823684735375408,0.992242282692651,0.9901199274857064,1.0,0.9911826709289746,0.0062786855375516265,1070
402,13.077573895454407,0.5859041966644893,0.060748517513275146,0.008258671942621835,0.05,9,,4,2,450,0.8,"{'learning_rate': 0.05, 'max_depth': 9, 'max_features': None, 'min_samples_leaf': 4, 'min_samples_split': 2, 'n_estimators': 450, 'subsample': 0.8}",0.9823680526023909,0.9915371072185253,0.9936485532815809,0.9992942822920636,0.9917119988486403,0.006094694082216836,849
403,14.153153002262115,0.5331681182267833,0.051750779151916504,0.006417265551889041,0.05,9,,4,2,450,0.9,"{'learning_rate': 0.05, 'max_depth': 9, 'max_features': None, 'min_samples_leaf': 4, 'min_samples_split': 2, 'n_estimators': 450, 'subsample': 0.9}",0.9830735409682778,0.9915371072185253,0.9929428334648147,0.9985885610693866,0.9915355106802511,0.005552724807851653,944
404,14.781051218509674,0.8780692166554868,0.052000582218170166,0.009028137179195511,0.05,9,,4,2,450,1.0,"{'learning_rate': 0.05, 'max_depth': 9, 'max_features': None, 'min_samples_leaf': 4, 'min_samples_split': 2, 'n_estimators': 450, 'subsample': 1.0}",0.9823680526023909,0.9929475893487711,0.9929428334648147,1.0,0.9920646188539942,0.006295724120413424,618
405,17.343253791332245,1.7352164822747544,0.07449859380722046,0.01064292793067232,0.05,9,,4,2,650,0.8,"{'learning_rate': 0.05, 'max_depth': 9, 'max_features': None, 'min_samples_leaf': 4, 'min_samples_split': 2, 'n_estimators': 650, 'subsample': 0.8}",0.9837786083941996,0.9922424061571363,0.9915313664163197,0.9992942822920636,0.9917116658149299,0.005494171135482776,870
406,18.850854575634003,1.4166000144723494,0.07075101137161255,0.010032779591417722,0.05,9,,4,2,650,0.9,"{'learning_rate': 0.05, 'max_depth': 9, 'max_features': None, 'min_samples_leaf': 4, 'min_samples_split': 2, 'n_estimators': 650, 'subsample': 0.9}",0.9823680526023909,0.9929475893487711,0.9943542667718518,0.9992942822920636,0.9922410477537693,0.006168246232827905,463
407,18.649388253688812,1.3763552298107324,0.05849975347518921,0.007761866594100531,0.05,9,,4,2,650,1.0,"{'learning_rate': 0.05, 'max_depth': 9, 'max_features': None, 'min_samples_leaf': 4, 'min_samples_split': 2, 'n_estimators': 650, 'subsample': 1.0}",0.9837789956545375,0.9936528777649296,0.9929428334648147,1.0,0.9925936767210705,0.00578351199747442,186
408,4.06272953748703,0.19313226458683652,0.01799851655960083,0.001581137438359261,0.05,9,,4,5,150,0.8,"{'learning_rate': 0.05, 'max_depth': 9, 'max_features': None, 'min_samples_leaf': 4, 'min_samples_split': 5, 'n_estimators': 150, 'subsample': 0.8}",0.9830739113827349,0.9915371072185253,0.988708398576796,0.9978828468761906,0.9903005660135618,0.005333374905519665,1184
409,4.3869980573654175,0.4180404683487629,0.01649761199951172,0.0020624159159762143,0.05,9,,4,5,150,0.9,"{'learning_rate': 0.05, 'max_depth': 9, 'max_features': None, 'min_samples_leaf': 4, 'min_samples_split': 5, 'n_estimators': 150, 'subsample': 0.9}",0.9830739113827349,0.9915371072185253,0.988708488555093,0.9957656494662985,0.9897712891556629,0.004610718032875581,1220
410,4.3297006487846375,0.3078415331601021,0.0167502760887146,0.004762347216693662,0.05,9,,4,5,150,1.0,"{'learning_rate': 0.05, 'max_depth': 9, 'max_features': None, 'min_samples_leaf': 4, 'min_samples_split': 5, 'n_estimators': 150, 'subsample': 1.0}",0.9823691049025824,0.9908317886367694,0.9872969483988956,0.995059946520522,0.9888894471146923,0.004660972758678303,1264
411,10.322940826416016,0.7324861583617911,0.0402522087097168,0.0047095450319769305,0.05,9,,4,5,350,0.8,"{'learning_rate': 0.05, 'max_depth': 9, 'max_features': None, 'min_samples_leaf': 4, 'min_samples_split': 5, 'n_estimators': 350, 'subsample': 0.8}",0.9830735409682778,0.9929476875576917,0.9936485532815809,0.9985885610693866,0.9920645857192343,0.00562783178006305,625
412,10.760022282600403,0.6349877315273703,0.03800851106643677,0.005870164254719086,0.05,9,,4,5,350,0.9,"{'learning_rate': 0.05, 'max_depth': 9, 'max_features': None, 'min_samples_leaf': 4, 'min_samples_split': 5, 'n_estimators': 350, 'subsample': 0.9}",0.9823680526023909,0.9915371072185253,0.9929428334648147,0.9985885610693866,0.9913591385887794,0.005823313895697516,1005
413,11.605789542198181,0.5706401352825236,0.0360032320022583,0.002234734202633126,0.05,9,,4,5,350,1.0,"{'learning_rate': 0.05, 'max_depth': 9, 'max_features': None, 'min_samples_leaf': 4, 'min_samples_split': 5, 'n_estimators': 350, 'subsample': 1.0}",0.9809574968105822,0.992242282692651,0.9929428053469331,0.9992942822920636,0.9913592167855574,0.006603949597747061,998
414,13.298353374004364,0.44610007731004453,0.046249568462371826,0.0010884288667425478,0.05,9,,4,5,450,0.8,"{'learning_rate': 0.05, 'max_depth': 9, 'max_features': None, 'min_samples_leaf': 4, 'min_samples_split': 5, 'n_estimators': 450, 'subsample': 0.8}",0.9837786083941996,0.9922424061571363,0.9929428334648147,0.9985885610693866,0.9918881022713844,0.005289093215799782,756
415,13.137778222560883,0.6107747984690837,0.0447501540184021,0.0014790046726507213,0.05,9,,4,5,450,0.9,"{'learning_rate': 0.05, 'max_depth': 9, 'max_features': None, 'min_samples_leaf': 4, 'min_samples_split': 5, 'n_estimators': 450, 'subsample': 0.9}",0.9830735409682778,0.9929475893487711,0.9943542667718518,0.9985885610693866,0.9922409895395718,0.0056854859419461605,464
416,14.00605684518814,0.6320285208199666,0.047601938247680664,0.004145101585050031,0.05,9,,4,5,450,1.0,"{'learning_rate': 0.05, 'max_depth': 9, 'max_features': None, 'min_samples_leaf': 4, 'min_samples_split': 5, 'n_estimators': 450, 'subsample': 1.0}",0.9823680526023909,0.9929476875576917,0.992237105212699,0.9992942822920636,0.9917117819162113,0.006053986636098213,858
417,16.811262488365173,0.8612890476575006,0.06325173377990723,0.005214911971496101,0.05,9,,4,5,650,0.8,"{'learning_rate': 0.05, 'max_depth': 9, 'max_features': None, 'min_samples_leaf': 4, 'min_samples_split': 5, 'n_estimators': 650, 'subsample': 0.8}",0.9837786083941996,0.9929476875576917,0.9929428334648147,0.9992942822920636,0.9922408529271924,0.005530660905612176,478
418,18.408324241638184,0.8867819835154791,0.06949883699417114,0.005895148102743402,0.05,9,,4,5,650,0.9,"{'learning_rate': 0.05, 'max_depth': 9, 'max_features': None, 'min_samples_leaf': 4, 'min_samples_split': 5, 'n_estimators': 650, 'subsample': 0.9}",0.9823675614859793,0.9929475893487711,0.9950599858856739,1.0,0.992593784180106,0.0064349629429904485,182
419,18.08028668165207,1.1122611319140294,0.06399887800216675,0.011359612409914097,0.05,9,,4,5,650,1.0,"{'learning_rate': 0.05, 'max_depth': 9, 'max_features': None, 'min_samples_leaf': 4, 'min_samples_split': 5, 'n_estimators': 650, 'subsample': 1.0}",0.9830735409682778,0.9936528777649296,0.9929428334648147,1.0,0.9924173130495055,0.0060540484381948366,326
420,3.658271551132202,0.13351558432525895,0.01652580499649048,0.003767085310001227,0.05,9,,4,10,150,0.8,"{'learning_rate': 0.05, 'max_depth': 9, 'max_features': None, 'min_samples_leaf': 4, 'min_samples_split': 10, 'n_estimators': 150, 'subsample': 0.8}",0.9844846965672964,0.9915371072185253,0.9901199274857064,0.995059946520522,0.9903004194480125,0.003809124064973081,1189
421,4.239838004112244,0.29505728501432166,0.01649916172027588,0.0021794829542109715,0.05,9,,4,10,150,0.9,"{'learning_rate': 0.05, 'max_depth': 9, 'max_features': None, 'min_samples_leaf': 4, 'min_samples_split': 10, 'n_estimators': 150, 'subsample': 0.9}",0.9844846965672964,0.9908317886367694,0.9894140656711422,0.9978828342230808,0.9906533462745721,0.004792843448814297,1154
422,3.782736122608185,0.10702950215230338,0.013748884201049805,0.0010895639722820912,0.05,9,,4,10,150,1.0,"{'learning_rate': 0.05, 'max_depth': 9, 'max_features': None, 'min_samples_leaf': 4, 'min_samples_split': 10, 'n_estimators': 150, 'subsample': 1.0}",0.9837793183573613,0.9908317886367694,0.9880024404517327,0.9950598973131997,0.9894183611897658,0.004111822667079548,1236
423,9.345942735671997,0.48092259060094966,0.033999860286712646,0.0012240726257208298,0.05,9,,4,10,350,0.8,"{'learning_rate': 0.05, 'max_depth': 9, 'max_features': None, 'min_samples_leaf': 4, 'min_samples_split': 10, 'n_estimators': 350, 'subsample': 0.8}",0.9823680526023909,0.9915371072185253,0.992237105212699,0.9992942822920636,0.9913591368314196,0.0060126664432737535,1008
424,9.870611429214478,0.18776610000329935,0.037499189376831055,0.004030319418942445,0.05,9,,4,10,350,0.9,"{'learning_rate': 0.05, 'max_depth': 9, 'max_features': None, 'min_samples_leaf': 4, 'min_samples_split': 10, 'n_estimators': 350, 'subsample': 0.9}",0.9837789956545375,0.9915371072185253,0.9943542667718519,0.9985885610693866,0.9920647326785753,0.0054021784933171975,614
425,10.862081289291382,0.5340377301212864,0.03524947166442871,0.0038319399443841056,0.05,9,,4,10,350,1.0,"{'learning_rate': 0.05, 'max_depth': 9, 'max_features': None, 'min_samples_leaf': 4, 'min_samples_split': 10, 'n_estimators': 350, 'subsample': 1.0}",0.9837789956545375,0.9922424061571363,0.9915314001577777,1.0,0.9918882004923629,0.005740497854838674,750
426,12.245608806610107,0.363655326931929,0.04575204849243164,0.0022770120806563762,0.05,9,,4,10,450,0.8,"{'learning_rate': 0.05, 'max_depth': 9, 'max_features': None, 'min_samples_leaf': 4, 'min_samples_split': 10, 'n_estimators': 450, 'subsample': 0.8}",0.9816619811904492,0.9922424061571363,0.992237105212699,0.9992942822920636,0.991358943713087,0.0062958786924043175,1028
427,13.220828890800476,0.6931525150808557,0.04649996757507324,0.007824886478997668,0.05,9,,4,10,450,0.9,"{'learning_rate': 0.05, 'max_depth': 9, 'max_features': None, 'min_samples_leaf': 4, 'min_samples_split': 10, 'n_estimators': 450, 'subsample': 0.9}",0.9823675614859793,0.992242282692651,0.9943542667718519,0.9992942822920636,0.9920645983106364,0.006155790100628006,621
428,13.957494497299194,0.4773028410544349,0.04300057888031006,0.0014145329742724744,0.05,9,,4,10,450,1.0,"{'learning_rate': 0.05, 'max_depth': 9, 'max_features': None, 'min_samples_leaf': 4, 'min_samples_split': 10, 'n_estimators': 450, 'subsample': 1.0}",0.9830735409682778,0.992242282692651,0.9936485532815809,1.0,0.9922410942356275,0.006046188757154641,461
429,16.84863370656967,0.3155284187756962,0.06950134038925171,0.004330893910033979,0.05,9,,4,10,650,0.8,"{'learning_rate': 0.05, 'max_depth': 9, 'max_features': None, 'min_samples_leaf': 4, 'min_samples_split': 10, 'n_estimators': 650, 'subsample': 0.8}",0.9837786083941996,0.9922424061571363,0.992237105212699,0.9992942822920636,0.9918881005140245,0.0054968792905451935,757
430,17.573323249816895,0.981456717780365,0.058750033378601074,0.0052617138181434734,0.05,9,,4,10,650,0.9,"{'learning_rate': 0.05, 'max_depth': 9, 'max_features': None, 'min_samples_leaf': 4, 'min_samples_split': 10, 'n_estimators': 650, 'subsample': 0.9}",0.9816625284502379,0.9936528777649296,0.9950599858856739,1.0,0.9925938480252103,0.006736991440180797,181
431,17.668742537498474,1.618985564007376,0.0652509331703186,0.010987042319324984,0.05,9,,4,10,650,1.0,"{'learning_rate': 0.05, 'max_depth': 9, 'max_features': None, 'min_samples_leaf': 4, 'min_samples_split': 10, 'n_estimators': 650, 'subsample': 1.0}",0.984484418767507,0.9950634082973135,0.9936485532815809,1.0,0.9932990950866003,0.00560882267959026,3
432,3.4721400141716003,0.5044307799821741,0.027999043464660645,0.0030007363525991026,0.05,9,sqrt,1,2,150,0.8,"{'learning_rate': 0.05, 'max_depth': 9, 'max_features': 'sqrt', 'min_samples_leaf': 1, 'min_samples_split': 2, 'n_estimators': 150, 'subsample': 0.8}",0.9837797701197444,0.9943581500461534,0.9922368732334741,0.997177133385926,0.9918879816963244,0.004998541726028517,774
433,3.733645975589752,0.3653665091784012,0.02775019407272339,0.0033439818145129564,0.05,9,sqrt,1,2,150,0.9,"{'learning_rate': 0.05, 'max_depth': 9, 'max_features': 'sqrt', 'min_samples_leaf': 1, 'min_samples_split': 2, 'n_estimators': 150, 'subsample': 0.9}",0.9816637323068047,0.9936528777649296,0.9908253956395603,0.997177133385926,0.9908297847743052,0.005750548354996945,1136
434,3.7726622819900513,0.3526194603876127,0.02725011110305786,0.002384082382910044,0.05,9,sqrt,1,2,150,1.0,"{'learning_rate': 0.05, 'max_depth': 9, 'max_features': 'sqrt', 'min_samples_leaf': 1, 'min_samples_split': 2, 'n_estimators': 150, 'subsample': 1.0}",0.9844849126269217,0.9950634082973135,0.9915311977049964,0.997177133385926,0.9920641630037894,0.004818376976334941,699
435,8.87276691198349,0.6148947915702004,0.06675136089324951,0.007978671495284704,0.05,9,sqrt,1,2,350,0.8,"{'learning_rate': 0.05, 'max_depth': 9, 'max_features': 'sqrt', 'min_samples_leaf': 1, 'min_samples_split': 2, 'n_estimators': 350, 'subsample': 0.8}",0.9844846965672964,0.9943581500461534,0.9922368732334741,0.9964714114603177,0.9918877828268104,0.004528794429153897,820
436,9.245511710643768,0.531592059543671,0.0727505087852478,0.011279554266459439,0.05,9,sqrt,1,2,350,0.9,"{'learning_rate': 0.05, 'max_depth': 9, 'max_features': 'sqrt', 'min_samples_leaf': 1, 'min_samples_split': 2, 'n_estimators': 350, 'subsample': 0.9}",0.9858953751153834,0.9943581500461534,0.9922368732334741,0.997177133385926,0.9924168829452342,0.004153040154102488,432
437,8.5377636551857,0.7794251373127105,0.06200098991394043,0.010369734216775622,0.05,9,sqrt,1,2,350,1.0,"{'learning_rate': 0.05, 'max_depth': 9, 'max_features': 'sqrt', 'min_samples_leaf': 1, 'min_samples_split': 2, 'n_estimators': 350, 'subsample': 1.0}",0.9844846965672964,0.9936528777649296,0.992236981492171,0.9964714114603177,0.9917114918211787,0.004442086316966098,898
438,10.849277257919312,0.8229384363909223,0.07400089502334595,0.006479406629331816,0.05,9,sqrt,1,2,450,0.8,"{'learning_rate': 0.05, 'max_depth': 9, 'max_features': 'sqrt', 'min_samples_leaf': 1, 'min_samples_split': 2, 'n_estimators': 450, 'subsample': 0.8}",0.9858951786975421,0.9943581500461534,0.9922368732334741,0.997177133385926,0.992416833840774,0.004153117262860083,443
439,10.774611353874207,0.9574841701430671,0.08075296878814697,0.011433939012051515,0.05,9,sqrt,1,2,450,0.9,"{'learning_rate': 0.05, 'max_depth': 9, 'max_features': 'sqrt', 'min_samples_leaf': 1, 'min_samples_split': 2, 'n_estimators': 450, 'subsample': 0.9}",0.9837793183573613,0.9943581500461534,0.9929426647541637,0.9964714114603177,0.9918878861544991,0.004846966513670704,798
440,11.185628056526184,1.266235654810051,0.07174968719482422,0.003343719172342741,0.05,9,sqrt,1,2,450,1.0,"{'learning_rate': 0.05, 'max_depth': 9, 'max_features': 'sqrt', 'min_samples_leaf': 1, 'min_samples_split': 2, 'n_estimators': 450, 'subsample': 1.0}",0.9858951786975421,0.9943581500461534,0.9901195731862806,0.997177133385926,0.9918875088289756,0.004275447719780565,848
441,13.810215830802917,1.0591290008528038,0.0975465178489685,0.003935175103692462,0.05,9,sqrt,1,2,650,0.8,"{'learning_rate': 0.05, 'max_depth': 9, 'max_features': 'sqrt', 'min_samples_leaf': 1, 'min_samples_split': 2, 'n_estimators': 650, 'subsample': 0.8}",0.9866003064691244,0.9943581500461534,0.9929426647541637,0.9964714114603177,0.9925931331824398,0.0036807767952332674,312
442,14.233961760997772,1.1169580781403186,0.09025061130523682,0.00402106318058792,0.05,9,sqrt,1,2,650,0.9,"{'learning_rate': 0.05, 'max_depth': 9, 'max_features': 'sqrt', 'min_samples_leaf': 1, 'min_samples_split': 2, 'n_estimators': 650, 'subsample': 0.9}",0.9866005197259626,0.9943581500461534,0.9922368732334741,0.9978828510938604,0.9927695985248627,0.004092987210866904,171
443,13.473122656345367,1.2267861602904764,0.1022500991821289,0.00941805418152584,0.05,9,sqrt,1,2,650,1.0,"{'learning_rate': 0.05, 'max_depth': 9, 'max_features': 'sqrt', 'min_samples_leaf': 1, 'min_samples_split': 2, 'n_estimators': 650, 'subsample': 1.0}",0.9866005197259626,0.9943581500461534,0.9922368732334741,0.9978828510938604,0.9927695985248627,0.004092987210866904,171
444,3.199670732021332,0.3463085013464337,0.028499484062194824,0.0016564310604106347,0.05,9,sqrt,1,5,150,0.8,"{'learning_rate': 0.05, 'max_depth': 9, 'max_features': 'sqrt', 'min_samples_leaf': 1, 'min_samples_split': 5, 'n_estimators': 150, 'subsample': 0.8}",0.9830744501384601,0.9943581500461534,0.9929426647541637,0.9978828468761906,0.992064527953742,0.005493317775971084,628
445,3.0088950395584106,0.23714392925927108,0.02449852228164673,0.000500143178099094,0.05,9,sqrt,1,5,150,0.9,"{'learning_rate': 0.05, 'max_depth': 9, 'max_features': 'sqrt', 'min_samples_leaf': 1, 'min_samples_split': 5, 'n_estimators': 150, 'subsample': 0.9}",0.9844846965672964,0.9936528777649296,0.9929426647541637,0.997177133385926,0.9920643431180789,0.0046606479533011285,651
446,3.3142040967941284,0.23634064827135828,0.02800154685974121,0.0032416624652514925,0.05,9,sqrt,1,5,150,1.0,"{'learning_rate': 0.05, 'max_depth': 9, 'max_features': 'sqrt', 'min_samples_leaf': 1, 'min_samples_split': 5, 'n_estimators': 150, 'subsample': 1.0}",0.9866006796641367,0.9936528777649296,0.992236981492171,0.9964714114603177,0.9922404875953887,0.003595240205327546,583
447,7.392162084579468,0.38211875249021376,0.06374859809875488,0.008167456309577747,0.05,9,sqrt,1,5,350,0.8,"{'learning_rate': 0.05, 'max_depth': 9, 'max_features': 'sqrt', 'min_samples_leaf': 1, 'min_samples_split': 5, 'n_estimators': 350, 'subsample': 0.8}",0.9830739113827349,0.9943581500461534,0.9922368732334741,0.997177133385926,0.991711517012072,0.00528587407461038,889
448,6.977393209934235,0.6372287018745618,0.05425041913986206,0.0021646519991412676,0.05,9,sqrt,1,5,350,0.9,"{'learning_rate': 0.05, 'max_depth': 9, 'max_features': 'sqrt', 'min_samples_leaf': 1, 'min_samples_split': 5, 'n_estimators': 350, 'subsample': 0.9}",0.9858953751153834,0.9943581500461534,0.9915311977049964,0.997177133385926,0.9922404640631148,0.0041718853785466265,589
449,7.985367655754089,0.7056761466781701,0.06086939573287964,0.005754008965431955,0.05,9,sqrt,1,5,350,1.0,"{'learning_rate': 0.05, 'max_depth': 9, 'max_features': 'sqrt', 'min_samples_leaf': 1, 'min_samples_split': 5, 'n_estimators': 350, 'subsample': 1.0}",0.9866005197259626,0.9943581500461534,0.9922368732334741,0.997177133385926,0.9925931690978791,0.003878359175591622,306
450,9.3974067568779,0.8256016554017378,0.0810014009475708,0.010050297810699061,0.05,9,sqrt,1,5,450,0.8,"{'learning_rate': 0.05, 'max_depth': 9, 'max_features': 'sqrt', 'min_samples_leaf': 1, 'min_samples_split': 5, 'n_estimators': 450, 'subsample': 0.8}",0.9837793183573613,0.9943581500461534,0.9922368732334741,0.9964714114603177,0.9917114382743266,0.004818117791417417,904
451,10.253763198852539,0.23512178171762874,0.08124923706054688,0.003961263020305438,0.05,9,sqrt,1,5,450,0.9,"{'learning_rate': 0.05, 'max_depth': 9, 'max_features': 'sqrt', 'min_samples_leaf': 1, 'min_samples_split': 5, 'n_estimators': 450, 'subsample': 0.9}",0.985189812413243,0.9943581500461534,0.992236981492171,0.997177133385926,0.9922405193343733,0.004431901361985154,568
452,8.95118373632431,0.7167950745543622,0.07050001621246338,0.00743297683167492,0.05,9,sqrt,1,5,450,1.0,"{'learning_rate': 0.05, 'max_depth': 9, 'max_features': 'sqrt', 'min_samples_leaf': 1, 'min_samples_split': 5, 'n_estimators': 450, 'subsample': 1.0}",0.9866003064691244,0.9943581500461534,0.9929426647541637,0.9964714114603177,0.9925931331824398,0.0036807767952332674,312
453,11.72869598865509,1.2966771890090352,0.10250121355056763,0.007088903349869341,0.05,9,sqrt,1,5,650,0.8,"{'learning_rate': 0.05, 'max_depth': 9, 'max_features': 'sqrt', 'min_samples_leaf': 1, 'min_samples_split': 5, 'n_estimators': 650, 'subsample': 0.8}",0.985189812413243,0.9943581500461534,0.9922368732334741,0.9964714114603177,0.992064061788297,0.004241837465424329,725
454,13.274317860603333,0.3973218985193628,0.10899978876113892,0.015604811122602466,0.05,9,sqrt,1,5,650,0.9,"{'learning_rate': 0.05, 'max_depth': 9, 'max_features': 'sqrt', 'min_samples_leaf': 1, 'min_samples_split': 5, 'n_estimators': 650, 'subsample': 0.9}",0.9866005197259626,0.9943581500461534,0.9922368732334741,0.997177133385926,0.9925931690978791,0.003878359175591622,306
455,12.45795601606369,1.4390536820168498,0.10000097751617432,0.015085211079030223,0.05,9,sqrt,1,5,650,1.0,"{'learning_rate': 0.05, 'max_depth': 9, 'max_features': 'sqrt', 'min_samples_leaf': 1, 'min_samples_split': 5, 'n_estimators': 650, 'subsample': 1.0}",0.9873056608277879,0.9943581500461534,0.9929426647541637,0.9964714114603177,0.9927694717721056,0.0033952717843300506,179
456,2.6140406131744385,0.274658121138178,0.026749372482299805,0.0033433980810860806,0.05,9,sqrt,1,10,150,0.8,"{'learning_rate': 0.05, 'max_depth': 9, 'max_features': 'sqrt', 'min_samples_leaf': 1, 'min_samples_split': 10, 'n_estimators': 150, 'subsample': 0.8}",0.9816639876499984,0.9936528777649296,0.9929427491104976,0.9964714114603177,0.991182756496436,0.005651900228275386,1063
457,2.9881938099861145,0.2446398822229289,0.028251707553863525,0.00285988720253088,0.05,9,sqrt,1,10,150,0.9,"{'learning_rate': 0.05, 'max_depth': 9, 'max_features': 'sqrt', 'min_samples_leaf': 1, 'min_samples_split': 10, 'n_estimators': 150, 'subsample': 0.9}",0.9851902248919406,0.9943581500461534,0.9908252311373358,0.997177133385926,0.991887684865339,0.004473987088743573,839
458,2.9147467613220215,0.33685379485164807,0.027499139308929443,0.005589685292922767,0.05,9,sqrt,1,10,150,1.0,"{'learning_rate': 0.05, 'max_depth': 9, 'max_features': 'sqrt', 'min_samples_leaf': 1, 'min_samples_split': 10, 'n_estimators': 150, 'subsample': 1.0}",0.9837793183573613,0.9943581500461534,0.994354131803331,0.997177133385926,0.992417183398193,0.005118323871200464,343
459,6.064368486404419,0.5187159904765613,0.06325000524520874,0.014598588447301592,0.05,9,sqrt,1,10,350,0.8,"{'learning_rate': 0.05, 'max_depth': 9, 'max_features': 'sqrt', 'min_samples_leaf': 1, 'min_samples_split': 10, 'n_estimators': 350, 'subsample': 0.8}",0.984484418767507,0.9943581500461534,0.9922368732334741,0.9964714114603177,0.9918877133768631,0.004528907957102589,836
460,7.390307426452637,0.26394319062566746,0.07174992561340332,0.011212472114921015,0.05,9,sqrt,1,10,350,0.9,"{'learning_rate': 0.05, 'max_depth': 9, 'max_features': 'sqrt', 'min_samples_leaf': 1, 'min_samples_split': 10, 'n_estimators': 350, 'subsample': 0.9}",0.9837793183573613,0.9943581500461534,0.9929425522759148,0.9978828468761906,0.992240716888905,0.005205885899366944,504
461,6.858444452285767,0.8434108211677692,0.056751132011413574,0.00294861828690752,0.05,9,sqrt,1,10,350,1.0,"{'learning_rate': 0.05, 'max_depth': 9, 'max_features': 'sqrt', 'min_samples_leaf': 1, 'min_samples_split': 10, 'n_estimators': 350, 'subsample': 1.0}",0.9851895177715342,0.9943581500461534,0.9936484394026853,0.9964714114603177,0.9924168796701727,0.0042999784330446005,435
462,8.168226540088654,0.5104032263647454,0.07375109195709229,0.005069468935792654,0.05,9,sqrt,1,10,450,0.8,"{'learning_rate': 0.05, 'max_depth': 9, 'max_features': 'sqrt', 'min_samples_leaf': 1, 'min_samples_split': 10, 'n_estimators': 450, 'subsample': 0.8}",0.985189812413243,0.9943581500461534,0.9943541992883981,0.9964714114603177,0.9925933933020281,0.004360815259225615,244
463,8.120422840118408,0.7454353955567791,0.07524991035461426,0.00363248515795714,0.05,9,sqrt,1,10,450,0.9,"{'learning_rate': 0.05, 'max_depth': 9, 'max_features': 'sqrt', 'min_samples_leaf': 1, 'min_samples_split': 10, 'n_estimators': 450, 'subsample': 0.9}",0.9837789956545375,0.9943581500461534,0.9936484394026853,0.997177133385926,0.9922406796223255,0.005060487622894398,515
464,8.78357344865799,0.5752596016495201,0.07386475801467896,0.006457026006704226,0.05,9,sqrt,1,10,450,1.0,"{'learning_rate': 0.05, 'max_depth': 9, 'max_features': 'sqrt', 'min_samples_leaf': 1, 'min_samples_split': 10, 'n_estimators': 450, 'subsample': 1.0}",0.984484418767507,0.9943581500461534,0.9936483508273879,0.997177133385926,0.9924170132567436,0.004766261722330028,388
465,11.382786452770233,0.8239299141332403,0.10896432399749756,0.00949990300291643,0.05,9,sqrt,1,10,650,0.8,"{'learning_rate': 0.05, 'max_depth': 9, 'max_features': 'sqrt', 'min_samples_leaf': 1, 'min_samples_split': 10, 'n_estimators': 650, 'subsample': 0.8}",0.985894617473565,0.9943581500461534,0.9922368732334741,0.997177133385926,0.9924166935347796,0.004153337587139049,456
466,11.849861085414886,0.6628448339223934,0.09375125169754028,0.006647045350716164,0.05,9,sqrt,1,10,650,0.9,"{'learning_rate': 0.05, 'max_depth': 9, 'max_features': 'sqrt', 'min_samples_leaf': 1, 'min_samples_split': 10, 'n_estimators': 650, 'subsample': 0.9}",0.9851895177715342,0.9929475893487711,0.9915310627310978,0.9964714114603177,0.9915348953279302,0.0040813210772939245,993
467,11.40648502111435,0.5940068904174791,0.10849988460540771,0.012599848977947496,0.05,9,sqrt,1,10,650,1.0,"{'learning_rate': 0.05, 'max_depth': 9, 'max_features': 'sqrt', 'min_samples_leaf': 1, 'min_samples_split': 10, 'n_estimators': 650, 'subsample': 1.0}",0.9866000398885311,0.9943581500461534,0.9922368732334741,0.9978828510938604,0.9927694785655047,0.004093168018656671,178
468,3.207286059856415,0.30128121770661626,0.02875131368637085,0.0036311022809883365,0.05,9,sqrt,2,2,150,0.8,"{'learning_rate': 0.05, 'max_depth': 9, 'max_features': 'sqrt', 'min_samples_leaf': 2, 'min_samples_split': 2, 'n_estimators': 150, 'subsample': 0.8}",0.9837789956545375,0.9929475893487711,0.9929426647541637,0.9964714114603177,0.9915351653044475,0.004703740270557649,973
469,3.2363353967666626,0.32665463647269993,0.02824985980987549,0.003961797219186447,0.05,9,sqrt,2,2,150,0.9,"{'learning_rate': 0.05, 'max_depth': 9, 'max_features': 'sqrt', 'min_samples_leaf': 2, 'min_samples_split': 2, 'n_estimators': 150, 'subsample': 0.9}",0.9837795765103758,0.9943581500461534,0.9915311977049964,0.9964714114603177,0.9915350839304609,0.004808454591168971,980
470,3.7398170232772827,0.1435641171756113,0.031000792980194092,0.0050965695283442716,0.05,9,sqrt,2,2,150,1.0,"{'learning_rate': 0.05, 'max_depth': 9, 'max_features': 'sqrt', 'min_samples_leaf': 2, 'min_samples_split': 2, 'n_estimators': 150, 'subsample': 1.0}",0.9844849126269217,0.9943581500461534,0.9929427491104976,0.9964714114603177,0.9920643058109726,0.004552558765372468,665
471,7.1165801882743835,0.5812105161054713,0.05910581350326538,0.007601423269925171,0.05,9,sqrt,2,2,350,0.8,"{'learning_rate': 0.05, 'max_depth': 9, 'max_features': 'sqrt', 'min_samples_leaf': 2, 'min_samples_split': 2, 'n_estimators': 350, 'subsample': 0.8}",0.9830739113827349,0.9943581500461534,0.992236981492171,0.9971771221387733,0.9917115412649582,0.005285873857357047,885
472,7.324042081832886,0.44962742323433197,0.05834907293319702,0.006439494720546199,0.05,9,sqrt,2,2,350,0.9,"{'learning_rate': 0.05, 'max_depth': 9, 'max_features': 'sqrt', 'min_samples_leaf': 2, 'min_samples_split': 2, 'n_estimators': 350, 'subsample': 0.9}",0.9866003064691244,0.9943581500461534,0.9936483508273879,0.997177133385926,0.9929459851821479,0.0038941552535177062,83
473,7.867787182331085,0.7297194521967582,0.05624973773956299,0.0023859499513925408,0.05,9,sqrt,2,2,350,1.0,"{'learning_rate': 0.05, 'max_depth': 9, 'max_features': 'sqrt', 'min_samples_leaf': 2, 'min_samples_split': 2, 'n_estimators': 350, 'subsample': 1.0}",0.9858951786975421,0.9943581500461534,0.9929426647541637,0.9978828510938604,0.9927697111479299,0.0043576498138734295,148
474,8.961388409137726,0.513875923333272,0.07231146097183228,0.0028327460866225188,0.05,9,sqrt,2,2,450,0.8,"{'learning_rate': 0.05, 'max_depth': 9, 'max_features': 'sqrt', 'min_samples_leaf': 2, 'min_samples_split': 2, 'n_estimators': 450, 'subsample': 0.8}",0.9823688243014796,0.9943581500461534,0.992236981492171,0.9964714114603177,0.9913588418250305,0.005401984876638235,1035
475,8.94854998588562,0.7302544826232392,0.0736919641494751,0.008382551518478592,0.05,9,sqrt,2,2,450,0.9,"{'learning_rate': 0.05, 'max_depth': 9, 'max_features': 'sqrt', 'min_samples_leaf': 2, 'min_samples_split': 2, 'n_estimators': 450, 'subsample': 0.9}",0.985189812413243,0.9943581500461534,0.9929426647541637,0.9957656832081598,0.9920640776054299,0.004092434779928728,722
476,9.828524887561798,0.8049353611853537,0.07150107622146606,0.008557071644159888,0.05,9,sqrt,2,2,450,1.0,"{'learning_rate': 0.05, 'max_depth': 9, 'max_features': 'sqrt', 'min_samples_leaf': 2, 'min_samples_split': 2, 'n_estimators': 450, 'subsample': 1.0}",0.985189812413243,0.9943581500461534,0.994354131803331,0.997177133385926,0.9927698069121633,0.004525311108698994,117
477,11.435582995414734,1.1794973184224335,0.09534287452697754,0.0064212939411076655,0.05,9,sqrt,2,2,650,0.8,"{'learning_rate': 0.05, 'max_depth': 9, 'max_features': 'sqrt', 'min_samples_leaf': 2, 'min_samples_split': 2, 'n_estimators': 650, 'subsample': 0.8}",0.984484418767507,0.9936528777649296,0.9915311977049964,0.9964714114603177,0.9915349764244377,0.004431824525631214,991
478,12.52547562122345,0.38686898544340625,0.09750169515609741,0.003639832663131699,0.05,9,sqrt,2,2,650,0.9,"{'learning_rate': 0.05, 'max_depth': 9, 'max_features': 'sqrt', 'min_samples_leaf': 2, 'min_samples_split': 2, 'n_estimators': 650, 'subsample': 0.9}",0.985189812413243,0.9943581500461534,0.9922368732334741,0.997177133385926,0.9922404922696991,0.004431901383837917,578
479,12.27432382106781,1.1650355569568698,0.09549921751022339,0.004716478230590815,0.05,9,sqrt,2,2,650,1.0,"{'learning_rate': 0.05, 'max_depth': 9, 'max_features': 'sqrt', 'min_samples_leaf': 2, 'min_samples_split': 2, 'n_estimators': 650, 'subsample': 1.0}",0.9858949261522791,0.9943581500461534,0.9929425522759148,0.997177133385926,0.9925931904650683,0.004156814089642682,302
480,2.9349698424339294,0.22662004174338712,0.028502583503723145,0.0035711074973255367,0.05,9,sqrt,2,5,150,0.8,"{'learning_rate': 0.05, 'max_depth': 9, 'max_features': 'sqrt', 'min_samples_leaf': 2, 'min_samples_split': 5, 'n_estimators': 150, 'subsample': 0.8}",0.9830742144370506,0.9943581500461534,0.992236981492171,0.9971771221387733,0.9917116170285372,0.005285750052509546,878
481,3.094763934612274,0.20986115465504387,0.02700108289718628,0.0015813265650821589,0.05,9,sqrt,2,5,150,0.9,"{'learning_rate': 0.05, 'max_depth': 9, 'max_features': 'sqrt', 'min_samples_leaf': 2, 'min_samples_split': 5, 'n_estimators': 150, 'subsample': 0.9}",0.9858953751153834,0.9936528777649296,0.9929426647541637,0.9978828468761906,0.9925934411276668,0.004303668917537126,226
482,3.097413659095764,0.2629350224268029,0.02949965000152588,0.00622483406026353,0.05,9,sqrt,2,5,150,1.0,"{'learning_rate': 0.05, 'max_depth': 9, 'max_features': 'sqrt', 'min_samples_leaf': 2, 'min_samples_split': 5, 'n_estimators': 150, 'subsample': 1.0}",0.9837795765103758,0.9943581500461534,0.9936483508273879,0.997177133385926,0.9922408026924607,0.005060238650201484,484
483,6.641726016998291,0.6515061841450295,0.05600100755691528,0.004639314085832546,0.05,9,sqrt,2,5,350,0.8,"{'learning_rate': 0.05, 'max_depth': 9, 'max_features': 'sqrt', 'min_samples_leaf': 2, 'min_samples_split': 5, 'n_estimators': 350, 'subsample': 0.8}",0.9830742144370506,0.9943581500461534,0.9936484394026853,0.997177133385926,0.9920644843179538,0.005355696714874649,630
484,7.0588366985321045,0.8083727970181023,0.058796823024749756,0.005730646974066545,0.05,9,sqrt,2,5,350,0.9,"{'learning_rate': 0.05, 'max_depth': 9, 'max_features': 'sqrt', 'min_samples_leaf': 2, 'min_samples_split': 5, 'n_estimators': 350, 'subsample': 0.9}",0.985189812413243,0.9943581500461534,0.9915310627310978,0.997177133385926,0.9920640396441051,0.004442570611728035,733
485,7.953475475311279,0.07986077572322497,0.059748709201812744,0.006495663404517801,0.05,9,sqrt,2,5,350,1.0,"{'learning_rate': 0.05, 'max_depth': 9, 'max_features': 'sqrt', 'min_samples_leaf': 2, 'min_samples_split': 5, 'n_estimators': 350, 'subsample': 1.0}",0.9858951786975421,0.9943581500461534,0.9929426647541637,0.997177133385926,0.9925932817209463,0.004156714715610546,287
486,8.520191669464111,0.934122413393933,0.07550138235092163,0.009604136148821382,0.05,9,sqrt,2,5,450,0.8,"{'learning_rate': 0.05, 'max_depth': 9, 'max_features': 'sqrt', 'min_samples_leaf': 2, 'min_samples_split': 5, 'n_estimators': 450, 'subsample': 0.8}",0.985189812413243,0.9943581500461534,0.9929426647541637,0.9964714114603177,0.9922405096684694,0.004259996604772302,572
487,9.123381972312927,0.7181612502852177,0.07725095748901367,0.012132245331470374,0.05,9,sqrt,2,5,450,0.9,"{'learning_rate': 0.05, 'max_depth': 9, 'max_features': 'sqrt', 'min_samples_leaf': 2, 'min_samples_split': 5, 'n_estimators': 450, 'subsample': 0.9}",0.9858951786975421,0.9943581500461534,0.9929425522759148,0.997177133385926,0.9925932536013841,0.004156712352370501,291
488,9.165514171123505,0.9057970001722746,0.07099789381027222,0.003535008302462966,0.05,9,sqrt,2,5,450,1.0,"{'learning_rate': 0.05, 'max_depth': 9, 'max_features': 'sqrt', 'min_samples_leaf': 2, 'min_samples_split': 5, 'n_estimators': 450, 'subsample': 1.0}",0.9866003064691244,0.9943581500461534,0.9929426647541637,0.997177133385926,0.9927695636638418,0.003874273347065911,175
489,11.604270219802856,0.8012560418758896,0.10674941539764404,0.017425963999335055,0.05,9,sqrt,2,5,650,0.8,"{'learning_rate': 0.05, 'max_depth': 9, 'max_features': 'sqrt', 'min_samples_leaf': 2, 'min_samples_split': 5, 'n_estimators': 650, 'subsample': 0.8}",0.984484418767507,0.9943581500461534,0.9922368732334741,0.997177133385926,0.9920641438582651,0.004714000270167755,707
490,12.18061226606369,0.5868525009806111,0.09433352947235107,0.005663784646994353,0.05,9,sqrt,2,5,650,0.9,"{'learning_rate': 0.05, 'max_depth': 9, 'max_features': 'sqrt', 'min_samples_leaf': 2, 'min_samples_split': 5, 'n_estimators': 650, 'subsample': 0.9}",0.985189812413243,0.9943581500461534,0.9929425522759148,0.997177133385926,0.9924169120303092,0.004442279227249991,423
491,11.566630184650421,0.9027946162704508,0.09989339113235474,0.012199825966660095,0.05,9,sqrt,2,5,650,1.0,"{'learning_rate': 0.05, 'max_depth': 9, 'max_features': 'sqrt', 'min_samples_leaf': 2, 'min_samples_split': 5, 'n_estimators': 650, 'subsample': 1.0}",0.985189812413243,0.9943581500461534,0.9936483508273879,0.997177133385926,0.9925933616681776,0.004473560798618981,258
492,2.5370270013809204,0.16486970429619563,0.02600228786468506,0.0015808364563084073,0.05,9,sqrt,2,10,150,0.8,"{'learning_rate': 0.05, 'max_depth': 9, 'max_features': 'sqrt', 'min_samples_leaf': 2, 'min_samples_split': 10, 'n_estimators': 150, 'subsample': 0.8}",0.9830739113827349,0.9936528777649296,0.9929426647541637,0.9957657000788889,0.9913587884951793,0.004894679970547008,1038
493,2.5096364617347717,0.1145759124040673,0.025498688220977783,0.0025977162038323754,0.05,9,sqrt,2,10,150,0.9,"{'learning_rate': 0.05, 'max_depth': 9, 'max_features': 'sqrt', 'min_samples_leaf': 2, 'min_samples_split': 10, 'n_estimators': 150, 'subsample': 0.9}",0.9830739113827349,0.9936528777649296,0.9936484394026853,0.997177133385926,0.991888090484069,0.005288596943189159,759
494,2.9557663798332214,0.3089779611249907,0.03174835443496704,0.0037674451471166803,0.05,9,sqrt,2,10,150,1.0,"{'learning_rate': 0.05, 'max_depth': 9, 'max_features': 'sqrt', 'min_samples_leaf': 2, 'min_samples_split': 10, 'n_estimators': 150, 'subsample': 1.0}",0.9816634039979629,0.9936528777649296,0.9936484394026853,0.9964713903718013,0.9913590278843447,0.0057149918006131175,1019
495,5.7332287430763245,0.6363882211837337,0.05150043964385986,0.0011182739054738896,0.05,9,sqrt,2,10,350,0.8,"{'learning_rate': 0.05, 'max_depth': 9, 'max_features': 'sqrt', 'min_samples_leaf': 2, 'min_samples_split': 10, 'n_estimators': 350, 'subsample': 0.8}",0.9837793183573613,0.9943581500461534,0.9936484394026853,0.9964714114603177,0.9920643298166294,0.004894762453897671,656
496,6.437854826450348,0.5823861151342782,0.06775093078613281,0.010964470441262825,0.05,9,sqrt,2,10,350,0.9,"{'learning_rate': 0.05, 'max_depth': 9, 'max_features': 'sqrt', 'min_samples_leaf': 2, 'min_samples_split': 10, 'n_estimators': 350, 'subsample': 0.9}",0.9830739113827349,0.9943581500461534,0.9922368732334741,0.997177133385926,0.991711517012072,0.00528587407461038,889
497,7.027460038661957,0.09315835818666032,0.06450080871582031,0.004154015509428267,0.05,9,sqrt,2,10,350,1.0,"{'learning_rate': 0.05, 'max_depth': 9, 'max_features': 'sqrt', 'min_samples_leaf': 2, 'min_samples_split': 10, 'n_estimators': 350, 'subsample': 1.0}",0.9830735409682778,0.9943581500461534,0.9929425522759148,0.997177133385926,0.991887844169068,0.00531232862434264,807
498,7.934019684791565,0.6155810988078261,0.07524913549423218,0.005760449570872663,0.05,9,sqrt,2,10,450,0.8,"{'learning_rate': 0.05, 'max_depth': 9, 'max_features': 'sqrt', 'min_samples_leaf': 2, 'min_samples_split': 10, 'n_estimators': 450, 'subsample': 0.8}",0.9837793183573613,0.9943581500461534,0.9922368732334741,0.997177133385926,0.9918878687557287,0.004998724929180137,802
499,7.575839519500732,0.432922007656603,0.07037585973739624,0.008540008902482044,0.05,9,sqrt,2,10,450,0.9,"{'learning_rate': 0.05, 'max_depth': 9, 'max_features': 'sqrt', 'min_samples_leaf': 2, 'min_samples_split': 10, 'n_estimators': 450, 'subsample': 0.9}",0.985189812413243,0.9943581500461534,0.9936483508273879,0.9978828510938604,0.9927697910951612,0.004660853213975951,120
500,8.342656791210175,0.5736043596127062,0.07487887144088745,0.015158646541683331,0.05,9,sqrt,2,10,450,1.0,"{'learning_rate': 0.05, 'max_depth': 9, 'max_features': 'sqrt', 'min_samples_leaf': 2, 'min_samples_split': 10, 'n_estimators': 450, 'subsample': 1.0}",0.9830739113827349,0.9943581500461534,0.9936483508273879,0.9964714114603177,0.9918879559291485,0.005193657070066361,779
501,10.796565234661102,0.7932185114934026,0.09999877214431763,0.010341377321988537,0.05,9,sqrt,2,10,650,0.8,"{'learning_rate': 0.05, 'max_depth': 9, 'max_features': 'sqrt', 'min_samples_leaf': 2, 'min_samples_split': 10, 'n_estimators': 650, 'subsample': 0.8}",0.985189812413243,0.9929475893487711,0.9922368732334741,0.9964714114603177,0.9917114216139515,0.004092465637526577,909
502,11.62128758430481,0.34053009353736136,0.09587758779525757,0.004559636767021024,0.05,9,sqrt,2,10,650,0.9,"{'learning_rate': 0.05, 'max_depth': 9, 'max_features': 'sqrt', 'min_samples_leaf': 2, 'min_samples_split': 10, 'n_estimators': 650, 'subsample': 0.9}",0.9830739113827349,0.9943581500461534,0.9922368732334741,0.997177133385926,0.991711517012072,0.00528587407461038,889
503,10.216523945331573,0.6746541301606331,0.0974993109703064,0.012253934714296704,0.05,9,sqrt,2,10,650,1.0,"{'learning_rate': 0.05, 'max_depth': 9, 'max_features': 'sqrt', 'min_samples_leaf': 2, 'min_samples_split': 10, 'n_estimators': 650, 'subsample': 1.0}",0.9851895177715342,0.9943581500461534,0.9929425522759148,0.9964714114603177,0.9922404078884801,0.004260113885019411,599
504,2.6352418661117554,0.2541754211583014,0.025001049041748047,0.0029148356607387707,0.05,9,sqrt,4,2,150,0.8,"{'learning_rate': 0.05, 'max_depth': 9, 'max_features': 'sqrt', 'min_samples_leaf': 4, 'min_samples_split': 2, 'n_estimators': 150, 'subsample': 0.8}",0.9816634039979629,0.9936528777649296,0.992236981492171,0.9978828468761906,0.9913590275328136,0.005970717850407512,1020
505,2.782002568244934,0.2367214665533677,0.02749931812286377,0.004976338162820274,0.05,9,sqrt,4,2,150,0.9,"{'learning_rate': 0.05, 'max_depth': 9, 'max_features': 'sqrt', 'min_samples_leaf': 4, 'min_samples_split': 2, 'n_estimators': 150, 'subsample': 0.9}",0.9830739113827349,0.9929475893487711,0.9929427491104976,0.9978828468761906,0.9917117741795486,0.005379064749957076,859
506,2.9811903834342957,0.2802024856251492,0.028249382972717285,0.0028594450299785808,0.05,9,sqrt,4,2,150,1.0,"{'learning_rate': 0.05, 'max_depth': 9, 'max_features': 'sqrt', 'min_samples_leaf': 4, 'min_samples_split': 2, 'n_estimators': 150, 'subsample': 1.0}",0.985189812413243,0.9936528777649296,0.9922368732334741,0.9971771221387733,0.992064171387605,0.004357547778658956,697
507,6.102580904960632,0.4845376387840093,0.05750322341918945,0.0056798619201562026,0.05,9,sqrt,4,2,350,0.8,"{'learning_rate': 0.05, 'max_depth': 9, 'max_features': 'sqrt', 'min_samples_leaf': 4, 'min_samples_split': 2, 'n_estimators': 350, 'subsample': 0.8}",0.9830739113827349,0.9943581500461534,0.9936483508273879,0.9971771221387733,0.9920643835987624,0.005355814661239942,644
508,6.499061048030853,0.20490173812477402,0.06650125980377197,0.004500905673059961,0.05,9,sqrt,4,2,350,0.9,"{'learning_rate': 0.05, 'max_depth': 9, 'max_features': 'sqrt', 'min_samples_leaf': 4, 'min_samples_split': 2, 'n_estimators': 350, 'subsample': 0.9}",0.9851900481181693,0.9943581500461534,0.9943541992883981,0.997177133385926,0.9927698827096617,0.0045252183127347835,107
509,6.474192678928375,0.4285216344556379,0.05702567100524902,0.0027701793813486673,0.05,9,sqrt,4,2,350,1.0,"{'learning_rate': 0.05, 'max_depth': 9, 'max_features': 'sqrt', 'min_samples_leaf': 4, 'min_samples_split': 2, 'n_estimators': 350, 'subsample': 1.0}",0.9851900481181693,0.9943581500461534,0.9929425522759148,0.9978828468761906,0.9925933993291071,0.004637459363148652,241
510,7.475145161151886,0.750359707941724,0.06800049543380737,0.005244039747644606,0.05,9,sqrt,4,2,450,0.8,"{'learning_rate': 0.05, 'max_depth': 9, 'max_features': 'sqrt', 'min_samples_leaf': 4, 'min_samples_split': 2, 'n_estimators': 450, 'subsample': 0.8}",0.9858953751153834,0.9943581500461534,0.9922368732334741,0.9971771221387733,0.9924168801334461,0.004153036931208252,434
511,7.471828401088715,0.5980512765692774,0.0709993839263916,0.007245755612151378,0.05,9,sqrt,4,2,450,0.9,"{'learning_rate': 0.05, 'max_depth': 9, 'max_features': 'sqrt', 'min_samples_leaf': 4, 'min_samples_split': 2, 'n_estimators': 450, 'subsample': 0.9}",0.9851900481181693,0.9943581500461534,0.9922368732334741,0.997177133385926,0.9922405511959307,0.004431807638706038,560
512,8.577011227607727,0.08325361888501874,0.07496321201324463,0.0030619540606177786,0.05,9,sqrt,4,2,450,1.0,"{'learning_rate': 0.05, 'max_depth': 9, 'max_features': 'sqrt', 'min_samples_leaf': 4, 'min_samples_split': 2, 'n_estimators': 450, 'subsample': 1.0}",0.9851900481181693,0.9943581500461534,0.9922368732334741,0.9978828510938604,0.9924169806229143,0.004634244027744689,401
513,10.017445266246796,0.45208366535002675,0.09700560569763184,0.004522359572783029,0.05,9,sqrt,4,2,650,0.8,"{'learning_rate': 0.05, 'max_depth': 9, 'max_features': 'sqrt', 'min_samples_leaf': 4, 'min_samples_split': 2, 'n_estimators': 650, 'subsample': 0.8}",0.9851895177715342,0.9936528777649296,0.992236981492171,0.997177133385926,0.9920641276036402,0.00435766835633328,713
514,11.511180937290192,0.4123950724385173,0.1015768051147461,0.0035843431661728513,0.05,9,sqrt,4,2,650,0.9,"{'learning_rate': 0.05, 'max_depth': 9, 'max_features': 'sqrt', 'min_samples_leaf': 4, 'min_samples_split': 2, 'n_estimators': 650, 'subsample': 0.9}",0.985189812413243,0.9936528777649296,0.9936483508273879,0.9964714114603177,0.9922406131164696,0.004230533715825936,539
515,11.027324438095093,0.8327928050622461,0.09399920701980591,0.006040296193956334,0.05,9,sqrt,4,2,650,1.0,"{'learning_rate': 0.05, 'max_depth': 9, 'max_features': 'sqrt', 'min_samples_leaf': 4, 'min_samples_split': 2, 'n_estimators': 650, 'subsample': 1.0}",0.9873054335370511,0.9943581500461534,0.9929425522759148,0.997177133385926,0.9929458173112613,0.0035955757278422133,93
516,2.5010101795196533,0.18150015186227203,0.02450662851333618,0.0011166347499148945,0.05,9,sqrt,4,5,150,0.8,"{'learning_rate': 0.05, 'max_depth': 9, 'max_features': 'sqrt', 'min_samples_leaf': 4, 'min_samples_split': 5, 'n_estimators': 150, 'subsample': 0.8}",0.9823688243014796,0.9929475893487711,0.9936483508273879,0.9978828468761906,0.9917119028384573,0.005715120708055364,851
517,2.6620250940322876,0.2826700596174459,0.02574986219406128,0.002948420858671524,0.05,9,sqrt,4,5,150,0.9,"{'learning_rate': 0.05, 'max_depth': 9, 'max_features': 'sqrt', 'min_samples_leaf': 4, 'min_samples_split': 5, 'n_estimators': 150, 'subsample': 0.9}",0.9844846965672964,0.9943581500461534,0.9929426647541637,0.9971771221387733,0.9922406583765968,0.004730227319785851,521
518,2.917413115501404,0.1168708599077945,0.028499960899353027,0.002957362058087903,0.05,9,sqrt,4,5,150,1.0,"{'learning_rate': 0.05, 'max_depth': 9, 'max_features': 'sqrt', 'min_samples_leaf': 4, 'min_samples_split': 5, 'n_estimators': 150, 'subsample': 1.0}",0.9837793183573613,0.9929475893487711,0.9922368732334741,0.9978828468761906,0.9917116569539494,0.005069737707518489,872
519,5.272024869918823,0.05921795701131222,0.05174750089645386,0.003342788580281671,0.05,9,sqrt,4,5,350,0.8,"{'learning_rate': 0.05, 'max_depth': 9, 'max_features': 'sqrt', 'min_samples_leaf': 4, 'min_samples_split': 5, 'n_estimators': 350, 'subsample': 0.8}",0.9844846965672964,0.9943581500461534,0.9915310627310978,0.9978828468761906,0.9920641890551846,0.004920669820192869,695
520,6.463009238243103,0.12256030626730849,0.06350117921829224,0.0059351696333608496,0.05,9,sqrt,4,5,350,0.9,"{'learning_rate': 0.05, 'max_depth': 9, 'max_features': 'sqrt', 'min_samples_leaf': 4, 'min_samples_split': 5, 'n_estimators': 350, 'subsample': 0.9}",0.9858953751153834,0.9943581500461534,0.9929425522759148,0.9978828468761906,0.9927697310784106,0.00435756999517238,144
521,6.884269893169403,0.1791367533851064,0.0580594539642334,0.005201426679911069,0.05,9,sqrt,4,5,350,1.0,"{'learning_rate': 0.05, 'max_depth': 9, 'max_features': 'sqrt', 'min_samples_leaf': 4, 'min_samples_split': 5, 'n_estimators': 350, 'subsample': 1.0}",0.9837793183573613,0.9943581500461534,0.9936484394026853,0.997177133385926,0.9922407602980315,0.005060352724498349,491
522,7.551198184490204,0.5136266242866638,0.07124924659729004,0.005401365740145554,0.05,9,sqrt,4,5,450,0.8,"{'learning_rate': 0.05, 'max_depth': 9, 'max_features': 'sqrt', 'min_samples_leaf': 4, 'min_samples_split': 5, 'n_estimators': 450, 'subsample': 0.8}",0.9866003064691244,0.9943581500461534,0.9929426647541637,0.9971771221387733,0.9927695608520537,0.0038742701482349243,176
523,7.456574738025665,0.566037189255205,0.07049959897994995,0.005172074470985097,0.05,9,sqrt,4,5,450,0.9,"{'learning_rate': 0.05, 'max_depth': 9, 'max_features': 'sqrt', 'min_samples_leaf': 4, 'min_samples_split': 5, 'n_estimators': 450, 'subsample': 0.9}",0.9844840792209213,0.9943581500461534,0.9936483508273879,0.9978828468761906,0.9925933567426634,0.004948903810950451,264
524,8.083692729473114,0.7869443143846839,0.06925046443939209,0.008012372000791768,0.05,9,sqrt,4,5,450,1.0,"{'learning_rate': 0.05, 'max_depth': 9, 'max_features': 'sqrt', 'min_samples_leaf': 4, 'min_samples_split': 5, 'n_estimators': 450, 'subsample': 1.0}",0.9858949261522791,0.9943581500461534,0.9929425522759148,0.997177133385926,0.9925931904650683,0.004156814089642682,302
525,10.979564607143402,0.341894106267351,0.10240399837493896,0.00839004460398695,0.05,9,sqrt,4,5,650,0.8,"{'learning_rate': 0.05, 'max_depth': 9, 'max_features': 'sqrt', 'min_samples_leaf': 4, 'min_samples_split': 5, 'n_estimators': 650, 'subsample': 0.8}",0.9866005197259626,0.9936528777649296,0.992236981492171,0.997177133385926,0.9924168780922473,0.0038095312403114328,436
526,10.947166502475739,0.3228730698264052,0.10236197710037231,0.007404816618493231,0.05,9,sqrt,4,5,650,0.9,"{'learning_rate': 0.05, 'max_depth': 9, 'max_features': 'sqrt', 'min_samples_leaf': 4, 'min_samples_split': 5, 'n_estimators': 650, 'subsample': 0.9}",0.984484418767507,0.9936528777649296,0.9929426647541637,0.997177133385926,0.9920642736681315,0.004660760900452589,676
527,11.567479848861694,0.5479352555070294,0.10724955797195435,0.01202838072743177,0.05,9,sqrt,4,5,650,1.0,"{'learning_rate': 0.05, 'max_depth': 9, 'max_features': 'sqrt', 'min_samples_leaf': 4, 'min_samples_split': 5, 'n_estimators': 650, 'subsample': 1.0}",0.9858949261522791,0.9943581500461534,0.9929426647541637,0.9964714114603177,0.9924167881032284,0.003969259575806618,445
528,2.23230904340744,0.01509022974636729,0.024998128414154053,0.0014128481154941951,0.05,9,sqrt,4,10,150,0.8,"{'learning_rate': 0.05, 'max_depth': 9, 'max_features': 'sqrt', 'min_samples_leaf': 4, 'min_samples_split': 10, 'n_estimators': 150, 'subsample': 0.8}",0.9816637323068047,0.9936528777649296,0.9929426647541637,0.9978828468761906,0.9915355304255221,0.00600424872478182,942
529,2.712171733379364,0.20017599203684466,0.025999784469604492,0.0009986170510535284,0.05,9,sqrt,4,10,150,0.9,"{'learning_rate': 0.05, 'max_depth': 9, 'max_features': 'sqrt', 'min_samples_leaf': 4, 'min_samples_split': 10, 'n_estimators': 150, 'subsample': 0.9}",0.9844846965672964,0.9929475893487711,0.9929426647541637,0.9978828468761906,0.9920644493866054,0.004818132433143127,634
530,2.6268616914749146,0.2812111636670575,0.026248455047607422,0.004710975120153543,0.05,9,sqrt,4,10,150,1.0,"{'learning_rate': 0.05, 'max_depth': 9, 'max_features': 'sqrt', 'min_samples_leaf': 4, 'min_samples_split': 10, 'n_estimators': 150, 'subsample': 1.0}",0.9823688243014796,0.9943581500461534,0.994354131803331,0.9978828468761906,0.9922409882567886,0.005878731570935633,465
531,6.007349669933319,0.5220466389944848,0.06024980545043945,0.005067534234440248,0.05,9,sqrt,4,10,350,0.8,"{'learning_rate': 0.05, 'max_depth': 9, 'max_features': 'sqrt', 'min_samples_leaf': 4, 'min_samples_split': 10, 'n_estimators': 350, 'subsample': 0.8}",0.9837793183573613,0.9943581500461534,0.9936484394026853,0.9971771221387733,0.9922407574862433,0.005060349981601149,494
532,5.729170203208923,0.35916507816746124,0.05649977922439575,0.006800702577593206,0.05,9,sqrt,4,10,350,0.9,"{'learning_rate': 0.05, 'max_depth': 9, 'max_features': 'sqrt', 'min_samples_leaf': 4, 'min_samples_split': 10, 'n_estimators': 350, 'subsample': 0.9}",0.9830739113827349,0.9943581500461534,0.994354131803331,0.9978828468761906,0.9924172600271025,0.005583218826061081,330
533,6.3356032371521,0.33623387938791,0.05404406785964966,0.001824729211242112,0.05,9,sqrt,4,10,350,1.0,"{'learning_rate': 0.05, 'max_depth': 9, 'max_features': 'sqrt', 'min_samples_leaf': 4, 'min_samples_split': 10, 'n_estimators': 350, 'subsample': 1.0}",0.9844846965672964,0.9943581500461534,0.9929426647541637,0.9964714114603177,0.9920642307069829,0.0045526446236529424,684
534,7.280861496925354,0.5258589302923585,0.06974947452545166,0.0035625640895584247,0.05,9,sqrt,4,10,450,0.8,"{'learning_rate': 0.05, 'max_depth': 9, 'max_features': 'sqrt', 'min_samples_leaf': 4, 'min_samples_split': 10, 'n_estimators': 450, 'subsample': 0.8}",0.9837793183573613,0.9943581500461534,0.9936484394026853,0.9978828468761906,0.9924171886705977,0.005238547809157612,338
535,7.704826295375824,0.6857621640795277,0.07525163888931274,0.007362506615213326,0.05,9,sqrt,4,10,450,0.9,"{'learning_rate': 0.05, 'max_depth': 9, 'max_features': 'sqrt', 'min_samples_leaf': 4, 'min_samples_split': 10, 'n_estimators': 450, 'subsample': 0.9}",0.9844846965672964,0.9943581500461534,0.9929425522759148,0.9978828468761906,0.9924170614413889,0.004920396033444441,374
536,8.096598207950592,0.7278822614103453,0.07074940204620361,0.006977000628208557,0.05,9,sqrt,4,10,450,1.0,"{'learning_rate': 0.05, 'max_depth': 9, 'max_features': 'sqrt', 'min_samples_leaf': 4, 'min_samples_split': 10, 'n_estimators': 450, 'subsample': 1.0}",0.9837793183573613,0.9943581500461534,0.9936484394026853,0.997177133385926,0.9922407602980315,0.005060352724498349,491
537,10.288461029529572,0.44869844263064745,0.09974992275238037,0.003960608878093733,0.05,9,sqrt,4,10,650,0.8,"{'learning_rate': 0.05, 'max_depth': 9, 'max_features': 'sqrt', 'min_samples_leaf': 4, 'min_samples_split': 10, 'n_estimators': 650, 'subsample': 0.8}",0.9866003064691244,0.9936528777649296,0.9929425522759148,0.9957656832081598,0.9922403549295322,0.0034178351328591557,607
538,10.880708277225494,0.6412470662132098,0.10679340362548828,0.011705063625867857,0.05,9,sqrt,4,10,650,0.9,"{'learning_rate': 0.05, 'max_depth': 9, 'max_features': 'sqrt', 'min_samples_leaf': 4, 'min_samples_split': 10, 'n_estimators': 650, 'subsample': 0.9}",0.9858951786975421,0.9943581500461534,0.9922368732334741,0.9964714114603177,0.9922404033593719,0.003957529818287073,600
539,10.40433132648468,0.7191993106007214,0.09563052654266357,0.007719546787447245,0.05,9,sqrt,4,10,650,1.0,"{'learning_rate': 0.05, 'max_depth': 9, 'max_features': 'sqrt', 'min_samples_leaf': 4, 'min_samples_split': 10, 'n_estimators': 650, 'subsample': 1.0}",0.985894617473565,0.9943581500461534,0.992236734039284,0.997177133385926,0.9924166587362321,0.004153339094192218,459
540,3.4446125626564026,0.09234866499748377,0.027750611305236816,0.002681424102907032,0.05,9,log2,1,2,150,0.8,"{'learning_rate': 0.05, 'max_depth': 9, 'max_features': 'log2', 'min_samples_leaf': 1, 'min_samples_split': 2, 'n_estimators': 150, 'subsample': 0.8}",0.9816639876499984,0.9929475893487711,0.9901193763422866,0.997177133385926,0.9904770216817456,0.005674343144351985,1167
541,3.8071659803390503,0.4305185929126582,0.02894139289855957,0.0008867325289468504,0.05,9,log2,1,2,150,0.9,"{'learning_rate': 0.05, 'max_depth': 9, 'max_features': 'log2', 'min_samples_leaf': 1, 'min_samples_split': 2, 'n_estimators': 150, 'subsample': 0.9}",0.9866006796641367,0.9943581500461534,0.9929427491104976,0.9971771221387733,0.9927696752398902,0.0038741225250035864,154
542,4.098759233951569,0.18096668277204367,0.03149789571762085,0.004329765253680073,0.05,9,log2,1,2,150,1.0,"{'learning_rate': 0.05, 'max_depth': 9, 'max_features': 'log2', 'min_samples_leaf': 1, 'min_samples_split': 2, 'n_estimators': 150, 'subsample': 1.0}",0.9866006796641367,0.9936528777649296,0.9943542442775466,0.997177133385926,0.9929462337731347,0.0038938543820812373,51
543,8.038962602615356,0.7049656337973041,0.06365054845809937,0.007866097899755616,0.05,9,log2,1,2,350,0.8,"{'learning_rate': 0.05, 'max_depth': 9, 'max_features': 'log2', 'min_samples_leaf': 1, 'min_samples_split': 2, 'n_estimators': 350, 'subsample': 0.8}",0.9851900481181693,0.9943581500461534,0.9922368732334741,0.9957656832081598,0.9918876886514891,0.0040657822085657155,838
544,8.952617228031158,0.8652004217667555,0.06149923801422119,0.005937252797581184,0.05,9,log2,1,2,350,0.9,"{'learning_rate': 0.05, 'max_depth': 9, 'max_features': 'log2', 'min_samples_leaf': 1, 'min_samples_split': 2, 'n_estimators': 350, 'subsample': 0.9}",0.9858955154104921,0.9943581500461534,0.9922368732334741,0.997177133385926,0.9924169180190114,0.004152985077923231,420
545,9.566003024578094,0.9117798781824762,0.07200074195861816,0.013546009804232238,0.05,9,log2,1,2,350,1.0,"{'learning_rate': 0.05, 'max_depth': 9, 'max_features': 'log2', 'min_samples_leaf': 1, 'min_samples_split': 2, 'n_estimators': 350, 'subsample': 1.0}",0.9858953751153834,0.9943581500461534,0.9922368732334741,0.9964714114603177,0.9922404524638322,0.0039574510877836075,592
546,10.880415737628937,1.1276742048858577,0.07599961757659912,0.004301973535885154,0.05,9,log2,1,2,450,0.8,"{'learning_rate': 0.05, 'max_depth': 9, 'max_features': 'log2', 'min_samples_leaf': 1, 'min_samples_split': 2, 'n_estimators': 450, 'subsample': 0.8}",0.9837789956545375,0.9943581500461534,0.9922368732334741,0.9964714114603177,0.9917113575986207,0.004818250608908455,920
547,11.396591484546661,0.8448237956704788,0.07650023698806763,0.009097579917413511,0.05,9,log2,1,2,450,0.9,"{'learning_rate': 0.05, 'max_depth': 9, 'max_features': 'log2', 'min_samples_leaf': 1, 'min_samples_split': 2, 'n_estimators': 450, 'subsample': 0.9}",0.9866005197259626,0.9943581500461534,0.9922368732334741,0.997177133385926,0.9925931690978791,0.003878359175591622,306
548,11.175387024879456,0.4881779829982483,0.07993131875991821,0.005290294428906619,0.05,9,log2,1,2,450,1.0,"{'learning_rate': 0.05, 'max_depth': 9, 'max_features': 'log2', 'min_samples_leaf': 1, 'min_samples_split': 2, 'n_estimators': 450, 'subsample': 1.0}",0.984484418767507,0.9950634082973135,0.9936483508273879,0.997177133385926,0.9925933278195336,0.0048471654242025685,275
549,12.796435356140137,1.109131162754607,0.09275829792022705,0.004812710429335967,0.05,9,log2,1,2,650,0.8,"{'learning_rate': 0.05, 'max_depth': 9, 'max_features': 'log2', 'min_samples_leaf': 1, 'min_samples_split': 2, 'n_estimators': 650, 'subsample': 0.8}",0.985189812413243,0.9936528777649296,0.9922368732334741,0.9964714114603177,0.9918877437179912,0.004156617716287277,825
550,13.58567076921463,1.0462326405857247,0.10001868009567261,0.008778387471905418,0.05,9,log2,1,2,650,0.9,"{'learning_rate': 0.05, 'max_depth': 9, 'max_features': 'log2', 'min_samples_leaf': 1, 'min_samples_split': 2, 'n_estimators': 650, 'subsample': 0.9}",0.9873056608277879,0.9943581500461534,0.9922368732334741,0.9964714114603177,0.9925930238919334,0.0034000224975182175,321
551,13.462976515293121,1.288108687494991,0.09611576795578003,0.012631378220544222,0.05,9,log2,1,2,650,1.0,"{'learning_rate': 0.05, 'max_depth': 9, 'max_features': 'log2', 'min_samples_leaf': 1, 'min_samples_split': 2, 'n_estimators': 650, 'subsample': 1.0}",0.9873054335370511,0.9943581500461534,0.9922368732334741,0.9964714114603177,0.992592967069249,0.003400110862551356,322
552,3.332599401473999,0.3566800130766557,0.027250051498413086,0.002947354838308072,0.05,9,log2,1,5,150,0.8,"{'learning_rate': 0.05, 'max_depth': 9, 'max_features': 'log2', 'min_samples_leaf': 1, 'min_samples_split': 5, 'n_estimators': 150, 'subsample': 0.8}",0.9802524644629909,0.9929475893487711,0.9922368732334741,0.9964713903718013,0.9904770793542593,0.006117082809233476,1163
553,3.24750816822052,0.4153470989823272,0.026685655117034912,0.003304353045842623,0.05,9,log2,1,5,150,0.9,"{'learning_rate': 0.05, 'max_depth': 9, 'max_features': 'log2', 'min_samples_leaf': 1, 'min_samples_split': 5, 'n_estimators': 150, 'subsample': 0.9}",0.9837789956545375,0.9936528777649296,0.9922368732334741,0.997177133385926,0.9917114700097168,0.004920435401393505,901
554,3.442936360836029,0.22056520900570553,0.032751262187957764,0.0037690669789253593,0.05,9,log2,1,5,150,1.0,"{'learning_rate': 0.05, 'max_depth': 9, 'max_features': 'log2', 'min_samples_leaf': 1, 'min_samples_split': 5, 'n_estimators': 150, 'subsample': 1.0}",0.9844846965672964,0.9943581500461534,0.994354131803331,0.997177133385926,0.9925935279506767,0.004821208413249859,209
555,6.539247572422028,0.347670483357798,0.05725008249282837,0.005671933413115766,0.05,9,log2,1,5,350,0.8,"{'learning_rate': 0.05, 'max_depth': 9, 'max_features': 'log2', 'min_samples_leaf': 1, 'min_samples_split': 5, 'n_estimators': 350, 'subsample': 0.8}",0.9830739113827349,0.9943581500461534,0.9929426647541637,0.9957656832081598,0.991535102347803,0.004985990302796638,978
556,7.797611653804779,0.3700423597913264,0.060367465019226074,0.0034870481670598785,0.05,9,log2,1,5,350,0.9,"{'learning_rate': 0.05, 'max_depth': 9, 'max_features': 'log2', 'min_samples_leaf': 1, 'min_samples_split': 5, 'n_estimators': 350, 'subsample': 0.9}",0.9830735409682778,0.9943581500461534,0.9929426647541637,0.997177133385926,0.9918878722886302,0.005312334207412292,800
557,7.658250510692596,0.5740220848287034,0.06299835443496704,0.008399056472778528,0.05,9,log2,1,5,350,1.0,"{'learning_rate': 0.05, 'max_depth': 9, 'max_features': 'log2', 'min_samples_leaf': 1, 'min_samples_split': 5, 'n_estimators': 350, 'subsample': 1.0}",0.9866005197259626,0.9943581500461534,0.9929426647541637,0.997177133385926,0.9927696169780514,0.0038741884515561256,166
558,9.399019241333008,0.8003664798332285,0.07900023460388184,0.01579486188007718,0.05,9,log2,1,5,450,0.8,"{'learning_rate': 0.05, 'max_depth': 9, 'max_features': 'log2', 'min_samples_leaf': 1, 'min_samples_split': 5, 'n_estimators': 450, 'subsample': 0.8}",0.9837793183573613,0.9943581500461534,0.9922368732334741,0.997177133385926,0.9918878687557287,0.004998724929180137,802
559,9.650817215442657,0.5282333554458556,0.0722496509552002,0.00326752524791662,0.05,9,log2,1,5,450,0.9,"{'learning_rate': 0.05, 'max_depth': 9, 'max_features': 'log2', 'min_samples_leaf': 1, 'min_samples_split': 5, 'n_estimators': 450, 'subsample': 0.9}",0.9858951786975421,0.9943581500461534,0.9915311977049964,0.997177133385926,0.9922404149586544,0.0041719600625248,598
560,10.08247196674347,0.7424295475457771,0.07924968004226685,0.010279687840320599,0.05,9,log2,1,5,450,1.0,"{'learning_rate': 0.05, 'max_depth': 9, 'max_features': 'log2', 'min_samples_leaf': 1, 'min_samples_split': 5, 'n_estimators': 450, 'subsample': 1.0}",0.9887161429580337,0.9943581500461534,0.9929426647541637,0.997177133385926,0.9932985227860691,0.0030533289186923983,13
561,12.181264102458954,0.86873584572646,0.108248770236969,0.019483603340389302,0.05,9,log2,1,5,650,0.8,"{'learning_rate': 0.05, 'max_depth': 9, 'max_features': 'log2', 'min_samples_leaf': 1, 'min_samples_split': 5, 'n_estimators': 650, 'subsample': 0.8}",0.9858949261522791,0.9936528777649296,0.9922368732334741,0.9964714114603177,0.9920640221527501,0.0038741826758669313,736
562,12.437712669372559,0.8995810416456166,0.10276967287063599,0.01209405022439691,0.05,9,log2,1,5,650,0.9,"{'learning_rate': 0.05, 'max_depth': 9, 'max_features': 'log2', 'min_samples_leaf': 1, 'min_samples_split': 5, 'n_estimators': 650, 'subsample': 0.9}",0.9858951786975421,0.9943581500461534,0.9929426647541637,0.997177133385926,0.9925932817209463,0.004156714715610546,287
563,11.99629431962967,1.4757606586248,0.10035592317581177,0.008272545756081428,0.05,9,log2,1,5,650,1.0,"{'learning_rate': 0.05, 'max_depth': 9, 'max_features': 'log2', 'min_samples_leaf': 1, 'min_samples_split': 5, 'n_estimators': 650, 'subsample': 1.0}",0.9866003064691244,0.9943581500461534,0.9922368732334741,0.9978828510938604,0.9927695452106531,0.0040930675679698774,177
564,2.6388442516326904,0.1647406598989809,0.0247499942779541,0.0008286294397059566,0.05,9,log2,1,10,150,0.8,"{'learning_rate': 0.05, 'max_depth': 9, 'max_features': 'log2', 'min_samples_leaf': 1, 'min_samples_split': 10, 'n_estimators': 150, 'subsample': 0.8}",0.9816639876499984,0.9943581500461534,0.9922368732334741,0.997177133385926,0.991359036078888,0.005865353846344116,1017
565,2.8323463201522827,0.33684162282212265,0.026770830154418945,0.002396291333056484,0.05,9,log2,1,10,150,0.9,"{'learning_rate': 0.05, 'max_depth': 9, 'max_features': 'log2', 'min_samples_leaf': 1, 'min_samples_split': 10, 'n_estimators': 150, 'subsample': 0.9}",0.9830742144370506,0.9943581500461534,0.9936484394026853,0.997177133385926,0.9920644843179538,0.005355696714874649,630
566,2.8829063177108765,0.2280052752999797,0.02574896812438965,0.002043846220897102,0.05,9,log2,1,10,150,1.0,"{'learning_rate': 0.05, 'max_depth': 9, 'max_features': 'log2', 'min_samples_leaf': 1, 'min_samples_split': 10, 'n_estimators': 150, 'subsample': 1.0}",0.9837795765103758,0.9936528777649296,0.9929426647541637,0.997177133385926,0.9918880631038488,0.0049484486133053625,764
567,5.826393723487854,0.489221175345716,0.05433017015457153,0.0017801116063884596,0.05,9,log2,1,10,350,0.8,"{'learning_rate': 0.05, 'max_depth': 9, 'max_features': 'log2', 'min_samples_leaf': 1, 'min_samples_split': 10, 'n_estimators': 350, 'subsample': 0.8}",0.9830735409682778,0.9943581500461534,0.9929427491104976,0.9964714114603177,0.9917114628963117,0.005142757630327641,902
568,6.987671136856079,0.2564924406752274,0.06024789810180664,0.0037648614450408254,0.05,9,log2,1,10,350,0.9,"{'learning_rate': 0.05, 'max_depth': 9, 'max_features': 'log2', 'min_samples_leaf': 1, 'min_samples_split': 10, 'n_estimators': 350, 'subsample': 0.9}",0.984484418767507,0.9943581500461534,0.9936484394026853,0.997177133385926,0.9924170354005679,0.0047662674432164655,377
569,6.761156797409058,0.826077100623538,0.059250831604003906,0.0023857125519827728,0.05,9,log2,1,10,350,1.0,"{'learning_rate': 0.05, 'max_depth': 9, 'max_features': 'log2', 'min_samples_leaf': 1, 'min_samples_split': 10, 'n_estimators': 350, 'subsample': 1.0}",0.985189812413243,0.9943581500461534,0.9936484394026853,0.9964714114603177,0.9924169533305998,0.004299854625425874,412
570,8.303950190544128,0.7397813088767782,0.07499897480010986,0.004636177644904223,0.05,9,log2,1,10,450,0.8,"{'learning_rate': 0.05, 'max_depth': 9, 'max_features': 'log2', 'min_samples_leaf': 1, 'min_samples_split': 10, 'n_estimators': 450, 'subsample': 0.8}",0.984484418767507,0.9950634082973135,0.9915311977049964,0.9964714114603177,0.9918876090575337,0.004637650288716185,845
571,7.952580213546753,0.5946152239034186,0.06725043058395386,0.005261665759490207,0.05,9,log2,1,10,450,0.9,"{'learning_rate': 0.05, 'max_depth': 9, 'max_features': 'log2', 'min_samples_leaf': 1, 'min_samples_split': 10, 'n_estimators': 450, 'subsample': 0.9}",0.9844840792209213,0.9943581500461534,0.9922368732334741,0.9964714114603177,0.9918876284902167,0.004529046719479528,844
572,8.459813356399536,0.8764514695167079,0.07549870014190674,0.0050256543637875375,0.05,9,log2,1,10,450,1.0,"{'learning_rate': 0.05, 'max_depth': 9, 'max_features': 'log2', 'min_samples_leaf': 1, 'min_samples_split': 10, 'n_estimators': 450, 'subsample': 1.0}",0.9866003064691244,0.9943581500461534,0.9922368732334741,0.997177133385926,0.9925931157836695,0.003878441554303952,314
573,11.00398051738739,0.49570446883309593,0.09376561641693115,0.005543252428334927,0.05,9,log2,1,10,650,0.8,"{'learning_rate': 0.05, 'max_depth': 9, 'max_features': 'log2', 'min_samples_leaf': 1, 'min_samples_split': 10, 'n_estimators': 650, 'subsample': 0.8}",0.9837789956545375,0.9943581500461534,0.9936484394026853,0.9964714114603177,0.9920642491409235,0.00489489900793761,681
574,10.978580594062805,0.6926762446086312,0.1053207516670227,0.014455272096641656,0.05,9,log2,1,10,650,0.9,"{'learning_rate': 0.05, 'max_depth': 9, 'max_features': 'log2', 'min_samples_leaf': 1, 'min_samples_split': 10, 'n_estimators': 650, 'subsample': 0.9}",0.984484418767507,0.9943581500461534,0.9929425522759148,0.9964714114603177,0.9920641331374733,0.004552754822779764,711
575,11.493136286735535,0.5401569862714403,0.09650129079818726,0.007762411800003833,0.05,9,log2,1,10,650,1.0,"{'learning_rate': 0.05, 'max_depth': 9, 'max_features': 'log2', 'min_samples_leaf': 1, 'min_samples_split': 10, 'n_estimators': 650, 'subsample': 1.0}",0.9851895177715342,0.9943581500461534,0.9936483508273879,0.9964714114603177,0.9924168575263483,0.004299972090983259,438
576,2.963409960269928,0.27892016616406656,0.029750943183898926,0.0042652940553309475,0.05,9,log2,2,2,150,0.8,"{'learning_rate': 0.05, 'max_depth': 9, 'max_features': 'log2', 'min_samples_leaf': 2, 'min_samples_split': 2, 'n_estimators': 150, 'subsample': 0.8}",0.9837795765103758,0.9936528777649296,0.9915310627310978,0.9964714114603177,0.9913587321166804,0.004713700559843604,1050
577,3.2041176557540894,0.3745020150645129,0.026250183582305908,0.0022802245859405296,0.05,9,log2,2,2,150,0.9,"{'learning_rate': 0.05, 'max_depth': 9, 'max_features': 'log2', 'min_samples_leaf': 2, 'min_samples_split': 2, 'n_estimators': 150, 'subsample': 0.9}",0.9830742144370506,0.9936528777649296,0.992236981492171,0.997177133385926,0.9915353017700193,0.005205687883581456,961
578,3.416649281978607,0.3038493649455872,0.030749797821044922,0.0035613173216355884,0.05,9,log2,2,2,150,1.0,"{'learning_rate': 0.05, 'max_depth': 9, 'max_features': 'log2', 'min_samples_leaf': 2, 'min_samples_split': 2, 'n_estimators': 150, 'subsample': 1.0}",0.9830739113827349,0.9936528777649296,0.9908252311373358,0.997177133385926,0.9911822884177316,0.005194113157178966,1089
579,7.121445119380951,0.5212210209847706,0.06374913454055786,0.0023828945082914137,0.05,9,log2,2,2,350,0.8,"{'learning_rate': 0.05, 'max_depth': 9, 'max_features': 'log2', 'min_samples_leaf': 2, 'min_samples_split': 2, 'n_estimators': 350, 'subsample': 0.8}",0.9830739113827349,0.9943581500461534,0.9936484394026853,0.9964713903718013,0.9918879728008437,0.005193659923199685,776
580,7.927379608154297,0.3725357843952847,0.0679885745048523,0.01777871405971327,0.05,9,log2,2,2,350,0.9,"{'learning_rate': 0.05, 'max_depth': 9, 'max_features': 'log2', 'min_samples_leaf': 2, 'min_samples_split': 2, 'n_estimators': 350, 'subsample': 0.9}",0.9858951786975421,0.9943581500461534,0.9929427491104976,0.997177133385926,0.9925933028100298,0.004156716488364755,284
581,7.637395620346069,0.6410857097224789,0.056962430477142334,0.0025818519956253166,0.05,9,log2,2,2,350,1.0,"{'learning_rate': 0.05, 'max_depth': 9, 'max_features': 'log2', 'min_samples_leaf': 2, 'min_samples_split': 2, 'n_estimators': 350, 'subsample': 1.0}",0.9858953751153834,0.9943581500461534,0.9936483508273879,0.997177133385926,0.9927697523437127,0.004182613192887565,139
582,8.668453454971313,0.8272617101672606,0.0723002552986145,0.0052092551669329955,0.05,9,log2,2,2,450,0.8,"{'learning_rate': 0.05, 'max_depth': 9, 'max_features': 'log2', 'min_samples_leaf': 2, 'min_samples_split': 2, 'n_estimators': 450, 'subsample': 0.8}",0.9837789956545375,0.9943581500461534,0.9936485026692425,0.997177133385926,0.9922406954389649,0.0050604920229435435,511
583,9.920418798923492,0.44316596508152845,0.07956826686859131,0.009293110196165829,0.05,9,log2,2,2,450,0.9,"{'learning_rate': 0.05, 'max_depth': 9, 'max_features': 'log2', 'min_samples_leaf': 2, 'min_samples_split': 2, 'n_estimators': 450, 'subsample': 0.9}",0.984484418767507,0.9943581500461534,0.9915310627310978,0.997177133385926,0.9918876912326711,0.004717440834905414,837
584,9.35754257440567,0.8209122519039856,0.07550168037414551,0.00634358471755453,0.05,9,log2,2,2,450,1.0,"{'learning_rate': 0.05, 'max_depth': 9, 'max_features': 'log2', 'min_samples_leaf': 2, 'min_samples_split': 2, 'n_estimators': 450, 'subsample': 1.0}",0.9858949261522791,0.9943581500461534,0.9922368732334741,0.997177133385926,0.9924167707044582,0.004153216406302642,449
585,11.82841569185257,0.8425343060764784,0.10024970769882202,0.005069030811914043,0.05,9,log2,2,2,650,0.8,"{'learning_rate': 0.05, 'max_depth': 9, 'max_features': 'log2', 'min_samples_leaf': 2, 'min_samples_split': 2, 'n_estimators': 650, 'subsample': 0.8}",0.985189812413243,0.9943581500461534,0.9922368732334741,0.9964714114603177,0.992064061788297,0.004241837465424329,725
586,12.236332476139069,0.9079566326741202,0.09950137138366699,0.009760515715635076,0.05,9,log2,2,2,650,0.9,"{'learning_rate': 0.05, 'max_depth': 9, 'max_features': 'log2', 'min_samples_leaf': 2, 'min_samples_split': 2, 'n_estimators': 650, 'subsample': 0.9}",0.984484418767507,0.9943581500461534,0.9929425522759148,0.9978828510938604,0.992416993045859,0.00492050916792566,399
587,12.40159958600998,1.0142967194905663,0.09928590059280396,0.005045500451794088,0.05,9,log2,2,2,650,1.0,"{'learning_rate': 0.05, 'max_depth': 9, 'max_features': 'log2', 'min_samples_leaf': 2, 'min_samples_split': 2, 'n_estimators': 650, 'subsample': 1.0}",0.9858949261522791,0.9943581500461534,0.9929425522759148,0.997177133385926,0.9925931904650683,0.004156814089642682,302
588,2.8031578063964844,0.2230926497593448,0.025250792503356934,0.0022760040873675844,0.05,9,log2,2,5,150,0.8,"{'learning_rate': 0.05, 'max_depth': 9, 'max_features': 'log2', 'min_samples_leaf': 2, 'min_samples_split': 5, 'n_estimators': 150, 'subsample': 0.8}",0.9851900481181693,0.9943581500461534,0.992236981492171,0.9957656832081598,0.9918877157161634,0.004065784533250736,835
589,3.1864996552467346,0.2705996217631218,0.02924942970275879,0.002487348421361055,0.05,9,log2,2,5,150,0.9,"{'learning_rate': 0.05, 'max_depth': 9, 'max_features': 'log2', 'min_samples_leaf': 2, 'min_samples_split': 5, 'n_estimators': 150, 'subsample': 0.9}",0.9837795765103758,0.9936528777649296,0.9922368732334741,0.9957657000788889,0.9913587568969171,0.004552449955750143,1045
590,3.030998110771179,0.22458785796997005,0.031000792980194092,0.0051497124571238525,0.05,9,log2,2,5,150,1.0,"{'learning_rate': 0.05, 'max_depth': 9, 'max_features': 'log2', 'min_samples_leaf': 2, 'min_samples_split': 5, 'n_estimators': 150, 'subsample': 1.0}",0.9858953751153834,0.9936528777649296,0.9929426647541637,0.9964714114603177,0.9922405822736986,0.0038938755710798637,551
591,6.401594400405884,0.49545785317537344,0.05551612377166748,0.0038675108022935205,0.05,9,log2,2,5,350,0.8,"{'learning_rate': 0.05, 'max_depth': 9, 'max_features': 'log2', 'min_samples_leaf': 2, 'min_samples_split': 5, 'n_estimators': 350, 'subsample': 0.8}",0.9830739113827349,0.9943581500461534,0.9936484394026853,0.9971771221387733,0.9920644057425867,0.005355821210347481,637
592,7.376961827278137,0.6364375689106574,0.06135594844818115,0.007100054804654188,0.05,9,log2,2,5,350,0.9,"{'learning_rate': 0.05, 'max_depth': 9, 'max_features': 'log2', 'min_samples_leaf': 2, 'min_samples_split': 5, 'n_estimators': 350, 'subsample': 0.9}",0.9851900481181693,0.9943581500461534,0.9929425522759148,0.997177133385926,0.9924169709565409,0.004442183360891599,405
593,7.630305051803589,0.682516505383466,0.05928117036819458,0.0054236798947745815,0.05,9,log2,2,5,350,1.0,"{'learning_rate': 0.05, 'max_depth': 9, 'max_features': 'log2', 'min_samples_leaf': 2, 'min_samples_split': 5, 'n_estimators': 350, 'subsample': 1.0}",0.9837793183573613,0.9943581500461534,0.9936484394026853,0.997177133385926,0.9922407602980315,0.005060352724498349,491
594,9.135440111160278,0.3251338420577195,0.08241850137710571,0.0019520442749550258,0.05,9,log2,2,5,450,0.8,"{'learning_rate': 0.05, 'max_depth': 9, 'max_features': 'log2', 'min_samples_leaf': 2, 'min_samples_split': 5, 'n_estimators': 450, 'subsample': 0.8}",0.9851900481181693,0.9943581500461534,0.9922368732334741,0.9964714114603177,0.9920641207145287,0.004241741970732432,715
595,8.85198438167572,0.7093292907095471,0.07524949312210083,0.006831757521859684,0.05,9,log2,2,5,450,0.9,"{'learning_rate': 0.05, 'max_depth': 9, 'max_features': 'log2', 'min_samples_leaf': 2, 'min_samples_split': 5, 'n_estimators': 450, 'subsample': 0.9}",0.9858951786975421,0.9943581500461534,0.9915310627310978,0.997177133385926,0.9922403812151799,0.004171965799191868,603
596,8.901670575141907,0.7902650355426696,0.06649857759475708,0.0011171267499159412,0.05,9,log2,2,5,450,1.0,"{'learning_rate': 0.05, 'max_depth': 9, 'max_features': 'log2', 'min_samples_leaf': 2, 'min_samples_split': 5, 'n_estimators': 450, 'subsample': 1.0}",0.9851900481181693,0.9943581500461534,0.9929425522759148,0.997177133385926,0.9924169709565409,0.004442183360891599,405
597,11.036386549472809,0.8223577378949448,0.09874957799911499,0.004493537196971345,0.05,9,log2,2,5,650,0.8,"{'learning_rate': 0.05, 'max_depth': 9, 'max_features': 'log2', 'min_samples_leaf': 2, 'min_samples_split': 5, 'n_estimators': 650, 'subsample': 0.8}",0.9858949261522791,0.9943581500461534,0.9922368732334741,0.997177133385926,0.9924167707044582,0.004153216406302642,449
598,12.235183238983154,0.4330781065736336,0.09950190782546997,0.010209487625159505,0.05,9,log2,2,5,650,0.9,"{'learning_rate': 0.05, 'max_depth': 9, 'max_features': 'log2', 'min_samples_leaf': 2, 'min_samples_split': 5, 'n_estimators': 650, 'subsample': 0.9}",0.9837789956545375,0.9943581500461534,0.9929425522759148,0.997177133385926,0.992064207840633,0.0050204683145497545,689
599,12.323812901973724,0.27976049855987456,0.0935010313987732,0.0025973269035016824,0.05,9,log2,2,5,650,1.0,"{'learning_rate': 0.05, 'max_depth': 9, 'max_features': 'log2', 'min_samples_leaf': 2, 'min_samples_split': 5, 'n_estimators': 650, 'subsample': 1.0}",0.985189812413243,0.9943581500461534,0.9936483508273879,0.997177133385926,0.9925933616681776,0.004473560798618981,258
600,2.640555262565613,0.2551616221187321,0.029749274253845215,0.005718041510170155,0.05,9,log2,2,10,150,0.8,"{'learning_rate': 0.05, 'max_depth': 9, 'max_features': 'log2', 'min_samples_leaf': 2, 'min_samples_split': 10, 'n_estimators': 150, 'subsample': 0.8}",0.9830739113827349,0.9929475893487711,0.9929426647541637,0.997177133385926,0.991535324717899,0.005181713472404724,957
601,2.633138954639435,0.24658022857828077,0.02725040912628174,0.0019216683491620654,0.05,9,log2,2,10,150,0.9,"{'learning_rate': 0.05, 'max_depth': 9, 'max_features': 'log2', 'min_samples_leaf': 2, 'min_samples_split': 10, 'n_estimators': 150, 'subsample': 0.9}",0.9851902248919406,0.9936528777649296,0.9929426647541637,0.997177133385926,0.99224072519924,0.00437505926749452,503
602,3.008090853691101,0.2927080422808156,0.027251601219177246,0.0024879597016224954,0.05,9,log2,2,10,150,1.0,"{'learning_rate': 0.05, 'max_depth': 9, 'max_features': 'log2', 'min_samples_leaf': 2, 'min_samples_split': 10, 'n_estimators': 150, 'subsample': 1.0}",0.9844846965672964,0.9943581500461534,0.9957656494662985,0.997177133385926,0.9929464073664186,0.004985998789401112,42
603,5.904171466827393,0.5652065206050431,0.056500375270843506,0.0030412295245035507,0.05,9,log2,2,10,350,0.8,"{'learning_rate': 0.05, 'max_depth': 9, 'max_features': 'log2', 'min_samples_leaf': 2, 'min_samples_split': 10, 'n_estimators': 350, 'subsample': 0.8}",0.9837793183573613,0.9943581500461534,0.9936483508273879,0.9964714114603177,0.9920643076728051,0.004894755287557133,664
604,6.095103561878204,0.2678812639150361,0.05899685621261597,0.004947474256887897,0.05,9,log2,2,10,350,0.9,"{'learning_rate': 0.05, 'max_depth': 9, 'max_features': 'log2', 'min_samples_leaf': 2, 'min_samples_split': 10, 'n_estimators': 350, 'subsample': 0.9}",0.9837793183573613,0.9943581500461534,0.9915311977049964,0.997177133385926,0.9917114498736093,0.0049957461728829585,903
605,6.69974946975708,0.4358421429612441,0.05775046348571777,0.0063012230880247,0.05,9,log2,2,10,350,1.0,"{'learning_rate': 0.05, 'max_depth': 9, 'max_features': 'log2', 'min_samples_leaf': 2, 'min_samples_split': 10, 'n_estimators': 350, 'subsample': 1.0}",0.9858949261522791,0.9943581500461534,0.9929426647541637,0.9957657000788889,0.9922403602578713,0.003797065315310255,606
606,7.91308319568634,0.4707502380026881,0.07499921321868896,0.009193044776515011,0.05,9,log2,2,10,450,0.8,"{'learning_rate': 0.05, 'max_depth': 9, 'max_features': 'log2', 'min_samples_leaf': 2, 'min_samples_split': 10, 'n_estimators': 450, 'subsample': 0.8}",0.984484418767507,0.9943581500461534,0.9936484394026853,0.9957656832081598,0.9920641728561264,0.004442017637545534,696
607,8.147084832191467,0.6459473401348765,0.07150006294250488,0.003640626725053072,0.05,9,log2,2,10,450,0.9,"{'learning_rate': 0.05, 'max_depth': 9, 'max_features': 'log2', 'min_samples_leaf': 2, 'min_samples_split': 10, 'n_estimators': 450, 'subsample': 0.9}",0.9830735409682778,0.9943581500461534,0.9936483508273879,0.997177133385926,0.9920642938069363,0.005355972793446716,669
608,8.776366233825684,0.29820739085883435,0.07629036903381348,0.010066690265614383,0.05,9,log2,2,10,450,1.0,"{'learning_rate': 0.05, 'max_depth': 9, 'max_features': 'log2', 'min_samples_leaf': 2, 'min_samples_split': 10, 'n_estimators': 450, 'subsample': 1.0}",0.9837789956545375,0.9943581500461534,0.9936483508273879,0.997177133385926,0.9922406574785012,0.005060481462921073,522
609,10.42170935869217,0.958778860242564,0.10249960422515869,0.00950079845714386,0.05,9,log2,2,10,650,0.8,"{'learning_rate': 0.05, 'max_depth': 9, 'max_features': 'log2', 'min_samples_leaf': 2, 'min_samples_split': 10, 'n_estimators': 650, 'subsample': 0.8}",0.9858949261522791,0.9936528777649296,0.9922368732334741,0.9957656832081598,0.9918875900897106,0.003680688338923587,846
610,10.885615646839142,0.9953686942735682,0.10354173183441162,0.007293038200811858,0.05,9,log2,2,10,650,0.9,"{'learning_rate': 0.05, 'max_depth': 9, 'max_features': 'log2', 'min_samples_leaf': 2, 'min_samples_split': 10, 'n_estimators': 650, 'subsample': 0.9}",0.9837789956545375,0.9936528777649296,0.9929425522759148,0.997177133385926,0.9918878897703269,0.004948680567283148,796
611,10.74623191356659,0.8285073092265786,0.09705191850662231,0.006467359129919001,0.05,9,log2,2,10,650,1.0,"{'learning_rate': 0.05, 'max_depth': 9, 'max_features': 'log2', 'min_samples_leaf': 2, 'min_samples_split': 10, 'n_estimators': 650, 'subsample': 1.0}",0.984484418767507,0.9943581500461534,0.9950598973131997,0.997177133385926,0.9927698998781965,0.004894883330468186,105
612,2.752906084060669,0.14150062418961593,0.026753008365631104,0.003701694327459396,0.05,9,log2,4,2,150,0.8,"{'learning_rate': 0.05, 'max_depth': 9, 'max_features': 'log2', 'min_samples_leaf': 4, 'min_samples_split': 2, 'n_estimators': 150, 'subsample': 0.8}",0.9830744501384601,0.9936528777649296,0.9936484394026853,0.9978828468761906,0.9920646535455664,0.0054705110534996534,617
613,3.0329943895339966,0.03834003019084062,0.028750121593475342,0.0032700723662008766,0.05,9,log2,4,2,150,0.9,"{'learning_rate': 0.05, 'max_depth': 9, 'max_features': 'log2', 'min_samples_leaf': 4, 'min_samples_split': 2, 'n_estimators': 150, 'subsample': 0.9}",0.9851902248919406,0.9936528777649296,0.9929426647541637,0.9964713903718013,0.9920642894457088,0.004182417306194037,672
614,2.8089962005615234,0.1978850992341639,0.026845574378967285,0.003166279978905354,0.05,9,log2,4,2,150,1.0,"{'learning_rate': 0.05, 'max_depth': 9, 'max_features': 'log2', 'min_samples_leaf': 4, 'min_samples_split': 2, 'n_estimators': 150, 'subsample': 1.0}",0.9858949261522791,0.9929475893487711,0.9957656494662985,0.9971771221387733,0.9929463217765306,0.004346563647983806,43
615,6.06411337852478,0.6506859179673736,0.0567510724067688,0.004023651717683117,0.05,9,log2,4,2,350,0.8,"{'learning_rate': 0.05, 'max_depth': 9, 'max_features': 'log2', 'min_samples_leaf': 4, 'min_samples_split': 2, 'n_estimators': 350, 'subsample': 0.8}",0.9844846965672964,0.9943581500461534,0.9943541992883981,0.9971771221387733,0.9925935420101553,0.004821211901165855,207
616,6.171366274356842,0.6228543251253663,0.05949890613555908,0.005722690609285093,0.05,9,log2,4,2,350,0.9,"{'learning_rate': 0.05, 'max_depth': 9, 'max_features': 'log2', 'min_samples_leaf': 4, 'min_samples_split': 2, 'n_estimators': 350, 'subsample': 0.9}",0.9830739113827349,0.9943581500461534,0.9929426647541637,0.997177133385926,0.9918879648922445,0.005312180557840037,778
617,6.249039471149445,0.4332659028194057,0.05749952793121338,0.002872924238252583,0.05,9,log2,4,2,350,1.0,"{'learning_rate': 0.05, 'max_depth': 9, 'max_features': 'log2', 'min_samples_leaf': 4, 'min_samples_split': 2, 'n_estimators': 350, 'subsample': 1.0}",0.9844846965672964,0.9943581500461534,0.9936484394026853,0.998588566692963,0.9927699631772745,0.005142855424768711,98
618,7.809909880161285,0.6470186005836371,0.07656872272491455,0.0063842134885804605,0.05,9,log2,4,2,450,0.8,"{'learning_rate': 0.05, 'max_depth': 9, 'max_features': 'log2', 'min_samples_leaf': 4, 'min_samples_split': 2, 'n_estimators': 450, 'subsample': 0.8}",0.985189812413243,0.9943581500461534,0.9929426647541637,0.9964714114603177,0.9922405096684694,0.004259996604772302,572
619,7.6211647391319275,0.5270502992691677,0.06560724973678589,0.0017076586667380243,0.05,9,log2,4,2,450,0.9,"{'learning_rate': 0.05, 'max_depth': 9, 'max_features': 'log2', 'min_samples_leaf': 4, 'min_samples_split': 2, 'n_estimators': 450, 'subsample': 0.9}",0.9851900481181693,0.9943581500461534,0.9922368732334741,0.9964714114603177,0.9920641207145287,0.004241741970732432,715
620,7.960004210472107,0.7576378829964909,0.06750756502151489,0.002488353479014421,0.05,9,log2,4,2,450,1.0,"{'learning_rate': 0.05, 'max_depth': 9, 'max_features': 'log2', 'min_samples_leaf': 4, 'min_samples_split': 2, 'n_estimators': 450, 'subsample': 1.0}",0.9844840792209213,0.9943581500461534,0.9929426647541637,0.997177133385926,0.9922405068517911,0.00473048331433845,575
621,10.977307319641113,0.23894908541920923,0.10750025510787964,0.00377343609382952,0.05,9,log2,4,2,650,0.8,"{'learning_rate': 0.05, 'max_depth': 9, 'max_features': 'log2', 'min_samples_leaf': 4, 'min_samples_split': 2, 'n_estimators': 650, 'subsample': 0.8}",0.9858949261522791,0.9943581500461534,0.9929425522759148,0.9957656832081598,0.9922403279206268,0.003797056198741868,609
622,11.099806904792786,0.8696250719801426,0.09634095430374146,0.004304505766770963,0.05,9,log2,4,2,650,0.9,"{'learning_rate': 0.05, 'max_depth': 9, 'max_features': 'log2', 'min_samples_leaf': 4, 'min_samples_split': 2, 'n_estimators': 650, 'subsample': 0.9}",0.985189812413243,0.9936528777649296,0.9929425522759148,0.997177133385926,0.9922405939600034,0.004375220935757382,544
623,11.054421544075012,0.7111297979209463,0.10050094127655029,0.010135556417571936,0.05,9,log2,4,2,650,1.0,"{'learning_rate': 0.05, 'max_depth': 9, 'max_features': 'log2', 'min_samples_leaf': 4, 'min_samples_split': 2, 'n_estimators': 650, 'subsample': 1.0}",0.9873054335370511,0.9943581500461534,0.994354131803331,0.997177133385926,0.9932987121931154,0.0036468431250930846,12
624,2.5462281703948975,0.3119714466627174,0.02661043405532837,0.0016540680259938079,0.05,9,log2,4,5,150,0.8,"{'learning_rate': 0.05, 'max_depth': 9, 'max_features': 'log2', 'min_samples_leaf': 4, 'min_samples_split': 5, 'n_estimators': 150, 'subsample': 0.8}",0.9837793183573613,0.9936528777649296,0.9936484394026853,0.9978828468761906,0.9922408706002918,0.005181813794997516,475
625,2.426016628742218,0.014496783233499058,0.02675187587738037,0.0038322284106103045,0.05,9,log2,4,5,150,0.9,"{'learning_rate': 0.05, 'max_depth': 9, 'max_features': 'log2', 'min_samples_leaf': 4, 'min_samples_split': 5, 'n_estimators': 150, 'subsample': 0.9}",0.9830742144370506,0.9943581500461534,0.9936484394026853,0.9978828468761906,0.99224091269052,0.0055300000834345815,468
626,2.959998309612274,0.07773375250263483,0.025499403476715088,0.0026927304608872406,0.05,9,log2,4,5,150,1.0,"{'learning_rate': 0.05, 'max_depth': 9, 'max_features': 'log2', 'min_samples_leaf': 4, 'min_samples_split': 5, 'n_estimators': 150, 'subsample': 1.0}",0.9844846965672964,0.9936528777649296,0.9936484394026853,0.9978828468761906,0.9924172151527755,0.004894914618499834,336
627,5.463636219501495,0.3679138689879315,0.05567800998687744,0.002990327694754689,0.05,9,log2,4,5,350,0.8,"{'learning_rate': 0.05, 'max_depth': 9, 'max_features': 'log2', 'min_samples_leaf': 4, 'min_samples_split': 5, 'n_estimators': 350, 'subsample': 0.8}",0.9837793183573613,0.9943581500461534,0.9929427491104976,0.9971771221387733,0.9920643349131963,0.005020340922454528,655
628,6.537893772125244,0.3527461398319466,0.05824851989746094,0.0073979611651395156,0.05,9,log2,4,5,350,0.9,"{'learning_rate': 0.05, 'max_depth': 9, 'max_features': 'log2', 'min_samples_leaf': 4, 'min_samples_split': 5, 'n_estimators': 350, 'subsample': 0.9}",0.9837793183573613,0.9943581500461534,0.9922368732334741,0.9978828468761906,0.9920642971282948,0.005191048500168421,667
629,6.958649098873138,0.11669361265675658,0.05449974536895752,0.0032021679322615506,0.05,9,log2,4,5,350,1.0,"{'learning_rate': 0.05, 'max_depth': 9, 'max_features': 'log2', 'min_samples_leaf': 4, 'min_samples_split': 5, 'n_estimators': 350, 'subsample': 1.0}",0.9844846965672964,0.9943581500461534,0.9936484394026853,0.9978828468761906,0.9925935332230814,0.004948655635907698,208
630,7.875717520713806,0.36056289423009513,0.06575018167495728,0.005357750708044377,0.05,9,log2,4,5,450,0.8,"{'learning_rate': 0.05, 'max_depth': 9, 'max_features': 'log2', 'min_samples_leaf': 4, 'min_samples_split': 5, 'n_estimators': 450, 'subsample': 0.8}",0.9844846965672964,0.9943581500461534,0.9936483508273879,0.9971771221387733,0.9924170798949028,0.004766143327177065,363
631,7.352641582489014,0.39765994321366077,0.07200068235397339,0.004634596450287154,0.05,9,log2,4,5,450,0.9,"{'learning_rate': 0.05, 'max_depth': 9, 'max_features': 'log2', 'min_samples_leaf': 4, 'min_samples_split': 5, 'n_estimators': 450, 'subsample': 0.9}",0.9837789956545375,0.9943581500461534,0.9929426647541637,0.9978828468761906,0.9922406643327614,0.005206020817560176,519
632,8.4592564702034,0.4609563608222717,0.0837509036064148,0.009933962187559122,0.05,9,log2,4,5,450,1.0,"{'learning_rate': 0.05, 'max_depth': 9, 'max_features': 'log2', 'min_samples_leaf': 4, 'min_samples_split': 5, 'n_estimators': 450, 'subsample': 1.0}",0.9844846965672964,0.9943581500461534,0.9936484394026853,0.997177133385926,0.9924171048505153,0.0047661518560700635,355
633,10.266790866851807,0.8572468711298606,0.10174930095672607,0.0121939839946964,0.05,9,log2,4,5,650,0.8,"{'learning_rate': 0.05, 'max_depth': 9, 'max_features': 'log2', 'min_samples_leaf': 4, 'min_samples_split': 5, 'n_estimators': 650, 'subsample': 0.8}",0.9851895177715342,0.9943581500461534,0.9922368732334741,0.9964714114603177,0.9920639881278699,0.004241956838494046,739
634,10.611194431781769,0.31963729454669526,0.09249967336654663,0.002060435157868653,0.05,9,log2,4,5,650,0.9,"{'learning_rate': 0.05, 'max_depth': 9, 'max_features': 'log2', 'min_samples_leaf': 4, 'min_samples_split': 5, 'n_estimators': 650, 'subsample': 0.9}",0.984484418767507,0.9929475893487711,0.9936483508273879,0.997177133385926,0.992064373082398,0.004660608377856233,646
635,11.142355024814606,0.7853849989244712,0.09550261497497559,0.005770050546788212,0.05,9,log2,4,5,650,1.0,"{'learning_rate': 0.05, 'max_depth': 9, 'max_features': 'log2', 'min_samples_leaf': 4, 'min_samples_split': 5, 'n_estimators': 650, 'subsample': 1.0}",0.984484418767507,0.9943581500461534,0.9936483508273879,0.9978828510938604,0.9925934426837272,0.004948765842853691,225
636,2.454346179962158,0.25347271914424563,0.02975010871887207,0.004813933055390954,0.05,9,log2,4,10,150,0.8,"{'learning_rate': 0.05, 'max_depth': 9, 'max_features': 'log2', 'min_samples_leaf': 4, 'min_samples_split': 10, 'n_estimators': 150, 'subsample': 0.8}",0.985189812413243,0.9943581500461534,0.9929425522759148,0.9978828468761906,0.9925933404028754,0.0046375534345652536,267
637,2.5957944989204407,0.23917663343367923,0.031750380992889404,0.006417806435742239,0.05,9,log2,4,10,150,0.9,"{'learning_rate': 0.05, 'max_depth': 9, 'max_features': 'log2', 'min_samples_leaf': 4, 'min_samples_split': 10, 'n_estimators': 150, 'subsample': 0.9}",0.9837793183573613,0.9943581500461534,0.9950598973131997,0.9978828468761906,0.9927700531482263,0.005355824162569395,97
638,2.7788153290748596,0.1326104158120569,0.02700173854827881,0.004633388262294933,0.05,9,log2,4,10,150,1.0,"{'learning_rate': 0.05, 'max_depth': 9, 'max_features': 'log2', 'min_samples_leaf': 4, 'min_samples_split': 10, 'n_estimators': 150, 'subsample': 1.0}",0.984484418767507,0.9943581500461534,0.9929426647541637,0.9971771221387733,0.9922405889266495,0.0047303411942054355,547
639,5.687916457653046,0.4608643759324489,0.05524927377700806,0.0035620492631868107,0.05,9,log2,4,10,350,0.8,"{'learning_rate': 0.05, 'max_depth': 9, 'max_features': 'log2', 'min_samples_leaf': 4, 'min_samples_split': 10, 'n_estimators': 350, 'subsample': 0.8}",0.9844846965672964,0.9943581500461534,0.9929426647541637,0.9978828468761906,0.9924170895609511,0.004920399036811178,358
640,6.133846163749695,0.5637311398789249,0.05900073051452637,0.005961037148144789,0.05,9,log2,4,10,350,0.9,"{'learning_rate': 0.05, 'max_depth': 9, 'max_features': 'log2', 'min_samples_leaf': 4, 'min_samples_split': 10, 'n_estimators': 350, 'subsample': 0.9}",0.9837793183573613,0.9943581500461534,0.9922368732334741,0.9971771221387733,0.9918878659439405,0.004998721953964566,805
641,6.380600154399872,0.51366875104483,0.05324894189834595,0.001478318532049028,0.05,9,log2,4,10,350,1.0,"{'learning_rate': 0.05, 'max_depth': 9, 'max_features': 'log2', 'min_samples_leaf': 4, 'min_samples_split': 10, 'n_estimators': 350, 'subsample': 1.0}",0.9851900481181693,0.9943581500461534,0.9929426647541637,0.9978828468761906,0.9925934274486693,0.004637461480517468,232
642,7.629271388053894,0.5951679627642452,0.0747494101524353,0.005261672298190964,0.05,9,log2,4,10,450,0.8,"{'learning_rate': 0.05, 'max_depth': 9, 'max_features': 'log2', 'min_samples_leaf': 4, 'min_samples_split': 10, 'n_estimators': 450, 'subsample': 0.8}",0.9837793183573613,0.9943581500461534,0.9936484394026853,0.9971771221387733,0.9922407574862433,0.005060349981601149,494
643,7.769243240356445,0.519774320138945,0.0724974274635315,0.008047589015635384,0.05,9,log2,4,10,450,0.9,"{'learning_rate': 0.05, 'max_depth': 9, 'max_features': 'log2', 'min_samples_leaf': 4, 'min_samples_split': 10, 'n_estimators': 450, 'subsample': 0.9}",0.9844846965672964,0.9943581500461534,0.9936483508273879,0.997177133385926,0.9924170827066909,0.004766146135367553,360
644,7.842729866504669,0.6292576502763914,0.07100152969360352,0.006164334772870033,0.05,9,log2,4,10,450,1.0,"{'learning_rate': 0.05, 'max_depth': 9, 'max_features': 'log2', 'min_samples_leaf': 4, 'min_samples_split': 10, 'n_estimators': 450, 'subsample': 1.0}",0.985189812413243,0.9943581500461534,0.994354131803331,0.9978828468761906,0.9929462352847295,0.004703932016592167,50
645,10.30429095029831,0.3553829556114988,0.09675014019012451,0.006494288530688928,0.05,9,log2,4,10,650,0.8,"{'learning_rate': 0.05, 'max_depth': 9, 'max_features': 'log2', 'min_samples_leaf': 4, 'min_samples_split': 10, 'n_estimators': 650, 'subsample': 0.8}",0.985189812413243,0.9943581500461534,0.9936483508273879,0.997177133385926,0.9925933616681776,0.004473560798618981,258
646,10.884113729000092,0.3355540001573118,0.10434311628341675,0.014943886371028798,0.05,9,log2,4,10,650,0.9,"{'learning_rate': 0.05, 'max_depth': 9, 'max_features': 'log2', 'min_samples_leaf': 4, 'min_samples_split': 10, 'n_estimators': 650, 'subsample': 0.9}",0.9858949261522791,0.9929475893487711,0.9929426647541637,0.9964714114603177,0.992064147928883,0.0038417290937516942,705
647,10.278639733791351,0.9363286993463472,0.0940009355545044,0.007968485168790835,0.05,9,log2,4,10,650,1.0,"{'learning_rate': 0.05, 'max_depth': 9, 'max_features': 'log2', 'min_samples_leaf': 4, 'min_samples_split': 10, 'n_estimators': 650, 'subsample': 1.0}",0.9873056608277879,0.9943581500461534,0.9936483508273879,0.997177133385926,0.9931223237718139,0.0036082897560563245,34
648,2.340003550052643,0.09461046027923511,0.012499213218688965,0.0037731602944434794,0.1,5,,1,2,150,0.8,"{'learning_rate': 0.1, 'max_depth': 5, 'max_features': None, 'min_samples_leaf': 1, 'min_samples_split': 2, 'n_estimators': 150, 'subsample': 0.8}",0.9802524644629909,0.9929475893487711,0.9901198487546965,0.9985885610693866,0.9904771159089613,0.006643980708477705,1161
649,2.56236732006073,0.09780966322222998,0.011001050472259521,0.001222565366857941,0.1,5,,1,2,150,0.9,"{'learning_rate': 0.1, 'max_depth': 5, 'max_features': None, 'min_samples_leaf': 1, 'min_samples_split': 2, 'n_estimators': 150, 'subsample': 0.9}",0.9816630027156343,0.9929475893487711,0.9908255235816568,0.9992942822920636,0.9911825994845314,0.006317927133041583,1075
650,2.6818238496780396,0.08279644952632823,0.011999845504760742,0.0021229943853436845,0.1,5,,1,2,150,1.0,"{'learning_rate': 0.1, 'max_depth': 5, 'max_features': None, 'min_samples_leaf': 1, 'min_samples_split': 2, 'n_estimators': 150, 'subsample': 1.0}",0.979546371323736,0.992242282692651,0.9936485532815809,0.9985885610693866,0.9910064420918386,0.007023706352937732,1094
651,5.615043997764587,0.21803375820969303,0.021001100540161133,0.0007089970266182266,0.1,5,,1,2,350,0.8,"{'learning_rate': 0.1, 'max_depth': 5, 'max_features': None, 'min_samples_leaf': 1, 'min_samples_split': 2, 'n_estimators': 350, 'subsample': 0.8}",0.9802506963788301,0.9929475893487711,0.9901199274857064,0.9985885610693866,0.9904766935706736,0.006644659902317633,1171
652,6.072900474071503,0.35286994057357834,0.021500229835510254,0.0026922323102476792,0.1,5,,1,2,350,0.9,"{'learning_rate': 0.1, 'max_depth': 5, 'max_features': None, 'min_samples_leaf': 1, 'min_samples_split': 2, 'n_estimators': 350, 'subsample': 0.9}",0.9823680526023909,0.9950634082973135,0.9943542667718518,1.0,0.992946431917889,0.006483026291760023,41
653,6.620672762393951,0.16236501482018573,0.02250140905380249,0.002061332753855982,0.1,5,,1,2,350,1.0,"{'learning_rate': 0.1, 'max_depth': 5, 'max_features': None, 'min_samples_leaf': 1, 'min_samples_split': 2, 'n_estimators': 350, 'subsample': 1.0}",0.9802513643589452,0.9929475893487711,0.9929428053469331,1.0,0.9915354397636624,0.007123095922238247,946
654,7.484449028968811,0.4209449847892094,0.02849942445755005,0.00567835505126543,0.1,5,,1,2,450,0.8,"{'learning_rate': 0.1, 'max_depth': 5, 'max_features': None, 'min_samples_leaf': 1, 'min_samples_split': 2, 'n_estimators': 450, 'subsample': 0.8}",0.9823675614859793,0.9936529535251174,0.992237105212699,0.9992942822920636,0.9918879756289647,0.0060977188825405634,775
655,7.681215465068817,0.38132102224578246,0.02725011110305786,0.0008294024571897003,0.1,5,,1,2,450,0.9,"{'learning_rate': 0.1, 'max_depth': 5, 'max_features': None, 'min_samples_leaf': 1, 'min_samples_split': 2, 'n_estimators': 450, 'subsample': 0.9}",0.9816613609231993,0.9936528777649296,0.992237105212699,1.0,0.991887835975207,0.006588348781641088,809
656,8.45609587430954,0.2907290226922854,0.02684175968170166,0.0031967387913973667,0.1,5,,1,2,450,1.0,"{'learning_rate': 0.1, 'max_depth': 5, 'max_features': None, 'min_samples_leaf': 1, 'min_samples_split': 2, 'n_estimators': 450, 'subsample': 1.0}",0.9795457202048313,0.9929475893487711,0.9929428053469331,1.0,0.9913590287251339,0.0074035889271967786,1018
657,10.253345608711243,0.30982866664861114,0.03625136613845825,0.0017849698059874814,0.1,5,,1,2,650,0.8,"{'learning_rate': 0.1, 'max_depth': 5, 'max_features': None, 'min_samples_leaf': 1, 'min_samples_split': 2, 'n_estimators': 650, 'subsample': 0.8}",0.9795441736312748,0.9943581500461534,0.9929428334648147,0.9985885610693866,0.9913584295529074,0.007130219202820575,1058
658,11.440958619117737,0.3564653385229281,0.039248645305633545,0.0017860879843758263,0.1,5,,1,2,650,0.9,"{'learning_rate': 0.1, 'max_depth': 5, 'max_features': None, 'min_samples_leaf': 1, 'min_samples_split': 2, 'n_estimators': 650, 'subsample': 0.9}",0.9788392318850097,0.9943581500461534,0.9922370588179632,1.0,0.9913586101872816,0.007764943050860993,1055
659,11.975673198699951,0.12437706088404125,0.03710657358169556,0.002846572200600859,0.1,5,,1,2,650,1.0,"{'learning_rate': 0.1, 'max_depth': 5, 'max_features': None, 'min_samples_leaf': 1, 'min_samples_split': 2, 'n_estimators': 650, 'subsample': 1.0}",0.9816619811904492,0.9929475893487711,0.9929428053469331,1.0,0.9918880939715384,0.006569081910090473,758
660,2.3779662251472473,0.07276723907078662,0.010250568389892578,0.0004342915000309562,0.1,5,,1,5,150,0.8,"{'learning_rate': 0.1, 'max_depth': 5, 'max_features': None, 'min_samples_leaf': 1, 'min_samples_split': 5, 'n_estimators': 150, 'subsample': 0.8}",0.979546371323736,0.9929475893487711,0.9901198487546965,0.9992942822920636,0.9904770229298168,0.007131873509402766,1166
661,2.5242806673049927,0.09656049456484422,0.011248946189880371,0.0008270141090358013,0.1,5,,1,5,150,0.9,"{'learning_rate': 0.1, 'max_depth': 5, 'max_features': None, 'min_samples_leaf': 1, 'min_samples_split': 5, 'n_estimators': 150, 'subsample': 0.9}",0.9781342971393723,0.9929475893487711,0.9901199274857064,0.9985885610693866,0.9899475937608092,0.007470775822069708,1210
662,2.6668624877929688,0.11245940323192391,0.012751638889312744,0.0032699175762921162,0.1,5,,1,5,150,1.0,"{'learning_rate': 0.1, 'max_depth': 5, 'max_features': None, 'min_samples_leaf': 1, 'min_samples_split': 5, 'n_estimators': 150, 'subsample': 1.0}",0.9830735409682778,0.9908317886367694,0.9915313664163197,0.9985885610693866,0.9910063142726884,0.005493757769876982,1102
663,5.491774141788483,0.29610142458205624,0.022249460220336914,0.001299701648986317,0.1,5,,1,5,350,0.8,"{'learning_rate': 0.1, 'max_depth': 5, 'max_features': None, 'min_samples_leaf': 1, 'min_samples_split': 5, 'n_estimators': 350, 'subsample': 0.8}",0.9795457202048313,0.9936529535251174,0.9929428053469331,0.9985885610693866,0.9911825100365671,0.007061625168800271,1081
664,6.016198694705963,0.3408061756816473,0.024248898029327393,0.001920093612513285,0.1,5,,1,5,350,0.9,"{'learning_rate': 0.1, 'max_depth': 5, 'max_features': None, 'min_samples_leaf': 1, 'min_samples_split': 5, 'n_estimators': 350, 'subsample': 0.9}",0.9823670001765787,0.9936528777649296,0.9936485406285719,0.9992942822920636,0.9922406752155359,0.006148561470512935,516
665,6.430764138698578,0.1741281420816243,0.021500825881958008,0.002291876821956164,0.1,5,,1,5,350,1.0,"{'learning_rate': 0.1, 'max_depth': 5, 'max_features': None, 'min_samples_leaf': 1, 'min_samples_split': 5, 'n_estimators': 350, 'subsample': 1.0}",0.9795457202048313,0.992242282692651,0.992237105212699,0.9992942822920636,0.9908298476005613,0.007123088034800249,1130
666,7.322702705860138,0.03050071016206866,0.025998830795288086,0.0018721905493756243,0.1,5,,1,5,450,0.8,"{'learning_rate': 0.1, 'max_depth': 5, 'max_features': None, 'min_samples_leaf': 1, 'min_samples_split': 5, 'n_estimators': 450, 'subsample': 0.8}",0.983778156567101,0.9950634082973135,0.9936485406285719,0.9992942822920636,0.9929460969462625,0.005686101970256299,71
667,7.499124825000763,0.23403862033450787,0.027501225471496582,0.0032780649671693756,0.1,5,,1,5,450,0.9,"{'learning_rate': 0.1, 'max_depth': 5, 'max_features': None, 'min_samples_leaf': 1, 'min_samples_split': 5, 'n_estimators': 450, 'subsample': 0.9}",0.9823670001765787,0.9929475893487711,0.9922371206774876,0.9992942822920636,0.9917114981237252,0.006054388041195567,896
668,8.225030660629272,0.3846544525875114,0.027997910976409912,0.000706466100831995,0.1,5,,1,5,450,1.0,"{'learning_rate': 0.1, 'max_depth': 5, 'max_features': None, 'min_samples_leaf': 1, 'min_samples_split': 5, 'n_estimators': 450, 'subsample': 1.0}",0.9802513643589452,0.992242282692651,0.992237105212699,0.9992942822920636,0.9910062586390898,0.006844739326630485,1109
669,10.25550651550293,0.3669896561824998,0.039250075817108154,0.006300998409756592,0.1,5,,1,5,650,0.8,"{'learning_rate': 0.1, 'max_depth': 5, 'max_features': None, 'min_samples_leaf': 1, 'min_samples_split': 5, 'n_estimators': 650, 'subsample': 0.8}",0.9830725980219531,0.9943582061641969,0.9915313664163197,1.0,0.9922405426506175,0.006108351184222718,562
670,11.502001464366913,0.1674604047930747,0.039500296115875244,0.005590793768358319,0.1,5,,1,5,650,0.9,"{'learning_rate': 0.1, 'max_depth': 5, 'max_features': None, 'min_samples_leaf': 1, 'min_samples_split': 5, 'n_estimators': 650, 'subsample': 0.9}",0.9795441736312748,0.9943581500461534,0.9929428053469331,1.0,0.9917112822560903,0.007504397583211065,936
671,12.061869204044342,0.1357107111230886,0.03825098276138306,0.0010895511430819532,0.1,5,,1,5,650,1.0,"{'learning_rate': 0.1, 'max_depth': 5, 'max_features': None, 'min_samples_leaf': 1, 'min_samples_split': 5, 'n_estimators': 650, 'subsample': 1.0}",0.9781342971393723,0.992242282692651,0.9929428053469331,0.9992942822920636,0.990653416867755,0.00773237848712655,1152
672,2.2422815561294556,0.06029084856056171,0.011503517627716064,0.0004976484386027233,0.1,5,,1,10,150,0.8,"{'learning_rate': 0.1, 'max_depth': 5, 'max_features': None, 'min_samples_leaf': 1, 'min_samples_split': 10, 'n_estimators': 150, 'subsample': 0.8}",0.9788407475274414,0.9929475893487711,0.9908256149666836,0.9985885610693866,0.9903006282280707,0.007198970598374425,1183
673,2.483707547187805,0.12006302233739342,0.013748526573181152,0.00592955640208284,0.1,5,,1,10,150,0.9,"{'learning_rate': 0.1, 'max_depth': 5, 'max_features': None, 'min_samples_leaf': 1, 'min_samples_split': 10, 'n_estimators': 150, 'subsample': 0.9}",0.979546371323736,0.992242282692651,0.9915313664163197,0.9992942822920636,0.9906535756811925,0.007094475067198155,1147
674,2.8121345043182373,0.21646153695302575,0.01349860429763794,0.0022903549379489317,0.1,5,,1,10,150,1.0,"{'learning_rate': 0.1, 'max_depth': 5, 'max_features': None, 'min_samples_leaf': 1, 'min_samples_split': 10, 'n_estimators': 150, 'subsample': 1.0}",0.9830735409682778,0.992242282692651,0.9908256149666836,0.9985885610693866,0.9911824999242499,0.005519408107403392,1084
675,5.482994794845581,0.18334179308608903,0.0219992995262146,0.0012248554932924596,0.1,5,,1,10,350,0.8,"{'learning_rate': 0.1, 'max_depth': 5, 'max_features': None, 'min_samples_leaf': 1, 'min_samples_split': 10, 'n_estimators': 350, 'subsample': 0.8}",0.9809556781536468,0.9950634082973135,0.9929428053469331,1.0,0.9922404729494734,0.007000340856100789,587
676,6.0821725726127625,0.1401920173532414,0.022750437259674072,0.003030215704957669,0.1,5,,1,10,350,0.9,"{'learning_rate': 0.1, 'max_depth': 5, 'max_features': None, 'min_samples_leaf': 1, 'min_samples_split': 10, 'n_estimators': 350, 'subsample': 0.9}",0.9802513643589452,0.9943581500461534,0.9929428334648147,0.9985885610693866,0.991535227234825,0.006837860193087708,964
677,6.365045845508575,0.13749766785885797,0.022001683712005615,0.0015810627125098743,0.1,5,,1,10,350,1.0,"{'learning_rate': 0.1, 'max_depth': 5, 'max_features': None, 'min_samples_leaf': 1, 'min_samples_split': 10, 'n_estimators': 350, 'subsample': 1.0}",0.9816619811904492,0.9929475893487711,0.9929428053469331,0.9992942822920636,0.9917116645445543,0.006354829762070351,871
678,7.002954959869385,0.23864495831830146,0.026271462440490723,0.0011228489664462408,0.1,5,,1,10,450,0.8,"{'learning_rate': 0.1, 'max_depth': 5, 'max_features': None, 'min_samples_leaf': 1, 'min_samples_split': 10, 'n_estimators': 450, 'subsample': 0.8}",0.9816613609231993,0.9950634082973135,0.9915313664163197,0.9985885610693866,0.9917111741765549,0.00631599163496981,941
679,7.675290882587433,0.24981281469527192,0.025501132011413574,0.0005006793709027078,0.1,5,,1,10,450,0.9,"{'learning_rate': 0.1, 'max_depth': 5, 'max_features': None, 'min_samples_leaf': 1, 'min_samples_split': 10, 'n_estimators': 450, 'subsample': 0.9}",0.9788392318850097,0.9943581500461534,0.992237105212699,1.0,0.9913586217859656,0.007764944363046917,1054
680,8.012913942337036,0.28991340678330807,0.027497947216033936,0.0005014541953124494,0.1,5,,1,10,450,1.0,"{'learning_rate': 0.1, 'max_depth': 5, 'max_features': None, 'min_samples_leaf': 1, 'min_samples_split': 10, 'n_estimators': 450, 'subsample': 1.0}",0.9816625284502379,0.9929475893487711,0.9929428053469331,0.9992942822920636,0.9917118013595014,0.006354613400298686,856
681,10.299223244190216,0.2233060167398975,0.03759235143661499,0.002370432460946956,0.1,5,,1,10,650,0.8,"{'learning_rate': 0.1, 'max_depth': 5, 'max_features': None, 'min_samples_leaf': 1, 'min_samples_split': 10, 'n_estimators': 650, 'subsample': 0.8}",0.9816613609231993,0.9950634082973135,0.9936485532815809,0.9992942822920636,0.9924169011985393,0.006547919211427953,426
682,11.234543204307556,0.16625105667511206,0.03700023889541626,0.002916307447909164,0.1,5,,1,10,650,0.9,"{'learning_rate': 0.1, 'max_depth': 5, 'max_features': None, 'min_samples_leaf': 1, 'min_samples_split': 10, 'n_estimators': 650, 'subsample': 0.9}",0.9802499497593422,0.9950634082973135,0.9936485406285719,0.9992942822920636,0.9920640452443228,0.007130146987284263,732
683,11.752382397651672,0.12429634428089101,0.03850060701370239,0.003200185336087792,0.1,5,,1,10,650,1.0,"{'learning_rate': 0.1, 'max_depth': 5, 'max_features': None, 'min_samples_leaf': 1, 'min_samples_split': 10, 'n_estimators': 650, 'subsample': 1.0}",0.9802506963788301,0.9936528777649296,0.992237105212699,0.9992942822920636,0.9913587404121305,0.006935345306657393,1049
684,2.329615592956543,0.10569300617467262,0.01150047779083252,0.0014994561021946743,0.1,5,,2,2,150,0.8,"{'learning_rate': 0.1, 'max_depth': 5, 'max_features': None, 'min_samples_leaf': 2, 'min_samples_split': 2, 'n_estimators': 150, 'subsample': 0.8}",0.9809569664048577,0.9929475893487711,0.9922370588179632,0.9992942822920636,0.9913589742159139,0.006604271560387631,1024
685,2.5850680470466614,0.1318903293722825,0.011001348495483398,0.0012240242785103886,0.1,5,,2,2,150,0.9,"{'learning_rate': 0.1, 'max_depth': 5, 'max_features': None, 'min_samples_leaf': 2, 'min_samples_split': 2, 'n_estimators': 150, 'subsample': 0.9}",0.9816625284502379,0.992242282692651,0.9901198487546965,0.9992942822920636,0.9908297355474123,0.006288590188803565,1140
686,2.6555517315864563,0.09344126787185345,0.01450192928314209,0.004922970595726918,0.1,5,,2,2,150,1.0,"{'learning_rate': 0.1, 'max_depth': 5, 'max_features': None, 'min_samples_leaf': 2, 'min_samples_split': 2, 'n_estimators': 150, 'subsample': 1.0}",0.9816625284502379,0.9936528777649296,0.992237105212699,0.9992942822920636,0.9917116984299825,0.006374276915953738,867
687,5.483496844768524,0.18337450204570208,0.021249234676361084,0.00129810695518167,0.1,5,,2,2,350,0.8,"{'learning_rate': 0.1, 'max_depth': 5, 'max_features': None, 'min_samples_leaf': 2, 'min_samples_split': 2, 'n_estimators': 350, 'subsample': 0.8}",0.9816613609231993,0.9943581500461534,0.9922371206774876,1.0,0.99206415791171,0.0066424410209213565,703
688,6.037620365619659,0.20371827474081475,0.023001551628112793,0.003675233778362116,0.1,5,,2,2,350,0.9,"{'learning_rate': 0.1, 'max_depth': 5, 'max_features': None, 'min_samples_leaf': 2, 'min_samples_split': 2, 'n_estimators': 350, 'subsample': 0.9}",0.980956360190705,0.9936528777649296,0.9922370588179632,0.9992942822920636,0.9915351447664154,0.006653802946998947,977
689,6.251382648944855,0.34899284264537034,0.0242500901222229,0.003830054415095283,0.1,5,,2,2,350,1.0,"{'learning_rate': 0.1, 'max_depth': 5, 'max_features': None, 'min_samples_leaf': 2, 'min_samples_split': 2, 'n_estimators': 350, 'subsample': 1.0}",0.9788407475274414,0.9929475893487711,0.9936485406285719,0.9992942822920636,0.991182789949212,0.00753851382074698,1062
690,7.238326668739319,0.3349530114212808,0.03174978494644165,0.006649923730389666,0.1,5,,2,2,450,0.8,"{'learning_rate': 0.1, 'max_depth': 5, 'max_features': None, 'min_samples_leaf': 2, 'min_samples_split': 2, 'n_estimators': 450, 'subsample': 0.8}",0.9816613609231993,0.9950634082973135,0.9929428053469331,1.0,0.9924168936418616,0.006716874441362343,429
691,7.8040576577186584,0.12060551219887385,0.028072357177734375,0.002821494915254715,0.1,5,,2,2,450,0.9,"{'learning_rate': 0.1, 'max_depth': 5, 'max_features': None, 'min_samples_leaf': 2, 'min_samples_split': 2, 'n_estimators': 450, 'subsample': 0.9}",0.9802506963788301,0.9943581500461534,0.992237105212699,0.9992942822920636,0.9915350584824365,0.007000091031582985,981
692,8.13389641046524,0.26009056339976794,0.02900177240371704,0.002236093601432368,0.1,5,,2,2,450,1.0,"{'learning_rate': 0.1, 'max_depth': 5, 'max_features': None, 'min_samples_leaf': 2, 'min_samples_split': 2, 'n_estimators': 450, 'subsample': 1.0}",0.9788400318344608,0.9936528777649296,0.9929428053469331,1.0,0.9913589287365809,0.007732427812254102,1031
693,10.799588680267334,0.2556107880971734,0.041500747203826904,0.0047161876517822126,0.1,5,,2,2,650,0.8,"{'learning_rate': 0.1, 'max_depth': 5, 'max_features': None, 'min_samples_leaf': 2, 'min_samples_split': 2, 'n_estimators': 650, 'subsample': 0.8}",0.983778156567101,0.9950634082973135,0.992237105212699,1.0,0.9927696675192783,0.005887908082505076,155
694,11.130455911159515,0.41090678408166276,0.039250314235687256,0.0033456478692368992,0.1,5,,2,2,650,0.9,"{'learning_rate': 0.1, 'max_depth': 5, 'max_features': None, 'min_samples_leaf': 2, 'min_samples_split': 2, 'n_estimators': 650, 'subsample': 0.9}",0.9809556781536468,0.9943581500461534,0.992237105212699,1.0,0.9918877333531249,0.006919966047024616,828
695,11.931389272212982,0.4940100610021489,0.03674900531768799,0.0012992660062319907,0.1,5,,2,2,650,1.0,"{'learning_rate': 0.1, 'max_depth': 5, 'max_features': None, 'min_samples_leaf': 2, 'min_samples_split': 2, 'n_estimators': 650, 'subsample': 1.0}",0.9802506963788301,0.9936528777649296,0.9943542667718518,1.0,0.9920644602289028,0.007250932561347526,633
696,2.425895392894745,0.06805490769916034,0.010998904705047607,0.0007082420305905259,0.1,5,,2,5,150,0.8,"{'learning_rate': 0.1, 'max_depth': 5, 'max_features': None, 'min_samples_leaf': 2, 'min_samples_split': 5, 'n_estimators': 150, 'subsample': 0.8}",0.9809574968105822,0.9929475893487711,0.9915313664163197,0.9992942822920636,0.9911826837169342,0.006587657972071993,1068
697,2.530440330505371,0.15801734847957816,0.012750446796417236,0.0025847448879666424,0.1,5,,2,5,150,0.9,"{'learning_rate': 0.1, 'max_depth': 5, 'max_features': None, 'min_samples_leaf': 2, 'min_samples_split': 5, 'n_estimators': 150, 'subsample': 0.9}",0.9802513643589452,0.9908317886367694,0.9922370588179632,0.9971770996441991,0.9901243278644691,0.006168085825127556,1194
698,2.8213958144187927,0.14316334175259002,0.01399838924407959,0.003937566418429012,0.1,5,,2,5,150,1.0,"{'learning_rate': 0.1, 'max_depth': 5, 'max_features': None, 'min_samples_leaf': 2, 'min_samples_split': 5, 'n_estimators': 150, 'subsample': 1.0}",0.9823680526023909,0.9922424061571363,0.9929428053469331,0.9992942822920636,0.991711886599631,0.00605385352828998,852
699,5.334825217723846,0.09719636872787984,0.02100217342376709,0.000999570177222651,0.1,5,,2,5,350,0.8,"{'learning_rate': 0.1, 'max_depth': 5, 'max_features': None, 'min_samples_leaf': 2, 'min_samples_split': 5, 'n_estimators': 350, 'subsample': 0.8}",0.980956360190705,0.9943581500461534,0.9936485406285719,0.9985885610693866,0.9918879029837042,0.00658785648148278,793
700,6.138556957244873,0.1692342211234505,0.024375855922698975,0.0029021755083180776,0.1,5,,2,5,350,0.9,"{'learning_rate': 0.1, 'max_depth': 5, 'max_features': None, 'min_samples_leaf': 2, 'min_samples_split': 5, 'n_estimators': 350, 'subsample': 0.9}",0.9802513643589452,0.9943581500461534,0.9915312989325971,0.9992942822920636,0.9913587739074399,0.006988792140030589,1040
701,6.515806257724762,0.3975875410134918,0.021749019622802734,0.0021632135954897298,0.1,5,,2,5,350,1.0,"{'learning_rate': 0.1, 'max_depth': 5, 'max_features': None, 'min_samples_leaf': 2, 'min_samples_split': 5, 'n_estimators': 350, 'subsample': 1.0}",0.9795457202048313,0.992242282692651,0.9936485406285719,1.0,0.9913591358815136,0.0074202871415145295,1010
702,7.20861291885376,0.2686627067223035,0.02624952793121338,0.0010903036530727026,0.1,5,,2,5,450,0.8,"{'learning_rate': 0.1, 'max_depth': 5, 'max_features': None, 'min_samples_leaf': 2, 'min_samples_split': 5, 'n_estimators': 450, 'subsample': 0.8}",0.9823670001765787,0.9950634082973135,0.9929428053469331,1.0,0.9925933034552064,0.006435448740306497,282
703,7.642583012580872,0.2528967256944526,0.026249468326568604,0.001087582593903126,0.1,5,,2,5,450,0.9,"{'learning_rate': 0.1, 'max_depth': 5, 'max_features': None, 'min_samples_leaf': 2, 'min_samples_split': 5, 'n_estimators': 450, 'subsample': 0.9}",0.9795441736312748,0.9936528777649296,0.9915313664163197,0.9992942822920636,0.9910056750261469,0.00719984476240953,1123
704,8.341800451278687,0.20341096406720396,0.028998732566833496,0.002237825223432923,0.1,5,,2,5,450,1.0,"{'learning_rate': 0.1, 'max_depth': 5, 'max_features': None, 'min_samples_leaf': 2, 'min_samples_split': 5, 'n_estimators': 450, 'subsample': 1.0}",0.9795457202048313,0.992242282692651,0.9929428334648147,1.0,0.9911827090905743,0.00737198859432378,1065
705,10.45198369026184,0.3093536982031383,0.035249531269073486,0.0008307679288083296,0.1,5,,2,5,650,0.8,"{'learning_rate': 0.1, 'max_depth': 5, 'max_features': None, 'min_samples_leaf': 2, 'min_samples_split': 5, 'n_estimators': 650, 'subsample': 0.8}",0.9823663686607842,0.9943581500461534,0.992237105212699,0.9992942822920636,0.9920639765529251,0.0061565843911417185,741
706,10.979290902614594,0.34915864912494754,0.0346146821975708,0.00097326665573363,0.1,5,,2,5,650,0.9,"{'learning_rate': 0.1, 'max_depth': 5, 'max_features': None, 'min_samples_leaf': 2, 'min_samples_split': 5, 'n_estimators': 650, 'subsample': 0.9}",0.9809556781536468,0.9943581500461534,0.9936485406285719,0.9992942822920636,0.992064162780109,0.006772106201119547,700
707,11.787242531776428,0.26956735244241575,0.037000179290771484,0.0007063013691122264,0.1,5,,2,5,650,1.0,"{'learning_rate': 0.1, 'max_depth': 5, 'max_features': None, 'min_samples_leaf': 2, 'min_samples_split': 5, 'n_estimators': 650, 'subsample': 1.0}",0.9802499497593422,0.992242282692651,0.9936485406285719,0.9992942822920636,0.9913587638431571,0.006935450358234415,1041
708,2.3433343172073364,0.049100781742741795,0.012250006198883057,0.0008281079271682311,0.1,5,,2,10,150,0.8,"{'learning_rate': 0.1, 'max_depth': 5, 'max_features': None, 'min_samples_leaf': 2, 'min_samples_split': 10, 'n_estimators': 150, 'subsample': 0.8}",0.9809569664048577,0.9929475893487711,0.990825669796826,0.9992942822920636,0.9910061269606296,0.0065856090771126774,1116
709,2.680422008037567,0.05643503521697775,0.014545261859893799,0.003899315584914157,0.1,5,,2,10,150,0.9,"{'learning_rate': 0.1, 'max_depth': 5, 'max_features': None, 'min_samples_leaf': 2, 'min_samples_split': 10, 'n_estimators': 150, 'subsample': 0.9}",0.979546371323736,0.9929475893487711,0.9894141711154042,0.9985885610693866,0.9901241732143246,0.0069284113663628894,1196
710,2.6928346157073975,0.07297195759550096,0.009997308254241943,7.314390971848356e-06,0.1,5,,2,10,150,1.0,"{'learning_rate': 0.1, 'max_depth': 5, 'max_features': None, 'min_samples_leaf': 2, 'min_samples_split': 10, 'n_estimators': 150, 'subsample': 1.0}",0.9816625284502379,0.9929475893487711,0.990825669796826,1.0,0.9913589468989588,0.006547833586933792,1027
711,5.452782154083252,0.25141954694757573,0.02150362730026245,0.000499429829658654,0.1,5,,2,10,350,0.8,"{'learning_rate': 0.1, 'max_depth': 5, 'max_features': None, 'min_samples_leaf': 2, 'min_samples_split': 10, 'n_estimators': 350, 'subsample': 0.8}",0.9788383476599809,0.9943581500461534,0.9929428334648147,0.9992942822920636,0.9913584033657532,0.007603270153264372,1059
712,6.011702060699463,0.05833041199529082,0.0204160213470459,0.0009240047759342659,0.1,5,,2,10,350,0.9,"{'learning_rate': 0.1, 'max_depth': 5, 'max_features': None, 'min_samples_leaf': 2, 'min_samples_split': 10, 'n_estimators': 350, 'subsample': 0.9}",0.9795449876465097,0.9950634082973135,0.9929428053469331,0.9992942822920636,0.991711370895705,0.007387049684427145,918
713,6.305586874485016,0.06842305959209784,0.020784437656402588,0.0015276006522971658,0.1,5,,2,10,350,1.0,"{'learning_rate': 0.1, 'max_depth': 5, 'max_features': None, 'min_samples_leaf': 2, 'min_samples_split': 10, 'n_estimators': 350, 'subsample': 1.0}",0.980956360190705,0.9943581500461534,0.992237105212699,0.9992942822920636,0.9917114744354052,0.006716633027606206,899
714,7.0335957407951355,0.2761123298585074,0.026250123977661133,0.001296538066197717,0.1,5,,2,10,450,0.8,"{'learning_rate': 0.1, 'max_depth': 5, 'max_features': None, 'min_samples_leaf': 2, 'min_samples_split': 10, 'n_estimators': 450, 'subsample': 0.8}",0.9809556781536468,0.9943581500461534,0.9922370588179632,0.9992942822920636,0.9917112923274567,0.006716905151272293,934
715,7.751620173454285,0.25895170064494905,0.028250575065612793,0.0025845880652445026,0.1,5,,2,10,450,0.9,"{'learning_rate': 0.1, 'max_depth': 5, 'max_features': None, 'min_samples_leaf': 2, 'min_samples_split': 10, 'n_estimators': 450, 'subsample': 0.9}",0.9809556781536468,0.9950634082973135,0.9929428053469331,1.0,0.9922404729494734,0.007000340856100789,587
716,8.419054388999939,0.26765087771438884,0.031751036643981934,0.0017833584490823439,0.1,5,,2,10,450,1.0,"{'learning_rate': 0.1, 'max_depth': 5, 'max_features': None, 'min_samples_leaf': 2, 'min_samples_split': 10, 'n_estimators': 450, 'subsample': 1.0}",0.980956360190705,0.9936528777649296,0.992237105212699,0.9992942822920636,0.9915351563650994,0.006653804170581965,974
717,10.406318843364716,0.23495435427602868,0.03749954700469971,0.002693405626310793,0.1,5,,2,10,650,0.8,"{'learning_rate': 0.1, 'max_depth': 5, 'max_features': None, 'min_samples_leaf': 2, 'min_samples_split': 10, 'n_estimators': 650, 'subsample': 0.8}",0.9830720254675687,0.9957686546231477,0.9943542667718519,0.9992942822920636,0.9931223072886579,0.006074996265615615,36
718,10.972837686538696,0.28507790552903245,0.037498533725738525,0.0032013772380932557,0.1,5,,2,10,650,0.9,"{'learning_rate': 0.1, 'max_depth': 5, 'max_features': None, 'min_samples_leaf': 2, 'min_samples_split': 10, 'n_estimators': 650, 'subsample': 0.9}",0.9795441736312748,0.9943581500461534,0.9936485406285719,1.0,0.9918877160765001,0.007539491654848982,834
719,11.630884885787964,0.2856148618344134,0.03807181119918823,0.0065269024297051545,0.1,5,,2,10,650,1.0,"{'learning_rate': 0.1, 'max_depth': 5, 'max_features': None, 'min_samples_leaf': 2, 'min_samples_split': 10, 'n_estimators': 650, 'subsample': 1.0}",0.9816613609231993,0.9943581500461534,0.9922371206774876,0.9992942822920636,0.9918877284847258,0.006435462112388673,832
720,2.3973336815834045,0.056691511943643004,0.01175081729888916,0.0012992207456457906,0.1,5,,4,2,150,0.8,"{'learning_rate': 0.1, 'max_depth': 5, 'max_features': None, 'min_samples_leaf': 4, 'min_samples_split': 2, 'n_estimators': 150, 'subsample': 0.8}",0.9830739113827349,0.9929475893487711,0.9922370588179632,0.9978828342230808,0.9915353484431375,0.00534727301246671,954
721,2.6049857139587402,0.07107860694358176,0.010750114917755127,0.0008285031108534743,0.1,5,,4,2,150,0.9,"{'learning_rate': 0.1, 'max_depth': 5, 'max_features': None, 'min_samples_leaf': 4, 'min_samples_split': 2, 'n_estimators': 150, 'subsample': 0.9}",0.9823684735375408,0.9929475893487711,0.9908256149666836,1.0,0.9915354194632489,0.006288482875004966,949
722,2.784033715724945,0.09877862042558158,0.01049715280532837,0.0008691658335842738,0.1,5,,4,2,150,1.0,"{'learning_rate': 0.1, 'max_depth': 5, 'max_features': None, 'min_samples_leaf': 4, 'min_samples_split': 2, 'n_estimators': 150, 'subsample': 1.0}",0.9844840792209213,0.9922424061571363,0.9915313664163197,0.9992942822920636,0.9918880335216103,0.0052422288085636525,768
723,5.598640084266663,0.1855982303585067,0.022331595420837402,0.002415490662997543,0.1,5,,4,2,350,0.8,"{'learning_rate': 0.1, 'max_depth': 5, 'max_features': None, 'min_samples_leaf': 4, 'min_samples_split': 2, 'n_estimators': 350, 'subsample': 0.8}",0.9823670001765787,0.9929475893487711,0.9929428053469331,1.0,0.9920643487180707,0.006296128375122183,650
724,6.201817989349365,0.14256254169593693,0.0240020751953125,0.0029980364271958333,0.1,5,,4,2,350,0.9,"{'learning_rate': 0.1, 'max_depth': 5, 'max_features': None, 'min_samples_leaf': 4, 'min_samples_split': 2, 'n_estimators': 350, 'subsample': 0.9}",0.9816613609231993,0.9929475893487711,0.9936485406285719,1.0,0.9920643727251356,0.0066046668036196365,647
725,6.449185013771057,0.267519036327543,0.023288249969482422,0.0028579122649802506,0.1,5,,4,2,350,1.0,"{'learning_rate': 0.1, 'max_depth': 5, 'max_features': None, 'min_samples_leaf': 4, 'min_samples_split': 2, 'n_estimators': 350, 'subsample': 1.0}",0.9830725980219531,0.9936528777649296,0.9936485406285719,0.9992942822920636,0.9924170746768797,0.005866407465379097,366
726,7.3620306849479675,0.14849332259867146,0.024498581886291504,0.0011185929286135347,0.1,5,,4,2,450,0.8,"{'learning_rate': 0.1, 'max_depth': 5, 'max_features': None, 'min_samples_leaf': 4, 'min_samples_split': 2, 'n_estimators': 450, 'subsample': 0.8}",0.9823670001765787,0.9950634082973135,0.9929428334648147,0.9985885610693866,0.9922404507520234,0.006046609827930458,593
727,7.678681671619415,0.5338087678610319,0.02980858087539673,0.005014708570844259,0.1,5,,4,2,450,0.9,"{'learning_rate': 0.1, 'max_depth': 5, 'max_features': None, 'min_samples_leaf': 4, 'min_samples_split': 2, 'n_estimators': 450, 'subsample': 0.9}",0.9816613609231993,0.9943581500461534,0.9915313664163197,0.9985885610693866,0.9915348596137648,0.006229198617913963,994
728,8.345040798187256,0.22743057250683366,0.032250165939331055,0.004867160621468008,0.1,5,,4,2,450,1.0,"{'learning_rate': 0.1, 'max_depth': 5, 'max_features': None, 'min_samples_leaf': 4, 'min_samples_split': 2, 'n_estimators': 450, 'subsample': 1.0}",0.9823663686607842,0.9929475893487711,0.9929428053469331,0.9992942822920636,0.991887761412138,0.006077619279576567,822
729,10.357755482196808,0.3911509740664014,0.03625130653381348,0.001091369034328006,0.1,5,,4,2,650,0.8,"{'learning_rate': 0.1, 'max_depth': 5, 'max_features': None, 'min_samples_leaf': 4, 'min_samples_split': 2, 'n_estimators': 650, 'subsample': 0.8}",0.9816613609231993,0.9936529535251174,0.9929428334648147,1.0,0.9920642869782829,0.006604773217087309,674
730,11.256924748420715,0.5966743825081648,0.038799285888671875,0.0034369501199521413,0.1,5,,4,2,650,0.9,"{'learning_rate': 0.1, 'max_depth': 5, 'max_features': None, 'min_samples_leaf': 4, 'min_samples_split': 2, 'n_estimators': 650, 'subsample': 0.9}",0.9802499497593422,0.9950634082973135,0.9915314001577777,0.9992942822920636,0.9915347601266242,0.007071218043296374,996
731,11.946015417575836,0.27154185434172384,0.038249075412750244,0.0030318006212339877,0.1,5,,4,2,650,1.0,"{'learning_rate': 0.1, 'max_depth': 5, 'max_features': None, 'min_samples_leaf': 4, 'min_samples_split': 2, 'n_estimators': 650, 'subsample': 1.0}",0.9823663686607842,0.992242282692651,0.992237105212699,0.9992942822920636,0.9915350097145494,0.006026264656879661,989
732,2.377553641796112,0.1835791648412088,0.010750234127044678,0.00043357686644249,0.1,5,,4,5,150,0.8,"{'learning_rate': 0.1, 'max_depth': 5, 'max_features': None, 'min_samples_leaf': 4, 'min_samples_split': 5, 'n_estimators': 150, 'subsample': 0.8}",0.9816630027156343,0.992242282692651,0.9915313664163197,0.9978828342230808,0.9908298715119215,0.005836582197178687,1126
733,2.537064254283905,0.23791251895366278,0.011253297328948975,0.0010889250497519722,0.1,5,,4,5,150,0.9,"{'learning_rate': 0.1, 'max_depth': 5, 'max_features': None, 'min_samples_leaf': 4, 'min_samples_split': 5, 'n_estimators': 150, 'subsample': 0.9}",0.9816630027156343,0.9929475893487711,0.9929428053469331,1.0,0.9918883493528347,0.006568684359996368,747
734,2.626103103160858,0.08143495383554326,0.011751413345336914,0.0014789749884308713,0.1,5,,4,5,150,1.0,"{'learning_rate': 0.1, 'max_depth': 5, 'max_features': None, 'min_samples_leaf': 4, 'min_samples_split': 5, 'n_estimators': 150, 'subsample': 1.0}",0.9837786083941996,0.9915371072185253,0.9915313664163197,0.9992942822920636,0.991535341080277,0.005485619600565193,955
735,5.334083199501038,0.1074246921945988,0.024000227451324463,0.004847525701237453,0.1,5,,4,5,350,0.8,"{'learning_rate': 0.1, 'max_depth': 5, 'max_features': None, 'min_samples_leaf': 4, 'min_samples_split': 5, 'n_estimators': 350, 'subsample': 0.8}",0.9816619811904492,0.9957686546231477,0.9908256149666836,0.9978828342230808,0.9915347712508402,0.006248971077740459,995
736,6.015584111213684,0.2548753473180176,0.02350032329559326,0.0050251551123358445,0.1,5,,4,5,350,0.9,"{'learning_rate': 0.1, 'max_depth': 5, 'max_features': None, 'min_samples_leaf': 4, 'min_samples_split': 5, 'n_estimators': 350, 'subsample': 0.9}",0.9830725980219531,0.9943581500461534,0.9929427491104976,1.0,0.9925933742946511,0.0060979459941225694,254
737,6.3775794506073,0.2967866400548041,0.022747278213500977,0.002771692536435073,0.1,5,,4,5,350,1.0,"{'learning_rate': 0.1, 'max_depth': 5, 'max_features': None, 'min_samples_leaf': 4, 'min_samples_split': 5, 'n_estimators': 350, 'subsample': 1.0}",0.9823670001765787,0.9936528777649296,0.9936485406285719,0.9992942822920636,0.9922406752155359,0.006148561470512935,516
738,7.358757793903351,0.22837853581604023,0.029250800609588623,0.004378237075742066,0.1,5,,4,5,450,0.8,"{'learning_rate': 0.1, 'max_depth': 5, 'max_features': None, 'min_samples_leaf': 4, 'min_samples_split': 5, 'n_estimators': 450, 'subsample': 0.8}",0.980956360190705,0.9943582061641969,0.9936485532815809,1.0,0.9922407799091206,0.00696435468320591,487
739,7.636095106601715,0.15413947954795393,0.02758169174194336,0.0012290523655691923,0.1,5,,4,5,450,0.9,"{'learning_rate': 0.1, 'max_depth': 5, 'max_features': None, 'min_samples_leaf': 4, 'min_samples_split': 5, 'n_estimators': 450, 'subsample': 0.9}",0.9837776401624525,0.9943581500461534,0.9929428334648147,1.0,0.9927696559183552,0.00582424945701215,157
740,8.170320928096771,0.45401463074109166,0.026998400688171387,0.0015835125088553665,0.1,5,,4,5,450,1.0,"{'learning_rate': 0.1, 'max_depth': 5, 'max_features': None, 'min_samples_leaf': 4, 'min_samples_split': 5, 'n_estimators': 450, 'subsample': 1.0}",0.9823663686607842,0.9943581500461534,0.9929428053469331,0.9992942822920636,0.9922404015864836,0.006169116403656958,601
741,10.30363142490387,0.17094646510139663,0.03753960132598877,0.0021113454771829357,0.1,5,,4,5,650,0.8,"{'learning_rate': 0.1, 'max_depth': 5, 'max_features': None, 'min_samples_leaf': 4, 'min_samples_split': 5, 'n_estimators': 650, 'subsample': 0.8}",0.9795449876465097,0.9957686546231477,0.992237105212699,0.9992942822920636,0.9917112574436049,0.007454182959534824,938
742,11.052968084812164,0.3000972112252097,0.04324895143508911,0.008613722708583592,0.1,5,,4,5,650,0.9,"{'learning_rate': 0.1, 'max_depth': 5, 'max_features': None, 'min_samples_leaf': 4, 'min_samples_split': 5, 'n_estimators': 650, 'subsample': 0.9}",0.9837776401624525,0.9936528777649296,0.9929428334648147,1.0,0.9925933378480492,0.005784028482350702,270
743,11.67669540643692,0.26175929033501527,0.041000545024871826,0.008154337615477033,0.1,5,,4,5,650,1.0,"{'learning_rate': 0.1, 'max_depth': 5, 'max_features': None, 'min_samples_leaf': 4, 'min_samples_split': 5, 'n_estimators': 650, 'subsample': 1.0}",0.9823663686607842,0.9929475893487711,0.992237105212699,0.9992942822920636,0.9917113363785794,0.006054631381155692,926
744,2.3798935413360596,0.054703008786904025,0.011498808860778809,0.00111731455976829,0.1,5,,4,10,150,0.8,"{'learning_rate': 0.1, 'max_depth': 5, 'max_features': None, 'min_samples_leaf': 4, 'min_samples_split': 10, 'n_estimators': 150, 'subsample': 0.8}",0.983073103184835,0.9929475893487711,0.9922370588179632,1.0,0.9920644378378923,0.006013048317323606,636
745,2.5943493843078613,0.15337765570357692,0.012747704982757568,0.0025874753879574696,0.1,5,,4,10,150,0.9,"{'learning_rate': 0.1, 'max_depth': 5, 'max_features': None, 'min_samples_leaf': 4, 'min_samples_split': 10, 'n_estimators': 150, 'subsample': 0.9}",0.9851895177715342,0.992242282692651,0.9915313664163197,0.9985885610693866,0.9918879319874729,0.004743940517398754,785
746,2.661261022090912,0.09129113312630069,0.013499140739440918,0.0037778026577356743,0.1,5,,4,10,150,1.0,"{'learning_rate': 0.1, 'max_depth': 5, 'max_features': None, 'min_samples_leaf': 4, 'min_samples_split': 10, 'n_estimators': 150, 'subsample': 1.0}",0.983073103184835,0.9922424061571363,0.9936485532815809,0.9992942822920636,0.9920645862289039,0.005823569439104526,624
747,5.615997612476349,0.26876406074335424,0.023249387741088867,0.003417099632384911,0.1,5,,4,10,350,0.8,"{'learning_rate': 0.1, 'max_depth': 5, 'max_features': None, 'min_samples_leaf': 4, 'min_samples_split': 10, 'n_estimators': 350, 'subsample': 0.8}",0.9816613609231993,0.9936528777649296,0.9936485532815809,0.9992942822920636,0.9920642685654433,0.006432869172279502,677
748,6.119498610496521,0.12264611746744074,0.024132370948791504,0.003575198258671864,0.1,5,,4,10,350,0.9,"{'learning_rate': 0.1, 'max_depth': 5, 'max_features': None, 'min_samples_leaf': 4, 'min_samples_split': 10, 'n_estimators': 350, 'subsample': 0.9}",0.9816619811904492,0.9936528777649296,0.9929428053469331,0.9992942822920636,0.9918879866485939,0.006396324841801151,773
749,6.427602708339691,0.13075352831420986,0.022501230239868164,0.0008678908846114113,0.1,5,,4,10,350,1.0,"{'learning_rate': 0.1, 'max_depth': 5, 'max_features': None, 'min_samples_leaf': 4, 'min_samples_split': 10, 'n_estimators': 350, 'subsample': 1.0}",0.984483214853457,0.9929475893487711,0.9922371206774876,0.9992942822920636,0.9922405517929449,0.00525431499400357,559
750,7.037340939044952,0.18551935030098232,0.027592003345489502,0.001478564225698141,0.1,5,,4,10,450,0.8,"{'learning_rate': 0.1, 'max_depth': 5, 'max_features': None, 'min_samples_leaf': 4, 'min_samples_split': 10, 'n_estimators': 450, 'subsample': 0.8}",0.9823670001765787,0.9936528777649296,0.9929428334648147,0.9992942822920636,0.9920642484245967,0.006115669794925729,682
751,7.595618188381195,0.2290453966549438,0.02680051326751709,0.003593902533193563,0.1,5,,4,10,450,0.9,"{'learning_rate': 0.1, 'max_depth': 5, 'max_features': None, 'min_samples_leaf': 4, 'min_samples_split': 10, 'n_estimators': 450, 'subsample': 0.9}",0.9816613609231993,0.9950634082973135,0.9936485406285719,1.0,0.9925933274622712,0.006737608341438947,276
752,8.25348025560379,0.33733920317294225,0.026748836040496826,0.0010893316228050972,0.1,5,,4,10,450,1.0,"{'learning_rate': 0.1, 'max_depth': 5, 'max_features': None, 'min_samples_leaf': 4, 'min_samples_split': 10, 'n_estimators': 450, 'subsample': 1.0}",0.9851887516482226,0.9936528777649296,0.9922371206774876,0.9992942822920636,0.9925932580956758,0.005024441976853107,290
753,10.344782590866089,0.18518113622249086,0.040500104427337646,0.0063438807709259816,0.1,5,,4,10,650,0.8,"{'learning_rate': 0.1, 'max_depth': 5, 'max_features': None, 'min_samples_leaf': 4, 'min_samples_split': 10, 'n_estimators': 650, 'subsample': 0.8}",0.9809549202773937,0.9950634082973135,0.992237105212699,1.0,0.9920638584468515,0.006989602344764143,746
754,11.595955610275269,0.3362864948035236,0.040088951587677,0.0025517353232194814,0.1,5,,4,10,650,0.9,"{'learning_rate': 0.1, 'max_depth': 5, 'max_features': None, 'min_samples_leaf': 4, 'min_samples_split': 10, 'n_estimators': 650, 'subsample': 0.9}",0.9809549202773937,0.9950634082973135,0.9936485532815809,1.0,0.992416720464072,0.0070249797262391285,453
755,11.635041952133179,0.6288369837062325,0.039268672466278076,0.003630635153186901,0.1,5,,4,10,650,1.0,"{'learning_rate': 0.1, 'max_depth': 5, 'max_features': None, 'min_samples_leaf': 4, 'min_samples_split': 10, 'n_estimators': 650, 'subsample': 1.0}",0.9823663686607842,0.9936528777649296,0.9929428334648147,0.9992942822920636,0.9920640905456479,0.006115920135029588,720
756,1.0898829102516174,0.06087488487513014,0.013747453689575195,0.0019199153527450772,0.1,5,sqrt,1,2,150,0.8,"{'learning_rate': 0.1, 'max_depth': 5, 'max_features': 'sqrt', 'min_samples_leaf': 1, 'min_samples_split': 2, 'n_estimators': 150, 'subsample': 0.8}",0.984484418767507,0.9950634082973135,0.9922370588179632,0.997177133385926,0.9922405048171774,0.004808741217011762,576
757,1.1038959622383118,0.05719331476793465,0.013999879360198975,0.0015825704146832837,0.1,5,sqrt,1,2,150,0.9,"{'learning_rate': 0.1, 'max_depth': 5, 'max_features': 'sqrt', 'min_samples_leaf': 1, 'min_samples_split': 2, 'n_estimators': 150, 'subsample': 0.9}",0.9837786083941996,0.9943581500461534,0.995059946520522,0.998588566692963,0.9929463179134594,0.005530428667355659,44
758,1.1507731676101685,0.07195571663642995,0.01569497585296631,0.002082869420269203,0.1,5,sqrt,1,2,150,1.0,"{'learning_rate': 0.1, 'max_depth': 5, 'max_features': 'sqrt', 'min_samples_leaf': 1, 'min_samples_split': 2, 'n_estimators': 150, 'subsample': 1.0}",0.9823675614859793,0.9936528777649296,0.992236981492171,0.998588566692963,0.9917114968590107,0.0058874508846783495,897
759,2.5731837153434753,0.1401976235973933,0.029000401496887207,0.0015803088851638358,0.1,5,sqrt,1,2,350,0.8,"{'learning_rate': 0.1, 'max_depth': 5, 'max_features': 'sqrt', 'min_samples_leaf': 1, 'min_samples_split': 2, 'n_estimators': 350, 'subsample': 0.8}",0.9823680526023909,0.9936528777649296,0.9950598973131997,0.9964714114603177,0.9918880597852096,0.00558598212367675,765
760,2.731281340122223,0.1932563808563647,0.027249634265899658,0.0020445102102079663,0.1,5,sqrt,1,2,350,0.9,"{'learning_rate': 0.1, 'max_depth': 5, 'max_features': 'sqrt', 'min_samples_leaf': 1, 'min_samples_split': 2, 'n_estimators': 350, 'subsample': 0.9}",0.983778156567101,0.9950634082973135,0.9943541992883981,0.997177133385926,0.9925932243846847,0.005194239201605449,294
761,2.6113430857658386,0.1333534157031868,0.026201725006103516,0.0010078312623997446,0.1,5,sqrt,1,2,350,1.0,"{'learning_rate': 0.1, 'max_depth': 5, 'max_features': 'sqrt', 'min_samples_leaf': 1, 'min_samples_split': 2, 'n_estimators': 350, 'subsample': 1.0}",0.9837786083941996,0.9950634082973135,0.9943541992883981,0.9978828468761906,0.9927697657140255,0.005356205162524514,127
762,3.5766534209251404,0.06973901472652122,0.036808669567108154,0.003420383225647984,0.1,5,sqrt,1,2,450,0.8,"{'learning_rate': 0.1, 'max_depth': 5, 'max_features': 'sqrt', 'min_samples_leaf': 1, 'min_samples_split': 2, 'n_estimators': 450, 'subsample': 0.8}",0.9844840792209213,0.9936528777649296,0.9943541992883981,0.997177133385926,0.9924170724150437,0.0047662940753479335,367
763,3.614318013191223,0.18162257865121842,0.03625112771987915,0.002679629719531039,0.1,5,sqrt,1,2,450,0.9,"{'learning_rate': 0.1, 'max_depth': 5, 'max_features': 'sqrt', 'min_samples_leaf': 1, 'min_samples_split': 2, 'n_estimators': 450, 'subsample': 0.9}",0.9844836779194321,0.9936528777649296,0.9943541992883981,0.9978828510938604,0.9925934015166551,0.004948959293800703,238
764,3.571073055267334,0.19299123689648373,0.0352516770362854,0.0030297930287851043,0.1,5,sqrt,1,2,450,1.0,"{'learning_rate': 0.1, 'max_depth': 5, 'max_features': 'sqrt', 'min_samples_leaf': 1, 'min_samples_split': 2, 'n_estimators': 450, 'subsample': 1.0}",0.985894617473565,0.9943581500461534,0.9936485026692425,0.9978828510938604,0.9929460303207053,0.004375562021230254,79
765,5.0039361119270325,0.180254936122346,0.0494999885559082,0.002292656641759886,0.1,5,sqrt,1,2,650,0.8,"{'learning_rate': 0.1, 'max_depth': 5, 'max_features': 'sqrt', 'min_samples_leaf': 1, 'min_samples_split': 2, 'n_estimators': 650, 'subsample': 0.8}",0.9844836779194321,0.9936528777649296,0.9936484394026853,0.998588566692963,0.9925933904450025,0.00509767636221879,247
766,5.087084650993347,0.19151755183131117,0.05100005865097046,0.0030811141878213212,0.1,5,sqrt,1,2,650,0.9,"{'learning_rate': 0.1, 'max_depth': 5, 'max_features': 'sqrt', 'min_samples_leaf': 1, 'min_samples_split': 2, 'n_estimators': 650, 'subsample': 0.9}",0.983778156567101,0.9936528777649296,0.9943541992883981,0.997177133385926,0.9922405917515887,0.005060734659175888,545
767,5.065319061279297,0.31064426111818694,0.0560002326965332,0.013581171742327116,0.1,5,sqrt,1,2,650,1.0,"{'learning_rate': 0.1, 'max_depth': 5, 'max_features': 'sqrt', 'min_samples_leaf': 1, 'min_samples_split': 2, 'n_estimators': 650, 'subsample': 1.0}",0.9851891641860084,0.9936528777649296,0.994354131803331,0.9978828510938604,0.9927697562120323,0.004660988747762873,138
768,1.153460443019867,0.04606913998008126,0.013749182224273682,0.0004335000002369948,0.1,5,sqrt,1,5,150,0.8,"{'learning_rate': 0.1, 'max_depth': 5, 'max_features': 'sqrt', 'min_samples_leaf': 1, 'min_samples_split': 5, 'n_estimators': 150, 'subsample': 0.8}",0.9837786083941996,0.9929476875576917,0.9922368732334741,0.998588566692963,0.9918879339695821,0.005289245609219534,784
769,1.1483945846557617,0.06268602150384867,0.016499340534210205,0.0016568444137132216,0.1,5,sqrt,1,5,150,0.9,"{'learning_rate': 0.1, 'max_depth': 5, 'max_features': 'sqrt', 'min_samples_leaf': 1, 'min_samples_split': 5, 'n_estimators': 150, 'subsample': 0.9}",0.9837786083941996,0.9950634082973135,0.9936485406285719,0.9964714114603177,0.9922404921951007,0.004986371701945959,582
770,1.1730420589447021,0.03017380283346943,0.01475059986114502,0.0010909590327068247,0.1,5,sqrt,1,5,150,1.0,"{'learning_rate': 0.1, 'max_depth': 5, 'max_features': 'sqrt', 'min_samples_leaf': 1, 'min_samples_split': 5, 'n_estimators': 150, 'subsample': 1.0}",0.9809569664048577,0.9943581500461534,0.9936484394026853,0.9978828510938604,0.9917116017368892,0.00641291778069493,879
771,2.5390778183937073,0.21374892953817612,0.02899867296218872,0.0018695472467685132,0.1,5,sqrt,1,5,350,0.8,"{'learning_rate': 0.1, 'max_depth': 5, 'max_features': 'sqrt', 'min_samples_leaf': 1, 'min_samples_split': 5, 'n_estimators': 350, 'subsample': 0.8}",0.9816625284502379,0.9950634082973135,0.9950598973131997,0.997177133385926,0.9922407418616693,0.006168096212068704,500
772,2.710413634777069,0.1614528634434134,0.028759479522705078,0.0019172289022157034,0.1,5,sqrt,1,5,350,0.9,"{'learning_rate': 0.1, 'max_depth': 5, 'max_features': 'sqrt', 'min_samples_leaf': 1, 'min_samples_split': 5, 'n_estimators': 350, 'subsample': 0.9}",0.9837786083941996,0.9950634082973135,0.9936484394026853,0.997177133385926,0.9924168973700311,0.005142970912405924,427
773,2.808696210384369,0.23057085356835016,0.030500411987304688,0.003775275452787765,0.1,5,sqrt,1,5,350,1.0,"{'learning_rate': 0.1, 'max_depth': 5, 'max_features': 'sqrt', 'min_samples_leaf': 1, 'min_samples_split': 5, 'n_estimators': 350, 'subsample': 1.0}",0.9837786083941996,0.9943581500461534,0.9936485026692425,0.9978828510938604,0.992417028050864,0.005238845293533278,380
774,3.503614664077759,0.21055451378832127,0.03725022077560425,0.002485988828671604,0.1,5,sqrt,1,5,450,0.8,"{'learning_rate': 0.1, 'max_depth': 5, 'max_features': 'sqrt', 'min_samples_leaf': 1, 'min_samples_split': 5, 'n_estimators': 450, 'subsample': 0.8}",0.983778156567101,0.9950634082973135,0.9950598973131997,0.997177133385926,0.992769648890885,0.005262590232793813,161
775,3.5176157355308533,0.23252272965413048,0.03525853157043457,0.00191313746535188,0.1,5,sqrt,1,5,450,0.9,"{'learning_rate': 0.1, 'max_depth': 5, 'max_features': 'sqrt', 'min_samples_leaf': 1, 'min_samples_split': 5, 'n_estimators': 450, 'subsample': 0.9}",0.9837786083941996,0.9950634082973135,0.9936484394026853,0.997177133385926,0.9924168973700311,0.005142970912405924,427
776,3.4953823685646057,0.2778442326157603,0.03649860620498657,0.0020610428540138014,0.1,5,sqrt,1,5,450,1.0,"{'learning_rate': 0.1, 'max_depth': 5, 'max_features': 'sqrt', 'min_samples_leaf': 1, 'min_samples_split': 5, 'n_estimators': 450, 'subsample': 1.0}",0.9830725980219531,0.9936528777649296,0.9943541992883981,0.9978828468761906,0.9922406304878679,0.0055305750269494325,538
777,5.153740882873535,0.09056785924361498,0.047750234603881836,0.0021652522922049923,0.1,5,sqrt,1,5,650,0.8,"{'learning_rate': 0.1, 'max_depth': 5, 'max_features': 'sqrt', 'min_samples_leaf': 1, 'min_samples_split': 5, 'n_estimators': 650, 'subsample': 0.8}",0.9830735409682778,0.9936528777649296,0.9957656494662985,0.997177133385926,0.992417300396358,0.005538500321980552,328
778,5.190777599811554,0.16035392740796994,0.04974949359893799,0.0033427120966424704,0.1,5,sqrt,1,5,650,0.9,"{'learning_rate': 0.1, 'max_depth': 5, 'max_features': 'sqrt', 'min_samples_leaf': 1, 'min_samples_split': 5, 'n_estimators': 650, 'subsample': 0.9}",0.983778156567101,0.9936528777649296,0.9943541992883981,0.9978828510938604,0.9924170211785723,0.0052389235289661586,385
779,4.902330160140991,0.3193244776878328,0.05004149675369263,0.0035013688113045335,0.1,5,sqrt,1,5,650,1.0,"{'learning_rate': 0.1, 'max_depth': 5, 'max_features': 'sqrt', 'min_samples_leaf': 1, 'min_samples_split': 5, 'n_estimators': 650, 'subsample': 1.0}",0.9844836779194321,0.9936528777649296,0.9950598973131997,0.9978828510938604,0.9927698260228555,0.005020644447245547,114
780,1.1192843914031982,0.07769830220328867,0.015746772289276123,0.002163757653647572,0.1,5,sqrt,1,10,150,0.8,"{'learning_rate': 0.1, 'max_depth': 5, 'max_features': 'sqrt', 'min_samples_leaf': 1, 'min_samples_split': 10, 'n_estimators': 150, 'subsample': 0.8}",0.9823675614859793,0.9936528777649296,0.992236981492171,0.997177133385926,0.9913586385322515,0.0054938458484525944,1053
781,1.1596277952194214,0.03573865249941459,0.014249026775360107,0.0012976479056058144,0.1,5,sqrt,1,10,150,0.9,"{'learning_rate': 0.1, 'max_depth': 5, 'max_features': 'sqrt', 'min_samples_leaf': 1, 'min_samples_split': 10, 'n_estimators': 150, 'subsample': 0.9}",0.9830735409682778,0.9943581500461534,0.9929427491104976,0.997177133385926,0.9918878933777138,0.0053123383948869216,794
782,1.1243396401405334,0.07248692237040379,0.014000296592712402,0.0007057912912742444,0.1,5,sqrt,1,10,150,1.0,"{'learning_rate': 0.1, 'max_depth': 5, 'max_features': 'sqrt', 'min_samples_leaf': 1, 'min_samples_split': 10, 'n_estimators': 150, 'subsample': 1.0}",0.983073103184835,0.9943581500461534,0.9929427491104976,0.9978828510938604,0.9920642133588365,0.005493873356859508,688
783,2.5258395671844482,0.11100265773849836,0.02850031852722168,0.0005012758138199664,0.1,5,sqrt,1,10,350,0.8,"{'learning_rate': 0.1, 'max_depth': 5, 'max_features': 'sqrt', 'min_samples_leaf': 1, 'min_samples_split': 10, 'n_estimators': 350, 'subsample': 0.8}",0.9816625284502379,0.9950634082973135,0.995059946520522,0.9978828510938604,0.9924171835904835,0.006315117369188484,342
784,2.667392075061798,0.1370042302863449,0.028500139713287354,0.0015004278484243353,0.1,5,sqrt,1,10,350,0.9,"{'learning_rate': 0.1, 'max_depth': 5, 'max_features': 'sqrt', 'min_samples_leaf': 1, 'min_samples_split': 10, 'n_estimators': 350, 'subsample': 0.9}",0.9844836779194321,0.9950634082973135,0.9936484394026853,0.998588566692963,0.9929460230780985,0.0052063973362020885,80
785,2.8636608123779297,0.046141557114682215,0.02974909543991089,0.0031127905645444106,0.1,5,sqrt,1,10,350,1.0,"{'learning_rate': 0.1, 'max_depth': 5, 'max_features': 'sqrt', 'min_samples_leaf': 1, 'min_samples_split': 10, 'n_estimators': 350, 'subsample': 1.0}",0.9823675614859793,0.9950634082973135,0.9943541992883981,0.997177133385926,0.9922405756144043,0.005794001208202732,553
786,3.56190949678421,0.03992850439093292,0.037751734256744385,0.00540360864939625,0.1,5,sqrt,1,10,450,0.8,"{'learning_rate': 0.1, 'max_depth': 5, 'max_features': 'sqrt', 'min_samples_leaf': 1, 'min_samples_split': 10, 'n_estimators': 450, 'subsample': 0.8}",0.9830735409682778,0.9943581500461534,0.9936484394026853,0.9978828510938604,0.9922407453777442,0.005530280250458092,498
787,3.427879512310028,0.23608111590266645,0.03500008583068848,0.001581440005323075,0.1,5,sqrt,1,10,450,0.9,"{'learning_rate': 0.1, 'max_depth': 5, 'max_features': 'sqrt', 'min_samples_leaf': 1, 'min_samples_split': 10, 'n_estimators': 450, 'subsample': 0.9}",0.9830725980219531,0.9936528777649296,0.9929426647541637,0.9978828510938604,0.9918877479087268,0.005428550973481102,824
788,3.4803638458251953,0.15888988637751753,0.03399890661239624,0.001995265742039112,0.1,5,sqrt,1,10,450,1.0,"{'learning_rate': 0.1, 'max_depth': 5, 'max_features': 'sqrt', 'min_samples_leaf': 1, 'min_samples_split': 10, 'n_estimators': 450, 'subsample': 1.0}",0.9844840792209213,0.9943581500461534,0.9936484394026853,0.9978828510938604,0.9925933799409051,0.0049489096586355875,252
789,4.915766060352325,0.22719732359638614,0.05059128999710083,0.0025126402890693175,0.1,5,sqrt,1,10,650,0.8,"{'learning_rate': 0.1, 'max_depth': 5, 'max_features': 'sqrt', 'min_samples_leaf': 1, 'min_samples_split': 10, 'n_estimators': 650, 'subsample': 0.8}",0.985894617473565,0.9936528777649296,0.9936484394026853,0.9978828510938604,0.9927696964337601,0.004329066289518592,152
790,5.1422141790390015,0.1520644298029457,0.0527501106262207,0.005118288941773016,0.1,5,sqrt,1,10,650,0.9,"{'learning_rate': 0.1, 'max_depth': 5, 'max_features': 'sqrt', 'min_samples_leaf': 1, 'min_samples_split': 10, 'n_estimators': 650, 'subsample': 0.9}",0.9844836779194321,0.9936528777649296,0.9950598973131997,0.9978828510938604,0.9927698260228555,0.005020644447245547,114
791,5.128619313240051,0.10427498422040647,0.04775112867355347,0.004437319326873185,0.1,5,sqrt,1,10,650,1.0,"{'learning_rate': 0.1, 'max_depth': 5, 'max_features': 'sqrt', 'min_samples_leaf': 1, 'min_samples_split': 10, 'n_estimators': 650, 'subsample': 1.0}",0.9844836779194321,0.9936528777649296,0.9929426647541637,0.9978828510938604,0.9922405178830965,0.00486035649277785,569
792,1.0601144433021545,0.055771434665438664,0.014749586582183838,0.002487186556021804,0.1,5,sqrt,2,2,150,0.8,"{'learning_rate': 0.1, 'max_depth': 5, 'max_features': 'sqrt', 'min_samples_leaf': 2, 'min_samples_split': 2, 'n_estimators': 150, 'subsample': 0.8}",0.980956360190705,0.9943581500461534,0.9943542442775466,0.9964714114603177,0.9915350414936808,0.006168348498444404,984
793,1.1575533747673035,0.07638409294192297,0.014530777931213379,0.000533959433458242,0.1,5,sqrt,2,2,150,0.9,"{'learning_rate': 0.1, 'max_depth': 5, 'max_features': 'sqrt', 'min_samples_leaf': 2, 'min_samples_split': 2, 'n_estimators': 150, 'subsample': 0.9}",0.9809569664048577,0.9943582061641969,0.992236981492171,0.997177133385926,0.9911823218617879,0.00615821011879177,1088
794,1.149582028388977,0.08407808891829918,0.013750314712524414,0.00043236349834569127,0.1,5,sqrt,2,2,150,1.0,"{'learning_rate': 0.1, 'max_depth': 5, 'max_features': 'sqrt', 'min_samples_leaf': 2, 'min_samples_split': 2, 'n_estimators': 150, 'subsample': 1.0}",0.9802519537156409,0.9943581500461534,0.9922370588179632,0.997177133385926,0.9910060739914208,0.006451449730028512,1119
795,2.7223033905029297,0.043756633208492275,0.030001461505889893,0.0036709672451004827,0.1,5,sqrt,2,2,350,0.8,"{'learning_rate': 0.1, 'max_depth': 5, 'max_features': 'sqrt', 'min_samples_leaf': 2, 'min_samples_split': 2, 'n_estimators': 350, 'subsample': 0.8}",0.9837786083941996,0.9950634082973135,0.9943541992883981,0.9978828468761906,0.9927697657140255,0.005356205162524514,127
796,2.6056748032569885,0.09913218338572964,0.028249680995941162,0.0010919853504425632,0.1,5,sqrt,2,2,350,0.9,"{'learning_rate': 0.1, 'max_depth': 5, 'max_features': 'sqrt', 'min_samples_leaf': 2, 'min_samples_split': 2, 'n_estimators': 350, 'subsample': 0.9}",0.9837786083941996,0.9950634082973135,0.9971771221387733,0.997177133385926,0.9932990680540532,0.005563963129622062,4
797,2.7069783210754395,0.1055563512920355,0.02924901247024536,0.0019195343611989422,0.1,5,sqrt,2,2,350,1.0,"{'learning_rate': 0.1, 'max_depth': 5, 'max_features': 'sqrt', 'min_samples_leaf': 2, 'min_samples_split': 2, 'n_estimators': 350, 'subsample': 1.0}",0.9844840792209213,0.9929475893487711,0.9950598973131997,0.9978828468761906,0.9925936031897707,0.004998709600479393,196
798,3.3581973910331726,0.22395401159501344,0.03900200128555298,0.006362451300294048,0.1,5,sqrt,2,2,450,0.8,"{'learning_rate': 0.1, 'max_depth': 5, 'max_features': 'sqrt', 'min_samples_leaf': 2, 'min_samples_split': 2, 'n_estimators': 450, 'subsample': 0.8}",0.9837789956545375,0.9943581500461534,0.9943541992883981,0.997177133385926,0.9924171195937538,0.005118466407320556,349
799,3.7603379487991333,0.0696138542866744,0.03774869441986084,0.00432363880434174,0.1,5,sqrt,2,2,450,0.9,"{'learning_rate': 0.1, 'max_depth': 5, 'max_features': 'sqrt', 'min_samples_leaf': 2, 'min_samples_split': 2, 'n_estimators': 450, 'subsample': 0.9}",0.9851891641860084,0.9950634082973135,0.9943541992883981,0.997177133385926,0.9929459762894115,0.0045972120547634,87
800,3.5775864720344543,0.21023255258650622,0.03536367416381836,0.0025394956214117104,0.1,5,sqrt,2,2,450,1.0,"{'learning_rate': 0.1, 'max_depth': 5, 'max_features': 'sqrt', 'min_samples_leaf': 2, 'min_samples_split': 2, 'n_estimators': 450, 'subsample': 1.0}",0.9837786083941996,0.9929475893487711,0.994354131803331,0.998588566692963,0.9924172240598161,0.0054024080154258,335
801,4.722003877162933,0.21317331847021276,0.04799973964691162,0.0021195942787053655,0.1,5,sqrt,2,2,650,0.8,"{'learning_rate': 0.1, 'max_depth': 5, 'max_features': 'sqrt', 'min_samples_leaf': 2, 'min_samples_split': 2, 'n_estimators': 650, 'subsample': 0.8}",0.9837786083941996,0.9929475893487711,0.9964714114603177,0.9978828510938604,0.9927701150742873,0.005493595226244086,95
802,5.346232295036316,0.06202868400108208,0.056082963943481445,0.008217448150309035,0.1,5,sqrt,2,2,650,0.9,"{'learning_rate': 0.1, 'max_depth': 5, 'max_features': 'sqrt', 'min_samples_leaf': 2, 'min_samples_split': 2, 'n_estimators': 650, 'subsample': 0.9}",0.9837786083941996,0.9936528777649296,0.9936484394026853,0.997177133385926,0.9920642647369351,0.004995668813483962,679
803,4.994507074356079,0.2325355218096105,0.0513228178024292,0.0037958245371826427,0.1,5,sqrt,2,2,650,1.0,"{'learning_rate': 0.1, 'max_depth': 5, 'max_features': 'sqrt', 'min_samples_leaf': 2, 'min_samples_split': 2, 'n_estimators': 650, 'subsample': 1.0}",0.983778156567101,0.9929475893487711,0.9957656832081598,0.9978828510938604,0.9925935700544731,0.0053822774080191215,199
804,1.1168587803840637,0.07673485025374419,0.013750195503234863,0.0012979815045968015,0.1,5,sqrt,2,5,150,0.8,"{'learning_rate': 0.1, 'max_depth': 5, 'max_features': 'sqrt', 'min_samples_leaf': 2, 'min_samples_split': 5, 'n_estimators': 150, 'subsample': 0.8}",0.983073103184835,0.9936528777649296,0.9936485026692425,0.9964714114603177,0.9917114737698312,0.0051185833882623375,900
805,1.2045533657073975,0.029170785294874085,0.013999521732330322,0.0007072309976109303,0.1,5,sqrt,2,5,150,0.9,"{'learning_rate': 0.1, 'max_depth': 5, 'max_features': 'sqrt', 'min_samples_leaf': 2, 'min_samples_split': 5, 'n_estimators': 150, 'subsample': 0.9}",0.9844836779194321,0.9943581500461534,0.9936485026692425,0.997177133385926,0.9924168660051885,0.004766579783766517,437
806,1.0990533828735352,0.06183324450302386,0.012498974800109863,0.0005004423723239332,0.1,5,sqrt,2,5,150,1.0,"{'learning_rate': 0.1, 'max_depth': 5, 'max_features': 'sqrt', 'min_samples_leaf': 2, 'min_samples_split': 5, 'n_estimators': 150, 'subsample': 1.0}",0.983073103184835,0.9943581500461534,0.9915313664163197,0.9978828510938604,0.9917113676852921,0.0054713955798472895,919
807,2.5271443724632263,0.09275072775285574,0.029749572277069092,0.0012977169841942593,0.1,5,sqrt,2,5,350,0.8,"{'learning_rate': 0.1, 'max_depth': 5, 'max_features': 'sqrt', 'min_samples_leaf': 2, 'min_samples_split': 5, 'n_estimators': 350, 'subsample': 0.8}",0.9837789956545375,0.9950634082973135,0.9936484394026853,0.997177133385926,0.9924169941851156,0.005142808299034589,397
808,2.7765286564826965,0.041849146231874995,0.02724766731262207,0.0017836421760974467,0.1,5,sqrt,2,5,350,0.9,"{'learning_rate': 0.1, 'max_depth': 5, 'max_features': 'sqrt', 'min_samples_leaf': 2, 'min_samples_split': 5, 'n_estimators': 350, 'subsample': 0.9}",0.9851895177715342,0.9950634082973135,0.9943542442775466,0.9978828510938604,0.9931225053600637,0.004766483729063468,25
809,2.5917806029319763,0.08115621519327493,0.028750360012054443,0.00227745079620386,0.1,5,sqrt,2,5,350,1.0,"{'learning_rate': 0.1, 'max_depth': 5, 'max_features': 'sqrt', 'min_samples_leaf': 2, 'min_samples_split': 5, 'n_estimators': 350, 'subsample': 1.0}",0.983778156567101,0.9950634082973135,0.9957656494662985,0.9978828510938604,0.9931225163561433,0.005493884346422978,22
810,3.5171576142311096,0.08269544479160611,0.034751057624816895,0.0008288825239850009,0.1,5,sqrt,2,5,450,0.8,"{'learning_rate': 0.1, 'max_depth': 5, 'max_features': 'sqrt', 'min_samples_leaf': 2, 'min_samples_split': 5, 'n_estimators': 450, 'subsample': 0.8}",0.9851891641860084,0.9936528777649296,0.9929427491104976,0.998588566692963,0.9925933394385996,0.00479607312252231,268
811,3.47732937335968,0.2332475194203283,0.03900033235549927,0.006443331237652739,0.1,5,sqrt,2,5,450,0.9,"{'learning_rate': 0.1, 'max_depth': 5, 'max_features': 'sqrt', 'min_samples_leaf': 2, 'min_samples_split': 5, 'n_estimators': 450, 'subsample': 0.9}",0.9837789956545375,0.9936528777649296,0.9950598973131997,0.997177133385926,0.9924172260296482,0.00514262308500349,334
812,3.7467782497406006,0.04971171306480617,0.03779923915863037,0.001491069950956782,0.1,5,sqrt,2,5,450,1.0,"{'learning_rate': 0.1, 'max_depth': 5, 'max_features': 'sqrt', 'min_samples_leaf': 2, 'min_samples_split': 5, 'n_estimators': 450, 'subsample': 1.0}",0.9844836779194321,0.9936528777649296,0.9943541992883981,0.9978828510938604,0.9925934015166551,0.004948959293800703,238
813,5.120477795600891,0.21579914325231112,0.05102896690368652,0.005878619796419242,0.1,5,sqrt,2,5,650,0.8,"{'learning_rate': 0.1, 'max_depth': 5, 'max_features': 'sqrt', 'min_samples_leaf': 2, 'min_samples_split': 5, 'n_estimators': 650, 'subsample': 0.8}",0.983073103184835,0.9936528777649296,0.9950598973131997,0.997177133385926,0.9922407529122226,0.005439561688647879,497
814,4.926367878913879,0.2018201703865723,0.05300027132034302,0.0037429797842214456,0.1,5,sqrt,2,5,650,0.9,"{'learning_rate': 0.1, 'max_depth': 5, 'max_features': 'sqrt', 'min_samples_leaf': 2, 'min_samples_split': 5, 'n_estimators': 650, 'subsample': 0.9}",0.9844840792209213,0.9936528777649296,0.9936484394026853,0.997177133385926,0.9922406324436156,0.004703974828044333,535
815,5.063091516494751,0.37540139382267973,0.0530015230178833,0.00714560148741246,0.1,5,sqrt,2,5,650,1.0,"{'learning_rate': 0.1, 'max_depth': 5, 'max_features': 'sqrt', 'min_samples_leaf': 2, 'min_samples_split': 5, 'n_estimators': 650, 'subsample': 1.0}",0.983778156567101,0.9929475893487711,0.995059946520522,0.997177133385926,0.99224070645558,0.0051095709071824515,507
816,1.1982621550559998,0.10875838002717281,0.01374894380569458,0.0010901251512840289,0.1,5,sqrt,2,10,150,0.8,"{'learning_rate': 0.1, 'max_depth': 5, 'max_features': 'sqrt', 'min_samples_leaf': 2, 'min_samples_split': 10, 'n_estimators': 150, 'subsample': 0.8}",0.980956360190705,0.9936529535251174,0.992236981492171,0.997177133385926,0.9910058571484799,0.006074533436405422,1122
817,1.2131472826004028,0.017079780046306316,0.015749216079711914,0.0032698581477842758,0.1,5,sqrt,2,10,150,0.9,"{'learning_rate': 0.1, 'max_depth': 5, 'max_features': 'sqrt', 'min_samples_leaf': 2, 'min_samples_split': 10, 'n_estimators': 150, 'subsample': 0.9}",0.9823675614859793,0.9936529535251174,0.9915313664163197,0.9978828510938604,0.9913586831303192,0.005672268774518874,1052
818,1.1706761717796326,0.08659572862205356,0.014751851558685303,0.0012996440299663575,0.1,5,sqrt,2,10,150,1.0,"{'learning_rate': 0.1, 'max_depth': 5, 'max_features': 'sqrt', 'min_samples_leaf': 2, 'min_samples_split': 10, 'n_estimators': 150, 'subsample': 1.0}",0.9830735409682778,0.9929475893487711,0.992236981492171,0.997177133385926,0.9913588112987866,0.005142809906557995,1037
819,2.654156804084778,0.12355424020961635,0.02824920415878296,0.001786021738047716,0.1,5,sqrt,2,10,350,0.8,"{'learning_rate': 0.1, 'max_depth': 5, 'max_features': 'sqrt', 'min_samples_leaf': 2, 'min_samples_split': 10, 'n_estimators': 350, 'subsample': 0.8}",0.9823680526023909,0.9950634082973135,0.9957656494662985,0.997177133385926,0.9925935609379822,0.005952571896177907,204
820,2.6637243032455444,0.10141378882993761,0.029302597045898438,0.0030334911823196847,0.1,5,sqrt,2,10,350,0.9,"{'learning_rate': 0.1, 'max_depth': 5, 'max_features': 'sqrt', 'min_samples_leaf': 2, 'min_samples_split': 10, 'n_estimators': 350, 'subsample': 0.9}",0.9823675614859793,0.9957686546231477,0.9943541992883981,0.997177133385926,0.9924168871958627,0.005887198273453775,430
821,2.5352314114570618,0.06538161045288965,0.028627395629882812,0.0008191633025887267,0.1,5,sqrt,2,10,350,1.0,"{'learning_rate': 0.1, 'max_depth': 5, 'max_features': 'sqrt', 'min_samples_leaf': 2, 'min_samples_split': 10, 'n_estimators': 350, 'subsample': 1.0}",0.9837789956545375,0.9950634082973135,0.9943541992883981,0.997177133385926,0.9925934341565438,0.005193883201341608,228
822,3.440342366695404,0.19051940145687765,0.03749781847000122,0.0033550597847398405,0.1,5,sqrt,2,10,450,0.8,"{'learning_rate': 0.1, 'max_depth': 5, 'max_features': 'sqrt', 'min_samples_leaf': 2, 'min_samples_split': 10, 'n_estimators': 450, 'subsample': 0.8}",0.9844840792209213,0.9943581500461534,0.9936484394026853,0.997177133385926,0.9924169505139215,0.004766408722332708,413
823,3.505629301071167,0.22705800204117793,0.03999924659729004,0.005340184451216916,0.1,5,sqrt,2,10,450,0.9,"{'learning_rate': 0.1, 'max_depth': 5, 'max_features': 'sqrt', 'min_samples_leaf': 2, 'min_samples_split': 10, 'n_estimators': 450, 'subsample': 0.9}",0.9830735409682778,0.9936528777649296,0.9943541992883981,0.997177133385926,0.9920644378518829,0.005355885342054926,635
824,3.5712817907333374,0.2290588846552143,0.03949934244155884,0.009231006588555718,0.1,5,sqrt,2,10,450,1.0,"{'learning_rate': 0.1, 'max_depth': 5, 'max_features': 'sqrt', 'min_samples_leaf': 2, 'min_samples_split': 10, 'n_estimators': 450, 'subsample': 1.0}",0.9837786083941996,0.9950634082973135,0.9957656494662985,0.997177133385926,0.9929461998859345,0.005347368498479155,52
825,4.971242904663086,0.26738345151129916,0.05200153589248657,0.005243073121807227,0.1,5,sqrt,2,10,650,0.8,"{'learning_rate': 0.1, 'max_depth': 5, 'max_features': 'sqrt', 'min_samples_leaf': 2, 'min_samples_split': 10, 'n_estimators': 650, 'subsample': 0.8}",0.9823675614859793,0.9936528777649296,0.9957656832081598,0.9978828510938604,0.9924172433882322,0.005991823918241558,333
826,5.168896675109863,0.16882112692241327,0.05624997615814209,0.005538873847420111,0.1,5,sqrt,2,10,650,0.9,"{'learning_rate': 0.1, 'max_depth': 5, 'max_features': 'sqrt', 'min_samples_leaf': 2, 'min_samples_split': 10, 'n_estimators': 650, 'subsample': 0.9}",0.9844836779194321,0.9936528777649296,0.995059946520522,0.9978828510938604,0.992769838324686,0.00502065005853322,113
827,5.012128591537476,0.11701605376270546,0.04650062322616577,0.0008644142087764284,0.1,5,sqrt,2,10,650,1.0,"{'learning_rate': 0.1, 'max_depth': 5, 'max_features': 'sqrt', 'min_samples_leaf': 2, 'min_samples_split': 10, 'n_estimators': 650, 'subsample': 1.0}",0.9844836779194321,0.9936528777649296,0.9950598973131997,0.9978828510938604,0.9927698260228555,0.005020644447245547,114
828,1.0981804728507996,0.07262775940978633,0.015001177787780762,0.001226506423566808,0.1,5,sqrt,4,2,150,0.8,"{'learning_rate': 0.1, 'max_depth': 5, 'max_features': 'sqrt', 'min_samples_leaf': 4, 'min_samples_split': 2, 'n_estimators': 150, 'subsample': 0.8}",0.9816625284502379,0.9943581500461534,0.9929427491104976,0.9978828510938604,0.9917115696751874,0.006074292846725163,882
829,1.136166512966156,0.04369520665160009,0.019749820232391357,0.006418632897745831,0.1,5,sqrt,4,2,150,0.9,"{'learning_rate': 0.1, 'max_depth': 5, 'max_features': 'sqrt', 'min_samples_leaf': 4, 'min_samples_split': 2, 'n_estimators': 150, 'subsample': 0.9}",0.9837786083941996,0.9943581500461534,0.9929427491104976,0.9964714114603177,0.9918877297527922,0.0048472680314603535,830
830,1.127299964427948,0.05922051069111834,0.01749575138092041,0.004034669121946404,0.1,5,sqrt,4,2,150,1.0,"{'learning_rate': 0.1, 'max_depth': 5, 'max_features': 'sqrt', 'min_samples_leaf': 4, 'min_samples_split': 2, 'n_estimators': 150, 'subsample': 1.0}",0.9816625284502379,0.9943581500461534,0.9929428053469331,0.997177133385926,0.9915351543073125,0.00590024269899442,975
831,2.652113676071167,0.1283185220600909,0.03099954128265381,0.003082370745977484,0.1,5,sqrt,4,2,350,0.8,"{'learning_rate': 0.1, 'max_depth': 5, 'max_features': 'sqrt', 'min_samples_leaf': 4, 'min_samples_split': 2, 'n_estimators': 350, 'subsample': 0.8}",0.9816630027156343,0.9950634082973135,0.9915312989325971,0.997177133385926,0.9913587108328678,0.005950112748002375,1051
832,2.6957865357398987,0.13402295498552724,0.029248178005218506,0.0029456210026282165,0.1,5,sqrt,4,2,350,0.9,"{'learning_rate': 0.1, 'max_depth': 5, 'max_features': 'sqrt', 'min_samples_leaf': 4, 'min_samples_split': 2, 'n_estimators': 350, 'subsample': 0.9}",0.9823680526023909,0.9950634082973135,0.9957656832081598,0.997177133385926,0.9925935693734476,0.0059525763914011305,201
833,2.674784302711487,0.1691937134033298,0.026751458644866943,0.0020480904588724524,0.1,5,sqrt,4,2,350,1.0,"{'learning_rate': 0.1, 'max_depth': 5, 'max_features': 'sqrt', 'min_samples_leaf': 4, 'min_samples_split': 2, 'n_estimators': 350, 'subsample': 1.0}",0.9837786083941996,0.9943581500461534,0.995059946520522,0.9978828510938604,0.9927698890136838,0.00535612838026506,106
834,3.3733038902282715,0.13602016622229263,0.04374957084655762,0.0036307619680011906,0.1,5,sqrt,4,2,450,0.8,"{'learning_rate': 0.1, 'max_depth': 5, 'max_features': 'sqrt', 'min_samples_leaf': 4, 'min_samples_split': 2, 'n_estimators': 450, 'subsample': 0.8}",0.9851895177715342,0.9943581500461534,0.9943541992883981,0.997177133385926,0.992769750123003,0.004525440398517392,140
835,3.4619332551956177,0.18252902781024888,0.03472030162811279,0.001962391950610016,0.1,5,sqrt,4,2,450,0.9,"{'learning_rate': 0.1, 'max_depth': 5, 'max_features': 'sqrt', 'min_samples_leaf': 4, 'min_samples_split': 2, 'n_estimators': 450, 'subsample': 0.9}",0.9823680526023909,0.9943581500461534,0.994354131803331,0.997177133385926,0.9920643669594503,0.0057154036719143835,649
836,3.3880486488342285,0.19267119736206942,0.033311307430267334,0.001633802532070116,0.1,5,sqrt,4,2,450,1.0,"{'learning_rate': 0.1, 'max_depth': 5, 'max_features': 'sqrt', 'min_samples_leaf': 4, 'min_samples_split': 2, 'n_estimators': 450, 'subsample': 1.0}",0.9844840792209213,0.9936528777649296,0.9950598973131997,0.9978828510938604,0.9927699263482278,0.0050204788689991,100
837,4.8566590547561646,0.3298920609579699,0.05099862813949585,0.005246926856348307,0.1,5,sqrt,4,2,650,0.8,"{'learning_rate': 0.1, 'max_depth': 5, 'max_features': 'sqrt', 'min_samples_leaf': 4, 'min_samples_split': 2, 'n_estimators': 650, 'subsample': 0.8}",0.9851891641860084,0.9936528777649296,0.9936484394026853,0.997177133385926,0.9924169036848873,0.004414303943461894,425
838,5.482897222042084,0.11542333522655389,0.05475008487701416,0.0075639478910545935,0.1,5,sqrt,4,2,650,0.9,"{'learning_rate': 0.1, 'max_depth': 5, 'max_features': 'sqrt', 'min_samples_leaf': 4, 'min_samples_split': 2, 'n_estimators': 650, 'subsample': 0.9}",0.9844840792209213,0.9936528777649296,0.9943541992883981,0.997177133385926,0.9924170724150437,0.0047662940753479335,367
839,4.985577344894409,0.2223582097751111,0.05450063943862915,0.005409042617587658,0.1,5,sqrt,4,2,650,1.0,"{'learning_rate': 0.1, 'max_depth': 5, 'max_features': 'sqrt', 'min_samples_leaf': 4, 'min_samples_split': 2, 'n_estimators': 650, 'subsample': 1.0}",0.9851895177715342,0.9929475893487711,0.994354131803331,0.997177133385926,0.9924170930773906,0.004442110249094686,357
840,1.1645891666412354,0.0751182930796537,0.013500094413757324,0.0004991302633720288,0.1,5,sqrt,4,5,150,0.8,"{'learning_rate': 0.1, 'max_depth': 5, 'max_features': 'sqrt', 'min_samples_leaf': 4, 'min_samples_split': 5, 'n_estimators': 150, 'subsample': 0.8}",0.983073103184835,0.9950634082973135,0.9915313664163197,0.997177133385926,0.9917112528210985,0.00537965577297425,939
841,1.204792320728302,0.11322676801953803,0.015000522136688232,0.0022346531729653344,0.1,5,sqrt,4,5,150,0.9,"{'learning_rate': 0.1, 'max_depth': 5, 'max_features': 'sqrt', 'min_samples_leaf': 4, 'min_samples_split': 5, 'n_estimators': 150, 'subsample': 0.9}",0.983073103184835,0.9943581500461534,0.9915313664163197,0.998588566692963,0.9918877965850678,0.005675139391831302,817
842,1.1708146333694458,0.1366554495209605,0.013749539852142334,0.0014775126113247506,0.1,5,sqrt,4,5,150,1.0,"{'learning_rate': 0.1, 'max_depth': 5, 'max_features': 'sqrt', 'min_samples_leaf': 4, 'min_samples_split': 5, 'n_estimators': 150, 'subsample': 1.0}",0.9830735409682778,0.9943581500461534,0.9908255235816568,0.9978828468761906,0.9915350153680696,0.005485548784748232,987
843,2.7329481840133667,0.17556231401056618,0.02725118398666382,0.00043529236984291014,0.1,5,sqrt,4,5,350,0.8,"{'learning_rate': 0.1, 'max_depth': 5, 'max_features': 'sqrt', 'min_samples_leaf': 4, 'min_samples_split': 5, 'n_estimators': 350, 'subsample': 0.8}",0.9830735409682778,0.9950634082973135,0.9943541992883981,0.9964714114603177,0.9922406400035768,0.005347202201449203,530
844,2.658115267753601,0.15646773203648429,0.03300124406814575,0.004063471227588563,0.1,5,sqrt,4,5,350,0.9,"{'learning_rate': 0.1, 'max_depth': 5, 'max_features': 'sqrt', 'min_samples_leaf': 4, 'min_samples_split': 5, 'n_estimators': 350, 'subsample': 0.9}",0.9844836779194321,0.9936528777649296,0.9957656832081598,0.9978828468761906,0.9929462714421781,0.005109638963479361,47
845,2.7584503889083862,0.1472949824265358,0.030750751495361328,0.003631139447241736,0.1,5,sqrt,4,5,350,1.0,"{'learning_rate': 0.1, 'max_depth': 5, 'max_features': 'sqrt', 'min_samples_leaf': 4, 'min_samples_split': 5, 'n_estimators': 350, 'subsample': 1.0}",0.9851891641860084,0.9950634082973135,0.9950598973131997,0.9978828510938604,0.9932988302225955,0.004821696372972662,10
846,3.4742122292518616,0.07198037401888001,0.04274952411651611,0.005356718138794485,0.1,5,sqrt,4,5,450,0.8,"{'learning_rate': 0.1, 'max_depth': 5, 'max_features': 'sqrt', 'min_samples_leaf': 4, 'min_samples_split': 5, 'n_estimators': 450, 'subsample': 0.8}",0.983073103184835,0.9929475893487711,0.9936485026692425,0.9964714114603177,0.9915351516657915,0.0050604880674990915,976
847,3.4154674410820007,0.17410039891623186,0.03560459613800049,0.0021453787034704467,0.1,5,sqrt,4,5,450,0.9,"{'learning_rate': 0.1, 'max_depth': 5, 'max_features': 'sqrt', 'min_samples_leaf': 4, 'min_samples_split': 5, 'n_estimators': 450, 'subsample': 0.9}",0.9851895177715342,0.9950634082973135,0.994354131803331,0.997177133385926,0.9929460478145262,0.004597057737127703,75
848,3.572176456451416,0.2102331344120886,0.03750067949295044,0.002063616371634031,0.1,5,sqrt,4,5,450,1.0,"{'learning_rate': 0.1, 'max_depth': 5, 'max_features': 'sqrt', 'min_samples_leaf': 4, 'min_samples_split': 5, 'n_estimators': 450, 'subsample': 1.0}",0.9837786083941996,0.9929475893487711,0.9950598973131997,0.997177133385926,0.9922408071105241,0.0051093770392022664,483
849,4.922841787338257,0.2437452195653599,0.050998568534851074,0.004638131488021239,0.1,5,sqrt,4,5,650,0.8,"{'learning_rate': 0.1, 'max_depth': 5, 'max_features': 'sqrt', 'min_samples_leaf': 4, 'min_samples_split': 5, 'n_estimators': 650, 'subsample': 0.8}",0.9844840792209213,0.9936528777649296,0.9943541992883981,0.9964714114603177,0.9922406419336416,0.004596879665578409,529
850,5.251168251037598,0.10395243369323208,0.05100125074386597,0.0014136060869524238,0.1,5,sqrt,4,5,650,0.9,"{'learning_rate': 0.1, 'max_depth': 5, 'max_features': 'sqrt', 'min_samples_leaf': 4, 'min_samples_split': 5, 'n_estimators': 650, 'subsample': 0.9}",0.9837786083941996,0.9929475893487711,0.9943541992883981,0.997177133385926,0.9920643826043237,0.005020398127042184,645
851,5.164736092090607,0.15296313293407343,0.05149811506271362,0.0051237962789071395,0.1,5,sqrt,4,5,650,1.0,"{'learning_rate': 0.1, 'max_depth': 5, 'max_features': 'sqrt', 'min_samples_leaf': 4, 'min_samples_split': 5, 'n_estimators': 650, 'subsample': 1.0}",0.9844840792209213,0.9936528777649296,0.9929427491104976,0.9978828510938604,0.9922406392975522,0.004860199426334248,532
852,1.052670419216156,0.032196363122936264,0.015498697757720947,0.001657276401087078,0.1,5,sqrt,4,10,150,0.8,"{'learning_rate': 0.1, 'max_depth': 5, 'max_features': 'sqrt', 'min_samples_leaf': 4, 'min_samples_split': 10, 'n_estimators': 150, 'subsample': 0.8}",0.9837786083941996,0.9943582061641969,0.992236981492171,0.997177133385926,0.9918877323591233,0.00499902166626956,829
853,1.176163911819458,0.09602920527329381,0.01724904775619507,0.004083158181003047,0.1,5,sqrt,4,10,150,0.9,"{'learning_rate': 0.1, 'max_depth': 5, 'max_features': 'sqrt', 'min_samples_leaf': 4, 'min_samples_split': 10, 'n_estimators': 150, 'subsample': 0.9}",0.9823680526023909,0.9936528777649296,0.992236981492171,0.997177133385926,0.9913587613113544,0.005493644911990219,1042
854,1.168097198009491,0.07483054744342157,0.014249026775360107,0.0010881016658314925,0.1,5,sqrt,4,10,150,1.0,"{'learning_rate': 0.1, 'max_depth': 5, 'max_features': 'sqrt', 'min_samples_leaf': 4, 'min_samples_split': 10, 'n_estimators': 150, 'subsample': 1.0}",0.9809569664048577,0.9943581500461534,0.9929427491104976,0.9971771221387733,0.9913587469250706,0.0061958859359317634,1047
855,2.600532114505768,0.1513668581012093,0.028001248836517334,0.0015813638143767324,0.1,5,sqrt,4,10,350,0.8,"{'learning_rate': 0.1, 'max_depth': 5, 'max_features': 'sqrt', 'min_samples_leaf': 4, 'min_samples_split': 10, 'n_estimators': 350, 'subsample': 0.8}",0.9837786083941996,0.9950634082973135,0.9943541992883981,0.9978828468761906,0.9927697657140255,0.005356205162524514,127
856,2.5650338530540466,0.09370957242336256,0.027749478816986084,0.0010900425782300867,0.1,5,sqrt,4,10,350,0.9,"{'learning_rate': 0.1, 'max_depth': 5, 'max_features': 'sqrt', 'min_samples_leaf': 4, 'min_samples_split': 10, 'n_estimators': 350, 'subsample': 0.9}",0.9837786083941996,0.9950634082973135,0.9957656494662985,0.997177133385926,0.9929461998859345,0.005347368498479155,52
857,2.707034647464752,0.0640097470362532,0.027749598026275635,0.0023846199437567404,0.1,5,sqrt,4,10,350,1.0,"{'learning_rate': 0.1, 'max_depth': 5, 'max_features': 'sqrt', 'min_samples_leaf': 4, 'min_samples_split': 10, 'n_estimators': 350, 'subsample': 1.0}",0.9844840792209213,0.9936528777649296,0.994354131803331,0.997177133385926,0.992417055543777,0.004766287218578233,375
858,3.439719259738922,0.07324468148785508,0.03624999523162842,0.0012970170826367255,0.1,5,sqrt,4,10,450,0.8,"{'learning_rate': 0.1, 'max_depth': 5, 'max_features': 'sqrt', 'min_samples_leaf': 4, 'min_samples_split': 10, 'n_estimators': 450, 'subsample': 0.8}",0.9844836779194321,0.9943581500461534,0.995059946520522,0.997177133385926,0.9927697269680084,0.004895202591364614,145
859,3.4001190066337585,0.18918535715696522,0.035250723361968994,0.0025867839961464995,0.1,5,sqrt,4,10,450,0.9,"{'learning_rate': 0.1, 'max_depth': 5, 'max_features': 'sqrt', 'min_samples_leaf': 4, 'min_samples_split': 10, 'n_estimators': 450, 'subsample': 0.9}",0.9844840792209213,0.9936528777649296,0.9943541992883981,0.997177133385926,0.9924170724150437,0.0047662940753479335,367
860,3.246995270252228,0.1487587753826911,0.03574639558792114,0.0017843849216086186,0.1,5,sqrt,4,10,450,1.0,"{'learning_rate': 0.1, 'max_depth': 5, 'max_features': 'sqrt', 'min_samples_leaf': 4, 'min_samples_split': 10, 'n_estimators': 450, 'subsample': 1.0}",0.983073103184835,0.9936528777649296,0.9943541992883981,0.997177133385926,0.9920643284060222,0.005356069068455888,658
861,5.1066383719444275,0.11608705129422445,0.051254987716674805,0.0031135574313635936,0.1,5,sqrt,4,10,650,0.8,"{'learning_rate': 0.1, 'max_depth': 5, 'max_features': 'sqrt', 'min_samples_leaf': 4, 'min_samples_split': 10, 'n_estimators': 650, 'subsample': 0.8}",0.9851891641860084,0.9943581500461534,0.9936484394026853,0.9978828510938604,0.9927696511821769,0.0046611209438631425,159
862,5.197168707847595,0.2989669331949412,0.0480002760887146,0.003392589242925533,0.1,5,sqrt,4,10,650,0.9,"{'learning_rate': 0.1, 'max_depth': 5, 'max_features': 'sqrt', 'min_samples_leaf': 4, 'min_samples_split': 10, 'n_estimators': 650, 'subsample': 0.9}",0.9844836779194321,0.9936528777649296,0.9943541992883981,0.997177133385926,0.9924169720896715,0.0047664610565789235,404
863,5.280418813228607,0.14324796322334848,0.054497718811035156,0.006689915149305501,0.1,5,sqrt,4,10,650,1.0,"{'learning_rate': 0.1, 'max_depth': 5, 'max_features': 'sqrt', 'min_samples_leaf': 4, 'min_samples_split': 10, 'n_estimators': 650, 'subsample': 1.0}",0.9851895177715342,0.9929475893487711,0.9936484394026853,0.997177133385926,0.9922406699772292,0.004375184800850986,518
864,1.0686231851577759,0.013200154711960142,0.014248847961425781,0.0008314326399850126,0.1,5,log2,1,2,150,0.8,"{'learning_rate': 0.1, 'max_depth': 5, 'max_features': 'log2', 'min_samples_leaf': 1, 'min_samples_split': 2, 'n_estimators': 150, 'subsample': 0.8}",0.9809569664048577,0.9943581500461534,0.9943542442775466,0.9964714114603177,0.9915351930472189,0.0061680885851295155,968
865,1.2125901579856873,0.05582664534589271,0.014749526977539062,0.0024867253186179722,0.1,5,log2,1,2,150,0.9,"{'learning_rate': 0.1, 'max_depth': 5, 'max_features': 'log2', 'min_samples_leaf': 1, 'min_samples_split': 2, 'n_estimators': 150, 'subsample': 0.9}",0.9816625284502379,0.9943581500461534,0.9929428053469331,0.9978828468761906,0.9917115826798787,0.0060742946251198604,881
866,1.112271010875702,0.027995265497967717,0.013749659061431885,0.0008314545922451191,0.1,5,log2,1,2,150,1.0,"{'learning_rate': 0.1, 'max_depth': 5, 'max_features': 'log2', 'min_samples_leaf': 1, 'min_samples_split': 2, 'n_estimators': 150, 'subsample': 1.0}",0.9823675614859793,0.9950634082973135,0.9957656832081598,0.9964714114603177,0.9924170161129426,0.0058233715071318885,387
867,2.8367666006088257,0.18898182419078788,0.03174781799316406,0.005448146923350651,0.1,5,log2,1,2,350,0.8,"{'learning_rate': 0.1, 'max_depth': 5, 'max_features': 'log2', 'min_samples_leaf': 1, 'min_samples_split': 2, 'n_estimators': 350, 'subsample': 0.8}",0.9851895177715342,0.9950634082973135,0.9929426647541637,0.9978828510938604,0.992769610479218,0.004714193760673376,167
868,2.749284088611603,0.1814356105943287,0.03382539749145508,0.011271429952911966,0.1,5,log2,1,2,350,0.9,"{'learning_rate': 0.1, 'max_depth': 5, 'max_features': 'log2', 'min_samples_leaf': 1, 'min_samples_split': 2, 'n_estimators': 350, 'subsample': 0.9}",0.984484418767507,0.9950634082973135,0.9943541992883981,0.997177133385926,0.9927697899347862,0.004894974204952996,121
869,2.6571075320243835,0.2192723155661496,0.031392455101013184,0.004052467380217779,0.1,5,log2,1,2,350,1.0,"{'learning_rate': 0.1, 'max_depth': 5, 'max_features': 'log2', 'min_samples_leaf': 1, 'min_samples_split': 2, 'n_estimators': 350, 'subsample': 1.0}",0.9844836779194321,0.9936528777649296,0.9936484394026853,0.998588566692963,0.9925933904450025,0.00509767636221879,247
870,3.531469166278839,0.09619861293858109,0.03899848461151123,0.007382005701864482,0.1,5,log2,1,2,450,0.8,"{'learning_rate': 0.1, 'max_depth': 5, 'max_features': 'log2', 'min_samples_leaf': 1, 'min_samples_split': 2, 'n_estimators': 450, 'subsample': 0.8}",0.983073103184835,0.9950634082973135,0.9936484394026853,0.997177133385926,0.99224052106769,0.005439729271035383,566
871,3.468506336212158,0.06718455369857519,0.03800070285797119,0.0029996634335035218,0.1,5,log2,1,2,450,0.9,"{'learning_rate': 0.1, 'max_depth': 5, 'max_features': 'log2', 'min_samples_leaf': 1, 'min_samples_split': 2, 'n_estimators': 450, 'subsample': 0.9}",0.983073103184835,0.9936528777649296,0.9943541992883981,0.997177133385926,0.9920643284060222,0.005356069068455888,658
872,3.604551374912262,0.2643777233982597,0.03774869441986084,0.0074967125485110335,0.1,5,log2,1,2,450,1.0,"{'learning_rate': 0.1, 'max_depth': 5, 'max_features': 'log2', 'min_samples_leaf': 1, 'min_samples_split': 2, 'n_estimators': 450, 'subsample': 1.0}",0.983778156567101,0.9943581500461534,0.9943541992883981,0.998588566692963,0.9927697681486539,0.005471308673929516,125
873,4.667817533016205,0.13328951265831163,0.048247694969177246,0.0019210789833464153,0.1,5,log2,1,2,650,0.8,"{'learning_rate': 0.1, 'max_depth': 5, 'max_features': 'log2', 'min_samples_leaf': 1, 'min_samples_split': 2, 'n_estimators': 650, 'subsample': 0.8}",0.9844836779194321,0.9936528777649296,0.9936485026692425,0.9978828510938604,0.9924169773618662,0.0048953324730407685,402
874,5.370169520378113,0.281847874952383,0.05349898338317871,0.006424712290525692,0.1,5,log2,1,2,650,0.9,"{'learning_rate': 0.1, 'max_depth': 5, 'max_features': 'log2', 'min_samples_leaf': 1, 'min_samples_split': 2, 'n_estimators': 650, 'subsample': 0.9}",0.9837786083941996,0.9936528777649296,0.9943541992883981,0.9964714114603177,0.9920642742269612,0.004894960032361662,675
875,5.443267524242401,0.0935153726857174,0.04775208234786987,0.004549715933968034,0.1,5,log2,1,2,650,1.0,"{'learning_rate': 0.1, 'max_depth': 5, 'max_features': 'log2', 'min_samples_leaf': 1, 'min_samples_split': 2, 'n_estimators': 650, 'subsample': 1.0}",0.9837786083941996,0.9943581500461534,0.9950598973131997,0.9978828510938604,0.9927698767118532,0.0053561231205542575,109
876,1.1974286437034607,0.06290116606717833,0.013591170310974121,0.0008259199929481753,0.1,5,log2,1,5,150,0.8,"{'learning_rate': 0.1, 'max_depth': 5, 'max_features': 'log2', 'min_samples_leaf': 1, 'min_samples_split': 5, 'n_estimators': 150, 'subsample': 0.8}",0.983073103184835,0.9936528777649296,0.9908255235816568,0.997177133385926,0.9911821594793369,0.0051944235517129575,1092
877,1.1763174533843994,0.0939847640471821,0.013590037822723389,0.0006064420005614714,0.1,5,log2,1,5,150,0.9,"{'learning_rate': 0.1, 'max_depth': 5, 'max_features': 'log2', 'min_samples_leaf': 1, 'min_samples_split': 5, 'n_estimators': 150, 'subsample': 0.9}",0.9816619811904492,0.9943581500461534,0.9936485026692425,0.9964714184897671,0.991535013098903,0.005794001157127131,988
878,1.1181814670562744,0.03056937133875692,0.014499962329864502,0.0025984051680463,0.1,5,log2,1,5,150,1.0,"{'learning_rate': 0.1, 'max_depth': 5, 'max_features': 'log2', 'min_samples_leaf': 1, 'min_samples_split': 5, 'n_estimators': 150, 'subsample': 1.0}",0.9851891641860084,0.9950634082973135,0.9943541992883981,0.997177133385926,0.9929459762894115,0.0045972120547634,87
879,2.625100255012512,0.19349470338313476,0.03199821710586548,0.005098252708330845,0.1,5,log2,1,5,350,0.8,"{'learning_rate': 0.1, 'max_depth': 5, 'max_features': 'log2', 'min_samples_leaf': 1, 'min_samples_split': 5, 'n_estimators': 350, 'subsample': 0.8}",0.9823680526023909,0.9957686546231477,0.9964713903718013,0.997177133385926,0.9929463077458165,0.006127626312292931,45
880,2.672849416732788,0.13008508683923264,0.03074747323989868,0.0038980674786313336,0.1,5,log2,1,5,350,0.9,"{'learning_rate': 0.1, 'max_depth': 5, 'max_features': 'log2', 'min_samples_leaf': 1, 'min_samples_split': 5, 'n_estimators': 350, 'subsample': 0.9}",0.9837789956545375,0.9936528777649296,0.9950598973131997,0.9978828510938604,0.9925936554566318,0.005312205726179525,188
881,2.584566295146942,0.0968960003336023,0.03100043535232544,0.004301682733166445,0.1,5,log2,1,5,350,1.0,"{'learning_rate': 0.1, 'max_depth': 5, 'max_features': 'log2', 'min_samples_leaf': 1, 'min_samples_split': 5, 'n_estimators': 350, 'subsample': 1.0}",0.9830725980219531,0.9950634082973135,0.9936484394026853,0.998588566692963,0.9925932531037287,0.005783635167982522,292
882,3.482536554336548,0.06084561703807252,0.03899991512298584,0.005523597310265759,0.1,5,log2,1,5,450,0.8,"{'learning_rate': 0.1, 'max_depth': 5, 'max_features': 'log2', 'min_samples_leaf': 1, 'min_samples_split': 5, 'n_estimators': 450, 'subsample': 0.8}",0.9830735409682778,0.9936528777649296,0.9936484394026853,0.997177133385926,0.9918879978804547,0.005288751280115122,772
883,3.6437785029411316,0.13808625837837882,0.03749877214431763,0.002288975867766357,0.1,5,log2,1,5,450,0.9,"{'learning_rate': 0.1, 'max_depth': 5, 'max_features': 'log2', 'min_samples_leaf': 1, 'min_samples_split': 5, 'n_estimators': 450, 'subsample': 0.9}",0.983073103184835,0.9943581500461534,0.9943541992883981,0.997177133385926,0.9922406464763281,0.005416725945339652,526
884,3.2270246744155884,0.040855538685370944,0.03475236892700195,0.0012979589451685657,0.1,5,log2,1,5,450,1.0,"{'learning_rate': 0.1, 'max_depth': 5, 'max_features': 'log2', 'min_samples_leaf': 1, 'min_samples_split': 5, 'n_estimators': 450, 'subsample': 1.0}",0.983073103184835,0.9950634082973135,0.9943541992883981,0.9978828468761906,0.9925933894116843,0.005652779290474193,249
885,5.167781352996826,0.30987197121633425,0.055999934673309326,0.006203696201125419,0.1,5,log2,1,5,650,0.8,"{'learning_rate': 0.1, 'max_depth': 5, 'max_features': 'log2', 'min_samples_leaf': 1, 'min_samples_split': 5, 'n_estimators': 650, 'subsample': 0.8}",0.9851891641860084,0.9943581500461534,0.9929426647541637,0.997177133385926,0.9924167780930628,0.004442546205283248,447
886,5.268686354160309,0.18954302091877165,0.0502510666847229,0.0030321926903365422,0.1,5,log2,1,5,650,0.9,"{'learning_rate': 0.1, 'max_depth': 5, 'max_features': 'log2', 'min_samples_leaf': 1, 'min_samples_split': 5, 'n_estimators': 650, 'subsample': 0.9}",0.983778156567101,0.9936528777649296,0.9950598973131997,0.9978828510938604,0.9925934456847727,0.005312553806260775,224
887,5.4340038895606995,0.102727920676078,0.06024903059005737,0.010331405240446144,0.1,5,log2,1,5,650,1.0,"{'learning_rate': 0.1, 'max_depth': 5, 'max_features': 'log2', 'min_samples_leaf': 1, 'min_samples_split': 5, 'n_estimators': 650, 'subsample': 1.0}",0.9823675614859793,0.9936528777649296,0.9950598973131997,0.9978828510938604,0.9922407969144923,0.005900314664827934,485
888,1.1634981632232666,0.024944887636862235,0.014249920845031738,0.0004321563320139471,0.1,5,log2,1,10,150,0.8,"{'learning_rate': 0.1, 'max_depth': 5, 'max_features': 'log2', 'min_samples_leaf': 1, 'min_samples_split': 10, 'n_estimators': 150, 'subsample': 0.8}",0.9816625284502379,0.9943582061641969,0.992237105212699,0.9978828510938604,0.9915351727302485,0.006046163094612195,972
889,1.2494438886642456,0.1075871021960703,0.016751468181610107,0.003268815721776582,0.1,5,log2,1,10,150,0.9,"{'learning_rate': 0.1, 'max_depth': 5, 'max_features': 'log2', 'min_samples_leaf': 1, 'min_samples_split': 10, 'n_estimators': 150, 'subsample': 0.9}",0.9844836779194321,0.9929475893487711,0.9936485026692425,0.997177133385926,0.992064225830843,0.004660922508192865,686
890,1.1143776774406433,0.06484329505220363,0.014498889446258545,0.001498083694380273,0.1,5,log2,1,10,150,1.0,"{'learning_rate': 0.1, 'max_depth': 5, 'max_features': 'log2', 'min_samples_leaf': 1, 'min_samples_split': 10, 'n_estimators': 150, 'subsample': 1.0}",0.9823675614859793,0.9943581500461534,0.9943541992883981,0.9978828468761906,0.9922406894241803,0.005879267799418418,513
891,2.6778663396835327,0.1193546948025614,0.03175085783004761,0.006495786711215233,0.1,5,log2,1,10,350,0.8,"{'learning_rate': 0.1, 'max_depth': 5, 'max_features': 'log2', 'min_samples_leaf': 1, 'min_samples_split': 10, 'n_estimators': 350, 'subsample': 0.8}",0.9844840792209213,0.9950634082973135,0.9964713903718013,0.997177133385926,0.9932990028189905,0.005145870776923034,6
892,2.7699695229530334,0.256799723101787,0.02849876880645752,0.0016572938346859688,0.1,5,log2,1,10,350,0.9,"{'learning_rate': 0.1, 'max_depth': 5, 'max_features': 'log2', 'min_samples_leaf': 1, 'min_samples_split': 10, 'n_estimators': 350, 'subsample': 0.9}",0.9851895177715342,0.9957686546231477,0.9943542442775466,0.997177133385926,0.9931223875145386,0.004687525656881316,31
893,2.6628472208976746,0.15326746944628614,0.02774900197982788,0.0021659331068822995,0.1,5,log2,1,10,350,1.0,"{'learning_rate': 0.1, 'max_depth': 5, 'max_features': 'log2', 'min_samples_leaf': 1, 'min_samples_split': 10, 'n_estimators': 350, 'subsample': 1.0}",0.9844836779194321,0.9950634082973135,0.9943541992883981,0.997177133385926,0.9927696047227674,0.004895287700503944,169
894,3.479407489299774,0.2031263043612373,0.0357518196105957,0.002161699532402479,0.1,5,log2,1,10,450,0.8,"{'learning_rate': 0.1, 'max_depth': 5, 'max_features': 'log2', 'min_samples_leaf': 1, 'min_samples_split': 10, 'n_estimators': 450, 'subsample': 0.8}",0.985894617473565,0.9950634082973135,0.994354131803331,0.997177133385926,0.9931223227400339,0.004300185446643039,35
895,3.5481889843940735,0.13330196415921297,0.035999178886413574,0.0007059598786286198,0.1,5,log2,1,10,450,0.9,"{'learning_rate': 0.1, 'max_depth': 5, 'max_features': 'log2', 'min_samples_leaf': 1, 'min_samples_split': 10, 'n_estimators': 450, 'subsample': 0.9}",0.984484418767507,0.9943581500461534,0.994354131803331,0.997177133385926,0.9925934585007293,0.004821325221791865,217
896,3.490836203098297,0.20248270785477643,0.03424966335296631,0.0008300334644843311,0.1,5,log2,1,10,450,1.0,"{'learning_rate': 0.1, 'max_depth': 5, 'max_features': 'log2', 'min_samples_leaf': 1, 'min_samples_split': 10, 'n_estimators': 450, 'subsample': 1.0}",0.983778156567101,0.9936528777649296,0.995059946520522,0.9978828510938604,0.9925934579866033,0.005312559517653426,219
897,4.990332543849945,0.2228240430953977,0.04902547597885132,0.0022066466885224682,0.1,5,log2,1,10,650,0.8,"{'learning_rate': 0.1, 'max_depth': 5, 'max_features': 'log2', 'min_samples_leaf': 1, 'min_samples_split': 10, 'n_estimators': 650, 'subsample': 0.8}",0.983073103184835,0.9936528777649296,0.9936484394026853,0.997177133385926,0.991887888434594,0.005288933687474383,797
898,5.061034739017487,0.27340643920321595,0.051323890686035156,0.005088203063597385,0.1,5,log2,1,10,650,0.9,"{'learning_rate': 0.1, 'max_depth': 5, 'max_features': 'log2', 'min_samples_leaf': 1, 'min_samples_split': 10, 'n_estimators': 650, 'subsample': 0.9}",0.9844836779194321,0.9936528777649296,0.9936484394026853,0.9964714114603177,0.9920641016368412,0.004525525918526867,718
899,5.261560499668121,0.3073666657574289,0.05628722906112671,0.0016974383526424347,0.1,5,log2,1,10,650,1.0,"{'learning_rate': 0.1, 'max_depth': 5, 'max_features': 'log2', 'min_samples_leaf': 1, 'min_samples_split': 10, 'n_estimators': 650, 'subsample': 1.0}",0.983073103184835,0.9936528777649296,0.9957656494662985,0.9978828510938604,0.9925936203774809,0.005696490233901247,194
900,1.2307865023612976,0.07407235170327062,0.015072286128997803,0.001107286629120477,0.1,5,log2,2,2,150,0.8,"{'learning_rate': 0.1, 'max_depth': 5, 'max_features': 'log2', 'min_samples_leaf': 2, 'min_samples_split': 2, 'n_estimators': 150, 'subsample': 0.8}",0.9823675614859793,0.9950634082973135,0.9943542442775466,0.9971771221387733,0.9922405840499031,0.005794002915521916,549
901,1.2481079697608948,0.04940869001696182,0.015005648136138916,0.0018672470455910908,0.1,5,log2,2,2,150,0.9,"{'learning_rate': 0.1, 'max_depth': 5, 'max_features': 'log2', 'min_samples_leaf': 2, 'min_samples_split': 2, 'n_estimators': 150, 'subsample': 0.9}",0.9816630027156343,0.9936528777649296,0.9922370588179632,0.997177133385926,0.9911825181711134,0.00578297757602831,1079
902,1.148016333580017,0.02552751557930114,0.014498114585876465,0.000866445370266929,0.1,5,log2,2,2,150,1.0,"{'learning_rate': 0.1, 'max_depth': 5, 'max_features': 'log2', 'min_samples_leaf': 2, 'min_samples_split': 2, 'n_estimators': 150, 'subsample': 1.0}",0.9844836779194321,0.9929476875576917,0.994354131803331,0.9978828510938604,0.9924170870935788,0.004920549671817794,359
903,2.852200508117676,0.1976947865268258,0.03128081560134888,0.004281613765650807,0.1,5,log2,2,2,350,0.8,"{'learning_rate': 0.1, 'max_depth': 5, 'max_features': 'log2', 'min_samples_leaf': 2, 'min_samples_split': 2, 'n_estimators': 350, 'subsample': 0.8}",0.9837786083941996,0.9950634082973135,0.994354131803331,0.997177133385926,0.9925933204701926,0.00519404178491327,280
904,2.631433129310608,0.05312136115479137,0.028999805450439453,0.001870597765319518,0.1,5,log2,2,2,350,0.9,"{'learning_rate': 0.1, 'max_depth': 5, 'max_features': 'log2', 'min_samples_leaf': 2, 'min_samples_split': 2, 'n_estimators': 350, 'subsample': 0.9}",0.9837786083941996,0.9950634082973135,0.9950598973131997,0.997177133385926,0.9927697618476597,0.005262397238581487,134
905,2.733451783657074,0.13355811287545186,0.032282471656799316,0.004930776235850771,0.1,5,log2,2,2,350,1.0,"{'learning_rate': 0.1, 'max_depth': 5, 'max_features': 'log2', 'min_samples_leaf': 2, 'min_samples_split': 2, 'n_estimators': 350, 'subsample': 1.0}",0.983073103184835,0.9950634082973135,0.9943541992883981,0.9978828510938604,0.9925933904661017,0.005652780277121158,246
906,3.5565139055252075,0.28013228633716036,0.03485989570617676,0.002494443448474573,0.1,5,log2,2,2,450,0.8,"{'learning_rate': 0.1, 'max_depth': 5, 'max_features': 'log2', 'min_samples_leaf': 2, 'min_samples_split': 2, 'n_estimators': 450, 'subsample': 0.8}",0.9844836779194321,0.9936528777649296,0.9929427491104976,0.997177133385926,0.9920641095451963,0.004661066089707983,717
907,3.716321349143982,0.2460771769403083,0.04151183366775513,0.006886697119561093,0.1,5,log2,2,2,450,0.9,"{'learning_rate': 0.1, 'max_depth': 5, 'max_features': 'log2', 'min_samples_leaf': 2, 'min_samples_split': 2, 'n_estimators': 450, 'subsample': 0.9}",0.9844836779194321,0.9943581500461534,0.9943541992883981,0.997177133385926,0.9925932901599774,0.004821642893985,286
908,3.5595073103904724,0.30211953987236156,0.034999072551727295,0.0027387430337749603,0.1,5,log2,2,2,450,1.0,"{'learning_rate': 0.1, 'max_depth': 5, 'max_features': 'log2', 'min_samples_leaf': 2, 'min_samples_split': 2, 'n_estimators': 450, 'subsample': 1.0}",0.9816625284502379,0.9936528777649296,0.9950598973131997,0.9978828510938604,0.9920645386555569,0.006195756018347475,627
909,4.960245847702026,0.2709138108356029,0.05150061845779419,0.0038405353096470215,0.1,5,log2,2,2,650,0.8,"{'learning_rate': 0.1, 'max_depth': 5, 'max_features': 'log2', 'min_samples_leaf': 2, 'min_samples_split': 2, 'n_estimators': 650, 'subsample': 0.8}",0.9837786083941996,0.9950634082973135,0.9943541992883981,0.998588566692963,0.9929461956682186,0.005530507904317378,54
910,5.446471333503723,0.16739836227625332,0.05574852228164673,0.007155931416809719,0.1,5,log2,2,2,650,0.9,"{'learning_rate': 0.1, 'max_depth': 5, 'max_features': 'log2', 'min_samples_leaf': 2, 'min_samples_split': 2, 'n_estimators': 650, 'subsample': 0.9}",0.9830725980219531,0.9943581500461534,0.9936484394026853,0.9978828510938604,0.9922405096411631,0.0055306710177133855,574
911,5.250993132591248,0.19907067088790567,0.0499996542930603,0.004690279431837656,0.1,5,log2,2,2,650,1.0,"{'learning_rate': 0.1, 'max_depth': 5, 'max_features': 'log2', 'min_samples_leaf': 2, 'min_samples_split': 2, 'n_estimators': 650, 'subsample': 1.0}",0.9851891641860084,0.9936528777649296,0.9943541992883981,0.9978828510938604,0.9927697730832992,0.004660994482776458,123
912,1.146292805671692,0.11388843298003441,0.01875096559524536,0.005119188467263459,0.1,5,log2,2,5,150,0.8,"{'learning_rate': 0.1, 'max_depth': 5, 'max_features': 'log2', 'min_samples_leaf': 2, 'min_samples_split': 5, 'n_estimators': 150, 'subsample': 0.8}",0.9830735409682778,0.9936529535251174,0.9908255235816568,0.997177133385926,0.9911822878652445,0.005194261704343082,1090
913,1.2735459804534912,0.13398412083646574,0.016001641750335693,0.0052470061202191595,0.1,5,log2,2,5,150,0.9,"{'learning_rate': 0.1, 'max_depth': 5, 'max_features': 'log2', 'min_samples_leaf': 2, 'min_samples_split': 5, 'n_estimators': 150, 'subsample': 0.9}",0.9837786083941996,0.9929475893487711,0.9929426647541637,0.997177133385926,0.9917114989707652,0.004895089403390983,895
914,1.2290473580360413,0.1089307164022257,0.013749301433563232,0.0008288284803183993,0.1,5,log2,2,5,150,1.0,"{'learning_rate': 0.1, 'max_depth': 5, 'max_features': 'log2', 'min_samples_leaf': 2, 'min_samples_split': 5, 'n_estimators': 150, 'subsample': 1.0}",0.9823675614859793,0.9943581500461534,0.9936485026692425,0.9978828468761906,0.9920642652693915,0.005823522810257726,678
915,2.5500245094299316,0.10317401933443802,0.02900075912475586,0.0030830282821951147,0.1,5,log2,2,5,350,0.8,"{'learning_rate': 0.1, 'max_depth': 5, 'max_features': 'log2', 'min_samples_leaf': 2, 'min_samples_split': 5, 'n_estimators': 350, 'subsample': 0.8}",0.9837786083941996,0.9943581500461534,0.9929427491104976,0.9964714114603177,0.9918877297527922,0.0048472680314603535,830
916,2.8211328983306885,0.14791999505370654,0.027999460697174072,0.0018729872102127175,0.1,5,log2,2,5,350,0.9,"{'learning_rate': 0.1, 'max_depth': 5, 'max_features': 'log2', 'min_samples_leaf': 2, 'min_samples_split': 5, 'n_estimators': 350, 'subsample': 0.9}",0.9837786083941996,0.9950634082973135,0.9929426647541637,0.9978828510938604,0.9924168831348844,0.005286235379990376,431
917,2.7481343746185303,0.10285451854960215,0.029998362064361572,0.0031618606040110524,0.1,5,log2,2,5,350,1.0,"{'learning_rate': 0.1, 'max_depth': 5, 'max_features': 'log2', 'min_samples_leaf': 2, 'min_samples_split': 5, 'n_estimators': 350, 'subsample': 1.0}",0.9844840792209213,0.9929475893487711,0.9943542442775466,0.997177133385926,0.9922407615582913,0.0047302299741534305,490
918,3.569471299648285,0.08886824966455009,0.03924965858459473,0.003268508970485632,0.1,5,log2,2,5,450,0.8,"{'learning_rate': 0.1, 'max_depth': 5, 'max_features': 'log2', 'min_samples_leaf': 2, 'min_samples_split': 5, 'n_estimators': 450, 'subsample': 0.8}",0.9844836779194321,0.9936528777649296,0.994354131803331,0.9964714114603177,0.9922405247370025,0.004597041193069321,565
919,3.528498351573944,0.17789006221099682,0.037253499031066895,0.004266873434575993,0.1,5,log2,2,5,450,0.9,"{'learning_rate': 0.1, 'max_depth': 5, 'max_features': 'log2', 'min_samples_leaf': 2, 'min_samples_split': 5, 'n_estimators': 450, 'subsample': 0.9}",0.9823680526023909,0.9957686546231477,0.995059946520522,0.997177133385926,0.9925934467829967,0.0059526136025700605,223
920,3.3695071935653687,0.16677911834667797,0.035500407218933105,0.002063688175571336,0.1,5,log2,2,5,450,1.0,"{'learning_rate': 0.1, 'max_depth': 5, 'max_features': 'log2', 'min_samples_leaf': 2, 'min_samples_split': 5, 'n_estimators': 450, 'subsample': 1.0}",0.9823675614859793,0.9936528777649296,0.9950598973131997,0.997177133385926,0.9920643674875087,0.0057372682001408945,648
921,4.88519561290741,0.2774716648154688,0.04799926280975342,0.002235426364023659,0.1,5,log2,2,5,650,0.8,"{'learning_rate': 0.1, 'max_depth': 5, 'max_features': 'log2', 'min_samples_leaf': 2, 'min_samples_split': 5, 'n_estimators': 650, 'subsample': 0.8}",0.9844840792209213,0.9936528777649296,0.994354131803331,0.997177133385926,0.992417055543777,0.004766287218578233,375
922,5.173065543174744,0.2746455612995187,0.0504986047744751,0.004030230882194174,0.1,5,log2,2,5,650,0.9,"{'learning_rate': 0.1, 'max_depth': 5, 'max_features': 'log2', 'min_samples_leaf': 2, 'min_samples_split': 5, 'n_estimators': 650, 'subsample': 0.9}",0.9837786083941996,0.9943581500461534,0.9936484394026853,0.9978828510938604,0.9924170122342246,0.005238841575648817,391
923,5.312730073928833,0.11055657273829954,0.05500286817550659,0.004526943315541372,0.1,5,log2,2,5,650,1.0,"{'learning_rate': 0.1, 'max_depth': 5, 'max_features': 'log2', 'min_samples_leaf': 2, 'min_samples_split': 5, 'n_estimators': 650, 'subsample': 1.0}",0.9823675614859793,0.9936528777649296,0.9950598973131997,0.9978828510938604,0.9922407969144923,0.005900314664827934,485
924,1.0930272340774536,0.03908241419021892,0.01425015926361084,0.0016418226066820213,0.1,5,log2,2,10,150,0.8,"{'learning_rate': 0.1, 'max_depth': 5, 'max_features': 'log2', 'min_samples_leaf': 2, 'min_samples_split': 10, 'n_estimators': 150, 'subsample': 0.8}",0.9816625284502379,0.9936528777649296,0.9929428053469331,0.9964714114603177,0.9911824057556047,0.005652518994300926,1087
925,1.1815959215164185,0.06418266497327127,0.015000462532043457,0.0018698972211019713,0.1,5,log2,2,10,150,0.9,"{'learning_rate': 0.1, 'max_depth': 5, 'max_features': 'log2', 'min_samples_leaf': 2, 'min_samples_split': 10, 'n_estimators': 150, 'subsample': 0.9}",0.9809574968105822,0.9950634082973135,0.9936485026692425,0.997177133385926,0.9917116352907661,0.006334607355795511,876
926,1.1607988476753235,0.08220196506468218,0.015999138355255127,0.0007071421579883071,0.1,5,log2,2,10,150,1.0,"{'learning_rate': 0.1, 'max_depth': 5, 'max_features': 'log2', 'min_samples_leaf': 2, 'min_samples_split': 10, 'n_estimators': 150, 'subsample': 1.0}",0.9844836779194321,0.9943581500461534,0.9922370588179632,0.997177133385926,0.9920640050423687,0.004714299779820269,738
927,2.6228285431861877,0.2085451373447053,0.030001521110534668,0.0052448463463763235,0.1,5,log2,2,10,350,0.8,"{'learning_rate': 0.1, 'max_depth': 5, 'max_features': 'log2', 'min_samples_leaf': 2, 'min_samples_split': 10, 'n_estimators': 350, 'subsample': 0.8}",0.9837786083941996,0.9957686546231477,0.9943542442775466,0.9978828510938604,0.9929460895971886,0.005439763290157012,73
928,2.6163995265960693,0.1605597080492035,0.027249515056610107,0.0010916561693720067,0.1,5,log2,2,10,350,0.9,"{'learning_rate': 0.1, 'max_depth': 5, 'max_features': 'log2', 'min_samples_leaf': 2, 'min_samples_split': 10, 'n_estimators': 350, 'subsample': 0.9}",0.9844836779194321,0.9943581500461534,0.995059946520522,0.9978828510938604,0.992946156394992,0.005060788754355827,59
929,2.698646366596222,0.1545217055111792,0.028750181198120117,0.0012974529000039296,0.1,5,log2,2,10,350,1.0,"{'learning_rate': 0.1, 'max_depth': 5, 'max_features': 'log2', 'min_samples_leaf': 2, 'min_samples_split': 10, 'n_estimators': 350, 'subsample': 1.0}",0.9823675614859793,0.9950634082973135,0.9943541992883981,0.9978828468761906,0.9924170039869704,0.0059502713064204455,393
930,3.5307748317718506,0.08733780867798462,0.04049712419509888,0.004974056306726859,0.1,5,log2,2,10,450,0.8,"{'learning_rate': 0.1, 'max_depth': 5, 'max_features': 'log2', 'min_samples_leaf': 2, 'min_samples_split': 10, 'n_estimators': 450, 'subsample': 0.8}",0.9844840792209213,0.9950634082973135,0.9943541992883981,0.9978828468761906,0.9929461334207059,0.005060706556710466,65
931,3.3993623852729797,0.15494205939893593,0.036749422550201416,0.0022772801747542267,0.1,5,log2,2,10,450,0.9,"{'learning_rate': 0.1, 'max_depth': 5, 'max_features': 'log2', 'min_samples_leaf': 2, 'min_samples_split': 10, 'n_estimators': 450, 'subsample': 0.9}",0.983073103184835,0.9950634082973135,0.9936485026692425,0.9978828510938604,0.9924169663113128,0.005605890017843018,407
932,3.460313558578491,0.20606693265399348,0.03749948740005493,0.003570148257694173,0.1,5,log2,2,10,450,1.0,"{'learning_rate': 0.1, 'max_depth': 5, 'max_features': 'log2', 'min_samples_leaf': 2, 'min_samples_split': 10, 'n_estimators': 450, 'subsample': 1.0}",0.9823675614859793,0.9957686546231477,0.9950598973131997,0.998588566692963,0.9929461700288224,0.006248557056155918,58
933,4.769211053848267,0.24807648507548136,0.052127957344055176,0.004773832831137166,0.1,5,log2,2,10,650,0.8,"{'learning_rate': 0.1, 'max_depth': 5, 'max_features': 'log2', 'min_samples_leaf': 2, 'min_samples_split': 10, 'n_estimators': 650, 'subsample': 0.8}",0.9844836779194321,0.9936528777649296,0.994354131803331,0.9978828510938604,0.9925933846453883,0.004948953291229611,251
934,5.078618943691254,0.20760970949503374,0.047498345375061035,0.002293931287458558,0.1,5,log2,2,10,650,0.9,"{'learning_rate': 0.1, 'max_depth': 5, 'max_features': 'log2', 'min_samples_leaf': 2, 'min_samples_split': 10, 'n_estimators': 650, 'subsample': 0.9}",0.9844836779194321,0.9943581500461534,0.9943541992883981,0.9978828510938604,0.992769719586961,0.004995905512788153,146
935,5.248030662536621,0.13224122347443928,0.05175143480300903,0.005400419365156617,0.1,5,log2,2,10,650,1.0,"{'learning_rate': 0.1, 'max_depth': 5, 'max_features': 'log2', 'min_samples_leaf': 2, 'min_samples_split': 10, 'n_estimators': 650, 'subsample': 1.0}",0.983778156567101,0.9936528777649296,0.9950598973131997,0.997177133385926,0.9924170162577891,0.0051429754463456585,386
936,1.0832504630088806,0.06053940079151525,0.014250040054321289,0.0010909941828568606,0.1,5,log2,4,2,150,0.8,"{'learning_rate': 0.1, 'max_depth': 5, 'max_features': 'log2', 'min_samples_leaf': 4, 'min_samples_split': 2, 'n_estimators': 150, 'subsample': 0.8}",0.9830735409682778,0.9936529535251174,0.9950599760444447,0.997177133385926,0.9922409009809415,0.005439392350230472,471
937,1.1845040321350098,0.036578920437212045,0.015502572059631348,0.002064499479348984,0.1,5,log2,4,2,150,0.9,"{'learning_rate': 0.1, 'max_depth': 5, 'max_features': 'log2', 'min_samples_leaf': 4, 'min_samples_split': 2, 'n_estimators': 150, 'subsample': 0.9}",0.9837786083941996,0.9936528777649296,0.9929427491104976,0.997177133385926,0.9918878421638881,0.004948849697200648,808
938,1.1177737712860107,0.061707545401313894,0.014750778675079346,0.0008303027463053446,0.1,5,log2,4,2,150,1.0,"{'learning_rate': 0.1, 'max_depth': 5, 'max_features': 'log2', 'min_samples_leaf': 4, 'min_samples_split': 2, 'n_estimators': 150, 'subsample': 1.0}",0.9837786083941996,0.9950634082973135,0.992236981492171,0.997177133385926,0.9920640328924026,0.005094561311095329,735
939,2.752701759338379,0.20616015613676497,0.030499041080474854,0.005124889831360175,0.1,5,log2,4,2,350,0.8,"{'learning_rate': 0.1, 'max_depth': 5, 'max_features': 'log2', 'min_samples_leaf': 4, 'min_samples_split': 2, 'n_estimators': 350, 'subsample': 0.8}",0.9830739113827349,0.9943581500461534,0.9943542442775466,0.997177133385926,0.9922408597730903,0.005416388375483704,476
940,2.8464473485946655,0.18040041024824105,0.026500344276428223,0.0011217384800087519,0.1,5,log2,4,2,350,0.9,"{'learning_rate': 0.1, 'max_depth': 5, 'max_features': 'log2', 'min_samples_leaf': 4, 'min_samples_split': 2, 'n_estimators': 350, 'subsample': 0.9}",0.9844840792209213,0.9950634082973135,0.994354131803331,0.997177133385926,0.9927696881768729,0.004895112425626404,153
941,2.5373038053512573,0.08198384810719751,0.026291191577911377,0.0012602990832216922,0.1,5,log2,4,2,350,1.0,"{'learning_rate': 0.1, 'max_depth': 5, 'max_features': 'log2', 'min_samples_leaf': 4, 'min_samples_split': 2, 'n_estimators': 350, 'subsample': 1.0}",0.9851891641860084,0.9950634082973135,0.9936485026692425,0.9978828468761906,0.9929459805071889,0.004730694632410759,86
942,3.439756989479065,0.1797237445359254,0.03625082969665527,0.003491686476031104,0.1,5,log2,4,2,450,0.8,"{'learning_rate': 0.1, 'max_depth': 5, 'max_features': 'log2', 'min_samples_leaf': 4, 'min_samples_split': 2, 'n_estimators': 450, 'subsample': 0.8}",0.983778156567101,0.9943581500461534,0.9943541992883981,0.9978828468761906,0.9925933381944608,0.005289175783651287,269
943,3.5070900917053223,0.15923398370633207,0.039499759674072266,0.003043867403043482,0.1,5,log2,4,2,450,0.9,"{'learning_rate': 0.1, 'max_depth': 5, 'max_features': 'log2', 'min_samples_leaf': 4, 'min_samples_split': 2, 'n_estimators': 450, 'subsample': 0.9}",0.9844840792209213,0.9950634082973135,0.9957657000788889,0.9978828510938604,0.993299009672746,0.00519404142047799,5
944,3.506590485572815,0.1908767163309784,0.03750205039978027,0.003907086547324341,0.1,5,log2,4,2,450,1.0,"{'learning_rate': 0.1, 'max_depth': 5, 'max_features': 'log2', 'min_samples_leaf': 4, 'min_samples_split': 2, 'n_estimators': 450, 'subsample': 1.0}",0.9823675614859793,0.9950634082973135,0.9943541992883981,0.9978828468761906,0.9924170039869704,0.0059502713064204455,393
945,4.81704568862915,0.1894314652597948,0.05425018072128296,0.0010888163348966528,0.1,5,log2,4,2,650,0.8,"{'learning_rate': 0.1, 'max_depth': 5, 'max_features': 'log2', 'min_samples_leaf': 4, 'min_samples_split': 2, 'n_estimators': 650, 'subsample': 0.8}",0.9837786083941996,0.9936528777649296,0.995059946520522,0.9978828468761906,0.9925935698889604,0.00531237103529491,200
946,4.976882100105286,0.382826391992865,0.05407661199569702,0.005152643954885974,0.1,5,log2,4,2,650,0.9,"{'learning_rate': 0.1, 'max_depth': 5, 'max_features': 'log2', 'min_samples_leaf': 4, 'min_samples_split': 2, 'n_estimators': 650, 'subsample': 0.9}",0.9837786083941996,0.9936528777649296,0.992236981492171,0.9978828510938604,0.9918878296862902,0.005121939411609121,811
947,5.0087363719940186,0.19268852766398822,0.05000162124633789,0.0015824574618331652,0.1,5,log2,4,2,650,1.0,"{'learning_rate': 0.1, 'max_depth': 5, 'max_features': 'log2', 'min_samples_leaf': 4, 'min_samples_split': 2, 'n_estimators': 650, 'subsample': 1.0}",0.983778156567101,0.9929475893487711,0.9957656494662985,0.9978828510938604,0.9925935616190078,0.0053822724364886495,203
948,1.0837047696113586,0.05088503824336988,0.015500426292419434,0.0018045296470157507,0.1,5,log2,4,5,150,0.8,"{'learning_rate': 0.1, 'max_depth': 5, 'max_features': 'log2', 'min_samples_leaf': 4, 'min_samples_split': 5, 'n_estimators': 150, 'subsample': 0.8}",0.9823680526023909,0.9936528777649296,0.992236981492171,0.997177133385926,0.9913587613113544,0.005493644911990219,1042
949,1.19395112991333,0.014532458680297107,0.01525115966796875,0.002773755452706501,0.1,5,log2,4,5,150,0.9,"{'learning_rate': 0.1, 'max_depth': 5, 'max_features': 'log2', 'min_samples_leaf': 4, 'min_samples_split': 5, 'n_estimators': 150, 'subsample': 0.9}",0.9823680526023909,0.9943581500461534,0.9908255235816568,0.997177133385926,0.9911822149040318,0.005564222708758248,1091
950,1.149002730846405,0.08614776394554795,0.01724773645401001,0.004547998778392782,0.1,5,log2,4,5,150,1.0,"{'learning_rate': 0.1, 'max_depth': 5, 'max_features': 'log2', 'min_samples_leaf': 4, 'min_samples_split': 5, 'n_estimators': 150, 'subsample': 1.0}",0.9837786083941996,0.9936528777649296,0.9936484394026853,0.9978828468761906,0.9922406931095012,0.005182103626494473,512
951,2.6645604372024536,0.16291648290514896,0.02750229835510254,0.0014987015587620766,0.1,5,log2,4,5,350,0.8,"{'learning_rate': 0.1, 'max_depth': 5, 'max_features': 'log2', 'min_samples_leaf': 4, 'min_samples_split': 5, 'n_estimators': 350, 'subsample': 0.8}",0.9844836779194321,0.9950634082973135,0.9929426647541637,0.998588566692963,0.9927695794159681,0.005191540860171441,174
952,2.702062666416168,0.1866365367112624,0.03199952840805054,0.004848988573686641,0.1,5,log2,4,5,350,0.9,"{'learning_rate': 0.1, 'max_depth': 5, 'max_features': 'log2', 'min_samples_leaf': 4, 'min_samples_split': 5, 'n_estimators': 350, 'subsample': 0.9}",0.9844840792209213,0.9943581500461534,0.9943541992883981,0.997177133385926,0.9925933904853497,0.004821474155025339,245
953,2.7784173488616943,0.12678843799324088,0.02749854326248169,0.0011177677374115673,0.1,5,log2,4,5,350,1.0,"{'learning_rate': 0.1, 'max_depth': 5, 'max_features': 'log2', 'min_samples_leaf': 4, 'min_samples_split': 5, 'n_estimators': 350, 'subsample': 1.0}",0.983778156567101,0.9950634082973135,0.9950598973131997,0.9971771221387733,0.9927696460790969,0.005262587877888129,162
954,3.543483853340149,0.07014806903914907,0.035251617431640625,0.0022783736678537183,0.1,5,log2,4,5,450,0.8,"{'learning_rate': 0.1, 'max_depth': 5, 'max_features': 'log2', 'min_samples_leaf': 4, 'min_samples_split': 5, 'n_estimators': 450, 'subsample': 0.8}",0.9830735409682778,0.9936528777649296,0.9929427491104976,0.9978828468761906,0.9918880036799739,0.005428171107796455,770
955,3.5129989981651306,0.10679434567521302,0.03899979591369629,0.006444358370714569,0.1,5,log2,4,5,450,0.9,"{'learning_rate': 0.1, 'max_depth': 5, 'max_features': 'log2', 'min_samples_leaf': 4, 'min_samples_split': 5, 'n_estimators': 450, 'subsample': 0.9}",0.983073103184835,0.9936528777649296,0.994354131803331,0.998588566692963,0.9924171698615146,0.005715691482577887,345
956,3.25907701253891,0.14643239052856089,0.03674972057342529,0.001479759662225516,0.1,5,log2,4,5,450,1.0,"{'learning_rate': 0.1, 'max_depth': 5, 'max_features': 'log2', 'min_samples_leaf': 4, 'min_samples_split': 5, 'n_estimators': 450, 'subsample': 1.0}",0.983073103184835,0.9936528777649296,0.9950598973131997,0.998588566692963,0.9925936112389818,0.005783255507868561,195
957,4.81579327583313,0.23804654401877173,0.0540008544921875,0.009823524302050413,0.1,5,log2,4,5,650,0.8,"{'learning_rate': 0.1, 'max_depth': 5, 'max_features': 'log2', 'min_samples_leaf': 4, 'min_samples_split': 5, 'n_estimators': 650, 'subsample': 0.8}",0.985189812413243,0.9943581500461534,0.9964714114603177,0.997177133385926,0.99329912682641,0.004795436244642645,2
958,5.264684498310089,0.08562986786260926,0.053498923778533936,0.005172581625101514,0.1,5,log2,4,5,650,0.9,"{'learning_rate': 0.1, 'max_depth': 5, 'max_features': 'log2', 'min_samples_leaf': 4, 'min_samples_split': 5, 'n_estimators': 650, 'subsample': 0.9}",0.9851891641860084,0.9936528777649296,0.9943541992883981,0.9978828510938604,0.9927697730832992,0.004660994482776458,123
959,5.085821151733398,0.27538341991255905,0.048500120639801025,0.0018049108079549983,0.1,5,log2,4,5,650,1.0,"{'learning_rate': 0.1, 'max_depth': 5, 'max_features': 'log2', 'min_samples_leaf': 4, 'min_samples_split': 5, 'n_estimators': 650, 'subsample': 1.0}",0.983073103184835,0.9950634082973135,0.9943541992883981,0.997177133385926,0.9924169610391181,0.005493712212549133,409
960,1.072230875492096,0.04183886730367778,0.014000654220581055,0.0007073099537272695,0.1,5,log2,4,10,150,0.8,"{'learning_rate': 0.1, 'max_depth': 5, 'max_features': 'log2', 'min_samples_leaf': 4, 'min_samples_split': 10, 'n_estimators': 150, 'subsample': 0.8}",0.9823675614859793,0.9950634082973135,0.9915312989325971,0.9978828468761906,0.9917112788980201,0.005845136240559652,937
961,1.0917319059371948,0.026654794661218457,0.0140000581741333,0.001580459933184887,0.1,5,log2,4,10,150,0.9,"{'learning_rate': 0.1, 'max_depth': 5, 'max_features': 'log2', 'min_samples_leaf': 4, 'min_samples_split': 10, 'n_estimators': 150, 'subsample': 0.9}",0.9823675614859793,0.9943581500461534,0.9922370588179632,0.9978828468761906,0.9917114043065717,0.0057592464290343705,914
962,1.112481415271759,0.08377135281932349,0.015252172946929932,0.002279151488417951,0.1,5,log2,4,10,150,1.0,"{'learning_rate': 0.1, 'max_depth': 5, 'max_features': 'log2', 'min_samples_leaf': 4, 'min_samples_split': 10, 'n_estimators': 150, 'subsample': 1.0}",0.9830725980219531,0.9936528777649296,0.9943542667718518,0.9957656832081598,0.9917113564417236,0.005045299610175754,923
963,2.8518369793891907,0.1381725876981433,0.029499351978302002,0.0032001852517157276,0.1,5,log2,4,10,350,0.8,"{'learning_rate': 0.1, 'max_depth': 5, 'max_features': 'log2', 'min_samples_leaf': 4, 'min_samples_split': 10, 'n_estimators': 350, 'subsample': 0.8}",0.9830735409682778,0.9950634082973135,0.994354131803331,0.998588566692963,0.9927699119404714,0.00582336310201886,104
964,2.723276197910309,0.2468351901173253,0.027751803398132324,0.00178623137805646,0.1,5,log2,4,10,350,0.9,"{'learning_rate': 0.1, 'max_depth': 5, 'max_features': 'log2', 'min_samples_leaf': 4, 'min_samples_split': 10, 'n_estimators': 350, 'subsample': 0.9}",0.983073103184835,0.9943581500461534,0.9936484394026853,0.998588566692963,0.9924170648316591,0.0057157928064594885,373
965,2.8167802691459656,0.19382722740082428,0.02899777889251709,0.0014116679760143688,0.1,5,log2,4,10,350,1.0,"{'learning_rate': 0.1, 'max_depth': 5, 'max_features': 'log2', 'min_samples_leaf': 4, 'min_samples_split': 10, 'n_estimators': 350, 'subsample': 1.0}",0.9823680526023909,0.9943581500461534,0.9936485026692425,0.9978828468761906,0.9920643880484944,0.005823318371996562,640
966,3.446714401245117,0.18409351998984996,0.03699755668640137,0.0052455401397180955,0.1,5,log2,4,10,450,0.8,"{'learning_rate': 0.1, 'max_depth': 5, 'max_features': 'log2', 'min_samples_leaf': 4, 'min_samples_split': 10, 'n_estimators': 450, 'subsample': 0.8}",0.9830735409682778,0.9936528777649296,0.9950598973131997,0.9971771221387733,0.992240859546295,0.005439374680828451,477
967,3.4639347195625305,0.20171191180129183,0.03624850511550903,0.0017849372674580317,0.1,5,log2,4,10,450,0.9,"{'learning_rate': 0.1, 'max_depth': 5, 'max_features': 'log2', 'min_samples_leaf': 4, 'min_samples_split': 10, 'n_estimators': 450, 'subsample': 0.9}",0.983073103184835,0.9936528777649296,0.994354131803331,0.9978828510938604,0.992240740961739,0.005530360303627496,501
968,3.442431688308716,0.21011272749868304,0.0337519645690918,0.0010886350926936894,0.1,5,log2,4,10,450,1.0,"{'learning_rate': 0.1, 'max_depth': 5, 'max_features': 'log2', 'min_samples_leaf': 4, 'min_samples_split': 10, 'n_estimators': 450, 'subsample': 1.0}",0.9844836779194321,0.9936528777649296,0.9950598973131997,0.997177133385926,0.9925933965958719,0.0048472751651741685,242
969,4.702887237071991,0.28790262138777306,0.05049830675125122,0.006185410230921267,0.1,5,log2,4,10,650,0.8,"{'learning_rate': 0.1, 'max_depth': 5, 'max_features': 'log2', 'min_samples_leaf': 4, 'min_samples_split': 10, 'n_estimators': 650, 'subsample': 0.8}",0.9837786083941996,0.9936528777649296,0.9950598973131997,0.9978828510938604,0.9925935586415473,0.005312366373796217,205
970,5.092635452747345,0.057004025702419886,0.05275183916091919,0.0012995296727624079,0.1,5,log2,4,10,650,0.9,"{'learning_rate': 0.1, 'max_depth': 5, 'max_features': 'log2', 'min_samples_leaf': 4, 'min_samples_split': 10, 'n_estimators': 650, 'subsample': 0.9}",0.9844836779194321,0.9936528777649296,0.9950598973131997,0.997177133385926,0.9925933965958719,0.0048472751651741685,242
971,4.876951336860657,0.2514839149806698,0.05175060033798218,0.0028642200467006483,0.1,5,log2,4,10,650,1.0,"{'learning_rate': 0.1, 'max_depth': 5, 'max_features': 'log2', 'min_samples_leaf': 4, 'min_samples_split': 10, 'n_estimators': 650, 'subsample': 1.0}",0.983778156567101,0.9943581500461534,0.9950598973131997,0.997177133385926,0.992593334328095,0.005194157300243455,273
972,3.9167084097862244,0.31348552461624624,0.01600128412246704,0.0022347068703430584,0.1,9,,1,2,150,0.8,"{'learning_rate': 0.1, 'max_depth': 9, 'max_features': None, 'min_samples_leaf': 1, 'min_samples_split': 2, 'n_estimators': 150, 'subsample': 0.8}",0.984484418767507,0.992242282692651,0.9901199668507408,0.9964714184897671,0.9908295217001665,0.004318295158878626,1145
973,4.135825216770172,0.11482602497419112,0.0139998197555542,0.001000405586651483,0.1,9,,1,2,150,0.9,"{'learning_rate': 0.1, 'max_depth': 9, 'max_features': None, 'min_samples_leaf': 1, 'min_samples_split': 2, 'n_estimators': 150, 'subsample': 0.9}",0.9823684735375408,0.9915369556913675,0.990825669796826,0.9950599760444447,0.9899477687675448,0.004660381012364027,1206
974,3.5073500275611877,0.5043478969112094,0.012000679969787598,0.004638080210005546,0.1,9,,1,2,150,1.0,"{'learning_rate': 0.1, 'max_depth': 9, 'max_features': None, 'min_samples_leaf': 1, 'min_samples_split': 2, 'n_estimators': 150, 'subsample': 1.0}",0.980958633294789,0.992242282692651,0.9816512939020259,0.9964713903718013,0.9878309000653167,0.006699514018193451,1292
975,7.452862739562988,0.4498570085671664,0.028750061988830566,0.0027723485096561398,0.1,9,,1,2,350,0.8,"{'learning_rate': 0.1, 'max_depth': 9, 'max_features': None, 'min_samples_leaf': 1, 'min_samples_split': 2, 'n_estimators': 350, 'subsample': 0.8}",0.9844840792209213,0.9915369556913675,0.9943542667718519,0.9992942822920636,0.992417395994051,0.005356204899812542,325
976,6.7078617811203,0.6070606407471175,0.023499608039855957,0.006187477720832817,0.1,9,,1,2,350,0.9,"{'learning_rate': 0.1, 'max_depth': 9, 'max_features': None, 'min_samples_leaf': 1, 'min_samples_split': 2, 'n_estimators': 350, 'subsample': 0.9}",0.9851900481181693,0.9915369556913675,0.9915314001577777,0.998588566692963,0.9917117426650693,0.004740418820626327,860
977,4.91417396068573,1.1189637644389336,0.014000892639160156,0.004063178001739513,0.1,9,,1,2,350,1.0,"{'learning_rate': 0.1, 'max_depth': 9, 'max_features': None, 'min_samples_leaf': 1, 'min_samples_split': 2, 'n_estimators': 350, 'subsample': 1.0}",0.9809583302455981,0.9908316062395213,0.9844742336225925,0.9971771221387733,0.9883603230616214,0.0061994833512323926,1280
978,7.143616735935211,0.443574821037624,0.027314722537994385,0.0035314390537519546,0.1,9,,1,2,450,0.8,"{'learning_rate': 0.1, 'max_depth': 9, 'max_features': None, 'min_samples_leaf': 1, 'min_samples_split': 2, 'n_estimators': 450, 'subsample': 0.8}",0.9823680526023909,0.9929475893487711,0.9922370588179632,0.9971771221387733,0.9911824557269746,0.005428112291896179,1086
979,7.20182067155838,0.5780475039837247,0.023251116275787354,0.0046024389122632115,0.1,9,,1,2,450,0.9,"{'learning_rate': 0.1, 'max_depth': 9, 'max_features': None, 'min_samples_leaf': 1, 'min_samples_split': 2, 'n_estimators': 450, 'subsample': 0.9}",0.9837793183573613,0.9908316062395213,0.990825669796826,0.9978828468761906,0.9908298603174748,0.0049863509186942765,1128
980,4.784822344779968,1.1822887784001694,0.017499864101409912,0.007635227661975047,0.1,9,,1,2,450,1.0,"{'learning_rate': 0.1, 'max_depth': 9, 'max_features': None, 'min_samples_leaf': 1, 'min_samples_split': 2, 'n_estimators': 450, 'subsample': 1.0}",0.980957951420544,0.9908316062395213,0.9816512939020259,0.9971771221387733,0.987654493425216,0.0067390018323683415,1294
981,7.79834258556366,0.7489344423035285,0.029000520706176758,0.003672023779315319,0.1,9,,1,2,650,0.8,"{'learning_rate': 0.1, 'max_depth': 9, 'max_features': None, 'min_samples_leaf': 1, 'min_samples_split': 2, 'n_estimators': 650, 'subsample': 0.8}",0.9858951786975421,0.9929475893487711,0.9929428334648147,0.9978828468761906,0.9924171120968296,0.0042710555198522595,350
982,7.291371405124664,0.5889764019201339,0.026251018047332764,0.006417105751110451,0.1,9,,1,2,650,0.9,"{'learning_rate': 0.1, 'max_depth': 9, 'max_features': None, 'min_samples_leaf': 1, 'min_samples_split': 2, 'n_estimators': 650, 'subsample': 0.9}",0.9830735409682778,0.9908316062395213,0.9929428334648147,0.998588566692963,0.9913591368413942,0.0055610731536795965,1007
983,5.479012489318848,1.5184616628449303,0.018250882625579834,0.005803413964840722,0.1,9,,1,2,650,1.0,"{'learning_rate': 0.1, 'max_depth': 9, 'max_features': None, 'min_samples_leaf': 1, 'min_samples_split': 2, 'n_estimators': 650, 'subsample': 1.0}",0.980958633294789,0.9908316062395213,0.9865911498501135,0.9978828468761907,0.9890660590651537,0.006178762666878193,1250
984,3.9999991059303284,0.17253834901448878,0.017250657081604004,0.002277051127199416,0.1,9,,1,5,150,0.8,"{'learning_rate': 0.1, 'max_depth': 9, 'max_features': None, 'min_samples_leaf': 1, 'min_samples_split': 5, 'n_estimators': 150, 'subsample': 0.8}",0.9837797701197444,0.992242282692651,0.9915314001577777,0.9964714114603177,0.9910062161076227,0.004579671406007274,1111
985,4.0530343651771545,0.17236639209535584,0.015785932540893555,0.0018343166883989538,0.1,9,,1,5,150,0.9,"{'learning_rate': 0.1, 'max_depth': 9, 'max_features': None, 'min_samples_leaf': 1, 'min_samples_split': 5, 'n_estimators': 150, 'subsample': 0.9}",0.9837795765103758,0.9908316062395213,0.9901199274857064,0.997177133385926,0.9904770609053823,0.004743430065345711,1164
986,3.9642493724823,0.24494345603660192,0.013499915599822998,0.0011188891375975094,0.1,9,,1,5,150,1.0,"{'learning_rate': 0.1, 'max_depth': 9, 'max_features': None, 'min_samples_leaf': 1, 'min_samples_split': 5, 'n_estimators': 150, 'subsample': 1.0}",0.9816637323068047,0.9908317886367694,0.9901198487546965,0.9943542442775466,0.9892424034939543,0.004660022223056697,1242
987,7.547108948230743,0.47459731941956185,0.02857154607772827,0.0029847886891546387,0.1,9,,1,5,350,0.8,"{'learning_rate': 0.1, 'max_depth': 9, 'max_features': None, 'min_samples_leaf': 1, 'min_samples_split': 5, 'n_estimators': 350, 'subsample': 0.8}",0.9823680526023909,0.9915371072185253,0.992237105212699,0.9992942822920636,0.9913591368314196,0.0060126664432737535,1008
988,7.565486431121826,0.6030037775477545,0.025749564170837402,0.00481619200447541,0.1,9,,1,5,350,0.9,"{'learning_rate': 0.1, 'max_depth': 9, 'max_features': None, 'min_samples_leaf': 1, 'min_samples_split': 5, 'n_estimators': 350, 'subsample': 0.9}",0.9823680526023909,0.992242282692651,0.992237105212699,0.9992942822920636,0.9915354306999511,0.006025624160065855,947
989,6.714253902435303,0.6192670114064849,0.021771013736724854,0.0037431559606961114,0.1,9,,1,5,350,1.0,"{'learning_rate': 0.1, 'max_depth': 9, 'max_features': None, 'min_samples_leaf': 1, 'min_samples_split': 5, 'n_estimators': 350, 'subsample': 1.0}",0.984484418767507,0.9908316062395213,0.9901198487546965,0.997177133385926,0.9906532517869127,0.004498106853021505,1158
990,7.749122798442841,0.4939999675407719,0.030499935150146484,0.0022906538190130376,0.1,9,,1,5,450,0.8,"{'learning_rate': 0.1, 'max_depth': 9, 'max_features': None, 'min_samples_leaf': 1, 'min_samples_split': 5, 'n_estimators': 450, 'subsample': 0.8}",0.9830735409682778,0.9922424061571363,0.9936485532815809,0.9992942822920636,0.9920646956747647,0.00582340045736216,615
991,7.437322378158569,0.6406266173619917,0.02649831771850586,0.0015011628858012354,0.1,9,,1,5,450,0.9,"{'learning_rate': 0.1, 'max_depth': 9, 'max_features': None, 'min_samples_leaf': 1, 'min_samples_split': 5, 'n_estimators': 450, 'subsample': 0.9}",0.9830735409682778,0.9915369556913675,0.9922371206774876,1.0,0.9917119043342832,0.005992084583891581,850
992,6.976107358932495,0.6959664696539729,0.02374851703643799,0.006138589252058721,0.1,9,,1,5,450,1.0,"{'learning_rate': 0.1, 'max_depth': 9, 'max_features': None, 'min_samples_leaf': 1, 'min_samples_split': 5, 'n_estimators': 450, 'subsample': 1.0}",0.9837793183573613,0.992242282692651,0.9908256149666836,0.9978828510938604,0.991182516777639,0.005023751324867229,1080
993,7.7253419160842896,0.32111642972145293,0.030749976634979248,0.003765950461773801,0.1,9,,1,5,650,0.8,"{'learning_rate': 0.1, 'max_depth': 9, 'max_features': None, 'min_samples_leaf': 1, 'min_samples_split': 5, 'n_estimators': 650, 'subsample': 0.8}",0.9823675614859793,0.9929476875576917,0.9929428334648147,0.9978828342230808,0.9915352291828916,0.0056638019302910885,963
994,8.0644571185112,0.47536912626342925,0.029498398303985596,0.001800513316096465,0.1,9,,1,5,650,0.9,"{'learning_rate': 0.1, 'max_depth': 9, 'max_features': None, 'min_samples_leaf': 1, 'min_samples_split': 5, 'n_estimators': 650, 'subsample': 0.9}",0.9809569664048577,0.9929475893487711,0.9915313664163197,0.998588566692963,0.9910061222157279,0.00637424844315864,1117
995,6.763963282108307,0.9803486641297019,0.020251154899597168,0.0036317055475371457,0.1,9,,1,5,650,1.0,"{'learning_rate': 0.1, 'max_depth': 9, 'max_features': None, 'min_samples_leaf': 1, 'min_samples_split': 5, 'n_estimators': 650, 'subsample': 1.0}",0.9816619811904492,0.9908316062395213,0.9901198487546965,0.997177133385926,0.9899476423926483,0.005516538060532573,1208
996,3.8720462918281555,0.2208048782599347,0.017999887466430664,0.0012253386661144697,0.1,9,,1,10,150,0.8,"{'learning_rate': 0.1, 'max_depth': 9, 'max_features': None, 'min_samples_leaf': 1, 'min_samples_split': 10, 'n_estimators': 150, 'subsample': 0.8}",0.9816630027156343,0.9915369556913675,0.9908256149666836,0.9971771221387733,0.9903006738781148,0.005560999452906532,1182
997,4.206749081611633,0.1298870764528334,0.017998814582824707,0.0023458008571590966,0.1,9,,1,10,150,0.9,"{'learning_rate': 0.1, 'max_depth': 9, 'max_features': None, 'min_samples_leaf': 1, 'min_samples_split': 10, 'n_estimators': 150, 'subsample': 0.9}",0.9837789956545375,0.9929475893487711,0.9915313664163197,0.9992942836979535,0.9918880587793955,0.005519486089676253,766
998,4.149779200553894,0.23628178053717724,0.01425081491470337,0.0008293299093090664,0.1,9,,1,10,150,1.0,"{'learning_rate': 0.1, 'max_depth': 9, 'max_features': None, 'min_samples_leaf': 1, 'min_samples_split': 10, 'n_estimators': 150, 'subsample': 1.0}",0.9837789956545375,0.9915369556913675,0.9908256149666836,0.9936485406285719,0.9899475267352901,0.003709636197830063,1211
999,8.36456149816513,0.34545351615573444,0.03482848405838013,0.008655692414405128,0.1,9,,1,10,350,0.8,"{'learning_rate': 0.1, 'max_depth': 9, 'max_features': None, 'min_samples_leaf': 1, 'min_samples_split': 10, 'n_estimators': 350, 'subsample': 0.8}",0.983073103184835,0.9936528777649296,0.9936485532815809,0.9985885610693866,0.992240773825183,0.005663842962205019,488
1000,8.353229820728302,0.591705150114601,0.0349995493888855,0.01144596952612149,0.1,9,,1,10,350,0.9,"{'learning_rate': 0.1, 'max_depth': 9, 'max_features': None, 'min_samples_leaf': 1, 'min_samples_split': 10, 'n_estimators': 350, 'subsample': 0.9}",0.9802513643589452,0.992242282692651,0.9936485532815809,0.9992942822920636,0.9913591206563102,0.006934884949933773,1012
1001,8.147469282150269,1.0987715768911404,0.028249740600585938,0.004657126510139625,0.1,9,,1,10,350,1.0,"{'learning_rate': 0.1, 'max_depth': 9, 'max_features': None, 'min_samples_leaf': 1, 'min_samples_split': 10, 'n_estimators': 350, 'subsample': 1.0}",0.984484418767507,0.9929475893487711,0.9929428334648147,0.998588566692963,0.992240852068514,0.005036069746599811,479
1002,8.478849291801453,0.32077835522204806,0.0348207950592041,0.004347385998978728,0.1,9,,1,10,450,0.8,"{'learning_rate': 0.1, 'max_depth': 9, 'max_features': None, 'min_samples_leaf': 1, 'min_samples_split': 10, 'n_estimators': 450, 'subsample': 0.8}",0.9809569664048577,0.9936528777649296,0.9943542667718518,0.9992942822920636,0.9920645983084257,0.006771503346982704,622
1003,8.451579451560974,0.8595802024786189,0.03049921989440918,0.002180495003598453,0.1,9,,1,10,450,0.9,"{'learning_rate': 0.1, 'max_depth': 9, 'max_features': None, 'min_samples_leaf': 1, 'min_samples_split': 10, 'n_estimators': 450, 'subsample': 0.9}",0.9837786083941996,0.9929475893487711,0.9922371206774876,0.9985885610693866,0.9918879698724613,0.005289242991502983,777
1004,8.060112833976746,1.1254606982372926,0.03423142433166504,0.012283373884297434,0.1,9,,1,10,450,1.0,"{'learning_rate': 0.1, 'max_depth': 9, 'max_features': None, 'min_samples_leaf': 1, 'min_samples_split': 10, 'n_estimators': 450, 'subsample': 1.0}",0.9830735409682778,0.992242282692651,0.9929428334648147,0.998588566692963,0.9917118059546767,0.0055611665711235835,855
1005,8.77246743440628,0.5585645980606684,0.039359867572784424,0.009528354978180064,0.1,9,,1,10,650,0.8,"{'learning_rate': 0.1, 'max_depth': 9, 'max_features': None, 'min_samples_leaf': 1, 'min_samples_split': 10, 'n_estimators': 650, 'subsample': 0.8}",0.9823675614859793,0.9936528777649296,0.9943542667718518,0.9992942822920636,0.992417247078706,0.006196140377743074,332
1006,9.003179252147675,0.4401486190403871,0.0314982533454895,0.004556607678916955,0.1,9,,1,10,650,0.9,"{'learning_rate': 0.1, 'max_depth': 9, 'max_features': None, 'min_samples_leaf': 1, 'min_samples_split': 10, 'n_estimators': 650, 'subsample': 0.9}",0.9816625284502379,0.9936528777649296,0.9922371206774876,0.9992942822920636,0.9917117022961797,0.006374277234632797,866
1007,8.314436256885529,1.0411151357461947,0.034500837326049805,0.005408673348001584,0.1,9,,1,10,650,1.0,"{'learning_rate': 0.1, 'max_depth': 9, 'max_features': None, 'min_samples_leaf': 1, 'min_samples_split': 10, 'n_estimators': 650, 'subsample': 1.0}",0.9830735409682778,0.9929475893487711,0.9929428334648147,0.998588566692963,0.9918881326187067,0.0055863155385487695,754
1008,4.242017984390259,0.1776776677285462,0.017270267009735107,0.000849021571920533,0.1,9,,2,2,150,0.8,"{'learning_rate': 0.1, 'max_depth': 9, 'max_features': None, 'min_samples_leaf': 2, 'min_samples_split': 2, 'n_estimators': 150, 'subsample': 0.8}",0.980957951420544,0.992242282692651,0.992237105212699,0.9957656832081598,0.9903007556335135,0.005582839800947767,1179
1009,4.1290929317474365,0.19964544239630022,0.01549917459487915,0.0016569166481418226,0.1,9,,2,2,150,0.9,"{'learning_rate': 0.1, 'max_depth': 9, 'max_features': None, 'min_samples_leaf': 2, 'min_samples_split': 2, 'n_estimators': 150, 'subsample': 0.9}",0.9830739113827349,0.9915369556913675,0.9915314001577777,0.9978828510938604,0.9910062795814352,0.0052622967836915314,1103
1010,4.181949079036713,0.2258548760824499,0.013998627662658691,0.0012257275204914351,0.1,9,,2,2,150,1.0,"{'learning_rate': 0.1, 'max_depth': 9, 'max_features': None, 'min_samples_leaf': 2, 'min_samples_split': 2, 'n_estimators': 150, 'subsample': 1.0}",0.9837793183573613,0.9915371072185253,0.9901199274857064,0.997177133385926,0.9906533716118797,0.004766487886501543,1153
1011,8.04615068435669,0.3518680391349494,0.032002031803131104,0.003241349574398721,0.1,9,,2,2,350,0.8,"{'learning_rate': 0.1, 'max_depth': 9, 'max_features': None, 'min_samples_leaf': 2, 'min_samples_split': 2, 'n_estimators': 350, 'subsample': 0.8}",0.9823675614859793,0.992242282692651,0.9908255235816568,1.0,0.9913588419400717,0.006256549225722374,1034
1012,8.007412612438202,0.1726369797187885,0.027750670909881592,0.0023839077690564476,0.1,9,,2,2,350,0.9,"{'learning_rate': 0.1, 'max_depth': 9, 'max_features': None, 'min_samples_leaf': 2, 'min_samples_split': 2, 'n_estimators': 350, 'subsample': 0.9}",0.9830739113827349,0.9929475893487711,0.9915314001577777,0.9992942836979535,0.9917117961468093,0.005780720072178692,857
1013,7.392514228820801,0.30130437962539786,0.021999359130859375,0.001582682993579421,0.1,9,,2,2,350,1.0,"{'learning_rate': 0.1, 'max_depth': 9, 'max_features': None, 'min_samples_leaf': 2, 'min_samples_split': 2, 'n_estimators': 350, 'subsample': 1.0}",0.9823688243014796,0.992242282692651,0.992237105212699,0.998588566692963,0.9913591947249482,0.005801748671441679,1001
1014,7.927747964859009,0.5068791502238086,0.031130969524383545,0.004721386761343354,0.1,9,,2,2,450,0.8,"{'learning_rate': 0.1, 'max_depth': 9, 'max_features': None, 'min_samples_leaf': 2, 'min_samples_split': 2, 'n_estimators': 450, 'subsample': 0.8}",0.9823684735375408,0.992242282692651,0.9922370588179632,0.9992942822920636,0.9915355243350545,0.006025462707676324,943
1015,7.7548845410346985,0.2727703914672935,0.02736586332321167,0.001713348687380572,0.1,9,,2,2,450,0.9,"{'learning_rate': 0.1, 'max_depth': 9, 'max_features': None, 'min_samples_leaf': 2, 'min_samples_split': 2, 'n_estimators': 450, 'subsample': 0.9}",0.9809569664048577,0.992242282692651,0.992237105212699,0.9992942822920636,0.9911826591505679,0.006568825630738705,1071
1016,7.818825900554657,0.5727054688681227,0.02324974536895752,0.002045083483177357,0.1,9,,2,2,450,1.0,"{'learning_rate': 0.1, 'max_depth': 9, 'max_features': None, 'min_samples_leaf': 2, 'min_samples_split': 2, 'n_estimators': 450, 'subsample': 1.0}",0.9809574968105822,0.9929475893487711,0.9922371206774876,0.9978828510938604,0.9910062644826753,0.006195742981210243,1107
1017,8.174376487731934,0.5010086952223348,0.030498981475830078,0.003774691084794034,0.1,9,,2,2,650,0.8,"{'learning_rate': 0.1, 'max_depth': 9, 'max_features': None, 'min_samples_leaf': 2, 'min_samples_split': 2, 'n_estimators': 650, 'subsample': 0.8}",0.9823680526023909,0.9922424061571363,0.9915313664163197,0.9985885610693866,0.9911825965613085,0.005783366932198257,1076
1018,8.339783847332,0.5647232600839953,0.030000686645507812,0.004413563020607123,0.1,9,,2,2,650,0.9,"{'learning_rate': 0.1, 'max_depth': 9, 'max_features': None, 'min_samples_leaf': 2, 'min_samples_split': 2, 'n_estimators': 650, 'subsample': 0.9}",0.9823680526023909,0.9929475893487711,0.9901199274857064,0.998588566692963,0.9910060340324579,0.00584517635731184,1121
1019,7.982737600803375,0.668502555529676,0.02900177240371704,0.004061695818494448,0.1,9,,2,2,650,1.0,"{'learning_rate': 0.1, 'max_depth': 9, 'max_features': None, 'min_samples_leaf': 2, 'min_samples_split': 2, 'n_estimators': 650, 'subsample': 1.0}",0.9830739113827349,0.9915371072185253,0.9915314001577777,0.9978828510938604,0.9910063174632245,0.005262300604286747,1101
1020,3.8651497960090637,0.21928231106955606,0.016251206398010254,0.0012971546021767232,0.1,9,,2,5,150,0.8,"{'learning_rate': 0.1, 'max_depth': 9, 'max_features': None, 'min_samples_leaf': 2, 'min_samples_split': 5, 'n_estimators': 150, 'subsample': 0.8}",0.9830739113827349,0.9922424061571363,0.9915314001577777,0.9978828342230808,0.9911826379801825,0.00528887559815191,1073
1021,4.332129240036011,0.26007647754867314,0.01574927568435669,0.0014811599745510901,0.1,9,,2,5,150,0.9,"{'learning_rate': 0.1, 'max_depth': 9, 'max_features': None, 'min_samples_leaf': 2, 'min_samples_split': 5, 'n_estimators': 150, 'subsample': 0.9}",0.9816630027156343,0.9929475893487711,0.9915314001577777,0.9957656832081598,0.9904769188575857,0.005312068561345097,1169
1022,4.201061010360718,0.24081285545846873,0.014252007007598877,0.0010899900379661687,0.1,9,,2,5,150,1.0,"{'learning_rate': 0.1, 'max_depth': 9, 'max_features': None, 'min_samples_leaf': 2, 'min_samples_split': 5, 'n_estimators': 150, 'subsample': 1.0}",0.9830739113827349,0.9922424061571363,0.990825669796826,0.998588566692963,0.9911826385074151,0.005519278983792917,1072
1023,7.698360025882721,0.10526869575955757,0.029248595237731934,0.0019202727789380944,0.1,9,,2,5,350,0.8,"{'learning_rate': 0.1, 'max_depth': 9, 'max_features': None, 'min_samples_leaf': 2, 'min_samples_split': 5, 'n_estimators': 350, 'subsample': 0.8}",0.983073103184835,0.9922424061571363,0.9915313664163197,1.0,0.9917117189395728,0.005992400208809691,863
1024,8.051228523254395,0.10720449612094436,0.03200030326843262,0.003673919714594471,0.1,9,,2,5,350,0.9,"{'learning_rate': 0.1, 'max_depth': 9, 'max_features': None, 'min_samples_leaf': 2, 'min_samples_split': 5, 'n_estimators': 350, 'subsample': 0.9}",0.9816625284502379,0.992242282692651,0.9901199274857064,0.998588566692963,0.9906533263303896,0.006054167630282353,1156
1025,7.908301949501038,0.47126470175348356,0.027249395847320557,0.005069612951809801,0.1,9,,2,5,350,1.0,"{'learning_rate': 0.1, 'max_depth': 9, 'max_features': None, 'min_samples_leaf': 2, 'min_samples_split': 5, 'n_estimators': 350, 'subsample': 1.0}",0.9802519537156409,0.9929475893487711,0.9915314001577777,0.998588566692963,0.9908298774787881,0.0066533181025431355,1125
1026,7.866675674915314,0.2623137213938893,0.03175222873687744,0.0013006472817883397,0.1,9,,2,5,450,0.8,"{'learning_rate': 0.1, 'max_depth': 9, 'max_features': None, 'min_samples_leaf': 2, 'min_samples_split': 5, 'n_estimators': 450, 'subsample': 0.8}",0.9837789956545375,0.992242282692651,0.9915312989325971,0.9992942822920636,0.9917117148929624,0.005494028917525141,864
1027,8.050114691257477,0.1296983053110369,0.027250707149505615,0.0014819258900870189,0.1,9,,2,5,450,0.9,"{'learning_rate': 0.1, 'max_depth': 9, 'max_features': None, 'min_samples_leaf': 2, 'min_samples_split': 5, 'n_estimators': 450, 'subsample': 0.9}",0.9809574968105822,0.9901264483065952,0.9894141711154042,0.9985885610693866,0.9897716693254921,0.006238607421568488,1213
1028,7.603999376296997,0.7870641861566297,0.02908790111541748,0.0077118395675875254,0.1,9,,2,5,450,1.0,"{'learning_rate': 0.1, 'max_depth': 9, 'max_features': None, 'min_samples_leaf': 2, 'min_samples_split': 5, 'n_estimators': 450, 'subsample': 1.0}",0.9837793183573613,0.9943581500461534,0.9915314001577777,0.9978828510938604,0.9918879299137883,0.00519417371430628,786
1029,8.552924156188965,0.4690686705230676,0.03350114822387695,0.0015011642868520715,0.1,9,,2,5,650,0.8,"{'learning_rate': 0.1, 'max_depth': 9, 'max_features': None, 'min_samples_leaf': 2, 'min_samples_split': 5, 'n_estimators': 650, 'subsample': 0.8}",0.9851895177715342,0.9915371072185253,0.9929428334648147,0.9978828342230808,0.9918880731694888,0.004528893377207664,761
1030,8.324510335922241,0.39240565343630424,0.0294991135597229,0.002692177249353722,0.1,9,,2,5,650,0.9,"{'learning_rate': 0.1, 'max_depth': 9, 'max_features': None, 'min_samples_leaf': 2, 'min_samples_split': 5, 'n_estimators': 650, 'subsample': 0.9}",0.9802519537156409,0.9915369556913675,0.9922371206774876,0.9978828468761906,0.9904772192401717,0.006395695234796294,1159
1031,7.982205152511597,0.39051430136165693,0.025999605655670166,0.0029173910852310137,0.1,9,,2,5,650,1.0,"{'learning_rate': 0.1, 'max_depth': 9, 'max_features': None, 'min_samples_leaf': 2, 'min_samples_split': 5, 'n_estimators': 650, 'subsample': 1.0}",0.9823684735375408,0.9915369556913675,0.9929428053469331,0.998588566692963,0.991359200317201,0.005823150094337611,999
1032,3.9628472924232483,0.17807435331998292,0.01875162124633789,0.001918953927368513,0.1,9,,2,10,150,0.8,"{'learning_rate': 0.1, 'max_depth': 9, 'max_features': None, 'min_samples_leaf': 2, 'min_samples_split': 10, 'n_estimators': 150, 'subsample': 0.8}",0.9830739113827349,0.9915371072185253,0.9943542442775466,0.9992942822920636,0.9920648862927175,0.005886881752701381,613
1033,4.18315190076828,0.23255969406644772,0.01600104570388794,0.0015821184875320093,0.1,9,,2,10,150,0.9,"{'learning_rate': 0.1, 'max_depth': 9, 'max_features': None, 'min_samples_leaf': 2, 'min_samples_split': 10, 'n_estimators': 150, 'subsample': 0.9}",0.9823684735375408,0.992242282692651,0.9922371206774876,0.9964713903718013,0.9908298168198701,0.005181632133621261,1133
1034,4.34028172492981,0.1974523201431243,0.015503406524658203,0.0011188795563449386,0.1,9,,2,10,150,1.0,"{'learning_rate': 0.1, 'max_depth': 9, 'max_features': None, 'min_samples_leaf': 2, 'min_samples_split': 10, 'n_estimators': 150, 'subsample': 1.0}",0.984484418767507,0.9915369556913675,0.990825669796826,0.9964714114603177,0.9908296139290045,0.004260038994738899,1144
1035,8.26348477602005,0.3861781933846456,0.03374981880187988,0.006646334883091374,0.1,9,,2,10,350,0.8,"{'learning_rate': 0.1, 'max_depth': 9, 'max_features': None, 'min_samples_leaf': 2, 'min_samples_split': 10, 'n_estimators': 350, 'subsample': 0.8}",0.983073103184835,0.9943581500461534,0.9929428334648147,0.9985885610693866,0.9922406619412975,0.005685876309247152,520
1036,8.476312637329102,0.5357905029129648,0.03174865245819092,0.0020479970711624234,0.1,9,,2,10,350,0.9,"{'learning_rate': 0.1, 'max_depth': 9, 'max_features': None, 'min_samples_leaf': 2, 'min_samples_split': 10, 'n_estimators': 350, 'subsample': 0.9}",0.9809569664048577,0.9929475893487711,0.9915313664163197,0.9985885610693866,0.9910061208098339,0.006374246770786996,1118
1037,8.452356517314911,0.8658777268417774,0.027250051498413086,0.0023852875369290054,0.1,9,,2,10,350,1.0,"{'learning_rate': 0.1, 'max_depth': 9, 'max_features': None, 'min_samples_leaf': 2, 'min_samples_split': 10, 'n_estimators': 350, 'subsample': 1.0}",0.9837789956545375,0.992242282692651,0.9929428334648147,0.998588566692963,0.9918881696262416,0.005288944489009306,752
1038,8.299596905708313,0.26018788171632934,0.03324848413467407,0.002487773898886398,0.1,9,,2,10,450,0.8,"{'learning_rate': 0.1, 'max_depth': 9, 'max_features': None, 'min_samples_leaf': 2, 'min_samples_split': 10, 'n_estimators': 450, 'subsample': 0.8}",0.9816625284502379,0.9943581500461534,0.9936485532815809,0.9992942822920636,0.992240878517509,0.0064829850747947886,474
1039,8.800002992153168,0.28649646308277477,0.03299844264984131,0.0015808735103986008,0.1,9,,2,10,450,0.9,"{'learning_rate': 0.1, 'max_depth': 9, 'max_features': None, 'min_samples_leaf': 2, 'min_samples_split': 10, 'n_estimators': 450, 'subsample': 0.9}",0.983073103184835,0.9929475893487711,0.992237105212699,0.9985885610693866,0.9917115897039229,0.0055614756624007,880
1040,8.2349613904953,0.8636695751171013,0.028585970401763916,0.003955235722677132,0.1,9,,2,10,450,1.0,"{'learning_rate': 0.1, 'max_depth': 9, 'max_features': None, 'min_samples_leaf': 2, 'min_samples_split': 10, 'n_estimators': 450, 'subsample': 1.0}",0.9802519537156409,0.9936528777649296,0.9901199274857064,0.998588566692963,0.9906533314148099,0.006716368345663375,1155
1041,8.874029517173767,0.478695434609186,0.03449976444244385,0.002692720597902389,0.1,9,,2,10,650,0.8,"{'learning_rate': 0.1, 'max_depth': 9, 'max_features': None, 'min_samples_leaf': 2, 'min_samples_split': 10, 'n_estimators': 650, 'subsample': 0.8}",0.9830735409682778,0.9936528777649296,0.9929428334648147,0.9992942822920636,0.9922408836225214,0.005836888408456697,472
1042,9.361332535743713,0.4536516136850283,0.03410744667053223,0.002704852795793917,0.1,9,,2,10,650,0.9,"{'learning_rate': 0.1, 'max_depth': 9, 'max_features': None, 'min_samples_leaf': 2, 'min_samples_split': 10, 'n_estimators': 650, 'subsample': 0.9}",0.9809569664048577,0.9929475893487711,0.9915313664163197,0.9992942822920636,0.991182551115503,0.006587863793263145,1077
1043,8.781015515327454,0.8715050766568393,0.03133910894393921,0.004226991822887446,0.1,9,,2,10,650,1.0,"{'learning_rate': 0.1, 'max_depth': 9, 'max_features': None, 'min_samples_leaf': 2, 'min_samples_split': 10, 'n_estimators': 650, 'subsample': 1.0}",0.9837789956545375,0.9929475893487711,0.9922371206774876,0.998588566692963,0.9918880680934398,0.005289096338187333,762
1044,3.928633689880371,0.18172612976842956,0.0162503719329834,0.0012985998722151036,0.1,9,,4,2,150,0.8,"{'learning_rate': 0.1, 'max_depth': 9, 'max_features': None, 'min_samples_leaf': 4, 'min_samples_split': 2, 'n_estimators': 150, 'subsample': 0.8}",0.9816625284502379,0.9929476875576917,0.992237105212699,0.9985885610693866,0.9913589705725038,0.006115208718604906,1025
1045,4.296768009662628,0.22991577069652064,0.01825004816055298,0.0034897020964002705,0.1,9,,4,2,150,0.9,"{'learning_rate': 0.1, 'max_depth': 9, 'max_features': None, 'min_samples_leaf': 4, 'min_samples_split': 2, 'n_estimators': 150, 'subsample': 0.9}",0.9830739113827349,0.9908317886367694,0.9929428334648147,0.9978828468761906,0.9911828450901274,0.0053353919611546395,1060
1046,4.473630487918854,0.18557340019302487,0.0172501802444458,0.0010905756877293436,0.1,9,,4,2,150,1.0,"{'learning_rate': 0.1, 'max_depth': 9, 'max_features': None, 'min_samples_leaf': 4, 'min_samples_split': 2, 'n_estimators': 150, 'subsample': 1.0}",0.984484418767507,0.9908317886367694,0.9929428053469331,0.9992942822920636,0.9918883237608183,0.005289003422203218,748
1047,8.37137919664383,0.49831083054163033,0.03499495983123779,0.0052458254616850825,0.1,9,,4,2,350,0.8,"{'learning_rate': 0.1, 'max_depth': 9, 'max_features': None, 'min_samples_leaf': 4, 'min_samples_split': 2, 'n_estimators': 350, 'subsample': 0.8}",0.9823675614859793,0.9929476875576917,0.9929428053469331,0.9992942822920636,0.991888084170667,0.006077156384784155,760
1048,8.987512588500977,0.7254389680412067,0.03424966335296631,0.005403853357361476,0.1,9,,4,2,350,0.9,"{'learning_rate': 0.1, 'max_depth': 9, 'max_features': None, 'min_samples_leaf': 4, 'min_samples_split': 2, 'n_estimators': 350, 'subsample': 0.9}",0.9823680526023909,0.9936528777649296,0.9936485406285719,0.9992942822920636,0.992240938321989,0.006148138963061525,467
1049,8.664517641067505,0.5295011149260772,0.030140995979309082,0.00543435039538846,0.1,9,,4,2,350,1.0,"{'learning_rate': 0.1, 'max_depth': 9, 'max_features': None, 'min_samples_leaf': 4, 'min_samples_split': 2, 'n_estimators': 350, 'subsample': 1.0}",0.9830735409682778,0.9929475893487711,0.9922371206774876,0.9985885610693866,0.9917117030159809,0.005561306029065257,865
1050,9.1433727145195,0.35093103629269284,0.037750422954559326,0.0058042196164556905,0.1,9,,4,2,450,0.8,"{'learning_rate': 0.1, 'max_depth': 9, 'max_features': None, 'min_samples_leaf': 4, 'min_samples_split': 2, 'n_estimators': 450, 'subsample': 0.8}",0.983073103184835,0.9936528777649296,0.9943542667718518,0.9992942822920636,0.9925936325034199,0.005911028244884592,190
1051,9.091301083564758,0.6805089051930551,0.03325003385543823,0.0025861729160624766,0.1,9,,4,2,450,0.9,"{'learning_rate': 0.1, 'max_depth': 9, 'max_features': None, 'min_samples_leaf': 4, 'min_samples_split': 2, 'n_estimators': 450, 'subsample': 0.9}",0.9816625284502379,0.9943581500461534,0.9943542667718518,0.9992942822920636,0.9924173068900766,0.006528336995545837,327
1052,8.614762306213379,0.8397696502940385,0.0327494740486145,0.00511720827612654,0.1,9,,4,2,450,1.0,"{'learning_rate': 0.1, 'max_depth': 9, 'max_features': None, 'min_samples_leaf': 4, 'min_samples_split': 2, 'n_estimators': 450, 'subsample': 1.0}",0.9837789956545375,0.9936528777649296,0.9936485406285719,0.9992942822920636,0.9925936740850256,0.005586397811590055,187
1053,9.321403980255127,0.4334766652946442,0.03675079345703125,0.0023848641503403135,0.1,9,,4,2,650,0.8,"{'learning_rate': 0.1, 'max_depth': 9, 'max_features': None, 'min_samples_leaf': 4, 'min_samples_split': 2, 'n_estimators': 650, 'subsample': 0.8}",0.983073103184835,0.9943582061641969,0.9929428334648147,0.9992942822920636,0.9924171062764775,0.0058874910101128644,354
1054,9.600495874881744,0.2438166395360684,0.039499521255493164,0.00769617858683204,0.1,9,,4,2,650,0.9,"{'learning_rate': 0.1, 'max_depth': 9, 'max_features': None, 'min_samples_leaf': 4, 'min_samples_split': 2, 'n_estimators': 650, 'subsample': 0.9}",0.9837786083941996,0.9936528777649296,0.9950599858856739,0.9992942822920636,0.9929464385842166,0.005685735850437124,40
1055,8.993046581745148,0.9611877710065859,0.03099769353866577,0.0018732122653903806,0.1,9,,4,2,650,1.0,"{'learning_rate': 0.1, 'max_depth': 9, 'max_features': None, 'min_samples_leaf': 4, 'min_samples_split': 2, 'n_estimators': 650, 'subsample': 1.0}",0.9823680526023909,0.9943581500461534,0.9915314001577777,1.0,0.9920644007015805,0.0063745250474281645,638
1056,4.040594696998596,0.12455042915351204,0.017249226570129395,0.0013005510421381906,0.1,9,,4,5,150,0.8,"{'learning_rate': 0.1, 'max_depth': 9, 'max_features': None, 'min_samples_leaf': 4, 'min_samples_split': 5, 'n_estimators': 150, 'subsample': 0.8}",0.984484418767507,0.992242282692651,0.9929428334648147,0.998588566692963,0.992064525404484,0.005020561573769906,629
1057,4.430391490459442,0.19994156272559946,0.018999755382537842,0.000707562425050917,0.1,9,,4,5,150,0.9,"{'learning_rate': 0.1, 'max_depth': 9, 'max_features': None, 'min_samples_leaf': 4, 'min_samples_split': 5, 'n_estimators': 150, 'subsample': 0.9}",0.9830735409682778,0.9908317886367694,0.990825669796826,0.998588566692963,0.990829891523709,0.005485390499835736,1124
1058,4.46410459280014,0.23470079566329666,0.018248260021209717,0.0034911785075209655,0.1,9,,4,5,150,1.0,"{'learning_rate': 0.1, 'max_depth': 9, 'max_features': None, 'min_samples_leaf': 4, 'min_samples_split': 5, 'n_estimators': 150, 'subsample': 1.0}",0.9830739113827349,0.9922424061571363,0.9915314001577777,0.9985885610693866,0.9913590696917589,0.005516325200832679,1014
1059,8.661667823791504,0.3725733076454625,0.034618079662323,0.0027805675181078434,0.1,9,,4,5,350,0.8,"{'learning_rate': 0.1, 'max_depth': 9, 'max_features': None, 'min_samples_leaf': 4, 'min_samples_split': 5, 'n_estimators': 350, 'subsample': 0.8}",0.9844840792209213,0.9936528777649296,0.9915313664163197,0.9992942822920636,0.9922406514235584,0.0053013109044982645,525
1060,8.643783569335938,0.6274043421665658,0.031250178813934326,0.0008310912146749264,0.1,9,,4,5,350,0.9,"{'learning_rate': 0.1, 'max_depth': 9, 'max_features': None, 'min_samples_leaf': 4, 'min_samples_split': 5, 'n_estimators': 350, 'subsample': 0.9}",0.983073103184835,0.992242282692651,0.9936485406285719,0.9992942822920636,0.9920645521995304,0.0058235676364722915,626
1061,9.179924845695496,0.6227830568522801,0.035748958587646484,0.008952264894692946,0.1,9,,4,5,350,1.0,"{'learning_rate': 0.1, 'max_depth': 9, 'max_features': None, 'min_samples_leaf': 4, 'min_samples_split': 5, 'n_estimators': 350, 'subsample': 1.0}",0.984484418767507,0.9936528777649296,0.9929428334648147,0.9992942822920636,0.9925936030723288,0.005289187008340088,197
1062,8.842809677124023,0.3460849138492016,0.03731954097747803,0.0051599008728600605,0.1,9,,4,5,450,0.8,"{'learning_rate': 0.1, 'max_depth': 9, 'max_features': None, 'min_samples_leaf': 4, 'min_samples_split': 5, 'n_estimators': 450, 'subsample': 0.8}",0.983073103184835,0.9929476875576917,0.9936485406285719,0.9992942822920636,0.9922409034157906,0.005836944855680366,469
1063,9.258355498313904,0.19462023439520204,0.0348585844039917,0.0034775111395245477,0.1,9,,4,5,450,0.9,"{'learning_rate': 0.1, 'max_depth': 9, 'max_features': None, 'min_samples_leaf': 4, 'min_samples_split': 5, 'n_estimators': 450, 'subsample': 0.9}",0.9809569664048577,0.9936528777649296,0.9943542667718518,0.9992942822920636,0.9920645983084257,0.006771503346982704,622
1064,8.818204045295715,0.9186746415215338,0.03225100040435791,0.006418147608464585,0.1,9,,4,5,450,1.0,"{'learning_rate': 0.1, 'max_depth': 9, 'max_features': None, 'min_samples_leaf': 4, 'min_samples_split': 5, 'n_estimators': 450, 'subsample': 1.0}",0.984484418767507,0.9936528777649296,0.9936485406285719,1.0,0.9929464592902522,0.005530608276212327,39
1065,9.039667427539825,0.4599135205676562,0.0364985466003418,0.00492360003256455,0.1,9,,4,5,650,0.8,"{'learning_rate': 0.1, 'max_depth': 9, 'max_features': None, 'min_samples_leaf': 4, 'min_samples_split': 5, 'n_estimators': 650, 'subsample': 0.8}",0.9837786083941996,0.9929475893487711,0.9936485532815809,0.9992942822920636,0.9924172583291537,0.005561408758924322,331
1066,9.548036456108093,0.47553336664302176,0.0354924201965332,0.0023036675459660308,0.1,9,,4,5,650,0.9,"{'learning_rate': 0.1, 'max_depth': 9, 'max_features': None, 'min_samples_leaf': 4, 'min_samples_split': 5, 'n_estimators': 650, 'subsample': 0.9}",0.9823680526023909,0.9936528777649296,0.9950599858856739,1.0,0.9927702290632486,0.006451684236638126,94
1067,9.226127982139587,0.5606500438086405,0.034076690673828125,0.0024929363520792775,0.1,9,,4,5,650,1.0,"{'learning_rate': 0.1, 'max_depth': 9, 'max_features': None, 'min_samples_leaf': 4, 'min_samples_split': 5, 'n_estimators': 650, 'subsample': 1.0}",0.9823680526023909,0.9936528777649296,0.9929428334648147,1.0,0.9922409409580338,0.006327778842877033,466
1068,4.011054813861847,0.20472040774201863,0.018750548362731934,0.0022763966370376,0.1,9,,4,10,150,0.8,"{'learning_rate': 0.1, 'max_depth': 9, 'max_features': None, 'min_samples_leaf': 4, 'min_samples_split': 10, 'n_estimators': 150, 'subsample': 0.8}",0.9830735409682778,0.9922424061571363,0.9915314001577777,0.9992942822920636,0.9915354073938139,0.0057511561098527115,950
1069,4.35821932554245,0.25749471342125796,0.018498241901397705,0.0016583185405948761,0.1,9,,4,10,150,0.9,"{'learning_rate': 0.1, 'max_depth': 9, 'max_features': None, 'min_samples_leaf': 4, 'min_samples_split': 10, 'n_estimators': 150, 'subsample': 0.9}",0.9837789956545375,0.9915371072185253,0.9894141711154042,0.9985885610693866,0.9908297087644634,0.005301332470634308,1142
1070,4.301625549793243,0.14994172255757207,0.016368627548217773,0.0015520403814875522,0.1,9,,4,10,150,1.0,"{'learning_rate': 0.1, 'max_depth': 9, 'max_features': None, 'min_samples_leaf': 4, 'min_samples_split': 10, 'n_estimators': 150, 'subsample': 1.0}",0.9816630027156343,0.992242282692651,0.9915313664163197,1.0,0.9913591629561512,0.006509399794313205,1004
1071,8.469426035881042,0.4787701517536786,0.03562271595001221,0.005093319341076796,0.1,9,,4,10,350,0.8,"{'learning_rate': 0.1, 'max_depth': 9, 'max_features': None, 'min_samples_leaf': 4, 'min_samples_split': 10, 'n_estimators': 350, 'subsample': 0.8}",0.9837786083941996,0.9936528777649296,0.9936485406285719,0.9992942822920636,0.9925935772699412,0.005586550574829821,198
1072,8.625787556171417,0.5268967571684402,0.03200119733810425,0.004060288486242741,0.1,9,,4,10,350,0.9,"{'learning_rate': 0.1, 'max_depth': 9, 'max_features': None, 'min_samples_leaf': 4, 'min_samples_split': 10, 'n_estimators': 350, 'subsample': 0.9}",0.983073103184835,0.992242282692651,0.9943542667718519,1.0,0.9924174131623344,0.006094953336417909,324
1073,9.035769402980804,0.6367158312584109,0.03634542226791382,0.007506567813024991,0.1,9,,4,10,350,1.0,"{'learning_rate': 0.1, 'max_depth': 9, 'max_features': None, 'min_samples_leaf': 4, 'min_samples_split': 10, 'n_estimators': 350, 'subsample': 1.0}",0.9830735409682778,0.9936528777649296,0.9936485406285719,1.0,0.9925937398404449,0.006077031634818509,183
1074,9.123542249202728,0.3777970492185298,0.037500977516174316,0.0063819617123736724,0.1,9,,4,10,450,0.8,"{'learning_rate': 0.1, 'max_depth': 9, 'max_features': None, 'min_samples_leaf': 4, 'min_samples_split': 10, 'n_estimators': 450, 'subsample': 0.8}",0.983073103184835,0.9936529535251174,0.9943542667718519,0.9992942822920636,0.992593651443467,0.005911031638995825,189
1075,8.991180956363678,0.5840189131627368,0.031746506690979004,0.002163557744942627,0.1,9,,4,10,450,0.9,"{'learning_rate': 0.1, 'max_depth': 9, 'max_features': None, 'min_samples_leaf': 4, 'min_samples_split': 10, 'n_estimators': 450, 'subsample': 0.9}",0.983073103184835,0.9936529535251174,0.9950599858856739,1.0,0.9929465106489066,0.0061685031833369165,38
1076,8.993797898292542,0.5934839078075057,0.034500956535339355,0.003904338492943707,0.1,9,,4,10,450,1.0,"{'learning_rate': 0.1, 'max_depth': 9, 'max_features': None, 'min_samples_leaf': 4, 'min_samples_split': 10, 'n_estimators': 450, 'subsample': 1.0}",0.9837789956545375,0.992242282692651,0.9929428334648147,0.9992942822920636,0.9920645985260168,0.005516393989095244,619
1077,9.423222124576569,0.5681180350077237,0.039998650550842285,0.004846333051364534,0.1,9,,4,10,650,0.8,"{'learning_rate': 0.1, 'max_depth': 9, 'max_features': None, 'min_samples_leaf': 4, 'min_samples_split': 10, 'n_estimators': 650, 'subsample': 0.8}",0.9830735409682778,0.9936529535251174,0.9929428334648147,0.9992942822920636,0.9922409025625685,0.005836892990309401,470
1078,9.55566293001175,0.5487230129690422,0.03500014543533325,0.0029147949043254705,0.1,9,,4,10,650,0.9,"{'learning_rate': 0.1, 'max_depth': 9, 'max_features': None, 'min_samples_leaf': 4, 'min_samples_split': 10, 'n_estimators': 650, 'subsample': 0.9}",0.983073103184835,0.9936528777649296,0.9943542667718519,1.0,0.9927700619304041,0.006115392100691849,96
1079,8.947248578071594,0.15699165646319752,0.03475064039230347,0.002488540539761664,0.1,9,,4,10,650,1.0,"{'learning_rate': 0.1, 'max_depth': 9, 'max_features': None, 'min_samples_leaf': 4, 'min_samples_split': 10, 'n_estimators': 650, 'subsample': 1.0}",0.9837789956545375,0.9929475893487711,0.9957657000788889,1.0,0.9931230712705494,0.005950171820864239,14
1080,3.525247275829315,0.07779821385373747,0.027249276638031006,0.001088976166779225,0.1,9,sqrt,1,2,150,0.8,"{'learning_rate': 0.1, 'max_depth': 9, 'max_features': 'sqrt', 'min_samples_leaf': 1, 'min_samples_split': 2, 'n_estimators': 150, 'subsample': 0.8}",0.9873059638694429,0.9950634082973135,0.9929426647541637,0.9957656832081598,0.99276943003227,0.003321119621292954,180
1081,3.8515597581863403,0.32349019148630187,0.031248509883880615,0.005891093452561526,0.1,9,sqrt,1,2,150,0.9,"{'learning_rate': 0.1, 'max_depth': 9, 'max_features': 'sqrt', 'min_samples_leaf': 1, 'min_samples_split': 2, 'n_estimators': 150, 'subsample': 0.9}",0.9851900481181693,0.9943581500461534,0.9915310627310978,0.9964714114603177,0.9918876680889346,0.004245564304355588,841
1082,4.16766744852066,0.11108413859223668,0.033250272274017334,0.004602055906779082,0.1,9,sqrt,1,2,150,1.0,"{'learning_rate': 0.1, 'max_depth': 9, 'max_features': 'sqrt', 'min_samples_leaf': 1, 'min_samples_split': 2, 'n_estimators': 150, 'subsample': 1.0}",0.9866005197259626,0.9943581500461534,0.9929426647541637,0.9964714114603177,0.9925931864966493,0.0036806899922727193,305
1083,6.246119976043701,0.4245222320146581,0.049748241901397705,0.001479749663759902,0.1,9,sqrt,1,2,350,0.8,"{'learning_rate': 0.1, 'max_depth': 9, 'max_features': 'sqrt', 'min_samples_leaf': 1, 'min_samples_split': 2, 'n_estimators': 350, 'subsample': 0.8}",0.9880108005250062,0.9943581500461534,0.9922368732334741,0.9957656832081598,0.9925928767531984,0.002928525724083915,323
1084,6.694856345653534,0.38776193237494816,0.05224788188934326,0.006868358107654262,0.1,9,sqrt,1,2,350,0.9,"{'learning_rate': 0.1, 'max_depth': 9, 'max_features': 'sqrt', 'min_samples_leaf': 1, 'min_samples_split': 2, 'n_estimators': 350, 'subsample': 0.9}",0.9858953751153834,0.9943581500461534,0.9915310627310978,0.997177133385926,0.9922404303196402,0.004171891115713562,596
1085,6.581915259361267,0.3230958528882266,0.05874752998352051,0.008954028700615846,0.1,9,sqrt,1,2,350,1.0,"{'learning_rate': 0.1, 'max_depth': 9, 'max_features': 'sqrt', 'min_samples_leaf': 1, 'min_samples_split': 2, 'n_estimators': 350, 'subsample': 1.0}",0.9858951786975421,0.9943581500461534,0.9950598973131997,0.9957657000788889,0.9927697315339459,0.004000101151508049,143
1086,7.385669112205505,0.41472354775475906,0.05630505084991455,0.006104559328344364,0.1,9,sqrt,1,2,450,0.8,"{'learning_rate': 0.1, 'max_depth': 9, 'max_features': 'sqrt', 'min_samples_leaf': 1, 'min_samples_split': 2, 'n_estimators': 450, 'subsample': 0.8}",0.9830735409682778,0.9950634082973135,0.9929426647541637,0.9964714114603177,0.9918877563700181,0.005241609580972744,823
1087,7.20089864730835,0.5054917365888245,0.052500367164611816,0.00572337802266925,0.1,9,sqrt,1,2,450,0.9,"{'learning_rate': 0.1, 'max_depth': 9, 'max_features': 'sqrt', 'min_samples_leaf': 1, 'min_samples_split': 2, 'n_estimators': 450, 'subsample': 0.9}",0.9858949261522791,0.9943581500461534,0.9922368732334741,0.997177133385926,0.9924167707044582,0.004153216406302642,449
1088,6.416507184505463,0.5743124440443887,0.05274999141693115,0.007979829297199226,0.1,9,sqrt,1,2,450,1.0,"{'learning_rate': 0.1, 'max_depth': 9, 'max_features': 'sqrt', 'min_samples_leaf': 1, 'min_samples_split': 2, 'n_estimators': 450, 'subsample': 1.0}",0.9866003064691244,0.9943581500461534,0.9922368732334741,0.997177133385926,0.9925931157836695,0.003878441554303952,314
1089,7.081655442714691,0.787033909096484,0.05400043725967407,0.0025492783702626047,0.1,9,sqrt,1,2,650,0.8,"{'learning_rate': 0.1, 'max_depth': 9, 'max_features': 'sqrt', 'min_samples_leaf': 1, 'min_samples_split': 2, 'n_estimators': 650, 'subsample': 0.8}",0.9858951786975421,0.9950634082973135,0.9922368732334741,0.9957656832081598,0.9922402858591224,0.003894189367107434,611
1090,7.265083193778992,0.8351349437859418,0.04974985122680664,0.0023831885576846936,0.1,9,sqrt,1,2,650,0.9,"{'learning_rate': 0.1, 'max_depth': 9, 'max_features': 'sqrt', 'min_samples_leaf': 1, 'min_samples_split': 2, 'n_estimators': 650, 'subsample': 0.9}",0.9851895177715342,0.9943581500461534,0.9929426647541637,0.9964714184897671,0.9922404377654046,0.004260120265252614,594
1091,7.385418176651001,0.35057310409215725,0.053552091121673584,0.004439131387809842,0.1,9,sqrt,1,2,650,1.0,"{'learning_rate': 0.1, 'max_depth': 9, 'max_features': 'sqrt', 'min_samples_leaf': 1, 'min_samples_split': 2, 'n_estimators': 650, 'subsample': 1.0}",0.9851895177715342,0.9943581500461534,0.9922368732334741,0.9964714114603177,0.9920639881278699,0.004241956838494046,739
1092,3.1607730984687805,0.33743492793090113,0.027499914169311523,0.00449944916682532,0.1,9,sqrt,1,5,150,0.8,"{'learning_rate': 0.1, 'max_depth': 9, 'max_features': 'sqrt', 'min_samples_leaf': 1, 'min_samples_split': 5, 'n_estimators': 150, 'subsample': 0.8}",0.9851900481181693,0.9943581500461534,0.9922368732334741,0.9971771221387733,0.9922405483841426,0.004431804506662062,561
1093,3.0333107709884644,0.2836428513640949,0.030187368392944336,0.006670519456985263,0.1,9,sqrt,1,5,150,0.9,"{'learning_rate': 0.1, 'max_depth': 9, 'max_features': 'sqrt', 'min_samples_leaf': 1, 'min_samples_split': 5, 'n_estimators': 150, 'subsample': 0.9}",0.985189812413243,0.9950634082973135,0.9915311977049964,0.9964714114603177,0.9920639574689676,0.004357753411185137,743
1094,3.3506575226783752,0.4683291087048344,0.02740269899368286,0.0028616008541203133,0.1,9,sqrt,1,5,150,1.0,"{'learning_rate': 0.1, 'max_depth': 9, 'max_features': 'sqrt', 'min_samples_leaf': 1, 'min_samples_split': 5, 'n_estimators': 150, 'subsample': 1.0}",0.9873056608277879,0.9950634082973135,0.9929426647541637,0.997177133385926,0.9931222168162979,0.0036767898791982847,37
1095,6.079541325569153,0.5174102141337155,0.055362582206726074,0.005223196529135132,0.1,9,sqrt,1,5,350,0.8,"{'learning_rate': 0.1, 'max_depth': 9, 'max_features': 'sqrt', 'min_samples_leaf': 1, 'min_samples_split': 5, 'n_estimators': 350, 'subsample': 0.8}",0.9866003064691244,0.9929475893487711,0.9936485026692425,0.9957656832081598,0.9922405204238245,0.0034176434344038043,567
1096,6.013891220092773,0.6382377786616874,0.05024975538253784,0.0024875947325651454,0.1,9,sqrt,1,5,350,0.9,"{'learning_rate': 0.1, 'max_depth': 9, 'max_features': 'sqrt', 'min_samples_leaf': 1, 'min_samples_split': 5, 'n_estimators': 350, 'subsample': 0.9}",0.9866005197259626,0.9943581500461534,0.9936484394026853,0.9964714114603177,0.9927696301587798,0.0037100137956773273,165
1097,5.991572737693787,0.22979368701543704,0.046249449253082275,0.0022760629209073284,0.1,9,sqrt,1,5,350,1.0,"{'learning_rate': 0.1, 'max_depth': 9, 'max_features': 'sqrt', 'min_samples_leaf': 1, 'min_samples_split': 5, 'n_estimators': 350, 'subsample': 1.0}",0.9866005197259626,0.9943581500461534,0.9936483508273879,0.997177133385926,0.9929460384963575,0.003894068376048052,78
1098,6.31359201669693,0.4441426313359201,0.05575001239776611,0.0066091910642595095,0.1,9,sqrt,1,5,450,0.8,"{'learning_rate': 0.1, 'max_depth': 9, 'max_features': 'sqrt', 'min_samples_leaf': 1, 'min_samples_split': 5, 'n_estimators': 450, 'subsample': 0.8}",0.9844840792209213,0.9936529535251174,0.9929426647541637,0.997177133385926,0.992064207721532,0.004660905408876567,690
1099,6.847682058811188,0.23229363704712053,0.05375063419342041,0.00804370140736989,0.1,9,sqrt,1,5,450,0.9,"{'learning_rate': 0.1, 'max_depth': 9, 'max_features': 'sqrt', 'min_samples_leaf': 1, 'min_samples_split': 5, 'n_estimators': 450, 'subsample': 0.9}",0.9844846965672964,0.9943581500461534,0.9922368732334741,0.9978828510938604,0.9922406427351961,0.004911035215284044,528
1100,5.838349759578705,0.8443699759615422,0.05000025033950806,0.004581007971405025,0.1,9,sqrt,1,5,450,1.0,"{'learning_rate': 0.1, 'max_depth': 9, 'max_features': 'sqrt', 'min_samples_leaf': 1, 'min_samples_split': 5, 'n_estimators': 450, 'subsample': 1.0}",0.9866003064691244,0.9943581500461534,0.9936483508273879,0.997177133385926,0.9929459851821479,0.0038941552535177062,83
1101,6.558301508426666,0.6008122495447602,0.05461066961288452,0.0013127005162882122,0.1,9,sqrt,1,5,650,0.8,"{'learning_rate': 0.1, 'max_depth': 9, 'max_features': 'sqrt', 'min_samples_leaf': 1, 'min_samples_split': 5, 'n_estimators': 650, 'subsample': 0.8}",0.9837789956545375,0.9936528777649296,0.9922368732334741,0.9964714114603177,0.9915350395283147,0.004730269383692366,985
1102,6.622165203094482,0.5959079360939964,0.05604428052902222,0.009272028994647331,0.1,9,sqrt,1,5,650,0.9,"{'learning_rate': 0.1, 'max_depth': 9, 'max_features': 'sqrt', 'min_samples_leaf': 1, 'min_samples_split': 5, 'n_estimators': 650, 'subsample': 0.9}",0.9866003064691244,0.9943581500461534,0.9950598973131997,0.9964714114603177,0.9931224413221988,0.0038416974046384072,28
1103,6.652474761009216,0.17955257263899374,0.049750447273254395,0.004148284200640941,0.1,9,sqrt,1,5,650,1.0,"{'learning_rate': 0.1, 'max_depth': 9, 'max_features': 'sqrt', 'min_samples_leaf': 1, 'min_samples_split': 5, 'n_estimators': 650, 'subsample': 1.0}",0.9858951786975421,0.9943581500461534,0.9936485026692425,0.997177133385926,0.9927697411997161,0.00418270187388264,142
1104,2.788691222667694,0.22012360620555776,0.02450019121170044,0.0005014650208035039,0.1,9,sqrt,1,10,150,0.8,"{'learning_rate': 0.1, 'max_depth': 9, 'max_features': 'sqrt', 'min_samples_leaf': 1, 'min_samples_split': 10, 'n_estimators': 150, 'subsample': 0.8}",0.985189812413243,0.9950634082973135,0.9922368732334741,0.9964714114603177,0.9922403763510872,0.004346884849476056,605
1105,2.848705768585205,0.24606662181652028,0.02874976396560669,0.0008285038141034541,0.1,9,sqrt,1,10,150,0.9,"{'learning_rate': 0.1, 'max_depth': 9, 'max_features': 'sqrt', 'min_samples_leaf': 1, 'min_samples_split': 10, 'n_estimators': 150, 'subsample': 0.9}",0.9858951786975421,0.9943581500461534,0.9936483508273879,0.997177133385926,0.9927697032392524,0.00418269389911797,149
1106,2.6729401350021362,0.13696891339826028,0.025125086307525635,0.0013391641394812218,0.1,9,sqrt,1,10,150,1.0,"{'learning_rate': 0.1, 'max_depth': 9, 'max_features': 'sqrt', 'min_samples_leaf': 1, 'min_samples_split': 10, 'n_estimators': 150, 'subsample': 1.0}",0.9844846965672964,0.9943581500461534,0.9929425522759148,0.997177133385926,0.9922406330688227,0.004730226081252261,534
1107,5.496233403682709,0.5218672016455975,0.05425059795379639,0.003698975957003499,0.1,9,sqrt,1,10,350,0.8,"{'learning_rate': 0.1, 'max_depth': 9, 'max_features': 'sqrt', 'min_samples_leaf': 1, 'min_samples_split': 10, 'n_estimators': 350, 'subsample': 0.8}",0.9858949261522791,0.992242282692651,0.9922368732334741,0.9964714114603177,0.9917113733846805,0.0037764744032363438,917
1108,5.7592896819114685,0.3530050338309759,0.05025005340576172,0.0017862469275507688,0.1,9,sqrt,1,10,350,0.9,"{'learning_rate': 0.1, 'max_depth': 9, 'max_features': 'sqrt', 'min_samples_leaf': 1, 'min_samples_split': 10, 'n_estimators': 350, 'subsample': 0.9}",0.9844840792209213,0.9943581500461534,0.9922368732334741,0.997177133385926,0.9920640589716188,0.004714136761237055,728
1109,5.891869306564331,0.13778725701152184,0.05399960279464722,0.008093121277555097,0.1,9,sqrt,1,10,350,1.0,"{'learning_rate': 0.1, 'max_depth': 9, 'max_features': 'sqrt', 'min_samples_leaf': 1, 'min_samples_split': 10, 'n_estimators': 350, 'subsample': 1.0}",0.9858949261522791,0.9943581500461534,0.992236734039284,0.9964714114603177,0.9922403054245086,0.003957631077769931,610
1110,6.162817418575287,0.4525030362884266,0.05824965238571167,0.004813700773693667,0.1,9,sqrt,1,10,450,0.8,"{'learning_rate': 0.1, 'max_depth': 9, 'max_features': 'sqrt', 'min_samples_leaf': 1, 'min_samples_split': 10, 'n_estimators': 450, 'subsample': 0.8}",0.9844840792209213,0.9929475893487711,0.9922368732334741,0.997177133385926,0.9917114187972731,0.004580193590707384,910
1111,6.200815975666046,0.7378497737044284,0.051248013973236084,0.0049676050707875554,0.1,9,sqrt,1,10,450,0.9,"{'learning_rate': 0.1, 'max_depth': 9, 'max_features': 'sqrt', 'min_samples_leaf': 1, 'min_samples_split': 10, 'n_estimators': 450, 'subsample': 0.9}",0.9844840792209213,0.9936528777649296,0.9922368732334741,0.9964714114603177,0.9917113104199107,0.004442334204693916,931
1112,5.588492035865784,0.629181897751408,0.051997482776641846,0.004849652422022045,0.1,9,sqrt,1,10,450,1.0,"{'learning_rate': 0.1, 'max_depth': 9, 'max_features': 'sqrt', 'min_samples_leaf': 1, 'min_samples_split': 10, 'n_estimators': 450, 'subsample': 1.0}",0.9851891641860084,0.9943581500461534,0.9929426647541637,0.997177133385926,0.9924167780930628,0.004442546205283248,447
1113,6.268235504627228,0.5678347310029065,0.05874812602996826,0.002948436099502117,0.1,9,sqrt,1,10,650,0.8,"{'learning_rate': 0.1, 'max_depth': 9, 'max_features': 'sqrt', 'min_samples_leaf': 1, 'min_samples_split': 10, 'n_estimators': 650, 'subsample': 0.8}",0.9844840792209213,0.9943581500461534,0.9936483508273879,0.997177133385926,0.9924169283700972,0.004766403001221472,416
1114,6.398823261260986,0.3845328462266892,0.05900055170059204,0.009300581577718616,0.1,9,sqrt,1,10,650,0.9,"{'learning_rate': 0.1, 'max_depth': 9, 'max_features': 'sqrt', 'min_samples_leaf': 1, 'min_samples_split': 10, 'n_estimators': 650, 'subsample': 0.9}",0.9858949261522791,0.9936528777649296,0.992236981492171,0.9964714114603177,0.9920640492174244,0.003874183883671672,731
1115,6.527156233787537,0.2907020995629188,0.06150031089782715,0.009935599655455549,0.1,9,sqrt,1,10,650,1.0,"{'learning_rate': 0.1, 'max_depth': 9, 'max_features': 'sqrt', 'min_samples_leaf': 1, 'min_samples_split': 10, 'n_estimators': 650, 'subsample': 1.0}",0.9866003064691244,0.9943581500461534,0.9922368732334741,0.997177133385926,0.9925931157836695,0.003878441554303952,314
1116,3.053021788597107,0.24372467984493096,0.028252005577087402,0.00248606836009713,0.1,9,sqrt,2,2,150,0.8,"{'learning_rate': 0.1, 'max_depth': 9, 'max_features': 'sqrt', 'min_samples_leaf': 2, 'min_samples_split': 2, 'n_estimators': 150, 'subsample': 0.8}",0.9830742144370506,0.9943581500461534,0.9915311977049964,0.997177133385926,0.9915351738935316,0.005277043490591607,971
1117,3.0689752101898193,0.3341641047022848,0.028999924659729004,0.0036730606528818295,0.1,9,sqrt,2,2,150,0.9,"{'learning_rate': 0.1, 'max_depth': 9, 'max_features': 'sqrt', 'min_samples_leaf': 2, 'min_samples_split': 2, 'n_estimators': 150, 'subsample': 0.9}",0.9830742144370506,0.9943581500461534,0.9936484394026853,0.9964714114603177,0.9918880538365518,0.005193535999049023,767
1118,3.2562599182128906,0.3964818618574581,0.028750240802764893,0.0028616057208457894,0.1,9,sqrt,2,2,150,1.0,"{'learning_rate': 0.1, 'max_depth': 9, 'max_features': 'sqrt', 'min_samples_leaf': 2, 'min_samples_split': 2, 'n_estimators': 150, 'subsample': 1.0}",0.9844849126269217,0.9950634082973135,0.9929426647541637,0.997177133385926,0.9924170297660813,0.004818108556588117,379
1119,6.001733899116516,0.27135994350629516,0.054441750049591064,0.003903249386298127,0.1,9,sqrt,2,2,350,0.8,"{'learning_rate': 0.1, 'max_depth': 9, 'max_features': 'sqrt', 'min_samples_leaf': 2, 'min_samples_split': 2, 'n_estimators': 350, 'subsample': 0.8}",0.9851895177715342,0.992242282692651,0.9929425522759148,0.997177133385926,0.9918878715315065,0.004303550650396755,801
1120,6.312425196170807,0.5730808975445162,0.05899953842163086,0.009245139249891898,0.1,9,sqrt,2,2,350,0.9,"{'learning_rate': 0.1, 'max_depth': 9, 'max_features': 'sqrt', 'min_samples_leaf': 2, 'min_samples_split': 2, 'n_estimators': 350, 'subsample': 0.9}",0.9851895177715342,0.9943581500461534,0.9929426647541637,0.9964714114603177,0.9922404360080423,0.004260118519911495,595
1121,5.971636950969696,0.3951308023128305,0.05274778604507446,0.005931613949677516,0.1,9,sqrt,2,2,350,1.0,"{'learning_rate': 0.1, 'max_depth': 9, 'max_features': 'sqrt', 'min_samples_leaf': 2, 'min_samples_split': 2, 'n_estimators': 350, 'subsample': 1.0}",0.9837789956545375,0.9943581500461534,0.9936484394026853,0.9978828510938604,0.9924171090493091,0.005238681936066649,352
1122,6.320225656032562,0.5072621770714083,0.05755549669265747,0.006513165742277329,0.1,9,sqrt,2,2,450,0.8,"{'learning_rate': 0.1, 'max_depth': 9, 'max_features': 'sqrt', 'min_samples_leaf': 2, 'min_samples_split': 2, 'n_estimators': 450, 'subsample': 0.8}",0.9837789956545375,0.9936528777649296,0.9922368732334741,0.9957656832081598,0.9913586074652753,0.004552687634037244,1056
1123,6.70450085401535,0.3642768806692421,0.056817591190338135,0.004666765840448893,0.1,9,sqrt,2,2,450,0.9,"{'learning_rate': 0.1, 'max_depth': 9, 'max_features': 'sqrt', 'min_samples_leaf': 2, 'min_samples_split': 2, 'n_estimators': 450, 'subsample': 0.9}",0.9830739113827349,0.9943581500461534,0.9922368732334741,0.997177133385926,0.991711517012072,0.00528587407461038,889
1124,5.929562866687775,0.6756798067247156,0.049500465393066406,0.006725865027347287,0.1,9,sqrt,2,2,450,1.0,"{'learning_rate': 0.1, 'max_depth': 9, 'max_features': 'sqrt', 'min_samples_leaf': 2, 'min_samples_split': 2, 'n_estimators': 450, 'subsample': 1.0}",0.9858949261522791,0.9943581500461534,0.9922368732334741,0.9978828510938604,0.9925932001314418,0.0043614590065653375,300
1125,6.9751768708229065,0.6884851947264682,0.053750574588775635,0.0031134320204153454,0.1,9,sqrt,2,2,650,0.8,"{'learning_rate': 0.1, 'max_depth': 9, 'max_features': 'sqrt', 'min_samples_leaf': 2, 'min_samples_split': 2, 'n_estimators': 650, 'subsample': 0.8}",0.984484418767507,0.9936528777649296,0.9929425522759148,0.9957657000788889,0.99171138722181,0.004299758094998978,915
1126,6.9829670786857605,0.48667771076117744,0.060779690742492676,0.002125232358420285,0.1,9,sqrt,2,2,650,0.9,"{'learning_rate': 0.1, 'max_depth': 9, 'max_features': 'sqrt', 'min_samples_leaf': 2, 'min_samples_split': 2, 'n_estimators': 650, 'subsample': 0.9}",0.9866003064691244,0.9943581500461534,0.9915310627310978,0.997177133385926,0.9924166631580754,0.003906588709353645,457
1127,6.70490837097168,0.9313072190904816,0.0617489218711853,0.012577171134815556,0.1,9,sqrt,2,2,650,1.0,"{'learning_rate': 0.1, 'max_depth': 9, 'max_features': 'sqrt', 'min_samples_leaf': 2, 'min_samples_split': 2, 'n_estimators': 650, 'subsample': 1.0}",0.984484418767507,0.9943581500461534,0.9936483508273879,0.997177133385926,0.9924170132567436,0.004766261722330028,388
1128,3.089427173137665,0.1435483548712215,0.02875196933746338,0.004436483113396636,0.1,9,sqrt,2,5,150,0.8,"{'learning_rate': 0.1, 'max_depth': 9, 'max_features': 'sqrt', 'min_samples_leaf': 2, 'min_samples_split': 5, 'n_estimators': 150, 'subsample': 0.8}",0.9844846965672964,0.9943581500461534,0.9929426647541637,0.9964714114603177,0.9920642307069829,0.0045526446236529424,684
1129,3.0139622688293457,0.34314836564625834,0.03274881839752197,0.004967932041873817,0.1,9,sqrt,2,5,150,0.9,"{'learning_rate': 0.1, 'max_depth': 9, 'max_features': 'sqrt', 'min_samples_leaf': 2, 'min_samples_split': 5, 'n_estimators': 150, 'subsample': 0.9}",0.9851900481181693,0.9943581500461534,0.9936485026692425,0.9957656832081598,0.9922405960104312,0.004141337392280326,543
1130,3.1322999596595764,0.3287190885274749,0.026499032974243164,0.0015006102112493874,0.1,9,sqrt,2,5,150,1.0,"{'learning_rate': 0.1, 'max_depth': 9, 'max_features': 'sqrt', 'min_samples_leaf': 2, 'min_samples_split': 5, 'n_estimators': 150, 'subsample': 1.0}",0.9837793183573613,0.9943581500461534,0.9943541992883981,0.9964714114603177,0.9922407697880575,0.0049609568805669664,489
1131,5.651048839092255,0.2852292115598782,0.05424916744232178,0.004658412895583447,0.1,9,sqrt,2,5,350,0.8,"{'learning_rate': 0.1, 'max_depth': 9, 'max_features': 'sqrt', 'min_samples_leaf': 2, 'min_samples_split': 5, 'n_estimators': 350, 'subsample': 0.8}",0.9866003064691244,0.9929475893487711,0.9915311977049964,0.997177133385926,0.9920640567272045,0.0037769262777936565,729
1132,6.0063106417655945,0.410624346042882,0.05499982833862305,0.006594758076520602,0.1,9,sqrt,2,5,350,0.9,"{'learning_rate': 0.1, 'max_depth': 9, 'max_features': 'sqrt', 'min_samples_leaf': 2, 'min_samples_split': 5, 'n_estimators': 350, 'subsample': 0.9}",0.9858949261522791,0.9943581500461534,0.9915310627310978,0.9964714114603177,0.9920638875974621,0.0039695684411370944,745
1133,6.230116188526154,0.3914651497207409,0.04974859952926636,0.0031141703155260865,0.1,9,sqrt,2,5,350,1.0,"{'learning_rate': 0.1, 'max_depth': 9, 'max_features': 'sqrt', 'min_samples_leaf': 2, 'min_samples_split': 5, 'n_estimators': 350, 'subsample': 1.0}",0.9858951786975421,0.9936528777649296,0.994354131803331,0.9978828510938604,0.9929462598399158,0.0043751883057241816,48
1134,6.561113119125366,0.563203299303046,0.05500096082687378,0.004849418866971512,0.1,9,sqrt,2,5,450,0.8,"{'learning_rate': 0.1, 'max_depth': 9, 'max_features': 'sqrt', 'min_samples_leaf': 2, 'min_samples_split': 5, 'n_estimators': 450, 'subsample': 0.8}",0.9851895177715342,0.9929475893487711,0.9929427491104976,0.9964714114603177,0.9918878169227803,0.004126516385515139,814
1135,6.495410144329071,0.7171353655381204,0.057025253772735596,0.007004791356728228,0.1,9,sqrt,2,5,450,0.9,"{'learning_rate': 0.1, 'max_depth': 9, 'max_features': 'sqrt', 'min_samples_leaf': 2, 'min_samples_split': 5, 'n_estimators': 450, 'subsample': 0.9}",0.9837789956545375,0.9943581500461534,0.9922368732334741,0.9964714114603177,0.9917113575986207,0.004818250608908455,920
1136,6.616666376590729,0.20705159297624745,0.05249989032745361,0.005851793777839573,0.1,9,sqrt,2,5,450,1.0,"{'learning_rate': 0.1, 'max_depth': 9, 'max_features': 'sqrt', 'min_samples_leaf': 2, 'min_samples_split': 5, 'n_estimators': 450, 'subsample': 1.0}",0.9858951786975421,0.9943581500461534,0.9936484394026853,0.9978828510938604,0.9929461548100603,0.004375333373972114,60
1137,6.27520489692688,0.48267199875323463,0.05325007438659668,0.0037658901327584557,0.1,9,sqrt,2,5,650,0.8,"{'learning_rate': 0.1, 'max_depth': 9, 'max_features': 'sqrt', 'min_samples_leaf': 2, 'min_samples_split': 5, 'n_estimators': 650, 'subsample': 0.8}",0.9844846965672964,0.9943581500461534,0.9922368732334741,0.9957656832081598,0.9917113507637709,0.004357288800172366,924
1138,6.339406490325928,0.48191510368598905,0.05602729320526123,0.0054998351795537935,0.1,9,sqrt,2,5,650,0.9,"{'learning_rate': 0.1, 'max_depth': 9, 'max_features': 'sqrt', 'min_samples_leaf': 2, 'min_samples_split': 5, 'n_estimators': 650, 'subsample': 0.9}",0.9858951786975421,0.9929475893487711,0.9922368732334741,0.997177133385926,0.9920641936664283,0.004031411180530221,693
1139,6.757276833057404,0.13533377425200702,0.05524975061416626,0.0016396522408868397,0.1,9,sqrt,2,5,650,1.0,"{'learning_rate': 0.1, 'max_depth': 9, 'max_features': 'sqrt', 'min_samples_leaf': 2, 'min_samples_split': 5, 'n_estimators': 650, 'subsample': 1.0}",0.9866003064691244,0.9943581500461534,0.992236734039284,0.997177133385926,0.992593080985122,0.0038784447510865866,319
1140,2.606491208076477,0.11777959488314485,0.027001500129699707,0.002829992301410904,0.1,9,sqrt,2,10,150,0.8,"{'learning_rate': 0.1, 'max_depth': 9, 'max_features': 'sqrt', 'min_samples_leaf': 2, 'min_samples_split': 10, 'n_estimators': 150, 'subsample': 0.8}",0.9830739113827349,0.9943581500461534,0.9915311977049964,0.9978828468761906,0.9917115265025188,0.005471076785445251,887
1141,2.9302374720573425,0.09879776578940562,0.026749610900878906,0.0014772407946236992,0.1,9,sqrt,2,10,150,0.9,"{'learning_rate': 0.1, 'max_depth': 9, 'max_features': 'sqrt', 'min_samples_leaf': 2, 'min_samples_split': 10, 'n_estimators': 150, 'subsample': 0.9}",0.9830735409682778,0.9943581500461534,0.9922368732334741,0.9957656832081598,0.9913585618640163,0.004945534599741568,1057
1142,2.643738806247711,0.2828738957054123,0.02475053071975708,0.002488553148552728,0.1,9,sqrt,2,10,150,1.0,"{'learning_rate': 0.1, 'max_depth': 9, 'max_features': 'sqrt', 'min_samples_leaf': 2, 'min_samples_split': 10, 'n_estimators': 150, 'subsample': 1.0}",0.984484418767507,0.9943581500461534,0.9936484394026853,0.9978828468761906,0.9925934637731341,0.0049487694363173265,216
1143,5.172293543815613,0.29550448082610276,0.05625152587890625,0.009173648099358875,0.1,9,sqrt,2,10,350,0.8,"{'learning_rate': 0.1, 'max_depth': 9, 'max_features': 'sqrt', 'min_samples_leaf': 2, 'min_samples_split': 10, 'n_estimators': 350, 'subsample': 0.8}",0.984484418767507,0.9943581500461534,0.9929426647541637,0.9964714114603177,0.9920641612570356,0.004552760248490995,701
1144,5.813880145549774,0.4504896608325199,0.06174951791763306,0.015368457256780746,0.1,9,sqrt,2,10,350,0.9,"{'learning_rate': 0.1, 'max_depth': 9, 'max_features': 'sqrt', 'min_samples_leaf': 2, 'min_samples_split': 10, 'n_estimators': 350, 'subsample': 0.9}",0.985189812413243,0.9943581500461534,0.9922368732334741,0.997177133385926,0.9922404922696991,0.004431901383837917,578
1145,5.959111988544464,0.33548564482407756,0.05274999141693115,0.004438726537242037,0.1,9,sqrt,2,10,350,1.0,"{'learning_rate': 0.1, 'max_depth': 9, 'max_features': 'sqrt', 'min_samples_leaf': 2, 'min_samples_split': 10, 'n_estimators': 350, 'subsample': 1.0}",0.9866003064691244,0.9943581500461534,0.9950598973131997,0.9964714114603177,0.9931224413221988,0.0038416974046384072,28
1146,6.002189934253693,0.6185324691213079,0.05799823999404907,0.00591541957560638,0.1,9,sqrt,2,10,450,0.8,"{'learning_rate': 0.1, 'max_depth': 9, 'max_features': 'sqrt', 'min_samples_leaf': 2, 'min_samples_split': 10, 'n_estimators': 450, 'subsample': 0.8}",0.9866003064691244,0.9929475893487711,0.9915311977049964,0.997177133385926,0.9920640567272045,0.0037769262777936565,729
1147,6.134704947471619,0.6311391460621445,0.06275075674057007,0.006833562618980141,0.1,9,sqrt,2,10,450,0.9,"{'learning_rate': 0.1, 'max_depth': 9, 'max_features': 'sqrt', 'min_samples_leaf': 2, 'min_samples_split': 10, 'n_estimators': 450, 'subsample': 0.9}",0.9851891641860084,0.9943581500461534,0.9936484394026853,0.9978828510938604,0.9927696511821769,0.0046611209438631425,159
1148,5.535773038864136,0.43737424290967614,0.05074942111968994,0.004968723503942226,0.1,9,sqrt,2,10,450,1.0,"{'learning_rate': 0.1, 'max_depth': 9, 'max_features': 'sqrt', 'min_samples_leaf': 2, 'min_samples_split': 10, 'n_estimators': 450, 'subsample': 1.0}",0.9873056608277879,0.9943581500461534,0.9929426647541637,0.997177133385926,0.9929459022535078,0.0035954865646246484,92
1149,6.500855028629303,0.5400777418030943,0.06899911165237427,0.008690063079085583,0.1,9,sqrt,2,10,650,0.8,"{'learning_rate': 0.1, 'max_depth': 9, 'max_features': 'sqrt', 'min_samples_leaf': 2, 'min_samples_split': 10, 'n_estimators': 650, 'subsample': 0.8}",0.9844840792209213,0.9929475893487711,0.9936483508273879,0.997177133385926,0.9920642881957515,0.004660746436694961,673
1150,6.208359360694885,0.6411630210404955,0.05475038290023804,0.002279596104875991,0.1,9,sqrt,2,10,650,0.9,"{'learning_rate': 0.1, 'max_depth': 9, 'max_features': 'sqrt', 'min_samples_leaf': 2, 'min_samples_split': 10, 'n_estimators': 650, 'subsample': 0.9}",0.984484418767507,0.9936528777649296,0.994354131803331,0.9964714114603177,0.9922407099490214,0.004596728674956863,505
1151,6.3453187346458435,0.4644491715939256,0.05324876308441162,0.0038997227182535686,0.1,9,sqrt,2,10,650,1.0,"{'learning_rate': 0.1, 'max_depth': 9, 'max_features': 'sqrt', 'min_samples_leaf': 2, 'min_samples_split': 10, 'n_estimators': 650, 'subsample': 1.0}",0.9858949261522791,0.9943581500461534,0.9929426647541637,0.997177133385926,0.9925932185846306,0.004156816453251985,298
1152,2.520263195037842,0.22082307922247205,0.02825063467025757,0.004266647639748155,0.1,9,sqrt,4,2,150,0.8,"{'learning_rate': 0.1, 'max_depth': 9, 'max_features': 'sqrt', 'min_samples_leaf': 4, 'min_samples_split': 2, 'n_estimators': 150, 'subsample': 0.8}",0.9858953751153834,0.9950634082973135,0.994354131803331,0.9978828510938604,0.9932989415774721,0.0044735833520561695,7
1153,2.5506535172462463,0.11379859934235183,0.024750351905822754,0.0008288086960734294,0.1,9,sqrt,4,2,150,0.9,"{'learning_rate': 0.1, 'max_depth': 9, 'max_features': 'sqrt', 'min_samples_leaf': 4, 'min_samples_split': 2, 'n_estimators': 150, 'subsample': 0.9}",0.984484418767507,0.9943581500461534,0.9936483508273879,0.9964714114603177,0.9922405827753416,0.004596843849665235,550
1154,2.883884012699127,0.12938032341683556,0.029249370098114014,0.007595414003011661,0.1,9,sqrt,4,2,150,1.0,"{'learning_rate': 0.1, 'max_depth': 9, 'max_features': 'sqrt', 'min_samples_leaf': 4, 'min_samples_split': 2, 'n_estimators': 150, 'subsample': 1.0}",0.985189812413243,0.9943581500461534,0.9922368732334741,0.997177133385926,0.9922404922696991,0.004431901383837917,578
1155,5.395141363143921,0.568589466790379,0.053999125957489014,0.005522485521526007,0.1,9,sqrt,4,2,350,0.8,"{'learning_rate': 0.1, 'max_depth': 9, 'max_features': 'sqrt', 'min_samples_leaf': 4, 'min_samples_split': 2, 'n_estimators': 350, 'subsample': 0.8}",0.9851895177715342,0.9943581500461534,0.9929425522759148,0.9957656832081598,0.9920639758254406,0.0040925524742056645,742
1156,5.4471099972724915,0.3927534896335166,0.05250108242034912,0.002500844300210884,0.1,9,sqrt,4,2,350,0.9,"{'learning_rate': 0.1, 'max_depth': 9, 'max_features': 'sqrt', 'min_samples_leaf': 4, 'min_samples_split': 2, 'n_estimators': 350, 'subsample': 0.9}",0.9851895177715342,0.9943581500461534,0.9936483508273879,0.9964714114603177,0.9924168575263483,0.004299972090983259,438
1157,5.635379374027252,0.6560403816863156,0.05570763349533081,0.010705738084758713,0.1,9,sqrt,4,2,350,1.0,"{'learning_rate': 0.1, 'max_depth': 9, 'max_features': 'sqrt', 'min_samples_leaf': 4, 'min_samples_split': 2, 'n_estimators': 350, 'subsample': 1.0}",0.985189812413243,0.9943581500461534,0.9936483508273879,0.997177133385926,0.9925933616681776,0.004473560798618981,258
1158,6.267416000366211,0.3546510720222419,0.0649905800819397,0.001284381425380224,0.1,9,sqrt,4,2,450,0.8,"{'learning_rate': 0.1, 'max_depth': 9, 'max_features': 'sqrt', 'min_samples_leaf': 4, 'min_samples_split': 2, 'n_estimators': 450, 'subsample': 0.8}",0.985189812413243,0.9929475893487711,0.9936484394026853,0.997177133385926,0.9922407436376564,0.00437506608819885,499
1159,6.569278299808502,0.36622199134580186,0.05999571084976196,0.0017393210087742188,0.1,9,sqrt,4,2,450,0.9,"{'learning_rate': 0.1, 'max_depth': 9, 'max_features': 'sqrt', 'min_samples_leaf': 4, 'min_samples_split': 2, 'n_estimators': 450, 'subsample': 0.9}",0.984484418767507,0.9929475893487711,0.994354131803331,0.9964714114603177,0.9920643878449817,0.004552492741693676,641
1160,5.340386688709259,0.18443258978384877,0.05375117063522339,0.006414176334921404,0.1,9,sqrt,4,2,450,1.0,"{'learning_rate': 0.1, 'max_depth': 9, 'max_features': 'sqrt', 'min_samples_leaf': 4, 'min_samples_split': 2, 'n_estimators': 450, 'subsample': 1.0}",0.9830739113827349,0.9943581500461534,0.9936483508273879,0.997177133385926,0.9920643864105505,0.005355817345415343,642
1161,6.758667528629303,0.5733396545975086,0.06500029563903809,0.003536188824098489,0.1,9,sqrt,4,2,650,0.8,"{'learning_rate': 0.1, 'max_depth': 9, 'max_features': 'sqrt', 'min_samples_leaf': 4, 'min_samples_split': 2, 'n_estimators': 650, 'subsample': 0.8}",0.984484418767507,0.9922424061571363,0.9922368732334741,0.9964714114603177,0.9913587774046089,0.004328616572187184,1039
1162,6.687225639820099,0.5388265720979936,0.05775374174118042,0.005451064897587336,0.1,9,sqrt,4,2,650,0.9,"{'learning_rate': 0.1, 'max_depth': 9, 'max_features': 'sqrt', 'min_samples_leaf': 4, 'min_samples_split': 2, 'n_estimators': 650, 'subsample': 0.9}",0.9866003064691244,0.9929475893487711,0.992236981492171,0.997177133385926,0.9922405026739982,0.0037643764417159297,577
1163,6.44249039888382,0.6006171605776387,0.061000823974609375,0.005788755605701541,0.1,9,sqrt,4,2,650,1.0,"{'learning_rate': 0.1, 'max_depth': 9, 'max_features': 'sqrt', 'min_samples_leaf': 4, 'min_samples_split': 2, 'n_estimators': 650, 'subsample': 1.0}",0.985189812413243,0.9943581500461534,0.9929426647541637,0.9978828510938604,0.9925933695768551,0.004637556754890467,257
1164,2.6568037271499634,0.13728543860352635,0.024546921253204346,0.0011836274136144982,0.1,9,sqrt,4,5,150,0.8,"{'learning_rate': 0.1, 'max_depth': 9, 'max_features': 'sqrt', 'min_samples_leaf': 4, 'min_samples_split': 5, 'n_estimators': 150, 'subsample': 0.8}",0.9837789956545375,0.9943581500461534,0.9929426647541637,0.997177133385926,0.9920642359601952,0.005020473234376637,683
1165,2.4960283637046814,0.19305335555248368,0.025559663772583008,0.0015585965941736857,0.1,9,sqrt,4,5,150,0.9,"{'learning_rate': 0.1, 'max_depth': 9, 'max_features': 'sqrt', 'min_samples_leaf': 4, 'min_samples_split': 5, 'n_estimators': 150, 'subsample': 0.9}",0.9851900481181693,0.9943581500461534,0.9943541992883981,0.997177133385926,0.9927698827096617,0.0045252183127347835,107
1166,2.6041722297668457,0.20020108545505763,0.02775198221206665,0.0022778821506901485,0.1,9,sqrt,4,5,150,1.0,"{'learning_rate': 0.1, 'max_depth': 9, 'max_features': 'sqrt', 'min_samples_leaf': 4, 'min_samples_split': 5, 'n_estimators': 150, 'subsample': 1.0}",0.9837793183573613,0.9943581500461534,0.9936483508273879,0.9971771221387733,0.992240735342419,0.005060343821801002,502
1167,5.485999345779419,0.25775470597837696,0.05650055408477783,0.010162177086498476,0.1,9,sqrt,4,5,350,0.8,"{'learning_rate': 0.1, 'max_depth': 9, 'max_features': 'sqrt', 'min_samples_leaf': 4, 'min_samples_split': 5, 'n_estimators': 350, 'subsample': 0.8}",0.9858951786975421,0.9922424061571363,0.9915311977049964,0.9964714114603177,0.9915350485049981,0.00376417920496637,983
1168,5.5192495584487915,0.4861490693081148,0.05525165796279907,0.00782242589028942,0.1,9,sqrt,4,5,350,0.9,"{'learning_rate': 0.1, 'max_depth': 9, 'max_features': 'sqrt', 'min_samples_leaf': 4, 'min_samples_split': 5, 'n_estimators': 350, 'subsample': 0.9}",0.9830739113827349,0.9943581500461534,0.9922368732334741,0.997177133385926,0.991711517012072,0.00528587407461038,889
1169,5.650190889835358,0.6054874349516596,0.05552893877029419,0.007562600830329112,0.1,9,sqrt,4,5,350,1.0,"{'learning_rate': 0.1, 'max_depth': 9, 'max_features': 'sqrt', 'min_samples_leaf': 4, 'min_samples_split': 5, 'n_estimators': 350, 'subsample': 1.0}",0.9844846965672964,0.9943581500461534,0.9936483508273879,0.997177133385926,0.9924170827066909,0.004766146135367553,360
1170,6.316932141780853,0.410143838785687,0.05875295400619507,0.0042642635362393,0.1,9,sqrt,4,5,450,0.8,"{'learning_rate': 0.1, 'max_depth': 9, 'max_features': 'sqrt', 'min_samples_leaf': 4, 'min_samples_split': 5, 'n_estimators': 450, 'subsample': 0.8}",0.985189812413243,0.9929475893487711,0.9915311977049964,0.997177133385926,0.9917114332132342,0.004300173922834283,907
1171,6.703417003154755,0.34637955505193513,0.0559999942779541,0.003160089851212635,0.1,9,sqrt,4,5,450,0.9,"{'learning_rate': 0.1, 'max_depth': 9, 'max_features': 'sqrt', 'min_samples_leaf': 4, 'min_samples_split': 5, 'n_estimators': 450, 'subsample': 0.9}",0.985189812413243,0.9943581500461534,0.9915311977049964,0.9964714114603177,0.9918876429061776,0.004245654430712789,842
1172,5.659962058067322,0.49461152790942703,0.054748475551605225,0.005400502728386807,0.1,9,sqrt,4,5,450,1.0,"{'learning_rate': 0.1, 'max_depth': 9, 'max_features': 'sqrt', 'min_samples_leaf': 4, 'min_samples_split': 5, 'n_estimators': 450, 'subsample': 1.0}",0.9844840792209213,0.9943581500461534,0.9936483508273879,0.997177133385926,0.9924169283700972,0.004766403001221472,416
1173,6.39384913444519,0.47050409734508003,0.06600111722946167,0.008603766729944241,0.1,9,sqrt,4,5,650,0.8,"{'learning_rate': 0.1, 'max_depth': 9, 'max_features': 'sqrt', 'min_samples_leaf': 4, 'min_samples_split': 5, 'n_estimators': 650, 'subsample': 0.8}",0.9858951786975421,0.992242282692651,0.9922368732334741,0.9964714114603177,0.9917114365209962,0.003776377162329008,906
1174,7.039131581783295,0.35390170703424806,0.0574992299079895,0.00606040688704137,0.1,9,sqrt,4,5,650,0.9,"{'learning_rate': 0.1, 'max_depth': 9, 'max_features': 'sqrt', 'min_samples_leaf': 4, 'min_samples_split': 5, 'n_estimators': 650, 'subsample': 0.9}",0.985189812413243,0.9936528777649296,0.9943541992883981,0.9964714114603177,0.9924170752317221,0.004299727538283916,365
1175,6.559293985366821,0.5477859675426227,0.056750714778900146,0.005672311513404192,0.1,9,sqrt,4,5,650,1.0,"{'learning_rate': 0.1, 'max_depth': 9, 'max_features': 'sqrt', 'min_samples_leaf': 4, 'min_samples_split': 5, 'n_estimators': 650, 'subsample': 1.0}",0.9830735409682778,0.9943581500461534,0.9936483508273879,0.997177133385926,0.9920642938069363,0.005355972793446716,669
1176,2.584680497646332,0.23745890021616242,0.026002168655395508,0.0014145333811484849,0.1,9,sqrt,4,10,150,0.8,"{'learning_rate': 0.1, 'max_depth': 9, 'max_features': 'sqrt', 'min_samples_leaf': 4, 'min_samples_split': 10, 'n_estimators': 150, 'subsample': 0.8}",0.9837793183573613,0.9943581500461534,0.9922368732334741,0.9964714114603177,0.9917114382743266,0.004818117791417417,904
1177,2.440737724304199,0.21425163510817472,0.029000699520111084,0.004526943726772915,0.1,9,sqrt,4,10,150,0.9,"{'learning_rate': 0.1, 'max_depth': 9, 'max_features': 'sqrt', 'min_samples_leaf': 4, 'min_samples_split': 10, 'n_estimators': 150, 'subsample': 0.9}",0.9851900481181693,0.9943581500461534,0.9929426647541637,0.9978828468761906,0.9925934274486693,0.004637461480517468,232
1178,2.622379243373871,0.23182216156227306,0.026750922203063965,0.004764584057832466,0.1,9,sqrt,4,10,150,1.0,"{'learning_rate': 0.1, 'max_depth': 9, 'max_features': 'sqrt', 'min_samples_leaf': 4, 'min_samples_split': 10, 'n_estimators': 150, 'subsample': 1.0}",0.985189812413243,0.9950634082973135,0.994354131803331,0.997177133385926,0.9929461214749534,0.004596933451348857,68
1179,5.4398273229599,0.3725725920555615,0.05349922180175781,0.0026899081938184387,0.1,9,sqrt,4,10,350,0.8,"{'learning_rate': 0.1, 'max_depth': 9, 'max_features': 'sqrt', 'min_samples_leaf': 4, 'min_samples_split': 10, 'n_estimators': 350, 'subsample': 0.8}",0.9844846965672964,0.9936528777649296,0.9922368732334741,0.9957656832081598,0.991535032693465,0.004259797270991091,986
1180,5.635403156280518,0.5622285006164967,0.05775219202041626,0.006178709565216918,0.1,9,sqrt,4,10,350,0.9,"{'learning_rate': 0.1, 'max_depth': 9, 'max_features': 'sqrt', 'min_samples_leaf': 4, 'min_samples_split': 10, 'n_estimators': 350, 'subsample': 0.9}",0.9873054335370511,0.9929475893487711,0.9929425522759148,0.9978828510938604,0.9927696065638995,0.003743796354688906,168
1181,5.981046676635742,0.24553295578478906,0.052749037742614746,0.003699571401161908,0.1,9,sqrt,4,10,350,1.0,"{'learning_rate': 0.1, 'max_depth': 9, 'max_features': 'sqrt', 'min_samples_leaf': 4, 'min_samples_split': 10, 'n_estimators': 350, 'subsample': 1.0}",0.984484418767507,0.9943581500461534,0.9922368732334741,0.997177133385926,0.9920641438582651,0.004714000270167755,707
1182,6.218461692333221,0.20493570238478548,0.06799834966659546,0.006965127336439068,0.1,9,sqrt,4,10,450,0.8,"{'learning_rate': 0.1, 'max_depth': 9, 'max_features': 'sqrt', 'min_samples_leaf': 4, 'min_samples_split': 10, 'n_estimators': 450, 'subsample': 0.8}",0.985189812413243,0.9929475893487711,0.9915308940076741,0.997177133385926,0.9917113572889036,0.004300177107101301,922
1183,6.063995540142059,0.5474803994513965,0.06300091743469238,0.012000600798827657,0.1,9,sqrt,4,10,450,0.9,"{'learning_rate': 0.1, 'max_depth': 9, 'max_features': 'sqrt', 'min_samples_leaf': 4, 'min_samples_split': 10, 'n_estimators': 450, 'subsample': 0.9}",0.9866005197259626,0.9929475893487711,0.9922368732334741,0.997177133385926,0.9922405289235334,0.0037642965868739703,564
1184,5.860406994819641,0.5788448661436995,0.06130671501159668,0.00807688744326294,0.1,9,sqrt,4,10,450,1.0,"{'learning_rate': 0.1, 'max_depth': 9, 'max_features': 'sqrt', 'min_samples_leaf': 4, 'min_samples_split': 10, 'n_estimators': 450, 'subsample': 1.0}",0.9844840792209213,0.9943581500461534,0.9936484394026853,0.997177133385926,0.9924169505139215,0.004766408722332708,413
1185,7.053137302398682,0.28236317837340086,0.07499980926513672,0.009899223351455681,0.1,9,sqrt,4,10,650,0.8,"{'learning_rate': 0.1, 'max_depth': 9, 'max_features': 'sqrt', 'min_samples_leaf': 4, 'min_samples_split': 10, 'n_estimators': 650, 'subsample': 0.8}",0.9858953751153834,0.9936528777649296,0.9915311977049964,0.997177133385926,0.9920641459928089,0.004092813113910012,706
1186,6.260382354259491,0.6261005326116454,0.06224822998046875,0.008699626680344753,0.1,9,sqrt,4,10,650,0.9,"{'learning_rate': 0.1, 'max_depth': 9, 'max_features': 'sqrt', 'min_samples_leaf': 4, 'min_samples_split': 10, 'n_estimators': 650, 'subsample': 0.9}",0.9858949261522791,0.9929475893487711,0.9922368732334741,0.997177133385926,0.9920641305301126,0.004031507794388633,712
1187,6.396904408931732,0.48717271907409154,0.05899918079376221,0.003939247394623381,0.1,9,sqrt,4,10,650,1.0,"{'learning_rate': 0.1, 'max_depth': 9, 'max_features': 'sqrt', 'min_samples_leaf': 4, 'min_samples_split': 10, 'n_estimators': 650, 'subsample': 1.0}",0.984484418767507,0.9943581500461534,0.9936483508273879,0.997177133385926,0.9924170132567436,0.004766261722330028,388
1188,3.6238521337509155,0.1786513001997325,0.0292510986328125,0.0029481635781630094,0.1,9,log2,1,2,150,0.8,"{'learning_rate': 0.1, 'max_depth': 9, 'max_features': 'log2', 'min_samples_leaf': 1, 'min_samples_split': 2, 'n_estimators': 150, 'subsample': 0.8}",0.9851902248919406,0.9943581500461534,0.9915311977049964,0.9978828510938604,0.9922406059342377,0.004651076659884567,541
1189,3.708710491657257,0.4223118267730163,0.027499735355377197,0.002873349370747863,0.1,9,log2,1,2,150,0.9,"{'learning_rate': 0.1, 'max_depth': 9, 'max_features': 'log2', 'min_samples_leaf': 1, 'min_samples_split': 2, 'n_estimators': 150, 'subsample': 0.9}",0.9837795765103758,0.9943581500461534,0.9915310627310978,0.9964714114603177,0.9915350501869862,0.004808454618795868,982
1190,3.9647815227508545,0.34671564491278256,0.03225255012512207,0.003633043278265507,0.1,9,log2,1,2,150,1.0,"{'learning_rate': 0.1, 'max_depth': 9, 'max_features': 'log2', 'min_samples_leaf': 1, 'min_samples_split': 2, 'n_estimators': 150, 'subsample': 1.0}",0.9866006796641367,0.9943581500461534,0.9929426647541637,0.9964714114603177,0.992593226481193,0.0036806248920424342,293
1191,6.638339459896088,0.5387780596248801,0.05300015211105347,0.0032419567654678625,0.1,9,log2,1,2,350,0.8,"{'learning_rate': 0.1, 'max_depth': 9, 'max_features': 'log2', 'min_samples_leaf': 1, 'min_samples_split': 2, 'n_estimators': 350, 'subsample': 0.8}",0.9866003064691244,0.9943581500461534,0.9915310627310978,0.9971771221387733,0.9924166603462872,0.003906585282981215,458
1192,7.009829998016357,0.7371204388880818,0.05549854040145874,0.004769431530969286,0.1,9,log2,1,2,350,0.9,"{'learning_rate': 0.1, 'max_depth': 9, 'max_features': 'log2', 'min_samples_leaf': 1, 'min_samples_split': 2, 'n_estimators': 350, 'subsample': 0.9}",0.9866005197259626,0.9943581500461534,0.9929425522759148,0.9964714114603177,0.9925931583770871,0.0036806873226664415,309
1193,6.821327030658722,0.6379351864326136,0.05174773931503296,0.0049182227238068164,0.1,9,log2,1,2,350,1.0,"{'learning_rate': 0.1, 'max_depth': 9, 'max_features': 'log2', 'min_samples_leaf': 1, 'min_samples_split': 2, 'n_estimators': 350, 'subsample': 1.0}",0.985189812413243,0.9943581500461534,0.9922368732334741,0.997177133385926,0.9922404922696991,0.004431901383837917,578
1194,6.908949017524719,0.37638466324509,0.053749144077301025,0.00822433942933337,0.1,9,log2,1,2,450,0.8,"{'learning_rate': 0.1, 'max_depth': 9, 'max_features': 'log2', 'min_samples_leaf': 1, 'min_samples_split': 2, 'n_estimators': 450, 'subsample': 0.8}",0.985189812413243,0.9936528777649296,0.9922368732334741,0.9964714114603177,0.9918877437179912,0.004156617716287277,825
1195,7.052172839641571,0.5952633501381406,0.047999799251556396,0.002448484909121574,0.1,9,log2,1,2,450,0.9,"{'learning_rate': 0.1, 'max_depth': 9, 'max_features': 'log2', 'min_samples_leaf': 1, 'min_samples_split': 2, 'n_estimators': 450, 'subsample': 0.9}",0.9866005197259626,0.9943581500461534,0.992236734039284,0.9957656832081598,0.9922402717548899,0.003490012529872665,612
1196,6.796326518058777,0.613185685028299,0.05004990100860596,0.007092315065146559,0.1,9,log2,1,2,450,1.0,"{'learning_rate': 0.1, 'max_depth': 9, 'max_features': 'log2', 'min_samples_leaf': 1, 'min_samples_split': 2, 'n_estimators': 450, 'subsample': 1.0}",0.9851900481181693,0.9943581500461534,0.9936483508273879,0.9978828510938604,0.9927698500213927,0.004660757381959328,112
1197,7.357160270214081,0.7274875950207199,0.05524742603302002,0.005717165707398666,0.1,9,log2,1,2,650,0.8,"{'learning_rate': 0.1, 'max_depth': 9, 'max_features': 'log2', 'min_samples_leaf': 1, 'min_samples_split': 2, 'n_estimators': 650, 'subsample': 0.8}",0.9858949261522791,0.9936528777649296,0.9922368732334741,0.9964714114603177,0.9920640221527501,0.0038741826758669313,736
1198,7.258224546909332,0.5381762907494598,0.06324964761734009,0.011233908912574229,0.1,9,log2,1,2,650,0.9,"{'learning_rate': 0.1, 'max_depth': 9, 'max_features': 'log2', 'min_samples_leaf': 1, 'min_samples_split': 2, 'n_estimators': 650, 'subsample': 0.9}",0.984484418767507,0.9943581500461534,0.994354131803331,0.997177133385926,0.9925934585007293,0.004821325221791865,217
1199,7.145226538181305,0.7388622528595288,0.05425059795379639,0.010662002286103986,0.1,9,log2,1,2,650,1.0,"{'learning_rate': 0.1, 'max_depth': 9, 'max_features': 'log2', 'min_samples_leaf': 1, 'min_samples_split': 2, 'n_estimators': 650, 'subsample': 1.0}",0.9866003064691244,0.9943581500461534,0.992236981492171,0.997177133385926,0.9925931428483437,0.0038784390686424372,310
1200,3.097113251686096,0.2409282898457601,0.027722656726837158,0.0018601460123022565,0.1,9,log2,1,5,150,0.8,"{'learning_rate': 0.1, 'max_depth': 9, 'max_features': 'log2', 'min_samples_leaf': 1, 'min_samples_split': 5, 'n_estimators': 150, 'subsample': 0.8}",0.9837789956545375,0.9950634082973135,0.9936484394026853,0.9978828468761906,0.9925934225576818,0.005312391677703433,234
1201,3.1678656339645386,0.2366738311536306,0.03150367736816406,0.007432070671508913,0.1,9,log2,1,5,150,0.9,"{'learning_rate': 0.1, 'max_depth': 9, 'max_features': 'log2', 'min_samples_leaf': 1, 'min_samples_split': 5, 'n_estimators': 150, 'subsample': 0.9}",0.9830739113827349,0.9943581500461534,0.992236981492171,0.997177133385926,0.9917115440767463,0.005285876764740699,884
1202,3.175406575202942,0.2904597127436826,0.028249084949493408,0.0025873828267607844,0.1,9,log2,1,5,150,1.0,"{'learning_rate': 0.1, 'max_depth': 9, 'max_features': 'log2', 'min_samples_leaf': 1, 'min_samples_split': 5, 'n_estimators': 150, 'subsample': 1.0}",0.9830739113827349,0.9950634082973135,0.9908253956395603,0.997177133385926,0.9915349621763837,0.005393906126106028,992
1203,6.33774608373642,0.6648077761535538,0.05486750602722168,0.0038993367322246123,0.1,9,log2,1,5,350,0.8,"{'learning_rate': 0.1, 'max_depth': 9, 'max_features': 'log2', 'min_samples_leaf': 1, 'min_samples_split': 5, 'n_estimators': 350, 'subsample': 0.8}",0.988010991333756,0.9936528777649296,0.9936484394026853,0.997177133385926,0.9931223604718242,0.003283499866389096,33
1204,5.697099506855011,0.4413535359776137,0.048958778381347656,0.0028425098763110424,0.1,9,log2,1,5,350,0.9,"{'learning_rate': 0.1, 'max_depth': 9, 'max_features': 'log2', 'min_samples_leaf': 1, 'min_samples_split': 5, 'n_estimators': 350, 'subsample': 0.9}",0.9851895177715342,0.9943581500461534,0.9943541992883981,0.9964714114603177,0.9925933196416008,0.004360940316403645,281
1205,6.059515833854675,0.31625877867496743,0.04550278186798096,0.003573476856127411,0.1,9,log2,1,5,350,1.0,"{'learning_rate': 0.1, 'max_depth': 9, 'max_features': 'log2', 'min_samples_leaf': 1, 'min_samples_split': 5, 'n_estimators': 350, 'subsample': 1.0}",0.9858949261522791,0.9943581500461534,0.9929426647541637,0.9964714114603177,0.9924167881032284,0.003969259575806618,445
1206,6.859256207942963,0.2782208825425079,0.06000041961669922,0.006518995341049691,0.1,9,log2,1,5,450,0.8,"{'learning_rate': 0.1, 'max_depth': 9, 'max_features': 'log2', 'min_samples_leaf': 1, 'min_samples_split': 5, 'n_estimators': 450, 'subsample': 0.8}",0.9858951786975421,0.9943581500461534,0.9936483508273879,0.997177133385926,0.9927697032392524,0.00418269389911797,149
1207,6.42109876871109,0.36619604876295575,0.05674898624420166,0.006299865361527247,0.1,9,log2,1,5,450,0.9,"{'learning_rate': 0.1, 'max_depth': 9, 'max_features': 'log2', 'min_samples_leaf': 1, 'min_samples_split': 5, 'n_estimators': 450, 'subsample': 0.9}",0.9851895177715342,0.9936528777649296,0.9922368732334741,0.9964714114603177,0.9918876700575638,0.004156736412210112,840
1208,5.875689446926117,0.4320811551258617,0.047807395458221436,0.005030805494876174,0.1,9,log2,1,5,450,1.0,"{'learning_rate': 0.1, 'max_depth': 9, 'max_features': 'log2', 'min_samples_leaf': 1, 'min_samples_split': 5, 'n_estimators': 450, 'subsample': 1.0}",0.9858949261522791,0.9950634082973135,0.9936485026692425,0.997177133385926,0.9929459926261903,0.004260195419024752,82
1209,6.917172372341156,0.7423721962206239,0.056500375270843506,0.0033530329228656894,0.1,9,log2,1,5,650,0.8,"{'learning_rate': 0.1, 'max_depth': 9, 'max_features': 'log2', 'min_samples_leaf': 1, 'min_samples_split': 5, 'n_estimators': 650, 'subsample': 0.8}",0.985189812413243,0.9936528777649296,0.9922368732334741,0.9957656832081598,0.9917113116549516,0.003969060814075047,930
1210,6.513553082942963,0.7909947648348921,0.05175352096557617,0.003268436269952599,0.1,9,log2,1,5,650,0.9,"{'learning_rate': 0.1, 'max_depth': 9, 'max_features': 'log2', 'min_samples_leaf': 1, 'min_samples_split': 5, 'n_estimators': 650, 'subsample': 0.9}",0.985189812413243,0.9943581500461534,0.9922368732334741,0.9964714114603177,0.992064061788297,0.004241837465424329,725
1211,6.623110771179199,0.17951867576245048,0.048749446868896484,0.0042637634604611495,0.1,9,log2,1,5,650,1.0,"{'learning_rate': 0.1, 'max_depth': 9, 'max_features': 'log2', 'min_samples_leaf': 1, 'min_samples_split': 5, 'n_estimators': 650, 'subsample': 1.0}",0.9866000398885311,0.9943581500461534,0.9922368732334741,0.997177133385926,0.9925930491385211,0.003878544532012997,320
1212,2.833350419998169,0.2917377865363281,0.023999571800231934,0.0007069722469981045,0.1,9,log2,1,10,150,0.8,"{'learning_rate': 0.1, 'max_depth': 9, 'max_features': 'log2', 'min_samples_leaf': 1, 'min_samples_split': 10, 'n_estimators': 150, 'subsample': 0.8}",0.9830735409682778,0.9950634082973135,0.9915310627310978,0.9971771221387733,0.9917112835338657,0.005379479720468737,935
1213,2.7520278096199036,0.19706933361717882,0.024999380111694336,0.001580308583916603,0.1,9,log2,1,10,150,0.9,"{'learning_rate': 0.1, 'max_depth': 9, 'max_features': 'log2', 'min_samples_leaf': 1, 'min_samples_split': 10, 'n_estimators': 150, 'subsample': 0.9}",0.9823680526023909,0.9943581500461534,0.9936484394026853,0.997177133385926,0.9918879438592889,0.005652546296930969,781
1214,2.7785815000534058,0.19433718662408903,0.028748393058776855,0.0023837514094183043,0.1,9,log2,1,10,150,1.0,"{'learning_rate': 0.1, 'max_depth': 9, 'max_features': 'log2', 'min_samples_leaf': 1, 'min_samples_split': 10, 'n_estimators': 150, 'subsample': 1.0}",0.985189812413243,0.9943581500461534,0.9929427491104976,0.997177133385926,0.9924169612389551,0.004442285050760531,408
1215,5.605831682682037,0.338945121711054,0.05974936485290527,0.013497910147645726,0.1,9,log2,1,10,350,0.8,"{'learning_rate': 0.1, 'max_depth': 9, 'max_features': 'log2', 'min_samples_leaf': 1, 'min_samples_split': 10, 'n_estimators': 350, 'subsample': 0.8}",0.9837789956545375,0.9929476875576917,0.9929426647541637,0.9957656832081598,0.9913587577936382,0.004525131068521578,1044
1216,6.030275225639343,0.3452933795343876,0.04874765872955322,0.000827804353586572,0.1,9,log2,1,10,350,0.9,"{'learning_rate': 0.1, 'max_depth': 9, 'max_features': 'log2', 'min_samples_leaf': 1, 'min_samples_split': 10, 'n_estimators': 350, 'subsample': 0.9}",0.984484418767507,0.9929475893487711,0.992236981492171,0.997177133385926,0.9917115307485938,0.0045800627485706544,886
1217,5.504274010658264,0.5147802186591146,0.050498783588409424,0.004330604741285859,0.1,9,log2,1,10,350,1.0,"{'learning_rate': 0.1, 'max_depth': 9, 'max_features': 'log2', 'min_samples_leaf': 1, 'min_samples_split': 10, 'n_estimators': 350, 'subsample': 1.0}",0.984484418767507,0.9943581500461534,0.9929427491104976,0.997177133385926,0.992240612827521,0.004730347258719919,540
1218,6.32578182220459,0.5479109805146094,0.05849844217300415,0.0036379983580831655,0.1,9,log2,1,10,450,0.8,"{'learning_rate': 0.1, 'max_depth': 9, 'max_features': 'log2', 'min_samples_leaf': 1, 'min_samples_split': 10, 'n_estimators': 450, 'subsample': 0.8}",0.9851891641860084,0.9943581500461534,0.9922368732334741,0.997177133385926,0.9922403302128905,0.004432159200232344,608
1219,6.110350668430328,0.32934791991174894,0.053249359130859375,0.006533956376944271,0.1,9,log2,1,10,450,0.9,"{'learning_rate': 0.1, 'max_depth': 9, 'max_features': 'log2', 'min_samples_leaf': 1, 'min_samples_split': 10, 'n_estimators': 450, 'subsample': 0.9}",0.985189812413243,0.9936528777649296,0.9915311977049964,0.9964714114603177,0.9917113248358718,0.004153029692596147,927
1220,5.629870295524597,0.4013775622926847,0.05675011873245239,0.006940924638796441,0.1,9,log2,1,10,450,1.0,"{'learning_rate': 0.1, 'max_depth': 9, 'max_features': 'log2', 'min_samples_leaf': 1, 'min_samples_split': 10, 'n_estimators': 450, 'subsample': 1.0}",0.984484418767507,0.9943581500461534,0.9929425522759148,0.997177133385926,0.9922405636188754,0.004730339955330096,558
1221,6.113328695297241,0.4526535648238618,0.05926603078842163,0.0024731172160550492,0.1,9,log2,1,10,650,0.8,"{'learning_rate': 0.1, 'max_depth': 9, 'max_features': 'log2', 'min_samples_leaf': 1, 'min_samples_split': 10, 'n_estimators': 650, 'subsample': 0.8}",0.9837789956545375,0.9929475893487711,0.992236981492171,0.9964714114603177,0.9913587444889493,0.004660678174238652,1048
1222,6.652480602264404,0.38848813693894796,0.05549955368041992,0.00743168594723738,0.1,9,log2,1,10,650,0.9,"{'learning_rate': 0.1, 'max_depth': 9, 'max_features': 'log2', 'min_samples_leaf': 1, 'min_samples_split': 10, 'n_estimators': 650, 'subsample': 0.9}",0.9837789956545375,0.9943581500461534,0.994354131803331,0.997177133385926,0.992417102722487,0.00511846002248199,356
1223,5.93705952167511,0.3758597723932623,0.05425149202346802,0.007013571199486825,0.1,9,log2,1,10,650,1.0,"{'learning_rate': 0.1, 'max_depth': 9, 'max_features': 'log2', 'min_samples_leaf': 1, 'min_samples_split': 10, 'n_estimators': 650, 'subsample': 1.0}",0.984484418767507,0.9950634082973135,0.992236981492171,0.997177133385926,0.9922404854857294,0.00480874123098147,586
1224,3.201253592967987,0.1993909131201182,0.026748955249786377,0.0025867033318028735,0.1,9,log2,2,2,150,0.8,"{'learning_rate': 0.1, 'max_depth': 9, 'max_features': 'log2', 'min_samples_leaf': 2, 'min_samples_split': 2, 'n_estimators': 150, 'subsample': 0.8}",0.984484418767507,0.9943581500461534,0.9929426647541637,0.9964714114603177,0.9920641612570356,0.004552760248490995,701
1225,3.334705352783203,0.3446727475162143,0.03150057792663574,0.004553866026981353,0.1,9,log2,2,2,150,0.9,"{'learning_rate': 0.1, 'max_depth': 9, 'max_features': 'log2', 'min_samples_leaf': 2, 'min_samples_split': 2, 'n_estimators': 150, 'subsample': 0.9}",0.9866005197259626,0.9943581500461534,0.9929427491104976,0.997177133385926,0.9927696380671349,0.0038741893937110365,164
1226,3.2273887395858765,0.36330971967758036,0.026748299598693848,0.004206806758136056,0.1,9,log2,2,2,150,1.0,"{'learning_rate': 0.1, 'max_depth': 9, 'max_features': 'log2', 'min_samples_leaf': 2, 'min_samples_split': 2, 'n_estimators': 150, 'subsample': 1.0}",0.9844846965672964,0.9943581500461534,0.9929427491104976,0.997177133385926,0.9922406822774683,0.004730233384095414,514
1227,6.354358971118927,0.32393111102733946,0.0592496395111084,0.011164833799907145,0.1,9,log2,2,2,350,0.8,"{'learning_rate': 0.1, 'max_depth': 9, 'max_features': 'log2', 'min_samples_leaf': 2, 'min_samples_split': 2, 'n_estimators': 350, 'subsample': 0.8}",0.985189812413243,0.9950634082973135,0.9929426647541637,0.9957656832081598,0.99224039216822,0.004201218830519962,602
1228,5.703077793121338,0.3289934946410032,0.04824882745742798,0.0019218325633415271,0.1,9,log2,2,2,350,0.9,"{'learning_rate': 0.1, 'max_depth': 9, 'max_features': 'log2', 'min_samples_leaf': 2, 'min_samples_split': 2, 'n_estimators': 350, 'subsample': 0.9}",0.9844846965672964,0.9943581500461534,0.9936483508273879,0.997177133385926,0.9924170827066909,0.004766146135367553,360
1229,6.462853848934174,0.3241857592287256,0.054751455783843994,0.003346788702197287,0.1,9,log2,2,2,350,1.0,"{'learning_rate': 0.1, 'max_depth': 9, 'max_features': 'log2', 'min_samples_leaf': 2, 'min_samples_split': 2, 'n_estimators': 350, 'subsample': 1.0}",0.9866003064691244,0.9943581500461534,0.9936483508273879,0.997177133385926,0.9929459851821479,0.0038941552535177062,83
1230,6.051832318305969,0.48710151786387396,0.05274784564971924,0.001298669354285806,0.1,9,log2,2,2,450,0.8,"{'learning_rate': 0.1, 'max_depth': 9, 'max_features': 'log2', 'min_samples_leaf': 2, 'min_samples_split': 2, 'n_estimators': 450, 'subsample': 0.8}",0.985189812413243,0.9936528777649296,0.9922368732334741,0.9964714114603177,0.9918877437179912,0.004156617716287277,825
1231,6.927308738231659,0.35850538882776684,0.05883455276489258,0.006291606776391342,0.1,9,log2,2,2,450,0.9,"{'learning_rate': 0.1, 'max_depth': 9, 'max_features': 'log2', 'min_samples_leaf': 2, 'min_samples_split': 2, 'n_estimators': 450, 'subsample': 0.9}",0.985189812413243,0.9943581500461534,0.9915310627310978,0.997177133385926,0.9920640396441051,0.004442570611728035,733
1232,5.950583577156067,0.40945721020417564,0.05259174108505249,0.012007694050107445,0.1,9,log2,2,2,450,1.0,"{'learning_rate': 0.1, 'max_depth': 9, 'max_features': 'log2', 'min_samples_leaf': 2, 'min_samples_split': 2, 'n_estimators': 450, 'subsample': 1.0}",0.9858949261522791,0.9943581500461534,0.994354131803331,0.9978828510938604,0.993122514773906,0.004414252886835405,23
1233,7.040440261363983,0.3114359602456677,0.05624949932098389,0.0017843598039480057,0.1,9,log2,2,2,650,0.8,"{'learning_rate': 0.1, 'max_depth': 9, 'max_features': 'log2', 'min_samples_leaf': 2, 'min_samples_split': 2, 'n_estimators': 650, 'subsample': 0.8}",0.985189812413243,0.9929475893487711,0.9908253956395603,0.997177133385926,0.9915349826968751,0.0043183915313208514,990
1234,6.759627878665924,0.6900286762760982,0.06099957227706909,0.0135985259930753,0.1,9,log2,2,2,650,0.9,"{'learning_rate': 0.1, 'max_depth': 9, 'max_features': 'log2', 'min_samples_leaf': 2, 'min_samples_split': 2, 'n_estimators': 650, 'subsample': 0.9}",0.9844840792209213,0.9936528777649296,0.9915311977049964,0.997177133385926,0.9917113220191933,0.0046343881970613175,928
1235,7.074038088321686,0.8400080087468473,0.06374716758728027,0.009415364103008222,0.1,9,log2,2,2,650,1.0,"{'learning_rate': 0.1, 'max_depth': 9, 'max_features': 'log2', 'min_samples_leaf': 2, 'min_samples_split': 2, 'n_estimators': 650, 'subsample': 1.0}",0.9837789956545375,0.9936528777649296,0.9936483508273879,0.997177133385926,0.9920643394081953,0.004995501217644317,654
1236,3.105943024158478,0.1705029985069864,0.030501604080200195,0.0051721033527731405,0.1,9,log2,2,5,150,0.8,"{'learning_rate': 0.1, 'max_depth': 9, 'max_features': 'log2', 'min_samples_leaf': 2, 'min_samples_split': 5, 'n_estimators': 150, 'subsample': 0.8}",0.9823684735375408,0.9943581500461534,0.992236981492171,0.9971771221387733,0.9915351818036597,0.005574982145308571,969
1237,2.885843813419342,0.28363513072640706,0.02675020694732666,0.0010911799446737737,0.1,9,log2,2,5,150,0.9,"{'learning_rate': 0.1, 'max_depth': 9, 'max_features': 'log2', 'min_samples_leaf': 2, 'min_samples_split': 5, 'n_estimators': 150, 'subsample': 0.9}",0.984484418767507,0.9943581500461534,0.9929426647541637,0.9971771221387733,0.9922405889266495,0.0047303411942054355,547
1238,3.4861254692077637,0.41849458862942923,0.028500020503997803,0.0033544189376535955,0.1,9,log2,2,5,150,1.0,"{'learning_rate': 0.1, 'max_depth': 9, 'max_features': 'log2', 'min_samples_leaf': 2, 'min_samples_split': 5, 'n_estimators': 150, 'subsample': 1.0}",0.9837793183573613,0.9943581500461534,0.9943541992883981,0.997177133385926,0.9924172002694597,0.005118330255942945,337
1239,6.0778449177742,0.7220364171144149,0.055749714374542236,0.00496930856049798,0.1,9,log2,2,5,350,0.8,"{'learning_rate': 0.1, 'max_depth': 9, 'max_features': 'log2', 'min_samples_leaf': 2, 'min_samples_split': 5, 'n_estimators': 350, 'subsample': 0.8}",0.9866003064691244,0.9943581500461534,0.992236981492171,0.997177133385926,0.9925931428483437,0.0038784390686424372,310
1240,6.591223955154419,0.5830979226790912,0.05725109577178955,0.006379007446605668,0.1,9,log2,2,5,350,0.9,"{'learning_rate': 0.1, 'max_depth': 9, 'max_features': 'log2', 'min_samples_leaf': 2, 'min_samples_split': 5, 'n_estimators': 350, 'subsample': 0.9}",0.9844840792209213,0.9936528777649296,0.9922368732334741,0.9978828510938604,0.9920641703282963,0.004844291606115452,698
1241,6.2345831990242,0.6110606135791988,0.04999983310699463,0.003740940923185818,0.1,9,log2,2,5,350,1.0,"{'learning_rate': 0.1, 'max_depth': 9, 'max_features': 'log2', 'min_samples_leaf': 2, 'min_samples_split': 5, 'n_estimators': 350, 'subsample': 1.0}",0.984484418767507,0.9943581500461534,0.9929426647541637,0.997177133385926,0.9922405917384376,0.004730344128558928,546
1242,6.415597558021545,0.7883556407504344,0.06249886751174927,0.009068123795956964,0.1,9,log2,2,5,450,0.8,"{'learning_rate': 0.1, 'max_depth': 9, 'max_features': 'log2', 'min_samples_leaf': 2, 'min_samples_split': 5, 'n_estimators': 450, 'subsample': 0.8}",0.9858951786975421,0.9936528777649296,0.9929427491104976,0.9957656832081598,0.9920641221952823,0.0037099038844218275,714
1243,6.823730409145355,0.42301498945563276,0.06299954652786255,0.010369722775675983,0.1,9,log2,2,5,450,0.9,"{'learning_rate': 0.1, 'max_depth': 9, 'max_features': 'log2', 'min_samples_leaf': 2, 'min_samples_split': 5, 'n_estimators': 450, 'subsample': 0.9}",0.9851895177715342,0.9936528777649296,0.9936483508273879,0.9978828510938604,0.992593399364428,0.0046106176188748915,240
1244,6.153324663639069,0.8298728030491374,0.054533183574676514,0.008766434887309143,0.1,9,log2,2,5,450,1.0,"{'learning_rate': 0.1, 'max_depth': 9, 'max_features': 'log2', 'min_samples_leaf': 2, 'min_samples_split': 5, 'n_estimators': 450, 'subsample': 1.0}",0.9866005197259626,0.9943581500461534,0.994354131803331,0.9978828510938604,0.9932989131673269,0.004126633941387966,8
1245,7.052847623825073,0.565089705977361,0.06075000762939453,0.005674720342636604,0.1,9,log2,2,5,650,0.8,"{'learning_rate': 0.1, 'max_depth': 9, 'max_features': 'log2', 'min_samples_leaf': 2, 'min_samples_split': 5, 'n_estimators': 650, 'subsample': 0.8}",0.985189812413243,0.9936528777649296,0.9922368732334741,0.9978828510938604,0.9922406036263768,0.004570096973090031,542
1246,6.735845148563385,0.48406476877861415,0.05733299255371094,0.005829561717621514,0.1,9,log2,2,5,650,0.9,"{'learning_rate': 0.1, 'max_depth': 9, 'max_features': 'log2', 'min_samples_leaf': 2, 'min_samples_split': 5, 'n_estimators': 650, 'subsample': 0.9}",0.9844846965672964,0.9936528777649296,0.992236981492171,0.997177133385926,0.9918879223025807,0.004637359573983624,788
1247,6.415676951408386,0.37385897510364474,0.05474984645843506,0.005760917842209753,0.1,9,log2,2,5,650,1.0,"{'learning_rate': 0.1, 'max_depth': 9, 'max_features': 'log2', 'min_samples_leaf': 2, 'min_samples_split': 5, 'n_estimators': 650, 'subsample': 1.0}",0.9858951786975421,0.9943581500461534,0.9936483508273879,0.9978828510938604,0.992946132666236,0.0043753298198343765,67
1248,2.76323264837265,0.1893742298399181,0.030749797821044922,0.005447785835511564,0.1,9,log2,2,10,150,0.8,"{'learning_rate': 0.1, 'max_depth': 9, 'max_features': 'log2', 'min_samples_leaf': 2, 'min_samples_split': 10, 'n_estimators': 150, 'subsample': 0.8}",0.9844846965672964,0.9950634082973135,0.9936484394026853,0.9964714114603177,0.9924169889319032,0.004687206255226092,400
1249,2.8475714921951294,0.2492826646474596,0.028497517108917236,0.003500691627911079,0.1,9,log2,2,10,150,0.9,"{'learning_rate': 0.1, 'max_depth': 9, 'max_features': 'log2', 'min_samples_leaf': 2, 'min_samples_split': 10, 'n_estimators': 150, 'subsample': 0.9}",0.9837789956545375,0.9943581500461534,0.9929426647541637,0.9964714114603177,0.9918878054787932,0.0048471014774846,816
1250,3.058481991291046,0.05229968989989354,0.03125131130218506,0.00511752599694716,0.1,9,log2,2,10,150,1.0,"{'learning_rate': 0.1, 'max_depth': 9, 'max_features': 'log2', 'min_samples_leaf': 2, 'min_samples_split': 10, 'n_estimators': 150, 'subsample': 1.0}",0.9837793183573613,0.9943581500461534,0.9936484394026853,0.9964714114603177,0.9920643298166294,0.004894762453897671,656
1251,5.8881747126579285,0.4089827640208772,0.05567055940628052,0.004217881513672373,0.1,9,log2,2,10,350,0.8,"{'learning_rate': 0.1, 'max_depth': 9, 'max_features': 'log2', 'min_samples_leaf': 2, 'min_samples_split': 10, 'n_estimators': 350, 'subsample': 0.8}",0.9844840792209213,0.9936528777649296,0.9915311977049964,0.997177133385926,0.9917113220191933,0.0046343881970613175,928
1252,5.619033336639404,0.32082224414721394,0.05431544780731201,0.0037093360011440277,0.1,9,log2,2,10,350,0.9,"{'learning_rate': 0.1, 'max_depth': 9, 'max_features': 'log2', 'min_samples_leaf': 2, 'min_samples_split': 10, 'n_estimators': 350, 'subsample': 0.9}",0.984484418767507,0.9943581500461534,0.9915311977049964,0.9964714114603177,0.9917112944947437,0.004525613921518642,933
1253,5.861137211322784,0.5013957072139265,0.055750370025634766,0.004323631831429813,0.1,9,log2,2,10,350,1.0,"{'learning_rate': 0.1, 'max_depth': 9, 'max_features': 'log2', 'min_samples_leaf': 2, 'min_samples_split': 10, 'n_estimators': 350, 'subsample': 1.0}",0.9851895177715342,0.9943581500461534,0.9929427491104976,0.9964714114603177,0.9922404570971257,0.004260121996345698,591
1254,6.454014599323273,0.5782210202309147,0.06075555086135864,0.007016921215449115,0.1,9,log2,2,10,450,0.8,"{'learning_rate': 0.1, 'max_depth': 9, 'max_features': 'log2', 'min_samples_leaf': 2, 'min_samples_split': 10, 'n_estimators': 450, 'subsample': 0.8}",0.9858951786975421,0.9936528777649296,0.9929425522759148,0.9957656832081598,0.9920640729866366,0.003709892231161367,723
1255,6.54260516166687,0.3402215349281528,0.054763078689575195,0.0014720976144055964,0.1,9,log2,2,10,450,0.9,"{'learning_rate': 0.1, 'max_depth': 9, 'max_features': 'log2', 'min_samples_leaf': 2, 'min_samples_split': 10, 'n_estimators': 450, 'subsample': 0.9}",0.9844840792209213,0.9929475893487711,0.9929425522759148,0.9964714114603177,0.9917114080764813,0.004414062040182011,913
1256,5.771405518054962,0.36160578663711684,0.051324665546417236,0.0017808896314578785,0.1,9,log2,2,10,450,1.0,"{'learning_rate': 0.1, 'max_depth': 9, 'max_features': 'log2', 'min_samples_leaf': 2, 'min_samples_split': 10, 'n_estimators': 450, 'subsample': 1.0}",0.9866003064691244,0.9936528777649296,0.9936483508273879,0.997177133385926,0.992769667111842,0.0038418392674210364,156
1257,6.246305286884308,0.3712996572720692,0.06099969148635864,0.0018683718566684868,0.1,9,log2,2,10,650,0.8,"{'learning_rate': 0.1, 'max_depth': 9, 'max_features': 'log2', 'min_samples_leaf': 2, 'min_samples_split': 10, 'n_estimators': 650, 'subsample': 0.8}",0.9837789956545375,0.9943581500461534,0.992236981492171,0.9964714114603177,0.991711384663295,0.004818253561018049,916
1258,6.334889233112335,0.5188850109244734,0.057998061180114746,0.005788178734036878,0.1,9,log2,2,10,650,0.9,"{'learning_rate': 0.1, 'max_depth': 9, 'max_features': 'log2', 'min_samples_leaf': 2, 'min_samples_split': 10, 'n_estimators': 650, 'subsample': 0.9}",0.9851895177715342,0.9943581500461534,0.9915311977049964,0.9964714114603177,0.9918875692457505,0.004245770635752665,847
1259,6.047601819038391,0.45809563942878373,0.05775171518325806,0.011543120570312825,0.1,9,log2,2,10,650,1.0,"{'learning_rate': 0.1, 'max_depth': 9, 'max_features': 'log2', 'min_samples_leaf': 2, 'min_samples_split': 10, 'n_estimators': 650, 'subsample': 1.0}",0.9844840792209213,0.9943581500461534,0.994354131803331,0.9978828510938604,0.9927698030410665,0.004995733766160093,118
1260,2.761438488960266,0.14091786383305427,0.028251290321350098,0.0004339603423997236,0.1,9,log2,4,2,150,0.8,"{'learning_rate': 0.1, 'max_depth': 9, 'max_features': 'log2', 'min_samples_leaf': 4, 'min_samples_split': 2, 'n_estimators': 150, 'subsample': 0.8}",0.9844849126269217,0.9936528777649296,0.9929426647541637,0.997177133385926,0.9920643971329852,0.004660560108566994,639
1261,2.6796697974205017,0.16662482986331667,0.02652198076248169,0.0038696028322699745,0.1,9,log2,4,2,150,0.9,"{'learning_rate': 0.1, 'max_depth': 9, 'max_features': 'log2', 'min_samples_leaf': 4, 'min_samples_split': 2, 'n_estimators': 150, 'subsample': 0.9}",0.987305837603845,0.9943581500461534,0.9915311977049964,0.9964713903718013,0.992416643931699,0.0034320100170016966,460
1262,2.777639627456665,0.2603319381021769,0.025750339031219482,0.0012975789985690354,0.1,9,log2,4,2,150,1.0,"{'learning_rate': 0.1, 'max_depth': 9, 'max_features': 'log2', 'min_samples_leaf': 4, 'min_samples_split': 2, 'n_estimators': 150, 'subsample': 1.0}",0.9851900481181693,0.9936528777649296,0.9936484394026853,0.9978828468761906,0.9925935530404937,0.004610408564437667,206
1263,5.636546492576599,0.521065558302195,0.061351001262664795,0.010461403113865005,0.1,9,log2,4,2,350,0.8,"{'learning_rate': 0.1, 'max_depth': 9, 'max_features': 'log2', 'min_samples_leaf': 4, 'min_samples_split': 2, 'n_estimators': 350, 'subsample': 0.8}",0.988010991333756,0.9929475893487711,0.9922368732334741,0.9964714114603177,0.9924167163440798,0.0030068727543653326,454
1264,5.613342761993408,0.557197636259264,0.05375093221664429,0.006180113025412164,0.1,9,log2,4,2,350,0.9,"{'learning_rate': 0.1, 'max_depth': 9, 'max_features': 'log2', 'min_samples_leaf': 4, 'min_samples_split': 2, 'n_estimators': 350, 'subsample': 0.9}",0.9858951786975421,0.9943581500461534,0.9915310627310978,0.9971771221387733,0.9922403784033917,0.004171962471960615,604
1265,5.870438575744629,0.5865955681402868,0.06100046634674072,0.006365663621432701,0.1,9,log2,4,2,350,1.0,"{'learning_rate': 0.1, 'max_depth': 9, 'max_features': 'log2', 'min_samples_leaf': 4, 'min_samples_split': 2, 'n_estimators': 350, 'subsample': 1.0}",0.985189812413243,0.9943581500461534,0.994354131803331,0.9964714114603177,0.9925933764307613,0.004360808447053576,253
1266,6.428286671638489,0.5074615129056258,0.0590396523475647,0.0021035072096909028,0.1,9,log2,4,2,450,0.8,"{'learning_rate': 0.1, 'max_depth': 9, 'max_features': 'log2', 'min_samples_leaf': 4, 'min_samples_split': 2, 'n_estimators': 450, 'subsample': 0.8}",0.985189812413243,0.9936528777649296,0.9929426647541637,0.9964714114603177,0.9920641915981636,0.004182592345475525,694
1267,6.503588855266571,0.578645480091263,0.06099611520767212,0.004305814701171197,0.1,9,log2,4,2,450,0.9,"{'learning_rate': 0.1, 'max_depth': 9, 'max_features': 'log2', 'min_samples_leaf': 4, 'min_samples_split': 2, 'n_estimators': 450, 'subsample': 0.9}",0.9866005197259626,0.9943581500461534,0.992236734039284,0.9964714114603177,0.9924167038179295,0.0036766239281166655,455
1268,5.596724569797516,0.5615386181457349,0.05110645294189453,0.0016805124449188514,0.1,9,log2,4,2,450,1.0,"{'learning_rate': 0.1, 'max_depth': 9, 'max_features': 'log2', 'min_samples_leaf': 4, 'min_samples_split': 2, 'n_estimators': 450, 'subsample': 1.0}",0.9858949261522791,0.9943581500461534,0.994354131803331,0.9964714114603177,0.9927696548655203,0.0040619816861089154,158
1269,6.405499815940857,0.6379716128438245,0.06524920463562012,0.010891825452223614,0.1,9,log2,4,2,650,0.8,"{'learning_rate': 0.1, 'max_depth': 9, 'max_features': 'log2', 'min_samples_leaf': 4, 'min_samples_split': 2, 'n_estimators': 650, 'subsample': 0.8}",0.984484418767507,0.9943581500461534,0.9936484394026853,0.997177133385926,0.9924170354005679,0.0047662674432164655,377
1270,7.059476733207703,0.6277171873549457,0.06799805164337158,0.013874101536182369,0.1,9,log2,4,2,650,0.9,"{'learning_rate': 0.1, 'max_depth': 9, 'max_features': 'log2', 'min_samples_leaf': 4, 'min_samples_split': 2, 'n_estimators': 650, 'subsample': 0.9}",0.9866003064691244,0.9936528777649296,0.9915310627310978,0.9964714114603177,0.9920639146063674,0.0036085238476132996,744
1271,6.1141985058784485,0.4123918514030889,0.057251811027526855,0.0035611750293766745,0.1,9,log2,4,2,650,1.0,"{'learning_rate': 0.1, 'max_depth': 9, 'max_features': 'log2', 'min_samples_leaf': 4, 'min_samples_split': 2, 'n_estimators': 650, 'subsample': 1.0}",0.9851900481181693,0.9943581500461534,0.994354131803331,0.9978828510938604,0.9929462952653785,0.004703835958446572,46
1272,2.644347071647644,0.17512909205735802,0.027877509593963623,0.0040723708049205535,0.1,9,log2,4,5,150,0.8,"{'learning_rate': 0.1, 'max_depth': 9, 'max_features': 'log2', 'min_samples_leaf': 4, 'min_samples_split': 5, 'n_estimators': 150, 'subsample': 0.8}",0.9830739113827349,0.9943581500461534,0.9936484394026853,0.9978828468761906,0.9922408369269411,0.0055301256716045605,481
1273,2.3773669600486755,0.05497196754141386,0.023749053478240967,0.0008293325481481097,0.1,9,log2,4,5,150,0.9,"{'learning_rate': 0.1, 'max_depth': 9, 'max_features': 'log2', 'min_samples_leaf': 4, 'min_samples_split': 5, 'n_estimators': 150, 'subsample': 0.9}",0.9830742144370506,0.9943581500461534,0.9929426647541637,0.9978828468761906,0.9920644690283896,0.005493414210235998,632
1274,2.8615070581436157,0.3158792225706511,0.027628183364868164,0.001781223090260808,0.1,9,log2,4,5,150,1.0,"{'learning_rate': 0.1, 'max_depth': 9, 'max_features': 'log2', 'min_samples_leaf': 4, 'min_samples_split': 5, 'n_estimators': 150, 'subsample': 1.0}",0.9823688243014796,0.9943581500461534,0.9915310627310978,0.9978828468761906,0.9915352209887304,0.005750741873653025,966
1275,5.62717878818512,0.4496284727794532,0.05450206995010376,0.006184253753006361,0.1,9,log2,4,5,350,0.8,"{'learning_rate': 0.1, 'max_depth': 9, 'max_features': 'log2', 'min_samples_leaf': 4, 'min_samples_split': 5, 'n_estimators': 350, 'subsample': 0.8}",0.9851895177715342,0.9929475893487711,0.9936483508273879,0.9957656832081598,0.9918877852889633,0.004003987252321999,818
1276,5.5829243659973145,0.5054196626601513,0.054499924182891846,0.005172328368845363,0.1,9,log2,4,5,350,0.9,"{'learning_rate': 0.1, 'max_depth': 9, 'max_features': 'log2', 'min_samples_leaf': 4, 'min_samples_split': 5, 'n_estimators': 350, 'subsample': 0.9}",0.9866000398885311,0.9929475893487711,0.9936484394026853,0.997177133385926,0.9925933005064784,0.003813447763356828,285
1277,5.8551865220069885,0.42449746052069504,0.055499374866485596,0.0022905890399037717,0.1,9,log2,4,5,350,1.0,"{'learning_rate': 0.1, 'max_depth': 9, 'max_features': 'log2', 'min_samples_leaf': 4, 'min_samples_split': 5, 'n_estimators': 350, 'subsample': 1.0}",0.9844846965672964,0.9936528777649296,0.9929426647541637,0.997177133385926,0.9920643431180789,0.0046606479533011285,651
1278,6.486910402774811,0.5257057352035038,0.05874747037887573,0.004918876823890908,0.1,9,log2,4,5,450,0.8,"{'learning_rate': 0.1, 'max_depth': 9, 'max_features': 'log2', 'min_samples_leaf': 4, 'min_samples_split': 5, 'n_estimators': 450, 'subsample': 0.8}",0.985189812413243,0.9929475893487711,0.9936483508273879,0.9964714114603177,0.99206429101243,0.004182422387242157,671
1279,6.180323600769043,0.49870400502815204,0.06274974346160889,0.009807577600118139,0.1,9,log2,4,5,450,0.9,"{'learning_rate': 0.1, 'max_depth': 9, 'max_features': 'log2', 'min_samples_leaf': 4, 'min_samples_split': 5, 'n_estimators': 450, 'subsample': 0.9}",0.9851895177715342,0.9943581500461534,0.9922368732334741,0.997177133385926,0.9922404186092719,0.004432018569965903,597
1280,5.5641772747039795,0.5018069285688954,0.053000807762145996,0.00463707738656295,0.1,9,log2,4,5,450,1.0,"{'learning_rate': 0.1, 'max_depth': 9, 'max_features': 'log2', 'min_samples_leaf': 4, 'min_samples_split': 5, 'n_estimators': 450, 'subsample': 1.0}",0.9873056608277879,0.9943581500461534,0.9936484394026853,0.9978828510938604,0.9932987753426218,0.003813650213325457,11
1281,6.573341608047485,0.7574192493704474,0.06284111738204956,0.005510828183823236,0.1,9,log2,4,5,650,0.8,"{'learning_rate': 0.1, 'max_depth': 9, 'max_features': 'log2', 'min_samples_leaf': 4, 'min_samples_split': 5, 'n_estimators': 650, 'subsample': 0.8}",0.9858951786975421,0.9936528777649296,0.9922368732334741,0.9978828468761906,0.992416944143034,0.004300275417474521,415
1282,6.940942704677582,0.5279147132207215,0.06225007772445679,0.003897455605209389,0.1,9,log2,4,5,650,0.9,"{'learning_rate': 0.1, 'max_depth': 9, 'max_features': 'log2', 'min_samples_leaf': 4, 'min_samples_split': 5, 'n_estimators': 650, 'subsample': 0.9}",0.9844840792209213,0.9943581500461534,0.9922368732334741,0.9957656832081598,0.9917111964271772,0.004357544771307937,940
1283,6.2557870745658875,0.27991261555927055,0.059499919414520264,0.0060179999718269536,0.1,9,log2,4,5,650,1.0,"{'learning_rate': 0.1, 'max_depth': 9, 'max_features': 'log2', 'min_samples_leaf': 4, 'min_samples_split': 5, 'n_estimators': 650, 'subsample': 1.0}",0.9866005197259626,0.9943581500461534,0.994354131803331,0.997177133385926,0.9931224837403433,0.003937639728431091,26
1284,2.5496569871902466,0.2717307514569108,0.02599799633026123,0.002739002427002054,0.1,9,log2,4,10,150,0.8,"{'learning_rate': 0.1, 'max_depth': 9, 'max_features': 'log2', 'min_samples_leaf': 4, 'min_samples_split': 10, 'n_estimators': 150, 'subsample': 0.8}",0.9844846965672964,0.9943581500461534,0.9929427491104976,0.9978828468761906,0.9924171106500345,0.004920401289588571,351
1285,2.3533527851104736,0.07707754062268844,0.02699720859527588,0.004187200203403617,0.1,9,log2,4,10,150,0.9,"{'learning_rate': 0.1, 'max_depth': 9, 'max_features': 'log2', 'min_samples_leaf': 4, 'min_samples_split': 10, 'n_estimators': 150, 'subsample': 0.9}",0.985189812413243,0.9943581500461534,0.9915311977049964,0.9964714114603177,0.9918876429061776,0.004245654430712789,842
1286,2.495467722415924,0.10284140687688831,0.025000154972076416,0.0015834753269333038,0.1,9,log2,4,10,150,1.0,"{'learning_rate': 0.1, 'max_depth': 9, 'max_features': 'log2', 'min_samples_leaf': 4, 'min_samples_split': 10, 'n_estimators': 150, 'subsample': 1.0}",0.9844846965672964,0.9950634082973135,0.9929426647541637,0.997177133385926,0.9924169757511749,0.004818197482145054,403
1287,5.103628396987915,0.3060098264300409,0.05507725477218628,0.004551922491791454,0.1,9,log2,4,10,350,0.8,"{'learning_rate': 0.1, 'max_depth': 9, 'max_features': 'log2', 'min_samples_leaf': 4, 'min_samples_split': 10, 'n_estimators': 350, 'subsample': 0.8}",0.9880111344363328,0.9936528777649296,0.9929426647541637,0.9978828468761906,0.9931223809579043,0.003503591069873615,32
1288,5.781327962875366,0.167365008406896,0.05499964952468872,0.004581892797841139,0.1,9,log2,4,10,350,0.9,"{'learning_rate': 0.1, 'max_depth': 9, 'max_features': 'log2', 'min_samples_leaf': 4, 'min_samples_split': 10, 'n_estimators': 350, 'subsample': 0.9}",0.9837786083941996,0.9936528777649296,0.9929426647541637,0.997177133385926,0.9918878210748048,0.004948845201941142,813
1289,6.05926787853241,0.35960603259024193,0.05411916971206665,0.005585752696335996,0.1,9,log2,4,10,350,1.0,"{'learning_rate': 0.1, 'max_depth': 9, 'max_features': 'log2', 'min_samples_leaf': 4, 'min_samples_split': 10, 'n_estimators': 350, 'subsample': 1.0}",0.9844840792209213,0.9943581500461534,0.9936483508273879,0.9978828510938604,0.9925933577970808,0.004948904937933729,263
1290,5.524689316749573,0.15766206752967268,0.05607879161834717,0.0029448237017803756,0.1,9,log2,4,10,450,0.8,"{'learning_rate': 0.1, 'max_depth': 9, 'max_features': 'log2', 'min_samples_leaf': 4, 'min_samples_split': 10, 'n_estimators': 450, 'subsample': 0.8}",0.984484418767507,0.9936528777649296,0.992236981492171,0.9964714114603177,0.9917114223712313,0.0044421993047303815,908
1291,6.546331346035004,0.32310407729394586,0.05625396966934204,0.0014798941229603232,0.1,9,log2,4,10,450,0.9,"{'learning_rate': 0.1, 'max_depth': 9, 'max_features': 'log2', 'min_samples_leaf': 4, 'min_samples_split': 10, 'n_estimators': 450, 'subsample': 0.9}",0.9851895177715342,0.9936528777649296,0.992236734039284,0.997177133385926,0.9920640657404185,0.0043576659037462585,724
1292,5.391650021076202,0.24263764435754212,0.048884689807891846,0.00151793019244637,0.1,9,log2,4,10,450,1.0,"{'learning_rate': 0.1, 'max_depth': 9, 'max_features': 'log2', 'min_samples_leaf': 4, 'min_samples_split': 10, 'n_estimators': 450, 'subsample': 1.0}",0.985189812413243,0.9943581500461534,0.9936483508273879,0.997177133385926,0.9925933616681776,0.004473560798618981,258
1293,5.856054723262787,0.16985286426521487,0.049517035484313965,0.002051947485704983,0.1,9,log2,4,10,650,0.8,"{'learning_rate': 0.1, 'max_depth': 9, 'max_features': 'log2', 'min_samples_leaf': 4, 'min_samples_split': 10, 'n_estimators': 650, 'subsample': 0.8}",0.9866003064691244,0.9936528777649296,0.992236734039284,0.9978828510938604,0.9925931923417997,0.0040356277861563795,301
1294,5.57309764623642,0.24156365320259127,0.04291659593582153,0.0042596337693831315,0.1,9,log2,4,10,650,0.9,"{'learning_rate': 0.1, 'max_depth': 9, 'max_features': 'log2', 'min_samples_leaf': 4, 'min_samples_split': 10, 'n_estimators': 650, 'subsample': 0.9}",0.9837793183573613,0.9943581500461534,0.9929425522759148,0.9964714114603177,0.9918878580349368,0.0048469603946383055,806
1295,5.148288071155548,0.1562446524402029,0.03624701499938965,0.004181831561879069,0.1,9,log2,4,10,650,1.0,"{'learning_rate': 0.1, 'max_depth': 9, 'max_features': 'log2', 'min_samples_leaf': 4, 'min_samples_split': 10, 'n_estimators': 650, 'subsample': 1.0}",0.985894617473565,0.9943581500461534,0.9929425522759148,0.997177133385926,0.9925931132953898,0.004156938440670602,317
