,mean_fit_time,std_fit_time,mean_score_time,std_score_time,param_colsample_bytree,param_gamma,param_learning_rate,param_max_depth,param_n_estimators,param_reg_alpha,param_reg_lambda,param_subsample,params,split0_test_score,split1_test_score,split2_test_score,split3_test_score,mean_test_score,std_test_score,rank_test_score
0,9.727220356464386,10.259606926942858,0.03801757097244263,0.0013616043344308393,0.6,0.1,0.05,4,750,0.1,1.0,0.7,"{'colsample_bytree': 0.6, 'gamma': 0.1, 'learning_rate': 0.05, 'max_depth': 4, 'n_estimators': 750, 'reg_alpha': 0.1, 'reg_lambda': 1.0, 'subsample': 0.7}",0.9809574968105822,0.990832153409495,0.9964714114603177,0.9901197306558291,0.989595198084056,0.005560966340970656,850
1,3.807935357093811,0.28110761939188555,0.03375351428985596,0.0010904821500767627,0.6,0.1,0.05,4,750,0.1,1.0,0.85,"{'colsample_bytree': 0.6, 'gamma': 0.1, 'learning_rate': 0.05, 'max_depth': 4, 'n_estimators': 750, 'reg_alpha': 0.1, 'reg_lambda': 1.0, 'subsample': 0.85}",0.9823675614859793,0.9922425913464957,0.9978828468761907,0.9901197306558291,0.9906531825911237,0.005561707335245864,285
2,4.998039066791534,0.9822379509614654,0.02374875545501709,0.0016389138472335252,0.6,0.1,0.05,4,750,0.1,1.0,1.0,"{'colsample_bytree': 0.6, 'gamma': 0.1, 'learning_rate': 0.05, 'max_depth': 4, 'n_estimators': 750, 'reg_alpha': 0.1, 'reg_lambda': 1.0, 'subsample': 1.0}",0.9816619811904492,0.9901268607873446,0.9964714114603177,0.9872965940966467,0.9888892118836895,0.005333639004878817,1281
3,5.634433805942535,3.4836936084982626,0.040002405643463135,0.004122360211848247,0.6,0.1,0.05,4,750,0.1,1.5,0.7,"{'colsample_bytree': 0.6, 'gamma': 0.1, 'learning_rate': 0.05, 'max_depth': 4, 'n_estimators': 750, 'reg_alpha': 0.1, 'reg_lambda': 1.5, 'subsample': 0.7}",0.9809569664048577,0.990832153409495,0.9957656832081598,0.9901197306558291,0.9894186334195855,0.0053472989860142385,992
4,7.268052518367767,2.414839384578583,0.0381355881690979,0.004178792084672223,0.6,0.1,0.05,4,750,0.1,1.5,0.85,"{'colsample_bytree': 0.6, 'gamma': 0.1, 'learning_rate': 0.05, 'max_depth': 4, 'n_estimators': 750, 'reg_alpha': 0.1, 'reg_lambda': 1.5, 'subsample': 0.85}",0.9823675614859793,0.9922425913464957,0.998588566692963,0.9894139180456464,0.9906531593927711,0.005824170214393574,289
5,0.5879284143447876,0.01776824612949996,0.022879362106323242,0.0014290232765276371,0.6,0.1,0.05,4,750,0.1,1.5,1.0,"{'colsample_bytree': 0.6, 'gamma': 0.1, 'learning_rate': 0.05, 'max_depth': 4, 'n_estimators': 750, 'reg_alpha': 0.1, 'reg_lambda': 1.5, 'subsample': 1.0}",0.9816619811904492,0.9901268607873446,0.9943541992883981,0.988002225333439,0.9885363166499077,0.0045803747278983075,1460
6,1.0282015204429626,0.020379566004914557,0.0382535457611084,0.0008327366948067772,0.6,0.1,0.05,4,750,0.1,2.0,0.7,"{'colsample_bytree': 0.6, 'gamma': 0.1, 'learning_rate': 0.05, 'max_depth': 4, 'n_estimators': 750, 'reg_alpha': 0.1, 'reg_lambda': 2.0, 'subsample': 0.7}",0.9816625284502379,0.9915373597517307,0.9957656832081598,0.9894140656711423,0.9895949092703177,0.005118762905889115,897
7,0.9646719098091125,0.045011359957042724,0.032502591609954834,0.0004968173929895281,0.6,0.1,0.05,4,750,0.1,2.0,0.85,"{'colsample_bytree': 0.6, 'gamma': 0.1, 'learning_rate': 0.05, 'max_depth': 4, 'n_estimators': 750, 'reg_alpha': 0.1, 'reg_lambda': 2.0, 'subsample': 0.85}",0.9816625284502379,0.9922425913464957,0.9978828468761907,0.9901197306558291,0.9904769243321884,0.005826371744476795,380
8,0.6435694098472595,0.06905287884740004,0.02438253164291382,0.0032642832260235265,0.6,0.1,0.05,4,750,0.1,2.0,1.0,"{'colsample_bytree': 0.6, 'gamma': 0.1, 'learning_rate': 0.05, 'max_depth': 4, 'n_estimators': 750, 'reg_alpha': 0.1, 'reg_lambda': 2.0, 'subsample': 1.0}",0.9816619811904492,0.9908321169335286,0.9943542442775466,0.9880024404517326,0.9887126957133143,0.004651237854884197,1371
9,0.955890953540802,0.04335133306902495,0.03388774394989014,0.0011390997800010622,0.6,0.1,0.05,4,750,0.5,1.0,0.7,"{'colsample_bytree': 0.6, 'gamma': 0.1, 'learning_rate': 0.05, 'max_depth': 4, 'n_estimators': 750, 'reg_alpha': 0.5, 'reg_lambda': 1.0, 'subsample': 0.7}",0.9802519537156409,0.9915373597517307,0.9957656832081598,0.9894140656711423,0.9892422655866684,0.00567180873924385,1074
10,0.9276383519172668,0.04001945024037968,0.030383288860321045,0.0014853710477262102,0.6,0.1,0.05,4,750,0.5,1.0,0.85,"{'colsample_bytree': 0.6, 'gamma': 0.1, 'learning_rate': 0.05, 'max_depth': 4, 'n_estimators': 750, 'reg_alpha': 0.5, 'reg_lambda': 1.0, 'subsample': 0.85}",0.9816625284502379,0.9915373597517307,0.9971771221387733,0.9894139180456464,0.989947732096597,0.0055614870620751605,684
11,0.5196490287780762,0.02166287112736566,0.01925259828567505,0.0008324356841632523,0.6,0.1,0.05,4,750,0.5,1.0,1.0,"{'colsample_bytree': 0.6, 'gamma': 0.1, 'learning_rate': 0.05, 'max_depth': 4, 'n_estimators': 750, 'reg_alpha': 0.5, 'reg_lambda': 1.0, 'subsample': 1.0}",0.9788407475274414,0.9901268607873446,0.9943542442775466,0.9872965940966467,0.9876546116722448,0.0056747129989238665,1729
12,0.96279376745224,0.06332701783078029,0.036245644092559814,0.005754381383885674,0.6,0.1,0.05,4,750,0.5,1.5,0.7,"{'colsample_bytree': 0.6, 'gamma': 0.1, 'learning_rate': 0.05, 'max_depth': 4, 'n_estimators': 750, 'reg_alpha': 0.5, 'reg_lambda': 1.5, 'subsample': 0.7}",0.9795469410187734,0.9915373597517307,0.9943542442775466,0.9894140656711423,0.9887131526797983,0.005574692261360347,1314
13,0.906507670879364,0.045790617665669865,0.030509352684020996,0.0017030581517657765,0.6,0.1,0.05,4,750,0.5,1.5,0.85,"{'colsample_bytree': 0.6, 'gamma': 0.1, 'learning_rate': 0.05, 'max_depth': 4, 'n_estimators': 750, 'reg_alpha': 0.5, 'reg_lambda': 1.5, 'subsample': 0.85}",0.9802524644629909,0.9922425913464957,0.9971771221387733,0.9894139180456464,0.9897715239984766,0.006158113227922044,756
14,0.5459007620811462,0.01345483910102631,0.020753800868988037,0.000826966851385612,0.6,0.1,0.05,4,750,0.5,1.5,1.0,"{'colsample_bytree': 0.6, 'gamma': 0.1, 'learning_rate': 0.05, 'max_depth': 4, 'n_estimators': 750, 'reg_alpha': 0.5, 'reg_lambda': 1.5, 'subsample': 1.0}",0.979546371323736,0.9901268607873446,0.9943542442775466,0.9872965940966467,0.9878310176213184,0.005402415076409885,1682
15,0.9886565208435059,0.05829791927533319,0.03313547372817993,0.0011441674123011747,0.6,0.1,0.05,4,750,0.5,2.0,0.7,"{'colsample_bytree': 0.6, 'gamma': 0.1, 'learning_rate': 0.05, 'max_depth': 4, 'n_estimators': 750, 'reg_alpha': 0.5, 'reg_lambda': 2.0, 'subsample': 0.7}",0.9802524644629909,0.9915373597517307,0.9943542442775466,0.9894140656711423,0.9888895335408526,0.0052855497181043916,1244
16,0.9221488237380981,0.026418289078606095,0.030381441116333008,0.0008204477139282095,0.6,0.1,0.05,4,750,0.5,2.0,0.85,"{'colsample_bytree': 0.6, 'gamma': 0.1, 'learning_rate': 0.05, 'max_depth': 4, 'n_estimators': 750, 'reg_alpha': 0.5, 'reg_lambda': 2.0, 'subsample': 0.85}",0.9802524644629909,0.9915373597517307,0.9957656832081598,0.9880024404517326,0.9888894869686535,0.005693819330775846,1252
17,0.5332908630371094,0.023366139738501674,0.020251810550689697,0.0033468337319597923,0.6,0.1,0.05,4,750,0.5,2.0,1.0,"{'colsample_bytree': 0.6, 'gamma': 0.1, 'learning_rate': 0.05, 'max_depth': 4, 'n_estimators': 750, 'reg_alpha': 0.5, 'reg_lambda': 2.0, 'subsample': 1.0}",0.9809574968105822,0.9901268607873446,0.9929428053469331,0.9865907224314905,0.9876544713440876,0.004473818719401028,1747
18,0.9179009795188904,0.0537902941103915,0.032015204429626465,0.00203908948438702,0.6,0.1,0.05,4,750,1.0,1.0,0.7,"{'colsample_bytree': 0.6, 'gamma': 0.1, 'learning_rate': 0.05, 'max_depth': 4, 'n_estimators': 750, 'reg_alpha': 1.0, 'reg_lambda': 1.0, 'subsample': 0.7}",0.9802524644629909,0.9901268607873446,0.9929428053469331,0.9872965940966467,0.9876546811734789,0.0047169102148733625,1716
19,0.8440171480178833,0.04917265948270556,0.02762925624847412,0.0011955121415964062,0.6,0.1,0.05,4,750,1.0,1.0,0.85,"{'colsample_bytree': 0.6, 'gamma': 0.1, 'learning_rate': 0.05, 'max_depth': 4, 'n_estimators': 750, 'reg_alpha': 1.0, 'reg_lambda': 1.0, 'subsample': 0.85}",0.9802524644629909,0.9908321169335286,0.9936485026692425,0.9865907224314905,0.9878309516243131,0.005045357506625608,1687
20,0.5069026947021484,0.024049087235664707,0.020380914211273193,0.00267167838751085,0.6,0.1,0.05,4,750,1.0,1.0,1.0,"{'colsample_bytree': 0.6, 'gamma': 0.1, 'learning_rate': 0.05, 'max_depth': 4, 'n_estimators': 750, 'reg_alpha': 1.0, 'reg_lambda': 1.0, 'subsample': 1.0}",0.979546371323736,0.9901268607873446,0.9936485406285719,0.985179485263905,0.9871253145008894,0.005310093933364918,1857
21,0.8870328664779663,0.025524163153777025,0.03325247764587402,0.000832022002880657,0.6,0.1,0.05,4,750,1.0,1.5,0.7,"{'colsample_bytree': 0.6, 'gamma': 0.1, 'learning_rate': 0.05, 'max_depth': 4, 'n_estimators': 750, 'reg_alpha': 1.0, 'reg_lambda': 1.5, 'subsample': 0.7}",0.980957951420544,0.9901268607873446,0.9929428053469331,0.9865907224314905,0.9876545849965781,0.00447364859115525,1733
22,0.9100421667098999,0.023943470923699278,0.029876887798309326,0.0002059335128953893,0.6,0.1,0.05,4,750,1.0,1.5,0.85,"{'colsample_bytree': 0.6, 'gamma': 0.1, 'learning_rate': 0.05, 'max_depth': 4, 'n_estimators': 750, 'reg_alpha': 1.0, 'reg_lambda': 1.5, 'subsample': 0.85}",0.9795469410187734,0.9908321169335286,0.9943542442775466,0.9865907224314905,0.9878310061653348,0.005516415058815228,1686
23,0.5323034524917603,0.020291970018427426,0.018381476402282715,0.00041576244022225104,0.6,0.1,0.05,4,750,1.0,1.5,1.0,"{'colsample_bytree': 0.6, 'gamma': 0.1, 'learning_rate': 0.05, 'max_depth': 4, 'n_estimators': 750, 'reg_alpha': 1.0, 'reg_lambda': 1.5, 'subsample': 1.0}",0.9809574968105822,0.9901268607873446,0.9936485406285719,0.9858853295083274,0.9876545569337065,0.0047439674022510155,1737
24,0.9480437636375427,0.049182072439815226,0.032881975173950195,0.0018819249050354189,0.6,0.1,0.05,4,750,1.0,2.0,0.7,"{'colsample_bytree': 0.6, 'gamma': 0.1, 'learning_rate': 0.05, 'max_depth': 4, 'n_estimators': 750, 'reg_alpha': 1.0, 'reg_lambda': 2.0, 'subsample': 0.7}",0.980957951420544,0.9901268607873446,0.9929428053469331,0.9872965940966467,0.9878310529128671,0.0044420129753779064,1674
25,0.8722608089447021,0.03025577913010197,0.02851647138595581,0.0012610768382041626,0.6,0.1,0.05,4,750,1.0,2.0,0.85,"{'colsample_bytree': 0.6, 'gamma': 0.1, 'learning_rate': 0.05, 'max_depth': 4, 'n_estimators': 750, 'reg_alpha': 1.0, 'reg_lambda': 2.0, 'subsample': 0.85}",0.979546371323736,0.9908321169335286,0.9936485026692425,0.9880024404517326,0.98800735784456,0.005277075324696215,1626
26,0.5286570191383362,0.007139483908457127,0.019252419471740723,0.0004329935594954996,0.6,0.1,0.05,4,750,1.0,2.0,1.0,"{'colsample_bytree': 0.6, 'gamma': 0.1, 'learning_rate': 0.05, 'max_depth': 4, 'n_estimators': 750, 'reg_alpha': 1.0, 'reg_lambda': 2.0, 'subsample': 1.0}",0.9802519537156409,0.9901268607873446,0.9936485406285719,0.9858853295083274,0.9874781711599712,0.0049961079652352846,1799
27,1.1652169227600098,0.016469204168808944,0.04463165998458862,0.004593941976649503,0.6,0.1,0.05,4,900,0.1,1.0,0.7,"{'colsample_bytree': 0.6, 'gamma': 0.1, 'learning_rate': 0.05, 'max_depth': 4, 'n_estimators': 900, 'reg_alpha': 0.1, 'reg_lambda': 1.0, 'subsample': 0.7}",0.9816625284502379,0.9915373765867419,0.9964714114603177,0.9901197306558291,0.9899477617882817,0.005332905985674613,681
28,1.0571861267089844,0.05048041479291161,0.037756264209747314,0.003901281273045286,0.6,0.1,0.05,4,900,0.1,1.0,0.85,"{'colsample_bytree': 0.6, 'gamma': 0.1, 'learning_rate': 0.05, 'max_depth': 4, 'n_estimators': 900, 'reg_alpha': 0.1, 'reg_lambda': 1.0, 'subsample': 0.85}",0.9816625284502379,0.9915373765867419,0.9978828468761907,0.9901197306558291,0.9903006206422499,0.005780767203273741,443
29,0.6550644040107727,0.007189193020152719,0.022130072116851807,0.0007405806163087235,0.6,0.1,0.05,4,900,0.1,1.0,1.0,"{'colsample_bytree': 0.6, 'gamma': 0.1, 'learning_rate': 0.05, 'max_depth': 4, 'n_estimators': 900, 'reg_alpha': 0.1, 'reg_lambda': 1.0, 'subsample': 1.0}",0.9816619811904492,0.9901268607873446,0.9964714114603177,0.9872965940966467,0.9888892118836895,0.005333639004878817,1281
30,1.1245806813240051,0.04860509196070394,0.04063403606414795,0.0013797729196008478,0.6,0.1,0.05,4,900,0.1,1.5,0.7,"{'colsample_bytree': 0.6, 'gamma': 0.1, 'learning_rate': 0.05, 'max_depth': 4, 'n_estimators': 900, 'reg_alpha': 0.1, 'reg_lambda': 1.5, 'subsample': 0.7}",0.9816625284502379,0.9915373765867419,0.9957656832081598,0.9908255235816565,0.989947777956699,0.005142728898310099,677
31,1.179103434085846,0.04428805665041507,0.04713708162307739,0.010600217858843115,0.6,0.1,0.05,4,900,0.1,1.5,0.85,"{'colsample_bytree': 0.6, 'gamma': 0.1, 'learning_rate': 0.05, 'max_depth': 4, 'n_estimators': 900, 'reg_alpha': 0.1, 'reg_lambda': 1.5, 'subsample': 0.85}",0.9816625284502379,0.9922425913464957,0.998588566692963,0.9894139180456464,0.9904769011338358,0.0060774147242340405,386
32,0.6589546203613281,0.04046097851645677,0.02426201105117798,0.0012426018318062741,0.6,0.1,0.05,4,900,0.1,1.5,1.0,"{'colsample_bytree': 0.6, 'gamma': 0.1, 'learning_rate': 0.05, 'max_depth': 4, 'n_estimators': 900, 'reg_alpha': 0.1, 'reg_lambda': 1.5, 'subsample': 1.0}",0.9816619811904492,0.9901268607873446,0.9943541992883981,0.988002225333439,0.9885363166499077,0.0045803747278983075,1460
33,1.2061242461204529,0.12362917538695316,0.0473940372467041,0.01122564584365607,0.6,0.1,0.05,4,900,0.1,2.0,0.7,"{'colsample_bytree': 0.6, 'gamma': 0.1, 'learning_rate': 0.05, 'max_depth': 4, 'n_estimators': 900, 'reg_alpha': 0.1, 'reg_lambda': 2.0, 'subsample': 0.7}",0.9816625284502379,0.9915373765867419,0.9957656832081598,0.9908255235816565,0.989947777956699,0.005142728898310099,677
34,1.097292959690094,0.046291153653258976,0.03663355112075806,0.0015603202074691137,0.6,0.1,0.05,4,900,0.1,2.0,0.85,"{'colsample_bytree': 0.6, 'gamma': 0.1, 'learning_rate': 0.05, 'max_depth': 4, 'n_estimators': 900, 'reg_alpha': 0.1, 'reg_lambda': 2.0, 'subsample': 0.85}",0.9809574968105822,0.9922425913464957,0.997177133385926,0.9901197306558291,0.9901242380497083,0.005879198894733568,555
35,0.8127496838569641,0.08793116517378871,0.031900763511657715,0.008793761694272977,0.6,0.1,0.05,4,900,0.1,2.0,1.0,"{'colsample_bytree': 0.6, 'gamma': 0.1, 'learning_rate': 0.05, 'max_depth': 4, 'n_estimators': 900, 'reg_alpha': 0.1, 'reg_lambda': 2.0, 'subsample': 1.0}",0.9816619811904492,0.9908321169335286,0.9943542442775466,0.9880024404517326,0.9887126957133143,0.004651237854884197,1371
36,1.2430314421653748,0.23667615359337968,0.03963226079940796,0.007166994620862024,0.6,0.1,0.05,4,900,0.5,1.0,0.7,"{'colsample_bytree': 0.6, 'gamma': 0.1, 'learning_rate': 0.05, 'max_depth': 4, 'n_estimators': 900, 'reg_alpha': 0.5, 'reg_lambda': 1.0, 'subsample': 0.7}",0.9809569664048577,0.9915373597517307,0.9964714114603177,0.9901198487546965,0.9897713965929007,0.005608574318641436,784
37,1.112227737903595,0.17142366610645682,0.034774959087371826,0.003903941800382066,0.6,0.1,0.05,4,900,0.5,1.0,0.85,"{'colsample_bytree': 0.6, 'gamma': 0.1, 'learning_rate': 0.05, 'max_depth': 4, 'n_estimators': 900, 'reg_alpha': 0.5, 'reg_lambda': 1.0, 'subsample': 0.85}",0.9816625284502379,0.9915373597517307,0.9978828468761907,0.9894139180456464,0.9901241632809514,0.005794350863096633,577
38,0.6045745015144348,0.05295551357019277,0.02099919319152832,0.000707983057352618,0.6,0.1,0.05,4,900,0.5,1.0,1.0,"{'colsample_bytree': 0.6, 'gamma': 0.1, 'learning_rate': 0.05, 'max_depth': 4, 'n_estimators': 900, 'reg_alpha': 0.5, 'reg_lambda': 1.0, 'subsample': 1.0}",0.9788407475274414,0.9901268607873446,0.9943542442775466,0.9872965940966467,0.9876546116722448,0.0056747129989238665,1729
39,1.3139115571975708,0.13870761521103378,0.04176473617553711,0.004865332393879365,0.6,0.1,0.05,4,900,0.5,1.5,0.7,"{'colsample_bytree': 0.6, 'gamma': 0.1, 'learning_rate': 0.05, 'max_depth': 4, 'n_estimators': 900, 'reg_alpha': 0.5, 'reg_lambda': 1.5, 'subsample': 0.7}",0.9802519537156409,0.9915373597517307,0.995059946520522,0.9901198487546965,0.9892422771856475,0.005493376202965554,1068
40,1.142608880996704,0.17294887731505054,0.035512685775756836,0.004955984308260842,0.6,0.1,0.05,4,900,0.5,1.5,0.85,"{'colsample_bytree': 0.6, 'gamma': 0.1, 'learning_rate': 0.05, 'max_depth': 4, 'n_estimators': 900, 'reg_alpha': 0.5, 'reg_lambda': 1.5, 'subsample': 0.85}",0.9802524644629909,0.9922425913464957,0.9978828468761907,0.9894139180456464,0.989947955182831,0.0063740802723087995,648
41,0.5984389185905457,0.023256231523255764,0.02138417959213257,0.0012981617674966955,0.6,0.1,0.05,4,900,0.5,1.5,1.0,"{'colsample_bytree': 0.6, 'gamma': 0.1, 'learning_rate': 0.05, 'max_depth': 4, 'n_estimators': 900, 'reg_alpha': 0.5, 'reg_lambda': 1.5, 'subsample': 1.0}",0.979546371323736,0.9901268607873446,0.9943542442775466,0.9872965940966467,0.9878310176213184,0.005402415076409885,1682
42,1.2446284294128418,0.15837715761294044,0.04352027177810669,0.005759796832907633,0.6,0.1,0.05,4,900,0.5,2.0,0.7,"{'colsample_bytree': 0.6, 'gamma': 0.1, 'learning_rate': 0.05, 'max_depth': 4, 'n_estimators': 900, 'reg_alpha': 0.5, 'reg_lambda': 2.0, 'subsample': 0.7}",0.9795469410187734,0.9915373597517307,0.995059946520522,0.9901197306558291,0.9890659944867138,0.0057826863587855095,1140
43,1.137842059135437,0.08248285402040435,0.03614622354507446,0.003804346867080139,0.6,0.1,0.05,4,900,0.5,2.0,0.85,"{'colsample_bytree': 0.6, 'gamma': 0.1, 'learning_rate': 0.05, 'max_depth': 4, 'n_estimators': 900, 'reg_alpha': 0.5, 'reg_lambda': 2.0, 'subsample': 0.85}",0.9802524644629909,0.9915373597517307,0.9971771221387733,0.9894139180456464,0.9895952160997854,0.006094610288609404,845
44,0.5905522108078003,0.03349299441132887,0.020762264728546143,0.0020079128314499576,0.6,0.1,0.05,4,900,0.5,2.0,1.0,"{'colsample_bytree': 0.6, 'gamma': 0.1, 'learning_rate': 0.05, 'max_depth': 4, 'n_estimators': 900, 'reg_alpha': 0.5, 'reg_lambda': 2.0, 'subsample': 1.0}",0.9809574968105822,0.9901268607873446,0.9929428053469331,0.9865907224314905,0.9876544713440876,0.004473818719401028,1747
45,1.1193488836288452,0.11828052849185584,0.03563070297241211,0.001553520578488155,0.6,0.1,0.05,4,900,1.0,1.0,0.7,"{'colsample_bytree': 0.6, 'gamma': 0.1, 'learning_rate': 0.05, 'max_depth': 4, 'n_estimators': 900, 'reg_alpha': 1.0, 'reg_lambda': 1.0, 'subsample': 0.7}",0.9802524644629909,0.9901268607873446,0.9929428053469331,0.9872965940966467,0.9876546811734789,0.0047169102148733625,1716
46,1.0554630160331726,0.14260769588382932,0.03174924850463867,0.0028617047997418887,0.6,0.1,0.05,4,900,1.0,1.0,0.85,"{'colsample_bytree': 0.6, 'gamma': 0.1, 'learning_rate': 0.05, 'max_depth': 4, 'n_estimators': 900, 'reg_alpha': 1.0, 'reg_lambda': 1.0, 'subsample': 0.85}",0.9802524644629909,0.989421589208529,0.9936485026692425,0.9872965940966467,0.9876547876093523,0.0048468778266454945,1704
47,0.5968090295791626,0.056688776918865154,0.021146535873413086,0.0034774829119004202,0.6,0.1,0.05,4,900,1.0,1.0,1.0,"{'colsample_bytree': 0.6, 'gamma': 0.1, 'learning_rate': 0.05, 'max_depth': 4, 'n_estimators': 900, 'reg_alpha': 1.0, 'reg_lambda': 1.0, 'subsample': 1.0}",0.979546371323736,0.9901268607873446,0.9936485406285719,0.985179485263905,0.9871253145008894,0.005310093933364918,1857
48,1.134221613407135,0.05273946078370347,0.03938567638397217,0.005899530922196809,0.6,0.1,0.05,4,900,1.0,1.5,0.7,"{'colsample_bytree': 0.6, 'gamma': 0.1, 'learning_rate': 0.05, 'max_depth': 4, 'n_estimators': 900, 'reg_alpha': 1.0, 'reg_lambda': 1.5, 'subsample': 0.7}",0.980957951420544,0.9901268607873446,0.9929428053469331,0.9872965940966467,0.9878310529128671,0.0044420129753779064,1674
49,1.056943655014038,0.08833558110799762,0.03301483392715454,0.005612568482656146,0.6,0.1,0.05,4,900,1.0,1.5,0.85,"{'colsample_bytree': 0.6, 'gamma': 0.1, 'learning_rate': 0.05, 'max_depth': 4, 'n_estimators': 900, 'reg_alpha': 1.0, 'reg_lambda': 1.5, 'subsample': 0.85}",0.9788419262103473,0.9908321169335286,0.9943542442775466,0.9865907224314905,0.9876547524632282,0.005783098261726872,1709
50,0.5929360389709473,0.0319637988806427,0.020000100135803223,0.0009995699497511773,0.6,0.1,0.05,4,900,1.0,1.5,1.0,"{'colsample_bytree': 0.6, 'gamma': 0.1, 'learning_rate': 0.05, 'max_depth': 4, 'n_estimators': 900, 'reg_alpha': 1.0, 'reg_lambda': 1.5, 'subsample': 1.0}",0.9809574968105822,0.9901268607873446,0.9936485406285719,0.9858853295083274,0.9876545569337065,0.0047439674022510155,1737
51,1.0737253427505493,0.11160956906469177,0.04038494825363159,0.007892183206876045,0.6,0.1,0.05,4,900,1.0,2.0,0.7,"{'colsample_bytree': 0.6, 'gamma': 0.1, 'learning_rate': 0.05, 'max_depth': 4, 'n_estimators': 900, 'reg_alpha': 1.0, 'reg_lambda': 2.0, 'subsample': 0.7}",0.980957951420544,0.9901268607873446,0.9929428053469331,0.9880024404517326,0.9880075145016386,0.004431283385958813,1603
52,1.0676133632659912,0.04610939944573564,0.03324836492538452,0.0010900174165834663,0.6,0.1,0.05,4,900,1.0,2.0,0.85,"{'colsample_bytree': 0.6, 'gamma': 0.1, 'learning_rate': 0.05, 'max_depth': 4, 'n_estimators': 900, 'reg_alpha': 1.0, 'reg_lambda': 2.0, 'subsample': 0.85}",0.9788413789810437,0.9908321169335286,0.995059946520522,0.9880024404517326,0.9881839707217067,0.005949972588523011,1543
53,0.6270875334739685,0.033683601356870374,0.021748602390289307,0.0004319840163840895,0.6,0.1,0.05,4,900,1.0,2.0,1.0,"{'colsample_bytree': 0.6, 'gamma': 0.1, 'learning_rate': 0.05, 'max_depth': 4, 'n_estimators': 900, 'reg_alpha': 1.0, 'reg_lambda': 2.0, 'subsample': 1.0}",0.9802519537156409,0.9901268607873446,0.9936485406285719,0.9858853295083274,0.9874781711599712,0.0049961079652352846,1799
54,1.2335711121559143,0.15803069189719085,0.044384896755218506,0.0018464227026531528,0.6,0.1,0.05,8,750,0.1,1.0,0.7,"{'colsample_bytree': 0.6, 'gamma': 0.1, 'learning_rate': 0.05, 'max_depth': 8, 'n_estimators': 750, 'reg_alpha': 0.1, 'reg_lambda': 1.0, 'subsample': 0.7}",0.984484418767507,0.9915373765867419,0.9971771221387733,0.9901198487546965,0.9908296915619297,0.0045154472831828545,183
55,1.3684789538383484,0.1877903880562027,0.04501920938491821,0.005592409707435726,0.6,0.1,0.05,8,750,0.1,1.0,0.85,"{'colsample_bytree': 0.6, 'gamma': 0.1, 'learning_rate': 0.05, 'max_depth': 8, 'n_estimators': 750, 'reg_alpha': 0.1, 'reg_lambda': 1.0, 'subsample': 0.85}",0.9837789956545375,0.9922425913464957,0.9971771221387733,0.9908256149666836,0.9910060810266226,0.004792547265108682,106
56,0.8096702694892883,0.0560420438771593,0.030016779899597168,0.0017590936188701006,0.6,0.1,0.05,8,750,0.1,1.0,1.0,"{'colsample_bytree': 0.6, 'gamma': 0.1, 'learning_rate': 0.05, 'max_depth': 8, 'n_estimators': 750, 'reg_alpha': 0.1, 'reg_lambda': 1.0, 'subsample': 1.0}",0.9858951786975421,0.9915373597517307,0.9971771221387733,0.988708263606662,0.9908294810486771,0.0041725454699631645,203
57,1.4335087537765503,0.12013765659436174,0.05639678239822388,0.01512257837631632,0.6,0.1,0.05,8,750,0.1,1.5,0.7,"{'colsample_bytree': 0.6, 'gamma': 0.1, 'learning_rate': 0.05, 'max_depth': 8, 'n_estimators': 750, 'reg_alpha': 0.1, 'reg_lambda': 1.5, 'subsample': 0.7}",0.985189812413243,0.9915373765867419,0.9971771221387733,0.9908255235816565,0.9911824586801037,0.004245620350649126,61
58,1.145398736000061,0.060676683872155135,0.040012896060943604,0.0006258878326714113,0.6,0.1,0.05,8,750,0.1,1.5,0.85,"{'colsample_bytree': 0.6, 'gamma': 0.1, 'learning_rate': 0.05, 'max_depth': 8, 'n_estimators': 750, 'reg_alpha': 0.1, 'reg_lambda': 1.5, 'subsample': 0.85}",0.9837789956545375,0.9922425913464957,0.9971771221387733,0.9915312989325971,0.9911825020181009,0.004795644522330455,53
59,0.8230339288711548,0.019727894636192546,0.03189915418624878,0.0017008728911339737,0.6,0.1,0.05,8,750,0.1,1.5,1.0,"{'colsample_bytree': 0.6, 'gamma': 0.1, 'learning_rate': 0.05, 'max_depth': 8, 'n_estimators': 750, 'reg_alpha': 0.1, 'reg_lambda': 1.5, 'subsample': 1.0}",0.9844846965672964,0.9922425913464957,0.9971771221387733,0.988708263606662,0.9906531684148068,0.004661569936580055,287
60,1.301580548286438,0.16442181409013243,0.044513702392578125,0.001759249418146397,0.6,0.1,0.05,8,750,0.1,2.0,0.7,"{'colsample_bytree': 0.6, 'gamma': 0.1, 'learning_rate': 0.05, 'max_depth': 8, 'n_estimators': 750, 'reg_alpha': 0.1, 'reg_lambda': 2.0, 'subsample': 0.7}",0.984484418767507,0.9922425913464957,0.9971771221387733,0.9908255235816565,0.9911824139586081,0.0045291006993745855,67
61,1.3087066411972046,0.09974161195999319,0.04301804304122925,0.0027704537804461343,0.6,0.1,0.05,8,750,0.1,2.0,0.85,"{'colsample_bytree': 0.6, 'gamma': 0.1, 'learning_rate': 0.05, 'max_depth': 8, 'n_estimators': 750, 'reg_alpha': 0.1, 'reg_lambda': 2.0, 'subsample': 0.85}",0.9830735409682778,0.9922425913464957,0.9971771221387733,0.9915312989325971,0.9910061383465361,0.00506980650005169,102
62,0.8420624136924744,0.05332929416273565,0.031133651733398438,0.0014217159858852045,0.6,0.1,0.05,8,750,0.1,2.0,1.0,"{'colsample_bytree': 0.6, 'gamma': 0.1, 'learning_rate': 0.05, 'max_depth': 8, 'n_estimators': 750, 'reg_alpha': 0.1, 'reg_lambda': 2.0, 'subsample': 1.0}",0.9858951786975421,0.9915373597517307,0.9971771221387733,0.9880024404517326,0.9906530252599447,0.004272253249591924,319
63,1.1602650880813599,0.052801748157132934,0.0423891544342041,0.003989942233378398,0.6,0.1,0.05,8,750,0.5,1.0,0.7,"{'colsample_bytree': 0.6, 'gamma': 0.1, 'learning_rate': 0.05, 'max_depth': 8, 'n_estimators': 750, 'reg_alpha': 0.5, 'reg_lambda': 1.0, 'subsample': 0.7}",0.985189812413243,0.9922425913464957,0.9964714114603177,0.9901198487546965,0.9910059159936884,0.0040624248495963345,131
64,1.0797362923622131,0.07684551669490076,0.03701984882354736,0.003745112999615066,0.6,0.1,0.05,8,750,0.5,1.0,0.85,"{'colsample_bytree': 0.6, 'gamma': 0.1, 'learning_rate': 0.05, 'max_depth': 8, 'n_estimators': 750, 'reg_alpha': 0.5, 'reg_lambda': 1.0, 'subsample': 0.85}",0.9837793183573613,0.9922425913464957,0.9971771221387733,0.9894139180456464,0.9906532374720691,0.004844424463206821,276
65,0.7003639936447144,0.03698444627180242,0.027266860008239746,0.000268345459520812,0.6,0.1,0.05,8,750,0.5,1.0,1.0,"{'colsample_bytree': 0.6, 'gamma': 0.1, 'learning_rate': 0.05, 'max_depth': 8, 'n_estimators': 750, 'reg_alpha': 0.5, 'reg_lambda': 1.0, 'subsample': 1.0}",0.9851900481181693,0.9915373597517307,0.9964713903718013,0.988708263606662,0.9904767654620907,0.00412726807775173,403
66,1.154139220714569,0.027502655926585382,0.04089635610580444,0.0022772112873157466,0.6,0.1,0.05,8,750,0.5,1.5,0.7,"{'colsample_bytree': 0.6, 'gamma': 0.1, 'learning_rate': 0.05, 'max_depth': 8, 'n_estimators': 750, 'reg_alpha': 0.5, 'reg_lambda': 1.5, 'subsample': 0.7}",0.9844846965672964,0.9922425913464957,0.9964714114603177,0.9908255235816565,0.9910060557389415,0.004299995662071719,114
67,1.0739859342575073,0.048968626642877926,0.038150012493133545,0.0023260602486476134,0.6,0.1,0.05,8,750,0.5,1.5,0.85,"{'colsample_bytree': 0.6, 'gamma': 0.1, 'learning_rate': 0.05, 'max_depth': 8, 'n_estimators': 750, 'reg_alpha': 0.5, 'reg_lambda': 1.5, 'subsample': 0.85}",0.9837793183573613,0.9915373597517307,0.9971771221387733,0.9894139180456464,0.990476929573378,0.004795963982494614,378
68,0.7629964351654053,0.024925624966295794,0.027383148670196533,0.0009681681271582816,0.6,0.1,0.05,8,750,0.5,1.5,1.0,"{'colsample_bytree': 0.6, 'gamma': 0.1, 'learning_rate': 0.05, 'max_depth': 8, 'n_estimators': 750, 'reg_alpha': 0.5, 'reg_lambda': 1.5, 'subsample': 1.0}",0.9844846965672964,0.9915373597517307,0.9957656494662985,0.9872967965574946,0.9897711255857051,0.004275585795851831,832
69,1.1286270022392273,0.06922928547032188,0.042383670806884766,0.0016260954359297167,0.6,0.1,0.05,8,750,0.5,2.0,0.7,"{'colsample_bytree': 0.6, 'gamma': 0.1, 'learning_rate': 0.05, 'max_depth': 8, 'n_estimators': 750, 'reg_alpha': 0.5, 'reg_lambda': 2.0, 'subsample': 0.7}",0.9837789956545375,0.9922425913464957,0.9964714114603177,0.9908255235816565,0.9908296305107518,0.004569945824316772,191
70,1.0948586463928223,0.01760654956772866,0.03713643550872803,0.001236171403645718,0.6,0.1,0.05,8,750,0.5,2.0,0.85,"{'colsample_bytree': 0.6, 'gamma': 0.1, 'learning_rate': 0.05, 'max_depth': 8, 'n_estimators': 750, 'reg_alpha': 0.5, 'reg_lambda': 2.0, 'subsample': 0.85}",0.9837793183573613,0.9922425913464957,0.9964713903718013,0.988708263606662,0.9903003909205801,0.004661347269832199,495
71,0.7661404013633728,0.029191333201085714,0.029003143310546875,0.0021211998012494746,0.6,0.1,0.05,8,750,0.5,2.0,1.0,"{'colsample_bytree': 0.6, 'gamma': 0.1, 'learning_rate': 0.05, 'max_depth': 8, 'n_estimators': 750, 'reg_alpha': 0.5, 'reg_lambda': 2.0, 'subsample': 1.0}",0.9844846965672964,0.9915373597517307,0.9957656494662985,0.9865909628578188,0.9895946671607861,0.004387172099537821,922
72,1.0523330569267273,0.05483359721832308,0.037012577056884766,0.002662419915209931,0.6,0.1,0.05,8,750,1.0,1.0,0.7,"{'colsample_bytree': 0.6, 'gamma': 0.1, 'learning_rate': 0.05, 'max_depth': 8, 'n_estimators': 750, 'reg_alpha': 1.0, 'reg_lambda': 1.0, 'subsample': 0.7}",0.9830742144370506,0.9901268607873446,0.9957656832081598,0.988708263606662,0.9894187555098042,0.00451505549413634,961
73,0.9710437059402466,0.0546015833088732,0.032142817974090576,0.0029869912433962585,0.6,0.1,0.05,8,750,1.0,1.0,0.85,"{'colsample_bytree': 0.6, 'gamma': 0.1, 'learning_rate': 0.05, 'max_depth': 8, 'n_estimators': 750, 'reg_alpha': 1.0, 'reg_lambda': 1.0, 'subsample': 0.85}",0.9830742144370506,0.9901268607873446,0.9957656832081598,0.9872965940966467,0.9890658381323004,0.004610950880192998,1169
74,0.6700658202171326,0.01911490420377318,0.025750398635864258,0.0004355370084380961,0.6,0.1,0.05,8,750,1.0,1.0,1.0,"{'colsample_bytree': 0.6, 'gamma': 0.1, 'learning_rate': 0.05, 'max_depth': 8, 'n_estimators': 750, 'reg_alpha': 1.0, 'reg_lambda': 1.0, 'subsample': 1.0}",0.9851902248919406,0.9901268607873446,0.9957656494662985,0.9865909628578188,0.9894184245008506,0.00408232035764066,1019
75,1.059933841228485,0.020390921750862274,0.03664517402648926,0.00020496386401631635,0.6,0.1,0.05,8,750,1.0,1.5,0.7,"{'colsample_bytree': 0.6, 'gamma': 0.1, 'learning_rate': 0.05, 'max_depth': 8, 'n_estimators': 750, 'reg_alpha': 1.0, 'reg_lambda': 1.5, 'subsample': 0.7}",0.9830742144370506,0.9901268607873446,0.9957656832081598,0.988708398576796,0.9894187892523377,0.004515050184765693,953
76,1.03786301612854,0.02566378862939616,0.037517249584198,0.0026060118442129605,0.6,0.1,0.05,8,750,1.0,1.5,0.85,"{'colsample_bytree': 0.6, 'gamma': 0.1, 'learning_rate': 0.05, 'max_depth': 8, 'n_estimators': 750, 'reg_alpha': 1.0, 'reg_lambda': 1.5, 'subsample': 0.85}",0.9816639876499984,0.9901268607873446,0.9957656832081598,0.9880024404517326,0.9888897430243089,0.0050449940623402125,1207
77,0.6678184866905212,0.028895905033082092,0.02488332986831665,0.002015723165432695,0.6,0.1,0.05,8,750,1.0,1.5,1.0,"{'colsample_bytree': 0.6, 'gamma': 0.1, 'learning_rate': 0.05, 'max_depth': 8, 'n_estimators': 750, 'reg_alpha': 1.0, 'reg_lambda': 1.5, 'subsample': 1.0}",0.9844850669515415,0.9901268607873446,0.9957656494662985,0.9865909628578188,0.9892421350157509,0.004271925527673131,1093
78,1.1164917945861816,0.08311583821145745,0.042131900787353516,0.006961918227635108,0.6,0.1,0.05,8,750,1.0,2.0,0.7,"{'colsample_bytree': 0.6, 'gamma': 0.1, 'learning_rate': 0.05, 'max_depth': 8, 'n_estimators': 750, 'reg_alpha': 1.0, 'reg_lambda': 2.0, 'subsample': 0.7}",0.9816637323068047,0.9901268607873446,0.9957656832081598,0.9880026077606279,0.9888897210157342,0.005045078137034371,1209
79,1.0695509314537048,0.08856495002311701,0.03339982032775879,0.0009713913187536351,0.6,0.1,0.05,8,750,1.0,2.0,0.85,"{'colsample_bytree': 0.6, 'gamma': 0.1, 'learning_rate': 0.05, 'max_depth': 8, 'n_estimators': 750, 'reg_alpha': 1.0, 'reg_lambda': 2.0, 'subsample': 0.85}",0.980958633294789,0.9901268607873446,0.995059946520522,0.9880024404517326,0.9885369702635971,0.0050693659479880354,1379
80,0.7276267409324646,0.09209712592124605,0.02763468027114868,0.003713993290180697,0.6,0.1,0.05,8,750,1.0,2.0,1.0,"{'colsample_bytree': 0.6, 'gamma': 0.1, 'learning_rate': 0.05, 'max_depth': 8, 'n_estimators': 750, 'reg_alpha': 1.0, 'reg_lambda': 2.0, 'subsample': 1.0}",0.9837798991900891,0.9901268607873446,0.995059946520522,0.9858851045518296,0.9887129527624463,0.004319004767245492,1357
81,1.4772767424583435,0.11592508506176318,0.05313807725906372,0.008982862037936905,0.6,0.1,0.05,8,900,0.1,1.0,0.7,"{'colsample_bytree': 0.6, 'gamma': 0.1, 'learning_rate': 0.05, 'max_depth': 8, 'n_estimators': 900, 'reg_alpha': 0.1, 'reg_lambda': 1.0, 'subsample': 0.7}",0.984484418767507,0.9922425913464957,0.9971771221387733,0.9901198487546965,0.9910059952518682,0.004553245886490025,122
82,1.300961434841156,0.11755320600319615,0.04763996601104736,0.008093585286790104,0.6,0.1,0.05,8,900,0.1,1.0,0.85,"{'colsample_bytree': 0.6, 'gamma': 0.1, 'learning_rate': 0.05, 'max_depth': 8, 'n_estimators': 900, 'reg_alpha': 0.1, 'reg_lambda': 1.0, 'subsample': 0.85}",0.9837789956545375,0.9922425913464957,0.9971771221387733,0.9908256149666836,0.9910060810266226,0.004792547265108682,106
83,0.9103357791900635,0.0626133215317626,0.03000020980834961,0.0012255325956179184,0.6,0.1,0.05,8,900,0.1,1.0,1.0,"{'colsample_bytree': 0.6, 'gamma': 0.1, 'learning_rate': 0.05, 'max_depth': 8, 'n_estimators': 900, 'reg_alpha': 0.1, 'reg_lambda': 1.0, 'subsample': 1.0}",0.9858951786975421,0.9915373597517307,0.9971771221387733,0.988708263606662,0.9908294810486771,0.0041725454699631645,203
84,1.3567379713058472,0.07156273476698011,0.04926502704620361,0.0013325045403773969,0.6,0.1,0.05,8,900,0.1,1.5,0.7,"{'colsample_bytree': 0.6, 'gamma': 0.1, 'learning_rate': 0.05, 'max_depth': 8, 'n_estimators': 900, 'reg_alpha': 0.1, 'reg_lambda': 1.5, 'subsample': 0.7}",0.984484418767507,0.9915373765867419,0.9964714114603177,0.9908255235816565,0.9908296825990557,0.004260056505305689,186
85,1.2863360047340393,0.08399680991443159,0.043402671813964844,0.0005385085664737344,0.6,0.1,0.05,8,900,0.1,1.5,0.85,"{'colsample_bytree': 0.6, 'gamma': 0.1, 'learning_rate': 0.05, 'max_depth': 8, 'n_estimators': 900, 'reg_alpha': 0.1, 'reg_lambda': 1.5, 'subsample': 0.85}",0.9837789956545375,0.9922425913464957,0.9971771221387733,0.9908255235816565,0.9910060581803657,0.004792548125560603,112
86,0.8614564538002014,0.08231332805496795,0.030886173248291016,0.002556610010259721,0.6,0.1,0.05,8,900,0.1,1.5,1.0,"{'colsample_bytree': 0.6, 'gamma': 0.1, 'learning_rate': 0.05, 'max_depth': 8, 'n_estimators': 900, 'reg_alpha': 0.1, 'reg_lambda': 1.5, 'subsample': 1.0}",0.9844846965672964,0.9922425913464957,0.9971771221387733,0.988708263606662,0.9906531684148068,0.004661569936580055,287
87,1.4402914643287659,0.11856723161930614,0.05313378572463989,0.008382440013224112,0.6,0.1,0.05,8,900,0.1,2.0,0.7,"{'colsample_bytree': 0.6, 'gamma': 0.1, 'learning_rate': 0.05, 'max_depth': 8, 'n_estimators': 900, 'reg_alpha': 0.1, 'reg_lambda': 2.0, 'subsample': 0.7}",0.984484418767507,0.9915373765867419,0.9964714114603177,0.9908255235816565,0.9908296825990557,0.004260056505305689,186
88,1.3848627209663391,0.16292113622437654,0.04815363883972168,0.007059446939281157,0.6,0.1,0.05,8,900,0.1,2.0,0.85,"{'colsample_bytree': 0.6, 'gamma': 0.1, 'learning_rate': 0.05, 'max_depth': 8, 'n_estimators': 900, 'reg_alpha': 0.1, 'reg_lambda': 2.0, 'subsample': 0.85}",0.9830735409682778,0.9922425913464957,0.9978828468761907,0.9915312989325971,0.9911825695308903,0.0052890291920726015,50
89,0.9397111535072327,0.08334344548082993,0.035631418228149414,0.0037955077094573055,0.6,0.1,0.05,8,900,0.1,2.0,1.0,"{'colsample_bytree': 0.6, 'gamma': 0.1, 'learning_rate': 0.05, 'max_depth': 8, 'n_estimators': 900, 'reg_alpha': 0.1, 'reg_lambda': 2.0, 'subsample': 1.0}",0.9858951786975421,0.9915373597517307,0.9971771221387733,0.9880024404517326,0.9906530252599447,0.004272253249591924,319
90,1.2688220143318176,0.09075198181938958,0.04176455736160278,0.001030085248161697,0.6,0.1,0.05,8,900,0.5,1.0,0.7,"{'colsample_bytree': 0.6, 'gamma': 0.1, 'learning_rate': 0.05, 'max_depth': 8, 'n_estimators': 900, 'reg_alpha': 0.5, 'reg_lambda': 1.0, 'subsample': 0.7}",0.985189812413243,0.9922425913464957,0.9971771221387733,0.9901198487546965,0.9911823436633023,0.0043040916676297105,75
91,1.1395108699798584,0.04600281055645682,0.03676414489746094,0.0005630895935312526,0.6,0.1,0.05,8,900,0.5,1.0,0.85,"{'colsample_bytree': 0.6, 'gamma': 0.1, 'learning_rate': 0.05, 'max_depth': 8, 'n_estimators': 900, 'reg_alpha': 0.5, 'reg_lambda': 1.0, 'subsample': 0.85}",0.9837793183573613,0.9922425913464957,0.9971771221387733,0.9894139180456464,0.9906532374720691,0.004844424463206821,276
92,0.7885276675224304,0.04890270396110808,0.029880404472351074,0.0033350983182529304,0.6,0.1,0.05,8,900,0.5,1.0,1.0,"{'colsample_bytree': 0.6, 'gamma': 0.1, 'learning_rate': 0.05, 'max_depth': 8, 'n_estimators': 900, 'reg_alpha': 0.5, 'reg_lambda': 1.0, 'subsample': 1.0}",0.9851900481181693,0.9915373597517307,0.9964713903718013,0.988708263606662,0.9904767654620907,0.00412726807775173,403
93,1.2850611805915833,0.08273810980818658,0.04513263702392578,0.003092934614402483,0.6,0.1,0.05,8,900,0.5,1.5,0.7,"{'colsample_bytree': 0.6, 'gamma': 0.1, 'learning_rate': 0.05, 'max_depth': 8, 'n_estimators': 900, 'reg_alpha': 0.5, 'reg_lambda': 1.5, 'subsample': 0.7}",0.985189812413243,0.9922425913464957,0.997177133385926,0.9908255235816565,0.9913587651818303,0.004271266852849261,31
94,1.2259194254875183,0.07736772422856136,0.040254056453704834,0.0031134736928316383,0.6,0.1,0.05,8,900,0.5,1.5,0.85,"{'colsample_bytree': 0.6, 'gamma': 0.1, 'learning_rate': 0.05, 'max_depth': 8, 'n_estimators': 900, 'reg_alpha': 0.5, 'reg_lambda': 1.5, 'subsample': 0.85}",0.9837793183573613,0.9915373597517307,0.9971771221387733,0.9894139180456464,0.990476929573378,0.004795963982494614,378
95,0.799265444278717,0.01104581286302161,0.0281333327293396,0.0007446981395173519,0.6,0.1,0.05,8,900,0.5,1.5,1.0,"{'colsample_bytree': 0.6, 'gamma': 0.1, 'learning_rate': 0.05, 'max_depth': 8, 'n_estimators': 900, 'reg_alpha': 0.5, 'reg_lambda': 1.5, 'subsample': 1.0}",0.9844846965672964,0.9915373597517307,0.9957656494662985,0.9872967965574946,0.9897711255857051,0.004275585795851831,832
96,1.3089339137077332,0.01680770614777002,0.04338836669921875,0.0021162050876485316,0.6,0.1,0.05,8,900,0.5,2.0,0.7,"{'colsample_bytree': 0.6, 'gamma': 0.1, 'learning_rate': 0.05, 'max_depth': 8, 'n_estimators': 900, 'reg_alpha': 0.5, 'reg_lambda': 2.0, 'subsample': 0.7}",0.9837789956545375,0.9922425913464957,0.9964714114603177,0.9908255235816565,0.9908296305107518,0.004569945824316772,191
97,1.1817760467529297,0.06841339772218126,0.039646685123443604,0.0030992789243034346,0.6,0.1,0.05,8,900,0.5,2.0,0.85,"{'colsample_bytree': 0.6, 'gamma': 0.1, 'learning_rate': 0.05, 'max_depth': 8, 'n_estimators': 900, 'reg_alpha': 0.5, 'reg_lambda': 2.0, 'subsample': 0.85}",0.9837795765103758,0.9922425913464957,0.9964713903718013,0.9894139180456464,0.9904768690685798,0.004610738913255516,389
98,0.8094157576560974,0.012967467341879887,0.027754783630371094,0.0008260455104488273,0.6,0.1,0.05,8,900,0.5,2.0,1.0,"{'colsample_bytree': 0.6, 'gamma': 0.1, 'learning_rate': 0.05, 'max_depth': 8, 'n_estimators': 900, 'reg_alpha': 0.5, 'reg_lambda': 2.0, 'subsample': 1.0}",0.9844846965672964,0.9915373597517307,0.9957656494662985,0.9865909628578188,0.9895946671607861,0.004387172099537821,922
99,1.253203272819519,0.08423701947509826,0.04238581657409668,0.005482944124619644,0.6,0.1,0.05,8,900,1.0,1.0,0.7,"{'colsample_bytree': 0.6, 'gamma': 0.1, 'learning_rate': 0.05, 'max_depth': 8, 'n_estimators': 900, 'reg_alpha': 1.0, 'reg_lambda': 1.0, 'subsample': 0.7}",0.9830742144370506,0.9908321169335286,0.995059946520522,0.9901197306558291,0.9897715021367326,0.004303123092053042,761
100,1.1722997426986694,0.1040225675828712,0.03464585542678833,0.0029756753146739407,0.6,0.1,0.05,8,900,1.0,1.0,0.85,"{'colsample_bytree': 0.6, 'gamma': 0.1, 'learning_rate': 0.05, 'max_depth': 8, 'n_estimators': 900, 'reg_alpha': 1.0, 'reg_lambda': 1.0, 'subsample': 0.85}",0.9823691049025824,0.9901268607873446,0.9964714114603177,0.9880024404517326,0.9892424544004943,0.0050453087800312315,1043
101,0.8282903432846069,0.08991547458168446,0.02763134241104126,0.0016344293654405706,0.6,0.1,0.05,8,900,1.0,1.0,1.0,"{'colsample_bytree': 0.6, 'gamma': 0.1, 'learning_rate': 0.05, 'max_depth': 8, 'n_estimators': 900, 'reg_alpha': 1.0, 'reg_lambda': 1.0, 'subsample': 1.0}",0.9851902248919406,0.9901268607873446,0.9957656494662985,0.9865909628578188,0.9894184245008506,0.00408232035764066,1019
102,1.3295724391937256,0.07887792983980363,0.03963267803192139,0.0030207182747053326,0.6,0.1,0.05,8,900,1.0,1.5,0.7,"{'colsample_bytree': 0.6, 'gamma': 0.1, 'learning_rate': 0.05, 'max_depth': 8, 'n_estimators': 900, 'reg_alpha': 1.0, 'reg_lambda': 1.5, 'subsample': 0.7}",0.9830742144370506,0.9908321169335286,0.9957656832081598,0.9894140656711423,0.9897715200624704,0.004528701078184554,760
103,1.1017292737960815,0.03384535372355609,0.03263449668884277,0.0019124774224555151,0.6,0.1,0.05,8,900,1.0,1.5,0.85,"{'colsample_bytree': 0.6, 'gamma': 0.1, 'learning_rate': 0.05, 'max_depth': 8, 'n_estimators': 900, 'reg_alpha': 1.0, 'reg_lambda': 1.5, 'subsample': 0.85}",0.9823691049025824,0.9901268607873446,0.9957656832081598,0.9880024404517326,0.9890660223374549,0.004795590254503465,1131
104,0.731220006942749,0.020904206580451654,0.026382088661193848,0.0012875202891285413,0.6,0.1,0.05,8,900,1.0,1.5,1.0,"{'colsample_bytree': 0.6, 'gamma': 0.1, 'learning_rate': 0.05, 'max_depth': 8, 'n_estimators': 900, 'reg_alpha': 1.0, 'reg_lambda': 1.5, 'subsample': 1.0}",0.9844850669515415,0.9901268607873446,0.9957656494662985,0.9865909628578188,0.9892421350157509,0.004271925527673131,1093
105,1.2187561988830566,0.027220970689641483,0.04263114929199219,0.007206605979970731,0.6,0.1,0.05,8,900,1.0,2.0,0.7,"{'colsample_bytree': 0.6, 'gamma': 0.1, 'learning_rate': 0.05, 'max_depth': 8, 'n_estimators': 900, 'reg_alpha': 1.0, 'reg_lambda': 2.0, 'subsample': 0.7}",0.9823688243014796,0.9901268607873446,0.9950599760444447,0.9894140656711423,0.9892424317011028,0.00452498546680445,1044
106,1.2059956192970276,0.15516255427878212,0.03714841604232788,0.004968319606446398,0.6,0.1,0.05,8,900,1.0,2.0,0.85,"{'colsample_bytree': 0.6, 'gamma': 0.1, 'learning_rate': 0.05, 'max_depth': 8, 'n_estimators': 900, 'reg_alpha': 1.0, 'reg_lambda': 2.0, 'subsample': 0.85}",0.9816639876499984,0.9901268607873446,0.995059946520522,0.9880024404517326,0.9887133088523994,0.00480822737765454,1288
107,0.7997613549232483,0.08436549801569203,0.029631733894348145,0.008055677683098018,0.6,0.1,0.05,8,900,1.0,2.0,1.0,"{'colsample_bytree': 0.6, 'gamma': 0.1, 'learning_rate': 0.05, 'max_depth': 8, 'n_estimators': 900, 'reg_alpha': 1.0, 'reg_lambda': 2.0, 'subsample': 1.0}",0.9837798991900891,0.9901268607873446,0.995059946520522,0.9858851045518296,0.9887129527624463,0.004319004767245492,1357
108,0.9684353470802307,0.08434814360461446,0.033515095710754395,0.0041638304390262835,0.6,0.1,0.1,4,750,0.1,1.0,0.7,"{'colsample_bytree': 0.6, 'gamma': 0.1, 'learning_rate': 0.1, 'max_depth': 4, 'n_estimators': 750, 'reg_alpha': 0.1, 'reg_lambda': 1.0, 'subsample': 0.7}",0.9809569664048577,0.9922425913464957,0.9957657000788889,0.9908255235816565,0.9899476953529747,0.00549362166583706,700
109,0.8589009642601013,0.11537869224708082,0.028131067752838135,0.00548125759620789,0.6,0.1,0.1,4,750,0.1,1.0,0.85,"{'colsample_bytree': 0.6, 'gamma': 0.1, 'learning_rate': 0.1, 'max_depth': 4, 'n_estimators': 750, 'reg_alpha': 0.1, 'reg_lambda': 1.0, 'subsample': 0.85}",0.9816625284502379,0.9915373765867419,0.997177133385926,0.9901197306558291,0.9901241922696837,0.005552946128013385,567
110,0.6180580854415894,0.022538629104978527,0.020381629467010498,0.0022645639832875072,0.6,0.1,0.1,4,750,0.1,1.0,1.0,"{'colsample_bytree': 0.6, 'gamma': 0.1, 'learning_rate': 0.1, 'max_depth': 4, 'n_estimators': 750, 'reg_alpha': 0.1, 'reg_lambda': 1.0, 'subsample': 1.0}",0.9816625284502379,0.9901268607873446,0.9957656832081598,0.9901197306558291,0.9894187007753928,0.005035755371221474,978
111,0.8605103492736816,0.07110088281395081,0.028387367725372314,0.0009647971607240353,0.6,0.1,0.1,4,750,0.1,1.5,0.7,"{'colsample_bytree': 0.6, 'gamma': 0.1, 'learning_rate': 0.1, 'max_depth': 4, 'n_estimators': 750, 'reg_alpha': 0.1, 'reg_lambda': 1.5, 'subsample': 0.7}",0.9809569664048577,0.990832153409495,0.9957657000788889,0.9908255235816565,0.9895950858687246,0.005379077538680533,869
112,0.7686057090759277,0.03334807195757821,0.027505040168762207,0.0038445023695617784,0.6,0.1,0.1,4,750,0.1,1.5,0.85,"{'colsample_bytree': 0.6, 'gamma': 0.1, 'learning_rate': 0.1, 'max_depth': 4, 'n_estimators': 750, 'reg_alpha': 0.1, 'reg_lambda': 1.5, 'subsample': 0.85}",0.9816625284502379,0.9915373765867419,0.9964714184897671,0.9908255235816565,0.9901242117771007,0.0053473355702593085,564
113,0.5216515064239502,0.0801339911680573,0.01963120698928833,0.0032670960329407644,0.6,0.1,0.1,4,750,0.1,1.5,1.0,"{'colsample_bytree': 0.6, 'gamma': 0.1, 'learning_rate': 0.1, 'max_depth': 4, 'n_estimators': 750, 'reg_alpha': 0.1, 'reg_lambda': 1.5, 'subsample': 1.0}",0.9802513643589452,0.9901268607873446,0.9957656494662985,0.9887080836414638,0.9887129895635131,0.005552885932391049,1347
114,1.0990862846374512,0.11581447747454574,0.03613591194152832,0.004566704861428163,0.6,0.1,0.1,4,750,0.1,2.0,0.7,"{'colsample_bytree': 0.6, 'gamma': 0.1, 'learning_rate': 0.1, 'max_depth': 4, 'n_estimators': 750, 'reg_alpha': 0.1, 'reg_lambda': 2.0, 'subsample': 0.7}",0.979546371323736,0.9915373597517307,0.9957657000788889,0.9908255235816565,0.989418738684003,0.006004480727363578,965
115,1.026071846485138,0.13319635869503174,0.031880080699920654,0.0061747652285241116,0.6,0.1,0.1,4,750,0.1,2.0,0.85,"{'colsample_bytree': 0.6, 'gamma': 0.1, 'learning_rate': 0.1, 'max_depth': 4, 'n_estimators': 750, 'reg_alpha': 0.1, 'reg_lambda': 2.0, 'subsample': 0.85}",0.9809569664048577,0.9915373765867419,0.997177133385926,0.9908255235816565,0.9901242499897955,0.005836757746294617,554
116,0.4929065704345703,0.061757782298334014,0.01788109540939331,0.001435905384140506,0.6,0.1,0.1,4,750,0.1,2.0,1.0,"{'colsample_bytree': 0.6, 'gamma': 0.1, 'learning_rate': 0.1, 'max_depth': 4, 'n_estimators': 750, 'reg_alpha': 0.1, 'reg_lambda': 2.0, 'subsample': 1.0}",0.9802519537156409,0.9901268607873446,0.9957656832081598,0.988708263606662,0.9887131903294517,0.0055526720881760635,1305
117,0.7895017862319946,0.026421755870142477,0.02513110637664795,0.0007418441021387819,0.6,0.1,0.1,4,750,0.5,1.0,0.7,"{'colsample_bytree': 0.6, 'gamma': 0.1, 'learning_rate': 0.1, 'max_depth': 4, 'n_estimators': 750, 'reg_alpha': 0.5, 'reg_lambda': 1.0, 'subsample': 0.7}",0.9795469410187734,0.990832153409495,0.9964714114603177,0.9894139180456464,0.9890661059835582,0.006096985885913286,1122
118,0.807753324508667,0.1125681079248586,0.025259435176849365,0.004503027679587379,0.6,0.1,0.1,4,750,0.5,1.0,0.85,"{'colsample_bytree': 0.6, 'gamma': 0.1, 'learning_rate': 0.1, 'max_depth': 4, 'n_estimators': 750, 'reg_alpha': 0.5, 'reg_lambda': 1.0, 'subsample': 0.85}",0.9816625284502379,0.9922425913464957,0.9978828468761907,0.9894139180456464,0.9903004711796427,0.005845174997422528,478
119,0.4141276478767395,0.015792436478843715,0.014626502990722656,0.0008189404197062976,0.6,0.1,0.1,4,750,0.5,1.0,1.0,"{'colsample_bytree': 0.6, 'gamma': 0.1, 'learning_rate': 0.1, 'max_depth': 4, 'n_estimators': 750, 'reg_alpha': 0.5, 'reg_lambda': 1.0, 'subsample': 1.0}",0.9802524644629909,0.9887164123283938,0.9943542442775466,0.9865909628578188,0.9874785209816875,0.00504508667076477,1761
120,0.8726381659507751,0.10166200362337943,0.028392910957336426,0.001427896787314474,0.6,0.1,0.1,4,750,0.5,1.5,0.7,"{'colsample_bytree': 0.6, 'gamma': 0.1, 'learning_rate': 0.1, 'max_depth': 4, 'n_estimators': 750, 'reg_alpha': 0.5, 'reg_lambda': 1.5, 'subsample': 0.7}",0.9795469410187734,0.990832153409495,0.9964714114603177,0.9901197306558291,0.9892425591361038,0.00611468634582785,1032
121,0.8209852576255798,0.08806226649346606,0.026265323162078857,0.0037296216289568578,0.6,0.1,0.1,4,750,0.5,1.5,0.85,"{'colsample_bytree': 0.6, 'gamma': 0.1, 'learning_rate': 0.1, 'max_depth': 4, 'n_estimators': 750, 'reg_alpha': 0.5, 'reg_lambda': 1.5, 'subsample': 0.85}",0.9802524644629909,0.9915373597517307,0.9978828468761907,0.988002225333439,0.9894187241060878,0.006367039655207631,973
122,0.4429967999458313,0.03433342493444705,0.0177537202835083,0.002770500058437731,0.6,0.1,0.1,4,750,0.5,1.5,1.0,"{'colsample_bytree': 0.6, 'gamma': 0.1, 'learning_rate': 0.1, 'max_depth': 4, 'n_estimators': 750, 'reg_alpha': 0.5, 'reg_lambda': 1.5, 'subsample': 1.0}",0.979546371323736,0.9901268607873446,0.9936485026692425,0.9865909628578188,0.9874781744095356,0.0052151015064409,1795
123,1.0304393768310547,0.18046408452367768,0.0463939905166626,0.032160096541500274,0.6,0.1,0.1,4,750,0.5,2.0,0.7,"{'colsample_bytree': 0.6, 'gamma': 0.1, 'learning_rate': 0.1, 'max_depth': 4, 'n_estimators': 750, 'reg_alpha': 0.5, 'reg_lambda': 2.0, 'subsample': 0.7}",0.9788419262103473,0.990832153409495,0.9964714114603177,0.9894139180456464,0.9888898522814515,0.006373539764334786,1202
124,0.7988646626472473,0.06361511253327293,0.02676171064376831,0.00511193266660107,0.6,0.1,0.1,4,750,0.5,2.0,0.85,"{'colsample_bytree': 0.6, 'gamma': 0.1, 'learning_rate': 0.1, 'max_depth': 4, 'n_estimators': 750, 'reg_alpha': 0.5, 'reg_lambda': 2.0, 'subsample': 0.85}",0.9802524644629909,0.9908321169335286,0.9971771221387733,0.9894139180456464,0.9894189053952348,0.0060458820309707674,937
125,0.45088720321655273,0.027253360318259024,0.015380918979644775,0.0010833191314028067,0.6,0.1,0.1,4,750,0.5,2.0,1.0,"{'colsample_bytree': 0.6, 'gamma': 0.1, 'learning_rate': 0.1, 'max_depth': 4, 'n_estimators': 750, 'reg_alpha': 0.5, 'reg_lambda': 2.0, 'subsample': 1.0}",0.979546371323736,0.989421589208529,0.995059946520522,0.9858851045518296,0.9874782529011541,0.005628310162976647,1781
126,0.7689847946166992,0.030189660382859647,0.024132370948791504,0.0005353905788721318,0.6,0.1,0.1,4,750,1.0,1.0,0.7,"{'colsample_bytree': 0.6, 'gamma': 0.1, 'learning_rate': 0.1, 'max_depth': 4, 'n_estimators': 750, 'reg_alpha': 1.0, 'reg_lambda': 1.0, 'subsample': 0.7}",0.9788419262103473,0.9915373092462954,0.9943541992883981,0.9858848233461237,0.9876545645227911,0.005932018847719019,1736
127,0.7861300706863403,0.04373256642410426,0.022255778312683105,0.0008275284694738633,0.6,0.1,0.1,4,750,1.0,1.0,0.85,"{'colsample_bytree': 0.6, 'gamma': 0.1, 'learning_rate': 0.1, 'max_depth': 4, 'n_estimators': 750, 'reg_alpha': 1.0, 'reg_lambda': 1.0, 'subsample': 0.85}",0.9795474293035473,0.9908321169335286,0.9964713903718013,0.9887080836414638,0.9888897550625853,0.006094383042869931,1205
128,0.40212321281433105,0.012903527334557843,0.014000356197357178,0.0007076459705637877,0.6,0.1,0.1,4,750,1.0,1.0,1.0,"{'colsample_bytree': 0.6, 'gamma': 0.1, 'learning_rate': 0.1, 'max_depth': 4, 'n_estimators': 750, 'reg_alpha': 1.0, 'reg_lambda': 1.0, 'subsample': 1.0}",0.9795469410187734,0.9901268607873446,0.9936485406285719,0.9858853295083274,0.9873019179857543,0.0052537203835797365,1828
129,0.9035312533378601,0.015025574456637951,0.026885628700256348,0.0012355301246340376,0.6,0.1,0.1,4,750,1.0,1.5,0.7,"{'colsample_bytree': 0.6, 'gamma': 0.1, 'learning_rate': 0.1, 'max_depth': 4, 'n_estimators': 750, 'reg_alpha': 1.0, 'reg_lambda': 1.5, 'subsample': 0.7}",0.9809574968105822,0.990832043980725,0.9943541992883981,0.9872965940966467,0.988360083544088,0.0049489724213310085,1514
130,0.8143730163574219,0.05492457285249727,0.022761046886444092,0.0007464609361641007,0.6,0.1,0.1,4,750,1.0,1.5,0.85,"{'colsample_bytree': 0.6, 'gamma': 0.1, 'learning_rate': 0.1, 'max_depth': 4, 'n_estimators': 750, 'reg_alpha': 1.0, 'reg_lambda': 1.5, 'subsample': 0.85}",0.9795469410187734,0.9901268607873446,0.995059946520522,0.9865907224314905,0.9878311176895327,0.005650056772887761,1666
131,0.4046263098716736,0.013358092050122073,0.014633119106292725,0.0006521608780329968,0.6,0.1,0.1,4,750,1.0,1.5,1.0,"{'colsample_bytree': 0.6, 'gamma': 0.1, 'learning_rate': 0.1, 'max_depth': 4, 'n_estimators': 750, 'reg_alpha': 1.0, 'reg_lambda': 1.5, 'subsample': 1.0}",0.9788413789810437,0.9901268607873446,0.9936485406285719,0.9865909628578188,0.9873019358136947,0.005485118463749826,1826
132,0.8846485614776611,0.11763950518423982,0.026141345500946045,0.0005337855584598873,0.6,0.1,0.1,4,750,1.0,2.0,0.7,"{'colsample_bytree': 0.6, 'gamma': 0.1, 'learning_rate': 0.1, 'max_depth': 4, 'n_estimators': 750, 'reg_alpha': 1.0, 'reg_lambda': 2.0, 'subsample': 0.7}",0.9802524644629909,0.9901267625807684,0.9936485026692425,0.9865907224314905,0.987654613036123,0.004948785280815277,1728
133,0.7684900760650635,0.022231378878840857,0.022763490676879883,0.0008910555258966778,0.6,0.1,0.1,4,750,1.0,2.0,0.85,"{'colsample_bytree': 0.6, 'gamma': 0.1, 'learning_rate': 0.1, 'max_depth': 4, 'n_estimators': 750, 'reg_alpha': 1.0, 'reg_lambda': 2.0, 'subsample': 0.85}",0.9802524644629909,0.9908321169335286,0.9936485026692425,0.9865907224314905,0.9878309516243131,0.005045357506625608,1687
134,0.40687841176986694,0.018794529126478516,0.014631509780883789,0.00095273163517537,0.6,0.1,0.1,4,750,1.0,2.0,1.0,"{'colsample_bytree': 0.6, 'gamma': 0.1, 'learning_rate': 0.1, 'max_depth': 4, 'n_estimators': 750, 'reg_alpha': 1.0, 'reg_lambda': 2.0, 'subsample': 1.0}",0.9795474293035473,0.9894216733848407,0.9929428053469331,0.9858851045518296,0.9869492531467877,0.00494860935637263,1863
135,1.039196252822876,0.014776054960585963,0.034889280796051025,0.0007332910084509674,0.6,0.1,0.1,4,900,0.1,1.0,0.7,"{'colsample_bytree': 0.6, 'gamma': 0.1, 'learning_rate': 0.1, 'max_depth': 4, 'n_estimators': 900, 'reg_alpha': 0.1, 'reg_lambda': 1.0, 'subsample': 0.7}",0.9809569664048577,0.9922425913464957,0.9964714184897671,0.9908255235816565,0.9901241249556942,0.0056856132251788495,587
136,0.924038290977478,0.04327370258852979,0.0285150408744812,0.001287571698853099,0.6,0.1,0.1,4,900,0.1,1.0,0.85,"{'colsample_bytree': 0.6, 'gamma': 0.1, 'learning_rate': 0.1, 'max_depth': 4, 'n_estimators': 900, 'reg_alpha': 0.1, 'reg_lambda': 1.0, 'subsample': 0.85}",0.9816625284502379,0.9915373765867419,0.997177133385926,0.9901197306558291,0.9901241922696837,0.005552946128013385,567
137,0.5034015774726868,0.02051714081727328,0.0172693133354187,0.0005554264476190613,0.6,0.1,0.1,4,900,0.1,1.0,1.0,"{'colsample_bytree': 0.6, 'gamma': 0.1, 'learning_rate': 0.1, 'max_depth': 4, 'n_estimators': 900, 'reg_alpha': 0.1, 'reg_lambda': 1.0, 'subsample': 1.0}",0.9816625284502379,0.9901268607873446,0.9957656832081598,0.9901197306558291,0.9894187007753928,0.005035755371221474,978
138,0.9910656213760376,0.0327863981874304,0.032135844230651855,0.001424701839307115,0.6,0.1,0.1,4,900,0.1,1.5,0.7,"{'colsample_bytree': 0.6, 'gamma': 0.1, 'learning_rate': 0.1, 'max_depth': 4, 'n_estimators': 900, 'reg_alpha': 0.1, 'reg_lambda': 1.5, 'subsample': 0.7}",0.9802513643589452,0.9915373597517307,0.997177133385926,0.9901197306558291,0.9897713970381078,0.006097456717371179,783
139,0.9980674982070923,0.08028016027336153,0.030504345893859863,0.003503918700490257,0.6,0.1,0.1,4,900,0.1,1.5,0.85,"{'colsample_bytree': 0.6, 'gamma': 0.1, 'learning_rate': 0.1, 'max_depth': 4, 'n_estimators': 900, 'reg_alpha': 0.1, 'reg_lambda': 1.5, 'subsample': 0.85}",0.9816625284502379,0.9915373765867419,0.9964714184897671,0.9908255235816565,0.9901242117771007,0.0053473355702593085,564
140,0.5081609487533569,0.015384479883470968,0.017880916595458984,0.00020592624115397298,0.6,0.1,0.1,4,900,0.1,1.5,1.0,"{'colsample_bytree': 0.6, 'gamma': 0.1, 'learning_rate': 0.1, 'max_depth': 4, 'n_estimators': 900, 'reg_alpha': 0.1, 'reg_lambda': 1.5, 'subsample': 1.0}",0.9802513643589452,0.9901268607873446,0.9957656494662985,0.9887080836414638,0.9887129895635131,0.005552885932391049,1347
141,1.042193591594696,0.021381955647421954,0.03551536798477173,0.001286758195796625,0.6,0.1,0.1,4,900,0.1,2.0,0.7,"{'colsample_bytree': 0.6, 'gamma': 0.1, 'learning_rate': 0.1, 'max_depth': 4, 'n_estimators': 900, 'reg_alpha': 0.1, 'reg_lambda': 2.0, 'subsample': 0.7}",0.9802513643589452,0.990832153409495,0.9964714184897671,0.9908255235816565,0.989595114959966,0.005865863001937019,862
142,0.9507904052734375,0.03973592774379916,0.029633641242980957,0.001859975121833666,0.6,0.1,0.1,4,900,0.1,2.0,0.85,"{'colsample_bytree': 0.6, 'gamma': 0.1, 'learning_rate': 0.1, 'max_depth': 4, 'n_estimators': 900, 'reg_alpha': 0.1, 'reg_lambda': 2.0, 'subsample': 0.85}",0.9809569664048577,0.9915373765867419,0.9964714184897671,0.9908255235816565,0.9899478212657558,0.005627829051789739,668
143,0.5124046206474304,0.011238657921054418,0.017504990100860596,0.0008628425425186469,0.6,0.1,0.1,4,900,0.1,2.0,1.0,"{'colsample_bytree': 0.6, 'gamma': 0.1, 'learning_rate': 0.1, 'max_depth': 4, 'n_estimators': 900, 'reg_alpha': 0.1, 'reg_lambda': 2.0, 'subsample': 1.0}",0.9802519537156409,0.9901268607873446,0.9957656832081598,0.988708263606662,0.9887131903294517,0.0055526720881760635,1305
144,0.9519350528717041,0.039284155583539704,0.02975064516067505,0.0016395953150877493,0.6,0.1,0.1,4,900,0.5,1.0,0.7,"{'colsample_bytree': 0.6, 'gamma': 0.1, 'learning_rate': 0.1, 'max_depth': 4, 'n_estimators': 900, 'reg_alpha': 0.5, 'reg_lambda': 1.0, 'subsample': 0.7}",0.9788413789810437,0.990832153409495,0.997177133385926,0.9894139180456464,0.9890661459555278,0.006587368680526205,1118
145,0.8697885870933533,0.02808961124771257,0.026378512382507324,0.0011882764462183319,0.6,0.1,0.1,4,900,0.5,1.0,0.85,"{'colsample_bytree': 0.6, 'gamma': 0.1, 'learning_rate': 0.1, 'max_depth': 4, 'n_estimators': 900, 'reg_alpha': 0.5, 'reg_lambda': 1.0, 'subsample': 0.85}",0.9809574968105822,0.9915373597517307,0.998588566692963,0.9894139180456464,0.9901243353252306,0.006288391522105729,536
146,0.5174126029014587,0.08640864854993013,0.016131281852722168,0.0007378582696634723,0.6,0.1,0.1,4,900,0.5,1.0,1.0,"{'colsample_bytree': 0.6, 'gamma': 0.1, 'learning_rate': 0.1, 'max_depth': 4, 'n_estimators': 900, 'reg_alpha': 0.5, 'reg_lambda': 1.0, 'subsample': 1.0}",0.9802524644629909,0.9887164123283938,0.9943542442775466,0.9865909628578188,0.9874785209816875,0.00504508667076477,1761
147,0.9917067885398865,0.03038655447042117,0.03313040733337402,0.005125308065030113,0.6,0.1,0.1,4,900,0.5,1.5,0.7,"{'colsample_bytree': 0.6, 'gamma': 0.1, 'learning_rate': 0.1, 'max_depth': 4, 'n_estimators': 900, 'reg_alpha': 0.5, 'reg_lambda': 1.5, 'subsample': 0.7}",0.9802519537156409,0.990832153409495,0.9964714114603177,0.9901197306558291,0.9894188123103207,0.005836507321486866,943
148,0.9193004965782166,0.046745958104374014,0.02650010585784912,0.004503289872525322,0.6,0.1,0.1,4,900,0.5,1.5,0.85,"{'colsample_bytree': 0.6, 'gamma': 0.1, 'learning_rate': 0.1, 'max_depth': 4, 'n_estimators': 900, 'reg_alpha': 0.5, 'reg_lambda': 1.5, 'subsample': 0.85}",0.9809574968105822,0.9915373597517307,0.9978828468761907,0.988002225333439,0.9895949821929856,0.006115647139361048,889
149,0.4999086856842041,0.023882586234385036,0.01650899648666382,0.0009409023824242326,0.6,0.1,0.1,4,900,0.5,1.5,1.0,"{'colsample_bytree': 0.6, 'gamma': 0.1, 'learning_rate': 0.1, 'max_depth': 4, 'n_estimators': 900, 'reg_alpha': 0.5, 'reg_lambda': 1.5, 'subsample': 1.0}",0.979546371323736,0.9901268607873446,0.9936485026692425,0.9865909628578188,0.9874781744095356,0.0052151015064409,1795
150,0.9925594329833984,0.0664388384275832,0.03150111436843872,0.00111888602588239,0.6,0.1,0.1,4,900,0.5,2.0,0.7,"{'colsample_bytree': 0.6, 'gamma': 0.1, 'learning_rate': 0.1, 'max_depth': 4, 'n_estimators': 900, 'reg_alpha': 0.5, 'reg_lambda': 2.0, 'subsample': 0.7}",0.9788413789810437,0.9894216733848407,0.9964714114603177,0.9887080836414638,0.9883606368669166,0.006277886845034429,1464
151,7.499996364116669,11.272552159887187,0.035499393939971924,0.007921227891295284,0.6,0.1,0.1,4,900,0.5,2.0,0.85,"{'colsample_bytree': 0.6, 'gamma': 0.1, 'learning_rate': 0.1, 'max_depth': 4, 'n_estimators': 900, 'reg_alpha': 0.5, 'reg_lambda': 2.0, 'subsample': 0.85}",0.9809574968105822,0.9915373597517307,0.9978828468761907,0.9887080836414638,0.9897714467699918,0.006077205677200799,773
152,0.5291687250137329,0.04847842233514348,0.015999913215637207,4.2981520598697533e-07,0.6,0.1,0.1,4,900,0.5,2.0,1.0,"{'colsample_bytree': 0.6, 'gamma': 0.1, 'learning_rate': 0.1, 'max_depth': 4, 'n_estimators': 900, 'reg_alpha': 0.5, 'reg_lambda': 2.0, 'subsample': 1.0}",0.979546371323736,0.989421589208529,0.995059946520522,0.9858851045518296,0.9874782529011541,0.005628310162976647,1781
153,0.9202718734741211,0.0844397565599929,0.028145670890808105,0.0017093851002371301,0.6,0.1,0.1,4,900,1.0,1.0,0.7,"{'colsample_bytree': 0.6, 'gamma': 0.1, 'learning_rate': 0.1, 'max_depth': 4, 'n_estimators': 900, 'reg_alpha': 1.0, 'reg_lambda': 1.0, 'subsample': 0.7}",0.9788419262103473,0.9915373092462954,0.9943541992883981,0.9872963410115112,0.988007443939138,0.005857764828850914,1616
154,0.8867680430412292,0.07096598091686643,0.0245133638381958,0.0012847076068488485,0.6,0.1,0.1,4,900,1.0,1.0,0.85,"{'colsample_bytree': 0.6, 'gamma': 0.1, 'learning_rate': 0.1, 'max_depth': 4, 'n_estimators': 900, 'reg_alpha': 1.0, 'reg_lambda': 1.0, 'subsample': 0.85}",0.9795474293035473,0.9901268607873446,0.9957656832081598,0.9872963410115112,0.9881840785776408,0.005844547034584165,1534
155,0.4437634348869324,0.015670683969536445,0.014379799365997314,0.0006443131282962293,0.6,0.1,0.1,4,900,1.0,1.0,1.0,"{'colsample_bytree': 0.6, 'gamma': 0.1, 'learning_rate': 0.1, 'max_depth': 4, 'n_estimators': 900, 'reg_alpha': 1.0, 'reg_lambda': 1.0, 'subsample': 1.0}",0.9795469410187734,0.9901268607873446,0.9936485406285719,0.9858853295083274,0.9873019179857543,0.0052537203835797365,1828
156,1.0056744813919067,0.06255866427717918,0.029880642890930176,0.0038580112864992095,0.6,0.1,0.1,4,900,1.0,1.5,0.7,"{'colsample_bytree': 0.6, 'gamma': 0.1, 'learning_rate': 0.1, 'max_depth': 4, 'n_estimators': 900, 'reg_alpha': 1.0, 'reg_lambda': 1.5, 'subsample': 0.7}",0.9795474293035473,0.9901268607873446,0.9943541992883981,0.988002225333439,0.9880076786781822,0.0053931694273327705,1588
157,0.9664044380187988,0.07957728768833479,0.025751888751983643,0.0032706467866163145,0.6,0.1,0.1,4,900,1.0,1.5,0.85,"{'colsample_bytree': 0.6, 'gamma': 0.1, 'learning_rate': 0.1, 'max_depth': 4, 'n_estimators': 900, 'reg_alpha': 1.0, 'reg_lambda': 1.5, 'subsample': 0.85}",0.9795469410187734,0.9901268607873446,0.995059946520522,0.9865907224314905,0.9878311176895327,0.005650056772887761,1666
158,0.47850048542022705,0.046372612656574434,0.016132116317749023,0.0016034238832836882,0.6,0.1,0.1,4,900,1.0,1.5,1.0,"{'colsample_bytree': 0.6, 'gamma': 0.1, 'learning_rate': 0.1, 'max_depth': 4, 'n_estimators': 900, 'reg_alpha': 1.0, 'reg_lambda': 1.5, 'subsample': 1.0}",0.9788413789810437,0.9901268607873446,0.9936485406285719,0.9865909628578188,0.9873019358136947,0.005485118463749826,1826
159,1.0281859040260315,0.0934190514367947,0.02963697910308838,0.0009503713945056946,0.6,0.1,0.1,4,900,1.0,2.0,0.7,"{'colsample_bytree': 0.6, 'gamma': 0.1, 'learning_rate': 0.1, 'max_depth': 4, 'n_estimators': 900, 'reg_alpha': 1.0, 'reg_lambda': 2.0, 'subsample': 0.7}",0.9795474293035473,0.9901268607873446,0.9936485026692425,0.9872963410115112,0.9876547834429115,0.005193590007852065,1706
160,0.8887767195701599,0.06341080424360895,0.02514129877090454,0.0018609145698635099,0.6,0.1,0.1,4,900,1.0,2.0,0.85,"{'colsample_bytree': 0.6, 'gamma': 0.1, 'learning_rate': 0.1, 'max_depth': 4, 'n_estimators': 900, 'reg_alpha': 1.0, 'reg_lambda': 2.0, 'subsample': 0.85}",0.9802524644629909,0.9908321169335286,0.9943542442775466,0.9872963410115112,0.9881837916713943,0.005214921668139367,1562
161,0.47540104389190674,0.056504802453328826,0.015753090381622314,0.0008326044862675791,0.6,0.1,0.1,4,900,1.0,2.0,1.0,"{'colsample_bytree': 0.6, 'gamma': 0.1, 'learning_rate': 0.1, 'max_depth': 4, 'n_estimators': 900, 'reg_alpha': 1.0, 'reg_lambda': 2.0, 'subsample': 1.0}",0.9795474293035473,0.9894216733848407,0.9929428053469331,0.9858851045518296,0.9869492531467877,0.00494860935637263,1863
162,0.9443250894546509,0.09940137733207147,0.031016111373901367,0.0019673341685751975,0.6,0.1,0.1,8,750,0.1,1.0,0.7,"{'colsample_bytree': 0.6, 'gamma': 0.1, 'learning_rate': 0.1, 'max_depth': 8, 'n_estimators': 750, 'reg_alpha': 0.1, 'reg_lambda': 1.0, 'subsample': 0.7}",0.9823684735375408,0.9922425913464957,0.9978828510938604,0.9901198487546965,0.9906534411831485,0.005561366191576376,236
163,0.939087450504303,0.0963947990053986,0.028000056743621826,0.0012240236675368735,0.6,0.1,0.1,8,750,0.1,1.0,0.85,"{'colsample_bytree': 0.6, 'gamma': 0.1, 'learning_rate': 0.1, 'max_depth': 8, 'n_estimators': 750, 'reg_alpha': 0.1, 'reg_lambda': 1.0, 'subsample': 0.85}",0.9837789956545375,0.9915373765867419,0.9971771221387733,0.9908256149666836,0.9908297773366841,0.004756653823590404,169
164,0.5484387874603271,0.011425506745990426,0.019381463527679443,0.0006408827638446499,0.6,0.1,0.1,8,750,0.1,1.0,1.0,"{'colsample_bytree': 0.6, 'gamma': 0.1, 'learning_rate': 0.1, 'max_depth': 8, 'n_estimators': 750, 'reg_alpha': 0.1, 'reg_lambda': 1.0, 'subsample': 1.0}",0.9858951786975421,0.9915373597517307,0.9964714114603177,0.988708263606662,0.9906530533790632,0.003906880701606342,315
165,1.0017035603523254,0.03917951469140152,0.0310094952583313,0.0017735120087057773,0.6,0.1,0.1,8,750,0.1,1.5,0.7,"{'colsample_bytree': 0.6, 'gamma': 0.1, 'learning_rate': 0.1, 'max_depth': 8, 'n_estimators': 750, 'reg_alpha': 0.1, 'reg_lambda': 1.5, 'subsample': 0.7}",0.9802524644629909,0.9915373765867419,0.9964714184897671,0.9915312989325971,0.9899481396180242,0.005949608212069839,634
166,0.9104265570640564,0.07768982430944042,0.028255760669708252,0.002285693696711171,0.6,0.1,0.1,8,750,0.1,1.5,0.85,"{'colsample_bytree': 0.6, 'gamma': 0.1, 'learning_rate': 0.1, 'max_depth': 8, 'n_estimators': 750, 'reg_alpha': 0.1, 'reg_lambda': 1.5, 'subsample': 0.85}",0.9837793183573613,0.9915373765867419,0.9971771221387733,0.9915312989325971,0.9910062790038684,0.004766182323145571,87
167,0.5441760420799255,0.024111720636561355,0.019000530242919922,0.0015802705723497914,0.6,0.1,0.1,8,750,0.1,1.5,1.0,"{'colsample_bytree': 0.6, 'gamma': 0.1, 'learning_rate': 0.1, 'max_depth': 8, 'n_estimators': 750, 'reg_alpha': 0.1, 'reg_lambda': 1.5, 'subsample': 1.0}",0.9830742144370506,0.9915373597517307,0.9964714114603177,0.9880026077606279,0.9897713983524318,0.004898716359000387,781
168,0.948945939540863,0.04218061486296288,0.034881591796875,0.002366147942979963,0.6,0.1,0.1,8,750,0.1,2.0,0.7,"{'colsample_bytree': 0.6, 'gamma': 0.1, 'learning_rate': 0.1, 'max_depth': 8, 'n_estimators': 750, 'reg_alpha': 0.1, 'reg_lambda': 2.0, 'subsample': 0.7}",0.9816630027156343,0.9915373765867419,0.9964714114603177,0.9915312989325971,0.9903007724238228,0.005378922684770576,432
169,0.8866612315177917,0.040770747794794,0.027382194995880127,0.0015512022527551887,0.6,0.1,0.1,8,750,0.1,2.0,0.85,"{'colsample_bytree': 0.6, 'gamma': 0.1, 'learning_rate': 0.1, 'max_depth': 8, 'n_estimators': 750, 'reg_alpha': 0.1, 'reg_lambda': 2.0, 'subsample': 0.85}",0.9830739113827349,0.9915373765867419,0.9971771221387733,0.9915312989325971,0.9908299272602118,0.005035748998176516,144
170,0.5905792117118835,0.011169006960185166,0.02050071954727173,0.002058818159339051,0.6,0.1,0.1,8,750,0.1,2.0,1.0,"{'colsample_bytree': 0.6, 'gamma': 0.1, 'learning_rate': 0.1, 'max_depth': 8, 'n_estimators': 750, 'reg_alpha': 0.1, 'reg_lambda': 2.0, 'subsample': 1.0}",0.9866005197259626,0.9915373597517307,0.9964714114603177,0.9880026077606279,0.9906529746746597,0.0038106160749758738,324
171,0.9630522727966309,0.07308497688402983,0.03012949228286743,0.0028329693281411057,0.6,0.1,0.1,8,750,0.5,1.0,0.7,"{'colsample_bytree': 0.6, 'gamma': 0.1, 'learning_rate': 0.1, 'max_depth': 8, 'n_estimators': 750, 'reg_alpha': 0.5, 'reg_lambda': 1.0, 'subsample': 0.7}",0.9837793183573613,0.9915373765867419,0.9971771221387733,0.9901197306558291,0.9906533869346764,0.004766502033664618,252
172,0.8626386523246765,0.0910884468572717,0.029381275177001953,0.006020015416519518,0.6,0.1,0.1,8,750,0.5,1.0,0.85,"{'colsample_bytree': 0.6, 'gamma': 0.1, 'learning_rate': 0.1, 'max_depth': 8, 'n_estimators': 750, 'reg_alpha': 0.5, 'reg_lambda': 1.0, 'subsample': 0.85}",0.9837793183573613,0.9915373597517307,0.9971771221387733,0.9901197306558291,0.9906533827259236,0.0047665012531199705,253
173,0.5235320925712585,0.03167699264396319,0.018880605697631836,0.0016798992117043464,0.6,0.1,0.1,8,750,0.5,1.0,1.0,"{'colsample_bytree': 0.6, 'gamma': 0.1, 'learning_rate': 0.1, 'max_depth': 8, 'n_estimators': 750, 'reg_alpha': 0.5, 'reg_lambda': 1.0, 'subsample': 1.0}",0.9844846965672964,0.9915373597517307,0.9957656832081598,0.9872967965574946,0.9897711340211703,0.004275597622683884,829
174,1.00407475233078,0.12194628982322528,0.035131096839904785,0.005337915355064353,0.6,0.1,0.1,8,750,0.5,1.5,0.7,"{'colsample_bytree': 0.6, 'gamma': 0.1, 'learning_rate': 0.1, 'max_depth': 8, 'n_estimators': 750, 'reg_alpha': 0.5, 'reg_lambda': 1.5, 'subsample': 0.7}",0.9823684735375408,0.9922425913464957,0.9971771221387733,0.9908255235816565,0.9906534276511165,0.005332778654049856,240
175,0.8604121208190918,0.12298444958239567,0.026880860328674316,0.003812199723086443,0.6,0.1,0.1,8,750,0.5,1.5,0.85,"{'colsample_bytree': 0.6, 'gamma': 0.1, 'learning_rate': 0.1, 'max_depth': 8, 'n_estimators': 750, 'reg_alpha': 0.5, 'reg_lambda': 1.5, 'subsample': 0.85}",0.9830739113827349,0.9915373597517307,0.9971771221387733,0.9894139180456464,0.9903005778297214,0.005045477298176539,454
176,0.5870847702026367,0.06610773408894609,0.018754124641418457,0.001642826895657445,0.6,0.1,0.1,8,750,0.5,1.5,1.0,"{'colsample_bytree': 0.6, 'gamma': 0.1, 'learning_rate': 0.1, 'max_depth': 8, 'n_estimators': 750, 'reg_alpha': 0.5, 'reg_lambda': 1.5, 'subsample': 1.0}",0.9866006796641367,0.9922425913464957,0.9964713903718013,0.9872969483988956,0.9906529024453323,0.00400202603637157,329
177,0.9878413081169128,0.09318277924987578,0.029511451721191406,0.0013677578190337168,0.6,0.1,0.1,8,750,0.5,2.0,0.7,"{'colsample_bytree': 0.6, 'gamma': 0.1, 'learning_rate': 0.1, 'max_depth': 8, 'n_estimators': 750, 'reg_alpha': 0.5, 'reg_lambda': 2.0, 'subsample': 0.7}",0.9823680526023909,0.9922425913464957,0.9964714114603177,0.9894139180456464,0.9901239933637127,0.0051341259712881235,614
178,0.8950551152229309,0.06270897439308042,0.025750041007995605,0.0010903577552434458,0.6,0.1,0.1,8,750,0.5,2.0,0.85,"{'colsample_bytree': 0.6, 'gamma': 0.1, 'learning_rate': 0.1, 'max_depth': 8, 'n_estimators': 750, 'reg_alpha': 0.5, 'reg_lambda': 2.0, 'subsample': 0.85}",0.9837793183573613,0.9922425913464957,0.9971771221387733,0.9908255235816565,0.9910061388560716,0.004792426468773177,99
179,0.5230650305747986,0.01928266314142398,0.01813030242919922,0.0011362838508395478,0.6,0.1,0.1,8,750,0.5,2.0,1.0,"{'colsample_bytree': 0.6, 'gamma': 0.1, 'learning_rate': 0.1, 'max_depth': 8, 'n_estimators': 750, 'reg_alpha': 0.5, 'reg_lambda': 2.0, 'subsample': 1.0}",0.9858953751153834,0.9922425913464957,0.9957656494662985,0.9880026077606279,0.9904765559222014,0.0038144799360130066,426
180,0.8611258268356323,0.05192520128675337,0.026637911796569824,0.0008852491875136053,0.6,0.1,0.1,8,750,1.0,1.0,0.7,"{'colsample_bytree': 0.6, 'gamma': 0.1, 'learning_rate': 0.1, 'max_depth': 8, 'n_estimators': 750, 'reg_alpha': 1.0, 'reg_lambda': 1.0, 'subsample': 0.7}",0.9809583302455981,0.9915373597517307,0.9957657000788889,0.9894139180456464,0.989418827030466,0.005393306229224294,941
181,0.810864269733429,0.05240005958731218,0.02600407600402832,0.0032397527680133684,0.6,0.1,0.1,8,750,1.0,1.0,0.85,"{'colsample_bytree': 0.6, 'gamma': 0.1, 'learning_rate': 0.1, 'max_depth': 8, 'n_estimators': 750, 'reg_alpha': 1.0, 'reg_lambda': 1.0, 'subsample': 0.85}",0.9837795765103758,0.9915373597517307,0.9964714114603177,0.9880024404517326,0.9899476970435392,0.004661427126886601,699
182,0.48063594102859497,0.019090371942123395,0.01725149154663086,0.0010898983879297018,0.6,0.1,0.1,8,750,1.0,1.0,1.0,"{'colsample_bytree': 0.6, 'gamma': 0.1, 'learning_rate': 0.1, 'max_depth': 8, 'n_estimators': 750, 'reg_alpha': 1.0, 'reg_lambda': 1.0, 'subsample': 1.0}",0.9851902248919406,0.9901268607873446,0.9943542667718518,0.9872967965574946,0.989242037252158,0.003432162150636006,1104
183,0.867390513420105,0.02039924619567415,0.026750028133392334,0.0008294742449014472,0.6,0.1,0.1,8,750,1.0,1.5,0.7,"{'colsample_bytree': 0.6, 'gamma': 0.1, 'learning_rate': 0.1, 'max_depth': 8, 'n_estimators': 750, 'reg_alpha': 1.0, 'reg_lambda': 1.5, 'subsample': 0.7}",0.9823688243014796,0.9915373597517307,0.9964714114603177,0.9887080836414638,0.989771419788748,0.005097488010339255,778
184,0.8064994812011719,0.006219598687774816,0.02413642406463623,0.0013490866422248653,0.6,0.1,0.1,8,750,1.0,1.5,0.85,"{'colsample_bytree': 0.6, 'gamma': 0.1, 'learning_rate': 0.1, 'max_depth': 8, 'n_estimators': 750, 'reg_alpha': 1.0, 'reg_lambda': 1.5, 'subsample': 0.85}",0.9816639876499984,0.9915373597517307,0.9943542442775466,0.9880026077606279,0.9888895498599759,0.00473996829731365,1243
185,0.5205478072166443,0.07722978479919047,0.017500877380371094,0.0016566116641901576,0.6,0.1,0.1,8,750,1.0,1.5,1.0,"{'colsample_bytree': 0.6, 'gamma': 0.1, 'learning_rate': 0.1, 'max_depth': 8, 'n_estimators': 750, 'reg_alpha': 1.0, 'reg_lambda': 1.5, 'subsample': 1.0}",0.9837797701197444,0.9901268607873446,0.9957656494662985,0.9865909628578188,0.9890658108078016,0.004474392797919868,1174
186,0.8982873558998108,0.018188966799857938,0.028638899326324463,0.0009642975436827917,0.6,0.1,0.1,8,750,1.0,2.0,0.7,"{'colsample_bytree': 0.6, 'gamma': 0.1, 'learning_rate': 0.1, 'max_depth': 8, 'n_estimators': 750, 'reg_alpha': 1.0, 'reg_lambda': 2.0, 'subsample': 0.7}",0.9802528966131908,0.9908321169335286,0.9957657000788889,0.9880024404517326,0.9887132885193353,0.005619374494436352,1289
187,0.8056408166885376,0.04451102984435136,0.025249242782592773,0.004546757126129919,0.6,0.1,0.1,8,750,1.0,2.0,0.85,"{'colsample_bytree': 0.6, 'gamma': 0.1, 'learning_rate': 0.1, 'max_depth': 8, 'n_estimators': 750, 'reg_alpha': 1.0, 'reg_lambda': 2.0, 'subsample': 0.85}",0.9823691049025824,0.9908321169335286,0.9943542442775466,0.9880024404517326,0.9888894766413476,0.0043857615483467345,1253
188,0.506653368473053,0.026327127327159878,0.0246543288230896,0.008067454407183755,0.6,0.1,0.1,8,750,1.0,2.0,1.0,"{'colsample_bytree': 0.6, 'gamma': 0.1, 'learning_rate': 0.1, 'max_depth': 8, 'n_estimators': 750, 'reg_alpha': 1.0, 'reg_lambda': 2.0, 'subsample': 1.0}",0.9844850669515415,0.9908321169335286,0.995059946520522,0.9872967965574946,0.9894184817407716,0.0039580493560242794,1017
189,1.066114366054535,0.028062798703849524,0.03237837553024292,0.0011891629975046328,0.6,0.1,0.1,8,900,0.1,1.0,0.7,"{'colsample_bytree': 0.6, 'gamma': 0.1, 'learning_rate': 0.1, 'max_depth': 8, 'n_estimators': 900, 'reg_alpha': 0.1, 'reg_lambda': 1.0, 'subsample': 0.7}",0.9830739113827349,0.9922425913464957,0.9978828510938604,0.9901198487546965,0.9908298006444469,0.005300927940829497,162
190,1.0049600005149841,0.050257955788172874,0.031134068965911865,0.004126346080749932,0.6,0.1,0.1,8,900,0.1,1.0,0.85,"{'colsample_bytree': 0.6, 'gamma': 0.1, 'learning_rate': 0.1, 'max_depth': 8, 'n_estimators': 900, 'reg_alpha': 0.1, 'reg_lambda': 1.0, 'subsample': 0.85}",0.9830735409682778,0.9915373765867419,0.9971771221387733,0.9908256149666836,0.9906534136651193,0.00502056486076547,242
191,0.6896052360534668,0.03850953506990479,0.020754992961883545,0.0008309291000467154,0.6,0.1,0.1,8,900,0.1,1.0,1.0,"{'colsample_bytree': 0.6, 'gamma': 0.1, 'learning_rate': 0.1, 'max_depth': 8, 'n_estimators': 900, 'reg_alpha': 0.1, 'reg_lambda': 1.0, 'subsample': 1.0}",0.9858951786975421,0.9915373597517307,0.9964714114603177,0.988708263606662,0.9906530533790632,0.003906880701606342,315
192,1.1597686409950256,0.07579397991669129,0.03563237190246582,0.0010849418658009037,0.6,0.1,0.1,8,900,0.1,1.5,0.7,"{'colsample_bytree': 0.6, 'gamma': 0.1, 'learning_rate': 0.1, 'max_depth': 8, 'n_estimators': 900, 'reg_alpha': 0.1, 'reg_lambda': 1.5, 'subsample': 0.7}",0.980957951420544,0.9915373765867419,0.997177133385926,0.9908256149666836,0.9901245190899739,0.005836373723902068,526
193,0.9995777010917664,0.06295387486861957,0.030133545398712158,0.001664085521149031,0.6,0.1,0.1,8,900,0.1,1.5,0.85,"{'colsample_bytree': 0.6, 'gamma': 0.1, 'learning_rate': 0.1, 'max_depth': 8, 'n_estimators': 900, 'reg_alpha': 0.1, 'reg_lambda': 1.5, 'subsample': 0.85}",0.9837793183573613,0.9915373765867419,0.9964714114603177,0.9908255235816565,0.9906534074965194,0.004525298247494179,244
194,0.6050712466239929,0.027318650454706772,0.021897196769714355,0.000963814124374928,0.6,0.1,0.1,8,900,0.1,1.5,1.0,"{'colsample_bytree': 0.6, 'gamma': 0.1, 'learning_rate': 0.1, 'max_depth': 8, 'n_estimators': 900, 'reg_alpha': 0.1, 'reg_lambda': 1.5, 'subsample': 1.0}",0.9830742144370506,0.9915373597517307,0.9964714114603177,0.9880026077606279,0.9897713983524318,0.004898716359000387,781
195,1.1123641729354858,0.06772286954895473,0.04189038276672363,0.005559288460922973,0.6,0.1,0.1,8,900,0.1,2.0,0.7,"{'colsample_bytree': 0.6, 'gamma': 0.1, 'learning_rate': 0.1, 'max_depth': 8, 'n_estimators': 900, 'reg_alpha': 0.1, 'reg_lambda': 2.0, 'subsample': 0.7}",0.9809574968105822,0.9915373765867419,0.997177133385926,0.9908255235816565,0.9901243825912267,0.005836549481657297,533
196,1.0095731019973755,0.01196917573928944,0.035151779651641846,0.007160842439012012,0.6,0.1,0.1,8,900,0.1,2.0,0.85,"{'colsample_bytree': 0.6, 'gamma': 0.1, 'learning_rate': 0.1, 'max_depth': 8, 'n_estimators': 900, 'reg_alpha': 0.1, 'reg_lambda': 2.0, 'subsample': 0.85}",0.9830739113827349,0.9915373765867419,0.9964714114603177,0.9915312989325971,0.9906534995905979,0.004817935920955383,225
197,0.6020743250846863,0.026803697478422706,0.02149909734725952,0.0011189398382834281,0.6,0.1,0.1,8,900,0.1,2.0,1.0,"{'colsample_bytree': 0.6, 'gamma': 0.1, 'learning_rate': 0.1, 'max_depth': 8, 'n_estimators': 900, 'reg_alpha': 0.1, 'reg_lambda': 2.0, 'subsample': 1.0}",0.9866005197259626,0.9915373597517307,0.9964714114603177,0.9880026077606279,0.9906529746746597,0.0038106160749758738,324
198,0.9794397354125977,0.04224270977947209,0.02926158905029297,0.0013360403768969955,0.6,0.1,0.1,8,900,0.5,1.0,0.7,"{'colsample_bytree': 0.6, 'gamma': 0.1, 'learning_rate': 0.1, 'max_depth': 8, 'n_estimators': 900, 'reg_alpha': 0.5, 'reg_lambda': 1.0, 'subsample': 0.7}",0.9837793183573613,0.9915373765867419,0.9964714114603177,0.9894139180456464,0.9903005061125169,0.004553071752120605,468
199,0.9166699647903442,0.05870157690597842,0.027381718158721924,0.0030267598795644586,0.6,0.1,0.1,8,900,0.5,1.0,0.85,"{'colsample_bytree': 0.6, 'gamma': 0.1, 'learning_rate': 0.1, 'max_depth': 8, 'n_estimators': 900, 'reg_alpha': 0.5, 'reg_lambda': 1.0, 'subsample': 0.85}",0.9830739113827349,0.9915373597517307,0.9971771221387733,0.9901197306558291,0.990477030982267,0.0050236779836364655,352
200,0.5855585336685181,0.031468793768687664,0.01913762092590332,0.0009025711070768761,0.6,0.1,0.1,8,900,0.5,1.0,1.0,"{'colsample_bytree': 0.6, 'gamma': 0.1, 'learning_rate': 0.1, 'max_depth': 8, 'n_estimators': 900, 'reg_alpha': 0.5, 'reg_lambda': 1.0, 'subsample': 1.0}",0.9844846965672964,0.9915373597517307,0.9957656832081598,0.9872967965574946,0.9897711340211703,0.004275597622683884,829
201,1.0548230409622192,0.03487469451261207,0.036898255348205566,0.0030183379233920233,0.6,0.1,0.1,8,900,0.5,1.5,0.7,"{'colsample_bytree': 0.6, 'gamma': 0.1, 'learning_rate': 0.1, 'max_depth': 8, 'n_estimators': 900, 'reg_alpha': 0.5, 'reg_lambda': 1.5, 'subsample': 0.7}",0.9823688243014796,0.9922425913464957,0.9964714114603177,0.9894139180456464,0.9901241862884849,0.0051338345293266115,571
202,0.9314096570014954,0.016297710729561155,0.0257490873336792,0.0017867302468584055,0.6,0.1,0.1,8,900,0.5,1.5,0.85,"{'colsample_bytree': 0.6, 'gamma': 0.1, 'learning_rate': 0.1, 'max_depth': 8, 'n_estimators': 900, 'reg_alpha': 0.5, 'reg_lambda': 1.5, 'subsample': 0.85}",0.9830739113827349,0.9915373597517307,0.9971771221387733,0.9894139180456464,0.9903005778297214,0.005045477298176539,454
203,0.5789282917976379,0.020142203080922558,0.020506441593170166,0.002600890835481172,0.6,0.1,0.1,8,900,0.5,1.5,1.0,"{'colsample_bytree': 0.6, 'gamma': 0.1, 'learning_rate': 0.1, 'max_depth': 8, 'n_estimators': 900, 'reg_alpha': 0.5, 'reg_lambda': 1.5, 'subsample': 1.0}",0.9866006796641367,0.9922425913464957,0.9964713903718013,0.9872969483988956,0.9906529024453323,0.00400202603637157,329
204,1.0419409275054932,0.08974622638791425,0.03650355339050293,0.006582921926451888,0.6,0.1,0.1,8,900,0.5,2.0,0.7,"{'colsample_bytree': 0.6, 'gamma': 0.1, 'learning_rate': 0.1, 'max_depth': 8, 'n_estimators': 900, 'reg_alpha': 0.5, 'reg_lambda': 2.0, 'subsample': 0.7}",0.9830735409682778,0.9922425913464957,0.9964714114603177,0.9894139180456464,0.9903003654551845,0.004869980271643332,503
205,0.9700419902801514,0.06156764949843764,0.025513648986816406,0.0010672450911810036,0.6,0.1,0.1,8,900,0.5,2.0,0.85,"{'colsample_bytree': 0.6, 'gamma': 0.1, 'learning_rate': 0.1, 'max_depth': 8, 'n_estimators': 900, 'reg_alpha': 0.5, 'reg_lambda': 2.0, 'subsample': 0.85}",0.9844846965672964,0.9915373597517307,0.9971771221387733,0.9908255235816565,0.9910061755098643,0.004497917899238823,95
206,0.5718122124671936,0.020342718173942946,0.019132912158966064,0.0008930060636561639,0.6,0.1,0.1,8,900,0.5,2.0,1.0,"{'colsample_bytree': 0.6, 'gamma': 0.1, 'learning_rate': 0.1, 'max_depth': 8, 'n_estimators': 900, 'reg_alpha': 0.5, 'reg_lambda': 2.0, 'subsample': 1.0}",0.9858953751153834,0.9922425913464957,0.9957656494662985,0.9880026077606279,0.9904765559222014,0.0038144799360130066,426
207,1.0554600954055786,0.06612379348393928,0.030634284019470215,0.0037900545834579423,0.6,0.1,0.1,8,900,1.0,1.0,0.7,"{'colsample_bytree': 0.6, 'gamma': 0.1, 'learning_rate': 0.1, 'max_depth': 8, 'n_estimators': 900, 'reg_alpha': 1.0, 'reg_lambda': 1.0, 'subsample': 0.7}",0.9802524644629909,0.9915373597517307,0.997177133385926,0.9901197306558291,0.9897716720641192,0.006097027319432018,735
208,0.9201725125312805,0.03610244423523804,0.02337813377380371,0.001300167263787937,0.6,0.1,0.1,8,900,1.0,1.0,0.85,"{'colsample_bytree': 0.6, 'gamma': 0.1, 'learning_rate': 0.1, 'max_depth': 8, 'n_estimators': 900, 'reg_alpha': 1.0, 'reg_lambda': 1.0, 'subsample': 0.85}",0.9830742144370506,0.9908321169335286,0.9964714114603177,0.9887080836414638,0.9897714566180902,0.004795784870893122,771
209,0.5279115438461304,0.0016383916979619676,0.016881346702575684,0.0008934440410670945,0.6,0.1,0.1,8,900,1.0,1.0,1.0,"{'colsample_bytree': 0.6, 'gamma': 0.1, 'learning_rate': 0.1, 'max_depth': 8, 'n_estimators': 900, 'reg_alpha': 1.0, 'reg_lambda': 1.0, 'subsample': 1.0}",0.9851902248919406,0.9901268607873446,0.9943542667718518,0.9872967965574946,0.989242037252158,0.003432162150636006,1104
210,0.9878036975860596,0.02042126854671325,0.027879416942596436,0.00321430957881512,0.6,0.1,0.1,8,900,1.0,1.5,0.7,"{'colsample_bytree': 0.6, 'gamma': 0.1, 'learning_rate': 0.1, 'max_depth': 8, 'n_estimators': 900, 'reg_alpha': 1.0, 'reg_lambda': 1.5, 'subsample': 0.7}",0.9823688243014796,0.9915373597517307,0.9957657000788889,0.9887080836414638,0.9895949919433907,0.004869664688697986,886
211,0.9706586599349976,0.045165907929529334,0.03013288974761963,0.005678394918426822,0.6,0.1,0.1,8,900,1.0,1.5,0.85,"{'colsample_bytree': 0.6, 'gamma': 0.1, 'learning_rate': 0.1, 'max_depth': 8, 'n_estimators': 900, 'reg_alpha': 1.0, 'reg_lambda': 1.5, 'subsample': 0.85}",0.9823693153475482,0.9915373597517307,0.9950599760444447,0.9880026077606279,0.9892423147260879,0.004687414231280667,1058
212,0.5644159913063049,0.03517934972966906,0.01824706792831421,0.0025904838040519385,0.6,0.1,0.1,8,900,1.0,1.5,1.0,"{'colsample_bytree': 0.6, 'gamma': 0.1, 'learning_rate': 0.1, 'max_depth': 8, 'n_estimators': 900, 'reg_alpha': 1.0, 'reg_lambda': 1.5, 'subsample': 1.0}",0.9837797701197444,0.9901268607873446,0.9957656494662985,0.9865909628578188,0.9890658108078016,0.004474392797919868,1174
213,0.9986684322357178,0.037424660320104886,0.029377341270446777,0.000657353153455757,0.6,0.1,0.1,8,900,1.0,2.0,0.7,"{'colsample_bytree': 0.6, 'gamma': 0.1, 'learning_rate': 0.1, 'max_depth': 8, 'n_estimators': 900, 'reg_alpha': 1.0, 'reg_lambda': 2.0, 'subsample': 0.7}",0.9802528966131908,0.9908321169335286,0.9957657000788889,0.9887080836414638,0.9888896993167681,0.005605348291422732,1211
214,0.9476516842842102,0.07506649737275657,0.026498854160308838,0.002291733308483616,0.6,0.1,0.1,8,900,1.0,2.0,0.85,"{'colsample_bytree': 0.6, 'gamma': 0.1, 'learning_rate': 0.1, 'max_depth': 8, 'n_estimators': 900, 'reg_alpha': 1.0, 'reg_lambda': 2.0, 'subsample': 0.85}",0.9823691049025824,0.9908321169335286,0.9950599760444447,0.9887080836414638,0.9892423203805049,0.0045798217870205195,1057
215,0.568290650844574,0.04033146089485265,0.01825016736984253,0.0016409408890545208,0.6,0.1,0.1,8,900,1.0,2.0,1.0,"{'colsample_bytree': 0.6, 'gamma': 0.1, 'learning_rate': 0.1, 'max_depth': 8, 'n_estimators': 900, 'reg_alpha': 1.0, 'reg_lambda': 2.0, 'subsample': 1.0}",0.9844850669515415,0.9908321169335286,0.995059946520522,0.9872967965574946,0.9894184817407716,0.0039580493560242794,1017
216,0.9502792358398438,0.05765327781717251,0.03326427936553955,0.005420779596177686,0.6,0.2,0.05,4,750,0.1,1.0,0.7,"{'colsample_bytree': 0.6, 'gamma': 0.2, 'learning_rate': 0.05, 'max_depth': 4, 'n_estimators': 750, 'reg_alpha': 0.1, 'reg_lambda': 1.0, 'subsample': 0.7}",0.9809574968105822,0.9915373597517307,0.995059946520522,0.9908255235816565,0.9895950816661228,0.005238297707338879,871
217,0.8765091300010681,0.05485079234328174,0.027132868766784668,0.0017559808729164378,0.6,0.2,0.05,4,750,0.1,1.0,0.85,"{'colsample_bytree': 0.6, 'gamma': 0.2, 'learning_rate': 0.05, 'max_depth': 4, 'n_estimators': 750, 'reg_alpha': 0.1, 'reg_lambda': 1.0, 'subsample': 0.85}",0.9823675614859793,0.9915373597517307,0.9971771221387733,0.9901197306558291,0.9903004435080781,0.005286349049561018,485
218,0.4903962016105652,0.020802729596183057,0.018379628658294678,0.0009653392849125896,0.6,0.2,0.05,4,750,0.1,1.0,1.0,"{'colsample_bytree': 0.6, 'gamma': 0.2, 'learning_rate': 0.05, 'max_depth': 4, 'n_estimators': 750, 'reg_alpha': 0.1, 'reg_lambda': 1.0, 'subsample': 1.0}",0.9795457202048313,0.9908321169335286,0.995059946520522,0.9887080836414638,0.9885364668250864,0.0056720537259100975,1455
219,0.9176511168479919,0.045534067511994174,0.03163546323776245,0.0017888050697769725,0.6,0.2,0.05,4,750,0.1,1.5,0.7,"{'colsample_bytree': 0.6, 'gamma': 0.2, 'learning_rate': 0.05, 'max_depth': 4, 'n_estimators': 750, 'reg_alpha': 0.1, 'reg_lambda': 1.5, 'subsample': 0.7}",0.9802524644629909,0.9901268607873446,0.9943541992883981,0.9908255235816565,0.9888897620300976,0.005237856668818037,1204
220,0.866764485836029,0.05458209777760009,0.028263986110687256,0.0007378589220821149,0.6,0.2,0.05,4,750,0.1,1.5,0.85,"{'colsample_bytree': 0.6, 'gamma': 0.2, 'learning_rate': 0.05, 'max_depth': 4, 'n_estimators': 750, 'reg_alpha': 0.1, 'reg_lambda': 1.5, 'subsample': 0.85}",0.9816625284502379,0.9915373597517307,0.9978828468761907,0.9901197306558291,0.9903006164334971,0.005780766302844147,446
221,0.5638020038604736,0.014536166531684516,0.02024906873703003,0.0008300847889800295,0.6,0.2,0.05,4,750,0.1,1.5,1.0,"{'colsample_bytree': 0.6, 'gamma': 0.2, 'learning_rate': 0.05, 'max_depth': 4, 'n_estimators': 750, 'reg_alpha': 0.1, 'reg_lambda': 1.5, 'subsample': 1.0}",0.9788407475274414,0.989421589208529,0.995059946520522,0.988708263606662,0.9880076367157886,0.0058364602000124275,1591
222,0.9572950601577759,0.02840206471236446,0.03401362895965576,0.000350522768771457,0.6,0.2,0.05,4,750,0.1,2.0,0.7,"{'colsample_bytree': 0.6, 'gamma': 0.2, 'learning_rate': 0.05, 'max_depth': 4, 'n_estimators': 750, 'reg_alpha': 0.1, 'reg_lambda': 2.0, 'subsample': 0.7}",0.9802524644629909,0.9901268607873446,0.995059946520522,0.9908255235816565,0.9890661988381284,0.0054274108062543295,1114
223,0.885898768901825,0.021006533362878346,0.028502166271209717,0.0011139335405887147,0.6,0.2,0.05,4,750,0.1,2.0,0.85,"{'colsample_bytree': 0.6, 'gamma': 0.2, 'learning_rate': 0.05, 'max_depth': 4, 'n_estimators': 750, 'reg_alpha': 0.1, 'reg_lambda': 2.0, 'subsample': 0.85}",0.9795469410187734,0.9915373597517307,0.9971771221387733,0.9901197306558291,0.9895952883912766,0.006373777701471817,838
224,0.5341724753379822,0.020999520445983976,0.020000100135803223,0.001228014515584754,0.6,0.2,0.05,4,750,0.1,2.0,1.0,"{'colsample_bytree': 0.6, 'gamma': 0.2, 'learning_rate': 0.05, 'max_depth': 4, 'n_estimators': 750, 'reg_alpha': 0.1, 'reg_lambda': 2.0, 'subsample': 1.0}",0.9802513643589452,0.9908321169335286,0.9943542442775466,0.9865909628578188,0.9880071721069599,0.005254137438088924,1634
225,0.8939107060432434,0.03625168116369525,0.031502723693847656,0.00672466861171392,0.6,0.2,0.05,4,750,0.5,1.0,0.7,"{'colsample_bytree': 0.6, 'gamma': 0.2, 'learning_rate': 0.05, 'max_depth': 4, 'n_estimators': 750, 'reg_alpha': 0.5, 'reg_lambda': 1.0, 'subsample': 0.7}",0.9795469410187734,0.9901268607873446,0.9936485026692425,0.9880024404517326,0.9878311862317732,0.005190600614469226,1653
226,0.8526442050933838,0.02395796826770123,0.028253912925720215,0.0029457887525003363,0.6,0.2,0.05,4,750,0.5,1.0,0.85,"{'colsample_bytree': 0.6, 'gamma': 0.2, 'learning_rate': 0.05, 'max_depth': 4, 'n_estimators': 750, 'reg_alpha': 0.5, 'reg_lambda': 1.0, 'subsample': 0.85}",0.9809574968105822,0.9922425913464957,0.995059946520522,0.9887080836414638,0.9892420295797659,0.00528606918972419,1106
227,0.48727405071258545,0.026422038744807516,0.01713341474533081,0.0007443862437248576,0.6,0.2,0.05,4,750,0.5,1.0,1.0,"{'colsample_bytree': 0.6, 'gamma': 0.2, 'learning_rate': 0.05, 'max_depth': 4, 'n_estimators': 750, 'reg_alpha': 0.5, 'reg_lambda': 1.0, 'subsample': 1.0}",0.9788407475274414,0.9901268607873446,0.9936485406285719,0.9880024404517326,0.9876546473487726,0.005473673036417296,1721
228,0.9170351028442383,0.07210327273872004,0.03014451265335083,0.003696851764705499,0.6,0.2,0.05,4,750,0.5,1.5,0.7,"{'colsample_bytree': 0.6, 'gamma': 0.2, 'learning_rate': 0.05, 'max_depth': 4, 'n_estimators': 750, 'reg_alpha': 0.5, 'reg_lambda': 1.5, 'subsample': 0.7}",0.9802524644629909,0.9901268607873446,0.9929428053469331,0.988708263606662,0.9880075985509826,0.004729708627078628,1595
229,0.867011547088623,0.11966981898883508,0.02538430690765381,0.001848382289677797,0.6,0.2,0.05,4,750,0.5,1.5,0.85,"{'colsample_bytree': 0.6, 'gamma': 0.2, 'learning_rate': 0.05, 'max_depth': 4, 'n_estimators': 750, 'reg_alpha': 0.5, 'reg_lambda': 1.5, 'subsample': 0.85}",0.9802524644629909,0.9908321169335286,0.9950599760444447,0.9872963410115112,0.9883602246131189,0.005428271913211123,1506
230,0.5544201731681824,0.0652915422453451,0.021505415439605713,0.0031986776784778638,0.6,0.2,0.05,4,750,0.5,1.5,1.0,"{'colsample_bytree': 0.6, 'gamma': 0.2, 'learning_rate': 0.05, 'max_depth': 4, 'n_estimators': 750, 'reg_alpha': 0.5, 'reg_lambda': 1.5, 'subsample': 1.0}",0.979546371323736,0.9901268607873446,0.9936485406285719,0.9872967965574946,0.9876546423242867,0.005194005997839707,1724
231,0.9436571002006531,0.10548862075301324,0.03262859582901001,0.006031204341085208,0.6,0.2,0.05,4,750,0.5,2.0,0.7,"{'colsample_bytree': 0.6, 'gamma': 0.2, 'learning_rate': 0.05, 'max_depth': 4, 'n_estimators': 750, 'reg_alpha': 0.5, 'reg_lambda': 2.0, 'subsample': 0.7}",0.9802524644629909,0.9901268607873446,0.9929428053469331,0.9880024404517326,0.9878311427622504,0.004713414985243637,1658
232,0.9166353940963745,0.11994968385805631,0.029893994331359863,0.0045117997364114365,0.6,0.2,0.05,4,750,0.5,2.0,0.85,"{'colsample_bytree': 0.6, 'gamma': 0.2, 'learning_rate': 0.05, 'max_depth': 4, 'n_estimators': 750, 'reg_alpha': 0.5, 'reg_lambda': 2.0, 'subsample': 0.85}",0.9809574968105822,0.9901268607873446,0.9943542442775466,0.9865907224314905,0.988007331076741,0.004911279278528073,1628
233,0.5356557965278625,0.05007963572566241,0.018499374389648438,0.0026923433431140014,0.6,0.2,0.05,4,750,0.5,2.0,1.0,"{'colsample_bytree': 0.6, 'gamma': 0.2, 'learning_rate': 0.05, 'max_depth': 4, 'n_estimators': 750, 'reg_alpha': 0.5, 'reg_lambda': 2.0, 'subsample': 1.0}",0.9802519537156409,0.9901268607873446,0.9936485406285719,0.9865909628578188,0.987654579497344,0.004948987109484326,1734
234,0.9881572127342224,0.056228749331935175,0.031134486198425293,0.005778583304137277,0.6,0.2,0.05,4,750,1.0,1.0,0.7,"{'colsample_bytree': 0.6, 'gamma': 0.2, 'learning_rate': 0.05, 'max_depth': 4, 'n_estimators': 750, 'reg_alpha': 1.0, 'reg_lambda': 1.0, 'subsample': 0.7}",0.9809574968105822,0.9901268607873446,0.9929428053469331,0.9865907224314905,0.9876544713440876,0.004473818719401028,1747
235,0.7564664483070374,0.03582703264759228,0.02213209867477417,0.0011346952663573438,0.6,0.2,0.05,4,750,1.0,1.0,0.85,"{'colsample_bytree': 0.6, 'gamma': 0.2, 'learning_rate': 0.05, 'max_depth': 4, 'n_estimators': 750, 'reg_alpha': 1.0, 'reg_lambda': 1.0, 'subsample': 0.85}",0.980957951420544,0.9901268607873446,0.9936485026692425,0.9865907224314905,0.9878310093271554,0.0046875206475191335,1685
236,0.49939775466918945,0.03816624329128264,0.018130004405975342,0.0011379567223491135,0.6,0.2,0.05,4,750,1.0,1.0,1.0,"{'colsample_bytree': 0.6, 'gamma': 0.2, 'learning_rate': 0.05, 'max_depth': 4, 'n_estimators': 750, 'reg_alpha': 1.0, 'reg_lambda': 1.0, 'subsample': 1.0}",0.9788423892284186,0.9901268607873446,0.9929428334648147,0.985179485263905,0.9867728921861207,0.0053560503998378965,1885
237,0.9370073080062866,0.10797072202622011,0.029393553733825684,0.0017514880719257284,0.6,0.2,0.05,4,750,1.0,1.5,0.7,"{'colsample_bytree': 0.6, 'gamma': 0.2, 'learning_rate': 0.05, 'max_depth': 4, 'n_estimators': 750, 'reg_alpha': 1.0, 'reg_lambda': 1.5, 'subsample': 0.7}",0.980957951420544,0.9901268607873446,0.9929428053469331,0.9872965940966467,0.9878310529128671,0.0044420129753779064,1674
238,0.7887251377105713,0.04478184936170338,0.024879157543182373,0.004427982704652574,0.6,0.2,0.05,4,750,1.0,1.5,0.85,"{'colsample_bytree': 0.6, 'gamma': 0.2, 'learning_rate': 0.05, 'max_depth': 4, 'n_estimators': 750, 'reg_alpha': 1.0, 'reg_lambda': 1.5, 'subsample': 0.85}",0.9795474293035473,0.9901268607873446,0.9936485026692425,0.9872965940966467,0.9876548467141953,0.005193585642255734,1700
239,0.5001422166824341,0.05049722591852241,0.017879009246826172,0.0018120052859939267,0.6,0.2,0.05,4,750,1.0,1.5,1.0,"{'colsample_bytree': 0.6, 'gamma': 0.2, 'learning_rate': 0.05, 'max_depth': 4, 'n_estimators': 750, 'reg_alpha': 1.0, 'reg_lambda': 1.5, 'subsample': 1.0}",0.9795469410187734,0.9901268607873446,0.9929428053469331,0.9865911498501135,0.9873019392507911,0.005011106942408082,1824
240,0.9391300082206726,0.10989110376316247,0.029884040355682373,0.002755283050270067,0.6,0.2,0.05,4,750,1.0,2.0,0.7,"{'colsample_bytree': 0.6, 'gamma': 0.2, 'learning_rate': 0.05, 'max_depth': 4, 'n_estimators': 750, 'reg_alpha': 1.0, 'reg_lambda': 2.0, 'subsample': 0.7}",0.980957951420544,0.9901268607873446,0.9929428053469331,0.9872965940966467,0.9878310529128671,0.0044420129753779064,1674
241,0.8882513642311096,0.07691015329792776,0.027132272720336914,0.003139310675040798,0.6,0.2,0.05,4,750,1.0,2.0,0.85,"{'colsample_bytree': 0.6, 'gamma': 0.2, 'learning_rate': 0.05, 'max_depth': 4, 'n_estimators': 750, 'reg_alpha': 1.0, 'reg_lambda': 2.0, 'subsample': 0.85}",0.9802524644629909,0.989421589208529,0.9929428053469331,0.9872965940966467,0.9874783632787749,0.004633651580067462,1772
242,0.4712560176849365,0.012015964948391807,0.017130732536315918,0.0011370117483177756,0.6,0.2,0.05,4,750,1.0,2.0,1.0,"{'colsample_bytree': 0.6, 'gamma': 0.2, 'learning_rate': 0.05, 'max_depth': 4, 'n_estimators': 750, 'reg_alpha': 1.0, 'reg_lambda': 2.0, 'subsample': 1.0}",0.9802524644629909,0.9901268607873446,0.9929428334648147,0.9858853295083274,0.9873018720558694,0.004782827279698233,1831
243,1.1549587845802307,0.08741582799624517,0.042999982833862305,0.005339481039778673,0.6,0.2,0.05,4,900,0.1,1.0,0.7,"{'colsample_bytree': 0.6, 'gamma': 0.2, 'learning_rate': 0.05, 'max_depth': 4, 'n_estimators': 900, 'reg_alpha': 0.1, 'reg_lambda': 1.0, 'subsample': 0.7}",0.9802519537156409,0.9915373765867419,0.995059946520522,0.9894140656711423,0.9890658356235118,0.005473656424880621,1170
244,0.9970398545265198,0.09952613612219154,0.03113102912902832,0.005422762365429948,0.6,0.2,0.05,4,900,0.1,1.0,0.85,"{'colsample_bytree': 0.6, 'gamma': 0.2, 'learning_rate': 0.05, 'max_depth': 4, 'n_estimators': 900, 'reg_alpha': 0.1, 'reg_lambda': 1.0, 'subsample': 0.85}",0.9816625284502379,0.9922425913464957,0.9971771221387733,0.9901197306558291,0.9903004931478341,0.0056059539974857,472
245,0.5524123311042786,0.01332550484201895,0.019761204719543457,0.0007488581545316047,0.6,0.2,0.05,4,900,0.1,1.0,1.0,"{'colsample_bytree': 0.6, 'gamma': 0.2, 'learning_rate': 0.05, 'max_depth': 4, 'n_estimators': 900, 'reg_alpha': 0.1, 'reg_lambda': 1.0, 'subsample': 1.0}",0.9795457202048313,0.9908321169335286,0.995059946520522,0.9887080836414638,0.9885364668250864,0.0056720537259100975,1455
246,1.1302016973495483,0.08772018572238235,0.03650987148284912,0.0024844744937516593,0.6,0.2,0.05,4,900,0.1,1.5,0.7,"{'colsample_bytree': 0.6, 'gamma': 0.2, 'learning_rate': 0.05, 'max_depth': 4, 'n_estimators': 900, 'reg_alpha': 0.1, 'reg_lambda': 1.5, 'subsample': 0.7}",0.9809574968105822,0.990832153409495,0.995059946520522,0.9908255235816565,0.9894187800805638,0.005181520646079246,956
247,1.0776768326759338,0.12102638180283358,0.032749831676483154,0.0035618651462262295,0.6,0.2,0.05,4,900,0.1,1.5,0.85,"{'colsample_bytree': 0.6, 'gamma': 0.2, 'learning_rate': 0.05, 'max_depth': 4, 'n_estimators': 900, 'reg_alpha': 0.1, 'reg_lambda': 1.5, 'subsample': 0.85}",0.9816625284502379,0.9908321169335286,0.998588566692963,0.9901197306558291,0.9903007356831397,0.005992117653616334,434
248,0.6124277114868164,0.05155050853966988,0.024378716945648193,0.004521489573564066,0.6,0.2,0.05,4,900,0.1,1.5,1.0,"{'colsample_bytree': 0.6, 'gamma': 0.2, 'learning_rate': 0.05, 'max_depth': 4, 'n_estimators': 900, 'reg_alpha': 0.1, 'reg_lambda': 1.5, 'subsample': 1.0}",0.9788407475274414,0.989421589208529,0.995059946520522,0.988708263606662,0.9880076367157886,0.0058364602000124275,1591
249,1.0465524792671204,0.048171176474139814,0.03426051139831543,0.0013507097758007878,0.6,0.2,0.05,4,900,0.1,2.0,0.7,"{'colsample_bytree': 0.6, 'gamma': 0.2, 'learning_rate': 0.05, 'max_depth': 4, 'n_estimators': 900, 'reg_alpha': 0.1, 'reg_lambda': 2.0, 'subsample': 0.7}",0.9802519537156409,0.9915373765867419,0.995059946520522,0.9915312989325971,0.9895951439388755,0.005583015193917799,857
250,1.1425797939300537,0.12922713238899708,0.033513009548187256,0.004270219502197516,0.6,0.2,0.05,4,900,0.1,2.0,0.85,"{'colsample_bytree': 0.6, 'gamma': 0.2, 'learning_rate': 0.05, 'max_depth': 4, 'n_estimators': 900, 'reg_alpha': 0.1, 'reg_lambda': 2.0, 'subsample': 0.85}",0.9795469410187734,0.9915373597517307,0.9971771221387733,0.9901197306558291,0.9895952883912766,0.006373777701471817,838
251,0.5886628031730652,0.005586403216734655,0.021135330200195312,0.0005408526649289993,0.6,0.2,0.05,4,900,0.1,2.0,1.0,"{'colsample_bytree': 0.6, 'gamma': 0.2, 'learning_rate': 0.05, 'max_depth': 4, 'n_estimators': 900, 'reg_alpha': 0.1, 'reg_lambda': 2.0, 'subsample': 1.0}",0.9802513643589452,0.9908321169335286,0.9943542442775466,0.9865909628578188,0.9880071721069599,0.005254137438088924,1634
252,1.0381739735603333,0.10033876171912422,0.029513180255889893,0.0020186109636516443,0.6,0.2,0.05,4,900,0.5,1.0,0.7,"{'colsample_bytree': 0.6, 'gamma': 0.2, 'learning_rate': 0.05, 'max_depth': 4, 'n_estimators': 900, 'reg_alpha': 0.5, 'reg_lambda': 1.0, 'subsample': 0.7}",0.9788419262103473,0.9908321169335286,0.9957656832081598,0.9894140656711423,0.9887134480057945,0.006167669475697726,1286
253,1.0568135976791382,0.07660591185604819,0.02738213539123535,0.0010846110711138436,0.6,0.2,0.05,4,900,0.5,1.0,0.85,"{'colsample_bytree': 0.6, 'gamma': 0.2, 'learning_rate': 0.05, 'max_depth': 4, 'n_estimators': 900, 'reg_alpha': 0.5, 'reg_lambda': 1.0, 'subsample': 0.85}",0.9809574968105822,0.9915373597517307,0.995059946520522,0.988002225333439,0.9888892571040684,0.005215110310969437,1279
254,0.5529180765151978,0.007381142461025913,0.018380463123321533,0.0009542071727647437,0.6,0.2,0.05,4,900,0.5,1.0,1.0,"{'colsample_bytree': 0.6, 'gamma': 0.2, 'learning_rate': 0.05, 'max_depth': 4, 'n_estimators': 900, 'reg_alpha': 0.5, 'reg_lambda': 1.0, 'subsample': 1.0}",0.9788407475274414,0.9901268607873446,0.9936485406285719,0.9880024404517326,0.9876546473487726,0.005473673036417296,1721
255,1.0069367289543152,0.09710718337700791,0.03252673149108887,0.001416736210258407,0.6,0.2,0.05,4,900,0.5,1.5,0.7,"{'colsample_bytree': 0.6, 'gamma': 0.2, 'learning_rate': 0.05, 'max_depth': 4, 'n_estimators': 900, 'reg_alpha': 0.5, 'reg_lambda': 1.5, 'subsample': 0.7}",0.9795469410187734,0.9901268607873446,0.9929428053469331,0.9894140656711423,0.9880076682060484,0.005059852126378745,1589
256,0.9666954278945923,0.08363283120195365,0.027882277965545654,0.0007357062198368674,0.6,0.2,0.05,4,900,0.5,1.5,0.85,"{'colsample_bytree': 0.6, 'gamma': 0.2, 'learning_rate': 0.05, 'max_depth': 4, 'n_estimators': 900, 'reg_alpha': 0.5, 'reg_lambda': 1.5, 'subsample': 0.85}",0.9802524644629909,0.9908321169335286,0.9957656832081598,0.9872963410115112,0.9885366514040477,0.005650092609110722,1436
257,0.5716925859451294,0.03129958988648044,0.019249439239501953,0.0014790145944818692,0.6,0.2,0.05,4,900,0.5,1.5,1.0,"{'colsample_bytree': 0.6, 'gamma': 0.2, 'learning_rate': 0.05, 'max_depth': 4, 'n_estimators': 900, 'reg_alpha': 0.5, 'reg_lambda': 1.5, 'subsample': 1.0}",0.979546371323736,0.9901268607873446,0.9936485406285719,0.9872967965574946,0.9876546423242867,0.005194005997839707,1724
258,1.0550870895385742,0.09017828170473616,0.03275424242019653,0.002165290065209483,0.6,0.2,0.05,4,900,0.5,2.0,0.7,"{'colsample_bytree': 0.6, 'gamma': 0.2, 'learning_rate': 0.05, 'max_depth': 4, 'n_estimators': 900, 'reg_alpha': 0.5, 'reg_lambda': 2.0, 'subsample': 0.7}",0.9802524644629909,0.9901268607873446,0.9929428053469331,0.9865909628578188,0.9874782733637719,0.0047401413306957605,1780
259,1.0505854487419128,0.08762169770733638,0.029265761375427246,0.0009122241536938444,0.6,0.2,0.05,4,900,0.5,2.0,0.85,"{'colsample_bytree': 0.6, 'gamma': 0.2, 'learning_rate': 0.05, 'max_depth': 4, 'n_estimators': 900, 'reg_alpha': 0.5, 'reg_lambda': 2.0, 'subsample': 0.85}",0.9802524644629909,0.9901268607873446,0.9957656832081598,0.9865907224314905,0.9881839327224964,0.005628152842517326,1547
260,0.6087039113044739,0.04939988047237737,0.020132064819335938,0.0018131862181579735,0.6,0.2,0.05,4,900,0.5,2.0,1.0,"{'colsample_bytree': 0.6, 'gamma': 0.2, 'learning_rate': 0.05, 'max_depth': 4, 'n_estimators': 900, 'reg_alpha': 0.5, 'reg_lambda': 2.0, 'subsample': 1.0}",0.9802519537156409,0.9901268607873446,0.9936485406285719,0.9865909628578188,0.987654579497344,0.004948987109484326,1734
261,0.9851760268211365,0.01948560704221786,0.028136491775512695,0.0007472797837810758,0.6,0.2,0.05,4,900,1.0,1.0,0.7,"{'colsample_bytree': 0.6, 'gamma': 0.2, 'learning_rate': 0.05, 'max_depth': 4, 'n_estimators': 900, 'reg_alpha': 1.0, 'reg_lambda': 1.0, 'subsample': 0.7}",0.9802519537156409,0.9901268607873446,0.9929428053469331,0.9865907224314905,0.9874780855703522,0.004740347226432675,1806
262,0.8887779712677002,0.030297483043326842,0.024879276752471924,0.0015173971953961417,0.6,0.2,0.05,4,900,1.0,1.0,0.85,"{'colsample_bytree': 0.6, 'gamma': 0.2, 'learning_rate': 0.05, 'max_depth': 4, 'n_estimators': 900, 'reg_alpha': 1.0, 'reg_lambda': 1.0, 'subsample': 0.85}",0.9816634039979629,0.989421589208529,0.9936485026692425,0.9865907224314905,0.9878310545768063,0.004357488962014417,1673
263,0.5426567196846008,0.01861620078682559,0.01838916540145874,0.0006487888319074982,0.6,0.2,0.05,4,900,1.0,1.0,1.0,"{'colsample_bytree': 0.6, 'gamma': 0.2, 'learning_rate': 0.05, 'max_depth': 4, 'n_estimators': 900, 'reg_alpha': 1.0, 'reg_lambda': 1.0, 'subsample': 1.0}",0.9788423892284186,0.9901268607873446,0.9929428334648147,0.985179485263905,0.9867728921861207,0.0053560503998378965,1885
264,1.0223199725151062,0.05977757203760417,0.037023723125457764,0.006804339941293302,0.6,0.2,0.05,4,900,1.0,1.5,0.7,"{'colsample_bytree': 0.6, 'gamma': 0.2, 'learning_rate': 0.05, 'max_depth': 4, 'n_estimators': 900, 'reg_alpha': 1.0, 'reg_lambda': 1.5, 'subsample': 0.7}",0.9816634039979629,0.9901268607873446,0.9929428053469331,0.9872965940966467,0.9880074160572218,0.004171386767991563,1619
265,0.8925110697746277,0.053940378278700116,0.025148212909698486,0.001980856406627501,0.6,0.2,0.05,4,900,1.0,1.5,0.85,"{'colsample_bytree': 0.6, 'gamma': 0.2, 'learning_rate': 0.05, 'max_depth': 4, 'n_estimators': 900, 'reg_alpha': 1.0, 'reg_lambda': 1.5, 'subsample': 0.85}",0.9795474293035473,0.989421589208529,0.9936485026692425,0.9872965940966467,0.9874785288194914,0.005118092925036743,1760
266,0.5585358142852783,0.022398695643914578,0.019886314868927002,0.00152091984741029,0.6,0.2,0.05,4,900,1.0,1.5,1.0,"{'colsample_bytree': 0.6, 'gamma': 0.2, 'learning_rate': 0.05, 'max_depth': 4, 'n_estimators': 900, 'reg_alpha': 1.0, 'reg_lambda': 1.5, 'subsample': 1.0}",0.9795469410187734,0.9901268607873446,0.9929428053469331,0.9865911498501135,0.9873019392507911,0.005011106942408082,1824
267,0.9830554127693176,0.04965242799891829,0.028884470462799072,0.0007390372646804175,0.6,0.2,0.05,4,900,1.0,2.0,0.7,"{'colsample_bytree': 0.6, 'gamma': 0.2, 'learning_rate': 0.05, 'max_depth': 4, 'n_estimators': 900, 'reg_alpha': 1.0, 'reg_lambda': 2.0, 'subsample': 0.7}",0.9816634039979629,0.989421589208529,0.9929428053469331,0.9872965940966467,0.9878310981625179,0.004092229160572573,1669
268,0.9061589241027832,0.041527754490992906,0.02626854181289673,0.0018915696764712116,0.6,0.2,0.05,4,900,1.0,2.0,0.85,"{'colsample_bytree': 0.6, 'gamma': 0.2, 'learning_rate': 0.05, 'max_depth': 4, 'n_estimators': 900, 'reg_alpha': 1.0, 'reg_lambda': 2.0, 'subsample': 0.85}",0.9795474293035473,0.9901268607873446,0.9936485406285719,0.9872965940966467,0.9876548562040276,0.005193596594008364,1699
269,0.5795556902885437,0.012999921824063015,0.01963937282562256,0.000657742751016026,0.6,0.2,0.05,4,900,1.0,2.0,1.0,"{'colsample_bytree': 0.6, 'gamma': 0.2, 'learning_rate': 0.05, 'max_depth': 4, 'n_estimators': 900, 'reg_alpha': 1.0, 'reg_lambda': 2.0, 'subsample': 1.0}",0.9802524644629909,0.9901268607873446,0.9929428334648147,0.9858853295083274,0.9873018720558694,0.004782827279698233,1831
270,0.9968313574790955,0.06561763901373932,0.035001933574676514,0.002121560397366967,0.6,0.2,0.05,8,750,0.1,1.0,0.7,"{'colsample_bytree': 0.6, 'gamma': 0.2, 'learning_rate': 0.05, 'max_depth': 8, 'n_estimators': 750, 'reg_alpha': 0.1, 'reg_lambda': 1.0, 'subsample': 0.7}",0.984484418767507,0.9915373765867419,0.9971771221387733,0.9901198487546965,0.9908296915619297,0.0045154472831828545,183
271,0.9995925426483154,0.057997782965837186,0.02964615821838379,0.00020255717514685735,0.6,0.2,0.05,8,750,0.1,1.0,0.85,"{'colsample_bytree': 0.6, 'gamma': 0.2, 'learning_rate': 0.05, 'max_depth': 8, 'n_estimators': 750, 'reg_alpha': 0.1, 'reg_lambda': 1.0, 'subsample': 0.85}",0.9837793183573613,0.9915373597517307,0.9971771221387733,0.9908255235816565,0.9908298309573804,0.004756533633139166,157
272,0.7381176948547363,0.06090587546799155,0.024253129959106445,0.0008251071299189367,0.6,0.2,0.05,8,750,0.1,1.0,1.0,"{'colsample_bytree': 0.6, 'gamma': 0.2, 'learning_rate': 0.05, 'max_depth': 8, 'n_estimators': 750, 'reg_alpha': 0.1, 'reg_lambda': 1.0, 'subsample': 1.0}",0.9851900481181693,0.9915373597517307,0.9957657000788889,0.988708263606662,0.9903003428888626,0.003874602205961899,506
273,1.0901156067848206,0.04802173997415874,0.03763538599014282,0.0013794476965362941,0.6,0.2,0.05,8,750,0.1,1.5,0.7,"{'colsample_bytree': 0.6, 'gamma': 0.2, 'learning_rate': 0.05, 'max_depth': 8, 'n_estimators': 750, 'reg_alpha': 0.1, 'reg_lambda': 1.5, 'subsample': 0.7}",0.9837789956545375,0.9922425913464957,0.9964714114603177,0.9908255235816565,0.9908296305107518,0.004569945824316772,191
274,0.9920988082885742,0.05473009637942125,0.03313654661178589,0.0021271827373354523,0.6,0.2,0.05,8,750,0.1,1.5,0.85,"{'colsample_bytree': 0.6, 'gamma': 0.2, 'learning_rate': 0.05, 'max_depth': 8, 'n_estimators': 750, 'reg_alpha': 0.1, 'reg_lambda': 1.5, 'subsample': 0.85}",0.9837793183573613,0.9915373597517307,0.9964714114603177,0.9901197306558291,0.9904769550563097,0.004528904732963103,371
275,0.6606101989746094,0.023999415680337588,0.028506755828857422,0.003506764415442985,0.6,0.2,0.05,8,750,0.1,1.5,1.0,"{'colsample_bytree': 0.6, 'gamma': 0.2, 'learning_rate': 0.05, 'max_depth': 8, 'n_estimators': 750, 'reg_alpha': 0.1, 'reg_lambda': 1.5, 'subsample': 1.0}",0.9851900481181693,0.9915373597517307,0.9971771221387733,0.9872967965574946,0.990300331641542,0.004581394623326109,508
276,1.086023211479187,0.06356942537679004,0.038769423961639404,0.004798892782910859,0.6,0.2,0.05,8,750,0.1,2.0,0.7,"{'colsample_bytree': 0.6, 'gamma': 0.2, 'learning_rate': 0.05, 'max_depth': 8, 'n_estimators': 750, 'reg_alpha': 0.1, 'reg_lambda': 2.0, 'subsample': 0.7}",0.985189812413243,0.9915373597517307,0.9964714114603177,0.9908255235816565,0.9910060268017369,0.004000427333278986,119
277,1.0322642922401428,0.08681616072424815,0.03513461351394653,0.005194330484264023,0.6,0.2,0.05,8,750,0.1,2.0,0.85,"{'colsample_bytree': 0.6, 'gamma': 0.2, 'learning_rate': 0.05, 'max_depth': 8, 'n_estimators': 750, 'reg_alpha': 0.1, 'reg_lambda': 2.0, 'subsample': 0.85}",0.9830739113827349,0.9922425913464957,0.9964714114603177,0.9901197306558291,0.9904769112113443,0.004847258090566231,385
278,0.7602866291999817,0.04305546130303605,0.02901923656463623,0.0027748329838035244,0.6,0.2,0.05,8,750,0.1,2.0,1.0,"{'colsample_bytree': 0.6, 'gamma': 0.2, 'learning_rate': 0.05, 'max_depth': 8, 'n_estimators': 750, 'reg_alpha': 0.1, 'reg_lambda': 2.0, 'subsample': 1.0}",0.9844849126269217,0.9915373597517307,0.9957656832081598,0.9880026077606279,0.98994764083686,0.004183341261056479,707
279,1.1122952103614807,0.0973942554436068,0.039898037910461426,0.005567575189377388,0.6,0.2,0.05,8,750,0.5,1.0,0.7,"{'colsample_bytree': 0.6, 'gamma': 0.2, 'learning_rate': 0.05, 'max_depth': 8, 'n_estimators': 750, 'reg_alpha': 0.5, 'reg_lambda': 1.0, 'subsample': 0.7}",0.9837793183573613,0.9908321169335286,0.9964714114603177,0.988708398576796,0.9899478113320009,0.00455318033321245,670
280,0.9717195630073547,0.0878684120632523,0.029130280017852783,0.0005362903692496048,0.6,0.2,0.05,8,750,0.5,1.0,0.85,"{'colsample_bytree': 0.6, 'gamma': 0.2, 'learning_rate': 0.05, 'max_depth': 8, 'n_estimators': 750, 'reg_alpha': 0.5, 'reg_lambda': 1.0, 'subsample': 0.85}",0.9851900481181693,0.9908321169335286,0.9964714114603177,0.9887080836414638,0.99030041503837,0.004093142835330235,488
281,0.6801127791404724,0.04589700360846669,0.024013638496398926,0.001631648900601813,0.6,0.2,0.05,8,750,0.5,1.0,1.0,"{'colsample_bytree': 0.6, 'gamma': 0.2, 'learning_rate': 0.05, 'max_depth': 8, 'n_estimators': 750, 'reg_alpha': 0.5, 'reg_lambda': 1.0, 'subsample': 1.0}",0.9851900481181693,0.9908321169335286,0.9964713903718013,0.988708398576796,0.9903004885000738,0.004093104259683295,473
282,1.0813603401184082,0.05928194076565635,0.033634722232818604,0.00041500235906369483,0.6,0.2,0.05,8,750,0.5,1.5,0.7,"{'colsample_bytree': 0.6, 'gamma': 0.2, 'learning_rate': 0.05, 'max_depth': 8, 'n_estimators': 750, 'reg_alpha': 0.5, 'reg_lambda': 1.5, 'subsample': 0.7}",0.9823688243014796,0.9908321169335286,0.9957656832081598,0.9894139180456464,0.9895951356222037,0.004792134059821208,859
283,0.9536977410316467,0.06610591652306395,0.029253005981445312,0.001296221364386717,0.6,0.2,0.05,8,750,0.5,1.5,0.85,"{'colsample_bytree': 0.6, 'gamma': 0.2, 'learning_rate': 0.05, 'max_depth': 8, 'n_estimators': 750, 'reg_alpha': 0.5, 'reg_lambda': 1.5, 'subsample': 0.85}",0.9830739113827349,0.9901268607873446,0.9964713903718013,0.9894139180456464,0.9897715201468819,0.004743426251717021,759
284,0.6758456826210022,0.014531901836617648,0.025249838829040527,0.0019151279718287667,0.6,0.2,0.05,8,750,0.5,1.5,1.0,"{'colsample_bytree': 0.6, 'gamma': 0.2, 'learning_rate': 0.05, 'max_depth': 8, 'n_estimators': 750, 'reg_alpha': 0.5, 'reg_lambda': 1.5, 'subsample': 1.0}",0.9858953751153834,0.9915373597517307,0.995059946520522,0.9872967965574946,0.9899473694862826,0.0036093873513338326,728
285,1.0292147994041443,0.03414669622969104,0.03326362371444702,0.0019417788053030125,0.6,0.2,0.05,8,750,0.5,2.0,0.7,"{'colsample_bytree': 0.6, 'gamma': 0.2, 'learning_rate': 0.05, 'max_depth': 8, 'n_estimators': 750, 'reg_alpha': 0.5, 'reg_lambda': 2.0, 'subsample': 0.7}",0.9830742144370506,0.9901268607873446,0.9957656832081598,0.9894139180456464,0.9895951691195504,0.004497600528902527,855
286,0.9314454197883606,0.0292372674434649,0.029751121997833252,0.0025860582342049614,0.6,0.2,0.05,8,750,0.5,2.0,0.85,"{'colsample_bytree': 0.6, 'gamma': 0.2, 'learning_rate': 0.05, 'max_depth': 8, 'n_estimators': 750, 'reg_alpha': 0.5, 'reg_lambda': 2.0, 'subsample': 0.85}",0.9816634039979629,0.9901268607873446,0.9957656832081598,0.9887080836414638,0.9890660079087328,0.00502338810935053,1136
287,0.6924777626991272,0.02725619687606728,0.027888238430023193,0.002709966697718758,0.6,0.2,0.05,8,750,0.5,2.0,1.0,"{'colsample_bytree': 0.6, 'gamma': 0.2, 'learning_rate': 0.05, 'max_depth': 8, 'n_estimators': 750, 'reg_alpha': 0.5, 'reg_lambda': 2.0, 'subsample': 1.0}",0.9851902248919406,0.9908321169335286,0.995059946520522,0.9865909628578188,0.9894183128009525,0.0038632081298560403,1025
288,1.00869482755661,0.03684812583159943,0.03101325035095215,0.0012287606797552382,0.6,0.2,0.05,8,750,1.0,1.0,0.7,"{'colsample_bytree': 0.6, 'gamma': 0.2, 'learning_rate': 0.05, 'max_depth': 8, 'n_estimators': 750, 'reg_alpha': 1.0, 'reg_lambda': 1.0, 'subsample': 0.7}",0.9830742144370506,0.9901268607873446,0.9943542442775466,0.988708263606662,0.989065895777151,0.004034861294554245,1158
289,0.8920460939407349,0.046923277403043355,0.029004454612731934,0.0021199023891831036,0.6,0.2,0.05,8,750,1.0,1.0,0.85,"{'colsample_bytree': 0.6, 'gamma': 0.2, 'learning_rate': 0.05, 'max_depth': 8, 'n_estimators': 750, 'reg_alpha': 1.0, 'reg_lambda': 1.0, 'subsample': 0.85}",0.9823693153475482,0.9901268607873446,0.9957656832081598,0.9872965940966467,0.9888896133599249,0.004844148900938138,1230
290,0.6240888833999634,0.025764769992953688,0.022383511066436768,0.0011880546044765953,0.6,0.2,0.05,8,750,1.0,1.0,1.0,"{'colsample_bytree': 0.6, 'gamma': 0.2, 'learning_rate': 0.05, 'max_depth': 8, 'n_estimators': 750, 'reg_alpha': 1.0, 'reg_lambda': 1.0, 'subsample': 1.0}",0.9830746184925907,0.9901268607873446,0.9943542442775466,0.9858851045518296,0.9883602070273279,0.004275310704719402,1509
291,0.9944514036178589,0.032873939849980625,0.030259907245635986,0.0011440430290744008,0.6,0.2,0.05,8,750,1.0,1.5,0.7,"{'colsample_bytree': 0.6, 'gamma': 0.2, 'learning_rate': 0.05, 'max_depth': 8, 'n_estimators': 750, 'reg_alpha': 1.0, 'reg_lambda': 1.5, 'subsample': 0.7}",0.9816637323068047,0.9901268607873446,0.9943542442775466,0.9880026077606279,0.9885368612830809,0.004579720845167267,1393
292,0.8659192323684692,0.028918813424472993,0.027129709720611572,0.0005383546520782924,0.6,0.2,0.05,8,750,1.0,1.5,0.85,"{'colsample_bytree': 0.6, 'gamma': 0.2, 'learning_rate': 0.05, 'max_depth': 8, 'n_estimators': 750, 'reg_alpha': 1.0, 'reg_lambda': 1.5, 'subsample': 0.85}",0.9823693153475482,0.9901268607873446,0.995059946520522,0.9880024404517326,0.9888896407767869,0.00455261338259816,1224
293,0.6267148852348328,0.011584989607861581,0.022633373737335205,0.001287734781423453,0.6,0.2,0.05,8,750,1.0,1.5,1.0,"{'colsample_bytree': 0.6, 'gamma': 0.2, 'learning_rate': 0.05, 'max_depth': 8, 'n_estimators': 750, 'reg_alpha': 1.0, 'reg_lambda': 1.5, 'subsample': 1.0}",0.9830746184925907,0.9901268607873446,0.9943542442775466,0.9872967965574946,0.9887131300287442,0.004111557413893557,1322
294,1.0529788732528687,0.09598585287163942,0.03538697957992554,0.004431527706827833,0.6,0.2,0.05,8,750,1.0,2.0,0.7,"{'colsample_bytree': 0.6, 'gamma': 0.2, 'learning_rate': 0.05, 'max_depth': 8, 'n_estimators': 750, 'reg_alpha': 1.0, 'reg_lambda': 2.0, 'subsample': 0.7}",0.9823691049025824,0.9901268607873446,0.9936485406285719,0.9872967965574946,0.9883603257189983,0.004126490161928082,1494
295,0.9240628480911255,0.08154546418202867,0.028150856494903564,0.0019804278945478406,0.6,0.2,0.05,8,750,1.0,2.0,0.85,"{'colsample_bytree': 0.6, 'gamma': 0.2, 'learning_rate': 0.05, 'max_depth': 8, 'n_estimators': 750, 'reg_alpha': 1.0, 'reg_lambda': 2.0, 'subsample': 0.85}",0.9823693153475482,0.9901268607873446,0.995059946520522,0.9872967965574946,0.9887132298032273,0.0045970289157627395,1296
296,0.6463424563407898,0.00975171783122452,0.023134827613830566,0.0007424466813530523,0.6,0.2,0.05,8,750,1.0,2.0,1.0,"{'colsample_bytree': 0.6, 'gamma': 0.2, 'learning_rate': 0.05, 'max_depth': 8, 'n_estimators': 750, 'reg_alpha': 1.0, 'reg_lambda': 2.0, 'subsample': 1.0}",0.9823694556414012,0.9901268607873446,0.9943542442775466,0.9872967965574946,0.9885368393159468,0.004357312709646654,1395
297,1.2765988111495972,0.07883760398276833,0.04238659143447876,0.008509947373359429,0.6,0.2,0.05,8,900,0.1,1.0,0.7,"{'colsample_bytree': 0.6, 'gamma': 0.2, 'learning_rate': 0.05, 'max_depth': 8, 'n_estimators': 900, 'reg_alpha': 0.1, 'reg_lambda': 1.0, 'subsample': 0.7}",0.984484418767507,0.9915373765867419,0.9971771221387733,0.9908256149666836,0.9910061331149265,0.004498018174428771,103
298,3.9617401361465454,4.587073715610055,0.05876821279525757,0.03722516528214185,0.6,0.2,0.05,8,900,0.1,1.0,0.85,"{'colsample_bytree': 0.6, 'gamma': 0.2, 'learning_rate': 0.05, 'max_depth': 8, 'n_estimators': 900, 'reg_alpha': 0.1, 'reg_lambda': 1.0, 'subsample': 0.85}",0.9837793183573613,0.9915373597517307,0.9971771221387733,0.9901198487546965,0.9906534122506405,0.004766497947839362,243
299,0.8099151253700256,0.13046288430389966,0.030147790908813477,0.006649562578287107,0.6,0.2,0.05,8,900,0.1,1.0,1.0,"{'colsample_bytree': 0.6, 'gamma': 0.2, 'learning_rate': 0.05, 'max_depth': 8, 'n_estimators': 900, 'reg_alpha': 0.1, 'reg_lambda': 1.0, 'subsample': 1.0}",0.9851900481181693,0.9915373597517307,0.9957657000788889,0.988708263606662,0.9903003428888626,0.003874602205961899,506
300,1.40786874294281,0.14899382560222546,0.03889042139053345,0.0019596526193739936,0.6,0.2,0.05,8,900,0.1,1.5,0.7,"{'colsample_bytree': 0.6, 'gamma': 0.2, 'learning_rate': 0.05, 'max_depth': 8, 'n_estimators': 900, 'reg_alpha': 0.1, 'reg_lambda': 1.5, 'subsample': 0.7}",0.9837789956545375,0.9922425913464957,0.9964714114603177,0.9901198487546965,0.9906532118040119,0.004580308351595239,280
301,1.284562885761261,0.2270807967446595,0.037760913372039795,0.00616576381415672,0.6,0.2,0.05,8,900,0.1,1.5,0.85,"{'colsample_bytree': 0.6, 'gamma': 0.2, 'learning_rate': 0.05, 'max_depth': 8, 'n_estimators': 900, 'reg_alpha': 0.1, 'reg_lambda': 1.5, 'subsample': 0.85}",0.9830739113827349,0.9915373597517307,0.9964714114603177,0.9901197306558291,0.9903006033126531,0.004792343655582697,449
302,0.7553651332855225,0.08208743634778823,0.025132477283477783,0.0012333970967873314,0.6,0.2,0.05,8,900,0.1,1.5,1.0,"{'colsample_bytree': 0.6, 'gamma': 0.2, 'learning_rate': 0.05, 'max_depth': 8, 'n_estimators': 900, 'reg_alpha': 0.1, 'reg_lambda': 1.5, 'subsample': 1.0}",0.9851900481181693,0.9915373597517307,0.9971771221387733,0.9872967965574946,0.990300331641542,0.004581394623326109,508
303,1.2392776012420654,0.12322365099865835,0.04363226890563965,0.00551089068023601,0.6,0.2,0.05,8,900,0.1,2.0,0.7,"{'colsample_bytree': 0.6, 'gamma': 0.2, 'learning_rate': 0.05, 'max_depth': 8, 'n_estimators': 900, 'reg_alpha': 0.1, 'reg_lambda': 2.0, 'subsample': 0.7}",0.985189812413243,0.9922425913464957,0.9957657000788889,0.9908255235816565,0.991005906855071,0.003809347475172858,132
304,1.1725193858146667,0.07950538493967538,0.03977155685424805,0.0062785697336747714,0.6,0.2,0.05,8,900,0.1,2.0,0.85,"{'colsample_bytree': 0.6, 'gamma': 0.2, 'learning_rate': 0.05, 'max_depth': 8, 'n_estimators': 900, 'reg_alpha': 0.1, 'reg_lambda': 2.0, 'subsample': 0.85}",0.9830739113827349,0.9915373597517307,0.9964714114603177,0.9901197306558291,0.9903006033126531,0.004792343655582697,449
305,0.7595003843307495,0.028091023144245348,0.027253389358520508,0.001784954469283876,0.6,0.2,0.05,8,900,0.1,2.0,1.0,"{'colsample_bytree': 0.6, 'gamma': 0.2, 'learning_rate': 0.05, 'max_depth': 8, 'n_estimators': 900, 'reg_alpha': 0.1, 'reg_lambda': 2.0, 'subsample': 1.0}",0.9844849126269217,0.9915373597517307,0.9957656832081598,0.9880026077606279,0.98994764083686,0.004183341261056479,707
306,1.139031171798706,0.06690691019579345,0.036999642848968506,0.004061651433120456,0.6,0.2,0.05,8,900,0.5,1.0,0.7,"{'colsample_bytree': 0.6, 'gamma': 0.2, 'learning_rate': 0.05, 'max_depth': 8, 'n_estimators': 900, 'reg_alpha': 0.5, 'reg_lambda': 1.0, 'subsample': 0.7}",0.9837793183573613,0.9915373597517307,0.9964714114603177,0.9894140656711423,0.990300538810138,0.004553063422745502,462
307,1.107509970664978,0.10442655139368817,0.03524959087371826,0.0064193641694240125,0.6,0.2,0.05,8,900,0.5,1.0,0.85,"{'colsample_bytree': 0.6, 'gamma': 0.2, 'learning_rate': 0.05, 'max_depth': 8, 'n_estimators': 900, 'reg_alpha': 0.5, 'reg_lambda': 1.0, 'subsample': 0.85}",0.9844846965672964,0.9908321169335286,0.9971771221387733,0.9894139180456464,0.9904769634213112,0.004529226986387141,369
308,0.7263760566711426,0.05333321364165053,0.024886250495910645,0.0011456207788277438,0.6,0.2,0.05,8,900,0.5,1.0,1.0,"{'colsample_bytree': 0.6, 'gamma': 0.2, 'learning_rate': 0.05, 'max_depth': 8, 'n_estimators': 900, 'reg_alpha': 0.5, 'reg_lambda': 1.0, 'subsample': 1.0}",0.9851900481181693,0.9908321169335286,0.9964713903718013,0.988708398576796,0.9903004885000738,0.004093104259683295,473
309,1.2496882677078247,0.12438805999484338,0.040005505084991455,0.005477332377300792,0.6,0.2,0.05,8,900,0.5,1.5,0.7,"{'colsample_bytree': 0.6, 'gamma': 0.2, 'learning_rate': 0.05, 'max_depth': 8, 'n_estimators': 900, 'reg_alpha': 0.5, 'reg_lambda': 1.5, 'subsample': 0.7}",0.9823688243014796,0.9908321169335286,0.9957656832081598,0.988708263606662,0.9894187220124575,0.004808518755923621,974
310,1.170773446559906,0.14194937219928058,0.03450077772140503,0.005361219537063065,0.6,0.2,0.05,8,900,0.5,1.5,0.85,"{'colsample_bytree': 0.6, 'gamma': 0.2, 'learning_rate': 0.05, 'max_depth': 8, 'n_estimators': 900, 'reg_alpha': 0.5, 'reg_lambda': 1.5, 'subsample': 0.85}",0.9823688243014796,0.989421589208529,0.9964713903718013,0.9894139180456464,0.9894189304818641,0.004986010926763316,935
311,0.7543978095054626,0.0743489689602967,0.026502490043640137,0.002059989211476009,0.6,0.2,0.05,8,900,0.5,1.5,1.0,"{'colsample_bytree': 0.6, 'gamma': 0.2, 'learning_rate': 0.05, 'max_depth': 8, 'n_estimators': 900, 'reg_alpha': 0.5, 'reg_lambda': 1.5, 'subsample': 1.0}",0.9858953751153834,0.9915373597517307,0.995059946520522,0.9872967965574946,0.9899473694862826,0.0036093873513338326,728
312,1.2176369428634644,0.12053537754211772,0.03827023506164551,0.005121292550878612,0.6,0.2,0.05,8,900,0.5,2.0,0.7,"{'colsample_bytree': 0.6, 'gamma': 0.2, 'learning_rate': 0.05, 'max_depth': 8, 'n_estimators': 900, 'reg_alpha': 0.5, 'reg_lambda': 2.0, 'subsample': 0.7}",0.9823688243014796,0.9908321169335286,0.9957656832081598,0.9894139180456464,0.9895951356222037,0.004792134059821208,859
313,1.1768759489059448,0.13417944823878303,0.0331302285194397,0.002350486477998346,0.6,0.2,0.05,8,900,0.5,2.0,0.85,"{'colsample_bytree': 0.6, 'gamma': 0.2, 'learning_rate': 0.05, 'max_depth': 8, 'n_estimators': 900, 'reg_alpha': 0.5, 'reg_lambda': 2.0, 'subsample': 0.85}",0.9816634039979629,0.989421589208529,0.9957656832081598,0.9894139180456464,0.9890661486150746,0.004998291538676917,1117
314,0.7282188534736633,0.012256572884255626,0.026263415813446045,0.0002631663463430492,0.6,0.2,0.05,8,900,0.5,2.0,1.0,"{'colsample_bytree': 0.6, 'gamma': 0.2, 'learning_rate': 0.05, 'max_depth': 8, 'n_estimators': 900, 'reg_alpha': 0.5, 'reg_lambda': 2.0, 'subsample': 1.0}",0.9851902248919406,0.9908321169335286,0.995059946520522,0.9865909628578188,0.9894183128009525,0.0038632081298560403,1025
315,1.1547197699546814,0.11462168420920442,0.03451806306838989,0.004223971666059841,0.6,0.2,0.05,8,900,1.0,1.0,0.7,"{'colsample_bytree': 0.6, 'gamma': 0.2, 'learning_rate': 0.05, 'max_depth': 8, 'n_estimators': 900, 'reg_alpha': 1.0, 'reg_lambda': 1.0, 'subsample': 0.7}",0.9830742144370506,0.9901268607873446,0.9943542442775466,0.988708263606662,0.989065895777151,0.004034861294554245,1158
316,1.1434693336486816,0.1233810982684141,0.031255483627319336,0.0032669063532243647,0.6,0.2,0.05,8,900,1.0,1.0,0.85,"{'colsample_bytree': 0.6, 'gamma': 0.2, 'learning_rate': 0.05, 'max_depth': 8, 'n_estimators': 900, 'reg_alpha': 1.0, 'reg_lambda': 1.0, 'subsample': 0.85}",0.9823693153475482,0.9901268607873446,0.9957656832081598,0.9872965940966467,0.9888896133599249,0.004844148900938138,1230
317,0.6729504466056824,0.016513711952867136,0.02300351858139038,0.0007104302464757024,0.6,0.2,0.05,8,900,1.0,1.0,1.0,"{'colsample_bytree': 0.6, 'gamma': 0.2, 'learning_rate': 0.05, 'max_depth': 8, 'n_estimators': 900, 'reg_alpha': 1.0, 'reg_lambda': 1.0, 'subsample': 1.0}",0.9830746184925907,0.9901268607873446,0.9943542442775466,0.9858851045518296,0.9883602070273279,0.004275310704719402,1509
318,1.093824863433838,0.02050363764682215,0.033394455909729004,0.0020589563284723477,0.6,0.2,0.05,8,900,1.0,1.5,0.7,"{'colsample_bytree': 0.6, 'gamma': 0.2, 'learning_rate': 0.05, 'max_depth': 8, 'n_estimators': 900, 'reg_alpha': 1.0, 'reg_lambda': 1.5, 'subsample': 0.7}",0.9823691049025824,0.9901268607873446,0.9943542442775466,0.988708263606662,0.9888896183935338,0.004299502603141007,1228
319,1.0737130045890808,0.09813366234342122,0.02951502799987793,0.0009292758596218605,0.6,0.2,0.05,8,900,1.0,1.5,0.85,"{'colsample_bytree': 0.6, 'gamma': 0.2, 'learning_rate': 0.05, 'max_depth': 8, 'n_estimators': 900, 'reg_alpha': 1.0, 'reg_lambda': 1.5, 'subsample': 0.85}",0.9823693153475482,0.9901268607873446,0.995059946520522,0.9880024404517326,0.9888896407767869,0.00455261338259816,1224
320,0.6733416318893433,0.04506542050056343,0.023884296417236328,0.0005537473343331174,0.6,0.2,0.05,8,900,1.0,1.5,1.0,"{'colsample_bytree': 0.6, 'gamma': 0.2, 'learning_rate': 0.05, 'max_depth': 8, 'n_estimators': 900, 'reg_alpha': 1.0, 'reg_lambda': 1.5, 'subsample': 1.0}",0.9830746184925907,0.9901268607873446,0.9943542442775466,0.9872967965574946,0.9887131300287442,0.004111557413893557,1322
321,1.1054832935333252,0.0849316354539501,0.03388321399688721,0.0022906037193378757,0.6,0.2,0.05,8,900,1.0,2.0,0.7,"{'colsample_bytree': 0.6, 'gamma': 0.2, 'learning_rate': 0.05, 'max_depth': 8, 'n_estimators': 900, 'reg_alpha': 1.0, 'reg_lambda': 2.0, 'subsample': 0.7}",0.9823691049025824,0.9901268607873446,0.9936485406285719,0.9880024404517326,0.9885367366925579,0.004092193436494208,1420
322,1.0184465646743774,0.030293468529129276,0.027765095233917236,0.001946145372941773,0.6,0.2,0.05,8,900,1.0,2.0,0.85,"{'colsample_bytree': 0.6, 'gamma': 0.2, 'learning_rate': 0.05, 'max_depth': 8, 'n_estimators': 900, 'reg_alpha': 1.0, 'reg_lambda': 2.0, 'subsample': 0.85}",0.9823693153475482,0.9901268607873446,0.995059946520522,0.9880024404517326,0.9888896407767869,0.00455261338259816,1224
323,0.7077155113220215,0.015735744190496337,0.023901939392089844,0.0009490805643760762,0.6,0.2,0.05,8,900,1.0,2.0,1.0,"{'colsample_bytree': 0.6, 'gamma': 0.2, 'learning_rate': 0.05, 'max_depth': 8, 'n_estimators': 900, 'reg_alpha': 1.0, 'reg_lambda': 2.0, 'subsample': 1.0}",0.9823694556414012,0.9901268607873446,0.9943542442775466,0.9872967965574946,0.9885368393159468,0.004357312709646654,1395
324,0.8061143159866333,0.017629627480958993,0.0253831148147583,0.0006404674927753282,0.6,0.2,0.1,4,750,0.1,1.0,0.7,"{'colsample_bytree': 0.6, 'gamma': 0.2, 'learning_rate': 0.1, 'max_depth': 4, 'n_estimators': 750, 'reg_alpha': 0.1, 'reg_lambda': 1.0, 'subsample': 0.7}",0.9809569664048577,0.9915373765867419,0.9957657000788889,0.9901197306558291,0.9895949434315794,0.005402345159916558,891
325,0.7340188026428223,0.03576522808127303,0.021389126777648926,0.0009641936440642486,0.6,0.2,0.1,4,750,0.1,1.0,0.85,"{'colsample_bytree': 0.6, 'gamma': 0.2, 'learning_rate': 0.1, 'max_depth': 4, 'n_estimators': 750, 'reg_alpha': 0.1, 'reg_lambda': 1.0, 'subsample': 0.85}",0.9823675614859793,0.9922425913464957,0.9978828468761907,0.988002225333439,0.9901238062605261,0.005686659831327281,630
326,0.4247533679008484,0.014792541523900714,0.015559256076812744,0.0010484336230328828,0.6,0.2,0.1,4,750,0.1,1.0,1.0,"{'colsample_bytree': 0.6, 'gamma': 0.2, 'learning_rate': 0.1, 'max_depth': 4, 'n_estimators': 750, 'reg_alpha': 0.1, 'reg_lambda': 1.0, 'subsample': 1.0}",0.9816625284502379,0.989421589208529,0.9943542442775466,0.988708263606662,0.9885366563857438,0.004525221510922597,1434
327,0.8238405585289001,0.02282817941593354,0.02500218152999878,0.0012210606932232728,0.6,0.2,0.1,4,750,0.1,1.5,0.7,"{'colsample_bytree': 0.6, 'gamma': 0.2, 'learning_rate': 0.1, 'max_depth': 4, 'n_estimators': 750, 'reg_alpha': 0.1, 'reg_lambda': 1.5, 'subsample': 0.7}",0.9802519537156409,0.9915373765867419,0.9957657000788889,0.9908255235816565,0.989595138490732,0.005715266143153199,858
328,0.7333176136016846,0.026505856088384253,0.021383225917816162,0.0023326678672874364,0.6,0.2,0.1,4,750,0.1,1.5,0.85,"{'colsample_bytree': 0.6, 'gamma': 0.2, 'learning_rate': 0.1, 'max_depth': 4, 'n_estimators': 750, 'reg_alpha': 0.1, 'reg_lambda': 1.5, 'subsample': 0.85}",0.9809574968105822,0.9922425913464957,0.9971771221387733,0.9894139180456464,0.9899477820853744,0.005887269046163638,674
329,0.4330524206161499,0.022157458151839095,0.01699984073638916,0.003535850970564685,0.6,0.2,0.1,4,750,0.1,1.5,1.0,"{'colsample_bytree': 0.6, 'gamma': 0.2, 'learning_rate': 0.1, 'max_depth': 4, 'n_estimators': 750, 'reg_alpha': 0.1, 'reg_lambda': 1.5, 'subsample': 1.0}",0.9788419262103473,0.9901268607873446,0.9936485026692425,0.988708398576796,0.9878314220609326,0.005492895165742613,1639
330,0.8203694224357605,0.035220467990266756,0.026887357234954834,0.00443007518398644,0.6,0.2,0.1,4,750,0.1,2.0,0.7,"{'colsample_bytree': 0.6, 'gamma': 0.2, 'learning_rate': 0.1, 'max_depth': 4, 'n_estimators': 750, 'reg_alpha': 0.1, 'reg_lambda': 2.0, 'subsample': 0.7}",0.9802519537156409,0.990832153409495,0.9964714114603177,0.9901197306558291,0.9894188123103207,0.005836507321486866,943
331,0.7374776005744934,0.04961532821857831,0.022508859634399414,0.002141337776755525,0.6,0.2,0.1,4,750,0.1,2.0,0.85,"{'colsample_bytree': 0.6, 'gamma': 0.2, 'learning_rate': 0.1, 'max_depth': 4, 'n_estimators': 750, 'reg_alpha': 0.1, 'reg_lambda': 2.0, 'subsample': 0.85}",0.9809569664048577,0.9922425913464957,0.9978828468761907,0.9894139180456464,0.9901240806682976,0.0061079222210166555,599
332,0.4200180768966675,0.020372804439130417,0.015259027481079102,0.0018983793293939999,0.6,0.2,0.1,4,750,0.1,2.0,1.0,"{'colsample_bytree': 0.6, 'gamma': 0.2, 'learning_rate': 0.1, 'max_depth': 4, 'n_estimators': 750, 'reg_alpha': 0.1, 'reg_lambda': 2.0, 'subsample': 1.0}",0.9809569664048577,0.9901268607873446,0.9943542442775466,0.9865909628578188,0.988007258581892,0.004911452287505754,1630
333,0.8585313558578491,0.16493962678497404,0.024499714374542236,0.002691782879378102,0.6,0.2,0.1,4,750,0.5,1.0,0.7,"{'colsample_bytree': 0.6, 'gamma': 0.2, 'learning_rate': 0.1, 'max_depth': 4, 'n_estimators': 750, 'reg_alpha': 0.5, 'reg_lambda': 1.0, 'subsample': 0.7}",0.9795469410187734,0.990832153409495,0.9943541992883981,0.9894139180456464,0.9885368029405782,0.005493124846647851,1405
334,0.7104626297950745,0.011008493255021458,0.01988041400909424,0.0023036272232792926,0.6,0.2,0.1,4,750,0.5,1.0,0.85,"{'colsample_bytree': 0.6, 'gamma': 0.2, 'learning_rate': 0.1, 'max_depth': 4, 'n_estimators': 750, 'reg_alpha': 0.5, 'reg_lambda': 1.0, 'subsample': 0.85}",0.9809574968105822,0.9908321169335286,0.9957656494662985,0.988002225333439,0.9888893721359621,0.005356284227399809,1266
335,0.39623427391052246,0.020324905634818705,0.014253437519073486,0.000432350790629919,0.6,0.2,0.1,4,750,0.5,1.0,1.0,"{'colsample_bytree': 0.6, 'gamma': 0.2, 'learning_rate': 0.1, 'max_depth': 4, 'n_estimators': 750, 'reg_alpha': 0.5, 'reg_lambda': 1.0, 'subsample': 1.0}",0.979546371323736,0.9901268607873446,0.9936485026692425,0.9865911498501135,0.9874782211576092,0.005215093554115429,1783
336,0.7839864492416382,0.023429038817141777,0.023634910583496094,0.0006589827635580714,0.6,0.2,0.1,4,750,0.5,1.5,0.7,"{'colsample_bytree': 0.6, 'gamma': 0.2, 'learning_rate': 0.1, 'max_depth': 4, 'n_estimators': 750, 'reg_alpha': 0.5, 'reg_lambda': 1.5, 'subsample': 0.7}",0.9802519537156409,0.9908321169335286,0.995059946520522,0.9887080836414638,0.9887130252027888,0.005393600724618976,1336
337,0.7066960334777832,0.05100123237828106,0.02014625072479248,0.0014813537509494397,0.6,0.2,0.1,4,750,0.5,1.5,0.85,"{'colsample_bytree': 0.6, 'gamma': 0.2, 'learning_rate': 0.1, 'max_depth': 4, 'n_estimators': 750, 'reg_alpha': 0.5, 'reg_lambda': 1.5, 'subsample': 0.85}",0.9795469410187734,0.9908321169335286,0.9957656494662985,0.988002225333439,0.9885367331880098,0.005887021296682263,1421
338,0.4036169648170471,0.010741343069935837,0.014499008655548096,0.0004994311100940714,0.6,0.2,0.1,4,750,0.5,1.5,1.0,"{'colsample_bytree': 0.6, 'gamma': 0.2, 'learning_rate': 0.1, 'max_depth': 4, 'n_estimators': 750, 'reg_alpha': 0.5, 'reg_lambda': 1.5, 'subsample': 1.0}",0.9795469410187734,0.9894216733848407,0.9929427491104976,0.9880026077606279,0.9874784928186849,0.004919813460954287,1763
339,0.7737242579460144,0.03819950973890885,0.022885680198669434,0.0007334247370006889,0.6,0.2,0.1,4,750,0.5,2.0,0.7,"{'colsample_bytree': 0.6, 'gamma': 0.2, 'learning_rate': 0.1, 'max_depth': 4, 'n_estimators': 750, 'reg_alpha': 0.5, 'reg_lambda': 2.0, 'subsample': 0.7}",0.9802524644629909,0.9908321169335286,0.995059946520522,0.988002225333439,0.9885366883126201,0.005402219582438459,1425
340,0.7324734926223755,0.010661736107211927,0.020630359649658203,0.0011952694650742852,0.6,0.2,0.1,4,750,0.5,2.0,0.85,"{'colsample_bytree': 0.6, 'gamma': 0.2, 'learning_rate': 0.1, 'max_depth': 4, 'n_estimators': 750, 'reg_alpha': 0.5, 'reg_lambda': 2.0, 'subsample': 0.85}",0.9795469410187734,0.9908321169335286,0.995059946520522,0.988002225333439,0.9883603074515657,0.005674474787401025,1495
341,0.4226303696632385,0.02342364091744212,0.015751898288726807,0.0012950349261087965,0.6,0.2,0.1,4,750,0.5,2.0,1.0,"{'colsample_bytree': 0.6, 'gamma': 0.2, 'learning_rate': 0.1, 'max_depth': 4, 'n_estimators': 750, 'reg_alpha': 0.5, 'reg_lambda': 2.0, 'subsample': 1.0}",0.9788407475274414,0.9901268607873446,0.9936485406285719,0.9865911498501135,0.9873018246983678,0.005485355905386633,1833
342,0.7852230668067932,0.028645334146112724,0.024264216423034668,0.0018341294788981185,0.6,0.2,0.1,4,750,1.0,1.0,0.7,"{'colsample_bytree': 0.6, 'gamma': 0.2, 'learning_rate': 0.1, 'max_depth': 4, 'n_estimators': 750, 'reg_alpha': 1.0, 'reg_lambda': 1.0, 'subsample': 0.7}",0.9802524644629909,0.990832043980725,0.9936485026692425,0.9858848233461237,0.9876544586147705,0.005097713685857082,1750
343,0.6650768518447876,0.03103918143452413,0.01825040578842163,0.0008286474189648041,0.6,0.2,0.1,4,750,1.0,1.0,0.85,"{'colsample_bytree': 0.6, 'gamma': 0.2, 'learning_rate': 0.1, 'max_depth': 4, 'n_estimators': 750, 'reg_alpha': 1.0, 'reg_lambda': 1.0, 'subsample': 0.85}",0.9795469410187734,0.9901269197103526,0.9936485026692425,0.9858848233461237,0.9873017966861231,0.005253750964927128,1835
344,0.40224796533584595,0.02377750071766729,0.014133155345916748,0.00022694320366702233,0.6,0.2,0.1,4,750,1.0,1.0,1.0,"{'colsample_bytree': 0.6, 'gamma': 0.2, 'learning_rate': 0.1, 'max_depth': 4, 'n_estimators': 750, 'reg_alpha': 1.0, 'reg_lambda': 1.0, 'subsample': 1.0}",0.9802528966131908,0.989421589208529,0.9929428334648147,0.9865909628578188,0.9873020705360883,0.004650459465103168,1815
345,0.7863735556602478,0.0441829657842706,0.02538210153579712,0.005138487763438847,0.6,0.2,0.1,4,750,1.0,1.5,0.7,"{'colsample_bytree': 0.6, 'gamma': 0.2, 'learning_rate': 0.1, 'max_depth': 4, 'n_estimators': 750, 'reg_alpha': 1.0, 'reg_lambda': 1.5, 'subsample': 0.7}",0.9802524644629909,0.9901267625807684,0.9929428053469331,0.9865907224314905,0.9874781887055457,0.004740138864708256,1791
346,0.7022292613983154,0.017184145241729804,0.019500792026519775,0.0008652400326992635,0.6,0.2,0.1,4,750,1.0,1.5,0.85,"{'colsample_bytree': 0.6, 'gamma': 0.2, 'learning_rate': 0.1, 'max_depth': 4, 'n_estimators': 750, 'reg_alpha': 1.0, 'reg_lambda': 1.5, 'subsample': 0.85}",0.9795469410187734,0.9908321169335286,0.9936485026692425,0.9858848233461237,0.987478095991917,0.005356423993024791,1804
347,0.39675748348236084,0.014549268484324574,0.014132916927337646,0.0007391277694503179,0.6,0.2,0.1,4,750,1.0,1.5,1.0,"{'colsample_bytree': 0.6, 'gamma': 0.2, 'learning_rate': 0.1, 'max_depth': 4, 'n_estimators': 750, 'reg_alpha': 1.0, 'reg_lambda': 1.5, 'subsample': 1.0}",0.9781369071865506,0.9887164796689742,0.9929428334648147,0.9858853295083274,0.9864203874571668,0.005401774564208271,1907
348,0.7848576307296753,0.04154994814981226,0.023900210857391357,0.0012994106466027323,0.6,0.2,0.1,4,750,1.0,2.0,0.7,"{'colsample_bytree': 0.6, 'gamma': 0.2, 'learning_rate': 0.1, 'max_depth': 4, 'n_estimators': 750, 'reg_alpha': 1.0, 'reg_lambda': 2.0, 'subsample': 0.7}",0.980957951420544,0.9894214629415494,0.9936485026692425,0.9865907224314905,0.9876546598657066,0.0046104666663404565,1718
349,0.7364894151687622,0.04199361087535635,0.01912999153137207,0.0008992131579960733,0.6,0.2,0.1,4,750,1.0,2.0,0.85,"{'colsample_bytree': 0.6, 'gamma': 0.2, 'learning_rate': 0.1, 'max_depth': 4, 'n_estimators': 750, 'reg_alpha': 1.0, 'reg_lambda': 2.0, 'subsample': 0.85}",0.9795469410187734,0.9901269197103526,0.9936485026692425,0.9865904285653806,0.9874781979909373,0.005214915106726811,1788
350,0.4583911895751953,0.03216163679822959,0.015251398086547852,0.0004310108428580762,0.6,0.2,0.1,4,750,1.0,2.0,1.0,"{'colsample_bytree': 0.6, 'gamma': 0.2, 'learning_rate': 0.1, 'max_depth': 4, 'n_estimators': 750, 'reg_alpha': 1.0, 'reg_lambda': 2.0, 'subsample': 1.0}",0.9795478361897165,0.989421589208529,0.9929428334648147,0.9851792195295421,0.9867728695981506,0.004995623033829413,1887
351,0.9220362901687622,0.008528861831825918,0.02689361572265625,0.0010926832596627122,0.6,0.2,0.1,4,900,0.1,1.0,0.7,"{'colsample_bytree': 0.6, 'gamma': 0.2, 'learning_rate': 0.1, 'max_depth': 4, 'n_estimators': 900, 'reg_alpha': 0.1, 'reg_lambda': 1.0, 'subsample': 0.7}",0.9809569664048577,0.9915373765867419,0.9964714184897671,0.9901197306558291,0.989771373034299,0.005608575909136722,792
352,0.8373873233795166,0.04308893655104473,0.023265302181243896,0.0016076500028413745,0.6,0.2,0.1,4,900,0.1,1.0,0.85,"{'colsample_bytree': 0.6, 'gamma': 0.2, 'learning_rate': 0.1, 'max_depth': 4, 'n_estimators': 900, 'reg_alpha': 0.1, 'reg_lambda': 1.0, 'subsample': 0.85}",0.9823675614859793,0.9922425913464957,0.9978828468761907,0.9887080836414638,0.9903002708375324,0.005628743333665108,515
353,0.49265509843826294,0.014748534148117368,0.016250908374786377,0.0008278933743238164,0.6,0.2,0.1,4,900,0.1,1.0,1.0,"{'colsample_bytree': 0.6, 'gamma': 0.2, 'learning_rate': 0.1, 'max_depth': 4, 'n_estimators': 900, 'reg_alpha': 0.1, 'reg_lambda': 1.0, 'subsample': 1.0}",0.9816625284502379,0.989421589208529,0.9943542442775466,0.988708263606662,0.9885366563857438,0.004525221510922597,1434
354,0.9464153051376343,0.019124757004503452,0.027756989002227783,0.0036102637842783487,0.6,0.2,0.1,4,900,0.1,1.5,0.7,"{'colsample_bytree': 0.6, 'gamma': 0.2, 'learning_rate': 0.1, 'max_depth': 4, 'n_estimators': 900, 'reg_alpha': 0.1, 'reg_lambda': 1.5, 'subsample': 0.7}",0.9802519537156409,0.9915373765867419,0.9964714184897671,0.9908255235816565,0.9897715680934516,0.005910582776709127,746
355,0.8888919353485107,0.029635243410933303,0.025003671646118164,0.0015810755441888306,0.6,0.2,0.1,4,900,0.1,1.5,0.85,"{'colsample_bytree': 0.6, 'gamma': 0.2, 'learning_rate': 0.1, 'max_depth': 4, 'n_estimators': 900, 'reg_alpha': 0.1, 'reg_lambda': 1.5, 'subsample': 0.85}",0.9802519537156409,0.9922425913464957,0.9971771221387733,0.9894139180456464,0.989771396311639,0.006158310603894239,785
356,0.4897710084915161,0.013802610848161251,0.016631007194519043,0.00041418973875987026,0.6,0.2,0.1,4,900,0.1,1.5,1.0,"{'colsample_bytree': 0.6, 'gamma': 0.2, 'learning_rate': 0.1, 'max_depth': 4, 'n_estimators': 900, 'reg_alpha': 0.1, 'reg_lambda': 1.5, 'subsample': 1.0}",0.9788419262103473,0.9901268607873446,0.9936485026692425,0.988708398576796,0.9878314220609326,0.005492895165742613,1639
357,0.942154049873352,0.04407966441945814,0.028135299682617188,0.001519545976964828,0.6,0.2,0.1,4,900,0.1,2.0,0.7,"{'colsample_bytree': 0.6, 'gamma': 0.2, 'learning_rate': 0.1, 'max_depth': 4, 'n_estimators': 900, 'reg_alpha': 0.1, 'reg_lambda': 2.0, 'subsample': 0.7}",0.979546371323736,0.990832153409495,0.9964714114603177,0.9901197306558291,0.9892424167123445,0.006114912177739755,1045
358,0.8677629232406616,0.028695927320087918,0.02463054656982422,0.0010814711030948472,0.6,0.2,0.1,4,900,0.1,2.0,0.85,"{'colsample_bytree': 0.6, 'gamma': 0.2, 'learning_rate': 0.1, 'max_depth': 4, 'n_estimators': 900, 'reg_alpha': 0.1, 'reg_lambda': 2.0, 'subsample': 0.85}",0.9816619811904492,0.9915373597517307,0.9978828468761907,0.9894139180456464,0.9901240264660043,0.005794550658771437,608
359,0.47976183891296387,0.013228255012818884,0.016256988048553467,0.0008297601519155574,0.6,0.2,0.1,4,900,0.1,2.0,1.0,"{'colsample_bytree': 0.6, 'gamma': 0.2, 'learning_rate': 0.1, 'max_depth': 4, 'n_estimators': 900, 'reg_alpha': 0.1, 'reg_lambda': 2.0, 'subsample': 1.0}",0.9809569664048577,0.9901268607873446,0.9943542442775466,0.9865909628578188,0.988007258581892,0.004911452287505754,1630
360,0.9007747769355774,0.06061919317875546,0.024000585079193115,0.0012243644186062574,0.6,0.2,0.1,4,900,0.5,1.0,0.7,"{'colsample_bytree': 0.6, 'gamma': 0.2, 'learning_rate': 0.1, 'max_depth': 4, 'n_estimators': 900, 'reg_alpha': 0.5, 'reg_lambda': 1.0, 'subsample': 0.7}",0.9795469410187734,0.990832153409495,0.995059946520522,0.9887080836414638,0.9885367811475636,0.005671573643827414,1409
361,0.8416372537612915,0.033823691393924854,0.021759390830993652,0.00024128563900696615,0.6,0.2,0.1,4,900,0.5,1.0,0.85,"{'colsample_bytree': 0.6, 'gamma': 0.2, 'learning_rate': 0.1, 'max_depth': 4, 'n_estimators': 900, 'reg_alpha': 0.5, 'reg_lambda': 1.0, 'subsample': 0.85}",0.9802524644629909,0.9908321169335286,0.9971771221387733,0.988002225333439,0.9890659822171829,0.006076995486567969,1142
362,0.5067808032035828,0.040818314612990264,0.01574927568435669,0.0010897963602405777,0.6,0.2,0.1,4,900,0.5,1.0,1.0,"{'colsample_bytree': 0.6, 'gamma': 0.2, 'learning_rate': 0.1, 'max_depth': 4, 'n_estimators': 900, 'reg_alpha': 0.5, 'reg_lambda': 1.0, 'subsample': 1.0}",0.979546371323736,0.9901268607873446,0.9936485026692425,0.9865911498501135,0.9874782211576092,0.005215093554115429,1783
363,0.9047773480415344,0.04291692092647439,0.0238836407661438,0.0014255024750671357,0.6,0.2,0.1,4,900,0.5,1.5,0.7,"{'colsample_bytree': 0.6, 'gamma': 0.2, 'learning_rate': 0.1, 'max_depth': 4, 'n_estimators': 900, 'reg_alpha': 0.5, 'reg_lambda': 1.5, 'subsample': 0.7}",0.9795469410187734,0.9908321169335286,0.9957656832081598,0.9887080836414638,0.9887132062004814,0.005878938217494278,1302
364,1.3564167022705078,0.8233498397154296,0.023016750812530518,0.0007913312764171526,0.6,0.2,0.1,4,900,0.5,1.5,0.85,"{'colsample_bytree': 0.6, 'gamma': 0.2, 'learning_rate': 0.1, 'max_depth': 4, 'n_estimators': 900, 'reg_alpha': 0.5, 'reg_lambda': 1.5, 'subsample': 0.85}",0.9795469410187734,0.9908321169335286,0.9971771221387733,0.988002225333439,0.9888896013561286,0.006335004062272657,1236
365,0.467019259929657,0.014792214532727836,0.01625114679336548,0.0010922316214310257,0.6,0.2,0.1,4,900,0.5,1.5,1.0,"{'colsample_bytree': 0.6, 'gamma': 0.2, 'learning_rate': 0.1, 'max_depth': 4, 'n_estimators': 900, 'reg_alpha': 0.5, 'reg_lambda': 1.5, 'subsample': 1.0}",0.9795469410187734,0.9894216733848407,0.9929427491104976,0.9880026077606279,0.9874784928186849,0.004919813460954287,1763
366,0.9809356331825256,0.041724034028332975,0.027132689952850342,0.00022365151991953131,0.6,0.2,0.1,4,900,0.5,2.0,0.7,"{'colsample_bytree': 0.6, 'gamma': 0.2, 'learning_rate': 0.1, 'max_depth': 4, 'n_estimators': 900, 'reg_alpha': 0.5, 'reg_lambda': 2.0, 'subsample': 0.7}",0.9795469410187734,0.9908321169335286,0.9957656832081598,0.988002225333439,0.9885367416234752,0.005887031654947102,1416
367,0.8062532544136047,0.019395253538160708,0.021636128425598145,0.0006552807347110975,0.6,0.2,0.1,4,900,0.5,2.0,0.85,"{'colsample_bytree': 0.6, 'gamma': 0.2, 'learning_rate': 0.1, 'max_depth': 4, 'n_estimators': 900, 'reg_alpha': 0.5, 'reg_lambda': 2.0, 'subsample': 0.85}",0.9795469410187734,0.9908321169335286,0.995059946520522,0.9872963410115112,0.9881838363710838,0.005693810017568507,1558
368,0.4737800359725952,0.043903466889274004,0.015002787113189697,0.0007100093151545547,0.6,0.2,0.1,4,900,0.5,2.0,1.0,"{'colsample_bytree': 0.6, 'gamma': 0.2, 'learning_rate': 0.1, 'max_depth': 4, 'n_estimators': 900, 'reg_alpha': 0.5, 'reg_lambda': 2.0, 'subsample': 1.0}",0.9788407475274414,0.9901268607873446,0.9936485406285719,0.9865911498501135,0.9873018246983678,0.005485355905386633,1833
369,0.9171644449234009,0.027637710878697163,0.023000061511993408,0.001583097636115253,0.6,0.2,0.1,4,900,1.0,1.0,0.7,"{'colsample_bytree': 0.6, 'gamma': 0.2, 'learning_rate': 0.1, 'max_depth': 4, 'n_estimators': 900, 'reg_alpha': 1.0, 'reg_lambda': 1.0, 'subsample': 0.7}",0.9802524644629909,0.9901268607873446,0.9936485026692425,0.9858848233461237,0.9874781628164254,0.004995951916373463,1801
370,0.8102578520774841,0.03934983276358173,0.01938915252685547,0.0005408227369792797,0.6,0.2,0.1,4,900,1.0,1.0,0.85,"{'colsample_bytree': 0.6, 'gamma': 0.2, 'learning_rate': 0.1, 'max_depth': 4, 'n_estimators': 900, 'reg_alpha': 1.0, 'reg_lambda': 1.0, 'subsample': 0.85}",0.9795469410187734,0.9887164123283938,0.9936485026692425,0.9865904285653806,0.9871255711454475,0.005069551841913898,1849
371,0.4509109854698181,0.00826386564578234,0.014999866485595703,1.6858739404357613e-06,0.6,0.2,0.1,4,900,1.0,1.0,1.0,"{'colsample_bytree': 0.6, 'gamma': 0.2, 'learning_rate': 0.1, 'max_depth': 4, 'n_estimators': 900, 'reg_alpha': 1.0, 'reg_lambda': 1.0, 'subsample': 1.0}",0.9802528966131908,0.989421589208529,0.9929428334648147,0.9865909628578188,0.9873020705360883,0.004650459465103168,1815
372,0.8862664103507996,0.021389585053228577,0.023885369300842285,0.0011429502269693949,0.6,0.2,0.1,4,900,1.0,1.5,0.7,"{'colsample_bytree': 0.6, 'gamma': 0.2, 'learning_rate': 0.1, 'max_depth': 4, 'n_estimators': 900, 'reg_alpha': 1.0, 'reg_lambda': 1.5, 'subsample': 0.7}",0.9802524644629909,0.989421589208529,0.9936485026692425,0.9865907224314905,0.9874783196930632,0.004869503749715854,1777
373,0.7896065711975098,0.03362755091088599,0.020515620708465576,0.0012694002457245323,0.6,0.2,0.1,4,900,1.0,1.5,0.85,"{'colsample_bytree': 0.6, 'gamma': 0.2, 'learning_rate': 0.1, 'max_depth': 4, 'n_estimators': 900, 'reg_alpha': 1.0, 'reg_lambda': 1.5, 'subsample': 0.85}",0.9795469410187734,0.9901268607873446,0.9936485026692425,0.9865904285653806,0.9874781832601852,0.005214907624847531,1794
374,0.4786338806152344,0.058280737994164084,0.014762699604034424,0.0005606048093504812,0.6,0.2,0.1,4,900,1.0,1.5,1.0,"{'colsample_bytree': 0.6, 'gamma': 0.2, 'learning_rate': 0.1, 'max_depth': 4, 'n_estimators': 900, 'reg_alpha': 1.0, 'reg_lambda': 1.5, 'subsample': 1.0}",0.9781369071865506,0.9887164796689742,0.9929428334648147,0.9858853295083274,0.9864203874571668,0.005401774564208271,1907
375,0.9076550006866455,0.01909917803784046,0.026134490966796875,0.0011335275925176817,0.6,0.2,0.1,4,900,1.0,2.0,0.7,"{'colsample_bytree': 0.6, 'gamma': 0.2, 'learning_rate': 0.1, 'max_depth': 4, 'n_estimators': 900, 'reg_alpha': 1.0, 'reg_lambda': 2.0, 'subsample': 0.7}",0.980957951420544,0.990832043980725,0.9936485026692425,0.9858848233461237,0.9878308303541589,0.004844481461142834,1694
376,0.8272472620010376,0.058422086607644114,0.02200251817703247,0.0018689191049912942,0.6,0.2,0.1,4,900,1.0,2.0,0.85,"{'colsample_bytree': 0.6, 'gamma': 0.2, 'learning_rate': 0.1, 'max_depth': 4, 'n_estimators': 900, 'reg_alpha': 1.0, 'reg_lambda': 2.0, 'subsample': 0.85}",0.9788413789810437,0.9894216733848407,0.9936485026692425,0.9865904285653806,0.9871254959001269,0.005402197204216711,1853
377,0.4539027214050293,0.015988586771486513,0.01600092649459839,0.0007066349897357543,0.6,0.2,0.1,4,900,1.0,2.0,1.0,"{'colsample_bytree': 0.6, 'gamma': 0.2, 'learning_rate': 0.1, 'max_depth': 4, 'n_estimators': 900, 'reg_alpha': 1.0, 'reg_lambda': 2.0, 'subsample': 1.0}",0.9795478361897165,0.989421589208529,0.9929428334648147,0.9851792195295421,0.9867728695981506,0.004995623033829413,1887
378,0.8622756004333496,0.021130094904711436,0.027753829956054688,0.000835320170788831,0.6,0.2,0.1,8,750,0.1,1.0,0.7,"{'colsample_bytree': 0.6, 'gamma': 0.2, 'learning_rate': 0.1, 'max_depth': 8, 'n_estimators': 750, 'reg_alpha': 0.1, 'reg_lambda': 1.0, 'subsample': 0.7}",0.9816630027156343,0.9915373765867419,0.9964714114603177,0.9908256149666836,0.9901243514323443,0.005347148860281092,535
379,0.7571151256561279,0.02260661572694073,0.021132826805114746,0.0011345613665866454,0.6,0.2,0.1,8,750,0.1,1.0,0.85,"{'colsample_bytree': 0.6, 'gamma': 0.2, 'learning_rate': 0.1, 'max_depth': 8, 'n_estimators': 750, 'reg_alpha': 0.1, 'reg_lambda': 1.0, 'subsample': 0.85}",0.9844846965672964,0.9929478138222849,0.9971771221387733,0.9908255235816565,0.9913587890275029,0.004580270711959576,29
380,0.5139210820198059,0.029049594816932176,0.019018590450286865,0.004442705283494976,0.6,0.2,0.1,8,750,0.1,1.0,1.0,"{'colsample_bytree': 0.6, 'gamma': 0.2, 'learning_rate': 0.1, 'max_depth': 8, 'n_estimators': 750, 'reg_alpha': 0.1, 'reg_lambda': 1.0, 'subsample': 1.0}",0.984484418767507,0.9915373597517307,0.9964714114603177,0.9880026077606279,0.9901239494350459,0.004432617723628805,622
381,0.9254431128501892,0.04709339940763905,0.02987992763519287,0.005854277212221819,0.6,0.2,0.1,8,750,0.1,1.5,0.7,"{'colsample_bytree': 0.6, 'gamma': 0.2, 'learning_rate': 0.1, 'max_depth': 8, 'n_estimators': 750, 'reg_alpha': 0.1, 'reg_lambda': 1.5, 'subsample': 0.7}",0.984484418767507,0.9922425913464957,0.9964714114603177,0.9915312989325971,0.9911824301267294,0.00430355466361592,66
382,0.8361751437187195,0.049322064946870525,0.027001261711120605,0.007713049876755176,0.6,0.2,0.1,8,750,0.1,1.5,0.85,"{'colsample_bytree': 0.6, 'gamma': 0.2, 'learning_rate': 0.1, 'max_depth': 8, 'n_estimators': 750, 'reg_alpha': 0.1, 'reg_lambda': 1.5, 'subsample': 0.85}",0.9844846965672964,0.9915373597517307,0.9971771221387733,0.9908255235816565,0.9910061755098643,0.004497917899238823,95
383,0.5339342951774597,0.027482058658793822,0.017999768257141113,0.0012270408364001195,0.6,0.2,0.1,8,750,0.1,1.5,1.0,"{'colsample_bytree': 0.6, 'gamma': 0.2, 'learning_rate': 0.1, 'max_depth': 8, 'n_estimators': 750, 'reg_alpha': 0.1, 'reg_lambda': 1.5, 'subsample': 1.0}",0.9851900481181693,0.9908321169335286,0.9950599760444447,0.9880026077606279,0.9897711872141927,0.0036473129787918577,817
384,0.8776702284812927,0.04482184580891998,0.02589249610900879,0.0011961014466350733,0.6,0.2,0.1,8,750,0.1,2.0,0.7,"{'colsample_bytree': 0.6, 'gamma': 0.2, 'learning_rate': 0.1, 'max_depth': 8, 'n_estimators': 750, 'reg_alpha': 0.1, 'reg_lambda': 2.0, 'subsample': 0.7}",0.9823684735375408,0.9922425913464957,0.9964714114603177,0.9908255235816565,0.9904769999815026,0.005121522030553548,362
385,0.7945066690444946,0.029346221397378115,0.022749722003936768,0.001299806122646566,0.6,0.2,0.1,8,750,0.1,2.0,0.85,"{'colsample_bytree': 0.6, 'gamma': 0.2, 'learning_rate': 0.1, 'max_depth': 8, 'n_estimators': 750, 'reg_alpha': 0.1, 'reg_lambda': 2.0, 'subsample': 0.85}",0.9816634039979629,0.9922425913464957,0.9971771221387733,0.9908255235816565,0.9904771602662221,0.005608250452428418,337
386,0.5131562352180481,0.0041538936839710045,0.017754018306732178,0.0010905986327443859,0.6,0.2,0.1,8,750,0.1,2.0,1.0,"{'colsample_bytree': 0.6, 'gamma': 0.2, 'learning_rate': 0.1, 'max_depth': 8, 'n_estimators': 750, 'reg_alpha': 0.1, 'reg_lambda': 2.0, 'subsample': 1.0}",0.9851902248919406,0.9915373597517307,0.9957657000788889,0.988708263606662,0.9903003870823055,0.003874543918613453,498
387,0.8502699732780457,0.08256569440953379,0.028017759323120117,0.0062904725942458965,0.6,0.2,0.1,8,750,0.5,1.0,0.7,"{'colsample_bytree': 0.6, 'gamma': 0.2, 'learning_rate': 0.1, 'max_depth': 8, 'n_estimators': 750, 'reg_alpha': 0.5, 'reg_lambda': 1.0, 'subsample': 0.7}",0.9823688243014796,0.9915373597517307,0.9971771221387733,0.9894139180456464,0.9901243060594076,0.005300733058134418,540
388,0.7746229767799377,0.07551158257931034,0.02626270055770874,0.005156174903595122,0.6,0.2,0.1,8,750,0.5,1.0,0.85,"{'colsample_bytree': 0.6, 'gamma': 0.2, 'learning_rate': 0.1, 'max_depth': 8, 'n_estimators': 750, 'reg_alpha': 0.5, 'reg_lambda': 1.0, 'subsample': 0.85}",0.9844846965672964,0.9922425913464957,0.9971771221387733,0.9887080836414638,0.9906531234235073,0.0046615887085079966,301
389,0.5056565999984741,0.024647668149000202,0.016383111476898193,0.0004147833183683072,0.6,0.2,0.1,8,750,0.5,1.0,1.0,"{'colsample_bytree': 0.6, 'gamma': 0.2, 'learning_rate': 0.1, 'max_depth': 8, 'n_estimators': 750, 'reg_alpha': 0.5, 'reg_lambda': 1.0, 'subsample': 1.0}",0.9858953751153834,0.9922425913464957,0.9964713903718013,0.9872969483988956,0.990476576308144,0.004187900511692307,424
390,0.8091328740119934,0.044126199331080806,0.023262441158294678,0.0005512291526602335,0.6,0.2,0.1,8,750,0.5,1.5,0.7,"{'colsample_bytree': 0.6, 'gamma': 0.2, 'learning_rate': 0.1, 'max_depth': 8, 'n_estimators': 750, 'reg_alpha': 0.5, 'reg_lambda': 1.5, 'subsample': 0.7}",0.9830739113827349,0.9915373597517307,0.9964714114603177,0.9894139180456464,0.9901241501601075,0.004808720823602207,580
391,0.7786112427711487,0.08965806900288789,0.02050316333770752,0.0011141246948690431,0.6,0.2,0.1,8,750,0.5,1.5,0.85,"{'colsample_bytree': 0.6, 'gamma': 0.2, 'learning_rate': 0.1, 'max_depth': 8, 'n_estimators': 750, 'reg_alpha': 0.5, 'reg_lambda': 1.5, 'subsample': 0.85}",0.984484418767507,0.9915373597517307,0.9971771221387733,0.9887080836414638,0.9904767460748688,0.004611293043474429,405
392,0.5207722187042236,0.03990800899801722,0.017016947269439697,0.0009417683167873746,0.6,0.2,0.1,8,750,0.5,1.5,1.0,"{'colsample_bytree': 0.6, 'gamma': 0.2, 'learning_rate': 0.1, 'max_depth': 8, 'n_estimators': 750, 'reg_alpha': 0.5, 'reg_lambda': 1.5, 'subsample': 1.0}",0.9851902248919406,0.9901268607873446,0.9957656832081598,0.9872967965574946,0.9895948913612349,0.003970012277093553,899
393,0.9059087038040161,0.08058484697243387,0.026887893676757812,0.002463986189793643,0.6,0.2,0.1,8,750,0.5,2.0,0.7,"{'colsample_bytree': 0.6, 'gamma': 0.2, 'learning_rate': 0.1, 'max_depth': 8, 'n_estimators': 750, 'reg_alpha': 0.5, 'reg_lambda': 2.0, 'subsample': 0.7}",0.9816630027156343,0.9915373597517307,0.9964714114603177,0.9887080836414638,0.9895949643922867,0.005356327975345701,890
394,0.7603574395179749,0.08707737071303175,0.022134065628051758,0.0034345333444002466,0.6,0.2,0.1,8,750,0.5,2.0,0.85,"{'colsample_bytree': 0.6, 'gamma': 0.2, 'learning_rate': 0.1, 'max_depth': 8, 'n_estimators': 750, 'reg_alpha': 0.5, 'reg_lambda': 2.0, 'subsample': 0.85}",0.9816639876499984,0.9915373597517307,0.9957656832081598,0.9887080836414638,0.9894187785628382,0.005133552722137583,957
395,0.5107961893081665,0.033485591373979266,0.01750004291534424,0.0005004411796659125,0.6,0.2,0.1,8,750,0.5,2.0,1.0,"{'colsample_bytree': 0.6, 'gamma': 0.2, 'learning_rate': 0.1, 'max_depth': 8, 'n_estimators': 750, 'reg_alpha': 0.5, 'reg_lambda': 2.0, 'subsample': 1.0}",0.9858955154104921,0.9901268607873446,0.9957656832081598,0.9872969483988956,0.9897712519512231,0.0037816390474464086,805
396,0.8820227980613708,0.09857600867673692,0.02650284767150879,0.003834738512121228,0.6,0.2,0.1,8,750,1.0,1.0,0.7,"{'colsample_bytree': 0.6, 'gamma': 0.2, 'learning_rate': 0.1, 'max_depth': 8, 'n_estimators': 750, 'reg_alpha': 1.0, 'reg_lambda': 1.0, 'subsample': 0.7}",0.9816637323068047,0.9915373597517307,0.9957657000788889,0.9872965940966467,0.9890658465585177,0.005218188486627933,1166
397,0.8006124496459961,0.069520003434514,0.021141350269317627,0.001083406991427089,0.6,0.2,0.1,8,750,1.0,1.0,0.85,"{'colsample_bytree': 0.6, 'gamma': 0.2, 'learning_rate': 0.1, 'max_depth': 8, 'n_estimators': 750, 'reg_alpha': 1.0, 'reg_lambda': 1.0, 'subsample': 0.85}",0.9823691049025824,0.9908321169335286,0.995059946520522,0.9872967965574946,0.988889491228532,0.004661019933848749,1251
398,0.4672722816467285,0.03738138867311663,0.016627788543701172,0.0012995620807328067,0.6,0.2,0.1,8,750,1.0,1.0,1.0,"{'colsample_bytree': 0.6, 'gamma': 0.2, 'learning_rate': 0.1, 'max_depth': 8, 'n_estimators': 750, 'reg_alpha': 1.0, 'reg_lambda': 1.0, 'subsample': 1.0}",0.9830746184925907,0.9908321169335286,0.9943542667718518,0.9865909628578188,0.9887129912639475,0.00426054383338422,1345
399,0.8311276435852051,0.11094196183239179,0.0225028395652771,0.0016554077164249773,0.6,0.2,0.1,8,750,1.0,1.5,0.7,"{'colsample_bytree': 0.6, 'gamma': 0.2, 'learning_rate': 0.1, 'max_depth': 8, 'n_estimators': 750, 'reg_alpha': 1.0, 'reg_lambda': 1.5, 'subsample': 0.7}",0.9823691049025824,0.9915373597517307,0.9957657000788889,0.9872965940966467,0.9892421897074622,0.004971132419130284,1087
400,0.7163529396057129,0.026674253131534584,0.020127475261688232,0.00207871587814459,0.6,0.2,0.1,8,750,1.0,1.5,0.85,"{'colsample_bytree': 0.6, 'gamma': 0.2, 'learning_rate': 0.1, 'max_depth': 8, 'n_estimators': 750, 'reg_alpha': 1.0, 'reg_lambda': 1.5, 'subsample': 0.85}",0.9823693153475482,0.9901269197103526,0.9957656832081598,0.9872967965574946,0.9888896787058887,0.004844136018988355,1214
401,0.4751521348953247,0.03845836564931495,0.01813352108001709,0.004096995666262012,0.6,0.2,0.1,8,750,1.0,1.5,1.0,"{'colsample_bytree': 0.6, 'gamma': 0.2, 'learning_rate': 0.1, 'max_depth': 8, 'n_estimators': 750, 'reg_alpha': 1.0, 'reg_lambda': 1.5, 'subsample': 1.0}",0.9816641700336399,0.9908321169335286,0.9943542442775466,0.9865909628578188,0.9883603735256334,0.0047435734784726236,1480
402,0.8652704954147339,0.06796177062682905,0.025501489639282227,0.0030441008516293834,0.6,0.2,0.1,8,750,1.0,2.0,0.7,"{'colsample_bytree': 0.6, 'gamma': 0.2, 'learning_rate': 0.1, 'max_depth': 8, 'n_estimators': 750, 'reg_alpha': 1.0, 'reg_lambda': 2.0, 'subsample': 0.7}",0.9830742144370506,0.9922425913464957,0.9943542442775466,0.9872965940966467,0.9892419110394349,0.004386478451720876,1112
403,0.8774038553237915,0.008236903690761464,0.02463066577911377,0.002438576314159781,0.6,0.2,0.1,8,750,1.0,2.0,0.85,"{'colsample_bytree': 0.6, 'gamma': 0.2, 'learning_rate': 0.1, 'max_depth': 8, 'n_estimators': 750, 'reg_alpha': 1.0, 'reg_lambda': 2.0, 'subsample': 0.85}",0.9837797701197444,0.9901269197103526,0.9950599760444447,0.9872967965574946,0.9890658656080091,0.004126972454137161,1162
404,0.449387788772583,0.014808967332946307,0.01625537872314453,0.0008277098013508082,0.6,0.2,0.1,8,750,1.0,2.0,1.0,"{'colsample_bytree': 0.6, 'gamma': 0.2, 'learning_rate': 0.1, 'max_depth': 8, 'n_estimators': 750, 'reg_alpha': 1.0, 'reg_lambda': 2.0, 'subsample': 1.0}",0.9816639876499984,0.9901268607873446,0.9957656832081598,0.9865909628578188,0.9885368736258304,0.00514312350389356,1388
405,1.004441261291504,0.07173102272999,0.027258872985839844,0.0016712755683092786,0.6,0.2,0.1,8,900,0.1,1.0,0.7,"{'colsample_bytree': 0.6, 'gamma': 0.2, 'learning_rate': 0.1, 'max_depth': 8, 'n_estimators': 900, 'reg_alpha': 0.1, 'reg_lambda': 1.0, 'subsample': 0.7}",0.980957951420544,0.9915373765867419,0.997177133385926,0.9908256149666836,0.9901245190899739,0.005836373723902068,526
406,0.9091389775276184,0.08064576834372664,0.02449977397918701,0.003354125520983341,0.6,0.2,0.1,8,900,0.1,1.0,0.85,"{'colsample_bytree': 0.6, 'gamma': 0.2, 'learning_rate': 0.1, 'max_depth': 8, 'n_estimators': 900, 'reg_alpha': 0.1, 'reg_lambda': 1.0, 'subsample': 0.85}",0.9844846965672964,0.9929478138222849,0.9971771221387733,0.9901197306558291,0.991182340796046,0.0046109076351213835,76
407,0.5257948040962219,0.018019337599493975,0.017509758472442627,0.000354426213672363,0.6,0.2,0.1,8,900,0.1,1.0,1.0,"{'colsample_bytree': 0.6, 'gamma': 0.2, 'learning_rate': 0.1, 'max_depth': 8, 'n_estimators': 900, 'reg_alpha': 0.1, 'reg_lambda': 1.0, 'subsample': 1.0}",0.984484418767507,0.9915373597517307,0.9964714114603177,0.9880026077606279,0.9901239494350459,0.004432617723628805,622
408,1.0074212551116943,0.02855895450209652,0.029391586780548096,0.0009658259595201375,0.6,0.2,0.1,8,900,0.1,1.5,0.7,"{'colsample_bytree': 0.6, 'gamma': 0.2, 'learning_rate': 0.1, 'max_depth': 8, 'n_estimators': 900, 'reg_alpha': 0.1, 'reg_lambda': 1.5, 'subsample': 0.7}",0.9837789956545375,0.9922425913464957,0.9964714114603177,0.9915312989325971,0.991006074348487,0.004579994851105471,108
409,1.0339354872703552,0.0820396418694265,0.028137385845184326,0.005145975593031281,0.6,0.2,0.1,8,900,0.1,1.5,0.85,"{'colsample_bytree': 0.6, 'gamma': 0.2, 'learning_rate': 0.1, 'max_depth': 8, 'n_estimators': 900, 'reg_alpha': 0.1, 'reg_lambda': 1.5, 'subsample': 0.85}",0.9844846965672964,0.9915373597517307,0.9971771221387733,0.9908255235816565,0.9910061755098643,0.004497917899238823,95
410,0.5790295004844666,0.043025523657446094,0.02138274908065796,0.004438349729108906,0.6,0.2,0.1,8,900,0.1,1.5,1.0,"{'colsample_bytree': 0.6, 'gamma': 0.2, 'learning_rate': 0.1, 'max_depth': 8, 'n_estimators': 900, 'reg_alpha': 0.1, 'reg_lambda': 1.5, 'subsample': 1.0}",0.9851900481181693,0.9908321169335286,0.9950599760444447,0.9880026077606279,0.9897711872141927,0.0036473129787918577,817
411,1.1343414187431335,0.13584462029165192,0.02988588809967041,0.0026673337732686,0.6,0.2,0.1,8,900,0.1,2.0,0.7,"{'colsample_bytree': 0.6, 'gamma': 0.2, 'learning_rate': 0.1, 'max_depth': 8, 'n_estimators': 900, 'reg_alpha': 0.1, 'reg_lambda': 2.0, 'subsample': 0.7}",0.9816630027156343,0.9922425913464957,0.9964714114603177,0.9894139180456464,0.9899477308920235,0.005402464015943411,687
412,0.9627035856246948,0.0543594912490282,0.025128960609436035,0.0016716538451887503,0.6,0.2,0.1,8,900,0.1,2.0,0.85,"{'colsample_bytree': 0.6, 'gamma': 0.2, 'learning_rate': 0.1, 'max_depth': 8, 'n_estimators': 900, 'reg_alpha': 0.1, 'reg_lambda': 2.0, 'subsample': 0.85}",0.9816634039979629,0.9922425913464957,0.9971771221387733,0.9901197306558291,0.9903007120347653,0.005605616727041782,435
413,0.5564247965812683,0.02236050794640533,0.018393337726593018,0.0006685522107328039,0.6,0.2,0.1,8,900,0.1,2.0,1.0,"{'colsample_bytree': 0.6, 'gamma': 0.2, 'learning_rate': 0.1, 'max_depth': 8, 'n_estimators': 900, 'reg_alpha': 0.1, 'reg_lambda': 2.0, 'subsample': 1.0}",0.9851902248919406,0.9915373597517307,0.9957657000788889,0.988708263606662,0.9903003870823055,0.003874543918613453,498
414,0.9316720962524414,0.06296826477927388,0.025500178337097168,0.0011185930048388739,0.6,0.2,0.1,8,900,0.5,1.0,0.7,"{'colsample_bytree': 0.6, 'gamma': 0.2, 'learning_rate': 0.1, 'max_depth': 8, 'n_estimators': 900, 'reg_alpha': 0.5, 'reg_lambda': 1.0, 'subsample': 0.7}",0.9823684735375408,0.9922425913464957,0.9971771221387733,0.9894139180456464,0.9903005262671141,0.005356368223847666,463
415,0.9864501953125,0.08011486773184301,0.02325338125228882,0.0027772881925951197,0.6,0.2,0.1,8,900,0.5,1.0,0.85,"{'colsample_bytree': 0.6, 'gamma': 0.2, 'learning_rate': 0.1, 'max_depth': 8, 'n_estimators': 900, 'reg_alpha': 0.5, 'reg_lambda': 1.0, 'subsample': 0.85}",0.9844846965672964,0.9922425913464957,0.9971771221387733,0.9887080836414638,0.9906531234235073,0.0046615887085079966,301
416,0.5764429569244385,0.06856991571787509,0.01950526237487793,0.0020622727631083603,0.6,0.2,0.1,8,900,0.5,1.0,1.0,"{'colsample_bytree': 0.6, 'gamma': 0.2, 'learning_rate': 0.1, 'max_depth': 8, 'n_estimators': 900, 'reg_alpha': 0.5, 'reg_lambda': 1.0, 'subsample': 1.0}",0.9858953751153834,0.9922425913464957,0.9964713903718013,0.9872969483988956,0.990476576308144,0.004187900511692307,424
417,1.0404438972473145,0.10115381701190902,0.028885304927825928,0.002876107866588419,0.6,0.2,0.1,8,900,0.5,1.5,0.7,"{'colsample_bytree': 0.6, 'gamma': 0.2, 'learning_rate': 0.1, 'max_depth': 8, 'n_estimators': 900, 'reg_alpha': 0.5, 'reg_lambda': 1.5, 'subsample': 0.7}",0.9830739113827349,0.9915373597517307,0.9964714114603177,0.9894140656711423,0.9901241870664814,0.004808715373074981,570
418,1.0010594725608826,0.1433360821727874,0.028132081031799316,0.008585432506152462,0.6,0.2,0.1,8,900,0.5,1.5,0.85,"{'colsample_bytree': 0.6, 'gamma': 0.2, 'learning_rate': 0.1, 'max_depth': 8, 'n_estimators': 900, 'reg_alpha': 0.5, 'reg_lambda': 1.5, 'subsample': 0.85}",0.9837789956545375,0.9915373597517307,0.9971771221387733,0.988002225333439,0.9901239257196202,0.0049118511161728535,624
419,0.5205453038215637,0.02227794570358468,0.01713031530380249,0.0007417766288208115,0.6,0.2,0.1,8,900,0.5,1.5,1.0,"{'colsample_bytree': 0.6, 'gamma': 0.2, 'learning_rate': 0.1, 'max_depth': 8, 'n_estimators': 900, 'reg_alpha': 0.5, 'reg_lambda': 1.5, 'subsample': 1.0}",0.9851902248919406,0.9901268607873446,0.9957656832081598,0.9872967965574946,0.9895948913612349,0.003970012277093553,899
420,1.0439494848251343,0.06093461543760718,0.028509676456451416,0.003175192476218446,0.6,0.2,0.1,8,900,0.5,2.0,0.7,"{'colsample_bytree': 0.6, 'gamma': 0.2, 'learning_rate': 0.1, 'max_depth': 8, 'n_estimators': 900, 'reg_alpha': 0.5, 'reg_lambda': 2.0, 'subsample': 0.7}",0.9816634039979629,0.9915373597517307,0.9964714114603177,0.9887080836414638,0.9895950647128687,0.005356179415557109,877
421,0.9131635427474976,0.0502219130960163,0.023501276969909668,0.0004981861754643743,0.6,0.2,0.1,8,900,0.5,2.0,0.85,"{'colsample_bytree': 0.6, 'gamma': 0.2, 'learning_rate': 0.1, 'max_depth': 8, 'n_estimators': 900, 'reg_alpha': 0.5, 'reg_lambda': 2.0, 'subsample': 0.85}",0.9816639876499984,0.9915373597517307,0.9964714114603177,0.9887080836414638,0.9895952106258777,0.005355963342905646,847
422,0.5177931189537048,0.02116091374617923,0.01725172996520996,0.0010882013059034998,0.6,0.2,0.1,8,900,0.5,2.0,1.0,"{'colsample_bytree': 0.6, 'gamma': 0.2, 'learning_rate': 0.1, 'max_depth': 8, 'n_estimators': 900, 'reg_alpha': 0.5, 'reg_lambda': 2.0, 'subsample': 1.0}",0.9858955154104921,0.9901268607873446,0.9957656832081598,0.9872969483988956,0.9897712519512231,0.0037816390474464086,805
423,0.9042724370956421,0.021801175644697995,0.024132251739501953,0.0005362819592433135,0.6,0.2,0.1,8,900,1.0,1.0,0.7,"{'colsample_bytree': 0.6, 'gamma': 0.2, 'learning_rate': 0.1, 'max_depth': 8, 'n_estimators': 900, 'reg_alpha': 1.0, 'reg_lambda': 1.0, 'subsample': 0.7}",0.9802528966131908,0.9915373597517307,0.9957657000788889,0.9872965940966467,0.9887131376351143,0.0057292482345578325,1320
424,0.8733813762664795,0.052652646042804986,0.021629810333251953,0.0017166401609405367,0.6,0.2,0.1,8,900,1.0,1.0,0.85,"{'colsample_bytree': 0.6, 'gamma': 0.2, 'learning_rate': 0.1, 'max_depth': 8, 'n_estimators': 900, 'reg_alpha': 1.0, 'reg_lambda': 1.0, 'subsample': 0.85}",0.9823691049025824,0.9908321169335286,0.995059946520522,0.9880024404517326,0.9890659022020915,0.004610480634761476,1156
425,0.5176481604576111,0.020521104128900684,0.01688230037689209,0.0007339322519654149,0.6,0.2,0.1,8,900,1.0,1.0,1.0,"{'colsample_bytree': 0.6, 'gamma': 0.2, 'learning_rate': 0.1, 'max_depth': 8, 'n_estimators': 900, 'reg_alpha': 1.0, 'reg_lambda': 1.0, 'subsample': 1.0}",0.9830746184925907,0.9908321169335286,0.9943542667718518,0.9865909628578188,0.9887129912639475,0.00426054383338422,1345
426,1.5649834871292114,1.023888973363236,0.026146650314331055,0.00330361318997629,0.6,0.2,0.1,8,900,1.0,1.5,0.7,"{'colsample_bytree': 0.6, 'gamma': 0.2, 'learning_rate': 0.1, 'max_depth': 8, 'n_estimators': 900, 'reg_alpha': 1.0, 'reg_lambda': 1.5, 'subsample': 0.7}",0.9809583302455981,0.9922425913464957,0.9957657000788889,0.9872965940966467,0.9890658039419074,0.005564211976398927,1176
427,0.8400050401687622,0.03206678036998207,0.020996689796447754,0.0007105158173701584,0.6,0.2,0.1,8,900,1.0,1.5,0.85,"{'colsample_bytree': 0.6, 'gamma': 0.2, 'learning_rate': 0.1, 'max_depth': 8, 'n_estimators': 900, 'reg_alpha': 1.0, 'reg_lambda': 1.5, 'subsample': 0.85}",0.9830746184925907,0.9901269197103526,0.9957656832081598,0.9872967965574946,0.9890660044921493,0.004610803588034626,1137
428,0.5382697582244873,0.019228992057881283,0.017498373985290527,0.0011188062630019455,0.6,0.2,0.1,8,900,1.0,1.5,1.0,"{'colsample_bytree': 0.6, 'gamma': 0.2, 'learning_rate': 0.1, 'max_depth': 8, 'n_estimators': 900, 'reg_alpha': 1.0, 'reg_lambda': 1.5, 'subsample': 1.0}",0.9816641700336399,0.9908321169335286,0.9943542442775466,0.9865909628578188,0.9883603735256334,0.0047435734784726236,1480
429,0.9279147982597351,0.029346105372673664,0.02551579475402832,0.0009284689118177523,0.6,0.2,0.1,8,900,1.0,2.0,0.7,"{'colsample_bytree': 0.6, 'gamma': 0.2, 'learning_rate': 0.1, 'max_depth': 8, 'n_estimators': 900, 'reg_alpha': 1.0, 'reg_lambda': 2.0, 'subsample': 0.7}",0.9823691049025824,0.9915373597517307,0.9943542667718518,0.9872965940966467,0.9888893313807029,0.004525697141469084,1272
430,0.8091412782669067,0.052303763718849344,0.020253241062164307,0.001303685177671897,0.6,0.2,0.1,8,900,1.0,2.0,0.85,"{'colsample_bytree': 0.6, 'gamma': 0.2, 'learning_rate': 0.1, 'max_depth': 8, 'n_estimators': 900, 'reg_alpha': 1.0, 'reg_lambda': 2.0, 'subsample': 0.85}",0.9837797701197444,0.9901269197103526,0.9950599760444447,0.9865909628578188,0.9888894071830902,0.004213033187720557,1263
431,0.5431879758834839,0.01765388277428147,0.0175015926361084,0.0004980623464929243,0.6,0.2,0.1,8,900,1.0,2.0,1.0,"{'colsample_bytree': 0.6, 'gamma': 0.2, 'learning_rate': 0.1, 'max_depth': 8, 'n_estimators': 900, 'reg_alpha': 1.0, 'reg_lambda': 2.0, 'subsample': 1.0}",0.9816639876499984,0.9901268607873446,0.9957656832081598,0.9865909628578188,0.9885368736258304,0.00514312350389356,1388
432,0.8930249214172363,0.009813738469511387,0.028006374835968018,0.0025436955768758976,0.6,0.3,0.05,4,750,0.1,1.0,0.7,"{'colsample_bytree': 0.6, 'gamma': 0.3, 'learning_rate': 0.05, 'max_depth': 4, 'n_estimators': 750, 'reg_alpha': 0.1, 'reg_lambda': 1.0, 'subsample': 0.7}",0.9802524644629909,0.9908321169335286,0.9957656832081598,0.9908255235816565,0.989418947046584,0.005663059454445857,934
433,0.8328867554664612,0.016238393134128358,0.025514662265777588,0.0014602472949455836,0.6,0.3,0.05,4,750,0.1,1.0,0.85,"{'colsample_bytree': 0.6, 'gamma': 0.3, 'learning_rate': 0.05, 'max_depth': 4, 'n_estimators': 750, 'reg_alpha': 0.1, 'reg_lambda': 1.0, 'subsample': 0.85}",0.9809569664048577,0.9901268607873446,0.9964713903718013,0.988002225333439,0.9888893607243606,0.005539144086013252,1269
434,0.4981629252433777,0.009309079211309294,0.01813209056854248,0.0008874407515183987,0.6,0.3,0.05,4,750,0.1,1.0,1.0,"{'colsample_bytree': 0.6, 'gamma': 0.3, 'learning_rate': 0.05, 'max_depth': 4, 'n_estimators': 750, 'reg_alpha': 0.1, 'reg_lambda': 1.0, 'subsample': 1.0}",0.979546371323736,0.9901268607873446,0.9943542442775466,0.9880024404517326,0.9880074792100899,0.005393597527279471,1609
435,0.8548786044120789,0.050373079265626126,0.027767717838287354,0.0010378158144607648,0.6,0.3,0.05,4,750,0.1,1.5,0.7,"{'colsample_bytree': 0.6, 'gamma': 0.3, 'learning_rate': 0.05, 'max_depth': 4, 'n_estimators': 750, 'reg_alpha': 0.1, 'reg_lambda': 1.5, 'subsample': 0.7}",0.9802524644629909,0.9901268607873446,0.9943541992883981,0.988708263606662,0.988360447036349,0.005121172750823615,1472
436,0.8566351532936096,0.021133275942396574,0.026002585887908936,0.0007073978356320167,0.6,0.3,0.05,4,750,0.1,1.5,0.85,"{'colsample_bytree': 0.6, 'gamma': 0.3, 'learning_rate': 0.05, 'max_depth': 4, 'n_estimators': 750, 'reg_alpha': 0.1, 'reg_lambda': 1.5, 'subsample': 0.85}",0.9795469410187734,0.9915373597517307,0.9964713903718013,0.9872963410115112,0.9887130080384542,0.006208727508620203,1339
437,0.5206529498100281,0.04167240217219772,0.018129348754882812,0.0008889169667879967,0.6,0.3,0.05,4,750,0.1,1.5,1.0,"{'colsample_bytree': 0.6, 'gamma': 0.3, 'learning_rate': 0.05, 'max_depth': 4, 'n_estimators': 750, 'reg_alpha': 0.1, 'reg_lambda': 1.5, 'subsample': 1.0}",0.979546371323736,0.9901268607873446,0.995059946520522,0.9880026077606279,0.9881839465980576,0.00560568641814263,1545
438,0.9287649989128113,0.009872220332419815,0.03303569555282593,0.003201415763782916,0.6,0.3,0.05,4,750,0.1,2.0,0.7,"{'colsample_bytree': 0.6, 'gamma': 0.3, 'learning_rate': 0.05, 'max_depth': 4, 'n_estimators': 750, 'reg_alpha': 0.1, 'reg_lambda': 2.0, 'subsample': 0.7}",0.9802524644629909,0.9908321169335286,0.9943542442775466,0.988708263606662,0.9885367723201819,0.005190634662611116,1410
439,0.8329867124557495,0.04315209151441258,0.02488809823989868,0.0013345542884033472,0.6,0.3,0.05,4,750,0.1,2.0,0.85,"{'colsample_bytree': 0.6, 'gamma': 0.3, 'learning_rate': 0.05, 'max_depth': 4, 'n_estimators': 750, 'reg_alpha': 0.1, 'reg_lambda': 2.0, 'subsample': 0.85}",0.9795469410187734,0.9915373597517307,0.9957657000788889,0.9872963410115112,0.988536585465226,0.005992008386063661,1439
440,0.5101481080055237,0.027432286007642002,0.018503785133361816,0.0008635660894582551,0.6,0.3,0.05,4,750,0.1,2.0,1.0,"{'colsample_bytree': 0.6, 'gamma': 0.3, 'learning_rate': 0.05, 'max_depth': 4, 'n_estimators': 750, 'reg_alpha': 0.1, 'reg_lambda': 2.0, 'subsample': 1.0}",0.979546371323736,0.9901268607873446,0.9943542442775466,0.9865909628578188,0.9876546098116115,0.005428443678503456,1731
441,0.8552830219268799,0.052374176542398385,0.027499794960021973,0.0011173668962361977,0.6,0.3,0.05,4,750,0.5,1.0,0.7,"{'colsample_bytree': 0.6, 'gamma': 0.3, 'learning_rate': 0.05, 'max_depth': 4, 'n_estimators': 750, 'reg_alpha': 0.5, 'reg_lambda': 1.0, 'subsample': 0.7}",0.9802524644629909,0.989421589208529,0.9943541992883981,0.9872965940966467,0.9878312117641411,0.005069563427020098,1649
442,0.7921366691589355,0.04902760370840616,0.023884117603302002,0.0014396191718784332,0.6,0.3,0.05,4,750,0.5,1.0,0.85,"{'colsample_bytree': 0.6, 'gamma': 0.3, 'learning_rate': 0.05, 'max_depth': 4, 'n_estimators': 750, 'reg_alpha': 0.5, 'reg_lambda': 1.0, 'subsample': 0.85}",0.9802519537156409,0.989421589208529,0.995059946520522,0.988002225333439,0.9881839286945326,0.00528584590837707,1548
443,0.5220438241958618,0.06383480083726643,0.018249690532684326,0.0016392689069726738,0.6,0.3,0.05,4,750,0.5,1.0,1.0,"{'colsample_bytree': 0.6, 'gamma': 0.3, 'learning_rate': 0.05, 'max_depth': 4, 'n_estimators': 750, 'reg_alpha': 0.5, 'reg_lambda': 1.0, 'subsample': 1.0}",0.9788413789810437,0.9901268607873446,0.9943542442775466,0.9865911498501135,0.987478408474012,0.005693788808457221,1766
444,0.9055386185646057,0.03909885678699008,0.026632249355316162,0.0008167571275937714,0.6,0.3,0.05,4,750,0.5,1.5,0.7,"{'colsample_bytree': 0.6, 'gamma': 0.3, 'learning_rate': 0.05, 'max_depth': 4, 'n_estimators': 750, 'reg_alpha': 0.5, 'reg_lambda': 1.5, 'subsample': 0.7}",0.980957951420544,0.989421589208529,0.9929428053469331,0.9872965940966467,0.9876547350181631,0.004360637482210499,1710
445,0.7846143245697021,0.06971856768050368,0.022884488105773926,0.0012406936621501927,0.6,0.3,0.05,4,750,0.5,1.5,0.85,"{'colsample_bytree': 0.6, 'gamma': 0.3, 'learning_rate': 0.05, 'max_depth': 4, 'n_estimators': 750, 'reg_alpha': 0.5, 'reg_lambda': 1.5, 'subsample': 0.85}",0.9809574968105822,0.989421589208529,0.9943542442775466,0.9872963410115112,0.9880074178270423,0.0048085627599353566,1617
446,0.5137879848480225,0.0448006455182958,0.01825082302093506,0.0017869639546985888,0.6,0.3,0.05,4,750,0.5,1.5,1.0,"{'colsample_bytree': 0.6, 'gamma': 0.3, 'learning_rate': 0.05, 'max_depth': 4, 'n_estimators': 750, 'reg_alpha': 0.5, 'reg_lambda': 1.5, 'subsample': 1.0}",0.9795469410187734,0.9901268607873446,0.9943542442775466,0.9865911498501135,0.9876547989834445,0.005428221786761414,1702
447,0.9367940425872803,0.047718600712173743,0.02800065279006958,0.000707055779339387,0.6,0.3,0.05,4,750,0.5,2.0,0.7,"{'colsample_bytree': 0.6, 'gamma': 0.3, 'learning_rate': 0.05, 'max_depth': 4, 'n_estimators': 750, 'reg_alpha': 0.5, 'reg_lambda': 2.0, 'subsample': 0.7}",0.9802524644629909,0.9901268607873446,0.9929428053469331,0.9858848233461237,0.9873017384858481,0.004782856471611777,1836
448,0.816880464553833,0.04826618163963136,0.022632598876953125,0.000950174032472205,0.6,0.3,0.05,4,750,0.5,2.0,0.85,"{'colsample_bytree': 0.6, 'gamma': 0.3, 'learning_rate': 0.05, 'max_depth': 4, 'n_estimators': 750, 'reg_alpha': 0.5, 'reg_lambda': 2.0, 'subsample': 0.85}",0.9795469410187734,0.989421589208529,0.9943542442775466,0.9865907224314905,0.9874783742340849,0.005356053394596472,1771
449,0.4844064712524414,0.02623285241013476,0.01724916696548462,0.000829114352917237,0.6,0.3,0.05,4,750,0.5,2.0,1.0,"{'colsample_bytree': 0.6, 'gamma': 0.3, 'learning_rate': 0.05, 'max_depth': 4, 'n_estimators': 750, 'reg_alpha': 0.5, 'reg_lambda': 2.0, 'subsample': 1.0}",0.9781363852269647,0.9901268607873446,0.9936485406285719,0.9844736150070126,0.9865963504124735,0.0058795175587101735,1901
450,0.8143803477287292,0.015378591504204274,0.02288806438446045,0.0011460197621656716,0.6,0.3,0.05,4,750,1.0,1.0,0.7,"{'colsample_bytree': 0.6, 'gamma': 0.3, 'learning_rate': 0.05, 'max_depth': 4, 'n_estimators': 750, 'reg_alpha': 1.0, 'reg_lambda': 1.0, 'subsample': 0.7}",0.9816630027156343,0.9901267625807684,0.9929428053469331,0.9865907224314905,0.9878308232687065,0.004212587048185019,1695
451,1.079091489315033,0.5035339710498471,0.02388477325439453,0.0028888675067538726,0.6,0.3,0.05,4,750,1.0,1.0,0.85,"{'colsample_bytree': 0.6, 'gamma': 0.3, 'learning_rate': 0.05, 'max_depth': 4, 'n_estimators': 750, 'reg_alpha': 1.0, 'reg_lambda': 1.0, 'subsample': 0.85}",0.9809574968105822,0.9901268607873446,0.9936485026692425,0.9865907224314905,0.9878308956746649,0.004687687291187947,1693
452,0.4563918113708496,0.027241262817570056,0.016253292560577393,0.0017833385185279276,0.6,0.3,0.05,4,750,1.0,1.0,1.0,"{'colsample_bytree': 0.6, 'gamma': 0.3, 'learning_rate': 0.05, 'max_depth': 4, 'n_estimators': 750, 'reg_alpha': 1.0, 'reg_lambda': 1.0, 'subsample': 1.0}",0.9795474293035473,0.9901268607873446,0.9929428334648147,0.985179485263905,0.986949152204903,0.0050975305264131104,1871
453,0.8378940224647522,0.06809278062552267,0.02674931287765503,0.0025871297920488233,0.6,0.3,0.05,4,750,1.0,1.5,0.7,"{'colsample_bytree': 0.6, 'gamma': 0.3, 'learning_rate': 0.05, 'max_depth': 4, 'n_estimators': 750, 'reg_alpha': 1.0, 'reg_lambda': 1.5, 'subsample': 0.7}",0.9802524644629909,0.9901267625807684,0.9929428053469331,0.9865907224314905,0.9874781887055457,0.004740138864708256,1791
454,0.7891284823417664,0.03170303634127066,0.0214993953704834,0.001118860961971612,0.6,0.3,0.05,4,750,1.0,1.5,0.85,"{'colsample_bytree': 0.6, 'gamma': 0.3, 'learning_rate': 0.05, 'max_depth': 4, 'n_estimators': 750, 'reg_alpha': 1.0, 'reg_lambda': 1.5, 'subsample': 0.85}",0.9802524644629909,0.9901268607873446,0.9929428053469331,0.9865907224314905,0.9874782132571898,0.004740152583220511,1785
455,0.49978405237197876,0.05956706636768126,0.016629576683044434,0.0025790646412409786,0.6,0.3,0.05,4,750,1.0,1.5,1.0,"{'colsample_bytree': 0.6, 'gamma': 0.3, 'learning_rate': 0.05, 'max_depth': 4, 'n_estimators': 750, 'reg_alpha': 1.0, 'reg_lambda': 1.5, 'subsample': 1.0}",0.9816634039979629,0.9901268607873446,0.992237105212699,0.985179485263905,0.9873017138154778,0.004142280026742787,1837
456,0.8178802132606506,0.055303458307459974,0.024999558925628662,0.0007068028530992038,0.6,0.3,0.05,4,750,1.0,2.0,0.7,"{'colsample_bytree': 0.6, 'gamma': 0.3, 'learning_rate': 0.05, 'max_depth': 4, 'n_estimators': 750, 'reg_alpha': 1.0, 'reg_lambda': 2.0, 'subsample': 0.7}",0.980957951420544,0.9901267625807684,0.9929428053469331,0.9872965940966467,0.987831028361223,0.004442000286303294,1679
457,0.8108766674995422,0.07323543804979964,0.024002790451049805,0.0018655963063640448,0.6,0.3,0.05,4,750,1.0,2.0,0.85,"{'colsample_bytree': 0.6, 'gamma': 0.3, 'learning_rate': 0.05, 'max_depth': 4, 'n_estimators': 750, 'reg_alpha': 1.0, 'reg_lambda': 2.0, 'subsample': 0.85}",0.9802524644629909,0.989421589208529,0.9936485406285719,0.9865907224314905,0.9874783291828955,0.004869515774363072,1775
458,0.49490344524383545,0.008614163256450737,0.01925128698348999,0.002165147767569855,0.6,0.3,0.05,4,750,1.0,2.0,1.0,"{'colsample_bytree': 0.6, 'gamma': 0.3, 'learning_rate': 0.05, 'max_depth': 4, 'n_estimators': 750, 'reg_alpha': 1.0, 'reg_lambda': 2.0, 'subsample': 1.0}",0.9788419262103473,0.9901268607873446,0.9929428334648147,0.9858853295083274,0.9869492374927085,0.005312270675233735,1865
459,1.009179711341858,0.038774692979346166,0.032396554946899414,0.005879241888192956,0.6,0.3,0.05,4,900,0.1,1.0,0.7,"{'colsample_bytree': 0.6, 'gamma': 0.3, 'learning_rate': 0.05, 'max_depth': 4, 'n_estimators': 900, 'reg_alpha': 0.1, 'reg_lambda': 1.0, 'subsample': 0.7}",0.9809574968105822,0.9908321169335286,0.9957656832081598,0.9908255235816565,0.9895952051334818,0.005378857662798521,848
460,0.969810426235199,0.06657490065369413,0.035749733448028564,0.007325666177905451,0.6,0.3,0.05,4,900,0.1,1.0,0.85,"{'colsample_bytree': 0.6, 'gamma': 0.3, 'learning_rate': 0.05, 'max_depth': 4, 'n_estimators': 900, 'reg_alpha': 0.1, 'reg_lambda': 1.0, 'subsample': 0.85}",0.9802519537156409,0.989421589208529,0.9964713903718013,0.9887080836414638,0.9887132542343587,0.005750740125536258,1292
461,0.5604193806648254,0.022361960436755708,0.01813364028930664,0.0009007016891269534,0.6,0.3,0.05,4,900,0.1,1.0,1.0,"{'colsample_bytree': 0.6, 'gamma': 0.3, 'learning_rate': 0.05, 'max_depth': 4, 'n_estimators': 900, 'reg_alpha': 0.1, 'reg_lambda': 1.0, 'subsample': 1.0}",0.979546371323736,0.9901268607873446,0.9943542442775466,0.9880024404517326,0.9880074792100899,0.005393597527279471,1609
462,1.0435749292373657,0.03477365158267689,0.030650615692138672,0.0005559562398344482,0.6,0.3,0.05,4,900,0.1,1.5,0.7,"{'colsample_bytree': 0.6, 'gamma': 0.3, 'learning_rate': 0.05, 'max_depth': 4, 'n_estimators': 900, 'reg_alpha': 0.1, 'reg_lambda': 1.5, 'subsample': 0.7}",0.9802524644629909,0.9908321169335286,0.9957656832081598,0.9894140656711423,0.9890660825689555,0.005608129867854245,1124
463,0.9556729793548584,0.06839463977179955,0.02700895071029663,0.00100262172432815,0.6,0.3,0.05,4,900,0.1,1.5,0.85,"{'colsample_bytree': 0.6, 'gamma': 0.3, 'learning_rate': 0.05, 'max_depth': 4, 'n_estimators': 900, 'reg_alpha': 0.1, 'reg_lambda': 1.5, 'subsample': 0.85}",0.9795469410187734,0.9922425913464957,0.9957656832081598,0.9872963410115112,0.988712889146235,0.006087321155396566,1362
464,0.6481931209564209,0.10434062114497578,0.024389684200286865,0.005455472026184393,0.6,0.3,0.05,4,900,0.1,1.5,1.0,"{'colsample_bytree': 0.6, 'gamma': 0.3, 'learning_rate': 0.05, 'max_depth': 4, 'n_estimators': 900, 'reg_alpha': 0.1, 'reg_lambda': 1.5, 'subsample': 1.0}",0.979546371323736,0.9901268607873446,0.995059946520522,0.9880026077606279,0.9881839465980576,0.00560568641814263,1545
465,1.29341721534729,0.12083083140197655,0.03876858949661255,0.007121923530545935,0.6,0.3,0.05,4,900,0.1,2.0,0.7,"{'colsample_bytree': 0.6, 'gamma': 0.3, 'learning_rate': 0.05, 'max_depth': 4, 'n_estimators': 900, 'reg_alpha': 0.1, 'reg_lambda': 2.0, 'subsample': 0.7}",0.9788419262103473,0.9908321169335286,0.9943542442775466,0.9887080836414638,0.9881840927657216,0.005758329707006665,1530
466,1.1493684649467468,0.16580494017639222,0.02676337957382202,0.001151458261895094,0.6,0.3,0.05,4,900,0.1,2.0,0.85,"{'colsample_bytree': 0.6, 'gamma': 0.3, 'learning_rate': 0.05, 'max_depth': 4, 'n_estimators': 900, 'reg_alpha': 0.1, 'reg_lambda': 2.0, 'subsample': 0.85}",0.9795469410187734,0.9915373597517307,0.9957657000788889,0.9872963410115112,0.988536585465226,0.005992008386063661,1439
467,0.5444275140762329,0.0209755894761181,0.018502354621887207,0.000502243705017593,0.6,0.3,0.05,4,900,0.1,2.0,1.0,"{'colsample_bytree': 0.6, 'gamma': 0.3, 'learning_rate': 0.05, 'max_depth': 4, 'n_estimators': 900, 'reg_alpha': 0.1, 'reg_lambda': 2.0, 'subsample': 1.0}",0.979546371323736,0.9901268607873446,0.9943542442775466,0.9865909628578188,0.9876546098116115,0.005428443678503456,1731
468,0.9584406614303589,0.03907724232946185,0.028387784957885742,0.0009570051082735904,0.6,0.3,0.05,4,900,0.5,1.0,0.7,"{'colsample_bytree': 0.6, 'gamma': 0.3, 'learning_rate': 0.05, 'max_depth': 4, 'n_estimators': 900, 'reg_alpha': 0.5, 'reg_lambda': 1.0, 'subsample': 0.7}",0.9802519537156409,0.9901268607873446,0.9943541992883981,0.9880024404517326,0.988183863560779,0.00511850538120917,1556
469,0.9664352536201477,0.08936995260605189,0.024752438068389893,0.0014827721092607674,0.6,0.3,0.05,4,900,0.5,1.0,0.85,"{'colsample_bytree': 0.6, 'gamma': 0.3, 'learning_rate': 0.05, 'max_depth': 4, 'n_estimators': 900, 'reg_alpha': 0.5, 'reg_lambda': 1.0, 'subsample': 0.85}",0.9802519537156409,0.989421589208529,0.9957656832081598,0.988002225333439,0.9883603628664421,0.005519047294641076,1485
470,0.5510647296905518,0.03854151749224835,0.017129838466644287,0.000888258220265124,0.6,0.3,0.05,4,900,0.5,1.0,1.0,"{'colsample_bytree': 0.6, 'gamma': 0.3, 'learning_rate': 0.05, 'max_depth': 4, 'n_estimators': 900, 'reg_alpha': 0.5, 'reg_lambda': 1.0, 'subsample': 1.0}",0.9788413789810437,0.9901268607873446,0.9943542442775466,0.9865911498501135,0.987478408474012,0.005693788808457221,1766
471,2.600377380847931,2.7517382935241885,0.02939695119857788,0.0015120426247296028,0.6,0.3,0.05,4,900,0.5,1.5,0.7,"{'colsample_bytree': 0.6, 'gamma': 0.3, 'learning_rate': 0.05, 'max_depth': 4, 'n_estimators': 900, 'reg_alpha': 0.5, 'reg_lambda': 1.5, 'subsample': 0.7}",0.9802528966131908,0.989421589208529,0.9929428053469331,0.9872965940966467,0.9874784713163248,0.004633483102771495,1765
472,0.924542248249054,0.05106440590417294,0.024129152297973633,0.0030845890064366724,0.6,0.3,0.05,4,900,0.5,1.5,0.85,"{'colsample_bytree': 0.6, 'gamma': 0.3, 'learning_rate': 0.05, 'max_depth': 4, 'n_estimators': 900, 'reg_alpha': 0.5, 'reg_lambda': 1.5, 'subsample': 0.85}",0.9809574968105822,0.989421589208529,0.9943542442775466,0.9872963410115112,0.9880074178270423,0.0048085627599353566,1617
473,0.5521659851074219,0.01684349530462102,0.018511414527893066,0.0009404061510404161,0.6,0.3,0.05,4,900,0.5,1.5,1.0,"{'colsample_bytree': 0.6, 'gamma': 0.3, 'learning_rate': 0.05, 'max_depth': 4, 'n_estimators': 900, 'reg_alpha': 0.5, 'reg_lambda': 1.5, 'subsample': 1.0}",0.9795469410187734,0.9901268607873446,0.9943542442775466,0.9865911498501135,0.9876547989834445,0.005428221786761414,1702
474,0.9791582226753235,0.00803154251914655,0.030134737491607666,0.0008861568832934668,0.6,0.3,0.05,4,900,0.5,2.0,0.7,"{'colsample_bytree': 0.6, 'gamma': 0.3, 'learning_rate': 0.05, 'max_depth': 4, 'n_estimators': 900, 'reg_alpha': 0.5, 'reg_lambda': 2.0, 'subsample': 0.7}",0.9802524644629909,0.989421589208529,0.9929428053469331,0.9858851045518296,0.9871254908925706,0.00468749041368301,1854
475,0.865074098110199,0.046045530688990706,0.024502813816070557,0.002178761292421956,0.6,0.3,0.05,4,900,0.5,2.0,0.85,"{'colsample_bytree': 0.6, 'gamma': 0.3, 'learning_rate': 0.05, 'max_depth': 4, 'n_estimators': 900, 'reg_alpha': 0.5, 'reg_lambda': 2.0, 'subsample': 0.85}",0.9802524644629909,0.9901268607873446,0.9943542442775466,0.9865907224314905,0.9878310729898432,0.005167111910215394,1672
476,0.544096052646637,0.0071784752503095085,0.0209541916847229,0.0036873859620102554,0.6,0.3,0.05,4,900,0.5,2.0,1.0,"{'colsample_bytree': 0.6, 'gamma': 0.3, 'learning_rate': 0.05, 'max_depth': 4, 'n_estimators': 900, 'reg_alpha': 0.5, 'reg_lambda': 2.0, 'subsample': 1.0}",0.9781363852269647,0.9901268607873446,0.9936485406285719,0.9844736150070126,0.9865963504124735,0.0058795175587101735,1901
477,0.9382858872413635,0.11439658823332069,0.027263641357421875,0.003908775054398473,0.6,0.3,0.05,4,900,1.0,1.0,0.7,"{'colsample_bytree': 0.6, 'gamma': 0.3, 'learning_rate': 0.05, 'max_depth': 4, 'n_estimators': 900, 'reg_alpha': 1.0, 'reg_lambda': 1.0, 'subsample': 0.7}",0.9816630027156343,0.989421589208529,0.9929428053469331,0.9858851045518296,0.9874781254557315,0.004183095317895723,1803
478,0.9782406091690063,0.09254195809915572,0.026632487773895264,0.00531290522740325,0.6,0.3,0.05,4,900,1.0,1.0,0.85,"{'colsample_bytree': 0.6, 'gamma': 0.3, 'learning_rate': 0.05, 'max_depth': 4, 'n_estimators': 900, 'reg_alpha': 1.0, 'reg_lambda': 1.0, 'subsample': 0.85}",0.9802519537156409,0.9901268607873446,0.9936485026692425,0.9865907224314905,0.9876545099009295,0.004948988534757293,1745
479,0.5301626324653625,0.058594407521538376,0.01988399028778076,0.005577045635363874,0.6,0.3,0.05,4,900,1.0,1.0,1.0,"{'colsample_bytree': 0.6, 'gamma': 0.3, 'learning_rate': 0.05, 'max_depth': 4, 'n_estimators': 900, 'reg_alpha': 1.0, 'reg_lambda': 1.0, 'subsample': 1.0}",0.9795474293035473,0.9901268607873446,0.9929428334648147,0.985179485263905,0.986949152204903,0.0050975305264131104,1871
480,1.0481762290000916,0.11377516194582762,0.029252707958221436,0.0029469762460220994,0.6,0.3,0.05,4,900,1.0,1.5,0.7,"{'colsample_bytree': 0.6, 'gamma': 0.3, 'learning_rate': 0.05, 'max_depth': 4, 'n_estimators': 900, 'reg_alpha': 1.0, 'reg_lambda': 1.5, 'subsample': 0.7}",0.9802524644629909,0.9901267625807684,0.9929428053469331,0.9865907224314905,0.9874781887055457,0.004740138864708256,1791
481,0.9233955144882202,0.1176763684852772,0.024381041526794434,0.0021572645144293657,0.6,0.3,0.05,4,900,1.0,1.5,0.85,"{'colsample_bytree': 0.6, 'gamma': 0.3, 'learning_rate': 0.05, 'max_depth': 4, 'n_estimators': 900, 'reg_alpha': 1.0, 'reg_lambda': 1.5, 'subsample': 0.85}",0.9802524644629909,0.989421589208529,0.9929428053469331,0.9865907224314905,0.9873018953624859,0.004650623893579371,1830
482,0.5515303611755371,0.07633206798736064,0.018380165100097656,0.0024933149813027955,0.6,0.3,0.05,4,900,1.0,1.5,1.0,"{'colsample_bytree': 0.6, 'gamma': 0.3, 'learning_rate': 0.05, 'max_depth': 4, 'n_estimators': 900, 'reg_alpha': 1.0, 'reg_lambda': 1.5, 'subsample': 1.0}",0.9816634039979629,0.9901268607873446,0.992237105212699,0.985179485263905,0.9873017138154778,0.004142280026742787,1837
483,0.9841812252998352,0.05278062305785197,0.02613133192062378,0.001136055415125449,0.6,0.3,0.05,4,900,1.0,2.0,0.7,"{'colsample_bytree': 0.6, 'gamma': 0.3, 'learning_rate': 0.05, 'max_depth': 4, 'n_estimators': 900, 'reg_alpha': 1.0, 'reg_lambda': 2.0, 'subsample': 0.7}",0.9802524644629909,0.9894214629415494,0.9929428053469331,0.9872965940966467,0.98747833171203,0.004633638342147205,1774
484,0.9759464859962463,0.06740516929642992,0.02414804697036743,0.001563885841473369,0.6,0.3,0.05,4,900,1.0,2.0,0.85,"{'colsample_bytree': 0.6, 'gamma': 0.3, 'learning_rate': 0.05, 'max_depth': 4, 'n_estimators': 900, 'reg_alpha': 1.0, 'reg_lambda': 2.0, 'subsample': 0.85}",0.9802524644629909,0.989421589208529,0.9936485406285719,0.9865907224314905,0.9874783291828955,0.004869515774363072,1775
485,0.5325456261634827,0.02055633848775483,0.017629146575927734,0.0008205333783977759,0.6,0.3,0.05,4,900,1.0,2.0,1.0,"{'colsample_bytree': 0.6, 'gamma': 0.3, 'learning_rate': 0.05, 'max_depth': 4, 'n_estimators': 900, 'reg_alpha': 1.0, 'reg_lambda': 2.0, 'subsample': 1.0}",0.9788419262103473,0.9901268607873446,0.9929428334648147,0.9858853295083274,0.9869492374927085,0.005312270675233735,1865
486,0.9832165241241455,0.06810926360331705,0.03199893236160278,0.0012269922268402158,0.6,0.3,0.05,8,750,0.1,1.0,0.7,"{'colsample_bytree': 0.6, 'gamma': 0.3, 'learning_rate': 0.05, 'max_depth': 8, 'n_estimators': 750, 'reg_alpha': 0.1, 'reg_lambda': 1.0, 'subsample': 0.7}",0.9837789956545375,0.9922425913464957,0.9964714114603177,0.9901197306558291,0.990653182279295,0.0045803117899433695,286
487,0.8944374918937683,0.059514322438212336,0.027127981185913086,0.0005391765135837616,0.6,0.3,0.05,8,750,0.1,1.0,0.85,"{'colsample_bytree': 0.6, 'gamma': 0.3, 'learning_rate': 0.05, 'max_depth': 8, 'n_estimators': 750, 'reg_alpha': 0.1, 'reg_lambda': 1.0, 'subsample': 0.85}",0.9837793183573613,0.9915373597517307,0.9971771221387733,0.9901197306558291,0.9906533827259236,0.0047665012531199705,253
488,0.6850242614746094,0.018798203266714348,0.026382505893707275,0.0009545259900999552,0.6,0.3,0.05,8,750,0.1,1.0,1.0,"{'colsample_bytree': 0.6, 'gamma': 0.3, 'learning_rate': 0.05, 'max_depth': 8, 'n_estimators': 750, 'reg_alpha': 0.1, 'reg_lambda': 1.0, 'subsample': 1.0}",0.9858953751153834,0.9922425913464957,0.9964714114603177,0.9880026077606279,0.9906529964207061,0.0040632587333200455,322
489,1.0232295393943787,0.029684583662641425,0.031901001930236816,0.0006576009172845098,0.6,0.3,0.05,8,750,0.1,1.5,0.7,"{'colsample_bytree': 0.6, 'gamma': 0.3, 'learning_rate': 0.05, 'max_depth': 8, 'n_estimators': 750, 'reg_alpha': 0.1, 'reg_lambda': 1.5, 'subsample': 0.7}",0.9830739113827349,0.9915373597517307,0.9957657000788889,0.9894139180456464,0.9899477223147503,0.004580121072959433,691
490,0.9146867394447327,0.04141369804439698,0.026761174201965332,0.0015269641118531884,0.6,0.3,0.05,8,750,0.1,1.5,0.85,"{'colsample_bytree': 0.6, 'gamma': 0.3, 'learning_rate': 0.05, 'max_depth': 8, 'n_estimators': 750, 'reg_alpha': 0.1, 'reg_lambda': 1.5, 'subsample': 0.85}",0.9837793183573613,0.9908321169335286,0.9957656832081598,0.9901197306558291,0.9901242122887197,0.00425984219796498,562
491,0.6818501949310303,0.022738657449323046,0.029017925262451172,0.006382401222106926,0.6,0.3,0.05,8,750,0.1,1.5,1.0,"{'colsample_bytree': 0.6, 'gamma': 0.3, 'learning_rate': 0.05, 'max_depth': 8, 'n_estimators': 750, 'reg_alpha': 0.1, 'reg_lambda': 1.5, 'subsample': 1.0}",0.9858953751153834,0.9915373597517307,0.9957657000788889,0.9880026077606279,0.9903002606766577,0.003744451485580728,519
492,1.0334755778312683,0.052504116085672,0.033753812313079834,0.002170448883286754,0.6,0.3,0.05,8,750,0.1,2.0,0.7,"{'colsample_bytree': 0.6, 'gamma': 0.3, 'learning_rate': 0.05, 'max_depth': 8, 'n_estimators': 750, 'reg_alpha': 0.1, 'reg_lambda': 2.0, 'subsample': 0.7}",0.9837793183573613,0.9915373597517307,0.995059946520522,0.988708263606662,0.9897712220590691,0.004126822004299841,813
493,0.9410600662231445,0.006615825966777209,0.0285036563873291,0.0011167449766649698,0.6,0.3,0.05,8,750,0.1,2.0,0.85,"{'colsample_bytree': 0.6, 'gamma': 0.3, 'learning_rate': 0.05, 'max_depth': 8, 'n_estimators': 750, 'reg_alpha': 0.1, 'reg_lambda': 2.0, 'subsample': 0.85}",0.9823684735375408,0.9908321169335286,0.9964714114603177,0.9894139180456464,0.9897714799942583,0.005023603973048988,765
494,0.7087493538856506,0.04116332512121416,0.026019811630249023,0.000598676434414041,0.6,0.3,0.05,8,750,0.1,2.0,1.0,"{'colsample_bytree': 0.6, 'gamma': 0.3, 'learning_rate': 0.05, 'max_depth': 8, 'n_estimators': 750, 'reg_alpha': 0.1, 'reg_lambda': 2.0, 'subsample': 1.0}",0.9844849126269217,0.9908321169335286,0.9957656832081598,0.9872967965574946,0.9895948773315262,0.0042131496984481945,901
495,0.9389413595199585,0.03865476549294761,0.027385175228118896,0.0004155570645991941,0.6,0.3,0.05,8,750,0.5,1.0,0.7,"{'colsample_bytree': 0.6, 'gamma': 0.3, 'learning_rate': 0.05, 'max_depth': 8, 'n_estimators': 750, 'reg_alpha': 0.5, 'reg_lambda': 1.0, 'subsample': 0.7}",0.9837795765103758,0.9908321169335286,0.9957656832081598,0.9894140656711423,0.9899478605808016,0.004270879148365879,665
496,0.8840456604957581,0.044847346101021486,0.024883687496185303,0.0008851596537163741,0.6,0.3,0.05,8,750,0.5,1.0,0.85,"{'colsample_bytree': 0.6, 'gamma': 0.3, 'learning_rate': 0.05, 'max_depth': 8, 'n_estimators': 750, 'reg_alpha': 0.5, 'reg_lambda': 1.0, 'subsample': 0.85}",0.9837795765103758,0.9908321169335286,0.9957656832081598,0.988708263606662,0.9897714100646815,0.004303741375650599,779
497,0.6548565626144409,0.024572776133747563,0.029768288135528564,0.005211722537146146,0.6,0.3,0.05,8,750,0.5,1.0,1.0,"{'colsample_bytree': 0.6, 'gamma': 0.3, 'learning_rate': 0.05, 'max_depth': 8, 'n_estimators': 750, 'reg_alpha': 0.5, 'reg_lambda': 1.0, 'subsample': 1.0}",0.9844849126269217,0.9901268607873446,0.995059946520522,0.9872967965574946,0.9892421291230706,0.003906570649872423,1095
498,0.9747148156166077,0.07260049154777666,0.031131207942962646,0.002665055650066637,0.6,0.3,0.05,8,750,0.5,1.5,0.7,"{'colsample_bytree': 0.6, 'gamma': 0.3, 'learning_rate': 0.05, 'max_depth': 8, 'n_estimators': 750, 'reg_alpha': 0.5, 'reg_lambda': 1.5, 'subsample': 0.7}",0.9823688243014796,0.9908321169335286,0.995059946520522,0.988708263606662,0.989242287840548,0.004579912443673015,1067
499,0.9453083872795105,0.08325935567614298,0.027643680572509766,0.0032502301762641485,0.6,0.3,0.05,8,750,0.5,1.5,0.85,"{'colsample_bytree': 0.6, 'gamma': 0.3, 'learning_rate': 0.05, 'max_depth': 8, 'n_estimators': 750, 'reg_alpha': 0.5, 'reg_lambda': 1.5, 'subsample': 0.85}",0.9823691049025824,0.989421589208529,0.9957656832081598,0.9880024404517326,0.9888897044427509,0.004766220754943695,1210
500,0.7162468433380127,0.06318797545191508,0.025510072708129883,0.0021633707149163687,0.6,0.3,0.05,8,750,0.5,1.5,1.0,"{'colsample_bytree': 0.6, 'gamma': 0.3, 'learning_rate': 0.05, 'max_depth': 8, 'n_estimators': 750, 'reg_alpha': 0.5, 'reg_lambda': 1.5, 'subsample': 1.0}",0.9837797701197444,0.9908321169335286,0.9957656494662985,0.9858853295083274,0.9890657165069747,0.004638570975963434,1192
501,1.0142143964767456,0.08964420497614742,0.030880749225616455,0.0016751209909473647,0.6,0.3,0.05,8,750,0.5,2.0,0.7,"{'colsample_bytree': 0.6, 'gamma': 0.3, 'learning_rate': 0.05, 'max_depth': 8, 'n_estimators': 750, 'reg_alpha': 0.5, 'reg_lambda': 2.0, 'subsample': 0.7}",0.9830742144370506,0.9908321169335286,0.9957656832081598,0.988708263606662,0.9895950695463502,0.004552876435084254,875
502,0.971813440322876,0.06874979855487176,0.0271337628364563,0.0011474816282172956,0.6,0.3,0.05,8,750,0.5,2.0,0.85,"{'colsample_bytree': 0.6, 'gamma': 0.3, 'learning_rate': 0.05, 'max_depth': 8, 'n_estimators': 750, 'reg_alpha': 0.5, 'reg_lambda': 2.0, 'subsample': 0.85}",0.9816639876499984,0.9901268607873446,0.9957656832081598,0.9872965940966467,0.9887132814355374,0.005085128396544071,1290
503,0.6747179627418518,0.04610502585056422,0.023879587650299072,0.0011473392856473329,0.6,0.3,0.05,8,750,0.5,2.0,1.0,"{'colsample_bytree': 0.6, 'gamma': 0.3, 'learning_rate': 0.05, 'max_depth': 8, 'n_estimators': 750, 'reg_alpha': 0.5, 'reg_lambda': 2.0, 'subsample': 1.0}",0.9823693153475482,0.9901268607873446,0.995059946520522,0.9865909628578188,0.9885367713783084,0.004661112607374237,1411
504,0.956540048122406,0.04185991326608257,0.027630150318145752,0.0008210654266584394,0.6,0.3,0.05,8,750,1.0,1.0,0.7,"{'colsample_bytree': 0.6, 'gamma': 0.3, 'learning_rate': 0.05, 'max_depth': 8, 'n_estimators': 750, 'reg_alpha': 1.0, 'reg_lambda': 1.0, 'subsample': 0.7}",0.9830742144370506,0.9908321169335286,0.9943541992883981,0.9858851045518296,0.9885364088027017,0.004358381106450167,1458
505,0.9344102740287781,0.04636540275121879,0.024884343147277832,0.0005522266471625069,0.6,0.3,0.05,8,750,1.0,1.0,0.85,"{'colsample_bytree': 0.6, 'gamma': 0.3, 'learning_rate': 0.05, 'max_depth': 8, 'n_estimators': 750, 'reg_alpha': 1.0, 'reg_lambda': 1.0, 'subsample': 0.85}",0.9830746184925907,0.9901268607873446,0.9957656832081598,0.9858851045518296,0.9887130667599812,0.004783505028525121,1335
506,0.6260740160942078,0.07991465177011434,0.024251699447631836,0.004491803347430876,0.6,0.3,0.05,8,750,1.0,1.0,1.0,"{'colsample_bytree': 0.6, 'gamma': 0.3, 'learning_rate': 0.05, 'max_depth': 8, 'n_estimators': 750, 'reg_alpha': 1.0, 'reg_lambda': 1.0, 'subsample': 1.0}",0.9823693153475482,0.9901268607873446,0.9943542442775466,0.9872967965574946,0.9885368042424836,0.0043573623531154675,1403
507,0.9044027328491211,0.04455675565901573,0.027275443077087402,0.0004298317535538713,0.6,0.3,0.05,8,750,1.0,1.5,0.7,"{'colsample_bytree': 0.6, 'gamma': 0.3, 'learning_rate': 0.05, 'max_depth': 8, 'n_estimators': 750, 'reg_alpha': 1.0, 'reg_lambda': 1.5, 'subsample': 0.7}",0.9830742144370506,0.9908321169335286,0.9929428053469331,0.9872967965574946,0.9885364833187518,0.00374362164592548,1453
508,0.8722652792930603,0.02570867114612677,0.025508761405944824,0.0018011613148424517,0.6,0.3,0.05,8,750,1.0,1.5,0.85,"{'colsample_bytree': 0.6, 'gamma': 0.3, 'learning_rate': 0.05, 'max_depth': 8, 'n_estimators': 750, 'reg_alpha': 1.0, 'reg_lambda': 1.5, 'subsample': 0.85}",0.9816639876499984,0.9901268607873446,0.9936485026692425,0.9880024404517326,0.9883604478895796,0.00436046118386439,1471
509,0.583564281463623,0.020862201014486912,0.022255122661590576,0.0013031088375493449,0.6,0.3,0.05,8,750,1.0,1.5,1.0,"{'colsample_bytree': 0.6, 'gamma': 0.3, 'learning_rate': 0.05, 'max_depth': 8, 'n_estimators': 750, 'reg_alpha': 1.0, 'reg_lambda': 1.5, 'subsample': 1.0}",0.9823694556414012,0.9901268607873446,0.9936485026692425,0.9872967965574946,0.9883604039138707,0.004126350692329447,1476
510,0.946442186832428,0.04560582906424791,0.029772579669952393,0.0022028428305593713,0.6,0.3,0.05,8,750,1.0,2.0,0.7,"{'colsample_bytree': 0.6, 'gamma': 0.3, 'learning_rate': 0.05, 'max_depth': 8, 'n_estimators': 750, 'reg_alpha': 1.0, 'reg_lambda': 2.0, 'subsample': 0.7}",0.9823691049025824,0.9915373597517307,0.9922370588179632,0.9872967965574946,0.9883600800074428,0.0039417136397979545,1515
511,0.8895637392997742,0.059389200191638174,0.028754770755767822,0.0077241446132378655,0.6,0.3,0.05,8,750,1.0,2.0,0.85,"{'colsample_bytree': 0.6, 'gamma': 0.3, 'learning_rate': 0.05, 'max_depth': 8, 'n_estimators': 750, 'reg_alpha': 1.0, 'reg_lambda': 2.0, 'subsample': 0.85}",0.9816639876499984,0.9901268607873446,0.9943541992883981,0.9872967965574946,0.988360461070809,0.004610292947635541,1469
512,0.6462302803993225,0.07013081221245131,0.021503329277038574,0.0004974976435830119,0.6,0.3,0.05,8,750,1.0,2.0,1.0,"{'colsample_bytree': 0.6, 'gamma': 0.3, 'learning_rate': 0.05, 'max_depth': 8, 'n_estimators': 750, 'reg_alpha': 1.0, 'reg_lambda': 2.0, 'subsample': 1.0}",0.9823694556414012,0.9901268607873446,0.9936485026692425,0.9858851045518296,0.9880074809124545,0.0042604198117034125,1607
513,1.1512929797172546,0.10382603412161594,0.03300291299819946,0.0007066585790776275,0.6,0.3,0.05,8,900,0.1,1.0,0.7,"{'colsample_bytree': 0.6, 'gamma': 0.3, 'learning_rate': 0.05, 'max_depth': 8, 'n_estimators': 900, 'reg_alpha': 0.1, 'reg_lambda': 1.0, 'subsample': 0.7}",0.9837789956545375,0.9922425913464957,0.9964714114603177,0.9901198487546965,0.9906532118040119,0.004580308351595239,280
514,1.0237482786178589,0.08224916977595875,0.028002381324768066,0.003084566498613469,0.6,0.3,0.05,8,900,0.1,1.0,0.85,"{'colsample_bytree': 0.6, 'gamma': 0.3, 'learning_rate': 0.05, 'max_depth': 8, 'n_estimators': 900, 'reg_alpha': 0.1, 'reg_lambda': 1.0, 'subsample': 0.85}",0.9837793183573613,0.9915373597517307,0.9971771221387733,0.9901197306558291,0.9906533827259236,0.0047665012531199705,253
515,0.8699225187301636,0.0820579975090838,0.029005885124206543,0.0012294804658244877,0.6,0.3,0.05,8,900,0.1,1.0,1.0,"{'colsample_bytree': 0.6, 'gamma': 0.3, 'learning_rate': 0.05, 'max_depth': 8, 'n_estimators': 900, 'reg_alpha': 0.1, 'reg_lambda': 1.0, 'subsample': 1.0}",0.9858953751153834,0.9922425913464957,0.9964714114603177,0.9880026077606279,0.9906529964207061,0.0040632587333200455,322
516,1.2614376544952393,0.15423429282968076,0.035384416580200195,0.004216890722048864,0.6,0.3,0.05,8,900,0.1,1.5,0.7,"{'colsample_bytree': 0.6, 'gamma': 0.3, 'learning_rate': 0.05, 'max_depth': 8, 'n_estimators': 900, 'reg_alpha': 0.1, 'reg_lambda': 1.5, 'subsample': 0.7}",0.9837789956545375,0.9915373597517307,0.9957657000788889,0.9894139180456464,0.9901239933827009,0.004318265337308729,613
517,1.216414988040924,0.1498943062150484,0.03351563215255737,0.004436694684407762,0.6,0.3,0.05,8,900,0.1,1.5,0.85,"{'colsample_bytree': 0.6, 'gamma': 0.3, 'learning_rate': 0.05, 'max_depth': 8, 'n_estimators': 900, 'reg_alpha': 0.1, 'reg_lambda': 1.5, 'subsample': 0.85}",0.9837793183573613,0.9908321169335286,0.9957656832081598,0.9901197306558291,0.9901242122887197,0.00425984219796498,562
518,0.650098979473114,0.049914889314916916,0.023501694202423096,0.0018007178114168084,0.6,0.3,0.05,8,900,0.1,1.5,1.0,"{'colsample_bytree': 0.6, 'gamma': 0.3, 'learning_rate': 0.05, 'max_depth': 8, 'n_estimators': 900, 'reg_alpha': 0.1, 'reg_lambda': 1.5, 'subsample': 1.0}",0.9858953751153834,0.9915373597517307,0.9957657000788889,0.9880026077606279,0.9903002606766577,0.003744451485580728,519
519,1.1142617464065552,0.05371160595195692,0.03488779067993164,0.0017364651923237001,0.6,0.3,0.05,8,900,0.1,2.0,0.7,"{'colsample_bytree': 0.6, 'gamma': 0.3, 'learning_rate': 0.05, 'max_depth': 8, 'n_estimators': 900, 'reg_alpha': 0.1, 'reg_lambda': 2.0, 'subsample': 0.7}",0.9837793183573613,0.9915373597517307,0.9943542442775466,0.9894139180456464,0.9897712101080713,0.003877947625112884,814
520,1.1731482148170471,0.08255213185805861,0.03126293420791626,0.00269890440949752,0.6,0.3,0.05,8,900,0.1,2.0,0.85,"{'colsample_bytree': 0.6, 'gamma': 0.3, 'learning_rate': 0.05, 'max_depth': 8, 'n_estimators': 900, 'reg_alpha': 0.1, 'reg_lambda': 2.0, 'subsample': 0.85}",0.9823684735375408,0.9908321169335286,0.9964714114603177,0.9894139180456464,0.9897714799942583,0.005023603973048988,765
521,0.6727429628372192,0.0484827110564763,0.024251043796539307,0.0019198448667601998,0.6,0.3,0.05,8,900,0.1,2.0,1.0,"{'colsample_bytree': 0.6, 'gamma': 0.3, 'learning_rate': 0.05, 'max_depth': 8, 'n_estimators': 900, 'reg_alpha': 0.1, 'reg_lambda': 2.0, 'subsample': 1.0}",0.9844849126269217,0.9908321169335286,0.9957656832081598,0.9872967965574946,0.9895948773315262,0.0042131496984481945,901
522,1.052107572555542,0.10751333845888737,0.032383620738983154,0.006270165938167649,0.6,0.3,0.05,8,900,0.5,1.0,0.7,"{'colsample_bytree': 0.6, 'gamma': 0.3, 'learning_rate': 0.05, 'max_depth': 8, 'n_estimators': 900, 'reg_alpha': 0.5, 'reg_lambda': 1.0, 'subsample': 0.7}",0.9837795765103758,0.9908321169335286,0.9957656832081598,0.9894140656711423,0.9899478605808016,0.004270879148365879,665
523,1.2118935585021973,0.06463095882839344,0.029383957386016846,0.003036592123262644,0.6,0.3,0.05,8,900,0.5,1.0,0.85,"{'colsample_bytree': 0.6, 'gamma': 0.3, 'learning_rate': 0.05, 'max_depth': 8, 'n_estimators': 900, 'reg_alpha': 0.5, 'reg_lambda': 1.0, 'subsample': 0.85}",0.9837795765103758,0.9901268607873446,0.9971771221387733,0.988708263606662,0.9899479557607889,0.00479266608327341,647
524,0.7016082406044006,0.09755900455611924,0.025385499000549316,0.004739079452435549,0.6,0.3,0.05,8,900,0.5,1.0,1.0,"{'colsample_bytree': 0.6, 'gamma': 0.3, 'learning_rate': 0.05, 'max_depth': 8, 'n_estimators': 900, 'reg_alpha': 0.5, 'reg_lambda': 1.0, 'subsample': 1.0}",0.9844849126269217,0.9901268607873446,0.995059946520522,0.9872967965574946,0.9892421291230706,0.003906570649872423,1095
525,1.0469594597816467,0.044136273651186074,0.029890358448028564,0.0010800925477864412,0.6,0.3,0.05,8,900,0.5,1.5,0.7,"{'colsample_bytree': 0.6, 'gamma': 0.3, 'learning_rate': 0.05, 'max_depth': 8, 'n_estimators': 900, 'reg_alpha': 0.5, 'reg_lambda': 1.5, 'subsample': 0.7}",0.9823688243014796,0.9908321169335286,0.995059946520522,0.9880024404517326,0.9890658320518158,0.0046105825296406415,1172
526,0.967191755771637,0.054515877397847884,0.027634799480438232,0.0017878854680639519,0.6,0.3,0.05,8,900,0.5,1.5,0.85,"{'colsample_bytree': 0.6, 'gamma': 0.3, 'learning_rate': 0.05, 'max_depth': 8, 'n_estimators': 900, 'reg_alpha': 0.5, 'reg_lambda': 1.5, 'subsample': 0.85}",0.9823691049025824,0.989421589208529,0.9957656832081598,0.988708263606662,0.9890661602314832,0.004743115483128109,1116
527,0.6643361449241638,0.09054575214146746,0.022000432014465332,0.0018698011874968183,0.6,0.3,0.05,8,900,0.5,1.5,1.0,"{'colsample_bytree': 0.6, 'gamma': 0.3, 'learning_rate': 0.05, 'max_depth': 8, 'n_estimators': 900, 'reg_alpha': 0.5, 'reg_lambda': 1.5, 'subsample': 1.0}",0.9837797701197444,0.9908321169335286,0.9957656494662985,0.9858853295083274,0.9890657165069747,0.004638570975963434,1192
528,1.1792521476745605,0.1095307545744963,0.03150284290313721,0.003197550764732018,0.6,0.3,0.05,8,900,0.5,2.0,0.7,"{'colsample_bytree': 0.6, 'gamma': 0.3, 'learning_rate': 0.05, 'max_depth': 8, 'n_estimators': 900, 'reg_alpha': 0.5, 'reg_lambda': 2.0, 'subsample': 0.7}",0.9823691049025824,0.9908321169335286,0.9957656832081598,0.988708263606662,0.9894187921627331,0.004808415907166962,952
529,1.0842235088348389,0.10766868584985366,0.029019534587860107,0.002472523391333381,0.6,0.3,0.05,8,900,0.5,2.0,0.85,"{'colsample_bytree': 0.6, 'gamma': 0.3, 'learning_rate': 0.05, 'max_depth': 8, 'n_estimators': 900, 'reg_alpha': 0.5, 'reg_lambda': 2.0, 'subsample': 0.85}",0.9816639876499984,0.9901268607873446,0.9957656832081598,0.9872965940966467,0.9887132814355374,0.005085128396544071,1290
530,0.7605010867118835,0.08419289980361512,0.02676337957382202,0.005112494046989621,0.6,0.3,0.05,8,900,0.5,2.0,1.0,"{'colsample_bytree': 0.6, 'gamma': 0.3, 'learning_rate': 0.05, 'max_depth': 8, 'n_estimators': 900, 'reg_alpha': 0.5, 'reg_lambda': 2.0, 'subsample': 1.0}",0.9823693153475482,0.9901268607873446,0.995059946520522,0.9865909628578188,0.9885367713783084,0.004661112607374237,1411
531,1.0041910409927368,0.04677417518867787,0.029395997524261475,0.0022555867323598776,0.6,0.3,0.05,8,900,1.0,1.0,0.7,"{'colsample_bytree': 0.6, 'gamma': 0.3, 'learning_rate': 0.05, 'max_depth': 8, 'n_estimators': 900, 'reg_alpha': 1.0, 'reg_lambda': 1.0, 'subsample': 0.7}",0.9830742144370506,0.9908321169335286,0.9929428053469331,0.9865909628578188,0.9883600248938328,0.003813872323713138,1522
532,1.02019202709198,0.08571359007974047,0.02588367462158203,0.001035271302645623,0.6,0.3,0.05,8,900,1.0,1.0,0.85,"{'colsample_bytree': 0.6, 'gamma': 0.3, 'learning_rate': 0.05, 'max_depth': 8, 'n_estimators': 900, 'reg_alpha': 1.0, 'reg_lambda': 1.0, 'subsample': 0.85}",0.9823693153475482,0.9901268607873446,0.9957656832081598,0.9858851045518296,0.9885367409737206,0.004996358709570529,1417
533,1.1233633160591125,0.8795648177021851,0.023998618125915527,0.005244084732229806,0.6,0.3,0.05,8,900,1.0,1.0,1.0,"{'colsample_bytree': 0.6, 'gamma': 0.3, 'learning_rate': 0.05, 'max_depth': 8, 'n_estimators': 900, 'reg_alpha': 1.0, 'reg_lambda': 1.0, 'subsample': 1.0}",0.9823693153475482,0.9901268607873446,0.9943542442775466,0.9872967965574946,0.9885368042424836,0.0043573623531154675,1403
534,1.0712260603904724,0.05821377365148249,0.03175586462020874,0.00481764376044663,0.6,0.3,0.05,8,900,1.0,1.5,0.7,"{'colsample_bytree': 0.6, 'gamma': 0.3, 'learning_rate': 0.05, 'max_depth': 8, 'n_estimators': 900, 'reg_alpha': 1.0, 'reg_lambda': 1.5, 'subsample': 0.7}",0.9830742144370506,0.9908321169335286,0.9929428053469331,0.9872967965574946,0.9885364833187518,0.00374362164592548,1453
535,0.9832011461257935,0.05621931585365556,0.025514662265777588,0.0013641063672384143,0.6,0.3,0.05,8,900,1.0,1.5,0.85,"{'colsample_bytree': 0.6, 'gamma': 0.3, 'learning_rate': 0.05, 'max_depth': 8, 'n_estimators': 900, 'reg_alpha': 1.0, 'reg_lambda': 1.5, 'subsample': 0.85}",0.9816639876499984,0.9901268607873446,0.9943542442775466,0.9880024404517326,0.9885368832916556,0.004579629923018329,1387
536,0.6594623923301697,0.02777759275915575,0.021504998207092285,0.000868790064275408,0.6,0.3,0.05,8,900,1.0,1.5,1.0,"{'colsample_bytree': 0.6, 'gamma': 0.3, 'learning_rate': 0.05, 'max_depth': 8, 'n_estimators': 900, 'reg_alpha': 1.0, 'reg_lambda': 1.5, 'subsample': 1.0}",0.9823694556414012,0.9901268607873446,0.9936485026692425,0.9872967965574946,0.9883604039138707,0.004126350692329447,1476
537,1.0041972994804382,0.04625166569698659,0.02901822328567505,0.0009261891375001918,0.6,0.3,0.05,8,900,1.0,2.0,0.7,"{'colsample_bytree': 0.6, 'gamma': 0.3, 'learning_rate': 0.05, 'max_depth': 8, 'n_estimators': 900, 'reg_alpha': 1.0, 'reg_lambda': 2.0, 'subsample': 0.7}",0.9816637323068047,0.9915373597517307,0.9929428053469331,0.9880026077606279,0.9885366262915242,0.004357196997040114,1438
538,0.954305112361908,0.07307577953079931,0.025755107402801514,0.001784716105978118,0.6,0.3,0.05,8,900,1.0,2.0,0.85,"{'colsample_bytree': 0.6, 'gamma': 0.3, 'learning_rate': 0.05, 'max_depth': 8, 'n_estimators': 900, 'reg_alpha': 1.0, 'reg_lambda': 2.0, 'subsample': 0.85}",0.9816639876499984,0.9901268607873446,0.995059946520522,0.9872967965574946,0.9885368978788398,0.0048438851125178345,1384
539,0.7192128300666809,0.013011540219310261,0.02299964427947998,0.0012248994889882143,0.6,0.3,0.05,8,900,1.0,2.0,1.0,"{'colsample_bytree': 0.6, 'gamma': 0.3, 'learning_rate': 0.05, 'max_depth': 8, 'n_estimators': 900, 'reg_alpha': 1.0, 'reg_lambda': 2.0, 'subsample': 1.0}",0.9823694556414012,0.9901268607873446,0.9936485026692425,0.9858851045518296,0.9880074809124545,0.0042604198117034125,1607
540,0.7623664140701294,0.04118134849330122,0.023010671138763428,0.001050021426327007,0.6,0.3,0.1,4,750,0.1,1.0,0.7,"{'colsample_bytree': 0.6, 'gamma': 0.3, 'learning_rate': 0.1, 'max_depth': 4, 'n_estimators': 750, 'reg_alpha': 0.1, 'reg_lambda': 1.0, 'subsample': 0.7}",0.9802519537156409,0.9915373597517307,0.9964714114603177,0.9908255235816565,0.9897715621273364,0.00591057952730067,747
541,0.728962779045105,0.04663065612696662,0.018752872943878174,0.0008303819006507265,0.6,0.3,0.1,4,750,0.1,1.0,0.85,"{'colsample_bytree': 0.6, 'gamma': 0.3, 'learning_rate': 0.1, 'max_depth': 4, 'n_estimators': 750, 'reg_alpha': 0.1, 'reg_lambda': 1.0, 'subsample': 0.85}",0.9788413789810437,0.9922425913464957,0.9964714114603177,0.988002225333439,0.988889401780324,0.006528410895404884,1264
542,0.4026153087615967,0.02457331736861553,0.01375269889831543,0.0017837107415679802,0.6,0.3,0.1,4,750,0.1,1.0,1.0,"{'colsample_bytree': 0.6, 'gamma': 0.3, 'learning_rate': 0.1, 'max_depth': 4, 'n_estimators': 750, 'reg_alpha': 0.1, 'reg_lambda': 1.0, 'subsample': 1.0}",0.9809574968105822,0.9894216733848407,0.9929427491104976,0.9880026077606279,0.9878311317666372,0.004357026395229559,1660
543,0.7516164779663086,0.033814124321825983,0.022249817848205566,0.0010898666056426475,0.6,0.3,0.1,4,750,0.1,1.5,0.7,"{'colsample_bytree': 0.6, 'gamma': 0.3, 'learning_rate': 0.1, 'max_depth': 4, 'n_estimators': 750, 'reg_alpha': 0.1, 'reg_lambda': 1.5, 'subsample': 0.7}",0.9802519537156409,0.9915373597517307,0.9957656832081598,0.9901197306558291,0.9894186818328401,0.005685367103564428,983
544,0.7341139316558838,0.015103764948834301,0.019751787185668945,0.0010898505479008866,0.6,0.3,0.1,4,750,0.1,1.5,0.85,"{'colsample_bytree': 0.6, 'gamma': 0.3, 'learning_rate': 0.1, 'max_depth': 4, 'n_estimators': 750, 'reg_alpha': 0.1, 'reg_lambda': 1.5, 'subsample': 0.85}",0.9809569664048577,0.9901268607873446,0.9964714114603177,0.9872963410115112,0.9887128949160078,0.005575727093573773,1361
545,0.3947531580924988,0.03994995787810407,0.014380216598510742,0.0013907855839557048,0.6,0.3,0.1,4,750,0.1,1.5,1.0,"{'colsample_bytree': 0.6, 'gamma': 0.3, 'learning_rate': 0.1, 'max_depth': 4, 'n_estimators': 750, 'reg_alpha': 0.1, 'reg_lambda': 1.5, 'subsample': 1.0}",0.979546371323736,0.9887164123283938,0.9943542442775466,0.9872965940966467,0.9874784055065807,0.005285831092689502,1768
546,0.7447442412376404,0.030853013067704962,0.02225363254547119,0.0014767807347847817,0.6,0.3,0.1,4,750,0.1,2.0,0.7,"{'colsample_bytree': 0.6, 'gamma': 0.3, 'learning_rate': 0.1, 'max_depth': 4, 'n_estimators': 750, 'reg_alpha': 0.1, 'reg_lambda': 2.0, 'subsample': 0.7}",0.9809569664048577,0.990832153409495,0.9936484394026853,0.9887080836414638,0.9885364107146255,0.004713828578429469,1457
547,0.6927168369293213,0.03679541616143178,0.02038019895553589,0.0017812343184661506,0.6,0.3,0.1,4,750,0.1,2.0,0.85,"{'colsample_bytree': 0.6, 'gamma': 0.3, 'learning_rate': 0.1, 'max_depth': 4, 'n_estimators': 750, 'reg_alpha': 0.1, 'reg_lambda': 2.0, 'subsample': 0.85}",0.9816619811904492,0.9915373597517307,0.9957656494662985,0.9872963410115112,0.9890653328549974,0.005218814704536361,1201
548,0.39499497413635254,0.032031169993700856,0.01413029432296753,0.001246294569623753,0.6,0.3,0.1,4,750,0.1,2.0,1.0,"{'colsample_bytree': 0.6, 'gamma': 0.3, 'learning_rate': 0.1, 'max_depth': 4, 'n_estimators': 750, 'reg_alpha': 0.1, 'reg_lambda': 2.0, 'subsample': 1.0}",0.9802519537156409,0.9908321169335286,0.9936485406285719,0.9865911498501135,0.9878309402819637,0.005045533984975294,1689
549,0.7538536787033081,0.06081301340429865,0.020016074180603027,0.0007934972651561559,0.6,0.3,0.1,4,750,0.5,1.0,0.7,"{'colsample_bytree': 0.6, 'gamma': 0.3, 'learning_rate': 0.1, 'max_depth': 4, 'n_estimators': 750, 'reg_alpha': 0.5, 'reg_lambda': 1.0, 'subsample': 0.7}",0.9795469410187734,0.9908321169335286,0.9943541992883981,0.9887080836414638,0.988360335220541,0.005473412044159781,1489
550,0.7402359247207642,0.06139719570209432,0.019255995750427246,0.002867048080908604,0.6,0.3,0.1,4,750,0.5,1.0,0.85,"{'colsample_bytree': 0.6, 'gamma': 0.3, 'learning_rate': 0.1, 'max_depth': 4, 'n_estimators': 750, 'reg_alpha': 0.5, 'reg_lambda': 1.0, 'subsample': 0.85}",0.9795469410187734,0.9901268607873446,0.9936484394026853,0.9872963410115112,0.9876546455550786,0.005193762312529846,1723
551,0.41375863552093506,0.024855264559024443,0.013758599758148193,0.00043742095305532416,0.6,0.3,0.1,4,750,0.5,1.0,1.0,"{'colsample_bytree': 0.6, 'gamma': 0.3, 'learning_rate': 0.1, 'max_depth': 4, 'n_estimators': 750, 'reg_alpha': 0.5, 'reg_lambda': 1.0, 'subsample': 1.0}",0.9802519537156409,0.9894216733848407,0.9943542442775466,0.9872969483988956,0.9878312049442309,0.0050697660509849,1650
552,0.8008806705474854,0.021269011343569545,0.02213919162750244,0.002597126371887923,0.6,0.3,0.1,4,750,0.5,1.5,0.7,"{'colsample_bytree': 0.6, 'gamma': 0.3, 'learning_rate': 0.1, 'max_depth': 4, 'n_estimators': 750, 'reg_alpha': 0.5, 'reg_lambda': 1.5, 'subsample': 0.7}",0.9802519537156409,0.9901268607873446,0.9936485026692425,0.9865907224314905,0.9876545099009295,0.004948988534757293,1745
553,0.670569658279419,0.0646633339705835,0.018146991729736328,0.0009723116706916488,0.6,0.3,0.1,4,750,0.5,1.5,0.85,"{'colsample_bytree': 0.6, 'gamma': 0.3, 'learning_rate': 0.1, 'max_depth': 4, 'n_estimators': 750, 'reg_alpha': 0.5, 'reg_lambda': 1.5, 'subsample': 0.85}",0.9795469410187734,0.9908321169335286,0.995059946520522,0.9865904285653806,0.9880073582595511,0.005729411234831778,1624
554,0.40162479877471924,0.013142083599673565,0.013881504535675049,0.0005514734700112143,0.6,0.3,0.1,4,750,0.5,1.5,1.0,"{'colsample_bytree': 0.6, 'gamma': 0.3, 'learning_rate': 0.1, 'max_depth': 4, 'n_estimators': 750, 'reg_alpha': 0.5, 'reg_lambda': 1.5, 'subsample': 1.0}",0.9802524644629909,0.9894216733848407,0.9936485406285719,0.988708398576796,0.9880077692632998,0.004859348218660834,1580
555,0.74336177110672,0.03211799744533758,0.021252751350402832,0.001475610371780938,0.6,0.3,0.1,4,750,0.5,2.0,0.7,"{'colsample_bytree': 0.6, 'gamma': 0.3, 'learning_rate': 0.1, 'max_depth': 4, 'n_estimators': 750, 'reg_alpha': 0.5, 'reg_lambda': 2.0, 'subsample': 0.7}",0.9802524644629909,0.9915373092462954,0.9922370588179632,0.9865907224314905,0.9876543887396849,0.004795774330598339,1752
556,0.6718447804450989,0.024339342021704832,0.01863187551498413,0.0009664998170092113,0.6,0.3,0.1,4,750,0.5,2.0,0.85,"{'colsample_bytree': 0.6, 'gamma': 0.3, 'learning_rate': 0.1, 'max_depth': 4, 'n_estimators': 750, 'reg_alpha': 0.5, 'reg_lambda': 2.0, 'subsample': 0.85}",0.9781363852269647,0.9901268607873446,0.9936485026692425,0.9872963410115112,0.9873020224237657,0.005750357832091902,1819
557,0.3942444324493408,0.017513929125173966,0.014130592346191406,0.0005382142455430248,0.6,0.3,0.1,4,750,0.5,2.0,1.0,"{'colsample_bytree': 0.6, 'gamma': 0.3, 'learning_rate': 0.1, 'max_depth': 4, 'n_estimators': 750, 'reg_alpha': 0.5, 'reg_lambda': 2.0, 'subsample': 1.0}",0.9802524644629909,0.9894216733848407,0.9936485406285719,0.9858853295083274,0.9873020019961827,0.004911071669656995,1821
558,0.7454802989959717,0.055289913538860515,0.023749351501464844,0.005761047130299856,0.6,0.3,0.1,4,750,1.0,1.0,0.7,"{'colsample_bytree': 0.6, 'gamma': 0.3, 'learning_rate': 0.1, 'max_depth': 4, 'n_estimators': 750, 'reg_alpha': 1.0, 'reg_lambda': 1.0, 'subsample': 0.7}",0.9788419262103473,0.9915373092462954,0.9929428053469331,0.9851788947301574,0.9871252338834332,0.005606067446238106,1862
559,0.709351122379303,0.0604899696838198,0.018500566482543945,0.0022907576317551847,0.6,0.3,0.1,4,750,1.0,1.0,0.85,"{'colsample_bytree': 0.6, 'gamma': 0.3, 'learning_rate': 0.1, 'max_depth': 4, 'n_estimators': 750, 'reg_alpha': 1.0, 'reg_lambda': 1.0, 'subsample': 0.85}",0.9788413789810437,0.9894216733848407,0.9929427491104976,0.9872963410115112,0.9871255356219732,0.0051905839538940015,1852
560,0.4108785390853882,0.031960227303541686,0.01363438367843628,0.000658947425932462,0.6,0.3,0.1,4,750,1.0,1.0,1.0,"{'colsample_bytree': 0.6, 'gamma': 0.3, 'learning_rate': 0.1, 'max_depth': 4, 'n_estimators': 750, 'reg_alpha': 1.0, 'reg_lambda': 1.0, 'subsample': 1.0}",0.9795478361897165,0.9901268607873446,0.9929428334648147,0.9844738624591601,0.986772848225259,0.005167307146605038,1889
561,0.8234988451004028,0.10043899345640583,0.02151632308959961,0.0019095561470267746,0.6,0.3,0.1,4,750,1.0,1.5,0.7,"{'colsample_bytree': 0.6, 'gamma': 0.3, 'learning_rate': 0.1, 'max_depth': 4, 'n_estimators': 750, 'reg_alpha': 1.0, 'reg_lambda': 1.5, 'subsample': 0.7}",0.9802524644629909,0.990832043980725,0.9929428053469331,0.9858848233461237,0.9874780342841932,0.004895413265160649,1807
562,0.7871214151382446,0.07808880388208853,0.018249928951263428,0.0008298692060515209,0.6,0.3,0.1,4,750,1.0,1.5,0.85,"{'colsample_bytree': 0.6, 'gamma': 0.3, 'learning_rate': 0.1, 'max_depth': 4, 'n_estimators': 750, 'reg_alpha': 1.0, 'reg_lambda': 1.5, 'subsample': 0.85}",0.9788413789810437,0.9901268607873446,0.992236981492171,0.9865904285653806,0.986948912456485,0.0050971472284841906,1875
563,0.4137563705444336,0.05944372817791563,0.013249814510345459,0.00043198408217751284,0.6,0.3,0.1,4,750,1.0,1.5,1.0,"{'colsample_bytree': 0.6, 'gamma': 0.3, 'learning_rate': 0.1, 'max_depth': 4, 'n_estimators': 750, 'reg_alpha': 1.0, 'reg_lambda': 1.5, 'subsample': 1.0}",0.9788423892284186,0.989421589208529,0.9929428334648147,0.9844736150070126,0.9864201067271938,0.005309554917491074,1911
564,0.8065007925033569,0.051791512985268344,0.021749675273895264,0.003112809515089633,0.6,0.3,0.1,4,750,1.0,2.0,0.7,"{'colsample_bytree': 0.6, 'gamma': 0.3, 'learning_rate': 0.1, 'max_depth': 4, 'n_estimators': 750, 'reg_alpha': 1.0, 'reg_lambda': 2.0, 'subsample': 0.7}",0.9816630027156343,0.9901267625807684,0.9929427491104976,0.9858848233461237,0.987654334438256,0.004275144909273239,1753
565,0.8348721265792847,0.22847408045575704,0.01749974489212036,0.001117286576558023,0.6,0.3,0.1,4,750,1.0,2.0,0.85,"{'colsample_bytree': 0.6, 'gamma': 0.3, 'learning_rate': 0.1, 'max_depth': 4, 'n_estimators': 750, 'reg_alpha': 1.0, 'reg_lambda': 2.0, 'subsample': 0.85}",0.9788413789810437,0.9894216733848407,0.9936485026692425,0.9865907224314905,0.9871255693666543,0.00540218992912696,1850
566,0.37986528873443604,0.010251534222035558,0.013501405715942383,0.0004974761482064273,0.6,0.3,0.1,4,750,1.0,2.0,1.0,"{'colsample_bytree': 0.6, 'gamma': 0.3, 'learning_rate': 0.1, 'max_depth': 4, 'n_estimators': 750, 'reg_alpha': 1.0, 'reg_lambda': 2.0, 'subsample': 1.0}",0.9781369071865506,0.9901268607873446,0.9929428334648147,0.9837677166275938,0.9862435795165758,0.005740381307072153,1921
567,0.8860210180282593,0.033933390020200835,0.02450239658355713,0.0004972394376781945,0.6,0.3,0.1,4,900,0.1,1.0,0.7,"{'colsample_bytree': 0.6, 'gamma': 0.3, 'learning_rate': 0.1, 'max_depth': 4, 'n_estimators': 900, 'reg_alpha': 0.1, 'reg_lambda': 1.0, 'subsample': 0.7}",0.979546371323736,0.990832153409495,0.9964714114603177,0.9894139180456464,0.9890659635597988,0.006097208251683681,1145
568,0.9155223369598389,0.08061127279698344,0.022761285305023193,0.002972558663305588,0.6,0.3,0.1,4,900,0.1,1.0,0.85,"{'colsample_bytree': 0.6, 'gamma': 0.3, 'learning_rate': 0.1, 'max_depth': 4, 'n_estimators': 900, 'reg_alpha': 0.1, 'reg_lambda': 1.0, 'subsample': 0.85}",0.9788413789810437,0.9922425913464957,0.9964714114603177,0.988002225333439,0.988889401780324,0.006528410895404884,1264
569,0.43888819217681885,0.006296386115992151,0.014630317687988281,0.0004124906357762129,0.6,0.3,0.1,4,900,0.1,1.0,1.0,"{'colsample_bytree': 0.6, 'gamma': 0.3, 'learning_rate': 0.1, 'max_depth': 4, 'n_estimators': 900, 'reg_alpha': 0.1, 'reg_lambda': 1.0, 'subsample': 1.0}",0.9809574968105822,0.9894216733848407,0.9929427491104976,0.9880026077606279,0.9878311317666372,0.004357026395229559,1660
570,1.023677945137024,0.1453752585570532,0.027255535125732422,0.0026796830203845642,0.6,0.3,0.1,4,900,0.1,1.5,0.7,"{'colsample_bytree': 0.6, 'gamma': 0.3, 'learning_rate': 0.1, 'max_depth': 4, 'n_estimators': 900, 'reg_alpha': 0.1, 'reg_lambda': 1.5, 'subsample': 0.7}",0.9802519537156409,0.9901269197103526,0.9964714114603177,0.9901197306558291,0.989242503885535,0.005801698355650746,1036
571,1.0059230327606201,0.14328638159288598,0.02763587236404419,0.006325521838643898,0.6,0.3,0.1,4,900,0.1,1.5,0.85,"{'colsample_bytree': 0.6, 'gamma': 0.3, 'learning_rate': 0.1, 'max_depth': 4, 'n_estimators': 900, 'reg_alpha': 0.1, 'reg_lambda': 1.5, 'subsample': 0.85}",0.9795469410187734,0.9908321169335286,0.9964713903718013,0.9872963410115112,0.9885366973339036,0.006135603213130875,1424
572,0.4558713436126709,0.013630445577444777,0.015379786491394043,0.0008196175644361983,0.6,0.3,0.1,4,900,0.1,1.5,1.0,"{'colsample_bytree': 0.6, 'gamma': 0.3, 'learning_rate': 0.1, 'max_depth': 4, 'n_estimators': 900, 'reg_alpha': 0.1, 'reg_lambda': 1.5, 'subsample': 1.0}",0.979546371323736,0.9887164123283938,0.9943542442775466,0.9872965940966467,0.9874784055065807,0.005285831092689502,1768
573,0.8703795075416565,0.040620514010222285,0.024004697799682617,0.000703022066995586,0.6,0.3,0.1,4,900,0.1,2.0,0.7,"{'colsample_bytree': 0.6, 'gamma': 0.3, 'learning_rate': 0.1, 'max_depth': 4, 'n_estimators': 900, 'reg_alpha': 0.1, 'reg_lambda': 2.0, 'subsample': 0.7}",0.9816619811904492,0.990832153409495,0.9943541992883981,0.9887080836414638,0.9888891043824516,0.0046342955234194684,1284
574,0.972541868686676,0.10214939201704737,0.02389073371887207,0.0024768529629281963,0.6,0.3,0.1,4,900,0.1,2.0,0.85,"{'colsample_bytree': 0.6, 'gamma': 0.3, 'learning_rate': 0.1, 'max_depth': 4, 'n_estimators': 900, 'reg_alpha': 0.1, 'reg_lambda': 2.0, 'subsample': 0.85}",0.9809569664048577,0.9915373597517307,0.9957656494662985,0.9872963410115112,0.9888890791585996,0.005471650501447127,1285
575,0.49501222372055054,0.0580245596972532,0.015004515647888184,0.0007109456236584485,0.6,0.3,0.1,4,900,0.1,2.0,1.0,"{'colsample_bytree': 0.6, 'gamma': 0.3, 'learning_rate': 0.1, 'max_depth': 4, 'n_estimators': 900, 'reg_alpha': 0.1, 'reg_lambda': 2.0, 'subsample': 1.0}",0.9802519537156409,0.9908321169335286,0.9936485406285719,0.9865911498501135,0.9878309402819637,0.005045533984975294,1689
576,0.8780248761177063,0.09700692941421842,0.02563077211380005,0.007167042828983693,0.6,0.3,0.1,4,900,0.5,1.0,0.7,"{'colsample_bytree': 0.6, 'gamma': 0.3, 'learning_rate': 0.1, 'max_depth': 4, 'n_estimators': 900, 'reg_alpha': 0.5, 'reg_lambda': 1.0, 'subsample': 0.7}",0.9788419262103473,0.9901268607873446,0.9943541992883981,0.988708263606662,0.9880078124731879,0.0056848723411286805,1579
577,0.8231356143951416,0.06449998597739609,0.018752455711364746,0.0014781932821184578,0.6,0.3,0.1,4,900,0.5,1.0,0.85,"{'colsample_bytree': 0.6, 'gamma': 0.3, 'learning_rate': 0.1, 'max_depth': 4, 'n_estimators': 900, 'reg_alpha': 0.5, 'reg_lambda': 1.0, 'subsample': 0.85}",0.9795469410187734,0.9901268607873446,0.995059946520522,0.9872963410115112,0.9880075223345378,0.0056195083737699885,1602
578,0.47515612840652466,0.04197939097448705,0.015501916408538818,0.0014995597510910235,0.6,0.3,0.1,4,900,0.5,1.0,1.0,"{'colsample_bytree': 0.6, 'gamma': 0.3, 'learning_rate': 0.1, 'max_depth': 4, 'n_estimators': 900, 'reg_alpha': 0.5, 'reg_lambda': 1.0, 'subsample': 1.0}",0.9802519537156409,0.9894216733848407,0.9943542442775466,0.9872969483988956,0.9878312049442309,0.0050697660509849,1650
579,1.3633190393447876,0.7766617282013604,0.02250230312347412,0.001113637506506951,0.6,0.3,0.1,4,900,0.5,1.5,0.7,"{'colsample_bytree': 0.6, 'gamma': 0.3, 'learning_rate': 0.1, 'max_depth': 4, 'n_estimators': 900, 'reg_alpha': 0.5, 'reg_lambda': 1.5, 'subsample': 0.7}",0.9795469410187734,0.989421589208529,0.995059946520522,0.9865907224314905,0.9876547997948286,0.005586308652165477,1701
580,0.7766200304031372,0.03234210610025838,0.019010424613952637,0.0009413164896907574,0.6,0.3,0.1,4,900,0.5,1.5,0.85,"{'colsample_bytree': 0.6, 'gamma': 0.3, 'learning_rate': 0.1, 'max_depth': 4, 'n_estimators': 900, 'reg_alpha': 0.5, 'reg_lambda': 1.5, 'subsample': 0.85}",0.9795469410187734,0.9908321169335286,0.995059946520522,0.9865904285653806,0.9880073582595511,0.005729411234831778,1624
581,0.5248200297355652,0.054253868205975664,0.016752123832702637,0.003113398399657299,0.6,0.3,0.1,4,900,0.5,1.5,1.0,"{'colsample_bytree': 0.6, 'gamma': 0.3, 'learning_rate': 0.1, 'max_depth': 4, 'n_estimators': 900, 'reg_alpha': 0.5, 'reg_lambda': 1.5, 'subsample': 1.0}",0.9802524644629909,0.9894216733848407,0.9936485406285719,0.988708398576796,0.9880077692632998,0.004859348218660834,1580
582,0.9140365123748779,0.06465138338435128,0.022502779960632324,0.001501010764608006,0.6,0.3,0.1,4,900,0.5,2.0,0.7,"{'colsample_bytree': 0.6, 'gamma': 0.3, 'learning_rate': 0.1, 'max_depth': 4, 'n_estimators': 900, 'reg_alpha': 0.5, 'reg_lambda': 2.0, 'subsample': 0.7}",0.9802524644629909,0.9908321169335286,0.9922370588179632,0.9865907224314905,0.9874780906614933,0.004660857391186211,1805
583,0.7989985942840576,0.04583379711893966,0.020129799842834473,0.003470244199480672,0.6,0.3,0.1,4,900,0.5,2.0,0.85,"{'colsample_bytree': 0.6, 'gamma': 0.3, 'learning_rate': 0.1, 'max_depth': 4, 'n_estimators': 900, 'reg_alpha': 0.5, 'reg_lambda': 2.0, 'subsample': 0.85}",0.9781363852269647,0.9901268607873446,0.9936485026692425,0.9872963410115112,0.9873020224237657,0.005750357832091902,1819
584,0.45202088356018066,0.013797130178264443,0.015502333641052246,0.0032828265421205156,0.6,0.3,0.1,4,900,0.5,2.0,1.0,"{'colsample_bytree': 0.6, 'gamma': 0.3, 'learning_rate': 0.1, 'max_depth': 4, 'n_estimators': 900, 'reg_alpha': 0.5, 'reg_lambda': 2.0, 'subsample': 1.0}",0.9802524644629909,0.9894216733848407,0.9936485406285719,0.9858853295083274,0.9873020019961827,0.004911071669656995,1821
585,0.8396193981170654,0.01700968191480495,0.020892560482025146,0.0011993887724541694,0.6,0.3,0.1,4,900,1.0,1.0,0.7,"{'colsample_bytree': 0.6, 'gamma': 0.3, 'learning_rate': 0.1, 'max_depth': 4, 'n_estimators': 900, 'reg_alpha': 1.0, 'reg_lambda': 1.0, 'subsample': 0.7}",0.9795474293035473,0.990832043980725,0.9929428053469331,0.9851788947301574,0.9871252933403407,0.005215264546662192,1861
586,0.7512127757072449,0.012681021435140521,0.01813054084777832,0.0009000760028848662,0.6,0.3,0.1,4,900,1.0,1.0,0.85,"{'colsample_bytree': 0.6, 'gamma': 0.3, 'learning_rate': 0.1, 'max_depth': 4, 'n_estimators': 900, 'reg_alpha': 1.0, 'reg_lambda': 1.0, 'subsample': 0.85}",0.9788413789810437,0.9894216733848407,0.9943541992883981,0.9872963410115112,0.9874783981664484,0.005605448350929078,1770
587,0.4354923963546753,0.019611388904650882,0.01363295316696167,0.0013846430843059703,0.6,0.3,0.1,4,900,1.0,1.0,1.0,"{'colsample_bytree': 0.6, 'gamma': 0.3, 'learning_rate': 0.1, 'max_depth': 4, 'n_estimators': 900, 'reg_alpha': 1.0, 'reg_lambda': 1.0, 'subsample': 1.0}",0.9795478361897165,0.9901268607873446,0.9929428334648147,0.9844738624591601,0.986772848225259,0.005167307146605038,1889
588,0.8157150149345398,0.015729374310415066,0.02151179313659668,0.0012791901666295014,0.6,0.3,0.1,4,900,1.0,1.5,0.7,"{'colsample_bytree': 0.6, 'gamma': 0.3, 'learning_rate': 0.1, 'max_depth': 4, 'n_estimators': 900, 'reg_alpha': 1.0, 'reg_lambda': 1.5, 'subsample': 0.7}",0.9802524644629909,0.9901267625807684,0.9936485026692425,0.9858848233461237,0.9874781382647814,0.004995938900021143,1802
589,0.7735909819602966,0.03675333354137398,0.020004451274871826,0.002913099963542429,0.6,0.3,0.1,4,900,1.0,1.5,0.85,"{'colsample_bytree': 0.6, 'gamma': 0.3, 'learning_rate': 0.1, 'max_depth': 4, 'n_estimators': 900, 'reg_alpha': 1.0, 'reg_lambda': 1.5, 'subsample': 0.85}",0.9788413789810437,0.9901268607873446,0.9929427491104976,0.9858844858844859,0.986948868690843,0.0053124979153764225,1876
590,0.4581063389778137,0.012366873710777446,0.016130924224853516,0.0015151132189713454,0.6,0.3,0.1,4,900,1.0,1.5,1.0,"{'colsample_bytree': 0.6, 'gamma': 0.3, 'learning_rate': 0.1, 'max_depth': 4, 'n_estimators': 900, 'reg_alpha': 1.0, 'reg_lambda': 1.5, 'subsample': 1.0}",0.9788423892284186,0.989421589208529,0.9929428334648147,0.9844736150070126,0.9864201067271938,0.005309554917491074,1911
591,0.8946362137794495,0.05419277919068105,0.021134138107299805,0.0005404499834141237,0.6,0.3,0.1,4,900,1.0,2.0,0.7,"{'colsample_bytree': 0.6, 'gamma': 0.3, 'learning_rate': 0.1, 'max_depth': 4, 'n_estimators': 900, 'reg_alpha': 1.0, 'reg_lambda': 2.0, 'subsample': 0.7}",0.9816634039979629,0.9901267625807684,0.9929427491104976,0.9858848233461237,0.9876544347588382,0.004275004317858059,1751
592,0.7734894752502441,0.007784870746230078,0.018750369548797607,0.0004328806726491007,0.6,0.3,0.1,4,900,1.0,2.0,0.85,"{'colsample_bytree': 0.6, 'gamma': 0.3, 'learning_rate': 0.1, 'max_depth': 4, 'n_estimators': 900, 'reg_alpha': 1.0, 'reg_lambda': 2.0, 'subsample': 0.85}",0.9788413789810437,0.9894216733848407,0.9936485026692425,0.9865907224314905,0.9871255693666543,0.00540218992912696,1850
593,0.4714101552963257,0.03584781594175706,0.015249192714691162,0.0008297254701076329,0.6,0.3,0.1,4,900,1.0,2.0,1.0,"{'colsample_bytree': 0.6, 'gamma': 0.3, 'learning_rate': 0.1, 'max_depth': 4, 'n_estimators': 900, 'reg_alpha': 1.0, 'reg_lambda': 2.0, 'subsample': 1.0}",0.9781369071865506,0.9901268607873446,0.9929428334648147,0.9837677166275938,0.9862435795165758,0.005740381307072153,1921
594,0.8530272245407104,0.04582283570123347,0.025753676891326904,0.00311162424253669,0.6,0.3,0.1,8,750,0.1,1.0,0.7,"{'colsample_bytree': 0.6, 'gamma': 0.3, 'learning_rate': 0.1, 'max_depth': 8, 'n_estimators': 750, 'reg_alpha': 0.1, 'reg_lambda': 1.0, 'subsample': 0.7}",0.9830735409682778,0.9922425913464957,0.9971771221387733,0.9908255235816565,0.9908296945088009,0.005060732410741233,181
595,0.7447466254234314,0.046635103707445315,0.020249545574188232,0.0008285033852925618,0.6,0.3,0.1,8,750,0.1,1.0,0.85,"{'colsample_bytree': 0.6, 'gamma': 0.3, 'learning_rate': 0.1, 'max_depth': 8, 'n_estimators': 750, 'reg_alpha': 0.1, 'reg_lambda': 1.0, 'subsample': 0.85}",0.9837795765103758,0.9922425913464957,0.9971771221387733,0.9894140656711423,0.9906533389166967,0.00484432344631237,257
596,0.449895441532135,0.011759159394254004,0.016884684562683105,0.00020520780730895393,0.6,0.3,0.1,8,750,0.1,1.0,1.0,"{'colsample_bytree': 0.6, 'gamma': 0.3, 'learning_rate': 0.1, 'max_depth': 8, 'n_estimators': 750, 'reg_alpha': 0.1, 'reg_lambda': 1.0, 'subsample': 1.0}",0.9844846965672964,0.9915373597517307,0.9957657000788889,0.9880026077606279,0.9899475910396359,0.004183417661497918,715
597,0.8290233016014099,0.03290642551615638,0.02324974536895752,0.000828882318249842,0.6,0.3,0.1,8,750,0.1,1.5,0.7,"{'colsample_bytree': 0.6, 'gamma': 0.3, 'learning_rate': 0.1, 'max_depth': 8, 'n_estimators': 750, 'reg_alpha': 0.1, 'reg_lambda': 1.5, 'subsample': 0.7}",0.9809569664048577,0.9915373597517307,0.9964714114603177,0.9901197306558291,0.9897713670681838,0.00560857248454868,794
598,0.7906261682510376,0.040433836588496606,0.02088463306427002,0.0011448057612566847,0.6,0.3,0.1,8,750,0.1,1.5,0.85,"{'colsample_bytree': 0.6, 'gamma': 0.3, 'learning_rate': 0.1, 'max_depth': 8, 'n_estimators': 750, 'reg_alpha': 0.1, 'reg_lambda': 1.5, 'subsample': 0.85}",0.984484418767507,0.9922425913464957,0.9971771221387733,0.9887080836414638,0.99065305397356,0.0046616806084930264,314
599,0.5447889566421509,0.03233538947562578,0.017499089241027832,0.0011189659894519472,0.6,0.3,0.1,8,750,0.1,1.5,1.0,"{'colsample_bytree': 0.6, 'gamma': 0.3, 'learning_rate': 0.1, 'max_depth': 8, 'n_estimators': 750, 'reg_alpha': 0.1, 'reg_lambda': 1.5, 'subsample': 1.0}",0.9844846965672964,0.9915373597517307,0.9950599760444447,0.9880026077606279,0.9897711600310249,0.003942255362216217,825
600,0.8277796506881714,0.03753661009373088,0.023879528045654297,0.001883058109746485,0.6,0.3,0.1,8,750,0.1,2.0,0.7,"{'colsample_bytree': 0.6, 'gamma': 0.3, 'learning_rate': 0.1, 'max_depth': 8, 'n_estimators': 750, 'reg_alpha': 0.1, 'reg_lambda': 2.0, 'subsample': 0.7}",0.9830739113827349,0.9922425913464957,0.9957657000788889,0.9887080836414638,0.9899475716123959,0.004687783853150439,717
601,0.7970134019851685,0.07434484766133787,0.021638870239257812,0.002078834606129521,0.6,0.3,0.1,8,750,0.1,2.0,0.85,"{'colsample_bytree': 0.6, 'gamma': 0.3, 'learning_rate': 0.1, 'max_depth': 8, 'n_estimators': 750, 'reg_alpha': 0.1, 'reg_lambda': 2.0, 'subsample': 0.85}",0.9816634039979629,0.9922425913464957,0.9971771221387733,0.9894139180456464,0.9901242588822197,0.0056196277016677225,550
602,0.49166756868362427,0.008398083807668896,0.018250882625579834,0.00043404815659977636,0.6,0.3,0.1,8,750,0.1,2.0,1.0,"{'colsample_bytree': 0.6, 'gamma': 0.3, 'learning_rate': 0.1, 'max_depth': 8, 'n_estimators': 750, 'reg_alpha': 0.1, 'reg_lambda': 2.0, 'subsample': 1.0}",0.9858953751153834,0.9915373597517307,0.9950599760444447,0.9880026077606279,0.9901238296680467,0.003490810028888709,627
603,0.7842475771903992,0.016263121708268134,0.02263587713241577,0.001470184630217008,0.6,0.3,0.1,8,750,0.5,1.0,0.7,"{'colsample_bytree': 0.6, 'gamma': 0.3, 'learning_rate': 0.1, 'max_depth': 8, 'n_estimators': 750, 'reg_alpha': 0.5, 'reg_lambda': 1.0, 'subsample': 0.7}",0.9837793183573613,0.9915373597517307,0.9957657000788889,0.9887080836414638,0.9899476154573612,0.004357801160597686,712
604,0.7222181558609009,0.03431012928830669,0.018753111362457275,0.0008277150271138022,0.6,0.3,0.1,8,750,0.5,1.0,0.85,"{'colsample_bytree': 0.6, 'gamma': 0.3, 'learning_rate': 0.1, 'max_depth': 8, 'n_estimators': 750, 'reg_alpha': 0.5, 'reg_lambda': 1.0, 'subsample': 0.85}",0.9837797701197444,0.9908321169335286,0.9964714114603177,0.9880024404517326,0.9897714347413309,0.004610968457981833,775
605,0.460252583026886,0.010558553786373728,0.016386091709136963,0.0004141969052015319,0.6,0.3,0.1,8,750,0.5,1.0,1.0,"{'colsample_bytree': 0.6, 'gamma': 0.3, 'learning_rate': 0.1, 'max_depth': 8, 'n_estimators': 750, 'reg_alpha': 0.5, 'reg_lambda': 1.0, 'subsample': 1.0}",0.9858955154104921,0.9901268607873446,0.9971771221387733,0.9880027272641247,0.9903005564001838,0.0042426916981572,457
606,0.794877827167511,0.027528544742301847,0.021750032901763916,0.0014796280873847533,0.6,0.3,0.1,8,750,0.5,1.5,0.7,"{'colsample_bytree': 0.6, 'gamma': 0.3, 'learning_rate': 0.1, 'max_depth': 8, 'n_estimators': 750, 'reg_alpha': 0.5, 'reg_lambda': 1.5, 'subsample': 0.7}",0.980957951420544,0.9915373597517307,0.9950599760444447,0.9872965940966467,0.9887129703283416,0.00525376286734582,1352
607,0.7653666734695435,0.054345607796399686,0.01874983310699463,0.000829958985569672,0.6,0.3,0.1,8,750,0.5,1.5,0.85,"{'colsample_bytree': 0.6, 'gamma': 0.3, 'learning_rate': 0.1, 'max_depth': 8, 'n_estimators': 750, 'reg_alpha': 0.5, 'reg_lambda': 1.5, 'subsample': 0.85}",0.9823693153475482,0.9908321169335286,0.9957656832081598,0.9865909628578188,0.9888895195867639,0.004971210540631197,1246
608,0.46228086948394775,0.014760641032074914,0.016250967979431152,0.0008289530538458389,0.6,0.3,0.1,8,750,0.5,1.5,1.0,"{'colsample_bytree': 0.6, 'gamma': 0.3, 'learning_rate': 0.1, 'max_depth': 8, 'n_estimators': 750, 'reg_alpha': 0.5, 'reg_lambda': 1.5, 'subsample': 1.0}",0.9830744501384601,0.9901268607873446,0.9943542442775466,0.9858853295083274,0.9883602211779197,0.004275330182753643,1507
609,0.7899999618530273,0.04044561955521936,0.02163255214691162,0.000950445797466023,0.6,0.3,0.1,8,750,0.5,2.0,0.7,"{'colsample_bytree': 0.6, 'gamma': 0.3, 'learning_rate': 0.1, 'max_depth': 8, 'n_estimators': 750, 'reg_alpha': 0.5, 'reg_lambda': 2.0, 'subsample': 0.7}",0.9823684735375408,0.9908321169335286,0.9950599760444447,0.9872965940966467,0.9888892901530402,0.00466126780850411,1277
610,0.7366152405738831,0.028269306477665533,0.01975429058074951,0.001475467949183723,0.6,0.3,0.1,8,750,0.5,2.0,0.85,"{'colsample_bytree': 0.6, 'gamma': 0.3, 'learning_rate': 0.1, 'max_depth': 8, 'n_estimators': 750, 'reg_alpha': 0.5, 'reg_lambda': 2.0, 'subsample': 0.85}",0.9823693153475482,0.9908321169335286,0.9957656832081598,0.9865909628578188,0.9888895195867639,0.004971210540631197,1246
611,0.47990620136260986,0.013773181743154408,0.01750129461288452,0.0008665506419460525,0.6,0.3,0.1,8,750,0.5,2.0,1.0,"{'colsample_bytree': 0.6, 'gamma': 0.3, 'learning_rate': 0.1, 'max_depth': 8, 'n_estimators': 750, 'reg_alpha': 0.5, 'reg_lambda': 2.0, 'subsample': 1.0}",0.9858953751153834,0.9901268607873446,0.9964713903718013,0.9865909628578188,0.989771147283087,0.004187928259284052,827
612,0.7744835615158081,0.03814773677660396,0.020271480083465576,0.0014418103060294776,0.6,0.3,0.1,8,750,1.0,1.0,0.7,"{'colsample_bytree': 0.6, 'gamma': 0.3, 'learning_rate': 0.1, 'max_depth': 8, 'n_estimators': 750, 'reg_alpha': 1.0, 'reg_lambda': 1.0, 'subsample': 0.7}",0.9823688243014796,0.9915373597517307,0.9943542442775466,0.9880024404517326,0.9890657171956224,0.0044737139909455555,1191
613,0.760114848613739,0.058705266906521995,0.019002079963684082,0.0012234936528569774,0.6,0.3,0.1,8,750,1.0,1.0,0.85,"{'colsample_bytree': 0.6, 'gamma': 0.3, 'learning_rate': 0.1, 'max_depth': 8, 'n_estimators': 750, 'reg_alpha': 1.0, 'reg_lambda': 1.0, 'subsample': 0.85}",0.9823693153475482,0.9908321169335286,0.9936485026692425,0.9858851045518296,0.9881837598755372,0.0043580038542386885,1566
614,0.4308745265007019,0.004321547902226413,0.01489114761352539,0.00074053058221628,0.6,0.3,0.1,8,750,1.0,1.0,1.0,"{'colsample_bytree': 0.6, 'gamma': 0.3, 'learning_rate': 0.1, 'max_depth': 8, 'n_estimators': 750, 'reg_alpha': 1.0, 'reg_lambda': 1.0, 'subsample': 1.0}",0.9851904016614919,0.9901268607873446,0.9957656832081598,0.9872967965574946,0.9895949355536227,0.003969963246766262,892
615,0.8467811942100525,0.051558757743148415,0.02101767063140869,0.001978732216721874,0.6,0.3,0.1,8,750,1.0,1.5,0.7,"{'colsample_bytree': 0.6, 'gamma': 0.3, 'learning_rate': 0.1, 'max_depth': 8, 'n_estimators': 750, 'reg_alpha': 1.0, 'reg_lambda': 1.5, 'subsample': 0.7}",0.9823688243014796,0.9915373597517307,0.9936485406285719,0.9872965940966467,0.9887128296946073,0.004318313911824116,1365
616,0.7168505787849426,0.038046749752895175,0.01814413070678711,0.0009654557751372359,0.6,0.3,0.1,8,750,1.0,1.5,0.85,"{'colsample_bytree': 0.6, 'gamma': 0.3, 'learning_rate': 0.1, 'max_depth': 8, 'n_estimators': 750, 'reg_alpha': 1.0, 'reg_lambda': 1.5, 'subsample': 0.85}",0.980958633294789,0.9894216733848407,0.9943542442775466,0.9865909628578188,0.9878313784537488,0.004843812377501756,1641
617,0.46891534328460693,0.035197625696905745,0.015499591827392578,0.0008658250550069024,0.6,0.3,0.1,8,750,1.0,1.5,1.0,"{'colsample_bytree': 0.6, 'gamma': 0.3, 'learning_rate': 0.1, 'max_depth': 8, 'n_estimators': 750, 'reg_alpha': 1.0, 'reg_lambda': 1.5, 'subsample': 1.0}",0.9816642794620832,0.9901268607873446,0.9943542442775466,0.9865909628578188,0.9881840868461983,0.0046607710113867225,1531
618,0.7902669310569763,0.024692730059925668,0.021009504795074463,0.0006218413702701684,0.6,0.3,0.1,8,750,1.0,2.0,0.7,"{'colsample_bytree': 0.6, 'gamma': 0.3, 'learning_rate': 0.1, 'max_depth': 8, 'n_estimators': 750, 'reg_alpha': 1.0, 'reg_lambda': 2.0, 'subsample': 0.7}",0.9823688243014796,0.9908321169335286,0.9936485026692425,0.9865907224314905,0.9883600415839353,0.004275048303051062,1518
619,1.5752766728401184,1.3079952586400097,0.031505465507507324,0.009126956501589737,0.6,0.3,0.1,8,750,1.0,2.0,0.85,"{'colsample_bytree': 0.6, 'gamma': 0.3, 'learning_rate': 0.1, 'max_depth': 8, 'n_estimators': 750, 'reg_alpha': 1.0, 'reg_lambda': 2.0, 'subsample': 0.85}",0.9837797701197444,0.9901269197103526,0.995059946520522,0.9872967965574946,0.9890658582270284,0.0041269617338356305,1164
620,0.48054641485214233,0.05937311480221854,0.017509043216705322,0.003770629357583164,0.6,0.3,0.1,8,750,1.0,2.0,1.0,"{'colsample_bytree': 0.6, 'gamma': 0.3, 'learning_rate': 0.1, 'max_depth': 8, 'n_estimators': 750, 'reg_alpha': 1.0, 'reg_lambda': 2.0, 'subsample': 1.0}",0.9809588605753522,0.9901268607873446,0.9943542442775466,0.9865909628578188,0.9880077321245155,0.004910772547926022,1583
621,0.97784423828125,0.09703316553271313,0.026250183582305908,0.003963426272904913,0.6,0.3,0.1,8,900,0.1,1.0,0.7,"{'colsample_bytree': 0.6, 'gamma': 0.3, 'learning_rate': 0.1, 'max_depth': 8, 'n_estimators': 900, 'reg_alpha': 0.1, 'reg_lambda': 1.0, 'subsample': 0.7}",0.9830735409682778,0.9922425913464957,0.9964714114603177,0.9908255235816565,0.990653266839187,0.0048440343693397885,268
622,0.9868353605270386,0.11520297903658257,0.02175360918045044,0.0026853581717011456,0.6,0.3,0.1,8,900,0.1,1.0,0.85,"{'colsample_bytree': 0.6, 'gamma': 0.3, 'learning_rate': 0.1, 'max_depth': 8, 'n_estimators': 900, 'reg_alpha': 0.1, 'reg_lambda': 1.0, 'subsample': 0.85}",0.9837795765103758,0.9922425913464957,0.9971771221387733,0.9894140656711423,0.9906533389166967,0.00484432344631237,257
623,0.6004596948623657,0.05917023907302745,0.0180014967918396,0.0007062126615624134,0.6,0.3,0.1,8,900,0.1,1.0,1.0,"{'colsample_bytree': 0.6, 'gamma': 0.3, 'learning_rate': 0.1, 'max_depth': 8, 'n_estimators': 900, 'reg_alpha': 0.1, 'reg_lambda': 1.0, 'subsample': 1.0}",0.9844846965672964,0.9915373597517307,0.9957657000788889,0.9880026077606279,0.9899475910396359,0.004183417661497918,715
624,0.9863218665122986,0.08215338463157255,0.02513355016708374,0.0007447657655523827,0.6,0.3,0.1,8,900,0.1,1.5,0.7,"{'colsample_bytree': 0.6, 'gamma': 0.3, 'learning_rate': 0.1, 'max_depth': 8, 'n_estimators': 900, 'reg_alpha': 0.1, 'reg_lambda': 1.5, 'subsample': 0.7}",0.9816625284502379,0.9915373597517307,0.9964714114603177,0.9901197306558291,0.9899477575795288,0.005332904731148478,682
625,0.8890388607978821,0.0656588956902901,0.022500038146972656,0.0008666509119317545,0.6,0.3,0.1,8,900,0.1,1.5,0.85,"{'colsample_bytree': 0.6, 'gamma': 0.3, 'learning_rate': 0.1, 'max_depth': 8, 'n_estimators': 900, 'reg_alpha': 0.1, 'reg_lambda': 1.5, 'subsample': 0.85}",0.9837793183573613,0.9922425913464957,0.9971771221387733,0.9887080836414638,0.9904767788710235,0.004898901758336881,401
626,0.5519307255744934,0.0319935157770987,0.018134474754333496,0.0007464423194995554,0.6,0.3,0.1,8,900,0.1,1.5,1.0,"{'colsample_bytree': 0.6, 'gamma': 0.3, 'learning_rate': 0.1, 'max_depth': 8, 'n_estimators': 900, 'reg_alpha': 0.1, 'reg_lambda': 1.5, 'subsample': 1.0}",0.9844846965672964,0.9915373597517307,0.9950599760444447,0.9880026077606279,0.9897711600310249,0.003942255362216217,825
627,0.9480633735656738,0.01439587096195323,0.02475053071975708,0.001089741747697369,0.6,0.3,0.1,8,900,0.1,2.0,0.7,"{'colsample_bytree': 0.6, 'gamma': 0.3, 'learning_rate': 0.1, 'max_depth': 8, 'n_estimators': 900, 'reg_alpha': 0.1, 'reg_lambda': 2.0, 'subsample': 0.7}",0.9830739113827349,0.9922425913464957,0.9964714114603177,0.9894139180456464,0.9903004580587986,0.004869842852884177,482
628,0.8922935128211975,0.02358755735229107,0.02525264024734497,0.003773625874121655,0.6,0.3,0.1,8,900,0.1,2.0,0.85,"{'colsample_bytree': 0.6, 'gamma': 0.3, 'learning_rate': 0.1, 'max_depth': 8, 'n_estimators': 900, 'reg_alpha': 0.1, 'reg_lambda': 2.0, 'subsample': 0.85}",0.9809583302455981,0.9922425913464957,0.9971771221387733,0.9894139180456464,0.9899479904441284,0.005886950869752625,642
629,0.5549244284629822,0.0082093891990052,0.018252193927764893,0.0008282622555045481,0.6,0.3,0.1,8,900,0.1,2.0,1.0,"{'colsample_bytree': 0.6, 'gamma': 0.3, 'learning_rate': 0.1, 'max_depth': 8, 'n_estimators': 900, 'reg_alpha': 0.1, 'reg_lambda': 2.0, 'subsample': 1.0}",0.9858953751153834,0.9915373597517307,0.9950599760444447,0.9880026077606279,0.9901238296680467,0.003490810028888709,627
630,0.8974032402038574,0.08031734878963182,0.0229986310005188,0.0015807228244173008,0.6,0.3,0.1,8,900,0.5,1.0,0.7,"{'colsample_bytree': 0.6, 'gamma': 0.3, 'learning_rate': 0.1, 'max_depth': 8, 'n_estimators': 900, 'reg_alpha': 0.5, 'reg_lambda': 1.0, 'subsample': 0.7}",0.9837793183573613,0.9915373597517307,0.9957656832081598,0.9894139180456464,0.9901240698407245,0.004318141287575855,601
631,0.8582807779312134,0.061670360409400465,0.020249009132385254,0.0008297439008859258,0.6,0.3,0.1,8,900,0.5,1.0,0.85,"{'colsample_bytree': 0.6, 'gamma': 0.3, 'learning_rate': 0.1, 'max_depth': 8, 'n_estimators': 900, 'reg_alpha': 0.5, 'reg_lambda': 1.0, 'subsample': 0.85}",0.9837797701197444,0.9908321169335286,0.9964714114603177,0.9880024404517326,0.9897714347413309,0.004610968457981833,775
632,0.5629303455352783,0.03823683249449933,0.017140984535217285,0.0006588787157963793,0.6,0.3,0.1,8,900,0.5,1.0,1.0,"{'colsample_bytree': 0.6, 'gamma': 0.3, 'learning_rate': 0.1, 'max_depth': 8, 'n_estimators': 900, 'reg_alpha': 0.5, 'reg_lambda': 1.0, 'subsample': 1.0}",0.9858955154104921,0.9901268607873446,0.9971771221387733,0.9880027272641247,0.9903005564001838,0.0042426916981572,457
633,0.9859266877174377,0.02999537887024301,0.023505806922912598,0.002175054061256526,0.6,0.3,0.1,8,900,0.5,1.5,0.7,"{'colsample_bytree': 0.6, 'gamma': 0.3, 'learning_rate': 0.1, 'max_depth': 8, 'n_estimators': 900, 'reg_alpha': 0.5, 'reg_lambda': 1.5, 'subsample': 0.7}",0.980957951420544,0.9922425913464957,0.9950599760444447,0.988002225333439,0.9890656860362308,0.005312498219240919,1194
634,0.8438770174980164,0.028331979105855686,0.02063143253326416,0.0008170764107981747,0.6,0.3,0.1,8,900,0.5,1.5,0.85,"{'colsample_bytree': 0.6, 'gamma': 0.3, 'learning_rate': 0.1, 'max_depth': 8, 'n_estimators': 900, 'reg_alpha': 0.5, 'reg_lambda': 1.5, 'subsample': 0.85}",0.9823693153475482,0.9908321169335286,0.9950599760444447,0.9865909628578188,0.9887130927958351,0.004730754116809163,1331
635,0.5081511735916138,0.006342919765388891,0.017134547233581543,0.0002220180448740143,0.6,0.3,0.1,8,900,0.5,1.5,1.0,"{'colsample_bytree': 0.6, 'gamma': 0.3, 'learning_rate': 0.1, 'max_depth': 8, 'n_estimators': 900, 'reg_alpha': 0.5, 'reg_lambda': 1.5, 'subsample': 1.0}",0.9830744501384601,0.9901268607873446,0.9943542442775466,0.9858853295083274,0.9883602211779197,0.004275330182753643,1507
636,0.9150332808494568,0.01448375620795707,0.02451235055923462,0.0003539364710690606,0.6,0.3,0.1,8,900,0.5,2.0,0.7,"{'colsample_bytree': 0.6, 'gamma': 0.3, 'learning_rate': 0.1, 'max_depth': 8, 'n_estimators': 900, 'reg_alpha': 0.5, 'reg_lambda': 2.0, 'subsample': 0.7}",0.9816630027156343,0.9915373597517307,0.9950599760444447,0.9872965940966467,0.9888892331521141,0.0049961372032039115,1280
637,0.822012186050415,0.04131110213770838,0.020511746406555176,0.0016293623248618465,0.6,0.3,0.1,8,900,0.5,2.0,0.85,"{'colsample_bytree': 0.6, 'gamma': 0.3, 'learning_rate': 0.1, 'max_depth': 8, 'n_estimators': 900, 'reg_alpha': 0.5, 'reg_lambda': 2.0, 'subsample': 0.85}",0.9823693153475482,0.9908321169335286,0.9957656832081598,0.9872967965574946,0.9890659780116828,0.00489848421111106,1143
638,0.5346706509590149,0.008338544879385736,0.018770992755889893,0.0007536048552897603,0.6,0.3,0.1,8,900,0.5,2.0,1.0,"{'colsample_bytree': 0.6, 'gamma': 0.3, 'learning_rate': 0.1, 'max_depth': 8, 'n_estimators': 900, 'reg_alpha': 0.5, 'reg_lambda': 2.0, 'subsample': 1.0}",0.9858953751153834,0.9901268607873446,0.9964713903718013,0.9865909628578188,0.989771147283087,0.004187928259284052,827
639,0.8877831697463989,0.01625032933325821,0.023150980472564697,0.0009651456830533616,0.6,0.3,0.1,8,900,1.0,1.0,0.7,"{'colsample_bytree': 0.6, 'gamma': 0.3, 'learning_rate': 0.1, 'max_depth': 8, 'n_estimators': 900, 'reg_alpha': 1.0, 'reg_lambda': 1.0, 'subsample': 0.7}",0.9823688243014796,0.9915373597517307,0.9936485406285719,0.9872965940966467,0.9887128296946073,0.004318313911824116,1365
640,0.8080312013626099,0.025288754494958904,0.018999218940734863,0.0012240723021063487,0.6,0.3,0.1,8,900,1.0,1.0,0.85,"{'colsample_bytree': 0.6, 'gamma': 0.3, 'learning_rate': 0.1, 'max_depth': 8, 'n_estimators': 900, 'reg_alpha': 1.0, 'reg_lambda': 1.0, 'subsample': 0.85}",0.9823693153475482,0.9908321169335286,0.9936485026692425,0.9858851045518296,0.9881837598755372,0.0043580038542386885,1566
641,0.5094201564788818,0.012517859041721957,0.017501354217529297,0.0008654189330201971,0.6,0.3,0.1,8,900,1.0,1.0,1.0,"{'colsample_bytree': 0.6, 'gamma': 0.3, 'learning_rate': 0.1, 'max_depth': 8, 'n_estimators': 900, 'reg_alpha': 1.0, 'reg_lambda': 1.0, 'subsample': 1.0}",0.9851904016614919,0.9901268607873446,0.9957656832081598,0.9872967965574946,0.9895949355536227,0.003969963246766262,892
642,0.9609435796737671,0.05482705154638295,0.023003995418548584,4.805110425216517e-06,0.6,0.3,0.1,8,900,1.0,1.5,0.7,"{'colsample_bytree': 0.6, 'gamma': 0.3, 'learning_rate': 0.1, 'max_depth': 8, 'n_estimators': 900, 'reg_alpha': 1.0, 'reg_lambda': 1.5, 'subsample': 0.7}",0.9816637323068047,0.9915373597517307,0.9936485406285719,0.9872965940966467,0.9885365566959385,0.004580131576676283,1447
643,0.8568970561027527,0.06648123035888923,0.020018160343170166,0.0009274010685323901,0.6,0.3,0.1,8,900,1.0,1.5,0.85,"{'colsample_bytree': 0.6, 'gamma': 0.3, 'learning_rate': 0.1, 'max_depth': 8, 'n_estimators': 900, 'reg_alpha': 1.0, 'reg_lambda': 1.5, 'subsample': 0.85}",0.980958633294789,0.9894216733848407,0.9943542442775466,0.9858851045518296,0.9876549138772515,0.004898338127808975,1696
644,0.5191818475723267,0.0163982358020893,0.020249366760253906,0.006219855508835959,0.6,0.3,0.1,8,900,1.0,1.5,1.0,"{'colsample_bytree': 0.6, 'gamma': 0.3, 'learning_rate': 0.1, 'max_depth': 8, 'n_estimators': 900, 'reg_alpha': 1.0, 'reg_lambda': 1.5, 'subsample': 1.0}",0.9816642794620832,0.9901268607873446,0.9943542442775466,0.9865909628578188,0.9881840868461983,0.0046607710113867225,1531
645,0.9176762104034424,0.07740821813798573,0.022132694721221924,0.0009003403800758742,0.6,0.3,0.1,8,900,1.0,2.0,0.7,"{'colsample_bytree': 0.6, 'gamma': 0.3, 'learning_rate': 0.1, 'max_depth': 8, 'n_estimators': 900, 'reg_alpha': 1.0, 'reg_lambda': 2.0, 'subsample': 0.7}",0.9830742144370506,0.9908321169335286,0.9936485026692425,0.9865907224314905,0.988536389117828,0.004031905327013123,1459
646,0.8641602993011475,0.0929533487922122,0.021884560585021973,0.004901043576521805,0.6,0.3,0.1,8,900,1.0,2.0,0.85,"{'colsample_bytree': 0.6, 'gamma': 0.3, 'learning_rate': 0.1, 'max_depth': 8, 'n_estimators': 900, 'reg_alpha': 1.0, 'reg_lambda': 2.0, 'subsample': 0.85}",0.9844851595448396,0.9901269197103526,0.995059946520522,0.9872967965574946,0.9892422055833021,0.003906498815722073,1082
647,0.5402945876121521,0.05774137895727365,0.018882036209106445,0.0030027984141459147,0.6,0.3,0.1,8,900,1.0,2.0,1.0,"{'colsample_bytree': 0.6, 'gamma': 0.3, 'learning_rate': 0.1, 'max_depth': 8, 'n_estimators': 900, 'reg_alpha': 1.0, 'reg_lambda': 2.0, 'subsample': 1.0}",0.9809588605753522,0.9901268607873446,0.9943542442775466,0.9865909628578188,0.9880077321245155,0.004910772547926022,1583
648,1.2013807892799377,0.11613784888431145,0.039631545543670654,0.0031059501303989713,0.8,0.1,0.05,4,750,0.1,1.0,0.7,"{'colsample_bytree': 0.8, 'gamma': 0.1, 'learning_rate': 0.05, 'max_depth': 4, 'n_estimators': 750, 'reg_alpha': 0.1, 'reg_lambda': 1.0, 'subsample': 0.7}",0.983073103184835,0.9922425913464957,0.9971771221387733,0.9901197306558291,0.9906531368314833,0.005070260895101348,296
649,1.1818625330924988,0.16140551205545198,0.034010231494903564,0.0018453110349526609,0.8,0.1,0.05,4,750,0.1,1.0,0.85,"{'colsample_bytree': 0.8, 'gamma': 0.1, 'learning_rate': 0.05, 'max_depth': 4, 'n_estimators': 750, 'reg_alpha': 0.1, 'reg_lambda': 1.0, 'subsample': 0.85}",0.9830739113827349,0.9922425913464957,0.9971771221387733,0.9908255235816565,0.990829787112415,0.005060590485620387,166
650,0.575806736946106,0.013926401761002755,0.02025282382965088,0.0010893843660375927,0.8,0.1,0.05,4,750,0.1,1.0,1.0,"{'colsample_bytree': 0.8, 'gamma': 0.1, 'learning_rate': 0.05, 'max_depth': 4, 'n_estimators': 750, 'reg_alpha': 0.1, 'reg_lambda': 1.0, 'subsample': 1.0}",0.985189812413243,0.9887163000923067,0.994354131803331,0.9887080836414638,0.9892420819875861,0.0032831213371146196,1100
651,1.0855987668037415,0.1226589107056373,0.03388267755508423,0.000897373474971124,0.8,0.1,0.05,4,750,0.1,1.5,0.7,"{'colsample_bytree': 0.8, 'gamma': 0.1, 'learning_rate': 0.05, 'max_depth': 4, 'n_estimators': 750, 'reg_alpha': 0.1, 'reg_lambda': 1.5, 'subsample': 0.7}",0.9837789956545375,0.9922425913464957,0.9957656832081598,0.9908255235816565,0.9906531984477125,0.004357408352621781,282
652,1.0398305654525757,0.08092372173690567,0.031884610652923584,0.0017331220852994096,0.8,0.1,0.05,4,750,0.1,1.5,0.85,"{'colsample_bytree': 0.8, 'gamma': 0.1, 'learning_rate': 0.05, 'max_depth': 4, 'n_estimators': 750, 'reg_alpha': 0.1, 'reg_lambda': 1.5, 'subsample': 0.85}",0.9837793183573613,0.9922425913464957,0.9971771221387733,0.9901197306558291,0.9908296906246148,0.004808793183870543,185
653,0.5906885862350464,0.00701951715080643,0.019632041454315186,0.0008217598689826254,0.8,0.1,0.05,4,750,0.1,1.5,1.0,"{'colsample_bytree': 0.8, 'gamma': 0.1, 'learning_rate': 0.05, 'max_depth': 4, 'n_estimators': 750, 'reg_alpha': 0.1, 'reg_lambda': 1.5, 'subsample': 1.0}",0.9858949261522791,0.9887163000923067,0.9943541992883981,0.9887080836414638,0.9894183772936119,0.003073047192057444,1021
654,1.639135718345642,1.0070036547722063,0.03739863634109497,0.005645477310429885,0.8,0.1,0.05,4,750,0.1,2.0,0.7,"{'colsample_bytree': 0.8, 'gamma': 0.1, 'learning_rate': 0.05, 'max_depth': 4, 'n_estimators': 750, 'reg_alpha': 0.1, 'reg_lambda': 2.0, 'subsample': 0.7}",0.9816630027156343,0.9915373597517307,0.995059946520522,0.9908255235816565,0.989771458142386,0.004948348744213792,770
655,1.0026904940605164,0.06060652903306962,0.03175133466720581,0.00043329191780764746,0.8,0.1,0.05,4,750,0.1,2.0,0.85,"{'colsample_bytree': 0.8, 'gamma': 0.1, 'learning_rate': 0.05, 'max_depth': 4, 'n_estimators': 750, 'reg_alpha': 0.1, 'reg_lambda': 2.0, 'subsample': 0.85}",0.9837793183573613,0.9922425913464957,0.9964713903718013,0.9901197306558291,0.9906532576828718,0.00458018401430835,270
656,0.6373287439346313,0.04423469545160508,0.022250115871429443,0.0033452736633732736,0.8,0.1,0.05,4,750,0.1,2.0,1.0,"{'colsample_bytree': 0.8, 'gamma': 0.1, 'learning_rate': 0.05, 'max_depth': 4, 'n_estimators': 750, 'reg_alpha': 0.1, 'reg_lambda': 2.0, 'subsample': 1.0}",0.9837795765103758,0.989421589208529,0.9936484394026853,0.9887080836414638,0.9888894221907635,0.0035026723050052833,1259
657,1.0209386348724365,0.03721353580098517,0.03588300943374634,0.004906446062697322,0.8,0.1,0.05,4,750,0.5,1.0,0.7,"{'colsample_bytree': 0.8, 'gamma': 0.1, 'learning_rate': 0.05, 'max_depth': 4, 'n_estimators': 750, 'reg_alpha': 0.5, 'reg_lambda': 1.0, 'subsample': 0.7}",0.9823688243014796,0.9915373597517307,0.995059946520522,0.9901197306558291,0.9897714653073904,0.004636992542195651,769
658,0.9582945108413696,0.03721435388158793,0.029645144939422607,0.0013430235312058669,0.8,0.1,0.05,4,750,0.5,1.0,0.85,"{'colsample_bytree': 0.8, 'gamma': 0.1, 'learning_rate': 0.05, 'max_depth': 4, 'n_estimators': 750, 'reg_alpha': 0.5, 'reg_lambda': 1.0, 'subsample': 0.85}",0.9830739113827349,0.9901268607873446,0.9964713903718013,0.9901197306558291,0.9899479732994275,0.004739968324194606,643
659,0.5489161014556885,0.023682244691000057,0.018757283687591553,0.0010862773074948949,0.8,0.1,0.05,4,750,0.5,1.0,1.0,"{'colsample_bytree': 0.8, 'gamma': 0.1, 'learning_rate': 0.05, 'max_depth': 4, 'n_estimators': 750, 'reg_alpha': 0.5, 'reg_lambda': 1.0, 'subsample': 1.0}",0.9823688243014796,0.989421589208529,0.9943541992883981,0.9887080836414638,0.9887131741099676,0.004259513394182691,1309
660,0.9983227849006653,0.08518459716685668,0.03275036811828613,0.001479134808974071,0.8,0.1,0.05,4,750,0.5,1.5,0.7,"{'colsample_bytree': 0.8, 'gamma': 0.1, 'learning_rate': 0.05, 'max_depth': 4, 'n_estimators': 750, 'reg_alpha': 0.5, 'reg_lambda': 1.5, 'subsample': 0.7}",0.980957951420544,0.9915373597517307,0.9950598973131997,0.9901197306558291,0.9894187347853258,0.005205466760300991,969
661,0.9888127446174622,0.0745936708594543,0.02901017665863037,0.0006213183025166217,0.8,0.1,0.05,4,750,0.5,1.5,0.85,"{'colsample_bytree': 0.8, 'gamma': 0.1, 'learning_rate': 0.05, 'max_depth': 4, 'n_estimators': 750, 'reg_alpha': 0.5, 'reg_lambda': 1.5, 'subsample': 0.85}",0.9830739113827349,0.9915373597517307,0.9964713903718013,0.9901197306558291,0.9903005980405241,0.004792336866988043,451
662,0.5436619520187378,0.02727023283292283,0.017006874084472656,0.001418245107201257,0.8,0.1,0.05,4,750,0.5,1.5,1.0,"{'colsample_bytree': 0.8, 'gamma': 0.1, 'learning_rate': 0.05, 'max_depth': 4, 'n_estimators': 750, 'reg_alpha': 0.5, 'reg_lambda': 1.5, 'subsample': 1.0}",0.9830742144370506,0.9887163000923067,0.9936485026692425,0.988708263606662,0.9885368202013154,0.0037426917205802624,1400
663,1.0479661226272583,0.07207242013514582,0.03462982177734375,0.0009560249089643879,0.8,0.1,0.05,4,750,0.5,2.0,0.7,"{'colsample_bytree': 0.8, 'gamma': 0.1, 'learning_rate': 0.05, 'max_depth': 4, 'n_estimators': 750, 'reg_alpha': 0.5, 'reg_lambda': 2.0, 'subsample': 0.7}",0.980957951420544,0.9901268607873446,0.995059946520522,0.9908255235816565,0.9892425705775167,0.0051420931250525,1030
664,0.9762985706329346,0.025481173547531533,0.03127121925354004,0.0009138263948824091,0.8,0.1,0.05,4,750,0.5,2.0,0.85,"{'colsample_bytree': 0.8, 'gamma': 0.1, 'learning_rate': 0.05, 'max_depth': 4, 'n_estimators': 750, 'reg_alpha': 0.5, 'reg_lambda': 2.0, 'subsample': 0.85}",0.9809583302455981,0.9908321169335286,0.9957656494662985,0.9901197306558291,0.9894189568253136,0.005346747026312037,932
665,0.5809476971626282,0.05240867621826543,0.01799905300140381,0.001225045498648307,0.8,0.1,0.05,4,750,0.5,2.0,1.0,"{'colsample_bytree': 0.8, 'gamma': 0.1, 'learning_rate': 0.05, 'max_depth': 4, 'n_estimators': 750, 'reg_alpha': 0.5, 'reg_lambda': 2.0, 'subsample': 1.0}",0.9844846965672964,0.989421589208529,0.9936485026692425,0.9872963410115112,0.9887127823641448,0.003344650866823076,1367
666,0.9335550665855408,0.044585524292680465,0.03025597333908081,0.001643705074912164,0.8,0.1,0.05,4,750,1.0,1.0,0.7,"{'colsample_bytree': 0.8, 'gamma': 0.1, 'learning_rate': 0.05, 'max_depth': 4, 'n_estimators': 750, 'reg_alpha': 1.0, 'reg_lambda': 1.0, 'subsample': 0.7}",0.9816630027156343,0.989421589208529,0.9936485026692425,0.988002225333439,0.9881838299817112,0.004299676265944596,1560
667,0.9360575675964355,0.07072916559475977,0.02688509225845337,0.0007325851947634772,0.8,0.1,0.05,4,750,1.0,1.0,0.85,"{'colsample_bytree': 0.8, 'gamma': 0.1, 'learning_rate': 0.05, 'max_depth': 4, 'n_estimators': 750, 'reg_alpha': 1.0, 'reg_lambda': 1.0, 'subsample': 0.85}",0.9802528966131908,0.989421589208529,0.9936485026692425,0.9887080836414638,0.9880077680331065,0.004859147307967512,1582
668,0.5337862968444824,0.04655798097465599,0.017001628875732422,0.0012246595607780686,0.8,0.1,0.05,4,750,1.0,1.0,1.0,"{'colsample_bytree': 0.8, 'gamma': 0.1, 'learning_rate': 0.05, 'max_depth': 4, 'n_estimators': 750, 'reg_alpha': 1.0, 'reg_lambda': 1.0, 'subsample': 1.0}",0.9816637323068047,0.9901268607873446,0.992237105212699,0.9865911498501135,0.9876547120392405,0.004004149388868656,1714
669,1.0559550523757935,0.03427247207853538,0.031635165214538574,0.0006608502092740707,0.8,0.1,0.05,4,750,1.0,1.5,0.7,"{'colsample_bytree': 0.8, 'gamma': 0.1, 'learning_rate': 0.05, 'max_depth': 4, 'n_estimators': 750, 'reg_alpha': 1.0, 'reg_lambda': 1.5, 'subsample': 0.7}",0.9795478361897165,0.989421589208529,0.9936485026692425,0.9887080836414638,0.987831502927238,0.00514182333290689,1638
670,0.9495474696159363,0.039599198372124354,0.02826148271560669,0.0013517430439208352,0.8,0.1,0.05,4,750,1.0,1.5,0.85,"{'colsample_bytree': 0.8, 'gamma': 0.1, 'learning_rate': 0.05, 'max_depth': 4, 'n_estimators': 750, 'reg_alpha': 1.0, 'reg_lambda': 1.5, 'subsample': 0.85}",0.9809583302455981,0.9901268607873446,0.9936485026692425,0.9872965940966467,0.988007571949708,0.004650504883085962,1597
671,0.5154026746749878,0.021650353631502493,0.01763099431991577,0.0010823830151605075,0.8,0.1,0.05,4,750,1.0,1.5,1.0,"{'colsample_bytree': 0.8, 'gamma': 0.1, 'learning_rate': 0.05, 'max_depth': 4, 'n_estimators': 750, 'reg_alpha': 1.0, 'reg_lambda': 1.5, 'subsample': 1.0}",0.9823691049025824,0.9901268607873446,0.992237105212699,0.9851796919395991,0.9874781907105562,0.003906679370248782,1789
672,0.9352853298187256,0.04761643016567979,0.031765758991241455,0.0019479782230712858,0.8,0.1,0.05,4,750,1.0,2.0,0.7,"{'colsample_bytree': 0.8, 'gamma': 0.1, 'learning_rate': 0.05, 'max_depth': 4, 'n_estimators': 750, 'reg_alpha': 1.0, 'reg_lambda': 2.0, 'subsample': 0.7}",0.9809583302455981,0.9901268607873446,0.9936485026692425,0.9880024404517326,0.9881840335384795,0.004633539811146182,1537
673,1.0249381065368652,0.12805352643967446,0.030382931232452393,0.003192981151627599,0.8,0.1,0.05,4,750,1.0,2.0,0.85,"{'colsample_bytree': 0.8, 'gamma': 0.1, 'learning_rate': 0.05, 'max_depth': 4, 'n_estimators': 750, 'reg_alpha': 1.0, 'reg_lambda': 2.0, 'subsample': 0.85}",0.9809583302455981,0.989421589208529,0.9936485026692425,0.9880024404517326,0.9880077156437755,0.004569228026797141,1586
674,0.522162139415741,0.017983988865144986,0.017882943153381348,0.0005530304472899475,0.8,0.1,0.05,4,750,1.0,2.0,1.0,"{'colsample_bytree': 0.8, 'gamma': 0.1, 'learning_rate': 0.05, 'max_depth': 4, 'n_estimators': 750, 'reg_alpha': 1.0, 'reg_lambda': 2.0, 'subsample': 1.0}",0.9809583302455981,0.989421589208529,0.992237105212699,0.9865911498501135,0.9873020436292348,0.004171192148361628,1817
675,1.2178674936294556,0.032418700466049805,0.039766669273376465,0.0016027680113659807,0.8,0.1,0.05,4,900,0.1,1.0,0.7,"{'colsample_bytree': 0.8, 'gamma': 0.1, 'learning_rate': 0.05, 'max_depth': 4, 'n_estimators': 900, 'reg_alpha': 0.1, 'reg_lambda': 1.0, 'subsample': 0.7}",0.9816625284502379,0.9915373765867419,0.997177133385926,0.9901197306558291,0.9901241922696837,0.005552946128013385,567
676,1.1569876670837402,0.01873936917122217,0.03713041543960571,0.0018177949531560805,0.8,0.1,0.05,4,900,0.1,1.0,0.85,"{'colsample_bytree': 0.8, 'gamma': 0.1, 'learning_rate': 0.05, 'max_depth': 4, 'n_estimators': 900, 'reg_alpha': 0.1, 'reg_lambda': 1.0, 'subsample': 0.85}",0.9837789956545375,0.9922425913464957,0.9978828468761907,0.9908255235816565,0.9911824893647201,0.005023886709517736,57
677,0.629936933517456,0.024301626362262654,0.021002233028411865,0.0014175694298247886,0.8,0.1,0.05,4,900,0.1,1.0,1.0,"{'colsample_bytree': 0.8, 'gamma': 0.1, 'learning_rate': 0.05, 'max_depth': 4, 'n_estimators': 900, 'reg_alpha': 0.1, 'reg_lambda': 1.0, 'subsample': 1.0}",0.985189812413243,0.9887163000923067,0.994354131803331,0.9887080836414638,0.9892420819875861,0.0032831213371146196,1100
678,1.2143627405166626,0.057451197776150466,0.05015081167221069,0.009727025737916551,0.8,0.1,0.05,4,900,0.1,1.5,0.7,"{'colsample_bytree': 0.8, 'gamma': 0.1, 'learning_rate': 0.05, 'max_depth': 4, 'n_estimators': 900, 'reg_alpha': 0.1, 'reg_lambda': 1.5, 'subsample': 0.7}",0.9823684735375408,0.9915373765867419,0.9957656832081598,0.9908255235816565,0.9901242642285248,0.004859695169541034,548
679,1.1398470401763916,0.051967635747213504,0.03563195466995239,0.001380755410844712,0.8,0.1,0.05,4,900,0.1,1.5,0.85,"{'colsample_bytree': 0.8, 'gamma': 0.1, 'learning_rate': 0.05, 'max_depth': 4, 'n_estimators': 900, 'reg_alpha': 0.1, 'reg_lambda': 1.5, 'subsample': 0.85}",0.9837793183573613,0.9922425913464957,0.9978828468761907,0.9901197306558291,0.9910061218089692,0.00504555700522548,105
680,0.6922107338905334,0.060436141392970585,0.021647632122039795,0.0005538392614309265,0.8,0.1,0.05,4,900,0.1,1.5,1.0,"{'colsample_bytree': 0.8, 'gamma': 0.1, 'learning_rate': 0.05, 'max_depth': 4, 'n_estimators': 900, 'reg_alpha': 0.1, 'reg_lambda': 1.5, 'subsample': 1.0}",0.9858949261522791,0.9887163000923067,0.9943541992883981,0.9887080836414638,0.9894183772936119,0.003073047192057444,1021
681,1.2265006303787231,0.023687396007108712,0.039882123470306396,0.0011374574781658053,0.8,0.1,0.05,4,900,0.1,2.0,0.7,"{'colsample_bytree': 0.8, 'gamma': 0.1, 'learning_rate': 0.05, 'max_depth': 4, 'n_estimators': 900, 'reg_alpha': 0.1, 'reg_lambda': 2.0, 'subsample': 0.7}",0.9823680526023909,0.9915373765867419,0.9957656832081598,0.9901197306558291,0.9899477107632805,0.004843982077770032,693
682,1.198728859424591,0.023979148203937917,0.03751593828201294,0.002703466091412665,0.8,0.1,0.05,4,900,0.1,2.0,0.85,"{'colsample_bytree': 0.8, 'gamma': 0.1, 'learning_rate': 0.05, 'max_depth': 4, 'n_estimators': 900, 'reg_alpha': 0.1, 'reg_lambda': 2.0, 'subsample': 0.85}",0.9844846965672964,0.9922425913464957,0.9971771221387733,0.9901197306558291,0.9910060351770986,0.004553152161325844,118
683,0.7084656953811646,0.028311885155563366,0.022508084774017334,0.00035373686499565025,0.8,0.1,0.05,4,900,0.1,2.0,1.0,"{'colsample_bytree': 0.8, 'gamma': 0.1, 'learning_rate': 0.05, 'max_depth': 4, 'n_estimators': 900, 'reg_alpha': 0.1, 'reg_lambda': 2.0, 'subsample': 1.0}",0.9837795765103758,0.989421589208529,0.9936484394026853,0.9887080836414638,0.9888894221907635,0.0035026723050052833,1259
684,1.332267940044403,0.23753680648791012,0.04114419221878052,0.005466734608965535,0.8,0.1,0.05,4,900,0.5,1.0,0.7,"{'colsample_bytree': 0.8, 'gamma': 0.1, 'learning_rate': 0.05, 'max_depth': 4, 'n_estimators': 900, 'reg_alpha': 0.5, 'reg_lambda': 1.0, 'subsample': 0.7}",0.9830739113827349,0.9922425913464957,0.995059946520522,0.9901197306558291,0.9901240449763954,0.004431584510008764,606
685,1.0466818809509277,0.045843003556788345,0.031015634536743164,0.0007956587930636432,0.8,0.1,0.05,4,900,0.5,1.0,0.85,"{'colsample_bytree': 0.8, 'gamma': 0.1, 'learning_rate': 0.05, 'max_depth': 4, 'n_estimators': 900, 'reg_alpha': 0.5, 'reg_lambda': 1.0, 'subsample': 0.85}",0.9830739113827349,0.9908321169335286,0.9964713903718013,0.9901197306558291,0.9901242873359735,0.004756431475695001,543
686,0.6086825728416443,0.01500707452580489,0.019497990608215332,0.0011182737783954032,0.8,0.1,0.05,4,900,0.5,1.0,1.0,"{'colsample_bytree': 0.8, 'gamma': 0.1, 'learning_rate': 0.05, 'max_depth': 4, 'n_estimators': 900, 'reg_alpha': 0.5, 'reg_lambda': 1.0, 'subsample': 1.0}",0.9823688243014796,0.989421589208529,0.9943541992883981,0.9887080836414638,0.9887131741099676,0.004259513394182691,1309
687,1.1659722328186035,0.05167663050041071,0.03664344549179077,0.0008990439856834977,0.8,0.1,0.05,4,900,0.5,1.5,0.7,"{'colsample_bytree': 0.8, 'gamma': 0.1, 'learning_rate': 0.05, 'max_depth': 4, 'n_estimators': 900, 'reg_alpha': 0.5, 'reg_lambda': 1.5, 'subsample': 0.7}",0.9816634039979629,0.9915373597517307,0.9957656494662985,0.9901197306558291,0.9897715359679553,0.005121293143578181,754
688,1.124846875667572,0.012941431590931252,0.034631967544555664,0.001852278720760181,0.8,0.1,0.05,4,900,0.5,1.5,0.85,"{'colsample_bytree': 0.8, 'gamma': 0.1, 'learning_rate': 0.05, 'max_depth': 4, 'n_estimators': 900, 'reg_alpha': 0.5, 'reg_lambda': 1.5, 'subsample': 0.85}",0.9830739113827349,0.9915373597517307,0.9964713903718013,0.9901197306558291,0.9903005980405241,0.004792336866988043,451
689,0.62094646692276,0.026816082371315254,0.019500911235809326,0.0005001430360312087,0.8,0.1,0.05,4,900,0.5,1.5,1.0,"{'colsample_bytree': 0.8, 'gamma': 0.1, 'learning_rate': 0.05, 'max_depth': 4, 'n_estimators': 900, 'reg_alpha': 0.5, 'reg_lambda': 1.5, 'subsample': 1.0}",0.9830742144370506,0.9887163000923067,0.9936485026692425,0.988708263606662,0.9885368202013154,0.0037426917205802624,1400
690,1.2191102504730225,0.03208683737958417,0.038015007972717285,0.001555634590158689,0.8,0.1,0.05,4,900,0.5,2.0,0.7,"{'colsample_bytree': 0.8, 'gamma': 0.1, 'learning_rate': 0.05, 'max_depth': 4, 'n_estimators': 900, 'reg_alpha': 0.5, 'reg_lambda': 2.0, 'subsample': 0.7}",0.9816634039979629,0.9908321169335286,0.995059946520522,0.9908255235816565,0.9895952477584176,0.004894397357142015,841
691,1.0853275656700134,0.05418767941352008,0.033885955810546875,0.0005547113239053074,0.8,0.1,0.05,4,900,0.5,2.0,0.85,"{'colsample_bytree': 0.8, 'gamma': 0.1, 'learning_rate': 0.05, 'max_depth': 4, 'n_estimators': 900, 'reg_alpha': 0.5, 'reg_lambda': 2.0, 'subsample': 0.85}",0.9809583302455981,0.9908321169335286,0.9957656494662985,0.9901197306558291,0.9894189568253136,0.005346747026312037,932
692,0.6456939578056335,0.044486121967003016,0.02162933349609375,0.0025320580164044774,0.8,0.1,0.05,4,900,0.5,2.0,1.0,"{'colsample_bytree': 0.8, 'gamma': 0.1, 'learning_rate': 0.05, 'max_depth': 4, 'n_estimators': 900, 'reg_alpha': 0.5, 'reg_lambda': 2.0, 'subsample': 1.0}",0.9844846965672964,0.989421589208529,0.9936485026692425,0.9872963410115112,0.9887127823641448,0.003344650866823076,1367
693,1.1422151327133179,0.031554891673669705,0.034767985343933105,0.0011469943741303943,0.8,0.1,0.05,4,900,1.0,1.0,0.7,"{'colsample_bytree': 0.8, 'gamma': 0.1, 'learning_rate': 0.05, 'max_depth': 4, 'n_estimators': 900, 'reg_alpha': 1.0, 'reg_lambda': 1.0, 'subsample': 0.7}",0.9802524644629909,0.9901268607873446,0.9936485026692425,0.988002225333439,0.9880075133132542,0.004910529636989484,1604
694,1.0530704855918884,0.0228300317928059,0.028635621070861816,0.0012003855577990864,0.8,0.1,0.05,4,900,1.0,1.0,0.85,"{'colsample_bytree': 0.8, 'gamma': 0.1, 'learning_rate': 0.05, 'max_depth': 4, 'n_estimators': 900, 'reg_alpha': 1.0, 'reg_lambda': 1.0, 'subsample': 0.85}",0.9802528966131908,0.9901268607873446,0.9943542442775466,0.9894139180456464,0.9885369799309321,0.0051420653070604104,1376
695,0.5565521717071533,0.011012671360435801,0.01688021421432495,0.00020851918925487132,0.8,0.1,0.05,4,900,1.0,1.0,1.0,"{'colsample_bytree': 0.8, 'gamma': 0.1, 'learning_rate': 0.05, 'max_depth': 4, 'n_estimators': 900, 'reg_alpha': 1.0, 'reg_lambda': 1.0, 'subsample': 1.0}",0.9816637323068047,0.9901268607873446,0.992237105212699,0.9865911498501135,0.9876547120392405,0.004004149388868656,1714
696,1.1768597960472107,0.051617214538903146,0.035134077072143555,0.0014320975689772661,0.8,0.1,0.05,4,900,1.0,1.5,0.7,"{'colsample_bytree': 0.8, 'gamma': 0.1, 'learning_rate': 0.05, 'max_depth': 4, 'n_estimators': 900, 'reg_alpha': 1.0, 'reg_lambda': 1.5, 'subsample': 0.7}",0.9802528966131908,0.9901268607873446,0.995059946520522,0.9887080836414638,0.9885369468906303,0.005332263289569527,1381
697,1.2727646827697754,0.34940592239535456,0.04313451051712036,0.02623807924593908,0.8,0.1,0.05,4,900,1.0,1.5,0.85,"{'colsample_bytree': 0.8, 'gamma': 0.1, 'learning_rate': 0.05, 'max_depth': 4, 'n_estimators': 900, 'reg_alpha': 1.0, 'reg_lambda': 1.5, 'subsample': 0.85}",0.9816637323068047,0.9901268607873446,0.9943542442775466,0.988002225333439,0.9885367656762837,0.004579732001287624,1414
698,0.5775381922721863,0.054213622056138944,0.017139911651611328,0.0007467566202028918,0.8,0.1,0.05,4,900,1.0,1.5,1.0,"{'colsample_bytree': 0.8, 'gamma': 0.1, 'learning_rate': 0.05, 'max_depth': 4, 'n_estimators': 900, 'reg_alpha': 1.0, 'reg_lambda': 1.5, 'subsample': 1.0}",0.9823691049025824,0.9901268607873446,0.992237105212699,0.9851796919395991,0.9874781907105562,0.003906679370248782,1789
699,1.2345173954963684,0.060099341707466676,0.04876697063446045,0.01239665169532891,0.8,0.1,0.05,4,900,1.0,2.0,0.7,"{'colsample_bytree': 0.8, 'gamma': 0.1, 'learning_rate': 0.05, 'max_depth': 4, 'n_estimators': 900, 'reg_alpha': 1.0, 'reg_lambda': 2.0, 'subsample': 0.7}",0.9802528966131908,0.9908321169335286,0.9929428053469331,0.988708263606662,0.9881840206250785,0.004817572129285272,1540
700,1.0430658459663391,0.07529012780380216,0.03401803970336914,0.00845615704219969,0.8,0.1,0.05,4,900,1.0,2.0,0.85,"{'colsample_bytree': 0.8, 'gamma': 0.1, 'learning_rate': 0.05, 'max_depth': 4, 'n_estimators': 900, 'reg_alpha': 1.0, 'reg_lambda': 2.0, 'subsample': 0.85}",0.9816637323068047,0.9901268607873446,0.9943542442775466,0.9880024404517326,0.9885368194558571,0.004579725725148992,1402
701,0.6940997242927551,0.2049885555352791,0.025254487991333008,0.012581432370306426,0.8,0.1,0.05,4,900,1.0,2.0,1.0,"{'colsample_bytree': 0.8, 'gamma': 0.1, 'learning_rate': 0.05, 'max_depth': 4, 'n_estimators': 900, 'reg_alpha': 1.0, 'reg_lambda': 2.0, 'subsample': 1.0}",0.9809583302455981,0.989421589208529,0.992237105212699,0.9865911498501135,0.9873020436292348,0.004171192148361628,1817
702,1.119982898235321,0.05418749744380602,0.04051750898361206,0.0016324295460441642,0.8,0.1,0.05,8,750,0.1,1.0,0.7,"{'colsample_bytree': 0.8, 'gamma': 0.1, 'learning_rate': 0.05, 'max_depth': 8, 'n_estimators': 750, 'reg_alpha': 0.1, 'reg_lambda': 1.0, 'subsample': 0.7}",0.9837795765103758,0.9922425913464957,0.9978828468761907,0.9915312989325971,0.9913590784164148,0.0050204247595255535,16
703,1.2601532936096191,0.23280740694530563,0.04239988327026367,0.012387713587632639,0.8,0.1,0.05,8,750,0.1,1.0,0.85,"{'colsample_bytree': 0.8, 'gamma': 0.1, 'learning_rate': 0.05, 'max_depth': 8, 'n_estimators': 750, 'reg_alpha': 0.1, 'reg_lambda': 1.0, 'subsample': 0.85}",0.9851900481181693,0.9922425913464957,0.9978828468761907,0.9908255235816565,0.991535252480628,0.00451546277786522,11
704,1.3143104314804077,0.03820704288039055,0.04851830005645752,0.005181178027831342,0.8,0.1,0.05,8,750,0.1,1.0,1.0,"{'colsample_bytree': 0.8, 'gamma': 0.1, 'learning_rate': 0.05, 'max_depth': 8, 'n_estimators': 750, 'reg_alpha': 0.1, 'reg_lambda': 1.0, 'subsample': 1.0}",0.9837793183573613,0.990832153409495,0.995059946520522,0.9908255235816565,0.9901242354672588,0.0040500669613325446,556
705,1.916988730430603,0.4430478598758697,0.06752097606658936,0.014414538223063315,0.8,0.1,0.05,8,750,0.1,1.5,0.7,"{'colsample_bytree': 0.8, 'gamma': 0.1, 'learning_rate': 0.05, 'max_depth': 8, 'n_estimators': 750, 'reg_alpha': 0.1, 'reg_lambda': 1.5, 'subsample': 0.7}",0.9837795765103758,0.9922425913464957,0.9978828468761907,0.9915312989325971,0.9913590784164148,0.0050204247595255535,16
706,2.3952866792678833,1.7922594893428043,0.04313570261001587,0.011671125518976066,0.8,0.1,0.05,8,750,0.1,1.5,0.85,"{'colsample_bytree': 0.8, 'gamma': 0.1, 'learning_rate': 0.05, 'max_depth': 8, 'n_estimators': 750, 'reg_alpha': 0.1, 'reg_lambda': 1.5, 'subsample': 0.85}",0.9844846965672964,0.9922425913464957,0.9978828468761907,0.9915312989325971,0.991535358430645,0.004756643699984288,7
707,0.7469852566719055,0.03180310470670397,0.02525496482849121,0.0010961300850949682,0.8,0.1,0.05,8,750,0.1,1.5,1.0,"{'colsample_bytree': 0.8, 'gamma': 0.1, 'learning_rate': 0.05, 'max_depth': 8, 'n_estimators': 750, 'reg_alpha': 0.1, 'reg_lambda': 1.5, 'subsample': 1.0}",0.9858953751153834,0.990832153409495,0.9964713903718013,0.9894140656711423,0.9906532461419555,0.0038097150495281754,272
708,1.6293817162513733,0.4416685478155218,0.04089409112930298,0.0012809695252609477,0.8,0.1,0.05,8,750,0.1,2.0,0.7,"{'colsample_bytree': 0.8, 'gamma': 0.1, 'learning_rate': 0.05, 'max_depth': 8, 'n_estimators': 750, 'reg_alpha': 0.1, 'reg_lambda': 2.0, 'subsample': 0.7}",0.9830742144370506,0.9922425913464957,0.9971771221387733,0.9908255235816565,0.990829862875994,0.00506047437050779,148
709,1.5237113237380981,0.4506508232537499,0.04052913188934326,0.0037429193450368007,0.8,0.1,0.05,8,750,0.1,2.0,0.85,"{'colsample_bytree': 0.8, 'gamma': 0.1, 'learning_rate': 0.05, 'max_depth': 8, 'n_estimators': 750, 'reg_alpha': 0.1, 'reg_lambda': 2.0, 'subsample': 0.85}",0.9837795765103758,0.9922425913464957,0.9971771221387733,0.9915312989325971,0.9911826472320604,0.004795420342667755,41
710,1.1199775338172913,0.33546622885206256,0.03538030385971069,0.010419262466964872,0.8,0.1,0.05,8,750,0.1,2.0,1.0,"{'colsample_bytree': 0.8, 'gamma': 0.1, 'learning_rate': 0.05, 'max_depth': 8, 'n_estimators': 750, 'reg_alpha': 0.1, 'reg_lambda': 2.0, 'subsample': 1.0}",0.9866006796641367,0.990832153409495,0.995059946520522,0.9894140656711423,0.990476711316324,0.003053081277765923,411
711,1.2320067882537842,0.3355431417953791,0.03463447093963623,0.0020417750455165445,0.8,0.1,0.05,8,750,0.5,1.0,0.7,"{'colsample_bytree': 0.8, 'gamma': 0.1, 'learning_rate': 0.05, 'max_depth': 8, 'n_estimators': 750, 'reg_alpha': 0.5, 'reg_lambda': 1.0, 'subsample': 0.7}",0.9837793183573613,0.9922425913464957,0.9964713903718013,0.9908255235816565,0.9908297059143287,0.0045698148473834535,176
712,1.0583239793777466,0.029327956599726635,0.030389368534088135,0.002273672041139001,0.8,0.1,0.05,8,750,0.5,1.0,0.85,"{'colsample_bytree': 0.8, 'gamma': 0.1, 'learning_rate': 0.05, 'max_depth': 8, 'n_estimators': 750, 'reg_alpha': 0.5, 'reg_lambda': 1.0, 'subsample': 0.85}",0.9837797701197444,0.9915373597517307,0.9957656494662985,0.9915312989325971,0.9906535195675927,0.004328220582923247,223
713,0.950663149356842,0.14761884905228856,0.0233880877494812,0.0018633945245113183,0.8,0.1,0.05,8,750,0.5,1.0,1.0,"{'colsample_bytree': 0.8, 'gamma': 0.1, 'learning_rate': 0.05, 'max_depth': 8, 'n_estimators': 750, 'reg_alpha': 0.5, 'reg_lambda': 1.0, 'subsample': 1.0}",0.9844849126269217,0.9915373597517307,0.9950598973131997,0.9894140656711423,0.9901240588407486,0.00382962077799214,602
714,1.1582648754119873,0.16360220266550685,0.03888744115829468,0.0029619013436408357,0.8,0.1,0.05,8,750,0.5,1.5,0.7,"{'colsample_bytree': 0.8, 'gamma': 0.1, 'learning_rate': 0.05, 'max_depth': 8, 'n_estimators': 750, 'reg_alpha': 0.5, 'reg_lambda': 1.5, 'subsample': 0.7}",0.9823691049025824,0.9922425913464957,0.9964713903718013,0.9915312989325971,0.9906535963883691,0.005142343647230021,215
715,1.088896632194519,0.09725160977083519,0.03413361310958862,0.0022984919936063024,0.8,0.1,0.05,8,750,0.5,1.5,0.85,"{'colsample_bytree': 0.8, 'gamma': 0.1, 'learning_rate': 0.05, 'max_depth': 8, 'n_estimators': 750, 'reg_alpha': 0.5, 'reg_lambda': 1.5, 'subsample': 0.85}",0.9837797701197444,0.9922425913464957,0.9964713903718013,0.9915312989325971,0.9910062626926596,0.00457968304168705,90
716,0.7742962837219238,0.09170254929131498,0.023634612560272217,0.0024924746435567055,0.8,0.1,0.05,8,750,0.5,1.5,1.0,"{'colsample_bytree': 0.8, 'gamma': 0.1, 'learning_rate': 0.05, 'max_depth': 8, 'n_estimators': 750, 'reg_alpha': 0.5, 'reg_lambda': 1.5, 'subsample': 1.0}",0.9858955154104921,0.9908321169335286,0.9950598973131997,0.9894140656711423,0.9903003988320906,0.003283448429667572,491
717,1.1960853338241577,0.0799409451965597,0.036001384258270264,0.0015837451483637407,0.8,0.1,0.05,8,750,0.5,2.0,0.7,"{'colsample_bytree': 0.8, 'gamma': 0.1, 'learning_rate': 0.05, 'max_depth': 8, 'n_estimators': 750, 'reg_alpha': 0.5, 'reg_lambda': 2.0, 'subsample': 0.7}",0.9837797701197444,0.9922425913464957,0.9964713903718013,0.9908255235816565,0.9908298188549245,0.004569640601589022,158
718,1.1951876878738403,0.11352644844034868,0.03400063514709473,0.0015786918576227607,0.8,0.1,0.05,8,750,0.5,2.0,0.85,"{'colsample_bytree': 0.8, 'gamma': 0.1, 'learning_rate': 0.05, 'max_depth': 8, 'n_estimators': 750, 'reg_alpha': 0.5, 'reg_lambda': 2.0, 'subsample': 0.85}",0.9830744501384601,0.9915373597517307,0.9964713903718013,0.9908255235816565,0.9904771809609121,0.004795213544285673,334
719,0.7777706384658813,0.0718332920457025,0.024765968322753906,0.003163616342919249,0.8,0.1,0.05,8,750,0.5,2.0,1.0,"{'colsample_bytree': 0.8, 'gamma': 0.1, 'learning_rate': 0.05, 'max_depth': 8, 'n_estimators': 750, 'reg_alpha': 0.5, 'reg_lambda': 2.0, 'subsample': 1.0}",0.9851902248919406,0.9915373597517307,0.9950598973131997,0.9894140656711423,0.9903003869070033,0.003573596307594493,500
720,1.0513664484024048,0.05857595953969805,0.03401339054107666,0.0015444710698832558,0.8,0.1,0.05,8,750,1.0,1.0,0.7,"{'colsample_bytree': 0.8, 'gamma': 0.1, 'learning_rate': 0.05, 'max_depth': 8, 'n_estimators': 750, 'reg_alpha': 1.0, 'reg_lambda': 1.0, 'subsample': 0.7}",0.9823693153475482,0.9908321169335286,0.995059946520522,0.9901197306558291,0.9895952773643569,0.004579354742469414,840
721,1.0057174563407898,0.012684920622240857,0.029132306575775146,0.0005393778238830553,0.8,0.1,0.05,8,750,1.0,1.0,0.85,"{'colsample_bytree': 0.8, 'gamma': 0.1, 'learning_rate': 0.05, 'max_depth': 8, 'n_estimators': 750, 'reg_alpha': 1.0, 'reg_lambda': 1.0, 'subsample': 0.85}",0.9823693153475482,0.9901268607873446,0.995059946520522,0.9894140656711423,0.9892425470816393,0.004524789499487031,1033
722,0.6931028962135315,0.03821548531148505,0.021514892578125,0.000933566375492391,0.8,0.1,0.05,8,750,1.0,1.0,1.0,"{'colsample_bytree': 0.8, 'gamma': 0.1, 'learning_rate': 0.05, 'max_depth': 8, 'n_estimators': 750, 'reg_alpha': 1.0, 'reg_lambda': 1.0, 'subsample': 1.0}",0.9830744501384601,0.9908321169335286,0.9950598973131997,0.988708263606662,0.9894186819979625,0.00431784323267325,981
723,1.112105667591095,0.05731480457263975,0.03676712512969971,0.0020151371483157782,0.8,0.1,0.05,8,750,1.0,1.5,0.7,"{'colsample_bytree': 0.8, 'gamma': 0.1, 'learning_rate': 0.05, 'max_depth': 8, 'n_estimators': 750, 'reg_alpha': 1.0, 'reg_lambda': 1.5, 'subsample': 0.7}",0.9837797701197444,0.9901268607873446,0.995059946520522,0.9901197306558291,0.98977157702086,0.004003624589465203,743
724,0.9629330039024353,0.032972890827239934,0.029750943183898926,0.0014788725717972229,0.8,0.1,0.05,8,750,1.0,1.5,0.85,"{'colsample_bytree': 0.8, 'gamma': 0.1, 'learning_rate': 0.05, 'max_depth': 8, 'n_estimators': 750, 'reg_alpha': 1.0, 'reg_lambda': 1.5, 'subsample': 0.85}",0.9823693153475482,0.9901268607873446,0.995059946520522,0.9901197306558291,0.989418963327811,0.004541762369590205,929
725,0.6993374228477478,0.05552851636228002,0.02650773525238037,0.0035692443271456015,0.8,0.1,0.05,8,750,1.0,1.5,1.0,"{'colsample_bytree': 0.8, 'gamma': 0.1, 'learning_rate': 0.05, 'max_depth': 8, 'n_estimators': 750, 'reg_alpha': 1.0, 'reg_lambda': 1.5, 'subsample': 1.0}",0.9830746184925907,0.9908321169335286,0.9943541992883981,0.988708263606662,0.9892422995802947,0.004092203632002762,1063
726,1.1675156354904175,0.047792056048285465,0.0376395583152771,0.004839340928415204,0.8,0.1,0.05,8,750,1.0,2.0,0.7,"{'colsample_bytree': 0.8, 'gamma': 0.1, 'learning_rate': 0.05, 'max_depth': 8, 'n_estimators': 750, 'reg_alpha': 1.0, 'reg_lambda': 2.0, 'subsample': 0.7}",0.9823693153475482,0.9908321169335286,0.995059946520522,0.9908255235816565,0.9897717255958138,0.004609660454312643,733
727,1.144384503364563,0.09766550937695581,0.03288114070892334,0.0034050947205723726,0.8,0.1,0.05,8,750,1.0,2.0,0.85,"{'colsample_bytree': 0.8, 'gamma': 0.1, 'learning_rate': 0.05, 'max_depth': 8, 'n_estimators': 750, 'reg_alpha': 1.0, 'reg_lambda': 2.0, 'subsample': 0.85}",0.9823693153475482,0.989421589208529,0.995059946520522,0.9894140656711423,0.9890662291869353,0.004500571447377657,1113
728,0.8213936686515808,0.08125514767028905,0.027649641036987305,0.001817170495484567,0.8,0.1,0.05,8,750,1.0,2.0,1.0,"{'colsample_bytree': 0.8, 'gamma': 0.1, 'learning_rate': 0.05, 'max_depth': 8, 'n_estimators': 750, 'reg_alpha': 1.0, 'reg_lambda': 2.0, 'subsample': 1.0}",0.9823693153475482,0.9901268607873446,0.9943541992883981,0.988708263606662,0.9888896597574883,0.0042994085192304176,1219
729,1.3351892828941345,0.13575004706080732,0.042387187480926514,0.002274147417474673,0.8,0.1,0.05,8,900,0.1,1.0,0.7,"{'colsample_bytree': 0.8, 'gamma': 0.1, 'learning_rate': 0.05, 'max_depth': 8, 'n_estimators': 900, 'reg_alpha': 0.1, 'reg_lambda': 1.0, 'subsample': 0.7}",0.9844849126269217,0.9922425913464957,0.9978828468761907,0.9915312989325971,0.9915354124455513,0.0047565636351964095,5
730,1.3644683957099915,0.15690086308783008,0.043384432792663574,0.007556731452652956,0.8,0.1,0.05,8,900,0.1,1.0,0.85,"{'colsample_bytree': 0.8, 'gamma': 0.1, 'learning_rate': 0.05, 'max_depth': 8, 'n_estimators': 900, 'reg_alpha': 0.1, 'reg_lambda': 1.0, 'subsample': 0.85}",0.9851900481181693,0.9922425913464957,0.9978828468761907,0.9908255235816565,0.991535252480628,0.00451546277786522,11
731,0.8172567486763,0.01716266561648559,0.025631427764892578,0.0010856953175699432,0.8,0.1,0.05,8,900,0.1,1.0,1.0,"{'colsample_bytree': 0.8, 'gamma': 0.1, 'learning_rate': 0.05, 'max_depth': 8, 'n_estimators': 900, 'reg_alpha': 0.1, 'reg_lambda': 1.0, 'subsample': 1.0}",0.9837793183573613,0.990832153409495,0.995059946520522,0.9908255235816565,0.9901242354672588,0.0040500669613325446,556
732,1.410852313041687,0.10743076129730762,0.04576253890991211,0.004651042389965847,0.8,0.1,0.05,8,900,0.1,1.5,0.7,"{'colsample_bytree': 0.8, 'gamma': 0.1, 'learning_rate': 0.05, 'max_depth': 8, 'n_estimators': 900, 'reg_alpha': 0.1, 'reg_lambda': 1.5, 'subsample': 0.7}",0.9844849126269217,0.9922425913464957,0.9978828468761907,0.9915312989325971,0.9915354124455513,0.0047565636351964095,5
733,5.194091796875,6.382199613726555,0.04213303327560425,0.00361234816413345,0.8,0.1,0.05,8,900,0.1,1.5,0.85,"{'colsample_bytree': 0.8, 'gamma': 0.1, 'learning_rate': 0.05, 'max_depth': 8, 'n_estimators': 900, 'reg_alpha': 0.1, 'reg_lambda': 1.5, 'subsample': 0.85}",0.9858953751153834,0.9922425913464957,0.998588566692963,0.9915312989325971,0.9920644580218598,0.004498265442233071,2
734,0.8759396076202393,0.0897268251556257,0.026749372482299805,0.0020458549555762663,0.8,0.1,0.05,8,900,0.1,1.5,1.0,"{'colsample_bytree': 0.8, 'gamma': 0.1, 'learning_rate': 0.05, 'max_depth': 8, 'n_estimators': 900, 'reg_alpha': 0.1, 'reg_lambda': 1.5, 'subsample': 1.0}",0.9858953751153834,0.990832153409495,0.9964713903718013,0.9894140656711423,0.9906532461419555,0.0038097150495281754,272
735,1.4259693622589111,0.1261266833087705,0.052901387214660645,0.012620304181138048,0.8,0.1,0.05,8,900,0.1,2.0,0.7,"{'colsample_bytree': 0.8, 'gamma': 0.1, 'learning_rate': 0.05, 'max_depth': 8, 'n_estimators': 900, 'reg_alpha': 0.1, 'reg_lambda': 2.0, 'subsample': 0.7}",0.9837793183573613,0.9922425913464957,0.9971771221387733,0.9908255235816565,0.9910061388560716,0.004792426468773177,99
736,1.4248191118240356,0.1815002989743841,0.054516613483428955,0.01536166715383553,0.8,0.1,0.05,8,900,0.1,2.0,0.85,"{'colsample_bytree': 0.8, 'gamma': 0.1, 'learning_rate': 0.05, 'max_depth': 8, 'n_estimators': 900, 'reg_alpha': 0.1, 'reg_lambda': 2.0, 'subsample': 0.85}",0.9837795765103758,0.9922425913464957,0.9971771221387733,0.9915312989325971,0.9911826472320604,0.004795420342667755,41
737,0.8083886504173279,0.023239394465200777,0.02638399600982666,0.001082951336965601,0.8,0.1,0.05,8,900,0.1,2.0,1.0,"{'colsample_bytree': 0.8, 'gamma': 0.1, 'learning_rate': 0.05, 'max_depth': 8, 'n_estimators': 900, 'reg_alpha': 0.1, 'reg_lambda': 2.0, 'subsample': 1.0}",0.9866006796641367,0.990832153409495,0.995059946520522,0.9894140656711423,0.990476711316324,0.003053081277765923,411
738,1.5523185729980469,0.4174880454176904,0.05828219652175903,0.0223516542003028,0.8,0.1,0.05,8,900,0.5,1.0,0.7,"{'colsample_bytree': 0.8, 'gamma': 0.1, 'learning_rate': 0.05, 'max_depth': 8, 'n_estimators': 900, 'reg_alpha': 0.5, 'reg_lambda': 1.0, 'subsample': 0.7}",0.984484418767507,0.9922425913464957,0.9971771221387733,0.9901197306558291,0.9910059657271513,0.004553251632833647,125
739,1.6927407383918762,0.31890688954665997,0.05426502227783203,0.009634749934965036,0.8,0.1,0.05,8,900,0.5,1.0,0.85,"{'colsample_bytree': 0.8, 'gamma': 0.1, 'learning_rate': 0.05, 'max_depth': 8, 'n_estimators': 900, 'reg_alpha': 0.5, 'reg_lambda': 1.0, 'subsample': 0.85}",0.9837797701197444,0.9922425913464957,0.9964713903718013,0.9908255235816565,0.9908298188549245,0.004569640601589022,158
740,0.8678498864173889,0.17724173740652957,0.029263019561767578,0.01027854252465972,0.8,0.1,0.05,8,900,0.5,1.0,1.0,"{'colsample_bytree': 0.8, 'gamma': 0.1, 'learning_rate': 0.05, 'max_depth': 8, 'n_estimators': 900, 'reg_alpha': 0.5, 'reg_lambda': 1.0, 'subsample': 1.0}",0.9844849126269217,0.9915373597517307,0.9950598973131997,0.9894140656711423,0.9901240588407486,0.00382962077799214,602
741,1.237215280532837,0.06755216141154138,0.04126554727554321,0.0016122125615929883,0.8,0.1,0.05,8,900,0.5,1.5,0.7,"{'colsample_bytree': 0.8, 'gamma': 0.1, 'learning_rate': 0.05, 'max_depth': 8, 'n_estimators': 900, 'reg_alpha': 0.5, 'reg_lambda': 1.5, 'subsample': 0.7}",0.9837793183573613,0.9922425913464957,0.9971771221387733,0.9915312989325971,0.9911825826938068,0.00479551997575644,46
742,1.8568085432052612,0.4513323591055079,0.059535324573516846,0.01725574283566353,0.8,0.1,0.05,8,900,0.5,1.5,0.85,"{'colsample_bytree': 0.8, 'gamma': 0.1, 'learning_rate': 0.05, 'max_depth': 8, 'n_estimators': 900, 'reg_alpha': 0.5, 'reg_lambda': 1.5, 'subsample': 0.85}",0.9837797701197444,0.9922425913464957,0.9964713903718013,0.9915312989325971,0.9910062626926596,0.00457968304168705,90
743,0.9206565618515015,0.26692211464386534,0.0312533974647522,0.007328795173061652,0.8,0.1,0.05,8,900,0.5,1.5,1.0,"{'colsample_bytree': 0.8, 'gamma': 0.1, 'learning_rate': 0.05, 'max_depth': 8, 'n_estimators': 900, 'reg_alpha': 0.5, 'reg_lambda': 1.5, 'subsample': 1.0}",0.9858955154104921,0.9908321169335286,0.9950598973131997,0.9894140656711423,0.9903003988320906,0.003283448429667572,491
744,1.5406163930892944,0.5146280069167541,0.04227203130722046,0.0016136534857976851,0.8,0.1,0.05,8,900,0.5,2.0,0.7,"{'colsample_bytree': 0.8, 'gamma': 0.1, 'learning_rate': 0.05, 'max_depth': 8, 'n_estimators': 900, 'reg_alpha': 0.5, 'reg_lambda': 2.0, 'subsample': 0.7}",0.9837797701197444,0.9922425913464957,0.9964713903718013,0.9908255235816565,0.9908298188549245,0.004569640601589022,158
745,1.2175249457359314,0.030320134473954097,0.03701204061508179,0.001377330010502939,0.8,0.1,0.05,8,900,0.5,2.0,0.85,"{'colsample_bytree': 0.8, 'gamma': 0.1, 'learning_rate': 0.05, 'max_depth': 8, 'n_estimators': 900, 'reg_alpha': 0.5, 'reg_lambda': 2.0, 'subsample': 0.85}",0.9830744501384601,0.9915373597517307,0.9964713903718013,0.9908255235816565,0.9904771809609121,0.004795213544285673,334
746,1.346802830696106,0.2639965556821919,0.03851348161697388,0.014280788466725891,0.8,0.1,0.05,8,900,0.5,2.0,1.0,"{'colsample_bytree': 0.8, 'gamma': 0.1, 'learning_rate': 0.05, 'max_depth': 8, 'n_estimators': 900, 'reg_alpha': 0.5, 'reg_lambda': 2.0, 'subsample': 1.0}",0.9851902248919406,0.9915373597517307,0.9950598973131997,0.9894140656711423,0.9903003869070033,0.003573596307594493,500
747,2.13768070936203,0.056485742515991436,0.04376798868179321,0.004573506959119621,0.8,0.1,0.05,8,900,1.0,1.0,0.7,"{'colsample_bytree': 0.8, 'gamma': 0.1, 'learning_rate': 0.05, 'max_depth': 8, 'n_estimators': 900, 'reg_alpha': 1.0, 'reg_lambda': 1.0, 'subsample': 0.7}",0.9823693153475482,0.9901268607873446,0.995059946520522,0.9894139180456464,0.9892425101752653,0.004524788100949692,1034
748,1.1951374411582947,0.25977230981204913,0.030512332916259766,0.003010580556280132,0.8,0.1,0.05,8,900,1.0,1.0,0.85,"{'colsample_bytree': 0.8, 'gamma': 0.1, 'learning_rate': 0.05, 'max_depth': 8, 'n_estimators': 900, 'reg_alpha': 1.0, 'reg_lambda': 1.0, 'subsample': 0.85}",0.9823693153475482,0.9901268607873446,0.995059946520522,0.9901197306558291,0.989418963327811,0.004541762369590205,929
749,0.851377010345459,0.21939440331291687,0.025255262851715088,0.0028579748644595717,0.8,0.1,0.05,8,900,1.0,1.0,1.0,"{'colsample_bytree': 0.8, 'gamma': 0.1, 'learning_rate': 0.05, 'max_depth': 8, 'n_estimators': 900, 'reg_alpha': 1.0, 'reg_lambda': 1.0, 'subsample': 1.0}",0.9830744501384601,0.9908321169335286,0.9950598973131997,0.988708263606662,0.9894186819979625,0.00431784323267325,981
750,1.5178503394126892,0.36011377848328435,0.04438108205795288,0.009661932503951328,0.8,0.1,0.05,8,900,1.0,1.5,0.7,"{'colsample_bytree': 0.8, 'gamma': 0.1, 'learning_rate': 0.05, 'max_depth': 8, 'n_estimators': 900, 'reg_alpha': 1.0, 'reg_lambda': 1.5, 'subsample': 0.7}",0.9837797701197444,0.9901268607873446,0.9957656832081598,0.9901197306558291,0.9899480111927694,0.004241284603899009,639
751,1.3334230184555054,0.26717611180531586,0.037379562854766846,0.0033844016113406265,0.8,0.1,0.05,8,900,1.0,1.5,0.85,"{'colsample_bytree': 0.8, 'gamma': 0.1, 'learning_rate': 0.05, 'max_depth': 8, 'n_estimators': 900, 'reg_alpha': 1.0, 'reg_lambda': 1.5, 'subsample': 0.85}",0.9823693153475482,0.9915373597517307,0.995059946520522,0.9901197306558291,0.9897715880689075,0.00463679656257504,742
752,0.6797116994857788,0.03223923684621511,0.02350139617919922,0.004718607353150327,0.8,0.1,0.05,8,900,1.0,1.5,1.0,"{'colsample_bytree': 0.8, 'gamma': 0.1, 'learning_rate': 0.05, 'max_depth': 8, 'n_estimators': 900, 'reg_alpha': 1.0, 'reg_lambda': 1.5, 'subsample': 1.0}",0.9830746184925907,0.9908321169335286,0.9943541992883981,0.988708263606662,0.9892422995802947,0.004092203632002762,1063
753,1.328288733959198,0.19444806000073728,0.04001587629318237,0.0036322233562221065,0.8,0.1,0.05,8,900,1.0,2.0,0.7,"{'colsample_bytree': 0.8, 'gamma': 0.1, 'learning_rate': 0.05, 'max_depth': 8, 'n_estimators': 900, 'reg_alpha': 1.0, 'reg_lambda': 2.0, 'subsample': 0.7}",0.9823693153475482,0.9908321169335286,0.9957656832081598,0.9908255235816565,0.9899481597677233,0.004817509970363975,633
754,1.316029131412506,0.20538535846675446,0.03576231002807617,0.0028404601116067325,0.8,0.1,0.05,8,900,1.0,2.0,0.85,"{'colsample_bytree': 0.8, 'gamma': 0.1, 'learning_rate': 0.05, 'max_depth': 8, 'n_estimators': 900, 'reg_alpha': 1.0, 'reg_lambda': 2.0, 'subsample': 0.85}",0.9823693153475482,0.9901268607873446,0.995059946520522,0.9901197306558291,0.989418963327811,0.004541762369590205,929
755,0.754371702671051,0.1348385717152981,0.02200150489807129,0.003082776627329706,0.8,0.1,0.05,8,900,1.0,2.0,1.0,"{'colsample_bytree': 0.8, 'gamma': 0.1, 'learning_rate': 0.05, 'max_depth': 8, 'n_estimators': 900, 'reg_alpha': 1.0, 'reg_lambda': 2.0, 'subsample': 1.0}",0.9823693153475482,0.9901268607873446,0.9943541992883981,0.988708263606662,0.9888896597574883,0.0042994085192304176,1219
756,0.8844053149223328,0.10043885141352295,0.029132306575775146,0.0014217407684234695,0.8,0.1,0.1,4,750,0.1,1.0,0.7,"{'colsample_bytree': 0.8, 'gamma': 0.1, 'learning_rate': 0.1, 'max_depth': 4, 'n_estimators': 750, 'reg_alpha': 0.1, 'reg_lambda': 1.0, 'subsample': 0.7}",0.9816625284502379,0.990832153409495,0.9971771221387733,0.9908255235816565,0.9901243318950406,0.005530294947791421,537
757,0.9445372819900513,0.09163302482237375,0.025631427764892578,0.00041106567871896445,0.8,0.1,0.1,4,750,0.1,1.0,0.85,"{'colsample_bytree': 0.8, 'gamma': 0.1, 'learning_rate': 0.1, 'max_depth': 4, 'n_estimators': 750, 'reg_alpha': 0.1, 'reg_lambda': 1.0, 'subsample': 0.85}",0.9830735409682778,0.9922425913464957,0.997177133385926,0.9908255235816565,0.990829697320589,0.005060735937429876,180
758,0.4260031580924988,0.010564088870342929,0.01525193452835083,0.0010859436611481662,0.8,0.1,0.1,4,750,0.1,1.0,1.0,"{'colsample_bytree': 0.8, 'gamma': 0.1, 'learning_rate': 0.1, 'max_depth': 4, 'n_estimators': 750, 'reg_alpha': 0.1, 'reg_lambda': 1.0, 'subsample': 1.0}",0.9858949261522791,0.9901268607873446,0.9936485026692425,0.988002225333439,0.9894181287355763,0.0028642670802049145,1027
759,0.9009079933166504,0.06180286467208712,0.02925264835357666,0.0019209255492027796,0.8,0.1,0.1,4,750,0.1,1.5,0.7,"{'colsample_bytree': 0.8, 'gamma': 0.1, 'learning_rate': 0.1, 'max_depth': 4, 'n_estimators': 750, 'reg_alpha': 0.1, 'reg_lambda': 1.5, 'subsample': 0.7}",0.9816625284502379,0.9915373765867419,0.9971771221387733,0.9915312989325971,0.9904770815270876,0.0055861992914333965,346
760,0.8195106983184814,0.04403068591216428,0.025504767894744873,0.0018064675972346174,0.8,0.1,0.1,4,750,0.1,1.5,0.85,"{'colsample_bytree': 0.8, 'gamma': 0.1, 'learning_rate': 0.1, 'max_depth': 4, 'n_estimators': 750, 'reg_alpha': 0.1, 'reg_lambda': 1.5, 'subsample': 0.85}",0.9830739113827349,0.9922425913464957,0.9978828510938604,0.9894139180456464,0.9906533179671844,0.00533327890330607,262
761,0.447265088558197,0.01800294080714884,0.01550227403640747,0.0005026556736938802,0.8,0.1,0.1,4,750,0.1,1.5,1.0,"{'colsample_bytree': 0.8, 'gamma': 0.1, 'learning_rate': 0.1, 'max_depth': 4, 'n_estimators': 750, 'reg_alpha': 0.1, 'reg_lambda': 1.5, 'subsample': 1.0}",0.984484418767507,0.9908321169335286,0.9929427491104976,0.988002225333439,0.989065377536243,0.0031729660520538523,1199
762,0.8992692232131958,0.03278387457986272,0.02963358163833618,0.0009522672849771557,0.8,0.1,0.1,4,750,0.1,2.0,0.7,"{'colsample_bytree': 0.8, 'gamma': 0.1, 'learning_rate': 0.1, 'max_depth': 4, 'n_estimators': 750, 'reg_alpha': 0.1, 'reg_lambda': 2.0, 'subsample': 0.7}",0.9816625284502379,0.9915373765867419,0.9978828468761907,0.9908255235816565,0.9904770688737068,0.0057833239540262356,347
763,0.7954851984977722,0.03235193726280838,0.0248868465423584,0.0007410015110110641,0.8,0.1,0.1,4,750,0.1,2.0,0.85,"{'colsample_bytree': 0.8, 'gamma': 0.1, 'learning_rate': 0.1, 'max_depth': 4, 'n_estimators': 750, 'reg_alpha': 0.1, 'reg_lambda': 2.0, 'subsample': 0.85}",0.9837793183573613,0.9922425913464957,0.997177133385926,0.9901197306558291,0.990829693436403,0.004808796895329342,182
764,0.4491313099861145,0.020250128026201814,0.01563209295272827,0.00041050779038995087,0.8,0.1,0.1,4,750,0.1,2.0,1.0,"{'colsample_bytree': 0.8, 'gamma': 0.1, 'learning_rate': 0.1, 'max_depth': 4, 'n_estimators': 750, 'reg_alpha': 0.1, 'reg_lambda': 2.0, 'subsample': 1.0}",0.9858951786975421,0.989421589208529,0.9936484394026853,0.9880024404517326,0.9892419119401222,0.0028366653471385583,1110
765,0.8506359457969666,0.03307386317554776,0.02575284242630005,0.0014758053270205332,0.8,0.1,0.1,4,750,0.5,1.0,0.7,"{'colsample_bytree': 0.8, 'gamma': 0.1, 'learning_rate': 0.1, 'max_depth': 4, 'n_estimators': 750, 'reg_alpha': 0.5, 'reg_lambda': 1.0, 'subsample': 0.7}",0.9823684735375408,0.9915373765867419,0.9964714114603177,0.9894139180456464,0.9899477949075617,0.005069898415548437,672
766,0.7864912152290344,0.013310251917493297,0.0206298828125,0.0011975124072554368,0.8,0.1,0.1,4,750,0.5,1.0,0.85,"{'colsample_bytree': 0.8, 'gamma': 0.1, 'learning_rate': 0.1, 'max_depth': 4, 'n_estimators': 750, 'reg_alpha': 0.5, 'reg_lambda': 1.0, 'subsample': 0.85}",0.9830735409682778,0.9915373597517307,0.9978828468761907,0.9887080836414638,0.9903004578094158,0.005333538527430316,483
767,0.4082566499710083,0.0047753799924863775,0.013629496097564697,0.0004133192324532483,0.8,0.1,0.1,4,750,0.5,1.0,1.0,"{'colsample_bytree': 0.8, 'gamma': 0.1, 'learning_rate': 0.1, 'max_depth': 4, 'n_estimators': 750, 'reg_alpha': 0.5, 'reg_lambda': 1.0, 'subsample': 1.0}",0.9837795765103758,0.9894216733848407,0.9936485026692425,0.988708263606662,0.9888895040427803,0.00350269466330595,1249
768,0.8355101346969604,0.033798535229539066,0.026499032974243164,0.0011198217239841777,0.8,0.1,0.1,4,750,0.5,1.5,0.7,"{'colsample_bytree': 0.8, 'gamma': 0.1, 'learning_rate': 0.1, 'max_depth': 4, 'n_estimators': 750, 'reg_alpha': 0.5, 'reg_lambda': 1.5, 'subsample': 0.7}",0.9809574968105822,0.9915373597517307,0.9971771221387733,0.9901197306558291,0.9899479273392289,0.005823334747240808,655
769,0.7407249212265015,0.035958057290485956,0.02274996042251587,0.0010898520523055356,0.8,0.1,0.1,4,750,0.5,1.5,0.85,"{'colsample_bytree': 0.8, 'gamma': 0.1, 'learning_rate': 0.1, 'max_depth': 4, 'n_estimators': 750, 'reg_alpha': 0.5, 'reg_lambda': 1.5, 'subsample': 0.85}",0.9830739113827349,0.9915373597517307,0.9964713903718013,0.9894139180456464,0.9901241448879784,0.004808713864669734,583
770,0.4036223292350769,0.015228515892415794,0.013999760150909424,0.003539088132208677,0.8,0.1,0.1,4,750,0.5,1.5,1.0,"{'colsample_bytree': 0.8, 'gamma': 0.1, 'learning_rate': 0.1, 'max_depth': 4, 'n_estimators': 750, 'reg_alpha': 0.5, 'reg_lambda': 1.5, 'subsample': 1.0}",0.9830739113827349,0.9887164123283938,0.9943541992883981,0.9887080836414638,0.9887131516602476,0.0039881852253673775,1315
771,0.8543999195098877,0.036151136701495376,0.028633713722229004,0.000950452465935688,0.8,0.1,0.1,4,750,0.5,2.0,0.7,"{'colsample_bytree': 0.8, 'gamma': 0.1, 'learning_rate': 0.1, 'max_depth': 4, 'n_estimators': 750, 'reg_alpha': 0.5, 'reg_lambda': 2.0, 'subsample': 0.7}",0.9816630027156343,0.9915373597517307,0.9971771221387733,0.9901197306558291,0.9901243038154919,0.005552760813244025,541
772,1.0763314366340637,0.1932053542129684,0.039512455463409424,0.0116432667596985,0.8,0.1,0.1,4,750,0.5,2.0,0.85,"{'colsample_bytree': 0.8, 'gamma': 0.1, 'learning_rate': 0.1, 'max_depth': 4, 'n_estimators': 750, 'reg_alpha': 0.5, 'reg_lambda': 2.0, 'subsample': 0.85}",0.9823684735375408,0.9915373597517307,0.9964713903718013,0.988002225333439,0.9895948622486279,0.005143372476442526,905
773,0.438643217086792,0.030846909237942945,0.018131017684936523,0.005833341154115042,0.8,0.1,0.1,4,750,0.5,2.0,1.0,"{'colsample_bytree': 0.8, 'gamma': 0.1, 'learning_rate': 0.1, 'max_depth': 4, 'n_estimators': 750, 'reg_alpha': 0.5, 'reg_lambda': 2.0, 'subsample': 1.0}",0.9837795765103758,0.9894216733848407,0.9943542442775466,0.9872965940966467,0.9887130220673525,0.0038298409880312034,1337
774,0.9985606074333191,0.2278427572538959,0.032134413719177246,0.010038366426948052,0.8,0.1,0.1,4,750,1.0,1.0,0.7,"{'colsample_bytree': 0.8, 'gamma': 0.1, 'learning_rate': 0.1, 'max_depth': 4, 'n_estimators': 750, 'reg_alpha': 1.0, 'reg_lambda': 1.0, 'subsample': 0.7}",0.9816637323068047,0.9901268607873446,0.9929428053469331,0.9894139180456464,0.9885368291216823,0.004181793036560554,1398
775,1.1419795751571655,0.26316981861514865,0.03025650978088379,0.006302918424859622,0.8,0.1,0.1,4,750,1.0,1.0,0.85,"{'colsample_bytree': 0.8, 'gamma': 0.1, 'learning_rate': 0.1, 'max_depth': 4, 'n_estimators': 750, 'reg_alpha': 1.0, 'reg_lambda': 1.0, 'subsample': 0.85}",0.9816637323068047,0.989421589208529,0.9964713903718013,0.988002225333439,0.9888897343051435,0.005262298818154403,1208
776,0.5409226417541504,0.13484374414846853,0.018999874591827393,0.005049256687144994,0.8,0.1,0.1,4,750,1.0,1.0,1.0,"{'colsample_bytree': 0.8, 'gamma': 0.1, 'learning_rate': 0.1, 'max_depth': 4, 'n_estimators': 750, 'reg_alpha': 1.0, 'reg_lambda': 1.0, 'subsample': 1.0}",0.9816634039979629,0.9901269197103526,0.9929428053469331,0.9858853295083274,0.9876546146408941,0.004274992051109602,1726
777,0.9465376138687134,0.20380912890434152,0.02538400888442993,0.0010833668400964328,0.8,0.1,0.1,4,750,1.0,1.5,0.7,"{'colsample_bytree': 0.8, 'gamma': 0.1, 'learning_rate': 0.1, 'max_depth': 4, 'n_estimators': 750, 'reg_alpha': 1.0, 'reg_lambda': 1.5, 'subsample': 0.7}",0.9816634039979629,0.9901268607873446,0.9950598973131997,0.9901197306558291,0.989242473188584,0.004817583297945162,1039
778,0.8881505727767944,0.29525386946757687,0.02413123846054077,0.00616805317372977,0.8,0.1,0.1,4,750,1.0,1.5,0.85,"{'colsample_bytree': 0.8, 'gamma': 0.1, 'learning_rate': 0.1, 'max_depth': 4, 'n_estimators': 750, 'reg_alpha': 1.0, 'reg_lambda': 1.5, 'subsample': 0.85}",0.980253250176559,0.9908321169335286,0.9964714114603177,0.988002225333439,0.9888897509759611,0.005844467662614356,1206
779,0.5531744956970215,0.1686497534092935,0.016636013984680176,0.006882477006553385,0.8,0.1,0.1,4,750,1.0,1.5,1.0,"{'colsample_bytree': 0.8, 'gamma': 0.1, 'learning_rate': 0.1, 'max_depth': 4, 'n_estimators': 750, 'reg_alpha': 1.0, 'reg_lambda': 1.5, 'subsample': 1.0}",0.9816634039979629,0.9901269197103526,0.9929428053469331,0.9851796919395991,0.987478205248712,0.004358113684573427,1786
780,1.3796769380569458,0.36160789194957593,0.045515477657318115,0.012801400823122257,0.8,0.1,0.1,4,750,1.0,2.0,0.7,"{'colsample_bytree': 0.8, 'gamma': 0.1, 'learning_rate': 0.1, 'max_depth': 4, 'n_estimators': 750, 'reg_alpha': 1.0, 'reg_lambda': 2.0, 'subsample': 0.7}",0.9823688243014796,0.989421589208529,0.9943541992883981,0.9887080836414638,0.9887131741099676,0.004259513394182691,1309
781,0.9282941818237305,0.3018850044335049,0.028632164001464844,0.011775674868513612,0.8,0.1,0.1,4,750,1.0,2.0,0.85,"{'colsample_bytree': 0.8, 'gamma': 0.1, 'learning_rate': 0.1, 'max_depth': 4, 'n_estimators': 750, 'reg_alpha': 1.0, 'reg_lambda': 2.0, 'subsample': 0.85}",0.9816637323068047,0.9908321169335286,0.995059946520522,0.988002225333439,0.9888895052735736,0.0048694749692058305,1248
782,0.6209396123886108,0.18822805801966955,0.0210036039352417,0.007173513513678568,0.8,0.1,0.1,4,750,1.0,2.0,1.0,"{'colsample_bytree': 0.8, 'gamma': 0.1, 'learning_rate': 0.1, 'max_depth': 4, 'n_estimators': 750, 'reg_alpha': 1.0, 'reg_lambda': 2.0, 'subsample': 1.0}",0.9837795765103758,0.9894216733848407,0.9915314001577777,0.985885498220995,0.9876545370684973,0.003012376800158548,1741
783,1.5529441237449646,0.37085953540325195,0.03901982307434082,0.008093338142115622,0.8,0.1,0.1,4,900,0.1,1.0,0.7,"{'colsample_bytree': 0.8, 'gamma': 0.1, 'learning_rate': 0.1, 'max_depth': 4, 'n_estimators': 900, 'reg_alpha': 0.1, 'reg_lambda': 1.0, 'subsample': 0.7}",0.9816625284502379,0.9915373597517307,0.9957657000788889,0.9908255235816565,0.9899477779656285,0.005142732368824184,676
784,1.1305694580078125,0.2951614187257487,0.0300137996673584,0.0058809836391339005,0.8,0.1,0.1,4,900,0.1,1.0,0.85,"{'colsample_bytree': 0.8, 'gamma': 0.1, 'learning_rate': 0.1, 'max_depth': 4, 'n_estimators': 900, 'reg_alpha': 0.1, 'reg_lambda': 1.0, 'subsample': 0.85}",0.9823684735375408,0.9922425913464957,0.9978828510938604,0.9908255235816565,0.9908298598898884,0.005552827498199878,151
785,0.6026738286018372,0.2060552738714433,0.01588308811187744,0.0007356262692454873,0.8,0.1,0.1,4,900,0.1,1.0,1.0,"{'colsample_bytree': 0.8, 'gamma': 0.1, 'learning_rate': 0.1, 'max_depth': 4, 'n_estimators': 900, 'reg_alpha': 0.1, 'reg_lambda': 1.0, 'subsample': 1.0}",0.9858949261522791,0.9901268607873446,0.9936485026692425,0.988002225333439,0.9894181287355763,0.0028642670802049145,1027
786,1.298477053642273,0.3263693068382336,0.03613394498825073,0.006758051453890248,0.8,0.1,0.1,4,900,0.1,1.5,0.7,"{'colsample_bytree': 0.8, 'gamma': 0.1, 'learning_rate': 0.1, 'max_depth': 4, 'n_estimators': 900, 'reg_alpha': 0.1, 'reg_lambda': 1.5, 'subsample': 0.7}",0.9816625284502379,0.9915373765867419,0.9964714114603177,0.9915312989325971,0.9903006538574737,0.005379113085681576,442
787,0.9480103850364685,0.07277762046260287,0.026385128498077393,0.0015546620104529706,0.8,0.1,0.1,4,900,0.1,1.5,0.85,"{'colsample_bytree': 0.8, 'gamma': 0.1, 'learning_rate': 0.1, 'max_depth': 4, 'n_estimators': 900, 'reg_alpha': 0.1, 'reg_lambda': 1.5, 'subsample': 0.85}",0.9823684735375408,0.9922425913464957,0.997177133385926,0.9901197306558291,0.9904769822314479,0.005335844426317249,365
788,0.6943076848983765,0.12174427865021985,0.018509089946746826,0.003453648039051774,0.8,0.1,0.1,4,900,0.1,1.5,1.0,"{'colsample_bytree': 0.8, 'gamma': 0.1, 'learning_rate': 0.1, 'max_depth': 4, 'n_estimators': 900, 'reg_alpha': 0.1, 'reg_lambda': 1.5, 'subsample': 1.0}",0.984484418767507,0.9908321169335286,0.9929427491104976,0.988002225333439,0.989065377536243,0.0031729660520538523,1199
789,1.0497724413871765,0.06233115306303574,0.03101736307144165,0.0019788740727915777,0.8,0.1,0.1,4,900,0.1,2.0,0.7,"{'colsample_bytree': 0.8, 'gamma': 0.1, 'learning_rate': 0.1, 'max_depth': 4, 'n_estimators': 900, 'reg_alpha': 0.1, 'reg_lambda': 2.0, 'subsample': 0.7}",0.9823680526023909,0.9915373765867419,0.9978828468761907,0.9901197306558291,0.9904770016802882,0.005519366715048876,361
790,1.0022606253623962,0.18206842933135878,0.030131876468658447,0.007258827507978244,0.8,0.1,0.1,4,900,0.1,2.0,0.85,"{'colsample_bytree': 0.8, 'gamma': 0.1, 'learning_rate': 0.1, 'max_depth': 4, 'n_estimators': 900, 'reg_alpha': 0.1, 'reg_lambda': 2.0, 'subsample': 0.85}",0.9837793183573613,0.9922425913464957,0.9978828510938604,0.9908255235816565,0.9911825710948434,0.005023769227901736,47
791,0.5887691974639893,0.09909790324152955,0.017636358737945557,0.0016292091281422565,0.8,0.1,0.1,4,900,0.1,2.0,1.0,"{'colsample_bytree': 0.8, 'gamma': 0.1, 'learning_rate': 0.1, 'max_depth': 4, 'n_estimators': 900, 'reg_alpha': 0.1, 'reg_lambda': 2.0, 'subsample': 1.0}",0.9858951786975421,0.989421589208529,0.9936484394026853,0.9880024404517326,0.9892419119401222,0.0028366653471385583,1110
792,1.2369426488876343,0.13838301727669433,0.036131203174591064,0.0037883360582909296,0.8,0.1,0.1,4,900,0.5,1.0,0.7,"{'colsample_bytree': 0.8, 'gamma': 0.1, 'learning_rate': 0.1, 'max_depth': 4, 'n_estimators': 900, 'reg_alpha': 0.5, 'reg_lambda': 1.0, 'subsample': 0.7}",0.9816630027156343,0.9915373765867419,0.9964714114603177,0.9901197306558291,0.9899478803546308,0.005332721781087157,660
793,0.9304947257041931,0.16748697788342376,0.0265006422996521,0.006689313225152362,0.8,0.1,0.1,4,900,0.5,1.0,0.85,"{'colsample_bytree': 0.8, 'gamma': 0.1, 'learning_rate': 0.1, 'max_depth': 4, 'n_estimators': 900, 'reg_alpha': 0.5, 'reg_lambda': 1.0, 'subsample': 0.85}",0.9830735409682778,0.9915373597517307,0.9971771221387733,0.9887080836414638,0.9901240266250614,0.005085713061651094,607
794,0.5258810520172119,0.07335439632721873,0.018512308597564697,0.005286920171096021,0.8,0.1,0.1,4,900,0.5,1.0,1.0,"{'colsample_bytree': 0.8, 'gamma': 0.1, 'learning_rate': 0.1, 'max_depth': 4, 'n_estimators': 900, 'reg_alpha': 0.5, 'reg_lambda': 1.0, 'subsample': 1.0}",0.9837795765103758,0.9894216733848407,0.9936485026692425,0.988708263606662,0.9888895040427803,0.00350269466330595,1249
795,1.1322877407073975,0.19625378321634074,0.033634722232818604,0.0035936989946144466,0.8,0.1,0.1,4,900,0.5,1.5,0.7,"{'colsample_bytree': 0.8, 'gamma': 0.1, 'learning_rate': 0.1, 'max_depth': 4, 'n_estimators': 900, 'reg_alpha': 0.5, 'reg_lambda': 1.5, 'subsample': 0.7}",0.9816630027156343,0.9915373765867419,0.9964714114603177,0.9908255235816565,0.9901243285860877,0.005347145864204351,538
796,0.8861066102981567,0.04418280068701919,0.024132072925567627,0.0012408631104751102,0.8,0.1,0.1,4,900,0.5,1.5,0.85,"{'colsample_bytree': 0.8, 'gamma': 0.1, 'learning_rate': 0.1, 'max_depth': 4, 'n_estimators': 900, 'reg_alpha': 0.5, 'reg_lambda': 1.5, 'subsample': 0.85}",0.9823684735375408,0.9915373597517307,0.9964713903718013,0.9894139180456464,0.9899477854266798,0.00506989031213327,673
797,0.5210099816322327,0.07110915570727415,0.016749978065490723,0.002385050202667553,0.8,0.1,0.1,4,900,0.5,1.5,1.0,"{'colsample_bytree': 0.8, 'gamma': 0.1, 'learning_rate': 0.1, 'max_depth': 4, 'n_estimators': 900, 'reg_alpha': 0.5, 'reg_lambda': 1.5, 'subsample': 1.0}",0.9830739113827349,0.9887164123283938,0.9943541992883981,0.9887080836414638,0.9887131516602476,0.0039881852253673775,1315
798,1.1307963132858276,0.20269674876254665,0.03001081943511963,0.002630525944630703,0.8,0.1,0.1,4,900,0.5,2.0,0.7,"{'colsample_bytree': 0.8, 'gamma': 0.1, 'learning_rate': 0.1, 'max_depth': 4, 'n_estimators': 900, 'reg_alpha': 0.5, 'reg_lambda': 2.0, 'subsample': 0.7}",0.9816630027156343,0.9915373765867419,0.9964714114603177,0.9901197306558291,0.9899478803546308,0.005332721781087157,660
799,1.0625300407409668,0.1572009900853292,0.026766180992126465,0.0034422783317959176,0.8,0.1,0.1,4,900,0.5,2.0,0.85,"{'colsample_bytree': 0.8, 'gamma': 0.1, 'learning_rate': 0.1, 'max_depth': 4, 'n_estimators': 900, 'reg_alpha': 0.5, 'reg_lambda': 2.0, 'subsample': 0.85}",0.9830739113827349,0.9915373597517307,0.9964713903718013,0.9872965940966467,0.9895948139007285,0.0049715382997319625,914
800,0.5196356773376465,0.07578453101806076,0.016380906105041504,0.002376367843272563,0.8,0.1,0.1,4,900,0.5,2.0,1.0,"{'colsample_bytree': 0.8, 'gamma': 0.1, 'learning_rate': 0.1, 'max_depth': 4, 'n_estimators': 900, 'reg_alpha': 0.5, 'reg_lambda': 2.0, 'subsample': 1.0}",0.9837795765103758,0.9894216733848407,0.9943542442775466,0.9872965940966467,0.9887130220673525,0.0038298409880312034,1337
801,0.9811412692070007,0.1271338079726378,0.02689218521118164,0.0014757421736311521,0.8,0.1,0.1,4,900,1.0,1.0,0.7,"{'colsample_bytree': 0.8, 'gamma': 0.1, 'learning_rate': 0.1, 'max_depth': 4, 'n_estimators': 900, 'reg_alpha': 1.0, 'reg_lambda': 1.0, 'subsample': 0.7}",0.9823688243014796,0.9908321169335286,0.9943542442775466,0.9894139180456464,0.9892422758895503,0.004356994752931533,1069
802,0.924626886844635,0.0911021336067842,0.02476447820663452,0.00340778230337956,0.8,0.1,0.1,4,900,1.0,1.0,0.85,"{'colsample_bytree': 0.8, 'gamma': 0.1, 'learning_rate': 0.1, 'max_depth': 4, 'n_estimators': 900, 'reg_alpha': 1.0, 'reg_lambda': 1.0, 'subsample': 0.85}",0.9816637323068047,0.9901268607873446,0.9964713903718013,0.988002225333439,0.9890660521998473,0.005288913302866046,1127
803,0.4493709206581116,0.01296896345659088,0.014498651027679443,0.0011157966752187041,0.8,0.1,0.1,4,900,1.0,1.0,1.0,"{'colsample_bytree': 0.8, 'gamma': 0.1, 'learning_rate': 0.1, 'max_depth': 4, 'n_estimators': 900, 'reg_alpha': 1.0, 'reg_lambda': 1.0, 'subsample': 1.0}",0.9816634039979629,0.9901269197103526,0.9929428053469331,0.9858853295083274,0.9876546146408941,0.004274992051109602,1726
804,0.9536523818969727,0.04229958364146718,0.026881039142608643,0.0011425054801541732,0.8,0.1,0.1,4,900,1.0,1.5,0.7,"{'colsample_bytree': 0.8, 'gamma': 0.1, 'learning_rate': 0.1, 'max_depth': 4, 'n_estimators': 900, 'reg_alpha': 1.0, 'reg_lambda': 1.5, 'subsample': 0.7}",0.980957951420544,0.9901268607873446,0.995059946520522,0.9908255235816565,0.9892425705775167,0.0051420931250525,1030
805,0.8968735337257385,0.05323779206333333,0.023637473583221436,0.0017186942372460076,0.8,0.1,0.1,4,900,1.0,1.5,0.85,"{'colsample_bytree': 0.8, 'gamma': 0.1, 'learning_rate': 0.1, 'max_depth': 4, 'n_estimators': 900, 'reg_alpha': 1.0, 'reg_lambda': 1.5, 'subsample': 0.85}",0.9802528966131908,0.9908321169335286,0.9964714114603177,0.9872963410115112,0.988713191504637,0.005879283052040165,1304
806,0.4771415591239929,0.020415001295916158,0.015380680561065674,0.0021003628764096256,0.8,0.1,0.1,4,900,1.0,1.5,1.0,"{'colsample_bytree': 0.8, 'gamma': 0.1, 'learning_rate': 0.1, 'max_depth': 4, 'n_estimators': 900, 'reg_alpha': 1.0, 'reg_lambda': 1.5, 'subsample': 1.0}",0.9816634039979629,0.9901269197103526,0.9929428053469331,0.9851796919395991,0.987478205248712,0.004358113684573427,1786
807,0.9974091053009033,0.03226538241876202,0.029748916625976562,0.001478530159421167,0.8,0.1,0.1,4,900,1.0,2.0,0.7,"{'colsample_bytree': 0.8, 'gamma': 0.1, 'learning_rate': 0.1, 'max_depth': 4, 'n_estimators': 900, 'reg_alpha': 1.0, 'reg_lambda': 2.0, 'subsample': 0.7}",0.9816637323068047,0.9901268607873446,0.995059946520522,0.9894139180456464,0.9890661144150794,0.004794982649000123,1120
808,0.9116206765174866,0.044452164577721304,0.025394201278686523,0.004864252495190599,0.8,0.1,0.1,4,900,1.0,2.0,0.85,"{'colsample_bytree': 0.8, 'gamma': 0.1, 'learning_rate': 0.1, 'max_depth': 4, 'n_estimators': 900, 'reg_alpha': 1.0, 'reg_lambda': 2.0, 'subsample': 0.85}",0.9816637323068047,0.9908321169335286,0.9957656494662985,0.988002225333439,0.9890659310100176,0.005097294760901903,1151
809,0.5152694582939148,0.02963887002944781,0.014750361442565918,0.00043394639199729264,0.8,0.1,0.1,4,900,1.0,2.0,1.0,"{'colsample_bytree': 0.8, 'gamma': 0.1, 'learning_rate': 0.1, 'max_depth': 4, 'n_estimators': 900, 'reg_alpha': 1.0, 'reg_lambda': 2.0, 'subsample': 1.0}",0.9837795765103758,0.9894216733848407,0.9915314001577777,0.985885498220995,0.9876545370684973,0.003012376800158548,1741
810,0.9552797675132751,0.021579558419410824,0.03263312578201294,0.0038948071428210533,0.8,0.1,0.1,8,750,0.1,1.0,0.7,"{'colsample_bytree': 0.8, 'gamma': 0.1, 'learning_rate': 0.1, 'max_depth': 8, 'n_estimators': 750, 'reg_alpha': 0.1, 'reg_lambda': 1.0, 'subsample': 0.7}",0.984484418767507,0.9915373765867419,0.9978828468761907,0.9915312989325971,0.9913589852907592,0.004740304587105495,18
811,6.1353020668029785,9.154319404981452,0.02538067102432251,0.001984039914867446,0.8,0.1,0.1,8,750,0.1,1.0,0.85,"{'colsample_bytree': 0.8, 'gamma': 0.1, 'learning_rate': 0.1, 'max_depth': 8, 'n_estimators': 750, 'reg_alpha': 0.1, 'reg_lambda': 1.0, 'subsample': 0.85}",0.9844846965672964,0.9922425913464957,0.9964713903718013,0.9915312989325971,0.9911824943045476,0.004303440093292654,55
812,0.5595558881759644,0.010031559653124241,0.017880260944366455,0.0010294643602037187,0.8,0.1,0.1,8,750,0.1,1.0,1.0,"{'colsample_bytree': 0.8, 'gamma': 0.1, 'learning_rate': 0.1, 'max_depth': 8, 'n_estimators': 750, 'reg_alpha': 0.1, 'reg_lambda': 1.0, 'subsample': 1.0}",0.9873059638694429,0.990832153409495,0.9964713903718013,0.9901197306558291,0.9911823095766421,0.003326113159672669,79
813,0.9888201951980591,0.13620769629350285,0.03175276517868042,0.002944238120689754,0.8,0.1,0.1,8,750,0.1,1.5,0.7,"{'colsample_bytree': 0.8, 'gamma': 0.1, 'learning_rate': 0.1, 'max_depth': 8, 'n_estimators': 750, 'reg_alpha': 0.1, 'reg_lambda': 1.5, 'subsample': 0.7}",0.9837793183573613,0.9915373765867419,0.9978828468761907,0.9908255235816565,0.9910062663504875,0.004995770287287272,89
814,0.9521816968917847,0.07688017925749736,0.02963554859161377,0.003889943914629449,0.8,0.1,0.1,8,750,0.1,1.5,0.85,"{'colsample_bytree': 0.8, 'gamma': 0.1, 'learning_rate': 0.1, 'max_depth': 8, 'n_estimators': 750, 'reg_alpha': 0.1, 'reg_lambda': 1.5, 'subsample': 0.85}",0.9844849126269217,0.9922425913464957,0.9971771221387733,0.9915312989325971,0.9913589812611969,0.004525318856798098,19
815,0.5949508547782898,0.07210774642259593,0.01988399028778076,0.0035377689845426303,0.8,0.1,0.1,8,750,0.1,1.5,1.0,"{'colsample_bytree': 0.8, 'gamma': 0.1, 'learning_rate': 0.1, 'max_depth': 8, 'n_estimators': 750, 'reg_alpha': 0.1, 'reg_lambda': 1.5, 'subsample': 1.0}",0.9866006796641367,0.990832153409495,0.995059946520522,0.9901197306558291,0.9906531275624957,0.0030066156144271956,299
816,1.1447457075119019,0.10287301559445228,0.03851437568664551,0.006487530165611039,0.8,0.1,0.1,8,750,0.1,2.0,0.7,"{'colsample_bytree': 0.8, 'gamma': 0.1, 'learning_rate': 0.1, 'max_depth': 8, 'n_estimators': 750, 'reg_alpha': 0.1, 'reg_lambda': 2.0, 'subsample': 0.7}",0.9823688243014796,0.9915373765867419,0.9978828468761907,0.9915312989325971,0.9908300866742523,0.005530062048894806,141
817,0.876916229724884,0.04853778937032495,0.02525198459625244,0.0016419320003573956,0.8,0.1,0.1,8,750,0.1,2.0,0.85,"{'colsample_bytree': 0.8, 'gamma': 0.1, 'learning_rate': 0.1, 'max_depth': 8, 'n_estimators': 750, 'reg_alpha': 0.1, 'reg_lambda': 2.0, 'subsample': 0.85}",0.9844846965672964,0.9922425913464957,0.997177133385926,0.9915312989325971,0.9913589300580788,0.004525404522015547,21
818,0.5800591111183167,0.051181037150068096,0.019252538681030273,0.0033451991885704918,0.8,0.1,0.1,8,750,0.1,2.0,1.0,"{'colsample_bytree': 0.8, 'gamma': 0.1, 'learning_rate': 0.1, 'max_depth': 8, 'n_estimators': 750, 'reg_alpha': 0.1, 'reg_lambda': 2.0, 'subsample': 1.0}",0.9866006796641367,0.9908321169335286,0.995059946520522,0.988708263606662,0.9903002516812123,0.003128851017107247,522
819,0.9506822824478149,0.06897693633472507,0.0318831205368042,0.005272510807535195,0.8,0.1,0.1,8,750,0.5,1.0,0.7,"{'colsample_bytree': 0.8, 'gamma': 0.1, 'learning_rate': 0.1, 'max_depth': 8, 'n_estimators': 750, 'reg_alpha': 0.5, 'reg_lambda': 1.0, 'subsample': 0.7}",0.9837793183573613,0.9922425913464957,0.9971771221387733,0.9908255235816565,0.9910061388560716,0.004792426468773177,99
820,0.850654661655426,0.0879453558694209,0.025631606578826904,0.006882822269390121,0.8,0.1,0.1,8,750,0.5,1.0,0.85,"{'colsample_bytree': 0.8, 'gamma': 0.1, 'learning_rate': 0.1, 'max_depth': 8, 'n_estimators': 750, 'reg_alpha': 0.5, 'reg_lambda': 1.0, 'subsample': 0.85}",0.9830744501384601,0.9922425913464957,0.9978828468761907,0.9908255235816565,0.9910063529857007,0.005285882981160245,84
821,0.5190504193305969,0.014677992890049799,0.016510725021362305,0.00035389248808480333,0.8,0.1,0.1,8,750,0.5,1.0,1.0,"{'colsample_bytree': 0.8, 'gamma': 0.1, 'learning_rate': 0.1, 'max_depth': 8, 'n_estimators': 750, 'reg_alpha': 0.5, 'reg_lambda': 1.0, 'subsample': 1.0}",0.9858953751153834,0.9915373597517307,0.9964713903718013,0.988708263606662,0.9906530972113943,0.003906813050097484,307
822,1.0500890612602234,0.12155622486432488,0.02876061201095581,0.0042131418334010766,0.8,0.1,0.1,8,750,0.5,1.5,0.7,"{'colsample_bytree': 0.8, 'gamma': 0.1, 'learning_rate': 0.1, 'max_depth': 8, 'n_estimators': 750, 'reg_alpha': 0.5, 'reg_lambda': 1.5, 'subsample': 0.7}",0.9837795765103758,0.9922425913464957,0.9978828468761907,0.9908255235816565,0.9911826345786796,0.005023672715460023,44
823,0.9236682653427124,0.12342533913845469,0.02513056993484497,0.0011463856688008482,0.8,0.1,0.1,8,750,0.5,1.5,0.85,"{'colsample_bytree': 0.8, 'gamma': 0.1, 'learning_rate': 0.1, 'max_depth': 8, 'n_estimators': 750, 'reg_alpha': 0.5, 'reg_lambda': 1.5, 'subsample': 0.85}",0.9830744501384601,0.9922425913464957,0.9971771221387733,0.9908255235816565,0.9908299218013463,0.005060384062138809,145
824,0.5250374674797058,0.013384424283120963,0.016879737377166748,0.0005498949541340249,0.8,0.1,0.1,8,750,0.5,1.5,1.0,"{'colsample_bytree': 0.8, 'gamma': 0.1, 'learning_rate': 0.1, 'max_depth': 8, 'n_estimators': 750, 'reg_alpha': 0.5, 'reg_lambda': 1.5, 'subsample': 1.0}",0.9873059638694429,0.9908321169335286,0.994354131803331,0.9880024404517326,0.9901236632645087,0.0027765890387987215,631
825,1.0610860586166382,0.09392128183180579,0.0331341028213501,0.002311481739046392,0.8,0.1,0.1,8,750,0.5,2.0,0.7,"{'colsample_bytree': 0.8, 'gamma': 0.1, 'learning_rate': 0.1, 'max_depth': 8, 'n_estimators': 750, 'reg_alpha': 0.5, 'reg_lambda': 2.0, 'subsample': 0.7}",0.9837795765103758,0.9915373597517307,0.9978828468761907,0.9908255235816565,0.9910063266799884,0.00499567647837666,85
826,0.8890444040298462,0.10208839852215428,0.026384055614471436,0.00445639232152662,0.8,0.1,0.1,8,750,0.5,2.0,0.85,"{'colsample_bytree': 0.8, 'gamma': 0.1, 'learning_rate': 0.1, 'max_depth': 8, 'n_estimators': 750, 'reg_alpha': 0.5, 'reg_lambda': 2.0, 'subsample': 0.85}",0.9816639876499984,0.9922425913464957,0.9971771221387733,0.9908255235816565,0.9904773061792309,0.00560802114097676,331
827,0.5465518236160278,0.05231176876537995,0.01700073480606079,0.0017340934456587563,0.8,0.1,0.1,8,750,0.5,2.0,1.0,"{'colsample_bytree': 0.8, 'gamma': 0.1, 'learning_rate': 0.1, 'max_depth': 8, 'n_estimators': 750, 'reg_alpha': 0.5, 'reg_lambda': 2.0, 'subsample': 1.0}",0.9851902248919406,0.9908321169335286,0.9950598973131997,0.9880024404517326,0.9897711698976004,0.003647249213006805,821
828,0.9059297442436218,0.11646685389471431,0.02800232172012329,0.0041829688561955,0.8,0.1,0.1,8,750,1.0,1.0,0.7,"{'colsample_bytree': 0.8, 'gamma': 0.1, 'learning_rate': 0.1, 'max_depth': 8, 'n_estimators': 750, 'reg_alpha': 1.0, 'reg_lambda': 1.0, 'subsample': 0.7}",0.9823691049025824,0.9908321169335286,0.9964714114603177,0.9901197306558291,0.9899480909880645,0.005020102143269904,636
829,0.8372830152511597,0.10530792217684465,0.024999022483825684,0.004359430879531369,0.8,0.1,0.1,8,750,1.0,1.0,0.85,"{'colsample_bytree': 0.8, 'gamma': 0.1, 'learning_rate': 0.1, 'max_depth': 8, 'n_estimators': 750, 'reg_alpha': 1.0, 'reg_lambda': 1.0, 'subsample': 0.85}",0.9823691049025824,0.9922425913464957,0.9936485406285719,0.9894139180456464,0.9894185387308242,0.004346341216486601,1009
830,0.5134289860725403,0.023298471337656803,0.016502678394317627,0.0011162234554256527,0.8,0.1,0.1,8,750,1.0,1.0,1.0,"{'colsample_bytree': 0.8, 'gamma': 0.1, 'learning_rate': 0.1, 'max_depth': 8, 'n_estimators': 750, 'reg_alpha': 1.0, 'reg_lambda': 1.0, 'subsample': 1.0}",0.9837798991900891,0.9901268607873446,0.9943541992883981,0.9865909628578188,0.9887129805309127,0.003957924234034724,1350
831,0.9464437365531921,0.08586353518163888,0.029886186122894287,0.003922992316851288,0.8,0.1,0.1,8,750,1.0,1.5,0.7,"{'colsample_bytree': 0.8, 'gamma': 0.1, 'learning_rate': 0.1, 'max_depth': 8, 'n_estimators': 750, 'reg_alpha': 1.0, 'reg_lambda': 1.5, 'subsample': 0.7}",0.9823691049025824,0.9901268607873446,0.9957656832081598,0.9908255235816565,0.9897717931199359,0.004794865278802154,732
832,0.9369193911552429,0.0934844772474949,0.02588629722595215,0.005530705048810856,0.8,0.1,0.1,8,750,1.0,1.5,0.85,"{'colsample_bytree': 0.8, 'gamma': 0.1, 'learning_rate': 0.1, 'max_depth': 8, 'n_estimators': 750, 'reg_alpha': 1.0, 'reg_lambda': 1.5, 'subsample': 0.85}",0.9816639876499984,0.9915373597517307,0.9957657000788889,0.9887080836414638,0.9894187827805204,0.005133557936701776,954
833,0.5227956175804138,0.05911960074007701,0.015999436378479004,0.0007069718449778324,0.8,0.1,0.1,8,750,1.0,1.5,1.0,"{'colsample_bytree': 0.8, 'gamma': 0.1, 'learning_rate': 0.1, 'max_depth': 8, 'n_estimators': 750, 'reg_alpha': 1.0, 'reg_lambda': 1.5, 'subsample': 1.0}",0.9830744501384601,0.9908321169335286,0.9950598973131997,0.9865907224314905,0.9888892967041696,0.004498520495383312,1275
834,0.9999606609344482,0.1258696640404096,0.030133068561553955,0.003333291743819434,0.8,0.1,0.1,8,750,1.0,2.0,0.7,"{'colsample_bytree': 0.8, 'gamma': 0.1, 'learning_rate': 0.1, 'max_depth': 8, 'n_estimators': 750, 'reg_alpha': 1.0, 'reg_lambda': 2.0, 'subsample': 0.7}",0.9823688243014796,0.9901268607873446,0.995059946520522,0.9894139180456464,0.9892423874137481,0.004524974577979028,1046
835,0.864662230014801,0.10604409892830485,0.026383042335510254,0.00462807816918156,0.8,0.1,0.1,8,750,1.0,2.0,0.85,"{'colsample_bytree': 0.8, 'gamma': 0.1, 'learning_rate': 0.1, 'max_depth': 8, 'n_estimators': 750, 'reg_alpha': 1.0, 'reg_lambda': 2.0, 'subsample': 0.85}",0.980958633294789,0.9922425913464957,0.9964714184897671,0.9872963410115112,0.9892422460356407,0.0057807394154900564,1077
836,0.5036661624908447,0.00943634348687608,0.016255557537078857,0.0008243344761858729,0.8,0.1,0.1,8,750,1.0,2.0,1.0,"{'colsample_bytree': 0.8, 'gamma': 0.1, 'learning_rate': 0.1, 'max_depth': 8, 'n_estimators': 750, 'reg_alpha': 1.0, 'reg_lambda': 2.0, 'subsample': 1.0}",0.9837798991900891,0.9901268607873446,0.9943541992883981,0.9872963410115112,0.9888893250693358,0.00387427980105716,1273
837,1.1138599514961243,0.11556623416755415,0.034628987312316895,0.0037033499123683786,0.8,0.1,0.1,8,900,0.1,1.0,0.7,"{'colsample_bytree': 0.8, 'gamma': 0.1, 'learning_rate': 0.1, 'max_depth': 8, 'n_estimators': 900, 'reg_alpha': 0.1, 'reg_lambda': 1.0, 'subsample': 0.7}",0.9837793183573613,0.9915373765867419,0.9978828468761907,0.9915312989325971,0.9911827101882227,0.004998733454727868,38
838,1.1274868249893188,0.09770083627550359,0.03076028823852539,0.004235125869401298,0.8,0.1,0.1,8,900,0.1,1.0,0.85,"{'colsample_bytree': 0.8, 'gamma': 0.1, 'learning_rate': 0.1, 'max_depth': 8, 'n_estimators': 900, 'reg_alpha': 0.1, 'reg_lambda': 1.0, 'subsample': 0.85}",0.9844846965672964,0.9922425913464957,0.9964713903718013,0.9915312989325971,0.9911824943045476,0.004303440093292654,55
839,0.5874329209327698,0.0067555557579905045,0.018633723258972168,0.0008185560445458428,0.8,0.1,0.1,8,900,0.1,1.0,1.0,"{'colsample_bytree': 0.8, 'gamma': 0.1, 'learning_rate': 0.1, 'max_depth': 8, 'n_estimators': 900, 'reg_alpha': 0.1, 'reg_lambda': 1.0, 'subsample': 1.0}",0.9873059638694429,0.990832153409495,0.9964713903718013,0.9901197306558291,0.9911823095766421,0.003326113159672669,79
840,1.137598693370819,0.13668015476183182,0.03613358736038208,0.005166008571425496,0.8,0.1,0.1,8,900,0.1,1.5,0.7,"{'colsample_bytree': 0.8, 'gamma': 0.1, 'learning_rate': 0.1, 'max_depth': 8, 'n_estimators': 900, 'reg_alpha': 0.1, 'reg_lambda': 1.5, 'subsample': 0.7}",0.9837793183573613,0.9915373765867419,0.9971771221387733,0.9908255235816565,0.9908298351661333,0.0047565342591917486,155
841,1.095586121082306,0.12094728385020675,0.030399322509765625,0.004338018797223438,0.8,0.1,0.1,8,900,0.1,1.5,0.85,"{'colsample_bytree': 0.8, 'gamma': 0.1, 'learning_rate': 0.1, 'max_depth': 8, 'n_estimators': 900, 'reg_alpha': 0.1, 'reg_lambda': 1.5, 'subsample': 0.85}",0.9844849126269217,0.9922425913464957,0.9971771221387733,0.9915312989325971,0.9913589812611969,0.004525318856798098,19
842,0.6245647072792053,0.05346795791529009,0.019754230976104736,0.0014799140386515233,0.8,0.1,0.1,8,900,0.1,1.5,1.0,"{'colsample_bytree': 0.8, 'gamma': 0.1, 'learning_rate': 0.1, 'max_depth': 8, 'n_estimators': 900, 'reg_alpha': 0.1, 'reg_lambda': 1.5, 'subsample': 1.0}",0.9866006796641367,0.990832153409495,0.995059946520522,0.9901197306558291,0.9906531275624957,0.0030066156144271956,299
843,1.1706191897392273,0.13362344478839366,0.0381321907043457,0.005266184569460587,0.8,0.1,0.1,8,900,0.1,2.0,0.7,"{'colsample_bytree': 0.8, 'gamma': 0.1, 'learning_rate': 0.1, 'max_depth': 8, 'n_estimators': 900, 'reg_alpha': 0.1, 'reg_lambda': 2.0, 'subsample': 0.7}",0.9823684735375408,0.9915373765867419,0.997177133385926,0.9915312989325971,0.9906535706107015,0.005309218982212291,218
844,1.228389024734497,0.10268250328669111,0.032250404357910156,0.004147486186644546,0.8,0.1,0.1,8,900,0.1,2.0,0.85,"{'colsample_bytree': 0.8, 'gamma': 0.1, 'learning_rate': 0.1, 'max_depth': 8, 'n_estimators': 900, 'reg_alpha': 0.1, 'reg_lambda': 2.0, 'subsample': 0.85}",0.9837793183573613,0.9922425913464957,0.997177133385926,0.9915312989325971,0.991182585505595,0.004795523490574609,45
845,0.6407102346420288,0.08684907554098313,0.018380165100097656,0.0009664095429715627,0.8,0.1,0.1,8,900,0.1,2.0,1.0,"{'colsample_bytree': 0.8, 'gamma': 0.1, 'learning_rate': 0.1, 'max_depth': 8, 'n_estimators': 900, 'reg_alpha': 0.1, 'reg_lambda': 2.0, 'subsample': 1.0}",0.9866006796641367,0.9908321169335286,0.995059946520522,0.988708263606662,0.9903002516812123,0.003128851017107247,522
846,1.0512049794197083,0.15263895776185427,0.0312536358833313,0.0056782998078137486,0.8,0.1,0.1,8,900,0.5,1.0,0.7,"{'colsample_bytree': 0.8, 'gamma': 0.1, 'learning_rate': 0.1, 'max_depth': 8, 'n_estimators': 900, 'reg_alpha': 0.5, 'reg_lambda': 1.0, 'subsample': 0.7}",0.9837793183573613,0.9922425913464957,0.9964714114603177,0.9908255235816565,0.9908297111864577,0.004569821356117456,175
847,1.064694583415985,0.13280044508721184,0.027763545513153076,0.0050731474876767975,0.8,0.1,0.1,8,900,0.5,1.0,0.85,"{'colsample_bytree': 0.8, 'gamma': 0.1, 'learning_rate': 0.1, 'max_depth': 8, 'n_estimators': 900, 'reg_alpha': 0.5, 'reg_lambda': 1.0, 'subsample': 0.85}",0.9837797701197444,0.9922425913464957,0.9978828468761907,0.9908255235816565,0.9911826829810217,0.00502360138828579,39
848,0.5684205293655396,0.020356677809932583,0.017510414123535156,0.0006041797526118737,0.8,0.1,0.1,8,900,0.5,1.0,1.0,"{'colsample_bytree': 0.8, 'gamma': 0.1, 'learning_rate': 0.1, 'max_depth': 8, 'n_estimators': 900, 'reg_alpha': 0.5, 'reg_lambda': 1.0, 'subsample': 1.0}",0.9858953751153834,0.9915373597517307,0.9964713903718013,0.988708263606662,0.9906530972113943,0.003906813050097484,307
849,1.0923458337783813,0.08760852666435638,0.030757904052734375,0.0010326586158095436,0.8,0.1,0.1,8,900,0.5,1.5,0.7,"{'colsample_bytree': 0.8, 'gamma': 0.1, 'learning_rate': 0.1, 'max_depth': 8, 'n_estimators': 900, 'reg_alpha': 0.5, 'reg_lambda': 1.5, 'subsample': 0.7}",0.9844846965672964,0.9922425913464957,0.9978828468761907,0.9901197306558291,0.991182466361453,0.004796052841183885,60
850,1.0348255634307861,0.10502505411691368,0.02687901258468628,0.0018166585394358763,0.8,0.1,0.1,8,900,0.5,1.5,0.85,"{'colsample_bytree': 0.8, 'gamma': 0.1, 'learning_rate': 0.1, 'max_depth': 8, 'n_estimators': 900, 'reg_alpha': 0.5, 'reg_lambda': 1.5, 'subsample': 0.85}",0.9823691049025824,0.9922425913464957,0.9978828468761907,0.9908255235816565,0.9908300166767314,0.005552585642245875,142
851,0.5920590162277222,0.06306970555154738,0.01738274097442627,0.0010872095625222326,0.8,0.1,0.1,8,900,0.5,1.5,1.0,"{'colsample_bytree': 0.8, 'gamma': 0.1, 'learning_rate': 0.1, 'max_depth': 8, 'n_estimators': 900, 'reg_alpha': 0.5, 'reg_lambda': 1.5, 'subsample': 1.0}",0.9873059638694429,0.9908321169335286,0.994354131803331,0.9880024404517326,0.9901236632645087,0.0027765890387987215,631
852,1.1798664331436157,0.08242241628412025,0.03713470697402954,0.005424243530490372,0.8,0.1,0.1,8,900,0.5,2.0,0.7,"{'colsample_bytree': 0.8, 'gamma': 0.1, 'learning_rate': 0.1, 'max_depth': 8, 'n_estimators': 900, 'reg_alpha': 0.5, 'reg_lambda': 2.0, 'subsample': 0.7}",0.9844846965672964,0.9922425913464957,0.9978828468761907,0.9908255235816565,0.9913589145929098,0.004766601422298074,25
853,1.0314435958862305,0.14149769230322062,0.031131982803344727,0.007021890853246282,0.8,0.1,0.1,8,900,0.5,2.0,0.85,"{'colsample_bytree': 0.8, 'gamma': 0.1, 'learning_rate': 0.1, 'max_depth': 8, 'n_estimators': 900, 'reg_alpha': 0.5, 'reg_lambda': 2.0, 'subsample': 0.85}",0.9816639876499984,0.9922425913464957,0.9971771221387733,0.9908255235816565,0.9904773061792309,0.00560802114097676,331
854,0.6056788563728333,0.04872899565341119,0.01800525188446045,0.0007088508034798622,0.8,0.1,0.1,8,900,0.5,2.0,1.0,"{'colsample_bytree': 0.8, 'gamma': 0.1, 'learning_rate': 0.1, 'max_depth': 8, 'n_estimators': 900, 'reg_alpha': 0.5, 'reg_lambda': 2.0, 'subsample': 1.0}",0.9851902248919406,0.9908321169335286,0.9950598973131997,0.9880024404517326,0.9897711698976004,0.003647249213006805,821
855,0.9714300036430359,0.040553015695395836,0.026753604412078857,0.0010899556572713047,0.8,0.1,0.1,8,900,1.0,1.0,0.7,"{'colsample_bytree': 0.8, 'gamma': 0.1, 'learning_rate': 0.1, 'max_depth': 8, 'n_estimators': 900, 'reg_alpha': 1.0, 'reg_lambda': 1.0, 'subsample': 0.7}",0.9830742144370506,0.9908321169335286,0.9957656832081598,0.9901197306558291,0.9899479363086421,0.004525083425473892,653
856,1.0202046036720276,0.11394352137335133,0.02625519037246704,0.007464328002623716,0.8,0.1,0.1,8,900,1.0,1.0,0.85,"{'colsample_bytree': 0.8, 'gamma': 0.1, 'learning_rate': 0.1, 'max_depth': 8, 'n_estimators': 900, 'reg_alpha': 1.0, 'reg_lambda': 1.0, 'subsample': 0.85}",0.9837795765103758,0.9922425913464957,0.995059946520522,0.9894139180456464,0.99012400810576,0.004171568144721788,611
857,0.556303858757019,0.024956567445249503,0.016505300998687744,0.001122354054095581,0.8,0.1,0.1,8,900,1.0,1.0,1.0,"{'colsample_bytree': 0.8, 'gamma': 0.1, 'learning_rate': 0.1, 'max_depth': 8, 'n_estimators': 900, 'reg_alpha': 1.0, 'reg_lambda': 1.0, 'subsample': 1.0}",0.9837798991900891,0.9901268607873446,0.9943541992883981,0.9865909628578188,0.9887129805309127,0.003957924234034724,1350
858,1.1881248354911804,0.1101621566225171,0.03489565849304199,0.005149496481419644,0.8,0.1,0.1,8,900,1.0,1.5,0.7,"{'colsample_bytree': 0.8, 'gamma': 0.1, 'learning_rate': 0.1, 'max_depth': 8, 'n_estimators': 900, 'reg_alpha': 1.0, 'reg_lambda': 1.5, 'subsample': 0.7}",0.9837793183573613,0.9908321169335286,0.9964714114603177,0.9908255235816565,0.990477092583216,0.0045010966672270605,345
859,1.1042150259017944,0.11125968247270987,0.03151440620422363,0.007411981556509761,0.8,0.1,0.1,8,900,1.0,1.5,0.85,"{'colsample_bytree': 0.8, 'gamma': 0.1, 'learning_rate': 0.1, 'max_depth': 8, 'n_estimators': 900, 'reg_alpha': 1.0, 'reg_lambda': 1.5, 'subsample': 0.85}",0.9823693153475482,0.9915373597517307,0.9957657000788889,0.9887080836414638,0.9895951147049079,0.0048694825222971565,863
860,0.5851881504058838,0.045647313509912774,0.0180017352104187,0.0014144488627023841,0.8,0.1,0.1,8,900,1.0,1.5,1.0,"{'colsample_bytree': 0.8, 'gamma': 0.1, 'learning_rate': 0.1, 'max_depth': 8, 'n_estimators': 900, 'reg_alpha': 1.0, 'reg_lambda': 1.5, 'subsample': 1.0}",0.9830744501384601,0.9908321169335286,0.9950598973131997,0.9865907224314905,0.9888892967041696,0.004498520495383312,1275
861,1.004683017730713,0.035833292017901475,0.02950185537338257,0.0008671722653873377,0.8,0.1,0.1,8,900,1.0,2.0,0.7,"{'colsample_bytree': 0.8, 'gamma': 0.1, 'learning_rate': 0.1, 'max_depth': 8, 'n_estimators': 900, 'reg_alpha': 1.0, 'reg_lambda': 2.0, 'subsample': 0.7}",0.9830742144370506,0.9908321169335286,0.995059946520522,0.9901197306558291,0.9897715021367326,0.004303123092053042,761
862,0.9887856841087341,0.1690822608255476,0.028024256229400635,0.007830320286546117,0.8,0.1,0.1,8,900,1.0,2.0,0.85,"{'colsample_bytree': 0.8, 'gamma': 0.1, 'learning_rate': 0.1, 'max_depth': 8, 'n_estimators': 900, 'reg_alpha': 1.0, 'reg_lambda': 2.0, 'subsample': 0.85}",0.980958633294789,0.9922425913464957,0.9964714184897671,0.9872963410115112,0.9892422460356407,0.0057807394154900564,1077
863,0.663205623626709,0.08961188750721975,0.02150142192840576,0.006061944958455286,0.8,0.1,0.1,8,900,1.0,2.0,1.0,"{'colsample_bytree': 0.8, 'gamma': 0.1, 'learning_rate': 0.1, 'max_depth': 8, 'n_estimators': 900, 'reg_alpha': 1.0, 'reg_lambda': 2.0, 'subsample': 1.0}",0.9837798991900891,0.9901268607873446,0.9943541992883981,0.9872963410115112,0.9888893250693358,0.00387427980105716,1273
864,1.1610990762710571,0.1600756589466044,0.03901594877243042,0.00644090269917934,0.8,0.2,0.05,4,750,0.1,1.0,0.7,"{'colsample_bytree': 0.8, 'gamma': 0.2, 'learning_rate': 0.05, 'max_depth': 4, 'n_estimators': 750, 'reg_alpha': 0.1, 'reg_lambda': 1.0, 'subsample': 0.7}",0.9823680526023909,0.9922425913464957,0.995059946520522,0.9894139180456464,0.9897711271287638,0.004717331255865428,831
865,1.1498571038246155,0.15628112258093668,0.033630549907684326,0.004210267020699974,0.8,0.2,0.05,4,750,0.1,1.0,0.85,"{'colsample_bytree': 0.8, 'gamma': 0.2, 'learning_rate': 0.05, 'max_depth': 4, 'n_estimators': 750, 'reg_alpha': 0.1, 'reg_lambda': 1.0, 'subsample': 0.85}",0.9837789956545375,0.9922425913464957,0.9957656494662985,0.9908255235816565,0.990653190012247,0.004357398455424484,283
866,0.5200396776199341,0.017734572058537887,0.017000854015350342,0.0007107657803723746,0.8,0.2,0.05,4,750,0.1,1.0,1.0,"{'colsample_bytree': 0.8, 'gamma': 0.2, 'learning_rate': 0.05, 'max_depth': 4, 'n_estimators': 750, 'reg_alpha': 0.1, 'reg_lambda': 1.0, 'subsample': 1.0}",0.9816634039979629,0.9901268607873446,0.9957656494662985,0.9887080836414638,0.9890659994732675,0.005023376859008328,1138
867,0.9282888770103455,0.03904450335644995,0.030759572982788086,0.0020168193164889674,0.8,0.2,0.05,4,750,0.1,1.5,0.7,"{'colsample_bytree': 0.8, 'gamma': 0.2, 'learning_rate': 0.05, 'max_depth': 4, 'n_estimators': 750, 'reg_alpha': 0.1, 'reg_lambda': 1.5, 'subsample': 0.7}",0.9809574968105822,0.9922425913464957,0.9957656494662985,0.9901197306558291,0.9897713670698014,0.005473665065773976,793
868,1.111982822418213,0.20609764163397565,0.032501935958862305,0.009552506680919875,0.8,0.2,0.05,4,750,0.1,1.5,0.85,"{'colsample_bytree': 0.8, 'gamma': 0.2, 'learning_rate': 0.05, 'max_depth': 4, 'n_estimators': 750, 'reg_alpha': 0.1, 'reg_lambda': 1.5, 'subsample': 0.85}",0.9830739113827349,0.9922425913464957,0.9971771221387733,0.9908255235816565,0.990829787112415,0.005060590485620387,166
869,0.5894404053688049,0.10752984381249675,0.021385014057159424,0.007054641522411214,0.8,0.2,0.05,4,750,0.1,1.5,1.0,"{'colsample_bytree': 0.8, 'gamma': 0.2, 'learning_rate': 0.05, 'max_depth': 4, 'n_estimators': 750, 'reg_alpha': 0.1, 'reg_lambda': 1.5, 'subsample': 1.0}",0.9823691049025824,0.989421589208529,0.995059946520522,0.9887080836414638,0.9888896810682744,0.004497387941318922,1212
870,1.147112488746643,0.2635178441166268,0.034001708030700684,0.006362330616241362,0.8,0.2,0.05,4,750,0.1,2.0,0.7,"{'colsample_bytree': 0.8, 'gamma': 0.2, 'learning_rate': 0.05, 'max_depth': 4, 'n_estimators': 750, 'reg_alpha': 0.1, 'reg_lambda': 2.0, 'subsample': 0.7}",0.9795474293035473,0.9901268607873446,0.995059946520522,0.9894139180456464,0.9885370386642651,0.005627118605290967,1375
871,1.2686495184898376,0.26723955035411306,0.03563547134399414,0.00914359372621528,0.8,0.2,0.05,4,750,0.1,2.0,0.85,"{'colsample_bytree': 0.8, 'gamma': 0.2, 'learning_rate': 0.05, 'max_depth': 4, 'n_estimators': 750, 'reg_alpha': 0.1, 'reg_lambda': 2.0, 'subsample': 0.85}",0.9830739113827349,0.9908321169335286,0.9964713903718013,0.9901197306558291,0.9901242873359735,0.004756431475695001,543
872,0.6280685663223267,0.17659252771397255,0.021002531051635742,0.0036739059636997917,0.8,0.2,0.05,4,750,0.1,2.0,1.0,"{'colsample_bytree': 0.8, 'gamma': 0.2, 'learning_rate': 0.05, 'max_depth': 4, 'n_estimators': 750, 'reg_alpha': 0.1, 'reg_lambda': 2.0, 'subsample': 1.0}",0.9830739113827349,0.9894216733848407,0.9943542442775466,0.9894139180456464,0.9890659367726922,0.004003692172337356,1148
873,1.3485474586486816,0.24160484280820507,0.039002418518066406,0.007837726781870561,0.8,0.2,0.05,4,750,0.5,1.0,0.7,"{'colsample_bytree': 0.8, 'gamma': 0.2, 'learning_rate': 0.05, 'max_depth': 4, 'n_estimators': 750, 'reg_alpha': 0.5, 'reg_lambda': 1.0, 'subsample': 0.7}",0.9816630027156343,0.9901268607873446,0.9950598973131997,0.9887080836414638,0.9888894611144107,0.004792182165017312,1255
874,0.9881855845451355,0.22703368371498253,0.027002155780792236,0.008096693177763245,0.8,0.2,0.05,4,750,0.5,1.0,0.85,"{'colsample_bytree': 0.8, 'gamma': 0.2, 'learning_rate': 0.05, 'max_depth': 4, 'n_estimators': 750, 'reg_alpha': 0.5, 'reg_lambda': 1.0, 'subsample': 0.85}",0.9823684735375408,0.9908321169335286,0.995059946520522,0.9894139180456464,0.9894186137593094,0.004569658787660873,996
875,0.49164825677871704,0.021598770775834737,0.017135024070739746,0.0012480466539351181,0.8,0.2,0.05,4,750,0.5,1.0,1.0,"{'colsample_bytree': 0.8, 'gamma': 0.2, 'learning_rate': 0.05, 'max_depth': 4, 'n_estimators': 750, 'reg_alpha': 0.5, 'reg_lambda': 1.0, 'subsample': 1.0}",0.9830742144370506,0.989421589208529,0.9936485026692425,0.9872965940966467,0.9883602251028673,0.003813318537059837,1504
876,1.1698732376098633,0.211775481192849,0.037263333797454834,0.01000880019640079,0.8,0.2,0.05,4,750,0.5,1.5,0.7,"{'colsample_bytree': 0.8, 'gamma': 0.2, 'learning_rate': 0.05, 'max_depth': 4, 'n_estimators': 750, 'reg_alpha': 0.5, 'reg_lambda': 1.5, 'subsample': 0.7}",0.9795469410187734,0.9901268607873446,0.9936485026692425,0.988002225333439,0.9878311324521998,0.005190598840947664,1659
877,0.8116325736045837,0.0293807393375006,0.024250447750091553,0.002947278340217347,0.8,0.2,0.05,4,750,0.5,1.5,0.85,"{'colsample_bytree': 0.8, 'gamma': 0.2, 'learning_rate': 0.05, 'max_depth': 4, 'n_estimators': 750, 'reg_alpha': 0.5, 'reg_lambda': 1.5, 'subsample': 0.85}",0.9816630027156343,0.989421589208529,0.9943542442775466,0.9894139180456464,0.9887131885618391,0.004542011760757826,1307
878,0.6427034139633179,0.15258412738500346,0.02238363027572632,0.006457352228370666,0.8,0.2,0.05,4,750,0.5,1.5,1.0,"{'colsample_bytree': 0.8, 'gamma': 0.2, 'learning_rate': 0.05, 'max_depth': 4, 'n_estimators': 750, 'reg_alpha': 0.5, 'reg_lambda': 1.5, 'subsample': 1.0}",0.9816634039979629,0.9894216733848407,0.9929428053469331,0.9872967965574946,0.9878311698218079,0.0040922307293560925,1654
879,1.3031592965126038,0.2867797794706776,0.04290121793746948,0.01140686166525573,0.8,0.2,0.05,4,750,0.5,2.0,0.7,"{'colsample_bytree': 0.8, 'gamma': 0.2, 'learning_rate': 0.05, 'max_depth': 4, 'n_estimators': 750, 'reg_alpha': 0.5, 'reg_lambda': 2.0, 'subsample': 0.7}",0.9802519537156409,0.989421589208529,0.9943541992883981,0.9872963410115112,0.9878310208060198,0.0050697609854692335,1681
880,1.1317404508590698,0.30956056075020366,0.03650277853012085,0.010732942680536291,0.8,0.2,0.05,4,750,0.5,2.0,0.85,"{'colsample_bytree': 0.8, 'gamma': 0.2, 'learning_rate': 0.05, 'max_depth': 4, 'n_estimators': 750, 'reg_alpha': 0.5, 'reg_lambda': 2.0, 'subsample': 0.85}",0.9816634039979629,0.989421589208529,0.9943542442775466,0.9887080836414638,0.9885368302813756,0.004524887306576636,1397
881,0.6834678649902344,0.1935358864638052,0.022000014781951904,0.006633038381670823,0.8,0.2,0.05,4,750,0.5,2.0,1.0,"{'colsample_bytree': 0.8, 'gamma': 0.2, 'learning_rate': 0.05, 'max_depth': 4, 'n_estimators': 750, 'reg_alpha': 0.5, 'reg_lambda': 2.0, 'subsample': 1.0}",0.9823688243014796,0.9901268607873446,0.992237105212699,0.9865909628578188,0.9878309382898356,0.0037435876963316465,1691
882,1.20525723695755,0.3271704201945312,0.03338301181793213,0.006619686474352262,0.8,0.2,0.05,4,750,1.0,1.0,0.7,"{'colsample_bytree': 0.8, 'gamma': 0.2, 'learning_rate': 0.05, 'max_depth': 4, 'n_estimators': 750, 'reg_alpha': 1.0, 'reg_lambda': 1.0, 'subsample': 0.7}",0.9802524644629909,0.989421589208529,0.9936485026692425,0.9872965940966467,0.9876547876093523,0.0048468778266454945,1704
883,1.1817432641983032,0.2405338735400063,0.02713066339492798,0.003135428970754103,0.8,0.2,0.05,4,750,1.0,1.0,0.85,"{'colsample_bytree': 0.8, 'gamma': 0.2, 'learning_rate': 0.05, 'max_depth': 4, 'n_estimators': 750, 'reg_alpha': 1.0, 'reg_lambda': 1.0, 'subsample': 0.85}",0.9823688243014796,0.9901268607873446,0.9929428053469331,0.9872965940966467,0.9881837711331011,0.0039059151872976017,1563
884,0.4633999466896057,0.014620350128980164,0.015253543853759766,0.00043924457955579516,0.8,0.2,0.05,4,750,1.0,1.0,1.0,"{'colsample_bytree': 0.8, 'gamma': 0.2, 'learning_rate': 0.05, 'max_depth': 4, 'n_estimators': 750, 'reg_alpha': 1.0, 'reg_lambda': 1.0, 'subsample': 1.0}",0.9809583302455981,0.9880111344363328,0.9915314001577777,0.9844738624591601,0.9862436818247172,0.003941797045945198,1917
885,1.033696472644806,0.2591086676502103,0.027882874011993408,0.002409237498542841,0.8,0.2,0.05,4,750,1.0,1.5,0.7,"{'colsample_bytree': 0.8, 'gamma': 0.2, 'learning_rate': 0.05, 'max_depth': 4, 'n_estimators': 750, 'reg_alpha': 1.0, 'reg_lambda': 1.5, 'subsample': 0.7}",0.9795474293035473,0.989421589208529,0.9929428053469331,0.9872965940966467,0.987302104488914,0.004910314125422724,1812
886,0.8688949346542358,0.08671384415618427,0.025133728981018066,0.005061634998801681,0.8,0.2,0.05,4,750,1.0,1.5,0.85,"{'colsample_bytree': 0.8, 'gamma': 0.2, 'learning_rate': 0.05, 'max_depth': 4, 'n_estimators': 750, 'reg_alpha': 1.0, 'reg_lambda': 1.5, 'subsample': 0.85}",0.9823688243014796,0.989421589208529,0.9929428053469331,0.9872965940966467,0.9880074532383971,0.003829390877962994,1613
887,0.708958089351654,0.1317762115335356,0.0277632474899292,0.008322146195961617,0.8,0.2,0.05,4,750,1.0,1.5,1.0,"{'colsample_bytree': 0.8, 'gamma': 0.2, 'learning_rate': 0.05, 'max_depth': 4, 'n_estimators': 750, 'reg_alpha': 1.0, 'reg_lambda': 1.5, 'subsample': 1.0}",0.9802528966131908,0.9887164123283938,0.9929428334648147,0.9865911498501135,0.9871258230641282,0.004579589983150008,1843
888,1.09196537733078,0.2113893146340924,0.031395554542541504,0.006532037498449935,0.8,0.2,0.05,4,750,1.0,2.0,0.7,"{'colsample_bytree': 0.8, 'gamma': 0.2, 'learning_rate': 0.05, 'max_depth': 4, 'n_estimators': 750, 'reg_alpha': 1.0, 'reg_lambda': 2.0, 'subsample': 0.7}",0.9830742144370506,0.989421589208529,0.9929428053469331,0.9872965940966467,0.9881838007722898,0.0035733476236203474,1561
889,1.0253194570541382,0.2072117268490091,0.026382386684417725,0.005980356096614516,0.8,0.2,0.05,4,750,1.0,2.0,0.85,"{'colsample_bytree': 0.8, 'gamma': 0.2, 'learning_rate': 0.05, 'max_depth': 4, 'n_estimators': 750, 'reg_alpha': 1.0, 'reg_lambda': 2.0, 'subsample': 0.85}",0.9823688243014796,0.989421589208529,0.9929428053469331,0.9880024404517326,0.9881839148271686,0.003808775643966109,1553
890,0.518797755241394,0.04454316046904816,0.017252326011657715,0.0027781945546683368,0.8,0.2,0.05,4,750,1.0,2.0,1.0,"{'colsample_bytree': 0.8, 'gamma': 0.2, 'learning_rate': 0.05, 'max_depth': 4, 'n_estimators': 750, 'reg_alpha': 1.0, 'reg_lambda': 2.0, 'subsample': 1.0}",0.980958633294789,0.989421589208529,0.9915313664163197,0.9858853295083274,0.9869492296069913,0.004003987616565069,1867
891,1.459324300289154,0.20040083121799798,0.044148385524749756,0.007223423953684674,0.8,0.2,0.05,4,900,0.1,1.0,0.7,"{'colsample_bytree': 0.8, 'gamma': 0.2, 'learning_rate': 0.05, 'max_depth': 4, 'n_estimators': 900, 'reg_alpha': 0.1, 'reg_lambda': 1.0, 'subsample': 0.7}",0.9823680526023909,0.9915373765867419,0.9957656832081598,0.9894139180456464,0.9897712576107348,0.004847356249565905,804
892,1.203130304813385,0.22433529954504908,0.03700292110443115,0.007712455822620123,0.8,0.2,0.05,4,900,0.1,1.0,0.85,"{'colsample_bytree': 0.8, 'gamma': 0.2, 'learning_rate': 0.05, 'max_depth': 4, 'n_estimators': 900, 'reg_alpha': 0.1, 'reg_lambda': 1.0, 'subsample': 0.85}",0.9837789956545375,0.9922425913464957,0.9971771221387733,0.9908255235816565,0.9910060581803657,0.004792548125560603,112
893,0.5890614986419678,0.023203966428636546,0.019749224185943604,0.002488361611389591,0.8,0.2,0.05,4,900,0.1,1.0,1.0,"{'colsample_bytree': 0.8, 'gamma': 0.2, 'learning_rate': 0.05, 'max_depth': 4, 'n_estimators': 900, 'reg_alpha': 0.1, 'reg_lambda': 1.0, 'subsample': 1.0}",0.9816634039979629,0.9901268607873446,0.9957656494662985,0.9887080836414638,0.9890659994732675,0.005023376859008328,1138
894,1.1175997257232666,0.01070712861439955,0.03363162279129028,0.0013797132113093525,0.8,0.2,0.05,4,900,0.1,1.5,0.7,"{'colsample_bytree': 0.8, 'gamma': 0.2, 'learning_rate': 0.05, 'max_depth': 4, 'n_estimators': 900, 'reg_alpha': 0.1, 'reg_lambda': 1.5, 'subsample': 0.7}",0.9823680526023909,0.9922425913464957,0.9957656494662985,0.9894139180456464,0.989947552865208,0.0049206463001547265,718
895,1.2691428065299988,0.19217920538946373,0.03527039289474487,0.005558512830356518,0.8,0.2,0.05,4,900,0.1,1.5,0.85,"{'colsample_bytree': 0.8, 'gamma': 0.2, 'learning_rate': 0.05, 'max_depth': 4, 'n_estimators': 900, 'reg_alpha': 0.1, 'reg_lambda': 1.5, 'subsample': 0.85}",0.9823684735375408,0.9915373597517307,0.9978828468761907,0.9908255235816565,0.9906535509367798,0.005516246910330767,221
896,0.5813043117523193,0.028410216846134987,0.01838153600692749,0.00041576848580600286,0.8,0.2,0.05,4,900,0.1,1.5,1.0,"{'colsample_bytree': 0.8, 'gamma': 0.2, 'learning_rate': 0.05, 'max_depth': 4, 'n_estimators': 900, 'reg_alpha': 0.1, 'reg_lambda': 1.5, 'subsample': 1.0}",0.9823691049025824,0.989421589208529,0.995059946520522,0.9887080836414638,0.9888896810682744,0.004497387941318922,1212
897,1.2412766218185425,0.197654625493516,0.03876584768295288,0.005607155840406434,0.8,0.2,0.05,4,900,0.1,2.0,0.7,"{'colsample_bytree': 0.8, 'gamma': 0.2, 'learning_rate': 0.05, 'max_depth': 4, 'n_estimators': 900, 'reg_alpha': 0.1, 'reg_lambda': 2.0, 'subsample': 0.7}",0.9816630027156343,0.9901268607873446,0.995059946520522,0.9894139180456464,0.9890659320172869,0.004795264232587402,1150
898,1.2173794507980347,0.234537644340642,0.03376811742782593,0.004038564849377836,0.8,0.2,0.05,4,900,0.1,2.0,0.85,"{'colsample_bytree': 0.8, 'gamma': 0.2, 'learning_rate': 0.05, 'max_depth': 4, 'n_estimators': 900, 'reg_alpha': 0.1, 'reg_lambda': 2.0, 'subsample': 0.85}",0.9837793183573613,0.9915373597517307,0.9964713903718013,0.9894139180456464,0.990300496631635,0.004553063463325256,471
899,0.6592108607292175,0.08798067057913138,0.020261168479919434,0.002086159852571084,0.8,0.2,0.05,4,900,0.1,2.0,1.0,"{'colsample_bytree': 0.8, 'gamma': 0.2, 'learning_rate': 0.05, 'max_depth': 4, 'n_estimators': 900, 'reg_alpha': 0.1, 'reg_lambda': 2.0, 'subsample': 1.0}",0.9830739113827349,0.9894216733848407,0.9943542442775466,0.9894139180456464,0.9890659367726922,0.004003692172337356,1148
900,1.2397677898406982,0.2233703068388335,0.0330122709274292,0.003690088582631786,0.8,0.2,0.05,4,900,0.5,1.0,0.7,"{'colsample_bytree': 0.8, 'gamma': 0.2, 'learning_rate': 0.05, 'max_depth': 4, 'n_estimators': 900, 'reg_alpha': 0.5, 'reg_lambda': 1.0, 'subsample': 0.7}",0.9816630027156343,0.9908321169335286,0.9957656494662985,0.9894139180456464,0.989418671790277,0.005060444105667845,985
901,0.9522967338562012,0.04234742188366591,0.025642335414886475,0.001525139372165238,0.8,0.2,0.05,4,900,0.5,1.0,0.85,"{'colsample_bytree': 0.8, 'gamma': 0.2, 'learning_rate': 0.05, 'max_depth': 4, 'n_estimators': 900, 'reg_alpha': 0.5, 'reg_lambda': 1.0, 'subsample': 0.85}",0.9816634039979629,0.9908321169335286,0.995059946520522,0.9901197306558291,0.9894187995269607,0.004859461640791312,947
902,0.6594516634941101,0.08908750180397966,0.01824849843978882,0.0008295117810617207,0.8,0.2,0.05,4,900,0.5,1.0,1.0,"{'colsample_bytree': 0.8, 'gamma': 0.2, 'learning_rate': 0.05, 'max_depth': 4, 'n_estimators': 900, 'reg_alpha': 0.5, 'reg_lambda': 1.0, 'subsample': 1.0}",0.9830742144370506,0.989421589208529,0.9936485026692425,0.9872965940966467,0.9883602251028673,0.003813318537059837,1504
903,1.0557039380073547,0.08004672435816704,0.03164154291152954,0.0015894597106903736,0.8,0.2,0.05,4,900,0.5,1.5,0.7,"{'colsample_bytree': 0.8, 'gamma': 0.2, 'learning_rate': 0.05, 'max_depth': 4, 'n_estimators': 900, 'reg_alpha': 0.5, 'reg_lambda': 1.5, 'subsample': 0.7}",0.9802524644629909,0.9908321169335286,0.995059946520522,0.9887080836414638,0.9887131528896264,0.005393400420013532,1313
904,1.0034412145614624,0.08385448002843557,0.026392817497253418,0.0014245747470474212,0.8,0.2,0.05,4,900,0.5,1.5,0.85,"{'colsample_bytree': 0.8, 'gamma': 0.2, 'learning_rate': 0.05, 'max_depth': 4, 'n_estimators': 900, 'reg_alpha': 0.5, 'reg_lambda': 1.5, 'subsample': 0.85}",0.980957951420544,0.989421589208529,0.9943542442775466,0.9894139180456464,0.9885369257380665,0.004817514703116372,1382
905,0.6758496761322021,0.2051671301358024,0.022633492946624756,0.009833631691894943,0.8,0.2,0.05,4,900,0.5,1.5,1.0,"{'colsample_bytree': 0.8, 'gamma': 0.2, 'learning_rate': 0.05, 'max_depth': 4, 'n_estimators': 900, 'reg_alpha': 0.5, 'reg_lambda': 1.5, 'subsample': 1.0}",0.9816634039979629,0.9894216733848407,0.9929428053469331,0.9872967965574946,0.9878311698218079,0.0040922307293560925,1654
906,1.1152201294898987,0.03585244109613693,0.033514201641082764,0.0014600044757353708,0.8,0.2,0.05,4,900,0.5,2.0,0.7,"{'colsample_bytree': 0.8, 'gamma': 0.2, 'learning_rate': 0.05, 'max_depth': 4, 'n_estimators': 900, 'reg_alpha': 0.5, 'reg_lambda': 2.0, 'subsample': 0.7}",0.9802524644629909,0.9901268607873446,0.9943541992883981,0.9887080836414638,0.9883604020450494,0.005121169695724987,1478
907,1.089851975440979,0.2195249087235783,0.027499914169311523,0.0014996533363535608,0.8,0.2,0.05,4,900,0.5,2.0,0.85,"{'colsample_bytree': 0.8, 'gamma': 0.2, 'learning_rate': 0.05, 'max_depth': 4, 'n_estimators': 900, 'reg_alpha': 0.5, 'reg_lambda': 2.0, 'subsample': 0.85}",0.9816634039979629,0.9908321169335286,0.9943542442775466,0.9887080836414638,0.9888894622126255,0.004633750260035045,1254
908,0.550175666809082,0.033875805592658376,0.017752468585968018,0.0014821270918646558,0.8,0.2,0.05,4,900,0.5,2.0,1.0,"{'colsample_bytree': 0.8, 'gamma': 0.2, 'learning_rate': 0.05, 'max_depth': 4, 'n_estimators': 900, 'reg_alpha': 0.5, 'reg_lambda': 2.0, 'subsample': 1.0}",0.9823688243014796,0.9901268607873446,0.992237105212699,0.9865909628578188,0.9878309382898356,0.0037435876963316465,1691
909,1.019549012184143,0.05356564998948547,0.028757989406585693,0.0022807240247503377,0.8,0.2,0.05,4,900,1.0,1.0,0.7,"{'colsample_bytree': 0.8, 'gamma': 0.2, 'learning_rate': 0.05, 'max_depth': 4, 'n_estimators': 900, 'reg_alpha': 1.0, 'reg_lambda': 1.0, 'subsample': 0.7}",0.980957951420544,0.9901268607873446,0.9936485026692425,0.9872965940966467,0.9880074772434445,0.004650648439647871,1611
910,0.90277099609375,0.03827069114361259,0.02425450086593628,0.001477951054399311,0.8,0.2,0.05,4,900,1.0,1.0,0.85,"{'colsample_bytree': 0.8, 'gamma': 0.2, 'learning_rate': 0.05, 'max_depth': 4, 'n_estimators': 900, 'reg_alpha': 1.0, 'reg_lambda': 1.0, 'subsample': 0.85}",0.9816634039979629,0.9901268607873446,0.9929428053469331,0.9872965940966467,0.9880074160572218,0.004171386767991563,1619
911,0.5492804050445557,0.006256014778126454,0.016135752201080322,0.00022394513691242036,0.8,0.2,0.05,4,900,1.0,1.0,1.0,"{'colsample_bytree': 0.8, 'gamma': 0.2, 'learning_rate': 0.05, 'max_depth': 4, 'n_estimators': 900, 'reg_alpha': 1.0, 'reg_lambda': 1.0, 'subsample': 1.0}",0.9809583302455981,0.9880111344363328,0.9915314001577777,0.9844738624591601,0.9862436818247172,0.003941797045945198,1917
912,1.072837769985199,0.025607415341976324,0.030135273933410645,0.0016741787468831312,0.8,0.2,0.05,4,900,1.0,1.5,0.7,"{'colsample_bytree': 0.8, 'gamma': 0.2, 'learning_rate': 0.05, 'max_depth': 4, 'n_estimators': 900, 'reg_alpha': 1.0, 'reg_lambda': 1.5, 'subsample': 0.7}",0.980957951420544,0.989421589208529,0.9929428053469331,0.9872965940966467,0.9876547350181631,0.004360637482210499,1710
913,0.9071723818778992,0.057875946567535974,0.024130582809448242,0.0014388252407479317,0.8,0.2,0.05,4,900,1.0,1.5,0.85,"{'colsample_bytree': 0.8, 'gamma': 0.2, 'learning_rate': 0.05, 'max_depth': 4, 'n_estimators': 900, 'reg_alpha': 1.0, 'reg_lambda': 1.5, 'subsample': 0.85}",0.9823688243014796,0.989421589208529,0.9929428053469331,0.9872965940966467,0.9880074532383971,0.003829390877962994,1613
914,0.5521795749664307,0.016736100240908637,0.016502201557159424,0.0004966920068055029,0.8,0.2,0.05,4,900,1.0,1.5,1.0,"{'colsample_bytree': 0.8, 'gamma': 0.2, 'learning_rate': 0.05, 'max_depth': 4, 'n_estimators': 900, 'reg_alpha': 1.0, 'reg_lambda': 1.5, 'subsample': 1.0}",0.9802528966131908,0.9887164123283938,0.9929428334648147,0.9865911498501135,0.9871258230641282,0.004579589983150008,1843
915,1.0173187851905823,0.0741103300541649,0.030147850513458252,0.0019781772651226294,0.8,0.2,0.05,4,900,1.0,2.0,0.7,"{'colsample_bytree': 0.8, 'gamma': 0.2, 'learning_rate': 0.05, 'max_depth': 4, 'n_estimators': 900, 'reg_alpha': 1.0, 'reg_lambda': 2.0, 'subsample': 0.7}",0.9802524644629909,0.989421589208529,0.9929428053469331,0.9872965940966467,0.9874783632787749,0.004633651580067462,1772
916,0.9992167353630066,0.14209525293141195,0.03363567590713501,0.014652485668955152,0.8,0.2,0.05,4,900,1.0,2.0,0.85,"{'colsample_bytree': 0.8, 'gamma': 0.2, 'learning_rate': 0.05, 'max_depth': 4, 'n_estimators': 900, 'reg_alpha': 1.0, 'reg_lambda': 2.0, 'subsample': 0.85}",0.9816634039979629,0.989421589208529,0.9929428053469331,0.9880024404517326,0.9880075597512894,0.004080577986785556,1600
917,0.5699052810668945,0.010642628702863246,0.016903221607208252,0.00041028413343636484,0.8,0.2,0.05,4,900,1.0,2.0,1.0,"{'colsample_bytree': 0.8, 'gamma': 0.2, 'learning_rate': 0.05, 'max_depth': 4, 'n_estimators': 900, 'reg_alpha': 1.0, 'reg_lambda': 2.0, 'subsample': 1.0}",0.980958633294789,0.989421589208529,0.9915313664163197,0.9858853295083274,0.9869492296069913,0.004003987616565069,1867
918,1.2147844433784485,0.3025949551540496,0.037378013134002686,0.007716397736665763,0.8,0.2,0.05,8,750,0.1,1.0,0.7,"{'colsample_bytree': 0.8, 'gamma': 0.2, 'learning_rate': 0.05, 'max_depth': 8, 'n_estimators': 750, 'reg_alpha': 0.1, 'reg_lambda': 1.0, 'subsample': 0.7}",0.9837789956545375,0.9922425913464957,0.9971771221387733,0.9915312989325971,0.9911825020181009,0.004795644522330455,53
919,1.512998640537262,0.28983778614991124,0.028385043144226074,0.0011819764692565622,0.8,0.2,0.05,8,750,0.1,1.0,0.85,"{'colsample_bytree': 0.8, 'gamma': 0.2, 'learning_rate': 0.05, 'max_depth': 8, 'n_estimators': 750, 'reg_alpha': 0.1, 'reg_lambda': 1.0, 'subsample': 0.85}",0.9837795765103758,0.9915373597517307,0.9971771221387733,0.9908255235816565,0.990829895495634,0.004756437969756237,146
920,1.1850234866142273,0.0642916139685333,0.032134056091308594,0.00755016620495128,0.8,0.2,0.05,8,750,0.1,1.0,1.0,"{'colsample_bytree': 0.8, 'gamma': 0.2, 'learning_rate': 0.05, 'max_depth': 8, 'n_estimators': 750, 'reg_alpha': 0.1, 'reg_lambda': 1.0, 'subsample': 1.0}",0.9844846965672964,0.990832153409495,0.9957656832081598,0.988708263606662,0.9899476991979033,0.004062382168225204,696
921,1.0654802322387695,0.05821083655882729,0.03450167179107666,0.001660461820829034,0.8,0.2,0.05,8,750,0.1,1.5,0.7,"{'colsample_bytree': 0.8, 'gamma': 0.2, 'learning_rate': 0.05, 'max_depth': 8, 'n_estimators': 750, 'reg_alpha': 0.1, 'reg_lambda': 1.5, 'subsample': 0.7}",0.9851900481181693,0.9922425913464957,0.9971771221387733,0.9915312989325971,0.9915352651340088,0.00426006618322807,8
922,1.0993537306785583,0.18868759506630034,0.029515445232391357,0.004420795393882239,0.8,0.2,0.05,8,750,0.1,1.5,0.85,"{'colsample_bytree': 0.8, 'gamma': 0.2, 'learning_rate': 0.05, 'max_depth': 8, 'n_estimators': 750, 'reg_alpha': 0.1, 'reg_lambda': 1.5, 'subsample': 0.85}",0.9830742144370506,0.9915373597517307,0.9964713903718013,0.9908255235816565,0.9904771220355597,0.004795304511995236,341
923,0.746350884437561,0.10692473779235002,0.023272156715393066,0.0015939874585531072,0.8,0.2,0.05,8,750,0.1,1.5,1.0,"{'colsample_bytree': 0.8, 'gamma': 0.2, 'learning_rate': 0.05, 'max_depth': 8, 'n_estimators': 750, 'reg_alpha': 0.1, 'reg_lambda': 1.5, 'subsample': 1.0}",0.9851900481181693,0.9908321169335286,0.9957656832081598,0.9894140656711423,0.99030047848275,0.003776682681825361,476
924,1.1874005794525146,0.13873343000064853,0.036632657051086426,0.0035256582621824703,0.8,0.2,0.05,8,750,0.1,2.0,0.7,"{'colsample_bytree': 0.8, 'gamma': 0.2, 'learning_rate': 0.05, 'max_depth': 8, 'n_estimators': 750, 'reg_alpha': 0.1, 'reg_lambda': 2.0, 'subsample': 0.7}",0.9837793183573613,0.9922425913464957,0.9964713903718013,0.9908255235816565,0.9908297059143287,0.0045698148473834535,176
925,1.101626694202423,0.11019502491901667,0.031135082244873047,0.0021863461640540915,0.8,0.2,0.05,8,750,0.1,2.0,0.85,"{'colsample_bytree': 0.8, 'gamma': 0.2, 'learning_rate': 0.05, 'max_depth': 8, 'n_estimators': 750, 'reg_alpha': 0.1, 'reg_lambda': 2.0, 'subsample': 0.85}",0.9844849126269217,0.9915373597517307,0.9964713903718013,0.9908255235816565,0.9908297965830275,0.0042598649271492735,163
926,0.7357468008995056,0.06272265378207731,0.02238255739212036,0.0008215880085199221,0.8,0.2,0.05,8,750,0.1,2.0,1.0,"{'colsample_bytree': 0.8, 'gamma': 0.2, 'learning_rate': 0.05, 'max_depth': 8, 'n_estimators': 750, 'reg_alpha': 0.1, 'reg_lambda': 2.0, 'subsample': 1.0}",0.9858955154104921,0.9908321169335286,0.9957656494662985,0.9894140656711423,0.9904768368703654,0.0035431536637145545,395
927,1.1750211119651794,0.08959795837424912,0.03663140535354614,0.0041460904476366064,0.8,0.2,0.05,8,750,0.5,1.0,0.7,"{'colsample_bytree': 0.8, 'gamma': 0.2, 'learning_rate': 0.05, 'max_depth': 8, 'n_estimators': 750, 'reg_alpha': 0.5, 'reg_lambda': 1.0, 'subsample': 0.7}",0.9837793183573613,0.9915373597517307,0.9957656832081598,0.9908255235816565,0.990476971224727,0.004303340009491467,366
928,1.0399790406227112,0.10161464217230974,0.028252124786376953,0.0031162432274179073,0.8,0.2,0.05,8,750,0.5,1.0,0.85,"{'colsample_bytree': 0.8, 'gamma': 0.2, 'learning_rate': 0.05, 'max_depth': 8, 'n_estimators': 750, 'reg_alpha': 0.5, 'reg_lambda': 1.0, 'subsample': 0.85}",0.9830744501384601,0.9908321169335286,0.995059946520522,0.9901197306558291,0.989771561062085,0.0043030313821422915,748
929,0.6338468194007874,0.01848880206392671,0.021999835968017578,0.0012243659463397952,0.8,0.2,0.05,8,750,0.5,1.0,1.0,"{'colsample_bytree': 0.8, 'gamma': 0.2, 'learning_rate': 0.05, 'max_depth': 8, 'n_estimators': 750, 'reg_alpha': 0.5, 'reg_lambda': 1.0, 'subsample': 1.0}",0.9858955154104921,0.9915373597517307,0.9957656494662985,0.9894140656711423,0.990653147574916,0.003573859767087864,294
930,1.1522659659385681,0.15437032566599942,0.033148765563964844,0.007228889962982564,0.8,0.2,0.05,8,750,0.5,1.5,0.7,"{'colsample_bytree': 0.8, 'gamma': 0.2, 'learning_rate': 0.05, 'max_depth': 8, 'n_estimators': 750, 'reg_alpha': 0.5, 'reg_lambda': 1.5, 'subsample': 0.7}",0.9823691049025824,0.9915373597517307,0.995059946520522,0.9894139180456464,0.9895950823051204,0.004633701341349265,870
931,1.0714908838272095,0.1419360253382823,0.03014957904815674,0.0037948898130398872,0.8,0.2,0.05,8,750,0.5,1.5,0.85,"{'colsample_bytree': 0.8, 'gamma': 0.2, 'learning_rate': 0.05, 'max_depth': 8, 'n_estimators': 750, 'reg_alpha': 0.5, 'reg_lambda': 1.5, 'subsample': 0.85}",0.9823693153475482,0.9915373597517307,0.9950598973131997,0.9901197306558291,0.989771575767077,0.004636782532120981,744
932,0.6954853534698486,0.08218020791294135,0.020383894443511963,0.0016464352049282793,0.8,0.2,0.05,8,750,0.5,1.5,1.0,"{'colsample_bytree': 0.8, 'gamma': 0.2, 'learning_rate': 0.05, 'max_depth': 8, 'n_estimators': 750, 'reg_alpha': 0.5, 'reg_lambda': 1.5, 'subsample': 1.0}",0.9858955154104921,0.9915373597517307,0.9950598973131997,0.9894140656711423,0.9904767095366412,0.0033259262123621074,413
933,1.167038917541504,0.20326897332360763,0.033511221408843994,0.004629720268964861,0.8,0.2,0.05,8,750,0.5,2.0,0.7,"{'colsample_bytree': 0.8, 'gamma': 0.2, 'learning_rate': 0.05, 'max_depth': 8, 'n_estimators': 750, 'reg_alpha': 0.5, 'reg_lambda': 2.0, 'subsample': 0.7}",0.9823691049025824,0.9908321169335286,0.9943542442775466,0.9901197306558291,0.9894187991923717,0.004374516536778596,948
934,1.1546547412872314,0.20626585841679887,0.02938234806060791,0.0040895329113889425,0.8,0.2,0.05,8,750,0.5,2.0,0.85,"{'colsample_bytree': 0.8, 'gamma': 0.2, 'learning_rate': 0.05, 'max_depth': 8, 'n_estimators': 750, 'reg_alpha': 0.5, 'reg_lambda': 2.0, 'subsample': 0.85}",0.9816639876499984,0.9908321169335286,0.9943541992883981,0.9901197306558291,0.9892425086319385,0.004659928504621216,1035
935,0.8336672782897949,0.08947399682211703,0.02751225233078003,0.004524604633997204,0.8,0.2,0.05,8,750,0.5,2.0,1.0,"{'colsample_bytree': 0.8, 'gamma': 0.2, 'learning_rate': 0.05, 'max_depth': 8, 'n_estimators': 750, 'reg_alpha': 0.5, 'reg_lambda': 2.0, 'subsample': 1.0}",0.9858955154104921,0.9908321169335286,0.994354131803331,0.988708263606662,0.9899475069385033,0.0030884962733182817,722
936,0.9608086347579956,0.0602140401828007,0.029253721237182617,0.0024922423170997106,0.8,0.2,0.05,8,750,1.0,1.0,0.7,"{'colsample_bytree': 0.8, 'gamma': 0.2, 'learning_rate': 0.05, 'max_depth': 8, 'n_estimators': 750, 'reg_alpha': 1.0, 'reg_lambda': 1.0, 'subsample': 0.7}",0.9844850669515415,0.9908321169335286,0.9943542442775466,0.9894140656711423,0.9897713734584397,0.003542618629075919,791
937,1.0348273515701294,0.19829144224375433,0.028380215167999268,0.007912820978784584,0.8,0.2,0.05,8,750,1.0,1.0,0.85,"{'colsample_bytree': 0.8, 'gamma': 0.2, 'learning_rate': 0.05, 'max_depth': 8, 'n_estimators': 750, 'reg_alpha': 1.0, 'reg_lambda': 1.0, 'subsample': 0.85}",0.9823693153475482,0.989421589208529,0.9936485026692425,0.988708398576796,0.9885369514505289,0.0040304983885466345,1380
938,0.6329524517059326,0.02363373423973388,0.019132554531097412,0.001018872744078829,0.8,0.2,0.05,8,750,1.0,1.0,1.0,"{'colsample_bytree': 0.8, 'gamma': 0.2, 'learning_rate': 0.05, 'max_depth': 8, 'n_estimators': 750, 'reg_alpha': 1.0, 'reg_lambda': 1.0, 'subsample': 1.0}",0.9837798991900891,0.9901268607873446,0.9950598973131997,0.988708263606662,0.9894187302243238,0.00401949602768681,971
939,1.1981330513954163,0.18589861468495483,0.03413271903991699,0.006461666992576543,0.8,0.2,0.05,8,750,1.0,1.5,0.7,"{'colsample_bytree': 0.8, 'gamma': 0.2, 'learning_rate': 0.05, 'max_depth': 8, 'n_estimators': 750, 'reg_alpha': 1.0, 'reg_lambda': 1.5, 'subsample': 0.7}",0.9837797701197444,0.9901268607873446,0.9943542442775466,0.9894140656711423,0.9894187352139445,0.0037635967067035417,968
940,1.1713837385177612,0.1915874743342215,0.03088247776031494,0.006590814080718743,0.8,0.2,0.05,8,750,1.0,1.5,0.85,"{'colsample_bytree': 0.8, 'gamma': 0.2, 'learning_rate': 0.05, 'max_depth': 8, 'n_estimators': 750, 'reg_alpha': 1.0, 'reg_lambda': 1.5, 'subsample': 0.85}",0.9816639876499984,0.9901268607873446,0.9929428053469331,0.9894139180456464,0.9885368929574807,0.004181688117687127,1385
941,0.69510418176651,0.10152171849994081,0.023632347583770752,0.006572005761668278,0.8,0.2,0.05,8,750,1.0,1.5,1.0,"{'colsample_bytree': 0.8, 'gamma': 0.2, 'learning_rate': 0.05, 'max_depth': 8, 'n_estimators': 750, 'reg_alpha': 1.0, 'reg_lambda': 1.5, 'subsample': 1.0}",0.9823693153475482,0.9901268607873446,0.9943541992883981,0.988708263606662,0.9888896597574883,0.0042994085192304176,1219
942,0.9490453600883484,0.05383100308706266,0.027878403663635254,0.0013327588068986962,0.8,0.2,0.05,8,750,1.0,2.0,0.7,"{'colsample_bytree': 0.8, 'gamma': 0.2, 'learning_rate': 0.05, 'max_depth': 8, 'n_estimators': 750, 'reg_alpha': 1.0, 'reg_lambda': 2.0, 'subsample': 0.7}",0.9823693153475482,0.9901268607873446,0.9943542442775466,0.9894140656711423,0.9890661215208955,0.004302838834300883,1119
943,1.0120642185211182,0.14928886108253275,0.026011765003204346,0.0003532743260813679,0.8,0.2,0.05,8,750,1.0,2.0,0.85,"{'colsample_bytree': 0.8, 'gamma': 0.2, 'learning_rate': 0.05, 'max_depth': 8, 'n_estimators': 750, 'reg_alpha': 1.0, 'reg_lambda': 2.0, 'subsample': 0.85}",0.9830746184925907,0.9901268607873446,0.9936485406285719,0.9880026077606279,0.9887131569172838,0.0038293134724333273,1312
944,0.6825901865959167,0.11907088739886892,0.020383715629577637,0.0013933292883505596,0.8,0.2,0.05,8,750,1.0,2.0,1.0,"{'colsample_bytree': 0.8, 'gamma': 0.2, 'learning_rate': 0.05, 'max_depth': 8, 'n_estimators': 750, 'reg_alpha': 1.0, 'reg_lambda': 2.0, 'subsample': 1.0}",0.9823693153475482,0.9901268607873446,0.9936484394026853,0.988708263606662,0.98871321978606,0.004080438751945671,1297
945,1.2974101901054382,0.2213828401343546,0.03900754451751709,0.007812859137560604,0.8,0.2,0.05,8,900,0.1,1.0,0.7,"{'colsample_bytree': 0.8, 'gamma': 0.2, 'learning_rate': 0.05, 'max_depth': 8, 'n_estimators': 900, 'reg_alpha': 0.1, 'reg_lambda': 1.0, 'subsample': 0.7}",0.9837789956545375,0.9922425913464957,0.9978828468761907,0.9908255235816565,0.9911824893647201,0.005023886709517736,57
946,1.3047943711280823,0.26036849174118554,0.035134732723236084,0.006441676473119066,0.8,0.2,0.05,8,900,0.1,1.0,0.85,"{'colsample_bytree': 0.8, 'gamma': 0.2, 'learning_rate': 0.05, 'max_depth': 8, 'n_estimators': 900, 'reg_alpha': 0.1, 'reg_lambda': 1.0, 'subsample': 0.85}",0.9837795765103758,0.9915373597517307,0.9971771221387733,0.9908255235816565,0.990829895495634,0.004756437969756237,146
947,0.8922739624977112,0.15674157802909555,0.02615189552307129,0.006103236540825014,0.8,0.2,0.05,8,900,0.1,1.0,1.0,"{'colsample_bytree': 0.8, 'gamma': 0.2, 'learning_rate': 0.05, 'max_depth': 8, 'n_estimators': 900, 'reg_alpha': 0.1, 'reg_lambda': 1.0, 'subsample': 1.0}",0.9844846965672964,0.990832153409495,0.9957656832081598,0.988708263606662,0.9899476991979033,0.004062382168225204,696
948,1.3099101781845093,0.19206034181005105,0.04102015495300293,0.004478854304539793,0.8,0.2,0.05,8,900,0.1,1.5,0.7,"{'colsample_bytree': 0.8, 'gamma': 0.2, 'learning_rate': 0.05, 'max_depth': 8, 'n_estimators': 900, 'reg_alpha': 0.1, 'reg_lambda': 1.5, 'subsample': 0.7}",0.9858951786975421,0.9922425913464957,0.9971771221387733,0.9915312989325971,0.9917115477788521,0.00400053587945288,4
949,1.312294065952301,0.2039017787001829,0.03713381290435791,0.006039104074928623,0.8,0.2,0.05,8,900,0.1,1.5,0.85,"{'colsample_bytree': 0.8, 'gamma': 0.2, 'learning_rate': 0.05, 'max_depth': 8, 'n_estimators': 900, 'reg_alpha': 0.1, 'reg_lambda': 1.5, 'subsample': 0.85}",0.9837795765103758,0.9915373597517307,0.9964713903718013,0.9908255235816565,0.9906534625538912,0.004525192611571135,235
950,0.7047210335731506,0.06245355032923771,0.021889925003051758,0.0021352104070313624,0.8,0.2,0.05,8,900,0.1,1.5,1.0,"{'colsample_bytree': 0.8, 'gamma': 0.2, 'learning_rate': 0.05, 'max_depth': 8, 'n_estimators': 900, 'reg_alpha': 0.1, 'reg_lambda': 1.5, 'subsample': 1.0}",0.9851900481181693,0.9908321169335286,0.9957656832081598,0.9894140656711423,0.99030047848275,0.003776682681825361,476
951,1.3756913542747498,0.22699960788198562,0.04075217247009277,0.0069825060457825005,0.8,0.2,0.05,8,900,0.1,2.0,0.7,"{'colsample_bytree': 0.8, 'gamma': 0.2, 'learning_rate': 0.05, 'max_depth': 8, 'n_estimators': 900, 'reg_alpha': 0.1, 'reg_lambda': 2.0, 'subsample': 0.7}",0.9837793183573613,0.9922425913464957,0.9964713903718013,0.9908255235816565,0.9908297059143287,0.0045698148473834535,176
952,1.190243124961853,0.16779370905366564,0.03226327896118164,0.0027607492746425494,0.8,0.2,0.05,8,900,0.1,2.0,0.85,"{'colsample_bytree': 0.8, 'gamma': 0.2, 'learning_rate': 0.05, 'max_depth': 8, 'n_estimators': 900, 'reg_alpha': 0.1, 'reg_lambda': 2.0, 'subsample': 0.85}",0.9844849126269217,0.9915373597517307,0.9964713903718013,0.9908255235816565,0.9908297965830275,0.0042598649271492735,163
953,0.7830050587654114,0.11216146539365496,0.022380471229553223,0.001390673341324904,0.8,0.2,0.05,8,900,0.1,2.0,1.0,"{'colsample_bytree': 0.8, 'gamma': 0.2, 'learning_rate': 0.05, 'max_depth': 8, 'n_estimators': 900, 'reg_alpha': 0.1, 'reg_lambda': 2.0, 'subsample': 1.0}",0.9858955154104921,0.9908321169335286,0.9957656494662985,0.9894140656711423,0.9904768368703654,0.0035431536637145545,395
954,1.1852388978004456,0.14904273161913056,0.036131083965301514,0.006822318573640591,0.8,0.2,0.05,8,900,0.5,1.0,0.7,"{'colsample_bytree': 0.8, 'gamma': 0.2, 'learning_rate': 0.05, 'max_depth': 8, 'n_estimators': 900, 'reg_alpha': 0.5, 'reg_lambda': 1.0, 'subsample': 0.7}",0.9837795765103758,0.9922425913464957,0.9964713903718013,0.9901197306558291,0.9906533222211255,0.00458008715564912,261
955,1.1659884452819824,0.14912955600244127,0.027631521224975586,0.0008195263507233109,0.8,0.2,0.05,8,900,0.5,1.0,0.85,"{'colsample_bytree': 0.8, 'gamma': 0.2, 'learning_rate': 0.05, 'max_depth': 8, 'n_estimators': 900, 'reg_alpha': 0.5, 'reg_lambda': 1.0, 'subsample': 0.85}",0.9830744501384601,0.9915373597517307,0.995059946520522,0.9901197306558291,0.9899478717666355,0.004356984068726624,663
956,0.6902158856391907,0.029920475360936914,0.020383179187774658,0.001634945843994056,0.8,0.2,0.05,8,900,0.5,1.0,1.0,"{'colsample_bytree': 0.8, 'gamma': 0.2, 'learning_rate': 0.05, 'max_depth': 8, 'n_estimators': 900, 'reg_alpha': 0.5, 'reg_lambda': 1.0, 'subsample': 1.0}",0.9858955154104921,0.9915373597517307,0.9957656494662985,0.9894140656711423,0.990653147574916,0.003573859767087864,294
957,1.1527283191680908,0.0675439918363127,0.033263206481933594,0.001819842501723247,0.8,0.2,0.05,8,900,0.5,1.5,0.7,"{'colsample_bytree': 0.8, 'gamma': 0.2, 'learning_rate': 0.05, 'max_depth': 8, 'n_estimators': 900, 'reg_alpha': 0.5, 'reg_lambda': 1.5, 'subsample': 0.7}",0.9823691049025824,0.9922425913464957,0.9964714114603177,0.9908255235816565,0.9904771578227631,0.005121272133378459,338
958,1.0937244892120361,0.08237043458442353,0.028750598430633545,0.001786371202288515,0.8,0.2,0.05,8,900,0.5,1.5,0.85,"{'colsample_bytree': 0.8, 'gamma': 0.2, 'learning_rate': 0.05, 'max_depth': 8, 'n_estimators': 900, 'reg_alpha': 0.5, 'reg_lambda': 1.5, 'subsample': 0.85}",0.9830744501384601,0.9915373597517307,0.995059946520522,0.9901197306558291,0.9899478717666355,0.004356984068726624,663
959,0.7055835127830505,0.039131146105678194,0.02139800786972046,0.00074452565005564,0.8,0.2,0.05,8,900,0.5,1.5,1.0,"{'colsample_bytree': 0.8, 'gamma': 0.2, 'learning_rate': 0.05, 'max_depth': 8, 'n_estimators': 900, 'reg_alpha': 0.5, 'reg_lambda': 1.5, 'subsample': 1.0}",0.9858955154104921,0.9915373597517307,0.9950598973131997,0.9894140656711423,0.9904767095366412,0.0033259262123621074,413
960,1.303024411201477,0.2848915139640515,0.036133527755737305,0.003395100837784963,0.8,0.2,0.05,8,900,0.5,2.0,0.7,"{'colsample_bytree': 0.8, 'gamma': 0.2, 'learning_rate': 0.05, 'max_depth': 8, 'n_estimators': 900, 'reg_alpha': 0.5, 'reg_lambda': 2.0, 'subsample': 0.7}",0.9823691049025824,0.9908321169335286,0.995059946520522,0.9908255235816565,0.9897716729845725,0.004609744940052908,734
961,1.0276879668235779,0.04406089734732254,0.027878999710083008,0.0015895889485905816,0.8,0.2,0.05,8,900,0.5,2.0,0.85,"{'colsample_bytree': 0.8, 'gamma': 0.2, 'learning_rate': 0.05, 'max_depth': 8, 'n_estimators': 900, 'reg_alpha': 0.5, 'reg_lambda': 2.0, 'subsample': 0.85}",0.9823691049025824,0.9908321169335286,0.9950598973131997,0.9901197306558291,0.989595212451285,0.004579423080218395,846
962,0.7143491506576538,0.023730649564834456,0.02212989330291748,0.0005388349689520197,0.8,0.2,0.05,8,900,0.5,2.0,1.0,"{'colsample_bytree': 0.8, 'gamma': 0.2, 'learning_rate': 0.05, 'max_depth': 8, 'n_estimators': 900, 'reg_alpha': 0.5, 'reg_lambda': 2.0, 'subsample': 1.0}",0.9858955154104921,0.9908321169335286,0.994354131803331,0.988708263606662,0.9899475069385033,0.0030884962733182817,722
963,1.1379730105400085,0.02835484561377235,0.03276747465133667,0.0018208490197524148,0.8,0.2,0.05,8,900,1.0,1.0,0.7,"{'colsample_bytree': 0.8, 'gamma': 0.2, 'learning_rate': 0.05, 'max_depth': 8, 'n_estimators': 900, 'reg_alpha': 1.0, 'reg_lambda': 1.0, 'subsample': 0.7}",0.9844850669515415,0.9908321169335286,0.9943542667718518,0.9901197306558291,0.9899477953281878,0.003538007149491321,671
964,1.0315759778022766,0.029143296544860142,0.02737879753112793,0.001846942781740944,0.8,0.2,0.05,8,900,1.0,1.0,0.85,"{'colsample_bytree': 0.8, 'gamma': 0.2, 'learning_rate': 0.05, 'max_depth': 8, 'n_estimators': 900, 'reg_alpha': 1.0, 'reg_lambda': 1.0, 'subsample': 0.85}",0.9823693153475482,0.9901268607873446,0.9936485026692425,0.988708263606662,0.9887132356026993,0.004080457881942609,1295
965,0.6482066512107849,0.04615499851930013,0.020503520965576172,0.001802614898734406,0.8,0.2,0.05,8,900,1.0,1.0,1.0,"{'colsample_bytree': 0.8, 'gamma': 0.2, 'learning_rate': 0.05, 'max_depth': 8, 'n_estimators': 900, 'reg_alpha': 1.0, 'reg_lambda': 1.0, 'subsample': 1.0}",0.9837798991900891,0.9901268607873446,0.9950598973131997,0.988708263606662,0.9894187302243238,0.00401949602768681,971
966,1.096343755722046,0.047168107412230625,0.031750380992889404,0.0019215828816167824,0.8,0.2,0.05,8,900,1.0,1.5,0.7,"{'colsample_bytree': 0.8, 'gamma': 0.2, 'learning_rate': 0.05, 'max_depth': 8, 'n_estimators': 900, 'reg_alpha': 1.0, 'reg_lambda': 1.5, 'subsample': 0.7}",0.9837797701197444,0.9908321169335286,0.9943542442775466,0.9901197306558291,0.9897714654966622,0.003812759661187646,768
967,1.0274550914764404,0.066965479047541,0.02688676118850708,0.0019604591566369143,0.8,0.2,0.05,8,900,1.0,1.5,0.85,"{'colsample_bytree': 0.8, 'gamma': 0.2, 'learning_rate': 0.05, 'max_depth': 8, 'n_estimators': 900, 'reg_alpha': 1.0, 'reg_lambda': 1.5, 'subsample': 0.85}",0.9816639876499984,0.9901268607873446,0.9929428053469331,0.9894139180456464,0.9885368929574807,0.004181688117687127,1385
968,0.7363505363464355,0.026367833982467042,0.022750377655029297,0.0012979134528698021,0.8,0.2,0.05,8,900,1.0,1.5,1.0,"{'colsample_bytree': 0.8, 'gamma': 0.2, 'learning_rate': 0.05, 'max_depth': 8, 'n_estimators': 900, 'reg_alpha': 1.0, 'reg_lambda': 1.5, 'subsample': 1.0}",0.9823693153475482,0.9901268607873446,0.9943541992883981,0.988708263606662,0.9888896597574883,0.0042994085192304176,1219
969,1.158869743347168,0.0359027178272706,0.03200268745422363,0.0018709200917176889,0.8,0.2,0.05,8,900,1.0,2.0,0.7,"{'colsample_bytree': 0.8, 'gamma': 0.2, 'learning_rate': 0.05, 'max_depth': 8, 'n_estimators': 900, 'reg_alpha': 1.0, 'reg_lambda': 2.0, 'subsample': 0.7}",0.9830746184925907,0.9908321169335286,0.9936485406285719,0.9894140656711423,0.9892423354314583,0.003873379434570406,1053
970,1.0383418798446655,0.05749430862043255,0.027508258819580078,0.0018389510237579836,0.8,0.2,0.05,8,900,1.0,2.0,0.85,"{'colsample_bytree': 0.8, 'gamma': 0.2, 'learning_rate': 0.05, 'max_depth': 8, 'n_estimators': 900, 'reg_alpha': 1.0, 'reg_lambda': 2.0, 'subsample': 0.85}",0.9830746184925907,0.9901268607873446,0.9936485406285719,0.9894139180456464,0.9890659844885384,0.0038125714273796714,1141
971,0.7021081447601318,0.044181528269444506,0.02163398265838623,0.0004086132246333133,0.8,0.2,0.05,8,900,1.0,2.0,1.0,"{'colsample_bytree': 0.8, 'gamma': 0.2, 'learning_rate': 0.05, 'max_depth': 8, 'n_estimators': 900, 'reg_alpha': 1.0, 'reg_lambda': 2.0, 'subsample': 1.0}",0.9823693153475482,0.9901268607873446,0.9936484394026853,0.988708263606662,0.98871321978606,0.004080438751945671,1297
972,0.8218790888786316,0.04922677156030282,0.025000810623168945,0.0014154597704296099,0.8,0.2,0.1,4,750,0.1,1.0,0.7,"{'colsample_bytree': 0.8, 'gamma': 0.2, 'learning_rate': 0.1, 'max_depth': 4, 'n_estimators': 750, 'reg_alpha': 0.1, 'reg_lambda': 1.0, 'subsample': 0.7}",0.9809574968105822,0.9915373765867419,0.9964714114603177,0.9894139180456464,0.989595050725822,0.005605736200255382,879
973,0.7448545694351196,0.036788146709283216,0.020752668380737305,0.0010873226399091124,0.8,0.2,0.1,4,750,0.1,1.0,0.85,"{'colsample_bytree': 0.8, 'gamma': 0.2, 'learning_rate': 0.1, 'max_depth': 4, 'n_estimators': 750, 'reg_alpha': 0.1, 'reg_lambda': 1.0, 'subsample': 0.85}",0.9816625284502379,0.9922425913464957,0.9978828468761907,0.9894140656711423,0.9903005080860167,0.0058451694000821435,467
974,0.4373881220817566,0.04046490130728799,0.014250695705413818,0.00043281044663532123,0.8,0.2,0.1,4,750,0.1,1.0,1.0,"{'colsample_bytree': 0.8, 'gamma': 0.2, 'learning_rate': 0.1, 'max_depth': 4, 'n_estimators': 750, 'reg_alpha': 0.1, 'reg_lambda': 1.0, 'subsample': 1.0}",0.9816634039979629,0.9894216733848407,0.995059946520522,0.9880024404517326,0.9885368660887646,0.004766118812660108,1390
975,0.8257595896720886,0.04332337747867706,0.025880515575408936,0.002303452463172619,0.8,0.2,0.1,4,750,0.1,1.5,0.7,"{'colsample_bytree': 0.8, 'gamma': 0.2, 'learning_rate': 0.1, 'max_depth': 4, 'n_estimators': 750, 'reg_alpha': 0.1, 'reg_lambda': 1.5, 'subsample': 0.7}",0.9816630027156343,0.990832153409495,0.9964713903718013,0.9901197306558291,0.98977156928819,0.005288726440038534,745
976,0.7484753727912903,0.0363289212112454,0.0231320858001709,0.0032084753646473138,0.8,0.2,0.1,4,750,0.1,1.5,0.85,"{'colsample_bytree': 0.8, 'gamma': 0.2, 'learning_rate': 0.1, 'max_depth': 4, 'n_estimators': 750, 'reg_alpha': 0.1, 'reg_lambda': 1.5, 'subsample': 0.85}",0.9816630027156343,0.9922425913464957,0.9978828468761907,0.9894139180456464,0.9903005897459918,0.005844999782207102,453
977,0.4188714623451233,0.008259715427458365,0.014130651950836182,0.0008993377671099279,0.8,0.2,0.1,4,750,0.1,1.5,1.0,"{'colsample_bytree': 0.8, 'gamma': 0.2, 'learning_rate': 0.1, 'max_depth': 4, 'n_estimators': 750, 'reg_alpha': 0.1, 'reg_lambda': 1.5, 'subsample': 1.0}",0.9837793183573613,0.9880111344363328,0.9922370588179632,0.9894139180456464,0.9883603574143259,0.0030515028800013086,1486
978,0.8506336808204651,0.08184862367610495,0.027751684188842773,0.0049221280729796115,0.8,0.2,0.1,4,750,0.1,2.0,0.7,"{'colsample_bytree': 0.8, 'gamma': 0.2, 'learning_rate': 0.1, 'max_depth': 4, 'n_estimators': 750, 'reg_alpha': 0.1, 'reg_lambda': 2.0, 'subsample': 0.7}",0.9809574968105822,0.9908321169335286,0.9964714114603177,0.9908255235816565,0.9897716371965213,0.005585949778557085,740
979,0.8156176805496216,0.06056685545445259,0.020750761032104492,0.0016383137762724306,0.8,0.2,0.1,4,750,0.1,2.0,0.85,"{'colsample_bytree': 0.8, 'gamma': 0.2, 'learning_rate': 0.1, 'max_depth': 4, 'n_estimators': 750, 'reg_alpha': 0.1, 'reg_lambda': 2.0, 'subsample': 0.85}",0.984484418767507,0.9901268607873446,0.9971771221387733,0.9894140656711423,0.9903006168411919,0.004525777537710108,445
980,0.4705139398574829,0.0344350724794567,0.014750361442565918,0.0004327073728554644,0.8,0.2,0.1,4,750,0.1,2.0,1.0,"{'colsample_bytree': 0.8, 'gamma': 0.2, 'learning_rate': 0.1, 'max_depth': 4, 'n_estimators': 750, 'reg_alpha': 0.1, 'reg_lambda': 2.0, 'subsample': 1.0}",0.9837793183573613,0.9887164123283938,0.9936485026692425,0.9880027272641247,0.9885367401547805,0.0035028784599303417,1418
981,0.7863214015960693,0.06476022458883274,0.02382904291152954,0.003630118518933291,0.8,0.2,0.1,4,750,0.5,1.0,0.7,"{'colsample_bytree': 0.8, 'gamma': 0.2, 'learning_rate': 0.1, 'max_depth': 4, 'n_estimators': 750, 'reg_alpha': 0.5, 'reg_lambda': 1.0, 'subsample': 0.7}",0.980957951420544,0.9922425913464957,0.995059946520522,0.9915312989325971,0.9899479470550396,0.005355486804106126,652
982,0.7528707385063171,0.07612201786522983,0.02000558376312256,0.001582089610719781,0.8,0.2,0.1,4,750,0.5,1.0,0.85,"{'colsample_bytree': 0.8, 'gamma': 0.2, 'learning_rate': 0.1, 'max_depth': 4, 'n_estimators': 750, 'reg_alpha': 0.5, 'reg_lambda': 1.0, 'subsample': 0.85}",0.9816634039979629,0.9915373597517307,0.9964713903718013,0.9872965940966467,0.9892421870545354,0.005448680640501323,1089
983,0.4063677191734314,0.0111472278534915,0.01463395357131958,0.0023347698413569975,0.8,0.2,0.1,4,750,0.5,1.0,1.0,"{'colsample_bytree': 0.8, 'gamma': 0.2, 'learning_rate': 0.1, 'max_depth': 4, 'n_estimators': 750, 'reg_alpha': 0.5, 'reg_lambda': 1.0, 'subsample': 1.0}",0.980957951420544,0.9901269197103526,0.9929428053469331,0.985885498220995,0.9874782936747062,0.004525703485685529,1778
984,0.7613013982772827,0.035153757574609173,0.02163565158843994,0.0013870406360050442,0.8,0.2,0.1,4,750,0.5,1.5,0.7,"{'colsample_bytree': 0.8, 'gamma': 0.2, 'learning_rate': 0.1, 'max_depth': 4, 'n_estimators': 750, 'reg_alpha': 0.5, 'reg_lambda': 1.5, 'subsample': 0.7}",0.9802528966131908,0.9901268607873446,0.9964713903718013,0.9901197306558291,0.9892427196070415,0.005801324255988093,1029
985,0.9234279990196228,0.2014723743988577,0.022382616996765137,0.005017664763763773,0.8,0.2,0.1,4,750,0.5,1.5,0.85,"{'colsample_bytree': 0.8, 'gamma': 0.2, 'learning_rate': 0.1, 'max_depth': 4, 'n_estimators': 750, 'reg_alpha': 0.5, 'reg_lambda': 1.5, 'subsample': 0.85}",0.9823691049025824,0.9908321169335286,0.9964714114603177,0.9887080836414638,0.9895951792344732,0.005045187641114896,854
986,0.5770648121833801,0.08549424928568014,0.01538228988647461,0.0030733355932610605,0.8,0.2,0.1,4,750,0.5,1.5,1.0,"{'colsample_bytree': 0.8, 'gamma': 0.2, 'learning_rate': 0.1, 'max_depth': 4, 'n_estimators': 750, 'reg_alpha': 0.5, 'reg_lambda': 1.5, 'subsample': 1.0}",0.9816634039979629,0.9894216733848407,0.992237105212699,0.9851796919395991,0.9871254686337755,0.004031798041916217,1855
987,1.079448163509369,0.1790101665664925,0.023003876209259033,0.000706913808440266,0.8,0.2,0.1,4,750,0.5,2.0,0.7,"{'colsample_bytree': 0.8, 'gamma': 0.2, 'learning_rate': 0.1, 'max_depth': 4, 'n_estimators': 750, 'reg_alpha': 0.5, 'reg_lambda': 2.0, 'subsample': 0.7}",0.9816630027156343,0.9901268607873446,0.9957656494662985,0.9901197306558291,0.9894188109062767,0.005035562121710148,945
988,0.7564775943756104,0.06269520389921646,0.020510852336883545,0.0019670561516114547,0.8,0.2,0.1,4,750,0.5,2.0,0.85,"{'colsample_bytree': 0.8, 'gamma': 0.2, 'learning_rate': 0.1, 'max_depth': 4, 'n_estimators': 750, 'reg_alpha': 0.5, 'reg_lambda': 2.0, 'subsample': 0.85}",0.980957951420544,0.9908321169335286,0.9964714114603177,0.988002225333439,0.9890659262869572,0.005586397681104579,1153
989,0.40048718452453613,0.026926957415162298,0.013256371021270752,0.0008321445656390202,0.8,0.2,0.1,4,750,0.5,2.0,1.0,"{'colsample_bytree': 0.8, 'gamma': 0.2, 'learning_rate': 0.1, 'max_depth': 4, 'n_estimators': 750, 'reg_alpha': 0.5, 'reg_lambda': 2.0, 'subsample': 1.0}",0.9816637323068047,0.9887164123283938,0.992237105212699,0.985179485263905,0.9869491837779507,0.003941859964979322,1869
990,1.181971549987793,0.024794212493598203,0.04451686143875122,0.0010571262478127161,0.8,0.2,0.1,4,750,1.0,1.0,0.7,"{'colsample_bytree': 0.8, 'gamma': 0.2, 'learning_rate': 0.1, 'max_depth': 4, 'n_estimators': 750, 'reg_alpha': 1.0, 'reg_lambda': 1.0, 'subsample': 0.7}",0.9809583302455981,0.9901268607873446,0.9936485026692425,0.9880024404517326,0.9881840335384795,0.004633539811146182,1537
991,0.8642578125,0.1946723229882766,0.020999133586883545,0.0058723107500465626,0.8,0.2,0.1,4,750,1.0,1.0,0.85,"{'colsample_bytree': 0.8, 'gamma': 0.2, 'learning_rate': 0.1, 'max_depth': 4, 'n_estimators': 750, 'reg_alpha': 1.0, 'reg_lambda': 1.0, 'subsample': 0.85}",0.980957951420544,0.9901268607873446,0.9943542442775466,0.9865909628578188,0.9880075048358135,0.00491109880069369,1605
992,0.37284958362579346,0.0328736792050374,0.012633144855499268,0.001191845717732258,0.8,0.2,0.1,4,750,1.0,1.0,1.0,"{'colsample_bytree': 0.8, 'gamma': 0.2, 'learning_rate': 0.1, 'max_depth': 4, 'n_estimators': 750, 'reg_alpha': 1.0, 'reg_lambda': 1.0, 'subsample': 1.0}",0.9788427680463132,0.9887164123283938,0.992237105212699,0.985885498220995,0.9864204459521002,0.004919663557445973,1905
993,0.7972410321235657,0.08230533176118729,0.021501600742340088,0.001658967042978617,0.8,0.2,0.1,4,750,1.0,1.5,0.7,"{'colsample_bytree': 0.8, 'gamma': 0.2, 'learning_rate': 0.1, 'max_depth': 4, 'n_estimators': 750, 'reg_alpha': 1.0, 'reg_lambda': 1.5, 'subsample': 0.7}",0.980957951420544,0.9894214629415494,0.9943541992883981,0.988002225333439,0.9881839597459826,0.0047919592518571264,1544
994,0.8275064826011658,0.15330505392334012,0.017880380153656006,0.0010306465017278746,0.8,0.2,0.1,4,750,1.0,1.5,0.85,"{'colsample_bytree': 0.8, 'gamma': 0.2, 'learning_rate': 0.1, 'max_depth': 4, 'n_estimators': 750, 'reg_alpha': 1.0, 'reg_lambda': 1.5, 'subsample': 0.85}",0.9816634039979629,0.9908321169335286,0.9964714114603177,0.9872963410115112,0.9890658183508301,0.005382597149435157,1173
995,0.3812384009361267,0.03390471302184761,0.012751221656799316,0.0010859857471247607,0.8,0.2,0.1,4,750,1.0,1.5,1.0,"{'colsample_bytree': 0.8, 'gamma': 0.2, 'learning_rate': 0.1, 'max_depth': 4, 'n_estimators': 750, 'reg_alpha': 1.0, 'reg_lambda': 1.5, 'subsample': 1.0}",0.9802528966131908,0.9880111344363328,0.9915314001577777,0.985885498220995,0.9864202323570741,0.004091973133062094,1909
996,0.7549752593040466,0.05781307579599022,0.024894535541534424,0.002332282759710737,0.8,0.2,0.1,4,750,1.0,2.0,0.7,"{'colsample_bytree': 0.8, 'gamma': 0.2, 'learning_rate': 0.1, 'max_depth': 4, 'n_estimators': 750, 'reg_alpha': 1.0, 'reg_lambda': 2.0, 'subsample': 0.7}",0.9816634039979629,0.9894214629415494,0.9936485026692425,0.9894139180456464,0.9885368219136004,0.00432796260854311,1399
997,0.8052334189414978,0.06967669089840701,0.026385068893432617,0.007666828401995095,0.8,0.2,0.1,4,750,1.0,2.0,0.85,"{'colsample_bytree': 0.8, 'gamma': 0.2, 'learning_rate': 0.1, 'max_depth': 4, 'n_estimators': 750, 'reg_alpha': 1.0, 'reg_lambda': 2.0, 'subsample': 0.85}",0.9823688243014796,0.9901268607873446,0.9936485026692425,0.9858851045518296,0.9880073230774741,0.004260628686227748,1629
998,0.42499446868896484,0.029099907869787278,0.01400136947631836,0.0012242757240953281,0.8,0.2,0.1,4,750,1.0,2.0,1.0,"{'colsample_bytree': 0.8, 'gamma': 0.2, 'learning_rate': 0.1, 'max_depth': 4, 'n_estimators': 750, 'reg_alpha': 1.0, 'reg_lambda': 2.0, 'subsample': 1.0}",0.980958633294789,0.9887164123283938,0.992237105212699,0.985179485263905,0.9867729090249467,0.004182685937806876,1883
999,22.67730700969696,37.705071423560845,0.02576124668121338,0.0007456976720034763,0.8,0.2,0.1,4,900,0.1,1.0,0.7,"{'colsample_bytree': 0.8, 'gamma': 0.2, 'learning_rate': 0.1, 'max_depth': 4, 'n_estimators': 900, 'reg_alpha': 0.1, 'reg_lambda': 1.0, 'subsample': 0.7}",0.9816630027156343,0.9915373765867419,0.9957657000788889,0.9894139180456464,0.9895949993567279,0.005118587155204485,885
1000,1.0992008447647095,0.11074639618533476,0.02462923526763916,0.002389868261694803,0.8,0.2,0.1,4,900,0.1,1.0,0.85,"{'colsample_bytree': 0.8, 'gamma': 0.2, 'learning_rate': 0.1, 'max_depth': 4, 'n_estimators': 900, 'reg_alpha': 0.1, 'reg_lambda': 1.0, 'subsample': 0.85}",0.9823680526023909,0.9922425913464957,0.9978828468761907,0.9894139180456464,0.990476852217681,0.005586793619955654,391
1001,0.5588013529777527,0.09509035334756581,0.014750182628631592,0.0004328840211505846,0.8,0.2,0.1,4,900,0.1,1.0,1.0,"{'colsample_bytree': 0.8, 'gamma': 0.2, 'learning_rate': 0.1, 'max_depth': 4, 'n_estimators': 900, 'reg_alpha': 0.1, 'reg_lambda': 1.0, 'subsample': 1.0}",0.9816634039979629,0.9894216733848407,0.995059946520522,0.9880024404517326,0.9885368660887646,0.004766118812660108,1390
1002,0.9831653833389282,0.1489803649227451,0.02538454532623291,0.0009578826632844779,0.8,0.2,0.1,4,900,0.1,1.5,0.7,"{'colsample_bytree': 0.8, 'gamma': 0.2, 'learning_rate': 0.1, 'max_depth': 4, 'n_estimators': 900, 'reg_alpha': 0.1, 'reg_lambda': 1.5, 'subsample': 0.7}",0.9809574968105822,0.9915373765867419,0.9957656832081598,0.9901197306558291,0.9895950718153282,0.005402128322428317,874
1003,1.0391765236854553,0.1615888003716696,0.027762532234191895,0.009741683815825764,0.8,0.2,0.1,4,900,0.1,1.5,0.85,"{'colsample_bytree': 0.8, 'gamma': 0.2, 'learning_rate': 0.1, 'max_depth': 4, 'n_estimators': 900, 'reg_alpha': 0.1, 'reg_lambda': 1.5, 'subsample': 0.85}",0.9816630027156343,0.9922425913464957,0.9978828468761907,0.988708263606662,0.9901241761362456,0.005879645367685648,575
1004,0.45663559436798096,0.011846783366214829,0.014632165431976318,0.001472500296194373,0.8,0.2,0.1,4,900,0.1,1.5,1.0,"{'colsample_bytree': 0.8, 'gamma': 0.2, 'learning_rate': 0.1, 'max_depth': 4, 'n_estimators': 900, 'reg_alpha': 0.1, 'reg_lambda': 1.5, 'subsample': 1.0}",0.9837793183573613,0.9880111344363328,0.9922370588179632,0.9894139180456464,0.9883603574143259,0.0030515028800013086,1486
1005,1.1349551677703857,0.17131306860260417,0.03276163339614868,0.006089884988780123,0.8,0.2,0.1,4,900,0.1,2.0,0.7,"{'colsample_bytree': 0.8, 'gamma': 0.2, 'learning_rate': 0.1, 'max_depth': 4, 'n_estimators': 900, 'reg_alpha': 0.1, 'reg_lambda': 2.0, 'subsample': 0.7}",0.9809574968105822,0.9908321169335286,0.9957656832081598,0.9908255235816565,0.9895952051334818,0.005378857662798521,848
1006,0.9141430854797363,0.15344432471234093,0.023749828338623047,0.0020455054431092073,0.8,0.2,0.1,4,900,0.1,2.0,0.85,"{'colsample_bytree': 0.8, 'gamma': 0.2, 'learning_rate': 0.1, 'max_depth': 4, 'n_estimators': 900, 'reg_alpha': 0.1, 'reg_lambda': 2.0, 'subsample': 0.85}",0.9837789956545375,0.9915373597517307,0.9971771221387733,0.9894140656711423,0.990476885804046,0.004796068468670616,387
1007,0.4636307954788208,0.018691526541942675,0.01463228464126587,0.0011991761693673365,0.8,0.2,0.1,4,900,0.1,2.0,1.0,"{'colsample_bytree': 0.8, 'gamma': 0.2, 'learning_rate': 0.1, 'max_depth': 4, 'n_estimators': 900, 'reg_alpha': 0.1, 'reg_lambda': 2.0, 'subsample': 1.0}",0.9837793183573613,0.9887164123283938,0.9936485026692425,0.9880027272641247,0.9885367401547805,0.0035028784599303417,1418
1008,1.1557047963142395,0.1295780250791744,0.03401613235473633,0.009868365510774697,0.8,0.2,0.1,4,900,0.5,1.0,0.7,"{'colsample_bytree': 0.8, 'gamma': 0.2, 'learning_rate': 0.1, 'max_depth': 4, 'n_estimators': 900, 'reg_alpha': 0.5, 'reg_lambda': 1.0, 'subsample': 0.7}",0.9816630027156343,0.9915373597517307,0.9957656832081598,0.9908255235816565,0.9899478923142953,0.005142536580396181,657
1009,0.7992416620254517,0.03052687682130224,0.01974862813949585,0.0014803339822305774,0.8,0.2,0.1,4,900,0.5,1.0,0.85,"{'colsample_bytree': 0.8, 'gamma': 0.2, 'learning_rate': 0.1, 'max_depth': 4, 'n_estimators': 900, 'reg_alpha': 0.5, 'reg_lambda': 1.0, 'subsample': 0.85}",0.9809583302455981,0.9908321169335286,0.9964713903718013,0.9880024404517326,0.9890660695006651,0.005586242997791474,1126
1010,0.5281447768211365,0.08949322467089699,0.013755202293395996,0.0010888308759742255,0.8,0.2,0.1,4,900,0.5,1.0,1.0,"{'colsample_bytree': 0.8, 'gamma': 0.2, 'learning_rate': 0.1, 'max_depth': 4, 'n_estimators': 900, 'reg_alpha': 0.5, 'reg_lambda': 1.0, 'subsample': 1.0}",0.980957951420544,0.9901269197103526,0.9929428053469331,0.985885498220995,0.9874782936747062,0.004525703485685529,1778
1011,0.874126672744751,0.054619743412624135,0.024880588054656982,0.001942276053794856,0.8,0.2,0.1,4,900,0.5,1.5,0.7,"{'colsample_bytree': 0.8, 'gamma': 0.2, 'learning_rate': 0.1, 'max_depth': 4, 'n_estimators': 900, 'reg_alpha': 0.5, 'reg_lambda': 1.5, 'subsample': 0.7}",0.9802528966131908,0.9908321169335286,0.9964714114603177,0.9901197306558291,0.9894190389157165,0.005836134885715919,928
1012,0.9618963599205017,0.1790383282484708,0.023629486560821533,0.005512370864592376,0.8,0.2,0.1,4,900,0.5,1.5,0.85,"{'colsample_bytree': 0.8, 'gamma': 0.2, 'learning_rate': 0.1, 'max_depth': 4, 'n_estimators': 900, 'reg_alpha': 0.5, 'reg_lambda': 1.5, 'subsample': 0.85}",0.9823691049025824,0.9908321169335286,0.9971771221387733,0.9887080836414638,0.989771606904087,0.005289008768808591,741
1013,0.5277767777442932,0.06259861210249718,0.019131004810333252,0.007437398186067781,0.8,0.2,0.1,4,900,0.5,1.5,1.0,"{'colsample_bytree': 0.8, 'gamma': 0.2, 'learning_rate': 0.1, 'max_depth': 4, 'n_estimators': 900, 'reg_alpha': 0.5, 'reg_lambda': 1.5, 'subsample': 1.0}",0.9816634039979629,0.9894216733848407,0.992237105212699,0.9851796919395991,0.9871254686337755,0.004031798041916217,1855
1014,0.981758177280426,0.15430816935803857,0.02876460552215576,0.007731872501907547,0.8,0.2,0.1,4,900,0.5,2.0,0.7,"{'colsample_bytree': 0.8, 'gamma': 0.2, 'learning_rate': 0.1, 'max_depth': 4, 'n_estimators': 900, 'reg_alpha': 0.5, 'reg_lambda': 2.0, 'subsample': 0.7}",0.9816630027156343,0.9908321169335286,0.995059946520522,0.9908255235816565,0.9895951474378353,0.00489455993672143,856
1015,1.0517834424972534,0.167990042546027,0.02788257598876953,0.007180524563906734,0.8,0.2,0.1,4,900,0.5,2.0,0.85,"{'colsample_bytree': 0.8, 'gamma': 0.2, 'learning_rate': 0.1, 'max_depth': 4, 'n_estimators': 900, 'reg_alpha': 0.5, 'reg_lambda': 2.0, 'subsample': 0.85}",0.980957951420544,0.9908321169335286,0.9964714114603177,0.988002225333439,0.9890659262869572,0.005586397681104579,1153
1016,0.47311705350875854,0.026177274711217897,0.014631211757659912,0.0013011696671216071,0.8,0.2,0.1,4,900,0.5,2.0,1.0,"{'colsample_bytree': 0.8, 'gamma': 0.2, 'learning_rate': 0.1, 'max_depth': 4, 'n_estimators': 900, 'reg_alpha': 0.5, 'reg_lambda': 2.0, 'subsample': 1.0}",0.9816637323068047,0.9887164123283938,0.992237105212699,0.985179485263905,0.9869491837779507,0.003941859964979322,1869
1017,0.9904043674468994,0.12251417888765488,0.026001811027526855,0.004746465702837123,0.8,0.2,0.1,4,900,1.0,1.0,0.7,"{'colsample_bytree': 0.8, 'gamma': 0.2, 'learning_rate': 0.1, 'max_depth': 4, 'n_estimators': 900, 'reg_alpha': 1.0, 'reg_lambda': 1.0, 'subsample': 0.7}",0.9809583302455981,0.9901268607873446,0.9936485026692425,0.9880024404517326,0.9881840335384795,0.004633539811146182,1537
1018,0.7587132453918457,0.03278723437762683,0.01888185739517212,0.0016708282368712187,0.8,0.2,0.1,4,900,1.0,1.0,0.85,"{'colsample_bytree': 0.8, 'gamma': 0.2, 'learning_rate': 0.1, 'max_depth': 4, 'n_estimators': 900, 'reg_alpha': 1.0, 'reg_lambda': 1.0, 'subsample': 0.85}",0.9816634039979629,0.9901268607873446,0.9950599760444447,0.9872965940966467,0.9885367087315997,0.00484411504468258,1422
1019,0.5178954005241394,0.08497061770018928,0.015756547451019287,0.0037675968997156303,0.8,0.2,0.1,4,900,1.0,1.0,1.0,"{'colsample_bytree': 0.8, 'gamma': 0.2, 'learning_rate': 0.1, 'max_depth': 4, 'n_estimators': 900, 'reg_alpha': 1.0, 'reg_lambda': 1.0, 'subsample': 1.0}",0.9788427680463132,0.9887164123283938,0.992237105212699,0.985885498220995,0.9864204459521002,0.004919663557445973,1905
1020,0.9992988109588623,0.15577672599464376,0.02376246452331543,0.0016028196797424738,0.8,0.2,0.1,4,900,1.0,1.5,0.7,"{'colsample_bytree': 0.8, 'gamma': 0.2, 'learning_rate': 0.1, 'max_depth': 4, 'n_estimators': 900, 'reg_alpha': 1.0, 'reg_lambda': 1.5, 'subsample': 0.7}",0.9802524644629909,0.989421589208529,0.9943541992883981,0.988002225333439,0.9880076195733392,0.005060159189497441,1593
1021,0.9749148488044739,0.15500572011445476,0.019136786460876465,0.0013909283763512612,0.8,0.2,0.1,4,900,1.0,1.5,0.85,"{'colsample_bytree': 0.8, 'gamma': 0.2, 'learning_rate': 0.1, 'max_depth': 4, 'n_estimators': 900, 'reg_alpha': 1.0, 'reg_lambda': 1.5, 'subsample': 0.85}",0.980957951420544,0.9908321169335286,0.9964714114603177,0.988002225333439,0.9890659262869572,0.005586397681104579,1153
1022,0.45938223600387573,0.009306732194951591,0.0142555832862854,0.0004294504480660936,0.8,0.2,0.1,4,900,1.0,1.5,1.0,"{'colsample_bytree': 0.8, 'gamma': 0.2, 'learning_rate': 0.1, 'max_depth': 4, 'n_estimators': 900, 'reg_alpha': 1.0, 'reg_lambda': 1.5, 'subsample': 1.0}",0.9802528966131908,0.9880111344363328,0.9915314001577777,0.985885498220995,0.9864202323570741,0.004091973133062094,1909
1023,1.0184259414672852,0.16342341781944722,0.026749134063720703,0.006015986302104075,0.8,0.2,0.1,4,900,1.0,2.0,0.7,"{'colsample_bytree': 0.8, 'gamma': 0.2, 'learning_rate': 0.1, 'max_depth': 4, 'n_estimators': 900, 'reg_alpha': 1.0, 'reg_lambda': 2.0, 'subsample': 0.7}",0.980957951420544,0.9894214629415494,0.9936485026692425,0.9894139180456464,0.9883604587692456,0.004609664565794274,1470
1024,0.8587620258331299,0.146467368317217,0.020499110221862793,0.0032790815894698025,0.8,0.2,0.1,4,900,1.0,2.0,0.85,"{'colsample_bytree': 0.8, 'gamma': 0.2, 'learning_rate': 0.1, 'max_depth': 4, 'n_estimators': 900, 'reg_alpha': 1.0, 'reg_lambda': 2.0, 'subsample': 0.85}",0.9823688243014796,0.9908321169335286,0.9936485026692425,0.9858851045518296,0.9881836371140201,0.004358167644645358,1574
1025,0.5176446437835693,0.07329542123527319,0.014880776405334473,0.0011424512368850609,0.8,0.2,0.1,4,900,1.0,2.0,1.0,"{'colsample_bytree': 0.8, 'gamma': 0.2, 'learning_rate': 0.1, 'max_depth': 4, 'n_estimators': 900, 'reg_alpha': 1.0, 'reg_lambda': 2.0, 'subsample': 1.0}",0.980958633294789,0.9887164123283938,0.992237105212699,0.985179485263905,0.9867729090249467,0.004182685937806876,1883
1026,0.8278642892837524,0.03867497757184259,0.02388131618499756,0.0015219000866264901,0.8,0.2,0.1,8,750,0.1,1.0,0.7,"{'colsample_bytree': 0.8, 'gamma': 0.2, 'learning_rate': 0.1, 'max_depth': 8, 'n_estimators': 750, 'reg_alpha': 0.1, 'reg_lambda': 1.0, 'subsample': 0.7}",0.9837793183573613,0.9915373765867419,0.9971771221387733,0.9915312989325971,0.9910062790038684,0.004766182323145571,87
1027,0.898389995098114,0.16970995873747047,0.022000253200531006,0.003738426920237148,0.8,0.2,0.1,8,750,0.1,1.0,0.85,"{'colsample_bytree': 0.8, 'gamma': 0.2, 'learning_rate': 0.1, 'max_depth': 8, 'n_estimators': 750, 'reg_alpha': 0.1, 'reg_lambda': 1.0, 'subsample': 0.85}",0.9844846965672964,0.9922425913464957,0.9971771221387733,0.9915312989325971,0.9913589272462906,0.004525400906968573,22
1028,0.6175441145896912,0.07647921109845775,0.023894309997558594,0.006798468611336508,0.8,0.2,0.1,8,750,0.1,1.0,1.0,"{'colsample_bytree': 0.8, 'gamma': 0.2, 'learning_rate': 0.1, 'max_depth': 8, 'n_estimators': 750, 'reg_alpha': 0.1, 'reg_lambda': 1.0, 'subsample': 1.0}",0.9858953751153834,0.9908321169335286,0.9957656832081598,0.988708263606662,0.9903003597159334,0.0036087111953364555,504
1029,0.9487755298614502,0.15164596077499262,0.028004944324493408,0.004064177576751706,0.8,0.2,0.1,8,750,0.1,1.5,0.7,"{'colsample_bytree': 0.8, 'gamma': 0.2, 'learning_rate': 0.1, 'max_depth': 8, 'n_estimators': 750, 'reg_alpha': 0.1, 'reg_lambda': 1.5, 'subsample': 0.7}",0.9830742144370506,0.9915373765867419,0.9971771221387733,0.9908255235816565,0.9906535591860555,0.00502030988519263,219
1030,0.9181520938873291,0.15489750440700706,0.02125006914138794,0.0008319346922427702,0.8,0.2,0.1,8,750,0.1,1.5,0.85,"{'colsample_bytree': 0.8, 'gamma': 0.2, 'learning_rate': 0.1, 'max_depth': 8, 'n_estimators': 750, 'reg_alpha': 0.1, 'reg_lambda': 1.5, 'subsample': 0.85}",0.9851900481181693,0.9922425913464957,0.9964713903718013,0.9901197306558291,0.9910059401230739,0.004062339833835062,127
1031,0.481508731842041,0.02277319755133409,0.015504121780395508,0.0011163140421353436,0.8,0.2,0.1,8,750,0.1,1.5,1.0,"{'colsample_bytree': 0.8, 'gamma': 0.2, 'learning_rate': 0.1, 'max_depth': 8, 'n_estimators': 750, 'reg_alpha': 0.1, 'reg_lambda': 1.5, 'subsample': 1.0}",0.9866006796641367,0.9908321169335286,0.9957656832081598,0.988708263606662,0.9904766858531218,0.00340038841506906,419
1032,1.0583203434944153,0.16863761004176414,0.029001891613006592,0.005102158111876947,0.8,0.2,0.1,8,750,0.1,2.0,0.7,"{'colsample_bytree': 0.8, 'gamma': 0.2, 'learning_rate': 0.1, 'max_depth': 8, 'n_estimators': 750, 'reg_alpha': 0.1, 'reg_lambda': 2.0, 'subsample': 0.7}",0.9837793183573613,0.9922425913464957,0.9978828468761907,0.9908255235816565,0.991182570040426,0.005023767821608752,48
1033,0.7918741106987,0.044943508061754726,0.02125316858291626,0.0014808632185332416,0.8,0.2,0.1,8,750,0.1,2.0,0.85,"{'colsample_bytree': 0.8, 'gamma': 0.2, 'learning_rate': 0.1, 'max_depth': 8, 'n_estimators': 750, 'reg_alpha': 0.1, 'reg_lambda': 2.0, 'subsample': 0.85}",0.9844849126269217,0.9922425913464957,0.9957656494662985,0.9908255235816565,0.9908296692553431,0.0040809374945935525,189
1034,0.5643046498298645,0.07828628506246414,0.016258299350738525,0.0008322178414800535,0.8,0.2,0.1,8,750,0.1,2.0,1.0,"{'colsample_bytree': 0.8, 'gamma': 0.2, 'learning_rate': 0.1, 'max_depth': 8, 'n_estimators': 750, 'reg_alpha': 0.1, 'reg_lambda': 2.0, 'subsample': 1.0}",0.9866006796641367,0.9908321169335286,0.995059946520522,0.9880026077606279,0.9901238377197038,0.0032318372778514016,625
1035,0.9405588507652283,0.19047043505874928,0.027012288570404053,0.008426399311884233,0.8,0.2,0.1,8,750,0.5,1.0,0.7,"{'colsample_bytree': 0.8, 'gamma': 0.2, 'learning_rate': 0.1, 'max_depth': 8, 'n_estimators': 750, 'reg_alpha': 0.5, 'reg_lambda': 1.0, 'subsample': 0.7}",0.9830742144370506,0.9915373597517307,0.9957656832081598,0.9915312989325971,0.9904771390823846,0.00460997052952279,339
1036,0.858039379119873,0.13247827587150307,0.022132813930511475,0.006877929328332838,0.8,0.2,0.1,8,750,0.5,1.0,0.85,"{'colsample_bytree': 0.8, 'gamma': 0.2, 'learning_rate': 0.1, 'max_depth': 8, 'n_estimators': 750, 'reg_alpha': 0.5, 'reg_lambda': 1.0, 'subsample': 0.85}",0.9823691049025824,0.9922425913464957,0.9971771221387733,0.9894139180456464,0.9903006841083746,0.005356134484288594,439
1037,0.5271618962287903,0.06985666225964764,0.015756189823150635,0.00043751447550141495,0.8,0.2,0.1,8,750,0.5,1.0,1.0,"{'colsample_bytree': 0.8, 'gamma': 0.2, 'learning_rate': 0.1, 'max_depth': 8, 'n_estimators': 750, 'reg_alpha': 0.5, 'reg_lambda': 1.0, 'subsample': 1.0}",0.9858955154104921,0.9915373597517307,0.9964714114603177,0.9872967965574946,0.9903002707950088,0.004124199731181575,516
1038,0.8800556659698486,0.14398867013569486,0.024387061595916748,0.00385536971941716,0.8,0.2,0.1,8,750,0.5,1.5,0.7,"{'colsample_bytree': 0.8, 'gamma': 0.2, 'learning_rate': 0.1, 'max_depth': 8, 'n_estimators': 750, 'reg_alpha': 0.5, 'reg_lambda': 1.5, 'subsample': 0.7}",0.9816634039979629,0.9915373597517307,0.9957656832081598,0.9901197306558291,0.9897715444034206,0.005121303016708493,752
1039,0.8141621947288513,0.14659650282387335,0.019753873348236084,0.0019238817685668446,0.8,0.2,0.1,8,750,0.5,1.5,0.85,"{'colsample_bytree': 0.8, 'gamma': 0.2, 'learning_rate': 0.1, 'max_depth': 8, 'n_estimators': 750, 'reg_alpha': 0.5, 'reg_lambda': 1.5, 'subsample': 0.85}",0.980958633294789,0.9922425913464957,0.9957656494662985,0.9894139180456464,0.9895951980383074,0.005470518146349609,851
1040,0.5678190588951111,0.08688568729760832,0.01863241195678711,0.00600959825851191,0.8,0.2,0.1,8,750,0.5,1.5,1.0,"{'colsample_bytree': 0.8, 'gamma': 0.2, 'learning_rate': 0.1, 'max_depth': 8, 'n_estimators': 750, 'reg_alpha': 0.5, 'reg_lambda': 1.5, 'subsample': 1.0}",0.9844850669515415,0.9915373597517307,0.9943541992883981,0.9880024404517326,0.9895947666108508,0.0037104716926711838,916
1041,0.9804222583770752,0.14022597048248334,0.024884521961212158,0.0019589706503591246,0.8,0.2,0.1,8,750,0.5,2.0,0.7,"{'colsample_bytree': 0.8, 'gamma': 0.2, 'learning_rate': 0.1, 'max_depth': 8, 'n_estimators': 750, 'reg_alpha': 0.5, 'reg_lambda': 2.0, 'subsample': 0.7}",0.9823688243014796,0.9908321169335286,0.9964714114603177,0.9901197306558291,0.9899480208377888,0.005020208051421087,638
1042,0.7986140847206116,0.10077330878689778,0.019250810146331787,0.0008297970072407005,0.8,0.2,0.1,8,750,0.5,2.0,0.85,"{'colsample_bytree': 0.8, 'gamma': 0.2, 'learning_rate': 0.1, 'max_depth': 8, 'n_estimators': 750, 'reg_alpha': 0.5, 'reg_lambda': 2.0, 'subsample': 0.85}",0.9816637323068047,0.9929478138222849,0.9957656494662985,0.988002225333439,0.9895948552322067,0.005356309682014436,906
1043,0.4963890314102173,0.005447167701782279,0.01537930965423584,0.0010806130098761314,0.8,0.2,0.1,8,750,0.5,2.0,1.0,"{'colsample_bytree': 0.8, 'gamma': 0.2, 'learning_rate': 0.1, 'max_depth': 8, 'n_estimators': 750, 'reg_alpha': 0.5, 'reg_lambda': 2.0, 'subsample': 1.0}",0.9830746184925907,0.9915373597517307,0.9936485026692425,0.9880024404517326,0.9890657303413242,0.0040042090581431725,1187
1044,0.908145010471344,0.18594916373001977,0.020512878894805908,0.001539217027670596,0.8,0.2,0.1,8,750,1.0,1.0,0.7,"{'colsample_bytree': 0.8, 'gamma': 0.2, 'learning_rate': 0.1, 'max_depth': 8, 'n_estimators': 750, 'reg_alpha': 1.0, 'reg_lambda': 1.0, 'subsample': 0.7}",0.9816639876499984,0.9901268607873446,0.9950599760444447,0.9894139180456464,0.9890661856318586,0.004794893327534215,1115
1045,0.9113996624946594,0.13091775972750133,0.025128602981567383,0.009899661492476777,0.8,0.2,0.1,8,750,1.0,1.0,0.85,"{'colsample_bytree': 0.8, 'gamma': 0.2, 'learning_rate': 0.1, 'max_depth': 8, 'n_estimators': 750, 'reg_alpha': 1.0, 'reg_lambda': 1.0, 'subsample': 0.85}",0.9816639876499984,0.9915373597517307,0.9936485406285719,0.9894139180456464,0.9890659515189869,0.0045281931115415,1146
1046,0.5107737183570862,0.06605411396503254,0.014633715152740479,0.0004163968155231348,0.8,0.2,0.1,8,750,1.0,1.0,1.0,"{'colsample_bytree': 0.8, 'gamma': 0.2, 'learning_rate': 0.1, 'max_depth': 8, 'n_estimators': 750, 'reg_alpha': 1.0, 'reg_lambda': 1.0, 'subsample': 1.0}",0.9837797701197444,0.9901268607873446,0.9943542442775466,0.9872965940966467,0.9888893673203206,0.003874312207758156,1267
1047,0.8723911046981812,0.14215821964562067,0.02138233184814453,0.0015566105460179064,0.8,0.2,0.1,8,750,1.0,1.5,0.7,"{'colsample_bytree': 0.8, 'gamma': 0.2, 'learning_rate': 0.1, 'max_depth': 8, 'n_estimators': 750, 'reg_alpha': 1.0, 'reg_lambda': 1.5, 'subsample': 0.7}",0.980958633294789,0.9901268607873446,0.9936485026692425,0.9894139180456464,0.9885369786992557,0.0046598214567841745,1378
1048,0.7622321248054504,0.1121599174942099,0.0198824405670166,0.0026480519464586166,0.8,0.2,0.1,8,750,1.0,1.5,0.85,"{'colsample_bytree': 0.8, 'gamma': 0.2, 'learning_rate': 0.1, 'max_depth': 8, 'n_estimators': 750, 'reg_alpha': 1.0, 'reg_lambda': 1.5, 'subsample': 0.85}",0.980958633294789,0.9901268607873446,0.9936485026692425,0.9872963410115112,0.9880075844407219,0.0046503997185068455,1596
1049,0.46762967109680176,0.008406153029983088,0.014883995056152344,0.0007303744887172582,0.8,0.2,0.1,8,750,1.0,1.5,1.0,"{'colsample_bytree': 0.8, 'gamma': 0.2, 'learning_rate': 0.1, 'max_depth': 8, 'n_estimators': 750, 'reg_alpha': 1.0, 'reg_lambda': 1.5, 'subsample': 1.0}",0.9837798991900891,0.9901268607873446,0.9943542442775466,0.9865907224314905,0.9887129316716177,0.003957972491845091,1359
1050,0.9181692600250244,0.12519993208375016,0.02325129508972168,0.0025873884763400897,0.8,0.2,0.1,8,750,1.0,2.0,0.7,"{'colsample_bytree': 0.8, 'gamma': 0.2, 'learning_rate': 0.1, 'max_depth': 8, 'n_estimators': 750, 'reg_alpha': 1.0, 'reg_lambda': 2.0, 'subsample': 0.7}",0.980253250176559,0.989421589208529,0.995059946520522,0.9894139180456464,0.9885371759878141,0.005308503217708566,1373
1051,0.8258917331695557,0.07598112587950513,0.020383477210998535,0.0009649924247979888,0.8,0.2,0.1,8,750,1.0,2.0,0.85,"{'colsample_bytree': 0.8, 'gamma': 0.2, 'learning_rate': 0.1, 'max_depth': 8, 'n_estimators': 750, 'reg_alpha': 1.0, 'reg_lambda': 2.0, 'subsample': 0.85}",0.9816637323068047,0.9901268607873446,0.9943542442775466,0.988002225333439,0.9885367656762837,0.004579732001287624,1414
1052,0.4965435862541199,0.04170666505744907,0.019878149032592773,0.009316859312389597,0.8,0.2,0.1,8,750,1.0,2.0,1.0,"{'colsample_bytree': 0.8, 'gamma': 0.2, 'learning_rate': 0.1, 'max_depth': 8, 'n_estimators': 750, 'reg_alpha': 1.0, 'reg_lambda': 2.0, 'subsample': 1.0}",0.9816641700336399,0.9901268607873446,0.9929427491104976,0.9865907224314905,0.987831125590743,0.004212156096982638,1662
1053,1.0165799856185913,0.10266188340238844,0.02738165855407715,0.0022721322736086926,0.8,0.2,0.1,8,900,0.1,1.0,0.7,"{'colsample_bytree': 0.8, 'gamma': 0.2, 'learning_rate': 0.1, 'max_depth': 8, 'n_estimators': 900, 'reg_alpha': 0.1, 'reg_lambda': 1.0, 'subsample': 0.7}",0.9837793183573613,0.9915373765867419,0.9971771221387733,0.9908255235816565,0.9908298351661333,0.0047565342591917486,155
1054,0.9718177914619446,0.09259495547891956,0.02763676643371582,0.009778961654060487,0.8,0.2,0.1,8,900,0.1,1.0,0.85,"{'colsample_bytree': 0.8, 'gamma': 0.2, 'learning_rate': 0.1, 'max_depth': 8, 'n_estimators': 900, 'reg_alpha': 0.1, 'reg_lambda': 1.0, 'subsample': 0.85}",0.9844846965672964,0.9922425913464957,0.9971771221387733,0.9915312989325971,0.9913589272462906,0.004525400906968573,22
1055,0.5415500998497009,0.027830150623246428,0.01612931489944458,0.000742321795360424,0.8,0.2,0.1,8,900,0.1,1.0,1.0,"{'colsample_bytree': 0.8, 'gamma': 0.2, 'learning_rate': 0.1, 'max_depth': 8, 'n_estimators': 900, 'reg_alpha': 0.1, 'reg_lambda': 1.0, 'subsample': 1.0}",0.9858953751153834,0.9908321169335286,0.9957656832081598,0.988708263606662,0.9903003597159334,0.0036087111953364555,504
1056,1.063602089881897,0.07730455429435934,0.028646767139434814,0.0005556088933291002,0.8,0.2,0.1,8,900,0.1,1.5,0.7,"{'colsample_bytree': 0.8, 'gamma': 0.2, 'learning_rate': 0.1, 'max_depth': 8, 'n_estimators': 900, 'reg_alpha': 0.1, 'reg_lambda': 1.5, 'subsample': 0.7}",0.9830742144370506,0.9915373765867419,0.9971771221387733,0.9908255235816565,0.9906535591860555,0.00502030988519263,219
1057,1.030098021030426,0.10708680190913514,0.029000461101531982,0.010417117935638289,0.8,0.2,0.1,8,900,0.1,1.5,0.85,"{'colsample_bytree': 0.8, 'gamma': 0.2, 'learning_rate': 0.1, 'max_depth': 8, 'n_estimators': 900, 'reg_alpha': 0.1, 'reg_lambda': 1.5, 'subsample': 0.85}",0.9844849126269217,0.9922425913464957,0.9964713903718013,0.9901197306558291,0.990829656250262,0.0043181395148795855,190
1058,0.5521798133850098,0.017628044941395832,0.016379833221435547,0.0004158789613792261,0.8,0.2,0.1,8,900,0.1,1.5,1.0,"{'colsample_bytree': 0.8, 'gamma': 0.2, 'learning_rate': 0.1, 'max_depth': 8, 'n_estimators': 900, 'reg_alpha': 0.1, 'reg_lambda': 1.5, 'subsample': 1.0}",0.9866006796641367,0.9908321169335286,0.9957656832081598,0.988708263606662,0.9904766858531218,0.00340038841506906,419
1059,1.0308420658111572,0.11964197740338565,0.02863210439682007,0.0035220787832139044,0.8,0.2,0.1,8,900,0.1,2.0,0.7,"{'colsample_bytree': 0.8, 'gamma': 0.2, 'learning_rate': 0.1, 'max_depth': 8, 'n_estimators': 900, 'reg_alpha': 0.1, 'reg_lambda': 2.0, 'subsample': 0.7}",0.9830739113827349,0.9922425913464957,0.9978828468761907,0.9915312989325971,0.9911826621345046,0.005288887214680995,40
1060,1.0001981854438782,0.11519875847970229,0.024382054805755615,0.0026854245799042206,0.8,0.2,0.1,8,900,0.1,2.0,0.85,"{'colsample_bytree': 0.8, 'gamma': 0.2, 'learning_rate': 0.1, 'max_depth': 8, 'n_estimators': 900, 'reg_alpha': 0.1, 'reg_lambda': 2.0, 'subsample': 0.85}",0.9830742144370506,0.9922425913464957,0.9957656494662985,0.9901197306558291,0.9903005464764185,0.00463388222960942,461
1061,0.6075590252876282,0.04993404071665672,0.017882823944091797,0.0012407203324077771,0.8,0.2,0.1,8,900,0.1,2.0,1.0,"{'colsample_bytree': 0.8, 'gamma': 0.2, 'learning_rate': 0.1, 'max_depth': 8, 'n_estimators': 900, 'reg_alpha': 0.1, 'reg_lambda': 2.0, 'subsample': 1.0}",0.9866006796641367,0.9908321169335286,0.995059946520522,0.9880026077606279,0.9901238377197038,0.0032318372778514016,625
1062,0.9999340176582336,0.10714497485562384,0.0280148983001709,0.006267012519071566,0.8,0.2,0.1,8,900,0.5,1.0,0.7,"{'colsample_bytree': 0.8, 'gamma': 0.2, 'learning_rate': 0.1, 'max_depth': 8, 'n_estimators': 900, 'reg_alpha': 0.5, 'reg_lambda': 1.0, 'subsample': 0.7}",0.9837793183573613,0.9922425913464957,0.9964713903718013,0.9915312989325971,0.9910061497520638,0.004579861256559594,98
1063,0.9441776871681213,0.10540076146608042,0.024000465869903564,0.0058746349704511145,0.8,0.2,0.1,8,900,0.5,1.0,0.85,"{'colsample_bytree': 0.8, 'gamma': 0.2, 'learning_rate': 0.1, 'max_depth': 8, 'n_estimators': 900, 'reg_alpha': 0.5, 'reg_lambda': 1.0, 'subsample': 0.85}",0.9823691049025824,0.9922425913464957,0.9964713903718013,0.9894139180456464,0.9901242511666315,0.005133722039782479,552
1064,0.5380510091781616,0.018546907715993016,0.017002344131469727,0.0012252443632826103,0.8,0.2,0.1,8,900,0.5,1.0,1.0,"{'colsample_bytree': 0.8, 'gamma': 0.2, 'learning_rate': 0.1, 'max_depth': 8, 'n_estimators': 900, 'reg_alpha': 0.5, 'reg_lambda': 1.0, 'subsample': 1.0}",0.9858955154104921,0.9915373597517307,0.9964714114603177,0.9872967965574946,0.9903002707950088,0.004124199731181575,516
1065,1.0639602541923523,0.09998550357065364,0.02763497829437256,0.00542436163885889,0.8,0.2,0.1,8,900,0.5,1.5,0.7,"{'colsample_bytree': 0.8, 'gamma': 0.2, 'learning_rate': 0.1, 'max_depth': 8, 'n_estimators': 900, 'reg_alpha': 0.5, 'reg_lambda': 1.5, 'subsample': 0.7}",0.9823684735375408,0.9922425913464957,0.9964713903718013,0.9908255235816565,0.9904769947093737,0.0051215158598706305,363
1066,0.9547989368438721,0.10553355167519306,0.020748913288116455,0.001479347018422828,0.8,0.2,0.1,8,900,0.5,1.5,0.85,"{'colsample_bytree': 0.8, 'gamma': 0.2, 'learning_rate': 0.1, 'max_depth': 8, 'n_estimators': 900, 'reg_alpha': 0.5, 'reg_lambda': 1.5, 'subsample': 0.85}",0.9816639876499984,0.9922425913464957,0.9964713903718013,0.9894139180456464,0.9899479718534855,0.005402080051612053,644
1067,0.536532998085022,0.019526671761578594,0.01638174057006836,0.000659487122999514,0.8,0.2,0.1,8,900,0.5,1.5,1.0,"{'colsample_bytree': 0.8, 'gamma': 0.2, 'learning_rate': 0.1, 'max_depth': 8, 'n_estimators': 900, 'reg_alpha': 0.5, 'reg_lambda': 1.5, 'subsample': 1.0}",0.9844850669515415,0.9915373597517307,0.9943541992883981,0.9880024404517326,0.9895947666108508,0.0037104716926711838,916
1068,1.035578429698944,0.08006703740918492,0.02688455581665039,0.0022617618247053398,0.8,0.2,0.1,8,900,0.5,2.0,0.7,"{'colsample_bytree': 0.8, 'gamma': 0.2, 'learning_rate': 0.1, 'max_depth': 8, 'n_estimators': 900, 'reg_alpha': 0.5, 'reg_lambda': 2.0, 'subsample': 0.7}",0.9823688243014796,0.9915373597517307,0.9964714114603177,0.9908255235816565,0.9903007797737962,0.005069445214499119,431
1069,0.9503031969070435,0.11258611872426413,0.02188873291015625,0.001958255705552308,0.8,0.2,0.1,8,900,0.5,2.0,0.85,"{'colsample_bytree': 0.8, 'gamma': 0.2, 'learning_rate': 0.1, 'max_depth': 8, 'n_estimators': 900, 'reg_alpha': 0.5, 'reg_lambda': 2.0, 'subsample': 0.85}",0.9816637323068047,0.9922425913464957,0.9957656494662985,0.988002225333439,0.9894185496132595,0.005253666676179789,1006
1070,0.6074410080909729,0.04364594505896828,0.016503632068634033,0.0005032596717194238,0.8,0.2,0.1,8,900,0.5,2.0,1.0,"{'colsample_bytree': 0.8, 'gamma': 0.2, 'learning_rate': 0.1, 'max_depth': 8, 'n_estimators': 900, 'reg_alpha': 0.5, 'reg_lambda': 2.0, 'subsample': 1.0}",0.9830746184925907,0.9915373597517307,0.9936485026692425,0.9880024404517326,0.9890657303413242,0.0040042090581431725,1187
1071,0.9140543937683105,0.08779991829721469,0.022501051425933838,0.001117766605900371,0.8,0.2,0.1,8,900,1.0,1.0,0.7,"{'colsample_bytree': 0.8, 'gamma': 0.2, 'learning_rate': 0.1, 'max_depth': 8, 'n_estimators': 900, 'reg_alpha': 1.0, 'reg_lambda': 1.0, 'subsample': 0.7}",0.9816639876499984,0.9908321169335286,0.9936485406285719,0.9894139180456464,0.9888896408144363,0.004441431953270819,1223
1072,0.8675301671028137,0.06829388394562069,0.019633591175079346,0.0004152566711177442,0.8,0.2,0.1,8,900,1.0,1.0,0.85,"{'colsample_bytree': 0.8, 'gamma': 0.2, 'learning_rate': 0.1, 'max_depth': 8, 'n_estimators': 900, 'reg_alpha': 1.0, 'reg_lambda': 1.0, 'subsample': 0.85}",0.9816639876499984,0.9915373597517307,0.9936485406285719,0.9894139180456464,0.9890659515189869,0.0045281931115415,1146
1073,0.533051609992981,0.016025108675961627,0.016260385513305664,0.0010321838888827598,0.8,0.2,0.1,8,900,1.0,1.0,1.0,"{'colsample_bytree': 0.8, 'gamma': 0.2, 'learning_rate': 0.1, 'max_depth': 8, 'n_estimators': 900, 'reg_alpha': 1.0, 'reg_lambda': 1.0, 'subsample': 1.0}",0.9837797701197444,0.9901268607873446,0.9943542442775466,0.9872965940966467,0.9888893673203206,0.003874312207758156,1267
1074,1.0348381996154785,0.08309655142404676,0.02425384521484375,0.0012956660971840447,0.8,0.2,0.1,8,900,1.0,1.5,0.7,"{'colsample_bytree': 0.8, 'gamma': 0.2, 'learning_rate': 0.1, 'max_depth': 8, 'n_estimators': 900, 'reg_alpha': 1.0, 'reg_lambda': 1.5, 'subsample': 0.7}",0.980958633294789,0.9901268607873446,0.9943542442775466,0.9894139180456464,0.9887134141013316,0.00485911843199515,1287
1075,0.868526816368103,0.11701428370696705,0.01950174570083618,0.001654765719962659,0.8,0.2,0.1,8,900,1.0,1.5,0.85,"{'colsample_bytree': 0.8, 'gamma': 0.2, 'learning_rate': 0.1, 'max_depth': 8, 'n_estimators': 900, 'reg_alpha': 1.0, 'reg_lambda': 1.5, 'subsample': 0.85}",0.980958633294789,0.9908321169335286,0.9943542442775466,0.9865904285653806,0.9881838557678112,0.004995743978553931,1557
1076,0.5529276728630066,0.0394450039124523,0.016768217086791992,0.001682248608206647,0.8,0.2,0.1,8,900,1.0,1.5,1.0,"{'colsample_bytree': 0.8, 'gamma': 0.2, 'learning_rate': 0.1, 'max_depth': 8, 'n_estimators': 900, 'reg_alpha': 1.0, 'reg_lambda': 1.5, 'subsample': 1.0}",0.9837798991900891,0.9901268607873446,0.9943542442775466,0.9865907224314905,0.9887129316716177,0.003957972491845091,1359
1077,1.0507020354270935,0.07905548074926304,0.026380538940429688,0.002498834463484042,0.8,0.2,0.1,8,900,1.0,2.0,0.7,"{'colsample_bytree': 0.8, 'gamma': 0.2, 'learning_rate': 0.1, 'max_depth': 8, 'n_estimators': 900, 'reg_alpha': 1.0, 'reg_lambda': 2.0, 'subsample': 0.7}",0.980253250176559,0.989421589208529,0.995059946520522,0.9894139180456464,0.9885371759878141,0.005308503217708566,1373
1078,0.8937807679176331,0.09522028250796155,0.020382285118103027,0.0014767061557342388,0.8,0.2,0.1,8,900,1.0,2.0,0.85,"{'colsample_bytree': 0.8, 'gamma': 0.2, 'learning_rate': 0.1, 'max_depth': 8, 'n_estimators': 900, 'reg_alpha': 1.0, 'reg_lambda': 2.0, 'subsample': 0.85}",0.9823691049025824,0.9908321169335286,0.9950599760444447,0.988002225333439,0.9890658558034986,0.0046105026365933135,1165
1079,0.5131551027297974,0.017680535283349924,0.01475989818572998,0.00024092315388522331,0.8,0.2,0.1,8,900,1.0,2.0,1.0,"{'colsample_bytree': 0.8, 'gamma': 0.2, 'learning_rate': 0.1, 'max_depth': 8, 'n_estimators': 900, 'reg_alpha': 1.0, 'reg_lambda': 2.0, 'subsample': 1.0}",0.9816641700336399,0.9901268607873446,0.9929427491104976,0.9865907224314905,0.987831125590743,0.004212156096982638,1662
1080,0.9480425715446472,0.11270409926125693,0.030633985996246338,0.006134102093676768,0.8,0.3,0.05,4,750,0.1,1.0,0.7,"{'colsample_bytree': 0.8, 'gamma': 0.3, 'learning_rate': 0.05, 'max_depth': 4, 'n_estimators': 750, 'reg_alpha': 0.1, 'reg_lambda': 1.0, 'subsample': 0.7}",0.9816630027156343,0.9915373597517307,0.995059946520522,0.9894139180456464,0.9894185567583834,0.004910785186725157,1004
1081,0.8635233044624329,0.09472159258729042,0.023749828338623047,0.0017854781454817842,0.8,0.3,0.05,4,750,0.1,1.0,0.85,"{'colsample_bytree': 0.8, 'gamma': 0.3, 'learning_rate': 0.05, 'max_depth': 4, 'n_estimators': 750, 'reg_alpha': 0.1, 'reg_lambda': 1.0, 'subsample': 0.85}",0.9823680526023909,0.9901268607873446,0.995059946520522,0.9908255235816565,0.9895950958729784,0.004579614429876585,868
1082,0.5212826728820801,0.05793518945545141,0.017252027988433838,0.0017842048542798228,0.8,0.3,0.05,4,750,0.1,1.0,1.0,"{'colsample_bytree': 0.8, 'gamma': 0.3, 'learning_rate': 0.05, 'max_depth': 4, 'n_estimators': 750, 'reg_alpha': 0.1, 'reg_lambda': 1.0, 'subsample': 1.0}",0.9823684735375408,0.9894216733848407,0.9936485406285719,0.9901197306558291,0.9888896045516956,0.004091727317492027,1234
1083,0.971051812171936,0.0833668933371684,0.03176659345626831,0.005651555000247453,0.8,0.3,0.05,4,750,0.1,1.5,0.7,"{'colsample_bytree': 0.8, 'gamma': 0.3, 'learning_rate': 0.05, 'max_depth': 4, 'n_estimators': 750, 'reg_alpha': 0.1, 'reg_lambda': 1.5, 'subsample': 0.7}",0.9809574968105822,0.9901268607873446,0.995059946520522,0.988002225333439,0.9885366323629718,0.005069796362638445,1437
1084,0.9070230722427368,0.11881474475745216,0.02663135528564453,0.0039295983674349525,0.8,0.3,0.05,4,750,0.1,1.5,0.85,"{'colsample_bytree': 0.8, 'gamma': 0.3, 'learning_rate': 0.05, 'max_depth': 4, 'n_estimators': 750, 'reg_alpha': 0.1, 'reg_lambda': 1.5, 'subsample': 0.85}",0.9823684735375408,0.9908321169335286,0.9957656832081598,0.9908255235816565,0.9899479493152215,0.004817841053933401,651
1085,0.4843984842300415,0.01084924466517239,0.016504883766174316,0.0005039113446507553,0.8,0.3,0.05,4,750,0.1,1.5,1.0,"{'colsample_bytree': 0.8, 'gamma': 0.3, 'learning_rate': 0.05, 'max_depth': 4, 'n_estimators': 750, 'reg_alpha': 0.1, 'reg_lambda': 1.5, 'subsample': 1.0}",0.9816634039979629,0.9887164123283938,0.9936485406285719,0.988708263606662,0.9881841551403976,0.004270178322491828,1525
1086,1.0105576515197754,0.10938596169883263,0.03351700305938721,0.005377258299625112,0.8,0.3,0.05,4,750,0.1,2.0,0.7,"{'colsample_bytree': 0.8, 'gamma': 0.3, 'learning_rate': 0.05, 'max_depth': 4, 'n_estimators': 750, 'reg_alpha': 0.1, 'reg_lambda': 2.0, 'subsample': 0.7}",0.9802524644629909,0.989421589208529,0.9936485026692425,0.9887080836414638,0.9880076599955566,0.00485931972915568,1590
1087,0.9070242047309875,0.12038967994155553,0.02388763427734375,0.0010315816354966951,0.8,0.3,0.05,4,750,0.1,2.0,0.85,"{'colsample_bytree': 0.8, 'gamma': 0.3, 'learning_rate': 0.05, 'max_depth': 4, 'n_estimators': 750, 'reg_alpha': 0.1, 'reg_lambda': 2.0, 'subsample': 0.85}",0.980957951420544,0.9901268607873446,0.9943542442775466,0.9894139180456464,0.9887132436327704,0.004859390488115527,1293
1088,0.5037798881530762,0.024780147382324823,0.01701176166534424,0.0009285061574604339,0.8,0.3,0.05,4,750,0.1,2.0,1.0,"{'colsample_bytree': 0.8, 'gamma': 0.3, 'learning_rate': 0.05, 'max_depth': 4, 'n_estimators': 750, 'reg_alpha': 0.1, 'reg_lambda': 2.0, 'subsample': 1.0}",0.9816634039979629,0.989421589208529,0.9929428334648147,0.9872967965574946,0.9878311558072004,0.004092231331056236,1656
1089,0.8498749136924744,0.0583759973196971,0.02513521909713745,0.0018166747711003087,0.8,0.3,0.05,4,750,0.5,1.0,0.7,"{'colsample_bytree': 0.8, 'gamma': 0.3, 'learning_rate': 0.05, 'max_depth': 4, 'n_estimators': 750, 'reg_alpha': 0.5, 'reg_lambda': 1.0, 'subsample': 0.7}",0.9809574968105822,0.989421589208529,0.9943541992883981,0.988002225333439,0.9881838776602371,0.00479213878721747,1554
1090,0.8961450457572937,0.09321519265633996,0.023883044719696045,0.003483612107572876,0.8,0.3,0.05,4,750,0.5,1.0,0.85,"{'colsample_bytree': 0.8, 'gamma': 0.3, 'learning_rate': 0.05, 'max_depth': 4, 'n_estimators': 750, 'reg_alpha': 0.5, 'reg_lambda': 1.0, 'subsample': 0.85}",0.980957951420544,0.9908321169335286,0.9943542442775466,0.9894139180456464,0.9888895576693164,0.004919900093268601,1241
1091,0.4625096321105957,0.017528034839260822,0.014999926090240479,0.001225386636749207,0.8,0.3,0.05,4,750,0.5,1.0,1.0,"{'colsample_bytree': 0.8, 'gamma': 0.3, 'learning_rate': 0.05, 'max_depth': 4, 'n_estimators': 750, 'reg_alpha': 0.5, 'reg_lambda': 1.0, 'subsample': 1.0}",0.9809583302455981,0.9894216733848407,0.992237105212699,0.9880024404517326,0.9876548873237176,0.0041558068905203525,1697
1092,0.8955160975456238,0.05206944943957828,0.027000725269317627,0.0015817781974144288,0.8,0.3,0.05,4,750,0.5,1.5,0.7,"{'colsample_bytree': 0.8, 'gamma': 0.3, 'learning_rate': 0.05, 'max_depth': 4, 'n_estimators': 750, 'reg_alpha': 0.5, 'reg_lambda': 1.5, 'subsample': 0.7}",0.9816634039979629,0.989421589208529,0.9929428053469331,0.9872963410115112,0.987831034891234,0.004092237426172538,1678
1093,0.908259391784668,0.11001360497720684,0.024395406246185303,0.003333602460658235,0.8,0.3,0.05,4,750,0.5,1.5,0.85,"{'colsample_bytree': 0.8, 'gamma': 0.3, 'learning_rate': 0.05, 'max_depth': 4, 'n_estimators': 750, 'reg_alpha': 0.5, 'reg_lambda': 1.5, 'subsample': 0.85}",0.980957951420544,0.9901268607873446,0.9929428053469331,0.9887080836414638,0.9881839252990714,0.004441603823017871,1551
1094,0.4700174927711487,0.01781768119034696,0.015884876251220703,0.000550058040350148,0.8,0.3,0.05,4,750,0.5,1.5,1.0,"{'colsample_bytree': 0.8, 'gamma': 0.3, 'learning_rate': 0.05, 'max_depth': 4, 'n_estimators': 750, 'reg_alpha': 0.5, 'reg_lambda': 1.5, 'subsample': 1.0}",0.9823688243014796,0.9894216733848407,0.9929428053469331,0.9858853295083274,0.9876546581353952,0.00394199844409524,1719
1095,0.9711704254150391,0.06727920557488151,0.027505159378051758,0.0014965245632441943,0.8,0.3,0.05,4,750,0.5,2.0,0.7,"{'colsample_bytree': 0.8, 'gamma': 0.3, 'learning_rate': 0.05, 'max_depth': 4, 'n_estimators': 750, 'reg_alpha': 0.5, 'reg_lambda': 2.0, 'subsample': 0.7}",0.9802524644629909,0.989421589208529,0.9929428053469331,0.988002225333439,0.987654771087973,0.0046368044065392645,1707
1096,0.8661441206932068,0.11594043316376489,0.025631964206695557,0.007204676375555271,0.8,0.3,0.05,4,750,0.5,2.0,0.85,"{'colsample_bytree': 0.8, 'gamma': 0.3, 'learning_rate': 0.05, 'max_depth': 4, 'n_estimators': 750, 'reg_alpha': 0.5, 'reg_lambda': 2.0, 'subsample': 0.85}",0.980957951420544,0.989421589208529,0.9929428053469331,0.9872965940966467,0.9876547350181631,0.004360637482210499,1710
1097,0.48413628339767456,0.016029130704291975,0.01588207483291626,0.00021054253048955713,0.8,0.3,0.05,4,750,0.5,2.0,1.0,"{'colsample_bytree': 0.8, 'gamma': 0.3, 'learning_rate': 0.05, 'max_depth': 4, 'n_estimators': 750, 'reg_alpha': 0.5, 'reg_lambda': 2.0, 'subsample': 1.0}",0.9816637323068047,0.9887164123283938,0.9915313664163197,0.9865909628578188,0.9871256184773343,0.00360760644852458,1847
1098,0.8076183795928955,0.054863115680473626,0.023390650749206543,0.0014269971844028762,0.8,0.3,0.05,4,750,1.0,1.0,0.7,"{'colsample_bytree': 0.8, 'gamma': 0.3, 'learning_rate': 0.05, 'max_depth': 4, 'n_estimators': 750, 'reg_alpha': 1.0, 'reg_lambda': 1.0, 'subsample': 0.7}",0.9816634039979629,0.989421589208529,0.9936485026692425,0.9880024404517326,0.9881839840818668,0.004299521850205021,1541
1099,0.8795201778411865,0.09957367645106867,0.02263176441192627,0.002808994156980892,0.8,0.3,0.05,4,750,1.0,1.0,0.85,"{'colsample_bytree': 0.8, 'gamma': 0.3, 'learning_rate': 0.05, 'max_depth': 4, 'n_estimators': 750, 'reg_alpha': 1.0, 'reg_lambda': 1.0, 'subsample': 0.85}",0.9816634039979629,0.9901268607873446,0.9929428053469331,0.988708263606662,0.9883603334347255,0.004156007308681136,1492
1100,0.4806382656097412,0.04308133448704931,0.015514135360717773,0.0012856292839036427,0.8,0.3,0.05,4,750,1.0,1.0,1.0,"{'colsample_bytree': 0.8, 'gamma': 0.3, 'learning_rate': 0.05, 'max_depth': 4, 'n_estimators': 750, 'reg_alpha': 1.0, 'reg_lambda': 1.0, 'subsample': 1.0}",0.9816637323068047,0.9894216733848407,0.9908256880733946,0.985885498220995,0.9869491479965087,0.0035428771719313006,1873
1101,0.8879103064537048,0.09565980875837461,0.027253448963165283,0.00460174071034415,0.8,0.3,0.05,4,750,1.0,1.5,0.7,"{'colsample_bytree': 0.8, 'gamma': 0.3, 'learning_rate': 0.05, 'max_depth': 4, 'n_estimators': 750, 'reg_alpha': 1.0, 'reg_lambda': 1.5, 'subsample': 0.7}",0.9816634039979629,0.989421589208529,0.9929428053469331,0.9872965940966467,0.9878310981625179,0.004092229160572573,1669
1102,0.812877893447876,0.09675487337234175,0.021001756191253662,0.0021236963554788777,0.8,0.3,0.05,4,750,1.0,1.5,0.85,"{'colsample_bytree': 0.8, 'gamma': 0.3, 'learning_rate': 0.05, 'max_depth': 4, 'n_estimators': 750, 'reg_alpha': 1.0, 'reg_lambda': 1.5, 'subsample': 0.85}",0.9823688243014796,0.9901268607873446,0.9929428053469331,0.9872965940966467,0.9881837711331011,0.0039059151872976017,1563
1103,0.4895396828651428,0.03651567179387333,0.015998899936676025,0.0012241208157510158,0.8,0.3,0.05,4,750,1.0,1.5,1.0,"{'colsample_bytree': 0.8, 'gamma': 0.3, 'learning_rate': 0.05, 'max_depth': 4, 'n_estimators': 750, 'reg_alpha': 1.0, 'reg_lambda': 1.5, 'subsample': 1.0}",0.9816637323068047,0.9880111344363328,0.9901199668507407,0.9851796919395991,0.9862436313833693,0.0031724393764642617,1919
1104,0.8962541222572327,0.087938121267121,0.027014553546905518,0.0025748892809526152,0.8,0.3,0.05,4,750,1.0,2.0,0.7,"{'colsample_bytree': 0.8, 'gamma': 0.3, 'learning_rate': 0.05, 'max_depth': 4, 'n_estimators': 750, 'reg_alpha': 1.0, 'reg_lambda': 2.0, 'subsample': 0.7}",0.9816634039979629,0.9901268607873446,0.9929428053469331,0.9880024404517326,0.9881838776459932,0.004152471324418373,1555
1105,0.9196470379829407,0.07611088661625183,0.02200162410736084,0.0007049482335503371,0.8,0.3,0.05,4,750,1.0,2.0,0.85,"{'colsample_bytree': 0.8, 'gamma': 0.3, 'learning_rate': 0.05, 'max_depth': 4, 'n_estimators': 750, 'reg_alpha': 1.0, 'reg_lambda': 2.0, 'subsample': 0.85}",0.9823688243014796,0.9901268607873446,0.9929428053469331,0.9880024404517326,0.9883602327218726,0.003877690574110928,1500
1106,0.4850168228149414,0.023103716417016425,0.01550900936126709,0.0009296094568920623,0.8,0.3,0.05,4,750,1.0,2.0,1.0,"{'colsample_bytree': 0.8, 'gamma': 0.3, 'learning_rate': 0.05, 'max_depth': 4, 'n_estimators': 750, 'reg_alpha': 1.0, 'reg_lambda': 2.0, 'subsample': 1.0}",0.9802528966131908,0.9887164123283938,0.9901199668507407,0.9844738624591601,0.9858907845628714,0.003862110947217121,1929
1107,1.041431963443756,0.09105120702638492,0.03025919198989868,0.002294990166772253,0.8,0.3,0.05,4,900,0.1,1.0,0.7,"{'colsample_bytree': 0.8, 'gamma': 0.3, 'learning_rate': 0.05, 'max_depth': 4, 'n_estimators': 900, 'reg_alpha': 0.1, 'reg_lambda': 1.0, 'subsample': 0.7}",0.9816630027156343,0.9908321169335286,0.995059946520522,0.9894139180456464,0.9892422460538328,0.0048437518770736805,1076
1108,1.0312973856925964,0.1356842830636107,0.02526271343231201,0.0009135077084340374,0.8,0.3,0.05,4,900,0.1,1.0,0.85,"{'colsample_bytree': 0.8, 'gamma': 0.3, 'learning_rate': 0.05, 'max_depth': 4, 'n_estimators': 900, 'reg_alpha': 0.1, 'reg_lambda': 1.0, 'subsample': 0.85}",0.9830735409682778,0.9908321169335286,0.9957656832081598,0.9908255235816565,0.9901242161729056,0.0045423321851080205,561
1109,0.5956772565841675,0.0501494006028879,0.017751872539520264,0.00043730118654180167,0.8,0.3,0.05,4,900,0.1,1.0,1.0,"{'colsample_bytree': 0.8, 'gamma': 0.3, 'learning_rate': 0.05, 'max_depth': 4, 'n_estimators': 900, 'reg_alpha': 0.1, 'reg_lambda': 1.0, 'subsample': 1.0}",0.9823684735375408,0.9894216733848407,0.9936485406285719,0.9901197306558291,0.9888896045516956,0.004091727317492027,1234
1110,1.1283453106880188,0.13629244016326328,0.03350144624710083,0.0061858438121844906,0.8,0.3,0.05,4,900,0.1,1.5,0.7,"{'colsample_bytree': 0.8, 'gamma': 0.3, 'learning_rate': 0.05, 'max_depth': 4, 'n_estimators': 900, 'reg_alpha': 0.1, 'reg_lambda': 1.5, 'subsample': 0.7}",0.9802524644629909,0.9915373597517307,0.995059946520522,0.988002225333439,0.9887129990171706,0.005485129905963448,1340
1111,1.0295644402503967,0.07852953868286747,0.027507662773132324,0.0008714379672071903,0.8,0.3,0.05,4,900,0.1,1.5,0.85,"{'colsample_bytree': 0.8, 'gamma': 0.3, 'learning_rate': 0.05, 'max_depth': 4, 'n_estimators': 900, 'reg_alpha': 0.1, 'reg_lambda': 1.5, 'subsample': 0.85}",0.9816630027156343,0.9915373597517307,0.9957656832081598,0.9908255235816565,0.9899478923142953,0.005142536580396181,657
1112,0.5475495457649231,0.02334037492761887,0.016751766204833984,0.0008298619560573624,0.8,0.3,0.05,4,900,0.1,1.5,1.0,"{'colsample_bytree': 0.8, 'gamma': 0.3, 'learning_rate': 0.05, 'max_depth': 4, 'n_estimators': 900, 'reg_alpha': 0.1, 'reg_lambda': 1.5, 'subsample': 1.0}",0.9816634039979629,0.9887164123283938,0.9936485406285719,0.988708263606662,0.9881841551403976,0.004270178322491828,1525
1113,1.183375060558319,0.08836353517198603,0.03325057029724121,0.001090001623442384,0.8,0.3,0.05,4,900,0.1,2.0,0.7,"{'colsample_bytree': 0.8, 'gamma': 0.3, 'learning_rate': 0.05, 'max_depth': 4, 'n_estimators': 900, 'reg_alpha': 0.1, 'reg_lambda': 2.0, 'subsample': 0.7}",0.980957951420544,0.9901268607873446,0.9943542442775466,0.9887080836414638,0.9885367850317247,0.004843532675255476,1408
1114,1.0353143215179443,0.1361736513222266,0.028765082359313965,0.005169470926102322,0.8,0.3,0.05,4,900,0.1,2.0,0.85,"{'colsample_bytree': 0.8, 'gamma': 0.3, 'learning_rate': 0.05, 'max_depth': 4, 'n_estimators': 900, 'reg_alpha': 0.1, 'reg_lambda': 2.0, 'subsample': 0.85}",0.980957951420544,0.9908321169335286,0.9943542442775466,0.9901197306558291,0.9890660108218621,0.00494811824392074,1135
1115,0.5449280738830566,0.0167201130463224,0.01800316572189331,0.0007078260017136401,0.8,0.3,0.05,4,900,0.1,2.0,1.0,"{'colsample_bytree': 0.8, 'gamma': 0.3, 'learning_rate': 0.05, 'max_depth': 4, 'n_estimators': 900, 'reg_alpha': 0.1, 'reg_lambda': 2.0, 'subsample': 1.0}",0.9816634039979629,0.989421589208529,0.9929428334648147,0.9872967965574946,0.9878311558072004,0.004092231331056236,1656
1116,1.0723395943641663,0.12867157518409958,0.030134260654449463,0.0042520483756449045,0.8,0.3,0.05,4,900,0.5,1.0,0.7,"{'colsample_bytree': 0.8, 'gamma': 0.3, 'learning_rate': 0.05, 'max_depth': 4, 'n_estimators': 900, 'reg_alpha': 0.5, 'reg_lambda': 1.0, 'subsample': 0.7}",0.9802519537156409,0.9901268607873446,0.9936485026692425,0.988002225333439,0.9880073856264167,0.004910731289735616,1622
1117,0.9555416107177734,0.09946652139223838,0.023262500762939453,0.0005552795579205652,0.8,0.3,0.05,4,900,0.5,1.0,0.85,"{'colsample_bytree': 0.8, 'gamma': 0.3, 'learning_rate': 0.05, 'max_depth': 4, 'n_estimators': 900, 'reg_alpha': 0.5, 'reg_lambda': 1.0, 'subsample': 0.85}",0.980957951420544,0.9901268607873446,0.9943542442775466,0.9894139180456464,0.9887132436327704,0.004859390488115527,1293
1118,0.5331653952598572,0.018313041758080892,0.016750037670135498,0.0008286827632454821,0.8,0.3,0.05,4,900,0.5,1.0,1.0,"{'colsample_bytree': 0.8, 'gamma': 0.3, 'learning_rate': 0.05, 'max_depth': 4, 'n_estimators': 900, 'reg_alpha': 0.5, 'reg_lambda': 1.0, 'subsample': 1.0}",0.9809583302455981,0.9894216733848407,0.992237105212699,0.9880024404517326,0.9876548873237176,0.0041558068905203525,1697
1119,1.0241750478744507,0.12852371482123495,0.02864360809326172,0.0018232791902704285,0.8,0.3,0.05,4,900,0.5,1.5,0.7,"{'colsample_bytree': 0.8, 'gamma': 0.3, 'learning_rate': 0.05, 'max_depth': 4, 'n_estimators': 900, 'reg_alpha': 0.5, 'reg_lambda': 1.5, 'subsample': 0.7}",0.9802524644629909,0.9908321169335286,0.9936485026692425,0.9872963410115112,0.9880073562693183,0.005011129990833575,1627
1120,0.9317798614501953,0.10352680958771375,0.023129582405090332,0.0005394571777614402,0.8,0.3,0.05,4,900,0.5,1.5,0.85,"{'colsample_bytree': 0.8, 'gamma': 0.3, 'learning_rate': 0.05, 'max_depth': 4, 'n_estimators': 900, 'reg_alpha': 0.5, 'reg_lambda': 1.5, 'subsample': 0.85}",0.980957951420544,0.9901268607873446,0.9929428053469331,0.9887080836414638,0.9881839252990714,0.004441603823017871,1551
1121,0.5777797698974609,0.05029125334973772,0.017014265060424805,0.0012787585213141922,0.8,0.3,0.05,4,900,0.5,1.5,1.0,"{'colsample_bytree': 0.8, 'gamma': 0.3, 'learning_rate': 0.05, 'max_depth': 4, 'n_estimators': 900, 'reg_alpha': 0.5, 'reg_lambda': 1.5, 'subsample': 1.0}",0.9823688243014796,0.9894216733848407,0.9929428053469331,0.9858853295083274,0.9876546581353952,0.00394199844409524,1719
1122,1.0610605478286743,0.12172419886115533,0.030749797821044922,0.004813994643111844,0.8,0.3,0.05,4,900,0.5,2.0,0.7,"{'colsample_bytree': 0.8, 'gamma': 0.3, 'learning_rate': 0.05, 'max_depth': 4, 'n_estimators': 900, 'reg_alpha': 0.5, 'reg_lambda': 2.0, 'subsample': 0.7}",0.9788413789810437,0.989421589208529,0.9936485026692425,0.9872963410115112,0.9873019529675816,0.005393349946585199,1823
1123,1.076560616493225,0.1327028387061318,0.027262568473815918,0.0030429926624528625,0.8,0.3,0.05,4,900,0.5,2.0,0.85,"{'colsample_bytree': 0.8, 'gamma': 0.3, 'learning_rate': 0.05, 'max_depth': 4, 'n_estimators': 900, 'reg_alpha': 0.5, 'reg_lambda': 2.0, 'subsample': 0.85}",0.980957951420544,0.989421589208529,0.9929428053469331,0.9880024404517326,0.9878311966069346,0.004356854266115016,1652
1124,0.5894148945808411,0.04812267736580421,0.017379343509674072,0.0006580753671616459,0.8,0.3,0.05,4,900,0.5,2.0,1.0,"{'colsample_bytree': 0.8, 'gamma': 0.3, 'learning_rate': 0.05, 'max_depth': 4, 'n_estimators': 900, 'reg_alpha': 0.5, 'reg_lambda': 2.0, 'subsample': 1.0}",0.9816637323068047,0.9887164123283938,0.9915313664163197,0.9865909628578188,0.9871256184773343,0.00360760644852458,1847
1125,1.00730299949646,0.13629672975241997,0.026378512382507324,0.0022136048987000958,0.8,0.3,0.05,4,900,1.0,1.0,0.7,"{'colsample_bytree': 0.8, 'gamma': 0.3, 'learning_rate': 0.05, 'max_depth': 4, 'n_estimators': 900, 'reg_alpha': 1.0, 'reg_lambda': 1.0, 'subsample': 0.7}",0.9802524644629909,0.989421589208529,0.9936485026692425,0.9880024404517326,0.9878312491981238,0.0048434725095414435,1645
1126,0.8847690224647522,0.03366329814147411,0.02187955379486084,0.0014355301391228926,0.8,0.3,0.05,4,900,1.0,1.0,0.85,"{'colsample_bytree': 0.8, 'gamma': 0.3, 'learning_rate': 0.05, 'max_depth': 4, 'n_estimators': 900, 'reg_alpha': 1.0, 'reg_lambda': 1.0, 'subsample': 0.85}",0.9816634039979629,0.9901268607873446,0.9929428053469331,0.988708263606662,0.9883603334347255,0.004156007308681136,1492
1127,0.5480464100837708,0.04834681475432552,0.018383502960205078,0.0032612665304366318,0.8,0.3,0.05,4,900,1.0,1.0,1.0,"{'colsample_bytree': 0.8, 'gamma': 0.3, 'learning_rate': 0.05, 'max_depth': 4, 'n_estimators': 900, 'reg_alpha': 1.0, 'reg_lambda': 1.0, 'subsample': 1.0}",0.9816637323068047,0.9894216733848407,0.9908256880733946,0.985885498220995,0.9869491479965087,0.0035428771719313006,1873
1128,1.047802746295929,0.12025110665740227,0.02826249599456787,0.0040310133845479,0.8,0.3,0.05,4,900,1.0,1.5,0.7,"{'colsample_bytree': 0.8, 'gamma': 0.3, 'learning_rate': 0.05, 'max_depth': 4, 'n_estimators': 900, 'reg_alpha': 1.0, 'reg_lambda': 1.5, 'subsample': 0.7}",0.980957951420544,0.989421589208529,0.9929428053469331,0.9872965940966467,0.9876547350181631,0.004360637482210499,1710
1129,0.9744132161140442,0.12522684857570607,0.026381731033325195,0.005279850754737398,0.8,0.3,0.05,4,900,1.0,1.5,0.85,"{'colsample_bytree': 0.8, 'gamma': 0.3, 'learning_rate': 0.05, 'max_depth': 4, 'n_estimators': 900, 'reg_alpha': 1.0, 'reg_lambda': 1.5, 'subsample': 0.85}",0.9823688243014796,0.989421589208529,0.9929428053469331,0.9872965940966467,0.9880074532383971,0.003829390877962994,1613
1130,0.5370253920555115,0.05257466175819977,0.018504023551940918,0.003356207720773001,0.8,0.3,0.05,4,900,1.0,1.5,1.0,"{'colsample_bytree': 0.8, 'gamma': 0.3, 'learning_rate': 0.05, 'max_depth': 4, 'n_estimators': 900, 'reg_alpha': 1.0, 'reg_lambda': 1.5, 'subsample': 1.0}",0.9816637323068047,0.9880111344363328,0.9901199668507407,0.9851796919395991,0.9862436313833693,0.0031724393764642617,1919
1131,1.0026671290397644,0.033100140593624656,0.028142035007476807,0.0017113531519909473,0.8,0.3,0.05,4,900,1.0,2.0,0.7,"{'colsample_bytree': 0.8, 'gamma': 0.3, 'learning_rate': 0.05, 'max_depth': 4, 'n_estimators': 900, 'reg_alpha': 1.0, 'reg_lambda': 2.0, 'subsample': 0.7}",0.9809583302455981,0.9901268607873446,0.9929428053469331,0.9880024404517326,0.9880076092079022,0.004431132721779458,1594
1132,0.9964244365692139,0.12256744585650699,0.02526479959487915,0.002355120654373564,0.8,0.3,0.05,4,900,1.0,2.0,0.85,"{'colsample_bytree': 0.8, 'gamma': 0.3, 'learning_rate': 0.05, 'max_depth': 4, 'n_estimators': 900, 'reg_alpha': 1.0, 'reg_lambda': 2.0, 'subsample': 0.85}",0.9823688243014796,0.9901268607873446,0.9929428053469331,0.9872965940966467,0.9881837711331011,0.0039059151872976017,1563
1133,0.5831635594367981,0.061943849662055614,0.01701533794403076,0.000621332322956095,0.8,0.3,0.05,4,900,1.0,2.0,1.0,"{'colsample_bytree': 0.8, 'gamma': 0.3, 'learning_rate': 0.05, 'max_depth': 4, 'n_estimators': 900, 'reg_alpha': 1.0, 'reg_lambda': 2.0, 'subsample': 1.0}",0.9802528966131908,0.9887164123283938,0.9901199668507407,0.9844738624591601,0.9858907845628714,0.003862110947217121,1929
1134,0.9559298753738403,0.02871890711190183,0.029000043869018555,0.0007071404422750245,0.8,0.3,0.05,8,750,0.1,1.0,0.7,"{'colsample_bytree': 0.8, 'gamma': 0.3, 'learning_rate': 0.05, 'max_depth': 8, 'n_estimators': 750, 'reg_alpha': 0.1, 'reg_lambda': 1.0, 'subsample': 0.7}",0.984484418767507,0.9922425913464957,0.9964713903718013,0.9901197306558291,0.9908295327854083,0.004318320926168101,201
1135,0.9684433341026306,0.10415730810646756,0.02702045440673828,0.0032030226015544224,0.8,0.3,0.05,8,750,0.1,1.0,0.85,"{'colsample_bytree': 0.8, 'gamma': 0.3, 'learning_rate': 0.05, 'max_depth': 8, 'n_estimators': 750, 'reg_alpha': 0.1, 'reg_lambda': 1.0, 'subsample': 0.85}",0.9830742144370506,0.9908321169335286,0.9964713903718013,0.9908255235816565,0.9903008113310092,0.004765956277487329,429
1136,0.6981003880500793,0.09493944764515322,0.020879387855529785,0.0024135773656628113,0.8,0.3,0.05,8,750,0.1,1.0,1.0,"{'colsample_bytree': 0.8, 'gamma': 0.3, 'learning_rate': 0.05, 'max_depth': 8, 'n_estimators': 750, 'reg_alpha': 0.1, 'reg_lambda': 1.0, 'subsample': 1.0}",0.9830739113827349,0.9915373597517307,0.9964713903718013,0.988708263606662,0.9899477312782323,0.004844345330317254,685
1137,1.1465171575546265,0.07873868083485931,0.03325033187866211,0.0044436532516679604,0.8,0.3,0.05,8,750,0.1,1.5,0.7,"{'colsample_bytree': 0.8, 'gamma': 0.3, 'learning_rate': 0.05, 'max_depth': 8, 'n_estimators': 750, 'reg_alpha': 0.1, 'reg_lambda': 1.5, 'subsample': 0.7}",0.9844846965672964,0.9922425913464957,0.9957656832081598,0.9915312989325971,0.9910060675136373,0.004092281753863409,109
1138,1.002096712589264,0.10623502271741286,0.02913534641265869,0.005816779797141328,0.8,0.3,0.05,8,750,0.1,1.5,0.85,"{'colsample_bytree': 0.8, 'gamma': 0.3, 'learning_rate': 0.05, 'max_depth': 8, 'n_estimators': 750, 'reg_alpha': 0.1, 'reg_lambda': 1.5, 'subsample': 0.85}",0.9844849126269217,0.9908321169335286,0.9964713903718013,0.9908255235816565,0.990653485878477,0.004241486021384212,228
1139,0.6608710885047913,0.03102265740252962,0.024630069732666016,0.006070598413297035,0.8,0.3,0.05,8,750,0.1,1.5,1.0,"{'colsample_bytree': 0.8, 'gamma': 0.3, 'learning_rate': 0.05, 'max_depth': 8, 'n_estimators': 750, 'reg_alpha': 0.1, 'reg_lambda': 1.5, 'subsample': 1.0}",0.9844849126269217,0.9915373597517307,0.9964713903718013,0.9894140656711423,0.990476932105399,0.0043038360560163184,374
1140,1.080387532711029,0.11316865240841516,0.03138077259063721,0.004377348193448122,0.8,0.3,0.05,8,750,0.1,2.0,0.7,"{'colsample_bytree': 0.8, 'gamma': 0.3, 'learning_rate': 0.05, 'max_depth': 8, 'n_estimators': 750, 'reg_alpha': 0.1, 'reg_lambda': 2.0, 'subsample': 0.7}",0.9830742144370506,0.9915373597517307,0.9957656832081598,0.9908255235816565,0.9903006952446494,0.004579653430946185,437
1141,1.0257253646850586,0.15363076651251426,0.025883078575134277,0.0015191962031460189,0.8,0.3,0.05,8,750,0.1,2.0,0.85,"{'colsample_bytree': 0.8, 'gamma': 0.3, 'learning_rate': 0.05, 'max_depth': 8, 'n_estimators': 750, 'reg_alpha': 0.1, 'reg_lambda': 2.0, 'subsample': 0.85}",0.9830742144370506,0.9908321169335286,0.9957656832081598,0.9901197306558291,0.9899479363086421,0.004525083425473892,653
1142,0.6723527908325195,0.00557020525857199,0.021382391452789307,0.0012821604376279801,0.8,0.3,0.05,8,750,0.1,2.0,1.0,"{'colsample_bytree': 0.8, 'gamma': 0.3, 'learning_rate': 0.05, 'max_depth': 8, 'n_estimators': 750, 'reg_alpha': 0.1, 'reg_lambda': 2.0, 'subsample': 1.0}",0.9844849126269217,0.9915373597517307,0.9964713903718013,0.9894140656711423,0.990476932105399,0.0043038360560163184,374
1143,1.0402188301086426,0.1262135084409002,0.028881728649139404,0.002877993871008692,0.8,0.3,0.05,8,750,0.5,1.0,0.7,"{'colsample_bytree': 0.8, 'gamma': 0.3, 'learning_rate': 0.05, 'max_depth': 8, 'n_estimators': 750, 'reg_alpha': 0.5, 'reg_lambda': 1.0, 'subsample': 0.7}",0.9823691049025824,0.9901268607873446,0.995059946520522,0.9901197306558291,0.9894189107165695,0.004541844032063791,936
1144,0.9754312038421631,0.12273090345775248,0.02450084686279297,0.002872716466323962,0.8,0.3,0.05,8,750,0.5,1.0,0.85,"{'colsample_bytree': 0.8, 'gamma': 0.3, 'learning_rate': 0.05, 'max_depth': 8, 'n_estimators': 750, 'reg_alpha': 0.5, 'reg_lambda': 1.0, 'subsample': 0.85}",0.9823691049025824,0.9922425913464957,0.9943541992883981,0.9901197306558291,0.9897714065483264,0.004528359055541204,780
1145,0.6040682196617126,0.01795582022976014,0.01975196599960327,0.001301800618803352,0.8,0.3,0.05,8,750,0.5,1.0,1.0,"{'colsample_bytree': 0.8, 'gamma': 0.3, 'learning_rate': 0.05, 'max_depth': 8, 'n_estimators': 750, 'reg_alpha': 0.5, 'reg_lambda': 1.0, 'subsample': 1.0}",0.9823691049025824,0.9915373597517307,0.9957656494662985,0.9894140656711423,0.9897715449479385,0.004846939780850016,750
1146,0.9928138852119446,0.09310225811291736,0.02788454294204712,0.0022570481093710294,0.8,0.3,0.05,8,750,0.5,1.5,0.7,"{'colsample_bytree': 0.8, 'gamma': 0.3, 'learning_rate': 0.05, 'max_depth': 8, 'n_estimators': 750, 'reg_alpha': 0.5, 'reg_lambda': 1.5, 'subsample': 0.7}",0.9823691049025824,0.9908321169335286,0.9943542442775466,0.9901197306558291,0.9894187991923717,0.004374516536778596,948
1147,0.9316680431365967,0.1008914961179084,0.023631393909454346,0.0006570615849945535,0.8,0.3,0.05,8,750,0.5,1.5,0.85,"{'colsample_bytree': 0.8, 'gamma': 0.3, 'learning_rate': 0.05, 'max_depth': 8, 'n_estimators': 750, 'reg_alpha': 0.5, 'reg_lambda': 1.5, 'subsample': 0.85}",0.9823693153475482,0.9901268607873446,0.9936485026692425,0.9901197306558291,0.9890661023649912,0.004125551172608429,1123
1148,0.5895606875419617,0.053091183304717675,0.01913243532180786,0.00224844579788943,0.8,0.3,0.05,8,750,0.5,1.5,1.0,"{'colsample_bytree': 0.8, 'gamma': 0.3, 'learning_rate': 0.05, 'max_depth': 8, 'n_estimators': 750, 'reg_alpha': 0.5, 'reg_lambda': 1.5, 'subsample': 1.0}",0.9873060396275961,0.9908321169335286,0.9957656494662985,0.9894140656711423,0.9908294679246414,0.0031138322744278632,205
1149,1.0738366842269897,0.07132774289097091,0.032897889614105225,0.003636868942744803,0.8,0.3,0.05,8,750,0.5,2.0,0.7,"{'colsample_bytree': 0.8, 'gamma': 0.3, 'learning_rate': 0.05, 'max_depth': 8, 'n_estimators': 750, 'reg_alpha': 0.5, 'reg_lambda': 2.0, 'subsample': 0.7}",0.9823691049025824,0.9901268607873446,0.995059946520522,0.9894139180456464,0.9892424575640238,0.004524868018122179,1040
1150,1.024200439453125,0.11458578249107712,0.02550983428955078,0.0015006880719859365,0.8,0.3,0.05,8,750,0.5,2.0,0.85,"{'colsample_bytree': 0.8, 'gamma': 0.3, 'learning_rate': 0.05, 'max_depth': 8, 'n_estimators': 750, 'reg_alpha': 0.5, 'reg_lambda': 2.0, 'subsample': 0.85}",0.9830746184925907,0.9901268607873446,0.9936485026692425,0.9894140656711423,0.98906601190508,0.003812563389700141,1133
1151,0.5915706753730774,0.0444357387101393,0.018748223781585693,0.0012972577747136283,0.8,0.3,0.05,8,750,0.5,2.0,1.0,"{'colsample_bytree': 0.8, 'gamma': 0.3, 'learning_rate': 0.05, 'max_depth': 8, 'n_estimators': 750, 'reg_alpha': 0.5, 'reg_lambda': 2.0, 'subsample': 1.0}",0.9844851595448396,0.9908321169335286,0.9950598973131997,0.988708263606662,0.9897713593495574,0.0038133948582201164,796
1152,0.9062866568565369,0.018888981239863503,0.02426302433013916,0.0016031899986049525,0.8,0.3,0.05,8,750,1.0,1.0,0.7,"{'colsample_bytree': 0.8, 'gamma': 0.3, 'learning_rate': 0.05, 'max_depth': 8, 'n_estimators': 750, 'reg_alpha': 1.0, 'reg_lambda': 1.0, 'subsample': 0.7}",0.9837797701197444,0.9901268607873446,0.9936485026692425,0.9872967965574946,0.9887129825334564,0.0036297581932162376,1349
1153,0.9719315767288208,0.10501394380558392,0.02363145351409912,0.0015524570672523915,0.8,0.3,0.05,8,750,1.0,1.0,0.85,"{'colsample_bytree': 0.8, 'gamma': 0.3, 'learning_rate': 0.05, 'max_depth': 8, 'n_estimators': 750, 'reg_alpha': 1.0, 'reg_lambda': 1.0, 'subsample': 0.85}",0.9830744501384601,0.989421589208529,0.9929428053469331,0.9880026077606279,0.9883603631136375,0.003542380644415781,1484
1154,0.6250767111778259,0.06321023890322065,0.018629729747772217,0.0008188486945283718,0.8,0.3,0.05,8,750,1.0,1.0,1.0,"{'colsample_bytree': 0.8, 'gamma': 0.3, 'learning_rate': 0.05, 'max_depth': 8, 'n_estimators': 750, 'reg_alpha': 1.0, 'reg_lambda': 1.0, 'subsample': 1.0}",0.9837798991900891,0.9901268607873446,0.994354131803331,0.988708263606662,0.9892422888468566,0.0037761186967930674,1065
1155,0.9710509181022644,0.09589138086266527,0.02851468324661255,0.003814458367850454,0.8,0.3,0.05,8,750,1.0,1.5,0.7,"{'colsample_bytree': 0.8, 'gamma': 0.3, 'learning_rate': 0.05, 'max_depth': 8, 'n_estimators': 750, 'reg_alpha': 1.0, 'reg_lambda': 1.5, 'subsample': 0.7}",0.9830744501384601,0.9901268607873446,0.9929428053469331,0.9872967965574946,0.9883602282075581,0.0036466196874777143,1503
1156,0.982056200504303,0.09877091326647422,0.025515496730804443,0.0035235605473952552,0.8,0.3,0.05,8,750,1.0,1.5,0.85,"{'colsample_bytree': 0.8, 'gamma': 0.3, 'learning_rate': 0.05, 'max_depth': 8, 'n_estimators': 750, 'reg_alpha': 1.0, 'reg_lambda': 1.5, 'subsample': 0.85}",0.980958633294789,0.9901268607873446,0.9922370588179632,0.9880026077606279,0.9878312901651812,0.0042409669911422955,1643
1157,0.6051894426345825,0.06554804497462553,0.019266724586486816,0.0005547761220373341,0.8,0.3,0.05,8,750,1.0,1.5,1.0,"{'colsample_bytree': 0.8, 'gamma': 0.3, 'learning_rate': 0.05, 'max_depth': 8, 'n_estimators': 750, 'reg_alpha': 1.0, 'reg_lambda': 1.5, 'subsample': 1.0}",0.9823693153475482,0.9901268607873446,0.9936484394026853,0.9894140656711423,0.9888896703021801,0.004091654399075212,1216
1158,1.00694739818573,0.08027514725599479,0.02800154685974121,0.0007036896190525528,0.8,0.3,0.05,8,750,1.0,2.0,0.7,"{'colsample_bytree': 0.8, 'gamma': 0.3, 'learning_rate': 0.05, 'max_depth': 8, 'n_estimators': 750, 'reg_alpha': 1.0, 'reg_lambda': 2.0, 'subsample': 0.7}",0.9823693153475482,0.9901268607873446,0.9929428053469331,0.9880026077606279,0.9883603973106135,0.003877497036626736,1479
1159,0.933535099029541,0.11322626069192272,0.023884892463684082,0.001943462963863375,0.8,0.3,0.05,8,750,1.0,2.0,0.85,"{'colsample_bytree': 0.8, 'gamma': 0.3, 'learning_rate': 0.05, 'max_depth': 8, 'n_estimators': 750, 'reg_alpha': 1.0, 'reg_lambda': 2.0, 'subsample': 0.85}",0.9830746184925907,0.989421589208529,0.9922370588179632,0.9872965940966467,0.9880074651539325,0.0033439319389378477,1612
1160,0.6163097023963928,0.05788090903434379,0.018631041049957275,0.0006409559112860792,0.8,0.3,0.05,8,750,1.0,2.0,1.0,"{'colsample_bytree': 0.8, 'gamma': 0.3, 'learning_rate': 0.05, 'max_depth': 8, 'n_estimators': 750, 'reg_alpha': 1.0, 'reg_lambda': 2.0, 'subsample': 1.0}",0.980958633294789,0.9901268607873446,0.9936485026692425,0.988708263606662,0.9883605650895095,0.004636582062572255,1466
1161,1.1796122193336487,0.10960322133102784,0.03126537799835205,0.0007561059200999965,0.8,0.3,0.05,8,900,0.1,1.0,0.7,"{'colsample_bytree': 0.8, 'gamma': 0.3, 'learning_rate': 0.05, 'max_depth': 8, 'n_estimators': 900, 'reg_alpha': 0.1, 'reg_lambda': 1.0, 'subsample': 0.7}",0.984484418767507,0.9922425913464957,0.9964713903718013,0.9901197306558291,0.9908295327854083,0.004318320926168101,201
1162,1.1703741550445557,0.15088992967385792,0.028633415699005127,0.00502565976143902,0.8,0.3,0.05,8,900,0.1,1.0,0.85,"{'colsample_bytree': 0.8, 'gamma': 0.3, 'learning_rate': 0.05, 'max_depth': 8, 'n_estimators': 900, 'reg_alpha': 0.1, 'reg_lambda': 1.0, 'subsample': 0.85}",0.9830742144370506,0.9908321169335286,0.9957656832081598,0.9908255235816565,0.9901243845400989,0.004542070844903477,532
1163,0.7586108446121216,0.07846379284265,0.022762656211853027,0.0012549899883935274,0.8,0.3,0.05,8,900,0.1,1.0,1.0,"{'colsample_bytree': 0.8, 'gamma': 0.3, 'learning_rate': 0.05, 'max_depth': 8, 'n_estimators': 900, 'reg_alpha': 0.1, 'reg_lambda': 1.0, 'subsample': 1.0}",0.9830739113827349,0.9915373597517307,0.9964713903718013,0.988708263606662,0.9899477312782323,0.004844345330317254,685
1164,1.112485945224762,0.04694739047465383,0.03263050317764282,0.0009546040737616105,0.8,0.3,0.05,8,900,0.1,1.5,0.7,"{'colsample_bytree': 0.8, 'gamma': 0.3, 'learning_rate': 0.05, 'max_depth': 8, 'n_estimators': 900, 'reg_alpha': 0.1, 'reg_lambda': 1.5, 'subsample': 0.7}",0.9858951786975421,0.9922425913464957,0.9957656832081598,0.9915312989325971,0.9913586880461986,0.003538453769755461,32
1165,1.1386309266090393,0.13234398321626603,0.02988499402999878,0.003428772924636623,0.8,0.3,0.05,8,900,0.1,1.5,0.85,"{'colsample_bytree': 0.8, 'gamma': 0.3, 'learning_rate': 0.05, 'max_depth': 8, 'n_estimators': 900, 'reg_alpha': 0.1, 'reg_lambda': 1.5, 'subsample': 0.85}",0.9837797701197444,0.9908321169335286,0.9971771221387733,0.9908255235816565,0.9906536331934257,0.004739918362346529,213
1166,0.7037345170974731,0.019447196710445442,0.021635353565216064,0.0006622923401722975,0.8,0.3,0.05,8,900,0.1,1.5,1.0,"{'colsample_bytree': 0.8, 'gamma': 0.3, 'learning_rate': 0.05, 'max_depth': 8, 'n_estimators': 900, 'reg_alpha': 0.1, 'reg_lambda': 1.5, 'subsample': 1.0}",0.9844849126269217,0.9915373597517307,0.9964713903718013,0.9894140656711423,0.990476932105399,0.0043038360560163184,374
1167,1.2372719049453735,0.16402355625171972,0.0358809232711792,0.005466233784723179,0.8,0.3,0.05,8,900,0.1,2.0,0.7,"{'colsample_bytree': 0.8, 'gamma': 0.3, 'learning_rate': 0.05, 'max_depth': 8, 'n_estimators': 900, 'reg_alpha': 0.1, 'reg_lambda': 2.0, 'subsample': 0.7}",0.9830742144370506,0.9915373597517307,0.9957656832081598,0.9915312989325971,0.9904771390823846,0.00460997052952279,339
1168,1.196381390094757,0.13175494337577318,0.031133711338043213,0.00343721931898104,0.8,0.3,0.05,8,900,0.1,2.0,0.85,"{'colsample_bytree': 0.8, 'gamma': 0.3, 'learning_rate': 0.05, 'max_depth': 8, 'n_estimators': 900, 'reg_alpha': 0.1, 'reg_lambda': 2.0, 'subsample': 0.85}",0.9837795765103758,0.9908321169335286,0.9957656832081598,0.9901197306558291,0.9901242768269733,0.0042597460707548135,546
1169,0.7234893441200256,0.019991851454440664,0.02238219976425171,0.0008202065787061787,0.8,0.3,0.05,8,900,0.1,2.0,1.0,"{'colsample_bytree': 0.8, 'gamma': 0.3, 'learning_rate': 0.05, 'max_depth': 8, 'n_estimators': 900, 'reg_alpha': 0.1, 'reg_lambda': 2.0, 'subsample': 1.0}",0.9844849126269217,0.9915373597517307,0.9964713903718013,0.9894140656711423,0.990476932105399,0.0043038360560163184,374
1170,1.036073923110962,0.0521941022232239,0.028382420539855957,0.0016258810436216645,0.8,0.3,0.05,8,900,0.5,1.0,0.7,"{'colsample_bytree': 0.8, 'gamma': 0.3, 'learning_rate': 0.05, 'max_depth': 8, 'n_estimators': 900, 'reg_alpha': 0.5, 'reg_lambda': 1.0, 'subsample': 0.7}",0.9830744501384601,0.9908321169335286,0.995059946520522,0.9894139180456464,0.9895951079095393,0.004299606374536849,864
1171,1.057322382926941,0.14149293152728776,0.031519174575805664,0.008368195167799087,0.8,0.3,0.05,8,900,0.5,1.0,0.85,"{'colsample_bytree': 0.8, 'gamma': 0.3, 'learning_rate': 0.05, 'max_depth': 8, 'n_estimators': 900, 'reg_alpha': 0.5, 'reg_lambda': 1.0, 'subsample': 0.85}",0.9830742144370506,0.9922425913464957,0.995059946520522,0.9901197306558291,0.9901241207399744,0.004431463979303484,589
1172,0.679454505443573,0.022193668162601588,0.019761979579925537,0.0005633687843821129,0.8,0.3,0.05,8,900,0.5,1.0,1.0,"{'colsample_bytree': 0.8, 'gamma': 0.3, 'learning_rate': 0.05, 'max_depth': 8, 'n_estimators': 900, 'reg_alpha': 0.5, 'reg_lambda': 1.0, 'subsample': 1.0}",0.9823691049025824,0.9915373597517307,0.9957656494662985,0.9894140656711423,0.9897715449479385,0.004846939780850016,750
1173,1.1736270785331726,0.13120622323449657,0.03125607967376709,0.003269817783914706,0.8,0.3,0.05,8,900,0.5,1.5,0.7,"{'colsample_bytree': 0.8, 'gamma': 0.3, 'learning_rate': 0.05, 'max_depth': 8, 'n_estimators': 900, 'reg_alpha': 0.5, 'reg_lambda': 1.5, 'subsample': 0.7}",0.9830744501384601,0.9908321169335286,0.9943542442775466,0.9901197306558291,0.989595135501341,0.00409187539781993,861
1174,1.1273525953292847,0.13150537262163262,0.026763081550598145,0.0016858677069053422,0.8,0.3,0.05,8,900,0.5,1.5,0.85,"{'colsample_bytree': 0.8, 'gamma': 0.3, 'learning_rate': 0.05, 'max_depth': 8, 'n_estimators': 900, 'reg_alpha': 0.5, 'reg_lambda': 1.5, 'subsample': 0.85}",0.9830746184925907,0.9901268607873446,0.9943542442775466,0.9901197306558291,0.9894188635533278,0.00404968835413361,938
1175,0.672214925289154,0.04821633109680793,0.02000880241394043,0.0009393081578641206,0.8,0.3,0.05,8,900,0.5,1.5,1.0,"{'colsample_bytree': 0.8, 'gamma': 0.3, 'learning_rate': 0.05, 'max_depth': 8, 'n_estimators': 900, 'reg_alpha': 0.5, 'reg_lambda': 1.5, 'subsample': 1.0}",0.9873060396275961,0.9908321169335286,0.9957656494662985,0.9894140656711423,0.9908294679246414,0.0031138322744278632,205
1176,1.0680806636810303,0.07259873698580803,0.030256569385528564,0.003110380796040022,0.8,0.3,0.05,8,900,0.5,2.0,0.7,"{'colsample_bytree': 0.8, 'gamma': 0.3, 'learning_rate': 0.05, 'max_depth': 8, 'n_estimators': 900, 'reg_alpha': 0.5, 'reg_lambda': 2.0, 'subsample': 0.7}",0.9823691049025824,0.9908321169335286,0.995059946520522,0.9901197306558291,0.9895952247531156,0.004579437760178169,842
1177,1.153240442276001,0.13273833586665967,0.03225129842758179,0.005403122357018474,0.8,0.3,0.05,8,900,0.5,2.0,0.85,"{'colsample_bytree': 0.8, 'gamma': 0.3, 'learning_rate': 0.05, 'max_depth': 8, 'n_estimators': 900, 'reg_alpha': 0.5, 'reg_lambda': 2.0, 'subsample': 0.85}",0.9830746184925907,0.9901268607873446,0.9936485026692425,0.9894140656711423,0.98906601190508,0.003812563389700141,1133
1178,0.6924688220024109,0.06161188525384507,0.024383842945098877,0.006773440637585064,0.8,0.3,0.05,8,900,0.5,2.0,1.0,"{'colsample_bytree': 0.8, 'gamma': 0.3, 'learning_rate': 0.05, 'max_depth': 8, 'n_estimators': 900, 'reg_alpha': 0.5, 'reg_lambda': 2.0, 'subsample': 1.0}",0.9844851595448396,0.9908321169335286,0.9950598973131997,0.988708263606662,0.9897713593495574,0.0038133948582201164,796
1179,1.0255833268165588,0.043347054196144354,0.026133179664611816,0.0011495459095312555,0.8,0.3,0.05,8,900,1.0,1.0,0.7,"{'colsample_bytree': 0.8, 'gamma': 0.3, 'learning_rate': 0.05, 'max_depth': 8, 'n_estimators': 900, 'reg_alpha': 1.0, 'reg_lambda': 1.0, 'subsample': 0.7}",0.9837797701197444,0.9901268607873446,0.9929428053469331,0.9880024404517326,0.9887129691764387,0.0033440958239191977,1353
1180,1.0073211193084717,0.11145194216579776,0.02300184965133667,0.00255222582418161,0.8,0.3,0.05,8,900,1.0,1.0,0.85,"{'colsample_bytree': 0.8, 'gamma': 0.3, 'learning_rate': 0.05, 'max_depth': 8, 'n_estimators': 900, 'reg_alpha': 1.0, 'reg_lambda': 1.0, 'subsample': 0.85}",0.9830746184925907,0.9901268607873446,0.9929428053469331,0.988708263606662,0.9887131370583826,0.003594496626104681,1321
1181,0.6657257676124573,0.055233117524347175,0.020129263401031494,0.0028318551224673907,0.8,0.3,0.05,8,900,1.0,1.0,1.0,"{'colsample_bytree': 0.8, 'gamma': 0.3, 'learning_rate': 0.05, 'max_depth': 8, 'n_estimators': 900, 'reg_alpha': 1.0, 'reg_lambda': 1.0, 'subsample': 1.0}",0.9837798991900891,0.9901268607873446,0.994354131803331,0.988708263606662,0.9892422888468566,0.0037761186967930674,1065
1182,1.1219877004623413,0.10235168804700742,0.02912849187850952,0.002402511603931524,0.8,0.3,0.05,8,900,1.0,1.5,0.7,"{'colsample_bytree': 0.8, 'gamma': 0.3, 'learning_rate': 0.05, 'max_depth': 8, 'n_estimators': 900, 'reg_alpha': 1.0, 'reg_lambda': 1.5, 'subsample': 0.7}",0.9830744501384601,0.9908321169335286,0.9929428053469331,0.9894140656711423,0.989065859522516,0.0036799663074788117,1163
1183,1.1082285642623901,0.12812039160090485,0.027757883071899414,0.003274838218396121,0.8,0.3,0.05,8,900,1.0,1.5,0.85,"{'colsample_bytree': 0.8, 'gamma': 0.3, 'learning_rate': 0.05, 'max_depth': 8, 'n_estimators': 900, 'reg_alpha': 1.0, 'reg_lambda': 1.5, 'subsample': 0.85}",0.980958633294789,0.9901268607873446,0.9922370588179632,0.9880026077606279,0.9878312901651812,0.0042409669911422955,1643
1184,0.6146872639656067,0.03231425170519457,0.01900249719619751,0.0014187525145343978,0.8,0.3,0.05,8,900,1.0,1.5,1.0,"{'colsample_bytree': 0.8, 'gamma': 0.3, 'learning_rate': 0.05, 'max_depth': 8, 'n_estimators': 900, 'reg_alpha': 1.0, 'reg_lambda': 1.5, 'subsample': 1.0}",0.9823693153475482,0.9901268607873446,0.9936484394026853,0.9894140656711423,0.9888896703021801,0.004091654399075212,1216
1185,1.071600615978241,0.06160210177769578,0.027752220630645752,0.0014827727130512349,0.8,0.3,0.05,8,900,1.0,2.0,0.7,"{'colsample_bytree': 0.8, 'gamma': 0.3, 'learning_rate': 0.05, 'max_depth': 8, 'n_estimators': 900, 'reg_alpha': 1.0, 'reg_lambda': 2.0, 'subsample': 0.7}",0.9816639876499984,0.9908321169335286,0.9929428053469331,0.988708263606662,0.9885367933842806,0.0042410586033770886,1407
1186,1.0808486938476562,0.1297831893559553,0.025887012481689453,0.003168961923520165,0.8,0.3,0.05,8,900,1.0,2.0,0.85,"{'colsample_bytree': 0.8, 'gamma': 0.3, 'learning_rate': 0.05, 'max_depth': 8, 'n_estimators': 900, 'reg_alpha': 1.0, 'reg_lambda': 2.0, 'subsample': 0.85}",0.9830746184925907,0.9901268607873446,0.9929428053469331,0.9880024404517326,0.9885366812696503,0.003607705063990656,1429
1187,0.6485938429832458,0.08534418406536327,0.019002854824066162,0.0020012330227667887,0.8,0.3,0.05,8,900,1.0,2.0,1.0,"{'colsample_bytree': 0.8, 'gamma': 0.3, 'learning_rate': 0.05, 'max_depth': 8, 'n_estimators': 900, 'reg_alpha': 1.0, 'reg_lambda': 2.0, 'subsample': 1.0}",0.980958633294789,0.9901268607873446,0.9936485026692425,0.988708263606662,0.9883605650895095,0.004636582062572255,1466
1188,0.8036361932754517,0.05856224774441382,0.02175217866897583,0.0019230598167983826,0.8,0.3,0.1,4,750,0.1,1.0,0.7,"{'colsample_bytree': 0.8, 'gamma': 0.3, 'learning_rate': 0.1, 'max_depth': 4, 'n_estimators': 750, 'reg_alpha': 0.1, 'reg_lambda': 1.0, 'subsample': 0.7}",0.9823680526023909,0.9922425913464957,0.9964714114603177,0.9901197306558291,0.9903004465162584,0.005118795422494416,484
1189,0.8213855624198914,0.09431747598582803,0.022006094455718994,0.004414349214421439,0.8,0.3,0.1,4,750,0.1,1.0,0.85,"{'colsample_bytree': 0.8, 'gamma': 0.3, 'learning_rate': 0.1, 'max_depth': 4, 'n_estimators': 750, 'reg_alpha': 0.1, 'reg_lambda': 1.0, 'subsample': 0.85}",0.9823680526023909,0.9922425913464957,0.9978828468761907,0.988708263606662,0.9903004386079348,0.005628557572372369,486
1190,0.40862494707107544,0.053869777983251065,0.015384793281555176,0.004188570512739881,0.8,0.3,0.1,4,750,0.1,1.0,1.0,"{'colsample_bytree': 0.8, 'gamma': 0.3, 'learning_rate': 0.1, 'max_depth': 4, 'n_estimators': 750, 'reg_alpha': 0.1, 'reg_lambda': 1.0, 'subsample': 1.0}",0.9830742144370506,0.9894216733848407,0.9936485026692425,0.9872969483988956,0.9883603347225073,0.0038132996910354164,1490
1191,0.8216418027877808,0.07726512848749101,0.022252202033996582,0.001783028279779006,0.8,0.3,0.1,4,750,0.1,1.5,0.7,"{'colsample_bytree': 0.8, 'gamma': 0.3, 'learning_rate': 0.1, 'max_depth': 4, 'n_estimators': 750, 'reg_alpha': 0.1, 'reg_lambda': 1.5, 'subsample': 0.7}",0.9816625284502379,0.9915373597517307,0.9943541992883981,0.9894140656711423,0.9892420382903773,0.004713842740194479,1103
1192,0.7848654985427856,0.08987037314634484,0.021632373332977295,0.004615605198444276,0.8,0.3,0.1,4,750,0.1,1.5,0.85,"{'colsample_bytree': 0.8, 'gamma': 0.3, 'learning_rate': 0.1, 'max_depth': 4, 'n_estimators': 750, 'reg_alpha': 0.1, 'reg_lambda': 1.5, 'subsample': 0.85}",0.9823684735375408,0.9915373597517307,0.9971771221387733,0.9880024404517326,0.9897713489699445,0.0053827472614599746,800
1193,0.4017597436904907,0.03632164759492774,0.013002991676330566,0.001226371503528207,0.8,0.3,0.1,4,750,0.1,1.5,1.0,"{'colsample_bytree': 0.8, 'gamma': 0.3, 'learning_rate': 0.1, 'max_depth': 4, 'n_estimators': 750, 'reg_alpha': 0.1, 'reg_lambda': 1.5, 'subsample': 1.0}",0.980957951420544,0.9887164123283938,0.9929428053469331,0.9858853295083274,0.9871256246510496,0.004357428192245571,1845
1194,0.8703961968421936,0.11204196311562327,0.02526390552520752,0.0029817975058371656,0.8,0.3,0.1,4,750,0.1,2.0,0.7,"{'colsample_bytree': 0.8, 'gamma': 0.3, 'learning_rate': 0.1, 'max_depth': 4, 'n_estimators': 750, 'reg_alpha': 0.1, 'reg_lambda': 2.0, 'subsample': 0.7}",0.9830735409682778,0.9908321169335286,0.9943541992883981,0.9901197306558291,0.9895948969615084,0.004092224526313345,898
1195,0.7651132941246033,0.08539609410202116,0.019499659538269043,0.0008650683029484096,0.8,0.3,0.1,4,750,0.1,2.0,0.85,"{'colsample_bytree': 0.8, 'gamma': 0.3, 'learning_rate': 0.1, 'max_depth': 4, 'n_estimators': 750, 'reg_alpha': 0.1, 'reg_lambda': 2.0, 'subsample': 0.85}",0.9816630027156343,0.9901268607873446,0.9964714114603177,0.9894139180456464,0.9894187982522358,0.005253405891381788,950
1196,0.43663692474365234,0.03149073832392123,0.013880431652069092,0.00020713048011021163,0.8,0.3,0.1,4,750,0.1,2.0,1.0,"{'colsample_bytree': 0.8, 'gamma': 0.3, 'learning_rate': 0.1, 'max_depth': 4, 'n_estimators': 750, 'reg_alpha': 0.1, 'reg_lambda': 2.0, 'subsample': 1.0}",0.9837795765103758,0.9880112298361529,0.9929428053469331,0.9865912834128453,0.9878312237765768,0.0033209172681359783,1647
1197,0.7606093287467957,0.09255536545240432,0.021009504795074463,0.0032654994675699414,0.8,0.3,0.1,4,750,0.5,1.0,0.7,"{'colsample_bytree': 0.8, 'gamma': 0.3, 'learning_rate': 0.1, 'max_depth': 4, 'n_estimators': 750, 'reg_alpha': 0.5, 'reg_lambda': 1.0, 'subsample': 0.7}",0.980957951420544,0.9901268607873446,0.994354131803331,0.9894139180456464,0.9887132155142165,0.004859357846958612,1300
1198,0.7432132959365845,0.06451759152401391,0.019260287284851074,0.004213405973940503,0.8,0.3,0.1,4,750,0.5,1.0,0.85,"{'colsample_bytree': 0.8, 'gamma': 0.3, 'learning_rate': 0.1, 'max_depth': 4, 'n_estimators': 750, 'reg_alpha': 0.5, 'reg_lambda': 1.0, 'subsample': 0.85}",0.9823688243014796,0.9901268607873446,0.9964714114603177,0.9887080836414638,0.9894187950476515,0.005011186326128275,951
1199,0.39636707305908203,0.011143369619482616,0.013254523277282715,0.0004367051520092606,0.8,0.3,0.1,4,750,0.5,1.0,1.0,"{'colsample_bytree': 0.8, 'gamma': 0.3, 'learning_rate': 0.1, 'max_depth': 4, 'n_estimators': 750, 'reg_alpha': 0.5, 'reg_lambda': 1.0, 'subsample': 1.0}",0.9795474293035473,0.9901269197103526,0.992237105212699,0.9872969483988956,0.9873021006563737,0.0048080356434509,1813
1200,0.7804819345474243,0.08755366580803664,0.02150404453277588,0.001497116624991477,0.8,0.3,0.1,4,750,0.5,1.5,0.7,"{'colsample_bytree': 0.8, 'gamma': 0.3, 'learning_rate': 0.1, 'max_depth': 4, 'n_estimators': 750, 'reg_alpha': 0.5, 'reg_lambda': 1.5, 'subsample': 0.7}",0.9802519537156409,0.9901268607873446,0.9936485026692425,0.9908255235816565,0.988713210188471,0.005059897450949382,1301
1201,0.7869738340377808,0.084303043457676,0.02038121223449707,0.003497492448719644,0.8,0.3,0.1,4,750,0.5,1.5,0.85,"{'colsample_bytree': 0.8, 'gamma': 0.3, 'learning_rate': 0.1, 'max_depth': 4, 'n_estimators': 750, 'reg_alpha': 0.5, 'reg_lambda': 1.5, 'subsample': 0.85}",0.9830742144370506,0.9908321169335286,0.9964714114603177,0.9887080836414638,0.9897714566180902,0.004795784870893122,771
1202,0.4002470374107361,0.03565603613781912,0.013132750988006592,0.000740716096046587,0.8,0.3,0.1,4,750,0.5,1.5,1.0,"{'colsample_bytree': 0.8, 'gamma': 0.3, 'learning_rate': 0.1, 'max_depth': 4, 'n_estimators': 750, 'reg_alpha': 0.5, 'reg_lambda': 1.5, 'subsample': 1.0}",0.980253250176559,0.9887164123283938,0.992237105212699,0.9851796919395991,0.9865966149143127,0.004431552177154867,1899
1203,0.7437199950218201,0.042480714739337094,0.021016180515289307,0.0011720996151159222,0.8,0.3,0.1,4,750,0.5,2.0,0.7,"{'colsample_bytree': 0.8, 'gamma': 0.3, 'learning_rate': 0.1, 'max_depth': 4, 'n_estimators': 750, 'reg_alpha': 0.5, 'reg_lambda': 2.0, 'subsample': 0.7}",0.9802519537156409,0.9901268607873446,0.9943541992883981,0.9887080836414638,0.9883602743582118,0.005121371852847693,1496
1204,0.7150923013687134,0.08277376578973533,0.018882572650909424,0.00255823212242626,0.8,0.3,0.1,4,750,0.5,2.0,0.85,"{'colsample_bytree': 0.8, 'gamma': 0.3, 'learning_rate': 0.1, 'max_depth': 4, 'n_estimators': 750, 'reg_alpha': 0.5, 'reg_lambda': 2.0, 'subsample': 0.85}",0.9816634039979629,0.989421589208529,0.9950599858856739,0.9865907224314905,0.9881839253809142,0.004844262445380089,1549
1205,0.41326332092285156,0.03577184669774646,0.012999773025512695,0.0007068869432247147,0.8,0.3,0.1,4,750,0.5,2.0,1.0,"{'colsample_bytree': 0.8, 'gamma': 0.3, 'learning_rate': 0.1, 'max_depth': 4, 'n_estimators': 750, 'reg_alpha': 0.5, 'reg_lambda': 2.0, 'subsample': 1.0}",0.9795481616869957,0.9887164123283938,0.9915314001577777,0.9851798395615659,0.9862439534336833,0.004473145182475449,1915
1206,0.7835037708282471,0.08168574031536778,0.018998563289642334,0.0007097547784769274,0.8,0.3,0.1,4,750,1.0,1.0,0.7,"{'colsample_bytree': 0.8, 'gamma': 0.3, 'learning_rate': 0.1, 'max_depth': 4, 'n_estimators': 750, 'reg_alpha': 1.0, 'reg_lambda': 1.0, 'subsample': 0.7}",0.9816634039979629,0.989421589208529,0.9943541992883981,0.988002225333439,0.9883603544570823,0.004528515125862717,1488
1207,0.7314965724945068,0.08214327236366603,0.01762986183166504,0.0019773943736578663,0.8,0.3,0.1,4,750,1.0,1.0,0.85,"{'colsample_bytree': 0.8, 'gamma': 0.3, 'learning_rate': 0.1, 'max_depth': 4, 'n_estimators': 750, 'reg_alpha': 1.0, 'reg_lambda': 1.0, 'subsample': 0.85}",0.9823688243014796,0.9901268607873446,0.9936485026692425,0.9865907224314905,0.9881837275473893,0.004183010249187049,1568
1208,0.384870707988739,0.016931273666759995,0.012749731540679932,0.0004325367552150715,0.8,0.3,0.1,4,750,1.0,1.0,1.0,"{'colsample_bytree': 0.8, 'gamma': 0.3, 'learning_rate': 0.1, 'max_depth': 4, 'n_estimators': 750, 'reg_alpha': 1.0, 'reg_lambda': 1.0, 'subsample': 1.0}",0.9788419262103473,0.9866005197259626,0.9908256880733946,0.985885498220995,0.9855384080576748,0.004302521117717013,1941
1209,0.7825143337249756,0.07373064390531696,0.019635021686553955,0.0004173372809821494,0.8,0.3,0.1,4,750,1.0,1.5,0.7,"{'colsample_bytree': 0.8, 'gamma': 0.3, 'learning_rate': 0.1, 'max_depth': 4, 'n_estimators': 750, 'reg_alpha': 1.0, 'reg_lambda': 1.5, 'subsample': 0.7}",0.9816634039979629,0.9887163000923067,0.9943541992883981,0.9880024404517326,0.9881840859576001,0.004497383647983903,1533
1210,0.7083536386489868,0.062062457031486766,0.017628848552703857,0.00041337919078854096,0.8,0.3,0.1,4,750,1.0,1.5,0.85,"{'colsample_bytree': 0.8, 'gamma': 0.3, 'learning_rate': 0.1, 'max_depth': 4, 'n_estimators': 750, 'reg_alpha': 1.0, 'reg_lambda': 1.5, 'subsample': 0.85}",0.9816634039979629,0.9908321169335286,0.9936485026692425,0.9865907224314905,0.9881836865080562,0.0045257601006568025,1571
1211,0.42177385091781616,0.023625437318829524,0.013753235340118408,0.0008322461869635534,0.8,0.3,0.1,4,750,1.0,1.5,1.0,"{'colsample_bytree': 0.8, 'gamma': 0.3, 'learning_rate': 0.1, 'max_depth': 4, 'n_estimators': 750, 'reg_alpha': 1.0, 'reg_lambda': 1.5, 'subsample': 1.0}",0.9781369071865506,0.9880111344363328,0.9908256880733946,0.985885498220995,0.9857148069793182,0.00471295889322301,1933
1212,0.7507466077804565,0.059955319262724696,0.01988154649734497,0.0007363014700424569,0.8,0.3,0.1,4,750,1.0,2.0,0.7,"{'colsample_bytree': 0.8, 'gamma': 0.3, 'learning_rate': 0.1, 'max_depth': 4, 'n_estimators': 750, 'reg_alpha': 1.0, 'reg_lambda': 2.0, 'subsample': 0.7}",0.9823688243014796,0.9901267625807684,0.9936485026692425,0.9872965940966467,0.9883601709120343,0.004126582385836145,1511
1213,0.7968892455101013,0.059072989821112386,0.020130813121795654,0.0035058320234369086,0.8,0.3,0.1,4,750,1.0,2.0,0.85,"{'colsample_bytree': 0.8, 'gamma': 0.3, 'learning_rate': 0.1, 'max_depth': 4, 'n_estimators': 750, 'reg_alpha': 1.0, 'reg_lambda': 2.0, 'subsample': 0.85}",0.9816637323068047,0.9901268607873446,0.9936485026692425,0.9858853295083274,0.9878311063179298,0.004498197930226959,1668
1214,0.39786291122436523,0.016064127615899253,0.01226121187210083,0.0007476943558044771,0.8,0.3,0.1,4,750,1.0,2.0,1.0,"{'colsample_bytree': 0.8, 'gamma': 0.3, 'learning_rate': 0.1, 'max_depth': 4, 'n_estimators': 750, 'reg_alpha': 1.0, 'reg_lambda': 2.0, 'subsample': 1.0}",0.9767263850695538,0.9887164123283938,0.9908256880733946,0.985885498220995,0.9855384959230842,0.005381153728595367,1939
1215,0.9875510334968567,0.10732820380023515,0.02813059091567993,0.004562624344678828,0.8,0.3,0.1,4,900,0.1,1.0,0.7,"{'colsample_bytree': 0.8, 'gamma': 0.3, 'learning_rate': 0.1, 'max_depth': 4, 'n_estimators': 900, 'reg_alpha': 0.1, 'reg_lambda': 1.0, 'subsample': 0.7}",0.9816630027156343,0.9915373597517307,0.9964714114603177,0.9901197306558291,0.989947876145878,0.005332720526611264,662
1216,0.9103849530220032,0.11205337511831807,0.02588421106338501,0.006584382834500558,0.8,0.3,0.1,4,900,0.1,1.0,0.85,"{'colsample_bytree': 0.8, 'gamma': 0.3, 'learning_rate': 0.1, 'max_depth': 4, 'n_estimators': 900, 'reg_alpha': 0.1, 'reg_lambda': 1.0, 'subsample': 0.85}",0.9830735409682778,0.9915373597517307,0.9978828468761907,0.988708263606662,0.9903005028007152,0.0053335250954401475,469
1217,0.45926666259765625,0.009811915322121546,0.014002084732055664,0.0007080001186097191,0.8,0.3,0.1,4,900,0.1,1.0,1.0,"{'colsample_bytree': 0.8, 'gamma': 0.3, 'learning_rate': 0.1, 'max_depth': 4, 'n_estimators': 900, 'reg_alpha': 0.1, 'reg_lambda': 1.0, 'subsample': 1.0}",0.9830742144370506,0.9894216733848407,0.9936485026692425,0.9872969483988956,0.9883603347225073,0.0038132996910354164,1490
1218,0.9636528491973877,0.10268834162677905,0.02476513385772705,0.0005683968055747938,0.8,0.3,0.1,4,900,0.1,1.5,0.7,"{'colsample_bytree': 0.8, 'gamma': 0.3, 'learning_rate': 0.1, 'max_depth': 4, 'n_estimators': 900, 'reg_alpha': 0.1, 'reg_lambda': 1.5, 'subsample': 0.7}",0.9795469410187734,0.9915373597517307,0.995059946520522,0.9901198487546965,0.9890660240114306,0.005782691739079922,1130
1219,0.9237703680992126,0.1313959704325671,0.01976335048675537,0.0016002482173117392,0.8,0.3,0.1,4,900,0.1,1.5,0.85,"{'colsample_bytree': 0.8, 'gamma': 0.3, 'learning_rate': 0.1, 'max_depth': 4, 'n_estimators': 900, 'reg_alpha': 0.1, 'reg_lambda': 1.5, 'subsample': 0.85}",0.9816634039979629,0.9915373597517307,0.9971771221387733,0.988708263606662,0.9897715373737821,0.00558643876556999,753
1220,0.4620158076286316,0.02081538530155094,0.014379918575286865,0.0011894244413314116,0.8,0.3,0.1,4,900,0.1,1.5,1.0,"{'colsample_bytree': 0.8, 'gamma': 0.3, 'learning_rate': 0.1, 'max_depth': 4, 'n_estimators': 900, 'reg_alpha': 0.1, 'reg_lambda': 1.5, 'subsample': 1.0}",0.980957951420544,0.9887164123283938,0.9929428053469331,0.9858853295083274,0.9871256246510496,0.004357428192245571,1845
1221,0.9666638374328613,0.10377659264357486,0.025268077850341797,0.003100676084364796,0.8,0.3,0.1,4,900,0.1,2.0,0.7,"{'colsample_bytree': 0.8, 'gamma': 0.3, 'learning_rate': 0.1, 'max_depth': 4, 'n_estimators': 900, 'reg_alpha': 0.1, 'reg_lambda': 2.0, 'subsample': 0.7}",0.9823684735375408,0.9915373597517307,0.9957656832081598,0.9908255235816565,0.9901242600197719,0.004859693945716379,549
1222,0.9420292377471924,0.09208282146981212,0.022000610828399658,0.0029172273635305556,0.8,0.3,0.1,4,900,0.1,2.0,0.85,"{'colsample_bytree': 0.8, 'gamma': 0.3, 'learning_rate': 0.1, 'max_depth': 4, 'n_estimators': 900, 'reg_alpha': 0.1, 'reg_lambda': 2.0, 'subsample': 0.85}",0.9816630027156343,0.9908321169335286,0.9964714114603177,0.988708263606662,0.9894186986790356,0.005300802925174899,980
1223,0.47138702869415283,0.016990339090611813,0.014881312847137451,0.0005508911723913572,0.8,0.3,0.1,4,900,0.1,2.0,1.0,"{'colsample_bytree': 0.8, 'gamma': 0.3, 'learning_rate': 0.1, 'max_depth': 4, 'n_estimators': 900, 'reg_alpha': 0.1, 'reg_lambda': 2.0, 'subsample': 1.0}",0.9837795765103758,0.9880112298361529,0.9929428053469331,0.9865912834128453,0.9878312237765768,0.0033209172681359783,1647
1224,0.8924970626831055,0.10897723159308022,0.02563655376434326,0.005896080095796548,0.8,0.3,0.1,4,900,0.5,1.0,0.7,"{'colsample_bytree': 0.8, 'gamma': 0.3, 'learning_rate': 0.1, 'max_depth': 4, 'n_estimators': 900, 'reg_alpha': 0.5, 'reg_lambda': 1.0, 'subsample': 0.7}",0.980957951420544,0.9908321169335286,0.9950598973131997,0.9894139180456464,0.9890659709282297,0.005121217451788269,1144
1225,0.9002581238746643,0.0917298409356024,0.02163243293762207,0.003834030760985447,0.8,0.3,0.1,4,900,0.5,1.0,0.85,"{'colsample_bytree': 0.8, 'gamma': 0.3, 'learning_rate': 0.1, 'max_depth': 4, 'n_estimators': 900, 'reg_alpha': 0.5, 'reg_lambda': 1.0, 'subsample': 0.85}",0.980957951420544,0.9901268607873446,0.9964714114603177,0.9887080836414638,0.9890660768274175,0.005518924269494166,1125
1226,0.47487449645996094,0.0056490169836048995,0.015257120132446289,0.00042910506055223835,0.8,0.3,0.1,4,900,0.5,1.0,1.0,"{'colsample_bytree': 0.8, 'gamma': 0.3, 'learning_rate': 0.1, 'max_depth': 4, 'n_estimators': 900, 'reg_alpha': 0.5, 'reg_lambda': 1.0, 'subsample': 1.0}",0.9795474293035473,0.9901269197103526,0.992237105212699,0.9872969483988956,0.9873021006563737,0.0048080356434509,1813
1227,0.8281150460243225,0.028325709218587465,0.0207633376121521,0.0008928864338407703,0.8,0.3,0.1,4,900,0.5,1.5,0.7,"{'colsample_bytree': 0.8, 'gamma': 0.3, 'learning_rate': 0.1, 'max_depth': 4, 'n_estimators': 900, 'reg_alpha': 0.5, 'reg_lambda': 1.5, 'subsample': 0.7}",0.9809574968105822,0.9908321169335286,0.9943542442775466,0.9908255235816565,0.9892423454008286,0.004995098922131858,1052
1228,0.9232801198959351,0.055489378852704,0.023250102996826172,0.0056292389063928635,0.8,0.3,0.1,4,900,0.5,1.5,0.85,"{'colsample_bytree': 0.8, 'gamma': 0.3, 'learning_rate': 0.1, 'max_depth': 4, 'n_estimators': 900, 'reg_alpha': 0.5, 'reg_lambda': 1.5, 'subsample': 0.85}",0.9823688243014796,0.9908321169335286,0.9957657000788889,0.9887080836414638,0.9894186812388402,0.004808530971138686,984
1229,0.4616404175758362,0.06149461780495545,0.01574915647506714,0.004918089071458551,0.8,0.3,0.1,4,900,0.5,1.5,1.0,"{'colsample_bytree': 0.8, 'gamma': 0.3, 'learning_rate': 0.1, 'max_depth': 4, 'n_estimators': 900, 'reg_alpha': 0.5, 'reg_lambda': 1.5, 'subsample': 1.0}",0.980253250176559,0.9887164123283938,0.992237105212699,0.9851796919395991,0.9865966149143127,0.004431552177154867,1899
1230,0.9690272212028503,0.11609123272694623,0.024383187294006348,0.0055781374697041,0.8,0.3,0.1,4,900,0.5,2.0,0.7,"{'colsample_bytree': 0.8, 'gamma': 0.3, 'learning_rate': 0.1, 'max_depth': 4, 'n_estimators': 900, 'reg_alpha': 0.5, 'reg_lambda': 2.0, 'subsample': 0.7}",0.9802524644629909,0.989421589208529,0.995059946520522,0.9894139180456464,0.9885369795594221,0.005308809746508914,1377
1231,0.8213655352592468,0.09145791641486078,0.018881797790527344,0.0018856854754842267,0.8,0.3,0.1,4,900,0.5,2.0,0.85,"{'colsample_bytree': 0.8, 'gamma': 0.3, 'learning_rate': 0.1, 'max_depth': 4, 'n_estimators': 900, 'reg_alpha': 0.5, 'reg_lambda': 2.0, 'subsample': 0.85}",0.9816634039979629,0.989421589208529,0.9950599858856739,0.9865907224314905,0.9881839253809142,0.004844262445380089,1549
1232,0.46801209449768066,0.039698139704885956,0.01425027847290039,0.0004329141113626425,0.8,0.3,0.1,4,900,0.5,2.0,1.0,"{'colsample_bytree': 0.8, 'gamma': 0.3, 'learning_rate': 0.1, 'max_depth': 4, 'n_estimators': 900, 'reg_alpha': 0.5, 'reg_lambda': 2.0, 'subsample': 1.0}",0.9795481616869957,0.9887164123283938,0.9915314001577777,0.9851798395615659,0.9862439534336833,0.004473145182475449,1915
1233,0.8790141940116882,0.09346343095570225,0.021129965782165527,0.002018393637618521,0.8,0.3,0.1,4,900,1.0,1.0,0.7,"{'colsample_bytree': 0.8, 'gamma': 0.3, 'learning_rate': 0.1, 'max_depth': 4, 'n_estimators': 900, 'reg_alpha': 1.0, 'reg_lambda': 1.0, 'subsample': 0.7}",0.980957951420544,0.9887163000923067,0.9936485026692425,0.988002225333439,0.9878312448788831,0.004524798564869858,1646
1234,0.8327382206916809,0.059266672101709925,0.018263816833496094,0.0007437480663435398,0.8,0.3,0.1,4,900,1.0,1.0,0.85,"{'colsample_bytree': 0.8, 'gamma': 0.3, 'learning_rate': 0.1, 'max_depth': 4, 'n_estimators': 900, 'reg_alpha': 1.0, 'reg_lambda': 1.0, 'subsample': 0.85}",0.9823688243014796,0.9908321169335286,0.9936485026692425,0.9865907224314905,0.9883600415839353,0.004275048303051062,1518
1235,0.5156596302986145,0.034261264156476914,0.014250576496124268,0.0004342552876188609,0.8,0.3,0.1,4,900,1.0,1.0,1.0,"{'colsample_bytree': 0.8, 'gamma': 0.3, 'learning_rate': 0.1, 'max_depth': 4, 'n_estimators': 900, 'reg_alpha': 1.0, 'reg_lambda': 1.0, 'subsample': 1.0}",0.9788419262103473,0.9866005197259626,0.9908256880733946,0.985885498220995,0.9855384080576748,0.004302521117717013,1941
1236,0.8104825019836426,0.0357210522813491,0.02026653289794922,0.0010326584781952784,0.8,0.3,0.1,4,900,1.0,1.5,0.7,"{'colsample_bytree': 0.8, 'gamma': 0.3, 'learning_rate': 0.1, 'max_depth': 4, 'n_estimators': 900, 'reg_alpha': 1.0, 'reg_lambda': 1.5, 'subsample': 0.7}",0.9816634039979629,0.9887163000923067,0.9943541992883981,0.9887080836414638,0.9883604967550329,0.004500637013626548,1468
1237,0.8337553143501282,0.11843933745872061,0.017880916595458984,0.0015183605830829624,0.8,0.3,0.1,4,900,1.0,1.5,0.85,"{'colsample_bytree': 0.8, 'gamma': 0.3, 'learning_rate': 0.1, 'max_depth': 4, 'n_estimators': 900, 'reg_alpha': 1.0, 'reg_lambda': 1.5, 'subsample': 0.85}",0.9816634039979629,0.9908321169335286,0.9950599760444447,0.9865907224314905,0.9885365548518568,0.004971194418729905,1448
1238,0.525409996509552,0.036531307826180755,0.016757845878601074,0.0033374158210198474,0.8,0.3,0.1,4,900,1.0,1.5,1.0,"{'colsample_bytree': 0.8, 'gamma': 0.3, 'learning_rate': 0.1, 'max_depth': 4, 'n_estimators': 900, 'reg_alpha': 1.0, 'reg_lambda': 1.5, 'subsample': 1.0}",0.9781369071865506,0.9880111344363328,0.9908256880733946,0.985885498220995,0.9857148069793182,0.00471295889322301,1933
1239,0.9314039945602417,0.07424113847552553,0.02363187074661255,0.0014720049514210089,0.8,0.3,0.1,4,900,1.0,2.0,0.7,"{'colsample_bytree': 0.8, 'gamma': 0.3, 'learning_rate': 0.1, 'max_depth': 4, 'n_estimators': 900, 'reg_alpha': 1.0, 'reg_lambda': 2.0, 'subsample': 0.7}",0.980957951420544,0.9901267625807684,0.9929428053469331,0.9872965940966467,0.987831028361223,0.004442000286303294,1679
1240,0.8644927144050598,0.10179282518616034,0.020769357681274414,0.004026648403801088,0.8,0.3,0.1,4,900,1.0,2.0,0.85,"{'colsample_bytree': 0.8, 'gamma': 0.3, 'learning_rate': 0.1, 'max_depth': 4, 'n_estimators': 900, 'reg_alpha': 1.0, 'reg_lambda': 2.0, 'subsample': 0.85}",0.9816637323068047,0.9901268607873446,0.9943541992883981,0.9858853295083274,0.9880075304727187,0.0047307313953956,1601
1241,0.4267513155937195,0.026313891954028536,0.014000475406646729,0.001224851490573025,0.8,0.3,0.1,4,900,1.0,2.0,1.0,"{'colsample_bytree': 0.8, 'gamma': 0.3, 'learning_rate': 0.1, 'max_depth': 4, 'n_estimators': 900, 'reg_alpha': 1.0, 'reg_lambda': 2.0, 'subsample': 1.0}",0.9767263850695538,0.9887164123283938,0.9908256880733946,0.985885498220995,0.9855384959230842,0.005381153728595367,1939
1242,0.8591461777687073,0.030783707064971817,0.023014843463897705,0.0003535862223960321,0.8,0.3,0.1,8,750,0.1,1.0,0.7,"{'colsample_bytree': 0.8, 'gamma': 0.3, 'learning_rate': 0.1, 'max_depth': 8, 'n_estimators': 750, 'reg_alpha': 0.1, 'reg_lambda': 1.0, 'subsample': 0.7}",0.9837795765103758,0.9922425913464957,0.9971771221387733,0.9915312989325971,0.9911826472320604,0.004795420342667755,41
1243,0.7276157736778259,0.07435039969859526,0.01750117540359497,0.0011180874515046033,0.8,0.3,0.1,8,750,0.1,1.0,0.85,"{'colsample_bytree': 0.8, 'gamma': 0.3, 'learning_rate': 0.1, 'max_depth': 8, 'n_estimators': 750, 'reg_alpha': 0.1, 'reg_lambda': 1.0, 'subsample': 0.85}",0.9823691049025824,0.9922425913464957,0.9964713903718013,0.9901197306558291,0.9903007043191772,0.005118381393543025,436
1244,0.5131840705871582,0.04940135315870041,0.01575028896331787,0.0004349089655883942,0.8,0.3,0.1,8,750,0.1,1.0,1.0,"{'colsample_bytree': 0.8, 'gamma': 0.3, 'learning_rate': 0.1, 'max_depth': 8, 'n_estimators': 750, 'reg_alpha': 0.1, 'reg_lambda': 1.0, 'subsample': 1.0}",0.9858953751153834,0.9915373597517307,0.9964713903718013,0.988708398576796,0.9906531309539278,0.003906796253274733,297
1245,0.8619292974472046,0.08182877653779969,0.02287900447845459,0.001250692878300864,0.8,0.3,0.1,8,750,0.1,1.5,0.7,"{'colsample_bytree': 0.8, 'gamma': 0.3, 'learning_rate': 0.1, 'max_depth': 8, 'n_estimators': 750, 'reg_alpha': 0.1, 'reg_lambda': 1.5, 'subsample': 0.7}",0.9830739113827349,0.9922425913464957,0.9971771221387733,0.9901197306558291,0.9906533388809582,0.005069958834470804,259
1246,0.8577865958213806,0.09274221703887492,0.020882248878479004,0.002603217244579073,0.8,0.3,0.1,8,750,0.1,1.5,0.85,"{'colsample_bytree': 0.8, 'gamma': 0.3, 'learning_rate': 0.1, 'max_depth': 8, 'n_estimators': 750, 'reg_alpha': 0.1, 'reg_lambda': 1.5, 'subsample': 0.85}",0.9830744501384601,0.9922425913464957,0.9957656494662985,0.9901197306558291,0.9903006054017709,0.004633790338371273,448
1247,0.49366432428359985,0.056957116817171666,0.015131771564483643,0.001346532026028592,0.8,0.3,0.1,8,750,0.1,1.5,1.0,"{'colsample_bytree': 0.8, 'gamma': 0.3, 'learning_rate': 0.1, 'max_depth': 8, 'n_estimators': 750, 'reg_alpha': 0.1, 'reg_lambda': 1.5, 'subsample': 1.0}",0.9858953751153834,0.9908321169335286,0.995059946520522,0.9865909628578188,0.9895946003568132,0.003677892112984305,926
1248,0.8850259780883789,0.0715885372956007,0.025896310806274414,0.004998922092171926,0.8,0.3,0.1,8,750,0.1,2.0,0.7,"{'colsample_bytree': 0.8, 'gamma': 0.3, 'learning_rate': 0.1, 'max_depth': 8, 'n_estimators': 750, 'reg_alpha': 0.1, 'reg_lambda': 2.0, 'subsample': 0.7}",0.9830742144370506,0.9922425913464957,0.9971771221387733,0.9901197306558291,0.9906534146445372,0.005069845570758759,241
1249,0.786622941493988,0.09658826258733848,0.019254744052886963,0.0019253417060557322,0.8,0.3,0.1,8,750,0.1,2.0,0.85,"{'colsample_bytree': 0.8, 'gamma': 0.3, 'learning_rate': 0.1, 'max_depth': 8, 'n_estimators': 750, 'reg_alpha': 0.1, 'reg_lambda': 2.0, 'subsample': 0.85}",0.980958633294789,0.9922425913464957,0.9964714114603177,0.9894139180456464,0.9897716385368123,0.005674275071759119,737
1250,0.4881557822227478,0.04806005861507837,0.015499293804168701,0.001118673773783182,0.8,0.3,0.1,8,750,0.1,2.0,1.0,"{'colsample_bytree': 0.8, 'gamma': 0.3, 'learning_rate': 0.1, 'max_depth': 8, 'n_estimators': 750, 'reg_alpha': 0.1, 'reg_lambda': 2.0, 'subsample': 1.0}",0.9866005197259626,0.9915373597517307,0.9957656832081598,0.9872965940966467,0.990300039195625,0.0036780209827877307,524
1251,0.8231366276741028,0.08245694879644765,0.0206298828125,0.0014732666877655112,0.8,0.3,0.1,8,750,0.5,1.0,0.7,"{'colsample_bytree': 0.8, 'gamma': 0.3, 'learning_rate': 0.1, 'max_depth': 8, 'n_estimators': 750, 'reg_alpha': 0.5, 'reg_lambda': 1.0, 'subsample': 0.7}",0.9837793183573613,0.9915373597517307,0.995059946520522,0.9901197306558291,0.9901240888213608,0.004080936080835023,597
1252,0.7788721323013306,0.08600058317175918,0.02063584327697754,0.0036655856366973067,0.8,0.3,0.1,8,750,0.5,1.0,0.85,"{'colsample_bytree': 0.8, 'gamma': 0.3, 'learning_rate': 0.1, 'max_depth': 8, 'n_estimators': 750, 'reg_alpha': 0.5, 'reg_lambda': 1.0, 'subsample': 0.85}",0.9837798991900891,0.9929478138222849,0.9957656494662985,0.9872965940966467,0.9899474891438298,0.0046882658868380896,724
1253,0.5120329260826111,0.04678634693376562,0.015253841876983643,0.0008263839087870349,0.8,0.3,0.1,8,750,0.5,1.0,1.0,"{'colsample_bytree': 0.8, 'gamma': 0.3, 'learning_rate': 0.1, 'max_depth': 8, 'n_estimators': 750, 'reg_alpha': 0.5, 'reg_lambda': 1.0, 'subsample': 1.0}",0.9844851595448396,0.9908321169335286,0.9964713903718013,0.9865907224314905,0.989594847320415,0.004581248627427461,907
1254,0.7915011644363403,0.014754746904414844,0.021002233028411865,4.355219665081874e-06,0.8,0.3,0.1,8,750,0.5,1.5,0.7,"{'colsample_bytree': 0.8, 'gamma': 0.3, 'learning_rate': 0.1, 'max_depth': 8, 'n_estimators': 750, 'reg_alpha': 0.5, 'reg_lambda': 1.5, 'subsample': 0.7}",0.9816634039979629,0.9908321169335286,0.995059946520522,0.9887080836414638,0.9890658877733693,0.004846986062298866,1160
1255,0.7880030274391174,0.07480178794837529,0.01775270700454712,0.0004295072942814476,0.8,0.3,0.1,8,750,0.5,1.5,0.85,"{'colsample_bytree': 0.8, 'gamma': 0.3, 'learning_rate': 0.1, 'max_depth': 8, 'n_estimators': 750, 'reg_alpha': 0.5, 'reg_lambda': 1.5, 'subsample': 0.85}",0.9816637323068047,0.9922425913464957,0.9936485026692425,0.9887080836414638,0.9890657274910017,0.004637125567650518,1189
1256,0.5414308309555054,0.04871255102122626,0.01863330602645874,0.0030614579783947824,0.8,0.3,0.1,8,750,0.5,1.5,1.0,"{'colsample_bytree': 0.8, 'gamma': 0.3, 'learning_rate': 0.1, 'max_depth': 8, 'n_estimators': 750, 'reg_alpha': 0.5, 'reg_lambda': 1.5, 'subsample': 1.0}",0.9844851595448396,0.9901268607873446,0.995059946520522,0.9872965940966467,0.9892421402373383,0.003906520686449137,1091
1257,0.8153811097145081,0.022200586962706274,0.02188640832901001,0.0011325723262371836,0.8,0.3,0.1,8,750,0.5,2.0,0.7,"{'colsample_bytree': 0.8, 'gamma': 0.3, 'learning_rate': 0.1, 'max_depth': 8, 'n_estimators': 750, 'reg_alpha': 0.5, 'reg_lambda': 2.0, 'subsample': 0.7}",0.980253250176559,0.9908321169335286,0.995059946520522,0.9894139180456464,0.988889807919064,0.005401573745985569,1203
1258,0.8393903970718384,0.07508333897025567,0.020510375499725342,0.002372387071647326,0.8,0.3,0.1,8,750,0.5,2.0,0.85,"{'colsample_bytree': 0.8, 'gamma': 0.3, 'learning_rate': 0.1, 'max_depth': 8, 'n_estimators': 750, 'reg_alpha': 0.5, 'reg_lambda': 2.0, 'subsample': 0.85}",0.980958633294789,0.9915373597517307,0.9943542442775466,0.9872965940966467,0.9885367078551782,0.005045114914617494,1423
1259,0.4886561632156372,0.03999292259680189,0.01600039005279541,0.0018707888912479647,0.8,0.3,0.1,8,750,0.5,2.0,1.0,"{'colsample_bytree': 0.8, 'gamma': 0.3, 'learning_rate': 0.1, 'max_depth': 8, 'n_estimators': 750, 'reg_alpha': 0.5, 'reg_lambda': 2.0, 'subsample': 1.0}",0.9851904016614919,0.9908321169335286,0.995059946520522,0.9872967965574946,0.9895948154182592,0.0037442731013455507,912
1260,0.80474853515625,0.08588384593476509,0.018999755382537842,0.0015824191729755404,0.8,0.3,0.1,8,750,1.0,1.0,0.7,"{'colsample_bytree': 0.8, 'gamma': 0.3, 'learning_rate': 0.1, 'max_depth': 8, 'n_estimators': 750, 'reg_alpha': 1.0, 'reg_lambda': 1.0, 'subsample': 0.7}",0.9816639876499984,0.9901268607873446,0.9936485026692425,0.9887080836414638,0.9885368586870124,0.004356681224182665,1394
1261,0.7799930572509766,0.07117558671019308,0.019751906394958496,0.0035630155531255875,0.8,0.3,0.1,8,750,1.0,1.0,0.85,"{'colsample_bytree': 0.8, 'gamma': 0.3, 'learning_rate': 0.1, 'max_depth': 8, 'n_estimators': 750, 'reg_alpha': 1.0, 'reg_lambda': 1.0, 'subsample': 0.85}",0.9816639876499984,0.989421589208529,0.9929428053469331,0.9872967965574946,0.9878312946907388,0.004092002634130057,1642
1262,0.4490085244178772,0.016711548645048546,0.01501011848449707,0.0007903435290137374,0.8,0.3,0.1,8,750,1.0,1.0,1.0,"{'colsample_bytree': 0.8, 'gamma': 0.3, 'learning_rate': 0.1, 'max_depth': 8, 'n_estimators': 750, 'reg_alpha': 1.0, 'reg_lambda': 1.0, 'subsample': 1.0}",0.9851903427387769,0.9901268607873446,0.9936485026692425,0.9851792195295421,0.9885362314312266,0.0035752593965299602,1462
1263,0.8321352601051331,0.08432619645636716,0.023382067680358887,0.003964834485454281,0.8,0.3,0.1,8,750,1.0,1.5,0.7,"{'colsample_bytree': 0.8, 'gamma': 0.3, 'learning_rate': 0.1, 'max_depth': 8, 'n_estimators': 750, 'reg_alpha': 1.0, 'reg_lambda': 1.5, 'subsample': 0.7}",0.980958633294789,0.989421589208529,0.995059946520522,0.988002225333439,0.9883605985893197,0.005023058963652557,1465
1264,0.7751150131225586,0.08511685262041367,0.0176314115524292,0.0009655798289751993,0.8,0.3,0.1,8,750,1.0,1.5,0.85,"{'colsample_bytree': 0.8, 'gamma': 0.3, 'learning_rate': 0.1, 'max_depth': 8, 'n_estimators': 750, 'reg_alpha': 1.0, 'reg_lambda': 1.5, 'subsample': 0.85}",0.9816639876499984,0.9901268607873446,0.9929428053469331,0.9865907224314905,0.9878310940539416,0.004212239914713908,1671
1265,0.426751971244812,0.02697939168683936,0.013506650924682617,0.0008668019683648186,0.8,0.3,0.1,8,750,1.0,1.5,1.0,"{'colsample_bytree': 0.8, 'gamma': 0.3, 'learning_rate': 0.1, 'max_depth': 8, 'n_estimators': 750, 'reg_alpha': 1.0, 'reg_lambda': 1.5, 'subsample': 1.0}",0.9830746184925907,0.9901268607873446,0.9929427491104976,0.9880024404517326,0.9885366672105413,0.0036076878935102667,1431
1266,0.8188779354095459,0.0546692843286628,0.022250592708587646,0.002279138026686208,0.8,0.3,0.1,8,750,1.0,2.0,0.7,"{'colsample_bytree': 0.8, 'gamma': 0.3, 'learning_rate': 0.1, 'max_depth': 8, 'n_estimators': 750, 'reg_alpha': 1.0, 'reg_lambda': 2.0, 'subsample': 0.7}",0.980253250176559,0.9901268607873446,0.9943541992883981,0.9872965940966467,0.9880077260872371,0.00513337265663576,1585
1267,0.7709945440292358,0.09681592038105585,0.019000113010406494,0.002916082686795147,0.8,0.3,0.1,8,750,1.0,2.0,0.85,"{'colsample_bytree': 0.8, 'gamma': 0.3, 'learning_rate': 0.1, 'max_depth': 8, 'n_estimators': 750, 'reg_alpha': 1.0, 'reg_lambda': 2.0, 'subsample': 0.85}",0.9823693153475482,0.989421589208529,0.9929428053469331,0.988002225333439,0.9881839838091122,0.0038085907831795092,1542
1268,0.44563257694244385,0.016645539007794516,0.013502001762390137,0.000498061618919233,0.8,0.3,0.1,8,750,1.0,2.0,1.0,"{'colsample_bytree': 0.8, 'gamma': 0.3, 'learning_rate': 0.1, 'max_depth': 8, 'n_estimators': 750, 'reg_alpha': 1.0, 'reg_lambda': 2.0, 'subsample': 1.0}",0.9809588605753522,0.9901268607873446,0.9936485406285719,0.988002225333439,0.9881841218311769,0.004633346360783586,1528
1269,0.9659236669540405,0.09196749724277262,0.02413046360015869,0.0024025155499722635,0.8,0.3,0.1,8,900,0.1,1.0,0.7,"{'colsample_bytree': 0.8, 'gamma': 0.3, 'learning_rate': 0.1, 'max_depth': 8, 'n_estimators': 900, 'reg_alpha': 0.1, 'reg_lambda': 1.0, 'subsample': 0.7}",0.9844846965672964,0.9922425913464957,0.9971771221387733,0.9915312989325971,0.9913589272462906,0.004525400906968573,22
1270,0.9659233093261719,0.10227996989561786,0.020500779151916504,0.001500767145457771,0.8,0.3,0.1,8,900,0.1,1.0,0.85,"{'colsample_bytree': 0.8, 'gamma': 0.3, 'learning_rate': 0.1, 'max_depth': 8, 'n_estimators': 900, 'reg_alpha': 0.1, 'reg_lambda': 1.0, 'subsample': 0.85}",0.9830744501384601,0.9922425913464957,0.9964713903718013,0.9908255235816565,0.9906534888596035,0.004843672382646874,226
1271,0.5367997884750366,0.021953159082738687,0.01524895429611206,0.0004330850807398824,0.8,0.3,0.1,8,900,0.1,1.0,1.0,"{'colsample_bytree': 0.8, 'gamma': 0.3, 'learning_rate': 0.1, 'max_depth': 8, 'n_estimators': 900, 'reg_alpha': 0.1, 'reg_lambda': 1.0, 'subsample': 1.0}",0.9858953751153834,0.9915373597517307,0.9964713903718013,0.988708398576796,0.9906531309539278,0.003906796253274733,297
1272,0.920792281627655,0.061169553159648185,0.022751033306121826,0.0014761446121165775,0.8,0.3,0.1,8,900,0.1,1.5,0.7,"{'colsample_bytree': 0.8, 'gamma': 0.3, 'learning_rate': 0.1, 'max_depth': 8, 'n_estimators': 900, 'reg_alpha': 0.1, 'reg_lambda': 1.5, 'subsample': 0.7}",0.9830739113827349,0.9922425913464957,0.9971771221387733,0.9901197306558291,0.9906533388809582,0.005069958834470804,259
1273,0.9226638078689575,0.07935892495070317,0.02138584852218628,0.002274898563985435,0.8,0.3,0.1,8,900,0.1,1.5,0.85,"{'colsample_bytree': 0.8, 'gamma': 0.3, 'learning_rate': 0.1, 'max_depth': 8, 'n_estimators': 900, 'reg_alpha': 0.1, 'reg_lambda': 1.5, 'subsample': 0.85}",0.9823691049025824,0.9922425913464957,0.9957656494662985,0.9901197306558291,0.9901242690928015,0.004910576694840429,547
1274,0.5582969188690186,0.04730290422659496,0.016012251377105713,0.0003566158349807473,0.8,0.3,0.1,8,900,0.1,1.5,1.0,"{'colsample_bytree': 0.8, 'gamma': 0.3, 'learning_rate': 0.1, 'max_depth': 8, 'n_estimators': 900, 'reg_alpha': 0.1, 'reg_lambda': 1.5, 'subsample': 1.0}",0.9858953751153834,0.9908321169335286,0.995059946520522,0.9865909628578188,0.9895946003568132,0.003677892112984305,926
1275,1.0024352073669434,0.08848403982195922,0.028379440307617188,0.004207092682801637,0.8,0.3,0.1,8,900,0.1,2.0,0.7,"{'colsample_bytree': 0.8, 'gamma': 0.3, 'learning_rate': 0.1, 'max_depth': 8, 'n_estimators': 900, 'reg_alpha': 0.1, 'reg_lambda': 2.0, 'subsample': 0.7}",0.9830742144370506,0.9922425913464957,0.9971771221387733,0.9894139180456464,0.9904769614919915,0.005097556444122372,370
1276,0.9384156465530396,0.11179875984600891,0.023130953311920166,0.003250961072182708,0.8,0.3,0.1,8,900,0.1,2.0,0.85,"{'colsample_bytree': 0.8, 'gamma': 0.3, 'learning_rate': 0.1, 'max_depth': 8, 'n_estimators': 900, 'reg_alpha': 0.1, 'reg_lambda': 2.0, 'subsample': 0.85}",0.9823691049025824,0.9922425913464957,0.9964714114603177,0.9894139180456464,0.9901242564387607,0.0051337285580469,551
1277,0.5331665873527527,0.02276459620820955,0.015749633312225342,0.00043150243612365976,0.8,0.3,0.1,8,900,0.1,2.0,1.0,"{'colsample_bytree': 0.8, 'gamma': 0.3, 'learning_rate': 0.1, 'max_depth': 8, 'n_estimators': 900, 'reg_alpha': 0.1, 'reg_lambda': 2.0, 'subsample': 1.0}",0.9866005197259626,0.9915373597517307,0.9957656832081598,0.9872965940966467,0.990300039195625,0.0036780209827877307,524
1278,0.9989426732063293,0.0791549925002266,0.024752557277679443,0.004263970392077892,0.8,0.3,0.1,8,900,0.5,1.0,0.7,"{'colsample_bytree': 0.8, 'gamma': 0.3, 'learning_rate': 0.1, 'max_depth': 8, 'n_estimators': 900, 'reg_alpha': 0.5, 'reg_lambda': 1.0, 'subsample': 0.7}",0.9837793183573613,0.9922425913464957,0.9957656832081598,0.9901197306558291,0.9904768308919615,0.004361022343875508,398
1279,0.8726459741592407,0.1031403066766981,0.020131170749664307,0.0033972736454428443,0.8,0.3,0.1,8,900,0.5,1.0,0.85,"{'colsample_bytree': 0.8, 'gamma': 0.3, 'learning_rate': 0.1, 'max_depth': 8, 'n_estimators': 900, 'reg_alpha': 0.5, 'reg_lambda': 1.0, 'subsample': 0.85}",0.9837798991900891,0.9922425913464957,0.9957656494662985,0.9872965940966467,0.9897711835248825,0.004584227289364169,819
1280,0.505408525466919,0.02755448303180945,0.015505671501159668,0.0011212197963380017,0.8,0.3,0.1,8,900,0.5,1.0,1.0,"{'colsample_bytree': 0.8, 'gamma': 0.3, 'learning_rate': 0.1, 'max_depth': 8, 'n_estimators': 900, 'reg_alpha': 0.5, 'reg_lambda': 1.0, 'subsample': 1.0}",0.9844851595448396,0.9908321169335286,0.9964713903718013,0.9865907224314905,0.989594847320415,0.004581248627427461,907
1281,0.9585588574409485,0.08581268290671745,0.021878957748413086,0.0017388929657975306,0.8,0.3,0.1,8,900,0.5,1.5,0.7,"{'colsample_bytree': 0.8, 'gamma': 0.3, 'learning_rate': 0.1, 'max_depth': 8, 'n_estimators': 900, 'reg_alpha': 0.5, 'reg_lambda': 1.5, 'subsample': 0.7}",0.9816634039979629,0.9915373597517307,0.9957656832081598,0.9887080836414638,0.9894186326498293,0.00513377314113007,993
1282,0.9793004393577576,0.07422101973097911,0.023887991905212402,0.005199489819548406,0.8,0.3,0.1,8,900,0.5,1.5,0.85,"{'colsample_bytree': 0.8, 'gamma': 0.3, 'learning_rate': 0.1, 'max_depth': 8, 'n_estimators': 900, 'reg_alpha': 0.5, 'reg_lambda': 1.5, 'subsample': 0.85}",0.9816637323068047,0.9922425913464957,0.9936485026692425,0.988002225333439,0.9888892629139955,0.004660748406879225,1278
1283,0.5069125890731812,0.03491144219831785,0.015761256217956543,0.0012396575510645067,0.8,0.3,0.1,8,900,0.5,1.5,1.0,"{'colsample_bytree': 0.8, 'gamma': 0.3, 'learning_rate': 0.1, 'max_depth': 8, 'n_estimators': 900, 'reg_alpha': 0.5, 'reg_lambda': 1.5, 'subsample': 1.0}",0.9844851595448396,0.9901268607873446,0.995059946520522,0.9872965940966467,0.9892421402373383,0.003906520686449137,1091
1284,0.9857954978942871,0.07123927086782915,0.023768484592437744,0.001521247996340036,0.8,0.3,0.1,8,900,0.5,2.0,0.7,"{'colsample_bytree': 0.8, 'gamma': 0.3, 'learning_rate': 0.1, 'max_depth': 8, 'n_estimators': 900, 'reg_alpha': 0.5, 'reg_lambda': 2.0, 'subsample': 0.7}",0.980253250176559,0.9915373597517307,0.995059946520522,0.9887080836414638,0.9888896600225688,0.0054704500348019495,1218
1285,0.9576618671417236,0.0989065087051582,0.022504985332489014,0.0039009312970240875,0.8,0.3,0.1,8,900,0.5,2.0,0.85,"{'colsample_bytree': 0.8, 'gamma': 0.3, 'learning_rate': 0.1, 'max_depth': 8, 'n_estimators': 900, 'reg_alpha': 0.5, 'reg_lambda': 2.0, 'subsample': 0.85}",0.9816639876499984,0.9915373597517307,0.9943542442775466,0.9865907224314905,0.9885365785276916,0.004844295202887013,1441
1286,0.5042670965194702,0.026696960655349402,0.014753997325897217,0.0013018065026793241,0.8,0.3,0.1,8,900,0.5,2.0,1.0,"{'colsample_bytree': 0.8, 'gamma': 0.3, 'learning_rate': 0.1, 'max_depth': 8, 'n_estimators': 900, 'reg_alpha': 0.5, 'reg_lambda': 2.0, 'subsample': 1.0}",0.9851904016614919,0.9908321169335286,0.995059946520522,0.9872967965574946,0.9895948154182592,0.0037442731013455507,912
1287,0.9185292720794678,0.08580021182444841,0.02113395929336548,0.0013478009185804625,0.8,0.3,0.1,8,900,1.0,1.0,0.7,"{'colsample_bytree': 0.8, 'gamma': 0.3, 'learning_rate': 0.1, 'max_depth': 8, 'n_estimators': 900, 'reg_alpha': 1.0, 'reg_lambda': 1.0, 'subsample': 0.7}",0.9816639876499984,0.9908321169335286,0.9943542442775466,0.9887080836414638,0.9888896081256343,0.0046335227186724715,1232
1288,0.8553793430328369,0.07085052324200285,0.01799929141998291,0.0012230988075783084,0.8,0.3,0.1,8,900,1.0,1.0,0.85,"{'colsample_bytree': 0.8, 'gamma': 0.3, 'learning_rate': 0.1, 'max_depth': 8, 'n_estimators': 900, 'reg_alpha': 1.0, 'reg_lambda': 1.0, 'subsample': 0.85}",0.9816639876499984,0.989421589208529,0.9929428053469331,0.9880024404517326,0.9880077056642983,0.004080351134449248,1587
1289,0.5086492300033569,0.02345210727442691,0.015248894691467285,0.0008300308278736453,0.8,0.3,0.1,8,900,1.0,1.0,1.0,"{'colsample_bytree': 0.8, 'gamma': 0.3, 'learning_rate': 0.1, 'max_depth': 8, 'n_estimators': 900, 'reg_alpha': 1.0, 'reg_lambda': 1.0, 'subsample': 1.0}",0.9851903427387769,0.9901268607873446,0.9936485026692425,0.9851792195295421,0.9885362314312266,0.0035752593965299602,1462
1290,1.0365394353866577,0.06453589879338467,0.025015711784362793,0.004970911652718314,0.8,0.3,0.1,8,900,1.0,1.5,0.7,"{'colsample_bytree': 0.8, 'gamma': 0.3, 'learning_rate': 0.1, 'max_depth': 8, 'n_estimators': 900, 'reg_alpha': 1.0, 'reg_lambda': 1.5, 'subsample': 0.7}",0.980958633294789,0.9901268607873446,0.9950599760444447,0.988002225333439,0.9885369238650044,0.005069381117034776,1383
1291,0.8888806104660034,0.11405288921000524,0.01801365613937378,0.001541154296509029,0.8,0.3,0.1,8,900,1.0,1.5,0.85,"{'colsample_bytree': 0.8, 'gamma': 0.3, 'learning_rate': 0.1, 'max_depth': 8, 'n_estimators': 900, 'reg_alpha': 1.0, 'reg_lambda': 1.5, 'subsample': 0.85}",0.9816639876499984,0.9908321169335286,0.9929428053469331,0.9865907224314905,0.9880074080904877,0.004318075591861153,1621
1292,0.5350250601768494,0.03733866049696184,0.016000568866729736,0.0007061283829672712,0.8,0.3,0.1,8,900,1.0,1.5,1.0,"{'colsample_bytree': 0.8, 'gamma': 0.3, 'learning_rate': 0.1, 'max_depth': 8, 'n_estimators': 900, 'reg_alpha': 1.0, 'reg_lambda': 1.5, 'subsample': 1.0}",0.9830746184925907,0.9901268607873446,0.9929427491104976,0.9880024404517326,0.9885366672105413,0.0036076878935102667,1431
1293,0.9060146808624268,0.009602366841822522,0.0211450457572937,0.0006483248558482908,0.8,0.3,0.1,8,900,1.0,2.0,0.7,"{'colsample_bytree': 0.8, 'gamma': 0.3, 'learning_rate': 0.1, 'max_depth': 8, 'n_estimators': 900, 'reg_alpha': 1.0, 'reg_lambda': 2.0, 'subsample': 0.7}",0.980958633294789,0.989421589208529,0.995059946520522,0.9872963410115112,0.9881841275088378,0.0050449016353574135,1527
1294,0.837375819683075,0.09894010765404702,0.01826298236846924,0.0018208621556897201,0.8,0.3,0.1,8,900,1.0,2.0,0.85,"{'colsample_bytree': 0.8, 'gamma': 0.3, 'learning_rate': 0.1, 'max_depth': 8, 'n_estimators': 900, 'reg_alpha': 1.0, 'reg_lambda': 2.0, 'subsample': 0.85}",0.9823693153475482,0.9901268607873446,0.9929428053469331,0.9872963410115112,0.9881838306233344,0.0039057468025190077,1559
1295,0.5290350317955017,0.03548388381911131,0.015758633613586426,0.0005636785635870291,0.8,0.3,0.1,8,900,1.0,2.0,1.0,"{'colsample_bytree': 0.8, 'gamma': 0.3, 'learning_rate': 0.1, 'max_depth': 8, 'n_estimators': 900, 'reg_alpha': 1.0, 'reg_lambda': 2.0, 'subsample': 1.0}",0.9809588605753522,0.9901268607873446,0.9936485406285719,0.988002225333439,0.9881841218311769,0.004633346360783586,1528
1296,1.1694783568382263,0.14124486251284443,0.037768006324768066,0.007427351823540326,1.0,0.1,0.05,4,750,0.1,1.0,0.7,"{'colsample_bytree': 1.0, 'gamma': 0.1, 'learning_rate': 0.05, 'max_depth': 4, 'n_estimators': 750, 'reg_alpha': 0.1, 'reg_lambda': 1.0, 'subsample': 0.7}",0.9851900481181693,0.9915373765867419,0.9964713903718013,0.9894139180456464,0.9906531832805897,0.004062479405618026,284
1297,1.1509655714035034,0.09904475107710649,0.037017226219177246,0.005640760854540587,1.0,0.1,0.05,4,750,0.1,1.0,0.85,"{'colsample_bytree': 1.0, 'gamma': 0.1, 'learning_rate': 0.05, 'max_depth': 4, 'n_estimators': 750, 'reg_alpha': 0.1, 'reg_lambda': 1.0, 'subsample': 0.85}",0.9851900481181693,0.9922425913464957,0.9978828468761907,0.9894139180456464,0.9911823510966256,0.0046112851657869,71
1298,0.6061844825744629,0.10890286691586655,0.0181313157081604,0.002887557947845035,1.0,0.1,0.05,4,750,0.1,1.0,1.0,"{'colsample_bytree': 1.0, 'gamma': 0.1, 'learning_rate': 0.05, 'max_depth': 4, 'n_estimators': 750, 'reg_alpha': 0.1, 'reg_lambda': 1.0, 'subsample': 1.0}",0.987305837603845,0.9887163000923067,0.9936484394026853,0.9894140656711423,0.9897711606924948,0.002363861029546267,823
1299,1.1737340092658997,0.07279542337982257,0.03451496362686157,0.0017672430108620258,1.0,0.1,0.05,4,750,0.1,1.5,0.7,"{'colsample_bytree': 1.0, 'gamma': 0.1, 'learning_rate': 0.05, 'max_depth': 4, 'n_estimators': 750, 'reg_alpha': 0.1, 'reg_lambda': 1.5, 'subsample': 0.7}",0.9858953751153834,0.9922425913464957,0.9957656494662985,0.9894139180456464,0.9908293834934561,0.0036301466671255097,211
1300,1.0436890721321106,0.10775720449311114,0.03226751089096069,0.0016007593440557379,1.0,0.1,0.05,4,750,0.1,1.5,0.85,"{'colsample_bytree': 1.0, 'gamma': 0.1, 'learning_rate': 0.05, 'max_depth': 4, 'n_estimators': 750, 'reg_alpha': 0.1, 'reg_lambda': 1.5, 'subsample': 0.85}",0.9851900481181693,0.9922425913464957,0.9964713903718013,0.9901197306558291,0.9910059401230739,0.004062339833835062,127
1301,0.6076890230178833,0.018553334356522684,0.01975160837173462,0.0008341128146692373,1.0,0.1,0.05,4,750,0.1,1.5,1.0,"{'colsample_bytree': 1.0, 'gamma': 0.1, 'learning_rate': 0.05, 'max_depth': 4, 'n_estimators': 750, 'reg_alpha': 0.1, 'reg_lambda': 1.5, 'subsample': 1.0}",0.9844850669515415,0.989421589208529,0.9936484394026853,0.988708263606662,0.9890658397923544,0.0032495429441468117,1167
1302,1.2303805947303772,0.1208289478837607,0.03676187992095947,0.0033695653944426267,1.0,0.1,0.05,4,750,0.1,2.0,0.7,"{'colsample_bytree': 1.0, 'gamma': 0.1, 'learning_rate': 0.05, 'max_depth': 4, 'n_estimators': 750, 'reg_alpha': 0.1, 'reg_lambda': 2.0, 'subsample': 0.7}",0.9851900481181693,0.9922425913464957,0.9957656494662985,0.9894139180456464,0.9906530517441525,0.0038744403646265085,317
1303,1.2602702975273132,0.10125146506556686,0.038000404834747314,0.0036763379900414265,1.0,0.1,0.05,4,750,0.1,2.0,0.85,"{'colsample_bytree': 1.0, 'gamma': 0.1, 'learning_rate': 0.05, 'max_depth': 4, 'n_estimators': 750, 'reg_alpha': 0.1, 'reg_lambda': 2.0, 'subsample': 0.85}",0.9851900481181693,0.9922425913464957,0.9957656832081598,0.9894139180456464,0.9906530601796179,0.0038744514958303825,311
1304,0.6924669742584229,0.09325501367791407,0.02013099193572998,0.0005389454090022649,1.0,0.1,0.05,4,750,0.1,2.0,1.0,"{'colsample_bytree': 1.0, 'gamma': 0.1, 'learning_rate': 0.05, 'max_depth': 4, 'n_estimators': 750, 'reg_alpha': 0.1, 'reg_lambda': 2.0, 'subsample': 1.0}",0.9844849126269217,0.989421589208529,0.9950598973131997,0.9872967965574946,0.9890657989265361,0.0038784562284958305,1177
1305,1.023325502872467,0.03759245560971491,0.03175091743469238,0.0028617048494005907,1.0,0.1,0.05,4,750,0.5,1.0,0.7,"{'colsample_bytree': 1.0, 'gamma': 0.1, 'learning_rate': 0.05, 'max_depth': 4, 'n_estimators': 750, 'reg_alpha': 0.5, 'reg_lambda': 1.0, 'subsample': 0.7}",0.9837797701197444,0.9915373597517307,0.9957656494662985,0.9894139180456464,0.9901241743458551,0.004317964321362552,576
1306,0.9561763405799866,0.056666039329892656,0.02775132656097412,0.0010921648493674224,1.0,0.1,0.05,4,750,0.5,1.0,0.85,"{'colsample_bytree': 1.0, 'gamma': 0.1, 'learning_rate': 0.05, 'max_depth': 4, 'n_estimators': 750, 'reg_alpha': 0.5, 'reg_lambda': 1.0, 'subsample': 0.85}",0.9851900481181693,0.9908321169335286,0.9957656494662985,0.9894139180456464,0.9903004331409108,0.0037766791375959123,487
1307,0.5896809101104736,0.053507832686081426,0.01650214195251465,0.000866101013360155,1.0,0.1,0.05,4,750,0.5,1.0,1.0,"{'colsample_bytree': 1.0, 'gamma': 0.1, 'learning_rate': 0.05, 'max_depth': 4, 'n_estimators': 750, 'reg_alpha': 0.5, 'reg_lambda': 1.0, 'subsample': 1.0}",0.9866007862874648,0.989421589208529,0.9936485026692425,0.9894139180456464,0.9897711990527207,0.002516688160954912,815
1308,1.083714246749878,0.05556702035468688,0.03363776206970215,0.0010790449029290797,1.0,0.1,0.05,4,750,0.5,1.5,0.7,"{'colsample_bytree': 1.0, 'gamma': 0.1, 'learning_rate': 0.05, 'max_depth': 4, 'n_estimators': 750, 'reg_alpha': 0.5, 'reg_lambda': 1.5, 'subsample': 0.7}",0.9830742144370506,0.9908321169335286,0.9957656494662985,0.9894139180456464,0.989771474720631,0.004528692826501612,767
1309,1.1454813480377197,0.12992128336720077,0.02889549732208252,0.0021652821772583973,1.0,0.1,0.05,4,750,0.5,1.5,0.85,"{'colsample_bytree': 1.0, 'gamma': 0.1, 'learning_rate': 0.05, 'max_depth': 4, 'n_estimators': 750, 'reg_alpha': 0.5, 'reg_lambda': 1.5, 'subsample': 0.85}",0.9844849126269217,0.9915373597517307,0.9957656494662985,0.9894139180456464,0.9903004599726494,0.004062165825754739,481
1310,0.6185548901557922,0.04705433682866638,0.019005954265594482,0.0035384014402087167,1.0,0.1,0.05,4,750,0.5,1.5,1.0,"{'colsample_bytree': 1.0, 'gamma': 0.1, 'learning_rate': 0.05, 'max_depth': 4, 'n_estimators': 750, 'reg_alpha': 0.5, 'reg_lambda': 1.5, 'subsample': 1.0}",0.9837795765103758,0.9880111344363328,0.9929428053469331,0.9865909628578188,0.9878311197878651,0.0033209458994749503,1664
1311,1.1541074514389038,0.12026466149392036,0.03376895189285278,0.0028925582881030375,1.0,0.1,0.05,4,750,0.5,2.0,0.7,"{'colsample_bytree': 1.0, 'gamma': 0.1, 'learning_rate': 0.05, 'max_depth': 4, 'n_estimators': 750, 'reg_alpha': 0.5, 'reg_lambda': 2.0, 'subsample': 0.7}",0.9830744501384601,0.9901268607873446,0.9957656494662985,0.9894139180456464,0.9895952196094374,0.004497503521709374,844
1312,1.0429599285125732,0.1232896501884687,0.029389142990112305,0.0007411765078852284,1.0,0.1,0.05,4,750,0.5,2.0,0.85,"{'colsample_bytree': 1.0, 'gamma': 0.1, 'learning_rate': 0.05, 'max_depth': 4, 'n_estimators': 750, 'reg_alpha': 0.5, 'reg_lambda': 2.0, 'subsample': 0.85}",0.9837795765103758,0.9908321169335286,0.995059946520522,0.9894139180456464,0.9897713895025182,0.004034959317975182,786
1313,0.6452072858810425,0.04468567846052431,0.01901698112487793,0.0028159003248610574,1.0,0.1,0.05,4,750,0.5,2.0,1.0,"{'colsample_bytree': 1.0, 'gamma': 0.1, 'learning_rate': 0.05, 'max_depth': 4, 'n_estimators': 750, 'reg_alpha': 0.5, 'reg_lambda': 2.0, 'subsample': 1.0}",0.9851903427387769,0.9880111344363328,0.9936485026692425,0.9880026077606279,0.988713146901245,0.003072685026774221,1317
1314,1.0663418173789978,0.10754825374277271,0.031382083892822266,0.0014743219379558573,1.0,0.1,0.05,4,750,1.0,1.0,0.7,"{'colsample_bytree': 1.0, 'gamma': 0.1, 'learning_rate': 0.05, 'max_depth': 4, 'n_estimators': 750, 'reg_alpha': 1.0, 'reg_lambda': 1.0, 'subsample': 0.7}",0.9837797701197444,0.9901268607873446,0.9943541992883981,0.988708263606662,0.9892422734505373,0.003776188213016795,1070
1315,0.9170377254486084,0.08127178663579203,0.024635255336761475,0.0011952853653511438,1.0,0.1,0.05,4,750,1.0,1.0,0.85,"{'colsample_bytree': 1.0, 'gamma': 0.1, 'learning_rate': 0.05, 'max_depth': 4, 'n_estimators': 750, 'reg_alpha': 1.0, 'reg_lambda': 1.0, 'subsample': 0.85}",0.9837795765103758,0.9901268607873446,0.9936485026692425,0.9887080836414638,0.9890657559021067,0.0035425673429295285,1181
1316,0.5579255223274231,0.07715043137938586,0.01550072431564331,0.0008673736289766927,1.0,0.1,0.05,4,750,1.0,1.0,1.0,"{'colsample_bytree': 1.0, 'gamma': 0.1, 'learning_rate': 0.05, 'max_depth': 4, 'n_estimators': 750, 'reg_alpha': 1.0, 'reg_lambda': 1.0, 'subsample': 1.0}",0.9851903427387769,0.9880111344363328,0.9915314001577777,0.9830621254621956,0.9869487506987707,0.0031751846227158873,1877
1317,1.2111262083053589,0.05747193579504399,0.038770437240600586,0.006568733652350547,1.0,0.1,0.05,4,750,1.0,1.5,0.7,"{'colsample_bytree': 1.0, 'gamma': 0.1, 'learning_rate': 0.05, 'max_depth': 4, 'n_estimators': 750, 'reg_alpha': 1.0, 'reg_lambda': 1.5, 'subsample': 0.7}",0.9823691049025824,0.9901268607873446,0.9943541992883981,0.9887080836414638,0.9888895621549473,0.004299490206315015,1240
1318,0.9694260358810425,0.11631281059482378,0.03039330244064331,0.005170542238676394,1.0,0.1,0.05,4,750,1.0,1.5,0.85,"{'colsample_bytree': 1.0, 'gamma': 0.1, 'learning_rate': 0.05, 'max_depth': 4, 'n_estimators': 750, 'reg_alpha': 1.0, 'reg_lambda': 1.5, 'subsample': 0.85}",0.9830742144370506,0.989421589208529,0.9936485026692425,0.9887080836414638,0.9887130974890715,0.0037635492564212477,1328
1319,0.5891916751861572,0.060360810220073946,0.01613032817840576,0.002082040819164792,1.0,0.1,0.05,4,750,1.0,1.5,1.0,"{'colsample_bytree': 1.0, 'gamma': 0.1, 'learning_rate': 0.05, 'max_depth': 4, 'n_estimators': 750, 'reg_alpha': 1.0, 'reg_lambda': 1.5, 'subsample': 1.0}",0.9858955154104921,0.9880111344363328,0.9915314001577777,0.9844736150070126,0.9874779162529039,0.0026572952320141293,1810
1320,1.0488362312316895,0.04688282411101936,0.03313261270523071,0.0019485961655410283,1.0,0.1,0.05,4,750,1.0,2.0,0.7,"{'colsample_bytree': 1.0, 'gamma': 0.1, 'learning_rate': 0.05, 'max_depth': 4, 'n_estimators': 750, 'reg_alpha': 1.0, 'reg_lambda': 2.0, 'subsample': 0.7}",0.9823691049025824,0.989421589208529,0.9936485026692425,0.9880024404517326,0.9883604093080216,0.0040346593523783785,1475
1321,1.068463683128357,0.11997473605064267,0.029501140117645264,0.00296200723581328,1.0,0.1,0.05,4,750,1.0,2.0,0.85,"{'colsample_bytree': 1.0, 'gamma': 0.1, 'learning_rate': 0.05, 'max_depth': 4, 'n_estimators': 750, 'reg_alpha': 1.0, 'reg_lambda': 2.0, 'subsample': 0.85}",0.9830742144370506,0.989421589208529,0.9936485026692425,0.9880024404517326,0.9885366866916387,0.00377616661544097,1426
1322,0.5864277482032776,0.06678017895357176,0.01775151491165161,0.0019180331510656994,1.0,0.1,0.05,4,750,1.0,2.0,1.0,"{'colsample_bytree': 1.0, 'gamma': 0.1, 'learning_rate': 0.05, 'max_depth': 4, 'n_estimators': 750, 'reg_alpha': 1.0, 'reg_lambda': 2.0, 'subsample': 1.0}",0.9844850669515415,0.9880111344363328,0.9915314001577777,0.9844736150070126,0.9871253041381662,0.0029240675907501222,1859
1323,1.3226694464683533,0.1252618196075466,0.04150360822677612,0.004388747699548711,1.0,0.1,0.05,4,900,0.1,1.0,0.7,"{'colsample_bytree': 1.0, 'gamma': 0.1, 'learning_rate': 0.05, 'max_depth': 4, 'n_estimators': 900, 'reg_alpha': 0.1, 'reg_lambda': 1.0, 'subsample': 0.7}",0.9858951786975421,0.9915373765867419,0.9964713903718013,0.9894139180456464,0.990829465925433,0.003830255057114975,207
1324,1.2747583389282227,0.17482678101046947,0.03589993715286255,0.0021632405057440034,1.0,0.1,0.05,4,900,0.1,1.0,0.85,"{'colsample_bytree': 1.0, 'gamma': 0.1, 'learning_rate': 0.05, 'max_depth': 4, 'n_estimators': 900, 'reg_alpha': 0.1, 'reg_lambda': 1.0, 'subsample': 0.85}",0.9858951786975421,0.9922425913464957,0.9978828468761907,0.9894139180456464,0.9913586337414687,0.004386855315295595,35
1325,0.70359206199646,0.0703505428329191,0.019885778427124023,0.0012451055628051868,1.0,0.1,0.05,4,900,0.1,1.0,1.0,"{'colsample_bytree': 1.0, 'gamma': 0.1, 'learning_rate': 0.05, 'max_depth': 4, 'n_estimators': 900, 'reg_alpha': 0.1, 'reg_lambda': 1.0, 'subsample': 1.0}",0.987305837603845,0.9887163000923067,0.9936484394026853,0.9894140656711423,0.9897711606924948,0.002363861029546267,823
1326,1.3320380449295044,0.14143714309414088,0.04251760244369507,0.0037984119021141883,1.0,0.1,0.05,4,900,0.1,1.5,0.7,"{'colsample_bytree': 1.0, 'gamma': 0.1, 'learning_rate': 0.05, 'max_depth': 4, 'n_estimators': 900, 'reg_alpha': 0.1, 'reg_lambda': 1.5, 'subsample': 0.7}",0.9858951786975421,0.9915373765867419,0.9964713903718013,0.9894139180456464,0.990829465925433,0.003830255057114975,207
1327,1.3264100551605225,0.15963395525915147,0.03864496946334839,0.0036734689345193877,1.0,0.1,0.05,4,900,0.1,1.5,0.85,"{'colsample_bytree': 1.0, 'gamma': 0.1, 'learning_rate': 0.05, 'max_depth': 4, 'n_estimators': 900, 'reg_alpha': 0.1, 'reg_lambda': 1.5, 'subsample': 0.85}",0.9851900481181693,0.9922425913464957,0.9964713903718013,0.9901197306558291,0.9910059401230739,0.004062339833835062,127
1328,0.673337996006012,0.05524343707787278,0.020760953426361084,0.0013422005876412297,1.0,0.1,0.05,4,900,0.1,1.5,1.0,"{'colsample_bytree': 1.0, 'gamma': 0.1, 'learning_rate': 0.05, 'max_depth': 4, 'n_estimators': 900, 'reg_alpha': 0.1, 'reg_lambda': 1.5, 'subsample': 1.0}",0.9844850669515415,0.989421589208529,0.9936484394026853,0.988708263606662,0.9890658397923544,0.0032495429441468117,1167
1329,1.302025556564331,0.1445498510683522,0.03826797008514404,0.0027116546841741774,1.0,0.1,0.05,4,900,0.1,2.0,0.7,"{'colsample_bytree': 1.0, 'gamma': 0.1, 'learning_rate': 0.05, 'max_depth': 4, 'n_estimators': 900, 'reg_alpha': 0.1, 'reg_lambda': 2.0, 'subsample': 0.7}",0.9844846965672964,0.9922425913464957,0.9964713903718013,0.9894139180456464,0.99065314908281,0.0043578595206284826,292
1330,1.444566786289215,0.10258777699370553,0.041266560554504395,0.003273877855848623,1.0,0.1,0.05,4,900,0.1,2.0,0.85,"{'colsample_bytree': 1.0, 'gamma': 0.1, 'learning_rate': 0.05, 'max_depth': 4, 'n_estimators': 900, 'reg_alpha': 0.1, 'reg_lambda': 2.0, 'subsample': 0.85}",0.9851900481181693,0.9922425913464957,0.9957656832081598,0.9894139180456464,0.9906530601796179,0.0038744514958303825,311
1331,0.723847508430481,0.026368144583383244,0.021883368492126465,0.0008828125450511831,1.0,0.1,0.05,4,900,0.1,2.0,1.0,"{'colsample_bytree': 1.0, 'gamma': 0.1, 'learning_rate': 0.05, 'max_depth': 4, 'n_estimators': 900, 'reg_alpha': 0.1, 'reg_lambda': 2.0, 'subsample': 1.0}",0.9844849126269217,0.989421589208529,0.9950598973131997,0.9872967965574946,0.9890657989265361,0.0038784562284958305,1177
1332,1.1368391513824463,0.05936373367305047,0.03413569927215576,0.0007437970648393208,1.0,0.1,0.05,4,900,0.5,1.0,0.7,"{'colsample_bytree': 1.0, 'gamma': 0.1, 'learning_rate': 0.05, 'max_depth': 4, 'n_estimators': 900, 'reg_alpha': 0.5, 'reg_lambda': 1.0, 'subsample': 0.7}",0.9844846965672964,0.9922425913464957,0.9957656494662985,0.9894139180456464,0.9904767138564343,0.004126892575653961,407
1333,1.251016914844513,0.12892768334033505,0.03438311815261841,0.003227684282407681,1.0,0.1,0.05,4,900,0.5,1.0,0.85,"{'colsample_bytree': 1.0, 'gamma': 0.1, 'learning_rate': 0.05, 'max_depth': 4, 'n_estimators': 900, 'reg_alpha': 0.5, 'reg_lambda': 1.0, 'subsample': 0.85}",0.9858953751153834,0.9915373597517307,0.9971771221387733,0.9894139180456464,0.9910059437628835,0.004093235373314361,126
1334,0.6859605312347412,0.05084807066437633,0.020253360271453857,0.003958319033911008,1.0,0.1,0.05,4,900,0.5,1.0,1.0,"{'colsample_bytree': 1.0, 'gamma': 0.1, 'learning_rate': 0.05, 'max_depth': 4, 'n_estimators': 900, 'reg_alpha': 0.5, 'reg_lambda': 1.0, 'subsample': 1.0}",0.9866007862874648,0.989421589208529,0.9936485026692425,0.9894139180456464,0.9897711990527207,0.002516688160954912,815
1335,1.1796183586120605,0.07795913116861734,0.036132752895355225,0.0017378519892900562,1.0,0.1,0.05,4,900,0.5,1.5,0.7,"{'colsample_bytree': 1.0, 'gamma': 0.1, 'learning_rate': 0.05, 'max_depth': 4, 'n_estimators': 900, 'reg_alpha': 0.5, 'reg_lambda': 1.5, 'subsample': 0.7}",0.9830742144370506,0.9908321169335286,0.995059946520522,0.9894139180456464,0.9895950489841869,0.004299695739292288,880
1336,1.224515676498413,0.11664401351798714,0.03400230407714844,0.00474143960077342,1.0,0.1,0.05,4,900,0.5,1.5,0.85,"{'colsample_bytree': 1.0, 'gamma': 0.1, 'learning_rate': 0.05, 'max_depth': 4, 'n_estimators': 900, 'reg_alpha': 0.5, 'reg_lambda': 1.5, 'subsample': 0.85}",0.9844850669515415,0.9915373597517307,0.9957656494662985,0.9894139180456464,0.9903004985538043,0.004062110591715693,470
1337,0.6578343510627747,0.07666946388730622,0.02000182867050171,0.005051157017057895,1.0,0.1,0.05,4,900,0.5,1.5,1.0,"{'colsample_bytree': 1.0, 'gamma': 0.1, 'learning_rate': 0.05, 'max_depth': 4, 'n_estimators': 900, 'reg_alpha': 0.5, 'reg_lambda': 1.5, 'subsample': 1.0}",0.9837795765103758,0.9880111344363328,0.9929428053469331,0.9865909628578188,0.9878311197878651,0.0033209458994749503,1664
1338,1.3598096370697021,0.1588292876944987,0.043398380279541016,0.005380060352242277,1.0,0.1,0.05,4,900,0.5,2.0,0.7,"{'colsample_bytree': 1.0, 'gamma': 0.1, 'learning_rate': 0.05, 'max_depth': 4, 'n_estimators': 900, 'reg_alpha': 0.5, 'reg_lambda': 2.0, 'subsample': 0.7}",0.9830744501384601,0.9915373597517307,0.9964713903718013,0.9894139180456464,0.9901242795769096,0.004808516393843113,545
1339,1.314058542251587,0.17558481966264303,0.03527176380157471,0.00406807992697881,1.0,0.1,0.05,4,900,0.5,2.0,0.85,"{'colsample_bytree': 1.0, 'gamma': 0.1, 'learning_rate': 0.05, 'max_depth': 4, 'n_estimators': 900, 'reg_alpha': 0.5, 'reg_lambda': 2.0, 'subsample': 0.85}",0.9844849126269217,0.9908321169335286,0.995059946520522,0.9894139180456464,0.9899477235316547,0.003776381431176652,688
1340,0.6372320055961609,0.01514196933768072,0.01813328266143799,0.0008864717701724112,1.0,0.1,0.05,4,900,0.5,2.0,1.0,"{'colsample_bytree': 1.0, 'gamma': 0.1, 'learning_rate': 0.05, 'max_depth': 4, 'n_estimators': 900, 'reg_alpha': 0.5, 'reg_lambda': 2.0, 'subsample': 1.0}",0.9851903427387769,0.9880111344363328,0.9936485026692425,0.9880026077606279,0.988713146901245,0.003072685026774221,1317
1341,1.2084029912948608,0.14411890721713297,0.03676497936248779,0.004485712765695354,1.0,0.1,0.05,4,900,1.0,1.0,0.7,"{'colsample_bytree': 1.0, 'gamma': 0.1, 'learning_rate': 0.05, 'max_depth': 4, 'n_estimators': 900, 'reg_alpha': 1.0, 'reg_lambda': 1.0, 'subsample': 0.7}",0.9837797701197444,0.9908321169335286,0.9943542442775466,0.988708263606662,0.9894185987343704,0.0038294776003395085,1000
1342,1.0484673976898193,0.06231663590102048,0.02850407361984253,0.00165659594337172,1.0,0.1,0.05,4,900,1.0,1.0,0.85,"{'colsample_bytree': 1.0, 'gamma': 0.1, 'learning_rate': 0.05, 'max_depth': 4, 'n_estimators': 900, 'reg_alpha': 1.0, 'reg_lambda': 1.0, 'subsample': 0.85}",0.9837795765103758,0.9901268607873446,0.9943542442775466,0.9887080836414638,0.9892421913041828,0.0037762798187438765,1083
1343,0.6314524412155151,0.07099238932006055,0.01575225591659546,0.000827105259419921,1.0,0.1,0.05,4,900,1.0,1.0,1.0,"{'colsample_bytree': 1.0, 'gamma': 0.1, 'learning_rate': 0.05, 'max_depth': 4, 'n_estimators': 900, 'reg_alpha': 1.0, 'reg_lambda': 1.0, 'subsample': 1.0}",0.9851903427387769,0.9880111344363328,0.9915314001577777,0.9830621254621956,0.9869487506987707,0.0031751846227158873,1877
1344,1.2370058298110962,0.1522951802991239,0.03500819206237793,0.0038073961490810216,1.0,0.1,0.05,4,900,1.0,1.5,0.7,"{'colsample_bytree': 1.0, 'gamma': 0.1, 'learning_rate': 0.05, 'max_depth': 4, 'n_estimators': 900, 'reg_alpha': 1.0, 'reg_lambda': 1.5, 'subsample': 0.7}",0.9823691049025824,0.9908321169335286,0.9943542442775466,0.9894139180456464,0.9892423460398261,0.004356884086453101,1049
1345,1.2154946327209473,0.11827700775251632,0.03113335371017456,0.002298061712564837,1.0,0.1,0.05,4,900,1.0,1.5,0.85,"{'colsample_bytree': 1.0, 'gamma': 0.1, 'learning_rate': 0.05, 'max_depth': 4, 'n_estimators': 900, 'reg_alpha': 1.0, 'reg_lambda': 1.5, 'subsample': 0.85}",0.9830742144370506,0.989421589208529,0.9936485026692425,0.9887080836414638,0.9887130974890715,0.0037635492564212477,1328
1346,0.6254513263702393,0.09017470719607468,0.016881346702575684,0.0007381257177697119,1.0,0.1,0.05,4,900,1.0,1.5,1.0,"{'colsample_bytree': 1.0, 'gamma': 0.1, 'learning_rate': 0.05, 'max_depth': 4, 'n_estimators': 900, 'reg_alpha': 1.0, 'reg_lambda': 1.5, 'subsample': 1.0}",0.9858955154104921,0.9880111344363328,0.9915314001577777,0.9844736150070126,0.9874779162529039,0.0026572952320141293,1810
1347,1.2972842454910278,0.09008188331925229,0.039379775524139404,0.0033886718628644576,1.0,0.1,0.05,4,900,1.0,2.0,0.7,"{'colsample_bytree': 1.0, 'gamma': 0.1, 'learning_rate': 0.05, 'max_depth': 4, 'n_estimators': 900, 'reg_alpha': 1.0, 'reg_lambda': 2.0, 'subsample': 0.7}",0.9823691049025824,0.9901268607873446,0.9943542442775466,0.988708263606662,0.9888896183935338,0.004299502603141007,1228
1348,1.1846249103546143,0.16773592200502846,0.034381330013275146,0.004898040393934374,1.0,0.1,0.05,4,900,1.0,2.0,0.85,"{'colsample_bytree': 1.0, 'gamma': 0.1, 'learning_rate': 0.05, 'max_depth': 4, 'n_estimators': 900, 'reg_alpha': 1.0, 'reg_lambda': 2.0, 'subsample': 0.85}",0.9837795765103758,0.9901268607873446,0.9936485026692425,0.9887080836414638,0.9890657559021067,0.0035425673429295285,1181
1349,0.6054298281669617,0.07786954377420029,0.018382370471954346,0.004167617305895122,1.0,0.1,0.05,4,900,1.0,2.0,1.0,"{'colsample_bytree': 1.0, 'gamma': 0.1, 'learning_rate': 0.05, 'max_depth': 4, 'n_estimators': 900, 'reg_alpha': 1.0, 'reg_lambda': 2.0, 'subsample': 1.0}",0.9844850669515415,0.9880111344363328,0.9915314001577777,0.9844736150070126,0.9871253041381662,0.0029240675907501222,1859
1350,1.1888898611068726,0.03643672910298754,0.038516104221343994,0.001283435461745259,1.0,0.1,0.05,8,750,0.1,1.0,0.7,"{'colsample_bytree': 1.0, 'gamma': 0.1, 'learning_rate': 0.05, 'max_depth': 8, 'n_estimators': 750, 'reg_alpha': 0.1, 'reg_lambda': 1.0, 'subsample': 0.7}",0.9830742144370506,0.9922425913464957,0.9971771221387733,0.9908255235816565,0.990829862875994,0.00506047437050779,148
1351,1.2315347790718079,0.16278496052416436,0.03363525867462158,0.003495201966498676,1.0,0.1,0.05,8,750,0.1,1.0,0.85,"{'colsample_bytree': 1.0, 'gamma': 0.1, 'learning_rate': 0.05, 'max_depth': 8, 'n_estimators': 750, 'reg_alpha': 0.1, 'reg_lambda': 1.0, 'subsample': 0.85}",0.9844849126269217,0.9894216733848407,0.9957656494662985,0.9908255235816565,0.9901244397649294,0.00401910787172371,531
1352,0.7350007891654968,0.02394544655839731,0.019499599933624268,0.0008653786909082887,1.0,0.1,0.05,8,750,0.1,1.0,1.0,"{'colsample_bytree': 1.0, 'gamma': 0.1, 'learning_rate': 0.05, 'max_depth': 8, 'n_estimators': 750, 'reg_alpha': 0.1, 'reg_lambda': 1.0, 'subsample': 1.0}",0.9844846965672964,0.990832153409495,0.9964713903718013,0.9908255235816565,0.9906534409825623,0.004241564962047377,237
1353,1.3624582290649414,0.1519285722781382,0.043132901191711426,0.005179913285252205,1.0,0.1,0.05,8,750,0.1,1.5,0.7,"{'colsample_bytree': 1.0, 'gamma': 0.1, 'learning_rate': 0.05, 'max_depth': 8, 'n_estimators': 750, 'reg_alpha': 0.1, 'reg_lambda': 1.5, 'subsample': 0.7}",0.9844849126269217,0.9922425913464957,0.9964713903718013,0.9915312989325971,0.991182548319454,0.0043033560256475175,51
1354,1.2955398559570312,0.16196999514701205,0.0363922119140625,0.004138193310537454,1.0,0.1,0.05,8,750,0.1,1.5,0.85,"{'colsample_bytree': 1.0, 'gamma': 0.1, 'learning_rate': 0.05, 'max_depth': 8, 'n_estimators': 750, 'reg_alpha': 0.1, 'reg_lambda': 1.5, 'subsample': 0.85}",0.9844849126269217,0.990832153409495,0.9957656494662985,0.9901197306558291,0.9903006115396361,0.004000132748945523,447
1355,0.8704088926315308,0.057877158176481425,0.023511648178100586,0.0036001026827324886,1.0,0.1,0.05,8,750,0.1,1.5,1.0,"{'colsample_bytree': 1.0, 'gamma': 0.1, 'learning_rate': 0.05, 'max_depth': 8, 'n_estimators': 750, 'reg_alpha': 0.1, 'reg_lambda': 1.5, 'subsample': 1.0}",0.9844846965672964,0.990832153409495,0.9957656494662985,0.9908255235816565,0.9904770057561867,0.004003907973408133,357
1356,1.1951313614845276,0.07337135797477486,0.03887832164764404,0.002695099903407269,1.0,0.1,0.05,8,750,0.1,2.0,0.7,"{'colsample_bytree': 1.0, 'gamma': 0.1, 'learning_rate': 0.05, 'max_depth': 8, 'n_estimators': 750, 'reg_alpha': 0.1, 'reg_lambda': 2.0, 'subsample': 0.7}",0.9844849126269217,0.9915373597517307,0.9971771221387733,0.9901197306558291,0.9908297812933138,0.0045152777706584804,168
1357,1.2655279636383057,0.13048168548663217,0.03838163614273071,0.004846892118516014,1.0,0.1,0.05,8,750,0.1,2.0,0.85,"{'colsample_bytree': 1.0, 'gamma': 0.1, 'learning_rate': 0.05, 'max_depth': 8, 'n_estimators': 750, 'reg_alpha': 0.1, 'reg_lambda': 2.0, 'subsample': 0.85}",0.9851902248919406,0.990832153409495,0.9957656494662985,0.9908255235816565,0.9906533878373476,0.0037430921767692854,248
1358,0.7796183824539185,0.024233452567200983,0.02150118350982666,0.0008650787178805292,1.0,0.1,0.05,8,750,0.1,2.0,1.0,"{'colsample_bytree': 1.0, 'gamma': 0.1, 'learning_rate': 0.05, 'max_depth': 8, 'n_estimators': 750, 'reg_alpha': 0.1, 'reg_lambda': 2.0, 'subsample': 1.0}",0.9844846965672964,0.9901269197103526,0.9964713903718013,0.9915312989325971,0.9906535763955119,0.004270532809667974,216
1359,1.330910086631775,0.14999791251567757,0.03814417123794556,0.003158171691844582,1.0,0.1,0.05,8,750,0.5,1.0,0.7,"{'colsample_bytree': 1.0, 'gamma': 0.1, 'learning_rate': 0.05, 'max_depth': 8, 'n_estimators': 750, 'reg_alpha': 0.5, 'reg_lambda': 1.0, 'subsample': 0.7}",0.9837795765103758,0.9915373597517307,0.9964713903718013,0.9901197306558291,0.9904770143224343,0.004528802311745018,354
1360,1.2183775305747986,0.11451508846765929,0.030132055282592773,0.0019372652973761546,1.0,0.1,0.05,8,750,0.5,1.0,0.85,"{'colsample_bytree': 1.0, 'gamma': 0.1, 'learning_rate': 0.05, 'max_depth': 8, 'n_estimators': 750, 'reg_alpha': 0.5, 'reg_lambda': 1.0, 'subsample': 0.85}",0.9844850669515415,0.990832153409495,0.9957656494662985,0.9901198487546965,0.9903006796455078,0.004000075321830018,440
1361,0.6904728412628174,0.021040976500617807,0.01824951171875,0.00043249968123179486,1.0,0.1,0.05,8,750,0.5,1.0,1.0,"{'colsample_bytree': 1.0, 'gamma': 0.1, 'learning_rate': 0.05, 'max_depth': 8, 'n_estimators': 750, 'reg_alpha': 0.5, 'reg_lambda': 1.0, 'subsample': 1.0}",0.9851900481181693,0.9901269197103526,0.9957656832081598,0.9894140656711423,0.990124179176956,0.0037641893463611297,573
1362,1.1879344582557678,0.0509049134282832,0.03701603412628174,0.0018479880010315688,1.0,0.1,0.05,8,750,0.5,1.5,0.7,"{'colsample_bytree': 1.0, 'gamma': 0.1, 'learning_rate': 0.05, 'max_depth': 8, 'n_estimators': 750, 'reg_alpha': 0.5, 'reg_lambda': 1.5, 'subsample': 0.7}",0.9830744501384601,0.9915373597517307,0.9964713903718013,0.9908255235816565,0.9904771809609121,0.004795213544285673,334
1363,1.122882902622223,0.1421999664612434,0.03151881694793701,0.004076290217143278,1.0,0.1,0.05,8,750,0.5,1.5,0.85,"{'colsample_bytree': 1.0, 'gamma': 0.1, 'learning_rate': 0.05, 'max_depth': 8, 'n_estimators': 750, 'reg_alpha': 0.5, 'reg_lambda': 1.5, 'subsample': 0.85}",0.9837798991900891,0.9922425913464957,0.9964713903718013,0.9908255235816565,0.9908298511225107,0.0045695908191767136,153
1364,0.7524014115333557,0.10012467432486262,0.020510733127593994,0.002151770805120825,1.0,0.1,0.05,8,750,0.5,1.5,1.0,"{'colsample_bytree': 1.0, 'gamma': 0.1, 'learning_rate': 0.05, 'max_depth': 8, 'n_estimators': 750, 'reg_alpha': 0.5, 'reg_lambda': 1.5, 'subsample': 1.0}",0.9844846965672964,0.9901269197103526,0.9950598973131997,0.9880026077606279,0.9894185303378692,0.0038299604852329305,1011
1365,1.3183432817459106,0.18220246927979591,0.04225736856460571,0.008841929411107171,1.0,0.1,0.05,8,750,0.5,2.0,0.7,"{'colsample_bytree': 1.0, 'gamma': 0.1, 'learning_rate': 0.05, 'max_depth': 8, 'n_estimators': 750, 'reg_alpha': 0.5, 'reg_lambda': 2.0, 'subsample': 0.7}",0.9830746184925907,0.9908321169335286,0.9957656494662985,0.9908255235816565,0.9901244771185185,0.004541903575434878,528
1366,1.2158012390136719,0.14263466593356963,0.03275871276855469,0.005937399552437789,1.0,0.1,0.05,8,750,0.5,2.0,0.85,"{'colsample_bytree': 1.0, 'gamma': 0.1, 'learning_rate': 0.05, 'max_depth': 8, 'n_estimators': 750, 'reg_alpha': 0.5, 'reg_lambda': 2.0, 'subsample': 0.85}",0.9837798991900891,0.9915373597517307,0.9957656494662985,0.9908255235816565,0.9904771079974437,0.004303103643851029,342
1367,0.7807350158691406,0.004999995767378123,0.019394278526306152,0.001137022909355465,1.0,0.1,0.05,8,750,0.5,2.0,1.0,"{'colsample_bytree': 1.0, 'gamma': 0.1, 'learning_rate': 0.05, 'max_depth': 8, 'n_estimators': 750, 'reg_alpha': 0.5, 'reg_lambda': 2.0, 'subsample': 1.0}",0.9873059638694429,0.990832153409495,0.9957656494662985,0.9880026077606279,0.9904765936264661,0.003326936787672008,422
1368,1.3037896752357483,0.09703946490670774,0.03476351499557495,0.00480114042904979,1.0,0.1,0.05,8,750,1.0,1.0,0.7,"{'colsample_bytree': 1.0, 'gamma': 0.1, 'learning_rate': 0.05, 'max_depth': 8, 'n_estimators': 750, 'reg_alpha': 1.0, 'reg_lambda': 1.0, 'subsample': 0.7}",0.9830744501384601,0.9908321169335286,0.995059946520522,0.9908255235816565,0.9899480092935418,0.00432808835734445,640
1369,1.0645931363105774,0.15186586298784133,0.028760552406311035,0.0019599683782987225,1.0,0.1,0.05,8,750,1.0,1.0,0.85,"{'colsample_bytree': 1.0, 'gamma': 0.1, 'learning_rate': 0.05, 'max_depth': 8, 'n_estimators': 750, 'reg_alpha': 1.0, 'reg_lambda': 1.0, 'subsample': 0.85}",0.9830746184925907,0.9922425913464957,0.995059946520522,0.9894139180456464,0.9899477686013137,0.004442008648749765,679
1370,0.7064757943153381,0.06142700002217606,0.020379245281219482,0.003491943039418148,1.0,0.1,0.05,8,750,1.0,1.0,1.0,"{'colsample_bytree': 1.0, 'gamma': 0.1, 'learning_rate': 0.05, 'max_depth': 8, 'n_estimators': 750, 'reg_alpha': 1.0, 'reg_lambda': 1.0, 'subsample': 1.0}",0.985895599586218,0.9901269197103526,0.9957656832081598,0.9880026077606279,0.9899477025663396,0.003677089538548813,694
1371,1.1272206902503967,0.073801452282085,0.03375899791717529,0.0017886041712592941,1.0,0.1,0.05,8,750,1.0,1.5,0.7,"{'colsample_bytree': 1.0, 'gamma': 0.1, 'learning_rate': 0.05, 'max_depth': 8, 'n_estimators': 750, 'reg_alpha': 1.0, 'reg_lambda': 1.5, 'subsample': 0.7}",0.9823693153475482,0.9908321169335286,0.995059946520522,0.9894139180456464,0.9894188242118113,0.004569334101290975,942
1372,1.2152486443519592,0.15381284862777034,0.034643590450286865,0.0041235586815751585,1.0,0.1,0.05,8,750,1.0,1.5,0.85,"{'colsample_bytree': 1.0, 'gamma': 0.1, 'learning_rate': 0.05, 'max_depth': 8, 'n_estimators': 750, 'reg_alpha': 1.0, 'reg_lambda': 1.5, 'subsample': 0.85}",0.9837797701197444,0.9922425913464957,0.995059946520522,0.9894139180456464,0.9901240565081021,0.004171494531027038,604
1373,0.665695309638977,0.06210987537880978,0.017753779888153076,0.0016414382201818886,1.0,0.1,0.05,8,750,1.0,1.5,1.0,"{'colsample_bytree': 1.0, 'gamma': 0.1, 'learning_rate': 0.05, 'max_depth': 8, 'n_estimators': 750, 'reg_alpha': 1.0, 'reg_lambda': 1.5, 'subsample': 1.0}",0.9844851595448396,0.9901269197103526,0.995059946520522,0.988708263606662,0.989595072345594,0.0037764186055691457,872
1374,1.2559010982513428,0.10488667961016337,0.03749889135360718,0.006102889211775922,1.0,0.1,0.05,8,750,1.0,2.0,0.7,"{'colsample_bytree': 1.0, 'gamma': 0.1, 'learning_rate': 0.05, 'max_depth': 8, 'n_estimators': 750, 'reg_alpha': 1.0, 'reg_lambda': 2.0, 'subsample': 0.7}",0.9837797701197444,0.9908321169335286,0.995059946520522,0.9901197306558291,0.989947891057406,0.004030825325140766,659
1375,1.1672329306602478,0.13487730940217466,0.03051304817199707,0.0006053404293302657,1.0,0.1,0.05,8,750,1.0,2.0,0.85,"{'colsample_bytree': 1.0, 'gamma': 0.1, 'learning_rate': 0.05, 'max_depth': 8, 'n_estimators': 750, 'reg_alpha': 1.0, 'reg_lambda': 2.0, 'subsample': 0.85}",0.9851902248919406,0.9915373597517307,0.9943542442775466,0.9901197306558291,0.9903003898942617,0.0033207775407479195,496
1376,0.6752145290374756,0.03441083023491846,0.01800239086151123,0.0007069845487079052,1.0,0.1,0.05,8,750,1.0,2.0,1.0,"{'colsample_bytree': 1.0, 'gamma': 0.1, 'learning_rate': 0.05, 'max_depth': 8, 'n_estimators': 750, 'reg_alpha': 1.0, 'reg_lambda': 2.0, 'subsample': 1.0}",0.9851904016614919,0.9894216733848407,0.9943541992883981,0.988708398576796,0.9894186682278816,0.0032688758394130613,986
1377,1.4898273944854736,0.17633617731716725,0.046264827251434326,0.007086850413095125,1.0,0.1,0.05,8,900,0.1,1.0,0.7,"{'colsample_bytree': 1.0, 'gamma': 0.1, 'learning_rate': 0.05, 'max_depth': 8, 'n_estimators': 900, 'reg_alpha': 0.1, 'reg_lambda': 1.0, 'subsample': 0.7}",0.9823688243014796,0.9922425913464957,0.9971771221387733,0.9908255235816565,0.9906535153421012,0.0053326424185941535,224
1378,1.4209277033805847,0.1955461464024074,0.04002177715301514,0.008297389461746168,1.0,0.1,0.05,8,900,0.1,1.0,0.85,"{'colsample_bytree': 1.0, 'gamma': 0.1, 'learning_rate': 0.05, 'max_depth': 8, 'n_estimators': 900, 'reg_alpha': 0.1, 'reg_lambda': 1.0, 'subsample': 0.85}",0.9837795765103758,0.9894216733848407,0.9957656494662985,0.9908255235816565,0.9899481057357928,0.0042702915871617834,635
1379,0.8071258664131165,0.028702914492636455,0.021135449409484863,0.0007431507971105443,1.0,0.1,0.05,8,900,0.1,1.0,1.0,"{'colsample_bytree': 1.0, 'gamma': 0.1, 'learning_rate': 0.05, 'max_depth': 8, 'n_estimators': 900, 'reg_alpha': 0.1, 'reg_lambda': 1.0, 'subsample': 1.0}",0.9844846965672964,0.990832153409495,0.9964713903718013,0.9908255235816565,0.9906534409825623,0.004241564962047377,237
1380,1.3880594372749329,0.045950651303159534,0.04438483715057373,0.0016985648599647078,1.0,0.1,0.05,8,900,0.1,1.5,0.7,"{'colsample_bytree': 1.0, 'gamma': 0.1, 'learning_rate': 0.05, 'max_depth': 8, 'n_estimators': 900, 'reg_alpha': 0.1, 'reg_lambda': 1.5, 'subsample': 0.7}",0.9837795765103758,0.9922425913464957,0.9964713903718013,0.9915312989325971,0.9910062142903174,0.00457975941810006,93
1381,1.3741777539253235,0.1858121529521728,0.04050254821777344,0.007403251120020766,1.0,0.1,0.05,8,900,0.1,1.5,0.85,"{'colsample_bytree': 1.0, 'gamma': 0.1, 'learning_rate': 0.05, 'max_depth': 8, 'n_estimators': 900, 'reg_alpha': 0.1, 'reg_lambda': 1.5, 'subsample': 0.85}",0.9844849126269217,0.990832153409495,0.9971771221387733,0.9901197306558291,0.9906534797077549,0.00449794238348624,230
1382,0.8286336064338684,0.020454096907650057,0.0222511887550354,0.0004381103212585754,1.0,0.1,0.05,8,900,0.1,1.5,1.0,"{'colsample_bytree': 1.0, 'gamma': 0.1, 'learning_rate': 0.05, 'max_depth': 8, 'n_estimators': 900, 'reg_alpha': 0.1, 'reg_lambda': 1.5, 'subsample': 1.0}",0.9844846965672964,0.990832153409495,0.9957656494662985,0.9908255235816565,0.9904770057561867,0.004003907973408133,357
1383,1.5372294783592224,0.20045051509165385,0.04638463258743286,0.004326661099869036,1.0,0.1,0.05,8,900,0.1,2.0,0.7,"{'colsample_bytree': 1.0, 'gamma': 0.1, 'learning_rate': 0.05, 'max_depth': 8, 'n_estimators': 900, 'reg_alpha': 0.1, 'reg_lambda': 2.0, 'subsample': 0.7}",0.9837795765103758,0.9915373597517307,0.9964713903718013,0.9901197306558291,0.9904770143224343,0.004528802311745018,354
1384,1.4719492197036743,0.19097496670288258,0.03950858116149902,0.004255390480748119,1.0,0.1,0.05,8,900,0.1,2.0,0.85,"{'colsample_bytree': 1.0, 'gamma': 0.1, 'learning_rate': 0.05, 'max_depth': 8, 'n_estimators': 900, 'reg_alpha': 0.1, 'reg_lambda': 2.0, 'subsample': 0.85}",0.9851902248919406,0.990832153409495,0.9957656494662985,0.9908255235816565,0.9906533878373476,0.0037430921767692854,248
1385,0.8864018321037292,0.09017118105228161,0.024003684520721436,0.0018690379407326509,1.0,0.1,0.05,8,900,0.1,2.0,1.0,"{'colsample_bytree': 1.0, 'gamma': 0.1, 'learning_rate': 0.05, 'max_depth': 8, 'n_estimators': 900, 'reg_alpha': 0.1, 'reg_lambda': 2.0, 'subsample': 1.0}",0.9844846965672964,0.9901269197103526,0.9964713903718013,0.9915312989325971,0.9906535763955119,0.004270532809667974,216
1386,1.3314138650894165,0.04259866859509678,0.03751248121261597,0.0011759205349655623,1.0,0.1,0.05,8,900,0.5,1.0,0.7,"{'colsample_bytree': 1.0, 'gamma': 0.1, 'learning_rate': 0.05, 'max_depth': 8, 'n_estimators': 900, 'reg_alpha': 0.5, 'reg_lambda': 1.0, 'subsample': 0.7}",0.9844846965672964,0.9915373597517307,0.9964713903718013,0.9901197306558291,0.9906532943366644,0.004271068419434136,265
1387,1.2565220594406128,0.20124967947894185,0.032137274742126465,0.004919153919163725,1.0,0.1,0.05,8,900,0.5,1.0,0.85,"{'colsample_bytree': 1.0, 'gamma': 0.1, 'learning_rate': 0.05, 'max_depth': 8, 'n_estimators': 900, 'reg_alpha': 0.5, 'reg_lambda': 1.0, 'subsample': 0.85}",0.9844850669515415,0.9915373765867419,0.9957656494662985,0.9908255235816565,0.9906534041465596,0.004030957340867569,246
1388,0.764998197555542,0.025755644587821053,0.01999819278717041,0.0012258728982754855,1.0,0.1,0.05,8,900,0.5,1.0,1.0,"{'colsample_bytree': 1.0, 'gamma': 0.1, 'learning_rate': 0.05, 'max_depth': 8, 'n_estimators': 900, 'reg_alpha': 0.5, 'reg_lambda': 1.0, 'subsample': 1.0}",0.9851900481181693,0.9901269197103526,0.9957656832081598,0.9894140656711423,0.990124179176956,0.0037641893463611297,573
1389,1.4317034482955933,0.19503177140747804,0.03988415002822876,0.004247726944465494,1.0,0.1,0.05,8,900,0.5,1.5,0.7,"{'colsample_bytree': 1.0, 'gamma': 0.1, 'learning_rate': 0.05, 'max_depth': 8, 'n_estimators': 900, 'reg_alpha': 0.5, 'reg_lambda': 1.5, 'subsample': 0.7}",0.9830744501384601,0.9922425913464957,0.9964713903718013,0.9908255235816565,0.9906534888596035,0.004843672382646874,226
1390,1.3479214906692505,0.1564175416537125,0.037127792835235596,0.007177205653075795,1.0,0.1,0.05,8,900,0.5,1.5,0.85,"{'colsample_bytree': 1.0, 'gamma': 0.1, 'learning_rate': 0.05, 'max_depth': 8, 'n_estimators': 900, 'reg_alpha': 0.5, 'reg_lambda': 1.5, 'subsample': 0.85}",0.9837798991900891,0.9922425913464957,0.9964713903718013,0.9908255235816565,0.9908298511225107,0.0045695908191767136,153
1391,0.8592712879180908,0.06314783771619349,0.019750118255615234,0.0004327749394207467,1.0,0.1,0.05,8,900,0.5,1.5,1.0,"{'colsample_bytree': 1.0, 'gamma': 0.1, 'learning_rate': 0.05, 'max_depth': 8, 'n_estimators': 900, 'reg_alpha': 0.5, 'reg_lambda': 1.5, 'subsample': 1.0}",0.9844846965672964,0.9901269197103526,0.9950598973131997,0.9880026077606279,0.9894185303378692,0.0038299604852329305,1011
1392,1.3685473799705505,0.06578947656561496,0.04176574945449829,0.002760614754645233,1.0,0.1,0.05,8,900,0.5,2.0,0.7,"{'colsample_bytree': 1.0, 'gamma': 0.1, 'learning_rate': 0.05, 'max_depth': 8, 'n_estimators': 900, 'reg_alpha': 0.5, 'reg_lambda': 2.0, 'subsample': 0.7}",0.9837797701197444,0.9922425913464957,0.9964713903718013,0.9908255235816565,0.9908298188549245,0.004569640601589022,158
1393,1.3745369911193848,0.17754061713987843,0.03588557243347168,0.0035419103857674936,1.0,0.1,0.05,8,900,0.5,2.0,0.85,"{'colsample_bytree': 1.0, 'gamma': 0.1, 'learning_rate': 0.05, 'max_depth': 8, 'n_estimators': 900, 'reg_alpha': 0.5, 'reg_lambda': 2.0, 'subsample': 0.85}",0.9837798991900891,0.9915373597517307,0.9957656494662985,0.9908255235816565,0.9904771079974437,0.004303103643851029,342
1394,0.7939894795417786,0.03244903055600298,0.020628392696380615,0.0009549180261987296,1.0,0.1,0.05,8,900,0.5,2.0,1.0,"{'colsample_bytree': 1.0, 'gamma': 0.1, 'learning_rate': 0.05, 'max_depth': 8, 'n_estimators': 900, 'reg_alpha': 0.5, 'reg_lambda': 2.0, 'subsample': 1.0}",0.9873059638694429,0.990832153409495,0.9957656494662985,0.9880026077606279,0.9904765936264661,0.003326936787672008,422
1395,1.3881787061691284,0.1816485732572505,0.035002827644348145,0.0012252477906003118,1.0,0.1,0.05,8,900,1.0,1.0,0.7,"{'colsample_bytree': 1.0, 'gamma': 0.1, 'learning_rate': 0.05, 'max_depth': 8, 'n_estimators': 900, 'reg_alpha': 1.0, 'reg_lambda': 1.0, 'subsample': 0.7}",0.9837797701197444,0.9908321169335286,0.9957656494662985,0.9908255235816565,0.9903007650253071,0.004270422780726685,433
1396,1.327034831047058,0.15434181657861293,0.03664100170135498,0.006585108069588824,1.0,0.1,0.05,8,900,1.0,1.0,0.85,"{'colsample_bytree': 1.0, 'gamma': 0.1, 'learning_rate': 0.05, 'max_depth': 8, 'n_estimators': 900, 'reg_alpha': 1.0, 'reg_lambda': 1.0, 'subsample': 0.85}",0.9830746184925907,0.9922425913464957,0.995059946520522,0.9894139180456464,0.9899477686013137,0.004442008648749765,679
1397,0.7213461399078369,0.04549380128706689,0.018381774425506592,0.0010748910187657434,1.0,0.1,0.05,8,900,1.0,1.0,1.0,"{'colsample_bytree': 1.0, 'gamma': 0.1, 'learning_rate': 0.05, 'max_depth': 8, 'n_estimators': 900, 'reg_alpha': 1.0, 'reg_lambda': 1.0, 'subsample': 1.0}",0.985895599586218,0.9901269197103526,0.9957656832081598,0.9880026077606279,0.9899477025663396,0.003677089538548813,694
1398,1.29102623462677,0.05295722094765725,0.03751116991043091,0.0015461514833739747,1.0,0.1,0.05,8,900,1.0,1.5,0.7,"{'colsample_bytree': 1.0, 'gamma': 0.1, 'learning_rate': 0.05, 'max_depth': 8, 'n_estimators': 900, 'reg_alpha': 1.0, 'reg_lambda': 1.5, 'subsample': 0.7}",0.9830744501384601,0.9915373597517307,0.995059946520522,0.9908255235816565,0.9901243199980923,0.0043746268988803004,539
1399,1.278027355670929,0.15922222576314785,0.031513512134552,0.0015533036791669935,1.0,0.1,0.05,8,900,1.0,1.5,0.85,"{'colsample_bytree': 1.0, 'gamma': 0.1, 'learning_rate': 0.05, 'max_depth': 8, 'n_estimators': 900, 'reg_alpha': 1.0, 'reg_lambda': 1.5, 'subsample': 0.85}",0.9844850669515415,0.9922425913464957,0.9943542442775466,0.9894139180456464,0.9901239551553076,0.0036974713737909625,620
1400,0.741237223148346,0.03004555365274656,0.01912999153137207,0.0007419750897018276,1.0,0.1,0.05,8,900,1.0,1.5,1.0,"{'colsample_bytree': 1.0, 'gamma': 0.1, 'learning_rate': 0.05, 'max_depth': 8, 'n_estimators': 900, 'reg_alpha': 1.0, 'reg_lambda': 1.5, 'subsample': 1.0}",0.9844851595448396,0.9901269197103526,0.995059946520522,0.988708263606662,0.989595072345594,0.0037764186055691457,872
1401,1.4080654978752136,0.20089972660678773,0.04314720630645752,0.010353819218967357,1.0,0.1,0.05,8,900,1.0,2.0,0.7,"{'colsample_bytree': 1.0, 'gamma': 0.1, 'learning_rate': 0.05, 'max_depth': 8, 'n_estimators': 900, 'reg_alpha': 1.0, 'reg_lambda': 2.0, 'subsample': 0.7}",0.9844850669515415,0.9922425913464957,0.995059946520522,0.9901197306558291,0.9904768338685971,0.003877873597214082,397
1402,1.3759252429008484,0.1615999784014557,0.03375321626663208,0.0038298012344858837,1.0,0.1,0.05,8,900,1.0,2.0,0.85,"{'colsample_bytree': 1.0, 'gamma': 0.1, 'learning_rate': 0.05, 'max_depth': 8, 'n_estimators': 900, 'reg_alpha': 1.0, 'reg_lambda': 2.0, 'subsample': 0.85}",0.9844850669515415,0.9915373597517307,0.9943542442775466,0.9901197306558291,0.990124100409162,0.0035947926417074978,595
1403,0.7742311358451843,0.04224072303750138,0.01888507604598999,0.0005462832874482285,1.0,0.1,0.05,8,900,1.0,2.0,1.0,"{'colsample_bytree': 1.0, 'gamma': 0.1, 'learning_rate': 0.05, 'max_depth': 8, 'n_estimators': 900, 'reg_alpha': 1.0, 'reg_lambda': 2.0, 'subsample': 1.0}",0.9851904016614919,0.9894216733848407,0.9943541992883981,0.988708398576796,0.9894186682278816,0.0032688758394130613,986
1404,0.984309196472168,0.09612742343936628,0.030002951622009277,0.001225444622014148,1.0,0.1,0.1,4,750,0.1,1.0,0.7,"{'colsample_bytree': 1.0, 'gamma': 0.1, 'learning_rate': 0.1, 'max_depth': 4, 'n_estimators': 750, 'reg_alpha': 0.1, 'reg_lambda': 1.0, 'subsample': 0.7}",0.9837793183573613,0.9922425913464957,0.9950599760444447,0.9901197306558291,0.9903004041010327,0.004152794798417993,490
1405,0.8811640739440918,0.11235639746437401,0.024006783962249756,0.0015816023238644852,1.0,0.1,0.1,4,750,0.1,1.0,0.85,"{'colsample_bytree': 1.0, 'gamma': 0.1, 'learning_rate': 0.1, 'max_depth': 4, 'n_estimators': 750, 'reg_alpha': 0.1, 'reg_lambda': 1.0, 'subsample': 0.85}",0.9858951786975421,0.9915373765867419,0.997177133385926,0.9901197306558291,0.9911823548315097,0.004035678752499847,69
1406,0.4571477174758911,0.056708159732728074,0.014001071453094482,0.0012240739608110579,1.0,0.1,0.1,4,750,0.1,1.0,1.0,"{'colsample_bytree': 1.0, 'gamma': 0.1, 'learning_rate': 0.1, 'max_depth': 4, 'n_estimators': 750, 'reg_alpha': 0.1, 'reg_lambda': 1.0, 'subsample': 1.0}",0.9851900481181693,0.989421589208529,0.994354131803331,0.9894141711154042,0.9895949850613583,0.003244830773319696,887
1407,0.9428255558013916,0.037658023923558576,0.030515551567077637,0.0010458998677483177,1.0,0.1,0.1,4,750,0.1,1.5,0.7,"{'colsample_bytree': 1.0, 'gamma': 0.1, 'learning_rate': 0.1, 'max_depth': 4, 'n_estimators': 750, 'reg_alpha': 0.1, 'reg_lambda': 1.5, 'subsample': 0.7}",0.9844846965672964,0.9922425913464957,0.9964714114603177,0.9901197306558291,0.9908296075074847,0.004318225768615673,195
1408,0.8166666030883789,0.03980824838626684,0.02500319480895996,0.0009967258721904286,1.0,0.1,0.1,4,750,0.1,1.5,0.85,"{'colsample_bytree': 1.0, 'gamma': 0.1, 'learning_rate': 0.1, 'max_depth': 4, 'n_estimators': 750, 'reg_alpha': 0.1, 'reg_lambda': 1.5, 'subsample': 0.85}",0.9858951786975421,0.9915373765867419,0.997177133385926,0.9901197306558291,0.9911823548315097,0.004035678752499847,69
1409,0.5505846738815308,0.054263943668396174,0.017502129077911377,0.0029590848805678195,1.0,0.1,0.1,4,750,0.1,1.5,1.0,"{'colsample_bytree': 1.0, 'gamma': 0.1, 'learning_rate': 0.1, 'max_depth': 4, 'n_estimators': 750, 'reg_alpha': 0.1, 'reg_lambda': 1.5, 'subsample': 1.0}",0.9844846965672964,0.989421589208529,0.9936484394026853,0.9872967965574946,0.9887128804340013,0.0033445793015122057,1363
1410,1.1242273449897766,0.07126328106533895,0.0323907732963562,0.0009664851428826143,1.0,0.1,0.1,4,750,0.1,2.0,0.7,"{'colsample_bytree': 1.0, 'gamma': 0.1, 'learning_rate': 0.1, 'max_depth': 4, 'n_estimators': 750, 'reg_alpha': 0.1, 'reg_lambda': 2.0, 'subsample': 0.7}",0.9844846965672964,0.9922425913464957,0.9964714114603177,0.9894139180456464,0.9906531543549391,0.004357866559528188,290
1411,0.8901603817939758,0.04471589667669724,0.025629818439483643,0.0011965616672738259,1.0,0.1,0.1,4,750,0.1,2.0,0.85,"{'colsample_bytree': 1.0, 'gamma': 0.1, 'learning_rate': 0.1, 'max_depth': 4, 'n_estimators': 750, 'reg_alpha': 0.1, 'reg_lambda': 2.0, 'subsample': 0.85}",0.9858951786975421,0.9922425913464957,0.9964714114603177,0.9894139180456464,0.9910057748875005,0.003874761273973338,137
1412,0.542048454284668,0.056780471643936244,0.015001237392425537,2.121623960799895e-06,1.0,0.1,0.1,4,750,0.1,2.0,1.0,"{'colsample_bytree': 1.0, 'gamma': 0.1, 'learning_rate': 0.1, 'max_depth': 4, 'n_estimators': 750, 'reg_alpha': 0.1, 'reg_lambda': 2.0, 'subsample': 1.0}",0.9866005197259626,0.9887163000923067,0.994354131803331,0.9880024404517326,0.9894183480183333,0.0029495670608212193,1023
1413,0.9545348882675171,0.10718035937212374,0.028135180473327637,0.003649014748564634,1.0,0.1,0.1,4,750,0.5,1.0,0.7,"{'colsample_bytree': 1.0, 'gamma': 0.1, 'learning_rate': 0.1, 'max_depth': 4, 'n_estimators': 750, 'reg_alpha': 0.5, 'reg_lambda': 1.0, 'subsample': 0.7}",0.9844846965672964,0.9908321169335286,0.9971771221387733,0.988708263606662,0.9903005498115651,0.004580647740595029,459
1414,0.7757313847541809,0.031007728057022555,0.02200019359588623,0.0015806850486936022,1.0,0.1,0.1,4,750,0.5,1.0,0.85,"{'colsample_bytree': 1.0, 'gamma': 0.1, 'learning_rate': 0.1, 'max_depth': 4, 'n_estimators': 750, 'reg_alpha': 0.5, 'reg_lambda': 1.0, 'subsample': 0.85}",0.9858951786975421,0.9922425913464957,0.9978828468761907,0.9894139180456464,0.9913586337414687,0.004386855315295595,35
1415,0.47664475440979004,0.04769632593606603,0.012999296188354492,8.920806376395086e-07,1.0,0.1,0.1,4,750,0.5,1.0,1.0,"{'colsample_bytree': 1.0, 'gamma': 0.1, 'learning_rate': 0.1, 'max_depth': 4, 'n_estimators': 750, 'reg_alpha': 0.5, 'reg_lambda': 1.0, 'subsample': 1.0}",0.9851902248919406,0.9887163000923067,0.9929428053469331,0.988708488555093,0.9888894547215683,0.002746665428460304,1256
1416,1.0040463209152222,0.1146661118312332,0.033145368099212646,0.008204670573479865,1.0,0.1,0.1,4,750,0.5,1.5,0.7,"{'colsample_bytree': 1.0, 'gamma': 0.1, 'learning_rate': 0.1, 'max_depth': 4, 'n_estimators': 750, 'reg_alpha': 0.5, 'reg_lambda': 1.5, 'subsample': 0.7}",0.9844846965672964,0.9922425913464957,0.9971771221387733,0.9908255235816565,0.9911824834085554,0.004528997991688506,59
1417,0.8253756165504456,0.04439483332853893,0.023135125637054443,0.0011382855974421467,1.0,0.1,0.1,4,750,0.5,1.5,0.85,"{'colsample_bytree': 1.0, 'gamma': 0.1, 'learning_rate': 0.1, 'max_depth': 4, 'n_estimators': 750, 'reg_alpha': 0.5, 'reg_lambda': 1.5, 'subsample': 0.85}",0.9858951786975421,0.9922425913464957,0.9957656832081598,0.988708263606662,0.9906529292147148,0.003710970001276868,326
1418,0.482286274433136,0.04408543579516105,0.014503121376037598,0.001498588333337219,1.0,0.1,0.1,4,750,0.5,1.5,1.0,"{'colsample_bytree': 1.0, 'gamma': 0.1, 'learning_rate': 0.1, 'max_depth': 4, 'n_estimators': 750, 'reg_alpha': 0.5, 'reg_lambda': 1.5, 'subsample': 1.0}",0.9851902248919406,0.9887164123283938,0.9929428053469331,0.9865907224314905,0.9883600412496896,0.0029286068334195845,1520
1419,0.9636646509170532,0.10814265988641138,0.030881762504577637,0.0015201142923543705,1.0,0.1,0.1,4,750,0.5,2.0,0.7,"{'colsample_bytree': 1.0, 'gamma': 0.1, 'learning_rate': 0.1, 'max_depth': 4, 'n_estimators': 750, 'reg_alpha': 0.5, 'reg_lambda': 2.0, 'subsample': 0.7}",0.9844846965672964,0.9915373597517307,0.9971771221387733,0.9894139180456464,0.9906532741258618,0.0045532832351787835,267
1420,0.9087701439857483,0.10325026970957564,0.02575916051864624,0.002350220787091198,1.0,0.1,0.1,4,750,0.5,2.0,0.85,"{'colsample_bytree': 1.0, 'gamma': 0.1, 'learning_rate': 0.1, 'max_depth': 4, 'n_estimators': 750, 'reg_alpha': 0.5, 'reg_lambda': 2.0, 'subsample': 0.85}",0.9837797701197444,0.9922425913464957,0.9964713903718013,0.9894139180456464,0.9904769174709219,0.00461066860704014,383
1421,0.4988899230957031,0.044345706023263556,0.014750063419342041,0.0008285063183546325,1.0,0.1,0.1,4,750,0.5,2.0,1.0,"{'colsample_bytree': 1.0, 'gamma': 0.1, 'learning_rate': 0.1, 'max_depth': 4, 'n_estimators': 750, 'reg_alpha': 0.5, 'reg_lambda': 2.0, 'subsample': 1.0}",0.9837795765103758,0.9908321169335286,0.9922370588179632,0.9851792195295421,0.9880069929478524,0.0035966003058815225,1636
1422,0.8379954695701599,0.05071084420770434,0.02551257610321045,0.0012777706099607238,1.0,0.1,0.1,4,750,1.0,1.0,0.7,"{'colsample_bytree': 1.0, 'gamma': 0.1, 'learning_rate': 0.1, 'max_depth': 4, 'n_estimators': 750, 'reg_alpha': 1.0, 'reg_lambda': 1.0, 'subsample': 0.7}",0.9830742144370506,0.9908321169335286,0.9943542667718518,0.9894139180456464,0.9894186290470194,0.004080750136090691,994
1423,0.8902724385261536,0.08845487192725282,0.02575397491455078,0.0035665548013802863,1.0,0.1,0.1,4,750,1.0,1.0,0.85,"{'colsample_bytree': 1.0, 'gamma': 0.1, 'learning_rate': 0.1, 'max_depth': 4, 'n_estimators': 750, 'reg_alpha': 1.0, 'reg_lambda': 1.0, 'subsample': 0.85}",0.9830742144370506,0.9908321169335286,0.9964713903718013,0.9894139180456464,0.9899479099470068,0.004766299826962271,656
1424,0.4315115213394165,0.018695636084920222,0.01263439655303955,0.0004163646698271093,1.0,0.1,0.1,4,750,1.0,1.0,1.0,"{'colsample_bytree': 1.0, 'gamma': 0.1, 'learning_rate': 0.1, 'max_depth': 4, 'n_estimators': 750, 'reg_alpha': 1.0, 'reg_lambda': 1.0, 'subsample': 1.0}",0.9837797701197444,0.9894216733848407,0.9915314001577777,0.9858853295083274,0.9876545432926725,0.0030123393098852604,1739
1425,1.0113105177879333,0.09406594870313817,0.031130731105804443,0.0038564373071082454,1.0,0.1,0.1,4,750,1.0,1.5,0.7,"{'colsample_bytree': 1.0, 'gamma': 0.1, 'learning_rate': 0.1, 'max_depth': 4, 'n_estimators': 750, 'reg_alpha': 1.0, 'reg_lambda': 1.5, 'subsample': 0.7}",0.9830744501384601,0.9908321169335286,0.995059946520522,0.9894139180456464,0.9895951079095393,0.004299606374536849,864
1426,0.9249060750007629,0.08569376732190226,0.02375131845474243,0.004323001095055816,1.0,0.1,0.1,4,750,1.0,1.5,0.85,"{'colsample_bytree': 1.0, 'gamma': 0.1, 'learning_rate': 0.1, 'max_depth': 4, 'n_estimators': 750, 'reg_alpha': 1.0, 'reg_lambda': 1.5, 'subsample': 0.85}",0.9823691049025824,0.9908321169335286,0.9957656494662985,0.9894139180456464,0.9895951973370141,0.00479201741494283,852
1427,0.4496392607688904,0.04631757539519467,0.012752354145050049,0.0004346388148428659,1.0,0.1,0.1,4,750,1.0,1.5,1.0,"{'colsample_bytree': 1.0, 'gamma': 0.1, 'learning_rate': 0.1, 'max_depth': 4, 'n_estimators': 750, 'reg_alpha': 1.0, 'reg_lambda': 1.5, 'subsample': 1.0}",0.9844850669515415,0.9887164123283938,0.9915314001577777,0.9851792195295421,0.9874780247418138,0.0028375058509039017,1808
1428,0.8717679381370544,0.046708183081664585,0.026392459869384766,0.0014223751405573594,1.0,0.1,0.1,4,750,1.0,2.0,0.7,"{'colsample_bytree': 1.0, 'gamma': 0.1, 'learning_rate': 0.1, 'max_depth': 4, 'n_estimators': 750, 'reg_alpha': 1.0, 'reg_lambda': 2.0, 'subsample': 0.7}",0.9823691049025824,0.9901268607873446,0.995059946520522,0.9894139180456464,0.9892424575640238,0.004524868018122179,1040
1429,0.8743864893913269,0.09806855451339329,0.025384962558746338,0.0030362683853958467,1.0,0.1,0.1,4,750,1.0,2.0,0.85,"{'colsample_bytree': 1.0, 'gamma': 0.1, 'learning_rate': 0.1, 'max_depth': 4, 'n_estimators': 750, 'reg_alpha': 1.0, 'reg_lambda': 2.0, 'subsample': 0.85}",0.9823691049025824,0.9901268607873446,0.995059946520522,0.9894139180456464,0.9892424575640238,0.004524868018122179,1040
1430,0.4496355652809143,0.04154587967877629,0.013008058071136475,0.0007084210476886178,1.0,0.1,0.1,4,750,1.0,2.0,1.0,"{'colsample_bytree': 1.0, 'gamma': 0.1, 'learning_rate': 0.1, 'max_depth': 4, 'n_estimators': 750, 'reg_alpha': 1.0, 'reg_lambda': 2.0, 'subsample': 1.0}",0.9844849126269217,0.9887164123283938,0.9915314001577777,0.9858853295083274,0.9876545136553552,0.0027080556202748224,1743
1431,1.1538446545600891,0.09707527785699246,0.03427767753601074,0.00420704092057681,1.0,0.1,0.1,4,900,0.1,1.0,0.7,"{'colsample_bytree': 1.0, 'gamma': 0.1, 'learning_rate': 0.1, 'max_depth': 4, 'n_estimators': 900, 'reg_alpha': 0.1, 'reg_lambda': 1.0, 'subsample': 0.7}",0.9823684735375408,0.9922425913464957,0.9950599760444447,0.9901197306558291,0.9899476928960775,0.004713707695710728,701
1432,1.0650795102119446,0.11277039884859737,0.03025263547897339,0.004918814833269479,1.0,0.1,0.1,4,900,0.1,1.0,0.85,"{'colsample_bytree': 1.0, 'gamma': 0.1, 'learning_rate': 0.1, 'max_depth': 4, 'n_estimators': 900, 'reg_alpha': 0.1, 'reg_lambda': 1.0, 'subsample': 0.85}",0.9858951786975421,0.9915373765867419,0.9978828510938604,0.9894139180456464,0.9911823311059478,0.004361888660414324,77
1433,0.5245338082313538,0.08434854586410266,0.014630734920501709,0.0015598293370618058,1.0,0.1,0.1,4,900,0.1,1.0,1.0,"{'colsample_bytree': 1.0, 'gamma': 0.1, 'learning_rate': 0.1, 'max_depth': 4, 'n_estimators': 900, 'reg_alpha': 0.1, 'reg_lambda': 1.0, 'subsample': 1.0}",0.9851900481181693,0.989421589208529,0.994354131803331,0.9894141711154042,0.9895949850613583,0.003244830773319696,887
1434,1.1526027917861938,0.10149519554637987,0.03526866436004639,0.003500009104727705,1.0,0.1,0.1,4,900,0.1,1.5,0.7,"{'colsample_bytree': 1.0, 'gamma': 0.1, 'learning_rate': 0.1, 'max_depth': 4, 'n_estimators': 900, 'reg_alpha': 0.1, 'reg_lambda': 1.5, 'subsample': 0.7}",0.9844846965672964,0.9922425913464957,0.9964714114603177,0.9901197306558291,0.9908296075074847,0.004318225768615673,195
1435,1.0519450306892395,0.13333328741096329,0.028017044067382812,0.0018385851891448866,1.0,0.1,0.1,4,900,0.1,1.5,0.85,"{'colsample_bytree': 1.0, 'gamma': 0.1, 'learning_rate': 0.1, 'max_depth': 4, 'n_estimators': 900, 'reg_alpha': 0.1, 'reg_lambda': 1.5, 'subsample': 0.85}",0.9858951786975421,0.9915373765867419,0.9978828468761907,0.9901197306558291,0.991358783204076,0.004300625763051039,30
1436,0.5434163212776184,0.0578411150356108,0.017001986503601074,0.0012263112922353094,1.0,0.1,0.1,4,900,0.1,1.5,1.0,"{'colsample_bytree': 1.0, 'gamma': 0.1, 'learning_rate': 0.1, 'max_depth': 4, 'n_estimators': 900, 'reg_alpha': 0.1, 'reg_lambda': 1.5, 'subsample': 1.0}",0.9844846965672964,0.989421589208529,0.9936484394026853,0.9872967965574946,0.9887128804340013,0.0033445793015122057,1363
1437,1.0540845394134521,0.05266998036355163,0.03213369846343994,0.002413587375038631,1.0,0.1,0.1,4,900,0.1,2.0,0.7,"{'colsample_bytree': 1.0, 'gamma': 0.1, 'learning_rate': 0.1, 'max_depth': 4, 'n_estimators': 900, 'reg_alpha': 0.1, 'reg_lambda': 2.0, 'subsample': 0.7}",0.9844846965672964,0.9922425913464957,0.9964714114603177,0.9894139180456464,0.9906531543549391,0.004357866559528188,290
1438,1.1387261152267456,0.10402368455144677,0.031147360801696777,0.0017084507977028075,1.0,0.1,0.1,4,900,0.1,2.0,0.85,"{'colsample_bytree': 1.0, 'gamma': 0.1, 'learning_rate': 0.1, 'max_depth': 4, 'n_estimators': 900, 'reg_alpha': 0.1, 'reg_lambda': 2.0, 'subsample': 0.85}",0.9858951786975421,0.9922425913464957,0.9964714114603177,0.9894139180456464,0.9910057748875005,0.003874761273973338,137
1439,0.5631686449050903,0.06127136952459243,0.01700490713119507,0.003535216349197311,1.0,0.1,0.1,4,900,0.1,2.0,1.0,"{'colsample_bytree': 1.0, 'gamma': 0.1, 'learning_rate': 0.1, 'max_depth': 4, 'n_estimators': 900, 'reg_alpha': 0.1, 'reg_lambda': 2.0, 'subsample': 1.0}",0.9866005197259626,0.9887163000923067,0.994354131803331,0.9880024404517326,0.9894183480183333,0.0029495670608212193,1023
1440,1.1089658737182617,0.11901557604648956,0.030133545398712158,0.002414453811082798,1.0,0.1,0.1,4,900,0.5,1.0,0.7,"{'colsample_bytree': 1.0, 'gamma': 0.1, 'learning_rate': 0.1, 'max_depth': 4, 'n_estimators': 900, 'reg_alpha': 0.5, 'reg_lambda': 1.0, 'subsample': 0.7}",0.9844846965672964,0.9915373597517307,0.9964714114603177,0.9894140656711423,0.9904768833626219,0.004303918601731355,388
1441,1.0200541019439697,0.12093701791835268,0.027629494667053223,0.0037235222034760576,1.0,0.1,0.1,4,900,0.5,1.0,0.85,"{'colsample_bytree': 1.0, 'gamma': 0.1, 'learning_rate': 0.1, 'max_depth': 4, 'n_estimators': 900, 'reg_alpha': 0.5, 'reg_lambda': 1.0, 'subsample': 0.85}",0.9858951786975421,0.9922425913464957,0.997177133385926,0.9894139180456464,0.9911822053689026,0.00412744083640317,82
1442,0.542155385017395,0.05748907844037973,0.017766594886779785,0.004379406181566018,1.0,0.1,0.1,4,900,0.5,1.0,1.0,"{'colsample_bytree': 1.0, 'gamma': 0.1, 'learning_rate': 0.1, 'max_depth': 4, 'n_estimators': 900, 'reg_alpha': 0.5, 'reg_lambda': 1.0, 'subsample': 1.0}",0.9851902248919406,0.9887163000923067,0.9929428053469331,0.988708488555093,0.9888894547215683,0.002746665428460304,1256
1443,1.0271839499473572,0.03749184178239141,0.030379533767700195,0.0016407370123432056,1.0,0.1,0.1,4,900,0.5,1.5,0.7,"{'colsample_bytree': 1.0, 'gamma': 0.1, 'learning_rate': 0.1, 'max_depth': 4, 'n_estimators': 900, 'reg_alpha': 0.5, 'reg_lambda': 1.5, 'subsample': 0.7}",0.9830742144370506,0.9922425913464957,0.9971771221387733,0.9908255235816565,0.990829862875994,0.00506047437050779,148
1444,0.9913013577461243,0.1024580278955548,0.026631295680999756,0.00277986062852601,1.0,0.1,0.1,4,900,0.5,1.5,0.85,"{'colsample_bytree': 1.0, 'gamma': 0.1, 'learning_rate': 0.1, 'max_depth': 4, 'n_estimators': 900, 'reg_alpha': 0.5, 'reg_lambda': 1.5, 'subsample': 0.85}",0.9858951786975421,0.9922425913464957,0.9957656832081598,0.988708263606662,0.9906529292147148,0.003710970001276868,326
1445,0.5581762790679932,0.07546807280616705,0.015749990940093994,0.0024876657345616927,1.0,0.1,0.1,4,900,0.5,1.5,1.0,"{'colsample_bytree': 1.0, 'gamma': 0.1, 'learning_rate': 0.1, 'max_depth': 4, 'n_estimators': 900, 'reg_alpha': 0.5, 'reg_lambda': 1.5, 'subsample': 1.0}",0.9851902248919406,0.9887164123283938,0.9929428053469331,0.9865907224314905,0.9883600412496896,0.0029286068334195845,1520
1446,1.1014474034309387,0.09069537808616537,0.029882311820983887,0.0018776302659473866,1.0,0.1,0.1,4,900,0.5,2.0,0.7,"{'colsample_bytree': 1.0, 'gamma': 0.1, 'learning_rate': 0.1, 'max_depth': 4, 'n_estimators': 900, 'reg_alpha': 0.5, 'reg_lambda': 2.0, 'subsample': 0.7}",0.9837793183573613,0.9922425913464957,0.9971771221387733,0.9894139180456464,0.9906532374720691,0.004844424463206821,276
1447,1.0261781811714172,0.086332522319821,0.02513355016708374,0.0015132802698110974,1.0,0.1,0.1,4,900,0.5,2.0,0.85,"{'colsample_bytree': 1.0, 'gamma': 0.1, 'learning_rate': 0.1, 'max_depth': 4, 'n_estimators': 900, 'reg_alpha': 0.5, 'reg_lambda': 2.0, 'subsample': 0.85}",0.9837797701197444,0.9922425913464957,0.9964713903718013,0.9894139180456464,0.9904769174709219,0.00461066860704014,383
1448,0.5177798271179199,0.03838647442342269,0.015003085136413574,0.0007106836439082612,1.0,0.1,0.1,4,900,0.5,2.0,1.0,"{'colsample_bytree': 1.0, 'gamma': 0.1, 'learning_rate': 0.1, 'max_depth': 4, 'n_estimators': 900, 'reg_alpha': 0.5, 'reg_lambda': 2.0, 'subsample': 1.0}",0.9837795765103758,0.9908321169335286,0.9922370588179632,0.9851792195295421,0.9880069929478524,0.0035966003058815225,1636
1449,1.046187162399292,0.05293091565572275,0.026894569396972656,0.0010822494908691862,1.0,0.1,0.1,4,900,1.0,1.0,0.7,"{'colsample_bytree': 1.0, 'gamma': 0.1, 'learning_rate': 0.1, 'max_depth': 4, 'n_estimators': 900, 'reg_alpha': 1.0, 'reg_lambda': 1.0, 'subsample': 0.7}",0.9830739113827349,0.9901268607873446,0.9943542442775466,0.9894139180456464,0.9892422336233182,0.004030908487947303,1080
1450,0.9246532917022705,0.06589974404538336,0.021881520748138428,0.0012393945941591969,1.0,0.1,0.1,4,900,1.0,1.0,0.85,"{'colsample_bytree': 1.0, 'gamma': 0.1, 'learning_rate': 0.1, 'max_depth': 4, 'n_estimators': 900, 'reg_alpha': 1.0, 'reg_lambda': 1.0, 'subsample': 0.85}",0.9830742144370506,0.9915373597517307,0.9964713903718013,0.9894139180456464,0.9901242206515573,0.004808602785388107,560
1451,0.46551990509033203,0.020404909248810756,0.013002455234527588,0.0007111103286788925,1.0,0.1,0.1,4,900,1.0,1.0,1.0,"{'colsample_bytree': 1.0, 'gamma': 0.1, 'learning_rate': 0.1, 'max_depth': 4, 'n_estimators': 900, 'reg_alpha': 1.0, 'reg_lambda': 1.0, 'subsample': 1.0}",0.9837797701197444,0.9894216733848407,0.9915314001577777,0.9858853295083274,0.9876545432926725,0.0030123393098852604,1739
1452,1.135584533214569,0.10076590382679912,0.029751956462860107,0.0008299074092851087,1.0,0.1,0.1,4,900,1.0,1.5,0.7,"{'colsample_bytree': 1.0, 'gamma': 0.1, 'learning_rate': 0.1, 'max_depth': 4, 'n_estimators': 900, 'reg_alpha': 1.0, 'reg_lambda': 1.5, 'subsample': 0.7}",0.9823691049025824,0.9908321169335286,0.9943542442775466,0.9894139180456464,0.9892423460398261,0.004356884086453101,1049
1453,0.8947592973709106,0.0989676400938295,0.021751701831817627,0.0008279292828891868,1.0,0.1,0.1,4,900,1.0,1.5,0.85,"{'colsample_bytree': 1.0, 'gamma': 0.1, 'learning_rate': 0.1, 'max_depth': 4, 'n_estimators': 900, 'reg_alpha': 1.0, 'reg_lambda': 1.5, 'subsample': 0.85}",0.9823691049025824,0.9908321169335286,0.995059946520522,0.9894139180456464,0.9894187716005699,0.004569415269413616,958
1454,0.5286489725112915,0.07213867688479837,0.01438838243484497,0.0007431423999227091,1.0,0.1,0.1,4,900,1.0,1.5,1.0,"{'colsample_bytree': 1.0, 'gamma': 0.1, 'learning_rate': 0.1, 'max_depth': 4, 'n_estimators': 900, 'reg_alpha': 1.0, 'reg_lambda': 1.5, 'subsample': 1.0}",0.9844850669515415,0.9887164123283938,0.9915314001577777,0.9851792195295421,0.9874780247418138,0.0028375058509039017,1808
1455,1.0000295042991638,0.07573938633544688,0.028503060340881348,0.0008638359094614974,1.0,0.1,0.1,4,900,1.0,2.0,0.7,"{'colsample_bytree': 1.0, 'gamma': 0.1, 'learning_rate': 0.1, 'max_depth': 4, 'n_estimators': 900, 'reg_alpha': 1.0, 'reg_lambda': 2.0, 'subsample': 0.7}",0.9816637323068047,0.9908321169335286,0.995059946520522,0.988708263606662,0.9890660148418793,0.00484685739014813,1132
1456,0.9468988180160522,0.07240186243813021,0.02363264560699463,0.001298444890659201,1.0,0.1,0.1,4,900,1.0,2.0,0.85,"{'colsample_bytree': 1.0, 'gamma': 0.1, 'learning_rate': 0.1, 'max_depth': 4, 'n_estimators': 900, 'reg_alpha': 1.0, 'reg_lambda': 2.0, 'subsample': 0.85}",0.9816637323068047,0.9901268607873446,0.995059946520522,0.9894139180456464,0.9890661144150794,0.004794982649000123,1120
1457,0.4833904504776001,0.018936220353392548,0.013749957084655762,0.000828377564734389,1.0,0.1,0.1,4,900,1.0,2.0,1.0,"{'colsample_bytree': 1.0, 'gamma': 0.1, 'learning_rate': 0.1, 'max_depth': 4, 'n_estimators': 900, 'reg_alpha': 1.0, 'reg_lambda': 2.0, 'subsample': 1.0}",0.9844849126269217,0.9887164123283938,0.9915314001577777,0.9858853295083274,0.9876545136553552,0.0027080556202748224,1743
1458,0.9436640739440918,0.04093041020106748,0.028881549835205078,0.0018802912416772688,1.0,0.1,0.1,8,750,0.1,1.0,0.7,"{'colsample_bytree': 1.0, 'gamma': 0.1, 'learning_rate': 0.1, 'max_depth': 8, 'n_estimators': 750, 'reg_alpha': 0.1, 'reg_lambda': 1.0, 'subsample': 0.7}",0.9830742144370506,0.9922425913464957,0.9978828468761907,0.9908255235816565,0.9910062940603483,0.005285971403751317,86
1459,0.8513940572738647,0.0340282402534734,0.02363407611846924,0.0008203461987855543,1.0,0.1,0.1,8,750,0.1,1.0,0.85,"{'colsample_bytree': 1.0, 'gamma': 0.1, 'learning_rate': 0.1, 'max_depth': 8, 'n_estimators': 750, 'reg_alpha': 0.1, 'reg_lambda': 1.0, 'subsample': 0.85}",0.9887163000923067,0.9922425913464957,0.9971771221387733,0.9908255235816565,0.992240384289808,0.0031141766855404536,1
1460,0.49640363454818726,0.023634828661164523,0.014511346817016602,0.0007921197609272395,1.0,0.1,0.1,8,750,0.1,1.0,1.0,"{'colsample_bytree': 1.0, 'gamma': 0.1, 'learning_rate': 0.1, 'max_depth': 8, 'n_estimators': 750, 'reg_alpha': 0.1, 'reg_lambda': 1.0, 'subsample': 1.0}",0.9851900481181693,0.9901269197103526,0.9964713903718013,0.9908255235816565,0.990653470445495,0.004000126052825543,233
1461,1.0389823913574219,0.05088826573512005,0.031012356281280518,0.002814466941306904,1.0,0.1,0.1,8,750,0.1,1.5,0.7,"{'colsample_bytree': 1.0, 'gamma': 0.1, 'learning_rate': 0.1, 'max_depth': 8, 'n_estimators': 750, 'reg_alpha': 0.1, 'reg_lambda': 1.5, 'subsample': 0.7}",0.9844846965672964,0.9922425913464957,0.997177133385926,0.9901197306558291,0.9910060379888869,0.00455315597226676,116
1462,1.0398710370063782,0.13408250034750563,0.030381619930267334,0.009635474662962632,1.0,0.1,0.1,8,750,0.1,1.5,0.85,"{'colsample_bytree': 1.0, 'gamma': 0.1, 'learning_rate': 0.1, 'max_depth': 8, 'n_estimators': 750, 'reg_alpha': 0.1, 'reg_lambda': 1.5, 'subsample': 0.85}",0.9858951786975421,0.990832153409495,0.9964713903718013,0.9908255235816565,0.9910060615151237,0.003743453641402158,110
1463,0.715884804725647,0.05203894290358847,0.01626133918762207,0.0011412469815957657,1.0,0.1,0.1,8,750,0.1,1.5,1.0,"{'colsample_bytree': 1.0, 'gamma': 0.1, 'learning_rate': 0.1, 'max_depth': 8, 'n_estimators': 750, 'reg_alpha': 0.1, 'reg_lambda': 1.5, 'subsample': 1.0}",0.9866006796641367,0.990832153409495,0.9964713903718013,0.9908255235816565,0.9911824367567723,0.003507692041634943,64
1464,1.2800641655921936,0.16257112003380492,0.04013323783874512,0.008166253717921181,1.0,0.1,0.1,8,750,0.1,2.0,0.7,"{'colsample_bytree': 1.0, 'gamma': 0.1, 'learning_rate': 0.1, 'max_depth': 8, 'n_estimators': 750, 'reg_alpha': 0.1, 'reg_lambda': 2.0, 'subsample': 0.7}",0.9837795765103758,0.9922425913464957,0.9971771221387733,0.9908255235816565,0.9910062033943252,0.004792329147538254,94
1465,0.988182008266449,0.048195451286055756,0.025258123874664307,0.0014790124842517167,1.0,0.1,0.1,8,750,0.1,2.0,0.85,"{'colsample_bytree': 1.0, 'gamma': 0.1, 'learning_rate': 0.1, 'max_depth': 8, 'n_estimators': 750, 'reg_alpha': 0.1, 'reg_lambda': 2.0, 'subsample': 0.85}",0.9858953751153834,0.9915373765867419,0.998588566692963,0.9901197306558291,0.9915352622627294,0.0045705898038669954,9
1466,0.7288560271263123,0.09202128001143785,0.016630709171295166,0.0004136189028565619,1.0,0.1,0.1,8,750,0.1,2.0,1.0,"{'colsample_bytree': 1.0, 'gamma': 0.1, 'learning_rate': 0.1, 'max_depth': 8, 'n_estimators': 750, 'reg_alpha': 0.1, 'reg_lambda': 2.0, 'subsample': 1.0}",0.9866006796641367,0.9901269197103526,0.9957656494662985,0.9901197306558291,0.9906532448741543,0.003283352748884463,274
1467,1.4449454545974731,0.03070314404500051,0.03738105297088623,0.007941471425013736,1.0,0.1,0.1,8,750,0.5,1.0,0.7,"{'colsample_bytree': 1.0, 'gamma': 0.1, 'learning_rate': 0.1, 'max_depth': 8, 'n_estimators': 750, 'reg_alpha': 0.5, 'reg_lambda': 1.0, 'subsample': 0.7}",0.9823688243014796,0.9922425913464957,0.9978828468761907,0.9908255235816565,0.9908299465264556,0.005552692536042805,143
1468,1.03544282913208,0.22537883711391607,0.026001811027526855,0.0065173781482936784,1.0,0.1,0.1,8,750,0.5,1.0,0.85,"{'colsample_bytree': 1.0, 'gamma': 0.1, 'learning_rate': 0.1, 'max_depth': 8, 'n_estimators': 750, 'reg_alpha': 0.5, 'reg_lambda': 1.0, 'subsample': 0.85}",0.9858955154104921,0.9915373597517307,0.9971771221387733,0.9908255235816565,0.9913588802206632,0.004000519288606527,26
1469,0.5206464529037476,0.007577947899803588,0.014628946781158447,0.000414189288440724,1.0,0.1,0.1,8,750,0.5,1.0,1.0,"{'colsample_bytree': 1.0, 'gamma': 0.1, 'learning_rate': 0.1, 'max_depth': 8, 'n_estimators': 750, 'reg_alpha': 0.5, 'reg_lambda': 1.0, 'subsample': 1.0}",0.9866006796641367,0.9901269197103526,0.9957656494662985,0.9880026077606279,0.990123964150354,0.0034907845981430384,617
1470,1.0878282189369202,0.171675640399941,0.03288644552230835,0.006500382437003583,1.0,0.1,0.1,8,750,0.5,1.5,0.7,"{'colsample_bytree': 1.0, 'gamma': 0.1, 'learning_rate': 0.1, 'max_depth': 8, 'n_estimators': 750, 'reg_alpha': 0.5, 'reg_lambda': 1.5, 'subsample': 0.7}",0.9830739113827349,0.9915373597517307,0.9971771221387733,0.9908255235816565,0.9906534792137238,0.00502042352765468,231
1471,0.824874758720398,0.03674402916222579,0.02188163995742798,0.0011284458187776447,1.0,0.1,0.1,8,750,0.5,1.5,0.85,"{'colsample_bytree': 1.0, 'gamma': 0.1, 'learning_rate': 0.1, 'max_depth': 8, 'n_estimators': 750, 'reg_alpha': 0.5, 'reg_lambda': 1.5, 'subsample': 0.85}",0.9851902248919406,0.9915373597517307,0.9964713903718013,0.9908255235816565,0.9910061246492823,0.004000270206026375,104
1472,0.579556405544281,0.09562406412489222,0.01963287591934204,0.007165897060260315,1.0,0.1,0.1,8,750,0.5,1.5,1.0,"{'colsample_bytree': 1.0, 'gamma': 0.1, 'learning_rate': 0.1, 'max_depth': 8, 'n_estimators': 750, 'reg_alpha': 0.5, 'reg_lambda': 1.5, 'subsample': 1.0}",0.9844850669515415,0.9901269197103526,0.9957656494662985,0.9894141711154042,0.9899479518108992,0.004000177131582945,649
1473,1.293276071548462,0.21581823842465164,0.034520089626312256,0.0061014770603685054,1.0,0.1,0.1,8,750,0.5,2.0,0.7,"{'colsample_bytree': 1.0, 'gamma': 0.1, 'learning_rate': 0.1, 'max_depth': 8, 'n_estimators': 750, 'reg_alpha': 0.5, 'reg_lambda': 2.0, 'subsample': 0.7}",0.9844846965672964,0.9915373597517307,0.9964714114603177,0.9908255235816565,0.9908297478402504,0.004259952362410738,170
1474,1.166482150554657,0.21805025333531994,0.036144375801086426,0.008450750618360687,1.0,0.1,0.1,8,750,0.5,2.0,0.85,"{'colsample_bytree': 1.0, 'gamma': 0.1, 'learning_rate': 0.1, 'max_depth': 8, 'n_estimators': 750, 'reg_alpha': 0.5, 'reg_lambda': 2.0, 'subsample': 0.85}",0.9830746184925907,0.9915373597517307,0.9964713903718013,0.9908255235816565,0.9904772230494447,0.0047951485691748,333
1475,0.6001959443092346,0.10956877361099313,0.019001543521881104,0.0064019070093548165,1.0,0.1,0.1,8,750,0.5,2.0,1.0,"{'colsample_bytree': 1.0, 'gamma': 0.1, 'learning_rate': 0.1, 'max_depth': 8, 'n_estimators': 750, 'reg_alpha': 0.5, 'reg_lambda': 2.0, 'subsample': 1.0}",0.9844850669515415,0.9901269197103526,0.9943541992883981,0.988708398576796,0.989418646131772,0.0035251238113345193,989
1476,0.9249087572097778,0.03764455953177957,0.02525317668914795,0.0010963239466070143,1.0,0.1,0.1,8,750,1.0,1.0,0.7,"{'colsample_bytree': 1.0, 'gamma': 0.1, 'learning_rate': 0.1, 'max_depth': 8, 'n_estimators': 750, 'reg_alpha': 1.0, 'reg_lambda': 1.0, 'subsample': 0.7}",0.9844849126269217,0.9915373597517307,0.9964713903718013,0.9908255235816565,0.9908297965830275,0.0042598649271492735,163
1477,0.9044051766395569,0.14302799113342854,0.028635025024414062,0.008137802544886408,1.0,0.1,0.1,8,750,1.0,1.0,0.85,"{'colsample_bytree': 1.0, 'gamma': 0.1, 'learning_rate': 0.1, 'max_depth': 8, 'n_estimators': 750, 'reg_alpha': 1.0, 'reg_lambda': 1.0, 'subsample': 0.85}",0.9844846965672964,0.9908321169335286,0.995059946520522,0.9901197306558291,0.9901241226692941,0.003763866330590593,588
1478,0.5016486048698425,0.024505988579020033,0.013880133628845215,0.0008967527581746558,1.0,0.1,0.1,8,750,1.0,1.0,1.0,"{'colsample_bytree': 1.0, 'gamma': 0.1, 'learning_rate': 0.1, 'max_depth': 8, 'n_estimators': 750, 'reg_alpha': 1.0, 'reg_lambda': 1.0, 'subsample': 1.0}",0.9844851595448396,0.9901269197103526,0.9957656832081598,0.9894140656711423,0.9899479570336236,0.004000161305245788,645
1479,1.0573225021362305,0.17019271318591261,0.03176623582839966,0.009514557916144879,1.0,0.1,0.1,8,750,1.0,1.5,0.7,"{'colsample_bytree': 1.0, 'gamma': 0.1, 'learning_rate': 0.1, 'max_depth': 8, 'n_estimators': 750, 'reg_alpha': 1.0, 'reg_lambda': 1.5, 'subsample': 0.7}",0.9844846965672964,0.9908321169335286,0.9943542442775466,0.9908255235816565,0.9901241453400069,0.00355985514791309,581
1480,0.9064156413078308,0.0977506490847516,0.020878970623016357,0.0011398739952149072,1.0,0.1,0.1,8,750,1.0,1.5,0.85,"{'colsample_bytree': 1.0, 'gamma': 0.1, 'learning_rate': 0.1, 'max_depth': 8, 'n_estimators': 750, 'reg_alpha': 1.0, 'reg_lambda': 1.5, 'subsample': 0.85}",0.9837797701197444,0.9922425913464957,0.9929428053469331,0.9901197306558291,0.9897712243672505,0.003611978726748205,812
1481,0.6511985063552856,0.11934778863192007,0.026501178741455078,0.007921321982913735,1.0,0.1,0.1,8,750,1.0,1.5,1.0,"{'colsample_bytree': 1.0, 'gamma': 0.1, 'learning_rate': 0.1, 'max_depth': 8, 'n_estimators': 750, 'reg_alpha': 1.0, 'reg_lambda': 1.5, 'subsample': 1.0}",0.9866008395984927,0.9894216733848407,0.9943541992883981,0.9880026077606279,0.9895948300080898,0.002923214387476122,909
1482,1.092085361480713,0.2187525290784283,0.030014753341674805,0.005897897239136306,1.0,0.1,0.1,8,750,1.0,2.0,0.7,"{'colsample_bytree': 1.0, 'gamma': 0.1, 'learning_rate': 0.1, 'max_depth': 8, 'n_estimators': 750, 'reg_alpha': 1.0, 'reg_lambda': 2.0, 'subsample': 0.7}",0.9844849126269217,0.9908321169335286,0.9957656494662985,0.9908255235816565,0.9904770506521012,0.004003826325440787,349
1483,0.9285381436347961,0.1698200952745668,0.025249242782592773,0.005167529686619826,1.0,0.1,0.1,8,750,1.0,2.0,0.85,"{'colsample_bytree': 1.0, 'gamma': 0.1, 'learning_rate': 0.1, 'max_depth': 8, 'n_estimators': 750, 'reg_alpha': 1.0, 'reg_lambda': 2.0, 'subsample': 0.85}",0.9830744501384601,0.9922425913464957,0.9943541992883981,0.9901197306558291,0.9899477428572958,0.004241312310748599,683
1484,0.6178209781646729,0.07768409320656605,0.022755026817321777,0.00840595723642368,1.0,0.1,0.1,8,750,1.0,2.0,1.0,"{'colsample_bytree': 1.0, 'gamma': 0.1, 'learning_rate': 0.1, 'max_depth': 8, 'n_estimators': 750, 'reg_alpha': 1.0, 'reg_lambda': 2.0, 'subsample': 1.0}",0.9844851595448396,0.9894216733848407,0.9943541992883981,0.9865909628578188,0.9887129987689743,0.0036980746316456975,1341
1485,1.1794989705085754,0.1700511260574372,0.035381972789764404,0.007354274884614436,1.0,0.1,0.1,8,900,0.1,1.0,0.7,"{'colsample_bytree': 1.0, 'gamma': 0.1, 'learning_rate': 0.1, 'max_depth': 8, 'n_estimators': 900, 'reg_alpha': 0.1, 'reg_lambda': 1.0, 'subsample': 0.7}",0.9830742144370506,0.9922425913464957,0.9992942836979535,0.9908255235816565,0.991359153265789,0.005759160742973553,15
1486,1.0379515886306763,0.19877532689224076,0.02601480484008789,0.005205914576563711,1.0,0.1,0.1,8,900,0.1,1.0,0.85,"{'colsample_bytree': 1.0, 'gamma': 0.1, 'learning_rate': 0.1, 'max_depth': 8, 'n_estimators': 900, 'reg_alpha': 0.1, 'reg_lambda': 1.0, 'subsample': 0.85}",0.9873056608277879,0.9922425913464957,0.9971771221387733,0.9908255235816565,0.9918877244736783,0.003543558809549295,3
1487,0.653584897518158,0.09310583585344184,0.01875317096710205,0.0036344653182445435,1.0,0.1,0.1,8,900,0.1,1.0,1.0,"{'colsample_bytree': 1.0, 'gamma': 0.1, 'learning_rate': 0.1, 'max_depth': 8, 'n_estimators': 900, 'reg_alpha': 0.1, 'reg_lambda': 1.0, 'subsample': 1.0}",0.9851900481181693,0.9901269197103526,0.9964713903718013,0.9908255235816565,0.990653470445495,0.004000126052825543,233
1488,1.3026611804962158,0.15487152168456192,0.03488314151763916,0.0026623288840530155,1.0,0.1,0.1,8,900,0.1,1.5,0.7,"{'colsample_bytree': 1.0, 'gamma': 0.1, 'learning_rate': 0.1, 'max_depth': 8, 'n_estimators': 900, 'reg_alpha': 0.1, 'reg_lambda': 1.5, 'subsample': 0.7}",0.9844846965672964,0.9922425913464957,0.997177133385926,0.9901197306558291,0.9910060379888869,0.00455315597226676,116
1489,1.2486467957496643,0.15148889929691553,0.029500305652618408,0.002692464942614904,1.0,0.1,0.1,8,900,0.1,1.5,0.85,"{'colsample_bytree': 1.0, 'gamma': 0.1, 'learning_rate': 0.1, 'max_depth': 8, 'n_estimators': 900, 'reg_alpha': 0.1, 'reg_lambda': 1.5, 'subsample': 0.85}",0.9858951786975421,0.990832153409495,0.9964713903718013,0.9908255235816565,0.9910060615151237,0.003743453641402158,110
1490,0.5806745886802673,0.04003452789105503,0.015883028507232666,0.0015165931226234764,1.0,0.1,0.1,8,900,0.1,1.5,1.0,"{'colsample_bytree': 1.0, 'gamma': 0.1, 'learning_rate': 0.1, 'max_depth': 8, 'n_estimators': 900, 'reg_alpha': 0.1, 'reg_lambda': 1.5, 'subsample': 1.0}",0.9866006796641367,0.990832153409495,0.9964713903718013,0.9908255235816565,0.9911824367567723,0.003507692041634943,64
1491,1.1264721751213074,0.04831560035448838,0.03250932693481445,0.001539919606488588,1.0,0.1,0.1,8,900,0.1,2.0,0.7,"{'colsample_bytree': 1.0, 'gamma': 0.1, 'learning_rate': 0.1, 'max_depth': 8, 'n_estimators': 900, 'reg_alpha': 0.1, 'reg_lambda': 2.0, 'subsample': 0.7}",0.9837793183573613,0.9922425913464957,0.9978828468761907,0.9908255235816565,0.991182570040426,0.005023767821608752,48
1492,1.2601353526115417,0.235127150281728,0.028634369373321533,0.0021649401554646825,1.0,0.1,0.1,8,900,0.1,2.0,0.85,"{'colsample_bytree': 1.0, 'gamma': 0.1, 'learning_rate': 0.1, 'max_depth': 8, 'n_estimators': 900, 'reg_alpha': 0.1, 'reg_lambda': 2.0, 'subsample': 0.85}",0.9858953751153834,0.9915373765867419,0.9978828468761907,0.9901197306558291,0.9913588323085363,0.0043005633801108615,28
1493,0.5899133682250977,0.014899384266764074,0.0160067081451416,0.000998975951800256,1.0,0.1,0.1,8,900,0.1,2.0,1.0,"{'colsample_bytree': 1.0, 'gamma': 0.1, 'learning_rate': 0.1, 'max_depth': 8, 'n_estimators': 900, 'reg_alpha': 0.1, 'reg_lambda': 2.0, 'subsample': 1.0}",0.9866006796641367,0.9901269197103526,0.9957656494662985,0.9901197306558291,0.9906532448741543,0.003283352748884463,274
1494,1.0720770359039307,0.07144984463797104,0.03038644790649414,0.0017772344189233486,1.0,0.1,0.1,8,900,0.5,1.0,0.7,"{'colsample_bytree': 1.0, 'gamma': 0.1, 'learning_rate': 0.1, 'max_depth': 8, 'n_estimators': 900, 'reg_alpha': 0.5, 'reg_lambda': 1.0, 'subsample': 0.7}",0.9823684735375408,0.9922425913464957,0.9978828468761907,0.9908255235816565,0.9908298588354709,0.005552826158918911,152
1495,1.0434349179267883,0.141088025193199,0.02412891387939453,0.0019405694069644201,1.0,0.1,0.1,8,900,0.5,1.0,0.85,"{'colsample_bytree': 1.0, 'gamma': 0.1, 'learning_rate': 0.1, 'max_depth': 8, 'n_estimators': 900, 'reg_alpha': 0.5, 'reg_lambda': 1.0, 'subsample': 0.85}",0.9858955154104921,0.9915373597517307,0.9964713903718013,0.9908255235816565,0.9911824472789201,0.0037475967302445985,63
1496,0.5695484280586243,0.024021060093503084,0.014752388000488281,0.0008290628397886311,1.0,0.1,0.1,8,900,0.5,1.0,1.0,"{'colsample_bytree': 1.0, 'gamma': 0.1, 'learning_rate': 0.1, 'max_depth': 8, 'n_estimators': 900, 'reg_alpha': 0.5, 'reg_lambda': 1.0, 'subsample': 1.0}",0.9866006796641367,0.9901269197103526,0.9957656494662985,0.9880026077606279,0.990123964150354,0.0034907845981430384,617
1497,1.2112388014793396,0.15705540124515371,0.03275257349014282,0.0019215674030032927,1.0,0.1,0.1,8,900,0.5,1.5,0.7,"{'colsample_bytree': 1.0, 'gamma': 0.1, 'learning_rate': 0.1, 'max_depth': 8, 'n_estimators': 900, 'reg_alpha': 0.5, 'reg_lambda': 1.5, 'subsample': 0.7}",0.9830739113827349,0.9915373597517307,0.9971771221387733,0.9908255235816565,0.9906534792137238,0.00502042352765468,231
1498,0.9597851037979126,0.03394546658869872,0.024005472660064697,0.001874075575814158,1.0,0.1,0.1,8,900,0.5,1.5,0.85,"{'colsample_bytree': 1.0, 'gamma': 0.1, 'learning_rate': 0.1, 'max_depth': 8, 'n_estimators': 900, 'reg_alpha': 0.5, 'reg_lambda': 1.5, 'subsample': 0.85}",0.9858953751153834,0.9915373597517307,0.9964713903718013,0.9908255235816565,0.9911824122051429,0.0037476462108330397,68
1499,0.6023057103157043,0.040489840548780034,0.01738119125366211,0.0027640323613326084,1.0,0.1,0.1,8,900,0.5,1.5,1.0,"{'colsample_bytree': 1.0, 'gamma': 0.1, 'learning_rate': 0.1, 'max_depth': 8, 'n_estimators': 900, 'reg_alpha': 0.5, 'reg_lambda': 1.5, 'subsample': 1.0}",0.9844850669515415,0.9901269197103526,0.9957656494662985,0.9894141711154042,0.9899479518108992,0.004000177131582945,649
1500,1.3926782608032227,0.1507470013215545,0.04413062334060669,0.0067169146498343435,1.0,0.1,0.1,8,900,0.5,2.0,0.7,"{'colsample_bytree': 1.0, 'gamma': 0.1, 'learning_rate': 0.1, 'max_depth': 8, 'n_estimators': 900, 'reg_alpha': 0.5, 'reg_lambda': 2.0, 'subsample': 0.7}",0.9837793183573613,0.9915373597517307,0.9964714114603177,0.9908255235816565,0.9906534032877665,0.004525297425364688,247
1501,1.1075945496559143,0.1506650473275656,0.024259746074676514,0.0010233539132136241,1.0,0.1,0.1,8,900,0.5,2.0,0.85,"{'colsample_bytree': 1.0, 'gamma': 0.1, 'learning_rate': 0.1, 'max_depth': 8, 'n_estimators': 900, 'reg_alpha': 0.5, 'reg_lambda': 2.0, 'subsample': 0.85}",0.9830746184925907,0.9922425913464957,0.9964713903718013,0.9908255235816565,0.9906535309481361,0.004843606525564695,222
1502,0.6994672417640686,0.08478632020214488,0.021134138107299805,0.007739126775699945,1.0,0.1,0.1,8,900,0.5,2.0,1.0,"{'colsample_bytree': 1.0, 'gamma': 0.1, 'learning_rate': 0.1, 'max_depth': 8, 'n_estimators': 900, 'reg_alpha': 0.5, 'reg_lambda': 2.0, 'subsample': 1.0}",0.9844850669515415,0.9901269197103526,0.9943541992883981,0.988708398576796,0.989418646131772,0.0035251238113345193,989
1503,1.4693227410316467,0.2668277964833199,0.03376346826553345,0.004225523863233781,1.0,0.1,0.1,8,900,1.0,1.0,0.7,"{'colsample_bytree': 1.0, 'gamma': 0.1, 'learning_rate': 0.1, 'max_depth': 8, 'n_estimators': 900, 'reg_alpha': 1.0, 'reg_lambda': 1.0, 'subsample': 0.7}",0.9837795765103758,0.9922425913464957,0.9943542442775466,0.9908255235816565,0.9903004839290186,0.003968710570943346,475
1504,0.946286141872406,0.05210191793985852,0.028131067752838135,0.008060744152043962,1.0,0.1,0.1,8,900,1.0,1.0,0.85,"{'colsample_bytree': 1.0, 'gamma': 0.1, 'learning_rate': 0.1, 'max_depth': 8, 'n_estimators': 900, 'reg_alpha': 1.0, 'reg_lambda': 1.0, 'subsample': 0.85}",0.9844846965672964,0.9908321169335286,0.9957656494662985,0.9901197306558291,0.9903005484057381,0.004000210068460894,460
1505,0.6619410514831543,0.13877194285312042,0.017253398895263672,0.003960571944349563,1.0,0.1,0.1,8,900,1.0,1.0,1.0,"{'colsample_bytree': 1.0, 'gamma': 0.1, 'learning_rate': 0.1, 'max_depth': 8, 'n_estimators': 900, 'reg_alpha': 1.0, 'reg_lambda': 1.0, 'subsample': 1.0}",0.9844851595448396,0.9901269197103526,0.9957656832081598,0.9894140656711423,0.9899479570336236,0.004000161305245788,645
1506,1.368783950805664,0.16912410435367242,0.03063589334487915,0.0006442541703905112,1.0,0.1,0.1,8,900,1.0,1.5,0.7,"{'colsample_bytree': 1.0, 'gamma': 0.1, 'learning_rate': 0.1, 'max_depth': 8, 'n_estimators': 900, 'reg_alpha': 1.0, 'reg_lambda': 1.5, 'subsample': 0.7}",0.9844846965672964,0.9908321169335286,0.9943542442775466,0.9908255235816565,0.9901241453400069,0.00355985514791309,581
1507,0.9456580281257629,0.09599647684282192,0.025760173797607422,0.008829713496221418,1.0,0.1,0.1,8,900,1.0,1.5,0.85,"{'colsample_bytree': 1.0, 'gamma': 0.1, 'learning_rate': 0.1, 'max_depth': 8, 'n_estimators': 900, 'reg_alpha': 1.0, 'reg_lambda': 1.5, 'subsample': 0.85}",0.9844850669515415,0.9922425913464957,0.9936485406285719,0.9901197306558291,0.9901239823956096,0.0034895701772194748,615
1508,0.5705435276031494,0.027622778367434868,0.0157548189163208,0.001092822974951751,1.0,0.1,0.1,8,900,1.0,1.5,1.0,"{'colsample_bytree': 1.0, 'gamma': 0.1, 'learning_rate': 0.1, 'max_depth': 8, 'n_estimators': 900, 'reg_alpha': 1.0, 'reg_lambda': 1.5, 'subsample': 1.0}",0.9866008395984927,0.9894216733848407,0.9943541992883981,0.9880026077606279,0.9895948300080898,0.002923214387476122,909
1509,1.150711178779602,0.09343304622920913,0.029631733894348145,0.0009571481631499137,1.0,0.1,0.1,8,900,1.0,2.0,0.7,"{'colsample_bytree': 1.0, 'gamma': 0.1, 'learning_rate': 0.1, 'max_depth': 8, 'n_estimators': 900, 'reg_alpha': 1.0, 'reg_lambda': 2.0, 'subsample': 0.7}",0.9844849126269217,0.9915373597517307,0.995059946520522,0.9908255235816565,0.9904769356202077,0.0038129496905299843,373
1510,1.2848737835884094,0.027712415499888343,0.03413498401641846,0.01014385776277835,1.0,0.1,0.1,8,900,1.0,2.0,0.85,"{'colsample_bytree': 1.0, 'gamma': 0.1, 'learning_rate': 0.1, 'max_depth': 8, 'n_estimators': 900, 'reg_alpha': 1.0, 'reg_lambda': 2.0, 'subsample': 0.85}",0.9830744501384601,0.9922425913464957,0.995059946520522,0.9901197306558291,0.9901241796653267,0.004431370236603418,572
1511,0.5763044953346252,0.023367977681052268,0.0157507061958313,0.0008298693087967757,1.0,0.1,0.1,8,900,1.0,2.0,1.0,"{'colsample_bytree': 1.0, 'gamma': 0.1, 'learning_rate': 0.1, 'max_depth': 8, 'n_estimators': 900, 'reg_alpha': 1.0, 'reg_lambda': 2.0, 'subsample': 1.0}",0.9844851595448396,0.9894216733848407,0.9943541992883981,0.9865909628578188,0.9887129987689743,0.0036980746316456975,1341
1512,0.9622752666473389,0.059925884068693154,0.02926260232925415,0.002073453661551222,1.0,0.2,0.05,4,750,0.1,1.0,0.7,"{'colsample_bytree': 1.0, 'gamma': 0.2, 'learning_rate': 0.05, 'max_depth': 4, 'n_estimators': 750, 'reg_alpha': 0.1, 'reg_lambda': 1.0, 'subsample': 0.7}",0.9844846965672964,0.9922425913464957,0.9957656494662985,0.9894139180456464,0.9904767138564343,0.004126892575653961,407
1513,0.996659517288208,0.14321474712377488,0.026011407375335693,0.0016877727867312233,1.0,0.2,0.05,4,750,0.1,1.0,0.85,"{'colsample_bytree': 1.0, 'gamma': 0.2, 'learning_rate': 0.05, 'max_depth': 4, 'n_estimators': 750, 'reg_alpha': 0.1, 'reg_lambda': 1.0, 'subsample': 0.85}",0.9858951786975421,0.9915373597517307,0.9971771221387733,0.9901197306558291,0.9911823478109688,0.004035674205500185,72
1514,0.672691822052002,0.08892421740916667,0.018635690212249756,0.001976726774160187,1.0,0.2,0.05,4,750,0.1,1.0,1.0,"{'colsample_bytree': 1.0, 'gamma': 0.2, 'learning_rate': 0.05, 'max_depth': 4, 'n_estimators': 750, 'reg_alpha': 0.1, 'reg_lambda': 1.0, 'subsample': 1.0}",0.9851902248919406,0.9880111344363328,0.9936485026692425,0.988708398576796,0.988889565143578,0.0030470094561271615,1238
1515,1.032426118850708,0.08244477357513356,0.030896365642547607,0.002494898144041675,1.0,0.2,0.05,4,750,0.1,1.5,0.7,"{'colsample_bytree': 1.0, 'gamma': 0.2, 'learning_rate': 0.05, 'max_depth': 4, 'n_estimators': 750, 'reg_alpha': 0.1, 'reg_lambda': 1.5, 'subsample': 0.7}",0.9844846965672964,0.9922425913464957,0.9957656494662985,0.9894139180456464,0.9904767138564343,0.004126892575653961,407
1516,1.0130516290664673,0.1444754389608343,0.028130948543548584,0.002601536067884498,1.0,0.2,0.05,4,750,0.1,1.5,0.85,"{'colsample_bytree': 1.0, 'gamma': 0.2, 'learning_rate': 0.05, 'max_depth': 4, 'n_estimators': 750, 'reg_alpha': 0.1, 'reg_lambda': 1.5, 'subsample': 0.85}",0.9858951786975421,0.9922425913464957,0.9957656494662985,0.9908255235816565,0.9911822357729982,0.0035430301696698415,81
1517,0.6213092803955078,0.07552046188715227,0.018752992153167725,0.0036305131353031074,1.0,0.2,0.05,4,750,0.1,1.5,1.0,"{'colsample_bytree': 1.0, 'gamma': 0.2, 'learning_rate': 0.05, 'max_depth': 4, 'n_estimators': 750, 'reg_alpha': 0.1, 'reg_lambda': 1.5, 'subsample': 1.0}",0.9851902248919406,0.9880111344363328,0.9915312989325971,0.988708263606662,0.988360230466883,0.0022554160184066986,1501
1518,1.1741023659706116,0.1363025800641025,0.03750967979431152,0.010523552260071982,1.0,0.2,0.05,4,750,0.1,2.0,0.7,"{'colsample_bytree': 1.0, 'gamma': 0.2, 'learning_rate': 0.05, 'max_depth': 4, 'n_estimators': 750, 'reg_alpha': 0.1, 'reg_lambda': 2.0, 'subsample': 0.7}",0.9837795765103758,0.9908321169335286,0.9964713903718013,0.9894139180456464,0.990124250465338,0.004515161117564022,553
1519,1.1290921568870544,0.21047009907055528,0.03475213050842285,0.009038042624700258,1.0,0.2,0.05,4,750,0.1,2.0,0.85,"{'colsample_bytree': 1.0, 'gamma': 0.2, 'learning_rate': 0.05, 'max_depth': 4, 'n_estimators': 750, 'reg_alpha': 0.1, 'reg_lambda': 2.0, 'subsample': 0.85}",0.9858951786975421,0.9915373597517307,0.995059946520522,0.9894139180456464,0.9904766007538603,0.0033260709051670416,421
1520,0.6680670380592346,0.09042982063736313,0.01876389980316162,0.0024185000304106532,1.0,0.2,0.05,4,750,0.1,2.0,1.0,"{'colsample_bytree': 1.0, 'gamma': 0.2, 'learning_rate': 0.05, 'max_depth': 4, 'n_estimators': 750, 'reg_alpha': 0.1, 'reg_lambda': 2.0, 'subsample': 1.0}",0.9873059638694429,0.9880111344363328,0.9929428053469331,0.9865909628578188,0.9887127166276319,0.0024933241128409322,1369
1521,1.0975784659385681,0.22656600830388793,0.029129326343536377,0.0036413881746370715,1.0,0.2,0.05,4,750,0.5,1.0,0.7,"{'colsample_bytree': 1.0, 'gamma': 0.2, 'learning_rate': 0.05, 'max_depth': 4, 'n_estimators': 750, 'reg_alpha': 0.5, 'reg_lambda': 1.0, 'subsample': 0.7}",0.9837795765103758,0.989421589208529,0.9950598973131997,0.9894139180456464,0.9894187452694377,0.003988196712303008,964
1522,0.8952695727348328,0.047119652522518936,0.023884713649749756,0.0011429882463805635,1.0,0.2,0.05,4,750,0.5,1.0,0.85,"{'colsample_bytree': 1.0, 'gamma': 0.2, 'learning_rate': 0.05, 'max_depth': 4, 'n_estimators': 750, 'reg_alpha': 0.5, 'reg_lambda': 1.0, 'subsample': 0.85}",0.9858953751153834,0.9908321169335286,0.9957656494662985,0.9901197306558291,0.9906532180427599,0.003503235575403986,279
1523,0.5634154081344604,0.08182634474858468,0.016131818294525146,0.0017414331742581616,1.0,0.2,0.05,4,750,0.5,1.0,1.0,"{'colsample_bytree': 1.0, 'gamma': 0.2, 'learning_rate': 0.05, 'max_depth': 4, 'n_estimators': 750, 'reg_alpha': 0.5, 'reg_lambda': 1.0, 'subsample': 1.0}",0.9851904016614919,0.9894216733848407,0.992237105212699,0.9872970496244795,0.9885365574708778,0.0026081900895361704,1445
1524,1.1154529452323914,0.11485118590526469,0.030763089656829834,0.0020645464711867823,1.0,0.2,0.05,4,750,0.5,1.5,0.7,"{'colsample_bytree': 1.0, 'gamma': 0.2, 'learning_rate': 0.05, 'max_depth': 4, 'n_estimators': 750, 'reg_alpha': 0.5, 'reg_lambda': 1.5, 'subsample': 0.7}",0.9837797701197444,0.9908321169335286,0.9943541992883981,0.9894139180456464,0.9895950010968294,0.003808875339529945,884
1525,0.9360308051109314,0.10786852244614752,0.02463221549987793,0.0009536498632872302,1.0,0.2,0.05,4,750,0.5,1.5,0.85,"{'colsample_bytree': 1.0, 'gamma': 0.2, 'learning_rate': 0.05, 'max_depth': 4, 'n_estimators': 750, 'reg_alpha': 0.5, 'reg_lambda': 1.5, 'subsample': 0.85}",0.9837795765103758,0.9908321169335286,0.995059946520522,0.9887080836414638,0.9895949309014725,0.00406207673952012,894
1526,0.5167801976203918,0.032397169998905906,0.015499353408813477,0.0011176331892042402,1.0,0.2,0.05,4,750,0.5,1.5,1.0,"{'colsample_bytree': 1.0, 'gamma': 0.2, 'learning_rate': 0.05, 'max_depth': 4, 'n_estimators': 750, 'reg_alpha': 0.5, 'reg_lambda': 1.5, 'subsample': 1.0}",0.9866007862874648,0.9887164123283938,0.9915314001577777,0.9858851045518296,0.9881834258313665,0.002195451851340369,1577
1527,1.072565734386444,0.030948973249199162,0.030390799045562744,0.000745073993035654,1.0,0.2,0.05,4,750,0.5,2.0,0.7,"{'colsample_bytree': 1.0, 'gamma': 0.2, 'learning_rate': 0.05, 'max_depth': 4, 'n_estimators': 750, 'reg_alpha': 0.5, 'reg_lambda': 2.0, 'subsample': 0.7}",0.9830744501384601,0.9901268607873446,0.9950598973131997,0.9894139180456464,0.9894187815711627,0.004259522507667528,955
1528,0.908135175704956,0.07657477641821704,0.02525615692138672,0.00109191673477006,1.0,0.2,0.05,4,750,0.5,2.0,0.85,"{'colsample_bytree': 1.0, 'gamma': 0.2, 'learning_rate': 0.05, 'max_depth': 4, 'n_estimators': 750, 'reg_alpha': 0.5, 'reg_lambda': 2.0, 'subsample': 0.85}",0.9851900481181693,0.9908321169335286,0.9943542442775466,0.9887080836414638,0.9897711232426771,0.0033259212454003375,834
1529,0.49376291036605835,0.03809855250165409,0.013757765293121338,0.0010379327053707615,1.0,0.2,0.05,4,750,0.5,2.0,1.0,"{'colsample_bytree': 1.0, 'gamma': 0.2, 'learning_rate': 0.05, 'max_depth': 4, 'n_estimators': 750, 'reg_alpha': 0.5, 'reg_lambda': 2.0, 'subsample': 1.0}",0.9837797701197444,0.9887164123283938,0.9915314001577777,0.9858851045518296,0.9874781717894364,0.002923095019502499,1797
1530,1.0855739116668701,0.13940522845614156,0.03125,0.004023825856542881,1.0,0.2,0.05,4,750,1.0,1.0,0.7,"{'colsample_bytree': 1.0, 'gamma': 0.2, 'learning_rate': 0.05, 'max_depth': 4, 'n_estimators': 750, 'reg_alpha': 1.0, 'reg_lambda': 1.0, 'subsample': 0.7}",0.9837795765103758,0.989421589208529,0.9936485026692425,0.9894139180456464,0.9890658966084485,0.003506889456277973,1157
1531,0.984919548034668,0.17294740401286232,0.026628494262695312,0.005013532087192043,1.0,0.2,0.05,4,750,1.0,1.0,0.85,"{'colsample_bytree': 1.0, 'gamma': 0.2, 'learning_rate': 0.05, 'max_depth': 4, 'n_estimators': 750, 'reg_alpha': 1.0, 'reg_lambda': 1.0, 'subsample': 0.85}",0.9844849126269217,0.9901268607873446,0.9936485026692425,0.9887080836414638,0.9892420899312432,0.003283107952370912,1098
1532,0.6569477915763855,0.163411610725338,0.025253236293792725,0.014011555393996015,1.0,0.2,0.05,4,750,1.0,1.0,1.0,"{'colsample_bytree': 1.0, 'gamma': 0.2, 'learning_rate': 0.05, 'max_depth': 4, 'n_estimators': 750, 'reg_alpha': 1.0, 'reg_lambda': 1.0, 'subsample': 1.0}",0.9851904016614919,0.9887164123283938,0.9915314001577777,0.9816509283608255,0.9867722856271222,0.0037134706433558464,1897
1533,1.1927640438079834,0.22537116726591133,0.02763599157333374,0.0006560369434512273,1.0,0.2,0.05,4,750,1.0,1.5,0.7,"{'colsample_bytree': 1.0, 'gamma': 0.2, 'learning_rate': 0.05, 'max_depth': 4, 'n_estimators': 750, 'reg_alpha': 1.0, 'reg_lambda': 1.5, 'subsample': 0.7}",0.9816634039979629,0.989421589208529,0.9936485026692425,0.988708263606662,0.9883604398705992,0.004302932631082265,1473
1534,1.0658487677574158,0.2418854701037447,0.02974987030029297,0.008408192336180818,1.0,0.2,0.05,4,750,1.0,1.5,0.85,"{'colsample_bytree': 1.0, 'gamma': 0.2, 'learning_rate': 0.05, 'max_depth': 4, 'n_estimators': 750, 'reg_alpha': 1.0, 'reg_lambda': 1.5, 'subsample': 0.85}",0.9844849126269217,0.9901268607873446,0.9936485026692425,0.9894139180456464,0.9894185485322888,0.0032686007304169157,1007
1535,0.5090499520301819,0.022438806492238214,0.015756428241729736,0.0019176653292300226,1.0,0.2,0.05,4,750,1.0,1.5,1.0,"{'colsample_bytree': 1.0, 'gamma': 0.2, 'learning_rate': 0.05, 'max_depth': 4, 'n_estimators': 750, 'reg_alpha': 1.0, 'reg_lambda': 1.5, 'subsample': 1.0}",0.9858955154104921,0.987305837603845,0.9901199668507407,0.9837680076699911,0.9867723318837673,0.0023068408774093697,1893
1536,1.2172613143920898,0.15860888549044605,0.03651154041290283,0.005350532419403491,1.0,0.2,0.05,4,750,1.0,2.0,0.7,"{'colsample_bytree': 1.0, 'gamma': 0.2, 'learning_rate': 0.05, 'max_depth': 4, 'n_estimators': 750, 'reg_alpha': 1.0, 'reg_lambda': 2.0, 'subsample': 0.7}",0.9830742144370506,0.989421589208529,0.9936484394026853,0.9880024404517326,0.9885366708749994,0.0037761452044144696,1430
1537,1.0079371929168701,0.1378740343316035,0.025016069412231445,0.0032302474152950465,1.0,0.2,0.05,4,750,1.0,2.0,0.85,"{'colsample_bytree': 1.0, 'gamma': 0.2, 'learning_rate': 0.05, 'max_depth': 4, 'n_estimators': 750, 'reg_alpha': 1.0, 'reg_lambda': 2.0, 'subsample': 0.85}",0.9837795765103758,0.9901268607873446,0.9936485026692425,0.9880024404517326,0.9888893451046739,0.003573421355645402,1270
1538,0.5202834010124207,0.006152836558116447,0.01538228988647461,0.0004207950473626353,1.0,0.2,0.05,4,750,1.0,2.0,1.0,"{'colsample_bytree': 1.0, 'gamma': 0.2, 'learning_rate': 0.05, 'max_depth': 4, 'n_estimators': 750, 'reg_alpha': 1.0, 'reg_lambda': 2.0, 'subsample': 1.0}",0.9844849126269217,0.9880111344363328,0.9915314001577777,0.9823567761185704,0.9865960558349007,0.0034924378731579046,1903
1539,1.119337022304535,0.07284107376361605,0.03714144229888916,0.006103193780536454,1.0,0.2,0.05,4,900,0.1,1.0,0.7,"{'colsample_bytree': 1.0, 'gamma': 0.2, 'learning_rate': 0.05, 'max_depth': 4, 'n_estimators': 900, 'reg_alpha': 0.1, 'reg_lambda': 1.0, 'subsample': 0.7}",0.9844846965672964,0.9922425913464957,0.9957656494662985,0.9894139180456464,0.9904767138564343,0.004126892575653961,407
1540,1.4433096051216125,0.07865425410187066,0.03462815284729004,0.007334833248483504,1.0,0.2,0.05,4,900,0.1,1.0,0.85,"{'colsample_bytree': 1.0, 'gamma': 0.2, 'learning_rate': 0.05, 'max_depth': 4, 'n_estimators': 900, 'reg_alpha': 0.1, 'reg_lambda': 1.0, 'subsample': 0.85}",0.9858951786975421,0.9915373597517307,0.9971771221387733,0.9901197306558291,0.9911823478109688,0.004035674205500185,72
1541,0.6430638432502747,0.09650879136705436,0.020382583141326904,0.0044319406159224065,1.0,0.2,0.05,4,900,0.1,1.0,1.0,"{'colsample_bytree': 1.0, 'gamma': 0.2, 'learning_rate': 0.05, 'max_depth': 4, 'n_estimators': 900, 'reg_alpha': 0.1, 'reg_lambda': 1.0, 'subsample': 1.0}",0.9851902248919406,0.9880111344363328,0.9936485026692425,0.988708398576796,0.988889565143578,0.0030470094561271615,1238
1542,1.171853244304657,0.013299023219585291,0.03488391637802124,0.0011325187475088603,1.0,0.2,0.05,4,900,0.1,1.5,0.7,"{'colsample_bytree': 1.0, 'gamma': 0.2, 'learning_rate': 0.05, 'max_depth': 4, 'n_estimators': 900, 'reg_alpha': 0.1, 'reg_lambda': 1.5, 'subsample': 0.7}",0.9844846965672964,0.9922425913464957,0.9964713903718013,0.9894139180456464,0.99065314908281,0.0043578595206284826,292
1543,1.3260329961776733,0.23859686164754496,0.03301215171813965,0.0059776119649803975,1.0,0.2,0.05,4,900,0.1,1.5,0.85,"{'colsample_bytree': 1.0, 'gamma': 0.2, 'learning_rate': 0.05, 'max_depth': 4, 'n_estimators': 900, 'reg_alpha': 0.1, 'reg_lambda': 1.5, 'subsample': 0.85}",0.9858951786975421,0.9922425913464957,0.9964713903718013,0.9908255235816565,0.9913586709993738,0.0037767449232919176,33
1544,0.684330403804779,0.11557290770672242,0.02013397216796875,0.00375787390538531,1.0,0.2,0.05,4,900,0.1,1.5,1.0,"{'colsample_bytree': 1.0, 'gamma': 0.2, 'learning_rate': 0.05, 'max_depth': 4, 'n_estimators': 900, 'reg_alpha': 0.1, 'reg_lambda': 1.5, 'subsample': 1.0}",0.9851902248919406,0.9880111344363328,0.9915312989325971,0.988708263606662,0.988360230466883,0.0022554160184066986,1501
1545,1.4568331241607666,0.1993649359329138,0.045250654220581055,0.011254582404030697,1.0,0.2,0.05,4,900,0.1,2.0,0.7,"{'colsample_bytree': 1.0, 'gamma': 0.2, 'learning_rate': 0.05, 'max_depth': 4, 'n_estimators': 900, 'reg_alpha': 0.1, 'reg_lambda': 2.0, 'subsample': 0.7}",0.9837795765103758,0.9915373597517307,0.9964713903718013,0.9894139180456464,0.9903005611698886,0.004552971028092324,456
1546,1.0938432812690735,0.053653237018692575,0.030635535717010498,0.0011901254675900478,1.0,0.2,0.05,4,900,0.1,2.0,0.85,"{'colsample_bytree': 1.0, 'gamma': 0.2, 'learning_rate': 0.05, 'max_depth': 4, 'n_estimators': 900, 'reg_alpha': 0.1, 'reg_lambda': 2.0, 'subsample': 0.85}",0.9858951786975421,0.9915373597517307,0.9957656832081598,0.9894139180456464,0.9906530349257698,0.0035739966909724783,318
1547,0.7932519912719727,0.09356455537920122,0.019254624843597412,0.0019167582846895909,1.0,0.2,0.05,4,900,0.1,2.0,1.0,"{'colsample_bytree': 1.0, 'gamma': 0.2, 'learning_rate': 0.05, 'max_depth': 4, 'n_estimators': 900, 'reg_alpha': 0.1, 'reg_lambda': 2.0, 'subsample': 1.0}",0.9873059638694429,0.9880111344363328,0.9929428053469331,0.9865909628578188,0.9887127166276319,0.0024933241128409322,1369
1548,1.261128842830658,0.17189202824137192,0.0418972373008728,0.008749148839368547,1.0,0.2,0.05,4,900,0.5,1.0,0.7,"{'colsample_bytree': 1.0, 'gamma': 0.2, 'learning_rate': 0.05, 'max_depth': 4, 'n_estimators': 900, 'reg_alpha': 0.5, 'reg_lambda': 1.0, 'subsample': 0.7}",0.9830744501384601,0.9908321169335286,0.9957656494662985,0.9894139180456464,0.9897715336459834,0.004528605685018229,755
1549,1.0246867537498474,0.011338059305369987,0.02525240182876587,0.0008253041616754391,1.0,0.2,0.05,4,900,0.5,1.0,0.85,"{'colsample_bytree': 1.0, 'gamma': 0.2, 'learning_rate': 0.05, 'max_depth': 4, 'n_estimators': 900, 'reg_alpha': 0.5, 'reg_lambda': 1.0, 'subsample': 0.85}",0.9851900481181693,0.9901268607873446,0.9964713903718013,0.9901197306558291,0.990477007483286,0.0040042107519034364,356
1550,0.7499736547470093,0.08951745790362627,0.022752463817596436,0.006011891642548508,1.0,0.2,0.05,4,900,0.5,1.0,1.0,"{'colsample_bytree': 1.0, 'gamma': 0.2, 'learning_rate': 0.05, 'max_depth': 4, 'n_estimators': 900, 'reg_alpha': 0.5, 'reg_lambda': 1.0, 'subsample': 1.0}",0.9851904016614919,0.9894216733848407,0.992237105212699,0.9872970496244795,0.9885365574708778,0.0026081900895361704,1445
1551,1.355149507522583,0.2555144413191411,0.04238003492355347,0.010407285990561472,1.0,0.2,0.05,4,900,0.5,1.5,0.7,"{'colsample_bytree': 1.0, 'gamma': 0.2, 'learning_rate': 0.05, 'max_depth': 4, 'n_estimators': 900, 'reg_alpha': 0.5, 'reg_lambda': 1.5, 'subsample': 0.7}",0.9837797701197444,0.9908321169335286,0.995059946520522,0.9894139180456464,0.9897714379048603,0.004034887441946579,774
1552,1.2581148743629456,0.17447444672635523,0.03500896692276001,0.008700122632231305,1.0,0.2,0.05,4,900,0.5,1.5,0.85,"{'colsample_bytree': 1.0, 'gamma': 0.2, 'learning_rate': 0.05, 'max_depth': 4, 'n_estimators': 900, 'reg_alpha': 0.5, 'reg_lambda': 1.5, 'subsample': 0.85}",0.9837795765103758,0.9908321169335286,0.995059946520522,0.9894139180456464,0.9897713895025182,0.004034959317975182,786
1553,0.5999190807342529,0.014702471227471963,0.017132580280303955,0.0007456104781707714,1.0,0.2,0.05,4,900,0.5,1.5,1.0,"{'colsample_bytree': 1.0, 'gamma': 0.2, 'learning_rate': 0.05, 'max_depth': 4, 'n_estimators': 900, 'reg_alpha': 0.5, 'reg_lambda': 1.5, 'subsample': 1.0}",0.9866007862874648,0.9887164123283938,0.9915314001577777,0.9858851045518296,0.9881834258313665,0.002195451851340369,1577
1554,1.3177419304847717,0.18345141537522686,0.03539609909057617,0.005275950124635811,1.0,0.2,0.05,4,900,0.5,2.0,0.7,"{'colsample_bytree': 1.0, 'gamma': 0.2, 'learning_rate': 0.05, 'max_depth': 4, 'n_estimators': 900, 'reg_alpha': 0.5, 'reg_lambda': 2.0, 'subsample': 0.7}",0.9830744501384601,0.9908321169335286,0.995059946520522,0.9901197306558291,0.989771561062085,0.0043030313821422915,748
1555,1.3707638382911682,0.17623843599672326,0.03551673889160156,0.006613061421210327,1.0,0.2,0.05,4,900,0.5,2.0,0.85,"{'colsample_bytree': 1.0, 'gamma': 0.2, 'learning_rate': 0.05, 'max_depth': 4, 'n_estimators': 900, 'reg_alpha': 0.5, 'reg_lambda': 2.0, 'subsample': 0.85}",0.9844849126269217,0.9908321169335286,0.995059946520522,0.9894139180456464,0.9899477235316547,0.003776381431176652,688
1556,0.5860527753829956,0.02691671595579145,0.016999661922454834,0.0012260190223820774,1.0,0.2,0.05,4,900,0.5,2.0,1.0,"{'colsample_bytree': 1.0, 'gamma': 0.2, 'learning_rate': 0.05, 'max_depth': 4, 'n_estimators': 900, 'reg_alpha': 0.5, 'reg_lambda': 2.0, 'subsample': 1.0}",0.9837797701197444,0.9887164123283938,0.9915314001577777,0.9858851045518296,0.9874781717894364,0.002923095019502499,1797
1557,1.1130679249763489,0.03794345354088258,0.03064584732055664,0.0007391265894217215,1.0,0.2,0.05,4,900,1.0,1.0,0.7,"{'colsample_bytree': 1.0, 'gamma': 0.2, 'learning_rate': 0.05, 'max_depth': 4, 'n_estimators': 900, 'reg_alpha': 1.0, 'reg_lambda': 1.0, 'subsample': 0.7}",0.9830742144370506,0.9901268607873446,0.9936485026692425,0.9894139180456464,0.989065873984821,0.0038127187628737035,1161
1558,1.0554360747337341,0.1778098830348271,0.029000043869018555,0.008123699058385826,1.0,0.2,0.05,4,900,1.0,1.0,0.85,"{'colsample_bytree': 1.0, 'gamma': 0.2, 'learning_rate': 0.05, 'max_depth': 4, 'n_estimators': 900, 'reg_alpha': 1.0, 'reg_lambda': 1.0, 'subsample': 0.85}",0.9844849126269217,0.9901268607873446,0.9936485026692425,0.9887080836414638,0.9892420899312432,0.003283107952370912,1098
1559,0.7174506783485413,0.09159312878126148,0.01838284730911255,0.00418755541514277,1.0,0.2,0.05,4,900,1.0,1.0,1.0,"{'colsample_bytree': 1.0, 'gamma': 0.2, 'learning_rate': 0.05, 'max_depth': 4, 'n_estimators': 900, 'reg_alpha': 1.0, 'reg_lambda': 1.0, 'subsample': 1.0}",0.9851904016614919,0.9887164123283938,0.9915314001577777,0.9816509283608255,0.9867722856271222,0.0037134706433558464,1897
1560,1.1222065091133118,0.02001084149327987,0.03663152456283569,0.009003050013968183,1.0,0.2,0.05,4,900,1.0,1.5,0.7,"{'colsample_bytree': 1.0, 'gamma': 0.2, 'learning_rate': 0.05, 'max_depth': 4, 'n_estimators': 900, 'reg_alpha': 1.0, 'reg_lambda': 1.5, 'subsample': 0.7}",0.9823688243014796,0.9901268607873446,0.9936485026692425,0.9894139180456464,0.9888895264509283,0.004091863694363195,1245
1561,1.289259433746338,0.16527638012057783,0.030885517597198486,0.00906874983481479,1.0,0.2,0.05,4,900,1.0,1.5,0.85,"{'colsample_bytree': 1.0, 'gamma': 0.2, 'learning_rate': 0.05, 'max_depth': 4, 'n_estimators': 900, 'reg_alpha': 1.0, 'reg_lambda': 1.5, 'subsample': 0.85}",0.9837795765103758,0.9901268607873446,0.9936485026692425,0.9887080836414638,0.9890657559021067,0.0035425673429295285,1181
1562,0.6440628170967102,0.08346704970585198,0.015881776809692383,0.0011371682615561763,1.0,0.2,0.05,4,900,1.0,1.5,1.0,"{'colsample_bytree': 1.0, 'gamma': 0.2, 'learning_rate': 0.05, 'max_depth': 4, 'n_estimators': 900, 'reg_alpha': 1.0, 'reg_lambda': 1.5, 'subsample': 1.0}",0.9858955154104921,0.987305837603845,0.9901199668507407,0.9837680076699911,0.9867723318837673,0.0023068408774093697,1893
1563,1.3201466798782349,0.1599094845626571,0.0416446328163147,0.00884581715591589,1.0,0.2,0.05,4,900,1.0,2.0,0.7,"{'colsample_bytree': 1.0, 'gamma': 0.2, 'learning_rate': 0.05, 'max_depth': 4, 'n_estimators': 900, 'reg_alpha': 1.0, 'reg_lambda': 2.0, 'subsample': 0.7}",0.9830742144370506,0.989421589208529,0.9936485026692425,0.9880024404517326,0.9885366866916387,0.00377616661544097,1426
1564,1.0973331332206726,0.1954223186098808,0.030881404876708984,0.009619317055057001,1.0,0.2,0.05,4,900,1.0,2.0,0.85,"{'colsample_bytree': 1.0, 'gamma': 0.2, 'learning_rate': 0.05, 'max_depth': 4, 'n_estimators': 900, 'reg_alpha': 1.0, 'reg_lambda': 2.0, 'subsample': 0.85}",0.9837795765103758,0.9901268607873446,0.9936485026692425,0.9880024404517326,0.9888893451046739,0.003573421355645402,1270
1565,0.5720493197441101,0.026859322829377794,0.0168798565864563,0.001883470592083333,1.0,0.2,0.05,4,900,1.0,2.0,1.0,"{'colsample_bytree': 1.0, 'gamma': 0.2, 'learning_rate': 0.05, 'max_depth': 4, 'n_estimators': 900, 'reg_alpha': 1.0, 'reg_lambda': 2.0, 'subsample': 1.0}",0.9844849126269217,0.9880111344363328,0.9915314001577777,0.9823567761185704,0.9865960558349007,0.0034924378731579046,1903
1566,1.4051802158355713,0.1939647608278546,0.040020644664764404,0.01136984850938509,1.0,0.2,0.05,8,750,0.1,1.0,0.7,"{'colsample_bytree': 1.0, 'gamma': 0.2, 'learning_rate': 0.05, 'max_depth': 8, 'n_estimators': 750, 'reg_alpha': 0.1, 'reg_lambda': 1.0, 'subsample': 0.7}",0.9830739113827349,0.9915373597517307,0.9964713903718013,0.9908255235816565,0.990477046271981,0.004795421474858101,350
1567,0.9611684679985046,0.04830976652229525,0.02475064992904663,0.0008274062920936443,1.0,0.2,0.05,8,750,0.1,1.0,0.85,"{'colsample_bytree': 1.0, 'gamma': 0.2, 'learning_rate': 0.05, 'max_depth': 8, 'n_estimators': 750, 'reg_alpha': 0.1, 'reg_lambda': 1.0, 'subsample': 0.85}",0.9851900481181693,0.9915373765867419,0.995059946520522,0.9901197306558291,0.9904767754703155,0.00354285544085197,402
1568,0.752975344657898,0.11096453441270523,0.019137978553771973,0.0005368503630685067,1.0,0.2,0.05,8,750,0.1,1.0,1.0,"{'colsample_bytree': 1.0, 'gamma': 0.2, 'learning_rate': 0.05, 'max_depth': 8, 'n_estimators': 750, 'reg_alpha': 0.1, 'reg_lambda': 1.0, 'subsample': 1.0}",0.9866005197259626,0.9901269197103526,0.9957656832081598,0.9894140656711423,0.9904767970789043,0.003326020701349756,399
1569,1.364926278591156,0.17336170841565965,0.035145580768585205,0.0018397027469347915,1.0,0.2,0.05,8,750,0.1,1.5,0.7,"{'colsample_bytree': 1.0, 'gamma': 0.2, 'learning_rate': 0.05, 'max_depth': 8, 'n_estimators': 750, 'reg_alpha': 0.1, 'reg_lambda': 1.5, 'subsample': 0.7}",0.9844846965672964,0.9915373597517307,0.9957656494662985,0.9908255235816565,0.9906533073417456,0.004031098112860143,264
1570,1.2256370186805725,0.18201614603288954,0.034765779972076416,0.006568095853676622,1.0,0.2,0.05,8,750,0.1,1.5,0.85,"{'colsample_bytree': 1.0, 'gamma': 0.2, 'learning_rate': 0.05, 'max_depth': 8, 'n_estimators': 750, 'reg_alpha': 0.1, 'reg_lambda': 1.5, 'subsample': 0.85}",0.9858951786975421,0.9915373765867419,0.9957656494662985,0.9908255235816565,0.9910059320830598,0.0035032017578123602,130
1571,0.7119754552841187,0.0195986028932995,0.018380582332611084,0.0006450998863506122,1.0,0.2,0.05,8,750,0.1,1.5,1.0,"{'colsample_bytree': 1.0, 'gamma': 0.2, 'learning_rate': 0.05, 'max_depth': 8, 'n_estimators': 750, 'reg_alpha': 0.1, 'reg_lambda': 1.5, 'subsample': 1.0}",0.9851900481181693,0.9901269197103526,0.995059946520522,0.9901197306558291,0.9901241612512183,0.003489537070790111,578
1572,1.1059962511062622,0.05420569512070915,0.03276568651199341,0.002194762093137275,1.0,0.2,0.05,8,750,0.1,2.0,0.7,"{'colsample_bytree': 1.0, 'gamma': 0.2, 'learning_rate': 0.05, 'max_depth': 8, 'n_estimators': 750, 'reg_alpha': 0.1, 'reg_lambda': 2.0, 'subsample': 0.7}",0.9844849126269217,0.9908321169335286,0.9964713903718013,0.9908255235816565,0.990653485878477,0.004241486021384212,228
1573,1.2202782034873962,0.10644229944757912,0.02750098705291748,0.002291201115522425,1.0,0.2,0.05,8,750,0.1,2.0,0.85,"{'colsample_bytree': 1.0, 'gamma': 0.2, 'learning_rate': 0.05, 'max_depth': 8, 'n_estimators': 750, 'reg_alpha': 0.1, 'reg_lambda': 2.0, 'subsample': 0.85}",0.9851902248919406,0.990832153409495,0.9957656494662985,0.9908255235816565,0.9906533878373476,0.0037430921767692854,248
1574,0.7951366901397705,0.0668013316604638,0.018499433994293213,0.0011188329475802802,1.0,0.2,0.05,8,750,0.1,2.0,1.0,"{'colsample_bytree': 1.0, 'gamma': 0.2, 'learning_rate': 0.05, 'max_depth': 8, 'n_estimators': 750, 'reg_alpha': 0.1, 'reg_lambda': 2.0, 'subsample': 1.0}",0.9858951786975421,0.9894216733848407,0.9957656494662985,0.988708263606662,0.9899476912888359,0.0036084751444329624,702
1575,1.2210434675216675,0.12166281376825411,0.03213602304458618,0.0031406401442883062,1.0,0.2,0.05,8,750,0.5,1.0,0.7,"{'colsample_bytree': 1.0, 'gamma': 0.2, 'learning_rate': 0.05, 'max_depth': 8, 'n_estimators': 750, 'reg_alpha': 0.5, 'reg_lambda': 1.0, 'subsample': 0.7}",0.9837795765103758,0.9915373597517307,0.9957656494662985,0.9908255235816565,0.9904770273275154,0.004303229196307791,353
1576,1.2116455435752869,0.1891198540128145,0.027515113353729248,0.0038322269379718918,1.0,0.2,0.05,8,750,0.5,1.0,0.85,"{'colsample_bytree': 1.0, 'gamma': 0.2, 'learning_rate': 0.05, 'max_depth': 8, 'n_estimators': 750, 'reg_alpha': 0.5, 'reg_lambda': 1.0, 'subsample': 0.85}",0.9844850669515415,0.9915373597517307,0.9936485026692425,0.9894140656711423,0.9897712487609143,0.0033993949381798975,807
1577,0.74625563621521,0.08868693187307988,0.01875150203704834,0.002168459302694659,1.0,0.2,0.05,8,750,0.5,1.0,1.0,"{'colsample_bytree': 1.0, 'gamma': 0.2, 'learning_rate': 0.05, 'max_depth': 8, 'n_estimators': 750, 'reg_alpha': 0.5, 'reg_lambda': 1.0, 'subsample': 1.0}",0.9837797701197444,0.9894216733848407,0.9957656494662985,0.988708263606662,0.9894188391443863,0.004259871663405448,939
1578,1.3748335242271423,0.15337016584351007,0.04115438461303711,0.005673504654917997,1.0,0.2,0.05,8,750,0.5,1.5,0.7,"{'colsample_bytree': 1.0, 'gamma': 0.2, 'learning_rate': 0.05, 'max_depth': 8, 'n_estimators': 750, 'reg_alpha': 0.5, 'reg_lambda': 1.5, 'subsample': 0.7}",0.9816639876499984,0.9908321169335286,0.9957656494662985,0.9908255235816565,0.9897718194078704,0.005096505123907104,730
1579,0.9953272342681885,0.04789039507072121,0.025015830993652344,0.0012736927462175093,1.0,0.2,0.05,8,750,0.5,1.5,0.85,"{'colsample_bytree': 1.0, 'gamma': 0.2, 'learning_rate': 0.05, 'max_depth': 8, 'n_estimators': 750, 'reg_alpha': 0.5, 'reg_lambda': 1.5, 'subsample': 0.85}",0.9844850669515415,0.9922425913464957,0.9943542442775466,0.9901197306558291,0.9903004083078533,0.003676156298674647,489
1580,0.6877185106277466,0.021103231069175592,0.018632054328918457,0.0020407610207923152,1.0,0.2,0.05,8,750,0.5,1.5,1.0,"{'colsample_bytree': 1.0, 'gamma': 0.2, 'learning_rate': 0.05, 'max_depth': 8, 'n_estimators': 750, 'reg_alpha': 0.5, 'reg_lambda': 1.5, 'subsample': 1.0}",0.9844850669515415,0.9894216733848407,0.995059946520522,0.988708263606662,0.9894187376158916,0.0037639449406998604,966
1581,1.2492932677268982,0.21318337890942127,0.034393310546875,0.007805697239297569,1.0,0.2,0.05,8,750,0.5,2.0,0.7,"{'colsample_bytree': 1.0, 'gamma': 0.2, 'learning_rate': 0.05, 'max_depth': 8, 'n_estimators': 750, 'reg_alpha': 0.5, 'reg_lambda': 2.0, 'subsample': 0.7}",0.9823693153475482,0.9915373597517307,0.9964714114603177,0.9894139180456464,0.9899480011513109,0.005069582480251573,641
1582,1.2673065066337585,0.1737020762818619,0.03338414430618286,0.007077881933237472,1.0,0.2,0.05,8,750,0.5,2.0,0.85,"{'colsample_bytree': 1.0, 'gamma': 0.2, 'learning_rate': 0.05, 'max_depth': 8, 'n_estimators': 750, 'reg_alpha': 0.5, 'reg_lambda': 2.0, 'subsample': 0.85}",0.9837798991900891,0.9922425913464957,0.9943542442775466,0.9901197306558291,0.9901241163674901,0.003956988412941344,590
1583,0.7689028382301331,0.12377640121531919,0.017751574516296387,0.000829527561246332,1.0,0.2,0.05,8,750,0.5,2.0,1.0,"{'colsample_bytree': 1.0, 'gamma': 0.2, 'learning_rate': 0.05, 'max_depth': 8, 'n_estimators': 750, 'reg_alpha': 0.5, 'reg_lambda': 2.0, 'subsample': 1.0}",0.9851903427387769,0.9894216733848407,0.995059946520522,0.9872967965574946,0.9892421898004085,0.0036769731808898817,1085
1584,1.2253085374832153,0.16657251317006286,0.029380202293395996,0.0008205657903508206,1.0,0.2,0.05,8,750,1.0,1.0,0.7,"{'colsample_bytree': 1.0, 'gamma': 0.2, 'learning_rate': 0.05, 'max_depth': 8, 'n_estimators': 750, 'reg_alpha': 1.0, 'reg_lambda': 1.0, 'subsample': 0.7}",0.9830742144370506,0.9908321169335286,0.995059946520522,0.9901197306558291,0.9897715021367326,0.004303123092053042,761
1585,1.2099127173423767,0.12938601101304786,0.02676600217819214,0.006521407858461713,1.0,0.2,0.05,8,750,1.0,1.0,0.85,"{'colsample_bytree': 1.0, 'gamma': 0.2, 'learning_rate': 0.05, 'max_depth': 8, 'n_estimators': 750, 'reg_alpha': 1.0, 'reg_lambda': 1.0, 'subsample': 0.85}",0.9858955154104921,0.9915373597517307,0.9943542442775466,0.9880026077606279,0.9899474318000994,0.003246083566223966,726
1586,0.6129427552223206,0.013725356884962434,0.015756964683532715,0.0008278994528849061,1.0,0.2,0.05,8,750,1.0,1.0,1.0,"{'colsample_bytree': 1.0, 'gamma': 0.2, 'learning_rate': 0.05, 'max_depth': 8, 'n_estimators': 750, 'reg_alpha': 1.0, 'reg_lambda': 1.0, 'subsample': 1.0}",0.9851904016614919,0.9894216733848407,0.9943541992883981,0.9872967965574946,0.9890657677230563,0.003400069791824417,1179
1587,1.146908700466156,0.1352190291210227,0.029382050037384033,0.0016989499870840726,1.0,0.2,0.05,8,750,1.0,1.5,0.7,"{'colsample_bytree': 1.0, 'gamma': 0.2, 'learning_rate': 0.05, 'max_depth': 8, 'n_estimators': 750, 'reg_alpha': 1.0, 'reg_lambda': 1.5, 'subsample': 0.7}",0.9830744501384601,0.9915373597517307,0.9943542442775466,0.988708263606662,0.9894185794435999,0.004171406914211318,1002
1588,1.089773952960968,0.1684907914195868,0.029501795768737793,0.006876973298582588,1.0,0.2,0.05,8,750,1.0,1.5,0.85,"{'colsample_bytree': 1.0, 'gamma': 0.2, 'learning_rate': 0.05, 'max_depth': 8, 'n_estimators': 750, 'reg_alpha': 1.0, 'reg_lambda': 1.5, 'subsample': 0.85}",0.9837797701197444,0.9915373597517307,0.9943542442775466,0.988708263606662,0.9895949094389209,0.003905968748504851,896
1589,0.8089314699172974,0.14080715002326363,0.018504738807678223,0.0028704803166116214,1.0,0.2,0.05,8,750,1.0,1.5,1.0,"{'colsample_bytree': 1.0, 'gamma': 0.2, 'learning_rate': 0.05, 'max_depth': 8, 'n_estimators': 750, 'reg_alpha': 1.0, 'reg_lambda': 1.5, 'subsample': 1.0}",0.9830746184925907,0.9894216733848407,0.9943541992883981,0.9865909628578188,0.988360363505912,0.004126812481984302,1482
1590,1.329699993133545,0.16787961291861386,0.03563123941421509,0.008505810853469712,1.0,0.2,0.05,8,750,1.0,2.0,0.7,"{'colsample_bytree': 1.0, 'gamma': 0.2, 'learning_rate': 0.05, 'max_depth': 8, 'n_estimators': 750, 'reg_alpha': 1.0, 'reg_lambda': 2.0, 'subsample': 0.7}",0.9837795765103758,0.9901268607873446,0.9943542442775466,0.988708263606662,0.9892422362954822,0.003776273456084616,1079
1591,1.1802477836608887,0.14915085354161367,0.03125298023223877,0.006136184325882661,1.0,0.2,0.05,8,750,1.0,2.0,0.85,"{'colsample_bytree': 1.0, 'gamma': 0.2, 'learning_rate': 0.05, 'max_depth': 8, 'n_estimators': 750, 'reg_alpha': 1.0, 'reg_lambda': 2.0, 'subsample': 0.85}",0.9851902248919406,0.9915373597517307,0.9943542442775466,0.9872967965574946,0.989594656369678,0.0035744562468262033,924
1592,0.6689602136611938,0.0185916971263847,0.019633352756500244,0.0025808311515655826,1.0,0.2,0.05,8,750,1.0,2.0,1.0,"{'colsample_bytree': 1.0, 'gamma': 0.2, 'learning_rate': 0.05, 'max_depth': 8, 'n_estimators': 750, 'reg_alpha': 1.0, 'reg_lambda': 2.0, 'subsample': 1.0}",0.9837798991900891,0.9901268607873446,0.9943542442775466,0.9865909628578188,0.9887129917781998,0.003957940264778273,1343
1593,1.248156189918518,0.06986296080615904,0.03363126516342163,0.0015502307802252428,1.0,0.2,0.05,8,900,0.1,1.0,0.7,"{'colsample_bytree': 1.0, 'gamma': 0.2, 'learning_rate': 0.05, 'max_depth': 8, 'n_estimators': 900, 'reg_alpha': 0.1, 'reg_lambda': 1.0, 'subsample': 0.7}",0.9844846965672964,0.9922425913464957,0.9964713903718013,0.9908255235816565,0.9910060504668126,0.004299988961125036,115
1594,1.332810878753662,0.17656608269391638,0.03313279151916504,0.0078110652112969485,1.0,0.2,0.05,8,900,0.1,1.0,0.85,"{'colsample_bytree': 1.0, 'gamma': 0.2, 'learning_rate': 0.05, 'max_depth': 8, 'n_estimators': 900, 'reg_alpha': 0.1, 'reg_lambda': 1.0, 'subsample': 0.85}",0.9858953751153834,0.9915373765867419,0.995059946520522,0.9901197306558291,0.9906531072196191,0.003283392691717272,304
1595,0.8118866086006165,0.1038592720378783,0.020133793354034424,0.0025730032557832656,1.0,0.2,0.05,8,900,0.1,1.0,1.0,"{'colsample_bytree': 1.0, 'gamma': 0.2, 'learning_rate': 0.05, 'max_depth': 8, 'n_estimators': 900, 'reg_alpha': 0.1, 'reg_lambda': 1.0, 'subsample': 1.0}",0.9866005197259626,0.9901269197103526,0.9957656832081598,0.9894140656711423,0.9904767970789043,0.003326020701349756,399
1596,1.3610731959342957,0.1930534543503743,0.03538388013839722,0.0023909010930409647,1.0,0.2,0.05,8,900,0.1,1.5,0.7,"{'colsample_bytree': 1.0, 'gamma': 0.2, 'learning_rate': 0.05, 'max_depth': 8, 'n_estimators': 900, 'reg_alpha': 0.1, 'reg_lambda': 1.5, 'subsample': 0.7}",0.9837793183573613,0.9922425913464957,0.9964713903718013,0.9908255235816565,0.9908297059143287,0.0045698148473834535,176
1597,1.3978407979011536,0.10958774430294572,0.029131591320037842,0.0020675279524788068,1.0,0.2,0.05,8,900,0.1,1.5,0.85,"{'colsample_bytree': 1.0, 'gamma': 0.2, 'learning_rate': 0.05, 'max_depth': 8, 'n_estimators': 900, 'reg_alpha': 0.1, 'reg_lambda': 1.5, 'subsample': 0.85}",0.9858953751153834,0.9915373765867419,0.995059946520522,0.9908255235816565,0.990829555451076,0.0032689207393897766,200
1598,0.8490414619445801,0.0895237648214654,0.023501455783843994,0.006725886330025653,1.0,0.2,0.05,8,900,0.1,1.5,1.0,"{'colsample_bytree': 1.0, 'gamma': 0.2, 'learning_rate': 0.05, 'max_depth': 8, 'n_estimators': 900, 'reg_alpha': 0.1, 'reg_lambda': 1.5, 'subsample': 1.0}",0.9851900481181693,0.9901269197103526,0.995059946520522,0.9901197306558291,0.9901241612512183,0.003489537070790111,578
1599,1.329541802406311,0.14932328787728003,0.04676789045333862,0.010537935959826711,1.0,0.2,0.05,8,900,0.1,2.0,0.7,"{'colsample_bytree': 1.0, 'gamma': 0.2, 'learning_rate': 0.05, 'max_depth': 8, 'n_estimators': 900, 'reg_alpha': 0.1, 'reg_lambda': 2.0, 'subsample': 0.7}",0.9844846965672964,0.9915373597517307,0.9964713903718013,0.9908255235816565,0.9908297425681212,0.004259945380275947,171
1600,1.282543420791626,0.122316200811475,0.032999634742736816,0.004185547451386614,1.0,0.2,0.05,8,900,0.1,2.0,0.85,"{'colsample_bytree': 1.0, 'gamma': 0.2, 'learning_rate': 0.05, 'max_depth': 8, 'n_estimators': 900, 'reg_alpha': 0.1, 'reg_lambda': 2.0, 'subsample': 0.85}",0.9851902248919406,0.990832153409495,0.9957656494662985,0.9908255235816565,0.9906533878373476,0.0037430921767692854,248
1601,0.7876244187355042,0.07793165173964543,0.020129024982452393,0.002400372201641914,1.0,0.2,0.05,8,900,0.1,2.0,1.0,"{'colsample_bytree': 1.0, 'gamma': 0.2, 'learning_rate': 0.05, 'max_depth': 8, 'n_estimators': 900, 'reg_alpha': 0.1, 'reg_lambda': 2.0, 'subsample': 1.0}",0.9858951786975421,0.9894216733848407,0.9957656494662985,0.988708263606662,0.9899476912888359,0.0036084751444329624,702
1602,1.3633062243461609,0.17718209446157318,0.034382402896881104,0.004530618554007984,1.0,0.2,0.05,8,900,0.5,1.0,0.7,"{'colsample_bytree': 1.0, 'gamma': 0.2, 'learning_rate': 0.05, 'max_depth': 8, 'n_estimators': 900, 'reg_alpha': 0.5, 'reg_lambda': 1.0, 'subsample': 0.7}",0.9830742144370506,0.9915373597517307,0.9957656494662985,0.9908255235816565,0.9903006868091841,0.00457964336475644,438
1603,1.3638021349906921,0.1751151771923038,0.029004991054534912,0.004359419029749853,1.0,0.2,0.05,8,900,0.5,1.0,0.85,"{'colsample_bytree': 1.0, 'gamma': 0.2, 'learning_rate': 0.05, 'max_depth': 8, 'n_estimators': 900, 'reg_alpha': 0.5, 'reg_lambda': 1.0, 'subsample': 0.85}",0.9844850669515415,0.9915373597517307,0.9936485026692425,0.9901197306558291,0.989947665007086,0.003394588078349993,704
1604,0.7988644242286682,0.11463348069745133,0.01675206422805786,0.0008293705019496564,1.0,0.2,0.05,8,900,0.5,1.0,1.0,"{'colsample_bytree': 1.0, 'gamma': 0.2, 'learning_rate': 0.05, 'max_depth': 8, 'n_estimators': 900, 'reg_alpha': 0.5, 'reg_lambda': 1.0, 'subsample': 1.0}",0.9837797701197444,0.9894216733848407,0.9957656494662985,0.988708263606662,0.9894188391443863,0.004259871663405448,939
1605,1.202370047569275,0.03475785735854895,0.036390483379364014,0.007898222067539552,1.0,0.2,0.05,8,900,0.5,1.5,0.7,"{'colsample_bytree': 1.0, 'gamma': 0.2, 'learning_rate': 0.05, 'max_depth': 8, 'n_estimators': 900, 'reg_alpha': 0.5, 'reg_lambda': 1.5, 'subsample': 0.7}",0.9823693153475482,0.9915373597517307,0.9957656494662985,0.9908255235816565,0.9901244620368086,0.004859348285240471,529
1606,1.2396376729011536,0.15170094503332257,0.02824997901916504,0.0029483454450124117,1.0,0.2,0.05,8,900,0.5,1.5,0.85,"{'colsample_bytree': 1.0, 'gamma': 0.2, 'learning_rate': 0.05, 'max_depth': 8, 'n_estimators': 900, 'reg_alpha': 0.5, 'reg_lambda': 1.5, 'subsample': 0.85}",0.9844850669515415,0.9922425913464957,0.9950599760444447,0.9901197306558291,0.9904768412495778,0.003877882320528238,394
1607,0.8191428184509277,0.13538657529311404,0.021503150463104248,0.006725658266187164,1.0,0.2,0.05,8,900,0.5,1.5,1.0,"{'colsample_bytree': 1.0, 'gamma': 0.2, 'learning_rate': 0.05, 'max_depth': 8, 'n_estimators': 900, 'reg_alpha': 0.5, 'reg_lambda': 1.5, 'subsample': 1.0}",0.9844850669515415,0.9894216733848407,0.995059946520522,0.988708263606662,0.9894187376158916,0.0037639449406998604,966
1608,1.3236750960350037,0.16426142964078919,0.03302872180938721,0.000865077140864163,1.0,0.2,0.05,8,900,0.5,2.0,0.7,"{'colsample_bytree': 1.0, 'gamma': 0.2, 'learning_rate': 0.05, 'max_depth': 8, 'n_estimators': 900, 'reg_alpha': 0.5, 'reg_lambda': 2.0, 'subsample': 0.7}",0.9823693153475482,0.9915373597517307,0.9964713903718013,0.9901197306558291,0.9901244490317274,0.005060190258270958,530
1609,1.300670087337494,0.1920820709491022,0.03226304054260254,0.005982677285005194,1.0,0.2,0.05,8,900,0.5,2.0,0.85,"{'colsample_bytree': 1.0, 'gamma': 0.2, 'learning_rate': 0.05, 'max_depth': 8, 'n_estimators': 900, 'reg_alpha': 0.5, 'reg_lambda': 2.0, 'subsample': 0.85}",0.9837798991900891,0.9922425913464957,0.9943542442775466,0.9894139180456464,0.9899476632149444,0.003968968655781936,705
1610,0.7737569212913513,0.04936974698615376,0.018511593341827393,0.0006024808570124779,1.0,0.2,0.05,8,900,0.5,2.0,1.0,"{'colsample_bytree': 1.0, 'gamma': 0.2, 'learning_rate': 0.05, 'max_depth': 8, 'n_estimators': 900, 'reg_alpha': 0.5, 'reg_lambda': 2.0, 'subsample': 1.0}",0.9851903427387769,0.9894216733848407,0.995059946520522,0.9872967965574946,0.9892421898004085,0.0036769731808898817,1085
1611,1.3693119287490845,0.15381097481466144,0.03151935338973999,0.0035939877991285046,1.0,0.2,0.05,8,900,1.0,1.0,0.7,"{'colsample_bytree': 1.0, 'gamma': 0.2, 'learning_rate': 0.05, 'max_depth': 8, 'n_estimators': 900, 'reg_alpha': 1.0, 'reg_lambda': 1.0, 'subsample': 0.7}",0.9837795765103758,0.9908321169335286,0.995059946520522,0.9894140656711423,0.9897714264088922,0.00403495604881273,777
1612,1.1733707189559937,0.19683566004011932,0.023380815982818604,0.0010836456256895898,1.0,0.2,0.05,8,900,1.0,1.0,0.85,"{'colsample_bytree': 1.0, 'gamma': 0.2, 'learning_rate': 0.05, 'max_depth': 8, 'n_estimators': 900, 'reg_alpha': 1.0, 'reg_lambda': 1.0, 'subsample': 0.85}",0.9858955154104921,0.9915373597517307,0.9943542442775466,0.9894139180456464,0.990300259371354,0.0030883887901773243,521
1613,0.8895130753517151,0.13103991997948583,0.01976919174194336,0.002515088450728138,1.0,0.2,0.05,8,900,1.0,1.0,1.0,"{'colsample_bytree': 1.0, 'gamma': 0.2, 'learning_rate': 0.05, 'max_depth': 8, 'n_estimators': 900, 'reg_alpha': 1.0, 'reg_lambda': 1.0, 'subsample': 1.0}",0.9851904016614919,0.9894216733848407,0.9943541992883981,0.9872967965574946,0.9890657677230563,0.003400069791824417,1179
1614,1.381169080734253,0.21831235990980707,0.03389650583267212,0.006832181885822239,1.0,0.2,0.05,8,900,1.0,1.5,0.7,"{'colsample_bytree': 1.0, 'gamma': 0.2, 'learning_rate': 0.05, 'max_depth': 8, 'n_estimators': 900, 'reg_alpha': 1.0, 'reg_lambda': 1.5, 'subsample': 0.7}",0.980958633294789,0.9915373597517307,0.9943542442775466,0.988708263606662,0.988889625232682,0.004995149761197723,1227
1615,1.0807053446769714,0.06900778088355658,0.02463430166244507,0.0009524456599472195,1.0,0.2,0.05,8,900,1.0,1.5,0.85,"{'colsample_bytree': 1.0, 'gamma': 0.2, 'learning_rate': 0.05, 'max_depth': 8, 'n_estimators': 900, 'reg_alpha': 1.0, 'reg_lambda': 1.5, 'subsample': 0.85}",0.9851903427387769,0.9915373597517307,0.9943542442775466,0.988708263606662,0.989947552593679,0.003395338760469251,719
1616,0.7351018786430359,0.11559126862344164,0.019882500171661377,0.005339970520747838,1.0,0.2,0.05,8,900,1.0,1.5,1.0,"{'colsample_bytree': 1.0, 'gamma': 0.2, 'learning_rate': 0.05, 'max_depth': 8, 'n_estimators': 900, 'reg_alpha': 1.0, 'reg_lambda': 1.5, 'subsample': 1.0}",0.9830746184925907,0.9894216733848407,0.9943541992883981,0.9865909628578188,0.988360363505912,0.004126812481984302,1482
1617,1.2258798480033875,0.05064703736800258,0.03150230646133423,0.0020575755258291765,1.0,0.2,0.05,8,900,1.0,2.0,0.7,"{'colsample_bytree': 1.0, 'gamma': 0.2, 'learning_rate': 0.05, 'max_depth': 8, 'n_estimators': 900, 'reg_alpha': 1.0, 'reg_lambda': 2.0, 'subsample': 0.7}",0.9830744501384601,0.9908321169335286,0.9943542442775466,0.9894140656711423,0.9894187192551693,0.004080651679719142,975
1618,1.4439508318901062,0.034401389399567495,0.03063666820526123,0.00409187163387787,1.0,0.2,0.05,8,900,1.0,2.0,0.85,"{'colsample_bytree': 1.0, 'gamma': 0.2, 'learning_rate': 0.05, 'max_depth': 8, 'n_estimators': 900, 'reg_alpha': 1.0, 'reg_lambda': 2.0, 'subsample': 0.85}",0.9837797701197444,0.9915373597517307,0.9943542442775466,0.9887080836414638,0.9895948644476215,0.003905978962189334,903
1619,0.7115917205810547,0.03617399378291571,0.01899874210357666,0.0035352441505116868,1.0,0.2,0.05,8,900,1.0,2.0,1.0,"{'colsample_bytree': 1.0, 'gamma': 0.2, 'learning_rate': 0.05, 'max_depth': 8, 'n_estimators': 900, 'reg_alpha': 1.0, 'reg_lambda': 2.0, 'subsample': 1.0}",0.9837798991900891,0.9901268607873446,0.9943542442775466,0.9865909628578188,0.9887129917781998,0.003957940264778273,1343
1620,0.9182807207107544,0.1221912421282756,0.02525252103805542,0.0028591492914009486,1.0,0.2,0.1,4,750,0.1,1.0,0.7,"{'colsample_bytree': 1.0, 'gamma': 0.2, 'learning_rate': 0.1, 'max_depth': 4, 'n_estimators': 750, 'reg_alpha': 0.1, 'reg_lambda': 1.0, 'subsample': 0.7}",0.9830739113827349,0.9922425913464957,0.9971771221387733,0.9894140656711423,0.9904769226347865,0.005097658774278224,381
1621,0.9401742219924927,0.09540216066069286,0.02476346492767334,0.007067394817232708,1.0,0.2,0.1,4,750,0.1,1.0,0.85,"{'colsample_bytree': 1.0, 'gamma': 0.2, 'learning_rate': 0.1, 'max_depth': 4, 'n_estimators': 750, 'reg_alpha': 0.1, 'reg_lambda': 1.0, 'subsample': 0.85}",0.9866003064691244,0.9915373597517307,0.998588566692963,0.9894139180456464,0.9915350377398662,0.004432916578155913,13
1622,0.4555330276489258,0.06767761340630679,0.01450568437576294,0.001116989203106007,1.0,0.2,0.1,4,750,0.1,1.0,1.0,"{'colsample_bytree': 1.0, 'gamma': 0.2, 'learning_rate': 0.1, 'max_depth': 4, 'n_estimators': 750, 'reg_alpha': 0.1, 'reg_lambda': 1.0, 'subsample': 1.0}",0.9858953751153834,0.9887164123283938,0.9936484394026853,0.9880027272641247,0.9890657385276468,0.002841846812187308,1184
1623,0.8794169425964355,0.03318390755801882,0.025263488292694092,0.000913123243487634,1.0,0.2,0.1,4,750,0.1,1.5,0.7,"{'colsample_bytree': 1.0, 'gamma': 0.2, 'learning_rate': 0.1, 'max_depth': 4, 'n_estimators': 750, 'reg_alpha': 0.1, 'reg_lambda': 1.5, 'subsample': 0.7}",0.9844846965672964,0.9908321169335286,0.9964713903718013,0.9901197306558291,0.9904769836321139,0.004245414166451456,364
1624,0.7950168251991272,0.0430553820451672,0.021248996257781982,0.0008298690005609733,1.0,0.2,0.1,4,750,0.1,1.5,0.85,"{'colsample_bytree': 1.0, 'gamma': 0.2, 'learning_rate': 0.1, 'max_depth': 4, 'n_estimators': 750, 'reg_alpha': 0.1, 'reg_lambda': 1.5, 'subsample': 0.85}",0.9866005197259626,0.9922425913464957,0.9957656832081598,0.9894139180456464,0.9910056780815661,0.003395832864705348,139
1625,0.49027884006500244,0.04058095000191398,0.014385223388671875,0.0004129722255223314,1.0,0.2,0.1,4,750,0.1,1.5,1.0,"{'colsample_bytree': 1.0, 'gamma': 0.2, 'learning_rate': 0.1, 'max_depth': 4, 'n_estimators': 750, 'reg_alpha': 0.1, 'reg_lambda': 1.5, 'subsample': 1.0}",0.9851902248919406,0.9887164123283938,0.9922370588179632,0.9880024404517326,0.9885365341225076,0.0025104422272962798,1451
1626,1.0329318046569824,0.0832348285221598,0.031632840633392334,0.005653897400922841,1.0,0.2,0.1,4,750,0.1,2.0,0.7,"{'colsample_bytree': 1.0, 'gamma': 0.2, 'learning_rate': 0.1, 'max_depth': 4, 'n_estimators': 750, 'reg_alpha': 0.1, 'reg_lambda': 2.0, 'subsample': 0.7}",0.9844846965672964,0.9915373597517307,0.9957656832081598,0.9901197306558291,0.990476867545754,0.004035154105578283,390
1627,0.8980225920677185,0.08966863198026336,0.02349954843521118,0.003041013879558148,1.0,0.2,0.1,4,750,0.1,2.0,0.85,"{'colsample_bytree': 1.0, 'gamma': 0.2, 'learning_rate': 0.1, 'max_depth': 4, 'n_estimators': 750, 'reg_alpha': 0.1, 'reg_lambda': 2.0, 'subsample': 0.85}",0.9851900481181693,0.9922425913464957,0.9957656832081598,0.9894139180456464,0.9906530601796179,0.0038744514958303825,311
1628,0.4727538228034973,0.0368921465700383,0.015132129192352295,0.0007450592494001426,1.0,0.2,0.1,4,750,0.1,2.0,1.0,"{'colsample_bytree': 1.0, 'gamma': 0.2, 'learning_rate': 0.1, 'max_depth': 4, 'n_estimators': 750, 'reg_alpha': 0.1, 'reg_lambda': 2.0, 'subsample': 1.0}",0.9851902248919406,0.9887164123283938,0.9929427491104976,0.9872967965574946,0.9885365457220816,0.0028364511887869954,1449
1629,0.8454996943473816,0.0817047568223974,0.022252202033996582,0.0010961003374864978,1.0,0.2,0.1,4,750,0.5,1.0,0.7,"{'colsample_bytree': 1.0, 'gamma': 0.2, 'learning_rate': 0.1, 'max_depth': 4, 'n_estimators': 750, 'reg_alpha': 0.5, 'reg_lambda': 1.0, 'subsample': 0.7}",0.9837795765103758,0.9915373597517307,0.9957656832081598,0.988708263606662,0.989947720769232,0.004357691381091629,692
1630,0.7806082367897034,0.023010701576783716,0.0216333270072937,0.004286523454394399,1.0,0.2,0.1,4,750,0.5,1.0,0.85,"{'colsample_bytree': 1.0, 'gamma': 0.2, 'learning_rate': 0.1, 'max_depth': 4, 'n_estimators': 750, 'reg_alpha': 0.5, 'reg_lambda': 1.0, 'subsample': 0.85}",0.9844849126269217,0.9908321169335286,0.995059946520522,0.9894139180456464,0.9899477235316547,0.003776381431176652,688
1631,0.42238277196884155,0.018901115030864158,0.013628363609313965,0.0009533555794582602,1.0,0.2,0.1,4,750,0.5,1.0,1.0,"{'colsample_bytree': 1.0, 'gamma': 0.2, 'learning_rate': 0.1, 'max_depth': 4, 'n_estimators': 750, 'reg_alpha': 0.5, 'reg_lambda': 1.0, 'subsample': 1.0}",0.9851902248919406,0.9887164123283938,0.992237105212699,0.9865911498501135,0.9881837230707867,0.0026557007287862752,1569
1632,0.88627028465271,0.03775118226254526,0.023750245571136475,0.0004332920489972864,1.0,0.2,0.1,4,750,0.5,1.5,0.7,"{'colsample_bytree': 1.0, 'gamma': 0.2, 'learning_rate': 0.1, 'max_depth': 4, 'n_estimators': 750, 'reg_alpha': 0.5, 'reg_lambda': 1.5, 'subsample': 0.7}",0.9837793183573613,0.9908321169335286,0.995059946520522,0.9894139180456464,0.9897713249642646,0.004035055156067075,803
1633,0.8901360630989075,0.05338837201029912,0.022265315055847168,0.003542123136341318,1.0,0.2,0.1,4,750,0.5,1.5,0.85,"{'colsample_bytree': 1.0, 'gamma': 0.2, 'learning_rate': 0.1, 'max_depth': 4, 'n_estimators': 750, 'reg_alpha': 0.5, 'reg_lambda': 1.5, 'subsample': 0.85}",0.9837795765103758,0.9908321169335286,0.995059946520522,0.9901197306558291,0.9899478426550639,0.00403089939242155,667
1634,0.450253427028656,0.03192196876885079,0.013001680374145508,3.6626557101576842e-06,1.0,0.2,0.1,4,750,0.5,1.5,1.0,"{'colsample_bytree': 1.0, 'gamma': 0.2, 'learning_rate': 0.1, 'max_depth': 4, 'n_estimators': 750, 'reg_alpha': 0.5, 'reg_lambda': 1.5, 'subsample': 1.0}",0.9844849126269217,0.9894216733848407,0.9894142554693013,0.9844736150070126,0.9869486141220192,0.0024693549282698867,1881
1635,0.9335261583328247,0.09320344383021952,0.024887502193450928,0.0012375322803919884,1.0,0.2,0.1,4,750,0.5,2.0,0.7,"{'colsample_bytree': 1.0, 'gamma': 0.2, 'learning_rate': 0.1, 'max_depth': 4, 'n_estimators': 750, 'reg_alpha': 0.5, 'reg_lambda': 2.0, 'subsample': 0.7}",0.9830742144370506,0.9908321169335286,0.9957656832081598,0.988708263606662,0.9895950695463502,0.004552876435084254,875
1636,0.8139964938163757,0.06739584932095419,0.021136105060577393,0.0016766114605827297,1.0,0.2,0.1,4,750,0.5,2.0,0.85,"{'colsample_bytree': 1.0, 'gamma': 0.2, 'learning_rate': 0.1, 'max_depth': 4, 'n_estimators': 750, 'reg_alpha': 0.5, 'reg_lambda': 2.0, 'subsample': 0.85}",0.9830742144370506,0.9915373597517307,0.995059946520522,0.9901197306558291,0.9899478128412831,0.004357077027450528,669
1637,0.4286258816719055,0.006665169826529152,0.013630986213684082,0.0006574252465179432,1.0,0.2,0.1,4,750,0.5,2.0,1.0,"{'colsample_bytree': 1.0, 'gamma': 0.2, 'learning_rate': 0.1, 'max_depth': 4, 'n_estimators': 750, 'reg_alpha': 0.5, 'reg_lambda': 2.0, 'subsample': 1.0}",0.9851902248919406,0.9887164123283938,0.9915314001577777,0.9865909628578188,0.9880072500589827,0.002390818127290453,1632
1638,0.8504109382629395,0.03686602007329387,0.021754562854766846,0.0008296632276130251,1.0,0.2,0.1,4,750,1.0,1.0,0.7,"{'colsample_bytree': 1.0, 'gamma': 0.2, 'learning_rate': 0.1, 'max_depth': 4, 'n_estimators': 750, 'reg_alpha': 1.0, 'reg_lambda': 1.0, 'subsample': 0.7}",0.9830742144370506,0.989421589208529,0.9929427491104976,0.9887080836414638,0.9885366590993853,0.0035378107123894037,1433
1639,0.7966474294662476,0.046848882388742435,0.017626702785491943,0.00041243193943769186,1.0,0.2,0.1,4,750,1.0,1.0,0.85,"{'colsample_bytree': 1.0, 'gamma': 0.2, 'learning_rate': 0.1, 'max_depth': 4, 'n_estimators': 750, 'reg_alpha': 1.0, 'reg_lambda': 1.0, 'subsample': 0.85}",0.9844849126269217,0.9901268607873446,0.9936485406285719,0.988708263606662,0.9892421444123751,0.0032831133719949906,1090
1640,2.1556589007377625,2.963592000754198,0.013382673263549805,0.0009672588422758472,1.0,0.2,0.1,4,750,1.0,1.0,1.0,"{'colsample_bytree': 1.0, 'gamma': 0.2, 'learning_rate': 0.1, 'max_depth': 4, 'n_estimators': 750, 'reg_alpha': 1.0, 'reg_lambda': 1.0, 'subsample': 1.0}",0.9851904016614919,0.9880111344363328,0.9901199668507407,0.9837677166275938,0.9867723048940398,0.0024633060964489866,1895
1641,0.9215487241744995,0.05007277057919884,0.023250281810760498,0.002382645284395413,1.0,0.2,0.1,4,750,1.0,1.5,0.7,"{'colsample_bytree': 1.0, 'gamma': 0.2, 'learning_rate': 0.1, 'max_depth': 4, 'n_estimators': 750, 'reg_alpha': 1.0, 'reg_lambda': 1.5, 'subsample': 0.7}",0.9830742144370506,0.989421589208529,0.9936485026692425,0.9894139180456464,0.9888895560901172,0.0037757047615098924,1242
1642,0.8545152544975281,0.0024035314409552285,0.021135151386260986,0.005128876985619526,1.0,0.2,0.1,4,750,1.0,1.5,0.85,"{'colsample_bytree': 1.0, 'gamma': 0.2, 'learning_rate': 0.1, 'max_depth': 4, 'n_estimators': 750, 'reg_alpha': 1.0, 'reg_lambda': 1.5, 'subsample': 0.85}",0.9830742144370506,0.9901268607873446,0.9943542442775466,0.9894139180456464,0.9892423093868971,0.004030792550738419,1061
1643,0.4123719334602356,0.015352492972939271,0.01274949312210083,0.0004339116409374709,1.0,0.2,0.1,4,750,1.0,1.5,1.0,"{'colsample_bytree': 1.0, 'gamma': 0.2, 'learning_rate': 0.1, 'max_depth': 4, 'n_estimators': 750, 'reg_alpha': 1.0, 'reg_lambda': 1.5, 'subsample': 1.0}",0.9816637323068047,0.987305837603845,0.992237105212699,0.9823565300760773,0.9858908012998566,0.00426136968740744,1927
1644,0.8458870649337769,0.026044294661947593,0.02288287878036499,0.0016839474737069813,1.0,0.2,0.1,4,750,1.0,2.0,0.7,"{'colsample_bytree': 1.0, 'gamma': 0.2, 'learning_rate': 0.1, 'max_depth': 4, 'n_estimators': 750, 'reg_alpha': 1.0, 'reg_lambda': 2.0, 'subsample': 0.7}",0.9823688243014796,0.989421589208529,0.9922370588179632,0.9872965940966467,0.9878310166061547,0.0036077791426160693,1684
1645,0.7385980486869812,0.022019221590348775,0.018382132053375244,0.0006459624028881681,1.0,0.2,0.1,4,750,1.0,2.0,0.85,"{'colsample_bytree': 1.0, 'gamma': 0.2, 'learning_rate': 0.1, 'max_depth': 4, 'n_estimators': 750, 'reg_alpha': 1.0, 'reg_lambda': 2.0, 'subsample': 0.85}",0.9823691049025824,0.9901268607873446,0.9943541992883981,0.988708263606662,0.9888896071462467,0.004299488307969107,1233
1646,0.4115053415298462,0.01494624457917637,0.012249410152435303,0.00043322372661654086,1.0,0.2,0.1,4,750,1.0,2.0,1.0,"{'colsample_bytree': 1.0, 'gamma': 0.2, 'learning_rate': 0.1, 'max_depth': 4, 'n_estimators': 750, 'reg_alpha': 1.0, 'reg_lambda': 2.0, 'subsample': 1.0}",0.9858955154104921,0.9866005197259626,0.9915314001577777,0.9816506359173786,0.9864195178029027,0.003506455327377155,1913
1647,1.0351911187171936,0.01634870516747171,0.02774900197982788,0.0008305526258602161,1.0,0.2,0.1,4,900,0.1,1.0,0.7,"{'colsample_bytree': 1.0, 'gamma': 0.2, 'learning_rate': 0.1, 'max_depth': 4, 'n_estimators': 900, 'reg_alpha': 0.1, 'reg_lambda': 1.0, 'subsample': 0.7}",0.9830739113827349,0.9922425913464957,0.9971771221387733,0.9894140656711423,0.9904769226347865,0.005097658774278224,381
1648,0.9310113787651062,0.01926635553348149,0.022768676280975342,0.0005654496686830446,1.0,0.2,0.1,4,900,0.1,1.0,0.85,"{'colsample_bytree': 1.0, 'gamma': 0.2, 'learning_rate': 0.1, 'max_depth': 4, 'n_estimators': 900, 'reg_alpha': 0.1, 'reg_lambda': 1.0, 'subsample': 0.85}",0.9866003064691244,0.9915373597517307,0.998588566692963,0.9894139180456464,0.9915350377398662,0.004432916578155913,13
1649,0.4947659373283386,0.012249693563498538,0.014129400253295898,0.0005393014293537895,1.0,0.2,0.1,4,900,0.1,1.0,1.0,"{'colsample_bytree': 1.0, 'gamma': 0.2, 'learning_rate': 0.1, 'max_depth': 4, 'n_estimators': 900, 'reg_alpha': 0.1, 'reg_lambda': 1.0, 'subsample': 1.0}",0.9858953751153834,0.9887164123283938,0.9936484394026853,0.9880027272641247,0.9890657385276468,0.002841846812187308,1184
1650,1.009927213191986,0.044219776159879765,0.02863156795501709,0.0029884635857595973,1.0,0.2,0.1,4,900,0.1,1.5,0.7,"{'colsample_bytree': 1.0, 'gamma': 0.2, 'learning_rate': 0.1, 'max_depth': 4, 'n_estimators': 900, 'reg_alpha': 0.1, 'reg_lambda': 1.5, 'subsample': 0.7}",0.9844846965672964,0.9915373597517307,0.9964713903718013,0.9901197306558291,0.9906532943366644,0.004271068419434136,265
1651,0.8918812274932861,0.044015221231402196,0.022133231163024902,0.0010185461795921042,1.0,0.2,0.1,4,900,0.1,1.5,0.85,"{'colsample_bytree': 1.0, 'gamma': 0.2, 'learning_rate': 0.1, 'max_depth': 4, 'n_estimators': 900, 'reg_alpha': 0.1, 'reg_lambda': 1.5, 'subsample': 0.85}",0.9866005197259626,0.9922425913464957,0.9957656832081598,0.9894139180456464,0.9910056780815661,0.003395832864705348,139
1652,0.5061453580856323,0.008045585081843625,0.014506101608276367,0.0004937694821955765,1.0,0.2,0.1,4,900,0.1,1.5,1.0,"{'colsample_bytree': 1.0, 'gamma': 0.2, 'learning_rate': 0.1, 'max_depth': 4, 'n_estimators': 900, 'reg_alpha': 0.1, 'reg_lambda': 1.5, 'subsample': 1.0}",0.9851902248919406,0.9887164123283938,0.9922370588179632,0.9880024404517326,0.9885365341225076,0.0025104422272962798,1451
1653,1.059697449207306,0.013244456347978655,0.02989727258682251,0.0018362391945771293,1.0,0.2,0.1,4,900,0.1,2.0,0.7,"{'colsample_bytree': 1.0, 'gamma': 0.2, 'learning_rate': 0.1, 'max_depth': 4, 'n_estimators': 900, 'reg_alpha': 0.1, 'reg_lambda': 2.0, 'subsample': 0.7}",0.9844846965672964,0.9915373597517307,0.9957656832081598,0.9908255235816565,0.9906533157772108,0.004031108810946132,263
1654,0.9335522651672363,0.0483159972152374,0.02250272035598755,0.0011207008710246466,1.0,0.2,0.1,4,900,0.1,2.0,0.85,"{'colsample_bytree': 1.0, 'gamma': 0.2, 'learning_rate': 0.1, 'max_depth': 4, 'n_estimators': 900, 'reg_alpha': 0.1, 'reg_lambda': 2.0, 'subsample': 0.85}",0.9844846965672964,0.9922425913464957,0.9950599760444447,0.9894139180456464,0.9903002955009709,0.003906210695102406,512
1655,0.5139265656471252,0.018839722908683715,0.015513360500335693,0.00035494899267750487,1.0,0.2,0.1,4,900,0.1,2.0,1.0,"{'colsample_bytree': 1.0, 'gamma': 0.2, 'learning_rate': 0.1, 'max_depth': 4, 'n_estimators': 900, 'reg_alpha': 0.1, 'reg_lambda': 2.0, 'subsample': 1.0}",0.9851902248919406,0.9887164123283938,0.9929427491104976,0.9872967965574946,0.9885365457220816,0.0028364511887869954,1449
1656,0.9973210096359253,0.017001788129553472,0.02438455820083618,0.0004171674669174881,1.0,0.2,0.1,4,900,0.5,1.0,0.7,"{'colsample_bytree': 1.0, 'gamma': 0.2, 'learning_rate': 0.1, 'max_depth': 4, 'n_estimators': 900, 'reg_alpha': 0.5, 'reg_lambda': 1.0, 'subsample': 0.7}",0.9830742144370506,0.9915373597517307,0.9957656832081598,0.988708263606662,0.9897713802509007,0.0046106560942619085,789
1657,0.8596360683441162,0.04851545714687165,0.020500123500823975,0.0005030101587423797,1.0,0.2,0.1,4,900,0.5,1.0,0.85,"{'colsample_bytree': 1.0, 'gamma': 0.2, 'learning_rate': 0.1, 'max_depth': 4, 'n_estimators': 900, 'reg_alpha': 0.5, 'reg_lambda': 1.0, 'subsample': 0.85}",0.9851902248919406,0.9908321169335286,0.995059946520522,0.988708263606662,0.9899476379881633,0.003573759566634786,709
1658,0.48701179027557373,0.012106738276947929,0.013134777545928955,0.0008878938422599437,1.0,0.2,0.1,4,900,0.5,1.0,1.0,"{'colsample_bytree': 1.0, 'gamma': 0.2, 'learning_rate': 0.1, 'max_depth': 4, 'n_estimators': 900, 'reg_alpha': 0.5, 'reg_lambda': 1.0, 'subsample': 1.0}",0.9851902248919406,0.9887164123283938,0.992237105212699,0.9865911498501135,0.9881837230707867,0.0026557007287862752,1569
1659,1.0324304103851318,0.024648620624977784,0.026505231857299805,0.0004996461375546096,1.0,0.2,0.1,4,900,0.5,1.5,0.7,"{'colsample_bytree': 1.0, 'gamma': 0.2, 'learning_rate': 0.1, 'max_depth': 4, 'n_estimators': 900, 'reg_alpha': 0.5, 'reg_lambda': 1.5, 'subsample': 0.7}",0.984484418767507,0.9908321169335286,0.995059946520522,0.9894139180456464,0.989947600066801,0.003776560033915062,713
1660,0.9217846989631653,0.02670523419524797,0.021380066871643066,0.0006420994895766749,1.0,0.2,0.1,4,900,0.5,1.5,0.85,"{'colsample_bytree': 1.0, 'gamma': 0.2, 'learning_rate': 0.1, 'max_depth': 4, 'n_estimators': 900, 'reg_alpha': 0.5, 'reg_lambda': 1.5, 'subsample': 0.85}",0.9837795765103758,0.9908321169335286,0.995059946520522,0.9894139180456464,0.9897713895025182,0.004034959317975182,786
1661,0.49289119243621826,0.021608479585994236,0.013381659984588623,0.000415123492513248,1.0,0.2,0.1,4,900,0.5,1.5,1.0,"{'colsample_bytree': 1.0, 'gamma': 0.2, 'learning_rate': 0.1, 'max_depth': 4, 'n_estimators': 900, 'reg_alpha': 0.5, 'reg_lambda': 1.5, 'subsample': 1.0}",0.9844849126269217,0.9894216733848407,0.9894142554693013,0.9844736150070126,0.9869486141220192,0.0024693549282698867,1881
1662,1.0334352254867554,0.03033610588856304,0.029634177684783936,0.0019920707685618516,1.0,0.2,0.1,4,900,0.5,2.0,0.7,"{'colsample_bytree': 1.0, 'gamma': 0.2, 'learning_rate': 0.1, 'max_depth': 4, 'n_estimators': 900, 'reg_alpha': 0.5, 'reg_lambda': 2.0, 'subsample': 0.7}",0.9823688243014796,0.9915373597517307,0.9957656832081598,0.9894140656711423,0.9897714832331281,0.004847057349350044,764
1663,0.8670194149017334,0.054086063189314144,0.0209999680519104,0.0007079829845904941,1.0,0.2,0.1,4,900,0.5,2.0,0.85,"{'colsample_bytree': 1.0, 'gamma': 0.2, 'learning_rate': 0.1, 'max_depth': 4, 'n_estimators': 900, 'reg_alpha': 0.5, 'reg_lambda': 2.0, 'subsample': 0.85}",0.9830742144370506,0.9915373597517307,0.995059946520522,0.9894139180456464,0.9897713596887374,0.0043608320866041425,795
1664,0.4951513409614563,0.009964696301061733,0.01400291919708252,4.2998048774889545e-06,1.0,0.2,0.1,4,900,0.5,2.0,1.0,"{'colsample_bytree': 1.0, 'gamma': 0.2, 'learning_rate': 0.1, 'max_depth': 4, 'n_estimators': 900, 'reg_alpha': 0.5, 'reg_lambda': 2.0, 'subsample': 1.0}",0.9851902248919406,0.9887164123283938,0.9915314001577777,0.9865909628578188,0.9880072500589827,0.002390818127290453,1632
1665,0.9756722450256348,0.019452006789808608,0.024132490158081055,0.0012466435693431375,1.0,0.2,0.1,4,900,1.0,1.0,0.7,"{'colsample_bytree': 1.0, 'gamma': 0.2, 'learning_rate': 0.1, 'max_depth': 4, 'n_estimators': 900, 'reg_alpha': 1.0, 'reg_lambda': 1.0, 'subsample': 0.7}",0.9830742144370506,0.989421589208529,0.9929427491104976,0.9880024404517326,0.9883602483019525,0.0035424546101135283,1497
1666,0.8498865962028503,0.0408473550869341,0.01913285255432129,0.0013497841763727445,1.0,0.2,0.1,4,900,1.0,1.0,0.85,"{'colsample_bytree': 1.0, 'gamma': 0.2, 'learning_rate': 0.1, 'max_depth': 4, 'n_estimators': 900, 'reg_alpha': 1.0, 'reg_lambda': 1.0, 'subsample': 0.85}",0.9844849126269217,0.9901268607873446,0.9943542442775466,0.9880024404517326,0.9892421145358864,0.0035736678728798994,1097
1667,0.4734000563621521,0.01082228253531318,0.014002084732055664,0.0010008824019268042,1.0,0.2,0.1,4,900,1.0,1.0,1.0,"{'colsample_bytree': 1.0, 'gamma': 0.2, 'learning_rate': 0.1, 'max_depth': 4, 'n_estimators': 900, 'reg_alpha': 1.0, 'reg_lambda': 1.0, 'subsample': 1.0}",0.9851904016614919,0.9880111344363328,0.9901199668507407,0.9837677166275938,0.9867723048940398,0.0024633060964489866,1895
1668,0.9865526556968689,0.025174635790619987,0.02588444948196411,0.0008966931694362797,1.0,0.2,0.1,4,900,1.0,1.5,0.7,"{'colsample_bytree': 1.0, 'gamma': 0.2, 'learning_rate': 0.1, 'max_depth': 4, 'n_estimators': 900, 'reg_alpha': 1.0, 'reg_lambda': 1.5, 'subsample': 0.7}",0.9823688243014796,0.9901268607873446,0.995059946520522,0.9894139180456464,0.9892423874137481,0.004524974577979028,1046
1669,0.835126519203186,0.04091288747144689,0.020002782344818115,0.0015829165674774179,1.0,0.2,0.1,4,900,1.0,1.5,0.85,"{'colsample_bytree': 1.0, 'gamma': 0.2, 'learning_rate': 0.1, 'max_depth': 4, 'n_estimators': 900, 'reg_alpha': 1.0, 'reg_lambda': 1.5, 'subsample': 0.85}",0.9830742144370506,0.9901268607873446,0.9943542442775466,0.9894139180456464,0.9892423093868971,0.004030792550738419,1061
1670,0.48565131425857544,0.006124059501524103,0.014499902725219727,0.0016573296295288214,1.0,0.2,0.1,4,900,1.0,1.5,1.0,"{'colsample_bytree': 1.0, 'gamma': 0.2, 'learning_rate': 0.1, 'max_depth': 4, 'n_estimators': 900, 'reg_alpha': 1.0, 'reg_lambda': 1.5, 'subsample': 1.0}",0.9816637323068047,0.987305837603845,0.992237105212699,0.9823565300760773,0.9858908012998566,0.00426136968740744,1927
1671,1.0521953701972961,0.08264847591299214,0.028383195400238037,0.005740525241692958,1.0,0.2,0.1,4,900,1.0,2.0,0.7,"{'colsample_bytree': 1.0, 'gamma': 0.2, 'learning_rate': 0.1, 'max_depth': 4, 'n_estimators': 900, 'reg_alpha': 1.0, 'reg_lambda': 2.0, 'subsample': 0.7}",0.980957951420544,0.989421589208529,0.9922370588179632,0.9880024404517326,0.9876547599746922,0.0041559377628764705,1708
1672,0.8850300908088684,0.027314270585075004,0.020382940769195557,0.0009521135638308228,1.0,0.2,0.1,4,900,1.0,2.0,0.85,"{'colsample_bytree': 1.0, 'gamma': 0.2, 'learning_rate': 0.1, 'max_depth': 4, 'n_estimators': 900, 'reg_alpha': 1.0, 'reg_lambda': 2.0, 'subsample': 0.85}",0.9816637323068047,0.9901268607873446,0.9943541992883981,0.9894139180456464,0.9888896776070485,0.004579321263766166,1215
1673,0.4986531734466553,0.0512920539415835,0.014002621173858643,0.0007031837271815323,1.0,0.2,0.1,4,900,1.0,2.0,1.0,"{'colsample_bytree': 1.0, 'gamma': 0.2, 'learning_rate': 0.1, 'max_depth': 4, 'n_estimators': 900, 'reg_alpha': 1.0, 'reg_lambda': 2.0, 'subsample': 1.0}",0.9858955154104921,0.9866005197259626,0.9915314001577777,0.9816506359173786,0.9864195178029027,0.003506455327377155,1913
1674,0.9896813631057739,0.08332278315597512,0.027381718158721924,0.004722226163101327,1.0,0.2,0.1,8,750,0.1,1.0,0.7,"{'colsample_bytree': 1.0, 'gamma': 0.2, 'learning_rate': 0.1, 'max_depth': 8, 'n_estimators': 750, 'reg_alpha': 0.1, 'reg_lambda': 1.0, 'subsample': 0.7}",0.985189812413243,0.9922425913464957,0.9964714114603177,0.9901197306558291,0.9910058864689715,0.0040624312896345195,133
1675,0.8499036431312561,0.09178540645830184,0.0226401686668396,0.005254881926976125,1.0,0.2,0.1,8,750,0.1,1.0,0.85,"{'colsample_bytree': 1.0, 'gamma': 0.2, 'learning_rate': 0.1, 'max_depth': 8, 'n_estimators': 750, 'reg_alpha': 0.1, 'reg_lambda': 1.0, 'subsample': 0.85}",0.9866006796641367,0.990832153409495,0.9957656494662985,0.9908255235816565,0.9910060015303968,0.0032451465559434215,121
1676,0.551673173904419,0.05849453139219627,0.01938927173614502,0.004377913267030776,1.0,0.2,0.1,8,750,0.1,1.0,1.0,"{'colsample_bytree': 1.0, 'gamma': 0.2, 'learning_rate': 0.1, 'max_depth': 8, 'n_estimators': 750, 'reg_alpha': 0.1, 'reg_lambda': 1.0, 'subsample': 1.0}",0.9866005197259626,0.9908321169335286,0.9950598973131997,0.9901198487546965,0.9906530956818469,0.0030066456970423722,309
1677,0.9675644040107727,0.06259615586518873,0.02564007043838501,0.0011326279977481788,1.0,0.2,0.1,8,750,0.1,1.5,0.7,"{'colsample_bytree': 1.0, 'gamma': 0.2, 'learning_rate': 0.1, 'max_depth': 8, 'n_estimators': 750, 'reg_alpha': 0.1, 'reg_lambda': 1.5, 'subsample': 0.7}",0.9823684735375408,0.9922425913464957,0.9964714184897671,0.9908255235816565,0.9904770017388651,0.005121524087433404,359
1678,0.8724006414413452,0.05337669173560414,0.01999950408935547,0.0012250455160487074,1.0,0.2,0.1,8,750,0.1,1.5,0.85,"{'colsample_bytree': 1.0, 'gamma': 0.2, 'learning_rate': 0.1, 'max_depth': 8, 'n_estimators': 750, 'reg_alpha': 0.1, 'reg_lambda': 1.5, 'subsample': 0.85}",0.9858953751153834,0.990832153409495,0.9971771221387733,0.9908255235816565,0.9911825435613271,0.004004352601274786,52
1679,0.5616901516914368,0.05545237745575794,0.014749526977539062,0.0008289887022300743,1.0,0.2,0.1,8,750,0.1,1.5,1.0,"{'colsample_bytree': 1.0, 'gamma': 0.2, 'learning_rate': 0.1, 'max_depth': 8, 'n_estimators': 750, 'reg_alpha': 0.1, 'reg_lambda': 1.5, 'subsample': 1.0}",0.985189812413243,0.9901269197103526,0.995059946520522,0.9901197306558291,0.9901241023249867,0.003489620391421058,593
1680,0.9771813154220581,0.07344575484282792,0.02627354860305786,0.0017902352239295143,1.0,0.2,0.1,8,750,0.1,2.0,0.7,"{'colsample_bytree': 1.0, 'gamma': 0.2, 'learning_rate': 0.1, 'max_depth': 8, 'n_estimators': 750, 'reg_alpha': 0.1, 'reg_lambda': 2.0, 'subsample': 0.7}",0.984484418767507,0.9922425913464957,0.9964714114603177,0.9908255235816565,0.9910059862889942,0.00430010099002427,123
1681,0.8633977174758911,0.06098306074835821,0.02599775791168213,0.009824216198561166,1.0,0.2,0.1,8,750,0.1,2.0,0.85,"{'colsample_bytree': 1.0, 'gamma': 0.2, 'learning_rate': 0.1, 'max_depth': 8, 'n_estimators': 750, 'reg_alpha': 0.1, 'reg_lambda': 2.0, 'subsample': 0.85}",0.9866005197259626,0.9915373597517307,0.9950598973131997,0.9908255235816565,0.9910058250931373,0.0030065451381888304,135
1682,0.538409948348999,0.008582996902892794,0.015134096145629883,0.0008957440274835521,1.0,0.2,0.1,8,750,0.1,2.0,1.0,"{'colsample_bytree': 1.0, 'gamma': 0.2, 'learning_rate': 0.1, 'max_depth': 8, 'n_estimators': 750, 'reg_alpha': 0.1, 'reg_lambda': 2.0, 'subsample': 1.0}",0.9866005197259626,0.9894216733848407,0.995059946520522,0.9901197306558291,0.9903004675717886,0.0030474251008463077,479
1683,0.8956517577171326,0.08209012099846155,0.024767935276031494,0.00344241209477133,1.0,0.2,0.1,8,750,0.5,1.0,0.7,"{'colsample_bytree': 1.0, 'gamma': 0.2, 'learning_rate': 0.1, 'max_depth': 8, 'n_estimators': 750, 'reg_alpha': 0.5, 'reg_lambda': 1.0, 'subsample': 0.7}",0.9802528966131908,0.9915373597517307,0.9964714114603177,0.9908255235816565,0.989771797851724,0.005910199870352943,731
1684,0.794248104095459,0.0819105334784176,0.022002577781677246,0.008159000879770098,1.0,0.2,0.1,8,750,0.5,1.0,0.85,"{'colsample_bytree': 1.0, 'gamma': 0.2, 'learning_rate': 0.1, 'max_depth': 8, 'n_estimators': 750, 'reg_alpha': 0.5, 'reg_lambda': 1.0, 'subsample': 0.85}",0.9858955154104921,0.9922425913464957,0.9943541992883981,0.9908255235816565,0.9908294574067606,0.0031130592654703094,209
1685,0.501027524471283,0.02606743262653145,0.014512360095977783,0.0018396176128260419,1.0,0.2,0.1,8,750,0.5,1.0,1.0,"{'colsample_bytree': 1.0, 'gamma': 0.2, 'learning_rate': 0.1, 'max_depth': 8, 'n_estimators': 750, 'reg_alpha': 0.5, 'reg_lambda': 1.0, 'subsample': 1.0}",0.9837797701197444,0.9901269197103526,0.995059946520522,0.9880024404517326,0.9892422692005879,0.004062143752318684,1071
1686,0.9806806445121765,0.08757709189761537,0.02388465404510498,0.0008944672733593533,1.0,0.2,0.1,8,750,0.5,1.5,0.7,"{'colsample_bytree': 1.0, 'gamma': 0.2, 'learning_rate': 0.1, 'max_depth': 8, 'n_estimators': 750, 'reg_alpha': 0.5, 'reg_lambda': 1.5, 'subsample': 0.7}",0.9830739113827349,0.9915373597517307,0.9957656832081598,0.9908255235816565,0.9903006194810704,0.004579772982681058,444
1687,0.828496515750885,0.04675850569430667,0.01888042688369751,0.0005447902975374558,1.0,0.2,0.1,8,750,0.5,1.5,0.85,"{'colsample_bytree': 1.0, 'gamma': 0.2, 'learning_rate': 0.1, 'max_depth': 8, 'n_estimators': 750, 'reg_alpha': 0.5, 'reg_lambda': 1.5, 'subsample': 0.85}",0.9851902248919406,0.9922425913464957,0.9943542442775466,0.9901197306558291,0.990476697792953,0.0033995576202188573,415
1688,0.48988884687423706,0.021143418410666595,0.013635993003845215,0.00041228634042217086,1.0,0.2,0.1,8,750,0.5,1.5,1.0,"{'colsample_bytree': 1.0, 'gamma': 0.2, 'learning_rate': 0.1, 'max_depth': 8, 'n_estimators': 750, 'reg_alpha': 0.5, 'reg_lambda': 1.5, 'subsample': 1.0}",0.9851904016614919,0.9894216733848407,0.995059946520522,0.9894140656711423,0.9897715218094992,0.003507287646662317,757
1689,0.8945209980010986,0.05739716465738424,0.023630380630493164,0.002222342259764792,1.0,0.2,0.1,8,750,0.5,2.0,0.7,"{'colsample_bytree': 1.0, 'gamma': 0.2, 'learning_rate': 0.1, 'max_depth': 8, 'n_estimators': 750, 'reg_alpha': 0.5, 'reg_lambda': 2.0, 'subsample': 0.7}",0.9844849126269217,0.9908321169335286,0.9957656832081598,0.9908255235816565,0.9904770590875667,0.004003837467741416,348
1690,0.8572531342506409,0.0738408165644126,0.021756350994110107,0.0037674859035042745,1.0,0.2,0.1,8,750,0.5,2.0,0.85,"{'colsample_bytree': 1.0, 'gamma': 0.2, 'learning_rate': 0.1, 'max_depth': 8, 'n_estimators': 750, 'reg_alpha': 0.5, 'reg_lambda': 2.0, 'subsample': 0.85}",0.9837798991900891,0.9915373597517307,0.995059946520522,0.9901197306558291,0.9901242340295427,0.004080710322229381,558
1691,0.5380313992500305,0.026933329760296422,0.014754116535186768,0.0004296593325153221,1.0,0.2,0.1,8,750,0.5,2.0,1.0,"{'colsample_bytree': 1.0, 'gamma': 0.2, 'learning_rate': 0.1, 'max_depth': 8, 'n_estimators': 750, 'reg_alpha': 0.5, 'reg_lambda': 2.0, 'subsample': 1.0}",0.9858955154104921,0.9901269197103526,0.995059946520522,0.9880026077606279,0.9897712473504986,0.0034002288823039,808
1692,0.9081390500068665,0.06741974094443406,0.021631896495819092,0.0009650034087815563,1.0,0.2,0.1,8,750,1.0,1.0,0.7,"{'colsample_bytree': 1.0, 'gamma': 0.2, 'learning_rate': 0.1, 'max_depth': 8, 'n_estimators': 750, 'reg_alpha': 1.0, 'reg_lambda': 1.0, 'subsample': 0.7}",0.9823688243014796,0.9908321169335286,0.9943542667718518,0.9901197306558291,0.9894187346656723,0.004374635931354346,970
1693,0.7743503451347351,0.060247556581535806,0.016883373260498047,0.0019417060336232638,1.0,0.2,0.1,8,750,1.0,1.0,0.85,"{'colsample_bytree': 1.0, 'gamma': 0.2, 'learning_rate': 0.1, 'max_depth': 8, 'n_estimators': 750, 'reg_alpha': 1.0, 'reg_lambda': 1.0, 'subsample': 0.85}",0.9851902248919406,0.9922425913464957,0.9943542442775466,0.9894140656711423,0.9903002815467813,0.003431662817586273,514
1694,0.49840521812438965,0.04555985258390023,0.01438075304031372,0.0009652782051424983,1.0,0.2,0.1,8,750,1.0,1.0,1.0,"{'colsample_bytree': 1.0, 'gamma': 0.2, 'learning_rate': 0.1, 'max_depth': 8, 'n_estimators': 750, 'reg_alpha': 1.0, 'reg_lambda': 1.0, 'subsample': 1.0}",0.9844851595448396,0.9894216733848407,0.9943541992883981,0.988708263606662,0.9892423239561852,0.0035028299032051,1054
1695,0.9077582359313965,0.03964229773841661,0.022772789001464844,0.00043514117717202206,1.0,0.2,0.1,8,750,1.0,1.5,0.7,"{'colsample_bytree': 1.0, 'gamma': 0.2, 'learning_rate': 0.1, 'max_depth': 8, 'n_estimators': 750, 'reg_alpha': 1.0, 'reg_lambda': 1.5, 'subsample': 0.7}",0.9837797701197444,0.9915373597517307,0.9950599760444447,0.9901197306558291,0.9901242091429372,0.004080769416574819,566
1696,0.8460046052932739,0.10691821475439933,0.018388211727142334,0.0015607483177117957,1.0,0.2,0.1,8,750,1.0,1.5,0.85,"{'colsample_bytree': 1.0, 'gamma': 0.2, 'learning_rate': 0.1, 'max_depth': 8, 'n_estimators': 750, 'reg_alpha': 1.0, 'reg_lambda': 1.5, 'subsample': 0.85}",0.9844850669515415,0.9922425913464957,0.9936485026692425,0.9880026077606279,0.9895946921819769,0.0036085922550327335,919
1697,0.4636324644088745,0.040496156971598266,0.013639330863952637,0.0018811670201098363,1.0,0.2,0.1,8,750,1.0,1.5,1.0,"{'colsample_bytree': 1.0, 'gamma': 0.2, 'learning_rate': 0.1, 'max_depth': 8, 'n_estimators': 750, 'reg_alpha': 1.0, 'reg_lambda': 1.5, 'subsample': 1.0}",0.9823693153475482,0.9894216733848407,0.9936485026692425,0.9872967965574946,0.9881840719897814,0.004061721075013129,1535
1698,0.9709245562553406,0.08513002906497598,0.02425527572631836,0.003956826706641306,1.0,0.2,0.1,8,750,1.0,2.0,0.7,"{'colsample_bytree': 1.0, 'gamma': 0.2, 'learning_rate': 0.1, 'max_depth': 8, 'n_estimators': 750, 'reg_alpha': 1.0, 'reg_lambda': 2.0, 'subsample': 0.7}",0.9844849126269217,0.9901268607873446,0.9936485406285719,0.9901197306558291,0.9895950111746669,0.003282621008651439,883
1699,0.7951236963272095,0.11348469063616752,0.01737964153289795,0.0009572604450251123,1.0,0.2,0.1,8,750,1.0,2.0,0.85,"{'colsample_bytree': 1.0, 'gamma': 0.2, 'learning_rate': 0.1, 'max_depth': 8, 'n_estimators': 750, 'reg_alpha': 1.0, 'reg_lambda': 2.0, 'subsample': 0.85}",0.9844849126269217,0.9915373597517307,0.9936485406285719,0.988708398576796,0.9895948028960051,0.0034315815567077745,915
1700,0.5217939615249634,0.034718231843810406,0.015751779079437256,0.004209119675587087,1.0,0.2,0.1,8,750,1.0,2.0,1.0,"{'colsample_bytree': 1.0, 'gamma': 0.2, 'learning_rate': 0.1, 'max_depth': 8, 'n_estimators': 750, 'reg_alpha': 1.0, 'reg_lambda': 2.0, 'subsample': 1.0}",0.9844851595448396,0.9894216733848407,0.9936485026692425,0.9865909628578188,0.9885365746141854,0.0034320029663641696,1442
1701,1.0903291702270508,0.12086552983055075,0.028900623321533203,0.006165146612177349,1.0,0.2,0.1,8,900,0.1,1.0,0.7,"{'colsample_bytree': 1.0, 'gamma': 0.2, 'learning_rate': 0.1, 'max_depth': 8, 'n_estimators': 900, 'reg_alpha': 0.1, 'reg_lambda': 1.0, 'subsample': 0.7}",0.985189812413243,0.9922425913464957,0.997177133385926,0.9901197306558291,0.9911823169503735,0.004304102872606711,78
1702,0.9552919268608093,0.10284490097556254,0.020381450653076172,0.0013927406238218407,1.0,0.2,0.1,8,900,0.1,1.0,0.85,"{'colsample_bytree': 1.0, 'gamma': 0.2, 'learning_rate': 0.1, 'max_depth': 8, 'n_estimators': 900, 'reg_alpha': 0.1, 'reg_lambda': 1.0, 'subsample': 0.85}",0.9866006796641367,0.990832153409495,0.9971771221387733,0.9908255235816565,0.9913588696985154,0.0037767155701520544,27
1703,0.5578024387359619,0.022472516707941724,0.015000224113464355,0.0007073086578300975,1.0,0.2,0.1,8,900,0.1,1.0,1.0,"{'colsample_bytree': 1.0, 'gamma': 0.2, 'learning_rate': 0.1, 'max_depth': 8, 'n_estimators': 900, 'reg_alpha': 0.1, 'reg_lambda': 1.0, 'subsample': 1.0}",0.9866005197259626,0.9908321169335286,0.9950598973131997,0.9901198487546965,0.9906530956818469,0.0030066456970423722,309
1704,1.1252253651618958,0.08146141656555296,0.03013455867767334,0.0026630504558493957,1.0,0.2,0.1,8,900,0.1,1.5,0.7,"{'colsample_bytree': 1.0, 'gamma': 0.2, 'learning_rate': 0.1, 'max_depth': 8, 'n_estimators': 900, 'reg_alpha': 0.1, 'reg_lambda': 1.5, 'subsample': 0.7}",0.9823684735375408,0.9922425913464957,0.9964714184897671,0.9908255235816565,0.9904770017388651,0.005121524087433404,359
1705,0.9750537872314453,0.11979655455947562,0.024640679359436035,0.004006502770842057,1.0,0.2,0.1,8,900,0.1,1.5,0.85,"{'colsample_bytree': 1.0, 'gamma': 0.2, 'learning_rate': 0.1, 'max_depth': 8, 'n_estimators': 900, 'reg_alpha': 0.1, 'reg_lambda': 1.5, 'subsample': 0.85}",0.9866005197259626,0.990832153409495,0.9978828468761907,0.9908255235816565,0.9915352608983261,0.004050975357371532,10
1706,0.5926805734634399,0.05200623019847097,0.016253769397735596,0.0016438314604186664,1.0,0.2,0.1,8,900,0.1,1.5,1.0,"{'colsample_bytree': 1.0, 'gamma': 0.2, 'learning_rate': 0.1, 'max_depth': 8, 'n_estimators': 900, 'reg_alpha': 0.1, 'reg_lambda': 1.5, 'subsample': 1.0}",0.985189812413243,0.9901269197103526,0.995059946520522,0.9901197306558291,0.9901241023249867,0.003489620391421058,593
1707,1.0722084641456604,0.017626042957562864,0.026762843132019043,0.0010272069831571966,1.0,0.2,0.1,8,900,0.1,2.0,0.7,"{'colsample_bytree': 1.0, 'gamma': 0.2, 'learning_rate': 0.1, 'max_depth': 8, 'n_estimators': 900, 'reg_alpha': 0.1, 'reg_lambda': 2.0, 'subsample': 0.7}",0.9830735409682778,0.9922425913464957,0.9964714114603177,0.9908255235816565,0.990653266839187,0.0048440343693397885,268
1708,1.008581280708313,0.10731908443954928,0.024750947952270508,0.005450137692398629,1.0,0.2,0.1,8,900,0.1,2.0,0.85,"{'colsample_bytree': 1.0, 'gamma': 0.2, 'learning_rate': 0.1, 'max_depth': 8, 'n_estimators': 900, 'reg_alpha': 0.1, 'reg_lambda': 2.0, 'subsample': 0.85}",0.9866005197259626,0.9915373597517307,0.9950598973131997,0.9908255235816565,0.9910058250931373,0.0030065451381888304,135
1709,0.5844476222991943,0.07786664711044375,0.015000522136688232,0.0012253391923505315,1.0,0.2,0.1,8,900,0.1,2.0,1.0,"{'colsample_bytree': 1.0, 'gamma': 0.2, 'learning_rate': 0.1, 'max_depth': 8, 'n_estimators': 900, 'reg_alpha': 0.1, 'reg_lambda': 2.0, 'subsample': 1.0}",0.9866005197259626,0.9894216733848407,0.995059946520522,0.9901197306558291,0.9903004675717886,0.0030474251008463077,479
1710,1.018807828426361,0.09253791801570162,0.02601248025894165,0.00434857472984247,1.0,0.2,0.1,8,900,0.5,1.0,0.7,"{'colsample_bytree': 1.0, 'gamma': 0.2, 'learning_rate': 0.1, 'max_depth': 8, 'n_estimators': 900, 'reg_alpha': 0.5, 'reg_lambda': 1.0, 'subsample': 0.7}",0.980957951420544,0.9915373597517307,0.9964714114603177,0.9908255235816565,0.9899480615535623,0.005627432420367504,637
1711,1.0110517740249634,0.1401023210641381,0.026883244514465332,0.009057042746245114,1.0,0.2,0.1,8,900,0.5,1.0,0.85,"{'colsample_bytree': 1.0, 'gamma': 0.2, 'learning_rate': 0.1, 'max_depth': 8, 'n_estimators': 900, 'reg_alpha': 0.5, 'reg_lambda': 1.0, 'subsample': 0.85}",0.9858955154104921,0.9922425913464957,0.9943541992883981,0.9908255235816565,0.9908294574067606,0.0031130592654703094,209
1712,0.5401624441146851,0.015604771746147276,0.014379024505615234,0.0006436538871856585,1.0,0.2,0.1,8,900,0.5,1.0,1.0,"{'colsample_bytree': 1.0, 'gamma': 0.2, 'learning_rate': 0.1, 'max_depth': 8, 'n_estimators': 900, 'reg_alpha': 0.5, 'reg_lambda': 1.0, 'subsample': 1.0}",0.9837797701197444,0.9901269197103526,0.995059946520522,0.9880024404517326,0.9892422692005879,0.004062143752318684,1071
1713,1.0629579424858093,0.1075193715675331,0.0288812518119812,0.0053841744405952645,1.0,0.2,0.1,8,900,0.5,1.5,0.7,"{'colsample_bytree': 1.0, 'gamma': 0.2, 'learning_rate': 0.1, 'max_depth': 8, 'n_estimators': 900, 'reg_alpha': 0.5, 'reg_lambda': 1.5, 'subsample': 0.7}",0.9837793183573613,0.9915373597517307,0.9957656832081598,0.9908255235816565,0.990476971224727,0.004303340009491467,366
1714,1.0015626549720764,0.1146892489431943,0.02037912607192993,0.0010826919149751503,1.0,0.2,0.1,8,900,0.5,1.5,0.85,"{'colsample_bytree': 1.0, 'gamma': 0.2, 'learning_rate': 0.1, 'max_depth': 8, 'n_estimators': 900, 'reg_alpha': 0.5, 'reg_lambda': 1.5, 'subsample': 0.85}",0.9851902248919406,0.9922425913464957,0.9957656832081598,0.9901197306558291,0.9908295575256063,0.003829749602491204,197
1715,0.5464280843734741,0.013695484879387125,0.017879784107208252,0.005875242954624862,1.0,0.2,0.1,8,900,0.5,1.5,1.0,"{'colsample_bytree': 1.0, 'gamma': 0.2, 'learning_rate': 0.1, 'max_depth': 8, 'n_estimators': 900, 'reg_alpha': 0.5, 'reg_lambda': 1.5, 'subsample': 1.0}",0.9851904016614919,0.9894216733848407,0.995059946520522,0.9894140656711423,0.9897715218094992,0.003507287646662317,757
1716,1.0106842517852783,0.0863403611637934,0.024629831314086914,0.001559721898705961,1.0,0.2,0.1,8,900,0.5,2.0,0.7,"{'colsample_bytree': 1.0, 'gamma': 0.2, 'learning_rate': 0.1, 'max_depth': 8, 'n_estimators': 900, 'reg_alpha': 0.5, 'reg_lambda': 2.0, 'subsample': 0.7}",0.9837795765103758,0.9908321169335286,0.9950599760444447,0.9908255235816565,0.9901242982675014,0.004049973256033404,542
1717,1.0281857252120972,0.11507058339821347,0.020132243633270264,0.0016793844099518471,1.0,0.2,0.1,8,900,0.5,2.0,0.85,"{'colsample_bytree': 1.0, 'gamma': 0.2, 'learning_rate': 0.1, 'max_depth': 8, 'n_estimators': 900, 'reg_alpha': 0.5, 'reg_lambda': 2.0, 'subsample': 0.85}",0.9837798991900891,0.9915373597517307,0.995059946520522,0.9901197306558291,0.9901242340295427,0.004080710322229381,558
1718,0.5737965703010559,0.02835729673449062,0.01775217056274414,0.0036298613746646113,1.0,0.2,0.1,8,900,0.5,2.0,1.0,"{'colsample_bytree': 1.0, 'gamma': 0.2, 'learning_rate': 0.1, 'max_depth': 8, 'n_estimators': 900, 'reg_alpha': 0.5, 'reg_lambda': 2.0, 'subsample': 1.0}",0.9858955154104921,0.9901269197103526,0.995059946520522,0.9880026077606279,0.9897712473504986,0.0034002288823039,808
1719,1.0024200081825256,0.08339245316138817,0.02588474750518799,0.003165728476389375,1.0,0.2,0.1,8,900,1.0,1.0,0.7,"{'colsample_bytree': 1.0, 'gamma': 0.2, 'learning_rate': 0.1, 'max_depth': 8, 'n_estimators': 900, 'reg_alpha': 1.0, 'reg_lambda': 1.0, 'subsample': 0.7}",0.9823691049025824,0.9908321169335286,0.9943542667718518,0.9901197306558291,0.989418804815948,0.004374522881452134,946
1720,0.9335390329360962,0.12677869874201425,0.019131958484649658,0.0030841281720267693,1.0,0.2,0.1,8,900,1.0,1.0,0.85,"{'colsample_bytree': 1.0, 'gamma': 0.2, 'learning_rate': 0.1, 'max_depth': 8, 'n_estimators': 900, 'reg_alpha': 1.0, 'reg_lambda': 1.0, 'subsample': 0.85}",0.9851902248919406,0.9922425913464957,0.9943542442775466,0.9901197306558291,0.990476697792953,0.0033995576202188573,415
1721,0.577664852142334,0.04333386027568179,0.01663494110107422,0.0031042716509819537,1.0,0.2,0.1,8,900,1.0,1.0,1.0,"{'colsample_bytree': 1.0, 'gamma': 0.2, 'learning_rate': 0.1, 'max_depth': 8, 'n_estimators': 900, 'reg_alpha': 1.0, 'reg_lambda': 1.0, 'subsample': 1.0}",0.9844851595448396,0.9894216733848407,0.9943541992883981,0.988708263606662,0.9892423239561852,0.0035028299032051,1054
1722,0.9664236903190613,0.05640190816795278,0.02251124382019043,0.0012669171718314959,1.0,0.2,0.1,8,900,1.0,1.5,0.7,"{'colsample_bytree': 1.0, 'gamma': 0.2, 'learning_rate': 0.1, 'max_depth': 8, 'n_estimators': 900, 'reg_alpha': 1.0, 'reg_lambda': 1.5, 'subsample': 0.7}",0.9844849126269217,0.9915373597517307,0.9950599760444447,0.9908255235816565,0.9904769430011884,0.003812958562180559,372
1723,0.9216556549072266,0.09690160169146163,0.02025294303894043,0.004492136333529662,1.0,0.2,0.1,8,900,1.0,1.5,0.85,"{'colsample_bytree': 1.0, 'gamma': 0.2, 'learning_rate': 0.1, 'max_depth': 8, 'n_estimators': 900, 'reg_alpha': 1.0, 'reg_lambda': 1.5, 'subsample': 0.85}",0.9844850669515415,0.9922425913464957,0.9936485026692425,0.9894139180456464,0.9899475197532316,0.0035031325109051658,721
1724,0.5606701970100403,0.005328098011363555,0.01475435495376587,0.00042896857435611584,1.0,0.2,0.1,8,900,1.0,1.5,1.0,"{'colsample_bytree': 1.0, 'gamma': 0.2, 'learning_rate': 0.1, 'max_depth': 8, 'n_estimators': 900, 'reg_alpha': 1.0, 'reg_lambda': 1.5, 'subsample': 1.0}",0.9823693153475482,0.9894216733848407,0.9936485026692425,0.9872967965574946,0.9881840719897814,0.004061721075013129,1535
1725,1.0789501667022705,0.09956655106101224,0.02438110113143921,0.0006413338877866076,1.0,0.2,0.1,8,900,1.0,2.0,0.7,"{'colsample_bytree': 1.0, 'gamma': 0.2, 'learning_rate': 0.1, 'max_depth': 8, 'n_estimators': 900, 'reg_alpha': 1.0, 'reg_lambda': 2.0, 'subsample': 0.7}",0.9837797701197444,0.9908321169335286,0.9936485406285719,0.9901197306558291,0.9895950395844185,0.0036074191172437626,882
1726,1.0330547094345093,0.0806744801075437,0.020512402057647705,0.0009276548491276398,1.0,0.2,0.1,8,900,1.0,2.0,0.85,"{'colsample_bytree': 1.0, 'gamma': 0.2, 'learning_rate': 0.1, 'max_depth': 8, 'n_estimators': 900, 'reg_alpha': 1.0, 'reg_lambda': 2.0, 'subsample': 0.85}",0.9844849126269217,0.9915373597517307,0.9936485406285719,0.9901197306558291,0.9899476359157634,0.003394660509459755,710
1727,0.5227789282798767,0.013144252006855447,0.014761507511138916,0.0013393733653238855,1.0,0.2,0.1,8,900,1.0,2.0,1.0,"{'colsample_bytree': 1.0, 'gamma': 0.2, 'learning_rate': 0.1, 'max_depth': 8, 'n_estimators': 900, 'reg_alpha': 1.0, 'reg_lambda': 2.0, 'subsample': 1.0}",0.9844851595448396,0.9894216733848407,0.9936485026692425,0.9865909628578188,0.9885365746141854,0.0034320029663641696,1442
1728,0.9921733140945435,0.11768924855690499,0.026890575885772705,0.001473665491766245,1.0,0.3,0.05,4,750,0.1,1.0,0.7,"{'colsample_bytree': 1.0, 'gamma': 0.3, 'learning_rate': 0.05, 'max_depth': 4, 'n_estimators': 750, 'reg_alpha': 0.1, 'reg_lambda': 1.0, 'subsample': 0.7}",0.9844846965672964,0.9922425913464957,0.9957656832081598,0.9894139180456464,0.9904767222918996,0.0041269033863742385,406
1729,0.9217869639396667,0.08434952745350144,0.027998805046081543,0.00868917109217355,1.0,0.3,0.05,4,750,0.1,1.0,0.85,"{'colsample_bytree': 1.0, 'gamma': 0.3, 'learning_rate': 0.05, 'max_depth': 4, 'n_estimators': 750, 'reg_alpha': 0.1, 'reg_lambda': 1.0, 'subsample': 0.85}",0.985189812413243,0.9915373597517307,0.9971771221387733,0.9908255235816565,0.9911824544713508,0.0042456199988194524,62
1730,0.49315232038497925,0.024793383217709086,0.015500962734222412,0.0014990373621089719,1.0,0.3,0.05,4,750,0.1,1.0,1.0,"{'colsample_bytree': 1.0, 'gamma': 0.3, 'learning_rate': 0.05, 'max_depth': 4, 'n_estimators': 750, 'reg_alpha': 0.1, 'reg_lambda': 1.0, 'subsample': 1.0}",0.9837797701197444,0.9887163000923067,0.9929428334648147,0.9865913635492072,0.9880075668065182,0.0033443630316396513,1598
1731,1.0445791482925415,0.07595164313168701,0.03188115358352661,0.004433998975921268,1.0,0.3,0.05,4,750,0.1,1.5,0.7,"{'colsample_bytree': 1.0, 'gamma': 0.3, 'learning_rate': 0.05, 'max_depth': 4, 'n_estimators': 750, 'reg_alpha': 0.1, 'reg_lambda': 1.5, 'subsample': 0.7}",0.9844846965672964,0.9908321169335286,0.9957656494662985,0.9894139180456464,0.9901240952531924,0.00401981336145861,596
1732,0.9444097876548767,0.11963720685680868,0.024882197380065918,0.002739363199869074,1.0,0.3,0.05,4,750,0.1,1.5,0.85,"{'colsample_bytree': 1.0, 'gamma': 0.3, 'learning_rate': 0.05, 'max_depth': 4, 'n_estimators': 750, 'reg_alpha': 0.1, 'reg_lambda': 1.5, 'subsample': 0.85}",0.985189812413243,0.9908321169335286,0.995059946520522,0.9908255235816565,0.9904768498622376,0.0035073254775115333,392
1733,0.5337899923324585,0.04539394564069629,0.021635234355926514,0.009238987061076733,1.0,0.3,0.05,4,750,0.1,1.5,1.0,"{'colsample_bytree': 1.0, 'gamma': 0.3, 'learning_rate': 0.05, 'max_depth': 4, 'n_estimators': 750, 'reg_alpha': 0.1, 'reg_lambda': 1.5, 'subsample': 1.0}",0.9866007862874648,0.9887164123283938,0.9901199668507407,0.9851796919395991,0.9876542143515495,0.001900077089404903,1756
1734,1.009423851966858,0.07594217045886575,0.030147075653076172,0.0018567093339327833,1.0,0.3,0.05,4,750,0.1,2.0,0.7,"{'colsample_bytree': 1.0, 'gamma': 0.3, 'learning_rate': 0.05, 'max_depth': 4, 'n_estimators': 750, 'reg_alpha': 0.1, 'reg_lambda': 2.0, 'subsample': 0.7}",0.9830744501384601,0.9901268607873446,0.9943542442775466,0.9894139180456464,0.9892423683122494,0.004030702380872112,1048
1735,0.9192680716514587,0.08483408190314858,0.02463209629058838,0.0015607596365160576,1.0,0.3,0.05,4,750,0.1,2.0,0.85,"{'colsample_bytree': 1.0, 'gamma': 0.3, 'learning_rate': 0.05, 'max_depth': 4, 'n_estimators': 750, 'reg_alpha': 0.1, 'reg_lambda': 2.0, 'subsample': 0.85}",0.9837795765103758,0.9901268607873446,0.9943542442775466,0.9901197306558291,0.9895951030577741,0.003775836813635836,866
1736,0.5324060916900635,0.020831433257760545,0.01600325107574463,0.0007071531329283796,1.0,0.3,0.05,4,750,0.1,2.0,1.0,"{'colsample_bytree': 1.0, 'gamma': 0.3, 'learning_rate': 0.05, 'max_depth': 4, 'n_estimators': 750, 'reg_alpha': 0.1, 'reg_lambda': 2.0, 'subsample': 1.0}",0.9851902248919406,0.9887164123283938,0.992237105212699,0.9865909628578188,0.9881836763227131,0.0026557287638033847,1572
1737,0.955412745475769,0.023387945380596728,0.02625107765197754,0.0010898375215930775,1.0,0.3,0.05,4,750,0.5,1.0,0.7,"{'colsample_bytree': 1.0, 'gamma': 0.3, 'learning_rate': 0.05, 'max_depth': 4, 'n_estimators': 750, 'reg_alpha': 0.5, 'reg_lambda': 1.0, 'subsample': 0.7}",0.9844849126269217,0.989421589208529,0.9950598973131997,0.9887080836414638,0.9894186206975285,0.0037639855506028225,995
1738,0.8911343812942505,0.017927977755803622,0.02138686180114746,0.0009694018360095454,1.0,0.3,0.05,4,750,0.5,1.0,0.85,"{'colsample_bytree': 1.0, 'gamma': 0.3, 'learning_rate': 0.05, 'max_depth': 4, 'n_estimators': 750, 'reg_alpha': 0.5, 'reg_lambda': 1.0, 'subsample': 0.85}",0.9851902248919406,0.9901269197103526,0.9943542442775466,0.9901197306558291,0.9899477798839172,0.003244723258591602,675
1739,0.5060293078422546,0.020892369754759627,0.01499927043914795,0.0010000472131878701,1.0,0.3,0.05,4,750,0.5,1.0,1.0,"{'colsample_bytree': 1.0, 'gamma': 0.3, 'learning_rate': 0.05, 'max_depth': 4, 'n_estimators': 750, 'reg_alpha': 0.5, 'reg_lambda': 1.0, 'subsample': 1.0}",0.9858955154104921,0.9887164123283938,0.9901199668507407,0.9858853295083274,0.9876543060244886,0.0018323601890404208,1754
1740,1.001297950744629,0.028499656364425835,0.027385413646697998,0.0013014267361927624,1.0,0.3,0.05,4,750,0.5,1.5,0.7,"{'colsample_bytree': 1.0, 'gamma': 0.3, 'learning_rate': 0.05, 'max_depth': 4, 'n_estimators': 750, 'reg_alpha': 0.5, 'reg_lambda': 1.5, 'subsample': 0.7}",0.9837795765103758,0.989421589208529,0.9943541992883981,0.9894139180456464,0.9892423207632374,0.003742808425199528,1056
1741,0.8576323390007019,0.04303995713171497,0.021252870559692383,0.0014774028419552749,1.0,0.3,0.05,4,750,0.5,1.5,0.85,"{'colsample_bytree': 1.0, 'gamma': 0.3, 'learning_rate': 0.05, 'max_depth': 4, 'n_estimators': 750, 'reg_alpha': 0.5, 'reg_lambda': 1.5, 'subsample': 0.85}",0.9844849126269217,0.9908321169335286,0.9936485026692425,0.9894139180456464,0.9895948625688349,0.003320659789707339,904
1742,0.5083980560302734,0.023467224587153997,0.015634536743164062,0.0006552271556112184,1.0,0.3,0.05,4,750,0.5,1.5,1.0,"{'colsample_bytree': 1.0, 'gamma': 0.3, 'learning_rate': 0.05, 'max_depth': 4, 'n_estimators': 750, 'reg_alpha': 0.5, 'reg_lambda': 1.5, 'subsample': 1.0}",0.9866007862874648,0.9887164123283938,0.9901199668507407,0.985179485263905,0.9876541626826261,0.0019001443801745662,1758
1743,0.9799250960350037,0.021315054319294053,0.02738010883331299,0.0010842880195736676,1.0,0.3,0.05,4,750,0.5,2.0,0.7,"{'colsample_bytree': 1.0, 'gamma': 0.3, 'learning_rate': 0.05, 'max_depth': 4, 'n_estimators': 750, 'reg_alpha': 0.5, 'reg_lambda': 2.0, 'subsample': 0.7}",0.9844849126269217,0.989421589208529,0.9936485026692425,0.9894139180456464,0.989242230637585,0.003244570616222065,1081
1744,0.867388129234314,0.05654547087041937,0.022502005100250244,0.0021792265606238983,1.0,0.3,0.05,4,750,0.5,2.0,0.85,"{'colsample_bytree': 1.0, 'gamma': 0.3, 'learning_rate': 0.05, 'max_depth': 4, 'n_estimators': 750, 'reg_alpha': 0.5, 'reg_lambda': 2.0, 'subsample': 0.85}",0.9851902248919406,0.9908321169335286,0.9936485026692425,0.9887080836414638,0.9895947320340439,0.0030882845678942474,918
1745,0.5096545815467834,0.012790260240610704,0.015382230281829834,0.0006619983988791359,1.0,0.3,0.05,4,750,0.5,2.0,1.0,"{'colsample_bytree': 1.0, 'gamma': 0.3, 'learning_rate': 0.05, 'max_depth': 4, 'n_estimators': 750, 'reg_alpha': 0.5, 'reg_lambda': 2.0, 'subsample': 1.0}",0.9858955154104921,0.987305837603845,0.9901199668507407,0.9837682340290848,0.9867723884735407,0.0023067671783777713,1891
1746,0.926033616065979,0.024695827682312137,0.024630963802337646,0.0011893326796603696,1.0,0.3,0.05,4,750,1.0,1.0,0.7,"{'colsample_bytree': 1.0, 'gamma': 0.3, 'learning_rate': 0.05, 'max_depth': 4, 'n_estimators': 750, 'reg_alpha': 1.0, 'reg_lambda': 1.0, 'subsample': 0.7}",0.9830742144370506,0.989421589208529,0.9943541992883981,0.988708263606662,0.9888895666351598,0.003999889061886866,1237
1747,0.8248530626296997,0.04444112451360388,0.020634114742279053,0.0011945871291867075,1.0,0.3,0.05,4,750,1.0,1.0,0.85,"{'colsample_bytree': 1.0, 'gamma': 0.3, 'learning_rate': 0.05, 'max_depth': 4, 'n_estimators': 750, 'reg_alpha': 1.0, 'reg_lambda': 1.0, 'subsample': 0.85}",0.9844849126269217,0.9908321169335286,0.9929428053469331,0.9887080836414638,0.9892419796372118,0.003128073649610009,1108
1748,0.5008907318115234,0.00629871580739855,0.014256119728088379,0.0004299863871332573,1.0,0.3,0.05,4,750,1.0,1.0,1.0,"{'colsample_bytree': 1.0, 'gamma': 0.3, 'learning_rate': 0.05, 'max_depth': 4, 'n_estimators': 750, 'reg_alpha': 1.0, 'reg_lambda': 1.0, 'subsample': 1.0}",0.9837797701197444,0.9858951786975421,0.9901199668507407,0.9837680076699911,0.9858907308345046,0.002590780087007446,1931
1749,0.9540205597877502,0.01634801206275399,0.025385916233062744,0.0009574687896587165,1.0,0.3,0.05,4,750,1.0,1.5,0.7,"{'colsample_bytree': 1.0, 'gamma': 0.3, 'learning_rate': 0.05, 'max_depth': 4, 'n_estimators': 750, 'reg_alpha': 1.0, 'reg_lambda': 1.5, 'subsample': 0.7}",0.9823691049025824,0.989421589208529,0.9936485026692425,0.988708263606662,0.9885368650967539,0.004030577461370713,1392
1750,0.8334898948669434,0.05102595045457788,0.021634221076965332,0.001975062779471528,1.0,0.3,0.05,4,750,1.0,1.5,0.85,"{'colsample_bytree': 1.0, 'gamma': 0.3, 'learning_rate': 0.05, 'max_depth': 4, 'n_estimators': 750, 'reg_alpha': 1.0, 'reg_lambda': 1.5, 'subsample': 0.85}",0.9837795765103758,0.9908321169335286,0.9936485026692425,0.9872965940966467,0.9888891975524484,0.0037104761782398616,1283
1751,0.5080233216285706,0.0033061342161569457,0.014998674392700195,0.0007093351216702836,1.0,0.3,0.05,4,750,1.0,1.5,1.0,"{'colsample_bytree': 1.0, 'gamma': 0.3, 'learning_rate': 0.05, 'max_depth': 4, 'n_estimators': 750, 'reg_alpha': 1.0, 'reg_lambda': 1.5, 'subsample': 1.0}",0.9816641700336399,0.9866005197259626,0.9901199668507407,0.9837680076699911,0.9855381660700835,0.003172648725260515,1943
1752,0.9464117884635925,0.02378150943102864,0.025879085063934326,0.0007374789867805007,1.0,0.3,0.05,4,750,1.0,2.0,0.7,"{'colsample_bytree': 1.0, 'gamma': 0.3, 'learning_rate': 0.05, 'max_depth': 4, 'n_estimators': 750, 'reg_alpha': 1.0, 'reg_lambda': 2.0, 'subsample': 0.7}",0.9830742144370506,0.989421589208529,0.9936485026692425,0.988708263606662,0.988713142480371,0.0037635491972900443,1319
1753,0.8443650007247925,0.03717414912644834,0.021136045455932617,0.000899006011431223,1.0,0.3,0.05,4,750,1.0,2.0,0.85,"{'colsample_bytree': 1.0, 'gamma': 0.3, 'learning_rate': 0.05, 'max_depth': 4, 'n_estimators': 750, 'reg_alpha': 1.0, 'reg_lambda': 2.0, 'subsample': 0.85}",0.9837795765103758,0.9908321169335286,0.9929428053469331,0.988708398576796,0.9890657243419084,0.003399372754880072,1190
1754,0.5155317187309265,0.02267370527163811,0.01500016450881958,0.001225094344948248,1.0,0.3,0.05,4,750,1.0,2.0,1.0,"{'colsample_bytree': 1.0, 'gamma': 0.3, 'learning_rate': 0.05, 'max_depth': 4, 'n_estimators': 750, 'reg_alpha': 1.0, 'reg_lambda': 2.0, 'subsample': 1.0}",0.9844851595448396,0.9858951786975421,0.9901199668507407,0.9823565300760773,0.9857142087922999,0.002838486506493217,1937
1755,1.163583219051361,0.02619311545547476,0.031754374504089355,0.00043330746760287067,1.0,0.3,0.05,4,900,0.1,1.0,0.7,"{'colsample_bytree': 1.0, 'gamma': 0.3, 'learning_rate': 0.05, 'max_depth': 4, 'n_estimators': 900, 'reg_alpha': 0.1, 'reg_lambda': 1.0, 'subsample': 0.7}",0.9844846965672964,0.9922425913464957,0.995059946520522,0.9894139180456464,0.9903002881199902,0.003906201701458274,513
1756,1.033039927482605,0.04426725050327642,0.026263415813446045,0.0009102684494899885,1.0,0.3,0.05,4,900,0.1,1.0,0.85,"{'colsample_bytree': 1.0, 'gamma': 0.3, 'learning_rate': 0.05, 'max_depth': 4, 'n_estimators': 900, 'reg_alpha': 0.1, 'reg_lambda': 1.0, 'subsample': 0.85}",0.985189812413243,0.9915373597517307,0.9964713903718013,0.9908255235816565,0.9910060215296079,0.004000420130499054,120
1757,0.5849229693412781,0.010084220635695812,0.015498936176300049,0.0005007390819293608,1.0,0.3,0.05,4,900,0.1,1.0,1.0,"{'colsample_bytree': 1.0, 'gamma': 0.3, 'learning_rate': 0.05, 'max_depth': 4, 'n_estimators': 900, 'reg_alpha': 0.1, 'reg_lambda': 1.0, 'subsample': 1.0}",0.9837797701197444,0.9887163000923067,0.9929428334648147,0.9865913635492072,0.9880075668065182,0.0033443630316396513,1598
1758,1.11458820104599,0.039813701766314095,0.03113037347793579,0.0005407117703665934,1.0,0.3,0.05,4,900,0.1,1.5,0.7,"{'colsample_bytree': 1.0, 'gamma': 0.3, 'learning_rate': 0.05, 'max_depth': 4, 'n_estimators': 900, 'reg_alpha': 0.1, 'reg_lambda': 1.5, 'subsample': 0.7}",0.9837795765103758,0.9915373597517307,0.9957656494662985,0.9894139180456464,0.990124125943513,0.004318035439367805,586
1759,1.024055302143097,0.044816783689055,0.025500714778900146,0.0008677194706789756,1.0,0.3,0.05,4,900,0.1,1.5,0.85,"{'colsample_bytree': 1.0, 'gamma': 0.3, 'learning_rate': 0.05, 'max_depth': 4, 'n_estimators': 900, 'reg_alpha': 0.1, 'reg_lambda': 1.5, 'subsample': 0.85}",0.985189812413243,0.9908321169335286,0.995059946520522,0.9908255235816565,0.9904768498622376,0.0035073254775115333,392
1760,0.5964295864105225,0.007726177724932948,0.016751110553741455,0.0008287223930066457,1.0,0.3,0.05,4,900,0.1,1.5,1.0,"{'colsample_bytree': 1.0, 'gamma': 0.3, 'learning_rate': 0.05, 'max_depth': 4, 'n_estimators': 900, 'reg_alpha': 0.1, 'reg_lambda': 1.5, 'subsample': 1.0}",0.9866007862874648,0.9887164123283938,0.9901199668507407,0.9851796919395991,0.9876542143515495,0.001900077089404903,1756
1761,1.135227620601654,0.06255717464086712,0.031501948833465576,0.002291837748197982,1.0,0.3,0.05,4,900,0.1,2.0,0.7,"{'colsample_bytree': 1.0, 'gamma': 0.3, 'learning_rate': 0.05, 'max_depth': 4, 'n_estimators': 900, 'reg_alpha': 0.1, 'reg_lambda': 2.0, 'subsample': 0.7}",0.9823691049025824,0.9915373597517307,0.9943542442775466,0.9894139180456464,0.9894186567443766,0.0044312845303693706,988
1762,1.0624505877494812,0.06212827071252329,0.02663254737854004,0.0006604421220948313,1.0,0.3,0.05,4,900,0.1,2.0,0.85,"{'colsample_bytree': 1.0, 'gamma': 0.3, 'learning_rate': 0.05, 'max_depth': 4, 'n_estimators': 900, 'reg_alpha': 0.1, 'reg_lambda': 2.0, 'subsample': 0.85}",0.9837795765103758,0.9901268607873446,0.9943542442775466,0.9901197306558291,0.9895951030577741,0.003775836813635836,866
1763,0.5891814827919006,0.0204796938595466,0.016752660274505615,0.00043537175935146695,1.0,0.3,0.05,4,900,0.1,2.0,1.0,"{'colsample_bytree': 1.0, 'gamma': 0.3, 'learning_rate': 0.05, 'max_depth': 4, 'n_estimators': 900, 'reg_alpha': 0.1, 'reg_lambda': 2.0, 'subsample': 1.0}",0.9851902248919406,0.9887164123283938,0.992237105212699,0.9865909628578188,0.9881836763227131,0.0026557287638033847,1572
1764,1.0955870747566223,0.01777071312205203,0.031015217304229736,0.0022706638843755195,1.0,0.3,0.05,4,900,0.5,1.0,0.7,"{'colsample_bytree': 1.0, 'gamma': 0.3, 'learning_rate': 0.05, 'max_depth': 4, 'n_estimators': 900, 'reg_alpha': 0.5, 'reg_lambda': 1.0, 'subsample': 0.7}",0.9837795765103758,0.9901268607873446,0.9950598973131997,0.9894139180456464,0.9895950631641417,0.00399999748633789,878
1765,0.9679161310195923,0.04207575530767974,0.022999823093414307,0.001224607659684109,1.0,0.3,0.05,4,900,0.5,1.0,0.85,"{'colsample_bytree': 1.0, 'gamma': 0.3, 'learning_rate': 0.05, 'max_depth': 4, 'n_estimators': 900, 'reg_alpha': 0.5, 'reg_lambda': 1.0, 'subsample': 0.85}",0.9851902248919406,0.9908321169335286,0.995059946520522,0.9894139180456464,0.9901240515979094,0.003525313845360385,605
1766,0.5677962899208069,0.02310763113677631,0.017135322093963623,0.002509523272713534,1.0,0.3,0.05,4,900,0.5,1.0,1.0,"{'colsample_bytree': 1.0, 'gamma': 0.3, 'learning_rate': 0.05, 'max_depth': 4, 'n_estimators': 900, 'reg_alpha': 0.5, 'reg_lambda': 1.0, 'subsample': 1.0}",0.9858955154104921,0.9887164123283938,0.9901199668507407,0.9858853295083274,0.9876543060244886,0.0018323601890404208,1754
1767,1.1224607825279236,0.031787572842876595,0.02963411808013916,0.0004090061690838365,1.0,0.3,0.05,4,900,0.5,1.5,0.7,"{'colsample_bytree': 1.0, 'gamma': 0.3, 'learning_rate': 0.05, 'max_depth': 4, 'n_estimators': 900, 'reg_alpha': 0.5, 'reg_lambda': 1.5, 'subsample': 0.7}",0.9837795765103758,0.9901268607873446,0.9943541992883981,0.9894139180456464,0.9894186386579412,0.0037636545241884717,991
1768,0.9781683683395386,0.048061790047315346,0.023635566234588623,0.0010807698193629372,1.0,0.3,0.05,4,900,0.5,1.5,0.85,"{'colsample_bytree': 1.0, 'gamma': 0.3, 'learning_rate': 0.05, 'max_depth': 4, 'n_estimators': 900, 'reg_alpha': 0.5, 'reg_lambda': 1.5, 'subsample': 0.85}",0.9837795765103758,0.9908321169335286,0.995059946520522,0.9887080836414638,0.9895949309014725,0.00406207673952012,894
1769,0.5948054194450378,0.019160000339014233,0.01637953519821167,0.00041768258802557827,1.0,0.3,0.05,4,900,0.5,1.5,1.0,"{'colsample_bytree': 1.0, 'gamma': 0.3, 'learning_rate': 0.05, 'max_depth': 4, 'n_estimators': 900, 'reg_alpha': 0.5, 'reg_lambda': 1.5, 'subsample': 1.0}",0.9866007862874648,0.9887164123283938,0.9901199668507407,0.985179485263905,0.9876541626826261,0.0019001443801745662,1758
1770,1.1083324551582336,0.06267887048549803,0.03000950813293457,0.0012664583633316376,1.0,0.3,0.05,4,900,0.5,2.0,0.7,"{'colsample_bytree': 1.0, 'gamma': 0.3, 'learning_rate': 0.05, 'max_depth': 4, 'n_estimators': 900, 'reg_alpha': 0.5, 'reg_lambda': 2.0, 'subsample': 0.7}",0.9837795765103758,0.9901268607873446,0.9943542442775466,0.9887080836414638,0.9892421913041828,0.0037762798187438765,1083
1771,0.9966731071472168,0.040895697614674494,0.025388717651367188,0.002875021192400225,1.0,0.3,0.05,4,900,0.5,2.0,0.85,"{'colsample_bytree': 1.0, 'gamma': 0.3, 'learning_rate': 0.05, 'max_depth': 4, 'n_estimators': 900, 'reg_alpha': 0.5, 'reg_lambda': 2.0, 'subsample': 0.85}",0.9844849126269217,0.9901268607873446,0.9936485026692425,0.9894139180456464,0.9894185485322888,0.0032686007304169157,1007
1772,0.5735427737236023,0.02050602605705551,0.021003901958465576,0.006961739606508611,1.0,0.3,0.05,4,900,0.5,2.0,1.0,"{'colsample_bytree': 1.0, 'gamma': 0.3, 'learning_rate': 0.05, 'max_depth': 4, 'n_estimators': 900, 'reg_alpha': 0.5, 'reg_lambda': 2.0, 'subsample': 1.0}",0.9858955154104921,0.987305837603845,0.9901199668507407,0.9837682340290848,0.9867723884735407,0.0023067671783777713,1891
1773,1.0689516067504883,0.024579693838068493,0.02763056755065918,0.0010818342925627195,1.0,0.3,0.05,4,900,1.0,1.0,0.7,"{'colsample_bytree': 1.0, 'gamma': 0.3, 'learning_rate': 0.05, 'max_depth': 4, 'n_estimators': 900, 'reg_alpha': 1.0, 'reg_lambda': 1.0, 'subsample': 0.7}",0.9823688243014796,0.989421589208529,0.9943541992883981,0.988708263606662,0.9887132191012671,0.004259513341127225,1299
1774,0.9552874565124512,0.057605097651006014,0.02213233709335327,0.0007387210935833544,1.0,0.3,0.05,4,900,1.0,1.0,0.85,"{'colsample_bytree': 1.0, 'gamma': 0.3, 'learning_rate': 0.05, 'max_depth': 4, 'n_estimators': 900, 'reg_alpha': 1.0, 'reg_lambda': 1.0, 'subsample': 0.85}",0.9844849126269217,0.9908321169335286,0.9936485026692425,0.988002225333439,0.989241939390783,0.0033953151223630675,1109
1775,0.5334268808364868,0.01699603082679228,0.014998316764831543,0.0007068888832033936,1.0,0.3,0.05,4,900,1.0,1.0,1.0,"{'colsample_bytree': 1.0, 'gamma': 0.3, 'learning_rate': 0.05, 'max_depth': 4, 'n_estimators': 900, 'reg_alpha': 1.0, 'reg_lambda': 1.0, 'subsample': 1.0}",0.9837797701197444,0.9858951786975421,0.9901199668507407,0.9837680076699911,0.9858907308345046,0.002590780087007446,1931
1776,1.1558389067649841,0.06382392878444446,0.029882431030273438,0.0019359278485557557,1.0,0.3,0.05,4,900,1.0,1.5,0.7,"{'colsample_bytree': 1.0, 'gamma': 0.3, 'learning_rate': 0.05, 'max_depth': 4, 'n_estimators': 900, 'reg_alpha': 1.0, 'reg_lambda': 1.5, 'subsample': 0.7}",0.9823688243014796,0.989421589208529,0.9936485026692425,0.988708263606662,0.9885367949464783,0.004030684808693046,1406
1777,0.9866613149642944,0.04984614235068037,0.02288377285003662,0.0012405991175678055,1.0,0.3,0.05,4,900,1.0,1.5,0.85,"{'colsample_bytree': 1.0, 'gamma': 0.3, 'learning_rate': 0.05, 'max_depth': 4, 'n_estimators': 900, 'reg_alpha': 1.0, 'reg_lambda': 1.5, 'subsample': 0.85}",0.9837795765103758,0.9908321169335286,0.9936485026692425,0.988002225333439,0.9890656053616464,0.0036467927335681136,1197
1778,0.5786615610122681,0.04698871547619773,0.01576167345046997,0.0016060869373385217,1.0,0.3,0.05,4,900,1.0,1.5,1.0,"{'colsample_bytree': 1.0, 'gamma': 0.3, 'learning_rate': 0.05, 'max_depth': 4, 'n_estimators': 900, 'reg_alpha': 1.0, 'reg_lambda': 1.5, 'subsample': 1.0}",0.9816641700336399,0.9866005197259626,0.9901199668507407,0.9837680076699911,0.9855381660700835,0.003172648725260515,1943
1779,1.1773704290390015,0.11460658956645489,0.029256045818328857,0.0028668805021375716,1.0,0.3,0.05,4,900,1.0,2.0,0.7,"{'colsample_bytree': 1.0, 'gamma': 0.3, 'learning_rate': 0.05, 'max_depth': 4, 'n_estimators': 900, 'reg_alpha': 1.0, 'reg_lambda': 2.0, 'subsample': 0.7}",0.9830742144370506,0.989421589208529,0.9936485026692425,0.9880024404517326,0.9885366866916387,0.00377616661544097,1426
1780,0.9804211854934692,0.05719261840536426,0.02377098798751831,0.0021890614243413133,1.0,0.3,0.05,4,900,1.0,2.0,0.85,"{'colsample_bytree': 1.0, 'gamma': 0.3, 'learning_rate': 0.05, 'max_depth': 4, 'n_estimators': 900, 'reg_alpha': 1.0, 'reg_lambda': 2.0, 'subsample': 0.85}",0.9837795765103758,0.9901268607873446,0.9936485026692425,0.9894140656711423,0.9892422514095263,0.003537934464817647,1075
1781,0.5561720728874207,0.01761437746578219,0.016004204750061035,0.0007064796408870696,1.0,0.3,0.05,4,900,1.0,2.0,1.0,"{'colsample_bytree': 1.0, 'gamma': 0.3, 'learning_rate': 0.05, 'max_depth': 4, 'n_estimators': 900, 'reg_alpha': 1.0, 'reg_lambda': 2.0, 'subsample': 1.0}",0.9844851595448396,0.9858951786975421,0.9901199668507407,0.9823565300760773,0.9857142087922999,0.002838486506493217,1937
1782,1.1273604035377502,0.07794717714140179,0.027518033981323242,0.0015483857970661722,1.0,0.3,0.05,8,750,0.1,1.0,0.7,"{'colsample_bytree': 1.0, 'gamma': 0.3, 'learning_rate': 0.05, 'max_depth': 8, 'n_estimators': 750, 'reg_alpha': 0.1, 'reg_lambda': 1.0, 'subsample': 0.7}",0.9830742144370506,0.9908321169335286,0.9964713903718013,0.9908255235816565,0.9903008113310092,0.004765956277487329,429
1783,1.0622250437736511,0.10797326461297585,0.022502899169921875,0.0021774361519516245,1.0,0.3,0.05,8,750,0.1,1.0,0.85,"{'colsample_bytree': 1.0, 'gamma': 0.3, 'learning_rate': 0.05, 'max_depth': 8, 'n_estimators': 750, 'reg_alpha': 0.1, 'reg_lambda': 1.0, 'subsample': 0.85}",0.9858953751153834,0.9915373765867419,0.995059946520522,0.9901197306558291,0.9906531072196191,0.003283392691717272,304
1784,0.6803483366966248,0.05222538031223229,0.023258507251739502,0.007758977010486217,1.0,0.3,0.05,8,750,0.1,1.0,1.0,"{'colsample_bytree': 1.0, 'gamma': 0.3, 'learning_rate': 0.05, 'max_depth': 8, 'n_estimators': 750, 'reg_alpha': 0.1, 'reg_lambda': 1.0, 'subsample': 1.0}",0.9866005197259626,0.9901269197103526,0.995059946520522,0.9894139180456464,0.9903003260006209,0.0030478821650291414,510
1785,1.1323622465133667,0.09007117307959785,0.02888256311416626,0.0014343219053709556,1.0,0.3,0.05,8,750,0.1,1.5,0.7,"{'colsample_bytree': 1.0, 'gamma': 0.3, 'learning_rate': 0.05, 'max_depth': 8, 'n_estimators': 750, 'reg_alpha': 0.1, 'reg_lambda': 1.5, 'subsample': 0.7}",0.9844849126269217,0.9908321169335286,0.9964713903718013,0.9901197306558291,0.9904770376470202,0.004245337926221019,351
1786,1.0315920114517212,0.0966952260017743,0.024129748344421387,0.000741629771661506,1.0,0.3,0.05,8,750,0.1,1.5,0.85,"{'colsample_bytree': 1.0, 'gamma': 0.3, 'learning_rate': 0.05, 'max_depth': 8, 'n_estimators': 750, 'reg_alpha': 0.1, 'reg_lambda': 1.5, 'subsample': 0.85}",0.9851902248919406,0.9915373765867419,0.9943542442775466,0.9901197306558291,0.9903003941030146,0.003320779108490901,493
1787,0.6918479204177856,0.03792795680183653,0.018384575843811035,0.001984767042760601,1.0,0.3,0.05,8,750,0.1,1.5,1.0,"{'colsample_bytree': 1.0, 'gamma': 0.3, 'learning_rate': 0.05, 'max_depth': 8, 'n_estimators': 750, 'reg_alpha': 0.1, 'reg_lambda': 1.5, 'subsample': 1.0}",0.987305837603845,0.9901269197103526,0.995059946520522,0.9908255235816565,0.9908295568540941,0.002775180593558163,198
1788,1.132118046283722,0.10521720622811494,0.030763864517211914,0.0018828257479363464,1.0,0.3,0.05,8,750,0.1,2.0,0.7,"{'colsample_bytree': 1.0, 'gamma': 0.3, 'learning_rate': 0.05, 'max_depth': 8, 'n_estimators': 750, 'reg_alpha': 0.1, 'reg_lambda': 2.0, 'subsample': 0.7}",0.9844849126269217,0.9915373597517307,0.9971771221387733,0.9908255235816565,0.9910062295247706,0.0044978395839444345,92
1789,1.0558493733406067,0.09227724823881185,0.02275991439819336,0.0007466477600843011,1.0,0.3,0.05,8,750,0.1,2.0,0.85,"{'colsample_bytree': 1.0, 'gamma': 0.3, 'learning_rate': 0.05, 'max_depth': 8, 'n_estimators': 750, 'reg_alpha': 0.1, 'reg_lambda': 2.0, 'subsample': 0.85}",0.9858953751153834,0.9922425913464957,0.9936485026692425,0.9901197306558291,0.9904765499467377,0.0029280825270671528,428
1790,0.7304808497428894,0.07784693244459934,0.01676255464553833,0.0015194131476425675,1.0,0.3,0.05,8,750,0.1,2.0,1.0,"{'colsample_bytree': 1.0, 'gamma': 0.3, 'learning_rate': 0.05, 'max_depth': 8, 'n_estimators': 750, 'reg_alpha': 0.1, 'reg_lambda': 2.0, 'subsample': 1.0}",0.9866005197259626,0.9894216733848407,0.995059946520522,0.9894139180456464,0.9901240144192429,0.0030731075619969653,609
1791,1.0122032165527344,0.037098922211370365,0.026000142097473145,0.0018711073265216373,1.0,0.3,0.05,8,750,0.5,1.0,0.7,"{'colsample_bytree': 1.0, 'gamma': 0.3, 'learning_rate': 0.05, 'max_depth': 8, 'n_estimators': 750, 'reg_alpha': 0.5, 'reg_lambda': 1.0, 'subsample': 0.7}",0.9823691049025824,0.9908321169335286,0.9957656494662985,0.9901197306558291,0.9897716504895597,0.004795087428331123,736
1792,1.0395829677581787,0.06483818260635794,0.021635591983795166,0.00041426541544311825,1.0,0.3,0.05,8,750,0.5,1.0,0.85,"{'colsample_bytree': 1.0, 'gamma': 0.3, 'learning_rate': 0.05, 'max_depth': 8, 'n_estimators': 750, 'reg_alpha': 0.5, 'reg_lambda': 1.0, 'subsample': 0.85}",0.9858955154104921,0.9915373597517307,0.9943542442775466,0.9880026077606279,0.9899474318000994,0.003246083566223966,726
1793,0.6189393401145935,0.030145535139800915,0.017382562160491943,0.0012819147810576089,1.0,0.3,0.05,8,750,0.5,1.0,1.0,"{'colsample_bytree': 1.0, 'gamma': 0.3, 'learning_rate': 0.05, 'max_depth': 8, 'n_estimators': 750, 'reg_alpha': 0.5, 'reg_lambda': 1.0, 'subsample': 1.0}",0.9858955154104921,0.9901269197103526,0.995059946520522,0.9894140656711423,0.9901241118281272,0.0032690849332472076,591
1794,1.0724735260009766,0.12141169545477111,0.028380393981933594,0.0036372667049457607,1.0,0.3,0.05,8,750,0.5,1.5,0.7,"{'colsample_bytree': 1.0, 'gamma': 0.3, 'learning_rate': 0.05, 'max_depth': 8, 'n_estimators': 750, 'reg_alpha': 0.5, 'reg_lambda': 1.5, 'subsample': 0.7}",0.9823691049025824,0.9908321169335286,0.9943542442775466,0.9894139180456464,0.9892423460398261,0.004356884086453101,1049
1795,1.074222445487976,0.06497477417884467,0.02263772487640381,0.001720066080133728,1.0,0.3,0.05,8,750,0.5,1.5,0.85,"{'colsample_bytree': 1.0, 'gamma': 0.3, 'learning_rate': 0.05, 'max_depth': 8, 'n_estimators': 750, 'reg_alpha': 0.5, 'reg_lambda': 1.5, 'subsample': 0.85}",0.9844850669515415,0.9915373597517307,0.9943542442775466,0.9880026077606279,0.9895948196853617,0.0037104681703321227,911
1796,0.6480915546417236,0.022599413782006365,0.015753090381622314,0.0004344921495277167,1.0,0.3,0.05,8,750,0.5,1.5,1.0,"{'colsample_bytree': 1.0, 'gamma': 0.3, 'learning_rate': 0.05, 'max_depth': 8, 'n_estimators': 750, 'reg_alpha': 0.5, 'reg_lambda': 1.5, 'subsample': 1.0}",0.9844851595448396,0.9894216733848407,0.995059946520522,0.988708263606662,0.989418760764216,0.0037639145986337465,959
1797,1.0994972586631775,0.10180287039186041,0.028382718563079834,0.0016278541536166031,1.0,0.3,0.05,8,750,0.5,2.0,0.7,"{'colsample_bytree': 1.0, 'gamma': 0.3, 'learning_rate': 0.05, 'max_depth': 8, 'n_estimators': 750, 'reg_alpha': 0.5, 'reg_lambda': 2.0, 'subsample': 0.7}",0.9823691049025824,0.9908321169335286,0.9964714114603177,0.9894139180456464,0.9897716378355188,0.005023371373195006,738
1798,1.0293338894844055,0.09738372519396299,0.023500680923461914,0.001659414711559345,1.0,0.3,0.05,8,750,0.5,2.0,0.85,"{'colsample_bytree': 1.0, 'gamma': 0.3, 'learning_rate': 0.05, 'max_depth': 8, 'n_estimators': 750, 'reg_alpha': 0.5, 'reg_lambda': 2.0, 'subsample': 0.85}",0.9851902248919406,0.9915373597517307,0.9943542442775466,0.9872967965574946,0.989594656369678,0.0035744562468262033,924
1799,0.6430926322937012,0.008035374710524325,0.01663130521774292,0.0006571823224032314,1.0,0.3,0.05,8,750,0.5,2.0,1.0,"{'colsample_bytree': 1.0, 'gamma': 0.3, 'learning_rate': 0.05, 'max_depth': 8, 'n_estimators': 750, 'reg_alpha': 0.5, 'reg_lambda': 2.0, 'subsample': 1.0}",0.9837798991900891,0.9894216733848407,0.995059946520522,0.9880026077606279,0.9890660317140199,0.004035082504448819,1128
1800,1.0359668731689453,0.06983554798017888,0.02501237392425537,0.0019014542554712738,1.0,0.3,0.05,8,750,1.0,1.0,0.7,"{'colsample_bytree': 1.0, 'gamma': 0.3, 'learning_rate': 0.05, 'max_depth': 8, 'n_estimators': 750, 'reg_alpha': 1.0, 'reg_lambda': 1.0, 'subsample': 0.7}",0.9830744501384601,0.9908321169335286,0.9936485026692425,0.988708263606662,0.9890658333369733,0.0038776650414857525,1171
1801,1.030716598033905,0.06410364761202195,0.023267924785614014,0.002376211530219077,1.0,0.3,0.05,8,750,1.0,1.0,0.85,"{'colsample_bytree': 1.0, 'gamma': 0.3, 'learning_rate': 0.05, 'max_depth': 8, 'n_estimators': 750, 'reg_alpha': 1.0, 'reg_lambda': 1.0, 'subsample': 0.85}",0.9866007862874648,0.9908321169335286,0.9943542442775466,0.9872967965574946,0.9897709860140087,0.003094512680195135,835
1802,0.6119537353515625,0.016378813095848373,0.01600182056427002,0.0012223770133781577,1.0,0.3,0.05,8,750,1.0,1.0,1.0,"{'colsample_bytree': 1.0, 'gamma': 0.3, 'learning_rate': 0.05, 'max_depth': 8, 'n_estimators': 750, 'reg_alpha': 1.0, 'reg_lambda': 1.0, 'subsample': 1.0}",0.9844851595448396,0.9894216733848407,0.9943542442775466,0.9872965940966467,0.9888894178259684,0.0036084000112723384,1261
1803,0.9860807657241821,0.05192653857679769,0.025000035762786865,0.0018710125085604603,1.0,0.3,0.05,8,750,1.0,1.5,0.7,"{'colsample_bytree': 1.0, 'gamma': 0.3, 'learning_rate': 0.05, 'max_depth': 8, 'n_estimators': 750, 'reg_alpha': 1.0, 'reg_lambda': 1.5, 'subsample': 0.7}",0.9823688243014796,0.9901268607873446,0.9936485026692425,0.988708263606662,0.9887131128411821,0.004080648741323994,1326
1804,1.0615991950035095,0.07957360093698924,0.02376490831375122,0.0031656530827082105,1.0,0.3,0.05,8,750,1.0,1.5,0.85,"{'colsample_bytree': 1.0, 'gamma': 0.3, 'learning_rate': 0.05, 'max_depth': 8, 'n_estimators': 750, 'reg_alpha': 1.0, 'reg_lambda': 1.5, 'subsample': 0.85}",0.9851903427387769,0.9915373597517307,0.9943542442775466,0.9872967965574946,0.9895946858313871,0.003574419944399537,920
1805,0.6619654297828674,0.046719457242497923,0.01588374376296997,0.0007338618049356456,1.0,0.3,0.05,8,750,1.0,1.5,1.0,"{'colsample_bytree': 1.0, 'gamma': 0.3, 'learning_rate': 0.05, 'max_depth': 8, 'n_estimators': 750, 'reg_alpha': 1.0, 'reg_lambda': 1.5, 'subsample': 1.0}",0.9844851595448396,0.9894216733848407,0.9950599760444447,0.9880024404517326,0.9892423123564644,0.0038093689233991922,1059
1806,1.0495961904525757,0.08152304978634264,0.028252840042114258,0.0010867771223880727,1.0,0.3,0.05,8,750,1.0,2.0,0.7,"{'colsample_bytree': 1.0, 'gamma': 0.3, 'learning_rate': 0.05, 'max_depth': 8, 'n_estimators': 750, 'reg_alpha': 1.0, 'reg_lambda': 2.0, 'subsample': 0.7}",0.9823691049025824,0.9901268607873446,0.9936485026692425,0.988708263606662,0.9887131829914579,0.0040805396772549485,1308
1807,1.0031922459602356,0.09760556700493277,0.026637613773345947,0.004086433892649245,1.0,0.3,0.05,8,750,1.0,2.0,0.85,"{'colsample_bytree': 1.0, 'gamma': 0.3, 'learning_rate': 0.05, 'max_depth': 8, 'n_estimators': 750, 'reg_alpha': 1.0, 'reg_lambda': 2.0, 'subsample': 0.85}",0.9830746184925907,0.9908321169335286,0.9943542442775466,0.9872967965574946,0.98888944406529,0.004182903948152368,1258
1808,0.6240814924240112,0.01781329790395945,0.01675128936767578,0.0004294724404694657,1.0,0.3,0.05,8,750,1.0,2.0,1.0,"{'colsample_bytree': 1.0, 'gamma': 0.3, 'learning_rate': 0.05, 'max_depth': 8, 'n_estimators': 750, 'reg_alpha': 1.0, 'reg_lambda': 2.0, 'subsample': 1.0}",0.9837798991900891,0.9901268607873446,0.9929427491104976,0.9865909628578188,0.9883601179864376,0.0034723983871130927,1512
1809,1.1764963269233704,0.012536201940410371,0.029390275478363037,0.00041674061712946474,1.0,0.3,0.05,8,900,0.1,1.0,0.7,"{'colsample_bytree': 1.0, 'gamma': 0.3, 'learning_rate': 0.05, 'max_depth': 8, 'n_estimators': 900, 'reg_alpha': 0.1, 'reg_lambda': 1.0, 'subsample': 0.7}",0.9844846965672964,0.9908321169335286,0.9964713903718013,0.9908255235816565,0.9906534318635707,0.004241564577860768,239
1810,1.2314032912254333,0.04655976244807985,0.02462327480316162,0.0012822030433679908,1.0,0.3,0.05,8,900,0.1,1.0,0.85,"{'colsample_bytree': 1.0, 'gamma': 0.3, 'learning_rate': 0.05, 'max_depth': 8, 'n_estimators': 900, 'reg_alpha': 0.1, 'reg_lambda': 1.0, 'subsample': 0.85}",0.9858953751153834,0.9915373765867419,0.995059946520522,0.9901197306558291,0.9906531072196191,0.003283392691717272,304
1811,0.6954760551452637,0.029981813696628123,0.017880260944366455,0.001435880157000004,1.0,0.3,0.05,8,900,0.1,1.0,1.0,"{'colsample_bytree': 1.0, 'gamma': 0.3, 'learning_rate': 0.05, 'max_depth': 8, 'n_estimators': 900, 'reg_alpha': 0.1, 'reg_lambda': 1.0, 'subsample': 1.0}",0.9866005197259626,0.9901269197103526,0.995059946520522,0.9894139180456464,0.9903003260006209,0.0030478821650291414,510
1812,1.2334407567977905,0.0786038776131508,0.030628979206085205,0.001196456318896127,1.0,0.3,0.05,8,900,0.1,1.5,0.7,"{'colsample_bytree': 1.0, 'gamma': 0.3, 'learning_rate': 0.05, 'max_depth': 8, 'n_estimators': 900, 'reg_alpha': 0.1, 'reg_lambda': 1.5, 'subsample': 0.7}",0.9866006796641367,0.9908321169335286,0.9964713903718013,0.9901197306558291,0.991005979406324,0.003538822115029087,124
1813,1.2550674676895142,0.0820915289535447,0.03201502561569214,0.009070916495734693,1.0,0.3,0.05,8,900,0.1,1.5,0.85,"{'colsample_bytree': 1.0, 'gamma': 0.3, 'learning_rate': 0.05, 'max_depth': 8, 'n_estimators': 900, 'reg_alpha': 0.1, 'reg_lambda': 1.5, 'subsample': 0.85}",0.9851902248919406,0.9915373765867419,0.9943542442775466,0.9901197306558291,0.9903003941030146,0.003320779108490901,493
1814,0.7072818279266357,0.02637950417287928,0.017381489276885986,0.0006433341427411626,1.0,0.3,0.05,8,900,0.1,1.5,1.0,"{'colsample_bytree': 1.0, 'gamma': 0.3, 'learning_rate': 0.05, 'max_depth': 8, 'n_estimators': 900, 'reg_alpha': 0.1, 'reg_lambda': 1.5, 'subsample': 1.0}",0.987305837603845,0.9901269197103526,0.995059946520522,0.9908255235816565,0.9908295568540941,0.002775180593558163,198
1815,1.3900973200798035,0.17730425422745244,0.03601217269897461,0.011337452989215034,1.0,0.3,0.05,8,900,0.1,2.0,0.7,"{'colsample_bytree': 1.0, 'gamma': 0.3, 'learning_rate': 0.05, 'max_depth': 8, 'n_estimators': 900, 'reg_alpha': 0.1, 'reg_lambda': 2.0, 'subsample': 0.7}",0.9830744501384601,0.9915373597517307,0.9971771221387733,0.9908255235816565,0.9906536139026552,0.005020220182787848,214
1816,1.3434054851531982,0.2001725811132697,0.03500479459762573,0.011555189771104422,1.0,0.3,0.05,8,900,0.1,2.0,0.85,"{'colsample_bytree': 1.0, 'gamma': 0.3, 'learning_rate': 0.05, 'max_depth': 8, 'n_estimators': 900, 'reg_alpha': 0.1, 'reg_lambda': 2.0, 'subsample': 0.85}",0.9866006796641367,0.9915373765867419,0.9943541992883981,0.9901197306558291,0.9906529965487765,0.0027922515295658785,321
1817,0.8217421174049377,0.15047068123260066,0.01813417673110962,0.0007406360123078908,1.0,0.3,0.05,8,900,0.1,2.0,1.0,"{'colsample_bytree': 1.0, 'gamma': 0.3, 'learning_rate': 0.05, 'max_depth': 8, 'n_estimators': 900, 'reg_alpha': 0.1, 'reg_lambda': 2.0, 'subsample': 1.0}",0.9866005197259626,0.9894216733848407,0.995059946520522,0.9894139180456464,0.9901240144192429,0.0030731075619969653,609
1818,1.2253642678260803,0.1533422843105401,0.028514862060546875,0.003253407964853303,1.0,0.3,0.05,8,900,0.5,1.0,0.7,"{'colsample_bytree': 1.0, 'gamma': 0.3, 'learning_rate': 0.05, 'max_depth': 8, 'n_estimators': 900, 'reg_alpha': 0.5, 'reg_lambda': 1.0, 'subsample': 0.7}",0.9816637323068047,0.9908321169335286,0.9957656494662985,0.9901197306558291,0.9895953073406152,0.005069213998432369,837
1819,1.3320243954658508,0.15705368874239456,0.030261993408203125,0.007641892045044402,1.0,0.3,0.05,8,900,0.5,1.0,0.85,"{'colsample_bytree': 1.0, 'gamma': 0.3, 'learning_rate': 0.05, 'max_depth': 8, 'n_estimators': 900, 'reg_alpha': 0.5, 'reg_lambda': 1.0, 'subsample': 0.85}",0.9858955154104921,0.9915373765867419,0.9943542442775466,0.9894139180456464,0.9903002635801068,0.0030883904760644265,518
1820,0.6620767116546631,0.04860004321444796,0.018004298210144043,0.00245189792228427,1.0,0.3,0.05,8,900,0.5,1.0,1.0,"{'colsample_bytree': 1.0, 'gamma': 0.3, 'learning_rate': 0.05, 'max_depth': 8, 'n_estimators': 900, 'reg_alpha': 0.5, 'reg_lambda': 1.0, 'subsample': 1.0}",0.9858955154104921,0.9901269197103526,0.995059946520522,0.9894140656711423,0.9901241118281272,0.0032690849332472076,591
1821,1.1926090121269226,0.036468208263725196,0.0340195894241333,0.008721864380312042,1.0,0.3,0.05,8,900,0.5,1.5,0.7,"{'colsample_bytree': 1.0, 'gamma': 0.3, 'learning_rate': 0.05, 'max_depth': 8, 'n_estimators': 900, 'reg_alpha': 0.5, 'reg_lambda': 1.5, 'subsample': 0.7}",0.9823691049025824,0.9908321169335286,0.995059946520522,0.9901197306558291,0.9895952247531156,0.004579437760178169,842
1822,1.1444723010063171,0.1625116935179905,0.02501004934310913,0.0021555329749118487,1.0,0.3,0.05,8,900,0.5,1.5,0.85,"{'colsample_bytree': 1.0, 'gamma': 0.3, 'learning_rate': 0.05, 'max_depth': 8, 'n_estimators': 900, 'reg_alpha': 0.5, 'reg_lambda': 1.5, 'subsample': 0.85}",0.9844850669515415,0.9915373597517307,0.9943542442775466,0.9894139180456464,0.9899476472566163,0.0036079749715743825,706
1823,0.7579647302627563,0.14317283822424554,0.019382774829864502,0.005385462520523492,1.0,0.3,0.05,8,900,0.5,1.5,1.0,"{'colsample_bytree': 1.0, 'gamma': 0.3, 'learning_rate': 0.05, 'max_depth': 8, 'n_estimators': 900, 'reg_alpha': 0.5, 'reg_lambda': 1.5, 'subsample': 1.0}",0.9844851595448396,0.9894216733848407,0.995059946520522,0.988708263606662,0.989418760764216,0.0037639145986337465,959
1824,1.2826404571533203,0.19746738947876538,0.03138202428817749,0.004825274943236943,1.0,0.3,0.05,8,900,0.5,2.0,0.7,"{'colsample_bytree': 1.0, 'gamma': 0.3, 'learning_rate': 0.05, 'max_depth': 8, 'n_estimators': 900, 'reg_alpha': 0.5, 'reg_lambda': 2.0, 'subsample': 0.7}",0.9823691049025824,0.9908321169335286,0.9964714114603177,0.9894139180456464,0.9897716378355188,0.005023371373195006,738
1825,1.4003004431724548,0.13505631954858616,0.025999724864959717,0.00308353079926739,1.0,0.3,0.05,8,900,0.5,2.0,0.85,"{'colsample_bytree': 1.0, 'gamma': 0.3, 'learning_rate': 0.05, 'max_depth': 8, 'n_estimators': 900, 'reg_alpha': 0.5, 'reg_lambda': 2.0, 'subsample': 0.85}",0.9851902248919406,0.9915373597517307,0.9943542442775466,0.988708263606662,0.9899475231319699,0.0033953800394085974,720
1826,0.7543575167655945,0.10734324249072315,0.017510592937469482,0.0007881079920783049,1.0,0.3,0.05,8,900,0.5,2.0,1.0,"{'colsample_bytree': 1.0, 'gamma': 0.3, 'learning_rate': 0.05, 'max_depth': 8, 'n_estimators': 900, 'reg_alpha': 0.5, 'reg_lambda': 2.0, 'subsample': 1.0}",0.9837798991900891,0.9894216733848407,0.995059946520522,0.9880026077606279,0.9890660317140199,0.004035082504448819,1128
1827,1.2066048383712769,0.16432743587605905,0.028757929801940918,0.0024930915961038852,1.0,0.3,0.05,8,900,1.0,1.0,0.7,"{'colsample_bytree': 1.0, 'gamma': 0.3, 'learning_rate': 0.05, 'max_depth': 8, 'n_estimators': 900, 'reg_alpha': 1.0, 'reg_lambda': 1.0, 'subsample': 0.7}",0.9830744501384601,0.9908321169335286,0.9943542442775466,0.9894140656711423,0.9894187192551693,0.004080651679719142,975
1828,1.0816949009895325,0.190017878667564,0.021751999855041504,0.001089919282241178,1.0,0.3,0.05,8,900,1.0,1.0,0.85,"{'colsample_bytree': 1.0, 'gamma': 0.3, 'learning_rate': 0.05, 'max_depth': 8, 'n_estimators': 900, 'reg_alpha': 1.0, 'reg_lambda': 1.0, 'subsample': 0.85}",0.9866007862874648,0.9908321169335286,0.9943542442775466,0.9887080836414638,0.990123807785001,0.002864186188520461,629
1829,0.7022019624710083,0.10668209387115254,0.016502857208251953,0.0011216364614781192,1.0,0.3,0.05,8,900,1.0,1.0,1.0,"{'colsample_bytree': 1.0, 'gamma': 0.3, 'learning_rate': 0.05, 'max_depth': 8, 'n_estimators': 900, 'reg_alpha': 1.0, 'reg_lambda': 1.0, 'subsample': 1.0}",0.9844851595448396,0.9894216733848407,0.9943542442775466,0.9872965940966467,0.9888894178259684,0.0036084000112723384,1261
1830,1.2231207489967346,0.18373062495438908,0.027379214763641357,0.001920966976186758,1.0,0.3,0.05,8,900,1.0,1.5,0.7,"{'colsample_bytree': 1.0, 'gamma': 0.3, 'learning_rate': 0.05, 'max_depth': 8, 'n_estimators': 900, 'reg_alpha': 1.0, 'reg_lambda': 1.5, 'subsample': 0.7}",0.9823688243014796,0.9901268607873446,0.9936485026692425,0.988708263606662,0.9887131128411821,0.004080648741323994,1326
1831,1.392044723033905,0.02283074727939262,0.025890231132507324,0.006158323294589405,1.0,0.3,0.05,8,900,1.0,1.5,0.85,"{'colsample_bytree': 1.0, 'gamma': 0.3, 'learning_rate': 0.05, 'max_depth': 8, 'n_estimators': 900, 'reg_alpha': 1.0, 'reg_lambda': 1.5, 'subsample': 0.85}",0.9851903427387769,0.9915373597517307,0.9943542442775466,0.9872967965574946,0.9895946858313871,0.003574419944399537,920
1832,0.6733327507972717,0.04003852111163277,0.019505679607391357,0.004925228857620544,1.0,0.3,0.05,8,900,1.0,1.5,1.0,"{'colsample_bytree': 1.0, 'gamma': 0.3, 'learning_rate': 0.05, 'max_depth': 8, 'n_estimators': 900, 'reg_alpha': 1.0, 'reg_lambda': 1.5, 'subsample': 1.0}",0.9844851595448396,0.9894216733848407,0.9950599760444447,0.9880024404517326,0.9892423123564644,0.0038093689233991922,1059
1833,1.1177074313163757,0.022639083991171094,0.027889013290405273,0.000736131175679951,1.0,0.3,0.05,8,900,1.0,2.0,0.7,"{'colsample_bytree': 1.0, 'gamma': 0.3, 'learning_rate': 0.05, 'max_depth': 8, 'n_estimators': 900, 'reg_alpha': 1.0, 'reg_lambda': 2.0, 'subsample': 0.7}",0.9830744501384601,0.9901268607873446,0.9929428053469331,0.988708263606662,0.9887130949698499,0.0035945626485482042,1330
1834,1.1844788789749146,0.19527301738427147,0.024392366409301758,0.003582441210006906,1.0,0.3,0.05,8,900,1.0,2.0,0.85,"{'colsample_bytree': 1.0, 'gamma': 0.3, 'learning_rate': 0.05, 'max_depth': 8, 'n_estimators': 900, 'reg_alpha': 1.0, 'reg_lambda': 2.0, 'subsample': 0.85}",0.9837797701197444,0.9908321169335286,0.9943542442775466,0.9872967965574946,0.9890657319720786,0.003942049068772014,1186
1835,0.706467866897583,0.0701126296653258,0.02463209629058838,0.013220349145480235,1.0,0.3,0.05,8,900,1.0,2.0,1.0,"{'colsample_bytree': 1.0, 'gamma': 0.3, 'learning_rate': 0.05, 'max_depth': 8, 'n_estimators': 900, 'reg_alpha': 1.0, 'reg_lambda': 2.0, 'subsample': 1.0}",0.9837798991900891,0.9901268607873446,0.9929427491104976,0.9865909628578188,0.9883601179864376,0.0034723983871130927,1512
1836,0.8312475681304932,0.045360085111791244,0.024010419845581055,0.004517306509236207,1.0,0.3,0.1,4,750,0.1,1.0,0.7,"{'colsample_bytree': 1.0, 'gamma': 0.3, 'learning_rate': 0.1, 'max_depth': 4, 'n_estimators': 750, 'reg_alpha': 0.1, 'reg_lambda': 1.0, 'subsample': 0.7}",0.9837793183573613,0.9922425913464957,0.9957656832081598,0.988708263606662,0.9901239641296697,0.004432164070501862,619
1837,0.8411167860031128,0.09145535759735718,0.01813185214996338,0.001017162628994128,1.0,0.3,0.1,4,750,0.1,1.0,0.85,"{'colsample_bytree': 1.0, 'gamma': 0.3, 'learning_rate': 0.1, 'max_depth': 4, 'n_estimators': 750, 'reg_alpha': 0.1, 'reg_lambda': 1.0, 'subsample': 0.85}",0.9858951786975421,0.9915373597517307,0.9971771221387733,0.9901197306558291,0.9911823478109688,0.004035674205500185,72
1838,0.48439550399780273,0.07890639037768449,0.01788276433944702,0.006006225655779613,1.0,0.3,0.1,4,750,0.1,1.0,1.0,"{'colsample_bytree': 1.0, 'gamma': 0.3, 'learning_rate': 0.1, 'max_depth': 4, 'n_estimators': 750, 'reg_alpha': 0.1, 'reg_lambda': 1.0, 'subsample': 1.0}",0.9851902248919406,0.989421589208529,0.9922371206774876,0.985885498220995,0.9881836082497379,0.002837481871624762,1575
1839,0.9859083294868469,0.10541930689550467,0.025750041007995605,0.003897520230160293,1.0,0.3,0.1,4,750,0.1,1.5,0.7,"{'colsample_bytree': 1.0, 'gamma': 0.3, 'learning_rate': 0.1, 'max_depth': 4, 'n_estimators': 750, 'reg_alpha': 0.1, 'reg_lambda': 1.5, 'subsample': 0.7}",0.984484418767507,0.9908321169335286,0.995059946520522,0.9894139180456464,0.989947600066801,0.003776560033915062,713
1840,0.7592179179191589,0.035437090151413025,0.021259665489196777,0.0028327605953224464,1.0,0.3,0.1,4,750,0.1,1.5,0.85,"{'colsample_bytree': 1.0, 'gamma': 0.3, 'learning_rate': 0.1, 'max_depth': 4, 'n_estimators': 750, 'reg_alpha': 0.1, 'reg_lambda': 1.5, 'subsample': 0.85}",0.9858951786975421,0.9922425913464957,0.995059946520522,0.9894139180456464,0.9906529086525515,0.003395591475941447,328
1841,0.4806309938430786,0.08020415472923417,0.012503743171691895,0.0004979640573534446,1.0,0.3,0.1,4,750,0.1,1.5,1.0,"{'colsample_bytree': 1.0, 'gamma': 0.3, 'learning_rate': 0.1, 'max_depth': 4, 'n_estimators': 750, 'reg_alpha': 0.1, 'reg_lambda': 1.5, 'subsample': 1.0}",0.9858955154104921,0.9887164123283938,0.9915313664163197,0.9872967965574946,0.988360022678175,0.0020849868431486117,1523
1842,0.995786726474762,0.15504783967005226,0.02388399839401245,0.002693267845609041,1.0,0.3,0.1,4,750,0.1,2.0,0.7,"{'colsample_bytree': 1.0, 'gamma': 0.3, 'learning_rate': 0.1, 'max_depth': 4, 'n_estimators': 750, 'reg_alpha': 0.1, 'reg_lambda': 2.0, 'subsample': 0.7}",0.985189812413243,0.9908321169335286,0.9957656832081598,0.988708263606662,0.9901239690403982,0.0038301610829597384,616
1843,0.7569671869277954,0.041339361021175275,0.020005762577056885,0.002342803934901948,1.0,0.3,0.1,4,750,0.1,2.0,0.85,"{'colsample_bytree': 1.0, 'gamma': 0.3, 'learning_rate': 0.1, 'max_depth': 4, 'n_estimators': 750, 'reg_alpha': 0.1, 'reg_lambda': 2.0, 'subsample': 0.85}",0.985189812413243,0.9915373597517307,0.9964713903718013,0.9894139180456464,0.9906531201456054,0.004062557732793233,303
1844,0.4878981113433838,0.078708574607134,0.018131792545318604,0.006654690555604881,1.0,0.3,0.1,4,750,0.1,2.0,1.0,"{'colsample_bytree': 1.0, 'gamma': 0.3, 'learning_rate': 0.1, 'max_depth': 4, 'n_estimators': 750, 'reg_alpha': 0.1, 'reg_lambda': 2.0, 'subsample': 1.0}",0.9858955154104921,0.9887164123283938,0.990825669796826,0.9880026077606279,0.988360051324085,0.0017612474832458494,1516
1845,0.9330236911773682,0.08191508833911564,0.021502196788787842,0.000497762706643305,1.0,0.3,0.1,4,750,0.5,1.0,0.7,"{'colsample_bytree': 1.0, 'gamma': 0.3, 'learning_rate': 0.1, 'max_depth': 4, 'n_estimators': 750, 'reg_alpha': 0.5, 'reg_lambda': 1.0, 'subsample': 0.7}",0.9844846965672964,0.9901268607873446,0.9943542442775466,0.988708263606662,0.9894185163097124,0.003525272990290849,1013
1846,0.7844711542129517,0.08251779851399367,0.01939570903778076,0.002309760756772285,1.0,0.3,0.1,4,750,0.5,1.0,0.85,"{'colsample_bytree': 1.0, 'gamma': 0.3, 'learning_rate': 0.1, 'max_depth': 4, 'n_estimators': 750, 'reg_alpha': 0.5, 'reg_lambda': 1.0, 'subsample': 0.85}",0.9837795765103758,0.9915373597517307,0.995059946520522,0.9887080836414638,0.9897712416060231,0.004126739889223879,810
1847,0.39986878633499146,0.0210502514630377,0.012247741222381592,0.0004308822821540718,1.0,0.3,0.1,4,750,0.5,1.0,1.0,"{'colsample_bytree': 1.0, 'gamma': 0.3, 'learning_rate': 0.1, 'max_depth': 4, 'n_estimators': 750, 'reg_alpha': 0.5, 'reg_lambda': 1.0, 'subsample': 1.0}",0.9858955154104921,0.9880111344363328,0.9915314001577777,0.9837680076699911,0.9873015144186486,0.0028660947772767196,1839
1848,0.8676305413246155,0.1114229072779687,0.022128820419311523,0.0028801015078582055,1.0,0.3,0.1,4,750,0.5,1.5,0.7,"{'colsample_bytree': 1.0, 'gamma': 0.3, 'learning_rate': 0.1, 'max_depth': 4, 'n_estimators': 750, 'reg_alpha': 0.5, 'reg_lambda': 1.5, 'subsample': 0.7}",0.9823688243014796,0.9901268607873446,0.995059946520522,0.9887080836414638,0.9890659288127025,0.004528605937186737,1152
1849,0.8486217260360718,0.1672035738501373,0.017141640186309814,0.00041659501879869943,1.0,0.3,0.1,4,750,0.5,1.5,0.85,"{'colsample_bytree': 1.0, 'gamma': 0.3, 'learning_rate': 0.1, 'max_depth': 4, 'n_estimators': 750, 'reg_alpha': 0.5, 'reg_lambda': 1.5, 'subsample': 0.85}",0.9844849126269217,0.9901268607873446,0.995059946520522,0.988002225333439,0.9894184863170568,0.0038299416492666096,1015
1850,0.42100203037261963,0.04120202425721869,0.012634456157684326,0.0010815241278329755,1.0,0.3,0.1,4,750,0.5,1.5,1.0,"{'colsample_bytree': 1.0, 'gamma': 0.3, 'learning_rate': 0.1, 'max_depth': 4, 'n_estimators': 750, 'reg_alpha': 0.5, 'reg_lambda': 1.5, 'subsample': 1.0}",0.9844849126269217,0.989421589208529,0.9901199668507407,0.9851792195295421,0.9873014220539333,0.002493780886626442,1841
1851,0.865246593952179,0.053013298757079684,0.023003339767456055,0.001224471203025766,1.0,0.3,0.1,4,750,0.5,2.0,0.7,"{'colsample_bytree': 1.0, 'gamma': 0.3, 'learning_rate': 0.1, 'max_depth': 4, 'n_estimators': 750, 'reg_alpha': 0.5, 'reg_lambda': 2.0, 'subsample': 0.7}",0.9823688243014796,0.9908321169335286,0.995059946520522,0.9894139180456464,0.9894187014502942,0.004569523497175433,977
1852,0.8097361922264099,0.06475910430013464,0.020011425018310547,0.0015411473312436676,1.0,0.3,0.1,4,750,0.5,2.0,0.85,"{'colsample_bytree': 1.0, 'gamma': 0.3, 'learning_rate': 0.1, 'max_depth': 4, 'n_estimators': 750, 'reg_alpha': 0.5, 'reg_lambda': 2.0, 'subsample': 0.85}",0.9837795765103758,0.9908321169335286,0.9936485026692425,0.988002225333439,0.9890656053616464,0.0036467927335681136,1197
1853,0.4042436480522156,0.014453419102123489,0.012003004550933838,0.0007079081711342345,1.0,0.3,0.1,4,750,0.5,2.0,1.0,"{'colsample_bytree': 1.0, 'gamma': 0.3, 'learning_rate': 0.1, 'max_depth': 4, 'n_estimators': 750, 'reg_alpha': 0.5, 'reg_lambda': 2.0, 'subsample': 1.0}",0.9858955154104921,0.9880111344363328,0.9908256880733946,0.9830623954099929,0.9869486833325531,0.002844835873891747,1879
1854,0.7934838533401489,0.08299117720809597,0.019129633903503418,0.0008905678597302804,1.0,0.3,0.1,4,750,1.0,1.0,0.7,"{'colsample_bytree': 1.0, 'gamma': 0.3, 'learning_rate': 0.1, 'max_depth': 4, 'n_estimators': 750, 'reg_alpha': 1.0, 'reg_lambda': 1.0, 'subsample': 0.7}",0.9823688243014796,0.989421589208529,0.9929427491104976,0.9894139180456464,0.9885367701665382,0.003840849508500695,1413
1855,0.7594683766365051,0.0887995053309665,0.021636366844177246,0.007177878791465941,1.0,0.3,0.1,4,750,1.0,1.0,0.85,"{'colsample_bytree': 1.0, 'gamma': 0.3, 'learning_rate': 0.1, 'max_depth': 4, 'n_estimators': 750, 'reg_alpha': 1.0, 'reg_lambda': 1.0, 'subsample': 0.85}",0.9830742144370506,0.9901269197103526,0.9936485026692425,0.9872965940966467,0.988536557728323,0.0038741430133794373,1444
1856,0.5242833495140076,0.20947860339340035,0.015500247478485107,0.0055901433343493335,1.0,0.3,0.1,4,750,1.0,1.0,1.0,"{'colsample_bytree': 1.0, 'gamma': 0.3, 'learning_rate': 0.1, 'max_depth': 4, 'n_estimators': 750, 'reg_alpha': 1.0, 'reg_lambda': 1.0, 'subsample': 1.0}",0.9830746184925907,0.9866005197259626,0.9901199668507407,0.9830617880153485,0.9857142232711606,0.002923996582937883,1935
1857,0.8290085792541504,0.06030879497518821,0.020129919052124023,0.000899645868589103,1.0,0.3,0.1,4,750,1.0,1.5,0.7,"{'colsample_bytree': 1.0, 'gamma': 0.3, 'learning_rate': 0.1, 'max_depth': 4, 'n_estimators': 750, 'reg_alpha': 1.0, 'reg_lambda': 1.5, 'subsample': 0.7}",0.9830742144370506,0.989421589208529,0.9936484394026853,0.9887080836414638,0.9887130816724322,0.0037635285149992307,1332
1858,0.8273715376853943,0.04693785068162486,0.019503772258758545,0.0020638778310702105,1.0,0.3,0.1,4,750,1.0,1.5,0.85,"{'colsample_bytree': 1.0, 'gamma': 0.3, 'learning_rate': 0.1, 'max_depth': 4, 'n_estimators': 750, 'reg_alpha': 1.0, 'reg_lambda': 1.5, 'subsample': 0.85}",0.9837795765103758,0.9908321169335286,0.9943541992883981,0.9872965940966467,0.9890656217072373,0.003942121596512472,1195
1859,0.40162360668182373,0.007630639618180185,0.01225191354751587,0.001089448973628973,1.0,0.3,0.1,4,750,1.0,1.5,1.0,"{'colsample_bytree': 1.0, 'gamma': 0.3, 'learning_rate': 0.1, 'max_depth': 4, 'n_estimators': 750, 'reg_alpha': 1.0, 'reg_lambda': 1.5, 'subsample': 1.0}",0.9844851595448396,0.9866005197259626,0.9901199668507407,0.9837677166275938,0.9862433406872841,0.0024685888018983787,1923
1860,0.8027380704879761,0.12107228987668099,0.02075260877609253,0.004204147000257197,1.0,0.3,0.1,4,750,1.0,2.0,0.7,"{'colsample_bytree': 1.0, 'gamma': 0.3, 'learning_rate': 0.1, 'max_depth': 4, 'n_estimators': 750, 'reg_alpha': 1.0, 'reg_lambda': 2.0, 'subsample': 0.7}",0.9830742144370506,0.989421589208529,0.9929427491104976,0.9865909628578188,0.988007378903474,0.0036297457188649066,1623
1861,0.7984679937362671,0.11298756532995413,0.01663649082183838,0.0009614485798135442,1.0,0.3,0.1,4,750,1.0,2.0,0.85,"{'colsample_bytree': 1.0, 'gamma': 0.3, 'learning_rate': 0.1, 'max_depth': 4, 'n_estimators': 750, 'reg_alpha': 1.0, 'reg_lambda': 2.0, 'subsample': 0.85}",0.9830742144370506,0.9894216733848407,0.9943541992883981,0.988002225333439,0.988713078110932,0.0040195289091183055,1333
1862,0.41249555349349976,0.009058554247938291,0.013380885124206543,0.002673999240979513,1.0,0.3,0.1,4,750,1.0,2.0,1.0,"{'colsample_bytree': 1.0, 'gamma': 0.3, 'learning_rate': 0.1, 'max_depth': 4, 'n_estimators': 750, 'reg_alpha': 1.0, 'reg_lambda': 2.0, 'subsample': 1.0}",0.9837795765103758,0.9873056608277879,0.9908256880733946,0.9830623954099929,0.9862433302053879,0.0030949547017691463,1925
1863,1.0467951893806458,0.1251556091618291,0.0241280198097229,0.0011369870496017519,1.0,0.3,0.1,4,900,0.1,1.0,0.7,"{'colsample_bytree': 1.0, 'gamma': 0.3, 'learning_rate': 0.1, 'max_depth': 4, 'n_estimators': 900, 'reg_alpha': 0.1, 'reg_lambda': 1.0, 'subsample': 0.7}",0.9837793183573613,0.9915373597517307,0.9964714114603177,0.988708263606662,0.9901240882940179,0.004597458881954779,598
1864,1.0694307088851929,0.1618161854105125,0.018630385398864746,0.0009650312575068592,1.0,0.3,0.1,4,900,0.1,1.0,0.85,"{'colsample_bytree': 1.0, 'gamma': 0.3, 'learning_rate': 0.1, 'max_depth': 4, 'n_estimators': 900, 'reg_alpha': 0.1, 'reg_lambda': 1.0, 'subsample': 0.85}",0.9858951786975421,0.9922425913464957,0.9971771221387733,0.9901197306558291,0.9913586557096601,0.004062647232647008,34
1865,0.5181436538696289,0.07425318189109832,0.015007197856903076,0.0029299930082006295,1.0,0.3,0.1,4,900,0.1,1.0,1.0,"{'colsample_bytree': 1.0, 'gamma': 0.3, 'learning_rate': 0.1, 'max_depth': 4, 'n_estimators': 900, 'reg_alpha': 0.1, 'reg_lambda': 1.0, 'subsample': 1.0}",0.9851902248919406,0.989421589208529,0.9922371206774876,0.985885498220995,0.9881836082497379,0.002837481871624762,1575
1866,1.006417691707611,0.12111259382492327,0.02301204204559326,0.0007906153759781302,1.0,0.3,0.1,4,900,0.1,1.5,0.7,"{'colsample_bytree': 1.0, 'gamma': 0.3, 'learning_rate': 0.1, 'max_depth': 4, 'n_estimators': 900, 'reg_alpha': 0.1, 'reg_lambda': 1.5, 'subsample': 0.7}",0.9837793183573613,0.9915373597517307,0.995059946520522,0.9894139180456464,0.9899476356688152,0.004092552316719458,711
1867,0.9969249963760376,0.11534000186524387,0.02026200294494629,0.003793867705525039,1.0,0.3,0.1,4,900,0.1,1.5,0.85,"{'colsample_bytree': 1.0, 'gamma': 0.3, 'learning_rate': 0.1, 'max_depth': 4, 'n_estimators': 900, 'reg_alpha': 0.1, 'reg_lambda': 1.5, 'subsample': 0.85}",0.9858951786975421,0.9922425913464957,0.9957656494662985,0.9894139180456464,0.9908293343889957,0.0036302134091143376,212
1868,0.48726505041122437,0.012374880139568781,0.014129102230072021,0.0016708500272453377,1.0,0.3,0.1,4,900,0.1,1.5,1.0,"{'colsample_bytree': 1.0, 'gamma': 0.3, 'learning_rate': 0.1, 'max_depth': 4, 'n_estimators': 900, 'reg_alpha': 0.1, 'reg_lambda': 1.5, 'subsample': 1.0}",0.9858955154104921,0.9887164123283938,0.9915313664163197,0.9872967965574946,0.988360022678175,0.0020849868431486117,1523
1869,1.0182033777236938,0.11538385419652378,0.024633944034576416,0.0018511782876595596,1.0,0.3,0.1,4,900,0.1,2.0,0.7,"{'colsample_bytree': 1.0, 'gamma': 0.3, 'learning_rate': 0.1, 'max_depth': 4, 'n_estimators': 900, 'reg_alpha': 0.1, 'reg_lambda': 2.0, 'subsample': 0.7}",0.9844846965672964,0.9915373597517307,0.9957656832081598,0.988708263606662,0.9901240007834622,0.004111940781144794,612
1870,0.8712869882583618,0.005998178923067772,0.020133912563323975,0.0005410160800305278,1.0,0.3,0.1,4,900,0.1,2.0,0.85,"{'colsample_bytree': 1.0, 'gamma': 0.3, 'learning_rate': 0.1, 'max_depth': 4, 'n_estimators': 900, 'reg_alpha': 0.1, 'reg_lambda': 2.0, 'subsample': 0.85}",0.985189812413243,0.9908321169335286,0.9957656832081598,0.9894139180456464,0.9903003826501444,0.0037767710805296445,502
1871,0.8096428513526917,0.43184605202327275,0.014007925987243652,0.0009438655878738842,1.0,0.3,0.1,4,900,0.1,2.0,1.0,"{'colsample_bytree': 1.0, 'gamma': 0.3, 'learning_rate': 0.1, 'max_depth': 4, 'n_estimators': 900, 'reg_alpha': 0.1, 'reg_lambda': 2.0, 'subsample': 1.0}",0.9858955154104921,0.9887164123283938,0.990825669796826,0.9880026077606279,0.988360051324085,0.0017612474832458494,1516
1872,1.0263147354125977,0.04125569725414691,0.023259520530700684,0.0009060066074287436,1.0,0.3,0.1,4,900,0.5,1.0,0.7,"{'colsample_bytree': 1.0, 'gamma': 0.3, 'learning_rate': 0.1, 'max_depth': 4, 'n_estimators': 900, 'reg_alpha': 0.5, 'reg_lambda': 1.0, 'subsample': 0.7}",0.9837795765103758,0.9908321169335286,0.9943542442775466,0.988708263606662,0.9894185503320283,0.0038295488720675812,1005
1873,0.8242524862289429,0.051110684506988344,0.01813328266143799,0.0007335560559296399,1.0,0.3,0.1,4,900,0.5,1.0,0.85,"{'colsample_bytree': 1.0, 'gamma': 0.3, 'learning_rate': 0.1, 'max_depth': 4, 'n_estimators': 900, 'reg_alpha': 0.5, 'reg_lambda': 1.0, 'subsample': 0.85}",0.9837795765103758,0.9915373597517307,0.995059946520522,0.9887080836414638,0.9897712416060231,0.004126739889223879,810
1874,0.470145583152771,0.03418364672230151,0.013379693031311035,0.0009647781025717109,1.0,0.3,0.1,4,900,0.5,1.0,1.0,"{'colsample_bytree': 1.0, 'gamma': 0.3, 'learning_rate': 0.1, 'max_depth': 4, 'n_estimators': 900, 'reg_alpha': 0.5, 'reg_lambda': 1.0, 'subsample': 1.0}",0.9858955154104921,0.9880111344363328,0.9915314001577777,0.9837680076699911,0.9873015144186486,0.0028660947772767196,1839
1875,0.9444169402122498,0.01758014128130873,0.023000121116638184,0.001000166003269289,1.0,0.3,0.1,4,900,0.5,1.5,0.7,"{'colsample_bytree': 1.0, 'gamma': 0.3, 'learning_rate': 0.1, 'max_depth': 4, 'n_estimators': 900, 'reg_alpha': 0.5, 'reg_lambda': 1.5, 'subsample': 0.7}",0.9830742144370506,0.9901268607873446,0.995059946520522,0.9901197306558291,0.9895951881001865,0.004270377701295581,853
1876,0.8033645749092102,0.034629773510373794,0.017382144927978516,0.0004200004318585184,1.0,0.3,0.1,4,900,0.5,1.5,0.85,"{'colsample_bytree': 1.0, 'gamma': 0.3, 'learning_rate': 0.1, 'max_depth': 4, 'n_estimators': 900, 'reg_alpha': 0.5, 'reg_lambda': 1.5, 'subsample': 0.85}",0.9844849126269217,0.9901268607873446,0.995059946520522,0.988002225333439,0.9894184863170568,0.0038299416492666096,1015
1877,0.47838664054870605,0.004539329793710594,0.01488417387008667,0.0018181038641488523,1.0,0.3,0.1,4,900,0.5,1.5,1.0,"{'colsample_bytree': 1.0, 'gamma': 0.3, 'learning_rate': 0.1, 'max_depth': 4, 'n_estimators': 900, 'reg_alpha': 0.5, 'reg_lambda': 1.5, 'subsample': 1.0}",0.9844849126269217,0.989421589208529,0.9901199668507407,0.9851792195295421,0.9873014220539333,0.002493780886626442,1841
1878,0.9420257210731506,0.05152924601917355,0.02225250005722046,0.00042899679845140244,1.0,0.3,0.1,4,900,0.5,2.0,0.7,"{'colsample_bytree': 1.0, 'gamma': 0.3, 'learning_rate': 0.1, 'max_depth': 4, 'n_estimators': 900, 'reg_alpha': 0.5, 'reg_lambda': 2.0, 'subsample': 0.7}",0.9830742144370506,0.9908321169335286,0.995059946520522,0.9894139180456464,0.9895950489841869,0.004299695739292288,880
1879,0.898523211479187,0.03442576153331755,0.018878042697906494,0.00020720682699487198,1.0,0.3,0.1,4,900,0.5,2.0,0.85,"{'colsample_bytree': 1.0, 'gamma': 0.3, 'learning_rate': 0.1, 'max_depth': 4, 'n_estimators': 900, 'reg_alpha': 0.5, 'reg_lambda': 2.0, 'subsample': 0.85}",0.9837795765103758,0.9908321169335286,0.9943541992883981,0.988002225333439,0.9892420295164354,0.0038742149213405663,1107
1880,0.5072686672210693,0.03095797102941587,0.013002514839172363,0.0007057119966011832,1.0,0.3,0.1,4,900,0.5,2.0,1.0,"{'colsample_bytree': 1.0, 'gamma': 0.3, 'learning_rate': 0.1, 'max_depth': 4, 'n_estimators': 900, 'reg_alpha': 0.5, 'reg_lambda': 2.0, 'subsample': 1.0}",0.9858955154104921,0.9880111344363328,0.9908256880733946,0.9830623954099929,0.9869486833325531,0.002844835873891747,1879
1881,0.9138987064361572,0.016169375370990013,0.02050483226776123,0.0004999784978832856,1.0,0.3,0.1,4,900,1.0,1.0,0.7,"{'colsample_bytree': 1.0, 'gamma': 0.3, 'learning_rate': 0.1, 'max_depth': 4, 'n_estimators': 900, 'reg_alpha': 1.0, 'reg_lambda': 1.0, 'subsample': 0.7}",0.9816634039979629,0.989421589208529,0.9929427491104976,0.9894139180456464,0.9883604150906591,0.004125642423601109,1474
1882,0.75923091173172,0.03199430936804556,0.017502129077911377,0.0005022998351070755,1.0,0.3,0.1,4,900,1.0,1.0,0.85,"{'colsample_bytree': 1.0, 'gamma': 0.3, 'learning_rate': 0.1, 'max_depth': 4, 'n_estimators': 900, 'reg_alpha': 1.0, 'reg_lambda': 1.0, 'subsample': 0.85}",0.9830742144370506,0.9901269197103526,0.9936485026692425,0.988002225333439,0.9887129655375211,0.0038294731619449014,1354
1883,0.4994114637374878,0.015356188102056282,0.014385640621185303,0.00042040262176636025,1.0,0.3,0.1,4,900,1.0,1.0,1.0,"{'colsample_bytree': 1.0, 'gamma': 0.3, 'learning_rate': 0.1, 'max_depth': 4, 'n_estimators': 900, 'reg_alpha': 1.0, 'reg_lambda': 1.0, 'subsample': 1.0}",0.9830746184925907,0.9866005197259626,0.9901199668507407,0.9830617880153485,0.9857142232711606,0.002923996582937883,1935
1884,0.9291730523109436,0.035594245907539804,0.021506309509277344,0.001118867287141481,1.0,0.3,0.1,4,900,1.0,1.5,0.7,"{'colsample_bytree': 1.0, 'gamma': 0.3, 'learning_rate': 0.1, 'max_depth': 4, 'n_estimators': 900, 'reg_alpha': 1.0, 'reg_lambda': 1.5, 'subsample': 0.7}",0.9823688243014796,0.989421589208529,0.9936484394026853,0.9894139180456464,0.9887131927395851,0.004049707150394869,1303
1885,0.8346428871154785,0.04213318575861833,0.017633378505706787,0.0009656528669842825,1.0,0.3,0.1,4,900,1.0,1.5,0.85,"{'colsample_bytree': 1.0, 'gamma': 0.3, 'learning_rate': 0.1, 'max_depth': 4, 'n_estimators': 900, 'reg_alpha': 1.0, 'reg_lambda': 1.5, 'subsample': 0.85}",0.9837795765103758,0.9908321169335286,0.9943541992883981,0.9872965940966467,0.9890656217072373,0.003942121596512472,1195
1886,0.47441279888153076,0.007221481964284939,0.014253497123718262,0.0010948425759700665,1.0,0.3,0.1,4,900,1.0,1.5,1.0,"{'colsample_bytree': 1.0, 'gamma': 0.3, 'learning_rate': 0.1, 'max_depth': 4, 'n_estimators': 900, 'reg_alpha': 1.0, 'reg_lambda': 1.5, 'subsample': 1.0}",0.9844851595448396,0.9866005197259626,0.9901199668507407,0.9837677166275938,0.9862433406872841,0.0024685888018983787,1923
1887,0.9021416902542114,0.04241851766680289,0.024002432823181152,0.004689745675154002,1.0,0.3,0.1,4,900,1.0,2.0,0.7,"{'colsample_bytree': 1.0, 'gamma': 0.3, 'learning_rate': 0.1, 'max_depth': 4, 'n_estimators': 900, 'reg_alpha': 1.0, 'reg_lambda': 2.0, 'subsample': 0.7}",0.9823688243014796,0.989421589208529,0.9929427491104976,0.9872967965574946,0.9880074897945001,0.003829363363804814,1606
1888,0.8321279287338257,0.024532496310149983,0.01850306987762451,0.001119662874789019,1.0,0.3,0.1,4,900,1.0,2.0,0.85,"{'colsample_bytree': 1.0, 'gamma': 0.3, 'learning_rate': 0.1, 'max_depth': 4, 'n_estimators': 900, 'reg_alpha': 1.0, 'reg_lambda': 2.0, 'subsample': 0.85}",0.9830742144370506,0.9894216733848407,0.9943541992883981,0.988002225333439,0.988713078110932,0.0040195289091183055,1333
1889,0.4678937792778015,0.013475762715971853,0.013502180576324463,0.0011191541350700459,1.0,0.3,0.1,4,900,1.0,2.0,1.0,"{'colsample_bytree': 1.0, 'gamma': 0.3, 'learning_rate': 0.1, 'max_depth': 4, 'n_estimators': 900, 'reg_alpha': 1.0, 'reg_lambda': 2.0, 'subsample': 1.0}",0.9837795765103758,0.9873056608277879,0.9908256880733946,0.9830623954099929,0.9862433302053879,0.0030949547017691463,1925
1890,0.82062166929245,0.0549249189824922,0.02264338731765747,0.0037201584081607416,1.0,0.3,0.1,8,750,0.1,1.0,0.7,"{'colsample_bytree': 1.0, 'gamma': 0.3, 'learning_rate': 0.1, 'max_depth': 8, 'n_estimators': 750, 'reg_alpha': 0.1, 'reg_lambda': 1.0, 'subsample': 0.7}",0.984484418767507,0.9908321169335286,0.9964714114603177,0.9908255235816565,0.9906533676857525,0.004241672814608462,256
1891,0.7228639125823975,0.03336105470087008,0.01649785041809082,0.0008669288531316253,1.0,0.3,0.1,8,750,0.1,1.0,0.85,"{'colsample_bytree': 1.0, 'gamma': 0.3, 'learning_rate': 0.1, 'max_depth': 8, 'n_estimators': 750, 'reg_alpha': 0.1, 'reg_lambda': 1.0, 'subsample': 0.85}",0.9873059638694429,0.9915373765867419,0.9950598973131997,0.9908255235816565,0.9911821903377602,0.0027529580212668756,83
1892,0.5021621584892273,0.00438622513627992,0.01425635814666748,0.0010936452341751988,1.0,0.3,0.1,8,750,0.1,1.0,1.0,"{'colsample_bytree': 1.0, 'gamma': 0.3, 'learning_rate': 0.1, 'max_depth': 8, 'n_estimators': 750, 'reg_alpha': 0.1, 'reg_lambda': 1.0, 'subsample': 1.0}",0.985189812413243,0.9901269197103526,0.9964713903718013,0.9894139180456464,0.9903005101352609,0.004031599349778915,465
1893,1.7529951930046082,1.4594194973076708,0.02650660276412964,0.007796039776727709,1.0,0.3,0.1,8,750,0.1,1.5,0.7,"{'colsample_bytree': 1.0, 'gamma': 0.3, 'learning_rate': 0.1, 'max_depth': 8, 'n_estimators': 750, 'reg_alpha': 0.1, 'reg_lambda': 1.5, 'subsample': 0.7}",0.9837793183573613,0.9908321169335286,0.9964714184897671,0.9908255235816565,0.9904770943405783,0.004501099007588291,344
1894,0.8165203928947449,0.03029840074012208,0.01788175106048584,0.00020808960650628197,1.0,0.3,0.1,8,750,0.1,1.5,0.85,"{'colsample_bytree': 1.0, 'gamma': 0.3, 'learning_rate': 0.1, 'max_depth': 8, 'n_estimators': 750, 'reg_alpha': 0.1, 'reg_lambda': 1.5, 'subsample': 0.85}",0.9851902248919406,0.990832153409495,0.995059946520522,0.9901197306558291,0.9903005138694467,0.0035029478930113356,464
1895,0.5097987651824951,0.03242959471762963,0.01462697982788086,0.0010822744391948515,1.0,0.3,0.1,8,750,0.1,1.5,1.0,"{'colsample_bytree': 1.0, 'gamma': 0.3, 'learning_rate': 0.1, 'max_depth': 8, 'n_estimators': 750, 'reg_alpha': 0.1, 'reg_lambda': 1.5, 'subsample': 1.0}",0.9858951786975421,0.9894216733848407,0.995059946520522,0.9901197306558291,0.9901241323146834,0.0032687833552105926,584
1896,0.8808991312980652,0.028476258014994083,0.021253228187561035,0.0008318322149778244,1.0,0.3,0.1,8,750,0.1,2.0,0.7,"{'colsample_bytree': 1.0, 'gamma': 0.3, 'learning_rate': 0.1, 'max_depth': 8, 'n_estimators': 750, 'reg_alpha': 0.1, 'reg_lambda': 2.0, 'subsample': 0.7}",0.9837793183573613,0.9922425913464957,0.9964714184897671,0.9908255235816565,0.9908297129438202,0.0045698235256801355,173
1897,0.8690114617347717,0.036593209222532085,0.03126436471939087,0.008242226200520448,1.0,0.3,0.1,8,750,0.1,2.0,0.85,"{'colsample_bytree': 1.0, 'gamma': 0.3, 'learning_rate': 0.1, 'max_depth': 8, 'n_estimators': 750, 'reg_alpha': 0.1, 'reg_lambda': 2.0, 'subsample': 0.85}",0.9858951786975421,0.990832153409495,0.9957656494662985,0.9908255235816565,0.9908296262887479,0.0034897392831778587,194
1898,0.5064007043838501,0.049819880685829945,0.013749778270721436,0.0010884572768823713,1.0,0.3,0.1,8,750,0.1,2.0,1.0,"{'colsample_bytree': 1.0, 'gamma': 0.3, 'learning_rate': 0.1, 'max_depth': 8, 'n_estimators': 750, 'reg_alpha': 0.1, 'reg_lambda': 2.0, 'subsample': 1.0}",0.9851902248919406,0.9901269197103526,0.995059946520522,0.988708263606662,0.9897713386823692,0.0035430404637358266,801
1899,0.8301283121109009,0.01064095432838341,0.01976221799850464,0.0007508505409133664,1.0,0.3,0.1,8,750,0.5,1.0,0.7,"{'colsample_bytree': 1.0, 'gamma': 0.3, 'learning_rate': 0.1, 'max_depth': 8, 'n_estimators': 750, 'reg_alpha': 0.5, 'reg_lambda': 1.0, 'subsample': 0.7}",0.9830742144370506,0.9908321169335286,0.9964714114603177,0.9901197306558291,0.9901243683716815,0.004756326208488058,534
1900,0.761605978012085,0.0581699593150255,0.017499208450317383,0.0020605361044359334,1.0,0.3,0.1,8,750,0.5,1.0,0.85,"{'colsample_bytree': 1.0, 'gamma': 0.3, 'learning_rate': 0.1, 'max_depth': 8, 'n_estimators': 750, 'reg_alpha': 0.5, 'reg_lambda': 1.0, 'subsample': 0.85}",0.9851902248919406,0.9908321169335286,0.9957656832081598,0.988708263606662,0.9901240721600728,0.0038300282422027323,600
1901,0.515785276889801,0.03971025237052634,0.013881385326385498,0.0016788473291841817,1.0,0.3,0.1,8,750,0.5,1.0,1.0,"{'colsample_bytree': 1.0, 'gamma': 0.3, 'learning_rate': 0.1, 'max_depth': 8, 'n_estimators': 750, 'reg_alpha': 0.5, 'reg_lambda': 1.0, 'subsample': 1.0}",0.9844850669515415,0.9901269197103526,0.9943541992883981,0.988708263606662,0.9894186123892386,0.003525130610311785,997
1902,0.8995598554611206,0.031333802681975824,0.02063363790512085,0.001200547177506475,1.0,0.3,0.1,8,750,0.5,1.5,0.7,"{'colsample_bytree': 1.0, 'gamma': 0.3, 'learning_rate': 0.1, 'max_depth': 8, 'n_estimators': 750, 'reg_alpha': 0.5, 'reg_lambda': 1.5, 'subsample': 0.7}",0.9837793183573613,0.9908321169335286,0.9957656832081598,0.9908255235816565,0.9903006605201765,0.004270606038294882,441
1903,0.7746328711509705,0.032710206086167065,0.017010986804962158,0.001267711530607696,1.0,0.3,0.1,8,750,0.5,1.5,0.85,"{'colsample_bytree': 1.0, 'gamma': 0.3, 'learning_rate': 0.1, 'max_depth': 8, 'n_estimators': 750, 'reg_alpha': 0.5, 'reg_lambda': 1.5, 'subsample': 0.85}",0.9844849126269217,0.9922425913464957,0.9943542442775466,0.9894140656711423,0.9901239534805266,0.0036975231265337434,621
1904,0.4846794009208679,0.018447139634956516,0.012759029865264893,0.0005630102008875721,1.0,0.3,0.1,8,750,0.5,1.5,1.0,"{'colsample_bytree': 1.0, 'gamma': 0.3, 'learning_rate': 0.1, 'max_depth': 8, 'n_estimators': 750, 'reg_alpha': 0.5, 'reg_lambda': 1.5, 'subsample': 1.0}",0.9858955154104921,0.9894216733848407,0.995059946520522,0.988708263606662,0.9897713497306291,0.003325799653353772,798
1905,0.8812989592552185,0.02368054234481247,0.02175194025039673,0.0026795080805003184,1.0,0.3,0.1,8,750,0.5,2.0,0.7,"{'colsample_bytree': 1.0, 'gamma': 0.3, 'learning_rate': 0.1, 'max_depth': 8, 'n_estimators': 750, 'reg_alpha': 0.5, 'reg_lambda': 2.0, 'subsample': 0.7}",0.9830739113827349,0.9908321169335286,0.9936485406285719,0.9901197306558291,0.9894185749001662,0.0038934909042750952,1003
1906,0.7633218169212341,0.05851440853642166,0.01688075065612793,0.001031265377473602,1.0,0.3,0.1,8,750,0.5,2.0,0.85,"{'colsample_bytree': 1.0, 'gamma': 0.3, 'learning_rate': 0.1, 'max_depth': 8, 'n_estimators': 750, 'reg_alpha': 0.5, 'reg_lambda': 2.0, 'subsample': 0.85}",0.9851902248919406,0.9915373597517307,0.9943542442775466,0.9901197306558291,0.9903003898942617,0.0033207775407479195,496
1907,0.5120128989219666,0.026703967486551163,0.01413106918334961,0.0005387039964278597,1.0,0.3,0.1,8,750,0.5,2.0,1.0,"{'colsample_bytree': 1.0, 'gamma': 0.3, 'learning_rate': 0.1, 'max_depth': 8, 'n_estimators': 750, 'reg_alpha': 0.5, 'reg_lambda': 2.0, 'subsample': 1.0}",0.9844851595448396,0.9894216733848407,0.9943542442775466,0.9894139180456464,0.9894187488132183,0.0034892495768037643,962
1908,0.7989793419837952,0.04544460923344653,0.02050238847732544,0.002692069822966922,1.0,0.3,0.1,8,750,1.0,1.0,0.7,"{'colsample_bytree': 1.0, 'gamma': 0.3, 'learning_rate': 0.1, 'max_depth': 8, 'n_estimators': 750, 'reg_alpha': 1.0, 'reg_lambda': 1.0, 'subsample': 0.7}",0.9823691049025824,0.9901268607873446,0.9943542667718518,0.9901197306558291,0.989242490779402,0.004327971445157386,1037
1909,0.7375820875167847,0.04134557399730263,0.016130566596984863,0.0012376624946849807,1.0,0.3,0.1,8,750,1.0,1.0,0.85,"{'colsample_bytree': 1.0, 'gamma': 0.3, 'learning_rate': 0.1, 'max_depth': 8, 'n_estimators': 750, 'reg_alpha': 1.0, 'reg_lambda': 1.0, 'subsample': 0.85}",0.9851903427387769,0.9922425913464957,0.9943542442775466,0.9880026077606279,0.9899474465308618,0.0035742128656457636,725
1910,0.47739464044570923,0.021370751288415875,0.013499855995178223,0.0005008005522628735,1.0,0.3,0.1,8,750,1.0,1.0,1.0,"{'colsample_bytree': 1.0, 'gamma': 0.3, 'learning_rate': 0.1, 'max_depth': 8, 'n_estimators': 750, 'reg_alpha': 1.0, 'reg_lambda': 1.0, 'subsample': 1.0}",0.9844851595448396,0.989421589208529,0.9936485026692425,0.9872965940966467,0.9887129613798145,0.003344477756538479,1355
1911,0.8598712086677551,0.01991855195154969,0.021270453929901123,0.0015242700120324665,1.0,0.3,0.1,8,750,1.0,1.5,0.7,"{'colsample_bytree': 1.0, 'gamma': 0.3, 'learning_rate': 0.1, 'max_depth': 8, 'n_estimators': 750, 'reg_alpha': 1.0, 'reg_lambda': 1.5, 'subsample': 0.7}",0.9837795765103758,0.9908321169335286,0.9936485406285719,0.9894139180456464,0.9894185380295307,0.003594754361026751,1010
1912,0.7240898013114929,0.043121530602907014,0.020882487297058105,0.008489831764409714,1.0,0.3,0.1,8,750,1.0,1.5,0.85,"{'colsample_bytree': 1.0, 'gamma': 0.3, 'learning_rate': 0.1, 'max_depth': 8, 'n_estimators': 750, 'reg_alpha': 1.0, 'reg_lambda': 1.5, 'subsample': 0.85}",0.9844849126269217,0.989421589208529,0.9936485026692425,0.9894140656711423,0.9892422675439589,0.0032445725697628114,1073
1913,0.48989856243133545,0.00879052154551516,0.015250682830810547,0.0013005346463788395,1.0,0.3,0.1,8,750,1.0,1.5,1.0,"{'colsample_bytree': 1.0, 'gamma': 0.3, 'learning_rate': 0.1, 'max_depth': 8, 'n_estimators': 750, 'reg_alpha': 1.0, 'reg_lambda': 1.5, 'subsample': 1.0}",0.9837798991900891,0.9894216733848407,0.9936485026692425,0.9880024404517326,0.9887131289239762,0.0035249745733257963,1324
1914,0.8456321358680725,0.06576499733775676,0.020899534225463867,0.0009584823198095567,1.0,0.3,0.1,8,750,1.0,2.0,0.7,"{'colsample_bytree': 1.0, 'gamma': 0.3, 'learning_rate': 0.1, 'max_depth': 8, 'n_estimators': 750, 'reg_alpha': 1.0, 'reg_lambda': 2.0, 'subsample': 0.7}",0.9837797701197444,0.9908321169335286,0.9929428053469331,0.9901197306558291,0.9894186057640089,0.003417090870301748,999
1915,0.7632321119308472,0.03790093522482544,0.018504798412322998,0.0017995255539350655,1.0,0.3,0.1,8,750,1.0,2.0,0.85,"{'colsample_bytree': 1.0, 'gamma': 0.3, 'learning_rate': 0.1, 'max_depth': 8, 'n_estimators': 750, 'reg_alpha': 1.0, 'reg_lambda': 2.0, 'subsample': 0.85}",0.9851902248919406,0.9901268607873446,0.9936485406285719,0.9880026077606279,0.9892420585171212,0.0030884281422692635,1102
1916,0.4930381178855896,0.03616978205603673,0.01450413465499878,0.0011138898967943593,1.0,0.3,0.1,8,750,1.0,2.0,1.0,"{'colsample_bytree': 1.0, 'gamma': 0.3, 'learning_rate': 0.1, 'max_depth': 8, 'n_estimators': 750, 'reg_alpha': 1.0, 'reg_lambda': 2.0, 'subsample': 1.0}",0.9830746184925907,0.9901268607873446,0.9936485026692425,0.9865909628578188,0.9883602362017492,0.0039419160122508064,1498
1917,0.998297393321991,0.043560524761762635,0.022135436534881592,0.0012380639081602692,1.0,0.3,0.1,8,900,0.1,1.0,0.7,"{'colsample_bytree': 1.0, 'gamma': 0.3, 'learning_rate': 0.1, 'max_depth': 8, 'n_estimators': 900, 'reg_alpha': 0.1, 'reg_lambda': 1.0, 'subsample': 0.7}",0.984484418767507,0.9915373597517307,0.9964714114603177,0.9908255235816565,0.990829678390303,0.004260055806140616,188
1918,0.9308976531028748,0.04979702348096805,0.0191306471824646,0.002081295312140335,1.0,0.3,0.1,8,900,0.1,1.0,0.85,"{'colsample_bytree': 1.0, 'gamma': 0.3, 'learning_rate': 0.1, 'max_depth': 8, 'n_estimators': 900, 'reg_alpha': 0.1, 'reg_lambda': 1.0, 'subsample': 0.85}",0.9873059638694429,0.9915373765867419,0.9964713903718013,0.9901197306558291,0.9913586153709538,0.0033215675257184433,37
1919,0.5626621842384338,0.011175875750699577,0.014760375022888184,0.001606521835592136,1.0,0.3,0.1,8,900,0.1,1.0,1.0,"{'colsample_bytree': 1.0, 'gamma': 0.3, 'learning_rate': 0.1, 'max_depth': 8, 'n_estimators': 900, 'reg_alpha': 0.1, 'reg_lambda': 1.0, 'subsample': 1.0}",0.985189812413243,0.9901269197103526,0.9964713903718013,0.9894139180456464,0.9903005101352609,0.004031599349778915,465
1920,0.9749079942703247,0.06194602169432004,0.02288496494293213,0.0007351559758728936,1.0,0.3,0.1,8,900,0.1,1.5,0.7,"{'colsample_bytree': 1.0, 'gamma': 0.3, 'learning_rate': 0.1, 'max_depth': 8, 'n_estimators': 900, 'reg_alpha': 0.1, 'reg_lambda': 1.5, 'subsample': 0.7}",0.9837793183573613,0.9915373597517307,0.9964714184897671,0.9908255235816565,0.990653405045129,0.0045252996847411605,245
1921,1.0481876134872437,0.14533626797116586,0.03550279140472412,0.026861253603589874,1.0,0.3,0.1,8,900,0.1,1.5,0.85,"{'colsample_bytree': 1.0, 'gamma': 0.3, 'learning_rate': 0.1, 'max_depth': 8, 'n_estimators': 900, 'reg_alpha': 0.1, 'reg_lambda': 1.5, 'subsample': 0.85}",0.9851902248919406,0.9915373765867419,0.9957656832081598,0.9901197306558291,0.9906532538356678,0.0037765043145451334,271
1922,0.5681657195091248,0.03940360620023201,0.014751076698303223,0.00043339545097614325,1.0,0.3,0.1,8,900,0.1,1.5,1.0,"{'colsample_bytree': 1.0, 'gamma': 0.3, 'learning_rate': 0.1, 'max_depth': 8, 'n_estimators': 900, 'reg_alpha': 0.1, 'reg_lambda': 1.5, 'subsample': 1.0}",0.9858951786975421,0.9894216733848407,0.995059946520522,0.9901197306558291,0.9901241323146834,0.0032687833552105926,584
1923,1.0054378509521484,0.06036767591955165,0.023752212524414062,0.0023800648898189758,1.0,0.3,0.1,8,900,0.1,2.0,0.7,"{'colsample_bytree': 1.0, 'gamma': 0.3, 'learning_rate': 0.1, 'max_depth': 8, 'n_estimators': 900, 'reg_alpha': 0.1, 'reg_lambda': 2.0, 'subsample': 0.7}",0.9837793183573613,0.9922425913464957,0.9964714184897671,0.9908255235816565,0.9908297129438202,0.0045698235256801355,173
1924,0.9183955192565918,0.011213172659181363,0.020632684230804443,0.0009531132027097105,1.0,0.3,0.1,8,900,0.1,2.0,0.85,"{'colsample_bytree': 1.0, 'gamma': 0.3, 'learning_rate': 0.1, 'max_depth': 8, 'n_estimators': 900, 'reg_alpha': 0.1, 'reg_lambda': 2.0, 'subsample': 0.85}",0.9866005197259626,0.9915373765867419,0.9950598973131997,0.9908255235816565,0.9910058293018902,0.0030065458822735413,134
1925,0.5471549034118652,0.020969959307392955,0.014257371425628662,0.0011004695187746385,1.0,0.3,0.1,8,900,0.1,2.0,1.0,"{'colsample_bytree': 1.0, 'gamma': 0.3, 'learning_rate': 0.1, 'max_depth': 8, 'n_estimators': 900, 'reg_alpha': 0.1, 'reg_lambda': 2.0, 'subsample': 1.0}",0.9851902248919406,0.9901269197103526,0.995059946520522,0.988708263606662,0.9897713386823692,0.0035430404637358266,801
1926,1.0081974267959595,0.0473339737604263,0.02200007438659668,1.944244674479972e-06,1.0,0.3,0.1,8,900,0.5,1.0,0.7,"{'colsample_bytree': 1.0, 'gamma': 0.3, 'learning_rate': 0.1, 'max_depth': 8, 'n_estimators': 900, 'reg_alpha': 0.5, 'reg_lambda': 1.0, 'subsample': 0.7}",0.9844846965672964,0.9915373597517307,0.997177133385926,0.9901197306558291,0.9908297300901956,0.004515357625372764,172
1927,0.8890395760536194,0.06042270491262926,0.022001206874847412,0.0025483439359421946,1.0,0.3,0.1,8,900,0.5,1.0,0.85,"{'colsample_bytree': 1.0, 'gamma': 0.3, 'learning_rate': 0.1, 'max_depth': 8, 'n_estimators': 900, 'reg_alpha': 0.5, 'reg_lambda': 1.0, 'subsample': 0.85}",0.9844849126269217,0.9908321169335286,0.9957656832081598,0.9887080836414638,0.9899476991025186,0.004062321273685548,698
1928,0.5374358892440796,0.019837671662957388,0.016752660274505615,0.0038967461930586324,1.0,0.3,0.1,8,900,0.5,1.0,1.0,"{'colsample_bytree': 1.0, 'gamma': 0.3, 'learning_rate': 0.1, 'max_depth': 8, 'n_estimators': 900, 'reg_alpha': 0.5, 'reg_lambda': 1.0, 'subsample': 1.0}",0.9844850669515415,0.9901269197103526,0.9943541992883981,0.988708263606662,0.9894186123892386,0.003525130610311785,997
1929,1.0436758995056152,0.07793488613320831,0.02213263511657715,0.00022468772322164126,1.0,0.3,0.1,8,900,0.5,1.5,0.7,"{'colsample_bytree': 1.0, 'gamma': 0.3, 'learning_rate': 0.1, 'max_depth': 8, 'n_estimators': 900, 'reg_alpha': 0.5, 'reg_lambda': 1.5, 'subsample': 0.7}",0.9837793183573613,0.9915373597517307,0.9957656832081598,0.9908255235816565,0.990476971224727,0.004303340009491467,366
1930,1.0127896666526794,0.07034816260019293,0.01863253116607666,0.0012860689382238803,1.0,0.3,0.1,8,900,0.5,1.5,0.85,"{'colsample_bytree': 1.0, 'gamma': 0.3, 'learning_rate': 0.1, 'max_depth': 8, 'n_estimators': 900, 'reg_alpha': 0.5, 'reg_lambda': 1.5, 'subsample': 0.85}",0.9851902248919406,0.9922425913464957,0.9943542442775466,0.9901197306558291,0.990476697792953,0.0033995576202188573,415
1931,0.5544111132621765,0.010832894175286475,0.014010906219482422,0.0009317721254635677,1.0,0.3,0.1,8,900,0.5,1.5,1.0,"{'colsample_bytree': 1.0, 'gamma': 0.3, 'learning_rate': 0.1, 'max_depth': 8, 'n_estimators': 900, 'reg_alpha': 0.5, 'reg_lambda': 1.5, 'subsample': 1.0}",0.9858955154104921,0.9894216733848407,0.995059946520522,0.988708263606662,0.9897713497306291,0.003325799653353772,798
1932,0.980658233165741,0.06929108910050866,0.021631181240081787,0.0015528208497351534,1.0,0.3,0.1,8,900,0.5,2.0,0.7,"{'colsample_bytree': 1.0, 'gamma': 0.3, 'learning_rate': 0.1, 'max_depth': 8, 'n_estimators': 900, 'reg_alpha': 0.5, 'reg_lambda': 2.0, 'subsample': 0.7}",0.9837793183573613,0.9908321169335286,0.9936485406285719,0.9908255235816565,0.9897713748752797,0.003646010107011633,790
1933,0.8983858227729797,0.02906075584922798,0.017501533031463623,0.001118837240678449,1.0,0.3,0.1,8,900,0.5,2.0,0.85,"{'colsample_bytree': 1.0, 'gamma': 0.3, 'learning_rate': 0.1, 'max_depth': 8, 'n_estimators': 900, 'reg_alpha': 0.5, 'reg_lambda': 2.0, 'subsample': 0.85}",0.9851902248919406,0.9922425913464957,0.9943542442775466,0.9901197306558291,0.990476697792953,0.0033995576202188573,415
1934,0.5521624088287354,0.021804988400458483,0.014749467372894287,0.0004328781120128417,1.0,0.3,0.1,8,900,0.5,2.0,1.0,"{'colsample_bytree': 1.0, 'gamma': 0.3, 'learning_rate': 0.1, 'max_depth': 8, 'n_estimators': 900, 'reg_alpha': 0.5, 'reg_lambda': 2.0, 'subsample': 1.0}",0.9844851595448396,0.9894216733848407,0.9943542442775466,0.9894139180456464,0.9894187488132183,0.0034892495768037643,962
1935,0.9363798499107361,0.007400091914451186,0.02113640308380127,0.000741753296571977,1.0,0.3,0.1,8,900,1.0,1.0,0.7,"{'colsample_bytree': 1.0, 'gamma': 0.3, 'learning_rate': 0.1, 'max_depth': 8, 'n_estimators': 900, 'reg_alpha': 1.0, 'reg_lambda': 1.0, 'subsample': 0.7}",0.9823691049025824,0.9901268607873446,0.9943542667718518,0.9901197306558291,0.989242490779402,0.004327971445157386,1037
1936,0.8896129727363586,0.05923701374672639,0.017382025718688965,0.00041569523646395166,1.0,0.3,0.1,8,900,1.0,1.0,0.85,"{'colsample_bytree': 1.0, 'gamma': 0.3, 'learning_rate': 0.1, 'max_depth': 8, 'n_estimators': 900, 'reg_alpha': 1.0, 'reg_lambda': 1.0, 'subsample': 0.85}",0.985895599586218,0.9915373597517307,0.9936485406285719,0.9880024404517326,0.9897709851045633,0.0030125520468857548,836
1937,0.5060104727745056,0.012561175028418185,0.013630390167236328,0.0008180694566937153,1.0,0.3,0.1,8,900,1.0,1.0,1.0,"{'colsample_bytree': 1.0, 'gamma': 0.3, 'learning_rate': 0.1, 'max_depth': 8, 'n_estimators': 900, 'reg_alpha': 1.0, 'reg_lambda': 1.0, 'subsample': 1.0}",0.9844851595448396,0.989421589208529,0.9936485026692425,0.9872965940966467,0.9887129613798145,0.003344477756538479,1355
1938,0.9382616281509399,0.013530291255299861,0.021251559257507324,0.00043080216839613096,1.0,0.3,0.1,8,900,1.0,1.5,0.7,"{'colsample_bytree': 1.0, 'gamma': 0.3, 'learning_rate': 0.1, 'max_depth': 8, 'n_estimators': 900, 'reg_alpha': 1.0, 'reg_lambda': 1.5, 'subsample': 0.7}",0.9844849126269217,0.9915373597517307,0.9936485406285719,0.9894139180456464,0.9897711827632177,0.003399469635218593,820
1939,0.8886275291442871,0.014279177738701633,0.02025473117828369,0.0022770788616024787,1.0,0.3,0.1,8,900,1.0,1.5,0.85,"{'colsample_bytree': 1.0, 'gamma': 0.3, 'learning_rate': 0.1, 'max_depth': 8, 'n_estimators': 900, 'reg_alpha': 1.0, 'reg_lambda': 1.5, 'subsample': 0.85}",0.9851902248919406,0.989421589208529,0.9936485026692425,0.9894140656711423,0.9894185956102136,0.0029904540684129364,1001
1940,0.5107753276824951,0.016423459418878312,0.014000535011291504,0.0007072242888104986,1.0,0.3,0.1,8,900,1.0,1.5,1.0,"{'colsample_bytree': 1.0, 'gamma': 0.3, 'learning_rate': 0.1, 'max_depth': 8, 'n_estimators': 900, 'reg_alpha': 1.0, 'reg_lambda': 1.5, 'subsample': 1.0}",0.9837798991900891,0.9894216733848407,0.9936485026692425,0.9880024404517326,0.9887131289239762,0.0035249745733257963,1324
1941,0.9584769010543823,0.013377019447782272,0.021004319190979004,0.0018737219697566021,1.0,0.3,0.1,8,900,1.0,2.0,0.7,"{'colsample_bytree': 1.0, 'gamma': 0.3, 'learning_rate': 0.1, 'max_depth': 8, 'n_estimators': 900, 'reg_alpha': 1.0, 'reg_lambda': 2.0, 'subsample': 0.7}",0.9837797701197444,0.9908321169335286,0.9929428053469331,0.9894140656711423,0.9892421895178372,0.0033944805859828587,1088
1942,1.038398027420044,0.25450719792256804,0.02856612205505371,0.018936710685994684,1.0,0.3,0.1,8,900,1.0,2.0,0.85,"{'colsample_bytree': 1.0, 'gamma': 0.3, 'learning_rate': 0.1, 'max_depth': 8, 'n_estimators': 900, 'reg_alpha': 1.0, 'reg_lambda': 2.0, 'subsample': 0.85}",0.9844850669515415,0.9908321169335286,0.9936485406285719,0.988708263606662,0.9894184970300759,0.0033442022192197367,1014
1943,0.5448755025863647,0.008840717588486157,0.011250078678131104,0.00192000068912811,1.0,0.3,0.1,8,900,1.0,2.0,1.0,"{'colsample_bytree': 1.0, 'gamma': 0.3, 'learning_rate': 0.1, 'max_depth': 8, 'n_estimators': 900, 'reg_alpha': 1.0, 'reg_lambda': 2.0, 'subsample': 1.0}",0.9830746184925907,0.9901268607873446,0.9936485026692425,0.9865909628578188,0.9883602362017492,0.0039419160122508064,1498
