,mean_fit_time,std_fit_time,mean_score_time,std_score_time,param_colsample_bytree,param_gamma,param_learning_rate,param_max_depth,param_n_estimators,param_reg_alpha,param_reg_lambda,param_subsample,params,split0_test_score,split1_test_score,split2_test_score,split3_test_score,mean_test_score,std_test_score,rank_test_score
0,2.63788640499115,0.20115796049598028,0.036249399185180664,0.027878145845293408,0.7,0.1,0.05,5,150,0.5,1,0.7,"{'colsample_bytree': 0.7, 'gamma': 0.1, 'learning_rate': 0.05, 'max_depth': 5, 'n_estimators': 150, 'reg_alpha': 0.5, 'reg_lambda': 1, 'subsample': 0.7}",0.9788413789810437,0.9887161429580337,0.9865911498501135,0.9943542442775466,0.9871257290166844,0.005560959444639633,748
1,2.7738869190216064,0.15398836826333268,0.024997234344482422,0.005339179992714449,0.7,0.1,0.05,5,150,0.5,1,1.0,"{'colsample_bytree': 0.7, 'gamma': 0.1, 'learning_rate': 0.05, 'max_depth': 5, 'n_estimators': 150, 'reg_alpha': 0.5, 'reg_lambda': 1, 'subsample': 1.0}",0.9809574968105822,0.990832043980725,0.988708488555093,0.9957657000788889,0.9890659323563222,0.00533574106560312,516
2,2.5203837156295776,0.2034791956397168,0.024997949600219727,0.012063124262566602,0.7,0.1,0.05,5,150,0.5,1.5,0.7,"{'colsample_bytree': 0.7, 'gamma': 0.1, 'learning_rate': 0.05, 'max_depth': 5, 'n_estimators': 150, 'reg_alpha': 0.5, 'reg_lambda': 1.5, 'subsample': 0.7}",0.9788413789810437,0.9880108005250062,0.9872967965574946,0.9957657000788889,0.9874786690356083,0.005991533704304766,736
3,2.2836347818374634,0.35899956602848787,0.021250367164611816,0.006057182037371123,0.7,0.1,0.05,5,150,0.5,1.5,1.0,"{'colsample_bytree': 0.7, 'gamma': 0.1, 'learning_rate': 0.05, 'max_depth': 5, 'n_estimators': 150, 'reg_alpha': 0.5, 'reg_lambda': 1.5, 'subsample': 1.0}",0.9802524644629909,0.988010991333756,0.9872969483988956,0.9964714184897671,0.9880079556713524,0.005750725765466331,696
4,3.0501853227615356,0.4889407593927464,0.03325110673904419,0.020859682566459443,0.7,0.1,0.05,5,150,0.5,2,0.7,"{'colsample_bytree': 0.7, 'gamma': 0.1, 'learning_rate': 0.05, 'max_depth': 5, 'n_estimators': 150, 'reg_alpha': 0.5, 'reg_lambda': 2, 'subsample': 0.7}",0.9788413789810437,0.9866000398885311,0.985179485263905,0.9950599760444447,0.9864202200444812,0.005780483837357337,761
5,0.21549898386001587,0.010403110779011696,0.01150280237197876,0.0011211270518989426,0.7,0.1,0.05,5,150,0.5,2,1.0,"{'colsample_bytree': 0.7, 'gamma': 0.1, 'learning_rate': 0.05, 'max_depth': 5, 'n_estimators': 150, 'reg_alpha': 0.5, 'reg_lambda': 2, 'subsample': 1.0}",0.9802524644629909,0.989421589208529,0.9872969483988956,0.9957657000788889,0.988184175537326,0.005538725474554102,674
6,0.26050108671188354,0.014790088713073114,0.012251615524291992,0.001640241244701674,0.7,0.1,0.05,5,150,1,1,0.7,"{'colsample_bytree': 0.7, 'gamma': 0.1, 'learning_rate': 0.05, 'max_depth': 5, 'n_estimators': 150, 'reg_alpha': 1, 'reg_lambda': 1, 'subsample': 0.7}",0.979546371323736,0.9866000398885311,0.9865911498501135,0.9950599760444447,0.9869493842767063,0.005496286769508534,753
7,0.24024540185928345,0.030006073982850195,0.0120009183883667,0.0009988601288107859,0.7,0.1,0.05,5,150,1,1,1.0,"{'colsample_bytree': 0.7, 'gamma': 0.1, 'learning_rate': 0.05, 'max_depth': 5, 'n_estimators': 150, 'reg_alpha': 1, 'reg_lambda': 1, 'subsample': 1.0}",0.9795469410187734,0.9887163000923067,0.9865912834128454,0.9957657000788889,0.9876550561507036,0.005783206875597745,726
8,0.2600019574165344,0.01104829478628854,0.012248039245605469,0.0008261882697661754,0.7,0.1,0.05,5,150,1,1.5,0.7,"{'colsample_bytree': 0.7, 'gamma': 0.1, 'learning_rate': 0.05, 'max_depth': 5, 'n_estimators': 150, 'reg_alpha': 1, 'reg_lambda': 1.5, 'subsample': 0.7}",0.9781363852269647,0.9866003064691244,0.9858851045518296,0.9950599760444447,0.9864204430730908,0.005991370513802634,759
9,0.2670043110847473,0.022754575366512028,0.01349484920501709,0.0020642163647710196,0.7,0.1,0.05,5,150,1,1.5,1.0,"{'colsample_bytree': 0.7, 'gamma': 0.1, 'learning_rate': 0.05, 'max_depth': 5, 'n_estimators': 150, 'reg_alpha': 1, 'reg_lambda': 1.5, 'subsample': 1.0}",0.9802519537156409,0.987305837603845,0.985885498220995,0.9957657000788889,0.9873022474048425,0.005553014123187517,741
10,0.2827500104904175,0.026068856580360237,0.015500366687774658,0.0020586724369157064,0.7,0.1,0.05,5,150,1,2,0.7,"{'colsample_bytree': 0.7, 'gamma': 0.1, 'learning_rate': 0.05, 'max_depth': 5, 'n_estimators': 150, 'reg_alpha': 1, 'reg_lambda': 2, 'subsample': 0.7}",0.979546371323736,0.9866000398885311,0.9844738624591601,0.9943542667718519,0.9862436351108197,0.005336075519022809,765
11,0.25050002336502075,0.033064668563473384,0.012750327587127686,0.0014775929586947367,0.7,0.1,0.05,5,150,1,2,1.0,"{'colsample_bytree': 0.7, 'gamma': 0.1, 'learning_rate': 0.05, 'max_depth': 5, 'n_estimators': 150, 'reg_alpha': 1, 'reg_lambda': 2, 'subsample': 1.0}",0.9795469410187734,0.9866005197259626,0.985885498220995,0.9957657000788889,0.9869496647611549,0.005783103626305409,750
12,0.5457483530044556,0.03153075238847747,0.02375108003616333,0.003342957799169343,0.7,0.1,0.05,5,350,0.5,1,0.7,"{'colsample_bytree': 0.7, 'gamma': 0.1, 'learning_rate': 0.05, 'max_depth': 5, 'n_estimators': 350, 'reg_alpha': 0.5, 'reg_lambda': 1, 'subsample': 0.7}",0.9823688243014796,0.9929476875576917,0.9908256149666836,0.9957656832081598,0.9904769525085038,0.004998462579335131,78
13,0.4042477011680603,0.03186342196160788,0.018249988555908203,0.002277927646195443,0.7,0.1,0.05,5,350,0.5,1,1.0,"{'colsample_bytree': 0.7, 'gamma': 0.1, 'learning_rate': 0.05, 'max_depth': 5, 'n_estimators': 350, 'reg_alpha': 0.5, 'reg_lambda': 1, 'subsample': 1.0}",0.9823684735375408,0.9908319345493428,0.9908256880733946,0.9964714184897671,0.9901243786625114,0.005035659070546241,150
14,0.5367494821548462,0.03687466261673263,0.0217515230178833,0.0036965266217863567,0.7,0.1,0.05,5,350,0.5,1.5,0.7,"{'colsample_bytree': 0.7, 'gamma': 0.1, 'learning_rate': 0.05, 'max_depth': 5, 'n_estimators': 350, 'reg_alpha': 0.5, 'reg_lambda': 1.5, 'subsample': 0.7}",0.9816634039979629,0.9915371072185253,0.9908256149666836,0.9950599760444447,0.9897715255569042,0.004948174584162272,268
15,0.4424965977668762,0.026081502906855108,0.018755316734313965,0.001298852805417697,0.7,0.1,0.05,5,350,0.5,1.5,1.0,"{'colsample_bytree': 0.7, 'gamma': 0.1, 'learning_rate': 0.05, 'max_depth': 5, 'n_estimators': 350, 'reg_alpha': 0.5, 'reg_lambda': 1.5, 'subsample': 1.0}",0.9809583302455981,0.9901266250882795,0.992237105212699,0.9985885610693866,0.9904776554039908,0.006317104322711291,59
16,0.5347492694854736,0.035730617383541066,0.021999716758728027,0.0018693560594596626,0.7,0.1,0.05,5,350,0.5,2,0.7,"{'colsample_bytree': 0.7, 'gamma': 0.1, 'learning_rate': 0.05, 'max_depth': 5, 'n_estimators': 350, 'reg_alpha': 0.5, 'reg_lambda': 2, 'subsample': 0.7}",0.9816634039979629,0.9915371072185253,0.9908256149666836,0.9943542442775466,0.9895950926151796,0.0047656797742571325,352
17,0.4372498393058777,0.05355451259814256,0.019500255584716797,0.0005000837227152996,0.7,0.1,0.05,5,350,0.5,2,1.0,"{'colsample_bytree': 0.7, 'gamma': 0.1, 'learning_rate': 0.05, 'max_depth': 5, 'n_estimators': 350, 'reg_alpha': 0.5, 'reg_lambda': 2, 'subsample': 1.0}",0.9809583302455981,0.990832043980725,0.990825669796826,0.997177133385926,0.9899482943522688,0.005801430200611341,202
18,0.5271388292312622,0.03206705573607545,0.023750782012939453,0.006533563700121606,0.7,0.1,0.05,5,350,1,1,0.7,"{'colsample_bytree': 0.7, 'gamma': 0.1, 'learning_rate': 0.05, 'max_depth': 5, 'n_estimators': 350, 'reg_alpha': 1, 'reg_lambda': 1, 'subsample': 0.7}",0.9823684735375408,0.9908317886367694,0.9915312989325971,0.9943542442775466,0.9897714513461134,0.004472903145168166,273
19,0.4167478084564209,0.03013512714429859,0.017250895500183105,0.0014795987758420845,0.7,0.1,0.05,5,350,1,1,1.0,"{'colsample_bytree': 0.7, 'gamma': 0.1, 'learning_rate': 0.05, 'max_depth': 5, 'n_estimators': 350, 'reg_alpha': 1, 'reg_lambda': 1, 'subsample': 1.0}",0.980957951420544,0.990832043980725,0.9901199274857064,0.997177133385926,0.9897717640682253,0.005782910153592477,255
20,0.504447877407074,0.02141004345615375,0.02049994468688965,0.0004999695872147826,0.7,0.1,0.05,5,350,1,1.5,0.7,"{'colsample_bytree': 0.7, 'gamma': 0.1, 'learning_rate': 0.05, 'max_depth': 5, 'n_estimators': 350, 'reg_alpha': 1, 'reg_lambda': 1.5, 'subsample': 0.7}",0.9809574968105822,0.9915371072185253,0.9908255235816568,0.9943542442775466,0.9894185929720777,0.005060097786007268,412
21,0.4566987156867981,0.09100228744252394,0.018499672412872314,0.004499852923385599,0.7,0.1,0.05,5,350,1,1.5,1.0,"{'colsample_bytree': 0.7, 'gamma': 0.1, 'learning_rate': 0.05, 'max_depth': 5, 'n_estimators': 350, 'reg_alpha': 1, 'reg_lambda': 1.5, 'subsample': 1.0}",0.9816634039979629,0.9894214629415494,0.9901198487546965,0.997177133385926,0.9895954622700338,0.005493280947955676,321
22,0.6258991360664368,0.07714588879722216,0.028499484062194824,0.006104661799682568,0.7,0.1,0.05,5,350,1,2,0.7,"{'colsample_bytree': 0.7, 'gamma': 0.1, 'learning_rate': 0.05, 'max_depth': 5, 'n_estimators': 350, 'reg_alpha': 1, 'reg_lambda': 2, 'subsample': 0.7}",0.9816630027156343,0.9894210841225245,0.9901197306558291,0.9943542442775466,0.9888895154428836,0.004579348811917219,571
23,0.4243957996368408,0.039954254954462975,0.020000934600830078,0.004301571734279116,0.7,0.1,0.05,5,350,1,2,1.0,"{'colsample_bytree': 0.7, 'gamma': 0.1, 'learning_rate': 0.05, 'max_depth': 5, 'n_estimators': 350, 'reg_alpha': 1, 'reg_lambda': 2, 'subsample': 1.0}",0.980957951420544,0.990832043980725,0.9901198487546965,0.997177133385926,0.9897717443854729,0.0057829089686814595,261
24,0.6620480418205261,0.09607245280812722,0.029250919818878174,0.007361097504100534,0.7,0.1,0.05,5,450,0.5,1,0.7,"{'colsample_bytree': 0.7, 'gamma': 0.1, 'learning_rate': 0.05, 'max_depth': 5, 'n_estimators': 450, 'reg_alpha': 0.5, 'reg_lambda': 1, 'subsample': 0.7}",0.9816634039979629,0.9929476875576917,0.9901198487546965,0.9964713903718013,0.990300582670538,0.005470821513719052,106
25,0.5207495093345642,0.09855068905021232,0.018750488758087158,0.0031123211285108074,0.7,0.1,0.05,5,450,0.5,1,1.0,"{'colsample_bytree': 0.7, 'gamma': 0.1, 'learning_rate': 0.05, 'max_depth': 5, 'n_estimators': 450, 'reg_alpha': 0.5, 'reg_lambda': 1, 'subsample': 1.0}",0.9823684735375408,0.9908319345493428,0.9908256880733946,0.9964714184897671,0.9901243786625114,0.005035659070546241,150
26,0.6427496671676636,0.043089382964448274,0.0237504243850708,0.0008291685836153708,0.7,0.1,0.05,5,450,0.5,1.5,0.7,"{'colsample_bytree': 0.7, 'gamma': 0.1, 'learning_rate': 0.05, 'max_depth': 5, 'n_estimators': 450, 'reg_alpha': 0.5, 'reg_lambda': 1.5, 'subsample': 0.7}",0.9823680526023909,0.9929476875576917,0.9901198487546965,0.9950599760444447,0.990123891239806,0.004808633073826618,189
27,0.5420002341270447,0.08009075231871723,0.02724999189376831,0.005403254776626702,0.7,0.1,0.05,5,450,0.5,1.5,1.0,"{'colsample_bytree': 0.7, 'gamma': 0.1, 'learning_rate': 0.05, 'max_depth': 5, 'n_estimators': 450, 'reg_alpha': 0.5, 'reg_lambda': 1.5, 'subsample': 1.0}",0.9809583302455981,0.9901266250882795,0.992237105212699,0.9985885610693866,0.9904776554039908,0.006317104322711291,59
28,0.8129993081092834,0.14130451162946217,0.027499854564666748,0.005361197358813039,0.7,0.1,0.05,5,450,0.5,2,0.7,"{'colsample_bytree': 0.7, 'gamma': 0.1, 'learning_rate': 0.05, 'max_depth': 5, 'n_estimators': 450, 'reg_alpha': 0.5, 'reg_lambda': 2, 'subsample': 0.7}",0.9823684735375408,0.9922424061571363,0.9901198487546965,0.9943542442775466,0.98977124318173,0.0045286054626592345,294
29,0.4832499027252197,0.10845174006379049,0.0222511887550354,0.0044369835272209685,0.7,0.1,0.05,5,450,0.5,2,1.0,"{'colsample_bytree': 0.7, 'gamma': 0.1, 'learning_rate': 0.05, 'max_depth': 5, 'n_estimators': 450, 'reg_alpha': 0.5, 'reg_lambda': 2, 'subsample': 1.0}",0.9809583302455981,0.990832043980725,0.990825669796826,0.997177133385926,0.9899482943522688,0.005801430200611341,202
30,0.804002583026886,0.14261252930101045,0.031497061252593994,0.006576690223337305,0.7,0.1,0.05,5,450,1,1,0.7,"{'colsample_bytree': 0.7, 'gamma': 0.1, 'learning_rate': 0.05, 'max_depth': 5, 'n_estimators': 450, 'reg_alpha': 1, 'reg_lambda': 1, 'subsample': 0.7}",0.9823684735375408,0.9922424061571363,0.9908256149666836,0.9943542442775466,0.9899476847347268,0.0045524366353255135,234
31,0.42274945974349976,0.0720081376951375,0.016250133514404297,0.0008297790871427274,0.7,0.1,0.05,5,450,1,1,1.0,"{'colsample_bytree': 0.7, 'gamma': 0.1, 'learning_rate': 0.05, 'max_depth': 5, 'n_estimators': 450, 'reg_alpha': 1, 'reg_lambda': 1, 'subsample': 1.0}",0.980957951420544,0.990832043980725,0.9901199274857064,0.997177133385926,0.9897717640682253,0.005782910153592477,255
32,0.6067492365837097,0.04627294868880068,0.02300083637237549,0.0014148707917659043,0.7,0.1,0.05,5,450,1,1.5,0.7,"{'colsample_bytree': 0.7, 'gamma': 0.1, 'learning_rate': 0.05, 'max_depth': 5, 'n_estimators': 450, 'reg_alpha': 1, 'reg_lambda': 1.5, 'subsample': 0.7}",0.9830735409682778,0.9908317886367694,0.9915312989325971,0.9943542442775466,0.9899477182037977,0.004182137406848562,230
33,0.4429994225502014,0.08238734618169466,0.01850050687789917,0.0032793633685881283,0.7,0.1,0.05,5,450,1,1.5,1.0,"{'colsample_bytree': 0.7, 'gamma': 0.1, 'learning_rate': 0.05, 'max_depth': 5, 'n_estimators': 450, 'reg_alpha': 1, 'reg_lambda': 1.5, 'subsample': 1.0}",0.9816634039979629,0.9894214629415494,0.9901198487546965,0.997177133385926,0.9895954622700338,0.005493280947955676,321
34,0.6380003690719604,0.08481371407800602,0.02250087261199951,0.0008663081130824541,0.7,0.1,0.05,5,450,1,2,0.7,"{'colsample_bytree': 0.7, 'gamma': 0.1, 'learning_rate': 0.05, 'max_depth': 5, 'n_estimators': 450, 'reg_alpha': 1, 'reg_lambda': 2, 'subsample': 0.7}",0.9809574968105822,0.9908317886367694,0.9915312989325971,0.9943542442775466,0.9894187071643737,0.005059927135676178,391
35,0.45899975299835205,0.0714464618558621,0.018000304698944092,0.002345394238687223,0.7,0.1,0.05,5,450,1,2,1.0,"{'colsample_bytree': 0.7, 'gamma': 0.1, 'learning_rate': 0.05, 'max_depth': 5, 'n_estimators': 450, 'reg_alpha': 1, 'reg_lambda': 2, 'subsample': 1.0}",0.980957951420544,0.990832043980725,0.9901198487546965,0.997177133385926,0.9897717443854729,0.0057829089686814595,261
36,0.9137486815452576,0.11698967295609064,0.028500020503997803,0.0008666165811653591,0.7,0.1,0.05,5,650,0.5,1,0.7,"{'colsample_bytree': 0.7, 'gamma': 0.1, 'learning_rate': 0.05, 'max_depth': 5, 'n_estimators': 650, 'reg_alpha': 0.5, 'reg_lambda': 1, 'subsample': 0.7}",0.9830739113827349,0.9936528777649296,0.9894141711154042,0.9964713903718013,0.9906530876587175,0.0050455478980512905,54
37,0.5492457151412964,0.05319157459584106,0.02025008201599121,0.0034192268059519376,0.7,0.1,0.05,5,650,0.5,1,1.0,"{'colsample_bytree': 0.7, 'gamma': 0.1, 'learning_rate': 0.05, 'max_depth': 5, 'n_estimators': 650, 'reg_alpha': 0.5, 'reg_lambda': 1, 'subsample': 1.0}",0.9823684735375408,0.9908319345493428,0.9908256880733946,0.9964714184897671,0.9901243786625114,0.005035659070546241,150
38,0.8570005297660828,0.11029179562648311,0.027998924255371094,0.0007044429252974923,0.7,0.1,0.05,5,650,0.5,1.5,0.7,"{'colsample_bytree': 0.7, 'gamma': 0.1, 'learning_rate': 0.05, 'max_depth': 5, 'n_estimators': 650, 'reg_alpha': 0.5, 'reg_lambda': 1.5, 'subsample': 0.7}",0.9830739113827349,0.9936528777649296,0.9894141711154042,0.995059946520522,0.9903002266958977,0.004661006583791124,131
39,0.5672496557235718,0.08347672667264074,0.024500250816345215,0.004388644979029239,0.7,0.1,0.05,5,650,0.5,1.5,1.0,"{'colsample_bytree': 0.7, 'gamma': 0.1, 'learning_rate': 0.05, 'max_depth': 5, 'n_estimators': 650, 'reg_alpha': 0.5, 'reg_lambda': 1.5, 'subsample': 1.0}",0.9809583302455981,0.9901266250882795,0.992237105212699,0.9985885610693866,0.9904776554039908,0.006317104322711291,59
40,0.9164999723434448,0.15973310705783075,0.033999741077423096,0.007582058595635255,0.7,0.1,0.05,5,650,0.5,2,0.7,"{'colsample_bytree': 0.7, 'gamma': 0.1, 'learning_rate': 0.05, 'max_depth': 5, 'n_estimators': 650, 'reg_alpha': 0.5, 'reg_lambda': 2, 'subsample': 0.7}",0.9837793183573613,0.9929476875576917,0.9901198487546965,0.995059946520522,0.9904767002975678,0.004245414934272384,91
41,0.6712476015090942,0.052342460990349865,0.027000069618225098,0.006891429719940262,0.7,0.1,0.05,5,650,0.5,2,1.0,"{'colsample_bytree': 0.7, 'gamma': 0.1, 'learning_rate': 0.05, 'max_depth': 5, 'n_estimators': 650, 'reg_alpha': 0.5, 'reg_lambda': 2, 'subsample': 1.0}",0.9809583302455981,0.990832043980725,0.990825669796826,0.997177133385926,0.9899482943522688,0.005801430200611341,202
42,0.7979998588562012,0.05414543681244078,0.026748478412628174,0.0014787012950336657,0.7,0.1,0.05,5,650,1,1,0.7,"{'colsample_bytree': 0.7, 'gamma': 0.1, 'learning_rate': 0.05, 'max_depth': 5, 'n_estimators': 650, 'reg_alpha': 1, 'reg_lambda': 1, 'subsample': 0.7}",0.9823684735375408,0.9929476875576917,0.9908256149666836,0.9943542442775466,0.9901240050848658,0.004650500842448458,176
43,0.5734996795654297,0.09294612216063254,0.020998835563659668,0.002739807693448214,0.7,0.1,0.05,5,650,1,1,1.0,"{'colsample_bytree': 0.7, 'gamma': 0.1, 'learning_rate': 0.05, 'max_depth': 5, 'n_estimators': 650, 'reg_alpha': 1, 'reg_lambda': 1, 'subsample': 1.0}",0.980957951420544,0.990832043980725,0.9901199274857064,0.997177133385926,0.9897717640682253,0.005782910153592477,255
44,0.8082492351531982,0.06998607749950901,0.03249967098236084,0.006728468904853293,0.7,0.1,0.05,5,650,1,1.5,0.7,"{'colsample_bytree': 0.7, 'gamma': 0.1, 'learning_rate': 0.05, 'max_depth': 5, 'n_estimators': 650, 'reg_alpha': 1, 'reg_lambda': 1.5, 'subsample': 0.7}",0.9830735409682778,0.9922424061571363,0.9915312989325971,0.9943542442775466,0.9903003725838895,0.004299640827574996,111
45,0.4994998574256897,0.057716934089463254,0.018501996994018555,0.0011181135781254544,0.7,0.1,0.05,5,650,1,1.5,1.0,"{'colsample_bytree': 0.7, 'gamma': 0.1, 'learning_rate': 0.05, 'max_depth': 5, 'n_estimators': 650, 'reg_alpha': 1, 'reg_lambda': 1.5, 'subsample': 1.0}",0.9816634039979629,0.9894214629415494,0.9901198487546965,0.997177133385926,0.9895954622700338,0.005493280947955676,321
46,0.9205020070075989,0.10693518894434882,0.030250489711761475,0.0019202328226464369,0.7,0.1,0.05,5,650,1,2,0.7,"{'colsample_bytree': 0.7, 'gamma': 0.1, 'learning_rate': 0.05, 'max_depth': 5, 'n_estimators': 650, 'reg_alpha': 1, 'reg_lambda': 2, 'subsample': 0.7}",0.9830735409682778,0.9915371072185253,0.9908256149666836,0.9943542442775466,0.9899476268577584,0.00418236311303235,240
47,0.5677507519721985,0.0958213698733609,0.0202520489692688,0.003419640781733734,0.7,0.1,0.05,5,650,1,2,1.0,"{'colsample_bytree': 0.7, 'gamma': 0.1, 'learning_rate': 0.05, 'max_depth': 5, 'n_estimators': 650, 'reg_alpha': 1, 'reg_lambda': 2, 'subsample': 1.0}",0.980957951420544,0.990832043980725,0.9901198487546965,0.997177133385926,0.9897717443854729,0.0057829089686814595,261
48,0.46250003576278687,0.06200223229803402,0.0162506103515625,0.001481028819168567,0.7,0.1,0.05,9,150,0.5,1,0.7,"{'colsample_bytree': 0.7, 'gamma': 0.1, 'learning_rate': 0.05, 'max_depth': 9, 'n_estimators': 150, 'reg_alpha': 0.5, 'reg_lambda': 1, 'subsample': 0.7}",0.9802524644629909,0.9922424987529213,0.9872967965574946,0.9957657000788889,0.9888893649630739,0.005823654677528329,577
49,0.41774803400039673,0.07228649897626312,0.017251789569854736,0.0019203109638802197,0.7,0.1,0.05,9,150,0.5,1,1.0,"{'colsample_bytree': 0.7, 'gamma': 0.1, 'learning_rate': 0.05, 'max_depth': 9, 'n_estimators': 150, 'reg_alpha': 0.5, 'reg_lambda': 1, 'subsample': 1.0}",0.980957951420544,0.9929477577052461,0.9894141711154042,0.9978828510938604,0.9903006828337637,0.006175937462968745,105
50,0.4545022249221802,0.057013371326829314,0.026500403881072998,0.007825751270745591,0.7,0.1,0.05,9,150,0.5,1.5,0.7,"{'colsample_bytree': 0.7, 'gamma': 0.1, 'learning_rate': 0.05, 'max_depth': 9, 'n_estimators': 150, 'reg_alpha': 0.5, 'reg_lambda': 1.5, 'subsample': 0.7}",0.9802524644629909,0.990832043980725,0.9880026077606279,0.9957657000788889,0.9887132040708082,0.00561952498738063,603
51,0.4242505431175232,0.048680739178679086,0.01625162363052368,0.0004343959154182639,0.7,0.1,0.05,9,150,0.5,1.5,1.0,"{'colsample_bytree': 0.7, 'gamma': 0.1, 'learning_rate': 0.05, 'max_depth': 9, 'n_estimators': 150, 'reg_alpha': 0.5, 'reg_lambda': 1.5, 'subsample': 1.0}",0.9816634039979629,0.9922424987529213,0.9901199274857064,0.997177133385926,0.9903007409056291,0.005605610569553511,104
52,0.44250041246414185,0.07859900470601545,0.015749454498291016,0.0008297794296640563,0.7,0.1,0.05,9,150,0.5,2,0.7,"{'colsample_bytree': 0.7, 'gamma': 0.1, 'learning_rate': 0.05, 'max_depth': 9, 'n_estimators': 150, 'reg_alpha': 0.5, 'reg_lambda': 2, 'subsample': 0.7}",0.9795469410187734,0.99153722506923,0.9880026077606279,0.9957657000788889,0.98871311848188,0.005963181197342573,608
53,0.5319976210594177,0.07264567335173046,0.016250014305114746,0.0010913454853659034,0.7,0.1,0.05,9,150,0.5,2,1.0,"{'colsample_bytree': 0.7, 'gamma': 0.1, 'learning_rate': 0.05, 'max_depth': 9, 'n_estimators': 150, 'reg_alpha': 0.5, 'reg_lambda': 2, 'subsample': 1.0}",0.9816634039979629,0.9908319345493428,0.9894141711154042,0.997177133385926,0.989771660762159,0.00551898613621241,264
54,0.4602501392364502,0.043106465269688844,0.020250678062438965,0.005759386485432864,0.7,0.1,0.05,9,150,1,1,0.7,"{'colsample_bytree': 0.7, 'gamma': 0.1, 'learning_rate': 0.05, 'max_depth': 9, 'n_estimators': 150, 'reg_alpha': 1, 'reg_lambda': 1, 'subsample': 0.7}",0.9788413789810437,0.9908319345493428,0.9872967965574946,0.9957657000788889,0.9881839525416924,0.0061758689855569045,683
55,0.44600170850753784,0.07608494991557949,0.018250346183776855,0.0056305471716791245,0.7,0.1,0.05,9,150,1,1,1.0,"{'colsample_bytree': 0.7, 'gamma': 0.1, 'learning_rate': 0.05, 'max_depth': 9, 'n_estimators': 150, 'reg_alpha': 1, 'reg_lambda': 1, 'subsample': 1.0}",0.980957951420544,0.9908319345493428,0.9894141711154042,0.997177133385926,0.9895952976178043,0.005780355972092307,337
56,0.45824921131134033,0.07434862271598215,0.015751183032989502,0.0013011812658091759,0.7,0.1,0.05,9,150,1,1.5,0.7,"{'colsample_bytree': 0.7, 'gamma': 0.1, 'learning_rate': 0.05, 'max_depth': 9, 'n_estimators': 150, 'reg_alpha': 1, 'reg_lambda': 1.5, 'subsample': 0.7}",0.9788413789810437,0.9901267625807684,0.9872967965574946,0.9957657000788889,0.9880076595495488,0.0061074506990608,705
57,0.5084984302520752,0.0746391229165619,0.017000436782836914,0.004061255738169358,0.7,0.1,0.05,9,150,1,1.5,1.0,"{'colsample_bytree': 0.7, 'gamma': 0.1, 'learning_rate': 0.05, 'max_depth': 9, 'n_estimators': 150, 'reg_alpha': 1, 'reg_lambda': 1.5, 'subsample': 1.0}",0.980957951420544,0.9915373092462954,0.9872969483988956,0.997177133385926,0.9892423356129152,0.005929660035275368,457
58,0.44475072622299194,0.07376322234162372,0.02074962854385376,0.0033429415901342152,0.7,0.1,0.05,9,150,1,2,0.7,"{'colsample_bytree': 0.7, 'gamma': 0.1, 'learning_rate': 0.05, 'max_depth': 9, 'n_estimators': 150, 'reg_alpha': 1, 'reg_lambda': 2, 'subsample': 0.7}",0.9788413789810437,0.9887163000923067,0.9872967965574946,0.9950599760444447,0.9874786129188224,0.005780220663329295,737
59,0.4174985885620117,0.034339775800979175,0.015501558780670166,0.0011218190351522384,0.7,0.1,0.05,9,150,1,2,1.0,"{'colsample_bytree': 0.7, 'gamma': 0.1, 'learning_rate': 0.05, 'max_depth': 9, 'n_estimators': 150, 'reg_alpha': 1, 'reg_lambda': 2, 'subsample': 1.0}",0.9795469410187734,0.9901267625807684,0.9872969483988956,0.997177133385926,0.9885369463460909,0.006315420382635341,633
60,0.700499415397644,0.0684259992156456,0.02625042200088501,0.003961665908287022,0.7,0.1,0.05,9,350,0.5,1,0.7,"{'colsample_bytree': 0.7, 'gamma': 0.1, 'learning_rate': 0.05, 'max_depth': 9, 'n_estimators': 350, 'reg_alpha': 0.5, 'reg_lambda': 1, 'subsample': 0.7}",0.9816634039979629,0.9922424987529213,0.9887082636066619,0.9964714114603177,0.9897713944544659,0.005428313291779586,277
61,0.7149987816810608,0.10262139894189161,0.025250256061553955,0.0051676423413469855,0.7,0.1,0.05,9,350,0.5,1,1.0,"{'colsample_bytree': 0.7, 'gamma': 0.1, 'learning_rate': 0.05, 'max_depth': 9, 'n_estimators': 350, 'reg_alpha': 0.5, 'reg_lambda': 1, 'subsample': 1.0}",0.9830742144370506,0.9936529535251174,0.990825669796826,0.998588566692963,0.9915353511129893,0.005619754696889845,1
62,0.8427500128746033,0.20505067901281246,0.024251937866210938,0.0027718428498396098,0.7,0.1,0.05,9,350,0.5,1.5,0.7,"{'colsample_bytree': 0.7, 'gamma': 0.1, 'learning_rate': 0.05, 'max_depth': 9, 'n_estimators': 350, 'reg_alpha': 0.5, 'reg_lambda': 1.5, 'subsample': 0.7}",0.9816634039979629,0.9929476875576917,0.9894140656711422,0.9950599760444447,0.9897712833178104,0.0050971836871990485,288
63,0.8564990162849426,0.17852165058565403,0.029499948024749756,0.005360230881678331,0.7,0.1,0.05,9,350,0.5,1.5,1.0,"{'colsample_bytree': 0.7, 'gamma': 0.1, 'learning_rate': 0.05, 'max_depth': 9, 'n_estimators': 350, 'reg_alpha': 0.5, 'reg_lambda': 1.5, 'subsample': 1.0}",0.9830742144370506,0.9922424061571363,0.9901199274857064,0.9978828510938604,0.9908298497934385,0.005300802115921867,18
64,0.9564996957778931,0.15842104520052372,0.03699994087219238,0.008803244778989331,0.7,0.1,0.05,9,350,0.5,2,0.7,"{'colsample_bytree': 0.7, 'gamma': 0.1, 'learning_rate': 0.05, 'max_depth': 9, 'n_estimators': 350, 'reg_alpha': 0.5, 'reg_lambda': 2, 'subsample': 0.7}",0.980957951420544,0.9922424061571363,0.9894140656711422,0.9950599760444447,0.9894185998233168,0.005276874070723717,409
65,0.5557464361190796,0.008642125340047565,0.021252870559692383,0.00043306072044568074,0.7,0.1,0.05,9,350,0.5,2,1.0,"{'colsample_bytree': 0.7, 'gamma': 0.1, 'learning_rate': 0.05, 'max_depth': 9, 'n_estimators': 350, 'reg_alpha': 0.5, 'reg_lambda': 2, 'subsample': 1.0}",0.9816634039979629,0.9922424061571363,0.990825669796826,0.998588566692963,0.9908300116612221,0.006046005898453739,15
66,0.6527499556541443,0.08166533771238926,0.02200162410736084,3.0741207500046795e-06,0.7,0.1,0.05,9,350,1,1,0.7,"{'colsample_bytree': 0.7, 'gamma': 0.1, 'learning_rate': 0.05, 'max_depth': 9, 'n_estimators': 350, 'reg_alpha': 1, 'reg_lambda': 1, 'subsample': 0.7}",0.9802524644629909,0.9915371072185253,0.9894140656711422,0.9950599760444447,0.9890659033492758,0.005473428496906907,518
67,0.5892510414123535,0.12381028799864328,0.020499765872955322,0.0011178197602624332,0.7,0.1,0.05,9,350,1,1,1.0,"{'colsample_bytree': 0.7, 'gamma': 0.1, 'learning_rate': 0.05, 'max_depth': 9, 'n_estimators': 350, 'reg_alpha': 1, 'reg_lambda': 1, 'subsample': 1.0}",0.9816634039979629,0.9901266250882795,0.990825669796826,0.9978828510938604,0.9901246374942322,0.005750517384889287,135
68,0.6854983568191528,0.15611846568344412,0.02749931812286377,0.011281968675245094,0.7,0.1,0.05,9,350,1,1.5,0.7,"{'colsample_bytree': 0.7, 'gamma': 0.1, 'learning_rate': 0.05, 'max_depth': 9, 'n_estimators': 350, 'reg_alpha': 1, 'reg_lambda': 1.5, 'subsample': 0.7}",0.9816634039979629,0.9922424061571363,0.9894140656711422,0.9943542442775466,0.989418530025947,0.004808262451710702,425
69,0.6795028448104858,0.13497419460572668,0.028246760368347168,0.006418213267055803,0.7,0.1,0.05,9,350,1,1.5,1.0,"{'colsample_bytree': 0.7, 'gamma': 0.1, 'learning_rate': 0.05, 'max_depth': 9, 'n_estimators': 350, 'reg_alpha': 1, 'reg_lambda': 1.5, 'subsample': 1.0}",0.9816634039979629,0.9922424987529213,0.9901199274857064,0.9978828510938604,0.9904771703326127,0.005826031913372415,75
70,0.8002514243125916,0.1559232808195427,0.026498377323150635,0.005591273752264905,0.7,0.1,0.05,9,350,1,2,0.7,"{'colsample_bytree': 0.7, 'gamma': 0.1, 'learning_rate': 0.05, 'max_depth': 9, 'n_estimators': 350, 'reg_alpha': 1, 'reg_lambda': 2, 'subsample': 0.7}",0.980957951420544,0.9915371072185253,0.9901197306558291,0.9943542442775466,0.9892422583931112,0.005019921075120013,468
71,0.634997546672821,0.12644387080925956,0.022998690605163574,0.0047444428937361074,0.7,0.1,0.05,9,350,1,2,1.0,"{'colsample_bytree': 0.7, 'gamma': 0.1, 'learning_rate': 0.05, 'max_depth': 9, 'n_estimators': 350, 'reg_alpha': 1, 'reg_lambda': 2, 'subsample': 1.0}",0.980957951420544,0.99153722506923,0.9915313664163197,0.9978828510938604,0.9904773484999886,0.006076485035239432,68
72,0.9727486968040466,0.1337856168331061,0.028499364852905273,0.003499542672579334,0.7,0.1,0.05,9,450,0.5,1,0.7,"{'colsample_bytree': 0.7, 'gamma': 0.1, 'learning_rate': 0.05, 'max_depth': 9, 'n_estimators': 450, 'reg_alpha': 0.5, 'reg_lambda': 1, 'subsample': 0.7}",0.9816634039979629,0.9922424987529213,0.9887082636066619,0.995059946520522,0.9894185282195169,0.005011158487127964,426
73,0.5829980373382568,0.04272454609590819,0.021750152111053467,0.0014766281744972786,0.7,0.1,0.05,9,450,0.5,1,1.0,"{'colsample_bytree': 0.7, 'gamma': 0.1, 'learning_rate': 0.05, 'max_depth': 9, 'n_estimators': 450, 'reg_alpha': 0.5, 'reg_lambda': 1, 'subsample': 1.0}",0.9830742144370506,0.9936529535251174,0.990825669796826,0.998588566692963,0.9915353511129893,0.005619754696889845,1
74,0.767749011516571,0.052190072262341035,0.026749491691589355,0.001479599755504088,0.7,0.1,0.05,9,450,0.5,1.5,0.7,"{'colsample_bytree': 0.7, 'gamma': 0.1, 'learning_rate': 0.05, 'max_depth': 9, 'n_estimators': 450, 'reg_alpha': 0.5, 'reg_lambda': 1.5, 'subsample': 0.7}",0.9816634039979629,0.9929476875576917,0.9901198487546965,0.995059946520522,0.9899477217077182,0.005093971566325245,229
75,0.6704974174499512,0.07700058614796859,0.021002233028411865,0.000705960761824506,0.7,0.1,0.05,9,450,0.5,1.5,1.0,"{'colsample_bytree': 0.7, 'gamma': 0.1, 'learning_rate': 0.05, 'max_depth': 9, 'n_estimators': 450, 'reg_alpha': 0.5, 'reg_lambda': 1.5, 'subsample': 1.0}",0.9830742144370506,0.9922424061571363,0.9901199274857064,0.9978828510938604,0.9908298497934385,0.005300802115921867,18
76,0.8384994268417358,0.07548456497140299,0.026998400688171387,0.0015823813659028613,0.7,0.1,0.05,9,450,0.5,2,0.7,"{'colsample_bytree': 0.7, 'gamma': 0.1, 'learning_rate': 0.05, 'max_depth': 9, 'n_estimators': 450, 'reg_alpha': 0.5, 'reg_lambda': 2, 'subsample': 0.7}",0.9816634039979629,0.9929476875576917,0.9908255235816568,0.9943542442775466,0.9899477148537145,0.0049451413606003535,231
77,0.7220008373260498,0.11292251774904187,0.022250652313232422,0.0010901113933449356,0.7,0.1,0.05,9,450,0.5,2,1.0,"{'colsample_bytree': 0.7, 'gamma': 0.1, 'learning_rate': 0.05, 'max_depth': 9, 'n_estimators': 450, 'reg_alpha': 0.5, 'reg_lambda': 2, 'subsample': 1.0}",0.9816634039979629,0.9922424061571363,0.990825669796826,0.998588566692963,0.9908300116612221,0.006046005898453739,15
78,0.7857499122619629,0.08100580896053976,0.025249063968658447,0.0004330167257032076,0.7,0.1,0.05,9,450,1,1,0.7,"{'colsample_bytree': 0.7, 'gamma': 0.1, 'learning_rate': 0.05, 'max_depth': 9, 'n_estimators': 450, 'reg_alpha': 1, 'reg_lambda': 1, 'subsample': 0.7}",0.980957951420544,0.9915371072185253,0.9901198487546965,0.9943542442775466,0.9892422879178281,0.005019926236239869,465
79,0.5584982633590698,0.0430505442519404,0.022501766681671143,0.005316016701455032,0.7,0.1,0.05,9,450,1,1,1.0,"{'colsample_bytree': 0.7, 'gamma': 0.1, 'learning_rate': 0.05, 'max_depth': 9, 'n_estimators': 450, 'reg_alpha': 1, 'reg_lambda': 1, 'subsample': 1.0}",0.9816634039979629,0.9901266250882795,0.990825669796826,0.9978828510938604,0.9901246374942322,0.005750517384889287,135
80,0.7704995274543762,0.06794362871326892,0.027002990245819092,0.004302195229706598,0.7,0.1,0.05,9,450,1,1.5,0.7,"{'colsample_bytree': 0.7, 'gamma': 0.1, 'learning_rate': 0.05, 'max_depth': 9, 'n_estimators': 450, 'reg_alpha': 1, 'reg_lambda': 1.5, 'subsample': 0.7}",0.9816634039979629,0.9915371072185253,0.9894140656711422,0.9943542442775466,0.9892422052912943,0.004713472246829684,473
81,0.6152500510215759,0.09114783414355963,0.02399986982345581,0.007518426941415459,0.7,0.1,0.05,9,450,1,1.5,1.0,"{'colsample_bytree': 0.7, 'gamma': 0.1, 'learning_rate': 0.05, 'max_depth': 9, 'n_estimators': 450, 'reg_alpha': 1, 'reg_lambda': 1.5, 'subsample': 1.0}",0.9816634039979629,0.9922424987529213,0.9901199274857064,0.9978828510938604,0.9904771703326127,0.005826031913372415,75
82,0.807999312877655,0.09596551146801963,0.02975088357925415,0.007083857156834306,0.7,0.1,0.05,9,450,1,2,0.7,"{'colsample_bytree': 0.7, 'gamma': 0.1, 'learning_rate': 0.05, 'max_depth': 9, 'n_estimators': 450, 'reg_alpha': 1, 'reg_lambda': 2, 'subsample': 0.7}",0.9802524644629909,0.9915371072185253,0.9908255235816568,0.9943542442775466,0.9892423348851799,0.005355414417999221,458
83,0.6292493343353271,0.08700217129474605,0.02025085687637329,0.0008286121417772813,0.7,0.1,0.05,9,450,1,2,1.0,"{'colsample_bytree': 0.7, 'gamma': 0.1, 'learning_rate': 0.05, 'max_depth': 9, 'n_estimators': 450, 'reg_alpha': 1, 'reg_lambda': 2, 'subsample': 1.0}",0.980957951420544,0.99153722506923,0.9915313664163197,0.9978828510938604,0.9904773484999886,0.006076485035239432,68
84,1.0509971976280212,0.13669760357359148,0.03500103950500488,0.007072662690305379,0.7,0.1,0.05,9,650,0.5,1,0.7,"{'colsample_bytree': 0.7, 'gamma': 0.1, 'learning_rate': 0.05, 'max_depth': 9, 'n_estimators': 650, 'reg_alpha': 0.5, 'reg_lambda': 1, 'subsample': 0.7}",0.9837793183573613,0.9929476875576917,0.9894140656711422,0.995059946520522,0.9903002545266792,0.004271168128918108,129
85,0.6614987850189209,0.10251839264386425,0.025499582290649414,0.005936128792561099,0.7,0.1,0.05,9,650,0.5,1,1.0,"{'colsample_bytree': 0.7, 'gamma': 0.1, 'learning_rate': 0.05, 'max_depth': 9, 'n_estimators': 650, 'reg_alpha': 0.5, 'reg_lambda': 1, 'subsample': 1.0}",0.9830742144370506,0.9936529535251174,0.990825669796826,0.998588566692963,0.9915353511129893,0.005619754696889845,1
86,0.9777495265007019,0.07396539394837762,0.03200036287307739,0.0007085736469652152,0.7,0.1,0.05,9,650,0.5,1.5,0.7,"{'colsample_bytree': 0.7, 'gamma': 0.1, 'learning_rate': 0.05, 'max_depth': 9, 'n_estimators': 650, 'reg_alpha': 0.5, 'reg_lambda': 1.5, 'subsample': 0.7}",0.9830742144370506,0.9929476875576917,0.9894140656711422,0.9943541992883982,0.9899475417385707,0.004357371071121377,246
87,0.7094994187355042,0.0660789086642676,0.022501349449157715,0.0022922926445894335,0.7,0.1,0.05,9,650,0.5,1.5,1.0,"{'colsample_bytree': 0.7, 'gamma': 0.1, 'learning_rate': 0.05, 'max_depth': 9, 'n_estimators': 650, 'reg_alpha': 0.5, 'reg_lambda': 1.5, 'subsample': 1.0}",0.9830742144370506,0.9922424061571363,0.9901199274857064,0.9978828510938604,0.9908298497934385,0.005300802115921867,18
88,1.0080013275146484,0.1050763251852746,0.033246517181396484,0.007394479461498201,0.7,0.1,0.05,9,650,0.5,2,0.7,"{'colsample_bytree': 0.7, 'gamma': 0.1, 'learning_rate': 0.05, 'max_depth': 9, 'n_estimators': 650, 'reg_alpha': 0.5, 'reg_lambda': 2, 'subsample': 0.7}",0.9830742144370506,0.9929476875576917,0.9901198487546965,0.9957656832081598,0.9904768584893997,0.00471707690489931,83
89,0.6892494559288025,0.07399982192547243,0.023499786853790283,0.002061303881527513,0.7,0.1,0.05,9,650,0.5,2,1.0,"{'colsample_bytree': 0.7, 'gamma': 0.1, 'learning_rate': 0.05, 'max_depth': 9, 'n_estimators': 650, 'reg_alpha': 0.5, 'reg_lambda': 2, 'subsample': 1.0}",0.9816634039979629,0.9922424061571363,0.990825669796826,0.998588566692963,0.9908300116612221,0.006046005898453739,15
90,0.9804992079734802,0.10204116054434333,0.03175091743469238,0.0059733940865041146,0.7,0.1,0.05,9,650,1,1,0.7,"{'colsample_bytree': 0.7, 'gamma': 0.1, 'learning_rate': 0.05, 'max_depth': 9, 'n_estimators': 650, 'reg_alpha': 1, 'reg_lambda': 1, 'subsample': 0.7}",0.980957951420544,0.9922424061571363,0.9901198487546965,0.9943542442775466,0.9894186126524808,0.005109030970936016,403
91,0.5964996814727783,0.04307195999136775,0.021499574184417725,0.0032024750497226437,0.7,0.1,0.05,9,650,1,1,1.0,"{'colsample_bytree': 0.7, 'gamma': 0.1, 'learning_rate': 0.05, 'max_depth': 9, 'n_estimators': 650, 'reg_alpha': 1, 'reg_lambda': 1, 'subsample': 1.0}",0.9816634039979629,0.9901266250882795,0.990825669796826,0.9978828510938604,0.9901246374942322,0.005750517384889287,135
92,0.8542479872703552,0.006974265039074107,0.028251349925994873,0.0017880919877377942,0.7,0.1,0.05,9,650,1,1.5,0.7,"{'colsample_bytree': 0.7, 'gamma': 0.1, 'learning_rate': 0.05, 'max_depth': 9, 'n_estimators': 650, 'reg_alpha': 1, 'reg_lambda': 1.5, 'subsample': 0.7}",0.9816634039979629,0.9929476875576917,0.9901198487546965,0.9950599760444447,0.9899477290886989,0.005093978973764884,228
93,0.6467469930648804,0.06169105575817881,0.02449977397918701,0.006651253682674958,0.7,0.1,0.05,9,650,1,1.5,1.0,"{'colsample_bytree': 0.7, 'gamma': 0.1, 'learning_rate': 0.05, 'max_depth': 9, 'n_estimators': 650, 'reg_alpha': 1, 'reg_lambda': 1.5, 'subsample': 1.0}",0.9816634039979629,0.9922424987529213,0.9901199274857064,0.9978828510938604,0.9904771703326127,0.005826031913372415,75
94,0.8677505254745483,0.05946737514999723,0.027749240398406982,0.0017835346488423779,0.7,0.1,0.05,9,650,1,2,0.7,"{'colsample_bytree': 0.7, 'gamma': 0.1, 'learning_rate': 0.05, 'max_depth': 9, 'n_estimators': 650, 'reg_alpha': 1, 'reg_lambda': 2, 'subsample': 0.7}",0.980957951420544,0.9922424061571363,0.9908255235816568,0.9950599760444447,0.9897714643009454,0.0053118490278353655,272
95,0.6619969010353088,0.038968000572620065,0.020499825477600098,0.0005009185836620853,0.7,0.1,0.05,9,650,1,2,1.0,"{'colsample_bytree': 0.7, 'gamma': 0.1, 'learning_rate': 0.05, 'max_depth': 9, 'n_estimators': 650, 'reg_alpha': 1, 'reg_lambda': 2, 'subsample': 1.0}",0.980957951420544,0.99153722506923,0.9915313664163197,0.9978828510938604,0.9904773484999886,0.006076485035239432,68
96,0.2635008692741394,0.030794931324056144,0.01299816370010376,0.0012259244704951773,0.7,0.1,0.1,5,150,0.5,1,0.7,"{'colsample_bytree': 0.7, 'gamma': 0.1, 'learning_rate': 0.1, 'max_depth': 5, 'n_estimators': 150, 'reg_alpha': 0.5, 'reg_lambda': 1, 'subsample': 0.7}",0.9802524644629909,0.9908317886367694,0.9887082636066619,0.9943542442775466,0.9885366902459921,0.0051905983704973345,643
97,0.20600169897079468,0.02887217655540191,0.011250197887420654,0.0019190848923256257,0.7,0.1,0.1,5,150,0.5,1,1.0,"{'colsample_bytree': 0.7, 'gamma': 0.1, 'learning_rate': 0.1, 'max_depth': 5, 'n_estimators': 150, 'reg_alpha': 0.5, 'reg_lambda': 1, 'subsample': 1.0}",0.9816634039979629,0.99153722506923,0.988708488555093,0.9957657000788889,0.9894187044252936,0.005133750452787472,393
98,0.2614951729774475,0.02192721881574678,0.011501014232635498,0.0008677866639152705,0.7,0.1,0.1,5,150,0.5,1.5,0.7,"{'colsample_bytree': 0.7, 'gamma': 0.1, 'learning_rate': 0.1, 'max_depth': 5, 'n_estimators': 150, 'reg_alpha': 0.5, 'reg_lambda': 1.5, 'subsample': 0.7}",0.9802524644629909,0.9915371072185253,0.9894140656711422,0.9943542442775466,0.9888894704075513,0.005285518092154313,573
99,0.18924832344055176,0.01810163050827643,0.010249733924865723,0.0004336699767603174,0.7,0.1,0.1,5,150,0.5,1.5,1.0,"{'colsample_bytree': 0.7, 'gamma': 0.1, 'learning_rate': 0.1, 'max_depth': 5, 'n_estimators': 150, 'reg_alpha': 0.5, 'reg_lambda': 1.5, 'subsample': 1.0}",0.9816634039979629,0.9922424987529213,0.9872970496244795,0.9964714184897671,0.9894185927162826,0.005530838404844718,413
100,0.2529992461204529,0.008036062815800282,0.011749029159545898,0.0004341665497393054,0.7,0.1,0.1,5,150,0.5,2,0.7,"{'colsample_bytree': 0.7, 'gamma': 0.1, 'learning_rate': 0.1, 'max_depth': 5, 'n_estimators': 150, 'reg_alpha': 0.5, 'reg_lambda': 2, 'subsample': 0.7}",0.9802524644629909,0.9901266250882795,0.988708398576796,0.9957657000788889,0.9887132970517387,0.005552467845159114,600
101,0.1970009207725525,0.012865869924774464,0.011249363422393799,0.00043232978695203274,0.7,0.1,0.1,5,150,0.5,2,1.0,"{'colsample_bytree': 0.7, 'gamma': 0.1, 'learning_rate': 0.1, 'max_depth': 5, 'n_estimators': 150, 'reg_alpha': 0.5, 'reg_lambda': 2, 'subsample': 1.0}",0.9816634039979629,0.9929477577052461,0.988708398576796,0.9964714184897671,0.989947744692443,0.005516445355196324,219
102,0.22550082206726074,0.018281516007394704,0.012001454830169678,0.000706971842465205,0.7,0.1,0.1,5,150,1,1,0.7,"{'colsample_bytree': 0.7, 'gamma': 0.1, 'learning_rate': 0.1, 'max_depth': 5, 'n_estimators': 150, 'reg_alpha': 1, 'reg_lambda': 1, 'subsample': 0.7}",0.9795469410187734,0.9901266250882795,0.9901197306558291,0.9957657000788889,0.9888897492104427,0.0058653533897110284,549
103,0.17599648237228394,0.010051419077031167,0.010499954223632812,0.0005003222545491759,0.7,0.1,0.1,5,150,1,1,1.0,"{'colsample_bytree': 0.7, 'gamma': 0.1, 'learning_rate': 0.1, 'max_depth': 5, 'n_estimators': 150, 'reg_alpha': 1, 'reg_lambda': 1, 'subsample': 1.0}",0.980957951420544,0.9887159409218234,0.988708398576796,0.9957657000788889,0.9885369977495131,0.00523826019604536,629
104,0.2580016851425171,0.015379639490386957,0.011999964714050293,0.0007073941015951585,0.7,0.1,0.1,5,150,1,1.5,0.7,"{'colsample_bytree': 0.7, 'gamma': 0.1, 'learning_rate': 0.1, 'max_depth': 5, 'n_estimators': 150, 'reg_alpha': 1, 'reg_lambda': 1.5, 'subsample': 0.7}",0.9795469410187734,0.9908319345493428,0.9894140656711422,0.9957657000788889,0.9888896603295367,0.00588671718493442,556
105,0.1969996690750122,0.018816159814774178,0.010748803615570068,0.00043274602172956343,0.7,0.1,0.1,5,150,1,1.5,1.0,"{'colsample_bytree': 0.7, 'gamma': 0.1, 'learning_rate': 0.1, 'max_depth': 5, 'n_estimators': 150, 'reg_alpha': 1, 'reg_lambda': 1.5, 'subsample': 1.0}",0.9802524644629909,0.990832043980725,0.9901198487546965,0.9957657000788889,0.9892425143193253,0.005627372147128476,449
106,0.2469988465309143,0.02055389543000215,0.013250172138214111,0.0016423451696704837,0.7,0.1,0.1,5,150,1,2,0.7,"{'colsample_bytree': 0.7, 'gamma': 0.1, 'learning_rate': 0.1, 'max_depth': 5, 'n_estimators': 150, 'reg_alpha': 1, 'reg_lambda': 2, 'subsample': 0.7}",0.9795469410187734,0.9887159409218234,0.9880026077606279,0.9957657000788889,0.9880077974450283,0.005750492128042425,701
107,0.22525089979171753,0.008228331789325615,0.012248635292053223,0.0021616030874563666,0.7,0.1,0.1,5,150,1,2,1.0,"{'colsample_bytree': 0.7, 'gamma': 0.1, 'learning_rate': 0.1, 'max_depth': 5, 'n_estimators': 150, 'reg_alpha': 1, 'reg_lambda': 2, 'subsample': 1.0}",0.9802524644629909,0.9894214629415494,0.9880024404517327,0.9950599760444447,0.9881840859751794,0.005285654664048841,678
108,0.4400007128715515,0.033318176461766956,0.017750978469848633,0.00043387979393069373,0.7,0.1,0.1,5,350,0.5,1,0.7,"{'colsample_bytree': 0.7, 'gamma': 0.1, 'learning_rate': 0.1, 'max_depth': 5, 'n_estimators': 350, 'reg_alpha': 0.5, 'reg_lambda': 1, 'subsample': 0.7}",0.9809583302455981,0.9929476875576917,0.9894141711154042,0.9957656832081598,0.9897714680317135,0.005563677847930363,271
109,0.27349990606307983,0.025204428918850195,0.012000203132629395,4.915124923727108e-07,0.7,0.1,0.1,5,350,0.5,1,1.0,"{'colsample_bytree': 0.7, 'gamma': 0.1, 'learning_rate': 0.1, 'max_depth': 5, 'n_estimators': 350, 'reg_alpha': 0.5, 'reg_lambda': 1, 'subsample': 1.0}",0.9816634039979629,0.99153722506923,0.988708488555093,0.9957657000788889,0.9894187044252936,0.005133750452787472,393
110,0.4759945869445801,0.035724719817368876,0.018249988555908203,0.0010896184241889458,0.7,0.1,0.1,5,350,0.5,1.5,0.7,"{'colsample_bytree': 0.7, 'gamma': 0.1, 'learning_rate': 0.1, 'max_depth': 5, 'n_estimators': 350, 'reg_alpha': 0.5, 'reg_lambda': 1.5, 'subsample': 0.7}",0.980957951420544,0.9936528777649296,0.9901198487546965,0.9957656832081598,0.9901240902870825,0.005663436047626596,168
111,0.30574703216552734,0.023633686794475948,0.013001620769500732,0.0034678776846627695,0.7,0.1,0.1,5,350,0.5,1.5,1.0,"{'colsample_bytree': 0.7, 'gamma': 0.1, 'learning_rate': 0.1, 'max_depth': 5, 'n_estimators': 350, 'reg_alpha': 0.5, 'reg_lambda': 1.5, 'subsample': 1.0}",0.9816634039979629,0.9922424987529213,0.9872970496244795,0.9964714184897671,0.9894185927162826,0.005530838404844718,413
112,0.49924933910369873,0.03845483890121661,0.018749117851257324,0.0010896460794986823,0.7,0.1,0.1,5,350,0.5,2,0.7,"{'colsample_bytree': 0.7, 'gamma': 0.1, 'learning_rate': 0.1, 'max_depth': 5, 'n_estimators': 350, 'reg_alpha': 0.5, 'reg_lambda': 2, 'subsample': 0.7}",0.9816634039979629,0.9929476875576917,0.9894140656711422,0.9957656832081598,0.9899477101087392,0.005285905310413464,232
113,0.2704995274543762,0.009552739556486988,0.012249171733856201,0.0004325340282684126,0.7,0.1,0.1,5,350,0.5,2,1.0,"{'colsample_bytree': 0.7, 'gamma': 0.1, 'learning_rate': 0.1, 'max_depth': 5, 'n_estimators': 350, 'reg_alpha': 0.5, 'reg_lambda': 2, 'subsample': 1.0}",0.9816634039979629,0.9929477577052461,0.988708398576796,0.9964714184897671,0.989947744692443,0.005516445355196324,219
114,0.4307466149330139,0.025330202060531447,0.016750633716583252,0.0008304442604037174,0.7,0.1,0.1,5,350,1,1,0.7,"{'colsample_bytree': 0.7, 'gamma': 0.1, 'learning_rate': 0.1, 'max_depth': 5, 'n_estimators': 350, 'reg_alpha': 1, 'reg_lambda': 1, 'subsample': 0.7}",0.9802524644629909,0.9915371072185253,0.9887082636066619,0.9957657000788889,0.9890658838417667,0.005674476539025031,519
115,0.2582494020462036,0.00694245509283441,0.011250615119934082,0.0004338088288034953,0.7,0.1,0.1,5,350,1,1,1.0,"{'colsample_bytree': 0.7, 'gamma': 0.1, 'learning_rate': 0.1, 'max_depth': 5, 'n_estimators': 350, 'reg_alpha': 1, 'reg_lambda': 1, 'subsample': 1.0}",0.980957951420544,0.9887159409218234,0.988708398576796,0.9957657000788889,0.9885369977495131,0.00523826019604536,629
116,0.4257504343986511,0.020824964389005975,0.01700061559677124,0.0012247052605239392,0.7,0.1,0.1,5,350,1,1.5,0.7,"{'colsample_bytree': 0.7, 'gamma': 0.1, 'learning_rate': 0.1, 'max_depth': 5, 'n_estimators': 350, 'reg_alpha': 1, 'reg_lambda': 1.5, 'subsample': 0.7}",0.9816630027156343,0.9929476875576917,0.9901198487546965,0.9964714184897671,0.9903004893794474,0.005470987826305899,108
117,0.28025031089782715,0.02326431943255858,0.013750135898590088,0.0014801117502461576,0.7,0.1,0.1,5,350,1,1.5,1.0,"{'colsample_bytree': 0.7, 'gamma': 0.1, 'learning_rate': 0.1, 'max_depth': 5, 'n_estimators': 350, 'reg_alpha': 1, 'reg_lambda': 1.5, 'subsample': 1.0}",0.9802524644629909,0.990832043980725,0.9901198487546965,0.9957657000788889,0.9892425143193253,0.005627372147128476,449
118,0.4384991526603699,0.0185555074190256,0.017250657081604004,0.00043366971460965403,0.7,0.1,0.1,5,350,1,2,0.7,"{'colsample_bytree': 0.7, 'gamma': 0.1, 'learning_rate': 0.1, 'max_depth': 5, 'n_estimators': 350, 'reg_alpha': 1, 'reg_lambda': 2, 'subsample': 0.7}",0.9816630027156343,0.9915371072185253,0.9887082636066619,0.9943542442775466,0.989065654454592,0.004717102979220655,535
119,0.28624576330184937,0.007861940817550005,0.011247992515563965,0.0004322982671944915,0.7,0.1,0.1,5,350,1,2,1.0,"{'colsample_bytree': 0.7, 'gamma': 0.1, 'learning_rate': 0.1, 'max_depth': 5, 'n_estimators': 350, 'reg_alpha': 1, 'reg_lambda': 2, 'subsample': 1.0}",0.9802524644629909,0.9894214629415494,0.9880024404517327,0.9950599760444447,0.9881840859751794,0.005285654664048841,678
120,0.5260019302368164,0.04286256054546422,0.019497036933898926,0.0011220066801878297,0.7,0.1,0.1,5,450,0.5,1,0.7,"{'colsample_bytree': 0.7, 'gamma': 0.1, 'learning_rate': 0.1, 'max_depth': 5, 'n_estimators': 450, 'reg_alpha': 0.5, 'reg_lambda': 1, 'subsample': 0.7}",0.9816634039979629,0.9929476875576917,0.9894141711154042,0.9957656832081598,0.9899477364698046,0.005285902649299363,227
121,0.31099897623062134,0.015215835147390631,0.012249112129211426,0.0004329814487409396,0.7,0.1,0.1,5,450,0.5,1,1.0,"{'colsample_bytree': 0.7, 'gamma': 0.1, 'learning_rate': 0.1, 'max_depth': 5, 'n_estimators': 450, 'reg_alpha': 0.5, 'reg_lambda': 1, 'subsample': 1.0}",0.9816634039979629,0.99153722506923,0.988708488555093,0.9957657000788889,0.9894187044252936,0.005133750452787472,393
122,0.5679959654808044,0.02604526600067936,0.019750595092773438,0.00043318822047209293,0.7,0.1,0.1,5,450,0.5,1.5,0.7,"{'colsample_bytree': 0.7, 'gamma': 0.1, 'learning_rate': 0.1, 'max_depth': 5, 'n_estimators': 450, 'reg_alpha': 0.5, 'reg_lambda': 1.5, 'subsample': 0.7}",0.9816634039979629,0.9936528777649296,0.988708488555093,0.9957656832081598,0.9899476133815364,0.005425460259385916,241
123,0.29549872875213623,0.014655497604915201,0.012999176979064941,2.7829688858816033e-06,0.7,0.1,0.1,5,450,0.5,1.5,1.0,"{'colsample_bytree': 0.7, 'gamma': 0.1, 'learning_rate': 0.1, 'max_depth': 5, 'n_estimators': 450, 'reg_alpha': 0.5, 'reg_lambda': 1.5, 'subsample': 1.0}",0.9816634039979629,0.9922424987529213,0.9872970496244795,0.9964714184897671,0.9894185927162826,0.005530838404844718,413
124,0.5775017142295837,0.022208571344357598,0.021749377250671387,0.001298669354285806,0.7,0.1,0.1,5,450,0.5,2,0.7,"{'colsample_bytree': 0.7, 'gamma': 0.1, 'learning_rate': 0.1, 'max_depth': 5, 'n_estimators': 450, 'reg_alpha': 0.5, 'reg_lambda': 2, 'subsample': 0.7}",0.9816634039979629,0.9929476875576917,0.9901198487546965,0.9957656832081598,0.9901241558796277,0.005276919145913291,165
125,0.3102450966835022,0.0176266060174452,0.01299983263015747,0.0012246075204311287,0.7,0.1,0.1,5,450,0.5,2,1.0,"{'colsample_bytree': 0.7, 'gamma': 0.1, 'learning_rate': 0.1, 'max_depth': 5, 'n_estimators': 450, 'reg_alpha': 0.5, 'reg_lambda': 2, 'subsample': 1.0}",0.9816634039979629,0.9929477577052461,0.988708398576796,0.9964714184897671,0.989947744692443,0.005516445355196324,219
126,0.5429993867874146,0.06614578309248843,0.025998830795288086,0.007036748849911751,0.7,0.1,0.1,5,450,1,1,0.7,"{'colsample_bytree': 0.7, 'gamma': 0.1, 'learning_rate': 0.1, 'max_depth': 5, 'n_estimators': 450, 'reg_alpha': 1, 'reg_lambda': 1, 'subsample': 0.7}",0.980957951420544,0.9922424061571363,0.9887082636066619,0.9957657000788889,0.9894185803158078,0.005485132468767595,422
127,0.29900097846984863,0.009487904677261929,0.011997640132904053,1.2431534299024469e-06,0.7,0.1,0.1,5,450,1,1,1.0,"{'colsample_bytree': 0.7, 'gamma': 0.1, 'learning_rate': 0.1, 'max_depth': 5, 'n_estimators': 450, 'reg_alpha': 1, 'reg_lambda': 1, 'subsample': 1.0}",0.980957951420544,0.9887159409218234,0.988708398576796,0.9957657000788889,0.9885369977495131,0.00523826019604536,629
128,0.4965006709098816,0.02425394231850397,0.01825016736984253,0.0010893586135703882,0.7,0.1,0.1,5,450,1,1.5,0.7,"{'colsample_bytree': 0.7, 'gamma': 0.1, 'learning_rate': 0.1, 'max_depth': 5, 'n_estimators': 450, 'reg_alpha': 1, 'reg_lambda': 1.5, 'subsample': 0.7}",0.9816630027156343,0.9929476875576917,0.9901198487546965,0.9943542442775466,0.9897711958263923,0.0049233826585590315,299
129,0.31225234270095825,0.026759068057085025,0.012497901916503906,0.0005016374780422815,0.7,0.1,0.1,5,450,1,1.5,1.0,"{'colsample_bytree': 0.7, 'gamma': 0.1, 'learning_rate': 0.1, 'max_depth': 5, 'n_estimators': 450, 'reg_alpha': 1, 'reg_lambda': 1.5, 'subsample': 1.0}",0.9802524644629909,0.990832043980725,0.9901198487546965,0.9957657000788889,0.9892425143193253,0.005627372147128476,449
130,0.5969985723495483,0.06829303796654267,0.020999908447265625,0.0021222625890378903,0.7,0.1,0.1,5,450,1,2,0.7,"{'colsample_bytree': 0.7, 'gamma': 0.1, 'learning_rate': 0.1, 'max_depth': 5, 'n_estimators': 450, 'reg_alpha': 1, 'reg_lambda': 2, 'subsample': 0.7}",0.9816630027156343,0.99153722506923,0.988708398576796,0.9936485026692425,0.9888892822577258,0.004525307033364443,579
131,0.3764975666999817,0.029004962724055165,0.013249516487121582,0.0012986688290395898,0.7,0.1,0.1,5,450,1,2,1.0,"{'colsample_bytree': 0.7, 'gamma': 0.1, 'learning_rate': 0.1, 'max_depth': 5, 'n_estimators': 450, 'reg_alpha': 1, 'reg_lambda': 2, 'subsample': 1.0}",0.9802524644629909,0.9894214629415494,0.9880024404517327,0.9950599760444447,0.9881840859751794,0.005285654664048841,678
132,0.7539982795715332,0.08973029010435883,0.022249996662139893,0.002165023878770677,0.7,0.1,0.1,5,650,0.5,1,0.7,"{'colsample_bytree': 0.7, 'gamma': 0.1, 'learning_rate': 0.1, 'max_depth': 5, 'n_estimators': 650, 'reg_alpha': 0.5, 'reg_lambda': 1, 'subsample': 0.7}",0.9809583302455981,0.9936528777649296,0.988708488555093,0.9957656832081598,0.9897713449434451,0.005696430462202036,284
133,0.3792487382888794,0.03377359945428031,0.012998878955841064,4.878850443287164e-07,0.7,0.1,0.1,5,650,0.5,1,1.0,"{'colsample_bytree': 0.7, 'gamma': 0.1, 'learning_rate': 0.1, 'max_depth': 5, 'n_estimators': 650, 'reg_alpha': 0.5, 'reg_lambda': 1, 'subsample': 1.0}",0.9816634039979629,0.99153722506923,0.988708488555093,0.9957657000788889,0.9894187044252936,0.005133750452787472,393
134,0.6784985661506653,0.018445552525817595,0.02225053310394287,0.00043380732191749193,0.7,0.1,0.1,5,650,0.5,1.5,0.7,"{'colsample_bytree': 0.7, 'gamma': 0.1, 'learning_rate': 0.1, 'max_depth': 5, 'n_estimators': 650, 'reg_alpha': 0.5, 'reg_lambda': 1.5, 'subsample': 0.7}",0.9816634039979629,0.9936528777649296,0.9894142343809531,0.9957656832081598,0.9901240498380013,0.00539367730854328,169
135,0.41574978828430176,0.02210375708920198,0.015499889850616455,0.0020617651906114777,0.7,0.1,0.1,5,650,0.5,1.5,1.0,"{'colsample_bytree': 0.7, 'gamma': 0.1, 'learning_rate': 0.1, 'max_depth': 5, 'n_estimators': 650, 'reg_alpha': 0.5, 'reg_lambda': 1.5, 'subsample': 1.0}",0.9816634039979629,0.9922424987529213,0.9872970496244795,0.9964714184897671,0.9894185927162826,0.005530838404844718,413
136,0.7372504472732544,0.03303322135250595,0.02374953031539917,0.0008290423797704617,0.7,0.1,0.1,5,650,0.5,2,0.7,"{'colsample_bytree': 0.7, 'gamma': 0.1, 'learning_rate': 0.1, 'max_depth': 5, 'n_estimators': 650, 'reg_alpha': 0.5, 'reg_lambda': 2, 'subsample': 0.7}",0.9816634039979629,0.9936528777649296,0.9894141711154042,0.9957656832081598,0.9901240340216141,0.005393679390071068,171
137,0.40274858474731445,0.028951905073668495,0.013500094413757324,0.0011191263788063802,0.7,0.1,0.1,5,650,0.5,2,1.0,"{'colsample_bytree': 0.7, 'gamma': 0.1, 'learning_rate': 0.1, 'max_depth': 5, 'n_estimators': 650, 'reg_alpha': 0.5, 'reg_lambda': 2, 'subsample': 1.0}",0.9816634039979629,0.9929477577052461,0.988708398576796,0.9964714184897671,0.989947744692443,0.005516445355196324,219
138,0.694749653339386,0.016130089741215214,0.022001147270202637,0.0012254366436039485,0.7,0.1,0.1,5,650,1,1,0.7,"{'colsample_bytree': 0.7, 'gamma': 0.1, 'learning_rate': 0.1, 'max_depth': 5, 'n_estimators': 650, 'reg_alpha': 1, 'reg_lambda': 1, 'subsample': 0.7}",0.9816630027156343,0.9929476875576917,0.9901198487546965,0.9950599760444447,0.9899476287681168,0.005094142125224127,239
139,0.3637511134147644,0.019045549270290438,0.016999483108520508,0.002344835677215427,0.7,0.1,0.1,5,650,1,1,1.0,"{'colsample_bytree': 0.7, 'gamma': 0.1, 'learning_rate': 0.1, 'max_depth': 5, 'n_estimators': 650, 'reg_alpha': 1, 'reg_lambda': 1, 'subsample': 1.0}",0.980957951420544,0.9887159409218234,0.988708398576796,0.9957657000788889,0.9885369977495131,0.00523826019604536,629
140,0.6875004172325134,0.05821869800148697,0.022247791290283203,0.0016370412291191884,0.7,0.1,0.1,5,650,1,1.5,0.7,"{'colsample_bytree': 0.7, 'gamma': 0.1, 'learning_rate': 0.1, 'max_depth': 5, 'n_estimators': 650, 'reg_alpha': 1, 'reg_lambda': 1.5, 'subsample': 0.7}",0.9830739113827349,0.9936528777649296,0.9901198487546965,0.9943542442775466,0.9903002205449769,0.004470108973777112,132
141,0.3792515993118286,0.03036346887592351,0.014247596263885498,0.0010927522303479324,0.7,0.1,0.1,5,650,1,1.5,1.0,"{'colsample_bytree': 0.7, 'gamma': 0.1, 'learning_rate': 0.1, 'max_depth': 5, 'n_estimators': 650, 'reg_alpha': 1, 'reg_lambda': 1.5, 'subsample': 1.0}",0.9802524644629909,0.990832043980725,0.9901198487546965,0.9957657000788889,0.9892425143193253,0.005627372147128476,449
142,0.7327520847320557,0.05758535768995021,0.026998937129974365,0.006967327395032875,0.7,0.1,0.1,5,650,1,2,0.7,"{'colsample_bytree': 0.7, 'gamma': 0.1, 'learning_rate': 0.1, 'max_depth': 5, 'n_estimators': 650, 'reg_alpha': 1, 'reg_lambda': 2, 'subsample': 0.7}",0.9816630027156343,0.9922424061571363,0.9901198487546965,0.9936485026692425,0.9894184400741775,0.004650456879578192,436
143,0.3927510976791382,0.029132012451120196,0.01775050163269043,0.004322142765906263,0.7,0.1,0.1,5,650,1,2,1.0,"{'colsample_bytree': 0.7, 'gamma': 0.1, 'learning_rate': 0.1, 'max_depth': 5, 'n_estimators': 650, 'reg_alpha': 1, 'reg_lambda': 2, 'subsample': 1.0}",0.9802524644629909,0.9894214629415494,0.9880024404517327,0.9950599760444447,0.9881840859751794,0.005285654664048841,678
144,0.31900113821029663,0.02261504283958997,0.016002416610717773,0.003462062477340543,0.7,0.1,0.1,9,150,0.5,1,0.7,"{'colsample_bytree': 0.7, 'gamma': 0.1, 'learning_rate': 0.1, 'max_depth': 9, 'n_estimators': 150, 'reg_alpha': 0.5, 'reg_lambda': 1, 'subsample': 0.7}",0.980957951420544,0.9929476875576917,0.9872969483988956,0.995059946520522,0.9890656334744132,0.005474141210802863,536
145,0.304004967212677,0.02444627705601806,0.013998866081237793,0.0009959950980695336,0.7,0.1,0.1,9,150,0.5,1,1.0,"{'colsample_bytree': 0.7, 'gamma': 0.1, 'learning_rate': 0.1, 'max_depth': 9, 'n_estimators': 150, 'reg_alpha': 0.5, 'reg_lambda': 1, 'subsample': 1.0}",0.9816634039979629,0.9936529535251174,0.9915314001577777,0.998588566692963,0.9913590810934553,0.006155549548298134,4
146,0.3732540011405945,0.05094316663983753,0.014499545097351074,0.0004992521623124048,0.7,0.1,0.1,9,150,0.5,1.5,0.7,"{'colsample_bytree': 0.7, 'gamma': 0.1, 'learning_rate': 0.1, 'max_depth': 9, 'n_estimators': 150, 'reg_alpha': 0.5, 'reg_lambda': 1.5, 'subsample': 0.7}",0.9802524644629909,0.9922424061571363,0.9887082636066619,0.9943542442775466,0.9888893446260839,0.005379048222474069,578
147,0.3539990186691284,0.05926139482526636,0.013751626014709473,0.0014794769565399418,0.7,0.1,0.1,9,150,0.5,1.5,1.0,"{'colsample_bytree': 0.7, 'gamma': 0.1, 'learning_rate': 0.1, 'max_depth': 9, 'n_estimators': 150, 'reg_alpha': 0.5, 'reg_lambda': 1.5, 'subsample': 1.0}",0.980957951420544,0.9922424061571363,0.9901199274857064,0.9978828468761906,0.9903007829848943,0.006094645267488764,100
148,0.3912520408630371,0.014305477794371602,0.01575183868408203,0.0010880911865814211,0.7,0.1,0.1,9,150,0.5,2,0.7,"{'colsample_bytree': 0.7, 'gamma': 0.1, 'learning_rate': 0.1, 'max_depth': 9, 'n_estimators': 150, 'reg_alpha': 0.5, 'reg_lambda': 2, 'subsample': 0.7}",0.9802524644629909,0.9929476875576917,0.9894140656711422,0.9957657000788889,0.9895949794426784,0.005844522239093785,358
149,0.3687518835067749,0.046682190175901375,0.01374828815460205,0.0004376644505556072,0.7,0.1,0.1,9,150,0.5,2,1.0,"{'colsample_bytree': 0.7, 'gamma': 0.1, 'learning_rate': 0.1, 'max_depth': 9, 'n_estimators': 150, 'reg_alpha': 0.5, 'reg_lambda': 2, 'subsample': 1.0}",0.980957951420544,0.9929476875576917,0.9901199668507408,0.998588566692963,0.9906535431304849,0.006374105816546893,40
150,0.35025036334991455,0.03625315779644582,0.01399850845336914,0.0009986163110654437,0.7,0.1,0.1,9,150,1,1,0.7,"{'colsample_bytree': 0.7, 'gamma': 0.1, 'learning_rate': 0.1, 'max_depth': 9, 'n_estimators': 150, 'reg_alpha': 1, 'reg_lambda': 1, 'subsample': 0.7}",0.9795469410187734,0.9908319345493428,0.988708488555093,0.9943542442775466,0.9883604021001889,0.005473410205438804,664
151,0.3305034041404724,0.05323853456366678,0.015497088432312012,0.0032009046786162128,0.7,0.1,0.1,9,150,1,1,1.0,"{'colsample_bytree': 0.7, 'gamma': 0.1, 'learning_rate': 0.1, 'max_depth': 9, 'n_estimators': 150, 'reg_alpha': 1, 'reg_lambda': 1, 'subsample': 1.0}",0.980957951420544,0.9922424987529213,0.9908256149666836,0.9978828510938604,0.9904772290585023,0.006097077872107436,71
152,0.3485006093978882,0.06686768869611115,0.013749122619628906,0.0013011699142227852,0.7,0.1,0.1,9,150,1,1.5,0.7,"{'colsample_bytree': 0.7, 'gamma': 0.1, 'learning_rate': 0.1, 'max_depth': 9, 'n_estimators': 150, 'reg_alpha': 1, 'reg_lambda': 1.5, 'subsample': 0.7}",0.9795469410187734,0.9915371072185253,0.9894141711154042,0.9957657000788889,0.989065979857898,0.005952437715855612,514
153,0.31099778413772583,0.026391900879916993,0.01350104808807373,0.0005011567181335667,0.7,0.1,0.1,9,150,1,1.5,1.0,"{'colsample_bytree': 0.7, 'gamma': 0.1, 'learning_rate': 0.1, 'max_depth': 9, 'n_estimators': 150, 'reg_alpha': 1, 'reg_lambda': 1.5, 'subsample': 1.0}",0.980957951420544,0.9922424061571363,0.988708398576796,0.9978828510938604,0.9899479018120841,0.006135628464274629,210
154,0.3764980435371399,0.060522478079537485,0.016252756118774414,0.0008322959877253052,0.7,0.1,0.1,9,150,1,2,0.7,"{'colsample_bytree': 0.7, 'gamma': 0.1, 'learning_rate': 0.1, 'max_depth': 9, 'n_estimators': 150, 'reg_alpha': 1, 'reg_lambda': 2, 'subsample': 0.7}",0.9795469410187734,0.9908319345493428,0.9901198487546965,0.9950599760444447,0.9888896750918144,0.005715002030769541,555
155,0.30350255966186523,0.04559259234132014,0.016248583793640137,0.004550341720216587,0.7,0.1,0.1,9,150,1,2,1.0,"{'colsample_bytree': 0.7, 'gamma': 0.1, 'learning_rate': 0.1, 'max_depth': 9, 'n_estimators': 150, 'reg_alpha': 1, 'reg_lambda': 2, 'subsample': 1.0}",0.9802524644629909,0.9929476875576917,0.9872969483988956,0.9978828510938604,0.9895949878783596,0.006566829543899663,354
156,0.5734981894493103,0.024539981511268086,0.018250465393066406,0.0004318175474956754,0.7,0.1,0.1,9,350,0.5,1,0.7,"{'colsample_bytree': 0.7, 'gamma': 0.1, 'learning_rate': 0.1, 'max_depth': 9, 'n_estimators': 350, 'reg_alpha': 0.5, 'reg_lambda': 1, 'subsample': 0.7}",0.9802524644629909,0.9943581500461534,0.988708398576796,0.9943541992883982,0.9894183030935846,0.005772385152296653,441
157,0.3930013179779053,0.026352729024125228,0.013498365879058838,0.0005003817667906856,0.7,0.1,0.1,9,350,0.5,1,1.0,"{'colsample_bytree': 0.7, 'gamma': 0.1, 'learning_rate': 0.1, 'max_depth': 9, 'n_estimators': 350, 'reg_alpha': 0.5, 'reg_lambda': 1, 'subsample': 1.0}",0.9816634039979629,0.9936529535251174,0.9915314001577777,0.998588566692963,0.9913590810934553,0.006155549548298134,4
158,0.5949960947036743,0.011533008501564414,0.019250571727752686,0.0008279286478085864,0.7,0.1,0.1,9,350,0.5,1.5,0.7,"{'colsample_bytree': 0.7, 'gamma': 0.1, 'learning_rate': 0.1, 'max_depth': 9, 'n_estimators': 350, 'reg_alpha': 0.5, 'reg_lambda': 1.5, 'subsample': 0.7}",0.9816634039979629,0.9936528777649296,0.9894140656711422,0.9957656832081598,0.9901240076605486,0.00539368285964676,175
159,0.43399399518966675,0.04110891247080178,0.014000415802001953,0.0012241699166078547,0.7,0.1,0.1,9,350,0.5,1.5,1.0,"{'colsample_bytree': 0.7, 'gamma': 0.1, 'learning_rate': 0.1, 'max_depth': 9, 'n_estimators': 350, 'reg_alpha': 0.5, 'reg_lambda': 1.5, 'subsample': 1.0}",0.980957951420544,0.9922424061571363,0.9901199274857064,0.9978828468761906,0.9903007829848943,0.006094645267488764,100
160,0.5607479214668274,0.04403423337733912,0.01949864625930786,0.0014991172857487945,0.7,0.1,0.1,9,350,0.5,2,0.7,"{'colsample_bytree': 0.7, 'gamma': 0.1, 'learning_rate': 0.1, 'max_depth': 9, 'n_estimators': 350, 'reg_alpha': 0.5, 'reg_lambda': 2, 'subsample': 0.7}",0.980957951420544,0.9929476875576917,0.9894140656711422,0.9943541992883982,0.989418475984444,0.005205698661302844,432
161,0.36075055599212646,0.026432563186532435,0.016250789165496826,0.0022784841484562684,0.7,0.1,0.1,9,350,0.5,2,1.0,"{'colsample_bytree': 0.7, 'gamma': 0.1, 'learning_rate': 0.1, 'max_depth': 9, 'n_estimators': 350, 'reg_alpha': 0.5, 'reg_lambda': 2, 'subsample': 1.0}",0.980957951420544,0.9929476875576917,0.9901199668507408,0.998588566692963,0.9906535431304849,0.006374105816546893,40
162,0.489499032497406,0.026321992677339964,0.020000338554382324,0.0035342159256943717,0.7,0.1,0.1,9,350,1,1,0.7,"{'colsample_bytree': 0.7, 'gamma': 0.1, 'learning_rate': 0.1, 'max_depth': 9, 'n_estimators': 350, 'reg_alpha': 1, 'reg_lambda': 1, 'subsample': 0.7}",0.9802524644629909,0.9936529535251174,0.9894141711154042,0.9936485026692425,0.9892420229431887,0.005470721360954409,488
163,0.3562484383583069,0.02192477356769338,0.014500737190246582,0.0026923214198234504,0.7,0.1,0.1,9,350,1,1,1.0,"{'colsample_bytree': 0.7, 'gamma': 0.1, 'learning_rate': 0.1, 'max_depth': 9, 'n_estimators': 350, 'reg_alpha': 1, 'reg_lambda': 1, 'subsample': 1.0}",0.980957951420544,0.9922424987529213,0.9908256149666836,0.9978828510938604,0.9904772290585023,0.006097077872107436,71
164,0.553500771522522,0.029585246500780857,0.01924842596054077,0.001092097172109837,0.7,0.1,0.1,9,350,1,1.5,0.7,"{'colsample_bytree': 0.7, 'gamma': 0.1, 'learning_rate': 0.1, 'max_depth': 9, 'n_estimators': 350, 'reg_alpha': 1, 'reg_lambda': 1.5, 'subsample': 0.7}",0.9802524644629909,0.9929476875576917,0.9894141711154042,0.9943542442775466,0.9892421418534083,0.0054933722296094945,482
165,0.38025081157684326,0.03468520275428541,0.013498365879058838,0.000499547132371765,0.7,0.1,0.1,9,350,1,1.5,1.0,"{'colsample_bytree': 0.7, 'gamma': 0.1, 'learning_rate': 0.1, 'max_depth': 9, 'n_estimators': 350, 'reg_alpha': 1, 'reg_lambda': 1.5, 'subsample': 1.0}",0.980957951420544,0.9922424061571363,0.988708398576796,0.9978828510938604,0.9899479018120841,0.006135628464274629,210
166,0.4829997420310974,0.018263472616132648,0.01699817180633545,0.0012238800338577997,0.7,0.1,0.1,9,350,1,2,0.7,"{'colsample_bytree': 0.7, 'gamma': 0.1, 'learning_rate': 0.1, 'max_depth': 9, 'n_estimators': 350, 'reg_alpha': 1, 'reg_lambda': 2, 'subsample': 0.7}",0.9802524644629909,0.9922424061571363,0.9901198487546965,0.9943542442775466,0.9892422409130927,0.005401847971671487,471
167,0.352500855922699,0.026871460666284652,0.013749539852142334,0.0014799306508600926,0.7,0.1,0.1,9,350,1,2,1.0,"{'colsample_bytree': 0.7, 'gamma': 0.1, 'learning_rate': 0.1, 'max_depth': 9, 'n_estimators': 350, 'reg_alpha': 1, 'reg_lambda': 2, 'subsample': 1.0}",0.9802524644629909,0.9929476875576917,0.9872969483988956,0.9978828510938604,0.9895949878783596,0.006566829543899663,354
168,0.5944985151290894,0.030170687780049665,0.020000219345092773,0.0007076490556344127,0.7,0.1,0.1,9,450,0.5,1,0.7,"{'colsample_bytree': 0.7, 'gamma': 0.1, 'learning_rate': 0.1, 'max_depth': 9, 'n_estimators': 450, 'reg_alpha': 0.5, 'reg_lambda': 1, 'subsample': 0.7}",0.9802524644629909,0.9943581500461534,0.988708398576796,0.9943541992883982,0.9894183030935846,0.005772385152296653,441
169,0.4232468008995056,0.032553426106238514,0.014001727104187012,2.843585119694844e-06,0.7,0.1,0.1,9,450,0.5,1,1.0,"{'colsample_bytree': 0.7, 'gamma': 0.1, 'learning_rate': 0.1, 'max_depth': 9, 'n_estimators': 450, 'reg_alpha': 0.5, 'reg_lambda': 1, 'subsample': 1.0}",0.9816634039979629,0.9936529535251174,0.9915314001577777,0.998588566692963,0.9913590810934553,0.006155549548298134,4
170,0.6439976096153259,0.01274982800813578,0.020250916481018066,0.0008281616575064343,0.7,0.1,0.1,9,450,0.5,1.5,0.7,"{'colsample_bytree': 0.7, 'gamma': 0.1, 'learning_rate': 0.1, 'max_depth': 9, 'n_estimators': 450, 'reg_alpha': 0.5, 'reg_lambda': 1.5, 'subsample': 0.7}",0.9816634039979629,0.9936528777649296,0.9894141711154042,0.9957656832081598,0.9901240340216141,0.005393679390071068,171
171,0.4387487769126892,0.04358662756082594,0.016500115394592285,0.002596534380260151,0.7,0.1,0.1,9,450,0.5,1.5,1.0,"{'colsample_bytree': 0.7, 'gamma': 0.1, 'learning_rate': 0.1, 'max_depth': 9, 'n_estimators': 450, 'reg_alpha': 0.5, 'reg_lambda': 1.5, 'subsample': 1.0}",0.980957951420544,0.9922424061571363,0.9901199274857064,0.9978828468761906,0.9903007829848943,0.006094645267488764,100
172,0.6322482824325562,0.029072451657050663,0.02124941349029541,0.0008290969236992691,0.7,0.1,0.1,9,450,0.5,2,0.7,"{'colsample_bytree': 0.7, 'gamma': 0.1, 'learning_rate': 0.1, 'max_depth': 9, 'n_estimators': 450, 'reg_alpha': 0.5, 'reg_lambda': 2, 'subsample': 0.7}",0.9816634039979629,0.9936528777649296,0.9894140656711422,0.9943541992883982,0.9897711366806082,0.005048148315760615,306
173,0.4099981188774109,0.023866995331480415,0.015248119831085205,0.0016392503464960726,0.7,0.1,0.1,9,450,0.5,2,1.0,"{'colsample_bytree': 0.7, 'gamma': 0.1, 'learning_rate': 0.1, 'max_depth': 9, 'n_estimators': 450, 'reg_alpha': 0.5, 'reg_lambda': 2, 'subsample': 1.0}",0.980957951420544,0.9929476875576917,0.9901199668507408,0.998588566692963,0.9906535431304849,0.006374105816546893,40
174,0.577501118183136,0.04534671717095545,0.019750535488128662,0.0014773538465404372,0.7,0.1,0.1,9,450,1,1,0.7,"{'colsample_bytree': 0.7, 'gamma': 0.1, 'learning_rate': 0.1, 'max_depth': 9, 'n_estimators': 450, 'reg_alpha': 1, 'reg_lambda': 1, 'subsample': 0.7}",0.980957951420544,0.9936529535251174,0.988708398576796,0.9936485026692425,0.9892419515479249,0.005190952901708639,493
175,0.3967509865760803,0.030472343227945585,0.015498757362365723,0.0022921114225644573,0.7,0.1,0.1,9,450,1,1,1.0,"{'colsample_bytree': 0.7, 'gamma': 0.1, 'learning_rate': 0.1, 'max_depth': 9, 'n_estimators': 450, 'reg_alpha': 1, 'reg_lambda': 1, 'subsample': 1.0}",0.980957951420544,0.9922424987529213,0.9908256149666836,0.9978828510938604,0.9904772290585023,0.006097077872107436,71
176,0.5795004367828369,0.03702962767773234,0.02299940586090088,0.005242504963245756,0.7,0.1,0.1,9,450,1,1.5,0.7,"{'colsample_bytree': 0.7, 'gamma': 0.1, 'learning_rate': 0.1, 'max_depth': 9, 'n_estimators': 450, 'reg_alpha': 1, 'reg_lambda': 1.5, 'subsample': 0.7}",0.9802524644629909,0.9936529535251174,0.9894141711154042,0.9943542442775466,0.9894184583452648,0.005619350372323499,433
177,0.3934972286224365,0.03704326280166975,0.013753175735473633,0.0004344378732651306,0.7,0.1,0.1,9,450,1,1.5,1.0,"{'colsample_bytree': 0.7, 'gamma': 0.1, 'learning_rate': 0.1, 'max_depth': 9, 'n_estimators': 450, 'reg_alpha': 1, 'reg_lambda': 1.5, 'subsample': 1.0}",0.980957951420544,0.9922424061571363,0.988708398576796,0.9978828510938604,0.9899479018120841,0.006135628464274629,210
178,0.5957486033439636,0.019728887201559953,0.020251810550689697,0.00147702983880293,0.7,0.1,0.1,9,450,1,2,0.7,"{'colsample_bytree': 0.7, 'gamma': 0.1, 'learning_rate': 0.1, 'max_depth': 9, 'n_estimators': 450, 'reg_alpha': 1, 'reg_lambda': 2, 'subsample': 0.7}",0.9816634039979629,0.9922424061571363,0.9894141711154042,0.9936485026692425,0.9892421209849365,0.004633693534275483,485
179,0.3845008611679077,0.023479982291172544,0.015500843524932861,0.0020622865611691823,0.7,0.1,0.1,9,450,1,2,1.0,"{'colsample_bytree': 0.7, 'gamma': 0.1, 'learning_rate': 0.1, 'max_depth': 9, 'n_estimators': 450, 'reg_alpha': 1, 'reg_lambda': 2, 'subsample': 1.0}",0.9802524644629909,0.9929476875576917,0.9872969483988956,0.9978828510938604,0.9895949878783596,0.006566829543899663,354
180,0.8102445006370544,0.06181557833218049,0.025501370429992676,0.0028719488796193236,0.7,0.1,0.1,9,650,0.5,1,0.7,"{'colsample_bytree': 0.7, 'gamma': 0.1, 'learning_rate': 0.1, 'max_depth': 9, 'n_estimators': 650, 'reg_alpha': 0.5, 'reg_lambda': 1, 'subsample': 0.7}",0.9816634039979629,0.9943581500461534,0.988708398576796,0.9943541992883982,0.9897710379773276,0.00521799520827137,311
181,0.485248327255249,0.04634802966349034,0.014750182628631592,0.00043370880198153185,0.7,0.1,0.1,9,650,0.5,1,1.0,"{'colsample_bytree': 0.7, 'gamma': 0.1, 'learning_rate': 0.1, 'max_depth': 9, 'n_estimators': 650, 'reg_alpha': 0.5, 'reg_lambda': 1, 'subsample': 1.0}",0.9816634039979629,0.9936529535251174,0.9915314001577777,0.998588566692963,0.9913590810934553,0.006155549548298134,4
182,0.8099997043609619,0.05746240173286872,0.024499237537384033,0.0004996661993136311,0.7,0.1,0.1,9,650,0.5,1.5,0.7,"{'colsample_bytree': 0.7, 'gamma': 0.1, 'learning_rate': 0.1, 'max_depth': 9, 'n_estimators': 650, 'reg_alpha': 0.5, 'reg_lambda': 1.5, 'subsample': 0.7}",0.9816634039979629,0.9936528777649296,0.988708398576796,0.995059946520522,0.9897711567150526,0.005241759363453285,304
183,0.5164977312088013,0.02008039597526482,0.015499651432037354,0.0005014554422395584,0.7,0.1,0.1,9,650,0.5,1.5,1.0,"{'colsample_bytree': 0.7, 'gamma': 0.1, 'learning_rate': 0.1, 'max_depth': 9, 'n_estimators': 650, 'reg_alpha': 0.5, 'reg_lambda': 1.5, 'subsample': 1.0}",0.980957951420544,0.9922424061571363,0.9901199274857064,0.9978828468761906,0.9903007829848943,0.006094645267488764,100
184,0.7782489657402039,0.03203353985832773,0.024750471115112305,0.0019201938257695688,0.7,0.1,0.1,9,650,0.5,2,0.7,"{'colsample_bytree': 0.7, 'gamma': 0.1, 'learning_rate': 0.1, 'max_depth': 9, 'n_estimators': 650, 'reg_alpha': 0.5, 'reg_lambda': 2, 'subsample': 0.7}",0.9830742144370506,0.9936528777649296,0.9887082636066619,0.9943541992883982,0.98994738877426,0.004525665260990423,254
185,0.4740017056465149,0.041670941782926726,0.016999900341033936,0.00122417100055703,0.7,0.1,0.1,9,650,0.5,2,1.0,"{'colsample_bytree': 0.7, 'gamma': 0.1, 'learning_rate': 0.1, 'max_depth': 9, 'n_estimators': 650, 'reg_alpha': 0.5, 'reg_lambda': 2, 'subsample': 1.0}",0.980957951420544,0.9929476875576917,0.9901199668507408,0.998588566692963,0.9906535431304849,0.006374105816546893,40
186,0.8242524266242981,0.06184554835685155,0.024999022483825684,0.004302195104599275,0.7,0.1,0.1,9,650,1,1,0.7,"{'colsample_bytree': 0.7, 'gamma': 0.1, 'learning_rate': 0.1, 'max_depth': 9, 'n_estimators': 650, 'reg_alpha': 1, 'reg_lambda': 1, 'subsample': 0.7}",0.9802524644629909,0.9936528777649296,0.9894141711154042,0.9936485026692425,0.9892420040031418,0.00547070609005953,489
187,0.4887484312057495,0.06812268088033276,0.014252066612243652,0.0004331255742872051,0.7,0.1,0.1,9,650,1,1,1.0,"{'colsample_bytree': 0.7, 'gamma': 0.1, 'learning_rate': 0.1, 'max_depth': 9, 'n_estimators': 650, 'reg_alpha': 1, 'reg_lambda': 1, 'subsample': 1.0}",0.980957951420544,0.9922424987529213,0.9908256149666836,0.9978828510938604,0.9904772290585023,0.006097077872107436,71
188,0.7592483162879944,0.09446396280854871,0.02300041913986206,0.002549021056846448,0.7,0.1,0.1,9,650,1,1.5,0.7,"{'colsample_bytree': 0.7, 'gamma': 0.1, 'learning_rate': 0.1, 'max_depth': 9, 'n_estimators': 650, 'reg_alpha': 1, 'reg_lambda': 1.5, 'subsample': 0.7}",0.9809574968105822,0.9929476875576917,0.9894141711154042,0.9943542442775466,0.9894183999403061,0.0052058940169108356,439
189,0.4402490258216858,0.022195617592214244,0.015249252319335938,0.0016374054356706413,0.7,0.1,0.1,9,650,1,1.5,1.0,"{'colsample_bytree': 0.7, 'gamma': 0.1, 'learning_rate': 0.1, 'max_depth': 9, 'n_estimators': 650, 'reg_alpha': 1, 'reg_lambda': 1.5, 'subsample': 1.0}",0.980957951420544,0.9922424061571363,0.988708398576796,0.9978828510938604,0.9899479018120841,0.006135628464274629,210
190,0.7297505140304565,0.03451604102098635,0.022500157356262207,0.001499176200754153,0.7,0.1,0.1,9,650,1,2,0.7,"{'colsample_bytree': 0.7, 'gamma': 0.1, 'learning_rate': 0.1, 'max_depth': 9, 'n_estimators': 650, 'reg_alpha': 1, 'reg_lambda': 2, 'subsample': 0.7}",0.9816634039979629,0.9936528777649296,0.9901199274857064,0.9936485026692425,0.9897711779794603,0.004897929795527396,302
191,0.46249812841415405,0.05706235247829273,0.01575148105621338,0.0024919369914473454,0.7,0.1,0.1,9,650,1,2,1.0,"{'colsample_bytree': 0.7, 'gamma': 0.1, 'learning_rate': 0.1, 'max_depth': 9, 'n_estimators': 650, 'reg_alpha': 1, 'reg_lambda': 2, 'subsample': 1.0}",0.9802524644629909,0.9929476875576917,0.9872969483988956,0.9978828510938604,0.9895949878783596,0.006566829543899663,354
192,0.35674941539764404,0.027260331427365874,0.013503730297088623,0.003782515349894031,0.7,0.2,0.05,5,150,0.5,1,0.7,"{'colsample_bytree': 0.7, 'gamma': 0.2, 'learning_rate': 0.05, 'max_depth': 5, 'n_estimators': 150, 'reg_alpha': 0.5, 'reg_lambda': 1, 'subsample': 0.7}",0.9788413789810437,0.9880108005250062,0.9865909628578188,0.9943542442775466,0.9869493466603538,0.005518758281229331,754
193,0.27750033140182495,0.06452273802055465,0.011249125003814697,0.0010908097426690984,0.7,0.2,0.05,5,150,0.5,1,1.0,"{'colsample_bytree': 0.7, 'gamma': 0.2, 'learning_rate': 0.05, 'max_depth': 5, 'n_estimators': 150, 'reg_alpha': 0.5, 'reg_lambda': 1, 'subsample': 1.0}",0.9816625284502379,0.9894214629415494,0.9880027272641247,0.9957657000788889,0.9887131046837003,0.005011390389198522,610
194,0.28025388717651367,0.041945713499323134,0.011744916439056396,0.0004312741141230145,0.7,0.2,0.05,5,150,0.5,1.5,0.7,"{'colsample_bytree': 0.7, 'gamma': 0.2, 'learning_rate': 0.05, 'max_depth': 5, 'n_estimators': 150, 'reg_alpha': 0.5, 'reg_lambda': 1.5, 'subsample': 0.7}",0.9788413789810437,0.9873054335370511,0.9858853295083274,0.9936485026692425,0.9864201611739162,0.005262048374148238,762
195,0.2402523159980774,0.05049414453817287,0.01200169324874878,2.4160108804120116e-06,0.7,0.2,0.05,5,150,0.5,1.5,1.0,"{'colsample_bytree': 0.7, 'gamma': 0.2, 'learning_rate': 0.05, 'max_depth': 5, 'n_estimators': 150, 'reg_alpha': 0.5, 'reg_lambda': 1.5, 'subsample': 1.0}",0.9802524644629909,0.989421589208529,0.985885498220995,0.9957657000788889,0.9878313129928509,0.0056282461086508044,711
196,0.2787479758262634,0.050915905516944956,0.011749744415283203,0.00043373919537490033,0.7,0.2,0.05,5,150,0.5,2,0.7,"{'colsample_bytree': 0.7, 'gamma': 0.2, 'learning_rate': 0.05, 'max_depth': 5, 'n_estimators': 150, 'reg_alpha': 0.5, 'reg_lambda': 2, 'subsample': 0.7}",0.9788413789810437,0.9866000398885311,0.985179485263905,0.9936485026692425,0.9860673517006806,0.005262142987132048,768
197,0.2660003900527954,0.029749013360838746,0.01324915885925293,0.002168003912459389,0.7,0.2,0.05,5,150,0.5,2,1.0,"{'colsample_bytree': 0.7, 'gamma': 0.2, 'learning_rate': 0.05, 'max_depth': 5, 'n_estimators': 150, 'reg_alpha': 0.5, 'reg_lambda': 2, 'subsample': 1.0}",0.9802524644629909,0.988010991333756,0.9894142343809531,0.9957657000788889,0.9883608475641472,0.005518372505729334,651
198,0.3214986324310303,0.044183558401226404,0.012000620365142822,0.0007064710290900632,0.7,0.2,0.05,5,150,1,1,0.7,"{'colsample_bytree': 0.7, 'gamma': 0.2, 'learning_rate': 0.05, 'max_depth': 5, 'n_estimators': 150, 'reg_alpha': 1, 'reg_lambda': 1, 'subsample': 0.7}",0.9788413789810437,0.9866000398885311,0.9851796919395992,0.9950599760444447,0.9864202717134047,0.005780472747716865,760
199,0.24549639225006104,0.03754402194223705,0.011499226093292236,0.0004996713186127725,0.7,0.2,0.05,5,150,1,1,1.0,"{'colsample_bytree': 0.7, 'gamma': 0.2, 'learning_rate': 0.05, 'max_depth': 5, 'n_estimators': 150, 'reg_alpha': 1, 'reg_lambda': 1, 'subsample': 1.0}",0.9788419262103473,0.9887163000923067,0.9851799281333343,0.9964714184897671,0.9873023932314388,0.006366995309930737,740
200,0.2885018587112427,0.03768992383874628,0.01224660873413086,0.0010911596214948085,0.7,0.2,0.05,5,150,1,1.5,0.7,"{'colsample_bytree': 0.7, 'gamma': 0.2, 'learning_rate': 0.05, 'max_depth': 5, 'n_estimators': 150, 'reg_alpha': 1, 'reg_lambda': 1.5, 'subsample': 0.7}",0.979546371323736,0.9866000398885311,0.9844738624591601,0.9950599760444447,0.986420062428968,0.005606153380471244,763
201,0.23099833726882935,0.02822288383381348,0.01124948263168335,0.00043267370467662815,0.7,0.2,0.05,5,150,1,1.5,1.0,"{'colsample_bytree': 0.7, 'gamma': 0.2, 'learning_rate': 0.05, 'max_depth': 5, 'n_estimators': 150, 'reg_alpha': 1, 'reg_lambda': 1.5, 'subsample': 1.0}",0.9795469410187734,0.988010991333756,0.9844740480430946,0.9957657000788889,0.9869494201186282,0.00591138497982074,752
202,0.26249855756759644,0.024883760653002036,0.011249899864196777,0.0004344960457096838,0.7,0.2,0.05,5,150,1,2,0.7,"{'colsample_bytree': 0.7, 'gamma': 0.2, 'learning_rate': 0.05, 'max_depth': 5, 'n_estimators': 150, 'reg_alpha': 1, 'reg_lambda': 2, 'subsample': 0.7}",0.9788413789810437,0.9866000398885311,0.9844738624591601,0.9943542667718519,0.9860673870251466,0.005561263521113434,767
203,0.23875069618225098,0.018606487961219633,0.012999773025512695,0.0023447588774201124,0.7,0.2,0.05,5,150,1,2,1.0,"{'colsample_bytree': 0.7, 'gamma': 0.2, 'learning_rate': 0.05, 'max_depth': 5, 'n_estimators': 150, 'reg_alpha': 1, 'reg_lambda': 2, 'subsample': 1.0}",0.9795469410187734,0.9866005197259626,0.9830623954099929,0.9957657000788889,0.9862438890584044,0.006036619199172318,764
204,0.5094975233078003,0.03942644974994004,0.01850074529647827,0.0004994274395037581,0.7,0.2,0.05,5,350,0.5,1,0.7,"{'colsample_bytree': 0.7, 'gamma': 0.2, 'learning_rate': 0.05, 'max_depth': 5, 'n_estimators': 350, 'reg_alpha': 0.5, 'reg_lambda': 1, 'subsample': 0.7}",0.9816634039979629,0.9929476875576917,0.9894140656711422,0.9943542442775466,0.9895948503760859,0.004920210164063146,368
205,0.38699740171432495,0.02672966507147303,0.014999806880950928,2.046619023488688e-06,0.7,0.2,0.05,5,350,0.5,1,1.0,"{'colsample_bytree': 0.7, 'gamma': 0.2, 'learning_rate': 0.05, 'max_depth': 5, 'n_estimators': 350, 'reg_alpha': 0.5, 'reg_lambda': 1, 'subsample': 1.0}",0.9823684735375408,0.9901267625807684,0.9915314001577777,0.997177133385926,0.9903009424155033,0.005285603788402934,97
206,0.5037503242492676,0.045042187796166214,0.018497467041015625,0.0005009178034977597,0.7,0.2,0.05,5,350,0.5,1.5,0.7,"{'colsample_bytree': 0.7, 'gamma': 0.2, 'learning_rate': 0.05, 'max_depth': 5, 'n_estimators': 350, 'reg_alpha': 0.5, 'reg_lambda': 1.5, 'subsample': 0.7}",0.9823684735375408,0.9922424061571363,0.9908256149666836,0.9950599760444447,0.9901241176764514,0.0047300094707599305,167
207,0.36499905586242676,0.02248152792671035,0.015750467777252197,0.0004333625248886119,0.7,0.2,0.05,5,350,0.5,1.5,1.0,"{'colsample_bytree': 0.7, 'gamma': 0.2, 'learning_rate': 0.05, 'max_depth': 5, 'n_estimators': 350, 'reg_alpha': 0.5, 'reg_lambda': 1.5, 'subsample': 1.0}",0.9816634039979629,0.9894214629415494,0.9901199274857064,0.997177133385926,0.9895954819527862,0.005493282826969117,318
208,0.5357478260993958,0.012833580810300277,0.01949942111968994,0.0005005599203834123,0.7,0.2,0.05,5,350,0.5,2,0.7,"{'colsample_bytree': 0.7, 'gamma': 0.2, 'learning_rate': 0.05, 'max_depth': 5, 'n_estimators': 350, 'reg_alpha': 0.5, 'reg_lambda': 2, 'subsample': 0.7}",0.980957951420544,0.9915371072185253,0.9901198487546965,0.9936485026692425,0.9890658525157521,0.0048465645171773585,521
209,0.3937513828277588,0.021230458802268794,0.01724874973297119,0.0010880051089219038,0.7,0.2,0.05,5,350,0.5,2,1.0,"{'colsample_bytree': 0.7, 'gamma': 0.2, 'learning_rate': 0.05, 'max_depth': 5, 'n_estimators': 350, 'reg_alpha': 0.5, 'reg_lambda': 2, 'subsample': 1.0}",0.980957951420544,0.9894214629415494,0.992237105212699,0.997177133385926,0.9899484132401797,0.005886395039371429,196
210,0.4939996004104614,0.029113504457724745,0.01849949359893799,0.0008665873941274838,0.7,0.2,0.05,5,350,1,1,0.7,"{'colsample_bytree': 0.7, 'gamma': 0.2, 'learning_rate': 0.05, 'max_depth': 5, 'n_estimators': 350, 'reg_alpha': 1, 'reg_lambda': 1, 'subsample': 0.7}",0.9802524644629909,0.9880105620055277,0.9901197306558291,0.9943542442775466,0.9881842503504735,0.005117575208987584,670
211,0.3264954686164856,0.009066760007498835,0.01425015926361084,0.0004325695798971737,0.7,0.2,0.05,5,350,1,1,1.0,"{'colsample_bytree': 0.7, 'gamma': 0.2, 'learning_rate': 0.05, 'max_depth': 5, 'n_estimators': 350, 'reg_alpha': 1, 'reg_lambda': 1, 'subsample': 1.0}",0.9802524644629909,0.9894214629415494,0.9894142343809531,0.9971771221387733,0.9890663209810666,0.005994087330173767,502
212,0.5229972004890442,0.05470566511044625,0.018000543117523193,0.0014132683391996186,0.7,0.2,0.05,5,350,1,1.5,0.7,"{'colsample_bytree': 0.7, 'gamma': 0.2, 'learning_rate': 0.05, 'max_depth': 5, 'n_estimators': 350, 'reg_alpha': 1, 'reg_lambda': 1.5, 'subsample': 0.7}",0.9809574968105822,0.9887159409218234,0.9908256149666836,0.9943542442775466,0.9887133242441589,0.004910056439236766,597
213,0.39049816131591797,0.025885848558702424,0.015750408172607422,0.00248821401735109,0.7,0.2,0.05,5,350,1,1.5,1.0,"{'colsample_bytree': 0.7, 'gamma': 0.2, 'learning_rate': 0.05, 'max_depth': 5, 'n_estimators': 350, 'reg_alpha': 1, 'reg_lambda': 1.5, 'subsample': 1.0}",0.9795474293035473,0.9894214629415494,0.9880027989650803,0.997177133385926,0.9885372061490257,0.0062556360888363464,626
214,0.4677521586418152,0.023795047466013904,0.018497884273529053,0.0011181945786851444,0.7,0.2,0.05,5,350,1,2,0.7,"{'colsample_bytree': 0.7, 'gamma': 0.2, 'learning_rate': 0.05, 'max_depth': 5, 'n_estimators': 350, 'reg_alpha': 1, 'reg_lambda': 2, 'subsample': 0.7}",0.9802519537156409,0.9880105620055277,0.9894140656711422,0.9943542442775466,0.9880077064174644,0.005059844298150086,704
215,0.4197489619255066,0.03257650954366642,0.017001748085021973,0.00141419644270818,0.7,0.2,0.05,5,350,1,2,1.0,"{'colsample_bytree': 0.7, 'gamma': 0.2, 'learning_rate': 0.05, 'max_depth': 5, 'n_estimators': 350, 'reg_alpha': 1, 'reg_lambda': 2, 'subsample': 1.0}",0.9802524644629909,0.9887161429580337,0.9872967965574946,0.997177133385926,0.9883606343411113,0.006015214281017632,654
216,0.6182483434677124,0.07585185313270718,0.023999333381652832,0.0046367432028239135,0.7,0.2,0.05,5,450,0.5,1,0.7,"{'colsample_bytree': 0.7, 'gamma': 0.2, 'learning_rate': 0.05, 'max_depth': 5, 'n_estimators': 450, 'reg_alpha': 0.5, 'reg_lambda': 1, 'subsample': 0.7}",0.9816634039979629,0.9929476875576917,0.9901198487546965,0.9943542442775466,0.9897712961469743,0.004923217443449598,286
217,0.41224944591522217,0.02337121030053843,0.016249537467956543,0.0008290965294754735,0.7,0.2,0.05,5,450,0.5,1,1.0,"{'colsample_bytree': 0.7, 'gamma': 0.2, 'learning_rate': 0.05, 'max_depth': 5, 'n_estimators': 450, 'reg_alpha': 0.5, 'reg_lambda': 1, 'subsample': 1.0}",0.9823684735375408,0.9901267625807684,0.9915314001577777,0.997177133385926,0.9903009424155033,0.005285603788402934,97
218,0.636501133441925,0.04930608881128417,0.021498143672943115,0.0011186732275409116,0.7,0.2,0.05,5,450,0.5,1.5,0.7,"{'colsample_bytree': 0.7, 'gamma': 0.2, 'learning_rate': 0.05, 'max_depth': 5, 'n_estimators': 450, 'reg_alpha': 0.5, 'reg_lambda': 1.5, 'subsample': 0.7}",0.980957951420544,0.9922424061571363,0.9901198487546965,0.9943542442775466,0.9894186126524808,0.005109030970936016,403
219,0.4150007963180542,0.041574899186438204,0.01725006103515625,0.001089182406529912,0.7,0.2,0.05,5,450,0.5,1.5,1.0,"{'colsample_bytree': 0.7, 'gamma': 0.2, 'learning_rate': 0.05, 'max_depth': 5, 'n_estimators': 450, 'reg_alpha': 0.5, 'reg_lambda': 1.5, 'subsample': 1.0}",0.9816634039979629,0.9894214629415494,0.9901199274857064,0.997177133385926,0.9895954819527862,0.005493282826969117,318
220,0.6019976735115051,0.05739826153554774,0.02150142192840576,0.0011185420343358698,0.7,0.2,0.05,5,450,0.5,2,0.7,"{'colsample_bytree': 0.7, 'gamma': 0.2, 'learning_rate': 0.05, 'max_depth': 5, 'n_estimators': 450, 'reg_alpha': 0.5, 'reg_lambda': 2, 'subsample': 0.7}",0.9823688243014796,0.9915371072185253,0.9908256149666836,0.9943542442775466,0.9897714476910587,0.004472965454064003,274
221,0.43449944257736206,0.037124411550399576,0.016250967979431152,0.0004325739820672078,0.7,0.2,0.05,5,450,0.5,2,1.0,"{'colsample_bytree': 0.7, 'gamma': 0.2, 'learning_rate': 0.05, 'max_depth': 5, 'n_estimators': 450, 'reg_alpha': 0.5, 'reg_lambda': 2, 'subsample': 1.0}",0.980957951420544,0.9894214629415494,0.992237105212699,0.997177133385926,0.9899484132401797,0.005886395039371429,196
222,0.5839994549751282,0.04466594475614076,0.020250260829925537,0.001089085244084366,0.7,0.2,0.05,5,450,1,1,0.7,"{'colsample_bytree': 0.7, 'gamma': 0.2, 'learning_rate': 0.05, 'max_depth': 5, 'n_estimators': 450, 'reg_alpha': 1, 'reg_lambda': 1, 'subsample': 0.7}",0.9802524644629909,0.9901266250882795,0.9915312989325971,0.9943542442775466,0.9890661581903535,0.005311463087181882,505
223,0.38299834728240967,0.02373605041953053,0.014750778675079346,0.00043406514846835884,0.7,0.2,0.05,5,450,1,1,1.0,"{'colsample_bytree': 0.7, 'gamma': 0.2, 'learning_rate': 0.05, 'max_depth': 5, 'n_estimators': 450, 'reg_alpha': 1, 'reg_lambda': 1, 'subsample': 1.0}",0.9802524644629909,0.9894214629415494,0.9894142343809531,0.9971771221387733,0.9890663209810666,0.005994087330173767,502
224,0.6077489852905273,0.020314249843170918,0.021000146865844727,6.07850493620966e-07,0.7,0.2,0.05,5,450,1,1.5,0.7,"{'colsample_bytree': 0.7, 'gamma': 0.2, 'learning_rate': 0.05, 'max_depth': 5, 'n_estimators': 450, 'reg_alpha': 1, 'reg_lambda': 1.5, 'subsample': 0.7}",0.9802524644629909,0.9887159409218234,0.9901199274857064,0.9943542442775466,0.9883606442870169,0.005120720993598377,653
225,0.3670015335083008,0.01029581022399891,0.015499293804168701,0.0008662723989475472,0.7,0.2,0.05,5,450,1,1.5,1.0,"{'colsample_bytree': 0.7, 'gamma': 0.2, 'learning_rate': 0.05, 'max_depth': 5, 'n_estimators': 450, 'reg_alpha': 1, 'reg_lambda': 1.5, 'subsample': 1.0}",0.9795474293035473,0.9894214629415494,0.9880027989650803,0.997177133385926,0.9885372061490257,0.0062556360888363464,626
226,0.5707483291625977,0.008730913741769172,0.02025085687637329,0.0004320595077468752,0.7,0.2,0.05,5,450,1,2,0.7,"{'colsample_bytree': 0.7, 'gamma': 0.2, 'learning_rate': 0.05, 'max_depth': 5, 'n_estimators': 450, 'reg_alpha': 1, 'reg_lambda': 2, 'subsample': 0.7}",0.979546371323736,0.9894212945808878,0.9908255235816568,0.9943542442775466,0.9885368584409567,0.005492973966544439,636
227,0.4040004014968872,0.006671036674958452,0.016250789165496826,0.00043363543294897027,0.7,0.2,0.05,5,450,1,2,1.0,"{'colsample_bytree': 0.7, 'gamma': 0.2, 'learning_rate': 0.05, 'max_depth': 5, 'n_estimators': 450, 'reg_alpha': 1, 'reg_lambda': 2, 'subsample': 1.0}",0.9802524644629909,0.9887161429580337,0.9872967965574946,0.997177133385926,0.9883606343411113,0.006015214281017632,654
228,0.7362488508224487,0.015137288582416723,0.025499165058135986,0.0032045977018980813,0.7,0.2,0.05,5,650,0.5,1,0.7,"{'colsample_bytree': 0.7, 'gamma': 0.2, 'learning_rate': 0.05, 'max_depth': 5, 'n_estimators': 650, 'reg_alpha': 0.5, 'reg_lambda': 1, 'subsample': 0.7}",0.9816634039979629,0.9929476875576917,0.9894141711154042,0.995059946520522,0.9897713022978951,0.005097174181733646,285
229,0.46349775791168213,0.031100742572932875,0.017001986503601074,0.0007087420762617421,0.7,0.2,0.05,5,650,0.5,1,1.0,"{'colsample_bytree': 0.7, 'gamma': 0.2, 'learning_rate': 0.05, 'max_depth': 5, 'n_estimators': 650, 'reg_alpha': 0.5, 'reg_lambda': 1, 'subsample': 1.0}",0.9823684735375408,0.9901267625807684,0.9915314001577777,0.997177133385926,0.9903009424155033,0.005285603788402934,97
230,0.837249755859375,0.032530740905539146,0.0257493257522583,0.0004335383899724812,0.7,0.2,0.05,5,650,0.5,1.5,0.7,"{'colsample_bytree': 0.7, 'gamma': 0.2, 'learning_rate': 0.05, 'max_depth': 5, 'n_estimators': 650, 'reg_alpha': 0.5, 'reg_lambda': 1.5, 'subsample': 0.7}",0.9816634039979629,0.9922424061571363,0.9901198487546965,0.9950599760444447,0.9897714087385601,0.004998397836053911,276
231,0.47900140285491943,0.02436363000380675,0.01724839210510254,0.0010883064782577722,0.7,0.2,0.05,5,650,0.5,1.5,1.0,"{'colsample_bytree': 0.7, 'gamma': 0.2, 'learning_rate': 0.05, 'max_depth': 5, 'n_estimators': 650, 'reg_alpha': 0.5, 'reg_lambda': 1.5, 'subsample': 1.0}",0.9816634039979629,0.9894214629415494,0.9901199274857064,0.997177133385926,0.9895954819527862,0.005493282826969117,318
232,0.7792496681213379,0.04297308951487615,0.026000797748565674,0.0015818914738849337,0.7,0.2,0.05,5,650,0.5,2,0.7,"{'colsample_bytree': 0.7, 'gamma': 0.2, 'learning_rate': 0.05, 'max_depth': 5, 'n_estimators': 650, 'reg_alpha': 0.5, 'reg_lambda': 2, 'subsample': 0.7}",0.9823684735375408,0.9929476875576917,0.9901198487546965,0.9943542442775466,0.989947563531869,0.004633893252567852,245
233,0.4954982399940491,0.04266201451584096,0.01875007152557373,0.0017857294731750465,0.7,0.2,0.05,5,650,0.5,2,1.0,"{'colsample_bytree': 0.7, 'gamma': 0.2, 'learning_rate': 0.05, 'max_depth': 5, 'n_estimators': 650, 'reg_alpha': 0.5, 'reg_lambda': 2, 'subsample': 1.0}",0.980957951420544,0.9894214629415494,0.992237105212699,0.997177133385926,0.9899484132401797,0.005886395039371429,196
234,0.7109996676445007,0.025710683568251284,0.0232505202293396,0.0008287199408522839,0.7,0.2,0.05,5,650,1,1,0.7,"{'colsample_bytree': 0.7, 'gamma': 0.2, 'learning_rate': 0.05, 'max_depth': 5, 'n_estimators': 650, 'reg_alpha': 1, 'reg_lambda': 1, 'subsample': 0.7}",0.9809574968105822,0.9908317886367694,0.9915312989325971,0.9943542442775466,0.9894187071643737,0.005059927135676178,391
235,0.46499431133270264,0.015294805320314096,0.018250465393066406,0.002277038186650726,0.7,0.2,0.05,5,650,1,1,1.0,"{'colsample_bytree': 0.7, 'gamma': 0.2, 'learning_rate': 0.05, 'max_depth': 5, 'n_estimators': 650, 'reg_alpha': 1, 'reg_lambda': 1, 'subsample': 1.0}",0.9802524644629909,0.9894214629415494,0.9894142343809531,0.9971771221387733,0.9890663209810666,0.005994087330173767,502
236,0.8320003151893616,0.11923807490238292,0.028250932693481445,0.007464408891646055,0.7,0.2,0.05,5,650,1,1.5,0.7,"{'colsample_bytree': 0.7, 'gamma': 0.2, 'learning_rate': 0.05, 'max_depth': 5, 'n_estimators': 650, 'reg_alpha': 1, 'reg_lambda': 1.5, 'subsample': 0.7}",0.9802519537156409,0.9908317886367694,0.9908256149666836,0.9950599760444447,0.9892423333408846,0.0054704899523829835,459
237,0.46874934434890747,0.02362803557767847,0.017500460147857666,0.0008674430770203154,0.7,0.2,0.05,5,650,1,1.5,1.0,"{'colsample_bytree': 0.7, 'gamma': 0.2, 'learning_rate': 0.05, 'max_depth': 5, 'n_estimators': 650, 'reg_alpha': 1, 'reg_lambda': 1.5, 'subsample': 1.0}",0.9795474293035473,0.9894214629415494,0.9880027989650803,0.997177133385926,0.9885372061490257,0.0062556360888363464,626
238,0.9317507743835449,0.1220347538596584,0.03350257873535156,0.006105727192275662,0.7,0.2,0.05,5,650,1,2,0.7,"{'colsample_bytree': 0.7, 'gamma': 0.2, 'learning_rate': 0.05, 'max_depth': 5, 'n_estimators': 650, 'reg_alpha': 1, 'reg_lambda': 2, 'subsample': 0.7}",0.979546371323736,0.9901266250882795,0.9915312989325971,0.9950599760444447,0.9890660678472644,0.005782596807271458,511
239,0.5152519941329956,0.0561855577527558,0.0200006365776062,0.004064175527736178,0.7,0.2,0.05,5,650,1,2,1.0,"{'colsample_bytree': 0.7, 'gamma': 0.2, 'learning_rate': 0.05, 'max_depth': 5, 'n_estimators': 650, 'reg_alpha': 1, 'reg_lambda': 2, 'subsample': 1.0}",0.9802524644629909,0.9887161429580337,0.9872967965574946,0.997177133385926,0.9883606343411113,0.006015214281017632,654
240,0.34850192070007324,0.010919892152023873,0.014250218868255615,0.0004341897024564736,0.7,0.2,0.05,9,150,0.5,1,0.7,"{'colsample_bytree': 0.7, 'gamma': 0.2, 'learning_rate': 0.05, 'max_depth': 9, 'n_estimators': 150, 'reg_alpha': 0.5, 'reg_lambda': 1, 'subsample': 0.7}",0.9802524644629909,0.990832043980725,0.9880026077606279,0.9957657000788889,0.9887132040708082,0.00561952498738063,603
241,0.3810000419616699,0.03366663785617836,0.016000568866729736,0.0007086702079983981,0.7,0.2,0.05,9,150,0.5,1,1.0,"{'colsample_bytree': 0.7, 'gamma': 0.2, 'learning_rate': 0.05, 'max_depth': 9, 'n_estimators': 150, 'reg_alpha': 0.5, 'reg_lambda': 1, 'subsample': 1.0}",0.9816630027156343,0.9922424987529213,0.9894141711154042,0.997177133385926,0.9901242014924715,0.005619765552379499,157
242,0.3689998984336853,0.0450707410276793,0.015002906322479248,0.0010010630504497218,0.7,0.2,0.05,9,150,0.5,1.5,0.7,"{'colsample_bytree': 0.7, 'gamma': 0.2, 'learning_rate': 0.05, 'max_depth': 9, 'n_estimators': 150, 'reg_alpha': 0.5, 'reg_lambda': 1.5, 'subsample': 0.7}",0.9795469410187734,0.989421589208529,0.9880026077606279,0.9957657000788889,0.9881842095167048,0.00578025721636576,672
243,0.4270020127296448,0.044505319533226555,0.016747772693634033,0.00043048240193730813,0.7,0.2,0.05,9,150,0.5,1.5,1.0,"{'colsample_bytree': 0.7, 'gamma': 0.2, 'learning_rate': 0.05, 'max_depth': 9, 'n_estimators': 150, 'reg_alpha': 0.5, 'reg_lambda': 1.5, 'subsample': 1.0}",0.980957951420544,0.9908319345493428,0.9894141711154042,0.997177133385926,0.9895952976178043,0.005780355972092307,337
244,0.4359992742538452,0.11677033290008677,0.015249192714691162,0.001090344707299335,0.7,0.2,0.05,9,150,0.5,2,0.7,"{'colsample_bytree': 0.7, 'gamma': 0.2, 'learning_rate': 0.05, 'max_depth': 9, 'n_estimators': 150, 'reg_alpha': 0.5, 'reg_lambda': 2, 'subsample': 0.7}",0.9795469410187734,0.989421589208529,0.9880026077606279,0.9957657000788889,0.9881842095167048,0.00578025721636576,672
245,0.5472501516342163,0.06549845291223329,0.017250001430511475,0.0014825702473674938,0.7,0.2,0.05,9,150,0.5,2,1.0,"{'colsample_bytree': 0.7, 'gamma': 0.2, 'learning_rate': 0.05, 'max_depth': 9, 'n_estimators': 150, 'reg_alpha': 0.5, 'reg_lambda': 2, 'subsample': 1.0}",0.980957951420544,0.9908319345493428,0.9894141711154042,0.997177133385926,0.9895952976178043,0.005780355972092307,337
246,0.41450023651123047,0.06958622756677187,0.015506088733673096,0.0005078031520490589,0.7,0.2,0.05,9,150,1,1,0.7,"{'colsample_bytree': 0.7, 'gamma': 0.2, 'learning_rate': 0.05, 'max_depth': 9, 'n_estimators': 150, 'reg_alpha': 1, 'reg_lambda': 1, 'subsample': 0.7}",0.9788413789810437,0.9894214629415494,0.9880026077606279,0.9957657000788889,0.9880077874405275,0.0060457993227077955,702
247,0.447750985622406,0.0714328012058309,0.015497744083404541,0.0005022906402602286,0.7,0.2,0.05,9,150,1,1,1.0,"{'colsample_bytree': 0.7, 'gamma': 0.2, 'learning_rate': 0.05, 'max_depth': 9, 'n_estimators': 150, 'reg_alpha': 1, 'reg_lambda': 1, 'subsample': 1.0}",0.9802524644629909,0.9894214629415494,0.9880027272641247,0.9978828510938604,0.9888898764406314,0.0062559590922264445,542
248,0.429751992225647,0.06652028830479434,0.015995442867279053,0.0014135446321779852,0.7,0.2,0.05,9,150,1,1.5,0.7,"{'colsample_bytree': 0.7, 'gamma': 0.2, 'learning_rate': 0.05, 'max_depth': 9, 'n_estimators': 150, 'reg_alpha': 1, 'reg_lambda': 1.5, 'subsample': 0.7}",0.9788413789810437,0.9887161429580337,0.9865911498501135,0.9950599760444447,0.9873021619584089,0.005793820166112571,742
249,0.3552526831626892,0.03924511771715915,0.014497101306915283,0.0004976408426455971,0.7,0.2,0.05,9,150,1,1.5,1.0,"{'colsample_bytree': 0.7, 'gamma': 0.2, 'learning_rate': 0.05, 'max_depth': 9, 'n_estimators': 150, 'reg_alpha': 1, 'reg_lambda': 1.5, 'subsample': 1.0}",0.9802524644629909,0.990832043980725,0.9865911498501135,0.9978828510938604,0.9888896273469224,0.006413552783533175,561
250,0.4095001816749573,0.05862360601184352,0.01600050926208496,0.0010048189838025325,0.7,0.2,0.05,9,150,1,2,0.7,"{'colsample_bytree': 0.7, 'gamma': 0.2, 'learning_rate': 0.05, 'max_depth': 9, 'n_estimators': 150, 'reg_alpha': 1, 'reg_lambda': 2, 'subsample': 0.7}",0.9788413789810437,0.988010991333756,0.9865911498501135,0.9950599760444447,0.9871258740523395,0.005758736744759231,747
251,0.4287506341934204,0.07585420817480239,0.01550072431564331,0.0008653157284160432,0.7,0.2,0.05,9,150,1,2,1.0,"{'colsample_bytree': 0.7, 'gamma': 0.2, 'learning_rate': 0.05, 'max_depth': 9, 'n_estimators': 150, 'reg_alpha': 1, 'reg_lambda': 2, 'subsample': 1.0}",0.9802524644629909,0.9887161429580337,0.985885498220995,0.997177133385926,0.9880078097569864,0.0061079419328615905,700
252,0.692999541759491,0.10590423928415246,0.021000266075134277,0.0007078147410697528,0.7,0.2,0.05,9,350,0.5,1,0.7,"{'colsample_bytree': 0.7, 'gamma': 0.2, 'learning_rate': 0.05, 'max_depth': 9, 'n_estimators': 350, 'reg_alpha': 0.5, 'reg_lambda': 1, 'subsample': 0.7}",0.9816634039979629,0.99153722506923,0.9887082636066619,0.9943542442775466,0.9890657842378503,0.0047169609811847065,530
253,0.6042495965957642,0.08483434249901185,0.025500476360321045,0.008382175079173935,0.7,0.2,0.05,9,350,0.5,1,1.0,"{'colsample_bytree': 0.7, 'gamma': 0.2, 'learning_rate': 0.05, 'max_depth': 9, 'n_estimators': 350, 'reg_alpha': 0.5, 'reg_lambda': 1, 'subsample': 1.0}",0.9823684735375408,0.9922424061571363,0.9901199274857064,0.998588566692963,0.9908298434683366,0.0057942186969926444,25
254,0.8212501406669617,0.11675615915856279,0.022998571395874023,0.0012248030812865701,0.7,0.2,0.05,9,350,0.5,1.5,0.7,"{'colsample_bytree': 0.7, 'gamma': 0.2, 'learning_rate': 0.05, 'max_depth': 9, 'n_estimators': 350, 'reg_alpha': 0.5, 'reg_lambda': 1.5, 'subsample': 0.7}",0.9816634039979629,0.99153722506923,0.9901198487546965,0.9943542442775466,0.9894186805248589,0.004729798395240716,397
255,0.5359982252120972,0.05778158573494636,0.019001781940460205,0.0012243647784145177,0.7,0.2,0.05,9,350,0.5,1.5,1.0,"{'colsample_bytree': 0.7, 'gamma': 0.2, 'learning_rate': 0.05, 'max_depth': 9, 'n_estimators': 350, 'reg_alpha': 0.5, 'reg_lambda': 1.5, 'subsample': 1.0}",0.980957951420544,0.99153722506923,0.990825669796826,0.998588566692963,0.9904773532448907,0.006278046021612646,65
256,0.7115006446838379,0.07350325179855198,0.021998286247253418,0.0007042796952642761,0.7,0.2,0.05,9,350,0.5,2,0.7,"{'colsample_bytree': 0.7, 'gamma': 0.2, 'learning_rate': 0.05, 'max_depth': 9, 'n_estimators': 350, 'reg_alpha': 0.5, 'reg_lambda': 2, 'subsample': 0.7}",0.980957951420544,0.9915371072185253,0.9908256149666836,0.9943542442775466,0.9894187294708249,0.00505991409768719,390
257,0.49174946546554565,0.02657406872904564,0.01925039291381836,0.0010903855481960894,0.7,0.2,0.05,9,350,0.5,2,1.0,"{'colsample_bytree': 0.7, 'gamma': 0.2, 'learning_rate': 0.05, 'max_depth': 9, 'n_estimators': 350, 'reg_alpha': 0.5, 'reg_lambda': 2, 'subsample': 1.0}",0.980957951420544,0.99153722506923,0.9915314001577777,0.9978828510938604,0.990477356935353,0.00607648649844241,62
258,0.6757487654685974,0.03608475464659392,0.02425152063369751,0.0033467083222467843,0.7,0.2,0.05,9,350,1,1,0.7,"{'colsample_bytree': 0.7, 'gamma': 0.2, 'learning_rate': 0.05, 'max_depth': 9, 'n_estimators': 350, 'reg_alpha': 1, 'reg_lambda': 1, 'subsample': 0.7}",0.9802524644629909,0.9901266250882795,0.9887082636066619,0.9950599760444447,0.9885368323005942,0.005332424040062115,638
259,0.5304995775222778,0.03496093218815219,0.018751144409179688,0.0031117993309340724,0.7,0.2,0.05,9,350,1,1,1.0,"{'colsample_bytree': 0.7, 'gamma': 0.2, 'learning_rate': 0.05, 'max_depth': 9, 'n_estimators': 350, 'reg_alpha': 1, 'reg_lambda': 1, 'subsample': 1.0}",0.9802524644629909,0.9901267625807684,0.9901199274857064,0.9978828510938604,0.9895955014058315,0.006255592803967635,315
260,0.6062538027763367,0.025382181675483777,0.021997272968292236,0.0014137767750585916,0.7,0.2,0.05,9,350,1,1.5,0.7,"{'colsample_bytree': 0.7, 'gamma': 0.2, 'learning_rate': 0.05, 'max_depth': 9, 'n_estimators': 350, 'reg_alpha': 1, 'reg_lambda': 1.5, 'subsample': 0.7}",0.980957951420544,0.9908319345493428,0.9887082636066619,0.9943542442775466,0.9887130984635238,0.004910558050968221,611
261,0.4630008339881897,0.02407126454189824,0.01949942111968994,0.002599333278836609,0.7,0.2,0.05,9,350,1,1.5,1.0,"{'colsample_bytree': 0.7, 'gamma': 0.2, 'learning_rate': 0.05, 'max_depth': 9, 'n_estimators': 350, 'reg_alpha': 1, 'reg_lambda': 1.5, 'subsample': 1.0}",0.9795469410187734,0.990832043980725,0.9901199274857064,0.9978828510938604,0.9895954408947664,0.006547094602611106,324
262,0.6062507629394531,0.037961797934856274,0.020251750946044922,0.00043086178820429626,0.7,0.2,0.05,9,350,1,2,0.7,"{'colsample_bytree': 0.7, 'gamma': 0.2, 'learning_rate': 0.05, 'max_depth': 9, 'n_estimators': 350, 'reg_alpha': 1, 'reg_lambda': 2, 'subsample': 0.7}",0.9795469410187734,0.9901266250882795,0.9901197306558291,0.9950599760444447,0.9887133182018317,0.005662993218681571,598
263,0.5847497582435608,0.04246783034752977,0.018000006675720215,0.000707228548692652,0.7,0.2,0.05,9,350,1,2,1.0,"{'colsample_bytree': 0.7, 'gamma': 0.2, 'learning_rate': 0.05, 'max_depth': 9, 'n_estimators': 350, 'reg_alpha': 1, 'reg_lambda': 2, 'subsample': 1.0}",0.9795469410187734,0.9894214629415494,0.9887082636066619,0.997177133385926,0.9887134502382277,0.006248202393172464,588
264,0.8109958171844482,0.04659709416463624,0.024252593517303467,0.00043501223640256704,0.7,0.2,0.05,9,450,0.5,1,0.7,"{'colsample_bytree': 0.7, 'gamma': 0.2, 'learning_rate': 0.05, 'max_depth': 9, 'n_estimators': 450, 'reg_alpha': 0.5, 'reg_lambda': 1, 'subsample': 0.7}",0.9816634039979629,0.99153722506923,0.9901198487546965,0.9943542442775466,0.9894186805248589,0.004729798395240716,397
265,0.5822490453720093,0.0563575804700388,0.019249320030212402,0.0008308933745711046,0.7,0.2,0.05,9,450,0.5,1,1.0,"{'colsample_bytree': 0.7, 'gamma': 0.2, 'learning_rate': 0.05, 'max_depth': 9, 'n_estimators': 450, 'reg_alpha': 0.5, 'reg_lambda': 1, 'subsample': 1.0}",0.9823684735375408,0.9922424061571363,0.9901199274857064,0.998588566692963,0.9908298434683366,0.0057942186969926444,25
266,0.7440008521080017,0.050274885230635606,0.022999584674835205,0.0015835503068702377,0.7,0.2,0.05,9,450,0.5,1.5,0.7,"{'colsample_bytree': 0.7, 'gamma': 0.2, 'learning_rate': 0.05, 'max_depth': 9, 'n_estimators': 450, 'reg_alpha': 0.5, 'reg_lambda': 1.5, 'subsample': 0.7}",0.9816634039979629,0.9922424061571363,0.9901198487546965,0.9943542442775466,0.9895949757968355,0.004817801542371197,362
267,0.5254991054534912,0.03353940819873956,0.01925104856491089,0.0010886481774453987,0.7,0.2,0.05,9,450,0.5,1.5,1.0,"{'colsample_bytree': 0.7, 'gamma': 0.2, 'learning_rate': 0.05, 'max_depth': 9, 'n_estimators': 450, 'reg_alpha': 0.5, 'reg_lambda': 1.5, 'subsample': 1.0}",0.980957951420544,0.99153722506923,0.990825669796826,0.998588566692963,0.9904773532448907,0.006278046021612646,65
268,0.7482476234436035,0.0732421084914008,0.02675098180770874,0.005398328779788937,0.7,0.2,0.05,9,450,0.5,2,0.7,"{'colsample_bytree': 0.7, 'gamma': 0.2, 'learning_rate': 0.05, 'max_depth': 9, 'n_estimators': 450, 'reg_alpha': 0.5, 'reg_lambda': 2, 'subsample': 0.7}",0.980957951420544,0.9915371072185253,0.9901198487546965,0.9943542442775466,0.9892422879178281,0.005019926236239869,465
269,0.5667486786842346,0.03699008068240367,0.0205003023147583,0.002693228868955759,0.7,0.2,0.05,9,450,0.5,2,1.0,"{'colsample_bytree': 0.7, 'gamma': 0.2, 'learning_rate': 0.05, 'max_depth': 9, 'n_estimators': 450, 'reg_alpha': 0.5, 'reg_lambda': 2, 'subsample': 1.0}",0.980957951420544,0.99153722506923,0.9915314001577777,0.9978828510938604,0.990477356935353,0.00607648649844241,62
270,0.7392480373382568,0.049102125837795746,0.022502362728118896,0.0008705408430650773,0.7,0.2,0.05,9,450,1,1,0.7,"{'colsample_bytree': 0.7, 'gamma': 0.2, 'learning_rate': 0.05, 'max_depth': 9, 'n_estimators': 450, 'reg_alpha': 1, 'reg_lambda': 1, 'subsample': 0.7}",0.9802524644629909,0.9908319345493428,0.9894140656711422,0.9943542442775466,0.9887131772402556,0.005205422056518161,607
271,0.5204973220825195,0.05729083351809743,0.017500758171081543,0.0005012796551452067,0.7,0.2,0.05,9,450,1,1,1.0,"{'colsample_bytree': 0.7, 'gamma': 0.2, 'learning_rate': 0.05, 'max_depth': 9, 'n_estimators': 450, 'reg_alpha': 1, 'reg_lambda': 1, 'subsample': 1.0}",0.9802524644629909,0.9901267625807684,0.9901199274857064,0.9978828510938604,0.9895955014058315,0.006255592803967635,315
272,0.6957494020462036,0.05000181751664545,0.023753881454467773,0.0019222738538019985,0.7,0.2,0.05,9,450,1,1.5,0.7,"{'colsample_bytree': 0.7, 'gamma': 0.2, 'learning_rate': 0.05, 'max_depth': 9, 'n_estimators': 450, 'reg_alpha': 1, 'reg_lambda': 1.5, 'subsample': 0.7}",0.980957951420544,0.9908319345493428,0.9894140656711422,0.9950599760444447,0.9890659819213684,0.005121227273097706,513
273,0.495246946811676,0.037187403792322334,0.017749547958374023,0.0004342933324549965,0.7,0.2,0.05,9,450,1,1.5,1.0,"{'colsample_bytree': 0.7, 'gamma': 0.2, 'learning_rate': 0.05, 'max_depth': 9, 'n_estimators': 450, 'reg_alpha': 1, 'reg_lambda': 1.5, 'subsample': 1.0}",0.9795469410187734,0.990832043980725,0.9901199274857064,0.9978828510938604,0.9895954408947664,0.006547094602611106,324
274,0.6469990611076355,0.04201782950062785,0.021751821041107178,0.0004337103092098335,0.7,0.2,0.05,9,450,1,2,0.7,"{'colsample_bytree': 0.7, 'gamma': 0.2, 'learning_rate': 0.05, 'max_depth': 9, 'n_estimators': 450, 'reg_alpha': 1, 'reg_lambda': 2, 'subsample': 0.7}",0.9788413789810437,0.9908319345493428,0.9908255235816568,0.9957657000788889,0.9890661342977329,0.006237854280984192,510
275,0.5017517805099487,0.03879528150095539,0.019000530242919922,0.0018707928450570222,0.7,0.2,0.05,9,450,1,2,1.0,"{'colsample_bytree': 0.7, 'gamma': 0.2, 'learning_rate': 0.05, 'max_depth': 9, 'n_estimators': 450, 'reg_alpha': 1, 'reg_lambda': 2, 'subsample': 1.0}",0.9795469410187734,0.9894214629415494,0.9887082636066619,0.997177133385926,0.9887134502382277,0.006248202393172464,588
276,0.9129995703697205,0.025582936983128177,0.02600198984146118,0.0017316162443723334,0.7,0.2,0.05,9,650,0.5,1,0.7,"{'colsample_bytree': 0.7, 'gamma': 0.2, 'learning_rate': 0.05, 'max_depth': 9, 'n_estimators': 650, 'reg_alpha': 0.5, 'reg_lambda': 1, 'subsample': 0.7}",0.9816634039979629,0.9922424987529213,0.9901198487546965,0.995059946520522,0.9897714245065257,0.0049984014706631625,275
277,0.6602489352226257,0.07167251024937595,0.022249698638916016,0.0027730898219916677,0.7,0.2,0.05,9,650,0.5,1,1.0,"{'colsample_bytree': 0.7, 'gamma': 0.2, 'learning_rate': 0.05, 'max_depth': 9, 'n_estimators': 650, 'reg_alpha': 0.5, 'reg_lambda': 1, 'subsample': 1.0}",0.9823684735375408,0.9922424061571363,0.9901199274857064,0.998588566692963,0.9908298434683366,0.0057942186969926444,25
278,1.0347483158111572,0.08993515851894289,0.03500092029571533,0.007176636858464178,0.7,0.2,0.05,9,650,0.5,1.5,0.7,"{'colsample_bytree': 0.7, 'gamma': 0.2, 'learning_rate': 0.05, 'max_depth': 9, 'n_estimators': 650, 'reg_alpha': 0.5, 'reg_lambda': 1.5, 'subsample': 0.7}",0.9816634039979629,0.9929476875576917,0.9901198487546965,0.9943542442775466,0.9897712961469743,0.004923217443449598,286
279,0.6694962978363037,0.08555130708172841,0.01975196599960327,0.0008274689963118156,0.7,0.2,0.05,9,650,0.5,1.5,1.0,"{'colsample_bytree': 0.7, 'gamma': 0.2, 'learning_rate': 0.05, 'max_depth': 9, 'n_estimators': 650, 'reg_alpha': 0.5, 'reg_lambda': 1.5, 'subsample': 1.0}",0.980957951420544,0.99153722506923,0.990825669796826,0.998588566692963,0.9904773532448907,0.006278046021612646,65
280,0.8467480540275574,0.04150843464675982,0.026248633861541748,0.0010924230331994548,0.7,0.2,0.05,9,650,0.5,2,0.7,"{'colsample_bytree': 0.7, 'gamma': 0.2, 'learning_rate': 0.05, 'max_depth': 9, 'n_estimators': 650, 'reg_alpha': 0.5, 'reg_lambda': 2, 'subsample': 0.7}",0.980957951420544,0.9922424061571363,0.9901198487546965,0.9943542442775466,0.9894186126524808,0.005109030970936016,403
281,0.631000816822052,0.0681426109672805,0.022000372409820557,0.0035355140107286667,0.7,0.2,0.05,9,650,0.5,2,1.0,"{'colsample_bytree': 0.7, 'gamma': 0.2, 'learning_rate': 0.05, 'max_depth': 9, 'n_estimators': 650, 'reg_alpha': 0.5, 'reg_lambda': 2, 'subsample': 1.0}",0.980957951420544,0.99153722506923,0.9915314001577777,0.9978828510938604,0.990477356935353,0.00607648649844241,62
282,0.8584989309310913,0.11231613937140676,0.02699977159500122,0.0025476651290149144,0.7,0.2,0.05,9,650,1,1,0.7,"{'colsample_bytree': 0.7, 'gamma': 0.2, 'learning_rate': 0.05, 'max_depth': 9, 'n_estimators': 650, 'reg_alpha': 1, 'reg_lambda': 1, 'subsample': 0.7}",0.9802524644629909,0.9922424061571363,0.9901198487546965,0.9943542442775466,0.9892422409130927,0.005401847971671487,471
283,0.5697498917579651,0.0301865592452812,0.019249677658081055,0.00043250651553608494,0.7,0.2,0.05,9,650,1,1,1.0,"{'colsample_bytree': 0.7, 'gamma': 0.2, 'learning_rate': 0.05, 'max_depth': 9, 'n_estimators': 650, 'reg_alpha': 1, 'reg_lambda': 1, 'subsample': 1.0}",0.9802524644629909,0.9901267625807684,0.9901199274857064,0.9978828510938604,0.9895955014058315,0.006255592803967635,315
284,0.9202484488487244,0.1496261367648393,0.023249268531799316,0.0008283065741147138,0.7,0.2,0.05,9,650,1,1.5,0.7,"{'colsample_bytree': 0.7, 'gamma': 0.2, 'learning_rate': 0.05, 'max_depth': 9, 'n_estimators': 650, 'reg_alpha': 1, 'reg_lambda': 1.5, 'subsample': 0.7}",0.9802524644629909,0.9915371072185253,0.9901198487546965,0.9950599760444447,0.9892423491201643,0.005493148676260105,456
285,0.7274953722953796,0.0849928875216643,0.018998682498931885,0.0007073127740534123,0.7,0.2,0.05,9,650,1,1.5,1.0,"{'colsample_bytree': 0.7, 'gamma': 0.2, 'learning_rate': 0.05, 'max_depth': 9, 'n_estimators': 650, 'reg_alpha': 1, 'reg_lambda': 1.5, 'subsample': 1.0}",0.9795469410187734,0.990832043980725,0.9901199274857064,0.9978828510938604,0.9895954408947664,0.006547094602611106,324
286,0.835749089717865,0.024752896779936695,0.023249924182891846,0.0004331688772353754,0.7,0.2,0.05,9,650,1,2,0.7,"{'colsample_bytree': 0.7, 'gamma': 0.2, 'learning_rate': 0.05, 'max_depth': 9, 'n_estimators': 650, 'reg_alpha': 1, 'reg_lambda': 2, 'subsample': 0.7}",0.9795469410187734,0.9908319345493428,0.9915312989325971,0.9957657000788889,0.9894189686449004,0.006004089049090419,381
287,0.5979992747306824,0.05682816546069409,0.01875019073486328,0.0008281307268979677,0.7,0.2,0.05,9,650,1,2,1.0,"{'colsample_bytree': 0.7, 'gamma': 0.2, 'learning_rate': 0.05, 'max_depth': 9, 'n_estimators': 650, 'reg_alpha': 1, 'reg_lambda': 2, 'subsample': 1.0}",0.9795469410187734,0.9894214629415494,0.9887082636066619,0.997177133385926,0.9887134502382277,0.006248202393172464,588
288,0.2484995722770691,0.018875310281140013,0.012250185012817383,0.0010909316842340137,0.7,0.2,0.1,5,150,0.5,1,0.7,"{'colsample_bytree': 0.7, 'gamma': 0.2, 'learning_rate': 0.1, 'max_depth': 5, 'n_estimators': 150, 'reg_alpha': 0.5, 'reg_lambda': 1, 'subsample': 0.7}",0.980957951420544,0.9908317886367694,0.9894140656711422,0.9943542442775466,0.9888895125015006,0.004919871623794875,572
289,0.16849857568740845,0.009069010931570415,0.01025170087814331,0.00043459885876413333,0.7,0.2,0.1,5,150,0.5,1,1.0,"{'colsample_bytree': 0.7, 'gamma': 0.2, 'learning_rate': 0.1, 'max_depth': 5, 'n_estimators': 150, 'reg_alpha': 0.5, 'reg_lambda': 1, 'subsample': 1.0}",0.9816634039979629,0.9880108005250062,0.9894142343809531,0.9964714114603177,0.9888899625910601,0.005261874734937628,538
290,0.25201547145843506,0.01972171287954634,0.011750400066375732,0.00043301620061075776,0.7,0.2,0.1,5,150,0.5,1.5,0.7,"{'colsample_bytree': 0.7, 'gamma': 0.2, 'learning_rate': 0.1, 'max_depth': 5, 'n_estimators': 150, 'reg_alpha': 0.5, 'reg_lambda': 1.5, 'subsample': 0.7}",0.9795469410187734,0.9901266250882795,0.9887082636066619,0.9950599760444447,0.9883604514395399,0.0056080731657536746,663
291,0.19849979877471924,0.01811733158483908,0.011003553867340088,0.0007085771967937965,0.7,0.2,0.1,5,150,0.5,1.5,1.0,"{'colsample_bytree': 0.7, 'gamma': 0.2, 'learning_rate': 0.1, 'max_depth': 5, 'n_estimators': 150, 'reg_alpha': 0.5, 'reg_lambda': 1.5, 'subsample': 1.0}",0.9816634039979629,0.9915373092462954,0.9872970496244795,0.9964714184897671,0.9892422953396262,0.005448643987561089,461
292,0.23652976751327515,0.013191197313501392,0.012000560760498047,2.016012015973063e-06,0.7,0.2,0.1,5,150,0.5,2,0.7,"{'colsample_bytree': 0.7, 'gamma': 0.2, 'learning_rate': 0.1, 'max_depth': 5, 'n_estimators': 150, 'reg_alpha': 0.5, 'reg_lambda': 2, 'subsample': 0.7}",0.9802524644629909,0.9901266250882795,0.988708398576796,0.9957657000788889,0.9887132970517387,0.005552467845159114,600
293,0.17703264951705933,0.008960218690788509,0.01074892282485962,0.0004333603933987505,0.7,0.2,0.1,5,150,0.5,2,1.0,"{'colsample_bytree': 0.7, 'gamma': 0.2, 'learning_rate': 0.1, 'max_depth': 5, 'n_estimators': 150, 'reg_alpha': 0.5, 'reg_lambda': 2, 'subsample': 1.0}",0.9816634039979629,0.9894214629415494,0.9880026077606279,0.997177133385926,0.9890661520215166,0.0055191953498401275,506
294,0.23827850818634033,0.018349204201844393,0.010750055313110352,0.0004334631725621487,0.7,0.2,0.1,5,150,1,1,0.7,"{'colsample_bytree': 0.7, 'gamma': 0.2, 'learning_rate': 0.1, 'max_depth': 5, 'n_estimators': 150, 'reg_alpha': 1, 'reg_lambda': 1, 'subsample': 0.7}",0.9788413789810437,0.9887159409218234,0.988708398576796,0.9957657000788889,0.988007854639638,0.006024960370197774,698
295,0.1935281753540039,0.004299950219013405,0.009752213954925537,0.0008317020582755335,0.7,0.2,0.1,5,150,1,1,1.0,"{'colsample_bytree': 0.7, 'gamma': 0.2, 'learning_rate': 0.1, 'max_depth': 5, 'n_estimators': 150, 'reg_alpha': 1, 'reg_lambda': 1, 'subsample': 1.0}",0.9816630027156343,0.9901267625807684,0.9865909628578188,0.9964714184897671,0.9887130366609971,0.005394378681417443,612
296,0.2257480025291443,0.014077866971318357,0.011500656604766846,0.0005000372979185897,0.7,0.2,0.1,5,150,1,1.5,0.7,"{'colsample_bytree': 0.7, 'gamma': 0.2, 'learning_rate': 0.1, 'max_depth': 5, 'n_estimators': 150, 'reg_alpha': 1, 'reg_lambda': 1.5, 'subsample': 0.7}",0.9788413789810437,0.9887159409218234,0.9894140656711422,0.9957657000788889,0.9881842714132245,0.006053155499304459,669
297,0.17425024509429932,0.01654133149074571,0.009998977184295654,1.954268969387412e-06,0.7,0.2,0.1,5,150,1,1.5,1.0,"{'colsample_bytree': 0.7, 'gamma': 0.2, 'learning_rate': 0.1, 'max_depth': 5, 'n_estimators': 150, 'reg_alpha': 1, 'reg_lambda': 1.5, 'subsample': 1.0}",0.9802524644629909,0.9894214629415494,0.9880026077606279,0.9957657000788889,0.9883605588110143,0.005518853089236203,658
298,0.2329995036125183,0.016292887512728726,0.011249125003814697,0.0008317023316590557,0.7,0.2,0.1,5,150,1,2,0.7,"{'colsample_bytree': 0.7, 'gamma': 0.2, 'learning_rate': 0.1, 'max_depth': 5, 'n_estimators': 150, 'reg_alpha': 1, 'reg_lambda': 2, 'subsample': 0.7}",0.9802524644629909,0.9880108005250062,0.9880026077606279,0.9957657000788889,0.9880078932068785,0.005484757944826981,697
299,0.17999708652496338,0.0018737204073917802,0.009752333164215088,0.00043336727971283226,0.7,0.2,0.1,5,150,1,2,1.0,"{'colsample_bytree': 0.7, 'gamma': 0.2, 'learning_rate': 0.1, 'max_depth': 5, 'n_estimators': 150, 'reg_alpha': 1, 'reg_lambda': 2, 'subsample': 1.0}",0.980957951420544,0.9887161429580337,0.9887082636066619,0.9964714184897671,0.9887134441187516,0.00548483972999037,591
300,0.3950003981590271,0.009134640342123485,0.01399838924407959,2.2712420085975706e-06,0.7,0.2,0.1,5,350,0.5,1,0.7,"{'colsample_bytree': 0.7, 'gamma': 0.2, 'learning_rate': 0.1, 'max_depth': 5, 'n_estimators': 350, 'reg_alpha': 0.5, 'reg_lambda': 1, 'subsample': 0.7}",0.980957951420544,0.9922424061571363,0.9894141711154042,0.9964714114603177,0.9897714850383506,0.0056745156909372655,270
301,0.2664986848831177,0.017270345164245117,0.011249542236328125,0.00043360087819209985,0.7,0.2,0.1,5,350,0.5,1,1.0,"{'colsample_bytree': 0.7, 'gamma': 0.2, 'learning_rate': 0.1, 'max_depth': 5, 'n_estimators': 350, 'reg_alpha': 0.5, 'reg_lambda': 1, 'subsample': 1.0}",0.9816634039979629,0.9880108005250062,0.9894142343809531,0.9964714114603177,0.9888899625910601,0.005261874734937628,538
302,0.444995641708374,0.034140158346321545,0.016499340534210205,0.0005008644763860101,0.7,0.2,0.1,5,350,0.5,1.5,0.7,"{'colsample_bytree': 0.7, 'gamma': 0.2, 'learning_rate': 0.1, 'max_depth': 5, 'n_estimators': 350, 'reg_alpha': 0.5, 'reg_lambda': 1.5, 'subsample': 0.7}",0.9802524644629909,0.9915371072185253,0.9901198487546965,0.9943542442775466,0.9890659161784398,0.005311800642349217,517
303,0.2564946413040161,0.00476986279267129,0.010999441146850586,0.0007074771346888548,0.7,0.2,0.1,5,350,0.5,1.5,1.0,"{'colsample_bytree': 0.7, 'gamma': 0.2, 'learning_rate': 0.1, 'max_depth': 5, 'n_estimators': 350, 'reg_alpha': 0.5, 'reg_lambda': 1.5, 'subsample': 1.0}",0.9816634039979629,0.9915373092462954,0.9872970496244795,0.9964714184897671,0.9892422953396262,0.005448643987561089,461
304,0.4342483878135681,0.023024690350798786,0.015748441219329834,0.0008281803933430137,0.7,0.2,0.1,5,350,0.5,2,0.7,"{'colsample_bytree': 0.7, 'gamma': 0.2, 'learning_rate': 0.1, 'max_depth': 5, 'n_estimators': 350, 'reg_alpha': 0.5, 'reg_lambda': 2, 'subsample': 0.7}",0.980957951420544,0.9929476875576917,0.9880027272641247,0.9957657000788889,0.9894185165803122,0.005619773313103832,427
305,0.2895001769065857,0.03771330532868194,0.01250302791595459,0.0015036267286837146,0.7,0.2,0.1,5,350,0.5,2,1.0,"{'colsample_bytree': 0.7, 'gamma': 0.2, 'learning_rate': 0.1, 'max_depth': 5, 'n_estimators': 350, 'reg_alpha': 0.5, 'reg_lambda': 2, 'subsample': 1.0}",0.9816634039979629,0.9894214629415494,0.9880026077606279,0.997177133385926,0.9890661520215166,0.0055191953498401275,506
306,0.4647493362426758,0.035631188507696344,0.013999640941619873,0.0007075613605853098,0.7,0.2,0.1,5,350,1,1,0.7,"{'colsample_bytree': 0.7, 'gamma': 0.2, 'learning_rate': 0.1, 'max_depth': 5, 'n_estimators': 350, 'reg_alpha': 1, 'reg_lambda': 1, 'subsample': 0.7}",0.9788413789810437,0.99153722506923,0.9894141711154042,0.9950599760444447,0.9887131878025307,0.006045678094397683,606
307,0.2622477412223816,0.02414946447480018,0.010750651359558105,0.000432709343354224,0.7,0.2,0.1,5,350,1,1,1.0,"{'colsample_bytree': 0.7, 'gamma': 0.2, 'learning_rate': 0.1, 'max_depth': 5, 'n_estimators': 350, 'reg_alpha': 1, 'reg_lambda': 1, 'subsample': 1.0}",0.9816630027156343,0.9901267625807684,0.9865909628578188,0.9964714184897671,0.9887130366609971,0.005394378681417443,612
308,0.39699864387512207,0.01541064130784034,0.0144997239112854,0.0004997852094555176,0.7,0.2,0.1,5,350,1,1.5,0.7,"{'colsample_bytree': 0.7, 'gamma': 0.2, 'learning_rate': 0.1, 'max_depth': 5, 'n_estimators': 350, 'reg_alpha': 1, 'reg_lambda': 1.5, 'subsample': 0.7}",0.979546371323736,0.9908319345493428,0.9901198487546965,0.9950599760444447,0.988889532668055,0.005715234861943294,569
309,0.24950015544891357,0.03064011969863608,0.010751008987426758,0.00043332952251145406,0.7,0.2,0.1,5,350,1,1.5,1.0,"{'colsample_bytree': 0.7, 'gamma': 0.2, 'learning_rate': 0.1, 'max_depth': 5, 'n_estimators': 350, 'reg_alpha': 1, 'reg_lambda': 1.5, 'subsample': 1.0}",0.9802524644629909,0.9894214629415494,0.9880026077606279,0.9957657000788889,0.9883605588110143,0.005518853089236203,658
310,0.43299931287765503,0.034920288931799555,0.015002012252807617,0.0007085738400001363,0.7,0.2,0.1,5,350,1,2,0.7,"{'colsample_bytree': 0.7, 'gamma': 0.2, 'learning_rate': 0.1, 'max_depth': 5, 'n_estimators': 350, 'reg_alpha': 1, 'reg_lambda': 2, 'subsample': 0.7}",0.9802519537156409,0.9894212945808878,0.988708398576796,0.9957657000788889,0.9885368367380534,0.005516054999630579,637
311,0.25274765491485596,0.02400292351305502,0.014753997325897217,0.00449181311504234,0.7,0.2,0.1,5,350,1,2,1.0,"{'colsample_bytree': 0.7, 'gamma': 0.2, 'learning_rate': 0.1, 'max_depth': 5, 'n_estimators': 350, 'reg_alpha': 1, 'reg_lambda': 2, 'subsample': 1.0}",0.980957951420544,0.9887161429580337,0.9887082636066619,0.9964714184897671,0.9887134441187516,0.00548483972999037,591
312,0.5027469396591187,0.04165791396187151,0.016249537467956543,0.0004342217803694289,0.7,0.2,0.1,5,450,0.5,1,0.7,"{'colsample_bytree': 0.7, 'gamma': 0.2, 'learning_rate': 0.1, 'max_depth': 5, 'n_estimators': 450, 'reg_alpha': 0.5, 'reg_lambda': 1, 'subsample': 0.7}",0.980957951420544,0.9929475893487711,0.9901199274857064,0.9957656832081598,0.9899477878657954,0.005560879123688156,218
313,0.2772507071495056,0.011077147247140482,0.011499464511871338,0.0005014578794063188,0.7,0.2,0.1,5,450,0.5,1,1.0,"{'colsample_bytree': 0.7, 'gamma': 0.2, 'learning_rate': 0.1, 'max_depth': 5, 'n_estimators': 450, 'reg_alpha': 0.5, 'reg_lambda': 1, 'subsample': 1.0}",0.9816634039979629,0.9880108005250062,0.9894142343809531,0.9964714114603177,0.9888899625910601,0.005261874734937628,538
314,0.5162496566772461,0.03401807270935938,0.01875138282775879,0.0020453924968228433,0.7,0.2,0.1,5,450,0.5,1.5,0.7,"{'colsample_bytree': 0.7, 'gamma': 0.2, 'learning_rate': 0.1, 'max_depth': 5, 'n_estimators': 450, 'reg_alpha': 0.5, 'reg_lambda': 1.5, 'subsample': 0.7}",0.9795469410187734,0.992242282692651,0.9901198487546965,0.995059946520522,0.9892422547466606,0.005865470671171175,470
315,0.2997497320175171,0.02090869389494515,0.012250542640686035,0.001090905286022348,0.7,0.2,0.1,5,450,0.5,1.5,1.0,"{'colsample_bytree': 0.7, 'gamma': 0.2, 'learning_rate': 0.1, 'max_depth': 5, 'n_estimators': 450, 'reg_alpha': 0.5, 'reg_lambda': 1.5, 'subsample': 1.0}",0.9816634039979629,0.9915373092462954,0.9872970496244795,0.9964714184897671,0.9892422953396262,0.005448643987561089,461
316,0.49975085258483887,0.017124661219943518,0.019749879837036133,0.0042062745935459705,0.7,0.2,0.1,5,450,0.5,2,0.7,"{'colsample_bytree': 0.7, 'gamma': 0.2, 'learning_rate': 0.1, 'max_depth': 5, 'n_estimators': 450, 'reg_alpha': 0.5, 'reg_lambda': 2, 'subsample': 0.7}",0.980957951420544,0.9929476875576917,0.9894141711154042,0.9957656832081598,0.98977137332545,0.005563827867678707,282
317,0.2894994616508484,0.013067051666134255,0.012001216411590576,0.0007095050376371726,0.7,0.2,0.1,5,450,0.5,2,1.0,"{'colsample_bytree': 0.7, 'gamma': 0.2, 'learning_rate': 0.1, 'max_depth': 5, 'n_estimators': 450, 'reg_alpha': 0.5, 'reg_lambda': 2, 'subsample': 1.0}",0.9816634039979629,0.9894214629415494,0.9880026077606279,0.997177133385926,0.9890661520215166,0.0055191953498401275,506
318,0.47899961471557617,0.04347343893237183,0.015000402927398682,0.0009991540719923309,0.7,0.2,0.1,5,450,1,1,0.7,"{'colsample_bytree': 0.7, 'gamma': 0.2, 'learning_rate': 0.1, 'max_depth': 5, 'n_estimators': 450, 'reg_alpha': 1, 'reg_lambda': 1, 'subsample': 0.7}",0.9788413789810437,0.99153722506923,0.9901199274857064,0.9943542442775466,0.9887131939533816,0.005899750642656082,605
319,0.274999737739563,0.009192409266709398,0.011250078678131104,0.0004334287598105163,0.7,0.2,0.1,5,450,1,1,1.0,"{'colsample_bytree': 0.7, 'gamma': 0.2, 'learning_rate': 0.1, 'max_depth': 5, 'n_estimators': 450, 'reg_alpha': 1, 'reg_lambda': 1, 'subsample': 1.0}",0.9816630027156343,0.9901267625807684,0.9865909628578188,0.9964714184897671,0.9887130366609971,0.005394378681417443,612
320,0.5234994292259216,0.05995954541602657,0.01574873924255371,0.000828989113647537,0.7,0.2,0.1,5,450,1,1.5,0.7,"{'colsample_bytree': 0.7, 'gamma': 0.2, 'learning_rate': 0.1, 'max_depth': 5, 'n_estimators': 450, 'reg_alpha': 1, 'reg_lambda': 1.5, 'subsample': 0.7}",0.979546371323736,0.9908319345493428,0.9894140656711422,0.9957657000788889,0.9888895179057775,0.005886943224345655,570
321,0.31924968957901,0.02694036615197035,0.011250078678131104,0.00043205417937747616,0.7,0.2,0.1,5,450,1,1.5,1.0,"{'colsample_bytree': 0.7, 'gamma': 0.2, 'learning_rate': 0.1, 'max_depth': 5, 'n_estimators': 450, 'reg_alpha': 1, 'reg_lambda': 1.5, 'subsample': 1.0}",0.9802524644629909,0.9894214629415494,0.9880026077606279,0.9957657000788889,0.9883605588110143,0.005518853089236203,658
322,0.4772487282752991,0.02266400090386434,0.015499114990234375,0.0008658254817468419,0.7,0.2,0.1,5,450,1,2,0.7,"{'colsample_bytree': 0.7, 'gamma': 0.2, 'learning_rate': 0.1, 'max_depth': 5, 'n_estimators': 450, 'reg_alpha': 1, 'reg_lambda': 2, 'subsample': 0.7}",0.9795469410187734,0.9901266250882795,0.988708398576796,0.9957657000788889,0.9885369161906845,0.005823047970817793,634
323,0.29749810695648193,0.04023438360979513,0.013751208782196045,0.0030324867639607454,0.7,0.2,0.1,5,450,1,2,1.0,"{'colsample_bytree': 0.7, 'gamma': 0.2, 'learning_rate': 0.1, 'max_depth': 5, 'n_estimators': 450, 'reg_alpha': 1, 'reg_lambda': 2, 'subsample': 1.0}",0.980957951420544,0.9887161429580337,0.9887082636066619,0.9964714184897671,0.9887134441187516,0.00548483972999037,591
324,0.7189989686012268,0.09226737995453832,0.020749986171722412,0.00420663941869851,0.7,0.2,0.1,5,650,0.5,1,0.7,"{'colsample_bytree': 0.7, 'gamma': 0.2, 'learning_rate': 0.1, 'max_depth': 5, 'n_estimators': 650, 'reg_alpha': 0.5, 'reg_lambda': 1, 'subsample': 0.7}",0.9802528966131908,0.9929475893487711,0.9901199274857064,0.9957656832081598,0.9897715241639571,0.0058468578747520065,269
325,0.38799595832824707,0.030955124661106594,0.012499332427978516,0.0011178466431896945,0.7,0.2,0.1,5,650,0.5,1,1.0,"{'colsample_bytree': 0.7, 'gamma': 0.2, 'learning_rate': 0.1, 'max_depth': 5, 'n_estimators': 650, 'reg_alpha': 0.5, 'reg_lambda': 1, 'subsample': 1.0}",0.9816634039979629,0.9880108005250062,0.9894142343809531,0.9964714114603177,0.9888899625910601,0.005261874734937628,538
326,0.6305014491081238,0.022852788322609122,0.019498884677886963,0.0008658602008498469,0.7,0.2,0.1,5,650,0.5,1.5,0.7,"{'colsample_bytree': 0.7, 'gamma': 0.2, 'learning_rate': 0.1, 'max_depth': 5, 'n_estimators': 650, 'reg_alpha': 0.5, 'reg_lambda': 1.5, 'subsample': 0.7}",0.980957951420544,0.992242282692651,0.9894141711154042,0.995059946520522,0.9894185879372802,0.0052768496404784525,421
327,0.4002494215965271,0.05998519834583327,0.0132521390914917,0.0010881711587125721,0.7,0.2,0.1,5,650,0.5,1.5,1.0,"{'colsample_bytree': 0.7, 'gamma': 0.2, 'learning_rate': 0.1, 'max_depth': 5, 'n_estimators': 650, 'reg_alpha': 0.5, 'reg_lambda': 1.5, 'subsample': 1.0}",0.9816634039979629,0.9915373092462954,0.9872970496244795,0.9964714184897671,0.9892422953396262,0.005448643987561089,461
328,0.7302488684654236,0.08236788730605031,0.018499791622161865,0.0005000234005462274,0.7,0.2,0.1,5,650,0.5,2,0.7,"{'colsample_bytree': 0.7, 'gamma': 0.2, 'learning_rate': 0.1, 'max_depth': 5, 'n_estimators': 650, 'reg_alpha': 0.5, 'reg_lambda': 2, 'subsample': 0.7}",0.980957951420544,0.9936528777649296,0.988708488555093,0.995059946520522,0.9895948160652721,0.005516260576644787,370
329,0.3654993772506714,0.04899650698348968,0.013250112533569336,0.0008296354383597804,0.7,0.2,0.1,5,650,0.5,2,1.0,"{'colsample_bytree': 0.7, 'gamma': 0.2, 'learning_rate': 0.1, 'max_depth': 5, 'n_estimators': 650, 'reg_alpha': 0.5, 'reg_lambda': 2, 'subsample': 1.0}",0.9816634039979629,0.9894214629415494,0.9880026077606279,0.997177133385926,0.9890661520215166,0.0055191953498401275,506
330,0.6402499675750732,0.07652288930003392,0.01674973964691162,0.0008297432843210324,0.7,0.2,0.1,5,650,1,1,0.7,"{'colsample_bytree': 0.7, 'gamma': 0.2, 'learning_rate': 0.1, 'max_depth': 5, 'n_estimators': 650, 'reg_alpha': 1, 'reg_lambda': 1, 'subsample': 0.7}",0.9788413789810437,0.99153722506923,0.9894141711154042,0.9943542442775466,0.9885367548608062,0.005865496085567658,641
331,0.39675039052963257,0.05312376823747932,0.011999011039733887,0.000707394965422519,0.7,0.2,0.1,5,650,1,1,1.0,"{'colsample_bytree': 0.7, 'gamma': 0.2, 'learning_rate': 0.1, 'max_depth': 5, 'n_estimators': 650, 'reg_alpha': 1, 'reg_lambda': 1, 'subsample': 1.0}",0.9816630027156343,0.9901267625807684,0.9865909628578188,0.9964714184897671,0.9887130366609971,0.005394378681417443,612
332,0.7522491812705994,0.05498532363620798,0.019249558448791504,0.0024884386456227167,0.7,0.2,0.1,5,650,1,1.5,0.7,"{'colsample_bytree': 0.7, 'gamma': 0.2, 'learning_rate': 0.1, 'max_depth': 5, 'n_estimators': 650, 'reg_alpha': 1, 'reg_lambda': 1.5, 'subsample': 0.7}",0.9802519537156409,0.9922424987529213,0.9901198487546965,0.9943542442775466,0.9892421363752013,0.005402073325961023,484
333,0.34299832582473755,0.011024316653572813,0.012250185012817383,0.00043401412584548994,0.7,0.2,0.1,5,650,1,1.5,1.0,"{'colsample_bytree': 0.7, 'gamma': 0.2, 'learning_rate': 0.1, 'max_depth': 5, 'n_estimators': 650, 'reg_alpha': 1, 'reg_lambda': 1.5, 'subsample': 1.0}",0.9802524644629909,0.9894214629415494,0.9880026077606279,0.9957657000788889,0.9883605588110143,0.005518853089236203,658
334,0.6405034065246582,0.05309225223654079,0.019498884677886963,0.002693396687811535,0.7,0.2,0.1,5,650,1,2,0.7,"{'colsample_bytree': 0.7, 'gamma': 0.2, 'learning_rate': 0.1, 'max_depth': 5, 'n_estimators': 650, 'reg_alpha': 1, 'reg_lambda': 2, 'subsample': 0.7}",0.9802519537156409,0.99153722506923,0.988708398576796,0.9957657000788889,0.9890658193601389,0.0056746855648580575,523
335,0.38600265979766846,0.047858191721876386,0.013998925685882568,0.0009995153817586118,0.7,0.2,0.1,5,650,1,2,1.0,"{'colsample_bytree': 0.7, 'gamma': 0.2, 'learning_rate': 0.1, 'max_depth': 5, 'n_estimators': 650, 'reg_alpha': 1, 'reg_lambda': 2, 'subsample': 1.0}",0.980957951420544,0.9887161429580337,0.9887082636066619,0.9964714184897671,0.9887134441187516,0.00548483972999037,591
336,0.29599809646606445,0.037379211337495555,0.012751102447509766,0.0004330508102251791,0.7,0.2,0.1,9,150,0.5,1,0.7,"{'colsample_bytree': 0.7, 'gamma': 0.2, 'learning_rate': 0.1, 'max_depth': 9, 'n_estimators': 150, 'reg_alpha': 0.5, 'reg_lambda': 1, 'subsample': 0.7}",0.980957951420544,0.9922424061571363,0.988708488555093,0.995059946520522,0.9892421981633237,0.00528585456655295,474
337,0.27425140142440796,0.04239392790042876,0.013251304626464844,0.00334566123045492,0.7,0.2,0.1,9,150,0.5,1,1.0,"{'colsample_bytree': 0.7, 'gamma': 0.2, 'learning_rate': 0.1, 'max_depth': 9, 'n_estimators': 150, 'reg_alpha': 0.5, 'reg_lambda': 1, 'subsample': 1.0}",0.980957951420544,0.9936529535251174,0.9901199274857064,0.998588566692963,0.9908298497810827,0.006444493187492712,21
338,0.32375049591064453,0.07090452883894806,0.016250014305114746,0.005670207701881229,0.7,0.2,0.1,9,150,0.5,1.5,0.7,"{'colsample_bytree': 0.7, 'gamma': 0.2, 'learning_rate': 0.1, 'max_depth': 9, 'n_estimators': 150, 'reg_alpha': 0.5, 'reg_lambda': 1.5, 'subsample': 0.7}",0.9802524644629909,0.9922424061571363,0.9880026077606279,0.9957657000788889,0.9890657946149111,0.0057832678645015415,529
339,0.33025163412094116,0.06677938135555306,0.016254186630249023,0.007981513678662285,0.7,0.2,0.1,9,150,0.5,1.5,1.0,"{'colsample_bytree': 0.7, 'gamma': 0.2, 'learning_rate': 0.1, 'max_depth': 9, 'n_estimators': 150, 'reg_alpha': 0.5, 'reg_lambda': 1.5, 'subsample': 1.0}",0.980957951420544,0.9915371072185253,0.9901199274857064,0.9978828510938604,0.9901244593046591,0.006045930544800874,142
340,0.41824871301651,0.08912758707927779,0.02175140380859375,0.008259417289450996,0.7,0.2,0.1,9,150,0.5,2,0.7,"{'colsample_bytree': 0.7, 'gamma': 0.2, 'learning_rate': 0.1, 'max_depth': 9, 'n_estimators': 150, 'reg_alpha': 0.5, 'reg_lambda': 2, 'subsample': 0.7}",0.9802524644629909,0.9908319345493428,0.9901198487546965,0.9957657000788889,0.9892424869614798,0.00562736441971806,454
341,0.3825008273124695,0.09406615068492223,0.01850074529647827,0.005027047085519943,0.7,0.2,0.1,9,150,0.5,2,1.0,"{'colsample_bytree': 0.7, 'gamma': 0.2, 'learning_rate': 0.1, 'max_depth': 9, 'n_estimators': 150, 'reg_alpha': 0.5, 'reg_lambda': 2, 'subsample': 1.0}",0.980957951420544,0.9908319345493428,0.988708398576796,0.9978828510938604,0.9895952839101358,0.006033306571823865,340
342,0.3829966187477112,0.09720872170245912,0.012750089168548584,0.0008302662215182988,0.7,0.2,0.1,9,150,1,1,0.7,"{'colsample_bytree': 0.7, 'gamma': 0.2, 'learning_rate': 0.1, 'max_depth': 9, 'n_estimators': 150, 'reg_alpha': 1, 'reg_lambda': 1, 'subsample': 0.7}",0.9795469410187734,0.9901267625807684,0.988708398576796,0.9943542442775466,0.9881840866134711,0.005401852056756921,677
343,0.2827509045600891,0.08081128436962276,0.010749757289886475,0.00043164162327840374,0.7,0.2,0.1,9,150,1,1,1.0,"{'colsample_bytree': 0.7, 'gamma': 0.2, 'learning_rate': 0.1, 'max_depth': 9, 'n_estimators': 150, 'reg_alpha': 1, 'reg_lambda': 1, 'subsample': 1.0}",0.9802524644629909,0.99153722506923,0.9880026077606279,0.9978828510938604,0.9894187870966773,0.006367008585840191,386
344,0.3275010585784912,0.06831695140396013,0.013498187065124512,0.0008679622805488435,0.7,0.2,0.1,9,150,1,1.5,0.7,"{'colsample_bytree': 0.7, 'gamma': 0.2, 'learning_rate': 0.1, 'max_depth': 9, 'n_estimators': 150, 'reg_alpha': 1, 'reg_lambda': 1.5, 'subsample': 0.7}",0.9788413789810437,0.9901267625807684,0.988708488555093,0.9957657000788889,0.9883605825489485,0.006096954827890554,657
345,0.34925615787506104,0.061295688212447,0.011993825435638428,0.0007147481105430439,0.7,0.2,0.1,9,150,1,1.5,1.0,"{'colsample_bytree': 0.7, 'gamma': 0.2, 'learning_rate': 0.1, 'max_depth': 9, 'n_estimators': 150, 'reg_alpha': 1, 'reg_lambda': 1.5, 'subsample': 1.0}",0.9795469410187734,0.9915373092462954,0.9901198487546965,0.997177133385926,0.9895953081014228,0.0063737796286039506,333
346,0.33200007677078247,0.06773218296464763,0.013500213623046875,0.0014992960924711926,0.7,0.2,0.1,9,150,1,2,0.7,"{'colsample_bytree': 0.7, 'gamma': 0.2, 'learning_rate': 0.1, 'max_depth': 9, 'n_estimators': 150, 'reg_alpha': 1, 'reg_lambda': 2, 'subsample': 0.7}",0.9774308042464467,0.99153722506923,0.9880026077606279,0.9957657000788889,0.9881840842887983,0.006789521641497643,682
347,0.25275421142578125,0.018459369816584213,0.011496186256408691,0.001117207920603118,0.7,0.2,0.1,9,150,1,2,1.0,"{'colsample_bytree': 0.7, 'gamma': 0.2, 'learning_rate': 0.1, 'max_depth': 9, 'n_estimators': 150, 'reg_alpha': 1, 'reg_lambda': 2, 'subsample': 1.0}",0.9802524644629909,0.990832043980725,0.9872967965574946,0.997177133385926,0.9888896095967841,0.006115419677582377,563
348,0.557999312877655,0.0709816752937589,0.019500374794006348,0.00669013808571576,0.7,0.2,0.1,9,350,0.5,1,0.7,"{'colsample_bytree': 0.7, 'gamma': 0.2, 'learning_rate': 0.1, 'max_depth': 9, 'n_estimators': 350, 'reg_alpha': 0.5, 'reg_lambda': 1, 'subsample': 0.7}",0.9816634039979629,0.9929476875576917,0.9880027272641247,0.995059946520522,0.9894184413350753,0.005158173370679982,435
349,0.3392488956451416,0.008702504122425691,0.012249469757080078,0.0010925188452004938,0.7,0.2,0.1,9,350,0.5,1,1.0,"{'colsample_bytree': 0.7, 'gamma': 0.2, 'learning_rate': 0.1, 'max_depth': 9, 'n_estimators': 350, 'reg_alpha': 0.5, 'reg_lambda': 1, 'subsample': 1.0}",0.980957951420544,0.9936529535251174,0.9901199274857064,0.998588566692963,0.9908298497810827,0.006444493187492712,21
350,0.5717451572418213,0.06711840730529609,0.017002105712890625,0.0012251434415863536,0.7,0.2,0.1,9,350,0.5,1.5,0.7,"{'colsample_bytree': 0.7, 'gamma': 0.2, 'learning_rate': 0.1, 'max_depth': 9, 'n_estimators': 350, 'reg_alpha': 0.5, 'reg_lambda': 1.5, 'subsample': 0.7}",0.980957951420544,0.992242282692651,0.988708398576796,0.995059946520522,0.9892421448026282,0.005285839318718374,481
351,0.4139977693557739,0.055131854105931175,0.012748360633850098,0.0004328545772506679,0.7,0.2,0.1,9,350,0.5,1.5,1.0,"{'colsample_bytree': 0.7, 'gamma': 0.2, 'learning_rate': 0.1, 'max_depth': 9, 'n_estimators': 350, 'reg_alpha': 0.5, 'reg_lambda': 1.5, 'subsample': 1.0}",0.980957951420544,0.9915371072185253,0.9901199274857064,0.9978828510938604,0.9901244593046591,0.006045930544800874,142
352,0.5747498273849487,0.0784401002017582,0.016248762607574463,0.0008276085395089365,0.7,0.2,0.1,9,350,0.5,2,0.7,"{'colsample_bytree': 0.7, 'gamma': 0.2, 'learning_rate': 0.1, 'max_depth': 9, 'n_estimators': 350, 'reg_alpha': 0.5, 'reg_lambda': 2, 'subsample': 0.7}",0.9802524644629909,0.9936528777649296,0.9894141711154042,0.9943542442775466,0.9894184394052178,0.0056193361000151446,437
353,0.3107486963272095,0.014463182289117235,0.012998998165130615,0.0007073093183361233,0.7,0.2,0.1,9,350,0.5,2,1.0,"{'colsample_bytree': 0.7, 'gamma': 0.2, 'learning_rate': 0.1, 'max_depth': 9, 'n_estimators': 350, 'reg_alpha': 0.5, 'reg_lambda': 2, 'subsample': 1.0}",0.980957951420544,0.9908319345493428,0.988708398576796,0.9978828510938604,0.9895952839101358,0.006033306571823865,340
354,0.42125093936920166,0.014340553944461524,0.015248775482177734,0.00043236487879280927,0.7,0.2,0.1,9,350,1,1,0.7,"{'colsample_bytree': 0.7, 'gamma': 0.2, 'learning_rate': 0.1, 'max_depth': 9, 'n_estimators': 350, 'reg_alpha': 1, 'reg_lambda': 1, 'subsample': 0.7}",0.9788413789810437,0.9922424061571363,0.9894140656711422,0.9936485026692425,0.9885365883696412,0.005801547310502214,646
355,0.30700230598449707,0.016866633289533462,0.012498795986175537,0.0004994375122219178,0.7,0.2,0.1,9,350,1,1,1.0,"{'colsample_bytree': 0.7, 'gamma': 0.2, 'learning_rate': 0.1, 'max_depth': 9, 'n_estimators': 350, 'reg_alpha': 1, 'reg_lambda': 1, 'subsample': 1.0}",0.9802524644629909,0.99153722506923,0.9880026077606279,0.9978828510938604,0.9894187870966773,0.006367008585840191,386
356,0.500251293182373,0.05164374180818816,0.016749918460845947,0.0008292948153785063,0.7,0.2,0.1,9,350,1,1.5,0.7,"{'colsample_bytree': 0.7, 'gamma': 0.2, 'learning_rate': 0.1, 'max_depth': 9, 'n_estimators': 350, 'reg_alpha': 1, 'reg_lambda': 1.5, 'subsample': 0.7}",0.9788413789810437,0.9908319345493428,0.9901199274857064,0.9950599760444447,0.9887133042651344,0.006004213825614065,599
357,0.3175022006034851,0.024520480917184756,0.015749216079711914,0.005356634764030187,0.7,0.2,0.1,9,350,1,1.5,1.0,"{'colsample_bytree': 0.7, 'gamma': 0.2, 'learning_rate': 0.1, 'max_depth': 9, 'n_estimators': 350, 'reg_alpha': 1, 'reg_lambda': 1.5, 'subsample': 1.0}",0.9795469410187734,0.9915373092462954,0.9901198487546965,0.997177133385926,0.9895953081014228,0.0063737796286039506,333
358,0.5335009694099426,0.05080596100004407,0.016998589038848877,0.0012254349026685105,0.7,0.2,0.1,9,350,1,2,0.7,"{'colsample_bytree': 0.7, 'gamma': 0.2, 'learning_rate': 0.1, 'max_depth': 9, 'n_estimators': 350, 'reg_alpha': 1, 'reg_lambda': 2, 'subsample': 0.7}",0.9788413789810437,0.9908319345493428,0.9880026077606279,0.9936485026692425,0.9878311059900642,0.005560838082499704,712
359,0.33099937438964844,0.04376133322600658,0.013999104499816895,0.002914038121721129,0.7,0.2,0.1,9,350,1,2,1.0,"{'colsample_bytree': 0.7, 'gamma': 0.2, 'learning_rate': 0.1, 'max_depth': 9, 'n_estimators': 350, 'reg_alpha': 1, 'reg_lambda': 2, 'subsample': 1.0}",0.9802524644629909,0.990832043980725,0.9872967965574946,0.997177133385926,0.9888896095967841,0.006115419677582377,563
360,0.6127491593360901,0.08491762248101672,0.019001126289367676,0.0018709177484581107,0.7,0.2,0.1,9,450,0.5,1,0.7,"{'colsample_bytree': 0.7, 'gamma': 0.2, 'learning_rate': 0.1, 'max_depth': 9, 'n_estimators': 450, 'reg_alpha': 0.5, 'reg_lambda': 1, 'subsample': 0.7}",0.9816634039979629,0.9936528777649296,0.9880027272641247,0.995059946520522,0.9895947388868848,0.005286245353734006,373
361,0.42949992418289185,0.08057679778113619,0.013750433921813965,0.0013008714746363754,0.7,0.2,0.1,9,450,0.5,1,1.0,"{'colsample_bytree': 0.7, 'gamma': 0.2, 'learning_rate': 0.1, 'max_depth': 9, 'n_estimators': 450, 'reg_alpha': 0.5, 'reg_lambda': 1, 'subsample': 1.0}",0.980957951420544,0.9936529535251174,0.9901199274857064,0.998588566692963,0.9908298497810827,0.006444493187492712,21
362,0.5472506880760193,0.02805714773941803,0.017749667167663574,0.0008296743289229135,0.7,0.2,0.1,9,450,0.5,1.5,0.7,"{'colsample_bytree': 0.7, 'gamma': 0.2, 'learning_rate': 0.1, 'max_depth': 9, 'n_estimators': 450, 'reg_alpha': 0.5, 'reg_lambda': 1.5, 'subsample': 0.7}",0.9795469410187734,0.992242282692651,0.9901198487546965,0.9943541992883982,0.9890658179386297,0.005695983330617963,524
363,0.416751503944397,0.057776399808275924,0.01749962568283081,0.005317541800362068,0.7,0.2,0.1,9,450,0.5,1.5,1.0,"{'colsample_bytree': 0.7, 'gamma': 0.2, 'learning_rate': 0.1, 'max_depth': 9, 'n_estimators': 450, 'reg_alpha': 0.5, 'reg_lambda': 1.5, 'subsample': 1.0}",0.980957951420544,0.9915371072185253,0.9901199274857064,0.9978828510938604,0.9901244593046591,0.006045930544800874,142
364,0.6109979748725891,0.06305915128469697,0.018000662326812744,0.0012245589201738652,0.7,0.2,0.1,9,450,0.5,2,0.7,"{'colsample_bytree': 0.7, 'gamma': 0.2, 'learning_rate': 0.1, 'max_depth': 9, 'n_estimators': 450, 'reg_alpha': 0.5, 'reg_lambda': 2, 'subsample': 0.7}",0.9795469410187734,0.9936528777649296,0.9894141711154042,0.9943542442775466,0.9892420585441635,0.005907933135606547,487
365,0.37475067377090454,0.026695279065608042,0.013249874114990234,0.0004331880236404534,0.7,0.2,0.1,9,450,0.5,2,1.0,"{'colsample_bytree': 0.7, 'gamma': 0.2, 'learning_rate': 0.1, 'max_depth': 9, 'n_estimators': 450, 'reg_alpha': 0.5, 'reg_lambda': 2, 'subsample': 1.0}",0.980957951420544,0.9908319345493428,0.988708398576796,0.9978828510938604,0.9895952839101358,0.006033306571823865,340
366,0.5344994068145752,0.04196657784130436,0.015999913215637207,0.0007054550834896111,0.7,0.2,0.1,9,450,1,1,0.7,"{'colsample_bytree': 0.7, 'gamma': 0.2, 'learning_rate': 0.1, 'max_depth': 9, 'n_estimators': 450, 'reg_alpha': 1, 'reg_lambda': 1, 'subsample': 0.7}",0.9788413789810437,0.9922424987529213,0.9894140656711422,0.9936485026692425,0.9885366115185874,0.005801562097328315,645
367,0.3377494812011719,0.027967221706744722,0.012501895427703857,0.0008653799553662943,0.7,0.2,0.1,9,450,1,1,1.0,"{'colsample_bytree': 0.7, 'gamma': 0.2, 'learning_rate': 0.1, 'max_depth': 9, 'n_estimators': 450, 'reg_alpha': 1, 'reg_lambda': 1, 'subsample': 1.0}",0.9802524644629909,0.99153722506923,0.9880026077606279,0.9978828510938604,0.9894187870966773,0.006367008585840191,386
368,0.5222507119178772,0.01152043367914183,0.019499599933624268,0.003775362451159936,0.7,0.2,0.1,9,450,1,1.5,0.7,"{'colsample_bytree': 0.7, 'gamma': 0.2, 'learning_rate': 0.1, 'max_depth': 9, 'n_estimators': 450, 'reg_alpha': 1, 'reg_lambda': 1.5, 'subsample': 0.7}",0.9788413789810437,0.99153722506923,0.9901199274857064,0.9950599760444447,0.9888896268951062,0.006073794333076704,562
369,0.35049790143966675,0.019239648949557462,0.012750864028930664,0.0008297143480727394,0.7,0.2,0.1,9,450,1,1.5,1.0,"{'colsample_bytree': 0.7, 'gamma': 0.2, 'learning_rate': 0.1, 'max_depth': 9, 'n_estimators': 450, 'reg_alpha': 1, 'reg_lambda': 1.5, 'subsample': 1.0}",0.9795469410187734,0.9915373092462954,0.9901198487546965,0.997177133385926,0.9895953081014228,0.0063737796286039506,333
370,0.5032533407211304,0.020475970841288497,0.016750872135162354,0.0004329542680534295,0.7,0.2,0.1,9,450,1,2,0.7,"{'colsample_bytree': 0.7, 'gamma': 0.2, 'learning_rate': 0.1, 'max_depth': 9, 'n_estimators': 450, 'reg_alpha': 1, 'reg_lambda': 2, 'subsample': 0.7}",0.9788413789810437,0.99153722506923,0.9894141711154042,0.9943542442775466,0.9885367548608062,0.005865496085567658,641
371,0.3457489013671875,0.020885853399806635,0.013248801231384277,0.00043697463911805326,0.7,0.2,0.1,9,450,1,2,1.0,"{'colsample_bytree': 0.7, 'gamma': 0.2, 'learning_rate': 0.1, 'max_depth': 9, 'n_estimators': 450, 'reg_alpha': 1, 'reg_lambda': 2, 'subsample': 1.0}",0.9802524644629909,0.990832043980725,0.9872967965574946,0.997177133385926,0.9888896095967841,0.006115419677582377,563
372,0.6897486448287964,0.014515644255317327,0.018248438835144043,0.0010913976609001079,0.7,0.2,0.1,9,650,0.5,1,0.7,"{'colsample_bytree': 0.7, 'gamma': 0.2, 'learning_rate': 0.1, 'max_depth': 9, 'n_estimators': 650, 'reg_alpha': 0.5, 'reg_lambda': 1, 'subsample': 0.7}",0.9816634039979629,0.9936528777649296,0.9880027272641247,0.9943541992883982,0.9894183020788538,0.005109721342827627,443
373,0.46874672174453735,0.044249998970455326,0.015248775482177734,0.0033445029106524446,0.7,0.2,0.1,9,650,0.5,1,1.0,"{'colsample_bytree': 0.7, 'gamma': 0.2, 'learning_rate': 0.1, 'max_depth': 9, 'n_estimators': 650, 'reg_alpha': 0.5, 'reg_lambda': 1, 'subsample': 1.0}",0.980957951420544,0.9936529535251174,0.9901199274857064,0.998588566692963,0.9908298497810827,0.006444493187492712,21
374,0.7302492260932922,0.05346765408235039,0.020249366760253906,0.0008281258019177701,0.7,0.2,0.1,9,650,0.5,1.5,0.7,"{'colsample_bytree': 0.7, 'gamma': 0.2, 'learning_rate': 0.1, 'max_depth': 9, 'n_estimators': 650, 'reg_alpha': 0.5, 'reg_lambda': 1.5, 'subsample': 0.7}",0.9802524644629909,0.9929475893487711,0.9894140656711422,0.995059946520522,0.9894185165008565,0.005663404841687934,428
375,0.5009976029396057,0.03628375483179427,0.014750778675079346,0.0010910551328251357,0.7,0.2,0.1,9,650,0.5,1.5,1.0,"{'colsample_bytree': 0.7, 'gamma': 0.2, 'learning_rate': 0.1, 'max_depth': 9, 'n_estimators': 650, 'reg_alpha': 0.5, 'reg_lambda': 1.5, 'subsample': 1.0}",0.980957951420544,0.9915371072185253,0.9901199274857064,0.9978828510938604,0.9901244593046591,0.006045930544800874,142
376,0.7062481641769409,0.06189619259202853,0.019000351428985596,0.0009992723567357343,0.7,0.2,0.1,9,650,0.5,2,0.7,"{'colsample_bytree': 0.7, 'gamma': 0.2, 'learning_rate': 0.1, 'max_depth': 9, 'n_estimators': 650, 'reg_alpha': 0.5, 'reg_lambda': 2, 'subsample': 0.7}",0.980957951420544,0.9943581500461534,0.9901198487546965,0.9943541992883982,0.989947537377448,0.005470706540248218,247
377,0.4397498369216919,0.034527916905970533,0.014750182628631592,0.00043301679133971906,0.7,0.2,0.1,9,650,0.5,2,1.0,"{'colsample_bytree': 0.7, 'gamma': 0.2, 'learning_rate': 0.1, 'max_depth': 9, 'n_estimators': 650, 'reg_alpha': 0.5, 'reg_lambda': 2, 'subsample': 1.0}",0.980957951420544,0.9908319345493428,0.988708398576796,0.9978828510938604,0.9895952839101358,0.006033306571823865,340
378,0.6630020141601562,0.06074044062323284,0.01824861764907837,0.0010894411471555332,0.7,0.2,0.1,9,650,1,1,0.7,"{'colsample_bytree': 0.7, 'gamma': 0.2, 'learning_rate': 0.1, 'max_depth': 9, 'n_estimators': 650, 'reg_alpha': 1, 'reg_lambda': 1, 'subsample': 0.7}",0.9795469410187734,0.9922424061571363,0.9894140656711422,0.9936485026692425,0.9887129788790736,0.005507359275118316,617
379,0.41774994134902954,0.027590873584912967,0.013749361038208008,0.0004327757274982705,0.7,0.2,0.1,9,650,1,1,1.0,"{'colsample_bytree': 0.7, 'gamma': 0.2, 'learning_rate': 0.1, 'max_depth': 9, 'n_estimators': 650, 'reg_alpha': 1, 'reg_lambda': 1, 'subsample': 1.0}",0.9802524644629909,0.99153722506923,0.9880026077606279,0.9978828510938604,0.9894187870966773,0.006367008585840191,386
380,0.6747505068778992,0.01706361677635558,0.017749547958374023,0.001089784736722059,0.7,0.2,0.1,9,650,1,1.5,0.7,"{'colsample_bytree': 0.7, 'gamma': 0.2, 'learning_rate': 0.1, 'max_depth': 9, 'n_estimators': 650, 'reg_alpha': 1, 'reg_lambda': 1.5, 'subsample': 0.7}",0.9788413789810437,0.9908319345493428,0.9901199274857064,0.9943542442775466,0.9885368713234098,0.005822752396255932,635
381,0.41424888372421265,0.037678076937010564,0.014501333236694336,0.0022925005725638716,0.7,0.2,0.1,9,650,1,1.5,1.0,"{'colsample_bytree': 0.7, 'gamma': 0.2, 'learning_rate': 0.1, 'max_depth': 9, 'n_estimators': 650, 'reg_alpha': 1, 'reg_lambda': 1.5, 'subsample': 1.0}",0.9795469410187734,0.9915373092462954,0.9901198487546965,0.997177133385926,0.9895953081014228,0.0063737796286039506,333
382,0.6940004825592041,0.02741441609339757,0.01824897527694702,0.0010902889230930077,0.7,0.2,0.1,9,650,1,2,0.7,"{'colsample_bytree': 0.7, 'gamma': 0.2, 'learning_rate': 0.1, 'max_depth': 9, 'n_estimators': 650, 'reg_alpha': 1, 'reg_lambda': 2, 'subsample': 0.7}",0.9795469410187734,0.9922424987529213,0.9894141711154042,0.9936485026692425,0.9887130283890854,0.005507377466229992,616
383,0.4295005798339844,0.030995420832553296,0.013249814510345459,0.0008291529679888479,0.7,0.2,0.1,9,650,1,2,1.0,"{'colsample_bytree': 0.7, 'gamma': 0.2, 'learning_rate': 0.1, 'max_depth': 9, 'n_estimators': 650, 'reg_alpha': 1, 'reg_lambda': 2, 'subsample': 1.0}",0.9802524644629909,0.990832043980725,0.9872967965574946,0.997177133385926,0.9888896095967841,0.006115419677582377,563
384,0.28699928522109985,0.022359032473362628,0.0102500319480896,0.00043404890962537955,1.0,0.1,0.05,5,150,0.5,1,0.7,"{'colsample_bytree': 1.0, 'gamma': 0.1, 'learning_rate': 0.05, 'max_depth': 5, 'n_estimators': 150, 'reg_alpha': 0.5, 'reg_lambda': 1, 'subsample': 0.7}",0.9830739113827349,0.9858953751153834,0.9872969483988956,0.9957656494662985,0.9880079710908282,0.004730093392423087,691
385,0.2454988956451416,0.012053110236502134,0.009250521659851074,0.0004329856826204758,1.0,0.1,0.05,5,150,0.5,1,1.0,"{'colsample_bytree': 1.0, 'gamma': 0.1, 'learning_rate': 0.05, 'max_depth': 5, 'n_estimators': 150, 'reg_alpha': 0.5, 'reg_lambda': 1, 'subsample': 1.0}",0.980958633294789,0.9866006796641367,0.9894141711154042,0.997177133385926,0.988537654365064,0.00584384956046194,619
386,0.29649657011032104,0.014182214039647367,0.00999915599822998,7.633118912497578e-07,1.0,0.1,0.05,5,150,0.5,1.5,0.7,"{'colsample_bytree': 1.0, 'gamma': 0.1, 'learning_rate': 0.05, 'max_depth': 5, 'n_estimators': 150, 'reg_alpha': 0.5, 'reg_lambda': 1.5, 'subsample': 0.7}",0.9823688243014796,0.9851900481181693,0.9865912834128454,0.9957656494662985,0.9874789513246982,0.005020204091817931,734
387,0.2517475485801697,0.028312315317935238,0.009499311447143555,0.0004994920443543173,1.0,0.1,0.05,5,150,0.5,1.5,1.0,"{'colsample_bytree': 1.0, 'gamma': 0.1, 'learning_rate': 0.05, 'max_depth': 5, 'n_estimators': 150, 'reg_alpha': 0.5, 'reg_lambda': 1.5, 'subsample': 1.0}",0.9802535251615367,0.9866005197259626,0.9872967965574946,0.9957656832081598,0.9874791311632884,0.0055154675878655605,732
388,0.3067481517791748,0.031084127448879614,0.010750234127044678,0.0004320530610693827,1.0,0.1,0.05,5,150,0.5,2,0.7,"{'colsample_bytree': 1.0, 'gamma': 0.1, 'learning_rate': 0.05, 'max_depth': 5, 'n_estimators': 150, 'reg_alpha': 0.5, 'reg_lambda': 2, 'subsample': 0.7}",0.9823688243014796,0.9851900481181693,0.9844740480430946,0.9943542442775466,0.9865967911850725,0.004597247735161445,758
389,0.2715003490447998,0.013684578221450652,0.009749352931976318,0.0008279640227723004,1.0,0.1,0.05,5,150,0.5,2,1.0,"{'colsample_bytree': 1.0, 'gamma': 0.1, 'learning_rate': 0.05, 'max_depth': 5, 'n_estimators': 150, 'reg_alpha': 0.5, 'reg_lambda': 2, 'subsample': 1.0}",0.9816641700336399,0.9858951786975421,0.9880026077606279,0.9943541992883982,0.987479038945052,0.004578844499213542,733
390,0.28899943828582764,0.02192121222258429,0.010500848293304443,0.0005021713749187434,1.0,0.1,0.05,5,150,1,1,0.7,"{'colsample_bytree': 1.0, 'gamma': 0.1, 'learning_rate': 0.05, 'max_depth': 5, 'n_estimators': 150, 'reg_alpha': 1, 'reg_lambda': 1, 'subsample': 0.7}",0.9823688243014796,0.9851900481181693,0.9865911498501135,0.995059946520522,0.987302492197571,0.004729894406999981,739
391,0.24574893712997437,0.014097066333913793,0.009250104427337646,0.0004332257603715504,1.0,0.1,0.05,5,150,1,1,1.0,"{'colsample_bytree': 1.0, 'gamma': 0.1, 'learning_rate': 0.05, 'max_depth': 5, 'n_estimators': 150, 'reg_alpha': 1, 'reg_lambda': 1, 'subsample': 1.0}",0.980958633294789,0.9866005197259626,0.9872969483988956,0.997177133385926,0.9880083087013933,0.00583637671662586,689
392,0.29049694538116455,0.01013573295325206,0.010749995708465576,0.0008280363127577264,1.0,0.1,0.05,5,150,1,1.5,0.7,"{'colsample_bytree': 1.0, 'gamma': 0.1, 'learning_rate': 0.05, 'max_depth': 5, 'n_estimators': 150, 'reg_alpha': 1, 'reg_lambda': 1.5, 'subsample': 0.7}",0.9823688243014796,0.9858951786975421,0.9851796919395992,0.9943542442775466,0.9869494848040419,0.004473718857098268,751
393,0.2564994692802429,0.008201182997993483,0.010001540184020996,0.0007078142592196168,1.0,0.1,0.05,5,150,1,1.5,1.0,"{'colsample_bytree': 1.0, 'gamma': 0.1, 'learning_rate': 0.05, 'max_depth': 5, 'n_estimators': 150, 'reg_alpha': 1, 'reg_lambda': 1.5, 'subsample': 1.0}",0.980958633294789,0.9858951786975421,0.9872967965574946,0.9964714114603177,0.987655505002536,0.005607934508153967,717
394,0.3177492022514343,0.010083286736786424,0.013501107692718506,0.004329159730463056,1.0,0.1,0.05,5,150,1,2,0.7,"{'colsample_bytree': 1.0, 'gamma': 0.1, 'learning_rate': 0.05, 'max_depth': 5, 'n_estimators': 150, 'reg_alpha': 1, 'reg_lambda': 2, 'subsample': 0.7}",0.9816637323068047,0.9858951786975421,0.9851796919395992,0.9943542442775466,0.9867732118053731,0.00466071565833787,756
395,0.2539994716644287,0.02603618888614282,0.009749412536621094,0.00043374607567498103,1.0,0.1,0.05,5,150,1,2,1.0,"{'colsample_bytree': 1.0, 'gamma': 0.1, 'learning_rate': 0.05, 'max_depth': 5, 'n_estimators': 150, 'reg_alpha': 1, 'reg_lambda': 2, 'subsample': 1.0}",0.980958633294789,0.9858951786975421,0.9872967965574946,0.9978828510938604,0.9880083649109216,0.0061679834372865535,688
396,0.6072481274604797,0.024508277189187428,0.02025073766708374,0.0016399952705936742,1.0,0.1,0.05,5,350,0.5,1,0.7,"{'colsample_bytree': 1.0, 'gamma': 0.1, 'learning_rate': 0.05, 'max_depth': 5, 'n_estimators': 350, 'reg_alpha': 0.5, 'reg_lambda': 1, 'subsample': 0.7}",0.9844846965672964,0.9894214629415494,0.9894141711154042,0.9964713552237141,0.9899479214619911,0.0042709501957944465,209
397,0.38649600744247437,0.02793439747776281,0.012752354145050049,0.00043460399244308343,1.0,0.1,0.05,5,350,0.5,1,1.0,"{'colsample_bytree': 1.0, 'gamma': 0.1, 'learning_rate': 0.05, 'max_depth': 5, 'n_estimators': 350, 'reg_alpha': 0.5, 'reg_lambda': 1, 'subsample': 1.0}",0.9823691049025824,0.9901266250882795,0.9901199668507408,0.9957656494662985,0.9895953365769753,0.004765728951864081,327
398,0.6044992208480835,0.042880196729162504,0.020498573780059814,0.0004996699534714631,1.0,0.1,0.05,5,350,0.5,1.5,0.7,"{'colsample_bytree': 1.0, 'gamma': 0.1, 'learning_rate': 0.05, 'max_depth': 5, 'n_estimators': 350, 'reg_alpha': 0.5, 'reg_lambda': 1.5, 'subsample': 0.7}",0.9844846965672964,0.9908317886367694,0.9880026077606279,0.9957656494662985,0.989771185607748,0.004127145191072651,300
399,0.3897479772567749,0.029514259210317497,0.013001203536987305,0.0007090790202556877,1.0,0.1,0.05,5,350,0.5,1.5,1.0,"{'colsample_bytree': 1.0, 'gamma': 0.1, 'learning_rate': 0.05, 'max_depth': 5, 'n_estimators': 350, 'reg_alpha': 0.5, 'reg_lambda': 1.5, 'subsample': 1.0}",0.9823691049025824,0.9901266250882795,0.990825669796826,0.9978828468761906,0.9903010616659697,0.0054932924298813105,94
400,0.5962488651275635,0.022709209043580612,0.02125030755996704,0.0022777388636611284,1.0,0.1,0.05,5,350,0.5,2,0.7,"{'colsample_bytree': 1.0, 'gamma': 0.1, 'learning_rate': 0.05, 'max_depth': 5, 'n_estimators': 350, 'reg_alpha': 0.5, 'reg_lambda': 2, 'subsample': 0.7}",0.9844846965672964,0.9901266250882795,0.9880026077606279,0.9957656494662985,0.9895948947206256,0.004092995670789248,364
401,0.41599851846694946,0.015984059130830553,0.013250589370727539,0.00043236349834569127,1.0,0.1,0.05,5,350,0.5,2,1.0,"{'colsample_bytree': 1.0, 'gamma': 0.1, 'learning_rate': 0.05, 'max_depth': 5, 'n_estimators': 350, 'reg_alpha': 0.5, 'reg_lambda': 2, 'subsample': 1.0}",0.9816639876499984,0.9901264483065952,0.990825669796826,0.9971771221387733,0.9899483069730481,0.005515596413936995,199
402,0.555250883102417,0.02040133553456223,0.018249690532684326,0.00043102226303386377,1.0,0.1,0.05,5,350,1,1,0.7,"{'colsample_bytree': 1.0, 'gamma': 0.1, 'learning_rate': 0.05, 'max_depth': 5, 'n_estimators': 350, 'reg_alpha': 1, 'reg_lambda': 1, 'subsample': 0.7}",0.984484418767507,0.9894212945808878,0.9880026077606279,0.9957656494662985,0.9894184926438303,0.004081550642811907,431
403,0.38574838638305664,0.020751893987986637,0.011999845504760742,0.000706887968499084,1.0,0.1,0.05,5,350,1,1,1.0,"{'colsample_bytree': 1.0, 'gamma': 0.1, 'learning_rate': 0.05, 'max_depth': 5, 'n_estimators': 350, 'reg_alpha': 1, 'reg_lambda': 1, 'subsample': 1.0}",0.980253250176559,0.9873056608277879,0.9872969483988956,0.9957656832081598,0.9876553856528506,0.005495892119649871,719
404,0.5874989032745361,0.09117117309571951,0.01974964141845703,0.0004333262758370085,1.0,0.1,0.05,5,350,1,1.5,0.7,"{'colsample_bytree': 1.0, 'gamma': 0.1, 'learning_rate': 0.05, 'max_depth': 5, 'n_estimators': 350, 'reg_alpha': 1, 'reg_lambda': 1.5, 'subsample': 0.7}",0.984484418767507,0.9901266250882795,0.9880026077606279,0.9950598973131997,0.9894183872324035,0.003830036330686521,440
405,0.3999961018562317,0.03995123587550116,0.015249907970428467,0.0028616682475997787,1.0,0.1,0.05,5,350,1,1.5,1.0,"{'colsample_bytree': 1.0, 'gamma': 0.1, 'learning_rate': 0.05, 'max_depth': 5, 'n_estimators': 350, 'reg_alpha': 1, 'reg_lambda': 1.5, 'subsample': 1.0}",0.980253250176559,0.9866005197259626,0.9880026077606279,0.997177133385926,0.9880083777622689,0.006045456581191639,685
406,0.6052491068840027,0.0689439591455857,0.019999325275421143,0.000707477704647685,1.0,0.1,0.05,5,350,1,2,0.7,"{'colsample_bytree': 1.0, 'gamma': 0.1, 'learning_rate': 0.05, 'max_depth': 5, 'n_estimators': 350, 'reg_alpha': 1, 'reg_lambda': 2, 'subsample': 0.7}",0.9837789956545375,0.9894212945808878,0.9880026077606279,0.9957656494662985,0.9892421368655879,0.004300309826992173,483
407,0.44649988412857056,0.06051765564024038,0.01500082015991211,0.002914794629473552,1.0,0.1,0.05,5,350,1,2,1.0,"{'colsample_bytree': 1.0, 'gamma': 0.1, 'learning_rate': 0.05, 'max_depth': 5, 'n_estimators': 350, 'reg_alpha': 1, 'reg_lambda': 2, 'subsample': 1.0}",0.9823691049025824,0.9866005197259626,0.9880026077606279,0.997177133385926,0.9885373414437748,0.005402091384599147,623
408,0.7492496371269226,0.08270232877385436,0.027501165866851807,0.007229636245277019,1.0,0.1,0.05,5,450,0.5,1,0.7,"{'colsample_bytree': 1.0, 'gamma': 0.1, 'learning_rate': 0.05, 'max_depth': 5, 'n_estimators': 450, 'reg_alpha': 0.5, 'reg_lambda': 1, 'subsample': 0.7}",0.9851900481181693,0.9908319345493428,0.9894141711154042,0.9957655988524983,0.9903004381588536,0.0037766395598696958,109
409,0.4262501001358032,0.03467204984015709,0.01349949836730957,0.0005008006232035586,1.0,0.1,0.05,5,450,0.5,1,1.0,"{'colsample_bytree': 1.0, 'gamma': 0.1, 'learning_rate': 0.05, 'max_depth': 5, 'n_estimators': 450, 'reg_alpha': 0.5, 'reg_lambda': 1, 'subsample': 1.0}",0.9823691049025824,0.9901266250882795,0.9901199668507408,0.9957656494662985,0.9895953365769753,0.004765728951864081,327
410,0.8005000948905945,0.1410576446728952,0.024498164653778076,0.0011170223064663168,1.0,0.1,0.05,5,450,0.5,1.5,0.7,"{'colsample_bytree': 1.0, 'gamma': 0.1, 'learning_rate': 0.05, 'max_depth': 5, 'n_estimators': 450, 'reg_alpha': 0.5, 'reg_lambda': 1.5, 'subsample': 0.7}",0.9844846965672964,0.992242282692651,0.988708398576796,0.9957655988524983,0.9903002441723104,0.0041831860388010615,130
411,0.4214990735054016,0.023974962602739985,0.014250397682189941,0.0010894272175242393,1.0,0.1,0.05,5,450,0.5,1.5,1.0,"{'colsample_bytree': 1.0, 'gamma': 0.1, 'learning_rate': 0.05, 'max_depth': 5, 'n_estimators': 450, 'reg_alpha': 0.5, 'reg_lambda': 1.5, 'subsample': 1.0}",0.9823691049025824,0.9901266250882795,0.990825669796826,0.9978828468761906,0.9903010616659697,0.0054932924298813105,94
412,0.8562483787536621,0.1108879866451373,0.02875131368637085,0.003961635417899213,1.0,0.1,0.05,5,450,0.5,2,0.7,"{'colsample_bytree': 1.0, 'gamma': 0.1, 'learning_rate': 0.05, 'max_depth': 5, 'n_estimators': 450, 'reg_alpha': 0.5, 'reg_lambda': 2, 'subsample': 0.7}",0.9844846965672964,0.992242282692651,0.9880026077606279,0.9957655988524983,0.9901237964682684,0.004260774790227847,195
413,0.4584997892379761,0.03454398927322264,0.014749646186828613,0.00043243125009152073,1.0,0.1,0.05,5,450,0.5,2,1.0,"{'colsample_bytree': 1.0, 'gamma': 0.1, 'learning_rate': 0.05, 'max_depth': 5, 'n_estimators': 450, 'reg_alpha': 0.5, 'reg_lambda': 2, 'subsample': 1.0}",0.9816639876499984,0.9901264483065952,0.990825669796826,0.9971771221387733,0.9899483069730481,0.005515596413936995,199
414,0.7562494874000549,0.1081140642170796,0.022250235080718994,0.0017852694717311098,1.0,0.1,0.05,5,450,1,1,0.7,"{'colsample_bytree': 1.0, 'gamma': 0.1, 'learning_rate': 0.05, 'max_depth': 5, 'n_estimators': 450, 'reg_alpha': 1, 'reg_lambda': 1, 'subsample': 0.7}",0.9851900481181693,0.9887161429580337,0.9880026077606279,0.9957656494662985,0.9894186120757823,0.003894360276802882,406
415,0.40724891424179077,0.02286237078283317,0.012500464916229248,0.0005006195037247638,1.0,0.1,0.05,5,450,1,1,1.0,"{'colsample_bytree': 1.0, 'gamma': 0.1, 'learning_rate': 0.05, 'max_depth': 5, 'n_estimators': 450, 'reg_alpha': 1, 'reg_lambda': 1, 'subsample': 1.0}",0.980253250176559,0.9873056608277879,0.9872969483988956,0.9957656832081598,0.9876553856528506,0.005495892119649871,719
416,0.7244983911514282,0.08667936442790412,0.025250673294067383,0.00349042282883632,1.0,0.1,0.05,5,450,1,1.5,0.7,"{'colsample_bytree': 1.0, 'gamma': 0.1, 'learning_rate': 0.05, 'max_depth': 5, 'n_estimators': 450, 'reg_alpha': 1, 'reg_lambda': 1.5, 'subsample': 0.7}",0.984484418767507,0.9908319345493428,0.988708398576796,0.9943541992883982,0.989594737795511,0.003573656645810409,374
417,0.4075004458427429,0.019981984126400423,0.01275014877319336,0.00043278127683686943,1.0,0.1,0.05,5,450,1,1.5,1.0,"{'colsample_bytree': 1.0, 'gamma': 0.1, 'learning_rate': 0.05, 'max_depth': 5, 'n_estimators': 450, 'reg_alpha': 1, 'reg_lambda': 1.5, 'subsample': 1.0}",0.980253250176559,0.9866005197259626,0.9880026077606279,0.997177133385926,0.9880083777622689,0.006045456581191639,685
418,0.7197495102882385,0.09749225590110343,0.026000022888183594,0.004583284459774797,1.0,0.1,0.05,5,450,1,2,0.7,"{'colsample_bytree': 1.0, 'gamma': 0.1, 'learning_rate': 0.05, 'max_depth': 5, 'n_estimators': 450, 'reg_alpha': 1, 'reg_lambda': 2, 'subsample': 0.7}",0.984484418767507,0.9901266250882795,0.988708398576796,0.995059946520522,0.9895948472382761,0.0037766509049303744,369
419,0.47549939155578613,0.057795040619549425,0.013750314712524414,0.0008290609371503656,1.0,0.1,0.05,5,450,1,2,1.0,"{'colsample_bytree': 1.0, 'gamma': 0.1, 'learning_rate': 0.05, 'max_depth': 5, 'n_estimators': 450, 'reg_alpha': 1, 'reg_lambda': 2, 'subsample': 1.0}",0.9823691049025824,0.9866005197259626,0.9880026077606279,0.997177133385926,0.9885373414437748,0.005402091384599147,623
420,0.9505001902580261,0.10993213048797155,0.031999170780181885,0.005339402750477761,1.0,0.1,0.05,5,650,0.5,1,0.7,"{'colsample_bytree': 1.0, 'gamma': 0.1, 'learning_rate': 0.05, 'max_depth': 5, 'n_estimators': 650, 'reg_alpha': 0.5, 'reg_lambda': 1, 'subsample': 0.7}",0.9851900481181693,0.992242282692651,0.9901199274857064,0.9957656494662985,0.9908294769407063,0.0038297662189972774,35
421,0.5272496938705444,0.04875092742191296,0.01950007677078247,0.006799247756927232,1.0,0.1,0.05,5,650,0.5,1,1.0,"{'colsample_bytree': 1.0, 'gamma': 0.1, 'learning_rate': 0.05, 'max_depth': 5, 'n_estimators': 650, 'reg_alpha': 0.5, 'reg_lambda': 1, 'subsample': 1.0}",0.9823691049025824,0.9901266250882795,0.9901199668507408,0.9957656494662985,0.9895953365769753,0.004765728951864081,327
422,0.9074991941452026,0.0810551216000889,0.02949923276901245,0.0016594683916460822,1.0,0.1,0.05,5,650,0.5,1.5,0.7,"{'colsample_bytree': 1.0, 'gamma': 0.1, 'learning_rate': 0.05, 'max_depth': 5, 'n_estimators': 650, 'reg_alpha': 0.5, 'reg_lambda': 1.5, 'subsample': 0.7}",0.9851900481181693,0.9929475893487711,0.988708398576796,0.9964713552237141,0.9908293478168626,0.004260848552139884,38
423,0.5382494926452637,0.06254362962976728,0.01624959707260132,0.0027724063288634805,1.0,0.1,0.05,5,650,0.5,1.5,1.0,"{'colsample_bytree': 1.0, 'gamma': 0.1, 'learning_rate': 0.05, 'max_depth': 5, 'n_estimators': 650, 'reg_alpha': 0.5, 'reg_lambda': 1.5, 'subsample': 1.0}",0.9823691049025824,0.9901266250882795,0.990825669796826,0.9978828468761906,0.9903010616659697,0.0054932924298813105,94
424,1.0627508759498596,0.139111231897048,0.03024810552597046,0.0021651204896698784,1.0,0.1,0.05,5,650,0.5,2,0.7,"{'colsample_bytree': 1.0, 'gamma': 0.1, 'learning_rate': 0.05, 'max_depth': 5, 'n_estimators': 650, 'reg_alpha': 0.5, 'reg_lambda': 2, 'subsample': 0.7}",0.9851900481181693,0.9929475893487711,0.9880026077606279,0.9964713552237141,0.9906529001128206,0.004358520965724109,58
425,0.6449999213218689,0.09874446702677739,0.019500792026519775,0.00287202261054578,1.0,0.1,0.05,5,650,0.5,2,1.0,"{'colsample_bytree': 1.0, 'gamma': 0.1, 'learning_rate': 0.05, 'max_depth': 5, 'n_estimators': 650, 'reg_alpha': 0.5, 'reg_lambda': 2, 'subsample': 1.0}",0.9816639876499984,0.9901264483065952,0.990825669796826,0.9971771221387733,0.9899483069730481,0.005515596413936995,199
426,0.925250232219696,0.060763495698076146,0.026499569416046143,0.001118353007440994,1.0,0.1,0.05,5,650,1,1,0.7,"{'colsample_bytree': 1.0, 'gamma': 0.1, 'learning_rate': 0.05, 'max_depth': 5, 'n_estimators': 650, 'reg_alpha': 1, 'reg_lambda': 1, 'subsample': 0.7}",0.9844846965672964,0.9908317886367694,0.9880026077606279,0.9957656494662985,0.989771185607748,0.004127145191072651,300
427,0.49799829721450806,0.04979411112140559,0.01399904489517212,0.0007086583967735359,1.0,0.1,0.05,5,650,1,1,1.0,"{'colsample_bytree': 1.0, 'gamma': 0.1, 'learning_rate': 0.05, 'max_depth': 5, 'n_estimators': 650, 'reg_alpha': 1, 'reg_lambda': 1, 'subsample': 1.0}",0.980253250176559,0.9873056608277879,0.9872969483988956,0.9957656832081598,0.9876553856528506,0.005495892119649871,719
428,0.8652500510215759,0.07697768207057701,0.026749849319458008,0.0008301391702652871,1.0,0.1,0.05,5,650,1,1.5,0.7,"{'colsample_bytree': 1.0, 'gamma': 0.1, 'learning_rate': 0.05, 'max_depth': 5, 'n_estimators': 650, 'reg_alpha': 1, 'reg_lambda': 1.5, 'subsample': 0.7}",0.9844846965672964,0.9908319345493428,0.988708398576796,0.9943541992883982,0.9895948072454583,0.0035735573332241265,371
429,0.5734990835189819,0.0516256472482627,0.015500128269195557,0.0016586056089951152,1.0,0.1,0.05,5,650,1,1.5,1.0,"{'colsample_bytree': 1.0, 'gamma': 0.1, 'learning_rate': 0.05, 'max_depth': 5, 'n_estimators': 650, 'reg_alpha': 1, 'reg_lambda': 1.5, 'subsample': 1.0}",0.980253250176559,0.9866005197259626,0.9880026077606279,0.997177133385926,0.9880083777622689,0.006045456581191639,685
430,1.0102525353431702,0.060254570556337754,0.02899909019470215,0.001870343660166432,1.0,0.1,0.05,5,650,1,2,0.7,"{'colsample_bytree': 1.0, 'gamma': 0.1, 'learning_rate': 0.05, 'max_depth': 5, 'n_estimators': 650, 'reg_alpha': 1, 'reg_lambda': 2, 'subsample': 0.7}",0.985189812413243,0.9901266250882795,0.9880026077606279,0.9957656494662985,0.9897711736821122,0.003878684768187318,303
431,0.5140008926391602,0.03721500170685129,0.015499711036682129,0.0004996100293359992,1.0,0.1,0.05,5,650,1,2,1.0,"{'colsample_bytree': 1.0, 'gamma': 0.1, 'learning_rate': 0.05, 'max_depth': 5, 'n_estimators': 650, 'reg_alpha': 1, 'reg_lambda': 2, 'subsample': 1.0}",0.9823691049025824,0.9866005197259626,0.9880026077606279,0.997177133385926,0.9885373414437748,0.005402091384599147,623
432,0.4282512068748474,0.03389835004489193,0.012999355792999268,0.0007073937374815655,1.0,0.1,0.05,9,150,0.5,1,0.7,"{'colsample_bytree': 1.0, 'gamma': 0.1, 'learning_rate': 0.05, 'max_depth': 9, 'n_estimators': 150, 'reg_alpha': 0.5, 'reg_lambda': 1, 'subsample': 0.7}",0.9844846965672964,0.989421589208529,0.9880026077606279,0.9950598973131997,0.9892421977124132,0.003809468806415934,475
433,0.3830009698867798,0.025698194994141107,0.011749565601348877,0.0004339111496786032,1.0,0.1,0.05,9,150,0.5,1,1.0,"{'colsample_bytree': 1.0, 'gamma': 0.1, 'learning_rate': 0.05, 'max_depth': 9, 'n_estimators': 150, 'reg_alpha': 0.5, 'reg_lambda': 1, 'subsample': 1.0}",0.9830742144370506,0.9880108005250062,0.9880027272641247,0.9964714114603177,0.9888897884216248,0.004818231155996019,547
434,0.44799959659576416,0.0352204813157392,0.013003706932067871,0.0007081564909682063,1.0,0.1,0.05,9,150,0.5,1.5,0.7,"{'colsample_bytree': 1.0, 'gamma': 0.1, 'learning_rate': 0.05, 'max_depth': 9, 'n_estimators': 150, 'reg_alpha': 0.5, 'reg_lambda': 1.5, 'subsample': 0.7}",0.9837793183573613,0.9894214629415494,0.9880026077606279,0.9943541992883982,0.9888893970869842,0.003776455252828275,575
435,0.4620019197463989,0.04880388777461007,0.01274716854095459,0.0004343596708152545,1.0,0.1,0.05,9,150,0.5,1.5,1.0,"{'colsample_bytree': 1.0, 'gamma': 0.1, 'learning_rate': 0.05, 'max_depth': 9, 'n_estimators': 150, 'reg_alpha': 0.5, 'reg_lambda': 1.5, 'subsample': 1.0}",0.9837795765103758,0.9880108005250062,0.988708398576796,0.9964714114603177,0.9892425467681238,0.004579930181586271,448
436,0.42725038528442383,0.04530448880880572,0.015249490737915039,0.0039612338039602965,1.0,0.1,0.05,9,150,0.5,2,0.7,"{'colsample_bytree': 1.0, 'gamma': 0.1, 'learning_rate': 0.05, 'max_depth': 9, 'n_estimators': 150, 'reg_alpha': 0.5, 'reg_lambda': 2, 'subsample': 0.7}",0.9830742144370506,0.9887163000923067,0.9880026077606279,0.995059946520522,0.9887132672026268,0.004259821020244675,602
437,0.4607506990432739,0.02916623211640962,0.012502849102020264,0.0004996680479554825,1.0,0.1,0.05,9,150,0.5,2,1.0,"{'colsample_bytree': 1.0, 'gamma': 0.1, 'learning_rate': 0.05, 'max_depth': 9, 'n_estimators': 150, 'reg_alpha': 0.5, 'reg_lambda': 2, 'subsample': 1.0}",0.9837795765103758,0.9887159409218234,0.9880027272641247,0.9971771221387733,0.9894188417087744,0.004860341470643159,384
438,0.4285010099411011,0.0580026741922834,0.0127488374710083,0.00043367974175963594,1.0,0.1,0.05,9,150,1,1,0.7,"{'colsample_bytree': 1.0, 'gamma': 0.1, 'learning_rate': 0.05, 'max_depth': 9, 'n_estimators': 150, 'reg_alpha': 1, 'reg_lambda': 1, 'subsample': 0.7}",0.9830742144370506,0.9880111344363328,0.9880026077606279,0.9943541992883982,0.9883605389806024,0.004003729179115201,662
439,0.43325042724609375,0.046079887481373136,0.011748015880584717,0.00043288083679193405,1.0,0.1,0.05,9,150,1,1,1.0,"{'colsample_bytree': 1.0, 'gamma': 0.1, 'learning_rate': 0.05, 'max_depth': 9, 'n_estimators': 150, 'reg_alpha': 1, 'reg_lambda': 1, 'subsample': 1.0}",0.9837797701197444,0.9887161429580337,0.9880027272641247,0.9971771221387733,0.989418940620169,0.0048602780072803855,382
440,0.4342491030693054,0.05053369590353871,0.013249635696411133,0.0004334676967935956,1.0,0.1,0.05,9,150,1,1.5,0.7,"{'colsample_bytree': 1.0, 'gamma': 0.1, 'learning_rate': 0.05, 'max_depth': 9, 'n_estimators': 150, 'reg_alpha': 1, 'reg_lambda': 1.5, 'subsample': 0.7}",0.9830739113827349,0.9873059638694429,0.9872967965574946,0.9943541992883982,0.9880077177745176,0.0040502512464575795,703
441,0.4304996132850647,0.05289017759844115,0.011500954627990723,0.0005003214450515304,1.0,0.1,0.05,9,150,1,1.5,1.0,"{'colsample_bytree': 1.0, 'gamma': 0.1, 'learning_rate': 0.05, 'max_depth': 9, 'n_estimators': 150, 'reg_alpha': 1, 'reg_lambda': 1.5, 'subsample': 1.0}",0.9837795765103758,0.9887161429580337,0.9880027272641247,0.9971771221387733,0.9894188922178269,0.004860334166824498,383
442,0.44724929332733154,0.032418554897691104,0.014001250267028809,0.0017295174805608375,1.0,0.1,0.05,9,150,1,2,0.7,"{'colsample_bytree': 1.0, 'gamma': 0.1, 'learning_rate': 0.05, 'max_depth': 9, 'n_estimators': 150, 'reg_alpha': 1, 'reg_lambda': 2, 'subsample': 0.7}",0.9823688243014796,0.9880111344363328,0.9872967965574946,0.995059946520522,0.9881841754539573,0.004525260249038147,675
443,0.47125107049942017,0.06726507188751409,0.01349794864654541,0.0015016796665171764,1.0,0.1,0.05,9,150,1,2,1.0,"{'colsample_bytree': 1.0, 'gamma': 0.1, 'learning_rate': 0.05, 'max_depth': 9, 'n_estimators': 150, 'reg_alpha': 1, 'reg_lambda': 2, 'subsample': 1.0}",0.9823688243014796,0.9887159409218234,0.9865911498501135,0.9964714114603177,0.9885368316334335,0.005119072894952876,639
444,0.6514989733695984,0.015076755480944672,0.0212518572807312,0.00043102536221377934,1.0,0.1,0.05,9,350,0.5,1,0.7,"{'colsample_bytree': 1.0, 'gamma': 0.1, 'learning_rate': 0.05, 'max_depth': 9, 'n_estimators': 350, 'reg_alpha': 0.5, 'reg_lambda': 1, 'subsample': 0.7}",0.9844846965672964,0.9915371072185253,0.988708398576796,0.9957655988524983,0.990123950303779,0.004111878530828658,183
445,0.5849990248680115,0.06935725547427096,0.013748884201049805,0.0008294916790401728,1.0,0.1,0.05,9,350,0.5,1,1.0,"{'colsample_bytree': 1.0, 'gamma': 0.1, 'learning_rate': 0.05, 'max_depth': 9, 'n_estimators': 350, 'reg_alpha': 0.5, 'reg_lambda': 1, 'subsample': 1.0}",0.9830742144370506,0.9894214629415494,0.9901199668507408,0.9964714114603177,0.9897717639224146,0.004743058145793734,258
446,0.7279986143112183,0.029858783663319174,0.021501004695892334,0.0005006215759377708,1.0,0.1,0.05,9,350,0.5,1.5,0.7,"{'colsample_bytree': 1.0, 'gamma': 0.1, 'learning_rate': 0.05, 'max_depth': 9, 'n_estimators': 350, 'reg_alpha': 0.5, 'reg_lambda': 1.5, 'subsample': 0.7}",0.9851900481181693,0.9915371072185253,0.9894140656711422,0.9957655988524983,0.9904767049650838,0.0038136201429052304,90
447,0.6412512063980103,0.03337222793758806,0.014748215675354004,0.0008284491667992909,1.0,0.1,0.05,9,350,0.5,1.5,1.0,"{'colsample_bytree': 1.0, 'gamma': 0.1, 'learning_rate': 0.05, 'max_depth': 9, 'n_estimators': 350, 'reg_alpha': 0.5, 'reg_lambda': 1.5, 'subsample': 1.0}",0.9851900481181693,0.9894214629415494,0.988708398576796,0.997177133385926,0.9901242607556102,0.004375730143866935,154
448,0.7724971175193787,0.07542071127797353,0.0287514328956604,0.007016150248354606,1.0,0.1,0.05,9,350,0.5,2,0.7,"{'colsample_bytree': 1.0, 'gamma': 0.1, 'learning_rate': 0.05, 'max_depth': 9, 'n_estimators': 350, 'reg_alpha': 0.5, 'reg_lambda': 2, 'subsample': 0.7}",0.9851900481181693,0.9915371072185253,0.9880026077606279,0.9957655988524983,0.9901238404874552,0.003958178107642124,193
449,0.5672495365142822,0.03658135155266936,0.015251517295837402,0.00043201842908851374,1.0,0.1,0.05,9,350,0.5,2,1.0,"{'colsample_bytree': 1.0, 'gamma': 0.1, 'learning_rate': 0.05, 'max_depth': 9, 'n_estimators': 350, 'reg_alpha': 0.5, 'reg_lambda': 2, 'subsample': 1.0}",0.9858953751153834,0.9908317886367694,0.9880027272641247,0.9964714114603177,0.9903003256191487,0.003970116514027203,115
450,0.6357477903366089,0.024571666025100337,0.019750118255615234,0.0014789762183290518,1.0,0.1,0.05,9,350,1,1,0.7,"{'colsample_bytree': 1.0, 'gamma': 0.1, 'learning_rate': 0.05, 'max_depth': 9, 'n_estimators': 350, 'reg_alpha': 1, 'reg_lambda': 1, 'subsample': 0.7}",0.9844846965672964,0.9915371072185253,0.988708398576796,0.9943541992883982,0.989771100412754,0.0036468814126380147,307
451,0.5409995913505554,0.06738699644377545,0.016000449657440186,0.004743437486679276,1.0,0.1,0.05,9,350,1,1,1.0,"{'colsample_bytree': 1.0, 'gamma': 0.1, 'learning_rate': 0.05, 'max_depth': 9, 'n_estimators': 350, 'reg_alpha': 1, 'reg_lambda': 1, 'subsample': 1.0}",0.9844849126269217,0.9887161429580337,0.9880027272641247,0.9971771221387733,0.9895952262469634,0.004661257637393713,344
452,0.8388904929161072,0.045198970891322125,0.0221329927444458,0.0015118556416088447,1.0,0.1,0.05,9,350,1,1.5,0.7,"{'colsample_bytree': 1.0, 'gamma': 0.1, 'learning_rate': 0.05, 'max_depth': 9, 'n_estimators': 350, 'reg_alpha': 1, 'reg_lambda': 1.5, 'subsample': 0.7}",0.9851900481181693,0.9901267625807684,0.9887082636066619,0.995059946520522,0.9897712552065303,0.0035430936635823026,291
453,0.5526308417320251,0.08659839345008191,0.014631152153015137,0.0013833448505839862,1.0,0.1,0.05,9,350,1,1.5,1.0,"{'colsample_bytree': 1.0, 'gamma': 0.1, 'learning_rate': 0.05, 'max_depth': 9, 'n_estimators': 350, 'reg_alpha': 1, 'reg_lambda': 1.5, 'subsample': 1.0}",0.985189812413243,0.9894212945808878,0.9880027272641247,0.9978828468761906,0.9901241702836115,0.004731265813699072,162
454,0.6802690625190735,0.042375992281828846,0.020750463008880615,0.0008316333165540691,1.0,0.1,0.05,9,350,1,2,0.7,"{'colsample_bytree': 1.0, 'gamma': 0.1, 'learning_rate': 0.05, 'max_depth': 9, 'n_estimators': 350, 'reg_alpha': 1, 'reg_lambda': 2, 'subsample': 0.7}",0.9844846965672964,0.9915371072185253,0.988708398576796,0.9943541992883982,0.989771100412754,0.0036468814126380147,307
455,0.5667738914489746,0.060676168687674364,0.01475071907043457,0.00043057989438573474,1.0,0.1,0.05,9,350,1,2,1.0,"{'colsample_bytree': 1.0, 'gamma': 0.1, 'learning_rate': 0.05, 'max_depth': 9, 'n_estimators': 350, 'reg_alpha': 1, 'reg_lambda': 2, 'subsample': 1.0}",0.9837789956545375,0.9901264483065952,0.9865911498501135,0.9964714114603177,0.9892420013178911,0.004741256739127828,490
456,0.8450206518173218,0.0371791186746221,0.024250805377960205,0.0008286837235736538,1.0,0.1,0.05,9,450,0.5,1,0.7,"{'colsample_bytree': 1.0, 'gamma': 0.1, 'learning_rate': 0.05, 'max_depth': 9, 'n_estimators': 450, 'reg_alpha': 0.5, 'reg_lambda': 1, 'subsample': 0.7}",0.9844846965672964,0.9915371072185253,0.9901198487546965,0.9957655988524983,0.9904768128482541,0.00403510726124242,84
457,0.5532620549201965,0.06164455827372885,0.014500975608825684,0.0008676836058175022,1.0,0.1,0.05,9,450,0.5,1,1.0,"{'colsample_bytree': 1.0, 'gamma': 0.1, 'learning_rate': 0.05, 'max_depth': 9, 'n_estimators': 450, 'reg_alpha': 0.5, 'reg_lambda': 1, 'subsample': 1.0}",0.9830742144370506,0.9894214629415494,0.9901199668507408,0.9964714114603177,0.9897717639224146,0.004743058145793734,258
458,0.8082504868507385,0.0364508055131149,0.023251891136169434,0.0008262929024072192,1.0,0.1,0.05,9,450,0.5,1.5,0.7,"{'colsample_bytree': 1.0, 'gamma': 0.1, 'learning_rate': 0.05, 'max_depth': 9, 'n_estimators': 450, 'reg_alpha': 0.5, 'reg_lambda': 1.5, 'subsample': 0.7}",0.9844846965672964,0.9915371072185253,0.9894140656711422,0.9957655988524983,0.9903003670773656,0.004062198856439615,112
459,0.6092489361763,0.04092254513423242,0.014499902725219727,0.0005000838932169774,1.0,0.1,0.05,9,450,0.5,1.5,1.0,"{'colsample_bytree': 1.0, 'gamma': 0.1, 'learning_rate': 0.05, 'max_depth': 9, 'n_estimators': 450, 'reg_alpha': 0.5, 'reg_lambda': 1.5, 'subsample': 1.0}",0.9851900481181693,0.9894214629415494,0.988708398576796,0.997177133385926,0.9901242607556102,0.004375730143866935,154
460,0.8387453556060791,0.05286506470535171,0.023752570152282715,0.0008313998141324585,1.0,0.1,0.05,9,450,0.5,2,0.7,"{'colsample_bytree': 1.0, 'gamma': 0.1, 'learning_rate': 0.05, 'max_depth': 9, 'n_estimators': 450, 'reg_alpha': 0.5, 'reg_lambda': 2, 'subsample': 0.7}",0.9851900481181693,0.9915371072185253,0.9894140656711422,0.9950598973131997,0.9903002795802591,0.0035736376515864594,126
461,0.6122490763664246,0.02351891226672622,0.015251100063323975,0.00043432384036130953,1.0,0.1,0.05,9,450,0.5,2,1.0,"{'colsample_bytree': 1.0, 'gamma': 0.1, 'learning_rate': 0.05, 'max_depth': 9, 'n_estimators': 450, 'reg_alpha': 0.5, 'reg_lambda': 2, 'subsample': 1.0}",0.9858953751153834,0.9908317886367694,0.9880027272641247,0.9964714114603177,0.9903003256191487,0.003970116514027203,115
462,0.7977493405342102,0.038232072554680974,0.023502469062805176,0.0004987992609325225,1.0,0.1,0.05,9,450,1,1,0.7,"{'colsample_bytree': 1.0, 'gamma': 0.1, 'learning_rate': 0.05, 'max_depth': 9, 'n_estimators': 450, 'reg_alpha': 1, 'reg_lambda': 1, 'subsample': 0.7}",0.9851900481181693,0.9915371072185253,0.988708398576796,0.9943541992883982,0.9899474383004722,0.0033953854883227007,250
463,0.5359988808631897,0.04066366508912102,0.014000535011291504,5.462855929083633e-07,1.0,0.1,0.05,9,450,1,1,1.0,"{'colsample_bytree': 1.0, 'gamma': 0.1, 'learning_rate': 0.05, 'max_depth': 9, 'n_estimators': 450, 'reg_alpha': 1, 'reg_lambda': 1, 'subsample': 1.0}",0.9844849126269217,0.9887161429580337,0.9880027272641247,0.9971771221387733,0.9895952262469634,0.004661257637393713,344
464,0.7827678918838501,0.026176256809331912,0.022498726844787598,0.0004991327403632737,1.0,0.1,0.05,9,450,1,1.5,0.7,"{'colsample_bytree': 1.0, 'gamma': 0.1, 'learning_rate': 0.05, 'max_depth': 9, 'n_estimators': 450, 'reg_alpha': 1, 'reg_lambda': 1.5, 'subsample': 0.7}",0.9851900481181693,0.9908319345493428,0.9894140656711422,0.995059946520522,0.9901239987147941,0.0035253591059320015,177
465,0.5670084953308105,0.03189343136276961,0.013750791549682617,0.0004312815485976431,1.0,0.1,0.05,9,450,1,1.5,1.0,"{'colsample_bytree': 1.0, 'gamma': 0.1, 'learning_rate': 0.05, 'max_depth': 9, 'n_estimators': 450, 'reg_alpha': 1, 'reg_lambda': 1.5, 'subsample': 1.0}",0.985189812413243,0.9894212945808878,0.9880027272641247,0.9978828468761906,0.9901241702836115,0.004731265813699072,162
466,0.8160147666931152,0.09564242656307186,0.025751829147338867,0.0026824582460958733,1.0,0.1,0.05,9,450,1,2,0.7,"{'colsample_bytree': 1.0, 'gamma': 0.1, 'learning_rate': 0.05, 'max_depth': 9, 'n_estimators': 450, 'reg_alpha': 1, 'reg_lambda': 2, 'subsample': 0.7}",0.9844846965672964,0.9908319345493428,0.9894140656711422,0.9943541992883982,0.9897712240190449,0.0035427285999690816,296
467,0.5805178880691528,0.05970248091598574,0.01600039005279541,1.2215317208718774e-06,1.0,0.1,0.05,9,450,1,2,1.0,"{'colsample_bytree': 1.0, 'gamma': 0.1, 'learning_rate': 0.05, 'max_depth': 9, 'n_estimators': 450, 'reg_alpha': 1, 'reg_lambda': 2, 'subsample': 1.0}",0.9837789956545375,0.9901264483065952,0.9865911498501135,0.9964714114603177,0.9892420013178911,0.004741256739127828,490
468,0.947766900062561,0.05659820044674242,0.027249157428741455,0.0014792464960746165,1.0,0.1,0.05,9,650,0.5,1,0.7,"{'colsample_bytree': 1.0, 'gamma': 0.1, 'learning_rate': 0.05, 'max_depth': 9, 'n_estimators': 650, 'reg_alpha': 0.5, 'reg_lambda': 1, 'subsample': 0.7}",0.9851900481181693,0.9915371072185253,0.9894141711154042,0.9957655988524983,0.9904767313261492,0.0038136127978400185,88
469,0.6807506680488586,0.004864996221029364,0.014500319957733154,0.0008653777713013059,1.0,0.1,0.05,9,650,0.5,1,1.0,"{'colsample_bytree': 1.0, 'gamma': 0.1, 'learning_rate': 0.05, 'max_depth': 9, 'n_estimators': 650, 'reg_alpha': 0.5, 'reg_lambda': 1, 'subsample': 1.0}",0.9830742144370506,0.9894214629415494,0.9901199668507408,0.9964714114603177,0.9897717639224146,0.004743058145793734,258
470,1.2634980082511902,0.07754687792767467,0.03250080347061157,0.005591390988024122,1.0,0.1,0.05,9,650,0.5,1.5,0.7,"{'colsample_bytree': 1.0, 'gamma': 0.1, 'learning_rate': 0.05, 'max_depth': 9, 'n_estimators': 650, 'reg_alpha': 0.5, 'reg_lambda': 1.5, 'subsample': 0.7}",0.9851900481181693,0.9922424061571363,0.9901198487546965,0.9950598973131997,0.9906530500858005,0.0036081522059414504,56
471,0.692499577999115,0.08379798467152409,0.016999244689941406,1.0925711858167266e-06,1.0,0.1,0.05,9,650,0.5,1.5,1.0,"{'colsample_bytree': 1.0, 'gamma': 0.1, 'learning_rate': 0.05, 'max_depth': 9, 'n_estimators': 650, 'reg_alpha': 0.5, 'reg_lambda': 1.5, 'subsample': 1.0}",0.9851900481181693,0.9894214629415494,0.988708398576796,0.997177133385926,0.9901242607556102,0.004375730143866935,154
472,1.18874853849411,0.12032796139784699,0.03274935483932495,0.004321850474420934,1.0,0.1,0.05,9,650,0.5,2,0.7,"{'colsample_bytree': 1.0, 'gamma': 0.1, 'learning_rate': 0.05, 'max_depth': 9, 'n_estimators': 650, 'reg_alpha': 0.5, 'reg_lambda': 2, 'subsample': 0.7}",0.9851900481181693,0.9915371072185253,0.9894141711154042,0.9950598973131997,0.9903003059413246,0.003573631114683677,121
473,0.6792487502098083,0.03497567971695318,0.01675015687942505,0.0008277127608321364,1.0,0.1,0.05,9,650,0.5,2,1.0,"{'colsample_bytree': 1.0, 'gamma': 0.1, 'learning_rate': 0.05, 'max_depth': 9, 'n_estimators': 650, 'reg_alpha': 0.5, 'reg_lambda': 2, 'subsample': 1.0}",0.9858953751153834,0.9908317886367694,0.9880027272641247,0.9964714114603177,0.9903003256191487,0.003970116514027203,115
474,1.0259977579116821,0.12560605168214717,0.02849966287612915,0.004387728148674518,1.0,0.1,0.05,9,650,1,1,0.7,"{'colsample_bytree': 1.0, 'gamma': 0.1, 'learning_rate': 0.05, 'max_depth': 9, 'n_estimators': 650, 'reg_alpha': 1, 'reg_lambda': 1, 'subsample': 0.7}",0.9844846965672964,0.9915371072185253,0.9894140656711422,0.9950598973131997,0.9901239416925409,0.0038296770177553463,186
475,0.6237476468086243,0.06789375800103363,0.014751732349395752,0.0004336355640346841,1.0,0.1,0.05,9,650,1,1,1.0,"{'colsample_bytree': 1.0, 'gamma': 0.1, 'learning_rate': 0.05, 'max_depth': 9, 'n_estimators': 650, 'reg_alpha': 1, 'reg_lambda': 1, 'subsample': 1.0}",0.9844849126269217,0.9887161429580337,0.9880027272641247,0.9971771221387733,0.9895952262469634,0.004661257637393713,344
476,0.906250536441803,0.03377525707004161,0.025751173496246338,0.0004322705175510898,1.0,0.1,0.05,9,650,1,1.5,0.7,"{'colsample_bytree': 1.0, 'gamma': 0.1, 'learning_rate': 0.05, 'max_depth': 9, 'n_estimators': 650, 'reg_alpha': 1, 'reg_lambda': 1.5, 'subsample': 0.7}",0.9851900481181693,0.9915371072185253,0.9887082636066619,0.995059946520522,0.9901238413659695,0.0036300354912688062,192
477,0.7144991755485535,0.05949635116516105,0.01700115203857422,0.0029163073924800037,1.0,0.1,0.05,9,650,1,1.5,1.0,"{'colsample_bytree': 1.0, 'gamma': 0.1, 'learning_rate': 0.05, 'max_depth': 9, 'n_estimators': 650, 'reg_alpha': 1, 'reg_lambda': 1.5, 'subsample': 1.0}",0.985189812413243,0.9894212945808878,0.9880027272641247,0.9978828468761906,0.9901241702836115,0.004731265813699072,162
478,1.0265066027641296,0.08282384783339788,0.027743041515350342,0.0008350154793978687,1.0,0.1,0.05,9,650,1,2,0.7,"{'colsample_bytree': 1.0, 'gamma': 0.1, 'learning_rate': 0.05, 'max_depth': 9, 'n_estimators': 650, 'reg_alpha': 1, 'reg_lambda': 2, 'subsample': 0.7}",0.9851900481181693,0.9915371072185253,0.988708398576796,0.9943541992883982,0.9899474383004722,0.0033953854883227007,250
479,0.7032478451728821,0.07739820065326014,0.01825129985809326,0.0025875614000888483,1.0,0.1,0.05,9,650,1,2,1.0,"{'colsample_bytree': 1.0, 'gamma': 0.1, 'learning_rate': 0.05, 'max_depth': 9, 'n_estimators': 650, 'reg_alpha': 1, 'reg_lambda': 2, 'subsample': 1.0}",0.9837789956545375,0.9901264483065952,0.9865911498501135,0.9964714114603177,0.9892420013178911,0.004741256739127828,490
480,0.29575008153915405,0.033832843679469524,0.01150059700012207,0.0005002044517676372,1.0,0.1,0.1,5,150,0.5,1,0.7,"{'colsample_bytree': 1.0, 'gamma': 0.1, 'learning_rate': 0.1, 'max_depth': 5, 'n_estimators': 150, 'reg_alpha': 0.5, 'reg_lambda': 1, 'subsample': 0.7}",0.9851900481181693,0.9901267625807684,0.988708398576796,0.9950598284213017,0.9897712594242588,0.0035430394699637003,289
481,0.1897495985031128,0.008318725523524195,0.00875002145767212,0.0004322599317001871,1.0,0.1,0.1,5,150,0.5,1,1.0,"{'colsample_bytree': 1.0, 'gamma': 0.1, 'learning_rate': 0.1, 'max_depth': 5, 'n_estimators': 150, 'reg_alpha': 0.5, 'reg_lambda': 1, 'subsample': 1.0}",0.9823691049025824,0.9908317886367694,0.9901199668507408,0.9971770996441991,0.9901244900085728,0.005253227403776448,138
482,0.2852495312690735,0.0469553203028043,0.012750208377838135,0.001784151234365461,1.0,0.1,0.1,5,150,0.5,1.5,0.7,"{'colsample_bytree': 1.0, 'gamma': 0.1, 'learning_rate': 0.1, 'max_depth': 5, 'n_estimators': 150, 'reg_alpha': 0.5, 'reg_lambda': 1.5, 'subsample': 0.7}",0.9858951786975421,0.989421589208529,0.9880026077606279,0.9957656494662985,0.9897712562832494,0.0036812739555459454,290
483,0.2105022668838501,0.02913308704111909,0.009497344493865967,0.0004995469901343682,1.0,0.1,0.1,5,150,0.5,1.5,1.0,"{'colsample_bytree': 1.0, 'gamma': 0.1, 'learning_rate': 0.1, 'max_depth': 5, 'n_estimators': 150, 'reg_alpha': 0.5, 'reg_lambda': 1.5, 'subsample': 1.0}",0.9823688243014796,0.9908319345493428,0.9894141711154042,0.9978828342230808,0.9901244410473269,0.005507887213116269,146
484,0.26400119066238403,0.014441396855906312,0.011249899864196777,0.00043257371925234383,1.0,0.1,0.1,5,150,0.5,2,0.7,"{'colsample_bytree': 1.0, 'gamma': 0.1, 'learning_rate': 0.1, 'max_depth': 5, 'n_estimators': 150, 'reg_alpha': 0.5, 'reg_lambda': 2, 'subsample': 0.7}",0.9858951786975421,0.9901267625807684,0.988708398576796,0.9957656494662985,0.9901239973303513,0.003595659651924442,178
485,0.21199804544448853,0.017673350329999567,0.010248184204101562,0.00043305560128724916,1.0,0.1,0.1,5,150,0.5,2,1.0,"{'colsample_bytree': 1.0, 'gamma': 0.1, 'learning_rate': 0.1, 'max_depth': 5, 'n_estimators': 150, 'reg_alpha': 0.5, 'reg_lambda': 2, 'subsample': 1.0}",0.9816634039979629,0.9908317886367694,0.9901199668507408,0.9971770996441991,0.9899480647824181,0.005516000986180511,205
486,0.277998685836792,0.025406441201043607,0.010999500751495361,1.3099468336007542e-06,1.0,0.1,0.1,5,150,1,1,0.7,"{'colsample_bytree': 1.0, 'gamma': 0.1, 'learning_rate': 0.1, 'max_depth': 5, 'n_estimators': 150, 'reg_alpha': 1, 'reg_lambda': 1, 'subsample': 0.7}",0.9837795765103758,0.9887164123283938,0.988708398576796,0.9957656494662985,0.9892425092204661,0.004270744799835933,453
487,0.2182515263557434,0.0070138682534740164,0.009001553058624268,1.0167790716428744e-06,1.0,0.1,0.1,5,150,1,1,1.0,"{'colsample_bytree': 1.0, 'gamma': 0.1, 'learning_rate': 0.1, 'max_depth': 5, 'n_estimators': 150, 'reg_alpha': 1, 'reg_lambda': 1, 'subsample': 1.0}",0.9830744501384601,0.9866005197259626,0.9872969483988956,0.995059946520522,0.98800796619596,0.004374827398345832,692
488,0.2724982500076294,0.02049699727338761,0.01100093126296997,0.0007090825349873295,1.0,0.1,0.1,5,150,1,1.5,0.7,"{'colsample_bytree': 1.0, 'gamma': 0.1, 'learning_rate': 0.1, 'max_depth': 5, 'n_estimators': 150, 'reg_alpha': 1, 'reg_lambda': 1.5, 'subsample': 0.7}",0.984484418767507,0.9887164123283938,0.9880026077606279,0.995059946520522,0.9890658463442626,0.0038135054733560107,522
489,0.21249836683273315,0.0062257968861931965,0.009750902652740479,0.0008271373537166066,1.0,0.1,0.1,5,150,1,1.5,1.0,"{'colsample_bytree': 1.0, 'gamma': 0.1, 'learning_rate': 0.1, 'max_depth': 5, 'n_estimators': 150, 'reg_alpha': 1, 'reg_lambda': 1.5, 'subsample': 1.0}",0.9830742144370506,0.9866005197259626,0.9880026077606279,0.9971771221387733,0.9887136160156036,0.005205873959506115,584
490,0.2772443890571594,0.02083395201211483,0.011750996112823486,0.0004328092974473125,1.0,0.1,0.1,5,150,1,2,0.7,"{'colsample_bytree': 1.0, 'gamma': 0.1, 'learning_rate': 0.1, 'max_depth': 5, 'n_estimators': 150, 'reg_alpha': 1, 'reg_lambda': 2, 'subsample': 0.7}",0.9837793183573613,0.9887164123283938,0.988708398576796,0.9943542442775466,0.9888895933850245,0.0037429982458052633,567
491,0.1992475986480713,0.011924362993340626,0.009499192237854004,0.0004998449206834187,1.0,0.1,0.1,5,150,1,2,1.0,"{'colsample_bytree': 1.0, 'gamma': 0.1, 'learning_rate': 0.1, 'max_depth': 5, 'n_estimators': 150, 'reg_alpha': 1, 'reg_lambda': 2, 'subsample': 1.0}",0.9802528966131908,0.9866005197259626,0.9880026077606279,0.998588566692963,0.9883611476981861,0.006587340068180994,647
492,0.4989994168281555,0.05056287517587149,0.017750918865203857,0.0017863046641567164,1.0,0.1,0.1,5,350,0.5,1,0.7,"{'colsample_bytree': 1.0, 'gamma': 0.1, 'learning_rate': 0.1, 'max_depth': 5, 'n_estimators': 350, 'reg_alpha': 0.5, 'reg_lambda': 1, 'subsample': 0.7}",0.9858951786975421,0.9922424061571363,0.9901198487546965,0.9957656494662985,0.9910057707689183,0.0035738187360463505,11
493,0.27849823236465454,0.00819986649854271,0.009998321533203125,0.0007074774159020796,1.0,0.1,0.1,5,350,0.5,1,1.0,"{'colsample_bytree': 1.0, 'gamma': 0.1, 'learning_rate': 0.1, 'max_depth': 5, 'n_estimators': 350, 'reg_alpha': 0.5, 'reg_lambda': 1, 'subsample': 1.0}",0.9823691049025824,0.9908317886367694,0.9901199668507408,0.9971770996441991,0.9901244900085728,0.005253227403776448,138
494,0.47600048780441284,0.02348342905117244,0.01749873161315918,0.0005010384166603578,1.0,0.1,0.1,5,350,0.5,1.5,0.7,"{'colsample_bytree': 1.0, 'gamma': 0.1, 'learning_rate': 0.1, 'max_depth': 5, 'n_estimators': 350, 'reg_alpha': 0.5, 'reg_lambda': 1.5, 'subsample': 0.7}",0.9851900481181693,0.992242282692651,0.988708398576796,0.9950598284213017,0.9903001394522295,0.0037105670693838994,134
495,0.2879992723464966,0.020892851222245917,0.015751183032989502,0.006571867068265925,1.0,0.1,0.1,5,350,0.5,1.5,1.0,"{'colsample_bytree': 1.0, 'gamma': 0.1, 'learning_rate': 0.1, 'max_depth': 5, 'n_estimators': 350, 'reg_alpha': 0.5, 'reg_lambda': 1.5, 'subsample': 1.0}",0.9823688243014796,0.9908319345493428,0.9894141711154042,0.9978828342230808,0.9901244410473269,0.005507887213116269,146
496,0.5867483615875244,0.08037066863946539,0.017999708652496338,0.0007073084343127095,1.0,0.1,0.1,5,350,0.5,2,0.7,"{'colsample_bytree': 1.0, 'gamma': 0.1, 'learning_rate': 0.1, 'max_depth': 5, 'n_estimators': 350, 'reg_alpha': 0.5, 'reg_lambda': 2, 'subsample': 0.7}",0.9858951786975421,0.9929475893487711,0.9901199274857064,0.9957655988524983,0.9911820735961295,0.0036470934206979428,9
497,0.3712496757507324,0.02919226955032681,0.011249780654907227,0.0004338768461527908,1.0,0.1,0.1,5,350,0.5,2,1.0,"{'colsample_bytree': 1.0, 'gamma': 0.1, 'learning_rate': 0.1, 'max_depth': 5, 'n_estimators': 350, 'reg_alpha': 0.5, 'reg_lambda': 2, 'subsample': 1.0}",0.9816634039979629,0.9908317886367694,0.9901199668507408,0.9971770996441991,0.9899480647824181,0.005516000986180511,205
498,0.483249306678772,0.07504488531661374,0.015749454498291016,0.0008290605086276313,1.0,0.1,0.1,5,350,1,1,0.7,"{'colsample_bytree': 1.0, 'gamma': 0.1, 'learning_rate': 0.1, 'max_depth': 5, 'n_estimators': 350, 'reg_alpha': 1, 'reg_lambda': 1, 'subsample': 0.7}",0.985189812413243,0.9901267625807684,0.9894141711154042,0.9964713552237141,0.9903005253332824,0.004031573681002706,107
499,0.2677465081214905,0.0517548342024193,0.00950014591217041,0.0008668585851998248,1.0,0.1,0.1,5,350,1,1,1.0,"{'colsample_bytree': 1.0, 'gamma': 0.1, 'learning_rate': 0.1, 'max_depth': 5, 'n_estimators': 350, 'reg_alpha': 1, 'reg_lambda': 1, 'subsample': 1.0}",0.9830744501384601,0.9866005197259626,0.9872969483988956,0.995059946520522,0.98800796619596,0.004374827398345832,692
500,0.5102499127388,0.04831751886736132,0.01674962043762207,0.00043305054769969824,1.0,0.1,0.1,5,350,1,1.5,0.7,"{'colsample_bytree': 1.0, 'gamma': 0.1, 'learning_rate': 0.1, 'max_depth': 5, 'n_estimators': 350, 'reg_alpha': 1, 'reg_lambda': 1.5, 'subsample': 0.7}",0.985189812413243,0.9908319345493428,0.9880026077606279,0.9943541992883982,0.989594638502903,0.0033956359913077305,376
501,0.2570003271102905,0.030057658726431107,0.009500265121459961,0.0011182195209163174,1.0,0.1,0.1,5,350,1,1.5,1.0,"{'colsample_bytree': 1.0, 'gamma': 0.1, 'learning_rate': 0.1, 'max_depth': 5, 'n_estimators': 350, 'reg_alpha': 1, 'reg_lambda': 1.5, 'subsample': 1.0}",0.9830742144370506,0.9866005197259626,0.9880026077606279,0.9971771221387733,0.9887136160156036,0.005205873959506115,584
502,0.47574949264526367,0.013443037318828371,0.017000913619995117,1.052827938357335e-06,1.0,0.1,0.1,5,350,1,2,0.7,"{'colsample_bytree': 1.0, 'gamma': 0.1, 'learning_rate': 0.1, 'max_depth': 5, 'n_estimators': 350, 'reg_alpha': 1, 'reg_lambda': 2, 'subsample': 0.7}",0.985189812413243,0.9908319345493428,0.988708398576796,0.995059946520522,0.9899475230149759,0.0035738738577808546,249
503,0.2747511863708496,0.021334844343033156,0.010250270366668701,0.0004297839399263843,1.0,0.1,0.1,5,350,1,2,1.0,"{'colsample_bytree': 1.0, 'gamma': 0.1, 'learning_rate': 0.1, 'max_depth': 5, 'n_estimators': 350, 'reg_alpha': 1, 'reg_lambda': 2, 'subsample': 1.0}",0.9802528966131908,0.9866005197259626,0.9880026077606279,0.998588566692963,0.9883611476981861,0.006587340068180994,647
504,0.5737494230270386,0.03999667444656882,0.01950174570083618,0.0014980441656055573,1.0,0.1,0.1,5,450,0.5,1,0.7,"{'colsample_bytree': 1.0, 'gamma': 0.1, 'learning_rate': 0.1, 'max_depth': 5, 'n_estimators': 450, 'reg_alpha': 0.5, 'reg_lambda': 1, 'subsample': 0.7}",0.9858951786975421,0.9922424061571363,0.9901199274857064,0.9950598973131997,0.9908293524133961,0.0033445322923468875,37
505,0.3087487816810608,0.017077957692077247,0.010748863220214844,0.0004330517946943148,1.0,0.1,0.1,5,450,0.5,1,1.0,"{'colsample_bytree': 1.0, 'gamma': 0.1, 'learning_rate': 0.1, 'max_depth': 5, 'n_estimators': 450, 'reg_alpha': 0.5, 'reg_lambda': 1, 'subsample': 1.0}",0.9823691049025824,0.9908317886367694,0.9901199668507408,0.9971770996441991,0.9901244900085728,0.005253227403776448,138
506,0.5677483081817627,0.018872675817519557,0.019000649452209473,0.0007075618852867172,1.0,0.1,0.1,5,450,0.5,1.5,0.7,"{'colsample_bytree': 1.0, 'gamma': 0.1, 'learning_rate': 0.1, 'max_depth': 5, 'n_estimators': 450, 'reg_alpha': 0.5, 'reg_lambda': 1.5, 'subsample': 0.7}",0.9851900481181693,0.9929475893487711,0.9901199274857064,0.9957655988524983,0.9910057909512863,0.003906212073528361,10
507,0.31824928522109985,0.010894450078151615,0.011251211166381836,0.0004323631696671564,1.0,0.1,0.1,5,450,0.5,1.5,1.0,"{'colsample_bytree': 1.0, 'gamma': 0.1, 'learning_rate': 0.1, 'max_depth': 5, 'n_estimators': 450, 'reg_alpha': 0.5, 'reg_lambda': 1.5, 'subsample': 1.0}",0.9823688243014796,0.9908319345493428,0.9894141711154042,0.9978828342230808,0.9901244410473269,0.005507887213116269,146
508,0.612248420715332,0.02332824009230305,0.02100074291229248,0.0007071408743437689,1.0,0.1,0.1,5,450,0.5,2,0.7,"{'colsample_bytree': 1.0, 'gamma': 0.1, 'learning_rate': 0.1, 'max_depth': 5, 'n_estimators': 450, 'reg_alpha': 0.5, 'reg_lambda': 2, 'subsample': 0.7}",0.9858951786975421,0.9929475893487711,0.9901199274857064,0.9950598284213017,0.9910056309883304,0.0034317966289605824,14
509,0.310998797416687,0.020868489499016693,0.01075071096420288,0.0008303361375234105,1.0,0.1,0.1,5,450,0.5,2,1.0,"{'colsample_bytree': 1.0, 'gamma': 0.1, 'learning_rate': 0.1, 'max_depth': 5, 'n_estimators': 450, 'reg_alpha': 0.5, 'reg_lambda': 2, 'subsample': 1.0}",0.9816634039979629,0.9908317886367694,0.9901199668507408,0.9971770996441991,0.9899480647824181,0.005516000986180511,205
510,0.5524991154670715,0.030760180731353105,0.01950150728225708,0.0011159019083298218,1.0,0.1,0.1,5,450,1,1,0.7,"{'colsample_bytree': 1.0, 'gamma': 0.1, 'learning_rate': 0.1, 'max_depth': 5, 'n_estimators': 450, 'reg_alpha': 1, 'reg_lambda': 1, 'subsample': 0.7}",0.985189812413243,0.9915371072185253,0.9901199274857064,0.9964713552237141,0.9908295505852972,0.004019975359379884,30
511,0.28000181913375854,0.014645098933842523,0.01024860143661499,0.00043253902218173726,1.0,0.1,0.1,5,450,1,1,1.0,"{'colsample_bytree': 1.0, 'gamma': 0.1, 'learning_rate': 0.1, 'max_depth': 5, 'n_estimators': 450, 'reg_alpha': 1, 'reg_lambda': 1, 'subsample': 1.0}",0.9830744501384601,0.9866005197259626,0.9872969483988956,0.995059946520522,0.98800796619596,0.004374827398345832,692
512,0.5822513699531555,0.027948953994227782,0.019248902797698975,0.0014799919127688986,1.0,0.1,0.1,5,450,1,1.5,0.7,"{'colsample_bytree': 1.0, 'gamma': 0.1, 'learning_rate': 0.1, 'max_depth': 5, 'n_estimators': 450, 'reg_alpha': 1, 'reg_lambda': 1.5, 'subsample': 0.7}",0.985189812413243,0.9908319345493428,0.9901199274857064,0.9943541992883982,0.9901239684341726,0.0032688675817632838,181
513,0.315249502658844,0.014497983098053316,0.010250389575958252,0.00043329165542825045,1.0,0.1,0.1,5,450,1,1.5,1.0,"{'colsample_bytree': 1.0, 'gamma': 0.1, 'learning_rate': 0.1, 'max_depth': 5, 'n_estimators': 450, 'reg_alpha': 1, 'reg_lambda': 1.5, 'subsample': 1.0}",0.9830742144370506,0.9866005197259626,0.9880026077606279,0.9971771221387733,0.9887136160156036,0.005205873959506115,584
514,0.5629991292953491,0.023822951400059893,0.01875019073486328,0.0004330509743035238,1.0,0.1,0.1,5,450,1,2,0.7,"{'colsample_bytree': 1.0, 'gamma': 0.1, 'learning_rate': 0.1, 'max_depth': 5, 'n_estimators': 450, 'reg_alpha': 1, 'reg_lambda': 2, 'subsample': 0.7}",0.985189812413243,0.9908319345493428,0.9901199274857064,0.9943541992883982,0.9901239684341726,0.0032688675817632838,181
515,0.3317502737045288,0.021243299856617513,0.013500094413757324,0.0016589480529275542,1.0,0.1,0.1,5,450,1,2,1.0,"{'colsample_bytree': 1.0, 'gamma': 0.1, 'learning_rate': 0.1, 'max_depth': 5, 'n_estimators': 450, 'reg_alpha': 1, 'reg_lambda': 2, 'subsample': 1.0}",0.9802528966131908,0.9866005197259626,0.9880026077606279,0.998588566692963,0.9883611476981861,0.006587340068180994,647
516,0.7352486252784729,0.04477216526780726,0.02274930477142334,0.0010907400433233785,1.0,0.1,0.1,5,650,0.5,1,0.7,"{'colsample_bytree': 1.0, 'gamma': 0.1, 'learning_rate': 0.1, 'max_depth': 5, 'n_estimators': 650, 'reg_alpha': 0.5, 'reg_lambda': 1, 'subsample': 0.7}",0.9858951786975421,0.9929476875576917,0.9908256149666836,0.9943541992883982,0.9910056701275789,0.0032067749280688534,13
517,0.3907480239868164,0.04078355957891541,0.01200038194656372,0.001224023435337833,1.0,0.1,0.1,5,650,0.5,1,1.0,"{'colsample_bytree': 1.0, 'gamma': 0.1, 'learning_rate': 0.1, 'max_depth': 5, 'n_estimators': 650, 'reg_alpha': 0.5, 'reg_lambda': 1, 'subsample': 1.0}",0.9823691049025824,0.9908317886367694,0.9901199668507408,0.9971770996441991,0.9901244900085728,0.005253227403776448,138
518,0.7599989175796509,0.02609652927916292,0.02275073528289795,0.0019215132684747463,1.0,0.1,0.1,5,650,0.5,1.5,0.7,"{'colsample_bytree': 1.0, 'gamma': 0.1, 'learning_rate': 0.1, 'max_depth': 5, 'n_estimators': 650, 'reg_alpha': 0.5, 'reg_lambda': 1.5, 'subsample': 0.7}",0.9851900481181693,0.9936528777649296,0.9894140656711422,0.9950598973131997,0.9908292222168602,0.0038624666661721597,39
519,0.4649989604949951,0.0068205196216850495,0.011749863624572754,0.00043380751846813705,1.0,0.1,0.1,5,650,0.5,1.5,1.0,"{'colsample_bytree': 1.0, 'gamma': 0.1, 'learning_rate': 0.1, 'max_depth': 5, 'n_estimators': 650, 'reg_alpha': 0.5, 'reg_lambda': 1.5, 'subsample': 1.0}",0.9823688243014796,0.9908319345493428,0.9894141711154042,0.9978828342230808,0.9901244410473269,0.005507887213116269,146
520,0.7880002856254578,0.05584121982178605,0.02374851703643799,0.0010900935010833904,1.0,0.1,0.1,5,650,0.5,2,0.7,"{'colsample_bytree': 1.0, 'gamma': 0.1, 'learning_rate': 0.1, 'max_depth': 5, 'n_estimators': 650, 'reg_alpha': 0.5, 'reg_lambda': 2, 'subsample': 0.7}",0.9851900481181693,0.9929475893487711,0.9901199274857064,0.9950598973131997,0.9908293655664616,0.0036976166149676514,36
521,0.39774930477142334,0.023413025999544198,0.012250125408172607,0.0004332227425381087,1.0,0.1,0.1,5,650,0.5,2,1.0,"{'colsample_bytree': 1.0, 'gamma': 0.1, 'learning_rate': 0.1, 'max_depth': 5, 'n_estimators': 650, 'reg_alpha': 0.5, 'reg_lambda': 2, 'subsample': 1.0}",0.9816634039979629,0.9908317886367694,0.9901199668507408,0.9971770996441991,0.9899480647824181,0.005516000986180511,205
522,0.7129982113838196,0.05907139846657911,0.02075052261352539,0.0019199766609845719,1.0,0.1,0.1,5,650,1,1,0.7,"{'colsample_bytree': 1.0, 'gamma': 0.1, 'learning_rate': 0.1, 'max_depth': 5, 'n_estimators': 650, 'reg_alpha': 1, 'reg_lambda': 1, 'subsample': 0.7}",0.985189812413243,0.9929475893487711,0.9901199274857064,0.9964713552237141,0.9911821711178587,0.004127011461533126,8
523,0.39074820280075073,0.02562571410295819,0.011500358581542969,0.0004987728356389649,1.0,0.1,0.1,5,650,1,1,1.0,"{'colsample_bytree': 1.0, 'gamma': 0.1, 'learning_rate': 0.1, 'max_depth': 5, 'n_estimators': 650, 'reg_alpha': 1, 'reg_lambda': 1, 'subsample': 1.0}",0.9830744501384601,0.9866005197259626,0.9872969483988956,0.995059946520522,0.98800796619596,0.004374827398345832,692
524,0.7864999771118164,0.061202184634389596,0.023998618125915527,0.0018715857738142547,1.0,0.1,0.1,5,650,1,1.5,0.7,"{'colsample_bytree': 1.0, 'gamma': 0.1, 'learning_rate': 0.1, 'max_depth': 5, 'n_estimators': 650, 'reg_alpha': 1, 'reg_lambda': 1.5, 'subsample': 0.7}",0.9844846965672964,0.9922424061571363,0.9901199274857064,0.9943541992883982,0.9903003073746344,0.0036762635003570816,120
525,0.40275007486343384,0.01091782594513222,0.012499451637268066,0.0011182196670636664,1.0,0.1,0.1,5,650,1,1.5,1.0,"{'colsample_bytree': 1.0, 'gamma': 0.1, 'learning_rate': 0.1, 'max_depth': 5, 'n_estimators': 650, 'reg_alpha': 1, 'reg_lambda': 1.5, 'subsample': 1.0}",0.9830742144370506,0.9866005197259626,0.9880026077606279,0.9971771221387733,0.9887136160156036,0.005205873959506115,584
526,0.7452518343925476,0.052135735003302555,0.022999048233032227,0.0014129325788278626,1.0,0.1,0.1,5,650,1,2,0.7,"{'colsample_bytree': 1.0, 'gamma': 0.1, 'learning_rate': 0.1, 'max_depth': 5, 'n_estimators': 650, 'reg_alpha': 1, 'reg_lambda': 2, 'subsample': 0.7}",0.985189812413243,0.9915371072185253,0.9901199274857064,0.9936485026692425,0.9901238374466793,0.0031130858764869995,194
527,0.39024877548217773,0.013935568604946292,0.012250125408172607,0.0008308057486175889,1.0,0.1,0.1,5,650,1,2,1.0,"{'colsample_bytree': 1.0, 'gamma': 0.1, 'learning_rate': 0.1, 'max_depth': 5, 'n_estimators': 650, 'reg_alpha': 1, 'reg_lambda': 2, 'subsample': 1.0}",0.9802528966131908,0.9866005197259626,0.9880026077606279,0.998588566692963,0.9883611476981861,0.006587340068180994,647
528,0.32500159740448,0.03668707214362068,0.012751996517181396,0.0008323497763719818,1.0,0.1,0.1,9,150,0.5,1,0.7,"{'colsample_bytree': 1.0, 'gamma': 0.1, 'learning_rate': 0.1, 'max_depth': 9, 'n_estimators': 150, 'reg_alpha': 0.5, 'reg_lambda': 1, 'subsample': 0.7}",0.9844849126269217,0.9915371072185253,0.9887082636066619,0.9957656494662985,0.9901239832296018,0.004111833430695566,180
529,0.2540012001991272,0.017732513150261756,0.010000526905059814,0.0007085847977793687,1.0,0.1,0.1,9,150,0.5,1,1.0,"{'colsample_bytree': 1.0, 'gamma': 0.1, 'learning_rate': 0.1, 'max_depth': 9, 'n_estimators': 150, 'reg_alpha': 0.5, 'reg_lambda': 1, 'subsample': 1.0}",0.9844846965672964,0.9894212945808878,0.988708398576796,0.9950599760444447,0.9894185914423562,0.003764070937166077,417
530,0.363749623298645,0.0429630561622716,0.015002191066741943,0.004128055480423426,1.0,0.1,0.1,9,150,0.5,1.5,0.7,"{'colsample_bytree': 1.0, 'gamma': 0.1, 'learning_rate': 0.1, 'max_depth': 9, 'n_estimators': 150, 'reg_alpha': 0.5, 'reg_lambda': 1.5, 'subsample': 0.7}",0.9844849126269217,0.9915371072185253,0.9894140656711422,0.9957656494662985,0.990300433745722,0.004062138550001047,110
531,0.30650007724761963,0.021913067682130326,0.01299828290939331,0.0046904063324617355,1.0,0.1,0.1,9,150,0.5,1.5,1.0,"{'colsample_bytree': 1.0, 'gamma': 0.1, 'learning_rate': 0.1, 'max_depth': 9, 'n_estimators': 150, 'reg_alpha': 0.5, 'reg_lambda': 1.5, 'subsample': 1.0}",0.9851902248919406,0.9915371072185253,0.9880027272641247,0.9978828468761906,0.9906532265626954,0.004741260082442349,45
532,0.352753221988678,0.03269286533500484,0.013249576091766357,0.00043281681636495565,1.0,0.1,0.1,9,150,0.5,2,0.7,"{'colsample_bytree': 1.0, 'gamma': 0.1, 'learning_rate': 0.1, 'max_depth': 9, 'n_estimators': 150, 'reg_alpha': 0.5, 'reg_lambda': 2, 'subsample': 0.7}",0.9844849126269217,0.9915371072185253,0.9894140656711422,0.995059946520522,0.9901240080092778,0.003829613336119796,173
533,0.28399819135665894,0.03558799792189444,0.01075059175491333,0.0004325366566510339,1.0,0.1,0.1,9,150,0.5,2,1.0,"{'colsample_bytree': 1.0, 'gamma': 0.1, 'learning_rate': 0.1, 'max_depth': 9, 'n_estimators': 150, 'reg_alpha': 0.5, 'reg_lambda': 2, 'subsample': 1.0}",0.9858953751153834,0.9915371072185253,0.9880027272641247,0.9978828468761906,0.990829514118556,0.004543859664647979,31
534,0.3434980511665344,0.029700945018065965,0.013502180576324463,0.002062314496382412,1.0,0.1,0.1,9,150,1,1,0.7,"{'colsample_bytree': 1.0, 'gamma': 0.1, 'learning_rate': 0.1, 'max_depth': 9, 'n_estimators': 150, 'reg_alpha': 1, 'reg_lambda': 1, 'subsample': 0.7}",0.9858951786975421,0.9901267625807684,0.988708398576796,0.995059946520522,0.9899475715939071,0.003321367367248722,244
535,0.2897467613220215,0.03578505614294232,0.009500741958618164,0.0005011590575071304,1.0,0.1,0.1,9,150,1,1,1.0,"{'colsample_bytree': 1.0, 'gamma': 0.1, 'learning_rate': 0.1, 'max_depth': 9, 'n_estimators': 150, 'reg_alpha': 1, 'reg_lambda': 1, 'subsample': 1.0}",0.9844849126269217,0.9901264483065952,0.9880027272641247,0.997177133385926,0.9899478053958919,0.004634695858979847,214
536,0.3194984197616577,0.02070821848169443,0.013000965118408203,0.0007101746925615075,1.0,0.1,0.1,9,150,1,1.5,0.7,"{'colsample_bytree': 1.0, 'gamma': 0.1, 'learning_rate': 0.1, 'max_depth': 9, 'n_estimators': 150, 'reg_alpha': 1, 'reg_lambda': 1.5, 'subsample': 0.7}",0.9844849126269217,0.992242282692651,0.9887082636066619,0.995059946520522,0.9901238513616891,0.003957723634480353,191
537,0.26824772357940674,0.025311077777147608,0.010256052017211914,0.0008350597203915601,1.0,0.1,0.1,9,150,1,1.5,1.0,"{'colsample_bytree': 1.0, 'gamma': 0.1, 'learning_rate': 0.1, 'max_depth': 9, 'n_estimators': 150, 'reg_alpha': 1, 'reg_lambda': 1.5, 'subsample': 1.0}",0.9844849126269217,0.9901264483065952,0.9880027272641247,0.9964714114603177,0.9897713749144899,0.004361518223572843,278
538,0.3752485513687134,0.023794941763463796,0.012998640537261963,0.0010016569669878829,1.0,0.1,0.1,9,150,1,2,0.7,"{'colsample_bytree': 1.0, 'gamma': 0.1, 'learning_rate': 0.1, 'max_depth': 9, 'n_estimators': 150, 'reg_alpha': 1, 'reg_lambda': 2, 'subsample': 0.7}",0.9830744501384601,0.9901267625807684,0.988708398576796,0.9943541992883982,0.9890659526461056,0.00403474960433732,515
539,0.28025132417678833,0.021684246261916187,0.010999798774719238,3.5101012860144274e-06,1.0,0.1,0.1,9,150,1,2,1.0,"{'colsample_bytree': 1.0, 'gamma': 0.1, 'learning_rate': 0.1, 'max_depth': 9, 'n_estimators': 150, 'reg_alpha': 1, 'reg_lambda': 2, 'subsample': 1.0}",0.9830739113827349,0.9901264483065952,0.9865911498501135,0.9971771221387733,0.9892421579195543,0.005215858888335724,477
540,0.564500093460083,0.03552879554687885,0.01774907112121582,0.0014794165522302824,1.0,0.1,0.1,9,350,0.5,1,0.7,"{'colsample_bytree': 1.0, 'gamma': 0.1, 'learning_rate': 0.1, 'max_depth': 9, 'n_estimators': 350, 'reg_alpha': 0.5, 'reg_lambda': 1, 'subsample': 0.7}",0.9851900481181693,0.9915371072185253,0.9901198487546965,0.9964713552237141,0.9908295898287762,0.004019896165519282,29
541,0.3507459759712219,0.021603663863811927,0.010250985622406006,0.00043240354184714055,1.0,0.1,0.1,9,350,0.5,1,1.0,"{'colsample_bytree': 1.0, 'gamma': 0.1, 'learning_rate': 0.1, 'max_depth': 9, 'n_estimators': 350, 'reg_alpha': 0.5, 'reg_lambda': 1, 'subsample': 1.0}",0.9844846965672964,0.9894212945808878,0.988708398576796,0.9950599760444447,0.9894185914423562,0.003764070937166077,417
542,0.557748556137085,0.029534031598925543,0.017499029636383057,0.0005007412671660737,1.0,0.1,0.1,9,350,0.5,1.5,0.7,"{'colsample_bytree': 1.0, 'gamma': 0.1, 'learning_rate': 0.1, 'max_depth': 9, 'n_estimators': 350, 'reg_alpha': 0.5, 'reg_lambda': 1.5, 'subsample': 0.7}",0.9844849126269217,0.9915371072185253,0.9901198487546965,0.9964713903718013,0.9906533147429861,0.004270973653295071,44
543,0.35849863290786743,0.017240127453441514,0.010499715805053711,0.0005000845752231072,1.0,0.1,0.1,9,350,0.5,1.5,1.0,"{'colsample_bytree': 1.0, 'gamma': 0.1, 'learning_rate': 0.1, 'max_depth': 9, 'n_estimators': 350, 'reg_alpha': 0.5, 'reg_lambda': 1.5, 'subsample': 1.0}",0.9851902248919406,0.9915371072185253,0.9880027272641247,0.9978828468761906,0.9906532265626954,0.004741260082442349,45
544,0.5577524304389954,0.04813403376237679,0.018245279788970947,0.0004355017479981601,1.0,0.1,0.1,9,350,0.5,2,0.7,"{'colsample_bytree': 1.0, 'gamma': 0.1, 'learning_rate': 0.1, 'max_depth': 9, 'n_estimators': 350, 'reg_alpha': 0.5, 'reg_lambda': 2, 'subsample': 0.7}",0.9844849126269217,0.992242282692651,0.9880026077606279,0.9957656494662985,0.9901238631366248,0.004260720057282693,190
545,0.35475021600723267,0.025083946807901117,0.01174938678741455,0.0004332592544511313,1.0,0.1,0.1,9,350,0.5,2,1.0,"{'colsample_bytree': 1.0, 'gamma': 0.1, 'learning_rate': 0.1, 'max_depth': 9, 'n_estimators': 350, 'reg_alpha': 0.5, 'reg_lambda': 2, 'subsample': 1.0}",0.9858953751153834,0.9915371072185253,0.9880027272641247,0.9978828468761906,0.990829514118556,0.004543859664647979,31
546,0.525501549243927,0.06399663719588447,0.015748322010040283,0.0008303746957781425,1.0,0.1,0.1,9,350,1,1,0.7,"{'colsample_bytree': 1.0, 'gamma': 0.1, 'learning_rate': 0.1, 'max_depth': 9, 'n_estimators': 350, 'reg_alpha': 1, 'reg_lambda': 1, 'subsample': 0.7}",0.9844849126269217,0.9908319345493428,0.9894140656711422,0.9950598973131997,0.9899477025401516,0.003776348884428928,233
547,0.3482509255409241,0.03465162465433797,0.01175004243850708,0.0019201089031786712,1.0,0.1,0.1,9,350,1,1,1.0,"{'colsample_bytree': 1.0, 'gamma': 0.1, 'learning_rate': 0.1, 'max_depth': 9, 'n_estimators': 350, 'reg_alpha': 1, 'reg_lambda': 1, 'subsample': 1.0}",0.9844849126269217,0.9901264483065952,0.9880027272641247,0.997177133385926,0.9899478053958919,0.004634695858979847,214
548,0.5457494854927063,0.043482217041401566,0.015998780727386475,0.00122455879252022,1.0,0.1,0.1,9,350,1,1.5,0.7,"{'colsample_bytree': 1.0, 'gamma': 0.1, 'learning_rate': 0.1, 'max_depth': 9, 'n_estimators': 350, 'reg_alpha': 1, 'reg_lambda': 1.5, 'subsample': 0.7}",0.9844849126269217,0.992242282692651,0.9880026077606279,0.9943541992883982,0.9897710005921497,0.00381388531199674,312
549,0.34649932384490967,0.0421578160707871,0.010750412940979004,0.0008309652044976166,1.0,0.1,0.1,9,350,1,1.5,1.0,"{'colsample_bytree': 1.0, 'gamma': 0.1, 'learning_rate': 0.1, 'max_depth': 9, 'n_estimators': 350, 'reg_alpha': 1, 'reg_lambda': 1.5, 'subsample': 1.0}",0.9844849126269217,0.9901264483065952,0.9880027272641247,0.9964714114603177,0.9897713749144899,0.004361518223572843,278
550,0.5699992775917053,0.037809301021781136,0.01774895191192627,0.00043133191018477355,1.0,0.1,0.1,9,350,1,2,0.7,"{'colsample_bytree': 1.0, 'gamma': 0.1, 'learning_rate': 0.1, 'max_depth': 9, 'n_estimators': 350, 'reg_alpha': 1, 'reg_lambda': 2, 'subsample': 0.7}",0.9837795765103758,0.9908319345493428,0.9880026077606279,0.9943541992883982,0.9892420795271862,0.0038741656170460832,486
551,0.35674697160720825,0.030217160742992206,0.01125115156173706,0.0004348748796533521,1.0,0.1,0.1,9,350,1,2,1.0,"{'colsample_bytree': 1.0, 'gamma': 0.1, 'learning_rate': 0.1, 'max_depth': 9, 'n_estimators': 350, 'reg_alpha': 1, 'reg_lambda': 2, 'subsample': 1.0}",0.9830739113827349,0.9901264483065952,0.9865911498501135,0.9971771221387733,0.9892421579195543,0.005215858888335724,477
552,0.6327504515647888,0.03593276609835392,0.018499016761779785,0.0011189659513519824,1.0,0.1,0.1,9,450,0.5,1,0.7,"{'colsample_bytree': 1.0, 'gamma': 0.1, 'learning_rate': 0.1, 'max_depth': 9, 'n_estimators': 450, 'reg_alpha': 0.5, 'reg_lambda': 1, 'subsample': 0.7}",0.9851900481181693,0.9915371072185253,0.9894141711154042,0.9957656494662985,0.9904767439795993,0.0038136303461625376,86
553,0.364501416683197,0.011235996351104768,0.01174861192703247,0.0004326718325488274,1.0,0.1,0.1,9,450,0.5,1,1.0,"{'colsample_bytree': 1.0, 'gamma': 0.1, 'learning_rate': 0.1, 'max_depth': 9, 'n_estimators': 450, 'reg_alpha': 0.5, 'reg_lambda': 1, 'subsample': 1.0}",0.9844846965672964,0.9894212945808878,0.988708398576796,0.9950599760444447,0.9894185914423562,0.003764070937166077,417
554,0.6002495288848877,0.03944935710658043,0.018748581409454346,0.0012992080342798579,1.0,0.1,0.1,9,450,0.5,1.5,0.7,"{'colsample_bytree': 1.0, 'gamma': 0.1, 'learning_rate': 0.1, 'max_depth': 9, 'n_estimators': 450, 'reg_alpha': 0.5, 'reg_lambda': 1.5, 'subsample': 0.7}",0.9844849126269217,0.9915371072185253,0.9908256149666836,0.9964713903718013,0.9908297562959829,0.004259854419709997,28
555,0.4219987392425537,0.014799590092457052,0.013502359390258789,0.002062418327612104,1.0,0.1,0.1,9,450,0.5,1.5,1.0,"{'colsample_bytree': 1.0, 'gamma': 0.1, 'learning_rate': 0.1, 'max_depth': 9, 'n_estimators': 450, 'reg_alpha': 0.5, 'reg_lambda': 1.5, 'subsample': 1.0}",0.9851902248919406,0.9915371072185253,0.9880027272641247,0.9978828468761906,0.9906532265626954,0.004741260082442349,45
556,0.6522499322891235,0.054347784653059214,0.019000351428985596,0.0007073092178789728,1.0,0.1,0.1,9,450,0.5,2,0.7,"{'colsample_bytree': 1.0, 'gamma': 0.1, 'learning_rate': 0.1, 'max_depth': 9, 'n_estimators': 450, 'reg_alpha': 0.5, 'reg_lambda': 2, 'subsample': 0.7}",0.9844849126269217,0.9915371072185253,0.9894140656711422,0.9964713903718013,0.9904768689720976,0.004303820501882863,82
557,0.3862459063529968,0.019381661060418033,0.011749804019927979,0.000433222545722154,1.0,0.1,0.1,9,450,0.5,2,1.0,"{'colsample_bytree': 1.0, 'gamma': 0.1, 'learning_rate': 0.1, 'max_depth': 9, 'n_estimators': 450, 'reg_alpha': 0.5, 'reg_lambda': 2, 'subsample': 1.0}",0.9858953751153834,0.9915371072185253,0.9880027272641247,0.9978828468761906,0.990829514118556,0.004543859664647979,31
558,0.6027504205703735,0.02662145214941769,0.01925051212310791,0.00043201948169823193,1.0,0.1,0.1,9,450,1,1,0.7,"{'colsample_bytree': 1.0, 'gamma': 0.1, 'learning_rate': 0.1, 'max_depth': 9, 'n_estimators': 450, 'reg_alpha': 1, 'reg_lambda': 1, 'subsample': 0.7}",0.9851900481181693,0.9908319345493428,0.9901198487546965,0.9957656494662985,0.9904768702221268,0.00374750613265483,81
559,0.3717471957206726,0.02852396254677327,0.012002348899841309,0.002348013169815611,1.0,0.1,0.1,9,450,1,1,1.0,"{'colsample_bytree': 1.0, 'gamma': 0.1, 'learning_rate': 0.1, 'max_depth': 9, 'n_estimators': 450, 'reg_alpha': 1, 'reg_lambda': 1, 'subsample': 1.0}",0.9844849126269217,0.9901264483065952,0.9880027272641247,0.997177133385926,0.9899478053958919,0.004634695858979847,214
560,0.6334989666938782,0.07151903136678439,0.020750463008880615,0.002678629019202653,1.0,0.1,0.1,9,450,1,1.5,0.7,"{'colsample_bytree': 1.0, 'gamma': 0.1, 'learning_rate': 0.1, 'max_depth': 9, 'n_estimators': 450, 'reg_alpha': 1, 'reg_lambda': 1.5, 'subsample': 0.7}",0.9844849126269217,0.992242282692651,0.988708398576796,0.9957656494662985,0.9903003108406668,0.0041831274785443925,118
561,0.38050025701522827,0.037211626345679004,0.011749029159545898,0.00043318782680872443,1.0,0.1,0.1,9,450,1,1.5,1.0,"{'colsample_bytree': 1.0, 'gamma': 0.1, 'learning_rate': 0.1, 'max_depth': 9, 'n_estimators': 450, 'reg_alpha': 1, 'reg_lambda': 1.5, 'subsample': 1.0}",0.9844849126269217,0.9901264483065952,0.9880027272641247,0.9964714114603177,0.9897713749144899,0.004361518223572843,278
562,0.6874997019767761,0.07722220906669398,0.021501243114471436,0.0022923058733105473,1.0,0.1,0.1,9,450,1,2,0.7,"{'colsample_bytree': 1.0, 'gamma': 0.1, 'learning_rate': 0.1, 'max_depth': 9, 'n_estimators': 450, 'reg_alpha': 1, 'reg_lambda': 2, 'subsample': 0.7}",0.9844849126269217,0.9915371072185253,0.988708398576796,0.9943541992883982,0.9897711544276603,0.003646803114699291,305
563,0.41349732875823975,0.05269920639839097,0.01175081729888916,0.000434634404977277,1.0,0.1,0.1,9,450,1,2,1.0,"{'colsample_bytree': 1.0, 'gamma': 0.1, 'learning_rate': 0.1, 'max_depth': 9, 'n_estimators': 450, 'reg_alpha': 1, 'reg_lambda': 2, 'subsample': 1.0}",0.9830739113827349,0.9901264483065952,0.9865911498501135,0.9971771221387733,0.9892421579195543,0.005215858888335724,477
564,0.7517490386962891,0.03266924043609533,0.02149897813796997,0.0011176598064289599,1.0,0.1,0.1,9,650,0.5,1,0.7,"{'colsample_bytree': 1.0, 'gamma': 0.1, 'learning_rate': 0.1, 'max_depth': 9, 'n_estimators': 650, 'reg_alpha': 0.5, 'reg_lambda': 1, 'subsample': 0.7}",0.9851900481181693,0.9915371072185253,0.9894141711154042,0.9957656494662985,0.9904767439795993,0.0038136303461625376,86
565,0.4552498459815979,0.02535141787722994,0.012749969959259033,0.0004311592980290874,1.0,0.1,0.1,9,650,0.5,1,1.0,"{'colsample_bytree': 1.0, 'gamma': 0.1, 'learning_rate': 0.1, 'max_depth': 9, 'n_estimators': 650, 'reg_alpha': 0.5, 'reg_lambda': 1, 'subsample': 1.0}",0.9844846965672964,0.9894212945808878,0.988708398576796,0.9950599760444447,0.9894185914423562,0.003764070937166077,417
566,0.8529989123344421,0.10667480774115849,0.025500237941741943,0.004388597660069322,1.0,0.1,0.1,9,650,0.5,1.5,0.7,"{'colsample_bytree': 1.0, 'gamma': 0.1, 'learning_rate': 0.1, 'max_depth': 9, 'n_estimators': 650, 'reg_alpha': 0.5, 'reg_lambda': 1.5, 'subsample': 0.7}",0.9844849126269217,0.9922424061571363,0.9901198487546965,0.9957656832081598,0.9906532126867287,0.004092532633672459,49
567,0.5210005640983582,0.046513330334605106,0.014248073101043701,0.0014786208829485115,1.0,0.1,0.1,9,650,0.5,1.5,1.0,"{'colsample_bytree': 1.0, 'gamma': 0.1, 'learning_rate': 0.1, 'max_depth': 9, 'n_estimators': 650, 'reg_alpha': 0.5, 'reg_lambda': 1.5, 'subsample': 1.0}",0.9851902248919406,0.9915371072185253,0.9880027272641247,0.9978828468761906,0.9906532265626954,0.004741260082442349,45
568,0.7725010514259338,0.026780576134340723,0.021999776363372803,0.0007079828039396711,1.0,0.1,0.1,9,650,0.5,2,0.7,"{'colsample_bytree': 1.0, 'gamma': 0.1, 'learning_rate': 0.1, 'max_depth': 9, 'n_estimators': 650, 'reg_alpha': 0.5, 'reg_lambda': 2, 'subsample': 0.7}",0.9844849126269217,0.9929475893487711,0.988708398576796,0.9964713903718013,0.9906530727310725,0.004498488171432142,55
569,0.4974988102912903,0.03360303340980507,0.014249265193939209,0.0016388324937659752,1.0,0.1,0.1,9,650,0.5,2,1.0,"{'colsample_bytree': 1.0, 'gamma': 0.1, 'learning_rate': 0.1, 'max_depth': 9, 'n_estimators': 650, 'reg_alpha': 0.5, 'reg_lambda': 2, 'subsample': 1.0}",0.9858953751153834,0.9915371072185253,0.9880027272641247,0.9978828468761906,0.990829514118556,0.004543859664647979,31
570,0.7734988331794739,0.09060094816260353,0.021499276161193848,0.0021794831563398637,1.0,0.1,0.1,9,650,1,1,0.7,"{'colsample_bytree': 1.0, 'gamma': 0.1, 'learning_rate': 0.1, 'max_depth': 9, 'n_estimators': 650, 'reg_alpha': 1, 'reg_lambda': 1, 'subsample': 0.7}",0.9851900481181693,0.9915371072185253,0.9901198487546965,0.9957656494662985,0.9906531633894223,0.003776536890653674,52
571,0.49100005626678467,0.039222381861764646,0.014000117778778076,0.002915306115731149,1.0,0.1,0.1,9,650,1,1,1.0,"{'colsample_bytree': 1.0, 'gamma': 0.1, 'learning_rate': 0.1, 'max_depth': 9, 'n_estimators': 650, 'reg_alpha': 1, 'reg_lambda': 1, 'subsample': 1.0}",0.9844849126269217,0.9901264483065952,0.9880027272641247,0.997177133385926,0.9899478053958919,0.004634695858979847,214
572,0.7500010132789612,0.0453708082435079,0.021249473094940186,0.0014793058554239556,1.0,0.1,0.1,9,650,1,1.5,0.7,"{'colsample_bytree': 1.0, 'gamma': 0.1, 'learning_rate': 0.1, 'max_depth': 9, 'n_estimators': 650, 'reg_alpha': 1, 'reg_lambda': 1.5, 'subsample': 0.7}",0.9844849126269217,0.992242282692651,0.988708398576796,0.9957656494662985,0.9903003108406668,0.0041831274785443925,118
573,0.48800039291381836,0.04010403915953219,0.013498783111572266,0.0020640929344317225,1.0,0.1,0.1,9,650,1,1.5,1.0,"{'colsample_bytree': 1.0, 'gamma': 0.1, 'learning_rate': 0.1, 'max_depth': 9, 'n_estimators': 650, 'reg_alpha': 1, 'reg_lambda': 1.5, 'subsample': 1.0}",0.9844849126269217,0.9901264483065952,0.9880027272641247,0.9964714114603177,0.9897713749144899,0.004361518223572843,278
574,0.8232513666152954,0.09189006589321543,0.024748027324676514,0.005356832228003124,1.0,0.1,0.1,9,650,1,2,0.7,"{'colsample_bytree': 1.0, 'gamma': 0.1, 'learning_rate': 0.1, 'max_depth': 9, 'n_estimators': 650, 'reg_alpha': 1, 'reg_lambda': 2, 'subsample': 0.7}",0.9844849126269217,0.9922424061571363,0.9894141711154042,0.995059946520522,0.990300359104996,0.003906083908821068,113
575,0.4607488512992859,0.04932276791810953,0.012500524520874023,0.0004999649257491704,1.0,0.1,0.1,9,650,1,2,1.0,"{'colsample_bytree': 1.0, 'gamma': 0.1, 'learning_rate': 0.1, 'max_depth': 9, 'n_estimators': 650, 'reg_alpha': 1, 'reg_lambda': 2, 'subsample': 1.0}",0.9830739113827349,0.9901264483065952,0.9865911498501135,0.9971771221387733,0.9892421579195543,0.005215858888335724,477
576,0.32924968004226685,0.030840314363425558,0.011250972747802734,0.0016387873556283862,1.0,0.2,0.05,5,150,0.5,1,0.7,"{'colsample_bytree': 1.0, 'gamma': 0.2, 'learning_rate': 0.05, 'max_depth': 5, 'n_estimators': 150, 'reg_alpha': 0.5, 'reg_lambda': 1, 'subsample': 0.7}",0.9830739113827349,0.9858953751153834,0.9865912834128454,0.9964713903718013,0.9880079900706913,0.005060742950880585,690
577,0.26999861001968384,0.04560122833475318,0.010000944137573242,0.0007082363045267185,1.0,0.2,0.05,5,150,0.5,1,1.0,"{'colsample_bytree': 1.0, 'gamma': 0.2, 'learning_rate': 0.05, 'max_depth': 5, 'n_estimators': 150, 'reg_alpha': 0.5, 'reg_lambda': 1, 'subsample': 1.0}",0.980958633294789,0.9866006796641367,0.9872967965574946,0.9943541992883982,0.9873025772012046,0.004755620146645629,738
578,0.2950005531311035,0.041004709423296745,0.011249423027038574,0.00043381217014074443,1.0,0.2,0.05,5,150,0.5,1.5,0.7,"{'colsample_bytree': 1.0, 'gamma': 0.2, 'learning_rate': 0.05, 'max_depth': 5, 'n_estimators': 150, 'reg_alpha': 0.5, 'reg_lambda': 1.5, 'subsample': 0.7}",0.9823688243014796,0.9851900481181693,0.9865912834128454,0.9957656494662985,0.9874789513246982,0.005020204091817931,734
579,0.26475071907043457,0.027205060502486604,0.010249912738800049,0.0016392518549219139,1.0,0.2,0.05,5,150,0.5,1.5,1.0,"{'colsample_bytree': 1.0, 'gamma': 0.2, 'learning_rate': 0.05, 'max_depth': 5, 'n_estimators': 150, 'reg_alpha': 0.5, 'reg_lambda': 1.5, 'subsample': 1.0}",0.980253250176559,0.9866003064691244,0.9872967965574946,0.9964714114603177,0.987655441165874,0.005782639943360969,718
580,0.3125014901161194,0.04027908836112473,0.011000096797943115,0.0012230990501192714,1.0,0.2,0.05,5,150,0.5,2,0.7,"{'colsample_bytree': 1.0, 'gamma': 0.2, 'learning_rate': 0.05, 'max_depth': 5, 'n_estimators': 150, 'reg_alpha': 0.5, 'reg_lambda': 2, 'subsample': 0.7}",0.9823688243014796,0.9851900481181693,0.9865912834128454,0.9943542442775466,0.9871261000275102,0.0044416232235467016,746
581,0.2659987807273865,0.02568416493912945,0.009503066539764404,0.0004979239564044305,1.0,0.2,0.05,5,150,0.5,2,1.0,"{'colsample_bytree': 1.0, 'gamma': 0.2, 'learning_rate': 0.05, 'max_depth': 5, 'n_estimators': 150, 'reg_alpha': 0.5, 'reg_lambda': 2, 'subsample': 1.0}",0.9809588605753522,0.9858951786975421,0.9880026077606279,0.997177133385926,0.9880084451048621,0.0058785077999633124,684
582,0.2897491455078125,0.04276245731745877,0.0107499361038208,0.000432706584653448,1.0,0.2,0.05,5,150,1,1,0.7,"{'colsample_bytree': 1.0, 'gamma': 0.2, 'learning_rate': 0.05, 'max_depth': 5, 'n_estimators': 150, 'reg_alpha': 1, 'reg_lambda': 1, 'subsample': 0.7}",0.9816634039979629,0.9851900481181693,0.985885498220995,0.995059946520522,0.9869497242144123,0.004948482702155134,749
583,0.2617484927177429,0.016917289446011945,0.009250164031982422,0.00043222493819361626,1.0,0.2,0.05,5,150,1,1,1.0,"{'colsample_bytree': 1.0, 'gamma': 0.2, 'learning_rate': 0.05, 'max_depth': 5, 'n_estimators': 150, 'reg_alpha': 1, 'reg_lambda': 1, 'subsample': 1.0}",0.9802535251615367,0.9858951786975421,0.9865911498501135,0.997177133385926,0.9874792467737796,0.006114696341104376,730
584,0.3037513494491577,0.03188484528238753,0.01000058650970459,0.000708067225577386,1.0,0.2,0.05,5,150,1,1.5,0.7,"{'colsample_bytree': 1.0, 'gamma': 0.2, 'learning_rate': 0.05, 'max_depth': 5, 'n_estimators': 150, 'reg_alpha': 1, 'reg_lambda': 1.5, 'subsample': 0.7}",0.9816634039979629,0.9851900481181693,0.9851796919395992,0.9943542442775466,0.9865968470833195,0.004703814514178239,757
585,0.3014978766441345,0.021958432747758983,0.011250019073486328,0.0027716916596940535,1.0,0.2,0.05,5,150,1,1.5,1.0,"{'colsample_bytree': 1.0, 'gamma': 0.2, 'learning_rate': 0.05, 'max_depth': 5, 'n_estimators': 150, 'reg_alpha': 1, 'reg_lambda': 1.5, 'subsample': 1.0}",0.9795481616869957,0.9851900481181693,0.9858853295083274,0.9964714114603177,0.9867737376934524,0.006114555725641237,755
586,0.31274688243865967,0.04406796210697409,0.01249992847442627,0.002062068724673094,1.0,0.2,0.05,5,150,1,2,0.7,"{'colsample_bytree': 1.0, 'gamma': 0.2, 'learning_rate': 0.05, 'max_depth': 5, 'n_estimators': 150, 'reg_alpha': 1, 'reg_lambda': 2, 'subsample': 0.7}",0.9809583302455981,0.9844846965672964,0.9844740480430946,0.9943542442775466,0.9860678297833839,0.004995450472961928,766
587,0.23199999332427979,0.007246512320291116,0.009751677513122559,0.0004334062058248679,1.0,0.2,0.05,5,150,1,2,1.0,"{'colsample_bytree': 1.0, 'gamma': 0.2, 'learning_rate': 0.05, 'max_depth': 5, 'n_estimators': 150, 'reg_alpha': 1, 'reg_lambda': 2, 'subsample': 1.0}",0.9809588605753522,0.9858951786975421,0.985885498220995,0.997177133385926,0.9874791677199539,0.005950078718247133,731
588,0.5832504630088806,0.042925862734721584,0.018750369548797607,0.0004349458178723999,1.0,0.2,0.05,5,350,0.5,1,0.7,"{'colsample_bytree': 1.0, 'gamma': 0.2, 'learning_rate': 0.05, 'max_depth': 5, 'n_estimators': 350, 'reg_alpha': 0.5, 'reg_lambda': 1, 'subsample': 0.7}",0.9844846965672964,0.9894214629415494,0.9880026077606279,0.9957656494662985,0.9894186041839431,0.004081466716427165,407
589,0.3547482490539551,0.02020349476445349,0.01150059700012207,0.000499964499393439,1.0,0.2,0.05,5,350,0.5,1,1.0,"{'colsample_bytree': 1.0, 'gamma': 0.2, 'learning_rate': 0.05, 'max_depth': 5, 'n_estimators': 350, 'reg_alpha': 0.5, 'reg_lambda': 1, 'subsample': 1.0}",0.9823691049025824,0.9880111344363328,0.9894141711154042,0.9964713903718013,0.9890664502065302,0.005023001447761389,499
590,0.5499981641769409,0.04989387384438531,0.017998218536376953,0.0007079833785094897,1.0,0.2,0.05,5,350,0.5,1.5,0.7,"{'colsample_bytree': 1.0, 'gamma': 0.2, 'learning_rate': 0.05, 'max_depth': 5, 'n_estimators': 350, 'reg_alpha': 0.5, 'reg_lambda': 1.5, 'subsample': 0.7}",0.9844846965672964,0.9901266250882795,0.9880026077606279,0.9950598973131997,0.9894184566823508,0.0038299468640110843,434
591,0.3974977731704712,0.0524890554997384,0.012749731540679932,0.0008292219838792214,1.0,0.2,0.05,5,350,0.5,1.5,1.0,"{'colsample_bytree': 1.0, 'gamma': 0.2, 'learning_rate': 0.05, 'max_depth': 5, 'n_estimators': 350, 'reg_alpha': 0.5, 'reg_lambda': 1.5, 'subsample': 1.0}",0.9816637323068047,0.9901266250882795,0.9894141711154042,0.9957656832081598,0.989242552929662,0.005019979757106158,445
592,0.6312474608421326,0.06793147306463405,0.019501805305480957,0.0011172602111888758,1.0,0.2,0.05,5,350,0.5,2,0.7,"{'colsample_bytree': 1.0, 'gamma': 0.2, 'learning_rate': 0.05, 'max_depth': 5, 'n_estimators': 350, 'reg_alpha': 0.5, 'reg_lambda': 2, 'subsample': 0.7}",0.9844846965672964,0.9908319345493428,0.9880026077606279,0.9957656494662985,0.9897712220858914,0.0041271545657807366,297
593,0.3847498893737793,0.03310083241879308,0.012250304222106934,0.001091177444181307,1.0,0.2,0.05,5,350,0.5,2,1.0,"{'colsample_bytree': 1.0, 'gamma': 0.2, 'learning_rate': 0.05, 'max_depth': 5, 'n_estimators': 350, 'reg_alpha': 0.5, 'reg_lambda': 2, 'subsample': 1.0}",0.9816637323068047,0.9887159409218234,0.9894141711154042,0.9978828510938604,0.9894191738594732,0.005750549269347793,378
594,0.5842453241348267,0.06504467952452503,0.020749688148498535,0.0032687914637290413,1.0,0.2,0.05,5,350,1,1,0.7,"{'colsample_bytree': 1.0, 'gamma': 0.2, 'learning_rate': 0.05, 'max_depth': 5, 'n_estimators': 350, 'reg_alpha': 1, 'reg_lambda': 1, 'subsample': 0.7}",0.9837793183573613,0.987305837603845,0.9880026077606279,0.9957656494662985,0.9887133532970332,0.004375095475787596,596
595,0.3649994134902954,0.035587043245762354,0.011749684810638428,0.00043329132745378065,1.0,0.2,0.05,5,350,1,1,1.0,"{'colsample_bytree': 1.0, 'gamma': 0.2, 'learning_rate': 0.05, 'max_depth': 5, 'n_estimators': 350, 'reg_alpha': 1, 'reg_lambda': 1, 'subsample': 1.0}",0.9802535251615367,0.9858951786975421,0.9872969483988956,0.995059946520522,0.987126399694624,0.0052849446920109665,743
596,0.5060009360313416,0.017846577563144755,0.017499804496765137,0.0005013966668008735,1.0,0.2,0.05,5,350,1,1.5,0.7,"{'colsample_bytree': 1.0, 'gamma': 0.2, 'learning_rate': 0.05, 'max_depth': 5, 'n_estimators': 350, 'reg_alpha': 1, 'reg_lambda': 1.5, 'subsample': 0.7}",0.9830739113827349,0.9894212945808878,0.9880026077606279,0.9957656494662985,0.9890658657976373,0.004529002820443919,520
597,0.366250216960907,0.04126276638716851,0.013750791549682617,0.0036318130653343037,1.0,0.2,0.05,5,350,1,1.5,1.0,"{'colsample_bytree': 1.0, 'gamma': 0.2, 'learning_rate': 0.05, 'max_depth': 5, 'n_estimators': 350, 'reg_alpha': 1, 'reg_lambda': 1.5, 'subsample': 1.0}",0.980253250176559,0.9851900481181693,0.9880026077606279,0.9964714114603177,0.9874793293789186,0.005886178508866669,727
598,0.6299996972084045,0.039096461488344815,0.020249664783477783,0.002772718120063531,1.0,0.2,0.05,5,350,1,2,0.7,"{'colsample_bytree': 1.0, 'gamma': 0.2, 'learning_rate': 0.05, 'max_depth': 5, 'n_estimators': 350, 'reg_alpha': 1, 'reg_lambda': 2, 'subsample': 0.7}",0.9830739113827349,0.9901266250882795,0.9880026077606279,0.995059946520522,0.9890657726880411,0.004303726562933491,531
599,0.3514994978904724,0.02579233113148585,0.011999011039733887,0.0007082369365780845,1.0,0.2,0.05,5,350,1,2,1.0,"{'colsample_bytree': 1.0, 'gamma': 0.2, 'learning_rate': 0.05, 'max_depth': 5, 'n_estimators': 350, 'reg_alpha': 1, 'reg_lambda': 2, 'subsample': 1.0}",0.9823691049025824,0.9858951786975421,0.9880026077606279,0.9978828510938604,0.9885374356136533,0.0057587467538941246,620
600,0.6615002751350403,0.037884055197946645,0.02124840021133423,0.00108955094743915,1.0,0.2,0.05,5,450,0.5,1,0.7,"{'colsample_bytree': 1.0, 'gamma': 0.2, 'learning_rate': 0.05, 'max_depth': 5, 'n_estimators': 450, 'reg_alpha': 0.5, 'reg_lambda': 1, 'subsample': 0.7}",0.985189812413243,0.9901267625807684,0.988708398576796,0.9957655988524983,0.9899476431058264,0.0038096381966846956,238
601,0.42099857330322266,0.05219547682504522,0.014250218868255615,0.0022778297893006685,1.0,0.2,0.05,5,450,0.5,1,1.0,"{'colsample_bytree': 1.0, 'gamma': 0.2, 'learning_rate': 0.05, 'max_depth': 5, 'n_estimators': 450, 'reg_alpha': 0.5, 'reg_lambda': 1, 'subsample': 1.0}",0.9823691049025824,0.9880111344363328,0.9894141711154042,0.9964713903718013,0.9890664502065302,0.005023001447761389,499
602,0.7307494878768921,0.11767365724542117,0.025001585483551025,0.00406284029052632,1.0,0.2,0.05,5,450,0.5,1.5,0.7,"{'colsample_bytree': 1.0, 'gamma': 0.2, 'learning_rate': 0.05, 'max_depth': 5, 'n_estimators': 450, 'reg_alpha': 0.5, 'reg_lambda': 1.5, 'subsample': 0.7}",0.9844846965672964,0.9901267625807684,0.988708398576796,0.9957655988524983,0.9897713641443397,0.004035340990952711,283
603,0.4049997925758362,0.04094372316766085,0.01300114393234253,0.0012286469814170732,1.0,0.2,0.05,5,450,0.5,1.5,1.0,"{'colsample_bytree': 1.0, 'gamma': 0.2, 'learning_rate': 0.05, 'max_depth': 5, 'n_estimators': 450, 'reg_alpha': 0.5, 'reg_lambda': 1.5, 'subsample': 1.0}",0.9816637323068047,0.9901266250882795,0.9894141711154042,0.9957656832081598,0.989242552929662,0.005019979757106158,445
604,0.7110012769699097,0.08470838331824596,0.02299720048904419,0.0029157971528713357,1.0,0.2,0.05,5,450,0.5,2,0.7,"{'colsample_bytree': 1.0, 'gamma': 0.2, 'learning_rate': 0.05, 'max_depth': 5, 'n_estimators': 450, 'reg_alpha': 0.5, 'reg_lambda': 2, 'subsample': 0.7}",0.9844846965672964,0.9908319345493428,0.9880026077606279,0.9950598973131997,0.9895947840476167,0.0038744684717696306,372
605,0.44175010919570923,0.047677313065523565,0.014499902725219727,0.00206389009843333,1.0,0.2,0.05,5,450,0.5,2,1.0,"{'colsample_bytree': 1.0, 'gamma': 0.2, 'learning_rate': 0.05, 'max_depth': 5, 'n_estimators': 450, 'reg_alpha': 0.5, 'reg_lambda': 2, 'subsample': 1.0}",0.9816637323068047,0.9887159409218234,0.9894141711154042,0.9978828510938604,0.9894191738594732,0.005750549269347793,378
606,0.653498649597168,0.08594663526983792,0.019999384880065918,0.0007064667269238294,1.0,0.2,0.05,5,450,1,1,0.7,"{'colsample_bytree': 1.0, 'gamma': 0.2, 'learning_rate': 0.05, 'max_depth': 5, 'n_estimators': 450, 'reg_alpha': 1, 'reg_lambda': 1, 'subsample': 0.7}",0.9837793183573613,0.9887161429580337,0.988708398576796,0.9957656494662985,0.9892423773396224,0.004270835650837222,455
607,0.40900081396102905,0.03775508953052226,0.011999011039733887,1.7068172768683855e-06,1.0,0.2,0.05,5,450,1,1,1.0,"{'colsample_bytree': 1.0, 'gamma': 0.2, 'learning_rate': 0.05, 'max_depth': 5, 'n_estimators': 450, 'reg_alpha': 1, 'reg_lambda': 1, 'subsample': 1.0}",0.9802535251615367,0.9858951786975421,0.9872969483988956,0.995059946520522,0.987126399694624,0.0052849446920109665,743
608,0.6527482271194458,0.10626501095437366,0.021250545978546143,0.002862511835390906,1.0,0.2,0.05,5,450,1,1.5,0.7,"{'colsample_bytree': 1.0, 'gamma': 0.2, 'learning_rate': 0.05, 'max_depth': 5, 'n_estimators': 450, 'reg_alpha': 1, 'reg_lambda': 1.5, 'subsample': 0.7}",0.984484418767507,0.9894214629415494,0.988708398576796,0.9950598973131997,0.9894185443997631,0.00376413250486049,423
609,0.4342491030693054,0.05362616947304493,0.015001833438873291,0.004061287668901358,1.0,0.2,0.05,5,450,1,1.5,1.0,"{'colsample_bytree': 1.0, 'gamma': 0.2, 'learning_rate': 0.05, 'max_depth': 5, 'n_estimators': 450, 'reg_alpha': 1, 'reg_lambda': 1.5, 'subsample': 1.0}",0.980253250176559,0.9851900481181693,0.9880026077606279,0.9964714114603177,0.9874793293789186,0.005886178508866669,727
610,0.7134993076324463,0.04603536564245048,0.019498884677886963,0.0011172867927823219,1.0,0.2,0.05,5,450,1,2,0.7,"{'colsample_bytree': 1.0, 'gamma': 0.2, 'learning_rate': 0.05, 'max_depth': 5, 'n_estimators': 450, 'reg_alpha': 1, 'reg_lambda': 2, 'subsample': 0.7}",0.9830739113827349,0.9908319345493428,0.988708398576796,0.9950598973131997,0.9894185354555184,0.004318020658218004,424
611,0.42599713802337646,0.0628055329574886,0.012750387191772461,0.0008311451539562488,1.0,0.2,0.05,5,450,1,2,1.0,"{'colsample_bytree': 1.0, 'gamma': 0.2, 'learning_rate': 0.05, 'max_depth': 5, 'n_estimators': 450, 'reg_alpha': 1, 'reg_lambda': 2, 'subsample': 1.0}",0.9823691049025824,0.9858951786975421,0.9880026077606279,0.9978828510938604,0.9885374356136533,0.0057587467538941246,620
612,0.7985003590583801,0.027806893544662425,0.023499727249145508,0.0011172067058450252,1.0,0.2,0.05,5,650,0.5,1,0.7,"{'colsample_bytree': 1.0, 'gamma': 0.2, 'learning_rate': 0.05, 'max_depth': 5, 'n_estimators': 650, 'reg_alpha': 0.5, 'reg_lambda': 1, 'subsample': 0.7}",0.9844846965672964,0.9908319345493428,0.9894141711154042,0.9950598973131997,0.9899476748863107,0.003776423297289501,235
613,0.5099972486495972,0.06466782047867174,0.014249682426452637,0.0010915602263192696,1.0,0.2,0.05,5,650,0.5,1,1.0,"{'colsample_bytree': 1.0, 'gamma': 0.2, 'learning_rate': 0.05, 'max_depth': 5, 'n_estimators': 650, 'reg_alpha': 0.5, 'reg_lambda': 1, 'subsample': 1.0}",0.9823691049025824,0.9880111344363328,0.9894141711154042,0.9964713903718013,0.9890664502065302,0.005023001447761389,499
614,0.9574987888336182,0.08282010355152603,0.027750253677368164,0.0014782079957591967,1.0,0.2,0.05,5,650,0.5,1.5,0.7,"{'colsample_bytree': 1.0, 'gamma': 0.2, 'learning_rate': 0.05, 'max_depth': 5, 'n_estimators': 650, 'reg_alpha': 0.5, 'reg_lambda': 1.5, 'subsample': 0.7}",0.9844846965672964,0.9915369556913675,0.9894141711154042,0.9964713552237141,0.9904767946494455,0.004303867624433216,85
615,0.5072488188743591,0.052308932336872845,0.01500028371810913,0.002914958085001922,1.0,0.2,0.05,5,650,0.5,1.5,1.0,"{'colsample_bytree': 1.0, 'gamma': 0.2, 'learning_rate': 0.05, 'max_depth': 5, 'n_estimators': 650, 'reg_alpha': 0.5, 'reg_lambda': 1.5, 'subsample': 1.0}",0.9816637323068047,0.9901266250882795,0.9894141711154042,0.9957656832081598,0.989242552929662,0.005019979757106158,445
616,0.8637493848800659,0.11280029211466765,0.027250707149505615,0.004495149050934385,1.0,0.2,0.05,5,650,0.5,2,0.7,"{'colsample_bytree': 1.0, 'gamma': 0.2, 'learning_rate': 0.05, 'max_depth': 5, 'n_estimators': 650, 'reg_alpha': 0.5, 'reg_lambda': 2, 'subsample': 0.7}",0.9844846965672964,0.9915371072185253,0.988708398576796,0.9957655988524983,0.990123950303779,0.004111878530828658,183
617,0.5284993052482605,0.053616801667622165,0.015500366687774658,0.0015005866910105018,1.0,0.2,0.05,5,650,0.5,2,1.0,"{'colsample_bytree': 1.0, 'gamma': 0.2, 'learning_rate': 0.05, 'max_depth': 5, 'n_estimators': 650, 'reg_alpha': 0.5, 'reg_lambda': 2, 'subsample': 1.0}",0.9816637323068047,0.9887159409218234,0.9894141711154042,0.9978828510938604,0.9894191738594732,0.005750549269347793,378
618,0.7702506184577942,0.026270789096015025,0.021749258041381836,0.0008297072572962508,1.0,0.2,0.05,5,650,1,1,0.7,"{'colsample_bytree': 1.0, 'gamma': 0.2, 'learning_rate': 0.05, 'max_depth': 5, 'n_estimators': 650, 'reg_alpha': 1, 'reg_lambda': 1, 'subsample': 0.7}",0.9837793183573613,0.9894214629415494,0.988708398576796,0.9950598973131997,0.9892422692972266,0.004000179902576517,467
619,0.5032503008842468,0.052327735725990046,0.015500485897064209,0.0035007768345622463,1.0,0.2,0.05,5,650,1,1,1.0,"{'colsample_bytree': 1.0, 'gamma': 0.2, 'learning_rate': 0.05, 'max_depth': 5, 'n_estimators': 650, 'reg_alpha': 1, 'reg_lambda': 1, 'subsample': 1.0}",0.9802535251615367,0.9858951786975421,0.9872969483988956,0.995059946520522,0.987126399694624,0.0052849446920109665,743
620,0.8777510523796082,0.10282190061008163,0.024251461029052734,0.0014785723147467435,1.0,0.2,0.05,5,650,1,1.5,0.7,"{'colsample_bytree': 1.0, 'gamma': 0.2, 'learning_rate': 0.05, 'max_depth': 5, 'n_estimators': 650, 'reg_alpha': 1, 'reg_lambda': 1.5, 'subsample': 0.7}",0.9837793183573613,0.9901267625807684,0.988708398576796,0.9950598973131997,0.9894185942070314,0.004019689450787912,410
621,0.5315006971359253,0.05687919723871783,0.015249967575073242,0.001921404641679426,1.0,0.2,0.05,5,650,1,1.5,1.0,"{'colsample_bytree': 1.0, 'gamma': 0.2, 'learning_rate': 0.05, 'max_depth': 5, 'n_estimators': 650, 'reg_alpha': 1, 'reg_lambda': 1.5, 'subsample': 1.0}",0.980253250176559,0.9851900481181693,0.9880026077606279,0.9964714114603177,0.9874793293789186,0.005886178508866669,727
622,0.7837515473365784,0.02760572468419787,0.023499131202697754,0.0008654833903953244,1.0,0.2,0.05,5,650,1,2,0.7,"{'colsample_bytree': 1.0, 'gamma': 0.2, 'learning_rate': 0.05, 'max_depth': 5, 'n_estimators': 650, 'reg_alpha': 1, 'reg_lambda': 2, 'subsample': 0.7}",0.9837793183573613,0.9908319345493428,0.988708398576796,0.9950598973131997,0.989594887199175,0.00406212151235135,365
623,0.5177493691444397,0.06244348526808697,0.01675206422805786,0.0038968128241127966,1.0,0.2,0.05,5,650,1,2,1.0,"{'colsample_bytree': 1.0, 'gamma': 0.2, 'learning_rate': 0.05, 'max_depth': 5, 'n_estimators': 650, 'reg_alpha': 1, 'reg_lambda': 2, 'subsample': 1.0}",0.9823691049025824,0.9858951786975421,0.9880026077606279,0.9978828510938604,0.9885374356136533,0.0057587467538941246,620
624,0.4067487120628357,0.05803117838667206,0.01650184392929077,0.005123854572022069,1.0,0.2,0.05,9,150,0.5,1,0.7,"{'colsample_bytree': 1.0, 'gamma': 0.2, 'learning_rate': 0.05, 'max_depth': 9, 'n_estimators': 150, 'reg_alpha': 0.5, 'reg_lambda': 1, 'subsample': 0.7}",0.9837793183573613,0.9901267625807684,0.988708398576796,0.9950598973131997,0.9894185942070314,0.004019689450787912,410
625,0.3924993872642517,0.050182808737902436,0.012253165245056152,0.00043298289285954226,1.0,0.2,0.05,9,150,0.5,1,1.0,"{'colsample_bytree': 1.0, 'gamma': 0.2, 'learning_rate': 0.05, 'max_depth': 9, 'n_estimators': 150, 'reg_alpha': 0.5, 'reg_lambda': 1, 'subsample': 1.0}",0.9830742144370506,0.9880108005250062,0.988708398576796,0.997177133385926,0.9892426367311947,0.005069726363605039,444
626,0.42875176668167114,0.06285266233964679,0.014499247074127197,0.002600606957042896,1.0,0.2,0.05,9,150,0.5,1.5,0.7,"{'colsample_bytree': 1.0, 'gamma': 0.2, 'learning_rate': 0.05, 'max_depth': 9, 'n_estimators': 150, 'reg_alpha': 0.5, 'reg_lambda': 1.5, 'subsample': 0.7}",0.9844846965672964,0.9887163000923067,0.9880026077606279,0.9943541992883982,0.9888894509271573,0.0035384250605328556,574
627,0.4447537064552307,0.05903056570871893,0.012249112129211426,0.0004367173222013965,1.0,0.2,0.05,9,150,0.5,1.5,1.0,"{'colsample_bytree': 1.0, 'gamma': 0.2, 'learning_rate': 0.05, 'max_depth': 9, 'n_estimators': 150, 'reg_alpha': 0.5, 'reg_lambda': 1.5, 'subsample': 1.0}",0.9837795765103758,0.9887161429580337,0.9872969483988956,0.9957656832081598,0.9888895877688663,0.004357736993479472,568
628,0.5062463283538818,0.08430298611656785,0.01324927806854248,0.000432709343354224,1.0,0.2,0.05,9,150,0.5,2,0.7,"{'colsample_bytree': 1.0, 'gamma': 0.2, 'learning_rate': 0.05, 'max_depth': 9, 'n_estimators': 150, 'reg_alpha': 0.5, 'reg_lambda': 2, 'subsample': 0.7}",0.9837793183573613,0.9887163000923067,0.9880026077606279,0.9943541992883982,0.9887131063746736,0.0037639411506239446,609
629,0.4444998502731323,0.05430468081042835,0.012250781059265137,0.001090248114421574,1.0,0.2,0.05,9,150,0.5,2,1.0,"{'colsample_bytree': 1.0, 'gamma': 0.2, 'learning_rate': 0.05, 'max_depth': 9, 'n_estimators': 150, 'reg_alpha': 0.5, 'reg_lambda': 2, 'subsample': 1.0}",0.9830742144370506,0.9901264483065952,0.9865911498501135,0.995059946520522,0.9887129397785703,0.004432260058897065,618
630,0.39524728059768677,0.07500735776153358,0.012500882148742676,0.0011168367791799883,1.0,0.2,0.05,9,150,1,1,0.7,"{'colsample_bytree': 1.0, 'gamma': 0.2, 'learning_rate': 0.05, 'max_depth': 9, 'n_estimators': 150, 'reg_alpha': 1, 'reg_lambda': 1, 'subsample': 0.7}",0.9830742144370506,0.9873059638694429,0.9880026077606279,0.9943541992883982,0.9881842463388799,0.004030667379796201,671
631,0.38924944400787354,0.021808358141628292,0.01149815320968628,0.0005009794291905049,1.0,0.2,0.05,9,150,1,1,1.0,"{'colsample_bytree': 1.0, 'gamma': 0.2, 'learning_rate': 0.05, 'max_depth': 9, 'n_estimators': 150, 'reg_alpha': 1, 'reg_lambda': 1, 'subsample': 1.0}",0.9823691049025824,0.9887161429580337,0.9880027272641247,0.9964714114603177,0.9888898466462646,0.00502039220795946,543
632,0.43624699115753174,0.06628592184294373,0.013002157211303711,0.0007082360035496792,1.0,0.2,0.05,9,150,1,1.5,0.7,"{'colsample_bytree': 1.0, 'gamma': 0.2, 'learning_rate': 0.05, 'max_depth': 9, 'n_estimators': 150, 'reg_alpha': 1, 'reg_lambda': 1.5, 'subsample': 0.7}",0.9823688243014796,0.9873059638694429,0.9872967965574946,0.9943541992883982,0.9878314460042038,0.004270495515111827,710
633,0.382499635219574,0.040635894746862446,0.012001097202301025,1.5301105562440676e-06,1.0,0.2,0.05,9,150,1,1.5,1.0,"{'colsample_bytree': 1.0, 'gamma': 0.2, 'learning_rate': 0.05, 'max_depth': 9, 'n_estimators': 150, 'reg_alpha': 1, 'reg_lambda': 1.5, 'subsample': 1.0}",0.9823693153475482,0.9901264483065952,0.9880027272641247,0.9957657000788889,0.9890660477492892,0.004795483969166798,512
634,0.4764974117279053,0.044858185519645113,0.013751029968261719,0.0024883546361947778,1.0,0.2,0.05,9,150,1,2,0.7,"{'colsample_bytree': 1.0, 'gamma': 0.2, 'learning_rate': 0.05, 'max_depth': 9, 'n_estimators': 150, 'reg_alpha': 1, 'reg_lambda': 2, 'subsample': 0.7}",0.9823688243014796,0.987305837603845,0.9872967965574946,0.995059946520522,0.9880078512458352,0.004542276262122854,699
635,0.4450007677078247,0.08314309998589313,0.011498093605041504,0.000499492286184467,1.0,0.2,0.05,9,150,1,2,1.0,"{'colsample_bytree': 1.0, 'gamma': 0.2, 'learning_rate': 0.05, 'max_depth': 9, 'n_estimators': 150, 'reg_alpha': 1, 'reg_lambda': 2, 'subsample': 1.0}",0.980958633294789,0.9887159409218234,0.9865911498501135,0.997177133385926,0.988360714363163,0.005826182133300033,652
636,0.6522473096847534,0.059010726989898406,0.01800239086151123,0.0007050328144693059,1.0,0.2,0.05,9,350,0.5,1,0.7,"{'colsample_bytree': 1.0, 'gamma': 0.2, 'learning_rate': 0.05, 'max_depth': 9, 'n_estimators': 350, 'reg_alpha': 0.5, 'reg_lambda': 1, 'subsample': 0.7}",0.9851900481181693,0.9915371072185253,0.988708398576796,0.9957655988524983,0.9903002881914972,0.003874532490485461,125
637,0.5127506256103516,0.032065253677788126,0.012749552726745605,0.00043256839721699257,1.0,0.2,0.05,9,350,0.5,1,1.0,"{'colsample_bytree': 1.0, 'gamma': 0.2, 'learning_rate': 0.05, 'max_depth': 9, 'n_estimators': 350, 'reg_alpha': 0.5, 'reg_lambda': 1, 'subsample': 1.0}",0.9844846965672964,0.9887161429580337,0.988708398576796,0.997177133385926,0.989771592872013,0.004610793301329304,265
638,0.6502481698989868,0.0661892007527295,0.01875227689743042,0.0004348062503733285,1.0,0.2,0.05,9,350,0.5,1.5,0.7,"{'colsample_bytree': 1.0, 'gamma': 0.2, 'learning_rate': 0.05, 'max_depth': 9, 'n_estimators': 350, 'reg_alpha': 0.5, 'reg_lambda': 1.5, 'subsample': 0.7}",0.9844846965672964,0.9915371072185253,0.9887082636066619,0.9943541992883982,0.9897710666702204,0.0036468912456728143,309
639,0.5212504863739014,0.02340282494377796,0.013250589370727539,0.00043277789470406146,1.0,0.2,0.05,9,350,0.5,1.5,1.0,"{'colsample_bytree': 1.0, 'gamma': 0.2, 'learning_rate': 0.05, 'max_depth': 9, 'n_estimators': 350, 'reg_alpha': 0.5, 'reg_lambda': 1.5, 'subsample': 1.0}",0.9837795765103758,0.9887161429580337,0.988708398576796,0.9971771221387733,0.9895953100459947,0.004818354955020324,330
640,0.685254693031311,0.04576697973841967,0.02249431610107422,0.00496782041895055,1.0,0.2,0.05,9,350,0.5,2,0.7,"{'colsample_bytree': 1.0, 'gamma': 0.2, 'learning_rate': 0.05, 'max_depth': 9, 'n_estimators': 350, 'reg_alpha': 0.5, 'reg_lambda': 2, 'subsample': 0.7}",0.9851900481181693,0.9915371072185253,0.988708398576796,0.9943541992883982,0.9899474383004722,0.0033953854883227007,250
641,0.4927480220794678,0.023144347351694104,0.013501346111297607,0.0008664798267217739,1.0,0.2,0.05,9,350,0.5,2,1.0,"{'colsample_bytree': 1.0, 'gamma': 0.2, 'learning_rate': 0.05, 'max_depth': 9, 'n_estimators': 350, 'reg_alpha': 0.5, 'reg_lambda': 2, 'subsample': 1.0}",0.9837793183573613,0.9901264483065952,0.9880027272641247,0.9964714114603177,0.9895949763470997,0.00458052828028247,359
642,0.6277504563331604,0.05588384627723328,0.0179978609085083,0.0007089955333682531,1.0,0.2,0.05,9,350,1,1,0.7,"{'colsample_bytree': 1.0, 'gamma': 0.2, 'learning_rate': 0.05, 'max_depth': 9, 'n_estimators': 350, 'reg_alpha': 1, 'reg_lambda': 1, 'subsample': 0.7}",0.9844846965672964,0.989421589208529,0.988708398576796,0.9957656832081598,0.9895950918901953,0.004031397579693002,353
643,0.4614979028701782,0.050003006220324026,0.01375114917755127,0.002486258793598811,1.0,0.2,0.05,9,350,1,1,1.0,"{'colsample_bytree': 1.0, 'gamma': 0.2, 'learning_rate': 0.05, 'max_depth': 9, 'n_estimators': 350, 'reg_alpha': 1, 'reg_lambda': 1, 'subsample': 1.0}",0.9823691049025824,0.9887161429580337,0.9880027272641247,0.9964714114603177,0.9888898466462646,0.00502039220795946,543
644,0.6912481784820557,0.08672635368685208,0.019001126289367676,0.0007068033381520737,1.0,0.2,0.05,9,350,1,1.5,0.7,"{'colsample_bytree': 1.0, 'gamma': 0.2, 'learning_rate': 0.05, 'max_depth': 9, 'n_estimators': 350, 'reg_alpha': 1, 'reg_lambda': 1.5, 'subsample': 0.7}",0.9837793183573613,0.989421589208529,0.988708398576796,0.995059946520522,0.989242313165802,0.004000199208003571,460
645,0.4772487282752991,0.0689536824163913,0.01325082778930664,0.0004318116895834355,1.0,0.2,0.05,9,350,1,1.5,1.0,"{'colsample_bytree': 1.0, 'gamma': 0.2, 'learning_rate': 0.05, 'max_depth': 9, 'n_estimators': 350, 'reg_alpha': 1, 'reg_lambda': 1.5, 'subsample': 1.0}",0.9837795765103758,0.9901264483065952,0.9880027272641247,0.9957657000788889,0.9894186130399962,0.004318275412610588,400
646,0.6547480821609497,0.07927802740900466,0.018498718738555908,0.0008679250953859551,1.0,0.2,0.05,9,350,1,2,0.7,"{'colsample_bytree': 1.0, 'gamma': 0.2, 'learning_rate': 0.05, 'max_depth': 9, 'n_estimators': 350, 'reg_alpha': 1, 'reg_lambda': 2, 'subsample': 0.7}",0.9823688243014796,0.989421589208529,0.9880026077606279,0.9943541992883982,0.9885368051397586,0.004270663648375461,640
647,0.46875232458114624,0.01945833798786788,0.013749122619628906,0.000435252592115463,1.0,0.2,0.05,9,350,1,2,1.0,"{'colsample_bytree': 1.0, 'gamma': 0.2, 'learning_rate': 0.05, 'max_depth': 9, 'n_estimators': 350, 'reg_alpha': 1, 'reg_lambda': 2, 'subsample': 1.0}",0.9830739113827349,0.9901264483065952,0.9865911498501135,0.9964714184897671,0.9890657320073026,0.004949615707148762,532
648,0.8682477474212646,0.06513841507532707,0.020749449729919434,0.0010903021672127435,1.0,0.2,0.05,9,450,0.5,1,0.7,"{'colsample_bytree': 1.0, 'gamma': 0.2, 'learning_rate': 0.05, 'max_depth': 9, 'n_estimators': 450, 'reg_alpha': 0.5, 'reg_lambda': 1, 'subsample': 0.7}",0.9851900481181693,0.9915371072185253,0.9901198487546965,0.9957655988524983,0.9906531507359723,0.0037765197610728695,53
649,0.5029997229576111,0.03889178916131748,0.013249814510345459,0.0004340491060666264,1.0,0.2,0.05,9,450,0.5,1,1.0,"{'colsample_bytree': 1.0, 'gamma': 0.2, 'learning_rate': 0.05, 'max_depth': 9, 'n_estimators': 450, 'reg_alpha': 0.5, 'reg_lambda': 1, 'subsample': 1.0}",0.9844846965672964,0.9887161429580337,0.988708398576796,0.997177133385926,0.989771592872013,0.004610793301329304,265
650,0.8149994015693665,0.09567851620507312,0.022751450538635254,0.002682380016491967,1.0,0.2,0.05,9,450,0.5,1.5,0.7,"{'colsample_bytree': 1.0, 'gamma': 0.2, 'learning_rate': 0.05, 'max_depth': 9, 'n_estimators': 450, 'reg_alpha': 0.5, 'reg_lambda': 1.5, 'subsample': 0.7}",0.9844846965672964,0.9915371072185253,0.9894140656711422,0.9950598973131997,0.9901239416925409,0.0038296770177553463,186
651,0.518747866153717,0.02930435990866717,0.016001582145690918,0.00291610344258217,1.0,0.2,0.05,9,450,0.5,1.5,1.0,"{'colsample_bytree': 1.0, 'gamma': 0.2, 'learning_rate': 0.05, 'max_depth': 9, 'n_estimators': 450, 'reg_alpha': 0.5, 'reg_lambda': 1.5, 'subsample': 1.0}",0.9837795765103758,0.9887161429580337,0.988708398576796,0.9971771221387733,0.9895953100459947,0.004818354955020324,330
652,0.7677515149116516,0.08863034946864302,0.023247718811035156,0.0027739063459365203,1.0,0.2,0.05,9,450,0.5,2,0.7,"{'colsample_bytree': 1.0, 'gamma': 0.2, 'learning_rate': 0.05, 'max_depth': 9, 'n_estimators': 450, 'reg_alpha': 0.5, 'reg_lambda': 2, 'subsample': 0.7}",0.9851900481181693,0.9915371072185253,0.9894140656711422,0.9950598973131997,0.9903002795802591,0.0035736376515864594,126
653,0.5719976425170898,0.05706450802743624,0.014248907566070557,0.0004320571395908105,1.0,0.2,0.05,9,450,0.5,2,1.0,"{'colsample_bytree': 1.0, 'gamma': 0.2, 'learning_rate': 0.05, 'max_depth': 9, 'n_estimators': 450, 'reg_alpha': 0.5, 'reg_lambda': 2, 'subsample': 1.0}",0.9837793183573613,0.9901264483065952,0.9880027272641247,0.9964714114603177,0.9895949763470997,0.00458052828028247,359
654,0.7692492008209229,0.08954478887939331,0.02225041389465332,0.005672681941873801,1.0,0.2,0.05,9,450,1,1,0.7,"{'colsample_bytree': 1.0, 'gamma': 0.2, 'learning_rate': 0.05, 'max_depth': 9, 'n_estimators': 450, 'reg_alpha': 1, 'reg_lambda': 1, 'subsample': 0.7}",0.9844846965672964,0.9908319345493428,0.988708398576796,0.995059946520522,0.9897712440534893,0.003813550279722661,292
655,0.5152489542961121,0.0646502263662144,0.014248907566070557,0.003897417316404205,1.0,0.2,0.05,9,450,1,1,1.0,"{'colsample_bytree': 1.0, 'gamma': 0.2, 'learning_rate': 0.05, 'max_depth': 9, 'n_estimators': 450, 'reg_alpha': 1, 'reg_lambda': 1, 'subsample': 1.0}",0.9823691049025824,0.9887161429580337,0.9880027272641247,0.9964714114603177,0.9888898466462646,0.00502039220795946,543
656,0.6654987335205078,0.031822093564209716,0.01950281858444214,0.0008672396157249542,1.0,0.2,0.05,9,450,1,1.5,0.7,"{'colsample_bytree': 1.0, 'gamma': 0.2, 'learning_rate': 0.05, 'max_depth': 9, 'n_estimators': 450, 'reg_alpha': 1, 'reg_lambda': 1.5, 'subsample': 0.7}",0.9844846965672964,0.9908319345493428,0.988708398576796,0.995059946520522,0.9897712440534893,0.003813550279722661,292
657,0.5532478094100952,0.07337904199628131,0.01650083065032959,0.004092248997354167,1.0,0.2,0.05,9,450,1,1.5,1.0,"{'colsample_bytree': 1.0, 'gamma': 0.2, 'learning_rate': 0.05, 'max_depth': 9, 'n_estimators': 450, 'reg_alpha': 1, 'reg_lambda': 1.5, 'subsample': 1.0}",0.9837795765103758,0.9901264483065952,0.9880027272641247,0.9957657000788889,0.9894186130399962,0.004318275412610588,400
658,0.8059992790222168,0.1268201659885993,0.022249937057495117,0.002775389087348318,1.0,0.2,0.05,9,450,1,2,0.7,"{'colsample_bytree': 1.0, 'gamma': 0.2, 'learning_rate': 0.05, 'max_depth': 9, 'n_estimators': 450, 'reg_alpha': 1, 'reg_lambda': 2, 'subsample': 0.7}",0.9823688243014796,0.9908319345493428,0.9894140656711422,0.9943541992883982,0.9892422559525907,0.004356966374421609,469
659,0.5397472977638245,0.07621157673506031,0.014999926090240479,0.0018723186374589613,1.0,0.2,0.05,9,450,1,2,1.0,"{'colsample_bytree': 1.0, 'gamma': 0.2, 'learning_rate': 0.05, 'max_depth': 9, 'n_estimators': 450, 'reg_alpha': 1, 'reg_lambda': 2, 'subsample': 1.0}",0.9830739113827349,0.9901264483065952,0.9865911498501135,0.9964714184897671,0.9890657320073026,0.004949615707148762,532
660,0.8705014586448669,0.06132909948732826,0.02449822425842285,0.00229112254577685,1.0,0.2,0.05,9,650,0.5,1,0.7,"{'colsample_bytree': 1.0, 'gamma': 0.2, 'learning_rate': 0.05, 'max_depth': 9, 'n_estimators': 650, 'reg_alpha': 0.5, 'reg_lambda': 1, 'subsample': 0.7}",0.9851900481181693,0.9915371072185253,0.9894141711154042,0.9957655988524983,0.9904767313261492,0.0038136127978400185,88
661,0.6047480702400208,0.012070708358003718,0.014001011848449707,2.6656007498500226e-07,1.0,0.2,0.05,9,650,0.5,1,1.0,"{'colsample_bytree': 1.0, 'gamma': 0.2, 'learning_rate': 0.05, 'max_depth': 9, 'n_estimators': 650, 'reg_alpha': 0.5, 'reg_lambda': 1, 'subsample': 1.0}",0.9844846965672964,0.9887161429580337,0.988708398576796,0.997177133385926,0.989771592872013,0.004610793301329304,265
662,1.1037461161613464,0.04325822917617409,0.0270005464553833,0.001998783729153549,1.0,0.2,0.05,9,650,0.5,1.5,0.7,"{'colsample_bytree': 1.0, 'gamma': 0.2, 'learning_rate': 0.05, 'max_depth': 9, 'n_estimators': 650, 'reg_alpha': 0.5, 'reg_lambda': 1.5, 'subsample': 0.7}",0.9844846965672964,0.9915371072185253,0.988708398576796,0.9957655988524983,0.990123950303779,0.004111878530828658,183
663,0.5742506384849548,0.02986185852125488,0.01449894905090332,0.0004987755708286436,1.0,0.2,0.05,9,650,0.5,1.5,1.0,"{'colsample_bytree': 1.0, 'gamma': 0.2, 'learning_rate': 0.05, 'max_depth': 9, 'n_estimators': 650, 'reg_alpha': 0.5, 'reg_lambda': 1.5, 'subsample': 1.0}",0.9837795765103758,0.9887161429580337,0.988708398576796,0.9971771221387733,0.9895953100459947,0.004818354955020324,330
664,1.0037471055984497,0.10528944984308083,0.02674853801727295,0.004324976626270774,1.0,0.2,0.05,9,650,0.5,2,0.7,"{'colsample_bytree': 1.0, 'gamma': 0.2, 'learning_rate': 0.05, 'max_depth': 9, 'n_estimators': 650, 'reg_alpha': 0.5, 'reg_lambda': 2, 'subsample': 0.7}",0.9851900481181693,0.9915371072185253,0.9880026077606279,0.9950598973131997,0.9899474151026305,0.00371077524242147,253
665,0.6342484951019287,0.05600769509560782,0.016500532627105713,0.0026910047232001954,1.0,0.2,0.05,9,650,0.5,2,1.0,"{'colsample_bytree': 1.0, 'gamma': 0.2, 'learning_rate': 0.05, 'max_depth': 9, 'n_estimators': 650, 'reg_alpha': 0.5, 'reg_lambda': 2, 'subsample': 1.0}",0.9837793183573613,0.9901264483065952,0.9880027272641247,0.9964714114603177,0.9895949763470997,0.00458052828028247,359
666,0.8034992814064026,0.0339525387409768,0.021001875400543213,0.0007091641780774582,1.0,0.2,0.05,9,650,1,1,0.7,"{'colsample_bytree': 1.0, 'gamma': 0.2, 'learning_rate': 0.05, 'max_depth': 9, 'n_estimators': 650, 'reg_alpha': 1, 'reg_lambda': 1, 'subsample': 0.7}",0.9844846965672964,0.9908319345493428,0.988708398576796,0.9950598973131997,0.9897712317516587,0.0038135332193365372,295
667,0.5792508721351624,0.051075746280400486,0.014498353004455566,0.0008691988456356228,1.0,0.2,0.05,9,650,1,1,1.0,"{'colsample_bytree': 1.0, 'gamma': 0.2, 'learning_rate': 0.05, 'max_depth': 9, 'n_estimators': 650, 'reg_alpha': 1, 'reg_lambda': 1, 'subsample': 1.0}",0.9823691049025824,0.9887161429580337,0.9880027272641247,0.9964714114603177,0.9888898466462646,0.00502039220795946,543
668,0.8687511682510376,0.05906069529774128,0.02274906635284424,0.0008296006913840209,1.0,0.2,0.05,9,650,1,1.5,0.7,"{'colsample_bytree': 1.0, 'gamma': 0.2, 'learning_rate': 0.05, 'max_depth': 9, 'n_estimators': 650, 'reg_alpha': 1, 'reg_lambda': 1.5, 'subsample': 0.7}",0.9844846965672964,0.9908319345493428,0.9894140656711422,0.995059946520522,0.9899476608270759,0.003776443674986069,236
669,0.6259974241256714,0.035431429524347566,0.0132521390914917,0.00043229866166791806,1.0,0.2,0.05,9,650,1,1.5,1.0,"{'colsample_bytree': 1.0, 'gamma': 0.2, 'learning_rate': 0.05, 'max_depth': 9, 'n_estimators': 650, 'reg_alpha': 1, 'reg_lambda': 1.5, 'subsample': 1.0}",0.9837795765103758,0.9901264483065952,0.9880027272641247,0.9957657000788889,0.9894186130399962,0.004318275412610588,400
670,0.8892555832862854,0.03493697677528753,0.022744715213775635,0.0008340652627968732,1.0,0.2,0.05,9,650,1,2,0.7,"{'colsample_bytree': 1.0, 'gamma': 0.2, 'learning_rate': 0.05, 'max_depth': 9, 'n_estimators': 650, 'reg_alpha': 1, 'reg_lambda': 2, 'subsample': 0.7}",0.9830742144370506,0.9908319345493428,0.9894140656711422,0.9943541992883982,0.9894186034864835,0.004080713896349926,408
671,0.5562485456466675,0.032299215178169714,0.014248967170715332,0.00043270622339371063,1.0,0.2,0.05,9,650,1,2,1.0,"{'colsample_bytree': 1.0, 'gamma': 0.2, 'learning_rate': 0.05, 'max_depth': 9, 'n_estimators': 650, 'reg_alpha': 1, 'reg_lambda': 2, 'subsample': 1.0}",0.9830739113827349,0.9901264483065952,0.9865911498501135,0.9964714184897671,0.9890657320073026,0.004949615707148762,532
672,0.2519984245300293,0.01644569941360982,0.011249244213104248,0.0004328092974473125,1.0,0.2,0.1,5,150,0.5,1,0.7,"{'colsample_bytree': 1.0, 'gamma': 0.2, 'learning_rate': 0.1, 'max_depth': 5, 'n_estimators': 150, 'reg_alpha': 0.5, 'reg_lambda': 1, 'subsample': 0.7}",0.9858953751153834,0.9887163000923067,0.988708398576796,0.9971771221387733,0.9901242989808148,0.004231233460268752,153
673,0.17974978685379028,0.0019203602121671958,0.008749783039093018,0.0004333609508663421,1.0,0.2,0.1,5,150,0.5,1,1.0,"{'colsample_bytree': 1.0, 'gamma': 0.2, 'learning_rate': 0.1, 'max_depth': 5, 'n_estimators': 150, 'reg_alpha': 0.5, 'reg_lambda': 1, 'subsample': 1.0}",0.9816639876499984,0.9880111344363328,0.988708488555093,0.9964713903718013,0.9887137502533063,0.005252947497424932,580
674,0.2822486162185669,0.033101452833203704,0.0120011568069458,0.0018712032854988263,1.0,0.2,0.1,5,150,0.5,1.5,0.7,"{'colsample_bytree': 1.0, 'gamma': 0.2, 'learning_rate': 0.1, 'max_depth': 5, 'n_estimators': 150, 'reg_alpha': 0.5, 'reg_lambda': 1.5, 'subsample': 0.7}",0.985189812413243,0.9887164123283938,0.988708398576796,0.9950598973131997,0.9894186301579081,0.0035603487685149085,399
675,0.18550139665603638,0.004153950945823343,0.008250594139099121,0.0004354700335965728,1.0,0.2,0.1,5,150,0.5,1.5,1.0,"{'colsample_bytree': 1.0, 'gamma': 0.2, 'learning_rate': 0.1, 'max_depth': 5, 'n_estimators': 150, 'reg_alpha': 0.5, 'reg_lambda': 1.5, 'subsample': 1.0}",0.980253250176559,0.9880111344363328,0.9880026077606279,0.9964714114603177,0.9881846009584594,0.00573674048736775,665
676,0.25025033950805664,0.022082483362492192,0.010503232479095459,0.0005006201850012194,1.0,0.2,0.1,5,150,0.5,2,0.7,"{'colsample_bytree': 1.0, 'gamma': 0.2, 'learning_rate': 0.1, 'max_depth': 5, 'n_estimators': 150, 'reg_alpha': 0.5, 'reg_lambda': 2, 'subsample': 0.7}",0.9837795765103758,0.989421589208529,0.988708398576796,0.9957656494662985,0.9894188034404998,0.004259930095538831,385
677,0.18375253677368164,0.01371747460226709,0.008998453617095947,0.0007100067332115403,1.0,0.2,0.1,5,150,0.5,2,1.0,"{'colsample_bytree': 1.0, 'gamma': 0.2, 'learning_rate': 0.1, 'max_depth': 5, 'n_estimators': 150, 'reg_alpha': 0.5, 'reg_lambda': 2, 'subsample': 1.0}",0.9816637323068047,0.9873056608277879,0.9894141711154042,0.9978828468761906,0.9890666027815469,0.00582559807044216,495
678,0.2394997477531433,0.01105672557043071,0.011501491069793701,0.0011167050489007348,1.0,0.2,0.1,5,150,1,1,0.7,"{'colsample_bytree': 1.0, 'gamma': 0.2, 'learning_rate': 0.1, 'max_depth': 5, 'n_estimators': 150, 'reg_alpha': 1, 'reg_lambda': 1, 'subsample': 0.7}",0.9823684735375408,0.9880111344363328,0.988708398576796,0.9957656494662985,0.9887134140042421,0.004756193758781435,595
679,0.16699886322021484,0.016807741672636843,0.010251402854919434,0.0038976581169615147,1.0,0.2,0.1,5,150,1,1,1.0,"{'colsample_bytree': 1.0, 'gamma': 0.2, 'learning_rate': 0.1, 'max_depth': 5, 'n_estimators': 150, 'reg_alpha': 1, 'reg_lambda': 1, 'subsample': 1.0}",0.9816639876499984,0.9866005197259626,0.9872969483988956,0.995059946520522,0.9876553505738446,0.004794934594325599,722
680,0.25749969482421875,0.023307627945525565,0.010500967502593994,0.0005003817951907099,1.0,0.2,0.1,5,150,1,1.5,0.7,"{'colsample_bytree': 1.0, 'gamma': 0.2, 'learning_rate': 0.1, 'max_depth': 5, 'n_estimators': 150, 'reg_alpha': 1, 'reg_lambda': 1.5, 'subsample': 0.7}",0.9830739113827349,0.9880111344363328,0.9880026077606279,0.9964713903718013,0.9888897609878742,0.004818304582799663,548
681,0.19299960136413574,0.018123097579092067,0.00799936056137085,3.173632505410704e-06,1.0,0.2,0.1,5,150,1,1.5,1.0,"{'colsample_bytree': 1.0, 'gamma': 0.2, 'learning_rate': 0.1, 'max_depth': 5, 'n_estimators': 150, 'reg_alpha': 1, 'reg_lambda': 1.5, 'subsample': 1.0}",0.980957951420544,0.9866005197259626,0.9880026077606279,0.9957656832081598,0.9878316905288236,0.0052853931596996305,706
682,0.29774945974349976,0.031515343716888765,0.01150059700012207,0.0008656880934460277,1.0,0.2,0.1,5,150,1,2,0.7,"{'colsample_bytree': 1.0, 'gamma': 0.2, 'learning_rate': 0.1, 'max_depth': 5, 'n_estimators': 150, 'reg_alpha': 1, 'reg_lambda': 2, 'subsample': 0.7}",0.9816634039979629,0.9887163000923067,0.9880026077606279,0.9943542442775466,0.988184139032111,0.004497397389653066,676
683,0.2187490463256836,0.03693015935647371,0.009749650955200195,0.003112107069976908,1.0,0.2,0.1,5,150,1,2,1.0,"{'colsample_bytree': 1.0, 'gamma': 0.2, 'learning_rate': 0.1, 'max_depth': 5, 'n_estimators': 150, 'reg_alpha': 1, 'reg_lambda': 2, 'subsample': 1.0}",0.980253250176559,0.9858953751153834,0.9872969483988956,0.997177133385926,0.987655676769191,0.006096749205923688,713
684,0.4967488646507263,0.0709862344349033,0.01774972677230835,0.005356231239621028,1.0,0.2,0.1,5,350,0.5,1,0.7,"{'colsample_bytree': 1.0, 'gamma': 0.2, 'learning_rate': 0.1, 'max_depth': 5, 'n_estimators': 350, 'reg_alpha': 0.5, 'reg_lambda': 1, 'subsample': 0.7}",0.9851900481181693,0.9915371072185253,0.988708398576796,0.9957656494662985,0.9903003008449472,0.0038745503391205125,123
685,0.25050169229507446,0.014044213915656127,0.008998274803161621,0.0007068871342073079,1.0,0.2,0.1,5,350,0.5,1,1.0,"{'colsample_bytree': 1.0, 'gamma': 0.2, 'learning_rate': 0.1, 'max_depth': 5, 'n_estimators': 350, 'reg_alpha': 0.5, 'reg_lambda': 1, 'subsample': 1.0}",0.9816639876499984,0.9880111344363328,0.988708488555093,0.9964713903718013,0.9887137502533063,0.005252947497424932,580
686,0.41349953413009644,0.014447979967545686,0.014251291751861572,0.0004321959508219609,1.0,0.2,0.1,5,350,0.5,1.5,0.7,"{'colsample_bytree': 1.0, 'gamma': 0.2, 'learning_rate': 0.1, 'max_depth': 5, 'n_estimators': 350, 'reg_alpha': 0.5, 'reg_lambda': 1.5, 'subsample': 0.7}",0.9858951786975421,0.990832043980725,0.988708398576796,0.9957655988524983,0.9903003050268904,0.0036087216240180734,122
687,0.29024726152420044,0.0456823561353462,0.010748147964477539,0.002486150400450591,1.0,0.2,0.1,5,350,0.5,1.5,1.0,"{'colsample_bytree': 1.0, 'gamma': 0.2, 'learning_rate': 0.1, 'max_depth': 5, 'n_estimators': 350, 'reg_alpha': 0.5, 'reg_lambda': 1.5, 'subsample': 1.0}",0.980253250176559,0.9880111344363328,0.9880026077606279,0.9964714114603177,0.9881846009584594,0.00573674048736775,665
688,0.5519964694976807,0.058987463544565716,0.017501771450042725,0.0039072762822502235,1.0,0.2,0.1,5,350,0.5,2,0.7,"{'colsample_bytree': 1.0, 'gamma': 0.2, 'learning_rate': 0.1, 'max_depth': 5, 'n_estimators': 350, 'reg_alpha': 0.5, 'reg_lambda': 2, 'subsample': 0.7}",0.9851900481181693,0.9915371072185253,0.9901199274857064,0.9957655988524983,0.9906531704187248,0.003776516981721957,51
689,0.2727484107017517,0.02836889858453875,0.009752154350280762,0.0004334061730361006,1.0,0.2,0.1,5,350,0.5,2,1.0,"{'colsample_bytree': 1.0, 'gamma': 0.2, 'learning_rate': 0.1, 'max_depth': 5, 'n_estimators': 350, 'reg_alpha': 0.5, 'reg_lambda': 2, 'subsample': 1.0}",0.9816637323068047,0.9873056608277879,0.9894141711154042,0.9978828468761906,0.9890666027815469,0.00582559807044216,495
690,0.466250479221344,0.05432405484312629,0.013249635696411133,0.0008297793269076725,1.0,0.2,0.1,5,350,1,1,0.7,"{'colsample_bytree': 1.0, 'gamma': 0.2, 'learning_rate': 0.1, 'max_depth': 5, 'n_estimators': 350, 'reg_alpha': 1, 'reg_lambda': 1, 'subsample': 0.7}",0.9858951786975421,0.9901266250882795,0.988708398576796,0.9950598973131997,0.9899475249189543,0.003321346577749712,248
691,0.25499802827835083,0.031552809968564445,0.0097503662109375,0.00043305028517405823,1.0,0.2,0.1,5,350,1,1,1.0,"{'colsample_bytree': 1.0, 'gamma': 0.2, 'learning_rate': 0.1, 'max_depth': 5, 'n_estimators': 350, 'reg_alpha': 1, 'reg_lambda': 1, 'subsample': 1.0}",0.9816639876499984,0.9866005197259626,0.9872969483988956,0.995059946520522,0.9876553505738446,0.004794934594325599,722
692,0.42074936628341675,0.04141460718540118,0.013750016689300537,0.00109009701926621,1.0,0.2,0.1,5,350,1,1.5,0.7,"{'colsample_bytree': 1.0, 'gamma': 0.2, 'learning_rate': 0.1, 'max_depth': 5, 'n_estimators': 350, 'reg_alpha': 1, 'reg_lambda': 1.5, 'subsample': 0.7}",0.9844846965672964,0.989421589208529,0.9880026077606279,0.9950598973131997,0.9892421977124132,0.003809468806415934,475
693,0.2614997625350952,0.030713283689944332,0.01049894094467163,0.0015009057270434995,1.0,0.2,0.1,5,350,1,1.5,1.0,"{'colsample_bytree': 1.0, 'gamma': 0.2, 'learning_rate': 0.1, 'max_depth': 5, 'n_estimators': 350, 'reg_alpha': 1, 'reg_lambda': 1.5, 'subsample': 1.0}",0.980957951420544,0.9866005197259626,0.9880026077606279,0.9957656832081598,0.9878316905288236,0.0052853931596996305,706
694,0.4395005702972412,0.03943584315543051,0.014499783515930176,0.0005012769052696151,1.0,0.2,0.1,5,350,1,2,0.7,"{'colsample_bytree': 1.0, 'gamma': 0.2, 'learning_rate': 0.1, 'max_depth': 5, 'n_estimators': 350, 'reg_alpha': 1, 'reg_lambda': 2, 'subsample': 0.7}",0.9844846965672964,0.9901266250882795,0.9880026077606279,0.9936485026692425,0.9890656080213616,0.003325785616744275,537
695,0.270748496055603,0.025704376907591926,0.009501814842224121,0.0005008020845794357,1.0,0.2,0.1,5,350,1,2,1.0,"{'colsample_bytree': 1.0, 'gamma': 0.2, 'learning_rate': 0.1, 'max_depth': 5, 'n_estimators': 350, 'reg_alpha': 1, 'reg_lambda': 2, 'subsample': 1.0}",0.980253250176559,0.9858953751153834,0.9872969483988956,0.997177133385926,0.987655676769191,0.006096749205923688,713
696,0.5219963788986206,0.02301424010362088,0.01624917984008789,0.0008285570128050833,1.0,0.2,0.1,5,450,0.5,1,0.7,"{'colsample_bytree': 1.0, 'gamma': 0.2, 'learning_rate': 0.1, 'max_depth': 5, 'n_estimators': 450, 'reg_alpha': 0.5, 'reg_lambda': 1, 'subsample': 0.7}",0.9851900481181693,0.9915371072185253,0.9894141711154042,0.9964713903718013,0.990653179205975,0.004062445452943512,50
697,0.29699957370758057,0.030683697435886673,0.00950014591217041,0.000499846598081721,1.0,0.2,0.1,5,450,0.5,1,1.0,"{'colsample_bytree': 1.0, 'gamma': 0.2, 'learning_rate': 0.1, 'max_depth': 5, 'n_estimators': 450, 'reg_alpha': 0.5, 'reg_lambda': 1, 'subsample': 1.0}",0.9816639876499984,0.9880111344363328,0.988708488555093,0.9964713903718013,0.9887137502533063,0.005252947497424932,580
698,0.5504947304725647,0.03456482483822285,0.016750872135162354,0.0008287908789182748,1.0,0.2,0.1,5,450,0.5,1.5,0.7,"{'colsample_bytree': 1.0, 'gamma': 0.2, 'learning_rate': 0.1, 'max_depth': 5, 'n_estimators': 450, 'reg_alpha': 0.5, 'reg_lambda': 1.5, 'subsample': 0.7}",0.9858951786975421,0.99153722506923,0.9894141711154042,0.9950598973131997,0.990476618048844,0.0033260230036335535,93
699,0.29649782180786133,0.009859920105087407,0.010251104831695557,0.0004323283406518419,1.0,0.2,0.1,5,450,0.5,1.5,1.0,"{'colsample_bytree': 1.0, 'gamma': 0.2, 'learning_rate': 0.1, 'max_depth': 5, 'n_estimators': 450, 'reg_alpha': 0.5, 'reg_lambda': 1.5, 'subsample': 1.0}",0.980253250176559,0.9880111344363328,0.9880026077606279,0.9964714114603177,0.9881846009584594,0.00573674048736775,665
700,0.5522498488426208,0.0210043624296479,0.01699960231781006,0.0007068034185753153,1.0,0.2,0.1,5,450,0.5,2,0.7,"{'colsample_bytree': 1.0, 'gamma': 0.2, 'learning_rate': 0.1, 'max_depth': 5, 'n_estimators': 450, 'reg_alpha': 0.5, 'reg_lambda': 2, 'subsample': 0.7}",0.9858951786975421,0.992242282692651,0.9901199274857064,0.9957655988524983,0.9910057469320994,0.0035737863241568535,12
701,0.29475075006484985,0.015287006801127793,0.010249972343444824,0.0004328440713465262,1.0,0.2,0.1,5,450,0.5,2,1.0,"{'colsample_bytree': 1.0, 'gamma': 0.2, 'learning_rate': 0.1, 'max_depth': 5, 'n_estimators': 450, 'reg_alpha': 0.5, 'reg_lambda': 2, 'subsample': 1.0}",0.9816637323068047,0.9873056608277879,0.9894141711154042,0.9978828468761906,0.9890666027815469,0.00582559807044216,495
702,0.49199938774108887,0.016080896032817062,0.015498459339141846,0.0008655874820809624,1.0,0.2,0.1,5,450,1,1,0.7,"{'colsample_bytree': 1.0, 'gamma': 0.2, 'learning_rate': 0.1, 'max_depth': 5, 'n_estimators': 450, 'reg_alpha': 1, 'reg_lambda': 1, 'subsample': 0.7}",0.9858951786975421,0.9908317886367694,0.9894141711154042,0.9950598973131997,0.9903002589407288,0.0032835409559487994,128
703,0.2892489433288574,0.013457872596441134,0.010249435901641846,0.0004328796877907936,1.0,0.2,0.1,5,450,1,1,1.0,"{'colsample_bytree': 1.0, 'gamma': 0.2, 'learning_rate': 0.1, 'max_depth': 5, 'n_estimators': 450, 'reg_alpha': 1, 'reg_lambda': 1, 'subsample': 1.0}",0.9816639876499984,0.9866005197259626,0.9872969483988956,0.995059946520522,0.9876553505738446,0.004794934594325599,722
704,0.5205002427101135,0.023921288088429287,0.015750110149383545,0.0008292580748287303,1.0,0.2,0.1,5,450,1,1.5,0.7,"{'colsample_bytree': 1.0, 'gamma': 0.2, 'learning_rate': 0.1, 'max_depth': 5, 'n_estimators': 450, 'reg_alpha': 1, 'reg_lambda': 1.5, 'subsample': 0.7}",0.9844846965672964,0.9908319345493428,0.9880026077606279,0.9957656494662985,0.9897712220858914,0.0041271545657807366,297
705,0.28924840688705444,0.019148114704136836,0.010001301765441895,0.0007057921771979202,1.0,0.2,0.1,5,450,1,1.5,1.0,"{'colsample_bytree': 1.0, 'gamma': 0.2, 'learning_rate': 0.1, 'max_depth': 5, 'n_estimators': 450, 'reg_alpha': 1, 'reg_lambda': 1.5, 'subsample': 1.0}",0.980957951420544,0.9866005197259626,0.9880026077606279,0.9957656832081598,0.9878316905288236,0.0052853931596996305,706
706,0.5099998712539673,0.02723136080648092,0.016750097274780273,0.0014785702195035876,1.0,0.2,0.1,5,450,1,2,0.7,"{'colsample_bytree': 1.0, 'gamma': 0.2, 'learning_rate': 0.1, 'max_depth': 5, 'n_estimators': 450, 'reg_alpha': 1, 'reg_lambda': 2, 'subsample': 0.7}",0.985189812413243,0.9922424061571363,0.9880026077606279,0.9936485026692425,0.9897708322500625,0.0033636797576568674,314
707,0.29250019788742065,0.014239587578552294,0.012750446796417236,0.0029481287101514137,1.0,0.2,0.1,5,450,1,2,1.0,"{'colsample_bytree': 1.0, 'gamma': 0.2, 'learning_rate': 0.1, 'max_depth': 5, 'n_estimators': 450, 'reg_alpha': 1, 'reg_lambda': 2, 'subsample': 1.0}",0.980253250176559,0.9858953751153834,0.9872969483988956,0.997177133385926,0.987655676769191,0.006096749205923688,713
708,0.6677502989768982,0.051803265306163596,0.017748653888702393,0.0004325380365455164,1.0,0.2,0.1,5,650,0.5,1,0.7,"{'colsample_bytree': 1.0, 'gamma': 0.2, 'learning_rate': 0.1, 'max_depth': 5, 'n_estimators': 650, 'reg_alpha': 0.5, 'reg_lambda': 1, 'subsample': 0.7}",0.9844849126269217,0.9922424061571363,0.9894141711154042,0.9950598973131997,0.9903003468031655,0.0039060689189937283,114
709,0.3627484440803528,0.01526787226042386,0.0120011568069458,0.0010002857310993862,1.0,0.2,0.1,5,650,0.5,1,1.0,"{'colsample_bytree': 1.0, 'gamma': 0.2, 'learning_rate': 0.1, 'max_depth': 5, 'n_estimators': 650, 'reg_alpha': 0.5, 'reg_lambda': 1, 'subsample': 1.0}",0.9816639876499984,0.9880111344363328,0.988708488555093,0.9964713903718013,0.9887137502533063,0.005252947497424932,580
710,0.7342482209205627,0.04248133270995674,0.01974952220916748,0.0008292399288692501,1.0,0.2,0.1,5,650,0.5,1.5,0.7,"{'colsample_bytree': 1.0, 'gamma': 0.2, 'learning_rate': 0.1, 'max_depth': 5, 'n_estimators': 650, 'reg_alpha': 0.5, 'reg_lambda': 1.5, 'subsample': 0.7}",0.9851900481181693,0.9922424061571363,0.988708398576796,0.9950598973131997,0.9903001875413253,0.003710605317726777,133
711,0.35825133323669434,0.009311662694610597,0.011499643325805664,0.0005006799811399333,1.0,0.2,0.1,5,650,0.5,1.5,1.0,"{'colsample_bytree': 1.0, 'gamma': 0.2, 'learning_rate': 0.1, 'max_depth': 5, 'n_estimators': 650, 'reg_alpha': 0.5, 'reg_lambda': 1.5, 'subsample': 1.0}",0.980253250176559,0.9880111344363328,0.9880026077606279,0.9964714114603177,0.9881846009584594,0.00573674048736775,665
712,0.7337520718574524,0.04229198394634757,0.018747687339782715,0.0010891617329376283,1.0,0.2,0.1,5,650,0.5,2,0.7,"{'colsample_bytree': 1.0, 'gamma': 0.2, 'learning_rate': 0.1, 'max_depth': 5, 'n_estimators': 650, 'reg_alpha': 0.5, 'reg_lambda': 2, 'subsample': 0.7}",0.9851900481181693,0.9929475893487711,0.9894141711154042,0.9950598973131997,0.990652926473886,0.0037438090381141887,57
713,0.3897489309310913,0.03641698235964133,0.01125025749206543,0.0008294197557694755,1.0,0.2,0.1,5,650,0.5,2,1.0,"{'colsample_bytree': 1.0, 'gamma': 0.2, 'learning_rate': 0.1, 'max_depth': 5, 'n_estimators': 650, 'reg_alpha': 0.5, 'reg_lambda': 2, 'subsample': 1.0}",0.9816637323068047,0.9873056608277879,0.9894141711154042,0.9978828468761906,0.9890666027815469,0.00582559807044216,495
714,0.6599981188774109,0.04888105799566588,0.017499923706054688,0.0008656880606146763,1.0,0.2,0.1,5,650,1,1,0.7,"{'colsample_bytree': 1.0, 'gamma': 0.2, 'learning_rate': 0.1, 'max_depth': 5, 'n_estimators': 650, 'reg_alpha': 1, 'reg_lambda': 1, 'subsample': 0.7}",0.985189812413243,0.9908317886367694,0.9894141711154042,0.9950598973131997,0.990123917369654,0.0035254117206432,188
715,0.36699962615966797,0.023205497974712132,0.011503279209136963,0.0011195271612206945,1.0,0.2,0.1,5,650,1,1,1.0,"{'colsample_bytree': 1.0, 'gamma': 0.2, 'learning_rate': 0.1, 'max_depth': 5, 'n_estimators': 650, 'reg_alpha': 1, 'reg_lambda': 1, 'subsample': 1.0}",0.9816639876499984,0.9866005197259626,0.9872969483988956,0.995059946520522,0.9876553505738446,0.004794934594325599,722
716,0.6992512941360474,0.023732672418958736,0.019749879837036133,0.0010902774351673804,1.0,0.2,0.1,5,650,1,1.5,0.7,"{'colsample_bytree': 1.0, 'gamma': 0.2, 'learning_rate': 0.1, 'max_depth': 5, 'n_estimators': 650, 'reg_alpha': 1, 'reg_lambda': 1.5, 'subsample': 0.7}",0.9844846965672964,0.9922424061571363,0.9880026077606279,0.9943541992883982,0.9897709774433647,0.003813980178355512,313
717,0.36050212383270264,0.015531256177937054,0.011249899864196777,0.00043325676165252564,1.0,0.2,0.1,5,650,1,1.5,1.0,"{'colsample_bytree': 1.0, 'gamma': 0.2, 'learning_rate': 0.1, 'max_depth': 5, 'n_estimators': 650, 'reg_alpha': 1, 'reg_lambda': 1.5, 'subsample': 1.0}",0.980957951420544,0.9866005197259626,0.9880026077606279,0.9957656832081598,0.9878316905288236,0.0052853931596996305,706
718,0.7089985609054565,0.022570056446065002,0.018501579761505127,0.0011189397620817163,1.0,0.2,0.1,5,650,1,2,0.7,"{'colsample_bytree': 1.0, 'gamma': 0.2, 'learning_rate': 0.1, 'max_depth': 5, 'n_estimators': 650, 'reg_alpha': 1, 'reg_lambda': 2, 'subsample': 0.7}",0.9844846965672964,0.9922424061571363,0.9880026077606279,0.9936485026692425,0.9895945532885758,0.003608689397499799,377
719,0.3780013918876648,0.014545051362958866,0.01224815845489502,0.0008287385654688503,1.0,0.2,0.1,5,650,1,2,1.0,"{'colsample_bytree': 1.0, 'gamma': 0.2, 'learning_rate': 0.1, 'max_depth': 5, 'n_estimators': 650, 'reg_alpha': 1, 'reg_lambda': 2, 'subsample': 1.0}",0.980253250176559,0.9858953751153834,0.9872969483988956,0.997177133385926,0.987655676769191,0.006096749205923688,713
720,0.29849499464035034,0.018794185974967324,0.012499630451202393,0.0016569534760245462,1.0,0.2,0.1,9,150,0.5,1,0.7,"{'colsample_bytree': 1.0, 'gamma': 0.2, 'learning_rate': 0.1, 'max_depth': 9, 'n_estimators': 150, 'reg_alpha': 0.5, 'reg_lambda': 1, 'subsample': 0.7}",0.9837795765103758,0.9908319345493428,0.9880026077606279,0.9957656494662985,0.9895949420716613,0.004357802924340157,363
721,0.2255023717880249,0.011280473744310354,0.00924903154373169,0.00043315867422195626,1.0,0.2,0.1,9,150,0.5,1,1.0,"{'colsample_bytree': 1.0, 'gamma': 0.2, 'learning_rate': 0.1, 'max_depth': 9, 'n_estimators': 150, 'reg_alpha': 0.5, 'reg_lambda': 1, 'subsample': 1.0}",0.9823691049025824,0.9894212945808878,0.9880027272641247,0.9957656494662985,0.9888896940534734,0.004766187022139152,551
722,0.3184996247291565,0.03615569304371155,0.011249661445617676,0.00043409039358818216,1.0,0.2,0.1,9,150,0.5,1.5,0.7,"{'colsample_bytree': 1.0, 'gamma': 0.2, 'learning_rate': 0.1, 'max_depth': 9, 'n_estimators': 150, 'reg_alpha': 0.5, 'reg_lambda': 1.5, 'subsample': 0.7}",0.9837797701197444,0.9901267625807684,0.9894140656711422,0.9950598973131997,0.9895951239212136,0.003999922181001571,351
723,0.2535003423690796,0.029752463042143604,0.011500120162963867,0.004332016031735579,1.0,0.2,0.1,9,150,0.5,1.5,1.0,"{'colsample_bytree': 1.0, 'gamma': 0.2, 'learning_rate': 0.1, 'max_depth': 9, 'n_estimators': 150, 'reg_alpha': 0.5, 'reg_lambda': 1.5, 'subsample': 1.0}",0.9837793183573613,0.9908317886367694,0.9880027272641247,0.9971771221387733,0.9899477390992573,0.00487026714371694,223
724,0.3450009822845459,0.02288163722565771,0.012001514434814453,0.0007077305428177767,1.0,0.2,0.1,9,150,0.5,2,0.7,"{'colsample_bytree': 1.0, 'gamma': 0.2, 'learning_rate': 0.1, 'max_depth': 9, 'n_estimators': 150, 'reg_alpha': 0.5, 'reg_lambda': 2, 'subsample': 0.7}",0.9844849126269217,0.9915371072185253,0.9894140656711422,0.995059946520522,0.9901240080092778,0.003829613336119796,173
725,0.29249894618988037,0.022745303639993754,0.009751439094543457,0.000431058038248075,1.0,0.2,0.1,9,150,0.5,2,1.0,"{'colsample_bytree': 1.0, 'gamma': 0.2, 'learning_rate': 0.1, 'max_depth': 9, 'n_estimators': 150, 'reg_alpha': 0.5, 'reg_lambda': 2, 'subsample': 1.0}",0.9844846965672964,0.9901264483065952,0.9880027272641247,0.9978828468761906,0.9901241797535517,0.004911752537007584,158
726,0.27924948930740356,0.017851081904069022,0.0107496976852417,0.00043133507303226673,1.0,0.2,0.1,9,150,1,1,0.7,"{'colsample_bytree': 1.0, 'gamma': 0.2, 'learning_rate': 0.1, 'max_depth': 9, 'n_estimators': 150, 'reg_alpha': 1, 'reg_lambda': 1, 'subsample': 0.7}",0.9837795765103758,0.9901268607873446,0.9872969483988956,0.9943541992883982,0.9888893962462536,0.0038743237687243965,576
727,0.22974884510040283,0.018554072481830986,0.008998095989227295,2.445243775459053e-06,1.0,0.2,0.1,9,150,1,1,1.0,"{'colsample_bytree': 1.0, 'gamma': 0.2, 'learning_rate': 0.1, 'max_depth': 9, 'n_estimators': 150, 'reg_alpha': 1, 'reg_lambda': 1, 'subsample': 1.0}",0.9830744501384601,0.9901264483065952,0.9880027272641247,0.997177133385926,0.9895951897737765,0.005070110620162534,347
728,0.3155013918876648,0.008017642813237727,0.010999500751495361,4.335597775916655e-06,1.0,0.2,0.1,9,150,1,1.5,0.7,"{'colsample_bytree': 1.0, 'gamma': 0.2, 'learning_rate': 0.1, 'max_depth': 9, 'n_estimators': 150, 'reg_alpha': 1, 'reg_lambda': 1.5, 'subsample': 0.7}",0.9830742144370506,0.9887164123283938,0.9887082636066619,0.995059946520522,0.988889709223157,0.004241307647368468,550
729,0.2497503161430359,0.0211952000841647,0.009249866008758545,0.0004325342582525296,1.0,0.2,0.1,9,150,1,1.5,1.0,"{'colsample_bytree': 1.0, 'gamma': 0.2, 'learning_rate': 0.1, 'max_depth': 9, 'n_estimators': 150, 'reg_alpha': 1, 'reg_lambda': 1.5, 'subsample': 1.0}",0.9830742144370506,0.9901264483065952,0.9865911498501135,0.9964714114603177,0.9890658060135193,0.004949521362056254,525
730,0.3144966959953308,0.0178677895362728,0.012250840663909912,0.0012982902668652906,1.0,0.2,0.1,9,150,1,2,0.7,"{'colsample_bytree': 1.0, 'gamma': 0.2, 'learning_rate': 0.1, 'max_depth': 9, 'n_estimators': 150, 'reg_alpha': 1, 'reg_lambda': 2, 'subsample': 0.7}",0.9830742144370506,0.9894214629415494,0.9880026077606279,0.9936484394026853,0.9885366811354783,0.0037761318908331966,644
731,0.23950046300888062,0.016129746149545373,0.009498894214630127,0.000499557970742282,1.0,0.2,0.1,9,150,1,2,1.0,"{'colsample_bytree': 1.0, 'gamma': 0.2, 'learning_rate': 0.1, 'max_depth': 9, 'n_estimators': 150, 'reg_alpha': 1, 'reg_lambda': 2, 'subsample': 1.0}",0.9816637323068047,0.9901264483065952,0.9872969483988956,0.9964714184897671,0.9888896368755156,0.005332997946322637,557
732,0.4817482829093933,0.030751003822276943,0.014750421047210693,0.0004338428265276901,1.0,0.2,0.1,9,350,0.5,1,0.7,"{'colsample_bytree': 1.0, 'gamma': 0.2, 'learning_rate': 0.1, 'max_depth': 9, 'n_estimators': 350, 'reg_alpha': 0.5, 'reg_lambda': 1, 'subsample': 0.7}",0.9837795765103758,0.9915371072185253,0.9887082636066619,0.9957656494662985,0.9899476492004654,0.0043576570896746115,237
733,0.31124889850616455,0.017810442308735987,0.00975024700164795,0.0004320177712061375,1.0,0.2,0.1,9,350,0.5,1,1.0,"{'colsample_bytree': 1.0, 'gamma': 0.2, 'learning_rate': 0.1, 'max_depth': 9, 'n_estimators': 350, 'reg_alpha': 0.5, 'reg_lambda': 1, 'subsample': 1.0}",0.9823691049025824,0.9894212945808878,0.9880027272641247,0.9957656494662985,0.9888896940534734,0.004766187022139152,551
734,0.4875780940055847,0.026833147706136123,0.015000641345977783,0.0007075619831974631,1.0,0.2,0.1,9,350,0.5,1.5,0.7,"{'colsample_bytree': 1.0, 'gamma': 0.2, 'learning_rate': 0.1, 'max_depth': 9, 'n_estimators': 350, 'reg_alpha': 0.5, 'reg_lambda': 1.5, 'subsample': 0.7}",0.9844849126269217,0.9915371072185253,0.988708398576796,0.9950598973131997,0.9899475789338607,0.0038742318760554596,243
735,0.323250412940979,0.009780637830361436,0.0102081298828125,0.00036174879463136695,1.0,0.2,0.1,9,350,0.5,1.5,1.0,"{'colsample_bytree': 1.0, 'gamma': 0.2, 'learning_rate': 0.1, 'max_depth': 9, 'n_estimators': 350, 'reg_alpha': 0.5, 'reg_lambda': 1.5, 'subsample': 1.0}",0.9837793183573613,0.9908317886367694,0.9880027272641247,0.9971771221387733,0.9899477390992573,0.00487026714371694,223
736,0.5085797309875488,0.012617717889487283,0.01599949598312378,0.0012258241496582902,1.0,0.2,0.1,9,350,0.5,2,0.7,"{'colsample_bytree': 1.0, 'gamma': 0.2, 'learning_rate': 0.1, 'max_depth': 9, 'n_estimators': 350, 'reg_alpha': 0.5, 'reg_lambda': 2, 'subsample': 0.7}",0.9844849126269217,0.9915371072185253,0.9894140656711422,0.9950598973131997,0.9901239957074472,0.0038295974804778035,179
737,0.3118307590484619,0.01620067377524941,0.01075124740600586,0.000829204891113257,1.0,0.2,0.1,9,350,0.5,2,1.0,"{'colsample_bytree': 1.0, 'gamma': 0.2, 'learning_rate': 0.1, 'max_depth': 9, 'n_estimators': 350, 'reg_alpha': 0.5, 'reg_lambda': 2, 'subsample': 1.0}",0.9844846965672964,0.9901264483065952,0.9880027272641247,0.9978828468761906,0.9901241797535517,0.004911752537007584,158
738,0.46532976627349854,0.035955199186419276,0.014750003814697266,0.0024867731272226567,1.0,0.2,0.1,9,350,1,1,0.7,"{'colsample_bytree': 1.0, 'gamma': 0.2, 'learning_rate': 0.1, 'max_depth': 9, 'n_estimators': 350, 'reg_alpha': 1, 'reg_lambda': 1, 'subsample': 0.7}",0.9844849126269217,0.99153722506923,0.9880026077606279,0.9943541992883982,0.9895947361862945,0.00371048924713276,375
739,0.3139575123786926,0.019513252142753026,0.010000169277191162,0.0007048640835067882,1.0,0.2,0.1,9,350,1,1,1.0,"{'colsample_bytree': 1.0, 'gamma': 0.2, 'learning_rate': 0.1, 'max_depth': 9, 'n_estimators': 350, 'reg_alpha': 1, 'reg_lambda': 1, 'subsample': 1.0}",0.9830744501384601,0.9901264483065952,0.9880027272641247,0.997177133385926,0.9895951897737765,0.005070110620162534,347
740,0.4754994511604309,0.04517947227188838,0.015000343322753906,0.0007057069120146105,1.0,0.2,0.1,9,350,1,1.5,0.7,"{'colsample_bytree': 1.0, 'gamma': 0.2, 'learning_rate': 0.1, 'max_depth': 9, 'n_estimators': 350, 'reg_alpha': 1, 'reg_lambda': 1.5, 'subsample': 0.7}",0.9844846965672964,0.9901267625807684,0.9880026077606279,0.995059946520522,0.9894185033573036,0.0038299713404036403,429
741,0.3072469234466553,0.022427785711992373,0.0100020170211792,0.0007070570078672702,1.0,0.2,0.1,9,350,1,1.5,1.0,"{'colsample_bytree': 1.0, 'gamma': 0.2, 'learning_rate': 0.1, 'max_depth': 9, 'n_estimators': 350, 'reg_alpha': 1, 'reg_lambda': 1.5, 'subsample': 1.0}",0.9830742144370506,0.9901264483065952,0.9865911498501135,0.9964714114603177,0.9890658060135193,0.004949521362056254,525
742,0.4814998507499695,0.02613816804346003,0.014748811721801758,0.0004329130281020603,1.0,0.2,0.1,9,350,1,2,0.7,"{'colsample_bytree': 1.0, 'gamma': 0.2, 'learning_rate': 0.1, 'max_depth': 9, 'n_estimators': 350, 'reg_alpha': 1, 'reg_lambda': 2, 'subsample': 0.7}",0.9844846965672964,0.9908319345493428,0.9880026077606279,0.9936484394026853,0.9892419195699881,0.0033953140181979076,494
743,0.3245028853416443,0.04026351291624276,0.010498881340026855,0.0005018724823205783,1.0,0.2,0.1,9,350,1,2,1.0,"{'colsample_bytree': 1.0, 'gamma': 0.2, 'learning_rate': 0.1, 'max_depth': 9, 'n_estimators': 350, 'reg_alpha': 1, 'reg_lambda': 2, 'subsample': 1.0}",0.9816637323068047,0.9901264483065952,0.9872969483988956,0.9964714184897671,0.9888896368755156,0.005332997946322637,557
744,0.5590001344680786,0.009719744395034384,0.015250325202941895,0.0004318811073165214,1.0,0.2,0.1,9,450,0.5,1,0.7,"{'colsample_bytree': 1.0, 'gamma': 0.2, 'learning_rate': 0.1, 'max_depth': 9, 'n_estimators': 450, 'reg_alpha': 0.5, 'reg_lambda': 1, 'subsample': 0.7}",0.9844846965672964,0.9915371072185253,0.9887082636066619,0.9943541992883982,0.9897710666702204,0.0036468912456728143,309
745,0.40499818325042725,0.03670764955205418,0.01075136661529541,0.0004332603040462534,1.0,0.2,0.1,9,450,0.5,1,1.0,"{'colsample_bytree': 1.0, 'gamma': 0.2, 'learning_rate': 0.1, 'max_depth': 9, 'n_estimators': 450, 'reg_alpha': 0.5, 'reg_lambda': 1, 'subsample': 1.0}",0.9823691049025824,0.9894212945808878,0.9880027272641247,0.9957656494662985,0.9888896940534734,0.004766187022139152,551
746,0.5464991927146912,0.022632489280050527,0.016000330448150635,0.0007057942485435383,1.0,0.2,0.1,9,450,0.5,1.5,0.7,"{'colsample_bytree': 1.0, 'gamma': 0.2, 'learning_rate': 0.1, 'max_depth': 9, 'n_estimators': 450, 'reg_alpha': 0.5, 'reg_lambda': 1.5, 'subsample': 0.7}",0.9851900481181693,0.9915371072185253,0.9901198487546965,0.9943541992883982,0.9903003008449472,0.0033208066973234845,123
747,0.37325114011764526,0.026734905581860875,0.014000177383422852,0.005242982635829687,1.0,0.2,0.1,9,450,0.5,1.5,1.0,"{'colsample_bytree': 1.0, 'gamma': 0.2, 'learning_rate': 0.1, 'max_depth': 9, 'n_estimators': 450, 'reg_alpha': 0.5, 'reg_lambda': 1.5, 'subsample': 1.0}",0.9837793183573613,0.9908317886367694,0.9880027272641247,0.9971771221387733,0.9899477390992573,0.00487026714371694,223
748,0.5999998450279236,0.03765585912755805,0.016249895095825195,0.0008287011571949478,1.0,0.2,0.1,9,450,0.5,2,0.7,"{'colsample_bytree': 1.0, 'gamma': 0.2, 'learning_rate': 0.1, 'max_depth': 9, 'n_estimators': 450, 'reg_alpha': 0.5, 'reg_lambda': 2, 'subsample': 0.7}",0.9844849126269217,0.9915371072185253,0.9901198487546965,0.9957656494662985,0.9904768795166105,0.004035043634606387,79
749,0.3862473964691162,0.030448628248408185,0.012000739574432373,0.0018708524616736345,1.0,0.2,0.1,9,450,0.5,2,1.0,"{'colsample_bytree': 1.0, 'gamma': 0.2, 'learning_rate': 0.1, 'max_depth': 9, 'n_estimators': 450, 'reg_alpha': 0.5, 'reg_lambda': 2, 'subsample': 1.0}",0.9844846965672964,0.9901264483065952,0.9880027272641247,0.9978828468761906,0.9901241797535517,0.004911752537007584,158
750,0.5704997777938843,0.03293331991441421,0.01574873924255371,0.00043044614144236267,1.0,0.2,0.1,9,450,1,1,0.7,"{'colsample_bytree': 1.0, 'gamma': 0.2, 'learning_rate': 0.1, 'max_depth': 9, 'n_estimators': 450, 'reg_alpha': 1, 'reg_lambda': 1, 'subsample': 0.7}",0.9837797701197444,0.9915371072185253,0.988708398576796,0.9943541992883982,0.989594868800866,0.003905915990197756,367
751,0.3472464084625244,0.021945875385913135,0.01100170612335205,1.4354699347963686e-06,1.0,0.2,0.1,9,450,1,1,1.0,"{'colsample_bytree': 1.0, 'gamma': 0.2, 'learning_rate': 0.1, 'max_depth': 9, 'n_estimators': 450, 'reg_alpha': 1, 'reg_lambda': 1, 'subsample': 1.0}",0.9830744501384601,0.9901264483065952,0.9880027272641247,0.997177133385926,0.9895951897737765,0.005070110620162534,347
752,0.5487507581710815,0.024661976084285244,0.015749454498291016,0.0008297795152943664,1.0,0.2,0.1,9,450,1,1.5,0.7,"{'colsample_bytree': 1.0, 'gamma': 0.2, 'learning_rate': 0.1, 'max_depth': 9, 'n_estimators': 450, 'reg_alpha': 1, 'reg_lambda': 1.5, 'subsample': 0.7}",0.9844846965672964,0.9901267625807684,0.9880026077606279,0.995059946520522,0.9894185033573036,0.0038299713404036403,429
753,0.33874911069869995,0.014854671571655627,0.011002898216247559,0.0007060515238113803,1.0,0.2,0.1,9,450,1,1.5,1.0,"{'colsample_bytree': 1.0, 'gamma': 0.2, 'learning_rate': 0.1, 'max_depth': 9, 'n_estimators': 450, 'reg_alpha': 1, 'reg_lambda': 1.5, 'subsample': 1.0}",0.9830742144370506,0.9901264483065952,0.9865911498501135,0.9964714114603177,0.9890658060135193,0.004949521362056254,525
754,0.5452505350112915,0.03633374255771296,0.015749692916870117,0.0008304260633567637,1.0,0.2,0.1,9,450,1,2,0.7,"{'colsample_bytree': 1.0, 'gamma': 0.2, 'learning_rate': 0.1, 'max_depth': 9, 'n_estimators': 450, 'reg_alpha': 1, 'reg_lambda': 2, 'subsample': 0.7}",0.9851900481181693,0.9901267625807684,0.988708398576796,0.9936484394026853,0.9894184121696047,0.0030322463847386846,438
755,0.35249853134155273,0.009069152265741879,0.011250674724578857,0.0008287187747903215,1.0,0.2,0.1,9,450,1,2,1.0,"{'colsample_bytree': 1.0, 'gamma': 0.2, 'learning_rate': 0.1, 'max_depth': 9, 'n_estimators': 450, 'reg_alpha': 1, 'reg_lambda': 2, 'subsample': 1.0}",0.9816637323068047,0.9901264483065952,0.9872969483988956,0.9964714184897671,0.9888896368755156,0.005332997946322637,557
756,0.7187463045120239,0.03575850703121367,0.01875019073486328,0.001300939917806758,1.0,0.2,0.1,9,650,0.5,1,0.7,"{'colsample_bytree': 1.0, 'gamma': 0.2, 'learning_rate': 0.1, 'max_depth': 9, 'n_estimators': 650, 'reg_alpha': 0.5, 'reg_lambda': 1, 'subsample': 0.7}",0.9830742144370506,0.9915371072185253,0.9887082636066619,0.9950598973131997,0.9895948706438593,0.004385881576558268,366
757,0.41974979639053345,0.012969393649805707,0.011749863624572754,0.0004328448921294699,1.0,0.2,0.1,9,650,0.5,1,1.0,"{'colsample_bytree': 1.0, 'gamma': 0.2, 'learning_rate': 0.1, 'max_depth': 9, 'n_estimators': 650, 'reg_alpha': 0.5, 'reg_lambda': 1, 'subsample': 1.0}",0.9823691049025824,0.9894212945808878,0.9880027272641247,0.9957656494662985,0.9888896940534734,0.004766187022139152,551
758,0.7304972410202026,0.02172856495005047,0.02249997854232788,0.006104666576177494,1.0,0.2,0.1,9,650,0.5,1.5,0.7,"{'colsample_bytree': 1.0, 'gamma': 0.2, 'learning_rate': 0.1, 'max_depth': 9, 'n_estimators': 650, 'reg_alpha': 0.5, 'reg_lambda': 1.5, 'subsample': 0.7}",0.9844849126269217,0.9915371072185253,0.9894141711154042,0.995059946520522,0.9901240343703432,0.003829608449515219,170
759,0.41449999809265137,0.02089755755455098,0.012248456478118896,0.0010896327621950463,1.0,0.2,0.1,9,650,0.5,1.5,1.0,"{'colsample_bytree': 1.0, 'gamma': 0.2, 'learning_rate': 0.1, 'max_depth': 9, 'n_estimators': 650, 'reg_alpha': 0.5, 'reg_lambda': 1.5, 'subsample': 1.0}",0.9837793183573613,0.9908317886367694,0.9880027272641247,0.9971771221387733,0.9899477390992573,0.00487026714371694,223
760,0.7130003571510315,0.019506446830234735,0.017999649047851562,0.0007057068918775612,1.0,0.2,0.1,9,650,0.5,2,0.7,"{'colsample_bytree': 1.0, 'gamma': 0.2, 'learning_rate': 0.1, 'max_depth': 9, 'n_estimators': 650, 'reg_alpha': 0.5, 'reg_lambda': 2, 'subsample': 0.7}",0.9844849126269217,0.9915371072185253,0.9901198487546965,0.9957656494662985,0.9904768795166105,0.004035043634606387,79
761,0.4315006732940674,0.030106239640221695,0.011999964714050293,1.244581521619624e-06,1.0,0.2,0.1,9,650,0.5,2,1.0,"{'colsample_bytree': 1.0, 'gamma': 0.2, 'learning_rate': 0.1, 'max_depth': 9, 'n_estimators': 650, 'reg_alpha': 0.5, 'reg_lambda': 2, 'subsample': 1.0}",0.9844846965672964,0.9901264483065952,0.9880027272641247,0.9978828468761906,0.9901241797535517,0.004911752537007584,158
762,0.6807470321655273,0.03490221705911728,0.016250312328338623,0.0010896867933452147,1.0,0.2,0.1,9,650,1,1,0.7,"{'colsample_bytree': 1.0, 'gamma': 0.2, 'learning_rate': 0.1, 'max_depth': 9, 'n_estimators': 650, 'reg_alpha': 1, 'reg_lambda': 1, 'subsample': 0.7}",0.9844849126269217,0.9929475893487711,0.9894141711154042,0.9950598973131997,0.9904766426010742,0.00400441866340151,92
763,0.420249342918396,0.015943811962964453,0.012248456478118896,0.0004337786204725306,1.0,0.2,0.1,9,650,1,1,1.0,"{'colsample_bytree': 1.0, 'gamma': 0.2, 'learning_rate': 0.1, 'max_depth': 9, 'n_estimators': 650, 'reg_alpha': 1, 'reg_lambda': 1, 'subsample': 1.0}",0.9830744501384601,0.9901264483065952,0.9880027272641247,0.997177133385926,0.9895951897737765,0.005070110620162534,347
764,0.6890756487846375,0.038367959291967034,0.016775667667388916,0.00080798504110073,1.0,0.2,0.1,9,650,1,1.5,0.7,"{'colsample_bytree': 1.0, 'gamma': 0.2, 'learning_rate': 0.1, 'max_depth': 9, 'n_estimators': 650, 'reg_alpha': 1, 'reg_lambda': 1.5, 'subsample': 0.7}",0.9837795765103758,0.9915371072185253,0.9894141711154042,0.9957656494662985,0.990124126077651,0.004318004374394315,166
765,0.409024178981781,0.010634859476004344,0.012001216411590576,0.0007081514916612415,1.0,0.2,0.1,9,650,1,1.5,1.0,"{'colsample_bytree': 1.0, 'gamma': 0.2, 'learning_rate': 0.1, 'max_depth': 9, 'n_estimators': 650, 'reg_alpha': 1, 'reg_lambda': 1.5, 'subsample': 1.0}",0.9830742144370506,0.9901264483065952,0.9865911498501135,0.9964714114603177,0.9890658060135193,0.004949521362056254,525
766,0.6908494234085083,0.033441569633601356,0.01749861240386963,0.0008641046584676856,1.0,0.2,0.1,9,650,1,2,0.7,"{'colsample_bytree': 1.0, 'gamma': 0.2, 'learning_rate': 0.1, 'max_depth': 9, 'n_estimators': 650, 'reg_alpha': 1, 'reg_lambda': 2, 'subsample': 0.7}",0.9844849126269217,0.9915371072185253,0.9894141711154042,0.9943541992883982,0.9899475975623123,0.0036079824762996547,242
767,0.4096009135246277,0.01436058787567314,0.012251079082489014,0.0010891953411883825,1.0,0.2,0.1,9,650,1,2,1.0,"{'colsample_bytree': 1.0, 'gamma': 0.2, 'learning_rate': 0.1, 'max_depth': 9, 'n_estimators': 650, 'reg_alpha': 1, 'reg_lambda': 2, 'subsample': 1.0}",0.9816637323068047,0.9901264483065952,0.9872969483988956,0.9964714184897671,0.9888896368755156,0.005332997946322637,557
