,mean_fit_time,std_fit_time,mean_score_time,std_score_time,param_colsample_bytree,param_gamma,param_learning_rate,param_max_depth,param_min_child_weight,param_n_estimators,param_random_state,param_reg_lambda,param_subsample,params,split0_test_score,split1_test_score,split2_test_score,split3_test_score,mean_test_score,std_test_score,rank_test_score
0,0.2594982385635376,0.009337567227155627,0.011499583721160889,0.0005001426098273107,0.5,0,0.01,3,1,300,42,1.0,0.6,"{'colsample_bytree': 0.5, 'gamma': 0, 'learning_rate': 0.01, 'max_depth': 3, 'min_child_weight': 1, 'n_estimators': 300, 'random_state': 42, 'reg_lambda': 1.0, 'subsample': 0.6}",0.9252176681891002,0.9258484547403649,0.9299532382452732,0.9604782927451231,0.9353744134799653,0.014607337710008423,236
1,0.17349612712860107,0.00901419065014428,0.010999798774719238,3.95372484964776e-07,0.5,0,0.01,3,1,300,42,1.0,1.0,"{'colsample_bytree': 0.5, 'gamma': 0, 'learning_rate': 0.01, 'max_depth': 3, 'min_child_weight': 1, 'n_estimators': 300, 'random_state': 42, 'reg_lambda': 1.0, 'subsample': 1.0}",0.924505526273496,0.9286493962116196,0.9406599849242022,0.9385673131403132,0.9330955551374077,0.006721563410358957,249
2,0.4674983620643616,0.015788976402122352,0.01600050926208496,0.0007071399599654166,0.5,0,0.01,3,1,550,42,1.0,0.6,"{'colsample_bytree': 0.5, 'gamma': 0, 'learning_rate': 0.01, 'max_depth': 3, 'min_child_weight': 1, 'n_estimators': 550, 'random_state': 42, 'reg_lambda': 1.0, 'subsample': 0.6}",0.9322855420320306,0.9272530394247345,0.9320994309673555,0.969653231730853,0.9403228110387434,0.017053695940347162,158
3,0.30974704027175903,0.012873666579529664,0.015999972820281982,3.097148193542142e-07,0.5,0,0.01,3,1,550,42,1.0,1.0,"{'colsample_bytree': 0.5, 'gamma': 0, 'learning_rate': 0.01, 'max_depth': 3, 'min_child_weight': 1, 'n_estimators': 550, 'random_state': 42, 'reg_lambda': 1.0, 'subsample': 1.0}",0.9230944146150566,0.922286814367224,0.9449123989218329,0.9421070148795645,0.9331001606959195,0.010460590418926979,248
4,0.5724990367889404,0.022153731606146806,0.0182497501373291,0.00043401409310264954,0.5,0,0.01,3,1,650,42,1.0,0.6,"{'colsample_bytree': 0.5, 'gamma': 0, 'learning_rate': 0.01, 'max_depth': 3, 'min_child_weight': 1, 'n_estimators': 650, 'random_state': 42, 'reg_lambda': 1.0, 'subsample': 0.6}",0.9237975817286163,0.927963231544052,0.9306657319976355,0.9668312677269864,0.9373144532493225,0.017216264071219563,217
5,0.37999868392944336,0.022526077619578276,0.01774972677230835,0.0008294018403709828,0.5,0,0.01,3,1,650,42,1.0,1.0,"{'colsample_bytree': 0.5, 'gamma': 0, 'learning_rate': 0.01, 'max_depth': 3, 'min_child_weight': 1, 'n_estimators': 650, 'random_state': 42, 'reg_lambda': 1.0, 'subsample': 1.0}",0.9273398971891434,0.922286814367224,0.9449123989218329,0.9491792891556183,0.9359295999084547,0.01135950629859532,230
6,0.801500141620636,0.0051229586630272,0.023499369621276855,0.0004996064169484018,0.5,0,0.01,3,1,900,42,1.0,0.6,"{'colsample_bytree': 0.5, 'gamma': 0, 'learning_rate': 0.01, 'max_depth': 3, 'min_child_weight': 1, 'n_estimators': 900, 'random_state': 42, 'reg_lambda': 1.0, 'subsample': 0.6}",0.930871935689271,0.9258404770834672,0.9313875098901044,0.9682421970134267,0.9390855299190672,0.01697251677865718,192
7,0.48900020122528076,0.03324132568215888,0.022749900817871094,0.00043305028517405823,0.5,0,0.01,3,1,900,42,1.0,1.0,"{'colsample_bytree': 0.5, 'gamma': 0, 'learning_rate': 0.01, 'max_depth': 3, 'min_child_weight': 1, 'n_estimators': 900, 'random_state': 42, 'reg_lambda': 1.0, 'subsample': 1.0}",0.9442854847926758,0.9265426970075534,0.9442039506770958,0.9569499333856288,0.9429955164657384,0.010822954208826665,132
8,0.2622504234313965,0.004817634228682065,0.010748684406280518,0.00043254165053401255,0.5,0,0.01,3,5,300,42,1.0,0.6,"{'colsample_bytree': 0.5, 'gamma': 0, 'learning_rate': 0.01, 'max_depth': 3, 'min_child_weight': 5, 'n_estimators': 300, 'random_state': 42, 'reg_lambda': 1.0, 'subsample': 0.6}",0.9287649484033565,0.9258404770834672,0.9299532382452732,0.9583614109795425,0.9357300186779098,0.013151676191221503,231
9,0.1802484393119812,0.005628076939673735,0.010501325130462646,0.0005008599934865452,0.5,0,0.01,3,5,300,42,1.0,1.0,"{'colsample_bytree': 0.5, 'gamma': 0, 'learning_rate': 0.01, 'max_depth': 3, 'min_child_weight': 5, 'n_estimators': 300, 'random_state': 42, 'reg_lambda': 1.0, 'subsample': 1.0}",0.939349268399431,0.9279208702360378,0.9406599849242022,0.9385673131403132,0.9366243591749961,0.005080285309187306,226
10,0.48249977827072144,0.029568292255737073,0.01599949598312378,0.0007086575545394561,0.5,0,0.01,3,5,550,42,1.0,0.6,"{'colsample_bytree': 0.5, 'gamma': 0, 'learning_rate': 0.01, 'max_depth': 3, 'min_child_weight': 5, 'n_estimators': 550, 'random_state': 42, 'reg_lambda': 1.0, 'subsample': 0.6}",0.9386422879106417,0.9329032887898037,0.9320994309673555,0.969653231730853,0.9433245598496636,0.015408837094876672,130
11,0.31274884939193726,0.0232524542617809,0.017250120639801025,0.0012995061942829762,0.5,0,0.01,3,5,550,42,1.0,1.0,"{'colsample_bytree': 0.5, 'gamma': 0, 'learning_rate': 0.01, 'max_depth': 3, 'min_child_weight': 5, 'n_estimators': 550, 'random_state': 42, 'reg_lambda': 1.0, 'subsample': 1.0}",0.9393501129961486,0.9279553374497158,0.9449123989218329,0.9421070148795645,0.9385812160618154,0.0064423526852564195,201
12,0.5610014796257019,0.03381593332211277,0.018750667572021484,0.00129910963833037,0.5,0,0.01,3,5,650,42,1.0,0.6,"{'colsample_bytree': 0.5, 'gamma': 0, 'learning_rate': 0.01, 'max_depth': 3, 'min_child_weight': 5, 'n_estimators': 650, 'random_state': 42, 'reg_lambda': 1.0, 'subsample': 0.6}",0.9421710379730719,0.9314830819810958,0.9306657319976355,0.9668313338038109,0.9427877964389034,0.014604905813747111,134
13,0.3595001697540283,0.03167220822451842,0.018249332904815674,0.0004334306614558195,0.5,0,0.01,3,5,650,42,1.0,1.0,"{'colsample_bytree': 0.5, 'gamma': 0, 'learning_rate': 0.01, 'max_depth': 3, 'min_child_weight': 5, 'n_estimators': 650, 'random_state': 42, 'reg_lambda': 1.0, 'subsample': 1.0}",0.9386452174094679,0.9265343535788299,0.9449123989218329,0.9491792891556183,0.9398178147664373,0.008535474739871606,180
14,0.8020040392875671,0.06513569439268446,0.02550143003463745,0.001498602632187576,0.5,0,0.01,3,5,900,42,1.0,0.6,"{'colsample_bytree': 0.5, 'gamma': 0, 'learning_rate': 0.01, 'max_depth': 3, 'min_child_weight': 5, 'n_estimators': 900, 'random_state': 42, 'reg_lambda': 1.0, 'subsample': 0.6}",0.9287541755899302,0.9286732755121607,0.9313875098901044,0.9682421970134267,0.9392642895014056,0.016765998721913564,190
15,0.514753520488739,0.03977182271149066,0.024248898029327393,0.0008310551178358972,0.5,0,0.01,3,5,900,42,1.0,1.0,"{'colsample_bytree': 0.5, 'gamma': 0, 'learning_rate': 0.01, 'max_depth': 3, 'min_child_weight': 5, 'n_estimators': 900, 'random_state': 42, 'reg_lambda': 1.0, 'subsample': 1.0}",0.9414661269538602,0.925823629724951,0.9442039506770958,0.9569499333856288,0.942110910185384,0.011071005806269432,137
16,0.4557530879974365,0.026554823534501452,0.02249699831008911,0.0008670300423068224,0.5,0,0.01,6,1,300,42,1.0,0.6,"{'colsample_bytree': 0.5, 'gamma': 0, 'learning_rate': 0.01, 'max_depth': 6, 'min_child_weight': 1, 'n_estimators': 300, 'random_state': 42, 'reg_lambda': 1.0, 'subsample': 0.6}",0.9654393203460943,0.9795481616869957,0.9774145474541557,0.9894142554693013,0.9779540712391367,0.008526239246800654,94
17,0.43725138902664185,0.0349451714120406,0.023252367973327637,0.0010940228923132997,0.5,0,0.01,6,1,300,42,1.0,1.0,"{'colsample_bytree': 0.5, 'gamma': 0, 'learning_rate': 0.01, 'max_depth': 6, 'min_child_weight': 1, 'n_estimators': 300, 'random_state': 42, 'reg_lambda': 1.0, 'subsample': 1.0}",0.9717898523045583,0.979548405803156,0.978121225554042,0.9894142554693013,0.9797184347827644,0.006313702282999579,62
18,0.9710026383399963,0.08861106533573887,0.044497132301330566,0.003204812880343139,0.5,0,0.01,6,1,550,42,1.0,0.6,"{'colsample_bytree': 0.5, 'gamma': 0, 'learning_rate': 0.01, 'max_depth': 6, 'min_child_weight': 1, 'n_estimators': 550, 'random_state': 42, 'reg_lambda': 1.0, 'subsample': 0.6}",0.9668519388924948,0.980253250176559,0.9781206588855966,0.9894142343809531,0.9786600205839009,0.008029838093015135,82
19,0.6715007424354553,0.01578754549675514,0.03725075721740723,0.0016403508997762514,0.5,0,0.01,6,1,550,42,1.0,1.0,"{'colsample_bytree': 0.5, 'gamma': 0, 'learning_rate': 0.01, 'max_depth': 6, 'min_child_weight': 1, 'n_estimators': 550, 'random_state': 42, 'reg_lambda': 1.0, 'subsample': 1.0}",0.9710842966015669,0.9802537215746892,0.9809442932244882,0.988708488555093,0.9802476999889593,0.006245762227225986,56
20,1.0707510709762573,0.03908268724335212,0.04499852657318115,0.0018711462575238444,0.5,0,0.01,6,1,650,42,1.0,0.6,"{'colsample_bytree': 0.5, 'gamma': 0, 'learning_rate': 0.01, 'max_depth': 6, 'min_child_weight': 1, 'n_estimators': 650, 'random_state': 42, 'reg_lambda': 1.0, 'subsample': 0.6}",0.9682624946843035,0.9795478361897165,0.9767090884911189,0.9894142343809531,0.978483413436523,0.007553662215575698,88
21,0.8620010614395142,0.07627580372369222,0.0442470908164978,0.001785588116394823,0.5,0,0.01,6,1,650,42,1.0,1.0,"{'colsample_bytree': 0.5, 'gamma': 0, 'learning_rate': 0.01, 'max_depth': 6, 'min_child_weight': 1, 'n_estimators': 650, 'random_state': 42, 'reg_lambda': 1.0, 'subsample': 1.0}",0.9710842966015669,0.9802537215746892,0.9795327593892651,0.9894142343809531,0.9800712529866185,0.006488065130332099,60
22,1.4684969186782837,0.10123363312010362,0.06049865484237671,0.0011178749587925792,0.5,0,0.01,6,1,900,42,1.0,0.6,"{'colsample_bytree': 0.5, 'gamma': 0, 'learning_rate': 0.01, 'max_depth': 6, 'min_child_weight': 1, 'n_estimators': 900, 'random_state': 42, 'reg_lambda': 1.0, 'subsample': 0.6}",0.9675576201891991,0.980253250176559,0.9795327593892651,0.9887085335437036,0.9790130408246818,0.007533881264383305,74
23,1.0957472920417786,0.039077493554102574,0.059999704360961914,0.002121139277628373,0.5,0,0.01,6,1,900,42,1.0,1.0,"{'colsample_bytree': 0.5, 'gamma': 0, 'learning_rate': 0.01, 'max_depth': 6, 'min_child_weight': 1, 'n_estimators': 900, 'random_state': 42, 'reg_lambda': 1.0, 'subsample': 1.0}",0.9703793449197861,0.9802537215746892,0.9809442932244882,0.9901199668507407,0.980424331642426,0.006985817206897798,50
24,0.4509967565536499,0.01676346857875061,0.023999929428100586,2.04401352399376e-06,0.5,0,0.01,6,5,300,42,1.0,0.6,"{'colsample_bytree': 0.5, 'gamma': 0, 'learning_rate': 0.01, 'max_depth': 6, 'min_child_weight': 5, 'n_estimators': 300, 'random_state': 42, 'reg_lambda': 1.0, 'subsample': 0.6}",0.9654413831006863,0.9774326001846134,0.9760036260036259,0.9816509283608256,0.9751321344124378,0.005967767084308292,128
25,0.3719969391822815,0.021212390854999003,0.025253117084503174,0.0021679731398639565,0.5,0,0.01,6,5,300,42,1.0,1.0,"{'colsample_bytree': 0.5, 'gamma': 0, 'learning_rate': 0.01, 'max_depth': 6, 'min_child_weight': 5, 'n_estimators': 300, 'random_state': 42, 'reg_lambda': 1.0, 'subsample': 1.0}",0.9703798752648385,0.980253250176559,0.9795322292800741,0.9858856669296296,0.9790127554127752,0.005558151957371525,77
26,0.7809980511665344,0.01606208998650698,0.03775089979171753,0.0012997824960951816,0.5,0,0.01,6,5,550,42,1.0,0.6,"{'colsample_bytree': 0.5, 'gamma': 0, 'learning_rate': 0.01, 'max_depth': 6, 'min_child_weight': 5, 'n_estimators': 550, 'random_state': 42, 'reg_lambda': 1.0, 'subsample': 0.6}",0.9661462063696701,0.9795478361897165,0.9767090884911189,0.9816509283608256,0.9760135148528328,0.00596069328519394,121
27,0.648747444152832,0.043234271523752026,0.037749528884887695,0.0017875150782935834,0.5,0,0.01,6,5,550,42,1.0,1.0,"{'colsample_bytree': 0.5, 'gamma': 0, 'learning_rate': 0.01, 'max_depth': 6, 'min_child_weight': 5, 'n_estimators': 550, 'random_state': 42, 'reg_lambda': 1.0, 'subsample': 1.0}",0.9696743777985452,0.979548405803156,0.9788267288267289,0.9858856669296296,0.9784837948395149,0.005780236570929413,86
28,0.9317392110824585,0.06162697697889948,0.044752418994903564,0.00148209849014158,0.5,0,0.01,6,5,650,42,1.0,0.6,"{'colsample_bytree': 0.5, 'gamma': 0, 'learning_rate': 0.01, 'max_depth': 6, 'min_child_weight': 5, 'n_estimators': 650, 'random_state': 42, 'reg_lambda': 1.0, 'subsample': 0.6}",0.9661462063696701,0.9788423892284186,0.9767090884911189,0.9816506359173787,0.9758370800016465,0.005863078254861387,122
29,0.7489984035491943,0.020772329362987722,0.04424935579299927,0.0004327405047780708,0.5,0,0.01,6,5,650,42,1.0,1.0,"{'colsample_bytree': 0.5, 'gamma': 0, 'learning_rate': 0.01, 'max_depth': 6, 'min_child_weight': 5, 'n_estimators': 650, 'random_state': 42, 'reg_lambda': 1.0, 'subsample': 1.0}",0.9696743777985452,0.979548405803156,0.9788267288267289,0.9858856669296296,0.9784837948395149,0.005780236570929413,86
30,1.140499770641327,0.045588556071582347,0.05975043773651123,0.007155100160848994,0.5,0,0.01,6,5,900,42,1.0,0.6,"{'colsample_bytree': 0.5, 'gamma': 0, 'learning_rate': 0.01, 'max_depth': 6, 'min_child_weight': 5, 'n_estimators': 900, 'random_state': 42, 'reg_lambda': 1.0, 'subsample': 0.6}",0.9661462063696701,0.9788423892284186,0.9774157173537978,0.9830623954099929,0.9763666770904698,0.006255403696668812,116
31,1.0122456550598145,0.05944933034000069,0.05850273370742798,0.0032006884027194777,0.5,0,0.01,6,5,900,42,1.0,1.0,"{'colsample_bytree': 0.5, 'gamma': 0, 'learning_rate': 0.01, 'max_depth': 6, 'min_child_weight': 5, 'n_estimators': 900, 'random_state': 42, 'reg_lambda': 1.0, 'subsample': 1.0}",0.9689688375350141,0.9781376900792023,0.9788267288267289,0.9858856669296296,0.9779547308426437,0.006009157185463905,93
32,0.2784954309463501,0.010424822343927,0.01175159215927124,0.0012968479556269158,0.5,0,0.1,3,1,300,42,1.0,0.6,"{'colsample_bytree': 0.5, 'gamma': 0, 'learning_rate': 0.1, 'max_depth': 3, 'min_child_weight': 1, 'n_estimators': 300, 'random_state': 42, 'reg_lambda': 1.0, 'subsample': 0.6}",0.9252176681891002,0.9258484547403649,0.9285859349465706,0.9420779246675042,0.930432495635885,0.006841667558814522,254
33,0.194749653339386,0.017022931680568412,0.013749957084655762,0.0032703608497145326,0.5,0,0.1,3,1,300,42,1.0,1.0,"{'colsample_bytree': 0.5, 'gamma': 0, 'learning_rate': 0.1, 'max_depth': 3, 'min_child_weight': 1, 'n_estimators': 300, 'random_state': 42, 'reg_lambda': 1.0, 'subsample': 1.0}",0.924505526273496,0.9286493962116196,0.9526985384421842,0.9328979998753817,0.9346878652006704,0.01081354592923653,238
34,0.5584984421730042,0.044659334765397136,0.017250359058380127,0.0016379781018486673,0.5,0,0.1,3,1,550,42,1.0,0.6,"{'colsample_bytree': 0.5, 'gamma': 0, 'learning_rate': 0.1, 'max_depth': 3, 'min_child_weight': 1, 'n_estimators': 550, 'random_state': 42, 'reg_lambda': 1.0, 'subsample': 0.6}",0.9322855420320306,0.9272530394247345,0.9363897002489945,0.9548222541048939,0.9376876339526634,0.010408448488386632,212
35,0.33350133895874023,0.038506042501816155,0.0192488431930542,0.003491490111527523,0.5,0,0.1,3,1,550,42,1.0,1.0,"{'colsample_bytree': 0.5, 'gamma': 0, 'learning_rate': 0.1, 'max_depth': 3, 'min_child_weight': 1, 'n_estimators': 550, 'random_state': 42, 'reg_lambda': 1.0, 'subsample': 1.0}",0.9230944146150566,0.922286814367224,0.9569458162921212,0.9392575445816187,0.9353961474640051,0.01416409068410897,235
36,0.5972492694854736,0.02064583436452721,0.018749237060546875,0.001299977329880313,0.5,0,0.1,3,1,650,42,1.0,0.6,"{'colsample_bytree': 0.5, 'gamma': 0, 'learning_rate': 0.1, 'max_depth': 3, 'min_child_weight': 1, 'n_estimators': 650, 'random_state': 42, 'reg_lambda': 1.0, 'subsample': 0.6}",0.9237975817286163,0.927963231544052,0.9300000748486186,0.9456073995751645,0.9318420719241128,0.008255852829453288,252
37,0.39125126600265503,0.037930870861823375,0.018998026847839355,0.0007068904914718371,0.5,0,0.1,3,1,650,42,1.0,1.0,"{'colsample_bytree': 0.5, 'gamma': 0, 'learning_rate': 0.1, 'max_depth': 3, 'min_child_weight': 1, 'n_estimators': 650, 'random_state': 42, 'reg_lambda': 1.0, 'subsample': 1.0}",0.9273398971891434,0.922286814367224,0.9583544417927071,0.9378397240334191,0.9364552193456235,0.013832259347858993,228
38,0.7339987754821777,0.04627109652094904,0.023250460624694824,0.00043284374303291295,0.5,0,0.1,3,1,900,42,1.0,0.6,"{'colsample_bytree': 0.5, 'gamma': 0, 'learning_rate': 0.1, 'max_depth': 3, 'min_child_weight': 1, 'n_estimators': 900, 'random_state': 42, 'reg_lambda': 1.0, 'subsample': 0.6}",0.930871935689271,0.9258404770834672,0.9335832475686716,0.9548222541048939,0.9362794786115758,0.011060271902091062,229
39,0.48574912548065186,0.04349286758003169,0.025501787662506104,0.001659324981107171,0.5,0,0.1,3,1,900,42,1.0,1.0,"{'colsample_bytree': 0.5, 'gamma': 0, 'learning_rate': 0.1, 'max_depth': 3, 'min_child_weight': 1, 'n_estimators': 900, 'random_state': 42, 'reg_lambda': 1.0, 'subsample': 1.0}",0.9442854847926758,0.9265426970075534,0.9583544417927071,0.9406793852042341,0.9424655021992926,0.01131919472773468,135
40,0.2937481999397278,0.019549430616981712,0.010500609874725342,0.0005005008339295848,0.5,0,0.1,3,5,300,42,1.0,0.6,"{'colsample_bytree': 0.5, 'gamma': 0, 'learning_rate': 0.1, 'max_depth': 3, 'min_child_weight': 5, 'n_estimators': 300, 'random_state': 42, 'reg_lambda': 1.0, 'subsample': 0.6}",0.9287649484033565,0.9258404770834672,0.929297344334407,0.9420779246675042,0.9314951736221838,0.006250095918382632,253
41,0.19075167179107666,0.013972576191144573,0.010748207569122314,0.0004332275316987798,0.5,0,0.1,3,5,300,42,1.0,1.0,"{'colsample_bytree': 0.5, 'gamma': 0, 'learning_rate': 0.1, 'max_depth': 3, 'min_child_weight': 5, 'n_estimators': 300, 'random_state': 42, 'reg_lambda': 1.0, 'subsample': 1.0}",0.939349268399431,0.9279208702360378,0.9519911830708583,0.9321887898546389,0.9378625278902416,0.00912218661786287,211
42,0.4562484622001648,0.017166809602322426,0.01600050926208496,1.5266237824995157e-06,0.5,0,0.1,3,5,550,42,1.0,0.6,"{'colsample_bytree': 0.5, 'gamma': 0, 'learning_rate': 0.1, 'max_depth': 3, 'min_child_weight': 5, 'n_estimators': 550, 'random_state': 42, 'reg_lambda': 1.0, 'subsample': 0.6}",0.9386422879106417,0.9329032887898037,0.937099901095925,0.9555271151036236,0.9410431482249985,0.008622005803985524,152
43,0.34549862146377563,0.014394662596104961,0.01950174570083618,0.0020627481809633065,0.5,0,0.1,3,5,550,42,1.0,1.0,"{'colsample_bytree': 0.5, 'gamma': 0, 'learning_rate': 0.1, 'max_depth': 3, 'min_child_weight': 5, 'n_estimators': 550, 'random_state': 42, 'reg_lambda': 1.0, 'subsample': 1.0}",0.9393501129961486,0.9279553374497158,0.9590610940420259,0.9392575445816187,0.9414060222673772,0.011196709346162709,144
44,0.6210002899169922,0.04040472827704871,0.01925116777420044,0.0008304089910967614,0.5,0,0.1,3,5,650,42,1.0,0.6,"{'colsample_bytree': 0.5, 'gamma': 0, 'learning_rate': 0.1, 'max_depth': 3, 'min_child_weight': 5, 'n_estimators': 650, 'random_state': 42, 'reg_lambda': 1.0, 'subsample': 0.6}",0.9421710379730719,0.9314830819810958,0.9307028224679628,0.9449033917568942,0.9373150835447561,0.006302716749912197,216
45,0.39000117778778076,0.044849801018265446,0.021999001502990723,0.0027380661984603527,0.5,0,0.1,3,5,650,42,1.0,1.0,"{'colsample_bytree': 0.5, 'gamma': 0, 'learning_rate': 0.1, 'max_depth': 3, 'min_child_weight': 5, 'n_estimators': 650, 'random_state': 42, 'reg_lambda': 1.0, 'subsample': 1.0}",0.9386452174094679,0.9265343535788299,0.9583544417927071,0.9378397240334191,0.9403434342036061,0.011448139662980361,156
46,0.7187519073486328,0.0238163814709306,0.02425360679626465,0.0010886886251240857,0.5,0,0.1,3,5,900,42,1.0,0.6,"{'colsample_bytree': 0.5, 'gamma': 0, 'learning_rate': 0.1, 'max_depth': 3, 'min_child_weight': 5, 'n_estimators': 900, 'random_state': 42, 'reg_lambda': 1.0, 'subsample': 0.6}",0.9287541755899302,0.9286732755121607,0.9335832475686716,0.9562359772208296,0.936811668972898,0.011389502879979804,225
47,0.5082509517669678,0.01818420999683313,0.024752318859100342,0.0004309593514581625,0.5,0,0.1,3,5,900,42,1.0,1.0,"{'colsample_bytree': 0.5, 'gamma': 0, 'learning_rate': 0.1, 'max_depth': 3, 'min_child_weight': 5, 'n_estimators': 900, 'random_state': 42, 'reg_lambda': 1.0, 'subsample': 1.0}",0.9414661269538602,0.925823629724951,0.9576477198911255,0.939970943634139,0.9412271050510189,0.01127540150973799,151
48,0.5407522916793823,0.05652705425002579,0.032001793384552,0.006484005428388773,0.5,0,0.1,6,1,300,42,1.0,0.6,"{'colsample_bytree': 0.5, 'gamma': 0, 'learning_rate': 0.1, 'max_depth': 6, 'min_child_weight': 1, 'n_estimators': 300, 'random_state': 42, 'reg_lambda': 1.0, 'subsample': 0.6}",0.9654393203460943,0.9795481616869957,0.9760050601641566,0.9872969483988956,0.9770723726490355,0.007860320325032177,104
49,0.3940025568008423,0.010415240779166562,0.024249911308288574,0.0008303947379187199,0.5,0,0.1,6,1,300,42,1.0,1.0,"{'colsample_bytree': 0.5, 'gamma': 0, 'learning_rate': 0.1, 'max_depth': 6, 'min_child_weight': 1, 'n_estimators': 300, 'random_state': 42, 'reg_lambda': 1.0, 'subsample': 1.0}",0.9717898523045583,0.979548405803156,0.9781217050198003,0.9880027989650801,0.9793656905231487,0.0057787077222772685,64
50,0.9307510256767273,0.03622273276736954,0.04000002145767212,0.0023458772889056925,0.5,0,0.1,6,1,550,42,1.0,0.6,"{'colsample_bytree': 0.5, 'gamma': 0, 'learning_rate': 0.1, 'max_depth': 6, 'min_child_weight': 1, 'n_estimators': 550, 'random_state': 42, 'reg_lambda': 1.0, 'subsample': 0.6}",0.9668519388924948,0.980253250176559,0.9760041996884102,0.9880027272641247,0.9777780290053972,0.007635396026553899,95
51,0.7482477426528931,0.016283764422660888,0.04125088453292847,0.006221831873264037,0.5,0,0.1,6,1,550,42,1.0,1.0,"{'colsample_bytree': 0.5, 'gamma': 0, 'learning_rate': 0.1, 'max_depth': 6, 'min_child_weight': 1, 'n_estimators': 550, 'random_state': 42, 'reg_lambda': 1.0, 'subsample': 1.0}",0.9710842966015669,0.9802537215746892,0.9795332079217488,0.9894142554693013,0.9800713703918266,0.006488063418319892,59
52,1.0330005288124084,0.0672543479580165,0.044499218463897705,0.0014981235825712784,0.5,0,0.1,6,1,650,42,1.0,0.6,"{'colsample_bytree': 0.5, 'gamma': 0, 'learning_rate': 0.1, 'max_depth': 6, 'min_child_weight': 1, 'n_estimators': 650, 'random_state': 42, 'reg_lambda': 1.0, 'subsample': 0.6}",0.9682624946843035,0.9795478361897165,0.9760050601641566,0.988708488555093,0.9781309698983174,0.007345027336054396,90
53,0.8577451109886169,0.04337381133636543,0.046000540256500244,0.0018698010877442486,0.5,0,0.1,6,1,650,42,1.0,1.0,"{'colsample_bytree': 0.5, 'gamma': 0, 'learning_rate': 0.1, 'max_depth': 6, 'min_child_weight': 1, 'n_estimators': 650, 'random_state': 42, 'reg_lambda': 1.0, 'subsample': 1.0}",0.9710842966015669,0.9802537215746892,0.9788276568277445,0.9901199668507407,0.9800714104636854,0.006769820187468475,58
54,1.3832476139068604,0.046479805720657,0.06000000238418579,0.002122965082288228,0.5,0,0.1,6,1,900,42,1.0,0.6,"{'colsample_bytree': 0.5, 'gamma': 0, 'learning_rate': 0.1, 'max_depth': 6, 'min_child_weight': 1, 'n_estimators': 900, 'random_state': 42, 'reg_lambda': 1.0, 'subsample': 0.6}",0.9675576201891991,0.980253250176559,0.9781220972943359,0.9880027272641247,0.9784839237310546,0.007301595103657526,85
55,1.175499439239502,0.01749827204268482,0.061249375343322754,0.0017834935992391539,0.5,0,0.1,6,1,900,42,1.0,1.0,"{'colsample_bytree': 0.5, 'gamma': 0, 'learning_rate': 0.1, 'max_depth': 6, 'min_child_weight': 1, 'n_estimators': 900, 'random_state': 42, 'reg_lambda': 1.0, 'subsample': 1.0}",0.9703793449197861,0.9802537215746892,0.9802387526845731,0.9901199668507407,0.9802479465074472,0.0069793660319575,53
56,0.4537469744682312,0.02739811231386682,0.0237501859664917,0.0008297433528282654,0.5,0,0.1,6,5,300,42,1.0,0.6,"{'colsample_bytree': 0.5, 'gamma': 0, 'learning_rate': 0.1, 'max_depth': 6, 'min_child_weight': 5, 'n_estimators': 300, 'random_state': 42, 'reg_lambda': 1.0, 'subsample': 0.6}",0.9654413831006863,0.9774326001846134,0.9745931881932934,0.9830628003155555,0.9751324929485372,0.006371591793558661,127
57,0.3592492938041687,0.03356624365654475,0.023252010345458984,0.001479903395457174,0.5,0,0.1,6,5,300,42,1.0,1.0,"{'colsample_bytree': 0.5, 'gamma': 0, 'learning_rate': 0.1, 'max_depth': 6, 'min_child_weight': 5, 'n_estimators': 300, 'random_state': 42, 'reg_lambda': 1.0, 'subsample': 1.0}",0.9703798752648385,0.980253250176559,0.9795327593892651,0.9872969483988956,0.9793657083073896,0.006009688042885416,63
58,0.7335007786750793,0.020741386102552835,0.038247644901275635,0.0019198137851540683,0.5,0,0.1,6,5,550,42,1.0,0.6,"{'colsample_bytree': 0.5, 'gamma': 0, 'learning_rate': 0.1, 'max_depth': 6, 'min_child_weight': 5, 'n_estimators': 550, 'random_state': 42, 'reg_lambda': 1.0, 'subsample': 0.6}",0.9661462063696701,0.9795478361897165,0.9760046777381104,0.9823570924488356,0.9760139531865832,0.0061256889011932,120
59,0.6709984540939331,0.00924802016482299,0.04175084829330444,0.005118227662637257,0.5,0,0.1,6,5,550,42,1.0,1.0,"{'colsample_bytree': 0.5, 'gamma': 0, 'learning_rate': 0.1, 'max_depth': 6, 'min_child_weight': 5, 'n_estimators': 550, 'random_state': 42, 'reg_lambda': 1.0, 'subsample': 1.0}",0.9696743777985452,0.979548405803156,0.9795327593892651,0.9880027272641247,0.9791895675637727,0.006489552482323589,69
60,0.8837466835975647,0.07100992639925552,0.04350024461746216,0.0016582462215469804,0.5,0,0.1,6,5,650,42,1.0,0.6,"{'colsample_bytree': 0.5, 'gamma': 0, 'learning_rate': 0.1, 'max_depth': 6, 'min_child_weight': 5, 'n_estimators': 650, 'random_state': 42, 'reg_lambda': 1.0, 'subsample': 0.6}",0.9661462063696701,0.9788423892284186,0.9760046777381104,0.9809456218857155,0.9754847238054787,0.005669514638090755,125
61,0.7267481088638306,0.020228543916255535,0.04174923896789551,0.0010900563272601112,0.5,0,0.1,6,5,650,42,1.0,1.0,"{'colsample_bytree': 0.5, 'gamma': 0, 'learning_rate': 0.1, 'max_depth': 6, 'min_child_weight': 5, 'n_estimators': 650, 'random_state': 42, 'reg_lambda': 1.0, 'subsample': 1.0}",0.9696743777985452,0.979548405803156,0.9788272350191854,0.9880027272641247,0.9790131864712528,0.006487415293626525,71
62,1.1722481846809387,0.07999855070028802,0.056249260902404785,0.0032688827063976117,0.5,0,0.1,6,5,900,42,1.0,0.6,"{'colsample_bytree': 0.5, 'gamma': 0, 'learning_rate': 0.1, 'max_depth': 6, 'min_child_weight': 5, 'n_estimators': 900, 'random_state': 42, 'reg_lambda': 1.0, 'subsample': 0.6}",0.9661462063696701,0.9788423892284186,0.9745935931149892,0.9816512939020259,0.975308370653776,0.005856153257856389,126
63,1.0159977674484253,0.024320980716388753,0.0564996600151062,0.0015001893161926913,0.5,0,0.1,6,5,900,42,1.0,1.0,"{'colsample_bytree': 0.5, 'gamma': 0, 'learning_rate': 0.1, 'max_depth': 6, 'min_child_weight': 5, 'n_estimators': 900, 'random_state': 42, 'reg_lambda': 1.0, 'subsample': 1.0}",0.9689688375350141,0.9781376900792023,0.9788272350191854,0.9880027989650801,0.9784841403996205,0.006733936278906233,84
64,0.27849847078323364,0.009071383611695408,0.011749207973480225,0.00043467056128505875,0.5,0.3,0.01,3,1,300,42,1.0,0.6,"{'colsample_bytree': 0.5, 'gamma': 0.3, 'learning_rate': 0.01, 'max_depth': 3, 'min_child_weight': 1, 'n_estimators': 300, 'random_state': 42, 'reg_lambda': 1.0, 'subsample': 0.6}",0.9181529581529582,0.9272530394247345,0.9299532382452732,0.9590625622633991,0.9336054495215913,0.015334078386817957,244
65,0.1734972596168518,0.008617912212071619,0.011750876903533936,0.0004330167257032076,0.5,0.3,0.01,3,1,300,42,1.0,1.0,"{'colsample_bytree': 0.5, 'gamma': 0.3, 'learning_rate': 0.01, 'max_depth': 3, 'min_child_weight': 1, 'n_estimators': 300, 'random_state': 42, 'reg_lambda': 1.0, 'subsample': 1.0}",0.924505526273496,0.9279208702360378,0.9406599849242022,0.9385673131403132,0.9329134236435123,0.00684824805750952,251
66,0.45999646186828613,0.021989660957856507,0.016501307487487793,0.0005005599203834123,0.5,0.3,0.01,3,1,550,42,1.0,0.6,"{'colsample_bytree': 0.5, 'gamma': 0.3, 'learning_rate': 0.01, 'max_depth': 3, 'min_child_weight': 1, 'n_estimators': 550, 'random_state': 42, 'reg_lambda': 1.0, 'subsample': 0.6}",0.9322855420320306,0.9265426970075534,0.9320994309673555,0.9583597518609186,0.9373218554669646,0.012363469501366232,215
67,0.3197482228279114,0.020289787490871687,0.016250014305114746,0.00043284420267190177,0.5,0.3,0.01,3,1,550,42,1.0,1.0,"{'colsample_bytree': 0.5, 'gamma': 0.3, 'learning_rate': 0.01, 'max_depth': 3, 'min_child_weight': 1, 'n_estimators': 550, 'random_state': 42, 'reg_lambda': 1.0, 'subsample': 1.0}",0.9230944146150566,0.9279553374497158,0.9449123989218329,0.9421070148795645,0.9345172914665425,0.009208739280927226,239
68,0.5997487902641296,0.041775093401802875,0.01949995756149292,0.0011187827882393603,0.5,0.3,0.01,3,1,650,42,1.0,0.6,"{'colsample_bytree': 0.5, 'gamma': 0.3, 'learning_rate': 0.01, 'max_depth': 3, 'min_child_weight': 1, 'n_estimators': 650, 'random_state': 42, 'reg_lambda': 1.0, 'subsample': 0.6}",0.9344052406568728,0.9251215526861152,0.9320994309673555,0.948465359680313,0.9350228959976641,0.008480338659746055,237
69,0.37774723768234253,0.033641483103097114,0.01849961280822754,0.0008662383525757384,0.5,0.3,0.01,3,1,650,42,1.0,1.0,"{'colsample_bytree': 0.5, 'gamma': 0.3, 'learning_rate': 0.01, 'max_depth': 3, 'min_child_weight': 1, 'n_estimators': 650, 'random_state': 42, 'reg_lambda': 1.0, 'subsample': 1.0}",0.9273398971891434,0.9265343535788299,0.9449123989218329,0.9491792891556183,0.9369914847113561,0.01017089219689074,222
70,0.7339978814125061,0.028116505474350895,0.022749900817871094,0.00043360087819209985,0.5,0.3,0.01,3,1,900,42,1.0,0.6,"{'colsample_bytree': 0.5, 'gamma': 0.3, 'learning_rate': 0.01, 'max_depth': 3, 'min_child_weight': 1, 'n_estimators': 900, 'random_state': 42, 'reg_lambda': 1.0, 'subsample': 0.6}",0.9252176681891002,0.925823629724951,0.9320994309673555,0.9597728885734564,0.9357284043637157,0.014141135071141285,233
71,0.5102499723434448,0.010207317264561349,0.022749483585357666,0.0008287187061983902,0.5,0.3,0.01,3,1,900,42,1.0,1.0,"{'colsample_bytree': 0.5, 'gamma': 0.3, 'learning_rate': 0.01, 'max_depth': 3, 'min_child_weight': 1, 'n_estimators': 900, 'random_state': 42, 'reg_lambda': 1.0, 'subsample': 1.0}",0.9442854847926758,0.925823629724951,0.9442039506770958,0.9569499333856288,0.942815749645088,0.01109723516130265,133
72,0.28549981117248535,0.010012415410867977,0.011250913143157959,0.00043281047946921953,0.5,0.3,0.01,3,5,300,42,1.0,0.6,"{'colsample_bytree': 0.5, 'gamma': 0.3, 'learning_rate': 0.01, 'max_depth': 3, 'min_child_weight': 5, 'n_estimators': 300, 'random_state': 42, 'reg_lambda': 1.0, 'subsample': 0.6}",0.9181580078653653,0.9272530394247345,0.9299532382452732,0.9583574288727073,0.9334304286020201,0.015040388687438738,247
73,0.17999887466430664,0.012185379871158447,0.010750234127044678,0.00043274047193886324,0.5,0.3,0.01,3,5,300,42,1.0,1.0,"{'colsample_bytree': 0.5, 'gamma': 0.3, 'learning_rate': 0.01, 'max_depth': 3, 'min_child_weight': 5, 'n_estimators': 300, 'random_state': 42, 'reg_lambda': 1.0, 'subsample': 1.0}",0.939349268399431,0.9279208702360378,0.9406599849242022,0.9385673131403132,0.9366243591749961,0.005080285309187306,226
74,0.493499755859375,0.039607611929329024,0.017748534679412842,0.003112733031972782,0.5,0.3,0.01,3,5,550,42,1.0,0.6,"{'colsample_bytree': 0.5, 'gamma': 0.3, 'learning_rate': 0.01, 'max_depth': 3, 'min_child_weight': 5, 'n_estimators': 550, 'random_state': 42, 'reg_lambda': 1.0, 'subsample': 0.6}",0.9322855420320306,0.9258322021444849,0.9320994309673555,0.9576534576534577,0.9369676581993323,0.012222136973459252,223
75,0.30875009298324585,0.01994212660166751,0.016001105308532715,0.0007062130061623347,0.5,0.3,0.01,3,5,550,42,1.0,1.0,"{'colsample_bytree': 0.5, 'gamma': 0.3, 'learning_rate': 0.01, 'max_depth': 3, 'min_child_weight': 5, 'n_estimators': 550, 'random_state': 42, 'reg_lambda': 1.0, 'subsample': 1.0}",0.9393501129961486,0.9279553374497158,0.9449123989218329,0.9421070148795645,0.9385812160618154,0.0064423526852564195,201
76,0.6047473549842834,0.0425541363034333,0.018500685691833496,0.0005012794000027455,0.5,0.3,0.01,3,5,650,42,1.0,0.6,"{'colsample_bytree': 0.5, 'gamma': 0.3, 'learning_rate': 0.01, 'max_depth': 3, 'min_child_weight': 5, 'n_estimators': 650, 'random_state': 42, 'reg_lambda': 1.0, 'subsample': 0.6}",0.937231765793645,0.9244107464816169,0.9320994309673555,0.948465359680313,0.9355518257307327,0.008741055916181021,234
77,0.3612496852874756,0.02485349571346633,0.01800006628036499,0.0007073084343127095,0.5,0.3,0.01,3,5,650,42,1.0,1.0,"{'colsample_bytree': 0.5, 'gamma': 0.3, 'learning_rate': 0.01, 'max_depth': 3, 'min_child_weight': 5, 'n_estimators': 650, 'random_state': 42, 'reg_lambda': 1.0, 'subsample': 1.0}",0.9386452174094679,0.9265343535788299,0.9449123989218329,0.9491792891556183,0.9398178147664373,0.008535474739871606,180
78,0.7717509865760803,0.06759321607504036,0.024750351905822754,0.0008284507792326142,0.5,0.3,0.01,3,5,900,42,1.0,0.6,"{'colsample_bytree': 0.5, 'gamma': 0.3, 'learning_rate': 0.01, 'max_depth': 3, 'min_child_weight': 5, 'n_estimators': 900, 'random_state': 42, 'reg_lambda': 1.0, 'subsample': 0.6}",0.9266325978285095,0.925112748390234,0.9313966877510876,0.9597721672944717,0.9357285503160757,0.01407384234022928,232
79,0.5284996032714844,0.06090216840486854,0.025250673294067383,0.0019208148176344591,0.5,0.3,0.01,3,5,900,42,1.0,1.0,"{'colsample_bytree': 0.5, 'gamma': 0.3, 'learning_rate': 0.01, 'max_depth': 3, 'min_child_weight': 5, 'n_estimators': 900, 'random_state': 42, 'reg_lambda': 1.0, 'subsample': 1.0}",0.9414661269538602,0.925823629724951,0.9442039506770958,0.9569499333856288,0.942110910185384,0.011071005806269432,137
80,0.48950159549713135,0.036142451191411476,0.02500009536743164,0.004062063148238476,0.5,0.3,0.01,6,1,300,42,1.0,0.6,"{'colsample_bytree': 0.5, 'gamma': 0.3, 'learning_rate': 0.01, 'max_depth': 6, 'min_child_weight': 1, 'n_estimators': 300, 'random_state': 42, 'reg_lambda': 1.0, 'subsample': 0.6}",0.9689688375350141,0.9795478361897165,0.9788272350191854,0.9887085335437036,0.9790131105719049,0.00698586302200982,72
81,0.44050103425979614,0.04554685317208068,0.023749351501464844,0.00043140025217871505,0.5,0.3,0.01,6,1,300,42,1.0,1.0,"{'colsample_bytree': 0.5, 'gamma': 0.3, 'learning_rate': 0.01, 'max_depth': 6, 'min_child_weight': 1, 'n_estimators': 300, 'random_state': 42, 'reg_lambda': 1.0, 'subsample': 1.0}",0.9696743777985452,0.9816637323068047,0.9809442932244882,0.9901199274857064,0.9806005827038862,0.007267191732519948,45
82,0.8957509398460388,0.07375111819174346,0.03825002908706665,0.0014795736009473352,0.5,0.3,0.01,6,1,550,42,1.0,0.6,"{'colsample_bytree': 0.5, 'gamma': 0.3, 'learning_rate': 0.01, 'max_depth': 6, 'min_child_weight': 1, 'n_estimators': 550, 'random_state': 42, 'reg_lambda': 1.0, 'subsample': 0.6}",0.9675576201891991,0.9802528966131908,0.9788267288267289,0.9880027989650803,0.9786600111485497,0.007299243934933671,83
83,0.683501124382019,0.018608959917189326,0.03849995136260986,0.0011177954034574523,0.5,0.3,0.01,6,1,550,42,1.0,1.0,"{'colsample_bytree': 0.5, 'gamma': 0.3, 'learning_rate': 0.01, 'max_depth': 6, 'min_child_weight': 1, 'n_estimators': 550, 'random_state': 42, 'reg_lambda': 1.0, 'subsample': 1.0}",0.9689688375350141,0.9816639876499984,0.9816502703499608,0.9901199274857064,0.9806007557551699,0.007552285992709408,44
84,1.0552505254745483,0.10224632321379572,0.047000765800476074,0.001873688439301254,0.5,0.3,0.01,6,1,650,42,1.0,0.6,"{'colsample_bytree': 0.5, 'gamma': 0.3, 'learning_rate': 0.01, 'max_depth': 6, 'min_child_weight': 1, 'n_estimators': 650, 'random_state': 42, 'reg_lambda': 1.0, 'subsample': 0.6}",0.9675576201891991,0.9802528966131908,0.9788267288267289,0.9858856106938662,0.9781307140807463,0.006650504325750195,91
85,0.8437477350234985,0.07365256175340029,0.04749959707260132,0.005498393638309135,0.5,0.3,0.01,6,1,650,42,1.0,1.0,"{'colsample_bytree': 0.5, 'gamma': 0.3, 'learning_rate': 0.01, 'max_depth': 6, 'min_child_weight': 1, 'n_estimators': 650, 'random_state': 42, 'reg_lambda': 1.0, 'subsample': 1.0}",0.9675576201891991,0.9816637323068047,0.9816502703499608,0.9901199274857064,0.9802478875829178,0.008100483813850074,54
86,1.4489960074424744,0.03762970915849646,0.0610007643699646,0.002830329816992494,0.5,0.3,0.01,6,1,900,42,1.0,0.6,"{'colsample_bytree': 0.5, 'gamma': 0.3, 'learning_rate': 0.01, 'max_depth': 6, 'min_child_weight': 1, 'n_estimators': 900, 'random_state': 42, 'reg_lambda': 1.0, 'subsample': 0.6}",0.9682632523675734,0.9809583302455981,0.9788267288267289,0.9880028228652081,0.9790127835762772,0.007074478705808546,76
87,1.1012489199638367,0.058222297324414266,0.05824857950210571,0.0028606579337873343,0.5,0.3,0.01,6,1,900,42,1.0,1.0,"{'colsample_bytree': 0.5, 'gamma': 0.3, 'learning_rate': 0.01, 'max_depth': 6, 'min_child_weight': 1, 'n_estimators': 900, 'random_state': 42, 'reg_lambda': 1.0, 'subsample': 1.0}",0.9689688375350141,0.9802537215746892,0.9809442932244882,0.9887085335437036,0.9797188464694737,0.007038554129064659,61
88,0.44575124979019165,0.04102096002591194,0.0234948992729187,0.0005027869778911868,0.5,0.3,0.01,6,5,300,42,1.0,0.6,"{'colsample_bytree': 0.5, 'gamma': 0.3, 'learning_rate': 0.01, 'max_depth': 6, 'min_child_weight': 5, 'n_estimators': 300, 'random_state': 42, 'reg_lambda': 1.0, 'subsample': 0.6}",0.9675576201891991,0.9795481616869957,0.9752967798397416,0.9872971002366666,0.9774249154881507,0.007138989494047486,97
89,0.3774986267089844,0.017399897932593056,0.02774941921234131,0.0054518716589427255,0.5,0.3,0.01,6,5,300,42,1.0,1.0,"{'colsample_bytree': 0.5, 'gamma': 0.3, 'learning_rate': 0.01, 'max_depth': 6, 'min_child_weight': 5, 'n_estimators': 300, 'random_state': 42, 'reg_lambda': 1.0, 'subsample': 1.0}",0.9689701339030828,0.979548405803156,0.9760046777381104,0.988708488555093,0.9783079264998606,0.007110024708212783,89
90,0.7464980483055115,0.040842645882159904,0.0385015606880188,0.002060434881987985,0.5,0.3,0.01,6,5,550,42,1.0,0.6,"{'colsample_bytree': 0.5, 'gamma': 0.3, 'learning_rate': 0.01, 'max_depth': 6, 'min_child_weight': 5, 'n_estimators': 550, 'random_state': 42, 'reg_lambda': 1.0, 'subsample': 0.6}",0.9675576201891991,0.9781373421338349,0.9738851672591554,0.9851799281333343,0.9761900144288809,0.00641173113108082,118
91,0.6614978909492493,0.06680089880896473,0.038498878479003906,0.0025977056600702615,0.5,0.3,0.01,6,5,550,42,1.0,1.0,"{'colsample_bytree': 0.5, 'gamma': 0.3, 'learning_rate': 0.01, 'max_depth': 6, 'min_child_weight': 5, 'n_estimators': 550, 'random_state': 42, 'reg_lambda': 1.0, 'subsample': 1.0}",0.9696743777985452,0.9816639876499984,0.9774157173537978,0.988708488555093,0.9793656428393587,0.006897354246867838,66
92,0.8851720690727234,0.021924450041892148,0.04374569654464722,0.0019195972140364486,0.5,0.3,0.01,6,5,650,42,1.0,0.6,"{'colsample_bytree': 0.5, 'gamma': 0.3, 'learning_rate': 0.01, 'max_depth': 6, 'min_child_weight': 5, 'n_estimators': 650, 'random_state': 42, 'reg_lambda': 1.0, 'subsample': 0.6}",0.9668519388924948,0.9781373421338349,0.9738866240483728,0.9837683957102864,0.9756610751962471,0.006176773088713728,123
93,0.7631703615188599,0.057091662565352023,0.043748438358306885,0.0017860552434338071,0.5,0.3,0.01,6,5,650,42,1.0,1.0,"{'colsample_bytree': 0.5, 'gamma': 0.3, 'learning_rate': 0.01, 'max_depth': 6, 'min_child_weight': 5, 'n_estimators': 650, 'random_state': 42, 'reg_lambda': 1.0, 'subsample': 1.0}",0.9696743777985452,0.980958633294789,0.978121225554042,0.988708488555093,0.9793656813006173,0.006806165901674729,65
94,1.1629154086112976,0.05182748651109277,0.055000245571136475,0.0024500423184681546,0.5,0.3,0.01,6,5,900,42,1.0,0.6,"{'colsample_bytree': 0.5, 'gamma': 0.3, 'learning_rate': 0.01, 'max_depth': 6, 'min_child_weight': 5, 'n_estimators': 900, 'random_state': 42, 'reg_lambda': 1.0, 'subsample': 0.6}",0.9661462063696701,0.9781373421338349,0.9752975180966413,0.9830623954099929,0.9756608655025347,0.00615581719246817,124
95,1.0016679167747498,0.046837165497806435,0.05849933624267578,0.002061056579292934,0.5,0.3,0.01,6,5,900,42,1.0,1.0,"{'colsample_bytree': 0.5, 'gamma': 0.3, 'learning_rate': 0.01, 'max_depth': 6, 'min_child_weight': 5, 'n_estimators': 900, 'random_state': 42, 'reg_lambda': 1.0, 'subsample': 1.0}",0.9703798752648385,0.980958633294789,0.978121225554042,0.9880027989650801,0.9793656332696874,0.006313293075212553,67
96,0.3005668520927429,0.02342728904533692,0.01175004243850708,0.00043446140403302934,0.5,0.3,0.1,3,1,300,42,1.0,0.6,"{'colsample_bytree': 0.5, 'gamma': 0.3, 'learning_rate': 0.1, 'max_depth': 3, 'min_child_weight': 1, 'n_estimators': 300, 'random_state': 42, 'reg_lambda': 1.0, 'subsample': 0.6}",0.9181529581529582,0.9272530394247345,0.9285859349465706,0.9392415539866779,0.9283083716277353,0.007480936886383804,256
97,0.19699817895889282,0.013134316924441884,0.011249303817749023,0.00043332552155562484,0.5,0.3,0.1,3,1,300,42,1.0,1.0,"{'colsample_bytree': 0.5, 'gamma': 0.3, 'learning_rate': 0.1, 'max_depth': 3, 'min_child_weight': 1, 'n_estimators': 300, 'random_state': 42, 'reg_lambda': 1.0, 'subsample': 1.0}",0.924505526273496,0.9279208702360378,0.9526985384421842,0.9328979998753817,0.9345057337067749,0.010919335234461305,240
98,0.5284970998764038,0.037976031643880435,0.016001343727111816,0.0007053699890984165,0.5,0.3,0.1,3,1,550,42,1.0,0.6,"{'colsample_bytree': 0.5, 'gamma': 0.3, 'learning_rate': 0.1, 'max_depth': 3, 'min_child_weight': 1, 'n_estimators': 550, 'random_state': 42, 'reg_lambda': 1.0, 'subsample': 0.6}",0.9322855420320306,0.9265426970075534,0.9371065512658433,0.9413690151264762,0.9343259513579758,0.005524463810985835,241
99,0.327497661113739,0.009708274069165053,0.017000436782836914,0.0018713303257917372,0.5,0.3,0.1,3,1,550,42,1.0,1.0,"{'colsample_bytree': 0.5, 'gamma': 0.3, 'learning_rate': 0.1, 'max_depth': 3, 'min_child_weight': 1, 'n_estimators': 550, 'random_state': 42, 'reg_lambda': 1.0, 'subsample': 1.0}",0.9230944146150566,0.9279553374497158,0.9569458162921212,0.9392575445816187,0.9368132782346281,0.013018869580083102,224
100,0.5654984712600708,0.03530436923181092,0.01800006628036499,1.0323827311807139e-07,0.5,0.3,0.1,3,1,650,42,1.0,0.6,"{'colsample_bytree': 0.5, 'gamma': 0.3, 'learning_rate': 0.1, 'max_depth': 3, 'min_child_weight': 1, 'n_estimators': 650, 'random_state': 42, 'reg_lambda': 1.0, 'subsample': 0.6}",0.9344052406568728,0.9251215526861152,0.935693215339233,0.9385379103218561,0.9334394797510193,0.005029759516407405,246
101,0.36624932289123535,0.019511586152925562,0.018249988555908203,0.00043318782680872443,0.5,0.3,0.1,3,1,650,42,1.0,1.0,"{'colsample_bytree': 0.5, 'gamma': 0.3, 'learning_rate': 0.1, 'max_depth': 3, 'min_child_weight': 1, 'n_estimators': 650, 'random_state': 42, 'reg_lambda': 1.0, 'subsample': 1.0}",0.9273398971891434,0.9265343535788299,0.9583544417927071,0.9378397240334191,0.9375171041485248,0.012830579441884163,214
102,0.8004982471466064,0.027754558146925186,0.0232507586479187,0.0004329474736406586,0.5,0.3,0.1,3,1,900,42,1.0,0.6,"{'colsample_bytree': 0.5, 'gamma': 0.3, 'learning_rate': 0.1, 'max_depth': 3, 'min_child_weight': 1, 'n_estimators': 900, 'random_state': 42, 'reg_lambda': 1.0, 'subsample': 0.6}",0.9252176681891002,0.925823629724951,0.9399508319236524,0.9427913924663895,0.9334458805760233,0.007991482522801767,245
103,0.48799967765808105,0.03341472238269376,0.023750126361846924,0.0004329490491661593,0.5,0.3,0.1,3,1,900,42,1.0,1.0,"{'colsample_bytree': 0.5, 'gamma': 0.3, 'learning_rate': 0.1, 'max_depth': 3, 'min_child_weight': 1, 'n_estimators': 900, 'random_state': 42, 'reg_lambda': 1.0, 'subsample': 1.0}",0.9442854847926758,0.925823629724951,0.9583544417927071,0.9406793852042341,0.942285735378642,0.011573499978144585,136
104,0.2649999260902405,0.018854861636108677,0.010499835014343262,0.000500202249980627,0.5,0.3,0.1,3,5,300,42,1.0,0.6,"{'colsample_bytree': 0.5, 'gamma': 0.3, 'learning_rate': 0.1, 'max_depth': 3, 'min_child_weight': 5, 'n_estimators': 300, 'random_state': 42, 'reg_lambda': 1.0, 'subsample': 0.6}",0.9181580078653653,0.9272530394247345,0.929297344334407,0.9392415539866779,0.9284874864027961,0.007492126294734009,255
105,0.17725008726119995,0.011211548285200915,0.010500073432922363,0.0005005609708092481,0.5,0.3,0.1,3,5,300,42,1.0,1.0,"{'colsample_bytree': 0.5, 'gamma': 0.3, 'learning_rate': 0.1, 'max_depth': 3, 'min_child_weight': 5, 'n_estimators': 300, 'random_state': 42, 'reg_lambda': 1.0, 'subsample': 1.0}",0.939349268399431,0.9279208702360378,0.9519911830708583,0.9328979998753817,0.9380398303954273,0.009016466119893783,209
106,0.4850005507469177,0.048255991702257695,0.018499255180358887,0.0037746594398627466,0.5,0.3,0.1,3,5,550,42,1.0,0.6,"{'colsample_bytree': 0.5, 'gamma': 0.3, 'learning_rate': 0.1, 'max_depth': 3, 'min_child_weight': 5, 'n_estimators': 550, 'random_state': 42, 'reg_lambda': 1.0, 'subsample': 0.6}",0.9322855420320306,0.9258322021444849,0.9385133864645558,0.9385537178342702,0.9337962121188355,0.005258164447386531,242
107,0.32399970293045044,0.012864512386910158,0.017249882221221924,0.002277633059929489,0.5,0.3,0.1,3,5,550,42,1.0,1.0,"{'colsample_bytree': 0.5, 'gamma': 0.3, 'learning_rate': 0.1, 'max_depth': 3, 'min_child_weight': 5, 'n_estimators': 550, 'random_state': 42, 'reg_lambda': 1.0, 'subsample': 1.0}",0.9393501129961486,0.9279553374497158,0.9590610940420259,0.9392575445816187,0.9414060222673772,0.011196709346162709,144
108,0.5512515902519226,0.022816463707038055,0.01849895715713501,0.0004988339571402524,0.5,0.3,0.1,3,5,650,42,1.0,0.6,"{'colsample_bytree': 0.5, 'gamma': 0.3, 'learning_rate': 0.1, 'max_depth': 3, 'min_child_weight': 5, 'n_estimators': 650, 'random_state': 42, 'reg_lambda': 1.0, 'subsample': 0.6}",0.937231765793645,0.9244107464816169,0.9349898867394609,0.9385379103218561,0.9337925773341447,0.005563238768508019,243
109,0.3437501788139343,0.007820414122144277,0.017999887466430664,2.372234909788656e-06,0.5,0.3,0.1,3,5,650,42,1.0,1.0,"{'colsample_bytree': 0.5, 'gamma': 0.3, 'learning_rate': 0.1, 'max_depth': 3, 'min_child_weight': 5, 'n_estimators': 650, 'random_state': 42, 'reg_lambda': 1.0, 'subsample': 1.0}",0.9386452174094679,0.9265343535788299,0.9583544417927071,0.9378397240334191,0.9403434342036061,0.011448139662980361,156
110,0.819754421710968,0.07021249504998815,0.02599954605102539,0.001222175903181057,0.5,0.3,0.1,3,5,900,42,1.0,0.6,"{'colsample_bytree': 0.5, 'gamma': 0.3, 'learning_rate': 0.1, 'max_depth': 3, 'min_child_weight': 5, 'n_estimators': 900, 'random_state': 42, 'reg_lambda': 1.0, 'subsample': 0.6}",0.9266325978285095,0.925112748390234,0.9399508319236524,0.9406793852042341,0.9330938908366575,0.007245762692054909,250
111,0.4997517466545105,0.018769743271680888,0.02799999713897705,0.006361027369091658,0.5,0.3,0.1,3,5,900,42,1.0,1.0,"{'colsample_bytree': 0.5, 'gamma': 0.3, 'learning_rate': 0.1, 'max_depth': 3, 'min_child_weight': 5, 'n_estimators': 900, 'random_state': 42, 'reg_lambda': 1.0, 'subsample': 1.0}",0.9414661269538602,0.925823629724951,0.9576477198911255,0.9406793852042341,0.9414042154435427,0.011259832369799645,146
112,0.4637484550476074,0.019484534035497138,0.03275156021118164,0.01035553009837573,0.5,0.3,0.1,6,1,300,42,1.0,0.6,"{'colsample_bytree': 0.5, 'gamma': 0.3, 'learning_rate': 0.1, 'max_depth': 6, 'min_child_weight': 1, 'n_estimators': 300, 'random_state': 42, 'reg_lambda': 1.0, 'subsample': 0.6}",0.9689688375350141,0.9795478361897165,0.9788276568277445,0.9880027989650801,0.9788367823793888,0.006743476037950775,78
113,0.3952518701553345,0.03160409130890919,0.027249932289123535,0.005760017716876172,0.5,0.3,0.1,6,1,300,42,1.0,1.0,"{'colsample_bytree': 0.5, 'gamma': 0.3, 'learning_rate': 0.1, 'max_depth': 6, 'min_child_weight': 1, 'n_estimators': 300, 'random_state': 42, 'reg_lambda': 1.0, 'subsample': 1.0}",0.9696743777985452,0.9816637323068047,0.9802391463725616,0.9894141711154042,0.9802478568983289,0.007032505877091503,55
114,0.8055036664009094,0.018528371751049103,0.037500977516174316,0.001119823976507165,0.5,0.3,0.1,6,1,550,42,1.0,0.6,"{'colsample_bytree': 0.5, 'gamma': 0.3, 'learning_rate': 0.1, 'max_depth': 6, 'min_child_weight': 1, 'n_estimators': 550, 'random_state': 42, 'reg_lambda': 1.0, 'subsample': 0.6}",0.9675576201891991,0.9802528966131908,0.9781217050198003,0.988708488555093,0.9786601775943209,0.007534288962552763,81
115,0.7912506461143494,0.060832315813290946,0.03975343704223633,0.0019207226838085095,0.5,0.3,0.1,6,1,550,42,1.0,1.0,"{'colsample_bytree': 0.5, 'gamma': 0.3, 'learning_rate': 0.1, 'max_depth': 6, 'min_child_weight': 1, 'n_estimators': 550, 'random_state': 42, 'reg_lambda': 1.0, 'subsample': 1.0}",0.9689688375350141,0.9816639876499984,0.9809450524821636,0.9901199274857064,0.9804244512882206,0.007533936904998165,49
116,1.0610012412071228,0.03998154566923328,0.0464969277381897,0.002059858445219618,0.5,0.3,0.1,6,1,650,42,1.0,0.6,"{'colsample_bytree': 0.5, 'gamma': 0.3, 'learning_rate': 0.1, 'max_depth': 6, 'min_child_weight': 1, 'n_estimators': 650, 'random_state': 42, 'reg_lambda': 1.0, 'subsample': 0.6}",0.9675576201891991,0.9802528966131908,0.9788276568277445,0.988708488555093,0.9788366655463068,0.007527873957438284,79
117,0.896496593952179,0.09315459336778997,0.04849958419799805,0.006540792161033767,0.5,0.3,0.1,6,1,650,42,1.0,1.0,"{'colsample_bytree': 0.5, 'gamma': 0.3, 'learning_rate': 0.1, 'max_depth': 6, 'min_child_weight': 1, 'n_estimators': 650, 'random_state': 42, 'reg_lambda': 1.0, 'subsample': 1.0}",0.9675576201891991,0.9816637323068047,0.9809450524821636,0.9901199274857064,0.9800715831159684,0.008075679235905861,57
118,1.3728355169296265,0.06852112238107921,0.06425094604492188,0.004267621136312654,0.5,0.3,0.1,6,1,900,42,1.0,0.6,"{'colsample_bytree': 0.5, 'gamma': 0.3, 'learning_rate': 0.1, 'max_depth': 6, 'min_child_weight': 1, 'n_estimators': 900, 'random_state': 42, 'reg_lambda': 1.0, 'subsample': 0.6}",0.9682632523675734,0.9809583302455981,0.9781220972943359,0.988708488555093,0.9790130421156502,0.00731672040382684,73
119,1.1195003986358643,0.022042842880695645,0.06308478116989136,0.002202541554468347,0.5,0.3,0.1,6,1,900,42,1.0,1.0,"{'colsample_bytree': 0.5, 'gamma': 0.3, 'learning_rate': 0.1, 'max_depth': 6, 'min_child_weight': 1, 'n_estimators': 900, 'random_state': 42, 'reg_lambda': 1.0, 'subsample': 1.0}",0.9689688375350141,0.9802537215746892,0.9781224023870274,0.9894142343809531,0.9791897989694209,0.007267709386428639,68
120,0.4367494583129883,0.019790305046466283,0.025251328945159912,0.0022817333365839905,0.5,0.3,0.1,6,5,300,42,1.0,0.6,"{'colsample_bytree': 0.5, 'gamma': 0.3, 'learning_rate': 0.1, 'max_depth': 6, 'min_child_weight': 5, 'n_estimators': 300, 'random_state': 42, 'reg_lambda': 1.0, 'subsample': 0.6}",0.9675576201891991,0.9795481616869957,0.9752981578835958,0.9872971002366666,0.9774252599991142,0.0071388868193898595,96
121,0.37175124883651733,0.021392689710759815,0.022750794887542725,0.0004338460038254935,0.5,0.3,0.1,6,5,300,42,1.0,1.0,"{'colsample_bytree': 0.5, 'gamma': 0.3, 'learning_rate': 0.1, 'max_depth': 6, 'min_child_weight': 5, 'n_estimators': 300, 'random_state': 42, 'reg_lambda': 1.0, 'subsample': 1.0}",0.9689701339030828,0.979548405803156,0.974593896797791,0.988708398576796,0.9779552087702065,0.007249126780965791,92
122,0.7705864310264587,0.058519992781393616,0.03799855709075928,0.0015803866140233162,0.5,0.3,0.1,6,5,550,42,1.0,0.6,"{'colsample_bytree': 0.5, 'gamma': 0.3, 'learning_rate': 0.1, 'max_depth': 6, 'min_child_weight': 5, 'n_estimators': 550, 'random_state': 42, 'reg_lambda': 1.0, 'subsample': 0.6}",0.9675576201891991,0.9781373421338349,0.9738871963139553,0.9872971002366666,0.976719814718414,0.007173874276228986,109
123,0.6175844073295593,0.062198134459027686,0.03775060176849365,0.001479317855012706,0.5,0.3,0.1,6,5,550,42,1.0,1.0,"{'colsample_bytree': 0.5, 'gamma': 0.3, 'learning_rate': 0.1, 'max_depth': 6, 'min_child_weight': 5, 'n_estimators': 550, 'random_state': 42, 'reg_lambda': 1.0, 'subsample': 1.0}",0.9696743777985452,0.9816639876499984,0.9760050601641566,0.988708488555093,0.9790129785419484,0.007022958787400441,75
124,0.9394184350967407,0.03459966516297424,0.0437471866607666,0.0013017664353048985,0.5,0.3,0.1,6,5,650,42,1.0,0.6,"{'colsample_bytree': 0.5, 'gamma': 0.3, 'learning_rate': 0.1, 'max_depth': 6, 'min_child_weight': 5, 'n_estimators': 650, 'random_state': 42, 'reg_lambda': 1.0, 'subsample': 0.6}",0.9668519388924948,0.9781373421338349,0.9745931881932934,0.9872971002366666,0.9767198923640725,0.007344825841657145,108
125,0.7857481241226196,0.055953351325807414,0.043747782707214355,0.002586640065008466,0.5,0.3,0.1,6,5,650,42,1.0,1.0,"{'colsample_bytree': 0.5, 'gamma': 0.3, 'learning_rate': 0.1, 'max_depth': 6, 'min_child_weight': 5, 'n_estimators': 650, 'random_state': 42, 'reg_lambda': 1.0, 'subsample': 1.0}",0.9696743777985452,0.980958633294789,0.9760050601641566,0.988708488555093,0.9788366399531458,0.0069627785842432234,80
126,1.1962456703186035,0.0830617519118603,0.05850112438201904,0.0035719077320656217,0.5,0.3,0.1,6,5,900,42,1.0,0.6,"{'colsample_bytree': 0.5, 'gamma': 0.3, 'learning_rate': 0.1, 'max_depth': 6, 'min_child_weight': 5, 'n_estimators': 900, 'random_state': 42, 'reg_lambda': 1.0, 'subsample': 0.6}",0.9661462063696701,0.9781373421338349,0.9745931881932934,0.9851799281333343,0.9760141662075331,0.006854102376918599,119
127,0.9489951133728027,0.04434031287894141,0.05649977922439575,0.0015000303746850832,0.5,0.3,0.1,6,5,900,42,1.0,1.0,"{'colsample_bytree': 0.5, 'gamma': 0.3, 'learning_rate': 0.1, 'max_depth': 6, 'min_child_weight': 5, 'n_estimators': 900, 'random_state': 42, 'reg_lambda': 1.0, 'subsample': 1.0}",0.9703798752648385,0.980958633294789,0.9767106197004221,0.988708488555093,0.9791894042037856,0.0066613683129673066,70
128,0.31949853897094727,0.01998103693118744,0.011250197887420654,0.0004341857748868673,1.0,0,0.01,3,1,300,42,1.0,0.6,"{'colsample_bytree': 1.0, 'gamma': 0, 'learning_rate': 0.01, 'max_depth': 3, 'min_child_weight': 1, 'n_estimators': 300, 'random_state': 42, 'reg_lambda': 1.0, 'subsample': 0.6}",0.9230843110645988,0.9386371606144939,0.962580263270003,0.9505844771788863,0.9437215530319955,0.014615894447168936,129
129,0.243499755859375,0.022233471677364395,0.010500133037567139,0.00049990740352352,1.0,0,0.01,3,1,300,42,1.0,1.0,"{'colsample_bytree': 1.0, 'gamma': 0, 'learning_rate': 0.01, 'max_depth': 3, 'min_child_weight': 1, 'n_estimators': 300, 'random_state': 42, 'reg_lambda': 1.0, 'subsample': 1.0}",0.9223864258347017,0.9365222425823241,0.9477767595673048,0.9555376585886266,0.9405557716432393,0.012479924747763289,155
130,0.5927475094795227,0.03867885311407872,0.01575016975402832,0.0008314325716169712,1.0,0,0.01,3,1,550,42,1.0,0.6,"{'colsample_bytree': 1.0, 'gamma': 0, 'learning_rate': 0.01, 'max_depth': 3, 'min_child_weight': 1, 'n_estimators': 550, 'random_state': 42, 'reg_lambda': 1.0, 'subsample': 0.6}",0.9152846150169669,0.939341424592121,0.9484810678221458,0.9505844771788863,0.9384228961525299,0.014011554328471057,204
131,0.38324815034866333,0.026099810902245536,0.014999866485595703,4.1295309247228556e-07,1.0,0,0.01,3,1,550,42,1.0,1.0,"{'colsample_bytree': 1.0, 'gamma': 0, 'learning_rate': 0.01, 'max_depth': 3, 'min_child_weight': 1, 'n_estimators': 550, 'random_state': 42, 'reg_lambda': 1.0, 'subsample': 1.0}",0.9160087663628902,0.9365222425823241,0.9456598447424136,0.9505927475592748,0.9371959003117257,0.013233124453452193,218
132,0.6809980869293213,0.018095804288007233,0.017499923706054688,0.0004996062036176088,1.0,0,0.01,3,1,650,42,1.0,0.6,"{'colsample_bytree': 1.0, 'gamma': 0, 'learning_rate': 0.01, 'max_depth': 3, 'min_child_weight': 1, 'n_estimators': 650, 'random_state': 42, 'reg_lambda': 1.0, 'subsample': 0.6}",0.9152846150169669,0.9379328594138281,0.9463648932397811,0.9505844771788863,0.9375417112123656,0.013633539645971228,213
133,0.43174946308135986,0.029431220919112516,0.016750633716583252,0.0008287906560138717,1.0,0,0.01,3,1,650,42,1.0,1.0,"{'colsample_bytree': 1.0, 'gamma': 0, 'learning_rate': 0.01, 'max_depth': 3, 'min_child_weight': 1, 'n_estimators': 650, 'random_state': 42, 'reg_lambda': 1.0, 'subsample': 1.0}",0.9223864258347017,0.9365222425823241,0.9456598447424136,0.9555376585886266,0.9400265429370165,0.012204329665610402,160
134,0.8299992084503174,0.04117598968649146,0.0219995379447937,0.000706974154078656,1.0,0,0.01,3,1,900,42,1.0,0.6,"{'colsample_bytree': 1.0, 'gamma': 0, 'learning_rate': 0.01, 'max_depth': 3, 'min_child_weight': 1, 'n_estimators': 900, 'random_state': 42, 'reg_lambda': 1.0, 'subsample': 0.6}",0.9152846150169669,0.9386371606144939,0.9477767595673048,0.9505844771788863,0.9380707530944129,0.013877398514107277,208
135,0.6759950518608093,0.022125310488828886,0.024499893188476562,0.003775022596138466,1.0,0,0.01,3,1,900,42,1.0,1.0,"{'colsample_bytree': 1.0, 'gamma': 0, 'learning_rate': 0.01, 'max_depth': 3, 'min_child_weight': 1, 'n_estimators': 900, 'random_state': 42, 'reg_lambda': 1.0, 'subsample': 1.0}",0.9223864258347017,0.9358158806427465,0.9456598447424136,0.9555376585886266,0.9398499524521222,0.012258746566540373,166
136,0.34350156784057617,0.00887319441360937,0.011250555515289307,0.00108878482774661,1.0,0,0.01,3,5,300,42,1.0,0.6,"{'colsample_bytree': 1.0, 'gamma': 0, 'learning_rate': 0.01, 'max_depth': 3, 'min_child_weight': 5, 'n_estimators': 300, 'random_state': 42, 'reg_lambda': 1.0, 'subsample': 0.6}",0.9230843110645988,0.9379328594138281,0.961877478626517,0.9498797646405917,0.9431936034363839,0.014368811808339573,131
137,0.2309989333152771,0.01461073517373224,0.012500226497650146,0.0032013953313312056,1.0,0,0.01,3,5,300,42,1.0,1.0,"{'colsample_bytree': 1.0, 'gamma': 0, 'learning_rate': 0.01, 'max_depth': 3, 'min_child_weight': 5, 'n_estimators': 300, 'random_state': 42, 'reg_lambda': 1.0, 'subsample': 1.0}",0.9223864258347017,0.9414644966809125,0.9477767595673048,0.9555376585886266,0.9417913351678864,0.01226217805341318,140
138,0.5712510347366333,0.060495035602146356,0.015998363494873047,0.0007067203465425633,1.0,0,0.01,3,5,550,42,1.0,0.6,"{'colsample_bytree': 1.0, 'gamma': 0, 'learning_rate': 0.01, 'max_depth': 3, 'min_child_weight': 5, 'n_estimators': 550, 'random_state': 42, 'reg_lambda': 1.0, 'subsample': 0.6}",0.9152846150169669,0.939341424592121,0.9463648932397811,0.950586840427228,0.9378944433190242,0.01365781421810967,210
139,0.43624937534332275,0.0434480986952013,0.01725327968597412,0.002278124272152839,1.0,0,0.01,3,5,550,42,1.0,1.0,"{'colsample_bytree': 1.0, 'gamma': 0, 'learning_rate': 0.01, 'max_depth': 3, 'min_child_weight': 5, 'n_estimators': 550, 'random_state': 42, 'reg_lambda': 1.0, 'subsample': 1.0}",0.9160087663628902,0.9358158806427465,0.9456598447424136,0.9505927475592748,0.9370193098268312,0.013245643000201836,219
140,0.6824991703033447,0.021731897529723775,0.018250226974487305,0.000829635849456526,1.0,0,0.01,3,5,650,42,1.0,0.6,"{'colsample_bytree': 1.0, 'gamma': 0, 'learning_rate': 0.01, 'max_depth': 3, 'min_child_weight': 5, 'n_estimators': 650, 'random_state': 42, 'reg_lambda': 1.0, 'subsample': 0.6}",0.9152846150169669,0.939341424592121,0.9463648932397811,0.9555342037115349,0.9391312841401009,0.014917176830349934,191
141,0.4579995274543762,0.030676163919095188,0.017751038074493408,0.00043239782333461273,1.0,0,0.01,3,5,650,42,1.0,1.0,"{'colsample_bytree': 1.0, 'gamma': 0, 'learning_rate': 0.01, 'max_depth': 3, 'min_child_weight': 5, 'n_estimators': 650, 'random_state': 42, 'reg_lambda': 1.0, 'subsample': 1.0}",0.9223864258347017,0.9358158806427465,0.9456598447424136,0.9555376585886266,0.9398499524521222,0.012258746566540373,166
142,0.8652511835098267,0.07758717447420084,0.023250937461853027,0.001088880548775159,1.0,0,0.01,3,5,900,42,1.0,0.6,"{'colsample_bytree': 1.0, 'gamma': 0, 'learning_rate': 0.01, 'max_depth': 3, 'min_child_weight': 5, 'n_estimators': 900, 'random_state': 42, 'reg_lambda': 1.0, 'subsample': 0.6}",0.9152846150169669,0.939341424592121,0.9477767595673048,0.957649407629682,0.9400130517015186,0.01567851136178188,165
143,0.6349989771842957,0.044770525263515895,0.025250375270843506,0.004546957229422322,1.0,0,0.01,3,5,900,42,1.0,1.0,"{'colsample_bytree': 1.0, 'gamma': 0, 'learning_rate': 0.01, 'max_depth': 3, 'min_child_weight': 5, 'n_estimators': 900, 'random_state': 42, 'reg_lambda': 1.0, 'subsample': 1.0}",0.9223864258347017,0.9358158806427465,0.9456598447424136,0.9555376585886266,0.9398499524521222,0.012258746566540373,166
144,0.6272503137588501,0.03517394327191808,0.017750978469848633,0.0004305728974829131,1.0,0,0.01,6,1,300,42,1.0,0.6,"{'colsample_bytree': 1.0, 'gamma': 0, 'learning_rate': 0.01, 'max_depth': 6, 'min_child_weight': 1, 'n_estimators': 300, 'random_state': 42, 'reg_lambda': 1.0, 'subsample': 0.6}",0.9795481616869957,0.9830742144370506,0.9823553700690295,0.9936485026692425,0.9846565622155796,0.005356072695320154,11
145,0.5570024251937866,0.039339525400891404,0.016748428344726562,0.0008309292988617122,1.0,0,0.01,6,1,300,42,1.0,1.0,"{'colsample_bytree': 1.0, 'gamma': 0, 'learning_rate': 0.01, 'max_depth': 6, 'min_child_weight': 1, 'n_estimators': 300, 'random_state': 42, 'reg_lambda': 1.0, 'subsample': 1.0}",0.9795474293035473,0.9844846965672964,0.9802394613116583,0.9950599858856739,0.984832893267044,0.006199806666540698,3
146,1.1745009422302246,0.025754609098066095,0.02899998426437378,2.0604593774609095e-06,1.0,0,0.01,6,1,550,42,1.0,0.6,"{'colsample_bytree': 1.0, 'gamma': 0, 'learning_rate': 0.01, 'max_depth': 6, 'min_child_weight': 1, 'n_estimators': 550, 'random_state': 42, 'reg_lambda': 1.0, 'subsample': 0.6}",0.9788427680463132,0.9830742144370506,0.9823558270597113,0.9929427491104974,0.9843038896633931,0.005238339215187979,19
147,1.0012528896331787,0.07605033275976796,0.026748359203338623,0.00043342925161613595,1.0,0,0.01,6,1,550,42,1.0,1.0,"{'colsample_bytree': 1.0, 'gamma': 0, 'learning_rate': 0.01, 'max_depth': 6, 'min_child_weight': 1, 'n_estimators': 550, 'random_state': 42, 'reg_lambda': 1.0, 'subsample': 1.0}",0.9795474293035473,0.9830739113827349,0.9802394613116583,0.9957657000788889,0.9846566255192073,0.0065485064559966675,4
148,1.3757493495941162,0.11364785613919588,0.03200143575668335,0.0007078991777313997,1.0,0,0.01,6,1,650,42,1.0,0.6,"{'colsample_bytree': 1.0, 'gamma': 0, 'learning_rate': 0.01, 'max_depth': 6, 'min_child_weight': 1, 'n_estimators': 650, 'random_state': 42, 'reg_lambda': 1.0, 'subsample': 0.6}",0.9788427680463132,0.9830742144370506,0.9816502703499608,0.9929427491104974,0.9841275004859555,0.00531232260688754,25
149,1.1937512755393982,0.07650138436575203,0.03249847888946533,0.004326991490462258,1.0,0,0.01,6,1,650,42,1.0,1.0,"{'colsample_bytree': 1.0, 'gamma': 0, 'learning_rate': 0.01, 'max_depth': 6, 'min_child_weight': 1, 'n_estimators': 650, 'random_state': 42, 'reg_lambda': 1.0, 'subsample': 1.0}",0.9795474293035473,0.9830739113827349,0.9802394613116583,0.9957657000788889,0.9846566255192073,0.0065485064559966675,4
150,1.8539980053901672,0.035811555644306395,0.04025048017501831,0.00043363530186321685,1.0,0,0.01,6,1,900,42,1.0,0.6,"{'colsample_bytree': 1.0, 'gamma': 0, 'learning_rate': 0.01, 'max_depth': 6, 'min_child_weight': 1, 'n_estimators': 900, 'random_state': 42, 'reg_lambda': 1.0, 'subsample': 0.6}",0.9781376900792023,0.9830742144370506,0.9823562137256454,0.9929427491104974,0.9841277168380989,0.005427552512923571,22
151,1.7957471013069153,0.0305581564887711,0.04250061511993408,0.004153628028067709,1.0,0,0.01,6,1,900,42,1.0,1.0,"{'colsample_bytree': 1.0, 'gamma': 0, 'learning_rate': 0.01, 'max_depth': 6, 'min_child_weight': 1, 'n_estimators': 900, 'random_state': 42, 'reg_lambda': 1.0, 'subsample': 1.0}",0.9795474293035473,0.9830739113827349,0.9802394613116583,0.9957657000788889,0.9846566255192073,0.0065485064559966675,4
152,0.5002474188804626,0.04587650746567853,0.01699995994567871,0.0010013587418054156,1.0,0,0.01,6,5,300,42,1.0,0.6,"{'colsample_bytree': 1.0, 'gamma': 0, 'learning_rate': 0.01, 'max_depth': 6, 'min_child_weight': 5, 'n_estimators': 300, 'random_state': 42, 'reg_lambda': 1.0, 'subsample': 0.6}",0.9703779305734612,0.979548405803156,0.9710635563779265,0.9880027989650803,0.977248172929906,0.007183362102089358,102
153,0.45650023221969604,0.04087679192990843,0.017000138759613037,0.0007061305967170737,1.0,0,0.01,6,5,300,42,1.0,1.0,"{'colsample_bytree': 1.0, 'gamma': 0, 'learning_rate': 0.01, 'max_depth': 6, 'min_child_weight': 5, 'n_estimators': 300, 'random_state': 42, 'reg_lambda': 1.0, 'subsample': 1.0}",0.9746103114524167,0.9816637323068047,0.974593896797791,0.9943542667718518,0.981305551832216,0.008066439919082466,35
154,0.8460003733634949,0.040161921323374414,0.02625030279159546,0.0008297252817086681,1.0,0,0.01,6,5,550,42,1.0,0.6,"{'colsample_bytree': 1.0, 'gamma': 0, 'learning_rate': 0.01, 'max_depth': 6, 'min_child_weight': 5, 'n_estimators': 550, 'random_state': 42, 'reg_lambda': 1.0, 'subsample': 0.6}",0.9682616106747628,0.979548405803156,0.9717689717689718,0.9880027989650803,0.9768954468029927,0.007603212085571897,107
155,0.8664988875389099,0.04407061773830225,0.025248408317565918,0.001091124268289568,1.0,0,0.01,6,5,550,42,1.0,1.0,"{'colsample_bytree': 1.0, 'gamma': 0, 'learning_rate': 0.01, 'max_depth': 6, 'min_child_weight': 5, 'n_estimators': 550, 'random_state': 42, 'reg_lambda': 1.0, 'subsample': 1.0}",0.9739047178515385,0.9816637323068047,0.9738882887513305,0.9943542667718518,0.9809527514203814,0.008361930362160786,37
156,1.0552453398704529,0.09976816860794722,0.030749976634979248,0.003699688045064427,1.0,0,0.01,6,5,650,42,1.0,0.6,"{'colsample_bytree': 1.0, 'gamma': 0, 'learning_rate': 0.01, 'max_depth': 6, 'min_child_weight': 5, 'n_estimators': 650, 'random_state': 42, 'reg_lambda': 1.0, 'subsample': 0.6}",0.968966429706914,0.9802537215746892,0.9717689717689718,0.9880027989650803,0.9772479805039138,0.007471683542516545,103
157,1.0209981799125671,0.0342635798576973,0.028998970985412598,0.002549302207246328,1.0,0,0.01,6,5,650,42,1.0,1.0,"{'colsample_bytree': 1.0, 'gamma': 0, 'learning_rate': 0.01, 'max_depth': 6, 'min_child_weight': 5, 'n_estimators': 650, 'random_state': 42, 'reg_lambda': 1.0, 'subsample': 1.0}",0.9746103114524167,0.9816637323068047,0.9731826603183458,0.9943542667718518,0.9809527427123547,0.008377155961563292,38
158,1.389745831489563,0.048900222558904555,0.03650009632110596,0.0011176863944121144,1.0,0,0.01,6,5,900,42,1.0,0.6,"{'colsample_bytree': 1.0, 'gamma': 0, 'learning_rate': 0.01, 'max_depth': 6, 'min_child_weight': 5, 'n_estimators': 900, 'random_state': 42, 'reg_lambda': 1.0, 'subsample': 0.6}",0.9682616106747628,0.9802537215746892,0.9717689717689718,0.9880027989650803,0.977071775745876,0.007670573421753062,105
159,1.269497573375702,0.09089094646943434,0.03550070524215698,0.0016578154126657247,1.0,0,0.01,6,5,900,42,1.0,1.0,"{'colsample_bytree': 1.0, 'gamma': 0, 'learning_rate': 0.01, 'max_depth': 6, 'min_child_weight': 5, 'n_estimators': 900, 'random_state': 42, 'reg_lambda': 1.0, 'subsample': 1.0}",0.9746103114524167,0.9816637323068047,0.9731826603183458,0.9943542667718518,0.9809527427123547,0.008377155961563292,38
160,0.3319988250732422,0.02617093111823954,0.010750353336334229,0.00043391056016722784,1.0,0,0.1,3,1,300,42,1.0,0.6,"{'colsample_bytree': 1.0, 'gamma': 0, 'learning_rate': 0.1, 'max_depth': 3, 'min_child_weight': 1, 'n_estimators': 300, 'random_state': 42, 'reg_lambda': 1.0, 'subsample': 0.6}",0.9230843110645988,0.9386371606144939,0.9484822994283004,0.9569458162921212,0.9417873968498786,0.012592942534925905,143
161,0.22774457931518555,0.013041415747135854,0.010499894618988037,0.0005001429223768714,1.0,0,0.1,3,1,300,42,1.0,1.0,"{'colsample_bytree': 1.0, 'gamma': 0, 'learning_rate': 0.1, 'max_depth': 3, 'min_child_weight': 1, 'n_estimators': 300, 'random_state': 42, 'reg_lambda': 1.0, 'subsample': 1.0}",0.9223864258347017,0.9365222425823241,0.9456598447424136,0.9555376585886266,0.9400265429370165,0.012204329665610402,160
162,0.6044978499412537,0.02133624183453452,0.014999628067016602,0.0007073927656740238,1.0,0,0.1,3,1,550,42,1.0,0.6,"{'colsample_bytree': 1.0, 'gamma': 0, 'learning_rate': 0.1, 'max_depth': 3, 'min_child_weight': 1, 'n_estimators': 550, 'random_state': 42, 'reg_lambda': 1.0, 'subsample': 0.6}",0.9152846150169669,0.939341424592121,0.9477767595673048,0.9548290949083114,0.939307973521176,0.014914325487641066,188
163,0.4132496118545532,0.01972758111440906,0.014751553535461426,0.0008299587458566281,1.0,0,0.1,3,1,550,42,1.0,1.0,"{'colsample_bytree': 1.0, 'gamma': 0, 'learning_rate': 0.1, 'max_depth': 3, 'min_child_weight': 1, 'n_estimators': 550, 'random_state': 42, 'reg_lambda': 1.0, 'subsample': 1.0}",0.9160087663628902,0.9365222425823241,0.9456598447424136,0.9555376585886266,0.9384321280690637,0.014588470408547508,203
164,0.6635000705718994,0.017006434091351334,0.017249763011932373,0.0008291502600220453,1.0,0,0.1,3,1,650,42,1.0,0.6,"{'colsample_bytree': 1.0, 'gamma': 0, 'learning_rate': 0.1, 'max_depth': 3, 'min_child_weight': 1, 'n_estimators': 650, 'random_state': 42, 'reg_lambda': 1.0, 'subsample': 0.6}",0.9152846150169669,0.9379328594138281,0.9477767595673048,0.9548290949083114,0.9389558322266027,0.014926002687205847,196
165,0.473998486995697,0.03558093155485528,0.017252743244171143,0.0004338499017157574,1.0,0,0.1,3,1,650,42,1.0,1.0,"{'colsample_bytree': 1.0, 'gamma': 0, 'learning_rate': 0.1, 'max_depth': 3, 'min_child_weight': 1, 'n_estimators': 650, 'random_state': 42, 'reg_lambda': 1.0, 'subsample': 1.0}",0.9223864258347017,0.9365222425823241,0.9442483010730196,0.9555376585886266,0.939673657019668,0.012055845978125706,182
166,0.924999475479126,0.06601882839912476,0.022250354290008545,0.0004330846541696529,1.0,0,0.1,3,1,900,42,1.0,0.6,"{'colsample_bytree': 1.0, 'gamma': 0, 'learning_rate': 0.1, 'max_depth': 3, 'min_child_weight': 1, 'n_estimators': 900, 'random_state': 42, 'reg_lambda': 1.0, 'subsample': 0.6}",0.9152846150169669,0.9386371606144939,0.9463655343325923,0.9548290949083114,0.938779101218091,0.014723852195049666,200
167,0.6549946665763855,0.03679912963617718,0.021750211715698242,0.0004329125685361459,1.0,0,0.1,3,1,900,42,1.0,1.0,"{'colsample_bytree': 1.0, 'gamma': 0, 'learning_rate': 0.1, 'max_depth': 3, 'min_child_weight': 1, 'n_estimators': 900, 'random_state': 42, 'reg_lambda': 1.0, 'subsample': 1.0}",0.9223864258347017,0.9358158806427465,0.9456598447424136,0.9555376585886266,0.9398499524521222,0.012258746566540373,166
168,0.3037455081939697,0.03239140560234811,0.01050025224685669,0.0005008600502323587,1.0,0,0.1,3,5,300,42,1.0,0.6,"{'colsample_bytree': 1.0, 'gamma': 0, 'learning_rate': 0.1, 'max_depth': 3, 'min_child_weight': 5, 'n_estimators': 300, 'random_state': 42, 'reg_lambda': 1.0, 'subsample': 0.6}",0.9230843110645988,0.9379328594138281,0.9456598447424136,0.9541251503552493,0.9402005413940224,0.01142154159938594,159
169,0.22324925661087036,0.019069192463659613,0.009750127792358398,0.0004329126670145972,1.0,0,0.1,3,5,300,42,1.0,1.0,"{'colsample_bytree': 1.0, 'gamma': 0, 'learning_rate': 0.1, 'max_depth': 3, 'min_child_weight': 5, 'n_estimators': 300, 'random_state': 42, 'reg_lambda': 1.0, 'subsample': 1.0}",0.9223864258347017,0.9414644966809125,0.9456598447424136,0.9555376585886266,0.9412621064616635,0.012036026871932512,147
170,0.5827459096908569,0.03467242116343233,0.015000104904174805,7.725644944200349e-07,1.0,0,0.1,3,5,550,42,1.0,0.6,"{'colsample_bytree': 1.0, 'gamma': 0, 'learning_rate': 0.1, 'max_depth': 3, 'min_child_weight': 5, 'n_estimators': 550, 'random_state': 42, 'reg_lambda': 1.0, 'subsample': 0.6}",0.9152846150169669,0.939341424592121,0.9477767595673048,0.9527146527847299,0.9387793629902805,0.014382841708032881,198
171,0.37549853324890137,0.026576903595177538,0.01474994421005249,0.000829257886323578,1.0,0,0.1,3,5,550,42,1.0,1.0,"{'colsample_bytree': 1.0, 'gamma': 0, 'learning_rate': 0.1, 'max_depth': 3, 'min_child_weight': 5, 'n_estimators': 550, 'random_state': 42, 'reg_lambda': 1.0, 'subsample': 1.0}",0.9160087663628902,0.9358158806427465,0.9456598447424136,0.9555376585886266,0.9382555375841692,0.0146147718650523,205
172,0.6487488746643066,0.03873632437267912,0.01750028133392334,0.0008664450258389724,1.0,0,0.1,3,5,650,42,1.0,0.6,"{'colsample_bytree': 1.0, 'gamma': 0, 'learning_rate': 0.1, 'max_depth': 3, 'min_child_weight': 5, 'n_estimators': 650, 'random_state': 42, 'reg_lambda': 1.0, 'subsample': 0.6}",0.9152846150169669,0.939341424592121,0.9477767595673048,0.9534208450210379,0.9389559110493576,0.014556103186690887,194
173,0.4405006766319275,0.02884864944681399,0.01700037717819214,0.0007073085146785201,1.0,0,0.1,3,5,650,42,1.0,1.0,"{'colsample_bytree': 1.0, 'gamma': 0, 'learning_rate': 0.1, 'max_depth': 3, 'min_child_weight': 5, 'n_estimators': 650, 'random_state': 42, 'reg_lambda': 1.0, 'subsample': 1.0}",0.9223864258347017,0.9358158806427465,0.9442483010730196,0.9555376585886266,0.9394970665347737,0.012105783512583687,183
174,0.8622512221336365,0.06329099136965823,0.022754788398742676,0.0004277522172491528,1.0,0,0.1,3,5,900,42,1.0,0.6,"{'colsample_bytree': 1.0, 'gamma': 0, 'learning_rate': 0.1, 'max_depth': 3, 'min_child_weight': 5, 'n_estimators': 900, 'random_state': 42, 'reg_lambda': 1.0, 'subsample': 0.6}",0.9152846150169669,0.939341424592121,0.9463655343325923,0.9590684340959257,0.9400150020094015,0.01593273581652198,163
175,0.6585022211074829,0.027022619965465906,0.02375108003616333,0.0016409785431149443,1.0,0,0.1,3,5,900,42,1.0,1.0,"{'colsample_bytree': 1.0, 'gamma': 0, 'learning_rate': 0.1, 'max_depth': 3, 'min_child_weight': 5, 'n_estimators': 900, 'random_state': 42, 'reg_lambda': 1.0, 'subsample': 1.0}",0.9223864258347017,0.9358158806427465,0.9456598447424136,0.9555376585886266,0.9398499524521222,0.012258746566540373,166
176,0.6592555046081543,0.017381336527419248,0.01799905300140381,0.0007073971350307728,1.0,0,0.1,6,1,300,42,1.0,0.6,"{'colsample_bytree': 1.0, 'gamma': 0, 'learning_rate': 0.1, 'max_depth': 6, 'min_child_weight': 1, 'n_estimators': 300, 'random_state': 42, 'reg_lambda': 1.0, 'subsample': 0.6}",0.9795481616869957,0.9830742144370506,0.9823562137256454,0.9929427491104974,0.9844803347400473,0.005060332311043725,13
177,0.5310001373291016,0.04126205378908645,0.016752302646636963,0.0008293684629408106,1.0,0,0.1,6,1,300,42,1.0,1.0,"{'colsample_bytree': 1.0, 'gamma': 0, 'learning_rate': 0.1, 'max_depth': 6, 'min_child_weight': 1, 'n_estimators': 300, 'random_state': 42, 'reg_lambda': 1.0, 'subsample': 1.0}",0.9795474293035473,0.9844846965672964,0.9802394613116583,0.9957657000788889,0.9850093218153477,0.00649150876211361,1
178,1.1805645823478699,0.04846744003625082,0.02849864959716797,0.0014987409184884903,1.0,0,0.1,6,1,550,42,1.0,0.6,"{'colsample_bytree': 1.0, 'gamma': 0, 'learning_rate': 0.1, 'max_depth': 6, 'min_child_weight': 1, 'n_estimators': 550, 'random_state': 42, 'reg_lambda': 1.0, 'subsample': 0.6}",0.9788427680463132,0.9830742144370506,0.9823562137256454,0.992236981492171,0.984127544425295,0.0049482054178540905,24
179,1.0613095164299011,0.10540046034898261,0.02700018882751465,0.0012277717237563228,1.0,0,0.1,6,1,550,42,1.0,1.0,"{'colsample_bytree': 1.0, 'gamma': 0, 'learning_rate': 0.1, 'max_depth': 6, 'min_child_weight': 1, 'n_estimators': 550, 'random_state': 42, 'reg_lambda': 1.0, 'subsample': 1.0}",0.9795474293035473,0.9830739113827349,0.9802394613116583,0.9957657000788889,0.9846566255192073,0.0065485064559966675,4
180,1.3430597186088562,0.13820928133837485,0.03225147724151611,0.0008294561722020583,1.0,0,0.1,6,1,650,42,1.0,0.6,"{'colsample_bytree': 1.0, 'gamma': 0, 'learning_rate': 0.1, 'max_depth': 6, 'min_child_weight': 1, 'n_estimators': 650, 'random_state': 42, 'reg_lambda': 1.0, 'subsample': 0.6}",0.9788427680463132,0.9830742144370506,0.9823562137256454,0.9929427491104974,0.9843039863298766,0.005238303268873062,17
181,1.3135587573051453,0.13570278209976144,0.03100210428237915,0.000999154043546558,1.0,0,0.1,6,1,650,42,1.0,1.0,"{'colsample_bytree': 1.0, 'gamma': 0, 'learning_rate': 0.1, 'max_depth': 6, 'min_child_weight': 1, 'n_estimators': 650, 'random_state': 42, 'reg_lambda': 1.0, 'subsample': 1.0}",0.9795474293035473,0.9830739113827349,0.9802394613116583,0.9957657000788889,0.9846566255192073,0.0065485064559966675,4
182,1.8013078570365906,0.14831268639959028,0.04400050640106201,0.00141436424626613,1.0,0,0.1,6,1,900,42,1.0,0.6,"{'colsample_bytree': 1.0, 'gamma': 0, 'learning_rate': 0.1, 'max_depth': 6, 'min_child_weight': 1, 'n_estimators': 900, 'random_state': 42, 'reg_lambda': 1.0, 'subsample': 0.6}",0.9781376900792023,0.9830742144370506,0.9823562137256454,0.9929427491104974,0.9841277168380989,0.005427552512923571,22
183,1.7454979419708252,0.04544462264721365,0.0400005578994751,0.00158351842288239,1.0,0,0.1,6,1,900,42,1.0,1.0,"{'colsample_bytree': 1.0, 'gamma': 0, 'learning_rate': 0.1, 'max_depth': 6, 'min_child_weight': 1, 'n_estimators': 900, 'random_state': 42, 'reg_lambda': 1.0, 'subsample': 1.0}",0.9795474293035473,0.9830739113827349,0.9802394613116583,0.9957657000788889,0.9846566255192073,0.0065485064559966675,4
184,0.5317474007606506,0.06500344919645072,0.01675128936767578,0.0008279828446063327,1.0,0,0.1,6,5,300,42,1.0,0.6,"{'colsample_bytree': 1.0, 'gamma': 0, 'learning_rate': 0.1, 'max_depth': 6, 'min_child_weight': 5, 'n_estimators': 300, 'random_state': 42, 'reg_lambda': 1.0, 'subsample': 0.6}",0.9703779305734612,0.979548405803156,0.9717702091036593,0.9872971002366666,0.9772484114292359,0.006772745543318582,101
185,0.4542461633682251,0.04964983266653116,0.017250418663024902,0.0008294556753525273,1.0,0,0.1,6,5,300,42,1.0,1.0,"{'colsample_bytree': 1.0, 'gamma': 0, 'learning_rate': 0.1, 'max_depth': 6, 'min_child_weight': 5, 'n_estimators': 300, 'random_state': 42, 'reg_lambda': 1.0, 'subsample': 1.0}",0.9746103114524167,0.9816637323068047,0.9738882887513305,0.992942805346933,0.9807762844643712,0.007653030481219041,43
186,0.9317483901977539,0.02712640993833774,0.026753485202789307,0.0004314346208650111,1.0,0,0.1,6,5,550,42,1.0,0.6,"{'colsample_bytree': 1.0, 'gamma': 0, 'learning_rate': 0.1, 'max_depth': 6, 'min_child_weight': 5, 'n_estimators': 550, 'random_state': 42, 'reg_lambda': 1.0, 'subsample': 0.6}",0.9682616106747628,0.979548405803156,0.972475693412007,0.9887085335437036,0.9772485608584074,0.007748641783916695,100
187,0.8592552542686462,0.05813689230515807,0.025743961334228516,0.0014788193980621836,1.0,0,0.1,6,5,550,42,1.0,1.0,"{'colsample_bytree': 1.0, 'gamma': 0, 'learning_rate': 0.1, 'max_depth': 6, 'min_child_weight': 5, 'n_estimators': 550, 'random_state': 42, 'reg_lambda': 1.0, 'subsample': 1.0}",0.9739047178515385,0.9816637323068047,0.9731826603183458,0.9943542667718519,0.9807763443121353,0.008515144194120685,42
188,1.0462446212768555,0.05237002943610194,0.028000295162200928,0.0007069712595354023,1.0,0,0.1,6,5,650,42,1.0,0.6,"{'colsample_bytree': 1.0, 'gamma': 0, 'learning_rate': 0.1, 'max_depth': 6, 'min_child_weight': 5, 'n_estimators': 650, 'random_state': 42, 'reg_lambda': 1.0, 'subsample': 0.6}",0.968966429706914,0.9802537215746892,0.972475693412007,0.9880027989650803,0.9774246609146726,0.007347355703548664,99
189,0.8968586325645447,0.015052201038432429,0.028501510620117188,0.000498776738977998,1.0,0,0.1,6,5,650,42,1.0,1.0,"{'colsample_bytree': 1.0, 'gamma': 0, 'learning_rate': 0.1, 'max_depth': 6, 'min_child_weight': 5, 'n_estimators': 650, 'random_state': 42, 'reg_lambda': 1.0, 'subsample': 1.0}",0.9746103114524167,0.9816637323068047,0.9731826603183458,0.992942805346933,0.980599877356125,0.007816163813578005,47
190,1.4571791291236877,0.09695121407986085,0.03625059127807617,0.0008299959775993275,1.0,0,0.1,6,5,900,42,1.0,0.6,"{'colsample_bytree': 1.0, 'gamma': 0, 'learning_rate': 0.1, 'max_depth': 6, 'min_child_weight': 5, 'n_estimators': 900, 'random_state': 42, 'reg_lambda': 1.0, 'subsample': 0.6}",0.9682616106747628,0.9802537215746892,0.9724750902131496,0.9887085335437036,0.9774247390015762,0.0078068736625224,98
191,1.3716855645179749,0.06121777510387554,0.035998642444610596,0.001225629570602839,1.0,0,0.1,6,5,900,42,1.0,1.0,"{'colsample_bytree': 1.0, 'gamma': 0, 'learning_rate': 0.1, 'max_depth': 6, 'min_child_weight': 5, 'n_estimators': 900, 'random_state': 42, 'reg_lambda': 1.0, 'subsample': 1.0}",0.9746103114524167,0.9816637323068047,0.9731826603183458,0.992942805346933,0.980599877356125,0.007816163813578005,47
192,0.33949971199035645,0.02216364029981854,0.01200193166732788,0.0012251933916737404,1.0,0.3,0.01,3,1,300,42,1.0,0.6,"{'colsample_bytree': 1.0, 'gamma': 0.3, 'learning_rate': 0.01, 'max_depth': 3, 'min_child_weight': 1, 'n_estimators': 300, 'random_state': 42, 'reg_lambda': 1.0, 'subsample': 0.6}",0.9174134776927385,0.9372265206286201,0.9498925454160598,0.9505844771788863,0.9387792552290762,0.013432943818613532,199
193,0.22874850034713745,0.02001808543759577,0.010609567165374756,0.0004212495132802345,1.0,0.3,0.01,3,1,300,42,1.0,1.0,"{'colsample_bytree': 1.0, 'gamma': 0.3, 'learning_rate': 0.01, 'max_depth': 3, 'min_child_weight': 1, 'n_estimators': 300, 'random_state': 42, 'reg_lambda': 1.0, 'subsample': 1.0}",0.9223864258347017,0.9414644966809125,0.9477767595673048,0.9555376585886266,0.9417913351678864,0.01226217805341318,140
194,0.5229375958442688,0.0265767185503083,0.015499532222747803,0.0005012154933572413,1.0,0.3,0.01,3,1,550,42,1.0,0.6,"{'colsample_bytree': 1.0, 'gamma': 0.3, 'learning_rate': 0.01, 'max_depth': 3, 'min_child_weight': 1, 'n_estimators': 550, 'random_state': 42, 'reg_lambda': 1.0, 'subsample': 0.6}",0.9152846150169669,0.939341424592121,0.9477767595673048,0.9548290949083114,0.939307973521176,0.014914325487641066,188
195,0.40093493461608887,0.037606295530416,0.017000555992126465,0.0024489232014316227,1.0,0.3,0.01,3,1,550,42,1.0,1.0,"{'colsample_bytree': 1.0, 'gamma': 0.3, 'learning_rate': 0.01, 'max_depth': 3, 'min_child_weight': 1, 'n_estimators': 550, 'random_state': 42, 'reg_lambda': 1.0, 'subsample': 1.0}",0.9160087663628902,0.9358158806427465,0.9456598447424136,0.9505927475592748,0.9370193098268312,0.013245643000201836,219
196,0.6533573865890503,0.04560824964154316,0.018000483512878418,7.633118912497578e-07,1.0,0.3,0.01,3,1,650,42,1.0,0.6,"{'colsample_bytree': 1.0, 'gamma': 0.3, 'learning_rate': 0.01, 'max_depth': 3, 'min_child_weight': 1, 'n_estimators': 650, 'random_state': 42, 'reg_lambda': 1.0, 'subsample': 0.6}",0.9152846150169669,0.9386371606144939,0.9477767595673048,0.9562392906953576,0.9394844564735307,0.015295726504447925,186
197,0.4735007882118225,0.060367139086434055,0.02050173282623291,0.002291175208117204,1.0,0.3,0.01,3,1,650,42,1.0,1.0,"{'colsample_bytree': 1.0, 'gamma': 0.3, 'learning_rate': 0.01, 'max_depth': 3, 'min_child_weight': 1, 'n_estimators': 650, 'random_state': 42, 'reg_lambda': 1.0, 'subsample': 1.0}",0.9223864258347017,0.9358158806427465,0.9456598447424136,0.9555376585886266,0.9398499524521222,0.012258746566540373,166
198,0.9027471542358398,0.07456138779497809,0.02249932289123535,0.0004997253702342047,1.0,0.3,0.01,3,1,900,42,1.0,0.6,"{'colsample_bytree': 1.0, 'gamma': 0.3, 'learning_rate': 0.01, 'max_depth': 3, 'min_child_weight': 1, 'n_estimators': 900, 'random_state': 42, 'reg_lambda': 1.0, 'subsample': 0.6}",0.9152846150169669,0.9400456534466661,0.9477767595673048,0.9562392906953576,0.9398365796815739,0.015288378478037067,179
199,0.6007487177848816,0.05814821379101067,0.022501349449157715,0.0008668575032275025,1.0,0.3,0.01,3,1,900,42,1.0,1.0,"{'colsample_bytree': 1.0, 'gamma': 0.3, 'learning_rate': 0.01, 'max_depth': 3, 'min_child_weight': 1, 'n_estimators': 900, 'random_state': 42, 'reg_lambda': 1.0, 'subsample': 1.0}",0.9223864258347017,0.9358158806427465,0.9456598447424136,0.9555376585886266,0.9398499524521222,0.012258746566540373,166
200,0.3257499933242798,0.026263897883586775,0.011250078678131104,0.0004315030289249692,1.0,0.3,0.01,3,5,300,42,1.0,0.6,"{'colsample_bytree': 1.0, 'gamma': 0.3, 'learning_rate': 0.01, 'max_depth': 3, 'min_child_weight': 5, 'n_estimators': 300, 'random_state': 42, 'reg_lambda': 1.0, 'subsample': 0.6}",0.918122809812042,0.9379328594138281,0.9491877935955821,0.9498797646405917,0.938780806865511,0.012835147969879921,197
201,0.22724950313568115,0.02046118732996755,0.01025015115737915,0.0008289703146609202,1.0,0.3,0.01,3,5,300,42,1.0,1.0,"{'colsample_bytree': 1.0, 'gamma': 0.3, 'learning_rate': 0.01, 'max_depth': 3, 'min_child_weight': 5, 'n_estimators': 300, 'random_state': 42, 'reg_lambda': 1.0, 'subsample': 1.0}",0.9223864258347017,0.9414644966809125,0.9477767595673048,0.9555376585886266,0.9417913351678864,0.01226217805341318,140
202,0.5745015740394592,0.010779658104782876,0.015248715877532959,0.00043364211826985244,1.0,0.3,0.01,3,5,550,42,1.0,0.6,"{'colsample_bytree': 1.0, 'gamma': 0.3, 'learning_rate': 0.01, 'max_depth': 3, 'min_child_weight': 5, 'n_estimators': 550, 'random_state': 42, 'reg_lambda': 1.0, 'subsample': 0.6}",0.9152846150169669,0.939341424592121,0.9477767595673048,0.9548303548303547,0.9393082885016868,0.014914653289648564,187
203,0.40524929761886597,0.033574389222212606,0.016250908374786377,0.0016413223692437746,1.0,0.3,0.01,3,5,550,42,1.0,1.0,"{'colsample_bytree': 1.0, 'gamma': 0.3, 'learning_rate': 0.01, 'max_depth': 3, 'min_child_weight': 5, 'n_estimators': 550, 'random_state': 42, 'reg_lambda': 1.0, 'subsample': 1.0}",0.9160087663628902,0.9358158806427465,0.9456598447424136,0.9505927475592748,0.9370193098268312,0.013245643000201836,219
204,0.6542463302612305,0.04769221573977986,0.01700037717819214,1.7550506430072137e-06,1.0,0.3,0.01,3,5,650,42,1.0,0.6,"{'colsample_bytree': 1.0, 'gamma': 0.3, 'learning_rate': 0.01, 'max_depth': 3, 'min_child_weight': 5, 'n_estimators': 650, 'random_state': 42, 'reg_lambda': 1.0, 'subsample': 0.6}",0.9216674007330711,0.939341424592121,0.9477767595673048,0.9562406856924266,0.9412565676462309,0.012791011781513862,150
205,0.4154994487762451,0.021696322268256282,0.017500638961791992,0.0005015180857088613,1.0,0.3,0.01,3,5,650,42,1.0,1.0,"{'colsample_bytree': 1.0, 'gamma': 0.3, 'learning_rate': 0.01, 'max_depth': 3, 'min_child_weight': 5, 'n_estimators': 650, 'random_state': 42, 'reg_lambda': 1.0, 'subsample': 1.0}",0.9223864258347017,0.9358158806427465,0.9456598447424136,0.9555376585886266,0.9398499524521222,0.012258746566540373,166
206,0.9010029435157776,0.0985531099716809,0.02550297975540161,0.003205993735248745,1.0,0.3,0.01,3,5,900,42,1.0,0.6,"{'colsample_bytree': 1.0, 'gamma': 0.3, 'learning_rate': 0.01, 'max_depth': 3, 'min_child_weight': 5, 'n_estimators': 900, 'random_state': 42, 'reg_lambda': 1.0, 'subsample': 0.6}",0.9152846150169669,0.939341424592121,0.9477767595673048,0.9569443579659935,0.9398367892855966,0.015481978892615857,178
207,0.6322507262229919,0.05791942079032858,0.02374863624572754,0.000828917129626497,1.0,0.3,0.01,3,5,900,42,1.0,1.0,"{'colsample_bytree': 1.0, 'gamma': 0.3, 'learning_rate': 0.01, 'max_depth': 3, 'min_child_weight': 5, 'n_estimators': 900, 'random_state': 42, 'reg_lambda': 1.0, 'subsample': 1.0}",0.9223864258347017,0.9358158806427465,0.9456598447424136,0.9555376585886266,0.9398499524521222,0.012258746566540373,166
208,0.6189995408058167,0.006041796148675567,0.017002880573272705,0.0007043596126978617,1.0,0.3,0.01,6,1,300,42,1.0,0.6,"{'colsample_bytree': 1.0, 'gamma': 0.3, 'learning_rate': 0.01, 'max_depth': 6, 'min_child_weight': 1, 'n_estimators': 300, 'random_state': 42, 'reg_lambda': 1.0, 'subsample': 0.6}",0.9781373421338349,0.9830742144370506,0.9816502703499608,0.9929427491104974,0.9839511440078359,0.005493457008432119,26
209,0.5945034027099609,0.023637173578115907,0.01949864625930786,0.003200185260596998,1.0,0.3,0.01,6,1,300,42,1.0,1.0,"{'colsample_bytree': 1.0, 'gamma': 0.3, 'learning_rate': 0.01, 'max_depth': 6, 'min_child_weight': 1, 'n_estimators': 300, 'random_state': 42, 'reg_lambda': 1.0, 'subsample': 1.0}",0.9802528966131908,0.9830739113827349,0.9788276568277445,0.9950599858856739,0.984303612677336,0.0063954304579518315,21
210,1.1254997253417969,0.08012677422252935,0.029501795768737793,0.004386525777771804,1.0,0.3,0.01,6,1,550,42,1.0,0.6,"{'colsample_bytree': 1.0, 'gamma': 0.3, 'learning_rate': 0.01, 'max_depth': 6, 'min_child_weight': 1, 'n_estimators': 550, 'random_state': 42, 'reg_lambda': 1.0, 'subsample': 0.6}",0.9781373421338349,0.9830742144370506,0.9809442932244882,0.9929427491104974,0.9837746497264678,0.0055752760185564,31
211,0.9565009474754333,0.07472735701887695,0.0260007381439209,0.0007073934286126465,1.0,0.3,0.01,6,1,550,42,1.0,1.0,"{'colsample_bytree': 1.0, 'gamma': 0.3, 'learning_rate': 0.01, 'max_depth': 6, 'min_child_weight': 1, 'n_estimators': 550, 'random_state': 42, 'reg_lambda': 1.0, 'subsample': 1.0}",0.9802528966131908,0.9837793183573613,0.9788276568277445,0.9950599858856739,0.9844799644209926,0.006368760524624141,15
212,1.3255001306533813,0.04813692555824387,0.030750513076782227,0.001092353404268822,1.0,0.3,0.01,6,1,650,42,1.0,0.6,"{'colsample_bytree': 1.0, 'gamma': 0.3, 'learning_rate': 0.01, 'max_depth': 6, 'min_child_weight': 1, 'n_estimators': 650, 'random_state': 42, 'reg_lambda': 1.0, 'subsample': 0.6}",0.9788427680463132,0.9830742144370506,0.9809442932244882,0.9929427491104974,0.9839510062045873,0.005402652689095166,27
213,1.3040008544921875,0.06015282963385499,0.02924811840057373,0.001783224858613319,1.0,0.3,0.01,6,1,650,42,1.0,1.0,"{'colsample_bytree': 1.0, 'gamma': 0.3, 'learning_rate': 0.01, 'max_depth': 6, 'min_child_weight': 1, 'n_estimators': 650, 'random_state': 42, 'reg_lambda': 1.0, 'subsample': 1.0}",0.9802528966131908,0.9837793183573613,0.9788276568277445,0.9950599858856739,0.9844799644209926,0.006368760524624141,15
214,1.8252472281455994,0.06703499304554329,0.04150044918060303,0.0011192859072183322,1.0,0.3,0.01,6,1,900,42,1.0,0.6,"{'colsample_bytree': 1.0, 'gamma': 0.3, 'learning_rate': 0.01, 'max_depth': 6, 'min_child_weight': 1, 'n_estimators': 900, 'random_state': 42, 'reg_lambda': 1.0, 'subsample': 0.6}",0.9788427680463132,0.9830742144370506,0.9823562137256454,0.9929427491104974,0.9843039863298766,0.005238303268873062,17
215,1.672996163368225,0.06315814886272776,0.038500428199768066,0.0005005599203834123,1.0,0.3,0.01,6,1,900,42,1.0,1.0,"{'colsample_bytree': 1.0, 'gamma': 0.3, 'learning_rate': 0.01, 'max_depth': 6, 'min_child_weight': 1, 'n_estimators': 900, 'random_state': 42, 'reg_lambda': 1.0, 'subsample': 1.0}",0.9802528966131908,0.9830739113827349,0.9795335748882498,0.9950599858856739,0.9844800921924624,0.006249974218658637,14
216,0.4774983525276184,0.028754884199272628,0.01650059223175049,0.0004997262660092624,1.0,0.3,0.01,6,5,300,42,1.0,0.6,"{'colsample_bytree': 1.0, 'gamma': 0.3, 'learning_rate': 0.01, 'max_depth': 6, 'min_child_weight': 5, 'n_estimators': 300, 'random_state': 42, 'reg_lambda': 1.0, 'subsample': 0.6}",0.9668499603319679,0.979548405803156,0.9717689717689718,0.988708488555093,0.9767189566147971,0.008271246829548681,111
217,0.44774407148361206,0.010919441298084764,0.01650059223175049,0.0004996066160570597,1.0,0.3,0.01,6,5,300,42,1.0,1.0,"{'colsample_bytree': 1.0, 'gamma': 0.3, 'learning_rate': 0.01, 'max_depth': 6, 'min_child_weight': 5, 'n_estimators': 300, 'random_state': 42, 'reg_lambda': 1.0, 'subsample': 1.0}",0.9753158629525571,0.9816637323068047,0.9745940992489591,0.9943542667718519,0.9814819903200431,0.007924529975347455,33
218,0.9109992384910583,0.027119078266058305,0.025000691413879395,0.001000405188908791,1.0,0.3,0.01,6,5,550,42,1.0,0.6,"{'colsample_bytree': 1.0, 'gamma': 0.3, 'learning_rate': 0.01, 'max_depth': 6, 'min_child_weight': 5, 'n_estimators': 550, 'random_state': 42, 'reg_lambda': 1.0, 'subsample': 0.6}",0.9668499603319679,0.979548405803156,0.9717689717689718,0.988708488555093,0.9767189566147971,0.008271246829548681,111
219,0.809249222278595,0.023824715001831146,0.024998843669891357,0.0007079829845904941,1.0,0.3,0.01,6,5,550,42,1.0,1.0,"{'colsample_bytree': 1.0, 'gamma': 0.3, 'learning_rate': 0.01, 'max_depth': 6, 'min_child_weight': 5, 'n_estimators': 550, 'random_state': 42, 'reg_lambda': 1.0, 'subsample': 1.0}",0.9753158629525571,0.980958633294789,0.9738882887513305,0.992237105212699,0.980599972552844,0.007220110937344038,46
220,1.029248058795929,0.09983090741364375,0.029749155044555664,0.0024867500002249293,1.0,0.3,0.01,6,5,650,42,1.0,0.6,"{'colsample_bytree': 1.0, 'gamma': 0.3, 'learning_rate': 0.01, 'max_depth': 6, 'min_child_weight': 5, 'n_estimators': 650, 'random_state': 42, 'reg_lambda': 1.0, 'subsample': 0.6}",0.9668499603319679,0.979548405803156,0.9717689717689718,0.9880027989650803,0.976542534217294,0.00801725980386351,115
221,0.9854970574378967,0.06639468309216569,0.029251158237457275,0.0004332920489972864,1.0,0.3,0.01,6,5,650,42,1.0,1.0,"{'colsample_bytree': 1.0, 'gamma': 0.3, 'learning_rate': 0.01, 'max_depth': 6, 'min_child_weight': 5, 'n_estimators': 650, 'random_state': 42, 'reg_lambda': 1.0, 'subsample': 1.0}",0.9753158629525571,0.980958633294789,0.9731826603183458,0.992237105212699,0.9804235654445979,0.007388595117669513,51
222,1.4254977107048035,0.07829910486270507,0.03700000047683716,0.001000344813640697,1.0,0.3,0.01,6,5,900,42,1.0,0.6,"{'colsample_bytree': 1.0, 'gamma': 0.3, 'learning_rate': 0.01, 'max_depth': 6, 'min_child_weight': 5, 'n_estimators': 900, 'random_state': 42, 'reg_lambda': 1.0, 'subsample': 0.6}",0.9668499603319679,0.979548405803156,0.9717689717689718,0.988708488555093,0.9767189566147971,0.008271246829548681,111
223,1.3452473878860474,0.1266384542839462,0.03849899768829346,0.0038413661951409786,1.0,0.3,0.01,6,5,900,42,1.0,1.0,"{'colsample_bytree': 1.0, 'gamma': 0.3, 'learning_rate': 0.01, 'max_depth': 6, 'min_child_weight': 5, 'n_estimators': 900, 'random_state': 42, 'reg_lambda': 1.0, 'subsample': 1.0}",0.9753158629525571,0.980958633294789,0.9731826603183458,0.9943542667718518,0.980952855834386,0.008242412808170275,36
224,0.3527441620826721,0.03600657669175356,0.011999666690826416,0.001224899765977568,1.0,0.3,0.1,3,1,300,42,1.0,0.6,"{'colsample_bytree': 1.0, 'gamma': 0.3, 'learning_rate': 0.1, 'max_depth': 3, 'min_child_weight': 1, 'n_estimators': 300, 'random_state': 42, 'reg_lambda': 1.0, 'subsample': 0.6}",0.9174134776927385,0.9372265206286201,0.9484822994283004,0.9569458162921212,0.940017028510445,0.014806688617622136,162
225,0.25724905729293823,0.039764259390671707,0.01050025224685669,0.0005009770747950063,1.0,0.3,0.1,3,1,300,42,1.0,1.0,"{'colsample_bytree': 1.0, 'gamma': 0.3, 'learning_rate': 0.1, 'max_depth': 3, 'min_child_weight': 1, 'n_estimators': 300, 'random_state': 42, 'reg_lambda': 1.0, 'subsample': 1.0}",0.9223864258347017,0.9414644966809125,0.9456598447424136,0.9555376585886266,0.9412621064616635,0.012036026871932512,147
226,0.5552483797073364,0.05387625140846016,0.015249669551849365,0.00043335993430725436,1.0,0.3,0.1,3,1,550,42,1.0,0.6,"{'colsample_bytree': 1.0, 'gamma': 0.3, 'learning_rate': 0.1, 'max_depth': 3, 'min_child_weight': 1, 'n_estimators': 550, 'random_state': 42, 'reg_lambda': 1.0, 'subsample': 0.6}",0.9152846150169669,0.939341424592121,0.9477767595673048,0.9569482180256955,0.939837754300522,0.015483045286486618,177
227,0.3962498903274536,0.027949578284124345,0.014999806880950928,4.878850443287164e-07,1.0,0.3,0.1,3,1,550,42,1.0,1.0,"{'colsample_bytree': 1.0, 'gamma': 0.3, 'learning_rate': 0.1, 'max_depth': 3, 'min_child_weight': 1, 'n_estimators': 550, 'random_state': 42, 'reg_lambda': 1.0, 'subsample': 1.0}",0.9160087663628902,0.9358158806427465,0.9456598447424136,0.9555376585886266,0.9382555375841692,0.0146147718650523,205
228,0.6692503690719604,0.031274093976789236,0.017999708652496338,0.0007084048992858162,1.0,0.3,0.1,3,1,650,42,1.0,0.6,"{'colsample_bytree': 1.0, 'gamma': 0.3, 'learning_rate': 0.1, 'max_depth': 3, 'min_child_weight': 1, 'n_estimators': 650, 'random_state': 42, 'reg_lambda': 1.0, 'subsample': 0.6}",0.9152846150169669,0.9386371606144939,0.9477767595673048,0.9611849074608549,0.9407208606649051,0.01673250817383671,153
229,0.49975013732910156,0.03665623199931061,0.016749143600463867,0.0004338762238415622,1.0,0.3,0.1,3,1,650,42,1.0,1.0,"{'colsample_bytree': 1.0, 'gamma': 0.3, 'learning_rate': 0.1, 'max_depth': 3, 'min_child_weight': 1, 'n_estimators': 650, 'random_state': 42, 'reg_lambda': 1.0, 'subsample': 1.0}",0.9223864258347017,0.9358158806427465,0.9442483010730196,0.9555376585886266,0.9394970665347737,0.012105783512583687,183
230,0.8454983830451965,0.05121106913167744,0.021499693393707275,0.000500142751895317,1.0,0.3,0.1,3,1,900,42,1.0,0.6,"{'colsample_bytree': 1.0, 'gamma': 0.3, 'learning_rate': 0.1, 'max_depth': 3, 'min_child_weight': 1, 'n_estimators': 900, 'random_state': 42, 'reg_lambda': 1.0, 'subsample': 0.6}",0.9152846150169669,0.9400456534466661,0.9463655343325923,0.9611849074608549,0.9407201775642702,0.016568781244141174,154
231,0.6619995832443237,0.029232294677991873,0.021252155303955078,0.0010886343616791038,1.0,0.3,0.1,3,1,900,42,1.0,1.0,"{'colsample_bytree': 1.0, 'gamma': 0.3, 'learning_rate': 0.1, 'max_depth': 3, 'min_child_weight': 1, 'n_estimators': 900, 'random_state': 42, 'reg_lambda': 1.0, 'subsample': 1.0}",0.9223864258347017,0.9358158806427465,0.9456598447424136,0.9555376585886266,0.9398499524521222,0.012258746566540373,166
232,0.3095003366470337,0.02293745069040915,0.009998559951782227,1.316709639690788e-06,1.0,0.3,0.1,3,5,300,42,1.0,0.6,"{'colsample_bytree': 1.0, 'gamma': 0.3, 'learning_rate': 0.1, 'max_depth': 3, 'min_child_weight': 5, 'n_estimators': 300, 'random_state': 42, 'reg_lambda': 1.0, 'subsample': 0.6}",0.918122809812042,0.9379328594138281,0.9456598447424136,0.9541251503552493,0.9389601660808833,0.01332397479613655,193
233,0.22525078058242798,0.022873427986946217,0.011001169681549072,0.0007086633298387593,1.0,0.3,0.1,3,5,300,42,1.0,1.0,"{'colsample_bytree': 1.0, 'gamma': 0.3, 'learning_rate': 0.1, 'max_depth': 3, 'min_child_weight': 5, 'n_estimators': 300, 'random_state': 42, 'reg_lambda': 1.0, 'subsample': 1.0}",0.9223864258347017,0.9414644966809125,0.9456598447424136,0.9555376585886266,0.9412621064616635,0.012036026871932512,147
234,0.5765003561973572,0.024387304429292822,0.01600039005279541,0.0023440217787304867,1.0,0.3,0.1,3,5,550,42,1.0,0.6,"{'colsample_bytree': 1.0, 'gamma': 0.3, 'learning_rate': 0.1, 'max_depth': 3, 'min_child_weight': 5, 'n_estimators': 550, 'random_state': 42, 'reg_lambda': 1.0, 'subsample': 0.6}",0.9152846150169669,0.939341424592121,0.9477767595673048,0.9534208450210379,0.9389559110493576,0.014556103186690887,194
235,0.4022480249404907,0.026423946273061157,0.016000032424926758,0.0012248023155171834,1.0,0.3,0.1,3,5,550,42,1.0,1.0,"{'colsample_bytree': 1.0, 'gamma': 0.3, 'learning_rate': 0.1, 'max_depth': 3, 'min_child_weight': 5, 'n_estimators': 550, 'random_state': 42, 'reg_lambda': 1.0, 'subsample': 1.0}",0.9160087663628902,0.9358158806427465,0.9456598447424136,0.9555376585886266,0.9382555375841692,0.0146147718650523,205
236,0.6392509341239929,0.029192825432190386,0.01749950647354126,0.0005005002944571867,1.0,0.3,0.1,3,5,650,42,1.0,0.6,"{'colsample_bytree': 1.0, 'gamma': 0.3, 'learning_rate': 0.1, 'max_depth': 3, 'min_child_weight': 5, 'n_estimators': 650, 'random_state': 42, 'reg_lambda': 1.0, 'subsample': 0.6}",0.9216674007330711,0.939341424592121,0.9477767595673048,0.9590684340959257,0.9419635047471057,0.013648989725620429,139
237,0.4454997777938843,0.04180057071559142,0.017500102519989014,0.000499904475536633,1.0,0.3,0.1,3,5,650,42,1.0,1.0,"{'colsample_bytree': 1.0, 'gamma': 0.3, 'learning_rate': 0.1, 'max_depth': 3, 'min_child_weight': 5, 'n_estimators': 650, 'random_state': 42, 'reg_lambda': 1.0, 'subsample': 1.0}",0.9223864258347017,0.9358158806427465,0.9442483010730196,0.9555376585886266,0.9394970665347737,0.012105783512583687,183
238,0.9442521929740906,0.02742645657883456,0.022498726844787598,0.0004997299628417191,1.0,0.3,0.1,3,5,900,42,1.0,0.6,"{'colsample_bytree': 1.0, 'gamma': 0.3, 'learning_rate': 0.1, 'max_depth': 3, 'min_child_weight': 5, 'n_estimators': 900, 'random_state': 42, 'reg_lambda': 1.0, 'subsample': 0.6}",0.9152846150169669,0.939341424592121,0.9463655343325923,0.9590684340959257,0.9400150020094015,0.01593273581652198,163
239,0.6165013909339905,0.048614250417440046,0.02199995517730713,1.0728836059570312e-06,1.0,0.3,0.1,3,5,900,42,1.0,1.0,"{'colsample_bytree': 1.0, 'gamma': 0.3, 'learning_rate': 0.1, 'max_depth': 3, 'min_child_weight': 5, 'n_estimators': 900, 'random_state': 42, 'reg_lambda': 1.0, 'subsample': 1.0}",0.9223864258347017,0.9358158806427465,0.9456598447424136,0.9555376585886266,0.9398499524521222,0.012258746566540373,166
240,0.6022490859031677,0.027123503096600714,0.016999483108520508,0.001000642790690984,1.0,0.3,0.1,6,1,300,42,1.0,0.6,"{'colsample_bytree': 1.0, 'gamma': 0.3, 'learning_rate': 0.1, 'max_depth': 6, 'min_child_weight': 1, 'n_estimators': 300, 'random_state': 42, 'reg_lambda': 1.0, 'subsample': 0.6}",0.9781373421338349,0.9830742144370506,0.9809450524821636,0.9929427491104974,0.9837748395408866,0.0055751796658250865,28
241,0.55250483751297,0.02807583070586864,0.01724982261657715,0.0004315633792465108,1.0,0.3,0.1,6,1,300,42,1.0,1.0,"{'colsample_bytree': 1.0, 'gamma': 0.3, 'learning_rate': 0.1, 'max_depth': 6, 'min_child_weight': 1, 'n_estimators': 300, 'random_state': 42, 'reg_lambda': 1.0, 'subsample': 1.0}",0.9802528966131908,0.9830739113827349,0.9788279942624911,0.9950599858856739,0.9843036970360226,0.006395358228821894,20
242,1.0792510509490967,0.08086535034870883,0.028249919414520264,0.0008277123659490902,1.0,0.3,0.1,6,1,550,42,1.0,0.6,"{'colsample_bytree': 1.0, 'gamma': 0.3, 'learning_rate': 0.1, 'max_depth': 6, 'min_child_weight': 1, 'n_estimators': 550, 'random_state': 42, 'reg_lambda': 1.0, 'subsample': 0.6}",0.9781373421338349,0.9830742144370506,0.9809450524821636,0.992236981492171,0.983598397636305,0.00528590736698238,32
243,1.0105003714561462,0.054148383662688246,0.026500284671783447,0.0008643469177812113,1.0,0.3,0.1,6,1,550,42,1.0,1.0,"{'colsample_bytree': 1.0, 'gamma': 0.3, 'learning_rate': 0.1, 'max_depth': 6, 'min_child_weight': 1, 'n_estimators': 550, 'random_state': 42, 'reg_lambda': 1.0, 'subsample': 1.0}",0.9802528966131908,0.9837793183573613,0.9795335748882498,0.9950599858856739,0.984656443936119,0.006217677433816107,12
244,1.3777496814727783,0.0775524104047544,0.03199887275695801,0.0012249004693272165,1.0,0.3,0.1,6,1,650,42,1.0,0.6,"{'colsample_bytree': 1.0, 'gamma': 0.3, 'learning_rate': 0.1, 'max_depth': 6, 'min_child_weight': 1, 'n_estimators': 650, 'random_state': 42, 'reg_lambda': 1.0, 'subsample': 0.6}",0.9788427680463132,0.9830742144370506,0.9809450524821636,0.992236981492171,0.9837747541144246,0.00510959259471637,29
245,1.2739977836608887,0.053748044614569716,0.03474920988082886,0.0028601787850367683,1.0,0.3,0.1,6,1,650,42,1.0,1.0,"{'colsample_bytree': 1.0, 'gamma': 0.3, 'learning_rate': 0.1, 'max_depth': 6, 'min_child_weight': 1, 'n_estimators': 650, 'random_state': 42, 'reg_lambda': 1.0, 'subsample': 1.0}",0.9802528966131908,0.9837793183573613,0.9802394613116583,0.9950599858856739,0.984832915541971,0.006078228154578178,2
246,1.7982479929924011,0.07336092307528844,0.04300123453140259,0.0012261647944229238,1.0,0.3,0.1,6,1,900,42,1.0,0.6,"{'colsample_bytree': 1.0, 'gamma': 0.3, 'learning_rate': 0.1, 'max_depth': 6, 'min_child_weight': 1, 'n_estimators': 900, 'random_state': 42, 'reg_lambda': 1.0, 'subsample': 0.6}",0.9788427680463132,0.9830742144370506,0.9809450524821636,0.992236981492171,0.9837747541144246,0.00510959259471637,29
247,1.7022478580474854,0.0940822212851784,0.039000511169433594,0.001581627460604546,1.0,0.3,0.1,6,1,900,42,1.0,1.0,"{'colsample_bytree': 1.0, 'gamma': 0.3, 'learning_rate': 0.1, 'max_depth': 6, 'min_child_weight': 1, 'n_estimators': 900, 'random_state': 42, 'reg_lambda': 1.0, 'subsample': 1.0}",0.9802528966131908,0.9830739113827349,0.9802394613116583,0.9950599858856739,0.9846565637983145,0.006116352239105777,10
248,0.48224902153015137,0.023721405141075933,0.016749978065490723,0.0008267960410363113,1.0,0.3,0.1,6,5,300,42,1.0,0.6,"{'colsample_bytree': 1.0, 'gamma': 0.3, 'learning_rate': 0.1, 'max_depth': 6, 'min_child_weight': 5, 'n_estimators': 300, 'random_state': 42, 'reg_lambda': 1.0, 'subsample': 0.6}",0.9668499603319679,0.979548405803156,0.9724750902131496,0.988708488555093,0.9768954862258417,0.008170641004659713,106
249,0.46424901485443115,0.05086002174103377,0.01699930429458618,1.6115314763302535e-06,1.0,0.3,0.1,6,5,300,42,1.0,1.0,"{'colsample_bytree': 1.0, 'gamma': 0.3, 'learning_rate': 0.1, 'max_depth': 6, 'min_child_weight': 5, 'n_estimators': 300, 'random_state': 42, 'reg_lambda': 1.0, 'subsample': 1.0}",0.9753158629525571,0.9816637323068047,0.973888444806351,0.9943542667718519,0.9813055767093912,0.008082188817610365,34
250,1.0112478733062744,0.07432409946167345,0.03075110912322998,0.0047645714950991305,1.0,0.3,0.1,6,5,550,42,1.0,0.6,"{'colsample_bytree': 1.0, 'gamma': 0.3, 'learning_rate': 0.1, 'max_depth': 6, 'min_child_weight': 5, 'n_estimators': 550, 'random_state': 42, 'reg_lambda': 1.0, 'subsample': 0.6}",0.9668499603319679,0.979548405803156,0.9724750902131496,0.9880027989650803,0.9767190638283384,0.007917360205824583,110
251,0.8962498307228088,0.07188052338035597,0.028000712394714355,0.004634339902275814,1.0,0.3,0.1,6,5,550,42,1.0,1.0,"{'colsample_bytree': 1.0, 'gamma': 0.3, 'learning_rate': 0.1, 'max_depth': 6, 'min_child_weight': 5, 'n_estimators': 550, 'random_state': 42, 'reg_lambda': 1.0, 'subsample': 1.0}",0.9753158629525571,0.980958633294789,0.973888444806351,0.992942805346933,0.9807764366001576,0.0075052651457237825,40
252,0.9712486267089844,0.02074098319070778,0.02949976921081543,0.0011186468503910792,1.0,0.3,0.1,6,5,650,42,1.0,0.6,"{'colsample_bytree': 1.0, 'gamma': 0.3, 'learning_rate': 0.1, 'max_depth': 6, 'min_child_weight': 5, 'n_estimators': 650, 'random_state': 42, 'reg_lambda': 1.0, 'subsample': 0.6}",0.9668499603319679,0.979548405803156,0.9717696466922473,0.9880027989650803,0.9765427029481129,0.008017159344422072,114
253,0.9780833125114441,0.06674277152961583,0.030959367752075195,0.001300112601606857,1.0,0.3,0.1,6,5,650,42,1.0,1.0,"{'colsample_bytree': 1.0, 'gamma': 0.3, 'learning_rate': 0.1, 'max_depth': 6, 'min_child_weight': 5, 'n_estimators': 650, 'random_state': 42, 'reg_lambda': 1.0, 'subsample': 1.0}",0.9753158629525571,0.980958633294789,0.973888444806351,0.992942805346933,0.9807764366001576,0.0075052651457237825,40
254,1.4176278114318848,0.012894429587245673,0.03825122117996216,0.0012995519370115115,1.0,0.3,0.1,6,5,900,42,1.0,0.6,"{'colsample_bytree': 1.0, 'gamma': 0.3, 'learning_rate': 0.1, 'max_depth': 6, 'min_child_weight': 5, 'n_estimators': 900, 'random_state': 42, 'reg_lambda': 1.0, 'subsample': 0.6}",0.9668499603319679,0.979548405803156,0.9717689717689718,0.9872971002366666,0.9763661095351905,0.007766986844208842,117
255,1.3146246671676636,0.06122227385689549,0.03675180673599243,0.003765040656534147,1.0,0.3,0.1,6,5,900,42,1.0,1.0,"{'colsample_bytree': 1.0, 'gamma': 0.3, 'learning_rate': 0.1, 'max_depth': 6, 'min_child_weight': 5, 'n_estimators': 900, 'random_state': 42, 'reg_lambda': 1.0, 'subsample': 1.0}",0.9753158629525571,0.980958633294789,0.9731826603183458,0.992237105212699,0.9804235654445979,0.007388595117669513,51
