Income,Family,CCAvg,Education,Mortgage,target
54.0,4.0,0.6,2.0,230.0,0
68.0,1.0,0.8,3.0,91.0,0
158.0,2.0,2.1,1.0,0.0,0
63.0,3.0,2.3,1.0,0.0,0
104.0,3.0,0.6,2.0,0.0,0
40.0,1.0,0.8,2.0,128.0,0
44.0,3.0,1.0,2.0,135.0,0
150.0,2.0,7.2,1.0,0.0,0
125.0,1.0,1.0,3.0,0.0,1
55.0,3.0,0.9,3.0,197.0,0
193.0,1.0,8.6,1.0,0.0,0
40.0,4.0,2.6,1.0,89.0,0
111.0,2.0,3.9,1.0,207.0,0
22.0,3.0,0.1,2.0,0.0,0
12.0,1.0,0.3,1.0,0.0,0
18.0,1.0,0.6,3.0,0.0,0
29.0,4.0,0.1,1.0,0.0,0
83.0,1.0,2.8,2.0,0.0,0
45.0,4.0,1.7,2.0,95.0,0
9.0,2.0,0.3,2.0,0.0,0
82.0,2.0,1.5,3.0,0.0,0
109.0,4.0,2.3,3.0,314.0,0
131.0,2.0,1.2,3.0,0.0,1
22.0,4.0,0.6,2.0,0.0,0
78.0,4.0,2.4,1.0,118.0,0
64.0,4.0,2.2,1.0,123.0,0
82.0,4.0,0.0,1.0,0.0,0
101.0,2.0,2.8,1.0,0.0,0
49.0,3.0,0.7,2.0,196.0,0
133.0,4.0,5.7,3.0,0.0,1
24.0,3.0,1.0,2.0,0.0,0
43.0,3.0,1.5,1.0,168.0,0
51.0,2.0,1.75,3.0,0.0,0
43.0,1.0,0.2,1.0,0.0,0
58.0,3.0,0.5,3.0,0.0,0
98.0,3.0,1.8,2.0,80.0,0
51.0,4.0,1.9,3.0,0.0,0
69.0,4.0,2.9,1.0,0.0,0
145.0,2.0,6.9,1.0,0.0,0
94.0,2.0,0.2,1.0,310.0,0
131.0,1.0,4.9,3.0,0.0,1
78.0,4.0,2.4,3.0,0.0,0
55.0,1.0,1.6,2.0,0.0,0
114.0,2.0,0.4,1.0,0.0,0
55.0,3.0,1.1,2.0,0.0,0
90.0,2.0,0.0,3.0,134.0,0
23.0,4.0,0.2,3.0,0.0,0
152.0,1.0,3.5,3.0,0.0,1
61.0,4.0,2.0,3.0,0.0,0
122.0,1.0,5.1,3.0,163.0,1
108.0,1.0,4.0,1.0,0.0,0
73.0,4.0,1.8,3.0,0.0,0
169.0,3.0,5.0,2.0,184.0,1
135.0,2.0,3.3,1.0,0.0,0
23.0,3.0,0.7,2.0,0.0,0
35.0,2.0,0.7,3.0,0.0,0
63.0,4.0,2.2,1.0,0.0,0
58.0,1.0,1.8,3.0,0.0,0
44.0,3.0,0.9,1.0,89.0,0
35.0,3.0,0.9,3.0,136.0,0
65.0,3.0,2.2,3.0,0.0,0
50.0,4.0,1.3,2.0,0.0,0
149.0,4.0,7.2,2.0,0.0,1
39.0,3.0,1.9,2.0,0.0,0
58.0,3.0,0.9,3.0,128.0,0
69.0,1.0,1.5,3.0,78.0,0
64.0,2.0,1.8,1.0,0.0,0
32.0,1.0,1.9,3.0,0.0,0
128.0,2.0,4.33,1.0,0.0,0
39.0,1.0,2.0,1.0,0.0,0
114.0,1.0,1.7,1.0,0.0,0
42.0,4.0,2.5,1.0,0.0,0
45.0,4.0,0.7,2.0,0.0,0
25.0,4.0,0.9,2.0,90.0,0
30.0,2.0,2.0,2.0,0.0,0
44.0,1.0,0.3,1.0,110.0,0
123.0,4.0,3.1,2.0,253.0,1
80.0,3.0,2.5,1.0,0.0,0
25.0,2.0,0.3,2.0,0.0,0
70.0,2.0,1.5,2.0,0.0,0
113.0,1.0,1.0,3.0,211.0,0
122.0,4.0,4.1,2.0,0.0,1
14.0,4.0,0.8,1.0,0.0,0
89.0,2.0,2.8,1.0,0.0,0
70.0,4.0,1.4,2.0,0.0,0
144.0,2.0,6.8,1.0,0.0,0
183.0,2.0,1.4,1.0,354.0,0
29.0,4.0,1.5,2.0,0.0,0
32.0,1.0,0.75,3.0,105.0,0
41.0,4.0,1.3,2.0,0.0,0
69.0,4.0,0.4,1.0,0.0,0
25.0,2.0,0.2,3.0,0.0,0
59.0,1.0,0.0,2.0,0.0,0
195.0,1.0,8.1,1.0,0.0,0
88.0,4.0,1.1,2.0,0.0,0
48.0,1.0,1.8,1.0,169.0,0
24.0,4.0,0.4,2.0,142.0,0
30.0,4.0,0.3,1.0,0.0,0
32.0,1.0,1.7,1.0,0.0,0
24.0,3.0,0.4,1.0,0.0,0
91.0,1.0,4.3,2.0,0.0,1
140.0,2.0,2.7,1.0,0.0,0
130.0,3.0,6.3,3.0,437.0,1
158.0,2.0,7.8,1.0,114.0,0
89.0,2.0,0.8,3.0,0.0,0
81.0,3.0,1.7,2.0,0.0,0
40.0,2.0,2.0,3.0,89.0,0
120.0,1.0,7.4,1.0,186.0,0
113.0,2.0,6.3,1.0,0.0,0
25.0,4.0,0.1,3.0,109.0,0
112.0,1.0,2.4,1.0,0.0,0
179.0,1.0,8.6,1.0,357.0,0
90.0,1.0,2.8,1.0,0.0,0
29.0,1.0,1.5,2.0,159.0,0
15.0,2.0,0.7,3.0,0.0,0
45.0,4.0,1.8,1.0,0.0,0
153.0,1.0,1.3,1.0,455.0,0
9.0,1.0,1.0,1.0,0.0,0
41.0,2.0,1.0,2.0,112.0,0
28.0,1.0,1.5,2.0,0.0,0
159.0,2.0,0.5,1.0,0.0,0
40.0,2.0,1.1,1.0,0.0,0
158.0,2.0,3.7,3.0,251.0,1
94.0,4.0,1.8,3.0,232.0,0
64.0,1.0,1.8,3.0,147.0,0
155.0,1.0,7.4,1.0,0.0,0
44.0,3.0,2.0,3.0,180.0,0
79.0,4.0,1.7,2.0,215.0,0
139.0,1.0,4.3,1.0,0.0,0
29.0,2.0,1.4,3.0,0.0,0
81.0,4.0,3.8,2.0,0.0,0
89.0,4.0,1.9,3.0,0.0,0
69.0,4.0,0.7,1.0,245.0,0
79.0,4.0,2.2,2.0,0.0,0
23.0,4.0,1.1,3.0,0.0,0
132.0,1.0,3.8,1.0,82.0,0
84.0,4.0,0.1,2.0,0.0,0
34.0,3.0,2.0,3.0,0.0,0
42.0,1.0,1.5,3.0,0.0,0
23.0,3.0,0.5,1.0,0.0,0
20.0,1.0,0.2,1.0,131.0,0
13.0,4.0,0.9,2.0,0.0,0
161.0,1.0,2.9,1.0,0.0,0
133.0,2.0,3.1,2.0,0.0,1
141.0,2.0,6.9,1.0,0.0,0
75.0,1.0,2.8,2.0,160.0,0
70.0,1.0,2.9,1.0,0.0,0
48.0,1.0,2.8,2.0,0.0,0
42.0,4.0,0.1,3.0,0.0,0
33.0,1.0,1.5,2.0,0.0,0
110.0,1.0,4.9,1.0,0.0,0
118.0,2.0,1.9,1.0,0.0,0
163.0,2.0,1.3,3.0,0.0,1
200.0,2.0,6.5,1.0,565.0,0
139.0,2.0,2.0,1.0,0.0,0
84.0,1.0,2.4,1.0,0.0,0
122.0,2.0,0.3,1.0,360.0,0
104.0,1.0,4.2,2.0,0.0,1
24.0,4.0,0.3,1.0,0.0,0
64.0,3.0,0.5,3.0,247.0,0
161.0,3.0,6.5,2.0,485.0,1
24.0,1.0,0.1,2.0,0.0,0
42.0,2.0,2.5,1.0,0.0,0
91.0,1.0,2.8,2.0,0.0,0
90.0,2.0,0.0,1.0,258.0,0
90.0,4.0,0.8,1.0,245.0,0
55.0,4.0,1.9,3.0,164.0,0
134.0,1.0,0.0,1.0,0.0,0
165.0,2.0,7.6,1.0,157.0,0
83.0,1.0,3.1,1.0,0.0,1
18.0,2.0,0.1,2.0,119.0,0
58.0,1.0,0.0,2.0,0.0,0
28.0,1.0,0.75,3.0,0.0,0
113.0,2.0,2.0,2.0,84.0,0
160.0,4.0,4.3,3.0,410.0,1
69.0,1.0,0.8,2.0,0.0,0
33.0,1.0,1.4,3.0,0.0,0
65.0,2.0,1.0,3.0,0.0,0
34.0,1.0,0.3,3.0,78.0,0
135.0,2.0,7.2,1.0,0.0,0
72.0,3.0,0.3,2.0,147.0,0
45.0,1.0,0.7,1.0,0.0,0
44.0,1.0,0.2,3.0,0.0,0
33.0,1.0,1.0,1.0,0.0,0
14.0,4.0,0.6,2.0,0.0,0
55.0,1.0,1.8,3.0,0.0,0
104.0,3.0,1.2,3.0,0.0,0
45.0,1.0,1.8,2.0,0.0,0
38.0,4.0,1.5,3.0,0.0,0
32.0,3.0,1.0,2.0,0.0,0
33.0,2.0,0.8,3.0,89.0,0
124.0,1.0,0.2,2.0,0.0,1
72.0,3.0,0.3,2.0,0.0,0
32.0,3.0,2.0,3.0,116.0,0
25.0,3.0,1.0,2.0,135.0,0
41.0,2.0,1.7,1.0,0.0,0
55.0,3.0,2.2,2.0,0.0,0
41.0,1.0,1.4,3.0,128.0,0
49.0,1.0,2.8,1.0,0.0,0
41.0,3.0,2.0,1.0,0.0,0
99.0,1.0,4.6,1.0,368.0,1
45.0,4.0,1.0,2.0,0.0,0
82.0,2.0,1.8,2.0,0.0,0
35.0,1.0,0.3,3.0,0.0,0
45.0,2.0,0.7,1.0,0.0,0
133.0,1.0,1.5,3.0,0.0,1
39.0,4.0,1.5,3.0,0.0,0
31.0,4.0,1.5,2.0,0.0,0
80.0,1.0,1.2,1.0,0.0,0
165.0,4.0,5.1,3.0,0.0,1
78.0,3.0,0.6,2.0,0.0,0
23.0,2.0,0.3,3.0,0.0,0
184.0,1.0,6.0,1.0,0.0,0
29.0,3.0,1.0,2.0,117.0,0
102.0,2.0,3.3,1.0,303.0,0
194.0,2.0,0.0,1.0,0.0,0
188.0,2.0,4.5,1.0,455.0,0
141.0,2.0,4.9,3.0,0.0,1
184.0,1.0,8.1,1.0,303.0,0
31.0,2.0,0.3,2.0,0.0,0
64.0,2.0,1.5,1.0,0.0,0
93.0,2.0,3.1,2.0,0.0,1
43.0,4.0,1.7,1.0,98.0,0
38.0,2.0,0.3,1.0,186.0,0
44.0,3.0,2.0,3.0,0.0,0
149.0,1.0,6.33,1.0,305.0,0
23.0,1.0,1.5,3.0,0.0,0
42.0,3.0,0.7,2.0,0.0,0
11.0,1.0,1.0,1.0,0.0,0
38.0,4.0,1.0,2.0,0.0,0
110.0,1.0,4.0,1.0,0.0,0
29.0,1.0,0.3,3.0,0.0,0
29.0,3.0,2.0,3.0,151.0,0
130.0,1.0,0.6,1.0,311.0,0
90.0,2.0,0.8,3.0,205.0,0
43.0,1.0,2.1,3.0,166.0,0
193.0,3.0,6.3,3.0,0.0,1
74.0,1.0,3.0,3.0,0.0,0
40.0,1.0,2.8,2.0,0.0,0
138.0,1.0,2.5,1.0,0.0,0
13.0,1.0,0.2,1.0,0.0,0
120.0,1.0,3.2,3.0,0.0,1
118.0,4.0,5.6,2.0,0.0,1
82.0,2.0,2.5,1.0,221.0,0
149.0,2.0,0.4,1.0,0.0,0
83.0,2.0,2.5,1.0,148.0,0
75.0,4.0,1.4,2.0,0.0,0
42.0,4.0,1.7,1.0,0.0,0
55.0,4.0,2.0,2.0,147.0,0
81.0,4.0,1.8,3.0,0.0,0
141.0,2.0,4.33,1.0,0.0,0
38.0,4.0,1.9,3.0,144.0,0
54.0,1.0,1.6,3.0,185.0,0
159.0,4.0,4.9,2.0,111.0,1
195.0,2.0,3.0,1.0,122.0,0
170.0,4.0,6.1,2.0,0.0,1
108.0,2.0,2.0,1.0,359.0,0
93.0,3.0,1.6,1.0,79.0,0
25.0,2.0,0.9,3.0,140.0,0
53.0,4.0,2.8,2.0,0.0,0
12.0,1.0,0.1,2.0,0.0,0
53.0,4.0,2.1,1.0,0.0,0
51.0,1.0,1.3,2.0,98.0,0
29.0,1.0,0.2,3.0,90.0,0
30.0,3.0,0.7,2.0,0.0,0
54.0,4.0,1.3,2.0,0.0,0
84.0,4.0,0.2,3.0,297.0,0
21.0,2.0,1.4,3.0,125.0,0
24.0,1.0,1.5,2.0,0.0,0
35.0,1.0,1.4,3.0,0.0,0
53.0,1.0,1.8,1.0,0.0,0
168.0,4.0,4.1,2.0,0.0,1
44.0,1.0,0.3,1.0,187.0,0
21.0,1.0,0.5,3.0,0.0,0
84.0,4.0,1.8,2.0,0.0,0
63.0,3.0,2.0,3.0,0.0,0
62.0,3.0,0.7,2.0,0.0,0
51.0,2.0,1.9,2.0,0.0,0
20.0,3.0,1.3,1.0,83.0,0
31.0,4.0,1.7,1.0,124.0,0
42.0,3.0,1.5,1.0,0.0,0
49.0,4.0,2.2,1.0,204.0,0
50.0,3.0,0.5,3.0,0.0,0
8.0,1.0,0.4,3.0,0.0,0
130.0,4.0,6.5,1.0,0.0,1
19.0,1.0,1.5,3.0,0.0,0
134.0,4.0,4.5,3.0,0.0,1
63.0,1.0,2.5,3.0,0.0,0
161.0,3.0,8.0,2.0,0.0,1
44.0,1.0,1.4,3.0,0.0,0
170.0,2.0,2.8,1.0,0.0,0
9.0,2.0,0.0,3.0,96.0,0
128.0,2.0,4.1,2.0,209.0,1
53.0,1.0,0.3,1.0,213.0,0
142.0,2.0,2.8,3.0,0.0,1
131.0,3.0,2.6,3.0,229.0,1
8.0,2.0,0.3,3.0,0.0,0
80.0,4.0,0.7,3.0,285.0,0
128.0,2.0,3.9,1.0,0.0,0
84.0,1.0,3.6,2.0,0.0,0
113.0,2.0,0.2,1.0,0.0,0
22.0,1.0,1.2,3.0,0.0,0
129.0,2.0,3.3,1.0,0.0,0
82.0,2.0,1.6,3.0,0.0,0
25.0,4.0,1.0,1.0,147.0,0
194.0,3.0,6.0,3.0,587.0,1
113.0,4.0,2.3,3.0,0.0,0
81.0,3.0,0.8,1.0,0.0,0
61.0,2.0,0.6,3.0,127.0,0
90.0,2.0,3.3,1.0,0.0,0
70.0,3.0,0.5,3.0,0.0,0
114.0,2.0,3.8,3.0,0.0,0
58.0,1.0,0.0,1.0,0.0,0
119.0,1.0,7.3,1.0,398.0,0
143.0,4.0,6.6,2.0,0.0,1
78.0,4.0,2.0,2.0,0.0,0
54.0,2.0,1.67,2.0,122.0,0
68.0,1.0,0.2,2.0,0.0,0
30.0,4.0,0.6,1.0,0.0,0
19.0,4.0,0.2,3.0,0.0,0
64.0,2.0,1.7,3.0,0.0,0
53.0,4.0,1.9,3.0,0.0,0
170.0,1.0,6.0,1.0,0.0,0
60.0,4.0,2.0,2.0,0.0,0
158.0,1.0,5.1,3.0,0.0,1
40.0,4.0,1.0,3.0,0.0,0
144.0,4.0,5.4,1.0,210.0,1
82.0,3.0,1.0,1.0,309.0,0
111.0,4.0,5.4,3.0,0.0,1
150.0,1.0,7.3,1.0,0.0,0
43.0,3.0,1.4,1.0,0.0,0
41.0,1.0,1.4,3.0,0.0,0
10.0,4.0,0.7,2.0,81.0,0
102.0,4.0,4.7,2.0,81.0,1
25.0,4.0,0.4,2.0,101.0,0
35.0,2.0,1.7,2.0,0.0,0
59.0,1.0,2.4,1.0,0.0,0
99.0,1.0,3.0,3.0,149.0,1
124.0,3.0,5.0,2.0,170.0,1
139.0,4.0,0.4,1.0,0.0,1
52.0,4.0,2.2,2.0,0.0,0
28.0,4.0,1.0,1.0,130.0,0
145.0,1.0,4.3,1.0,437.0,0
80.0,4.0,2.0,3.0,0.0,0
22.0,1.0,1.5,2.0,111.0,0
105.0,1.0,3.0,2.0,0.0,1
38.0,2.0,2.1,3.0,95.0,0
81.0,3.0,1.8,2.0,0.0,0
44.0,2.0,1.7,1.0,0.0,0
179.0,1.0,1.0,1.0,0.0,0
99.0,2.0,1.4,1.0,0.0,0
29.0,3.0,0.2,1.0,79.0,0
35.0,2.0,1.3,1.0,0.0,0
114.0,1.0,0.3,1.0,286.0,0
35.0,2.0,1.0,2.0,0.0,0
88.0,1.0,2.6,2.0,0.0,0
61.0,1.0,1.8,3.0,0.0,0
85.0,2.0,1.6,3.0,0.0,0
114.0,3.0,0.6,2.0,0.0,0
42.0,4.0,1.2,2.0,0.0,0
128.0,2.0,0.4,1.0,0.0,0
70.0,4.0,2.9,1.0,0.0,0
99.0,3.0,1.1,1.0,0.0,0
151.0,3.0,0.6,2.0,0.0,1
35.0,1.0,1.5,2.0,97.0,0
73.0,3.0,3.0,1.0,0.0,0
23.0,2.0,0.5,2.0,103.0,0
104.0,2.0,2.5,1.0,184.0,0
171.0,2.0,2.1,1.0,433.0,0
40.0,4.0,1.8,1.0,0.0,0
172.0,4.0,1.0,2.0,295.0,1
103.0,3.0,2.0,2.0,167.0,0
25.0,2.0,0.3,1.0,0.0,0
153.0,2.0,3.0,1.0,0.0,0
20.0,4.0,0.4,3.0,0.0,0
55.0,4.0,0.9,1.0,215.0,0
52.0,1.0,1.4,3.0,207.0,0
83.0,2.0,3.8,3.0,0.0,0
65.0,3.0,0.5,3.0,0.0,0
35.0,1.0,1.9,2.0,172.0,0
54.0,3.0,2.2,1.0,0.0,0
45.0,4.0,0.2,1.0,0.0,0
23.0,1.0,0.5,2.0,0.0,0
108.0,4.0,1.8,2.0,0.0,0
14.0,2.0,0.3,1.0,109.0,0
50.0,4.0,2.1,3.0,209.0,0
53.0,4.0,2.0,3.0,0.0,0
15.0,1.0,1.0,1.0,0.0,0
134.0,2.0,3.3,1.0,0.0,0
75.0,3.0,0.3,3.0,0.0,0
82.0,3.0,3.7,2.0,0.0,1
68.0,1.0,1.5,2.0,120.0,0
105.0,1.0,0.8,3.0,0.0,0
55.0,4.0,1.7,2.0,175.0,0
24.0,1.0,0.1,1.0,0.0,0
190.0,4.0,0.3,3.0,305.0,1
34.0,4.0,1.7,1.0,0.0,0
65.0,2.0,1.5,2.0,0.0,0
123.0,2.0,3.1,1.0,0.0,0
75.0,3.0,3.0,1.0,0.0,0
71.0,1.0,2.6,2.0,0.0,0
89.0,4.0,1.4,2.0,0.0,0
161.0,1.0,5.8,3.0,0.0,1
83.0,1.0,1.0,3.0,0.0,0
49.0,2.0,1.6,3.0,103.0,0
139.0,2.0,3.9,1.0,0.0,0
43.0,2.0,0.7,1.0,163.0,0
39.0,4.0,0.7,2.0,0.0,0
113.0,2.0,2.0,2.0,315.0,0
29.0,3.0,0.1,2.0,0.0,0
39.0,3.0,2.1,3.0,0.0,0
169.0,1.0,6.5,3.0,272.0,1
70.0,4.0,2.6,1.0,0.0,0
148.0,3.0,4.1,1.0,0.0,1
49.0,4.0,1.7,2.0,104.0,0
65.0,4.0,2.8,2.0,0.0,0
155.0,2.0,0.4,1.0,107.0,0
52.0,4.0,1.7,1.0,218.0,0
41.0,2.0,1.5,1.0,0.0,0
45.0,3.0,0.9,1.0,101.0,0
42.0,1.0,1.2,2.0,0.0,0
8.0,1.0,0.3,1.0,97.0,0
43.0,2.0,1.3,1.0,0.0,0
40.0,1.0,1.6,1.0,0.0,0
82.0,1.0,4.0,3.0,0.0,0
20.0,4.0,1.0,1.0,116.0,0
62.0,4.0,0.0,1.0,229.0,0
53.0,4.0,2.2,1.0,114.0,0
20.0,4.0,1.0,1.0,111.0,0
182.0,2.0,7.6,1.0,0.0,0
43.0,4.0,1.2,2.0,0.0,0
84.0,2.0,3.7,1.0,304.0,0
10.0,1.0,0.8,2.0,0.0,0
61.0,4.0,1.8,3.0,207.0,0
15.0,4.0,0.6,3.0,0.0,0
35.0,3.0,1.7,2.0,0.0,0
22.0,1.0,0.5,3.0,85.0,0
35.0,1.0,1.2,3.0,122.0,0
82.0,2.0,1.7,2.0,0.0,0
33.0,3.0,1.9,2.0,144.0,0
74.0,4.0,1.3,1.0,0.0,0
121.0,1.0,3.5,1.0,368.0,0
68.0,4.0,1.8,3.0,0.0,0
65.0,4.0,2.2,2.0,0.0,0
82.0,4.0,3.4,2.0,0.0,0
173.0,2.0,3.3,1.0,243.0,0
119.0,1.0,1.5,1.0,0.0,0
22.0,1.0,1.4,3.0,0.0,0
122.0,4.0,0.2,2.0,0.0,1
73.0,1.0,1.5,2.0,128.0,0
98.0,2.0,2.8,1.0,0.0,0
25.0,2.0,1.0,2.0,0.0,0
80.0,3.0,2.67,2.0,0.0,0
112.0,3.0,2.5,1.0,389.0,0
58.0,4.0,1.3,1.0,0.0,0
11.0,1.0,0.1,1.0,0.0,0
38.0,2.0,0.7,1.0,91.0,0
51.0,2.0,1.6,3.0,123.0,0
135.0,3.0,4.8,2.0,0.0,1
33.0,3.0,0.2,1.0,0.0,0
190.0,4.0,1.3,2.0,197.0,1
61.0,4.0,0.2,3.0,0.0,0
93.0,4.0,0.8,1.0,101.0,0
54.0,3.0,0.3,2.0,0.0,0
51.0,2.0,1.1,2.0,131.0,0
41.0,4.0,1.67,3.0,0.0,0
108.0,1.0,4.6,1.0,0.0,0
84.0,3.0,0.7,1.0,166.0,0
43.0,3.0,1.0,2.0,165.0,0
92.0,2.0,2.7,1.0,0.0,0
121.0,1.0,4.7,1.0,0.0,0
140.0,3.0,5.6,1.0,0.0,1
19.0,4.0,0.4,2.0,124.0,0
22.0,2.0,0.3,2.0,0.0,0
15.0,2.0,0.1,2.0,90.0,0
54.0,1.0,2.5,3.0,0.0,0
15.0,4.0,0.8,1.0,101.0,0
75.0,2.0,1.7,3.0,0.0,0
99.0,1.0,0.1,3.0,0.0,0
58.0,3.0,2.1,1.0,247.0,0
34.0,2.0,2.0,3.0,0.0,0
38.0,1.0,1.7,1.0,0.0,0
29.0,2.0,1.4,3.0,0.0,0
118.0,1.0,4.7,1.0,159.0,0
55.0,2.0,1.1,1.0,0.0,0
92.0,1.0,1.9,2.0,0.0,0
71.0,3.0,0.3,3.0,0.0,0
194.0,4.0,0.2,3.0,211.0,1
70.0,1.0,2.8,1.0,0.0,0
141.0,2.0,8.0,1.0,0.0,0
51.0,3.0,1.4,3.0,0.0,0
64.0,3.0,2.2,1.0,0.0,0
61.0,3.0,3.0,2.0,0.0,0
40.0,2.0,1.1,2.0,166.0,0
93.0,1.0,2.7,2.0,256.0,0
19.0,4.0,0.4,1.0,0.0,0
121.0,1.0,1.5,1.0,0.0,0
69.0,4.0,2.1,3.0,0.0,0
22.0,1.0,0.2,1.0,104.0,0
94.0,3.0,0.5,1.0,0.0,0
112.0,1.0,0.6,1.0,0.0,0
21.0,3.0,0.1,2.0,0.0,0
80.0,3.0,1.1,1.0,0.0,0
44.0,2.0,1.1,2.0,85.0,0
40.0,4.0,1.1,2.0,131.0,0
89.0,2.0,2.7,1.0,0.0,0
69.0,2.0,1.7,1.0,209.0,0
111.0,1.0,3.8,1.0,0.0,0
38.0,1.0,0.2,1.0,0.0,0
13.0,4.0,0.7,1.0,0.0,0
125.0,2.0,1.9,1.0,0.0,0
55.0,3.0,0.9,3.0,0.0,0
140.0,1.0,4.0,1.0,0.0,0
18.0,2.0,0.3,2.0,0.0,0
115.0,1.0,2.0,1.0,0.0,0
115.0,2.0,0.4,1.0,0.0,0
79.0,1.0,2.7,2.0,294.0,0
24.0,3.0,0.67,2.0,0.0,0
79.0,3.0,1.6,3.0,0.0,0
68.0,3.0,2.1,1.0,0.0,0
84.0,4.0,4.9,1.0,0.0,0
33.0,2.0,0.7,2.0,0.0,0
128.0,2.0,3.9,1.0,196.0,0
131.0,1.0,3.8,1.0,0.0,0
164.0,1.0,2.4,1.0,449.0,0
99.0,2.0,1.5,3.0,0.0,0
70.0,1.0,2.9,1.0,0.0,0
78.0,2.0,1.8,2.0,0.0,0
73.0,4.0,3.8,2.0,0.0,0
23.0,4.0,0.6,3.0,98.0,0
19.0,4.0,0.4,3.0,0.0,0
35.0,3.0,1.0,1.0,0.0,0
52.0,4.0,1.7,2.0,0.0,0
42.0,2.0,0.7,1.0,101.0,0
73.0,3.0,2.33,2.0,0.0,0
204.0,2.0,4.5,1.0,0.0,0
85.0,3.0,1.2,3.0,107.0,0
38.0,1.0,0.5,3.0,144.0,0
164.0,1.0,5.0,1.0,0.0,0
78.0,4.0,1.0,2.0,0.0,0
124.0,2.0,0.6,1.0,0.0,0
52.0,4.0,1.67,3.0,0.0,0
54.0,4.0,0.6,2.0,0.0,0
74.0,2.0,0.7,2.0,0.0,0
188.0,2.0,7.0,2.0,581.0,1
122.0,4.0,0.2,1.0,378.0,1
149.0,2.0,7.2,1.0,154.0,0
139.0,1.0,4.6,1.0,0.0,0
83.0,4.0,2.0,3.0,0.0,0
21.0,3.0,0.2,2.0,0.0,0
123.0,2.0,5.6,2.0,0.0,1
92.0,2.0,2.0,1.0,0.0,0
154.0,2.0,2.0,1.0,130.0,0
52.0,4.0,2.2,2.0,0.0,0
45.0,4.0,0.2,1.0,158.0,0
90.0,2.0,0.8,3.0,0.0,0
44.0,2.0,1.6,3.0,170.0,0
63.0,4.0,0.2,3.0,242.0,0
141.0,2.0,2.1,1.0,0.0,0
74.0,4.0,1.9,3.0,0.0,0
45.0,1.0,1.0,3.0,0.0,0
183.0,2.0,8.8,3.0,582.0,1
31.0,1.0,1.5,3.0,0.0,0
179.0,3.0,1.2,1.0,0.0,1
18.0,3.0,1.3,2.0,104.0,0
44.0,3.0,1.0,2.0,0.0,0
41.0,1.0,1.0,1.0,0.0,0
40.0,3.0,1.4,3.0,0.0,0
78.0,1.0,1.2,1.0,305.0,0
140.0,2.0,2.0,1.0,0.0,0
18.0,1.0,0.6,3.0,0.0,0
154.0,2.0,2.8,1.0,0.0,0
62.0,3.0,2.2,3.0,217.0,0
38.0,1.0,2.4,1.0,130.0,0
151.0,1.0,3.5,1.0,392.0,0
115.0,4.0,2.2,2.0,0.0,1
70.0,4.0,2.6,1.0,0.0,0
91.0,3.0,0.5,3.0,0.0,0
39.0,1.0,2.4,1.0,0.0,0
70.0,1.0,0.3,1.0,217.0,0
188.0,1.0,0.9,3.0,282.0,1
94.0,1.0,1.9,2.0,0.0,0
38.0,1.0,2.1,3.0,133.0,0
122.0,1.0,0.3,1.0,0.0,0
42.0,4.0,0.4,1.0,0.0,0
58.0,1.0,0.8,2.0,0.0,0
12.0,2.0,0.2,3.0,0.0,0
50.0,4.0,1.8,3.0,0.0,0
45.0,2.0,2.5,1.0,0.0,0
81.0,3.0,1.7,2.0,193.0,0
45.0,3.0,1.7,2.0,0.0,0
40.0,2.0,1.0,3.0,0.0,0
18.0,2.0,1.0,2.0,88.0,0
34.0,3.0,1.0,2.0,0.0,0
85.0,4.0,0.2,3.0,0.0,0
40.0,3.0,0.9,3.0,129.0,0
61.0,4.0,1.7,2.0,229.0,0
43.0,1.0,1.6,2.0,0.0,0
38.0,3.0,2.2,3.0,178.0,0
40.0,1.0,1.0,3.0,0.0,0
18.0,4.0,0.4,2.0,0.0,0
72.0,2.0,3.7,1.0,144.0,0
190.0,2.0,8.8,1.0,0.0,0
25.0,2.0,0.2,3.0,0.0,0
54.0,2.0,1.6,3.0,0.0,0
24.0,4.0,0.2,1.0,0.0,0
38.0,4.0,1.7,1.0,0.0,0
72.0,3.0,0.8,1.0,0.0,0
29.0,3.0,1.0,3.0,148.0,0
31.0,3.0,0.4,2.0,0.0,0
38.0,2.0,2.1,3.0,0.0,0
110.0,2.0,2.0,1.0,0.0,0
113.0,1.0,1.0,3.0,0.0,0
92.0,2.0,3.1,1.0,178.0,0
120.0,1.0,0.0,1.0,0.0,0
62.0,3.0,0.3,2.0,0.0,0
95.0,3.0,0.5,1.0,0.0,0
154.0,2.0,6.1,1.0,325.0,0
33.0,4.0,1.5,3.0,0.0,0
138.0,3.0,6.9,2.0,0.0,1
43.0,1.0,1.3,2.0,0.0,0
39.0,1.0,0.5,3.0,0.0,0
15.0,2.0,0.2,3.0,0.0,0
20.0,2.0,0.3,1.0,106.0,0
79.0,4.0,2.0,3.0,0.0,0
169.0,2.0,6.1,3.0,106.0,1
93.0,2.0,1.6,1.0,0.0,0
82.0,4.0,2.67,1.0,0.0,0
32.0,3.0,2.0,3.0,0.0,0
62.0,3.0,2.0,3.0,0.0,0
130.0,4.0,3.2,2.0,0.0,1
61.0,3.0,0.5,3.0,137.0,0
173.0,1.0,0.5,2.0,0.0,1
19.0,3.0,1.5,1.0,94.0,0
51.0,1.0,1.3,2.0,0.0,0
175.0,3.0,3.3,3.0,329.0,1
28.0,1.0,1.0,1.0,84.0,0
72.0,2.0,0.7,2.0,226.0,0
8.0,2.0,0.3,1.0,0.0,0
71.0,1.0,0.8,3.0,127.0,0
124.0,2.0,0.3,1.0,0.0,0
59.0,1.0,2.5,3.0,220.0,0
42.0,2.0,0.7,3.0,115.0,0
25.0,4.0,0.5,2.0,0.0,0
60.0,4.0,1.6,2.0,0.0,0
75.0,4.0,1.9,1.0,0.0,0
93.0,1.0,0.3,1.0,0.0,0
65.0,4.0,1.8,3.0,0.0,0
94.0,1.0,4.9,1.0,272.0,0
121.0,1.0,0.3,1.0,0.0,0
25.0,4.0,0.4,3.0,115.0,0
135.0,1.0,0.6,1.0,452.0,0
31.0,4.0,0.3,1.0,156.0,0
28.0,1.0,0.6,3.0,0.0,0
49.0,3.0,2.5,2.0,0.0,0
52.0,2.0,1.1,1.0,0.0,0
88.0,4.0,1.0,2.0,0.0,0
141.0,4.0,5.1,3.0,354.0,1
41.0,3.0,0.5,3.0,0.0,0
128.0,1.0,2.5,1.0,162.0,0
44.0,4.0,0.2,1.0,0.0,0
89.0,2.0,2.0,1.0,0.0,0
35.0,4.0,0.8,1.0,0.0,0
43.0,4.0,1.3,3.0,0.0,0
82.0,2.0,1.8,1.0,178.0,0
19.0,2.0,1.4,2.0,120.0,0
35.0,1.0,1.5,2.0,0.0,0
38.0,1.0,1.33,1.0,115.0,0
120.0,1.0,5.2,1.0,0.0,0
188.0,2.0,4.5,1.0,0.0,0
78.0,2.0,0.2,1.0,0.0,0
40.0,3.0,0.5,2.0,0.0,0
82.0,1.0,2.9,1.0,267.0,0
30.0,4.0,0.1,1.0,161.0,0
43.0,1.0,1.0,3.0,102.0,0
33.0,3.0,1.5,1.0,0.0,0
174.0,3.0,1.7,3.0,231.0,1
41.0,4.0,1.3,1.0,174.0,0
84.0,2.0,0.0,3.0,0.0,0
89.0,1.0,3.8,1.0,0.0,0
120.0,1.0,4.1,2.0,0.0,1
154.0,2.0,8.8,1.0,0.0,0
53.0,4.0,1.9,3.0,0.0,0
82.0,4.0,3.4,1.0,0.0,0
112.0,1.0,3.8,1.0,81.0,0
22.0,4.0,0.4,2.0,103.0,0
25.0,2.0,1.0,2.0,0.0,0
42.0,4.0,2.5,2.0,194.0,0
84.0,4.0,2.2,2.0,322.0,0
15.0,4.0,0.6,3.0,0.0,0
38.0,2.0,0.7,1.0,0.0,0
145.0,1.0,0.3,1.0,140.0,0
53.0,1.0,0.7,3.0,0.0,0
60.0,1.0,2.5,3.0,103.0,0
68.0,4.0,2.9,1.0,0.0,0
21.0,3.0,0.3,3.0,129.0,0
70.0,3.0,2.1,1.0,0.0,0
38.0,4.0,0.8,1.0,129.0,0
58.0,1.0,0.0,2.0,0.0,0
59.0,4.0,0.1,2.0,0.0,0
31.0,4.0,0.1,3.0,0.0,0
71.0,4.0,1.8,2.0,0.0,0
41.0,4.0,1.2,2.0,0.0,0
29.0,1.0,0.3,1.0,0.0,0
114.0,1.0,0.8,3.0,0.0,0
40.0,4.0,0.8,1.0,0.0,0
44.0,4.0,0.8,1.0,122.0,0
84.0,2.0,1.6,1.0,0.0,0
184.0,1.0,5.4,3.0,176.0,1
83.0,4.0,3.6,3.0,188.0,0
38.0,1.0,1.9,3.0,0.0,0
179.0,2.0,0.0,1.0,380.0,0
10.0,1.0,0.4,2.0,0.0,0
38.0,4.0,0.7,2.0,0.0,0
185.0,4.0,7.5,2.0,428.0,1
72.0,3.0,1.4,3.0,0.0,0
82.0,1.0,2.5,1.0,138.0,0
134.0,2.0,0.3,1.0,0.0,0
152.0,2.0,6.5,1.0,0.0,0
42.0,4.0,2.2,2.0,185.0,0
83.0,1.0,2.8,3.0,0.0,0
141.0,1.0,0.8,1.0,0.0,0
49.0,4.0,1.67,3.0,0.0,0
178.0,2.0,6.7,1.0,0.0,0
41.0,4.0,2.5,1.0,0.0,0
84.0,4.0,3.1,2.0,0.0,1
174.0,2.0,6.7,1.0,0.0,0
81.0,4.0,0.2,3.0,167.0,0
145.0,2.0,6.0,3.0,0.0,1
139.0,2.0,2.9,3.0,0.0,1
173.0,1.0,4.6,2.0,88.0,1
48.0,1.0,1.6,2.0,0.0,0
39.0,2.0,2.1,3.0,0.0,0
19.0,1.0,1.2,3.0,0.0,0
40.0,1.0,1.3,2.0,0.0,0
21.0,2.0,0.7,2.0,0.0,0
80.0,2.0,1.6,3.0,238.0,0
80.0,1.0,0.3,1.0,0.0,0
68.0,2.0,2.8,1.0,113.0,0
48.0,2.0,2.1,3.0,0.0,0
28.0,1.0,0.3,1.0,0.0,0
42.0,4.0,1.1,2.0,151.0,0
62.0,1.0,1.3,2.0,221.0,0
35.0,3.0,0.9,3.0,0.0,0
15.0,4.0,0.9,2.0,0.0,0
40.0,1.0,1.1,3.0,0.0,0
71.0,2.0,2.7,1.0,94.0,0
182.0,3.0,2.6,3.0,0.0,1
39.0,1.0,0.3,3.0,0.0,0
121.0,2.0,3.3,1.0,0.0,0
38.0,2.0,2.0,3.0,0.0,0
153.0,1.0,1.7,1.0,337.0,0
75.0,3.0,2.0,3.0,0.0,0
25.0,2.0,0.0,1.0,0.0,0
173.0,2.0,6.7,1.0,222.0,0
153.0,2.0,2.8,2.0,0.0,1
32.0,4.0,0.6,1.0,77.0,0
114.0,4.0,5.2,1.0,0.0,1
22.0,4.0,0.2,1.0,83.0,0
68.0,1.0,3.7,3.0,0.0,0
41.0,1.0,2.4,2.0,0.0,0
31.0,3.0,0.5,2.0,0.0,0
33.0,3.0,1.7,2.0,0.0,0
58.0,2.0,2.8,1.0,0.0,0
193.0,2.0,8.1,3.0,0.0,1
111.0,3.0,3.0,1.0,0.0,1
65.0,4.0,2.0,3.0,0.0,0
54.0,2.0,1.1,2.0,159.0,0
75.0,1.0,1.4,3.0,0.0,0
155.0,4.0,0.1,3.0,0.0,1
34.0,1.0,1.9,3.0,156.0,0
111.0,2.0,3.6,3.0,0.0,1
43.0,3.0,1.1,2.0,0.0,0
88.0,3.0,0.8,1.0,134.0,0
114.0,1.0,0.8,3.0,0.0,0
61.0,3.0,0.5,3.0,0.0,0
154.0,1.0,2.4,2.0,352.0,1
29.0,1.0,1.33,1.0,81.0,0
83.0,4.0,0.2,3.0,0.0,0
145.0,1.0,2.7,3.0,0.0,1
188.0,3.0,1.3,1.0,184.0,1
23.0,4.0,0.2,3.0,0.0,0
162.0,1.0,2.9,1.0,0.0,0
149.0,2.0,3.9,1.0,319.0,0
81.0,2.0,1.8,2.0,0.0,0
21.0,4.0,0.1,3.0,0.0,0
52.0,3.0,2.6,3.0,159.0,0
19.0,2.0,0.2,3.0,0.0,0
60.0,2.0,3.2,1.0,0.0,0
81.0,2.0,3.2,1.0,0.0,0
141.0,2.0,3.3,1.0,0.0,0
155.0,1.0,2.9,1.0,0.0,0
78.0,4.0,2.2,2.0,236.0,0
54.0,3.0,1.1,2.0,0.0,0
155.0,1.0,7.0,1.0,0.0,0
115.0,2.0,1.3,1.0,101.0,0
59.0,4.0,2.2,1.0,232.0,0
81.0,4.0,0.2,3.0,0.0,0
140.0,2.0,6.9,1.0,97.0,0
115.0,2.0,2.8,1.0,202.0,0
40.0,2.0,2.3,3.0,0.0,0
103.0,1.0,2.6,1.0,0.0,0
41.0,1.0,2.4,2.0,0.0,0
80.0,2.0,4.5,3.0,0.0,0
71.0,1.0,0.1,1.0,78.0,0
49.0,1.0,1.5,1.0,0.0,0
72.0,2.0,2.8,1.0,0.0,0
48.0,1.0,1.2,1.0,0.0,0
45.0,4.0,1.3,2.0,201.0,0
94.0,1.0,2.0,1.0,0.0,0
85.0,1.0,4.0,3.0,287.0,0
38.0,1.0,1.1,3.0,0.0,0
33.0,2.0,1.4,3.0,0.0,0
85.0,2.0,1.3,1.0,119.0,0
70.0,4.0,2.6,1.0,218.0,0
15.0,2.0,0.3,3.0,115.0,0
40.0,3.0,2.2,2.0,87.0,0
95.0,1.0,3.9,3.0,146.0,1
35.0,1.0,1.33,1.0,131.0,0
84.0,4.0,2.2,2.0,323.0,0
91.0,2.0,0.0,1.0,0.0,0
91.0,2.0,1.8,2.0,321.0,0
174.0,1.0,4.7,1.0,0.0,0
33.0,1.0,0.75,3.0,0.0,0
38.0,1.0,0.2,3.0,0.0,0
78.0,1.0,2.8,3.0,0.0,0
59.0,4.0,1.7,1.0,148.0,0
103.0,3.0,1.8,2.0,364.0,0
80.0,3.0,0.5,1.0,0.0,0
74.0,2.0,1.1,1.0,0.0,0
58.0,1.0,1.0,1.0,0.0,0
79.0,4.0,2.1,3.0,182.0,0
80.0,2.0,1.5,3.0,0.0,0
190.0,2.0,4.2,2.0,0.0,1
69.0,4.0,2.4,1.0,0.0,0
23.0,2.0,0.0,3.0,0.0,0
63.0,4.0,1.2,2.0,0.0,0
78.0,4.0,3.6,3.0,141.0,0
105.0,1.0,3.0,2.0,282.0,1
13.0,1.0,0.9,3.0,0.0,0
73.0,4.0,3.4,1.0,140.0,0
44.0,3.0,1.5,1.0,117.0,0
105.0,1.0,4.0,1.0,331.0,0
20.0,3.0,0.1,3.0,0.0,0
35.0,3.0,0.1,2.0,114.0,0
14.0,2.0,0.1,3.0,0.0,0
84.0,2.0,2.8,1.0,0.0,0
93.0,4.0,1.8,3.0,0.0,0
72.0,3.0,2.6,2.0,0.0,0
64.0,1.0,1.5,3.0,0.0,0
39.0,2.0,0.7,2.0,166.0,0
119.0,2.0,3.3,1.0,0.0,0
19.0,3.0,1.3,2.0,97.0,0
25.0,4.0,1.0,1.0,0.0,0
98.0,3.0,3.9,3.0,0.0,1
165.0,2.0,8.0,1.0,0.0,0
13.0,4.0,0.3,1.0,0.0,0
21.0,1.0,0.8,2.0,76.0,0
120.0,2.0,6.1,1.0,196.0,0
23.0,3.0,0.4,2.0,0.0,0
41.0,2.0,1.0,3.0,154.0,0
73.0,3.0,2.33,1.0,0.0,0
30.0,4.0,0.8,1.0,158.0,0
201.0,1.0,10.0,2.0,0.0,1
29.0,1.0,0.6,3.0,0.0,0
13.0,3.0,0.5,1.0,0.0,0
118.0,2.0,7.5,1.0,0.0,0
23.0,2.0,0.9,3.0,0.0,0
30.0,3.0,1.5,1.0,151.0,0
39.0,4.0,0.8,1.0,0.0,0
42.0,3.0,1.4,3.0,158.0,0
60.0,3.0,0.5,3.0,0.0,0
21.0,3.0,1.0,2.0,0.0,0
14.0,2.0,0.0,1.0,103.0,0
149.0,2.0,0.2,3.0,364.0,1
124.0,1.0,5.2,1.0,0.0,0
44.0,4.0,0.6,2.0,0.0,0
60.0,1.0,1.2,1.0,0.0,0
21.0,2.0,0.4,3.0,76.0,0
14.0,2.0,1.0,1.0,107.0,0
93.0,1.0,4.3,1.0,0.0,0
39.0,3.0,1.0,2.0,0.0,0
85.0,1.0,2.7,2.0,100.0,0
158.0,2.0,0.4,2.0,277.0,1
22.0,3.0,0.2,1.0,0.0,0
45.0,2.0,1.0,3.0,88.0,0
70.0,3.0,2.2,1.0,0.0,0
20.0,3.0,0.4,2.0,94.0,0
71.0,2.0,1.75,3.0,0.0,0
78.0,1.0,1.8,3.0,0.0,0
88.0,2.0,1.7,2.0,0.0,0
75.0,3.0,2.1,1.0,224.0,0
224.0,2.0,6.67,1.0,0.0,0
142.0,3.0,4.2,1.0,359.0,1
108.0,2.0,2.4,2.0,0.0,0
103.0,1.0,0.8,3.0,0.0,0
63.0,2.0,1.7,3.0,184.0,0
58.0,4.0,1.7,1.0,0.0,0
102.0,2.0,1.4,1.0,0.0,0
180.0,2.0,7.6,1.0,524.0,0
41.0,3.0,0.9,3.0,0.0,0
191.0,1.0,2.9,1.0,0.0,0
71.0,1.0,0.1,1.0,257.0,0
13.0,1.0,0.5,3.0,0.0,0
59.0,3.0,0.8,3.0,91.0,0
64.0,2.0,0.1,1.0,224.0,0
73.0,3.0,2.67,1.0,219.0,0
101.0,3.0,0.6,2.0,0.0,0
72.0,1.0,1.6,3.0,0.0,0
60.0,2.0,3.0,1.0,132.0,1
75.0,1.0,1.9,2.0,0.0,0
80.0,2.0,1.6,3.0,0.0,0
175.0,3.0,3.6,3.0,0.0,1
43.0,3.0,0.1,2.0,0.0,0
161.0,1.0,4.1,1.0,0.0,0
11.0,2.0,1.0,1.0,0.0,0
152.0,3.0,3.3,3.0,0.0,1
65.0,1.0,2.4,1.0,0.0,0
45.0,4.0,0.6,2.0,0.0,0
28.0,2.0,0.8,3.0,0.0,0
18.0,1.0,0.4,3.0,0.0,0
9.0,4.0,0.7,1.0,89.0,0
195.0,1.0,4.3,1.0,0.0,0
141.0,3.0,0.7,1.0,0.0,1
79.0,1.0,1.8,3.0,0.0,0
93.0,3.0,3.0,3.0,0.0,1
52.0,2.0,1.0,3.0,0.0,0
85.0,4.0,0.1,2.0,0.0,0
142.0,1.0,3.4,1.0,496.0,0
105.0,2.0,1.4,1.0,0.0,0
80.0,2.0,0.4,1.0,0.0,0
83.0,2.0,0.2,1.0,0.0,0
155.0,1.0,7.3,1.0,0.0,0
33.0,3.0,0.1,3.0,0.0,0
80.0,2.0,1.6,3.0,185.0,0
92.0,2.0,1.3,1.0,287.0,0
152.0,1.0,7.3,1.0,0.0,0
128.0,1.0,4.7,1.0,0.0,0
61.0,2.0,1.9,2.0,105.0,0
24.0,2.0,0.1,3.0,0.0,0
83.0,2.0,1.7,2.0,0.0,0
53.0,2.0,1.6,3.0,0.0,0
41.0,3.0,2.5,2.0,0.0,0
25.0,4.0,0.6,2.0,0.0,0
51.0,4.0,1.8,3.0,0.0,0
50.0,3.0,2.33,1.0,200.0,0
68.0,1.0,1.8,3.0,95.0,0
34.0,1.0,1.8,2.0,0.0,0
8.0,3.0,0.1,3.0,87.0,0
121.0,2.0,3.1,1.0,408.0,0
48.0,3.0,0.3,3.0,0.0,0
55.0,3.0,1.7,1.0,0.0,0
23.0,4.0,0.4,2.0,78.0,0
18.0,4.0,0.2,1.0,0.0,0
35.0,4.0,0.0,2.0,0.0,0
49.0,2.0,2.1,3.0,95.0,0
14.0,2.0,0.1,3.0,98.0,0
83.0,4.0,4.0,3.0,0.0,0
143.0,1.0,4.1,1.0,0.0,0
114.0,3.0,3.3,3.0,0.0,1
21.0,2.0,1.0,1.0,120.0,0
83.0,1.0,2.8,1.0,0.0,0
161.0,2.0,7.5,1.0,0.0,0
72.0,1.0,2.8,1.0,224.0,0
24.0,1.0,0.3,3.0,0.0,0
39.0,2.0,0.3,1.0,174.0,0
41.0,1.0,0.2,1.0,0.0,0
110.0,2.0,0.2,1.0,294.0,0
41.0,1.0,2.4,2.0,0.0,0
105.0,2.0,4.5,3.0,0.0,0
44.0,2.0,0.8,3.0,148.0,0
143.0,2.0,2.7,3.0,209.0,1
123.0,2.0,0.6,1.0,0.0,0
122.0,2.0,1.3,1.0,0.0,0
35.0,2.0,0.2,3.0,0.0,0
32.0,3.0,1.3,1.0,0.0,0
64.0,2.0,2.3,3.0,0.0,0
80.0,2.0,0.0,3.0,0.0,0
113.0,1.0,0.1,3.0,0.0,0
188.0,1.0,9.3,2.0,0.0,1
71.0,2.0,1.7,1.0,145.0,0
59.0,4.0,0.0,1.0,90.0,0
148.0,2.0,4.3,3.0,0.0,1
60.0,3.0,2.1,1.0,0.0,0
22.0,2.0,0.2,3.0,0.0,0
39.0,3.0,0.6,2.0,0.0,0
18.0,2.0,0.4,1.0,0.0,0
89.0,1.0,2.8,3.0,153.0,0
28.0,4.0,1.0,1.0,75.0,0
72.0,3.0,2.3,1.0,124.0,0
73.0,2.0,2.8,1.0,0.0,0
32.0,2.0,1.0,2.0,103.0,0
39.0,2.0,2.0,3.0,0.0,0
48.0,2.0,1.75,3.0,89.0,0
78.0,4.0,1.7,3.0,0.0,0
74.0,4.0,4.0,3.0,0.0,0
195.0,2.0,4.75,2.0,477.0,1
63.0,3.0,3.0,1.0,0.0,0
32.0,1.0,1.0,1.0,0.0,0
34.0,3.0,0.6,2.0,0.0,0
21.0,1.0,0.4,2.0,0.0,0
63.0,3.0,0.8,3.0,0.0,0
53.0,2.0,1.0,3.0,181.0,0
158.0,2.0,2.3,2.0,0.0,1
88.0,3.0,1.6,1.0,0.0,0
135.0,2.0,3.8,3.0,183.0,1
28.0,4.0,1.5,3.0,0.0,0
162.0,1.0,8.6,1.0,153.0,0
73.0,4.0,0.7,1.0,241.0,0
65.0,2.0,0.4,3.0,232.0,0
38.0,4.0,0.2,1.0,0.0,0
83.0,4.0,0.7,3.0,315.0,0
29.0,2.0,1.3,1.0,0.0,0
23.0,1.0,0.2,1.0,0.0,0
21.0,4.0,1.0,1.0,0.0,0
198.0,2.0,2.8,1.0,0.0,0
100.0,1.0,0.8,2.0,0.0,0
202.0,1.0,4.7,1.0,553.0,0
154.0,2.0,4.6,2.0,0.0,1
31.0,4.0,1.0,1.0,0.0,0
22.0,1.0,0.4,2.0,0.0,0
22.0,2.0,0.4,1.0,0.0,0
41.0,1.0,1.8,1.0,94.0,0
104.0,1.0,4.6,1.0,0.0,0
62.0,4.0,3.6,3.0,83.0,0
99.0,1.0,1.0,3.0,0.0,0
83.0,2.0,2.4,2.0,0.0,0
83.0,4.0,1.6,2.0,0.0,0
81.0,1.0,2.8,1.0,0.0,0
59.0,3.0,3.0,2.0,0.0,0
18.0,1.0,0.3,3.0,93.0,0
39.0,3.0,1.5,1.0,0.0,0
28.0,4.0,1.5,3.0,0.0,0
84.0,4.0,2.4,3.0,0.0,0
161.0,4.0,4.3,1.0,0.0,1
25.0,2.0,1.0,1.0,0.0,0
35.0,4.0,0.4,2.0,0.0,0
40.0,1.0,0.8,1.0,118.0,0
130.0,3.0,2.9,2.0,0.0,1
20.0,2.0,0.3,3.0,0.0,0
53.0,1.0,2.1,3.0,0.0,0
10.0,2.0,0.7,3.0,0.0,0
95.0,2.0,3.9,2.0,0.0,1
183.0,2.0,3.4,3.0,0.0,1
69.0,1.0,2.7,2.0,0.0,0
72.0,3.0,1.4,3.0,218.0,0
59.0,1.0,1.5,3.0,0.0,0
44.0,1.0,0.8,2.0,0.0,0
122.0,2.0,3.1,1.0,0.0,0
40.0,4.0,1.9,3.0,84.0,0
9.0,2.0,1.0,2.0,0.0,0
89.0,3.0,3.9,2.0,216.0,1
61.0,1.0,2.2,3.0,0.0,0
149.0,2.0,7.2,1.0,0.0,0
64.0,1.0,1.5,3.0,0.0,0
30.0,2.0,1.0,3.0,159.0,0
101.0,1.0,2.7,2.0,233.0,0
98.0,1.0,5.4,1.0,0.0,0
158.0,2.0,6.67,1.0,132.0,0
79.0,2.0,3.8,3.0,0.0,0
90.0,4.0,1.8,3.0,0.0,0
10.0,4.0,1.0,1.0,81.0,0
78.0,3.0,2.0,3.0,0.0,0
118.0,2.0,6.0,3.0,246.0,1
19.0,1.0,1.5,3.0,0.0,0
45.0,4.0,1.1,2.0,205.0,0
43.0,1.0,1.3,2.0,123.0,0
81.0,1.0,4.9,1.0,248.0,0
28.0,3.0,1.5,1.0,0.0,0
62.0,4.0,2.2,1.0,0.0,0
125.0,1.0,2.4,1.0,0.0,0
14.0,4.0,0.5,3.0,0.0,0
163.0,1.0,2.4,1.0,396.0,0
89.0,3.0,0.5,3.0,0.0,0
123.0,1.0,5.2,1.0,0.0,0
88.0,2.0,0.0,1.0,121.0,0
78.0,3.0,2.0,2.0,0.0,0
72.0,4.0,1.4,2.0,149.0,0
64.0,2.0,1.9,2.0,0.0,0
60.0,4.0,2.1,3.0,217.0,0
100.0,1.0,2.7,2.0,0.0,0
40.0,2.0,0.3,1.0,0.0,0
111.0,3.0,4.4,1.0,0.0,0
164.0,1.0,6.0,3.0,0.0,1
49.0,1.0,0.8,1.0,103.0,0
15.0,4.0,0.4,2.0,0.0,0
51.0,2.0,0.6,3.0,0.0,0
122.0,1.0,2.6,1.0,352.0,0
21.0,3.0,0.2,2.0,0.0,0
121.0,2.0,2.1,1.0,0.0,0
81.0,3.0,4.4,1.0,0.0,0
128.0,2.0,2.7,1.0,344.0,0
48.0,3.0,1.5,1.0,0.0,0
70.0,3.0,2.33,1.0,0.0,0
125.0,3.0,2.4,1.0,0.0,1
179.0,1.0,2.6,3.0,0.0,1
25.0,3.0,1.0,1.0,0.0,0
69.0,3.0,2.67,2.0,0.0,0
70.0,1.0,1.4,3.0,0.0,0
39.0,4.0,0.1,3.0,0.0,0
75.0,2.0,4.5,3.0,0.0,0
85.0,4.0,1.8,3.0,0.0,0
79.0,4.0,0.1,2.0,280.0,0
12.0,2.0,0.3,2.0,104.0,0
41.0,2.0,2.4,2.0,105.0,0
39.0,3.0,1.9,2.0,0.0,0
78.0,4.0,1.4,2.0,194.0,0
81.0,1.0,1.3,3.0,293.0,0
70.0,3.0,2.67,2.0,0.0,0
11.0,2.0,0.2,3.0,90.0,0
74.0,3.0,0.3,3.0,0.0,0
34.0,1.0,2.0,2.0,0.0,0
102.0,4.0,3.4,2.0,0.0,0
92.0,1.0,2.6,2.0,213.0,0
85.0,1.0,0.1,3.0,0.0,0
15.0,3.0,0.9,3.0,0.0,0
78.0,3.0,1.7,2.0,0.0,0
29.0,4.0,1.8,1.0,0.0,0
31.0,2.0,0.8,3.0,0.0,0
92.0,1.0,2.0,1.0,0.0,0
42.0,1.0,0.8,2.0,0.0,0
41.0,1.0,0.5,3.0,0.0,0
65.0,4.0,2.2,1.0,0.0,0
49.0,1.0,1.8,1.0,0.0,0
180.0,1.0,1.7,1.0,0.0,0
85.0,4.0,0.1,2.0,131.0,0
63.0,3.0,2.1,3.0,0.0,0
40.0,3.0,0.6,2.0,0.0,0
81.0,3.0,2.67,2.0,251.0,0
174.0,3.0,4.6,2.0,590.0,1
64.0,4.0,2.9,1.0,189.0,0
69.0,3.0,2.1,1.0,0.0,0
78.0,3.0,3.0,2.0,0.0,0
40.0,3.0,0.9,3.0,0.0,0
78.0,4.0,0.2,1.0,0.0,0
141.0,4.0,6.3,1.0,0.0,1
90.0,2.0,4.5,3.0,0.0,0
82.0,1.0,1.3,3.0,0.0,0
42.0,4.0,1.1,2.0,0.0,0
75.0,1.0,3.7,3.0,280.0,0
125.0,2.0,4.7,3.0,0.0,1
120.0,4.0,2.7,2.0,111.0,1
81.0,3.0,2.0,2.0,0.0,0
35.0,1.0,1.7,1.0,0.0,0
38.0,1.0,1.5,2.0,116.0,0
41.0,4.0,1.3,1.0,0.0,0
35.0,3.0,1.0,3.0,144.0,0
172.0,2.0,6.9,2.0,0.0,1
19.0,3.0,0.67,2.0,0.0,0
31.0,1.0,1.0,3.0,0.0,0
41.0,1.0,2.5,3.0,0.0,0
10.0,4.0,0.7,1.0,0.0,0
81.0,1.0,1.2,1.0,0.0,0
42.0,1.0,1.5,2.0,131.0,0
31.0,4.0,1.8,1.0,0.0,0
54.0,1.0,0.7,3.0,154.0,0
13.0,2.0,0.0,1.0,0.0,0
82.0,1.0,5.2,1.0,79.0,0
158.0,1.0,2.4,1.0,0.0,0
32.0,4.0,1.8,1.0,83.0,0
134.0,2.0,3.3,1.0,0.0,0
55.0,1.0,0.8,1.0,168.0,0
35.0,1.0,0.6,3.0,0.0,0
95.0,1.0,2.6,1.0,0.0,0
21.0,2.0,1.4,2.0,0.0,0
11.0,4.0,0.7,3.0,0.0,0
20.0,1.0,0.8,2.0,0.0,0
172.0,4.0,3.1,1.0,282.0,1
42.0,1.0,0.3,3.0,0.0,0
58.0,1.0,1.3,2.0,0.0,0
188.0,2.0,6.9,2.0,343.0,1
43.0,1.0,1.4,3.0,137.0,0
125.0,1.0,2.4,1.0,0.0,0
89.0,4.0,1.9,3.0,0.0,0
28.0,1.0,1.5,2.0,0.0,0
22.0,2.0,1.0,1.0,0.0,0
81.0,2.0,4.5,3.0,0.0,0
74.0,3.0,2.6,2.0,0.0,0
179.0,1.0,8.6,1.0,0.0,0
52.0,4.0,1.8,3.0,0.0,0
52.0,4.0,2.2,1.0,230.0,0
68.0,4.0,2.9,1.0,0.0,0
23.0,3.0,0.2,1.0,0.0,0
44.0,1.0,0.3,3.0,0.0,0
81.0,3.0,0.9,2.0,208.0,0
121.0,1.0,5.4,1.0,158.0,0
95.0,2.0,0.0,3.0,0.0,0
45.0,3.0,0.6,2.0,131.0,0
62.0,1.0,0.0,2.0,244.0,0
31.0,3.0,0.4,2.0,0.0,0
40.0,2.0,2.5,1.0,0.0,0
41.0,4.0,1.0,3.0,0.0,0
20.0,4.0,1.0,1.0,0.0,0
112.0,4.0,2.4,3.0,0.0,0
42.0,2.0,0.3,1.0,187.0,0
28.0,4.0,1.7,1.0,0.0,0
81.0,4.0,2.6,3.0,0.0,0
65.0,1.0,0.0,1.0,0.0,0
83.0,4.0,2.67,1.0,0.0,0
54.0,2.0,1.5,2.0,0.0,0
58.0,3.0,2.0,1.0,90.0,0
32.0,3.0,1.4,1.0,0.0,0
35.0,1.0,0.3,3.0,120.0,0
82.0,1.0,0.0,1.0,0.0,0
80.0,3.0,1.6,3.0,144.0,0
158.0,4.0,6.1,1.0,0.0,1
91.0,1.0,0.1,2.0,199.0,0
82.0,1.0,2.67,2.0,125.0,0
133.0,1.0,7.3,1.0,0.0,0
8.0,1.0,0.4,2.0,0.0,0
141.0,1.0,3.5,1.0,0.0,0
9.0,4.0,0.6,2.0,100.0,0
74.0,4.0,0.7,1.0,0.0,0
95.0,3.0,0.5,3.0,0.0,0
82.0,2.0,2.8,1.0,0.0,0
184.0,4.0,2.3,2.0,342.0,1
35.0,3.0,1.5,1.0,0.0,0
95.0,2.0,1.8,2.0,0.0,0
180.0,1.0,4.1,1.0,0.0,0
125.0,1.0,4.3,1.0,219.0,0
110.0,2.0,5.4,3.0,204.0,1
52.0,1.0,2.0,1.0,0.0,0
60.0,4.0,4.0,3.0,244.0,0
70.0,2.0,2.7,1.0,0.0,0
90.0,2.0,0.3,1.0,217.0,0
34.0,4.0,0.4,2.0,0.0,0
43.0,1.0,1.9,2.0,0.0,0
29.0,1.0,0.2,3.0,76.0,0
63.0,1.0,0.7,3.0,79.0,0
92.0,3.0,0.5,1.0,310.0,0
32.0,1.0,0.6,3.0,152.0,0
35.0,1.0,0.1,1.0,0.0,0
178.0,3.0,5.4,3.0,147.0,1
11.0,4.0,0.2,1.0,106.0,0
81.0,4.0,3.6,3.0,0.0,0
64.0,4.0,2.67,1.0,0.0,0
12.0,4.0,1.0,1.0,0.0,0
49.0,3.0,2.4,2.0,0.0,0
124.0,1.0,3.8,1.0,405.0,0
91.0,4.0,1.4,2.0,100.0,0
159.0,1.0,3.9,3.0,0.0,1
94.0,4.0,2.6,3.0,0.0,0
93.0,1.0,2.4,1.0,0.0,0
29.0,4.0,1.5,3.0,79.0,0
38.0,3.0,0.1,3.0,178.0,0
101.0,1.0,2.9,3.0,170.0,0
30.0,4.0,0.3,2.0,0.0,0
173.0,3.0,3.1,3.0,0.0,1
28.0,3.0,0.7,2.0,0.0,0
73.0,3.0,0.3,3.0,0.0,0
74.0,4.0,2.2,1.0,0.0,0
49.0,1.0,1.8,1.0,0.0,0
59.0,4.0,1.6,1.0,0.0,0
50.0,2.0,0.6,3.0,0.0,0
25.0,4.0,0.6,1.0,0.0,0
61.0,4.0,1.6,2.0,0.0,0
178.0,1.0,6.5,3.0,0.0,1
13.0,1.0,0.4,3.0,101.0,0
159.0,1.0,1.5,1.0,0.0,0
43.0,3.0,0.7,2.0,153.0,0
85.0,2.0,1.7,2.0,0.0,0
148.0,2.0,7.5,1.0,0.0,0
150.0,1.0,7.4,1.0,481.0,0
52.0,2.0,1.1,2.0,0.0,0
24.0,4.0,0.2,1.0,0.0,0
38.0,1.0,1.0,1.0,0.0,0
43.0,4.0,1.2,2.0,0.0,0
118.0,2.0,2.8,2.0,0.0,1
32.0,3.0,1.0,2.0,0.0,0
184.0,3.0,7.5,1.0,0.0,1
90.0,1.0,0.3,1.0,0.0,0
23.0,4.0,0.3,2.0,121.0,0
11.0,2.0,0.3,1.0,96.0,0
88.0,1.0,4.7,1.0,0.0,0
119.0,1.0,4.9,1.0,208.0,0
123.0,1.0,5.4,1.0,0.0,0
91.0,1.0,4.3,1.0,81.0,0
78.0,1.0,2.6,2.0,0.0,0
74.0,2.0,0.0,1.0,0.0,0
85.0,2.0,1.6,3.0,0.0,0
71.0,4.0,2.9,1.0,0.0,0
25.0,4.0,0.7,3.0,0.0,0
38.0,3.0,1.0,2.0,150.0,0
103.0,2.0,2.8,1.0,0.0,0
84.0,1.0,4.0,3.0,0.0,0
80.0,4.0,4.9,1.0,0.0,0
43.0,2.0,1.7,1.0,0.0,0
41.0,2.0,0.1,1.0,161.0,0
38.0,4.0,1.3,1.0,166.0,0
8.0,4.0,0.2,1.0,0.0,0
75.0,4.0,1.1,2.0,0.0,0
70.0,3.0,2.0,2.0,0.0,0
74.0,1.0,1.2,1.0,0.0,0
130.0,4.0,4.7,3.0,134.0,1
35.0,2.0,1.3,1.0,0.0,0
170.0,2.0,6.2,2.0,325.0,1
72.0,4.0,2.4,1.0,0.0,0
135.0,2.0,0.6,1.0,0.0,0
104.0,2.0,1.8,2.0,79.0,0
22.0,2.0,0.4,1.0,89.0,0
53.0,4.0,1.9,1.0,187.0,0
110.0,4.0,1.8,3.0,190.0,0
125.0,2.0,3.9,1.0,0.0,0
21.0,3.0,0.1,2.0,0.0,0
38.0,1.0,1.8,2.0,182.0,0
45.0,3.0,0.6,2.0,0.0,0
18.0,4.0,0.3,1.0,0.0,0
29.0,1.0,1.0,1.0,0.0,0
110.0,3.0,1.7,2.0,0.0,0
24.0,2.0,0.7,2.0,0.0,0
84.0,4.0,0.7,3.0,0.0,0
52.0,3.0,1.1,2.0,0.0,0
49.0,4.0,2.2,2.0,0.0,0
172.0,2.0,6.67,1.0,0.0,0
85.0,3.0,3.4,3.0,0.0,1
93.0,1.0,0.2,2.0,309.0,0
125.0,1.0,3.5,1.0,0.0,0
39.0,2.0,2.1,3.0,119.0,0
61.0,3.0,0.9,3.0,0.0,0
62.0,3.0,3.0,2.0,0.0,0
43.0,2.0,0.3,1.0,0.0,0
171.0,2.0,1.4,1.0,284.0,0
9.0,4.0,0.5,2.0,0.0,0
52.0,2.0,2.5,1.0,0.0,0
99.0,4.0,2.3,3.0,0.0,0
112.0,4.0,2.1,3.0,0.0,0
69.0,4.0,1.8,3.0,0.0,0
90.0,4.0,2.6,3.0,0.0,0
85.0,1.0,3.7,3.0,272.0,0
90.0,1.0,0.1,2.0,0.0,0
15.0,4.0,0.4,1.0,85.0,0
70.0,2.0,1.1,1.0,0.0,0
113.0,2.0,2.0,1.0,77.0,0
53.0,3.0,2.4,2.0,0.0,0
53.0,1.0,0.8,2.0,120.0,0
102.0,4.0,2.3,3.0,0.0,0
65.0,3.0,0.7,2.0,263.0,0
43.0,2.0,0.3,1.0,0.0,0
42.0,1.0,2.4,1.0,0.0,0
99.0,1.0,1.9,1.0,323.0,0
24.0,1.0,0.5,3.0,0.0,0
59.0,3.0,0.8,1.0,159.0,0
78.0,4.0,2.6,3.0,0.0,0
19.0,2.0,0.5,2.0,0.0,0
20.0,1.0,0.6,3.0,0.0,0
89.0,1.0,0.8,3.0,0.0,0
80.0,1.0,2.6,2.0,0.0,0
89.0,2.0,1.7,2.0,314.0,0
155.0,2.0,6.5,1.0,0.0,0
42.0,1.0,2.1,3.0,144.0,0
74.0,4.0,0.7,1.0,0.0,0
30.0,4.0,1.0,1.0,163.0,0
131.0,1.0,5.7,1.0,256.0,0
25.0,2.0,0.8,3.0,0.0,0
184.0,3.0,8.0,1.0,0.0,1
39.0,2.0,0.8,1.0,0.0,0
20.0,1.0,1.4,3.0,0.0,0
170.0,1.0,1.0,1.0,0.0,0
175.0,2.0,1.1,3.0,0.0,1
80.0,4.0,1.6,2.0,0.0,0
91.0,1.0,3.8,1.0,0.0,0
42.0,1.0,2.4,2.0,0.0,0
38.0,3.0,1.0,3.0,110.0,0
19.0,4.0,0.4,2.0,103.0,0
62.0,1.0,0.8,2.0,0.0,0
29.0,4.0,1.1,3.0,0.0,0
64.0,1.0,1.8,3.0,227.0,0
82.0,1.0,3.7,3.0,0.0,0
20.0,2.0,0.3,1.0,0.0,0
65.0,1.0,0.0,1.0,0.0,0
78.0,2.0,3.8,3.0,268.0,0
49.0,4.0,1.1,2.0,0.0,0
45.0,3.0,0.1,2.0,0.0,0
35.0,2.0,1.4,2.0,135.0,0
90.0,2.0,2.7,1.0,0.0,0
60.0,4.0,3.8,2.0,0.0,0
73.0,1.0,0.8,3.0,0.0,0
84.0,4.0,0.7,3.0,0.0,0
43.0,4.0,1.1,2.0,164.0,0
55.0,3.0,2.5,1.0,219.0,0
115.0,3.0,4.6,3.0,0.0,1
131.0,3.0,2.2,3.0,0.0,1
64.0,4.0,1.5,1.0,0.0,0
63.0,4.0,2.0,2.0,0.0,0
44.0,3.0,1.0,2.0,193.0,0
155.0,1.0,1.3,1.0,0.0,0
25.0,3.0,0.1,2.0,0.0,0
30.0,4.0,1.3,1.0,118.0,0
103.0,3.0,4.0,3.0,0.0,1
71.0,2.0,1.7,2.0,0.0,0
90.0,2.0,2.7,1.0,0.0,0
103.0,1.0,1.9,1.0,120.0,0
73.0,4.0,2.3,3.0,0.0,0
69.0,4.0,4.0,3.0,102.0,0
33.0,4.0,1.5,2.0,85.0,0
84.0,2.0,1.1,1.0,0.0,0
41.0,3.0,0.5,3.0,0.0,0
43.0,4.0,1.3,1.0,0.0,0
42.0,3.0,0.5,2.0,0.0,0
10.0,2.0,0.2,1.0,86.0,0
142.0,4.0,0.8,3.0,0.0,1
104.0,3.0,1.0,1.0,0.0,0
109.0,2.0,2.5,1.0,0.0,0
83.0,1.0,2.67,2.0,0.0,0
15.0,4.0,0.4,1.0,0.0,0
52.0,2.0,2.8,1.0,0.0,0
38.0,3.0,2.5,2.0,135.0,0
45.0,4.0,0.9,2.0,0.0,0
168.0,2.0,8.0,1.0,152.0,0
13.0,4.0,0.9,2.0,76.0,0
32.0,4.0,0.6,1.0,156.0,0
81.0,1.0,3.6,2.0,0.0,0
61.0,2.0,1.7,1.0,229.0,0
30.0,2.0,0.8,3.0,0.0,0
82.0,1.0,4.3,1.0,263.0,0
132.0,2.0,3.9,1.0,0.0,0
42.0,3.0,2.7,2.0,0.0,0
10.0,4.0,0.7,2.0,0.0,0
35.0,4.0,1.0,3.0,0.0,0
31.0,4.0,1.1,3.0,85.0,0
40.0,2.0,2.1,3.0,156.0,0
33.0,1.0,1.4,3.0,0.0,0
22.0,2.0,0.0,3.0,0.0,0
55.0,1.0,0.2,1.0,151.0,0
184.0,4.0,3.4,2.0,0.0,1
22.0,1.0,0.1,2.0,0.0,0
59.0,4.0,1.6,1.0,0.0,0
85.0,3.0,1.8,2.0,0.0,0
71.0,3.0,2.33,1.0,106.0,0
160.0,2.0,2.1,1.0,0.0,0
29.0,2.0,0.3,1.0,0.0,0
120.0,2.0,2.0,1.0,0.0,0
42.0,2.0,0.7,3.0,138.0,0
58.0,4.0,0.9,1.0,0.0,0
42.0,3.0,0.5,3.0,0.0,0
44.0,4.0,1.3,3.0,0.0,0
51.0,4.0,1.5,1.0,0.0,0
112.0,4.0,2.3,3.0,402.0,0
189.0,4.0,4.75,2.0,0.0,1
75.0,2.0,3.2,3.0,0.0,0
51.0,3.0,2.33,2.0,0.0,0
80.0,1.0,3.0,3.0,0.0,0
21.0,2.0,0.3,3.0,0.0,0
81.0,3.0,1.5,1.0,307.0,0
111.0,1.0,1.1,2.0,0.0,1
29.0,1.0,1.5,2.0,0.0,0
15.0,1.0,0.2,1.0,0.0,0
29.0,1.0,1.9,3.0,0.0,0
28.0,4.0,0.3,1.0,96.0,0
25.0,3.0,0.67,2.0,0.0,0
38.0,3.0,0.5,2.0,0.0,0
58.0,2.0,2.8,1.0,0.0,0
50.0,3.0,2.2,3.0,0.0,0
49.0,3.0,2.1,3.0,0.0,0
123.0,1.0,7.3,1.0,0.0,0
58.0,1.0,2.4,1.0,0.0,0
68.0,1.0,1.6,3.0,0.0,0
61.0,3.0,2.2,3.0,0.0,0
69.0,3.0,0.3,3.0,0.0,0
30.0,4.0,1.0,3.0,0.0,0
75.0,2.0,0.0,3.0,0.0,0
99.0,1.0,4.0,1.0,0.0,0
81.0,2.0,2.8,1.0,0.0,0
122.0,2.0,8.0,1.0,0.0,0
93.0,1.0,1.5,3.0,0.0,0
62.0,1.0,1.0,1.0,0.0,0
112.0,4.0,1.8,2.0,0.0,0
64.0,3.0,2.3,1.0,0.0,0
90.0,2.0,0.0,1.0,0.0,0
22.0,3.0,0.7,2.0,0.0,0
33.0,4.0,0.4,2.0,0.0,0
109.0,1.0,2.0,1.0,0.0,0
85.0,2.0,1.7,2.0,0.0,0
58.0,1.0,0.8,2.0,0.0,0
9.0,4.0,0.5,3.0,86.0,0
42.0,1.0,2.1,3.0,0.0,0
115.0,4.0,3.8,2.0,0.0,1
54.0,3.0,0.7,2.0,196.0,0
19.0,1.0,0.75,3.0,116.0,0
44.0,1.0,1.1,3.0,0.0,0
195.0,4.0,5.2,3.0,522.0,1
45.0,4.0,1.3,2.0,0.0,0
53.0,2.0,1.1,1.0,0.0,0
18.0,1.0,1.5,2.0,0.0,0
44.0,4.0,1.6,1.0,180.0,0
191.0,4.0,5.6,3.0,0.0,1
84.0,4.0,2.0,3.0,0.0,0
78.0,4.0,0.2,1.0,87.0,0
21.0,1.0,0.1,1.0,0.0,0
50.0,3.0,1.0,2.0,0.0,0
29.0,4.0,1.0,2.0,0.0,0
64.0,2.0,0.1,1.0,0.0,0
112.0,1.0,0.3,1.0,229.0,0
31.0,4.0,0.2,1.0,141.0,0
11.0,1.0,0.2,1.0,91.0,0
19.0,4.0,0.6,3.0,0.0,0
79.0,2.0,2.2,1.0,0.0,0
15.0,2.0,0.4,1.0,0.0,0
112.0,2.0,2.2,1.0,394.0,0
69.0,4.0,0.1,2.0,0.0,0
11.0,3.0,0.1,2.0,0.0,0
85.0,2.0,3.2,1.0,0.0,0
18.0,1.0,1.5,2.0,0.0,0
21.0,1.0,0.2,1.0,0.0,0
59.0,3.0,0.9,3.0,199.0,0
142.0,2.0,3.3,1.0,0.0,0
92.0,1.0,2.8,2.0,0.0,0
60.0,3.0,1.4,3.0,0.0,0
21.0,4.0,0.8,1.0,0.0,0
142.0,1.0,1.4,2.0,0.0,1
84.0,4.0,1.6,2.0,0.0,0
175.0,2.0,3.3,1.0,0.0,0
14.0,1.0,0.4,2.0,98.0,0
75.0,2.0,3.5,1.0,0.0,1
35.0,2.0,0.3,1.0,98.0,0
53.0,3.0,2.4,2.0,0.0,0
40.0,3.0,2.7,2.0,0.0,0
84.0,1.0,1.8,3.0,0.0,0
104.0,2.0,2.4,2.0,0.0,0
78.0,3.0,2.67,2.0,161.0,0
64.0,3.0,2.5,1.0,0.0,0
8.0,4.0,0.7,2.0,0.0,0
52.0,4.0,0.1,3.0,121.0,0
21.0,2.0,0.2,1.0,0.0,0
59.0,1.0,3.7,3.0,0.0,0
61.0,1.0,0.8,2.0,251.0,0
72.0,3.0,0.3,3.0,0.0,0
173.0,2.0,1.5,2.0,373.0,1
62.0,3.0,2.3,1.0,0.0,0
65.0,3.0,2.5,1.0,222.0,0
41.0,1.0,1.9,3.0,0.0,0
153.0,2.0,7.5,1.0,0.0,0
178.0,4.0,9.0,3.0,0.0,1
171.0,3.0,6.0,2.0,0.0,1
44.0,1.0,0.3,1.0,0.0,0
108.0,3.0,1.2,3.0,0.0,0
139.0,3.0,3.4,1.0,483.0,1
18.0,4.0,0.3,2.0,0.0,0
95.0,3.0,0.8,1.0,0.0,0
154.0,1.0,2.9,1.0,0.0,0
165.0,3.0,5.6,1.0,0.0,1
39.0,2.0,2.1,3.0,184.0,0
22.0,1.0,0.1,2.0,0.0,0
28.0,2.0,1.4,2.0,108.0,0
55.0,2.0,1.1,2.0,0.0,0
85.0,4.0,3.4,2.0,200.0,0
138.0,1.0,7.0,1.0,0.0,0
122.0,2.0,0.2,1.0,0.0,0
81.0,2.0,0.8,3.0,0.0,0
143.0,2.0,6.4,3.0,0.0,1
162.0,1.0,1.3,1.0,0.0,0
52.0,2.0,1.0,2.0,0.0,0
28.0,2.0,0.8,3.0,0.0,0
44.0,4.0,0.7,2.0,174.0,0
24.0,1.0,0.9,3.0,0.0,0
28.0,1.0,0.3,3.0,0.0,0
55.0,2.0,1.67,2.0,0.0,0
63.0,4.0,3.6,3.0,0.0,0
51.0,1.0,1.6,3.0,0.0,0
23.0,1.0,1.5,2.0,0.0,0
145.0,2.0,4.33,1.0,277.0,0
118.0,1.0,5.7,1.0,0.0,0
9.0,1.0,0.1,2.0,91.0,0
178.0,1.0,2.9,1.0,0.0,0
81.0,1.0,2.9,3.0,0.0,0
69.0,1.0,0.3,1.0,0.0,0
25.0,4.0,1.0,1.0,0.0,0
89.0,4.0,0.8,1.0,184.0,0
79.0,2.0,2.8,1.0,179.0,0
15.0,1.0,0.4,2.0,82.0,0
40.0,2.0,1.0,3.0,167.0,0
162.0,1.0,8.6,1.0,0.0,0
114.0,2.0,0.2,1.0,0.0,0
85.0,2.0,1.7,3.0,98.0,0
11.0,2.0,0.3,1.0,89.0,0
88.0,2.0,2.7,1.0,0.0,0
38.0,2.0,0.3,1.0,0.0,0
152.0,2.0,6.9,1.0,0.0,0
38.0,2.0,1.0,3.0,0.0,0
49.0,4.0,1.2,2.0,109.0,0
9.0,2.0,0.0,1.0,0.0,0
112.0,1.0,2.7,2.0,408.0,0
84.0,1.0,2.9,3.0,0.0,0
58.0,1.0,3.6,2.0,0.0,0
49.0,4.0,2.0,3.0,192.0,0
51.0,3.0,2.0,1.0,214.0,0
114.0,2.0,4.4,2.0,0.0,1
34.0,3.0,0.9,3.0,111.0,0
52.0,2.0,1.0,2.0,0.0,0
148.0,2.0,6.8,1.0,0.0,0
72.0,3.0,2.3,1.0,285.0,0
173.0,1.0,1.0,1.0,0.0,0
123.0,1.0,3.8,1.0,0.0,0
22.0,4.0,0.6,1.0,0.0,0
35.0,2.0,0.3,1.0,0.0,0
92.0,3.0,1.6,1.0,0.0,0
20.0,3.0,0.5,1.0,0.0,0
32.0,3.0,0.5,2.0,0.0,0
58.0,4.0,0.7,3.0,232.0,0
25.0,2.0,0.7,2.0,103.0,0
59.0,3.0,2.1,1.0,0.0,0
148.0,1.0,4.7,1.0,0.0,0
25.0,1.0,0.8,2.0,142.0,0
84.0,1.0,1.8,3.0,0.0,0
44.0,1.0,0.3,1.0,81.0,0
30.0,4.0,1.0,3.0,0.0,0
18.0,2.0,0.1,3.0,0.0,0
142.0,3.0,5.5,1.0,0.0,1
195.0,3.0,6.33,3.0,0.0,1
132.0,3.0,1.2,2.0,0.0,1
41.0,3.0,1.1,2.0,161.0,0
129.0,3.0,5.9,3.0,319.0,1
184.0,2.0,5.1,2.0,0.0,1
12.0,3.0,0.4,1.0,0.0,0
118.0,2.0,3.3,1.0,0.0,0
98.0,3.0,1.1,1.0,0.0,0
62.0,4.0,2.8,2.0,0.0,0
20.0,4.0,0.7,2.0,0.0,0
49.0,2.0,1.67,2.0,0.0,0
9.0,2.0,0.2,3.0,0.0,0
92.0,2.0,0.0,1.0,184.0,0
32.0,4.0,0.1,3.0,0.0,0
115.0,2.0,4.2,3.0,0.0,1
12.0,4.0,0.7,3.0,0.0,0
112.0,1.0,4.6,1.0,366.0,0
59.0,3.0,2.67,2.0,0.0,0
58.0,3.0,2.0,3.0,0.0,0
73.0,2.0,1.7,1.0,216.0,0
141.0,1.0,2.4,1.0,0.0,0
44.0,4.0,0.2,1.0,0.0,0
134.0,3.0,3.9,3.0,121.0,1
39.0,4.0,0.9,1.0,0.0,0
33.0,1.0,2.0,2.0,160.0,0
31.0,4.0,0.9,2.0,151.0,0
44.0,1.0,0.2,1.0,0.0,0
45.0,4.0,2.1,1.0,0.0,0
195.0,4.0,3.0,1.0,617.0,1
83.0,3.0,1.8,2.0,187.0,0
141.0,2.0,0.0,1.0,0.0,0
23.0,1.0,0.67,3.0,0.0,0
73.0,1.0,3.0,3.0,0.0,0
39.0,4.0,0.2,1.0,115.0,0
53.0,3.0,2.2,1.0,0.0,0
130.0,2.0,2.7,1.0,0.0,0
112.0,2.0,2.0,1.0,241.0,0
39.0,2.0,1.6,3.0,0.0,0
22.0,1.0,1.0,1.0,91.0,0
15.0,3.0,0.1,3.0,0.0,0
53.0,4.0,1.67,3.0,142.0,0
74.0,3.0,3.0,1.0,0.0,0
58.0,3.0,1.5,1.0,131.0,0
68.0,3.0,2.6,3.0,203.0,0
51.0,2.0,3.2,3.0,0.0,0
45.0,4.0,2.6,1.0,0.0,0
52.0,2.0,0.1,1.0,0.0,0
60.0,4.0,2.2,2.0,0.0,0
141.0,2.0,0.2,3.0,0.0,1
141.0,2.0,4.33,1.0,0.0,0
35.0,1.0,0.5,3.0,0.0,0
74.0,2.0,1.8,2.0,221.0,0
19.0,2.0,1.0,2.0,92.0,0
171.0,4.0,0.7,1.0,567.0,1
75.0,2.0,1.8,2.0,0.0,0
149.0,1.0,1.5,1.0,0.0,0
149.0,1.0,4.7,1.0,0.0,0
44.0,1.0,1.33,1.0,0.0,0
61.0,2.0,1.5,1.0,0.0,0
114.0,2.0,2.0,1.0,402.0,0
85.0,3.0,1.6,1.0,87.0,0
39.0,4.0,0.7,2.0,0.0,0
32.0,2.0,1.4,3.0,0.0,0
49.0,3.0,0.9,3.0,0.0,0
54.0,3.0,1.5,1.0,0.0,0
94.0,4.0,1.1,2.0,0.0,0
85.0,2.0,2.5,1.0,0.0,0
191.0,3.0,4.8,2.0,0.0,1
81.0,2.0,0.4,1.0,0.0,0
41.0,4.0,2.5,2.0,0.0,0
128.0,4.0,6.0,3.0,0.0,1
49.0,2.0,1.67,2.0,214.0,0
101.0,3.0,2.0,2.0,270.0,0
62.0,2.0,2.5,1.0,184.0,0
94.0,1.0,4.7,1.0,0.0,0
105.0,4.0,3.2,1.0,0.0,1
18.0,1.0,0.5,3.0,0.0,0
42.0,2.0,2.0,3.0,0.0,0
79.0,1.0,1.0,3.0,233.0,0
44.0,3.0,1.9,2.0,0.0,0
62.0,4.0,1.5,1.0,0.0,0
65.0,3.0,0.5,3.0,0.0,0
42.0,1.0,1.6,2.0,0.0,0
98.0,2.0,6.3,1.0,0.0,0
40.0,1.0,0.3,1.0,0.0,0
91.0,2.0,4.5,3.0,90.0,0
34.0,1.0,0.1,1.0,124.0,0
144.0,2.0,3.3,1.0,0.0,0
119.0,2.0,0.6,1.0,381.0,0
70.0,1.0,1.6,3.0,251.0,0
82.0,2.0,1.8,2.0,0.0,0
95.0,2.0,0.7,2.0,322.0,0
92.0,2.0,1.1,1.0,0.0,0
48.0,2.0,1.0,2.0,0.0,0
118.0,2.0,0.3,1.0,0.0,0
35.0,4.0,1.0,2.0,0.0,0
120.0,2.0,7.5,1.0,0.0,0
55.0,4.0,1.7,2.0,0.0,0
80.0,3.0,0.1,1.0,0.0,0
29.0,3.0,0.9,3.0,0.0,0
63.0,3.0,2.0,3.0,0.0,0
79.0,4.0,3.8,2.0,0.0,0
13.0,4.0,0.2,1.0,87.0,0
43.0,1.0,1.5,1.0,0.0,0
58.0,4.0,2.6,1.0,188.0,0
44.0,3.0,0.1,2.0,0.0,0
99.0,3.0,3.5,3.0,357.0,1
121.0,2.0,1.3,1.0,0.0,0
135.0,4.0,3.8,2.0,0.0,1
78.0,1.0,0.2,2.0,0.0,0
31.0,4.0,1.3,1.0,0.0,0
53.0,1.0,2.0,1.0,0.0,0
122.0,1.0,0.3,1.0,0.0,0
19.0,1.0,0.1,1.0,0.0,0
24.0,2.0,0.3,2.0,0.0,0
68.0,4.0,2.0,2.0,0.0,0
68.0,1.0,2.67,2.0,0.0,0
20.0,3.0,0.7,2.0,0.0,0
64.0,1.0,1.2,1.0,0.0,0
75.0,1.0,0.7,3.0,0.0,0
44.0,2.0,1.0,3.0,0.0,0
61.0,4.0,0.9,1.0,0.0,0
201.0,1.0,6.33,1.0,158.0,0
74.0,3.0,0.7,2.0,0.0,0
160.0,2.0,3.3,1.0,0.0,0
164.0,4.0,7.4,3.0,0.0,1
158.0,3.0,5.4,1.0,432.0,1
54.0,4.0,1.9,3.0,164.0,0
204.0,2.0,8.8,1.0,0.0,0
155.0,1.0,1.5,3.0,0.0,1
29.0,1.0,0.75,3.0,0.0,0
92.0,1.0,2.8,1.0,0.0,0
18.0,3.0,0.1,2.0,110.0,0
33.0,4.0,1.0,3.0,0.0,0
179.0,1.0,4.1,1.0,0.0,0
10.0,1.0,0.1,1.0,0.0,0
50.0,2.0,2.4,2.0,0.0,0
135.0,3.0,0.3,3.0,0.0,1
175.0,2.0,0.5,1.0,429.0,0
32.0,3.0,0.4,2.0,0.0,0
135.0,1.0,1.5,1.0,0.0,0
131.0,2.0,0.7,2.0,0.0,1
9.0,1.0,0.1,1.0,94.0,0
112.0,4.0,5.0,2.0,0.0,1
65.0,1.0,1.5,3.0,0.0,0
48.0,2.0,1.9,2.0,0.0,0
182.0,1.0,8.6,1.0,0.0,0
91.0,1.0,2.8,1.0,0.0,0
42.0,3.0,1.5,1.0,0.0,0
25.0,2.0,0.3,1.0,0.0,0
84.0,3.0,1.6,3.0,0.0,0
64.0,4.0,3.0,3.0,221.0,1
82.0,2.0,0.2,1.0,0.0,0
41.0,2.0,0.6,3.0,0.0,0
40.0,4.0,1.0,3.0,0.0,0
115.0,1.0,4.0,1.0,0.0,0
173.0,2.0,7.2,3.0,0.0,1
63.0,4.0,2.0,3.0,0.0,0
80.0,2.0,2.8,1.0,0.0,0
119.0,2.0,2.0,1.0,0.0,0
95.0,2.0,0.2,1.0,0.0,0
152.0,1.0,7.4,3.0,374.0,1
29.0,4.0,1.9,3.0,0.0,0
20.0,1.0,0.5,3.0,102.0,0
71.0,3.0,3.0,1.0,272.0,0
30.0,1.0,0.1,1.0,0.0,0
50.0,4.0,0.1,3.0,152.0,0
93.0,1.0,2.8,3.0,0.0,0
39.0,2.0,1.3,1.0,101.0,0
95.0,1.0,3.0,3.0,0.0,0
28.0,1.0,0.6,3.0,0.0,0
173.0,3.0,0.2,1.0,0.0,1
24.0,2.0,0.9,3.0,123.0,0
44.0,2.0,2.3,3.0,187.0,0
21.0,1.0,0.1,2.0,76.0,0
91.0,2.0,0.2,1.0,0.0,0
94.0,1.0,0.3,1.0,0.0,0
42.0,1.0,0.5,3.0,128.0,0
102.0,1.0,1.9,1.0,0.0,0
79.0,2.0,2.0,1.0,194.0,0
43.0,1.0,2.1,3.0,0.0,0
89.0,1.0,0.8,3.0,146.0,0
39.0,4.0,0.9,1.0,147.0,0
101.0,3.0,4.4,1.0,0.0,0
22.0,4.0,0.7,2.0,0.0,0
128.0,2.0,3.25,2.0,0.0,1
94.0,4.0,4.1,1.0,120.0,1
105.0,2.0,1.9,1.0,0.0,0
98.0,2.0,2.5,1.0,361.0,0
115.0,4.0,3.4,2.0,0.0,0
11.0,1.0,0.5,3.0,80.0,0
164.0,2.0,7.6,1.0,0.0,0
51.0,3.0,2.0,3.0,0.0,0
25.0,4.0,1.0,1.0,0.0,0
25.0,4.0,0.6,3.0,125.0,0
60.0,1.0,1.8,3.0,227.0,0
183.0,3.0,8.3,3.0,0.0,1
58.0,2.0,3.2,1.0,0.0,0
52.0,2.0,2.4,2.0,147.0,0
84.0,4.0,3.4,1.0,0.0,0
72.0,4.0,2.6,1.0,0.0,0
35.0,1.0,0.7,1.0,0.0,0
30.0,3.0,0.7,2.0,0.0,0
171.0,2.0,2.2,2.0,569.0,1
24.0,4.0,0.6,2.0,0.0,0
79.0,3.0,0.7,2.0,151.0,0
61.0,4.0,1.7,1.0,0.0,0
154.0,3.0,7.5,3.0,351.0,1
154.0,1.0,7.0,1.0,0.0,0
45.0,3.0,1.4,1.0,0.0,0
13.0,4.0,0.8,1.0,111.0,0
20.0,4.0,0.5,3.0,117.0,0
48.0,3.0,2.2,1.0,0.0,0
138.0,2.0,7.8,1.0,227.0,0
42.0,3.0,1.5,1.0,0.0,0
35.0,2.0,0.3,2.0,0.0,0
169.0,1.0,6.8,3.0,0.0,1
43.0,4.0,1.9,3.0,0.0,0
145.0,4.0,5.7,2.0,0.0,1
121.0,1.0,7.3,1.0,167.0,0
115.0,1.0,1.0,3.0,0.0,0
64.0,3.0,2.8,1.0,205.0,0
83.0,2.0,2.2,1.0,0.0,0
153.0,3.0,2.0,3.0,0.0,1
58.0,2.0,0.4,3.0,0.0,0
152.0,2.0,3.9,1.0,159.0,0
155.0,1.0,0.8,1.0,0.0,0
11.0,4.0,0.6,3.0,0.0,0
43.0,1.0,1.0,3.0,0.0,0
29.0,1.0,0.3,3.0,0.0,0
74.0,3.0,0.9,2.0,155.0,0
21.0,1.0,0.5,2.0,0.0,0
39.0,3.0,1.0,3.0,0.0,0
15.0,4.0,0.7,3.0,102.0,0
125.0,2.0,1.3,1.0,0.0,0
203.0,2.0,8.8,1.0,0.0,0
162.0,3.0,1.4,1.0,400.0,1
29.0,2.0,0.3,2.0,131.0,0
91.0,2.0,0.0,3.0,0.0,0
8.0,3.0,0.1,2.0,83.0,0
32.0,3.0,0.4,2.0,165.0,0
181.0,1.0,8.1,1.0,0.0,0
40.0,2.0,2.2,3.0,107.0,0
61.0,3.0,2.67,1.0,0.0,0
12.0,4.0,1.0,1.0,90.0,0
9.0,1.0,0.2,1.0,0.0,0
32.0,3.0,0.5,2.0,0.0,0
39.0,1.0,2.2,3.0,0.0,0
85.0,1.0,2.6,2.0,0.0,0
78.0,3.0,1.1,1.0,0.0,0
43.0,2.0,2.1,3.0,166.0,0
32.0,1.0,1.33,1.0,137.0,0
114.0,4.0,2.4,3.0,0.0,0
74.0,4.0,2.6,3.0,104.0,0
89.0,4.0,1.4,2.0,0.0,0
112.0,2.0,6.8,1.0,0.0,0
72.0,3.0,0.7,2.0,81.0,0
21.0,3.0,0.2,2.0,0.0,0
53.0,2.0,2.5,1.0,102.0,0
79.0,3.0,2.0,2.0,185.0,0
38.0,1.0,1.4,1.0,0.0,0
25.0,2.0,0.4,1.0,113.0,0
31.0,3.0,0.9,3.0,78.0,0
21.0,3.0,1.0,1.0,0.0,0
38.0,1.0,1.4,3.0,0.0,0
18.0,3.0,1.3,2.0,0.0,0
131.0,3.0,0.6,1.0,0.0,1
104.0,1.0,5.7,1.0,0.0,0
82.0,4.0,1.3,3.0,0.0,0
60.0,2.0,2.5,1.0,0.0,0
9.0,2.0,0.7,3.0,0.0,0
171.0,2.0,7.8,1.0,0.0,0
38.0,4.0,0.9,2.0,0.0,0
73.0,3.0,2.4,1.0,0.0,0
78.0,3.0,3.0,2.0,0.0,0
184.0,2.0,4.8,2.0,0.0,1
8.0,2.0,0.1,2.0,0.0,0
80.0,1.0,2.7,1.0,0.0,0
52.0,3.0,2.7,2.0,228.0,0
168.0,2.0,1.3,3.0,0.0,1
33.0,1.0,2.0,2.0,0.0,0
49.0,1.0,1.4,3.0,0.0,0
142.0,2.0,2.7,1.0,0.0,0
13.0,3.0,0.9,3.0,0.0,0
23.0,4.0,0.4,3.0,88.0,0
38.0,2.0,0.3,1.0,0.0,0
83.0,4.0,2.0,3.0,0.0,0
20.0,3.0,0.1,3.0,0.0,0
35.0,1.0,1.4,3.0,0.0,0
35.0,3.0,0.2,1.0,169.0,0
82.0,1.0,2.9,1.0,276.0,0
30.0,4.0,0.4,2.0,78.0,0
39.0,3.0,1.4,1.0,131.0,0
31.0,1.0,0.3,1.0,0.0,0
19.0,1.0,0.75,3.0,0.0,0
48.0,4.0,2.2,2.0,207.0,0
19.0,1.0,1.3,1.0,0.0,0
50.0,4.0,1.7,2.0,0.0,0
44.0,4.0,0.8,1.0,0.0,0
49.0,4.0,1.5,1.0,214.0,0
65.0,3.0,2.6,2.0,0.0,0
153.0,1.0,2.6,2.0,0.0,1
85.0,2.0,0.4,1.0,0.0,0
103.0,1.0,2.5,1.0,0.0,0
60.0,4.0,1.6,1.0,0.0,0
39.0,3.0,1.9,2.0,83.0,0
85.0,3.0,2.67,1.0,0.0,0
69.0,1.0,0.8,3.0,0.0,0
193.0,1.0,4.7,3.0,203.0,1
25.0,3.0,0.3,3.0,0.0,0
19.0,3.0,0.5,2.0,97.0,0
84.0,2.0,1.8,1.0,0.0,0
21.0,4.0,0.6,1.0,0.0,0
91.0,1.0,0.8,3.0,0.0,0
38.0,4.0,0.9,2.0,95.0,0
138.0,1.0,4.67,2.0,0.0,1
79.0,1.0,4.0,3.0,225.0,0
29.0,4.0,1.0,1.0,0.0,0
50.0,3.0,2.0,3.0,0.0,0
18.0,1.0,0.4,3.0,0.0,0
145.0,2.0,6.1,3.0,294.0,1
49.0,3.0,2.2,2.0,0.0,0
161.0,2.0,7.2,1.0,0.0,0
101.0,2.0,0.4,1.0,0.0,0
98.0,3.0,1.8,2.0,333.0,0
30.0,2.0,0.7,3.0,86.0,0
61.0,3.0,2.7,2.0,168.0,0
168.0,2.0,7.9,2.0,0.0,1
68.0,4.0,1.3,1.0,0.0,0
161.0,1.0,2.9,1.0,0.0,0
131.0,1.0,0.9,1.0,0.0,0
80.0,3.0,0.5,1.0,0.0,0
191.0,4.0,5.2,3.0,194.0,1
40.0,1.0,0.2,1.0,0.0,0
49.0,4.0,1.8,3.0,0.0,0
149.0,1.0,0.8,1.0,0.0,0
123.0,2.0,2.2,1.0,92.0,0
50.0,2.0,0.8,3.0,0.0,0
62.0,1.0,1.4,3.0,0.0,0
104.0,1.0,3.4,1.0,249.0,0
59.0,4.0,2.6,1.0,0.0,0
81.0,1.0,2.7,2.0,0.0,0
62.0,4.0,1.6,1.0,0.0,0
69.0,1.0,1.6,3.0,0.0,0
18.0,2.0,0.2,3.0,0.0,0
104.0,1.0,4.0,3.0,0.0,0
81.0,2.0,3.7,1.0,121.0,0
23.0,2.0,0.2,1.0,0.0,0
63.0,2.0,1.0,3.0,82.0,0
52.0,3.0,0.5,2.0,0.0,0
98.0,3.0,2.0,2.0,0.0,0
89.0,1.0,1.5,3.0,0.0,0
119.0,2.0,4.2,2.0,0.0,1
48.0,1.0,2.2,3.0,0.0,0
15.0,4.0,0.8,1.0,0.0,0
49.0,4.0,2.8,2.0,0.0,0
59.0,1.0,1.6,1.0,0.0,0
80.0,2.0,2.0,2.0,0.0,0
50.0,4.0,1.8,3.0,0.0,0
151.0,2.0,6.0,1.0,0.0,0
43.0,2.0,0.3,1.0,0.0,0
180.0,1.0,8.6,1.0,0.0,0
59.0,3.0,2.4,1.0,0.0,0
63.0,4.0,0.7,1.0,0.0,0
84.0,2.0,2.8,1.0,0.0,0
185.0,2.0,7.9,2.0,358.0,1
123.0,2.0,3.0,3.0,0.0,1
190.0,2.0,3.0,1.0,475.0,0
59.0,2.0,2.3,3.0,152.0,0
21.0,1.0,0.2,1.0,89.0,0
38.0,1.0,1.1,3.0,108.0,0
52.0,4.0,0.7,1.0,0.0,0
55.0,1.0,2.0,1.0,0.0,0
194.0,2.0,4.5,1.0,0.0,0
35.0,3.0,1.3,1.0,0.0,0
55.0,1.0,0.2,1.0,0.0,0
60.0,2.0,2.8,1.0,0.0,0
43.0,3.0,2.8,1.0,0.0,0
101.0,2.0,3.9,3.0,294.0,1
140.0,4.0,0.5,1.0,0.0,1
83.0,1.0,2.7,1.0,0.0,0
51.0,3.0,1.0,2.0,0.0,0
34.0,2.0,0.3,1.0,0.0,0
74.0,4.0,2.3,3.0,0.0,0
41.0,3.0,1.5,1.0,0.0,0
48.0,4.0,0.1,3.0,0.0,0
81.0,4.0,4.0,3.0,0.0,0
190.0,3.0,2.2,1.0,0.0,1
81.0,2.0,0.0,3.0,225.0,0
50.0,3.0,2.7,2.0,0.0,0
39.0,4.0,0.4,1.0,0.0,0
38.0,4.0,1.0,2.0,124.0,0
34.0,1.0,0.7,1.0,143.0,0
44.0,1.0,1.9,2.0,0.0,0
64.0,4.0,1.8,2.0,0.0,0
48.0,2.0,1.67,2.0,0.0,0
35.0,1.0,1.8,2.0,0.0,0
75.0,3.0,0.9,2.0,0.0,0
155.0,1.0,7.0,1.0,0.0,0
113.0,2.0,1.4,1.0,270.0,0
115.0,2.0,0.5,3.0,0.0,1
163.0,2.0,0.5,1.0,400.0,0
58.0,4.0,1.3,3.0,0.0,0
23.0,3.0,0.67,2.0,95.0,0
48.0,2.0,1.67,2.0,0.0,0
135.0,1.0,1.5,1.0,0.0,0
54.0,3.0,2.4,1.0,90.0,0
38.0,1.0,1.3,2.0,120.0,0
31.0,3.0,1.0,2.0,142.0,0
71.0,3.0,0.3,3.0,0.0,0
53.0,3.0,0.5,3.0,0.0,0
68.0,4.0,4.0,3.0,0.0,0
70.0,3.0,2.33,1.0,0.0,0
84.0,4.0,2.0,3.0,0.0,0
58.0,2.0,2.5,1.0,0.0,0
55.0,4.0,1.3,1.0,0.0,0
73.0,1.0,2.5,1.0,135.0,0
28.0,2.0,0.3,1.0,148.0,0
33.0,3.0,0.9,3.0,0.0,0
110.0,1.0,3.4,1.0,0.0,0
40.0,1.0,2.0,2.0,0.0,0
45.0,2.0,0.1,1.0,0.0,0
135.0,3.0,2.7,3.0,449.0,1
90.0,1.0,2.6,2.0,334.0,0
79.0,4.0,2.2,2.0,0.0,0
132.0,3.0,2.6,1.0,308.0,1
131.0,2.0,2.7,1.0,0.0,0
61.0,3.0,2.6,2.0,0.0,0
101.0,1.0,1.9,1.0,0.0,0
80.0,4.0,0.2,1.0,0.0,0
190.0,2.0,4.5,1.0,246.0,0
160.0,2.0,6.67,1.0,0.0,0
110.0,2.0,3.3,1.0,0.0,0
38.0,4.0,2.0,2.0,0.0,0
14.0,4.0,1.0,1.0,0.0,0
68.0,1.0,1.5,2.0,0.0,0
45.0,3.0,2.3,1.0,83.0,0
71.0,4.0,2.0,3.0,0.0,0
82.0,4.0,1.4,2.0,201.0,0
55.0,3.0,0.5,2.0,172.0,0
61.0,2.0,2.3,3.0,193.0,0
92.0,2.0,1.1,1.0,0.0,0
82.0,2.0,2.5,1.0,0.0,0
83.0,3.0,1.8,2.0,0.0,0
65.0,3.0,0.5,3.0,0.0,0
62.0,4.0,3.8,2.0,149.0,0
45.0,1.0,0.7,1.0,0.0,0
130.0,2.0,2.6,3.0,0.0,1
23.0,3.0,1.3,2.0,131.0,0
81.0,4.0,2.6,3.0,0.0,0
171.0,2.0,3.3,1.0,0.0,0
172.0,2.0,6.5,1.0,0.0,0
60.0,3.0,2.5,1.0,0.0,0
29.0,3.0,1.0,2.0,0.0,0
33.0,2.0,2.0,2.0,0.0,0
64.0,3.0,0.3,2.0,0.0,0
44.0,1.0,2.0,2.0,0.0,0
43.0,2.0,1.67,2.0,0.0,0
35.0,1.0,0.6,3.0,171.0,0
144.0,2.0,6.1,1.0,158.0,0
44.0,4.0,0.8,1.0,0.0,0
98.0,2.0,2.0,2.0,175.0,0
81.0,1.0,0.3,1.0,218.0,0
119.0,1.0,3.3,2.0,0.0,1
83.0,2.0,1.4,1.0,75.0,0
183.0,1.0,1.0,1.0,442.0,0
23.0,2.0,1.4,2.0,0.0,0
72.0,1.0,0.7,3.0,155.0,0
40.0,4.0,0.4,1.0,135.0,0
8.0,1.0,0.5,2.0,0.0,0
39.0,3.0,1.1,2.0,0.0,0
18.0,1.0,0.9,3.0,0.0,0
104.0,2.0,1.8,2.0,0.0,0
71.0,3.0,2.33,2.0,0.0,0
129.0,2.0,3.3,1.0,0.0,0
60.0,4.0,2.6,3.0,0.0,0
91.0,4.0,1.9,2.0,329.0,0
95.0,1.0,0.3,1.0,262.0,0
110.0,2.0,1.5,3.0,0.0,0
78.0,2.0,2.8,1.0,0.0,0
18.0,2.0,0.3,2.0,0.0,0
29.0,1.0,0.3,3.0,105.0,0
68.0,3.0,2.6,2.0,0.0,0
29.0,1.0,1.4,3.0,102.0,0
179.0,2.0,0.0,1.0,0.0,0
85.0,1.0,0.8,2.0,0.0,0
45.0,3.0,0.6,2.0,117.0,0
122.0,1.0,3.0,3.0,115.0,1
100.0,3.0,0.6,2.0,0.0,0
110.0,1.0,2.9,3.0,0.0,0
98.0,1.0,0.1,3.0,0.0,0
90.0,1.0,3.6,2.0,0.0,1
99.0,2.0,1.4,1.0,264.0,0
62.0,2.0,2.5,1.0,0.0,0
72.0,4.0,1.1,2.0,203.0,0
150.0,1.0,6.33,1.0,0.0,0
40.0,2.0,1.0,3.0,0.0,0
55.0,3.0,2.6,3.0,113.0,0
60.0,1.0,0.7,3.0,159.0,0
55.0,1.0,1.5,3.0,0.0,0
111.0,2.0,6.1,1.0,326.0,0
73.0,1.0,2.6,2.0,133.0,0
21.0,3.0,0.4,1.0,0.0,0
115.0,4.0,1.7,2.0,0.0,0
29.0,1.0,0.6,3.0,0.0,0
195.0,1.0,1.7,1.0,0.0,0
50.0,4.0,1.5,1.0,0.0,0
38.0,4.0,0.1,1.0,0.0,0
54.0,4.0,1.3,1.0,0.0,0
83.0,3.0,4.4,1.0,0.0,0
79.0,2.0,1.1,1.0,0.0,0
38.0,3.0,2.5,2.0,0.0,0
114.0,1.0,0.6,1.0,0.0,0
42.0,1.0,1.9,2.0,0.0,0
60.0,4.0,1.3,3.0,0.0,0
51.0,3.0,2.2,1.0,0.0,0
55.0,1.0,2.8,1.0,0.0,0
170.0,3.0,7.9,3.0,99.0,1
41.0,1.0,0.2,1.0,0.0,0
24.0,4.0,1.1,3.0,0.0,0
93.0,1.0,2.8,1.0,0.0,0
128.0,1.0,3.4,1.0,0.0,0
109.0,2.0,2.0,2.0,341.0,0
19.0,3.0,0.3,3.0,0.0,0
141.0,2.0,4.33,1.0,0.0,0
48.0,1.0,2.5,3.0,164.0,0
28.0,1.0,1.0,3.0,0.0,0
135.0,3.0,4.1,1.0,213.0,1
43.0,2.0,1.6,3.0,0.0,0
61.0,1.0,1.4,3.0,0.0,0
132.0,2.0,3.9,1.0,0.0,0
145.0,2.0,0.5,1.0,119.0,0
22.0,3.0,1.5,1.0,0.0,0
49.0,3.0,2.3,1.0,0.0,0
30.0,1.0,1.4,3.0,112.0,0
60.0,3.0,2.2,3.0,0.0,0
43.0,4.0,0.4,1.0,0.0,0
170.0,2.0,2.1,2.0,0.0,1
138.0,2.0,2.2,2.0,0.0,1
141.0,3.0,5.0,3.0,0.0,1
148.0,2.0,0.4,1.0,508.0,0
128.0,1.0,4.7,1.0,0.0,0
70.0,4.0,1.9,1.0,0.0,0
34.0,2.0,1.3,1.0,116.0,0
34.0,2.0,0.6,3.0,0.0,0
35.0,2.0,0.8,3.0,125.0,0
21.0,2.0,0.7,3.0,129.0,0
11.0,1.0,0.9,3.0,103.0,0
25.0,2.0,0.1,2.0,91.0,0
40.0,4.0,0.4,1.0,0.0,0
61.0,3.0,2.0,3.0,0.0,0
83.0,4.0,0.1,2.0,0.0,0
102.0,2.0,1.9,1.0,0.0,0
29.0,4.0,0.6,1.0,0.0,0
180.0,2.0,6.5,3.0,0.0,1
105.0,4.0,1.7,2.0,230.0,0
83.0,4.0,2.2,2.0,0.0,0
132.0,4.0,1.1,2.0,412.0,1
88.0,2.0,0.3,1.0,0.0,0
22.0,1.0,0.6,3.0,0.0,0
94.0,3.0,0.5,3.0,0.0,0
74.0,3.0,1.6,3.0,0.0,0
191.0,1.0,8.1,1.0,0.0,0
164.0,2.0,0.0,1.0,500.0,0
60.0,3.0,2.8,1.0,0.0,0
141.0,2.0,6.9,1.0,0.0,0
132.0,1.0,5.0,1.0,0.0,0
130.0,2.0,7.5,1.0,0.0,0
48.0,3.0,2.6,3.0,169.0,0
49.0,3.0,1.1,2.0,0.0,0
51.0,3.0,2.1,3.0,0.0,0
111.0,4.0,0.3,1.0,372.0,1
31.0,1.0,0.5,3.0,0.0,0
75.0,1.0,2.7,1.0,0.0,0
34.0,4.0,0.6,1.0,0.0,0
51.0,1.0,2.8,2.0,0.0,0
50.0,3.0,1.5,1.0,169.0,0
83.0,3.0,0.7,1.0,0.0,0
68.0,1.0,1.5,2.0,0.0,0
53.0,3.0,1.7,1.0,0.0,0
71.0,4.0,2.0,3.0,0.0,0
82.0,2.0,2.4,2.0,0.0,0
43.0,1.0,1.2,2.0,112.0,0
79.0,2.0,2.5,1.0,0.0,0
29.0,1.0,0.3,3.0,0.0,0
85.0,2.0,2.5,1.0,293.0,0
39.0,1.0,2.0,1.0,153.0,0
169.0,2.0,5.2,3.0,249.0,1
70.0,4.0,1.3,1.0,0.0,0
169.0,2.0,2.1,1.0,122.0,0
149.0,2.0,0.4,1.0,0.0,0
81.0,3.0,1.8,2.0,0.0,0
129.0,2.0,6.0,1.0,0.0,0
60.0,1.0,1.2,1.0,0.0,0
55.0,3.0,0.9,3.0,0.0,0
90.0,3.0,0.8,1.0,0.0,0
101.0,3.0,4.4,2.0,82.0,1
59.0,1.0,3.6,2.0,0.0,0
25.0,1.0,0.9,3.0,0.0,0
41.0,3.0,1.0,3.0,0.0,0
81.0,1.0,3.0,3.0,0.0,0
18.0,2.0,0.9,3.0,95.0,0
13.0,4.0,1.0,1.0,0.0,0
71.0,2.0,3.2,1.0,0.0,0
31.0,3.0,0.4,2.0,0.0,0
129.0,1.0,5.7,1.0,0.0,0
50.0,4.0,2.8,2.0,0.0,0
21.0,4.0,0.4,1.0,90.0,0
58.0,2.0,3.2,3.0,0.0,0
174.0,1.0,4.7,1.0,0.0,0
52.0,3.0,2.33,1.0,0.0,0
71.0,1.0,1.4,3.0,0.0,0
45.0,1.0,2.0,1.0,0.0,0
90.0,4.0,1.9,2.0,0.0,0
70.0,3.0,2.1,1.0,185.0,0
28.0,2.0,0.2,3.0,135.0,0
53.0,4.0,1.9,3.0,98.0,0
85.0,2.0,0.4,3.0,0.0,0
73.0,4.0,2.4,1.0,0.0,0
50.0,4.0,2.1,1.0,0.0,0
104.0,1.0,4.0,3.0,0.0,0
94.0,4.0,1.0,2.0,0.0,0
182.0,2.0,3.2,2.0,0.0,1
71.0,4.0,1.9,3.0,0.0,0
41.0,3.0,1.4,1.0,0.0,0
78.0,1.0,1.0,3.0,0.0,0
52.0,2.0,1.1,1.0,226.0,0
84.0,1.0,0.8,2.0,0.0,0
65.0,3.0,2.67,2.0,100.0,0
78.0,4.0,0.1,2.0,0.0,0
79.0,3.0,1.7,2.0,150.0,0
118.0,1.0,5.4,1.0,0.0,0
61.0,4.0,0.2,3.0,0.0,0
44.0,3.0,0.9,3.0,0.0,0
148.0,1.0,1.5,1.0,397.0,0
32.0,1.0,0.1,1.0,0.0,0
153.0,3.0,5.6,1.0,416.0,1
71.0,3.0,0.3,2.0,0.0,0
82.0,1.0,2.6,2.0,240.0,0
30.0,2.0,0.7,2.0,145.0,0
38.0,4.0,1.7,2.0,0.0,0
70.0,1.0,2.8,2.0,0.0,0
35.0,1.0,0.5,3.0,150.0,0
81.0,2.0,0.4,3.0,0.0,0
73.0,4.0,2.9,1.0,0.0,0
52.0,1.0,2.0,1.0,0.0,0
91.0,1.0,3.4,3.0,0.0,1
13.0,3.0,0.67,2.0,0.0,0
50.0,1.0,1.8,3.0,0.0,0
63.0,2.0,1.8,1.0,0.0,0
78.0,3.0,4.4,1.0,0.0,0
34.0,2.0,0.3,2.0,0.0,0
173.0,4.0,2.7,1.0,427.0,1
115.0,2.0,3.3,1.0,85.0,0
45.0,1.0,1.7,1.0,84.0,0
42.0,1.0,0.3,3.0,0.0,0
59.0,2.0,1.5,2.0,239.0,0
31.0,1.0,1.4,3.0,88.0,0
42.0,4.0,0.1,1.0,0.0,0
73.0,2.0,1.1,1.0,0.0,0
68.0,1.0,1.4,3.0,0.0,0
62.0,3.0,2.3,1.0,98.0,0
91.0,2.0,2.8,1.0,0.0,0
28.0,1.0,1.2,3.0,0.0,0
59.0,1.0,1.6,1.0,231.0,0
139.0,1.0,3.4,1.0,353.0,0
50.0,2.0,1.1,1.0,0.0,0
29.0,1.0,1.5,2.0,97.0,0
113.0,1.0,0.1,3.0,0.0,0
39.0,4.0,0.2,1.0,137.0,0
138.0,2.0,3.3,1.0,0.0,0
13.0,4.0,0.9,2.0,78.0,0
65.0,1.0,1.2,1.0,0.0,0
12.0,2.0,0.7,3.0,109.0,0
134.0,2.0,3.1,1.0,0.0,0
145.0,1.0,0.9,1.0,0.0,0
169.0,3.0,5.67,3.0,167.0,1
94.0,4.0,1.1,2.0,0.0,0
40.0,4.0,1.7,2.0,0.0,0
53.0,1.0,0.0,2.0,0.0,0
130.0,2.0,6.7,1.0,0.0,0
43.0,1.0,1.5,1.0,0.0,0
55.0,1.0,1.8,3.0,0.0,0
83.0,4.0,1.8,3.0,0.0,0
114.0,1.0,2.4,3.0,0.0,1
60.0,2.0,2.8,1.0,181.0,0
134.0,1.0,5.7,1.0,146.0,0
55.0,4.0,1.67,3.0,0.0,0
60.0,1.0,2.4,1.0,98.0,0
182.0,1.0,0.3,2.0,229.0,1
85.0,4.0,0.2,3.0,229.0,0
73.0,1.0,1.4,3.0,0.0,0
51.0,1.0,1.4,1.0,0.0,0
131.0,2.0,2.7,1.0,0.0,0
39.0,3.0,2.0,3.0,0.0,0
19.0,3.0,0.5,1.0,0.0,0
54.0,3.0,2.3,1.0,0.0,0
140.0,1.0,7.0,1.0,205.0,0
62.0,1.0,1.0,1.0,0.0,0
149.0,2.0,6.8,1.0,0.0,0
81.0,1.0,2.9,1.0,0.0,0
165.0,2.0,6.0,1.0,0.0,0
104.0,3.0,2.5,1.0,0.0,0
24.0,1.0,1.0,1.0,116.0,0
185.0,1.0,2.9,1.0,0.0,0
120.0,1.0,0.0,1.0,135.0,0
25.0,1.0,0.1,1.0,148.0,0
98.0,1.0,0.9,1.0,151.0,0
53.0,4.0,2.1,3.0,0.0,0
38.0,4.0,1.6,1.0,0.0,0
81.0,2.0,3.2,1.0,0.0,0
19.0,3.0,0.5,1.0,89.0,0
19.0,4.0,0.9,2.0,0.0,0
45.0,2.0,1.6,3.0,0.0,0
14.0,4.0,0.5,3.0,0.0,0
62.0,3.0,0.8,3.0,0.0,0
51.0,3.0,1.7,1.0,0.0,0
83.0,4.0,3.1,1.0,0.0,1
29.0,2.0,0.5,2.0,0.0,0
112.0,2.0,4.33,1.0,0.0,0
131.0,1.0,5.4,1.0,0.0,0
82.0,2.0,0.4,1.0,0.0,0
15.0,2.0,0.0,1.0,114.0,0
78.0,1.0,2.9,3.0,0.0,0
125.0,1.0,0.0,1.0,0.0,0
62.0,1.0,2.67,2.0,0.0,0
49.0,2.0,1.7,1.0,106.0,0
42.0,2.0,2.0,2.0,196.0,0
13.0,4.0,1.0,1.0,95.0,0
50.0,3.0,2.4,1.0,0.0,0
91.0,1.0,2.8,3.0,330.0,0
93.0,1.0,2.7,2.0,0.0,0
121.0,2.0,2.0,1.0,341.0,0
84.0,4.0,1.1,2.0,180.0,0
108.0,4.0,3.8,2.0,304.0,1
35.0,1.0,0.75,3.0,114.0,0
38.0,1.0,1.3,2.0,0.0,0
48.0,1.0,1.0,1.0,212.0,0
85.0,2.0,2.0,1.0,161.0,0
20.0,2.0,0.4,1.0,80.0,0
111.0,1.0,0.1,3.0,0.0,0
192.0,1.0,1.7,1.0,601.0,0
114.0,1.0,2.5,3.0,0.0,1
32.0,2.0,0.4,3.0,0.0,0
33.0,4.0,0.4,1.0,131.0,0
43.0,4.0,0.2,2.0,0.0,0
30.0,3.0,1.7,2.0,162.0,0
103.0,2.0,4.5,3.0,0.0,0
74.0,1.0,1.4,3.0,0.0,0
158.0,3.0,0.4,2.0,0.0,1
64.0,4.0,3.4,1.0,117.0,0
28.0,4.0,1.5,2.0,0.0,0
79.0,3.0,0.7,1.0,0.0,0
33.0,2.0,0.7,2.0,0.0,0
79.0,4.0,2.0,2.0,0.0,0
39.0,1.0,1.9,2.0,0.0,0
48.0,4.0,2.2,2.0,0.0,0
95.0,3.0,3.7,2.0,138.0,1
30.0,1.0,0.6,3.0,0.0,0
32.0,3.0,0.2,1.0,0.0,0
92.0,2.0,0.0,1.0,249.0,0
83.0,4.0,2.1,3.0,0.0,0
34.0,1.0,0.4,3.0,0.0,0
22.0,1.0,0.1,1.0,0.0,0
85.0,1.0,3.4,3.0,0.0,1
105.0,2.0,2.8,1.0,336.0,0
29.0,1.0,1.5,2.0,0.0,0
88.0,1.0,5.4,1.0,0.0,0
40.0,1.0,1.9,3.0,0.0,0
48.0,1.0,0.3,1.0,0.0,0
43.0,3.0,0.5,3.0,0.0,0
30.0,1.0,0.4,3.0,0.0,0
50.0,4.0,1.67,3.0,0.0,0
128.0,2.0,0.4,1.0,0.0,0
99.0,1.0,4.4,1.0,0.0,1
19.0,4.0,0.4,2.0,0.0,0
21.0,1.0,0.2,1.0,0.0,0
48.0,3.0,0.8,3.0,0.0,0
143.0,1.0,3.5,1.0,0.0,0
101.0,4.0,4.9,1.0,0.0,0
63.0,2.0,1.75,3.0,0.0,0
15.0,3.0,0.1,3.0,91.0,0
45.0,3.0,1.0,2.0,0.0,0
55.0,1.0,1.5,2.0,0.0,0
68.0,4.0,0.0,1.0,0.0,0
79.0,3.0,0.8,1.0,0.0,0
22.0,4.0,1.0,1.0,91.0,0
188.0,1.0,2.9,3.0,0.0,1
10.0,4.0,0.4,2.0,0.0,0
40.0,3.0,0.1,2.0,111.0,0
81.0,4.0,3.4,1.0,0.0,0
45.0,1.0,1.33,1.0,0.0,0
62.0,2.0,0.8,3.0,0.0,0
101.0,2.0,0.3,1.0,0.0,0
51.0,2.0,3.2,3.0,0.0,0
152.0,1.0,0.0,1.0,0.0,0
72.0,4.0,0.2,3.0,0.0,0
102.0,3.0,1.7,2.0,0.0,0
84.0,1.0,2.9,3.0,102.0,0
78.0,4.0,1.6,2.0,0.0,0
55.0,4.0,1.7,2.0,0.0,0
175.0,2.0,7.8,1.0,297.0,0
42.0,3.0,0.5,2.0,116.0,0
31.0,3.0,1.3,1.0,0.0,0
79.0,4.0,2.4,1.0,0.0,0
43.0,1.0,0.3,3.0,158.0,0
51.0,2.0,2.8,1.0,0.0,0
82.0,3.0,3.0,2.0,0.0,0
41.0,1.0,0.5,3.0,0.0,0
30.0,1.0,1.3,1.0,0.0,0
49.0,1.0,2.8,1.0,0.0,0
55.0,1.0,1.4,3.0,0.0,0
41.0,4.0,2.5,1.0,174.0,0
90.0,2.0,1.3,1.0,0.0,0
75.0,2.0,1.8,1.0,0.0,0
95.0,2.0,0.0,3.0,0.0,0
81.0,4.0,2.2,2.0,116.0,0
85.0,4.0,1.9,3.0,0.0,0
68.0,2.0,3.7,1.0,184.0,0
72.0,4.0,2.6,1.0,0.0,0
12.0,4.0,1.0,1.0,0.0,0
123.0,3.0,1.3,1.0,0.0,1
64.0,4.0,2.1,3.0,164.0,0
134.0,4.0,5.5,2.0,0.0,1
110.0,3.0,1.8,2.0,0.0,0
64.0,3.0,0.7,2.0,230.0,0
25.0,4.0,0.3,2.0,0.0,0
73.0,3.0,2.3,1.0,0.0,0
84.0,1.0,2.9,3.0,105.0,0
32.0,2.0,1.0,2.0,0.0,0
20.0,1.0,0.2,1.0,0.0,0
80.0,4.0,2.6,3.0,143.0,0
70.0,3.0,1.4,3.0,0.0,0
25.0,2.0,0.5,2.0,0.0,0
42.0,1.0,1.8,3.0,0.0,0
38.0,1.0,1.1,3.0,0.0,0
45.0,3.0,2.8,1.0,153.0,0
45.0,2.0,0.6,3.0,0.0,0
152.0,2.0,1.4,1.0,0.0,0
30.0,1.0,0.5,3.0,0.0,0
65.0,3.0,2.2,3.0,0.0,0
71.0,4.0,0.1,2.0,0.0,0
111.0,2.0,0.4,1.0,0.0,0
183.0,1.0,6.0,1.0,0.0,0
131.0,1.0,3.8,1.0,0.0,0
40.0,2.0,1.67,2.0,129.0,0
63.0,3.0,1.4,3.0,138.0,0
15.0,2.0,1.0,2.0,101.0,0
21.0,1.0,0.67,3.0,0.0,0
163.0,1.0,4.1,1.0,0.0,0
80.0,4.0,0.1,2.0,0.0,0
40.0,3.0,0.9,1.0,0.0,0
22.0,1.0,0.2,1.0,0.0,0
112.0,1.0,5.1,2.0,86.0,1
9.0,4.0,0.7,2.0,0.0,0
9.0,4.0,0.2,3.0,0.0,0
29.0,3.0,0.9,1.0,126.0,0
93.0,1.0,2.7,1.0,0.0,0
34.0,4.0,0.3,1.0,104.0,0
71.0,1.0,1.4,3.0,0.0,0
113.0,4.0,2.1,3.0,0.0,0
38.0,1.0,1.0,3.0,0.0,0
25.0,3.0,0.9,3.0,0.0,0
10.0,2.0,0.1,2.0,0.0,0
40.0,3.0,1.7,1.0,0.0,0
61.0,2.0,2.4,2.0,90.0,0
39.0,4.0,2.2,1.0,0.0,0
91.0,1.0,0.8,3.0,0.0,0
32.0,1.0,1.4,3.0,158.0,0
113.0,3.0,2.5,1.0,0.0,0
74.0,3.0,2.67,1.0,0.0,0
70.0,3.0,2.6,2.0,165.0,0
88.0,4.0,0.8,1.0,0.0,0
90.0,4.0,1.9,2.0,106.0,0
104.0,2.0,3.6,3.0,0.0,1
178.0,1.0,4.1,1.0,207.0,0
63.0,2.0,0.8,3.0,0.0,0
112.0,3.0,1.8,2.0,0.0,0
163.0,1.0,7.4,1.0,0.0,0
174.0,4.0,3.2,3.0,0.0,1
58.0,4.0,1.8,2.0,154.0,0
129.0,1.0,0.9,1.0,366.0,0
115.0,1.0,3.4,1.0,0.0,0
41.0,3.0,2.3,1.0,0.0,0
65.0,4.0,2.8,2.0,0.0,0
45.0,4.0,0.1,1.0,0.0,0
64.0,1.0,0.0,2.0,0.0,0
58.0,2.0,0.1,1.0,0.0,0
42.0,1.0,1.8,2.0,0.0,0
42.0,2.0,2.1,3.0,0.0,0
22.0,1.0,0.5,2.0,100.0,0
64.0,3.0,2.0,3.0,142.0,0
71.0,1.0,2.5,1.0,185.0,0
135.0,2.0,3.3,1.0,0.0,0
109.0,3.0,1.0,1.0,0.0,0
14.0,2.0,0.7,3.0,0.0,0
71.0,2.0,1.8,1.0,127.0,0
58.0,3.0,2.8,1.0,0.0,0
182.0,4.0,0.8,3.0,94.0,1
42.0,4.0,0.8,1.0,0.0,0
52.0,1.0,1.2,2.0,194.0,0
182.0,3.0,5.8,3.0,0.0,1
38.0,2.0,1.7,2.0,0.0,0
115.0,4.0,2.9,2.0,0.0,1
65.0,4.0,2.0,3.0,0.0,0
89.0,1.0,2.7,1.0,0.0,0
45.0,2.0,1.7,2.0,0.0,0
129.0,1.0,0.3,1.0,0.0,0
113.0,4.0,1.7,2.0,0.0,1
90.0,1.0,2.7,2.0,0.0,0
18.0,1.0,0.3,1.0,0.0,0
58.0,2.0,2.4,2.0,0.0,0
84.0,1.0,0.1,1.0,0.0,0
81.0,2.0,4.5,3.0,187.0,0
45.0,4.0,0.0,2.0,0.0,0
52.0,2.0,1.6,3.0,75.0,0
59.0,1.0,1.4,3.0,241.0,0
20.0,4.0,0.5,2.0,0.0,0
38.0,1.0,1.5,2.0,136.0,0
122.0,4.0,3.0,1.0,0.0,1
83.0,2.0,1.5,3.0,199.0,0
109.0,4.0,2.2,2.0,103.0,0
43.0,4.0,0.2,2.0,0.0,0
41.0,2.0,1.5,1.0,173.0,0
48.0,1.0,0.8,1.0,158.0,0
43.0,3.0,0.9,3.0,175.0,0
80.0,4.0,2.2,2.0,0.0,0
39.0,1.0,0.2,1.0,0.0,0
112.0,1.0,0.0,1.0,0.0,0
9.0,4.0,0.2,3.0,0.0,0
64.0,4.0,2.6,1.0,0.0,0
70.0,1.0,1.6,3.0,265.0,0
34.0,1.0,1.3,2.0,0.0,0
91.0,4.0,1.0,2.0,0.0,0
82.0,4.0,1.3,3.0,219.0,0
65.0,1.0,1.5,3.0,0.0,0
40.0,3.0,0.5,2.0,100.0,0
59.0,1.0,2.4,1.0,250.0,0
38.0,4.0,1.0,3.0,154.0,0
19.0,4.0,0.7,3.0,0.0,0
50.0,2.0,2.8,1.0,205.0,0
40.0,4.0,2.5,2.0,0.0,0
62.0,3.0,2.1,3.0,0.0,0
89.0,1.0,2.6,2.0,0.0,0
51.0,1.0,1.0,1.0,0.0,0
40.0,3.0,1.0,2.0,0.0,0
119.0,1.0,2.9,1.0,0.0,0
38.0,4.0,0.9,2.0,0.0,0
60.0,1.0,2.2,3.0,0.0,0
58.0,4.0,2.3,3.0,169.0,0
201.0,2.0,8.8,1.0,0.0,0
81.0,1.0,0.1,3.0,0.0,0
52.0,4.0,0.2,1.0,0.0,0
84.0,1.0,4.3,1.0,0.0,0
14.0,4.0,0.3,1.0,0.0,0
155.0,1.0,7.0,1.0,0.0,0
18.0,4.0,0.3,2.0,0.0,0
18.0,1.0,0.4,3.0,0.0,0
63.0,3.0,0.5,2.0,0.0,0
85.0,1.0,3.7,3.0,327.0,0
40.0,1.0,1.2,2.0,0.0,0
90.0,1.0,2.8,2.0,0.0,0
28.0,4.0,0.6,1.0,0.0,0
45.0,3.0,1.4,1.0,198.0,0
132.0,1.0,3.8,1.0,0.0,0
74.0,4.0,0.4,1.0,0.0,0
32.0,1.0,0.6,3.0,166.0,0
19.0,1.0,0.67,3.0,83.0,0
82.0,4.0,2.1,3.0,0.0,0
29.0,1.0,0.3,3.0,140.0,0
20.0,4.0,0.3,1.0,97.0,0
22.0,1.0,0.3,3.0,0.0,0
62.0,3.0,2.33,1.0,131.0,0
40.0,1.0,0.3,1.0,116.0,0
25.0,1.0,0.1,2.0,136.0,0
155.0,1.0,7.4,3.0,0.0,1
50.0,4.0,0.6,2.0,0.0,0
53.0,1.0,0.8,1.0,0.0,0
54.0,4.0,2.9,1.0,189.0,0
41.0,2.0,1.0,2.0,0.0,0
69.0,4.0,4.0,3.0,0.0,0
183.0,1.0,8.1,1.0,0.0,0
19.0,2.0,0.3,2.0,0.0,0
134.0,1.0,4.6,1.0,164.0,0
30.0,4.0,1.9,3.0,0.0,0
62.0,2.0,3.2,3.0,118.0,0
83.0,2.0,0.4,3.0,0.0,0
55.0,1.0,1.4,1.0,77.0,0
101.0,2.0,0.6,1.0,0.0,0
83.0,4.0,0.4,1.0,141.0,0
14.0,3.0,1.0,2.0,0.0,0
45.0,4.0,1.2,2.0,138.0,0
60.0,2.0,2.2,3.0,0.0,0
62.0,1.0,0.7,3.0,170.0,0
43.0,4.0,0.2,1.0,0.0,0
79.0,1.0,0.2,2.0,0.0,0
75.0,3.0,2.33,2.0,0.0,0
149.0,2.0,7.2,1.0,0.0,0
63.0,1.0,1.5,3.0,0.0,0
82.0,4.0,2.2,2.0,0.0,0
95.0,1.0,1.9,2.0,0.0,0
82.0,4.0,2.6,3.0,294.0,0
108.0,4.0,1.9,2.0,0.0,1
109.0,3.0,4.0,1.0,0.0,1
151.0,2.0,3.3,1.0,328.0,0
58.0,3.0,0.7,2.0,223.0,0
24.0,2.0,0.5,2.0,0.0,0
24.0,4.0,0.7,1.0,0.0,0
29.0,2.0,0.8,1.0,0.0,0
63.0,2.0,1.6,3.0,0.0,0
53.0,2.0,1.0,2.0,96.0,0
40.0,3.0,2.4,2.0,0.0,0
59.0,3.0,0.5,2.0,0.0,0
38.0,4.0,1.9,3.0,0.0,0
65.0,3.0,0.7,2.0,104.0,0
81.0,4.0,3.8,2.0,0.0,0
35.0,1.0,1.2,3.0,0.0,0
79.0,4.0,3.6,3.0,212.0,0
81.0,2.0,1.6,3.0,0.0,0
18.0,1.0,1.3,1.0,0.0,0
45.0,4.0,1.5,3.0,0.0,0
81.0,4.0,0.2,1.0,0.0,0
88.0,4.0,1.9,2.0,0.0,0
65.0,2.0,3.2,3.0,0.0,0
22.0,1.0,0.5,2.0,0.0,0
13.0,4.0,0.4,1.0,0.0,0
33.0,3.0,1.0,2.0,0.0,0
78.0,4.0,1.9,3.0,0.0,0
191.0,1.0,1.7,1.0,0.0,0
30.0,4.0,1.3,3.0,0.0,0
58.0,4.0,2.0,3.0,0.0,0
72.0,1.0,0.0,1.0,178.0,0
55.0,3.0,1.4,3.0,0.0,0
11.0,1.0,0.1,2.0,0.0,0
170.0,4.0,4.25,1.0,318.0,1
74.0,3.0,2.0,2.0,0.0,0
112.0,2.0,2.0,2.0,382.0,0
113.0,2.0,1.8,2.0,0.0,0
33.0,2.0,0.3,1.0,101.0,0
11.0,1.0,0.8,2.0,102.0,0
71.0,1.0,1.4,3.0,198.0,0
22.0,3.0,0.1,2.0,114.0,0
180.0,1.0,1.7,1.0,0.0,0
69.0,4.0,2.2,2.0,0.0,0
62.0,4.0,2.4,1.0,86.0,0
43.0,1.0,0.3,3.0,0.0,0
28.0,1.0,1.3,1.0,138.0,0
42.0,1.0,1.3,2.0,0.0,0
81.0,2.0,1.4,1.0,0.0,0
62.0,1.0,1.8,3.0,231.0,0
84.0,4.0,0.1,2.0,0.0,0
71.0,4.0,2.9,1.0,218.0,0
121.0,1.0,2.0,1.0,0.0,0
204.0,2.0,2.8,1.0,0.0,0
59.0,3.0,2.0,1.0,216.0,0
38.0,2.0,0.8,1.0,0.0,0
44.0,1.0,1.9,3.0,143.0,0
14.0,4.0,0.7,2.0,105.0,0
58.0,1.0,0.2,1.0,177.0,0
80.0,4.0,2.2,2.0,0.0,0
154.0,4.0,7.4,3.0,0.0,1
78.0,4.0,2.67,1.0,99.0,0
41.0,1.0,1.5,2.0,0.0,0
29.0,3.0,1.0,1.0,0.0,0
43.0,2.0,2.1,3.0,0.0,0
99.0,4.0,1.8,2.0,268.0,0
41.0,4.0,1.8,1.0,0.0,0
81.0,2.0,0.0,3.0,0.0,0
63.0,1.0,1.6,1.0,118.0,0
205.0,1.0,6.33,1.0,271.0,0
30.0,2.0,0.2,3.0,0.0,0
103.0,1.0,0.3,1.0,0.0,0
92.0,2.0,0.0,3.0,0.0,0
69.0,3.0,0.1,1.0,0.0,0
119.0,2.0,6.1,1.0,263.0,0
65.0,4.0,2.6,3.0,0.0,0
54.0,3.0,0.9,3.0,179.0,0
69.0,3.0,2.0,2.0,0.0,0
21.0,4.0,0.4,2.0,89.0,0
63.0,1.0,3.6,2.0,0.0,0
8.0,1.0,0.3,1.0,0.0,0
39.0,1.0,2.0,2.0,0.0,0
62.0,2.0,2.2,3.0,0.0,0
41.0,3.0,2.2,3.0,148.0,0
33.0,1.0,1.5,3.0,140.0,0
139.0,2.0,6.9,1.0,0.0,0
179.0,2.0,4.5,3.0,400.0,1
114.0,2.0,1.8,2.0,0.0,0
175.0,2.0,6.7,1.0,102.0,0
91.0,1.0,4.7,1.0,0.0,0
75.0,3.0,0.3,3.0,0.0,0
122.0,1.0,1.3,1.0,0.0,0
62.0,1.0,1.8,3.0,0.0,0
55.0,1.0,0.2,1.0,0.0,0
81.0,3.0,0.7,1.0,0.0,0
173.0,2.0,1.4,1.0,419.0,0
22.0,1.0,1.3,1.0,80.0,0
20.0,4.0,0.5,3.0,0.0,0
63.0,2.0,1.0,3.0,0.0,0
20.0,4.0,1.0,1.0,134.0,0
121.0,2.0,0.4,1.0,0.0,0
31.0,1.0,0.6,3.0,0.0,0
101.0,1.0,3.9,1.0,0.0,1
39.0,2.0,1.0,2.0,0.0,0
181.0,2.0,2.3,2.0,0.0,1
23.0,2.0,0.2,3.0,0.0,0
55.0,3.0,0.7,2.0,0.0,0
80.0,2.0,0.7,2.0,0.0,0
83.0,1.0,3.0,3.0,0.0,0
71.0,4.0,0.7,3.0,0.0,0
95.0,2.0,1.7,2.0,0.0,0
85.0,1.0,1.3,3.0,118.0,0
50.0,1.0,1.5,1.0,0.0,0
25.0,4.0,1.0,1.0,0.0,0
44.0,1.0,0.2,3.0,0.0,0
172.0,1.0,5.2,2.0,0.0,1
19.0,2.0,0.3,2.0,105.0,0
41.0,4.0,1.2,2.0,0.0,0
73.0,4.0,2.6,1.0,0.0,0
55.0,2.0,3.2,3.0,151.0,0
53.0,2.0,1.6,3.0,78.0,0
79.0,4.0,1.6,2.0,0.0,0
118.0,2.0,6.8,1.0,112.0,0
128.0,1.0,2.5,1.0,0.0,0
109.0,2.0,6.8,1.0,0.0,0
172.0,4.0,4.4,1.0,0.0,1
54.0,4.0,1.2,2.0,129.0,0
84.0,1.0,2.9,3.0,0.0,0
32.0,1.0,1.9,2.0,100.0,0
21.0,1.0,0.67,3.0,0.0,0
23.0,4.0,0.4,2.0,122.0,0
83.0,4.0,2.0,3.0,0.0,0
102.0,1.0,2.6,1.0,0.0,0
21.0,1.0,0.6,3.0,0.0,0
52.0,4.0,0.1,3.0,0.0,0
48.0,3.0,2.5,2.0,113.0,0
84.0,3.0,1.1,1.0,0.0,0
74.0,1.0,0.1,2.0,144.0,0
102.0,4.0,2.1,3.0,139.0,0
58.0,2.0,2.5,1.0,0.0,0
28.0,2.0,1.7,2.0,0.0,0
44.0,2.0,1.0,3.0,0.0,0
93.0,1.0,2.8,3.0,0.0,0
30.0,4.0,0.3,2.0,157.0,0
83.0,2.0,2.0,1.0,249.0,0
139.0,1.0,4.3,1.0,0.0,0
82.0,3.0,0.1,1.0,0.0,0
125.0,3.0,0.6,1.0,342.0,1
98.0,2.0,4.5,3.0,306.0,0
84.0,4.0,2.2,2.0,0.0,0
34.0,1.0,2.0,2.0,0.0,0
59.0,2.0,0.8,3.0,0.0,0
218.0,2.0,6.67,1.0,0.0,0
44.0,2.0,1.6,3.0,0.0,0
61.0,3.0,2.1,3.0,0.0,0
60.0,4.0,0.2,3.0,151.0,0
79.0,3.0,2.0,3.0,0.0,0
58.0,4.0,0.2,3.0,0.0,0
31.0,4.0,1.1,3.0,0.0,0
71.0,4.0,1.9,1.0,0.0,0
8.0,4.0,0.7,1.0,91.0,0
64.0,3.0,2.5,1.0,208.0,0
68.0,1.0,2.8,1.0,0.0,0
64.0,4.0,2.6,1.0,0.0,0
105.0,1.0,4.7,1.0,0.0,0
88.0,2.0,1.8,2.0,0.0,0
80.0,3.0,2.67,1.0,0.0,0
183.0,2.0,0.0,1.0,0.0,0
25.0,4.0,1.5,3.0,0.0,0
180.0,1.0,2.9,3.0,144.0,1
142.0,2.0,3.9,1.0,193.0,0
60.0,1.0,0.0,2.0,0.0,0
20.0,4.0,0.4,2.0,79.0,0
45.0,4.0,0.1,1.0,93.0,0
80.0,2.0,2.7,1.0,0.0,0
42.0,2.0,1.0,3.0,78.0,0
115.0,1.0,1.2,3.0,0.0,1
75.0,4.0,0.0,1.0,0.0,0
181.0,1.0,1.7,1.0,0.0,0
62.0,2.0,1.5,2.0,0.0,0
74.0,3.0,3.0,1.0,0.0,0
82.0,1.0,0.8,3.0,312.0,0
85.0,2.0,2.0,1.0,0.0,0
72.0,3.0,2.0,3.0,190.0,0
54.0,4.0,2.1,1.0,0.0,0
24.0,2.0,0.2,3.0,140.0,0
99.0,4.0,2.2,2.0,155.0,0
62.0,3.0,2.33,2.0,0.0,0
41.0,1.0,2.0,2.0,0.0,0
80.0,3.0,1.5,1.0,219.0,0
94.0,1.0,2.8,2.0,333.0,0
182.0,4.0,6.0,3.0,0.0,1
78.0,4.0,2.0,2.0,119.0,0
14.0,1.0,0.1,1.0,0.0,0
24.0,1.0,1.5,2.0,87.0,0
51.0,4.0,1.7,2.0,103.0,0
22.0,4.0,0.3,1.0,0.0,0
39.0,4.0,2.2,2.0,0.0,0
73.0,2.0,2.3,3.0,0.0,0
51.0,3.0,1.4,3.0,0.0,0
24.0,4.0,1.5,3.0,0.0,0
149.0,4.0,6.1,1.0,0.0,1
70.0,4.0,1.9,3.0,0.0,0
19.0,4.0,0.7,3.0,121.0,0
20.0,1.0,0.3,1.0,0.0,0
201.0,2.0,6.67,1.0,0.0,0
101.0,4.0,2.3,3.0,256.0,0
61.0,3.0,2.2,3.0,117.0,0
45.0,2.0,0.8,3.0,0.0,0
110.0,3.0,4.4,1.0,0.0,0
80.0,4.0,1.3,3.0,0.0,0
45.0,3.0,0.6,2.0,0.0,0
101.0,4.0,2.2,2.0,0.0,0
59.0,4.0,0.2,3.0,0.0,0
58.0,3.0,2.0,1.0,149.0,0
81.0,4.0,2.0,3.0,277.0,0
59.0,2.0,2.4,2.0,0.0,0
83.0,3.0,0.8,1.0,0.0,0
52.0,4.0,1.9,1.0,0.0,0
103.0,4.0,3.4,1.0,0.0,1
113.0,4.0,0.6,3.0,327.0,1
64.0,2.0,2.8,1.0,0.0,0
135.0,2.0,1.4,1.0,82.0,0
42.0,4.0,2.5,2.0,0.0,0
80.0,4.0,2.2,2.0,0.0,0
164.0,2.0,4.0,3.0,301.0,1
139.0,1.0,0.9,3.0,0.0,1
135.0,2.0,4.6,3.0,91.0,1
79.0,1.0,2.7,2.0,0.0,0
79.0,3.0,4.4,1.0,0.0,0
41.0,1.0,1.33,1.0,0.0,0
84.0,3.0,0.7,2.0,0.0,0
94.0,3.0,0.8,1.0,236.0,0
11.0,3.0,0.4,1.0,0.0,0
98.0,3.0,1.8,2.0,0.0,0
24.0,4.0,1.0,1.0,0.0,0
42.0,3.0,0.6,2.0,121.0,0
20.0,1.0,0.2,1.0,0.0,0
89.0,3.0,0.1,1.0,292.0,0
85.0,2.0,0.4,1.0,0.0,0
49.0,3.0,2.2,2.0,103.0,0
49.0,4.0,2.1,3.0,0.0,0
150.0,1.0,0.8,1.0,0.0,0
40.0,1.0,0.3,1.0,0.0,0
30.0,3.0,1.0,2.0,0.0,0
92.0,2.0,2.8,1.0,103.0,0
38.0,3.0,0.5,2.0,0.0,0
89.0,3.0,0.5,1.0,0.0,0
22.0,3.0,0.9,3.0,0.0,0
60.0,1.0,2.5,3.0,0.0,0
38.0,3.0,0.9,3.0,0.0,0
62.0,3.0,2.3,1.0,0.0,0
62.0,4.0,0.7,1.0,0.0,0
53.0,1.0,1.2,1.0,0.0,0
130.0,2.0,1.4,1.0,0.0,0
28.0,1.0,1.4,3.0,118.0,0
25.0,2.0,0.1,3.0,102.0,0
28.0,3.0,0.9,1.0,0.0,0
33.0,4.0,1.7,1.0,87.0,0
69.0,1.0,0.8,3.0,184.0,0
120.0,4.0,5.4,1.0,301.0,1
99.0,4.0,1.7,2.0,0.0,0
120.0,4.0,3.0,2.0,431.0,1
159.0,1.0,5.5,3.0,0.0,1
70.0,3.0,0.3,3.0,0.0,0
38.0,2.0,1.0,3.0,164.0,0
122.0,1.0,0.0,1.0,0.0,0
28.0,3.0,1.7,2.0,0.0,0
18.0,4.0,1.5,3.0,0.0,0
21.0,3.0,1.3,2.0,0.0,0
122.0,1.0,7.0,1.0,0.0,0
55.0,4.0,2.0,2.0,0.0,0
30.0,3.0,1.0,1.0,0.0,0
105.0,4.0,1.7,2.0,0.0,0
65.0,3.0,0.5,3.0,256.0,0
85.0,2.0,1.8,1.0,0.0,0
123.0,1.0,0.8,1.0,146.0,0
84.0,1.0,3.7,3.0,0.0,0
83.0,4.0,0.1,2.0,247.0,0
44.0,1.0,0.5,3.0,0.0,0
93.0,1.0,4.9,1.0,133.0,0
71.0,2.0,2.3,3.0,150.0,0
12.0,4.0,1.0,1.0,0.0,0
19.0,1.0,0.9,3.0,0.0,0
8.0,1.0,0.1,1.0,0.0,0
8.0,4.0,0.2,3.0,81.0,0
64.0,2.0,1.7,3.0,236.0,0
73.0,1.0,0.8,3.0,117.0,0
11.0,1.0,0.4,2.0,76.0,0
61.0,3.0,2.6,2.0,0.0,0
75.0,1.0,2.6,2.0,0.0,0
80.0,4.0,1.8,2.0,0.0,0
99.0,2.0,4.5,3.0,249.0,0
53.0,4.0,1.67,3.0,0.0,0
191.0,1.0,4.8,3.0,0.0,1
179.0,4.0,4.2,3.0,0.0,1
41.0,4.0,1.7,1.0,0.0,0
71.0,2.0,1.75,3.0,108.0,0
12.0,4.0,1.0,1.0,89.0,0
20.0,4.0,0.4,1.0,99.0,0
65.0,1.0,1.2,1.0,268.0,0
40.0,2.0,0.6,3.0,0.0,0
59.0,3.0,2.4,1.0,0.0,0
85.0,4.0,4.9,1.0,0.0,0
14.0,4.0,1.0,1.0,0.0,0
160.0,4.0,5.7,3.0,0.0,1
21.0,4.0,0.7,3.0,0.0,0
113.0,2.0,0.2,1.0,0.0,0
71.0,2.0,1.7,1.0,0.0,0
11.0,2.0,0.0,1.0,78.0,0
88.0,2.0,1.6,1.0,0.0,0
89.0,4.0,0.8,1.0,155.0,0
41.0,4.0,1.7,2.0,0.0,0
28.0,1.0,1.4,3.0,75.0,0
51.0,3.0,0.3,3.0,0.0,0
11.0,1.0,0.67,3.0,0.0,0
21.0,1.0,0.67,3.0,0.0,0
88.0,2.0,1.6,1.0,278.0,0
39.0,2.0,1.7,2.0,0.0,0
35.0,4.0,0.2,2.0,0.0,0
129.0,3.0,4.1,3.0,0.0,1
29.0,1.0,0.6,3.0,127.0,0
74.0,4.0,1.8,2.0,112.0,0
32.0,2.0,0.3,1.0,0.0,0
65.0,3.0,2.1,3.0,0.0,0
9.0,2.0,0.3,3.0,0.0,0
110.0,3.0,1.8,2.0,109.0,0
24.0,1.0,0.9,3.0,0.0,0
61.0,3.0,0.7,1.0,0.0,0
22.0,1.0,0.6,3.0,0.0,0
9.0,2.0,0.3,2.0,99.0,0
14.0,1.0,1.0,1.0,0.0,0
80.0,1.0,4.9,1.0,0.0,0
62.0,1.0,1.8,3.0,0.0,0
98.0,1.0,4.2,1.0,171.0,1
58.0,4.0,1.2,2.0,228.0,0
89.0,1.0,0.1,2.0,307.0,0
25.0,1.0,0.5,2.0,0.0,0
80.0,2.0,2.4,2.0,0.0,0
43.0,4.0,1.1,2.0,0.0,0
72.0,4.0,0.7,3.0,0.0,0
30.0,4.0,1.5,2.0,112.0,0
31.0,1.0,1.8,2.0,0.0,0
32.0,1.0,1.5,2.0,0.0,0
99.0,1.0,4.8,3.0,255.0,1
44.0,1.0,1.8,2.0,192.0,0
64.0,3.0,0.9,2.0,0.0,0
33.0,3.0,0.1,3.0,0.0,0
21.0,3.0,0.1,3.0,0.0,0
140.0,4.0,0.5,1.0,292.0,1
103.0,3.0,1.0,1.0,180.0,0
49.0,4.0,2.2,2.0,0.0,0
71.0,4.0,0.2,1.0,78.0,0
60.0,3.0,2.1,3.0,0.0,0
199.0,2.0,6.67,1.0,0.0,0
20.0,2.0,0.4,1.0,76.0,0
139.0,1.0,4.0,3.0,106.0,1
80.0,2.0,2.8,1.0,0.0,0
168.0,2.0,2.8,1.0,308.0,0
18.0,3.0,0.5,1.0,0.0,0
20.0,3.0,0.1,2.0,0.0,0
113.0,2.0,3.8,2.0,119.0,1
35.0,2.0,1.7,2.0,119.0,0
11.0,4.0,0.5,3.0,0.0,0
54.0,4.0,1.8,3.0,0.0,0
39.0,1.0,0.2,1.0,0.0,0
191.0,2.0,4.4,2.0,0.0,1
54.0,2.0,0.7,1.0,0.0,0
8.0,2.0,0.9,3.0,0.0,0
73.0,3.0,2.4,1.0,0.0,0
12.0,4.0,0.5,2.0,78.0,0
50.0,2.0,1.7,1.0,174.0,0
81.0,4.0,4.9,1.0,209.0,0
25.0,4.0,0.4,3.0,0.0,0
64.0,2.0,1.0,3.0,211.0,0
11.0,4.0,0.3,1.0,0.0,0
101.0,4.0,3.4,2.0,0.0,0
65.0,2.0,2.2,3.0,0.0,0
31.0,2.0,1.0,3.0,0.0,0
28.0,4.0,0.2,2.0,0.0,0
191.0,2.0,3.0,1.0,0.0,0
39.0,3.0,2.3,1.0,0.0,0
68.0,1.0,0.2,2.0,163.0,0
25.0,2.0,0.4,1.0,0.0,0
28.0,1.0,1.2,3.0,98.0,0
114.0,4.0,3.4,2.0,0.0,0
43.0,4.0,1.9,3.0,0.0,0
79.0,3.0,2.67,1.0,0.0,0
18.0,3.0,0.9,3.0,0.0,0
63.0,2.0,2.2,3.0,0.0,0
21.0,1.0,0.3,3.0,117.0,0
114.0,3.0,4.2,2.0,0.0,1
160.0,1.0,4.3,1.0,385.0,0
29.0,4.0,0.1,1.0,0.0,0
81.0,2.0,0.2,1.0,0.0,0
29.0,3.0,2.0,3.0,0.0,0
64.0,4.0,2.1,3.0,0.0,0
80.0,2.0,1.8,1.0,0.0,0
180.0,1.0,1.7,1.0,550.0,0
61.0,1.0,1.4,3.0,0.0,0
39.0,1.0,1.4,3.0,0.0,0
34.0,1.0,1.5,2.0,0.0,0
184.0,1.0,8.1,1.0,0.0,0
64.0,1.0,0.8,2.0,248.0,0
118.0,1.0,3.3,2.0,0.0,1
31.0,2.0,0.4,3.0,0.0,0
62.0,3.0,0.8,3.0,172.0,0
21.0,3.0,0.1,3.0,0.0,0
69.0,3.0,2.1,1.0,106.0,0
115.0,1.0,0.3,1.0,0.0,0
69.0,3.0,1.4,3.0,132.0,0
15.0,1.0,0.1,2.0,0.0,0
149.0,2.0,5.5,2.0,0.0,1
60.0,4.0,2.6,1.0,97.0,0
42.0,1.0,0.2,3.0,100.0,0
129.0,4.0,5.2,2.0,0.0,1
41.0,2.0,0.6,3.0,193.0,0
50.0,3.0,1.4,3.0,112.0,0
81.0,3.0,2.67,1.0,0.0,0
33.0,4.0,1.2,2.0,82.0,0
159.0,3.0,1.9,3.0,315.0,1
104.0,2.0,3.7,1.0,0.0,1
89.0,2.0,0.4,1.0,0.0,0
79.0,1.0,2.5,1.0,0.0,0
54.0,4.0,2.3,3.0,0.0,0
98.0,1.0,4.0,3.0,0.0,0
39.0,4.0,2.1,3.0,0.0,0
15.0,4.0,0.6,3.0,77.0,0
44.0,4.0,0.9,2.0,107.0,0
91.0,1.0,3.0,3.0,0.0,0
43.0,4.0,1.2,2.0,0.0,0
32.0,3.0,1.4,1.0,0.0,0
98.0,4.0,1.8,3.0,129.0,0
113.0,1.0,1.3,3.0,161.0,0
93.0,4.0,2.6,3.0,0.0,0
40.0,4.0,1.9,3.0,122.0,0
48.0,3.0,0.3,3.0,0.0,0
171.0,2.0,8.0,1.0,0.0,0
15.0,2.0,0.3,2.0,92.0,0
35.0,1.0,0.2,1.0,171.0,0
32.0,2.0,0.7,2.0,0.0,0
45.0,3.0,0.1,3.0,0.0,0
61.0,2.0,0.4,3.0,0.0,0
9.0,2.0,0.3,2.0,0.0,0
114.0,2.0,2.4,2.0,0.0,0
39.0,4.0,1.7,1.0,0.0,0
22.0,3.0,0.1,3.0,90.0,0
48.0,2.0,0.6,3.0,215.0,0
44.0,3.0,0.6,2.0,0.0,0
119.0,4.0,5.0,3.0,0.0,1
122.0,2.0,6.0,1.0,0.0,0
8.0,2.0,0.1,3.0,0.0,0
173.0,4.0,6.6,1.0,0.0,1
105.0,3.0,1.2,3.0,0.0,0
125.0,1.0,7.3,1.0,0.0,0
40.0,2.0,1.0,2.0,0.0,0
31.0,4.0,1.5,3.0,0.0,0
165.0,1.0,7.0,3.0,541.0,1
93.0,2.0,0.7,2.0,0.0,0
158.0,3.0,3.7,3.0,0.0,1
61.0,4.0,2.1,3.0,0.0,0
65.0,3.0,2.6,3.0,0.0,0
145.0,1.0,2.9,1.0,345.0,0
91.0,3.0,1.6,1.0,126.0,0
72.0,3.0,0.3,3.0,0.0,0
44.0,4.0,2.1,1.0,0.0,0
154.0,2.0,6.9,1.0,0.0,0
50.0,1.0,2.4,2.0,0.0,0
78.0,2.0,4.5,3.0,204.0,0
113.0,2.0,2.7,1.0,352.0,0
83.0,2.0,3.4,3.0,0.0,1
20.0,1.0,1.0,1.0,0.0,0
23.0,1.0,0.4,3.0,0.0,0
161.0,1.0,4.1,1.0,509.0,0
30.0,3.0,0.4,2.0,0.0,0
143.0,3.0,2.9,3.0,0.0,1
161.0,3.0,3.4,1.0,212.0,1
33.0,2.0,0.4,3.0,0.0,0
61.0,4.0,2.2,1.0,119.0,0
54.0,4.0,2.2,2.0,0.0,0
100.0,3.0,1.2,3.0,341.0,0
82.0,3.0,2.1,1.0,0.0,0
79.0,3.0,1.1,1.0,185.0,0
41.0,1.0,1.0,1.0,0.0,0
180.0,2.0,6.5,2.0,0.0,1
58.0,4.0,3.6,3.0,0.0,0
119.0,2.0,5.4,2.0,0.0,1
155.0,1.0,1.0,1.0,256.0,0
49.0,3.0,0.5,3.0,0.0,0
85.0,4.0,1.9,3.0,110.0,0
41.0,3.0,1.9,2.0,0.0,0
103.0,4.0,4.8,3.0,0.0,1
164.0,2.0,7.8,1.0,0.0,0
74.0,4.0,2.2,1.0,0.0,0
40.0,3.0,1.4,3.0,137.0,0
71.0,4.0,1.3,1.0,0.0,0
108.0,1.0,5.2,1.0,0.0,0
112.0,2.0,1.6,2.0,0.0,1
120.0,2.0,3.9,1.0,0.0,0
78.0,1.0,5.2,1.0,0.0,0
41.0,2.0,1.1,1.0,0.0,0
28.0,4.0,1.5,3.0,91.0,0
42.0,2.0,1.7,1.0,0.0,0
30.0,4.0,0.7,2.0,0.0,0
50.0,2.0,2.1,3.0,0.0,0
148.0,3.0,7.0,2.0,0.0,1
61.0,3.0,2.3,1.0,205.0,0
38.0,3.0,0.9,3.0,82.0,0
85.0,2.0,1.6,3.0,0.0,0
72.0,4.0,1.8,2.0,242.0,0
34.0,1.0,1.1,3.0,119.0,0
111.0,2.0,1.2,3.0,251.0,1
133.0,1.0,5.0,2.0,0.0,1
39.0,4.0,0.6,2.0,0.0,0
41.0,2.0,0.6,3.0,0.0,0
25.0,3.0,1.0,2.0,0.0,0
55.0,1.0,0.3,1.0,0.0,0
24.0,1.0,0.1,2.0,0.0,0
65.0,3.0,1.7,1.0,109.0,0
79.0,1.0,3.7,3.0,0.0,0
30.0,4.0,0.2,2.0,0.0,0
101.0,3.0,2.5,1.0,270.0,0
112.0,4.0,1.8,3.0,0.0,0
14.0,3.0,0.9,3.0,114.0,0
55.0,4.0,2.5,1.0,0.0,0
164.0,1.0,4.3,2.0,0.0,1
42.0,2.0,0.3,1.0,106.0,0
72.0,2.0,1.5,2.0,0.0,0
95.0,3.0,0.1,1.0,240.0,0
28.0,4.0,1.1,3.0,0.0,0
18.0,2.0,0.3,3.0,0.0,0
38.0,1.0,0.3,1.0,0.0,0
58.0,3.0,2.1,1.0,169.0,0
141.0,1.0,2.4,1.0,0.0,0
161.0,4.0,7.9,3.0,310.0,1
118.0,1.0,2.0,1.0,427.0,0
35.0,1.0,0.2,1.0,0.0,0
158.0,2.0,6.3,3.0,0.0,1
183.0,3.0,8.2,3.0,467.0,1
20.0,4.0,1.1,3.0,0.0,0
140.0,1.0,2.9,1.0,0.0,0
40.0,4.0,2.1,3.0,0.0,0
43.0,1.0,1.8,2.0,0.0,0
38.0,1.0,0.8,1.0,0.0,0
205.0,2.0,8.8,1.0,181.0,0
32.0,3.0,0.1,3.0,0.0,0
155.0,2.0,7.2,1.0,0.0,0
54.0,2.0,1.7,1.0,0.0,0
85.0,4.0,2.1,3.0,0.0,0
50.0,3.0,1.1,2.0,0.0,0
23.0,1.0,0.3,3.0,0.0,0
44.0,2.0,1.67,2.0,0.0,0
62.0,3.0,2.67,1.0,240.0,0
81.0,1.0,2.9,3.0,259.0,0
180.0,1.0,8.9,3.0,0.0,1
92.0,2.0,0.6,1.0,0.0,0
194.0,1.0,1.7,1.0,0.0,0
162.0,1.0,4.3,1.0,0.0,0
42.0,4.0,1.3,3.0,153.0,0
41.0,1.0,2.0,2.0,0.0,0
53.0,3.0,2.8,1.0,0.0,0
32.0,2.0,0.8,3.0,0.0,0
134.0,2.0,3.1,1.0,0.0,0
79.0,4.0,2.1,3.0,0.0,0
49.0,4.0,2.5,2.0,0.0,0
63.0,3.0,0.5,3.0,221.0,0
34.0,4.0,1.3,3.0,0.0,0
118.0,2.0,7.8,1.0,358.0,0
113.0,2.0,3.3,1.0,0.0,0
30.0,2.0,2.0,3.0,132.0,0
13.0,4.0,0.5,3.0,0.0,0
49.0,2.0,1.5,1.0,0.0,0
45.0,1.0,1.6,2.0,82.0,0
69.0,3.0,2.33,2.0,0.0,0
25.0,3.0,0.1,2.0,0.0,0
59.0,4.0,1.7,2.0,0.0,0
95.0,2.0,4.5,3.0,275.0,0
135.0,3.0,5.3,1.0,0.0,1
24.0,2.0,0.3,3.0,0.0,0
49.0,3.0,2.8,1.0,0.0,0
24.0,2.0,0.4,3.0,88.0,0
65.0,4.0,2.2,2.0,126.0,0
18.0,4.0,0.2,3.0,0.0,0
75.0,2.0,1.7,2.0,0.0,0
30.0,1.0,1.7,1.0,0.0,0
185.0,3.0,2.2,2.0,0.0,1
78.0,4.0,0.1,2.0,0.0,0
69.0,4.0,1.0,2.0,0.0,0
90.0,1.0,1.9,2.0,0.0,0
45.0,1.0,1.3,2.0,0.0,0
39.0,2.0,1.9,2.0,0.0,0
158.0,1.0,7.4,1.0,0.0,0
32.0,1.0,1.1,3.0,0.0,0
95.0,1.0,0.3,1.0,0.0,0
195.0,1.0,6.33,1.0,0.0,0
55.0,3.0,1.1,2.0,0.0,0
93.0,1.0,5.2,1.0,267.0,0
72.0,4.0,2.0,3.0,0.0,0
60.0,2.0,0.4,3.0,250.0,0
34.0,1.0,1.7,1.0,164.0,0
28.0,3.0,1.0,1.0,0.0,0
129.0,1.0,2.5,1.0,0.0,0
78.0,1.0,2.6,2.0,0.0,0
122.0,1.0,0.0,1.0,0.0,0
35.0,4.0,0.4,2.0,118.0,0
98.0,1.0,1.3,3.0,0.0,0
40.0,1.0,2.5,3.0,0.0,0
28.0,1.0,0.5,3.0,90.0,0
138.0,1.0,3.5,1.0,0.0,0
48.0,4.0,2.8,2.0,0.0,0
19.0,4.0,0.8,1.0,106.0,0
132.0,3.0,5.9,2.0,307.0,1
55.0,4.0,1.67,3.0,89.0,0
63.0,1.0,1.6,1.0,0.0,0
80.0,4.0,1.7,3.0,0.0,0
44.0,3.0,1.9,2.0,141.0,0
53.0,3.0,2.6,2.0,0.0,0
161.0,2.0,3.3,1.0,0.0,0
19.0,1.0,0.5,2.0,104.0,0
154.0,3.0,5.4,2.0,0.0,1
30.0,1.0,1.0,3.0,111.0,0
20.0,1.0,0.4,3.0,0.0,0
10.0,2.0,1.0,1.0,0.0,0
85.0,3.0,1.2,3.0,0.0,0
42.0,3.0,2.7,2.0,0.0,0
81.0,2.0,0.4,1.0,146.0,0
65.0,3.0,2.8,1.0,240.0,0
111.0,1.0,0.0,1.0,329.0,0
71.0,3.0,0.1,1.0,162.0,0
60.0,4.0,2.1,1.0,234.0,0
59.0,2.0,0.8,3.0,0.0,0
22.0,2.0,0.3,2.0,0.0,0
28.0,4.0,0.3,1.0,87.0,0
129.0,2.0,6.0,1.0,0.0,0
39.0,1.0,1.9,2.0,0.0,0
134.0,2.0,3.3,1.0,0.0,0
83.0,4.0,3.6,3.0,0.0,1
88.0,2.0,1.8,2.0,319.0,0
34.0,2.0,2.0,2.0,0.0,0
70.0,1.0,1.2,1.0,169.0,0
92.0,1.0,1.9,2.0,100.0,0
78.0,4.0,2.4,1.0,0.0,0
74.0,4.0,1.9,1.0,0.0,0
61.0,3.0,2.0,1.0,0.0,0
75.0,3.0,2.6,2.0,0.0,0
45.0,4.0,1.5,1.0,204.0,0
88.0,4.0,1.4,2.0,0.0,0
85.0,3.0,2.5,1.0,0.0,0
79.0,1.0,0.3,1.0,120.0,0
129.0,1.0,1.3,1.0,0.0,0
181.0,3.0,1.4,1.0,0.0,1
48.0,3.0,2.4,1.0,0.0,0
111.0,2.0,5.3,2.0,0.0,1
111.0,2.0,6.3,1.0,0.0,0
48.0,1.0,2.5,3.0,105.0,0
109.0,4.0,1.8,1.0,0.0,1
11.0,1.0,1.0,1.0,0.0,0
45.0,3.0,1.5,1.0,181.0,0
29.0,1.0,0.5,3.0,0.0,0
105.0,4.0,2.4,3.0,0.0,0
30.0,2.0,0.8,3.0,86.0,0
34.0,3.0,1.5,1.0,101.0,0
143.0,1.0,1.7,1.0,0.0,0
38.0,3.0,2.2,3.0,0.0,0
158.0,1.0,4.7,2.0,0.0,1
61.0,4.0,0.9,1.0,177.0,0
59.0,1.0,2.8,2.0,0.0,0
22.0,4.0,1.5,3.0,0.0,0
141.0,2.0,0.5,1.0,0.0,0
39.0,4.0,0.0,2.0,0.0,0
21.0,4.0,0.7,2.0,0.0,0
43.0,4.0,1.2,2.0,0.0,0
19.0,1.0,1.0,1.0,0.0,0
49.0,3.0,0.5,2.0,0.0,0
9.0,2.0,0.2,1.0,0.0,0
83.0,2.0,0.4,3.0,248.0,0
75.0,4.0,2.3,3.0,0.0,0
89.0,1.0,0.0,1.0,0.0,0
59.0,2.0,3.7,1.0,134.0,0
18.0,1.0,1.2,3.0,0.0,0
75.0,4.0,0.7,3.0,0.0,0
40.0,3.0,2.2,3.0,0.0,0
68.0,2.0,1.5,2.0,117.0,0
83.0,4.0,2.4,3.0,0.0,0
14.0,3.0,0.1,2.0,113.0,0
31.0,3.0,0.2,1.0,0.0,0
73.0,4.0,0.4,1.0,0.0,0
73.0,4.0,2.2,2.0,0.0,0
73.0,3.0,2.4,1.0,185.0,0
45.0,1.0,1.8,3.0,0.0,0
83.0,2.0,1.7,2.0,0.0,0
78.0,2.0,0.0,3.0,0.0,0
80.0,3.0,0.8,1.0,0.0,0
49.0,1.0,2.2,3.0,128.0,0
120.0,1.0,0.8,1.0,170.0,0
49.0,4.0,1.7,2.0,185.0,0
33.0,3.0,0.9,1.0,0.0,0
92.0,1.0,3.0,3.0,158.0,0
45.0,1.0,0.8,1.0,0.0,0
78.0,2.0,2.4,2.0,205.0,0
54.0,3.0,0.5,3.0,0.0,0
101.0,4.0,2.1,3.0,0.0,0
40.0,4.0,2.0,2.0,0.0,0
74.0,4.0,0.1,2.0,257.0,0
60.0,1.0,2.8,2.0,0.0,0
65.0,2.0,2.5,1.0,0.0,0
84.0,1.0,1.3,3.0,0.0,0
78.0,4.0,0.8,1.0,78.0,0
82.0,2.0,1.7,2.0,0.0,0
91.0,2.0,2.8,1.0,0.0,0
49.0,4.0,1.6,1.0,0.0,0
39.0,4.0,1.3,1.0,0.0,0
52.0,2.0,2.2,3.0,0.0,0
29.0,3.0,0.5,1.0,97.0,0
39.0,2.0,0.7,3.0,0.0,0
122.0,2.0,0.5,1.0,0.0,0
71.0,4.0,1.8,3.0,0.0,0
43.0,3.0,1.7,2.0,159.0,0
42.0,2.0,0.7,3.0,137.0,0
175.0,2.0,1.4,1.0,0.0,0
48.0,3.0,0.7,2.0,0.0,0
40.0,4.0,1.2,2.0,0.0,0
45.0,1.0,0.3,1.0,0.0,0
22.0,3.0,0.1,2.0,0.0,0
119.0,2.0,7.5,1.0,239.0,0
129.0,1.0,5.9,3.0,0.0,1
65.0,4.0,1.3,1.0,0.0,0
175.0,2.0,6.7,1.0,0.0,0
28.0,4.0,0.8,1.0,0.0,0
38.0,2.0,2.1,3.0,0.0,0
59.0,4.0,2.67,1.0,0.0,0
132.0,1.0,4.4,2.0,0.0,1
23.0,4.0,0.2,1.0,0.0,0
50.0,4.0,1.9,3.0,0.0,0
63.0,3.0,0.5,3.0,190.0,0
132.0,1.0,2.9,1.0,0.0,0
74.0,3.0,0.7,1.0,0.0,0
115.0,1.0,1.9,1.0,200.0,0
51.0,1.0,0.7,3.0,0.0,0
42.0,2.0,0.6,3.0,0.0,0
12.0,1.0,0.2,1.0,96.0,0
61.0,2.0,2.8,1.0,0.0,0
84.0,4.0,0.2,1.0,0.0,0
58.0,4.0,1.8,3.0,91.0,0
79.0,1.0,3.6,2.0,104.0,0
25.0,4.0,0.9,2.0,111.0,0
78.0,1.0,0.8,3.0,190.0,0
51.0,3.0,1.5,1.0,0.0,0
58.0,4.0,2.0,3.0,223.0,0
91.0,1.0,5.2,1.0,0.0,0
84.0,3.0,2.1,1.0,134.0,0
12.0,1.0,1.0,1.0,91.0,0
35.0,1.0,0.5,3.0,0.0,0
23.0,3.0,0.4,1.0,0.0,0
110.0,2.0,6.1,1.0,182.0,0
114.0,1.0,3.4,1.0,300.0,0
88.0,4.0,1.0,2.0,122.0,0
179.0,3.0,4.9,1.0,142.0,1
45.0,1.0,2.4,2.0,0.0,0
42.0,4.0,1.9,3.0,0.0,0
94.0,1.0,3.8,1.0,272.0,0
19.0,1.0,0.1,2.0,121.0,0
90.0,2.0,4.5,3.0,0.0,0
25.0,2.0,0.2,1.0,0.0,0
74.0,1.0,2.6,2.0,0.0,0
63.0,1.0,2.5,3.0,0.0,0
72.0,3.0,2.0,2.0,0.0,0
39.0,2.0,0.8,3.0,0.0,0
145.0,1.0,0.3,1.0,0.0,0
122.0,1.0,2.4,1.0,330.0,0
79.0,2.0,1.5,3.0,0.0,0
40.0,1.0,2.5,3.0,166.0,0
33.0,2.0,0.4,3.0,0.0,0
71.0,1.0,1.4,3.0,0.0,0
90.0,4.0,1.1,2.0,0.0,0
179.0,1.0,2.9,3.0,0.0,1
32.0,2.0,0.4,3.0,0.0,0
23.0,2.0,0.3,2.0,118.0,0
153.0,2.0,2.0,1.0,392.0,0
41.0,4.0,2.5,2.0,0.0,0
23.0,1.0,0.1,1.0,96.0,0
58.0,1.0,2.5,1.0,0.0,0
175.0,4.0,1.1,3.0,0.0,1
32.0,3.0,0.6,2.0,0.0,0
85.0,4.0,4.9,1.0,0.0,0
85.0,1.0,3.7,3.0,0.0,0
130.0,3.0,6.3,2.0,99.0,1
83.0,3.0,0.5,3.0,0.0,0
41.0,1.0,0.3,1.0,0.0,0
19.0,4.0,0.4,2.0,0.0,0
38.0,2.0,1.6,3.0,0.0,0
73.0,3.0,3.3,1.0,0.0,1
115.0,1.0,3.5,1.0,0.0,0
82.0,1.0,2.7,2.0,251.0,0
48.0,4.0,0.2,3.0,0.0,0
61.0,3.0,2.5,1.0,193.0,0
165.0,1.0,1.6,2.0,0.0,1
74.0,4.0,1.4,2.0,0.0,0
64.0,4.0,0.0,1.0,249.0,0
72.0,1.0,2.6,2.0,0.0,0
60.0,3.0,2.3,1.0,0.0,0
23.0,4.0,0.2,3.0,0.0,0
75.0,1.0,1.9,2.0,125.0,0
104.0,1.0,1.0,3.0,0.0,0
121.0,1.0,4.9,1.0,0.0,0
71.0,4.0,1.8,3.0,236.0,0
142.0,2.0,3.9,1.0,0.0,0
61.0,3.0,0.7,1.0,0.0,0
178.0,2.0,6.0,2.0,0.0,1
91.0,4.0,2.6,3.0,0.0,0
133.0,1.0,5.4,1.0,212.0,0
193.0,3.0,4.0,2.0,0.0,1
63.0,4.0,2.1,3.0,0.0,0
29.0,4.0,0.4,2.0,155.0,0
51.0,4.0,2.6,1.0,0.0,0
62.0,4.0,0.1,2.0,145.0,0
120.0,2.0,0.6,1.0,0.0,0
149.0,1.0,6.0,1.0,0.0,0
113.0,2.0,2.8,1.0,0.0,0
19.0,2.0,0.1,3.0,106.0,0
20.0,1.0,0.67,3.0,0.0,0
44.0,4.0,1.0,2.0,192.0,0
184.0,4.0,2.2,3.0,612.0,1
63.0,2.0,3.2,1.0,0.0,0
180.0,2.0,6.7,1.0,0.0,0
123.0,2.0,2.9,2.0,0.0,1
34.0,4.0,0.1,3.0,0.0,0
134.0,3.0,4.0,2.0,0.0,1
18.0,1.0,0.4,3.0,94.0,0
12.0,4.0,0.6,2.0,0.0,0
68.0,1.0,0.8,3.0,0.0,0
41.0,4.0,2.0,2.0,0.0,0
115.0,1.0,1.9,1.0,0.0,0
125.0,1.0,2.4,1.0,0.0,0
14.0,3.0,0.9,3.0,111.0,0
21.0,3.0,0.3,3.0,0.0,0
35.0,2.0,0.8,3.0,0.0,0
51.0,4.0,0.2,1.0,172.0,0
78.0,1.0,2.67,2.0,0.0,0
45.0,4.0,2.0,3.0,132.0,0
164.0,2.0,3.8,3.0,422.0,1
41.0,4.0,1.8,3.0,147.0,0
32.0,3.0,1.0,2.0,0.0,0
91.0,2.0,1.7,2.0,0.0,0
70.0,4.0,0.7,1.0,0.0,0
85.0,1.0,1.2,1.0,0.0,0
85.0,4.0,1.3,3.0,299.0,0
88.0,2.0,1.6,1.0,0.0,0
45.0,1.0,0.2,1.0,0.0,0
90.0,4.0,1.1,2.0,0.0,0
58.0,4.0,2.0,3.0,153.0,0
138.0,2.0,2.8,2.0,0.0,1
22.0,3.0,1.0,2.0,126.0,0
19.0,1.0,0.4,3.0,0.0,0
34.0,1.0,2.0,2.0,112.0,0
182.0,2.0,1.4,2.0,0.0,1
32.0,3.0,1.5,1.0,149.0,0
60.0,2.0,2.2,3.0,115.0,0
183.0,1.0,3.0,3.0,0.0,1
38.0,3.0,0.6,2.0,0.0,0
144.0,1.0,2.5,1.0,0.0,0
32.0,2.0,0.8,1.0,79.0,0
22.0,1.0,1.0,1.0,0.0,0
41.0,3.0,0.9,1.0,179.0,0
25.0,2.0,0.7,3.0,0.0,0
24.0,2.0,0.8,3.0,0.0,0
162.0,1.0,8.1,1.0,0.0,0
44.0,3.0,2.2,3.0,0.0,0
73.0,3.0,2.6,3.0,0.0,0
44.0,1.0,0.3,3.0,0.0,0
65.0,3.0,0.7,2.0,0.0,0
98.0,2.0,1.8,2.0,98.0,0
93.0,4.0,1.9,3.0,0.0,0
68.0,2.0,0.0,1.0,126.0,0
10.0,3.0,0.67,2.0,100.0,0
74.0,3.0,2.6,3.0,0.0,0
42.0,2.0,0.7,2.0,0.0,0
69.0,3.0,0.3,3.0,0.0,0
29.0,1.0,2.0,2.0,0.0,0
101.0,3.0,1.7,2.0,0.0,0
153.0,2.0,7.5,1.0,0.0,0
41.0,1.0,0.2,1.0,81.0,0
53.0,1.0,0.8,2.0,0.0,0
38.0,3.0,2.2,3.0,0.0,0
8.0,3.0,0.67,2.0,88.0,0
81.0,4.0,2.6,3.0,0.0,0
20.0,4.0,1.0,1.0,0.0,0
43.0,3.0,0.9,3.0,0.0,0
32.0,1.0,1.4,3.0,167.0,0
131.0,1.0,3.4,1.0,0.0,0
9.0,2.0,0.0,3.0,0.0,0
130.0,3.0,4.4,1.0,192.0,1
113.0,2.0,1.8143202054766077,3.0,0.0,1
112.0,3.0,2.821077672025859,1.0,0.0,1
180.0,2.0,2.658223642161452,2.0,0.0,1
124.0,2.0,3.652197818222504,2.0,0.0,1
119.0,3.0,4.717103194138012,3.0,0.0,1
199.0,1.0,9.30442358517265,2.0,0.0,1
168.0,2.0,3.6580506286408774,2.0,0.0,1
145.0,2.0,0.2,2.0,365.0,1
122.0,1.0,3.0342448799054234,2.0,0.0,1
131.0,2.0,1.2648611476512415,1.0,0.0,1
131.0,2.0,0.6658324713423682,1.0,0.0,1
122.0,2.0,3.25676011471071,2.0,0.0,1
165.0,3.0,3.190463243028529,1.0,316.0,1
130.0,3.0,5.196427613166036,1.0,0.0,1
112.0,2.0,1.9232315511388358,2.0,0.0,1
118.0,2.0,4.805865518922082,2.0,206.0,1
111.0,3.0,5.060010067467292,2.0,87.0,1
99.0,1.0,4.544619510487277,1.0,368.0,1
142.0,2.0,5.090886779422288,2.0,0.0,1
185.0,1.0,5.898582230955496,2.0,0.0,1
181.0,2.0,2.6,3.0,0.0,1
180.0,1.0,2.0579453948549484,2.0,0.0,1
133.0,1.0,0.767781396773403,2.0,0.0,1
160.0,2.0,7.0002493440196245,2.0,0.0,1
109.0,4.0,2.053404044148222,1.0,0.0,1
187.0,1.0,8.346959159432027,2.0,0.0,1
132.0,1.0,0.7376249778624224,2.0,0.0,1
128.0,1.0,5.0685329747797585,2.0,0.0,1
117.0,2.0,5.058670885184674,2.0,0.0,1
185.0,1.0,5.823128083270673,2.0,0.0,1
130.0,3.0,2.9263160647035344,1.0,307.0,1
169.0,1.0,4.683610978236085,2.0,94.0,1
161.0,1.0,5.795603716978105,2.0,0.0,1
142.0,2.0,1.9792514748401653,3.0,0.0,1
137.0,3.0,4.395190122727986,1.0,212.0,1
152.0,1.0,2.9004415987210033,2.0,0.0,1
130.0,1.0,5.216404980542227,3.0,0.0,1
161.0,1.0,4.458704391908326,2.0,0.0,1
93.0,3.0,3.166386453463631,3.0,0.0,1
184.0,3.0,2.8420419600952034,2.0,0.0,1
102.0,1.0,3.731514820560731,2.0,271.0,1
123.0,2.0,5.894662951778174,2.0,94.0,1
186.0,3.0,2.106280105825628,1.0,176.0,1
157.0,2.0,0.6012547878110753,2.0,277.0,1
148.0,3.0,7.007622514897502,2.0,0.0,1
178.0,1.0,2.980485026697583,3.0,0.0,1
163.0,2.0,3.6454932719238284,2.0,319.0,1
107.0,2.0,3.9178041318469616,1.0,0.0,1
187.0,2.0,7.104928562690545,2.0,346.0,1
114.0,2.0,3.6342168611702323,3.0,0.0,1
76.0,2.0,3.4190098117918324,1.0,0.0,1
121.0,3.0,4.904041197517111,2.0,167.0,1
181.0,3.0,2.290488419123752,2.0,0.0,1
139.0,2.0,2.177536222830751,1.0,0.0,1
140.0,2.0,4.68664423661071,1.0,0.0,1
159.0,3.0,4.6846921571551245,1.0,419.0,1
194.0,3.0,5.584954726187173,2.0,0.0,1
179.0,4.0,0.7204319411878013,2.0,298.0,1
155.0,1.0,7.3742695822290445,3.0,0.0,1
166.0,2.0,6.004464210968834,3.0,105.0,1
101.0,2.0,3.7370756493999417,2.0,130.0,1
151.0,3.0,1.267782755711658,2.0,0.0,1
109.0,1.0,5.013660265694265,2.0,84.0,1
152.0,3.0,1.466501144079753,2.0,0.0,1
114.0,2.0,3.7750417578444675,3.0,0.0,1
185.0,1.0,0.9132474013463575,2.0,283.0,1
121.0,1.0,5.088819061620373,2.0,163.0,1
137.0,3.0,3.2103847174264923,1.0,473.0,1
192.0,2.0,5.48468728331668,2.0,0.0,1
174.0,3.0,3.1612100621067447,3.0,0.0,1
91.0,1.0,3.811588511327413,2.0,144.0,1
119.0,3.0,4.631319436683619,3.0,0.0,1
161.0,1.0,2.322984683760088,3.0,0.0,1
129.0,3.0,4.599870875529181,2.0,0.0,1
176.0,1.0,1.975295051780607,2.0,0.0,1
168.0,4.0,5.831948596732439,2.0,0.0,1
118.0,1.0,2.9327199943258493,2.0,0.0,1
181.0,2.0,1.6746710862112995,1.0,0.0,1
128.0,2.0,3.838629301051643,2.0,0.0,1
174.0,2.0,2.5670124764285616,2.0,0.0,1
181.0,4.0,5.867216430494271,3.0,0.0,1
153.0,1.0,2.4756154443223135,2.0,0.0,1
172.0,2.0,5.658872127178296,2.0,0.0,1
154.0,1.0,2.029704135318048,3.0,0.0,1
176.0,3.0,3.786187605068587,3.0,0.0,1
130.0,2.0,0.9617700521353809,2.0,0.0,1
115.0,2.0,3.336118144938319,3.0,0.0,1
72.0,1.0,3.3284366659018434,1.0,137.0,1
193.0,3.0,0.6955065609195632,3.0,210.0,1
142.0,2.0,4.2074517212575175,1.0,359.0,1
103.0,1.0,3.4168729438309504,2.0,287.0,1
123.0,2.0,5.0212958427413525,2.0,168.0,1
179.0,1.0,5.473318462928519,3.0,173.0,1
167.0,1.0,5.556523759690209,3.0,282.0,1
140.0,3.0,5.37892677233577,2.0,0.0,1
182.0,2.0,7.8922375896384,1.0,0.0,1
139.0,3.0,4.947976995027583,1.0,0.0,1
143.0,1.0,1.7476392560886522,2.0,0.0,1
123.0,2.0,5.027363185943471,2.0,168.0,1
158.0,1.0,5.40865996937541,2.0,0.0,1
88.0,1.0,3.5384215061869466,2.0,0.0,1
150.0,3.0,5.673246402997507,1.0,418.0,1
198.0,1.0,9.31436673009765,2.0,0.0,1
115.0,2.0,1.6323903821842678,3.0,0.0,1
158.0,1.0,3.872072349506169,3.0,0.0,1
160.0,1.0,5.339430328346084,3.0,0.0,1
151.0,1.0,3.6185158452333135,2.0,0.0,1
171.0,3.0,6.570293027730213,2.0,0.0,1
188.0,1.0,6.629600469515472,1.0,0.0,1
139.0,2.0,4.048709791878362,2.0,0.0,1
179.0,2.0,7.253893015001055,2.0,0.0,1
114.0,1.0,2.1318434829869055,3.0,0.0,1
169.0,2.0,7.4466264051132045,1.0,0.0,1
182.0,3.0,3.663902052604352,3.0,0.0,1
138.0,2.0,3.5587452500328323,2.0,0.0,1
135.0,2.0,4.304731559069885,3.0,118.0,1
129.0,3.0,6.21955667071771,2.0,436.0,1
119.0,1.0,3.6974867611453246,2.0,0.0,1
142.0,3.0,1.8504215684731067,3.0,0.0,1
151.0,1.0,5.206190733904899,3.0,370.0,1
114.0,1.0,4.456723375662746,3.0,158.0,1
171.0,3.0,0.906454617303425,1.0,567.0,1
187.0,2.0,6.970745704147936,2.0,580.0,1
171.0,2.0,1.6462083450053768,1.0,568.0,1
104.0,1.0,3.686319858368629,1.0,0.0,1
149.0,1.0,6.639593511229668,2.0,370.0,1
178.0,1.0,4.092799532556949,3.0,0.0,1
169.0,3.0,7.846284348168637,2.0,99.0,1
174.0,2.0,2.041401702950319,2.0,371.0,1
166.0,2.0,3.458778822721059,2.0,423.0,1
134.0,3.0,4.092887326678097,2.0,0.0,1
155.0,3.0,4.616154206379144,1.0,0.0,1
130.0,3.0,5.795840062499149,3.0,323.0,1
159.0,1.0,5.839061228836448,3.0,0.0,1
111.0,1.0,1.6055895317847266,1.0,0.0,1
160.0,3.0,1.958022592089979,1.0,402.0,1
172.0,2.0,6.861318939886793,2.0,0.0,1
140.0,3.0,5.887800506253922,1.0,0.0,1
103.0,2.0,3.6681617702933513,1.0,0.0,1
174.0,3.0,2.0481514890380814,2.0,0.0,1
102.0,3.0,4.730112535005117,2.0,0.0,1
119.0,1.0,4.091435101806611,2.0,0.0,1
158.0,2.0,5.245655614070601,1.0,431.0,1
92.0,2.0,3.0741185380957825,2.0,0.0,1
128.0,3.0,3.487230123987831,1.0,305.0,1
116.0,4.0,3.864287783999142,2.0,0.0,1
147.0,3.0,6.97324514597624,2.0,0.0,1
189.0,2.0,4.445359503858952,2.0,0.0,1
99.0,1.0,4.32851145321426,1.0,0.0,1
181.0,2.0,8.091263920746634,2.0,0.0,1
155.0,3.0,4.335477234236185,3.0,343.0,1
155.0,2.0,5.266036357877638,2.0,0.0,1
136.0,2.0,3.2420364271084314,3.0,207.0,1
189.0,4.0,2.6048518610421643,1.0,614.0,1
169.0,4.0,5.358547755241299,1.0,0.0,1
155.0,4.0,6.0190834149994386,2.0,305.0,1
116.0,3.0,5.295491474977922,1.0,0.0,1
116.0,1.0,4.212647814628296,2.0,292.0,1
161.0,3.0,3.7804480397377027,1.0,0.0,1
159.0,2.0,2.0817406172564157,3.0,313.0,1
131.0,1.0,3.519523998864465,2.0,0.0,1
132.0,3.0,4.282418005992972,1.0,0.0,1
161.0,1.0,5.7848698369724865,2.0,0.0,1
138.0,3.0,0.5338568554914437,1.0,0.0,1
188.0,3.0,1.3,1.0,187.0,1
161.0,1.0,2.4147862611357134,3.0,0.0,1
140.0,3.0,3.168609458898754,2.0,0.0,1
120.0,2.0,2.970484970485624,2.0,0.0,1
113.0,2.0,2.5313156361892712,2.0,0.0,1
105.0,1.0,4.99398113265338,2.0,192.0,1
173.0,1.0,0.39304718588786697,1.0,0.0,1
111.0,3.0,5.368380264674068,2.0,0.0,1
170.0,3.0,1.483588537164863,1.0,563.0,1
121.0,4.0,3.008812811515205,2.0,114.0,1
101.0,3.0,4.530216052720386,2.0,81.0,1
174.0,2.0,1.714483723026956,1.0,0.0,1
122.0,3.0,1.3545619377522191,1.0,0.0,1
111.0,1.0,1.0883774108682611,2.0,0.0,1
157.0,2.0,6.0441992419202055,3.0,0.0,1
133.0,3.0,5.115417898334927,2.0,0.0,1
140.0,3.0,0.5973702908731692,1.0,0.0,1
184.0,3.0,3.8733190392232175,2.0,0.0,1
114.0,1.0,2.367714488223978,3.0,0.0,1
191.0,2.0,5.0303329025036225,2.0,0.0,1
132.0,1.0,5.09567526645521,1.0,0.0,1
188.0,1.0,2.9887834417271373,2.0,0.0,1
115.0,2.0,2.4764105625501327,3.0,0.0,1
118.0,4.0,4.274949133163349,2.0,0.0,1
182.0,2.0,5.572504276859091,3.0,0.0,1
158.0,3.0,4.202133797851517,2.0,0.0,1
107.0,3.0,1.4910857913740834,1.0,370.0,1
123.0,3.0,5.565398389581648,1.0,302.0,1
141.0,3.0,3.761983171358205,2.0,436.0,1
141.0,2.0,4.247213404261913,2.0,0.0,1
147.0,3.0,6.673416275148895,2.0,0.0,1
161.0,2.0,4.74284667879222,2.0,183.0,1
114.0,1.0,2.9199731760681242,3.0,0.0,1
104.0,1.0,3.3776545323598484,1.0,0.0,1
104.0,1.0,3.3236735467533807,1.0,0.0,1
150.0,2.0,3.5922957327740352,3.0,0.0,1
116.0,1.0,2.9135324258687634,2.0,0.0,1
165.0,4.0,3.680933943032857,2.0,416.0,1
132.0,2.0,2.920559427949419,2.0,0.0,1
171.0,3.0,1.0164928595176317,2.0,294.0,1
164.0,1.0,4.396091201581429,2.0,0.0,1
139.0,3.0,3.4823509064413236,1.0,480.0,1
75.0,2.0,3.4989879961137564,1.0,0.0,1
103.0,2.0,2.919524983226128,1.0,369.0,1
94.0,2.0,3.8652543171104066,2.0,0.0,1
151.0,3.0,5.255230283447671,1.0,415.0,1
176.0,1.0,3.8658371387058708,3.0,152.0,1
88.0,1.0,3.232909913013292,3.0,0.0,1
156.0,1.0,5.231148656986583,2.0,0.0,1
150.0,3.0,2.117136284861473,2.0,312.0,1
172.0,3.0,4.333280189049762,1.0,0.0,1
175.0,3.0,1.6036469574787604,3.0,229.0,1
155.0,4.0,7.037673534419535,2.0,0.0,1
178.0,2.0,6.775544688605363,2.0,0.0,1
161.0,4.0,6.489126699171598,3.0,0.0,1
158.0,1.0,5.690503847094872,2.0,0.0,1
103.0,3.0,3.6423426407192476,2.0,0.0,1
144.0,1.0,2.589742282414267,2.0,0.0,1
106.0,2.0,3.8115715646381343,1.0,0.0,1
181.0,1.0,1.8987565806587916,2.0,0.0,1
120.0,2.0,3.1263099994363888,1.0,0.0,1
197.0,1.0,9.204423492998291,2.0,0.0,1
185.0,2.0,7.896753843106574,2.0,357.0,1
172.0,4.0,3.5357211878663755,1.0,0.0,1
111.0,1.0,1.8621463497405832,2.0,0.0,1
156.0,2.0,3.425580826720237,2.0,0.0,1
131.0,1.0,4.196801201774025,2.0,0.0,1
141.0,3.0,5.392431208740026,2.0,0.0,1
132.0,1.0,4.277613482077991,3.0,95.0,1
120.0,1.0,3.598206902819018,2.0,0.0,1
133.0,1.0,4.041977459562018,2.0,0.0,1
177.0,2.0,4.372843614418282,2.0,0.0,1
180.0,2.0,4.792918147847825,2.0,0.0,1
114.0,1.0,1.2257304238966042,3.0,0.0,1
140.0,4.0,0.8010320533560045,1.0,292.0,1
168.0,2.0,6.850639344177559,2.0,0.0,1
110.0,3.0,3.763475097652451,1.0,0.0,1
170.0,2.0,2.417144704845202,2.0,0.0,1
132.0,3.0,5.589083355500149,3.0,0.0,1
83.0,1.0,3.1108403267981077,1.0,0.0,1
140.0,1.0,4.839786434674771,2.0,0.0,1
158.0,3.0,5.329581053988801,1.0,0.0,1
114.0,3.0,5.231465877878963,1.0,0.0,1
172.0,3.0,2.7050324992657013,1.0,426.0,1
130.0,3.0,3.106832675893737,2.0,0.0,1
170.0,2.0,5.492856765815469,1.0,322.0,1
172.0,2.0,4.956333544197674,2.0,326.0,1
107.0,3.0,3.6943045556232965,2.0,301.0,1
112.0,2.0,2.482679760219817,1.0,0.0,1
140.0,3.0,0.6902497087716707,1.0,0.0,1
122.0,3.0,3.5159707131427,1.0,0.0,1
106.0,4.0,3.987776402643781,1.0,0.0,1
62.0,1.0,3.0,1.0,133.0,1
189.0,3.0,4.308338808097584,2.0,0.0,1
172.0,1.0,5.327460283292268,2.0,0.0,1
82.0,3.0,3.6758882215300117,2.0,0.0,1
189.0,3.0,1.260089820348256,2.0,198.0,1
158.0,1.0,5.383442015816359,2.0,0.0,1
172.0,1.0,4.228014967965129,2.0,0.0,1
121.0,1.0,3.141897729616507,2.0,0.0,1
124.0,3.0,4.396103702792569,1.0,303.0,1
159.0,1.0,4.580160280103244,2.0,0.0,1
106.0,1.0,4.154362354622877,3.0,142.0,1
113.0,1.0,0.6697437378402047,2.0,0.0,1
138.0,1.0,1.3220484113441167,2.0,0.0,1
189.0,3.0,3.73031696867578,1.0,0.0,1
176.0,3.0,6.059842440983387,2.0,425.0,1
130.0,2.0,2.524770190027291,2.0,0.0,1
81.0,3.0,3.5578991543889344,2.0,0.0,1
131.0,1.0,3.8612846891449335,2.0,0.0,1
164.0,1.0,5.3549495429682255,2.0,0.0,1
101.0,3.0,4.566838909653442,2.0,81.0,1
114.0,2.0,4.263132427222538,2.0,0.0,1
128.0,2.0,4.1026002863256075,1.0,208.0,1
123.0,2.0,0.5023489572879943,2.0,0.0,1
152.0,2.0,3.7455695405686917,3.0,0.0,1
182.0,3.0,5.176486264955828,2.0,588.0,1
189.0,3.0,4.507024810753672,1.0,0.0,1
116.0,2.0,2.1306999535640907,2.0,251.0,1
147.0,2.0,3.677769936517563,1.0,0.0,1
160.0,3.0,5.219741184955597,3.0,312.0,1
162.0,3.0,5.3239295437665275,2.0,109.0,1
183.0,2.0,8.675476445908748,2.0,581.0,1
116.0,2.0,3.5202396830210443,2.0,0.0,1
156.0,2.0,5.017653173018356,1.0,417.0,1
131.0,2.0,3.0436243822552522,2.0,0.0,1
133.0,3.0,5.302163061856784,2.0,452.0,1
102.0,1.0,3.6583693701191504,2.0,290.0,1
103.0,2.0,3.251283402813729,1.0,0.0,1
154.0,3.0,5.524687905793771,1.0,422.0,1
176.0,2.0,6.87261252742583,2.0,0.0,1
146.0,2.0,6.471606628270697,2.0,0.0,1
104.0,2.0,3.9284143309534216,3.0,0.0,1
189.0,1.0,3.4428973672603322,2.0,0.0,1
175.0,3.0,3.691382018162681,3.0,0.0,1
130.0,2.0,1.3203783968941276,3.0,0.0,1
120.0,1.0,3.701967893090445,2.0,0.0,1
194.0,3.0,6.006463675730786,2.0,0.0,1
150.0,1.0,3.1256057737731675,2.0,0.0,1
130.0,4.0,4.01579555909776,2.0,0.0,1
179.0,1.0,2.0314113782220544,2.0,0.0,1
168.0,4.0,4.19525104756336,2.0,0.0,1
177.0,2.0,5.408783581954536,2.0,0.0,1
140.0,2.0,0.631510569455765,2.0,0.0,1
141.0,3.0,5.6234080982112715,2.0,0.0,1
186.0,1.0,7.264378087881189,2.0,0.0,1
175.0,2.0,2.9392889659200874,1.0,0.0,1
141.0,2.0,0.698887286478433,2.0,0.0,1
134.0,2.0,0.35962269536533853,2.0,0.0,1
173.0,1.0,1.1391276261596142,2.0,0.0,1
110.0,1.0,1.1869587357341747,2.0,0.0,1
118.0,1.0,3.0845224682348675,2.0,0.0,1
159.0,3.0,4.547443935083722,2.0,414.0,1
139.0,3.0,4.540475032068307,3.0,117.0,1
115.0,2.0,4.355982079442254,3.0,0.0,1
85.0,1.0,3.4094768247899316,2.0,0.0,1
147.0,2.0,3.9446237861716047,1.0,0.0,1
141.0,3.0,4.889850638911978,2.0,355.0,1
189.0,2.0,4.339444762637059,2.0,0.0,1
114.0,1.0,0.6880611712906961,3.0,0.0,1
153.0,2.0,2.8167486016010033,2.0,0.0,1
84.0,3.0,3.318321106713164,2.0,0.0,1
142.0,3.0,4.8159387982969575,3.0,115.0,1
176.0,2.0,4.672555640401633,2.0,0.0,1
158.0,3.0,5.510383214726403,1.0,0.0,1
103.0,3.0,3.745398893568943,1.0,118.0,1
114.0,1.0,3.1066405753709248,2.0,0.0,1
145.0,3.0,4.079276130285318,1.0,414.0,1
156.0,1.0,5.194306065047369,2.0,0.0,1
158.0,3.0,5.440667116540094,1.0,0.0,1
113.0,2.0,4.571766368138222,2.0,0.0,1
104.0,3.0,4.692711737685292,2.0,81.0,1
116.0,2.0,3.8524144481205904,2.0,98.0,1
173.0,3.0,2.0834923071737736,2.0,0.0,1
130.0,3.0,3.7553733308048556,1.0,311.0,1
109.0,2.0,1.4236263101041327,2.0,248.0,1
168.0,1.0,6.322818466897642,3.0,274.0,1
93.0,2.0,3.119325714112063,1.0,0.0,1
121.0,1.0,3.102207282402913,3.0,0.0,1
104.0,1.0,3.001273589158326,2.0,0.0,1
184.0,3.0,3.1246521483404646,2.0,606.0,1
168.0,2.0,3.222936500543568,1.0,556.0,1
151.0,2.0,6.2994306677229,2.0,0.0,1
193.0,2.0,4.804804776145846,2.0,477.0,1
176.0,2.0,5.19996575970192,2.0,0.0,1
113.0,1.0,4.3024192737496385,3.0,157.0,1
178.0,1.0,5.93864758709342,3.0,0.0,1
152.0,3.0,3.2843314684671583,3.0,0.0,1
130.0,1.0,4.621822859536993,2.0,0.0,1
192.0,2.0,6.498624349207793,3.0,586.0,1
152.0,2.0,0.9986803726934206,2.0,0.0,1
171.0,2.0,1.9947078025898337,3.0,233.0,1
142.0,2.0,5.850909297570424,3.0,0.0,1
160.0,1.0,5.033999971518887,2.0,0.0,1
121.0,2.0,5.310162390597092,2.0,232.0,1
168.0,4.0,5.052180153419496,2.0,0.0,1
180.0,3.0,3.087539810479259,2.0,0.0,1
83.0,3.0,3.1,1.0,0.0,1
115.0,4.0,3.078997250242591,2.0,0.0,1
169.0,3.0,1.9469012423368777,2.0,296.0,1
170.0,3.0,6.196553508174908,2.0,0.0,1
84.0,1.0,3.459524832630849,2.0,0.0,1
179.0,2.0,5.364641650524829,2.0,0.0,1
178.0,3.0,7.953879414142057,2.0,0.0,1
177.0,2.0,5.7096926222277755,2.0,0.0,1
98.0,2.0,3.7195811869582442,2.0,134.0,1
193.0,1.0,5.88745671328751,2.0,0.0,1
116.0,2.0,2.8367184732122084,2.0,0.0,1
114.0,3.0,2.7725788738498656,2.0,0.0,1
84.0,1.0,3.429514205114441,2.0,0.0,1
136.0,2.0,2.458305197468811,2.0,0.0,1
153.0,3.0,7.278439653646773,2.0,0.0,1
131.0,2.0,1.0494204236277258,2.0,0.0,1
179.0,2.0,4.186863643113225,1.0,142.0,1
121.0,4.0,3.514975691421246,1.0,0.0,1
168.0,1.0,7.735983934766401,2.0,0.0,1
116.0,2.0,3.0153048464957135,2.0,0.0,1
130.0,3.0,6.459594715824347,1.0,0.0,1
155.0,3.0,5.50068726096311,1.0,423.0,1
104.0,2.0,3.934253270549319,1.0,119.0,1
161.0,3.0,1.812599047703626,1.0,401.0,1
132.0,2.0,1.2857791159006215,2.0,0.0,1
167.0,2.0,7.902588995005202,2.0,0.0,1
175.0,2.0,6.715563056674521,2.0,0.0,1
108.0,4.0,1.8218301532878503,1.0,0.0,1
76.0,2.0,3.408531189621135,1.0,0.0,1
131.0,3.0,1.568600228177225,2.0,0.0,1
99.0,1.0,4.167644649374278,1.0,0.0,1
158.0,1.0,4.670211702945056,2.0,0.0,1
174.0,3.0,3.242983723013663,1.0,571.0,1
110.0,3.0,4.7044813054474215,1.0,0.0,1
192.0,2.0,5.571624870285185,3.0,0.0,1
133.0,3.0,3.697333510804365,1.0,217.0,1
151.0,2.0,0.6875773073064206,2.0,0.0,1
145.0,3.0,5.838122198709273,2.0,0.0,1
128.0,2.0,3.955456615694649,3.0,0.0,1
132.0,4.0,5.669122270457253,2.0,0.0,1
183.0,1.0,3.2231356244656544,2.0,0.0,1
158.0,2.0,4.703701904149483,2.0,0.0,1
109.0,1.0,4.99704515836448,2.0,84.0,1
115.0,2.0,2.24037390681699,2.0,0.0,1
95.0,2.0,3.15008560237317,2.0,225.0,1
184.0,2.0,5.031318455136163,2.0,0.0,1
114.0,1.0,4.811461335597529,2.0,165.0,1
117.0,3.0,5.470526820114771,2.0,0.0,1
188.0,4.0,2.5273584822798227,2.0,614.0,1
184.0,3.0,7.632147923411527,1.0,0.0,1
172.0,2.0,7.110227690287578,2.0,0.0,1
117.0,4.0,5.562039679063566,1.0,0.0,1
113.0,1.0,2.3127487590456446,2.0,0.0,1
125.0,3.0,3.1884717094249155,1.0,0.0,1
132.0,3.0,2.4707537618357702,1.0,307.0,1
116.0,1.0,2.802329446242357,2.0,0.0,1
158.0,2.0,0.9875960809516866,2.0,272.0,1
144.0,2.0,5.772227852467477,3.0,0.0,1
108.0,2.0,3.9910409146082233,1.0,0.0,1
182.0,2.0,5.570227431770911,2.0,0.0,1
91.0,1.0,3.263752236968411,2.0,0.0,1
192.0,4.0,0.6370289260674443,2.0,205.0,1
104.0,1.0,3.0689397606084197,2.0,0.0,1
137.0,1.0,3.8992722929228503,3.0,106.0,1
83.0,1.0,3.421056309851004,2.0,0.0,1
101.0,3.0,4.51107699333579,2.0,81.0,1
98.0,2.0,3.9920589794733434,2.0,0.0,1
172.0,1.0,4.623398152253445,2.0,88.0,1
124.0,1.0,0.8315162226291513,2.0,0.0,1
172.0,3.0,3.0445799321806044,1.0,580.0,1
119.0,1.0,3.637091230410834,3.0,0.0,1
144.0,2.0,5.858602711990688,3.0,0.0,1
173.0,3.0,3.974152310642377,1.0,586.0,1
105.0,1.0,3.7075720982042992,1.0,0.0,1
141.0,1.0,1.4480092451170379,2.0,0.0,1
183.0,2.0,4.834996279422729,1.0,0.0,1
136.0,3.0,4.07427757751409,1.0,0.0,1
132.0,1.0,1.5529556419191897,3.0,0.0,1
101.0,2.0,4.148397530628072,2.0,0.0,1
94.0,1.0,3.4482435802816562,3.0,0.0,1
102.0,1.0,3.603717908731122,2.0,290.0,1
159.0,1.0,3.791659499850681,2.0,0.0,1
136.0,2.0,2.8762217540650608,2.0,0.0,1
147.0,2.0,4.52819655560869,2.0,0.0,1
158.0,2.0,3.771783907961249,3.0,0.0,1
172.0,2.0,4.435055131173638,3.0,403.0,1
179.0,2.0,6.002447723791647,3.0,0.0,1
178.0,3.0,8.528494290672105,2.0,0.0,1
119.0,1.0,3.5947675537260246,2.0,0.0,1
111.0,3.0,4.425046076137015,2.0,0.0,1
126.0,1.0,0.559909631113662,2.0,0.0,1
178.0,1.0,3.4899087781381897,3.0,0.0,1
183.0,2.0,5.256557050177362,2.0,0.0,1
112.0,3.0,0.7196593899156647,2.0,328.0,1
173.0,3.0,4.289537260657438,1.0,0.0,1
141.0,1.0,4.6205690631353535,3.0,0.0,1
157.0,1.0,5.918189354899734,3.0,0.0,1
186.0,2.0,7.237403522223726,2.0,348.0,1
187.0,2.0,2.0719484737370264,1.0,182.0,1
82.0,3.0,3.399144545634919,1.0,0.0,1
162.0,2.0,0.5740133296941607,2.0,282.0,1
159.0,2.0,4.8291289804749065,2.0,0.0,1
171.0,1.0,5.308539404844563,2.0,96.0,1
139.0,2.0,0.9246941475972403,2.0,0.0,1
120.0,3.0,2.8133350467523135,2.0,109.0,1
186.0,3.0,3.770018080766517,2.0,0.0,1
140.0,3.0,5.102265602969774,3.0,353.0,1
134.0,4.0,3.9438587572997914,2.0,0.0,1
133.0,2.0,3.8408106579814767,3.0,120.0,1
112.0,2.0,2.0678538317570316,2.0,0.0,1
113.0,1.0,0.7115740613926078,2.0,0.0,1
114.0,2.0,4.040059201704979,3.0,0.0,1
121.0,2.0,2.8686823072359733,2.0,0.0,1
102.0,2.0,4.8515064943610495,2.0,208.0,1
179.0,1.0,2.8207292847860366,2.0,0.0,1
118.0,2.0,5.940134245651856,2.0,244.0,1
111.0,4.0,0.29494712047650784,1.0,372.0,1
152.0,3.0,6.795810557717681,2.0,0.0,1
158.0,2.0,2.649733587630587,2.0,259.0,1
102.0,3.0,3.9849881175014366,3.0,0.0,1
159.0,3.0,4.926053824303798,2.0,110.0,1
95.0,1.0,3.2651774672907687,2.0,0.0,1
132.0,3.0,5.5024262431684345,3.0,0.0,1
111.0,2.0,3.0842211031730207,1.0,0.0,1
104.0,1.0,3.199061806105893,2.0,284.0,1
124.0,1.0,0.21902579458525495,1.0,0.0,1
166.0,3.0,5.799868370039248,1.0,0.0,1
160.0,1.0,5.834858421689432,2.0,0.0,1
178.0,1.0,3.2419274557846967,3.0,146.0,1
111.0,1.0,1.100575425570563,2.0,0.0,1
160.0,2.0,2.5389300717092613,1.0,395.0,1
113.0,3.0,3.300365315777583,2.0,0.0,1
113.0,3.0,1.3954401720838123,1.0,370.0,1
183.0,1.0,1.4888006828369176,3.0,285.0,1
113.0,2.0,1.951183952523035,2.0,0.0,1
192.0,2.0,4.945297070720895,3.0,198.0,1
122.0,3.0,3.6701456931753307,2.0,251.0,1
157.0,1.0,3.688355972317912,2.0,0.0,1
120.0,4.0,2.0025571181607447,2.0,0.0,1
165.0,3.0,0.7041231291885945,2.0,286.0,1
167.0,3.0,4.272205770654208,1.0,0.0,1
174.0,3.0,2.773073144974882,1.0,570.0,1
123.0,2.0,4.148385570719077,2.0,0.0,1
149.0,3.0,4.570135292865159,1.0,479.0,1
125.0,1.0,1.4052118815825518,2.0,0.0,1
178.0,3.0,5.2312562063988635,2.0,145.0,1
136.0,2.0,5.9728682397194754,2.0,302.0,1
121.0,2.0,3.4218826192039575,2.0,0.0,1
179.0,3.0,4.365941196126346,1.0,135.0,1
179.0,2.0,2.190495027773105,3.0,0.0,1
191.0,1.0,4.666265144744083,2.0,0.0,1
133.0,1.0,4.987709889322191,2.0,0.0,1
121.0,3.0,3.024179636001599,1.0,0.0,1
119.0,2.0,4.185941047442213,2.0,0.0,1
182.0,2.0,8.049568457523494,1.0,0.0,1
165.0,2.0,5.347017881795273,1.0,0.0,1
135.0,3.0,3.562373526689402,2.0,0.0,1
192.0,3.0,4.271224096170981,1.0,609.0,1
171.0,2.0,6.8172543957232214,2.0,0.0,1
128.0,2.0,3.8736257006061017,2.0,120.0,1
83.0,4.0,3.509529890617057,2.0,0.0,1
126.0,2.0,5.548164400884269,2.0,304.0,1
157.0,1.0,6.276646670377969,2.0,0.0,1
84.0,3.0,3.3708727553195046,2.0,0.0,1
172.0,3.0,7.361706716812941,2.0,475.0,1
176.0,3.0,5.065929894115366,1.0,147.0,1
131.0,2.0,2.279325925680845,2.0,0.0,1
158.0,1.0,4.00135380045078,2.0,0.0,1
160.0,2.0,6.9152201609711135,2.0,0.0,1
141.0,2.0,2.8,2.0,0.0,1
179.0,1.0,3.4008013697135935,3.0,277.0,1
180.0,2.0,7.524560380972138,2.0,584.0,1
84.0,1.0,3.4,3.0,0.0,1
179.0,1.0,2.773732091243567,3.0,0.0,1
171.0,2.0,1.6751410010349876,1.0,568.0,1
175.0,2.0,3.089489678085065,2.0,369.0,1
124.0,2.0,4.462398914575651,3.0,191.0,1
192.0,2.0,6.035627661605273,3.0,0.0,1
153.0,2.0,2.0707201531457304,2.0,0.0,1
157.0,1.0,2.8498618816734247,2.0,351.0,1
134.0,3.0,2.646787948691093,2.0,0.0,1
173.0,3.0,4.1769584392172785,2.0,345.0,1
133.0,3.0,4.67167146171769,2.0,0.0,1
115.0,3.0,1.3213361663558392,2.0,324.0,1
113.0,3.0,0.7236222615875247,2.0,326.0,1
85.0,1.0,3.6649482034781684,2.0,142.0,1
190.0,2.0,3.9020348011833974,1.0,0.0,1
114.0,2.0,4.539928889232454,2.0,0.0,1
168.0,4.0,4.7661254664468995,1.0,316.0,1
189.0,2.0,0.23743672186905102,2.0,217.0,1
188.0,1.0,6.768769853906203,1.0,0.0,1
157.0,3.0,5.680223679915162,1.0,0.0,1
123.0,2.0,4.358645854367558,1.0,187.0,1
178.0,2.0,2.5402237726310037,2.0,0.0,1
163.0,1.0,3.3029952340125592,2.0,274.0,1
98.0,1.0,4.3528252521688895,1.0,0.0,1
149.0,3.0,6.003887578710611,1.0,0.0,1
131.0,1.0,4.994752807636015,2.0,0.0,1
114.0,3.0,2.4304156557128267,2.0,0.0,1
157.0,1.0,5.774533416097877,2.0,0.0,1
177.0,2.0,3.9941099645465186,2.0,407.0,1
119.0,1.0,4.945877018340889,2.0,87.0,1
182.0,2.0,5.624601500489557,2.0,0.0,1
129.0,1.0,5.683456088471984,3.0,0.0,1
169.0,4.0,5.5095708408103405,2.0,0.0,1
129.0,3.0,5.800572108054988,2.0,321.0,1
157.0,1.0,2.817295844146619,2.0,351.0,1
98.0,1.0,3.211575301385822,2.0,152.0,1
131.0,1.0,1.8308452088848637,2.0,0.0,1
132.0,2.0,5.154908145491241,2.0,0.0,1
159.0,3.0,2.4904428531164537,3.0,314.0,1
134.0,1.0,4.071815294173567,2.0,0.0,1
98.0,2.0,2.6902639480058133,2.0,231.0,1
147.0,2.0,5.045345906180807,3.0,429.0,1
179.0,1.0,2.5170069772839434,2.0,0.0,1
133.0,2.0,5.918169784573285,2.0,305.0,1
120.0,2.0,4.18326645096882,2.0,125.0,1
171.0,2.0,6.6691783672066665,1.0,0.0,1
133.0,3.0,2.7232957981264514,1.0,344.0,1
116.0,4.0,3.2669507926878785,2.0,0.0,1
130.0,1.0,5.234801278134553,3.0,0.0,1
83.0,3.0,3.167799132708459,2.0,0.0,1
184.0,3.0,3.4571941299620894,2.0,0.0,1
193.0,3.0,5.807459371676283,3.0,588.0,1
137.0,2.0,3.6778685704163676,1.0,211.0,1
157.0,3.0,5.422758765477453,1.0,430.0,1
165.0,3.0,5.351974454480315,1.0,0.0,1
88.0,1.0,3.552220968233642,2.0,0.0,1
109.0,3.0,0.9364932910701338,1.0,371.0,1
134.0,3.0,3.3012563114120024,2.0,0.0,1
169.0,3.0,4.016230490623209,3.0,0.0,1
176.0,3.0,3.836931981559489,3.0,0.0,1
140.0,3.0,5.085770089330899,1.0,209.0,1
110.0,3.0,2.2506895782079246,2.0,350.0,1
173.0,3.0,3.502613655919224,2.0,0.0,1
185.0,1.0,8.471792714358752,2.0,0.0,1
84.0,3.0,3.28211274601294,1.0,0.0,1
110.0,1.0,5.011754692745516,2.0,85.0,1
102.0,2.0,3.9677163364606214,2.0,213.0,1
138.0,2.0,1.9676079339703239,2.0,0.0,1
180.0,3.0,7.0606786465433835,2.0,458.0,1
155.0,3.0,1.603605450844136,2.0,0.0,1
137.0,2.0,3.3601758486851403,2.0,202.0,1
138.0,1.0,5.740007874198865,2.0,0.0,1
95.0,2.0,3.8665966334036144,1.0,0.0,1
136.0,1.0,2.333380755130022,2.0,0.0,1
191.0,1.0,4.501769500861898,2.0,0.0,1
182.0,2.0,4.77714477575764,2.0,354.0,1
121.0,4.0,0.20456039409310114,1.0,377.0,1
176.0,2.0,4.085637001620583,2.0,400.0,1
153.0,1.0,2.200772085992837,2.0,0.0,1
187.0,3.0,6.9112825026460625,2.0,438.0,1
128.0,3.0,5.99360341269822,3.0,0.0,1
195.0,3.0,5.172103846881543,2.0,519.0,1
89.0,1.0,3.5766400441602166,2.0,0.0,1
115.0,2.0,2.2652652055373257,2.0,0.0,1
157.0,1.0,5.103121047123282,2.0,0.0,1
162.0,1.0,4.716620167301423,2.0,0.0,1
83.0,1.0,3.4,3.0,0.0,1
115.0,2.0,1.8272551044487844,3.0,0.0,1
162.0,2.0,2.041133528492369,2.0,0.0,1
175.0,2.0,3.4950689593899447,3.0,0.0,1
181.0,3.0,2.344395094133982,2.0,0.0,1
178.0,2.0,5.2427221183362045,2.0,0.0,1
145.0,3.0,5.564329593693862,1.0,0.0,1
146.0,2.0,5.110368028574029,2.0,0.0,1
168.0,1.0,6.232803719729668,3.0,275.0,1
188.0,1.0,3.4697843293105173,3.0,0.0,1
164.0,1.0,1.7719583402882053,2.0,0.0,1
167.0,3.0,3.770567588225932,2.0,0.0,1
181.0,2.0,5.879183551278675,3.0,0.0,1
174.0,3.0,2.3329176550369963,2.0,345.0,1
138.0,1.0,4.816435823445271,1.0,0.0,1
172.0,2.0,5.331609295291581,2.0,0.0,1
115.0,4.0,2.5911055753117282,2.0,0.0,1
160.0,1.0,5.810232736744399,2.0,0.0,1
179.0,2.0,7.08152537983295,2.0,0.0,1
188.0,4.0,4.056057841098243,2.0,533.0,1
169.0,1.0,1.6830797854318098,2.0,368.0,1
138.0,2.0,0.2,2.0,369.0,1
120.0,1.0,3.865659789124178,2.0,0.0,1
166.0,3.0,6.821605504173528,2.0,0.0,1
155.0,1.0,7.313172141459573,2.0,0.0,1
182.0,2.0,4.589777396210149,2.0,0.0,1
148.0,3.0,7.096241238190386,2.0,0.0,1
133.0,2.0,6.046189848605461,3.0,435.0,1
156.0,3.0,5.52535796144416,2.0,0.0,1
84.0,3.0,3.3743461986480945,2.0,0.0,1
173.0,3.0,1.4062466545021792,3.0,96.0,1
116.0,1.0,3.490081695495343,2.0,117.0,1
169.0,1.0,3.2857675577030947,2.0,562.0,1
137.0,2.0,3.4134556565844885,2.0,201.0,1
169.0,3.0,3.577253474492352,3.0,332.0,1
103.0,3.0,3.444060030074931,1.0,0.0,1
180.0,2.0,1.4495216973236733,1.0,0.0,1
182.0,1.0,2.987834394271454,3.0,0.0,1
169.0,2.0,5.015734484384668,2.0,183.0,1
179.0,3.0,1.2626158087106596,1.0,0.0,1
173.0,2.0,7.150307167610997,3.0,0.0,1
141.0,3.0,2.569583053024218,3.0,0.0,1
192.0,2.0,4.129164491032137,2.0,0.0,1
138.0,1.0,1.2644833377224876,2.0,0.0,1
187.0,2.0,6.875277227762876,2.0,342.0,1
189.0,3.0,5.231978269247663,3.0,191.0,1
156.0,2.0,3.5097710453262634,2.0,0.0,1
194.0,3.0,5.301048776828842,2.0,0.0,1
96.0,2.0,3.9409260277042084,2.0,214.0,1
158.0,1.0,5.279494330392059,2.0,0.0,1
158.0,1.0,4.436312249865898,2.0,0.0,1
98.0,1.0,4.323741138721635,1.0,0.0,1
125.0,4.0,3.7491505818133937,2.0,123.0,1
115.0,4.0,2.485893144384344,2.0,0.0,1
149.0,2.0,3.532758671562209,1.0,362.0,1
131.0,1.0,4.307610208725049,2.0,0.0,1
135.0,3.0,4.223938160292509,1.0,0.0,1
114.0,1.0,2.8934794059864144,3.0,0.0,1
194.0,3.0,6.00939257890724,2.0,0.0,1
173.0,4.0,2.92163089320852,1.0,0.0,1
181.0,2.0,1.831301692167958,1.0,0.0,1
146.0,2.0,6.863551957520122,2.0,0.0,1
132.0,3.0,1.5314517192422192,2.0,421.0,1
108.0,1.0,5.422219930464943,3.0,250.0,1
165.0,1.0,3.3707028230922402,1.0,0.0,1
83.0,1.0,3.173630649285614,1.0,0.0,1
165.0,2.0,5.9595586945112276,3.0,104.0,1
160.0,3.0,6.382215317550491,1.0,479.0,1
114.0,4.0,4.135567628001318,2.0,0.0,1
119.0,1.0,3.8213502604330407,2.0,0.0,1
144.0,3.0,5.099224208400502,2.0,0.0,1
170.0,1.0,3.4303469088753413,2.0,0.0,1
170.0,2.0,2.1641991991955325,3.0,235.0,1
114.0,1.0,2.486034688378526,3.0,0.0,1
107.0,4.0,3.3891995924883163,1.0,115.0,1
198.0,1.0,9.389091620951092,2.0,0.0,1
106.0,4.0,4.109536663970082,1.0,0.0,1
168.0,3.0,0.8438168043415987,2.0,290.0,1
126.0,2.0,2.7457757246130448,1.0,0.0,1
143.0,2.0,4.510320093430026,2.0,293.0,1
130.0,3.0,1.4061867703970021,1.0,0.0,1
156.0,1.0,5.196518106138673,2.0,0.0,1
130.0,2.0,4.614800250049194,2.0,89.0,1
93.0,1.0,4.002618650133981,2.0,0.0,1
84.0,2.0,3.358947451976631,2.0,0.0,1
101.0,3.0,4.51702771605821,2.0,81.0,1
143.0,2.0,2.8808857359497955,3.0,0.0,1
158.0,1.0,3.895376957548123,3.0,0.0,1
113.0,3.0,4.8482386444268375,1.0,0.0,1
146.0,1.0,3.213542366797897,2.0,0.0,1
177.0,1.0,2.135336673377261,2.0,236.0,1
182.0,3.0,3.224306165373719,3.0,0.0,1
138.0,3.0,0.39359903538285534,1.0,0.0,1
178.0,3.0,8.855709467173027,2.0,0.0,1
111.0,2.0,3.7066484595197147,2.0,0.0,1
140.0,3.0,6.135967628470601,1.0,0.0,1
118.0,2.0,5.243314042437985,2.0,0.0,1
133.0,3.0,5.484284384966841,2.0,0.0,1
143.0,3.0,6.606859367442564,2.0,0.0,1
116.0,1.0,4.884803768424779,2.0,164.0,1
112.0,1.0,1.1431524083866509,2.0,0.0,1
116.0,3.0,0.6,2.0,331.0,1
173.0,3.0,3.884063875668028,2.0,0.0,1
144.0,3.0,5.364898779770463,1.0,210.0,1
189.0,2.0,7.248790484300123,3.0,584.0,1
160.0,3.0,5.23541730385103,2.0,109.0,1
133.0,4.0,5.630017651478333,2.0,0.0,1
131.0,2.0,5.179351665586777,3.0,0.0,1
166.0,3.0,4.6422201450455685,1.0,0.0,1
153.0,1.0,2.672937982280283,2.0,0.0,1
170.0,3.0,6.154281038230699,2.0,0.0,1
104.0,1.0,3.0744509171207945,2.0,280.0,1
179.0,1.0,3.3872306303032578,3.0,277.0,1
191.0,2.0,5.1310571767109865,3.0,0.0,1
144.0,1.0,3.252091946921401,2.0,0.0,1
120.0,3.0,4.13939776319368,2.0,0.0,1
184.0,2.0,5.212742088582916,1.0,0.0,1
184.0,3.0,6.406264466222366,3.0,0.0,1
114.0,1.0,1.245727279769916,3.0,0.0,1
103.0,2.0,4.0379693126074505,2.0,0.0,1
182.0,2.0,6.695131347737751,2.0,337.0,1
178.0,2.0,6.11875969757312,2.0,0.0,1
182.0,2.0,4.703151787669595,2.0,0.0,1
145.0,3.0,5.705499536978667,2.0,0.0,1
119.0,3.0,2.7221945931154954,2.0,110.0,1
129.0,3.0,3.4359014677853126,3.0,0.0,1
133.0,3.0,5.234204312029622,2.0,0.0,1
155.0,3.0,0.7473270215074558,2.0,0.0,1
189.0,2.0,3.88468124648851,2.0,0.0,1
144.0,1.0,2.7825622614815098,3.0,0.0,1
187.0,4.0,4.980004239115437,2.0,0.0,1
182.0,1.0,3.6550180145171334,3.0,0.0,1
127.0,4.0,1.7951973545683146,2.0,418.0,1
120.0,3.0,4.139613963371565,2.0,0.0,1
133.0,2.0,3.2019248578552686,2.0,0.0,1
104.0,1.0,4.316826145162051,3.0,151.0,1
104.0,3.0,4.869889907635195,2.0,0.0,1
110.0,2.0,5.069896340312078,1.0,0.0,1
120.0,2.0,3.025669153937705,2.0,0.0,1
136.0,2.0,3.1381758589196664,2.0,0.0,1
160.0,3.0,4.205099407424159,2.0,409.0,1
190.0,3.0,2.8527684176286723,1.0,0.0,1
139.0,1.0,2.795399394737333,2.0,0.0,1
163.0,2.0,0.6293997132463929,2.0,283.0,1
151.0,2.0,3.0167223042966214,2.0,210.0,1
149.0,3.0,5.570250003944108,1.0,0.0,1
169.0,4.0,5.949212744271609,2.0,0.0,1
169.0,2.0,7.629607050017296,1.0,0.0,1
103.0,2.0,4.540695794479376,2.0,0.0,1
171.0,3.0,6.489717857600258,2.0,0.0,1
129.0,1.0,3.246215679413236,2.0,0.0,1
109.0,2.0,4.220209731902867,3.0,141.0,1
178.0,2.0,7.092425520915589,2.0,0.0,1
133.0,3.0,4.478366046999593,2.0,0.0,1
168.0,3.0,3.9201251678079307,2.0,0.0,1
165.0,3.0,5.413517561727146,1.0,0.0,1
123.0,1.0,0.2,2.0,0.0,1
151.0,1.0,3.974711660489027,2.0,0.0,1
190.0,3.0,4.749122919262415,2.0,0.0,1
146.0,3.0,4.537256924808885,1.0,0.0,1
194.0,3.0,6.31769274792542,3.0,0.0,1
164.0,3.0,7.151070492681726,3.0,0.0,1
180.0,3.0,3.402422218925366,2.0,337.0,1
184.0,2.0,5.592989484999104,1.0,0.0,1
111.0,3.0,3.5987929537075583,2.0,0.0,1
192.0,2.0,4.867909874941436,3.0,199.0,1
93.0,1.0,4.081323264061057,2.0,0.0,1
117.0,2.0,5.551061754132297,3.0,246.0,1
193.0,3.0,5.315187950228288,2.0,0.0,1
88.0,3.0,3.8933747372082075,2.0,216.0,1
176.0,3.0,5.432205325781841,3.0,149.0,1
182.0,3.0,3.884331156815406,3.0,0.0,1
165.0,2.0,3.5234702815959245,2.0,300.0,1
129.0,3.0,5.4,1.0,207.0,1
83.0,4.0,3.3072190464586533,2.0,0.0,1
139.0,2.0,4.344969192837652,1.0,0.0,1
172.0,1.0,1.0906176635764682,2.0,0.0,1
139.0,2.0,0.35491428524010804,2.0,355.0,1
98.0,2.0,3.9794524107666165,2.0,0.0,1
144.0,1.0,2.9068994597968856,3.0,0.0,1
158.0,1.0,4.399714904971338,3.0,0.0,1
184.0,2.0,5.016769347564898,2.0,0.0,1
187.0,4.0,5.000567180644053,2.0,0.0,1
118.0,3.0,5.542468953830693,2.0,92.0,1
127.0,2.0,3.8671989863893654,3.0,0.0,1
173.0,2.0,4.06867781953089,2.0,585.0,1
155.0,1.0,6.992784768482353,3.0,0.0,1
109.0,3.0,1.8970565981423253,1.0,0.0,1
96.0,2.0,3.82947226112854,2.0,0.0,1
181.0,2.0,8.294178114752812,2.0,582.0,1
183.0,1.0,4.454241366459243,2.0,0.0,1
99.0,3.0,4.412385604026918,2.0,0.0,1
120.0,4.0,2.005973735694135,2.0,0.0,1
187.0,4.0,2.479531974187588,2.0,613.0,1
190.0,2.0,4.302220309894661,2.0,0.0,1
152.0,2.0,1.9680931822769852,2.0,0.0,1
192.0,2.0,7.746480503999012,2.0,0.0,1
175.0,1.0,2.47309236780383,3.0,291.0,1
120.0,2.0,3.420388073732245,2.0,0.0,1
142.0,2.0,5.417799342668499,2.0,296.0,1
162.0,3.0,6.13754039382833,1.0,419.0,1
187.0,2.0,1.5121695132938586,1.0,183.0,1
142.0,2.0,5.805046417646052,2.0,0.0,1
180.0,2.0,6.168156240382126,3.0,0.0,1
116.0,4.0,5.476857652837528,1.0,0.0,1
130.0,3.0,6.1533730872246295,2.0,102.0,1
115.0,2.0,4.507351349277053,2.0,0.0,1
119.0,1.0,5.017130616031316,2.0,163.0,1
178.0,1.0,2.4095444523531446,3.0,0.0,1
130.0,1.0,5.0404232304815455,3.0,0.0,1
184.0,3.0,7.6614292298546465,1.0,0.0,1
176.0,3.0,5.459908644513587,3.0,151.0,1
171.0,3.0,0.9670062086748539,1.0,568.0,1
155.0,2.0,2.921007069859704,3.0,309.0,1
164.0,1.0,5.546471860295947,2.0,0.0,1
179.0,3.0,1.8454593570436957,2.0,92.0,1
181.0,2.0,1.760701739248346,3.0,116.0,1
145.0,1.0,5.837056547711674,2.0,374.0,1
192.0,3.0,4.447760861796945,1.0,603.0,1
190.0,3.0,4.622743001055411,2.0,0.0,1
123.0,2.0,0.5723796455681747,2.0,0.0,1
161.0,2.0,2.884668219385418,3.0,308.0,1
140.0,3.0,6.166798026094666,1.0,0.0,1
138.0,1.0,4.075539299333077,2.0,0.0,1
101.0,3.0,4.4331123178729435,2.0,81.0,1
183.0,2.0,4.93636992103848,1.0,0.0,1
114.0,1.0,3.7680261669916177,3.0,0.0,1
112.0,1.0,4.808795224970527,2.0,89.0,1
172.0,1.0,5.665024021596147,2.0,91.0,1
130.0,3.0,4.443592717188785,1.0,192.0,1
127.0,2.0,3.225674091652477,1.0,0.0,1
149.0,3.0,6.962989506059986,2.0,0.0,1
140.0,4.0,4.998511170356372,1.0,0.0,1
105.0,2.0,3.7846157755946788,1.0,0.0,1
175.0,1.0,3.6431305161421843,2.0,89.0,1
122.0,3.0,2.89099683172937,2.0,112.0,1
178.0,2.0,5.938058818829556,2.0,0.0,1
135.0,3.0,0.31316790784753307,2.0,0.0,1
100.0,3.0,4.507997954449506,2.0,0.0,1
158.0,2.0,3.5296847112874796,2.0,0.0,1
132.0,3.0,5.699371634886997,1.0,0.0,1
83.0,4.0,3.3407091892121255,1.0,0.0,1
130.0,2.0,1.2513213835432149,1.0,0.0,1
190.0,3.0,5.884216284602246,2.0,0.0,1
158.0,2.0,7.0961283398706625,2.0,342.0,1
115.0,3.0,5.447178047388025,2.0,89.0,1
147.0,2.0,4.481346780544093,3.0,0.0,1
170.0,3.0,4.461099424174466,1.0,318.0,1
86.0,2.0,3.5928489073058683,1.0,0.0,1
130.0,2.0,1.2347130336323724,2.0,0.0,1
122.0,2.0,2.897919088248584,2.0,0.0,1
187.0,2.0,5.288411190455679,3.0,186.0,1
85.0,2.0,3.4,3.0,0.0,1
147.0,2.0,4.552139316063301,3.0,0.0,1
172.0,3.0,3.894426749007462,2.0,0.0,1
140.0,2.0,3.040252356242703,2.0,205.0,1
134.0,3.0,3.7793570598354593,2.0,0.0,1
128.0,3.0,4.782603688924482,3.0,139.0,1
145.0,2.0,6.046166859956199,3.0,362.0,1
159.0,2.0,5.961183943720363,1.0,0.0,1
120.0,1.0,4.361488021293347,2.0,0.0,1
180.0,4.0,6.9474017028967605,2.0,424.0,1
137.0,1.0,4.290101569601849,2.0,105.0,1
132.0,4.0,4.3712451197862885,2.0,0.0,1
124.0,3.0,2.965185779451715,1.0,0.0,1
130.0,3.0,3.0197577873159327,2.0,0.0,1
133.0,1.0,3.9523326636562928,2.0,0.0,1
156.0,3.0,3.7482440988714667,1.0,408.0,1
182.0,3.0,5.001348188727292,3.0,0.0,1
181.0,3.0,4.007897195154579,2.0,159.0,1
143.0,3.0,5.519541620620531,3.0,357.0,1
101.0,2.0,4.444670134821319,2.0,82.0,1
121.0,3.0,0.6545393129257474,2.0,0.0,1
152.0,3.0,4.446533076475525,1.0,210.0,1
186.0,1.0,3.973183741789744,2.0,0.0,1
170.0,1.0,2.5249796713366566,2.0,0.0,1
194.0,3.0,6.31609307169983,3.0,0.0,1
82.0,3.0,3.610996354445582,2.0,0.0,1
186.0,3.0,2.9965879657115426,2.0,0.0,1
161.0,4.0,6.382527985060516,3.0,0.0,1
141.0,1.0,1.4252603777720192,2.0,0.0,1
138.0,2.0,6.1179544511148,2.0,0.0,1
127.0,3.0,2.8742459905846367,1.0,0.0,1
168.0,2.0,4.0012077552814,3.0,415.0,1
108.0,3.0,2.098148551663691,2.0,0.0,1
114.0,4.0,5.293117757713837,1.0,0.0,1
179.0,3.0,3.9840141708162644,3.0,0.0,1
172.0,3.0,5.3910346896570625,1.0,0.0,1
120.0,3.0,4.138472678266888,2.0,0.0,1
188.0,3.0,5.1776593991564335,2.0,192.0,1
167.0,1.0,1.7937529812434119,3.0,0.0,1
138.0,1.0,4.883478459272743,1.0,0.0,1
181.0,3.0,2.522418564041728,2.0,0.0,1
104.0,2.0,3.667807537371952,1.0,0.0,1
162.0,1.0,2.8948326531064916,3.0,0.0,1
84.0,1.0,3.4767116084420495,2.0,0.0,1
184.0,2.0,6.29801807520942,1.0,0.0,1
158.0,3.0,5.727648447059892,1.0,0.0,1
153.0,1.0,2.260564995884813,2.0,0.0,1
121.0,4.0,3.0491634223548303,2.0,115.0,1
178.0,3.0,4.959400473573423,1.0,142.0,1
181.0,2.0,7.678550513380351,3.0,0.0,1
129.0,3.0,1.646782853570938,1.0,343.0,1
169.0,2.0,2.7633870530591427,2.0,0.0,1
122.0,3.0,0.26290565036315444,1.0,372.0,1
152.0,2.0,2.8977497530700314,3.0,0.0,1
114.0,3.0,4.037241226873021,2.0,0.0,1
161.0,3.0,4.6411476590378,1.0,0.0,1
151.0,2.0,3.278611061287731,2.0,285.0,1
145.0,3.0,3.61443536298551,1.0,0.0,1
133.0,1.0,4.991573223435457,2.0,0.0,1
179.0,2.0,4.868328885792421,2.0,192.0,1
151.0,2.0,5.325499717626917,3.0,98.0,1
189.0,2.0,4.3938596075525,2.0,0.0,1
173.0,3.0,0.8669856329152483,1.0,0.0,1
133.0,1.0,4.925016805032746,2.0,0.0,1
195.0,3.0,5.159346833696591,2.0,517.0,1
180.0,1.0,2.76434594723469,3.0,140.0,1
192.0,2.0,6.198818920884765,2.0,585.0,1
131.0,2.0,0.7540903119205224,1.0,0.0,1
160.0,2.0,7.69980460792295,2.0,0.0,1
83.0,3.0,3.237804930698379,1.0,0.0,1
152.0,1.0,2.451432792886651,2.0,0.0,1
112.0,2.0,3.9878164211772953,2.0,0.0,1
168.0,3.0,3.307243695496216,2.0,0.0,1
180.0,3.0,7.113326021634407,1.0,428.0,1
154.0,2.0,5.814397575816194,2.0,0.0,1
154.0,3.0,5.550990182440072,1.0,419.0,1
183.0,1.0,0.8252391509524011,2.0,281.0,1
101.0,3.0,4.4728569881506255,2.0,81.0,1
154.0,1.0,1.6324379538885023,3.0,0.0,1
172.0,1.0,2.855539104553024,3.0,293.0,1
123.0,3.0,2.927450472124625,2.0,435.0,1
187.0,3.0,1.3272134877880872,1.0,184.0,1
181.0,1.0,1.4877101522274425,2.0,0.0,1
170.0,2.0,2.924404982161616,1.0,400.0,1
171.0,1.0,4.159293052530442,2.0,244.0,1
124.0,1.0,0.6743734400020267,2.0,0.0,1
160.0,4.0,4.1821686163878695,2.0,411.0,1
134.0,3.0,2.305801319203022,2.0,0.0,1
122.0,1.0,5.056393585252391,3.0,159.0,1
156.0,2.0,3.430610213299316,2.0,0.0,1
84.0,3.0,3.4561922071235784,2.0,0.0,1
144.0,3.0,5.181932095533668,2.0,0.0,1
141.0,1.0,4.3790562737510355,3.0,0.0,1
160.0,3.0,4.087418295494856,3.0,339.0,1
132.0,2.0,5.653358909104326,2.0,100.0,1
107.0,3.0,3.809416791320639,2.0,303.0,1
141.0,2.0,2.1739097102916105,1.0,0.0,1
140.0,2.0,0.9285676876529572,1.0,0.0,1
189.0,2.0,5.554850308759068,1.0,0.0,1
115.0,1.0,0.6308064815683376,3.0,0.0,1
111.0,3.0,2.5115874233155493,1.0,0.0,1
118.0,4.0,4.801284547135767,2.0,0.0,1
120.0,4.0,2.982542740548423,2.0,430.0,1
172.0,3.0,1.202252543056268,2.0,297.0,1
121.0,2.0,3.642803352782062,2.0,0.0,1
181.0,2.0,5.3583166560925095,2.0,0.0,1
183.0,3.0,7.479474453275912,1.0,0.0,1
175.0,1.0,1.4521755266275076,3.0,0.0,1
82.0,2.0,3.459027970679562,1.0,0.0,1
173.0,3.0,1.6837949164639623,1.0,0.0,1
85.0,1.0,3.4684160565956454,2.0,0.0,1
172.0,2.0,3.5889415319717823,2.0,581.0,1
86.0,2.0,3.612085224396407,1.0,0.0,1
180.0,2.0,6.725183839460376,3.0,0.0,1
114.0,1.0,3.121531581181443,3.0,0.0,1
130.0,3.0,4.754636218792375,2.0,132.0,1
160.0,2.0,2.530596638792023,2.0,0.0,1
133.0,1.0,2.3577494937619092,2.0,0.0,1
179.0,1.0,3.939442847166276,3.0,145.0,1
83.0,4.0,3.1751426970810837,2.0,0.0,1
111.0,1.0,5.096163752132834,2.0,85.0,1
77.0,2.0,3.4779554908812567,1.0,0.0,1
116.0,4.0,0.24809855530711364,1.0,375.0,1
187.0,3.0,4.111575923271372,2.0,0.0,1
119.0,2.0,3.6164160866066135,1.0,0.0,1
121.0,3.0,3.02369819605494,1.0,0.0,1
189.0,3.0,5.758641896381279,2.0,0.0,1
145.0,4.0,5.83464437144932,2.0,0.0,1
182.0,2.0,3.16168621487646,2.0,0.0,1
190.0,3.0,3.7131259400796264,1.0,0.0,1
132.0,3.0,2.8490331101806428,2.0,227.0,1
104.0,2.0,3.6058307897263107,2.0,0.0,1
118.0,2.0,3.886383002650464,2.0,0.0,1
127.0,1.0,1.5248939309095446,2.0,0.0,1
165.0,2.0,2.754425128256737,1.0,215.0,1
139.0,2.0,2.8,2.0,0.0,1
158.0,2.0,7.143329670910315,2.0,343.0,1
121.0,1.0,4.893005949481519,2.0,88.0,1
154.0,2.0,6.378556081453082,2.0,0.0,1
172.0,3.0,5.572182924798447,3.0,159.0,1
155.0,3.0,0.4168501553154098,2.0,0.0,1
157.0,2.0,4.371252621424672,1.0,387.0,1
135.0,2.0,3.3832440739294807,2.0,209.0,1
186.0,3.0,1.5398784456583616,1.0,183.0,1
176.0,2.0,5.791848848901461,2.0,587.0,1
154.0,1.0,1.8968283273267805,3.0,0.0,1
130.0,2.0,2.7005173751809113,2.0,0.0,1
153.0,2.0,3.056222643268834,2.0,0.0,1
118.0,2.0,4.330571478828869,1.0,184.0,1
174.0,2.0,2.205414102830667,1.0,0.0,1
164.0,1.0,4.696315722260713,2.0,0.0,1
130.0,2.0,1.4731279701293736,3.0,0.0,1
112.0,3.0,3.3431217455390616,1.0,0.0,1
193.0,3.0,5.789475183974001,2.0,0.0,1
113.0,1.0,2.3434240124164285,2.0,0.0,1
95.0,2.0,3.5753184748960676,2.0,0.0,1
182.0,1.0,2.98869179175817,2.0,0.0,1
151.0,2.0,0.8917098246189266,2.0,272.0,1
134.0,1.0,3.644775339368887,2.0,0.0,1
110.0,3.0,3.54592803026345,1.0,0.0,1
152.0,3.0,1.4990400585537227,2.0,0.0,1
170.0,2.0,2.3155494832304253,2.0,0.0,1
81.0,3.0,3.5776140979097795,2.0,0.0,1
188.0,2.0,0.24665212609391274,2.0,219.0,1
117.0,2.0,2.653728153131161,2.0,0.0,1
163.0,2.0,2.841059283525931,2.0,413.0,1
184.0,3.0,7.944816735700599,1.0,0.0,1
104.0,1.0,4.015742267876366,1.0,0.0,1
114.0,2.0,3.74676324887792,3.0,0.0,1
133.0,3.0,1.4161779232740703,1.0,412.0,1
111.0,3.0,1.205755747520517,2.0,0.0,1
96.0,2.0,4.0770745491973726,2.0,0.0,1
161.0,3.0,1.8397930372456202,1.0,401.0,1
118.0,2.0,5.991089678545807,2.0,246.0,1
105.0,3.0,3.8346123721957115,2.0,300.0,1
185.0,2.0,7.875773365235062,2.0,581.0,1
184.0,3.0,7.669460098987959,1.0,0.0,1
146.0,2.0,6.524365601247483,2.0,0.0,1
165.0,2.0,5.483939488065165,1.0,0.0,1
132.0,2.0,4.077217829766775,2.0,179.0,1
130.0,2.0,3.4414277147257435,2.0,108.0,1
82.0,3.0,3.6467370870494182,2.0,0.0,1
159.0,2.0,5.4338875585258055,3.0,0.0,1
178.0,2.0,5.395934050914155,3.0,146.0,1
135.0,3.0,4.150574078642717,1.0,0.0,1
159.0,1.0,4.576752939894062,3.0,0.0,1
158.0,1.0,3.9771380912720975,2.0,0.0,1
186.0,2.0,7.433243458658891,2.0,581.0,1
141.0,1.0,1.4542473607588797,2.0,0.0,1
114.0,3.0,4.843210331385726,1.0,0.0,1
191.0,2.0,5.373289908690138,2.0,0.0,1
144.0,2.0,4.133338079505945,2.0,183.0,1
135.0,3.0,3.1618964768775077,2.0,0.0,1
114.0,1.0,4.165259615789777,2.0,0.0,1
182.0,2.0,3.293838602400625,2.0,0.0,1
140.0,1.0,2.337813416876519,2.0,0.0,1
120.0,3.0,3.1612539961694663,1.0,306.0,1
134.0,2.0,4.679670148629793,2.0,91.0,1
148.0,3.0,4.488212627536706,2.0,115.0,1
121.0,1.0,3.135802536639325,2.0,0.0,1
162.0,1.0,2.6859564811863894,2.0,0.0,1
146.0,2.0,6.46105495511258,2.0,0.0,1
193.0,2.0,6.134698210407443,2.0,586.0,1
84.0,3.0,3.2970890286294225,2.0,0.0,1
125.0,2.0,3.2246845494734693,1.0,0.0,1
115.0,3.0,4.873368311879393,2.0,0.0,1
188.0,1.0,6.887240913296826,1.0,0.0,1
129.0,2.0,4.770376364571519,3.0,0.0,1
135.0,3.0,2.5144573660349474,1.0,308.0,1
131.0,1.0,4.9300256443050055,3.0,0.0,1
128.0,2.0,4.120851964660742,1.0,207.0,1
103.0,2.0,2.1124414110999647,2.0,239.0,1
168.0,2.0,5.131730345671525,3.0,249.0,1
184.0,3.0,2.991160013809187,2.0,0.0,1
114.0,1.0,3.2021424765311783,2.0,0.0,1
173.0,2.0,1.1507624413848683,3.0,0.0,1
73.0,3.0,3.354712143801584,2.0,219.0,1
118.0,3.0,4.680921038482969,2.0,0.0,1
123.0,1.0,5.043460100004019,3.0,158.0,1
156.0,1.0,5.279364153135429,2.0,0.0,1
184.0,3.0,7.607913829674877,1.0,0.0,1
182.0,2.0,3.1548905959891376,2.0,0.0,1
130.0,3.0,2.429527596195207,2.0,0.0,1
171.0,3.0,2.990522654476591,3.0,325.0,1
129.0,2.0,4.324698532297412,1.0,196.0,1
129.0,2.0,4.532487333297647,3.0,0.0,1
185.0,1.0,4.311749581744403,2.0,0.0,1
188.0,3.0,1.6352295412127202,1.0,184.0,1
158.0,1.0,5.186760172017028,3.0,0.0,1
143.0,3.0,4.956662587566335,1.0,209.0,1
189.0,3.0,5.041596995250978,2.0,0.0,1
130.0,1.0,3.4672969551658075,2.0,0.0,1
178.0,2.0,7.103709862486869,2.0,0.0,1
106.0,2.0,3.7772726542008686,2.0,0.0,1
148.0,1.0,2.753007886148934,2.0,0.0,1
169.0,2.0,2.486948353492087,2.0,0.0,1
111.0,2.0,1.237811909453841,3.0,250.0,1
114.0,1.0,1.4695929686522273,3.0,0.0,1
174.0,2.0,3.3256043326072406,2.0,328.0,1
181.0,4.0,1.6544541757266487,2.0,293.0,1
183.0,2.0,8.793615810927937,2.0,581.0,1
114.0,2.0,4.578500611678754,2.0,0.0,1
130.0,2.0,2.5380010628070777,3.0,229.0,1
183.0,2.0,8.648410483131993,2.0,581.0,1
182.0,4.0,5.83971933625564,2.0,0.0,1
112.0,2.0,2.593876243722049,1.0,0.0,1
113.0,3.0,2.1105305273999972,2.0,0.0,1
168.0,1.0,1.9581938358861035,2.0,0.0,1
173.0,2.0,3.6158283933871287,3.0,0.0,1
104.0,1.0,3.8168844335015772,2.0,0.0,1
118.0,2.0,4.751279168216418,2.0,206.0,1
115.0,4.0,3.004404167505315,2.0,0.0,1
121.0,3.0,4.115930275276344,2.0,0.0,1
133.0,4.0,4.129480619462387,2.0,0.0,1
178.0,2.0,6.056250016278823,2.0,0.0,1
132.0,1.0,4.329467440162981,2.0,0.0,1
147.0,3.0,5.396600086463302,1.0,0.0,1
122.0,2.0,1.937506983986002,1.0,0.0,1
168.0,3.0,3.960609890161854,2.0,0.0,1
151.0,2.0,0.6859562456310927,2.0,0.0,1
137.0,1.0,0.8690708981937723,2.0,0.0,1
185.0,4.0,5.347219504112441,2.0,0.0,1
132.0,1.0,4.398313006501176,2.0,0.0,1
98.0,1.0,4.1831735126460785,1.0,0.0,1
180.0,2.0,6.877840256898548,3.0,0.0,1
156.0,3.0,5.461145981000928,1.0,427.0,1
154.0,1.0,3.0659660748167092,2.0,0.0,1
90.0,1.0,4.280110594451436,2.0,0.0,1
165.0,2.0,1.4318513452347679,1.0,391.0,1
154.0,3.0,0.24207866780137421,2.0,0.0,1
83.0,1.0,3.1957161803671092,1.0,0.0,1
163.0,3.0,7.138557031851492,3.0,0.0,1
189.0,2.0,4.214237509035543,2.0,0.0,1
140.0,3.0,1.9732283905099492,1.0,0.0,1
183.0,2.0,7.255425878458917,1.0,0.0,1
178.0,1.0,6.07659368648889,3.0,0.0,1
93.0,2.0,3.015072728012682,2.0,0.0,1
101.0,3.0,3.4564674171659013,2.0,131.0,1
131.0,2.0,0.8202230839847862,2.0,0.0,1
181.0,1.0,1.7819528305957753,3.0,287.0,1
135.0,2.0,4.015171604297312,1.0,204.0,1
138.0,1.0,3.811316896173903,2.0,0.0,1
176.0,2.0,1.134033317857576,2.0,0.0,1
83.0,1.0,3.7430694627329864,1.0,156.0,1
161.0,1.0,5.757961782096057,2.0,0.0,1
130.0,4.0,1.3922970874383562,2.0,414.0,1
134.0,2.0,3.363415916801668,1.0,304.0,1
121.0,2.0,3.4126995498785693,2.0,0.0,1
116.0,4.0,4.239532851858668,2.0,0.0,1
136.0,3.0,4.158871700721521,2.0,0.0,1
128.0,3.0,5.8552662965265005,2.0,317.0,1
117.0,4.0,3.662705284093846,2.0,0.0,1
105.0,1.0,5.1937174381337385,3.0,252.0,1
104.0,1.0,3.085000188499343,1.0,0.0,1
120.0,2.0,3.551740320936883,1.0,0.0,1
116.0,2.0,3.541961921460793,2.0,0.0,1
192.0,1.0,4.7098102764347445,2.0,202.0,1
179.0,1.0,3.6849056122332264,2.0,143.0,1
191.0,1.0,5.21285652429946,3.0,0.0,1
149.0,2.0,4.3547666311790625,2.0,0.0,1
189.0,1.0,4.097914859943989,3.0,0.0,1
171.0,3.0,1.013808569610977,1.0,567.0,1
130.0,3.0,5.054667358954227,2.0,126.0,1
145.0,4.0,6.055009035820138,2.0,0.0,1
104.0,4.0,3.9475403507144877,1.0,0.0,1
142.0,2.0,2.2034115766780773,3.0,0.0,1
134.0,3.0,4.126494569666496,3.0,0.0,1
114.0,3.0,3.2798693884491232,2.0,0.0,1
171.0,1.0,4.50217346819646,2.0,0.0,1
114.0,1.0,3.8502095303016297,3.0,0.0,1
171.0,3.0,4.675478507000616,1.0,0.0,1
113.0,1.0,3.7558301573877575,2.0,118.0,1
188.0,2.0,6.645401002227994,2.0,471.0,1
124.0,1.0,0.29153364232567414,2.0,0.0,1
123.0,3.0,4.324918409745027,3.0,137.0,1
183.0,2.0,3.850668843376104,2.0,0.0,1
181.0,2.0,7.904239665391389,2.0,583.0,1
156.0,2.0,2.9734096495361655,1.0,365.0,1
154.0,3.0,1.7244727160370377,1.0,0.0,1
113.0,2.0,3.6854353971289955,2.0,118.0,1
158.0,2.0,4.736952100035095,1.0,418.0,1
134.0,3.0,4.262426319360213,3.0,0.0,1
159.0,1.0,5.760355302097854,2.0,0.0,1
142.0,3.0,4.181218101507849,2.0,0.0,1
117.0,2.0,2.930818056846969,2.0,0.0,1
118.0,1.0,3.417816047136622,2.0,0.0,1
166.0,1.0,1.7474109737307155,2.0,0.0,1
155.0,2.0,7.415640758962387,2.0,349.0,1
119.0,1.0,3.7779049145908665,3.0,0.0,1
167.0,3.0,4.014526713017018,2.0,0.0,1
180.0,2.0,6.253783065102837,2.0,0.0,1
140.0,2.0,4.148479694881844,3.0,0.0,1
182.0,2.0,5.581462481377184,2.0,0.0,1
180.0,1.0,4.023830809274258,3.0,0.0,1
167.0,3.0,3.67405535558597,1.0,428.0,1
115.0,4.0,2.530844850689571,2.0,0.0,1
169.0,1.0,5.58488606833773,3.0,255.0,1
190.0,1.0,3.1677166233897447,2.0,194.0,1
152.0,1.0,2.744029805758006,2.0,352.0,1
98.0,1.0,3.6516959868496497,1.0,160.0,1
161.0,2.0,7.725048799395224,2.0,0.0,1
192.0,2.0,6.141186596202084,3.0,0.0,1
143.0,3.0,3.177990011639629,2.0,0.0,1
163.0,1.0,4.501914597866705,2.0,0.0,1
142.0,3.0,3.3290795618383235,1.0,413.0,1
153.0,1.0,2.491660699490737,2.0,0.0,1
177.0,3.0,5.339244619364431,1.0,328.0,1
158.0,2.0,2.869148243665581,2.0,0.0,1
184.0,1.0,4.548637129152724,2.0,0.0,1
141.0,3.0,5.350550090362238,1.0,0.0,1
157.0,1.0,6.280885486229344,3.0,0.0,1
191.0,1.0,4.462949908111141,2.0,0.0,1
181.0,4.0,1.6326896627339078,2.0,294.0,1
184.0,3.0,2.2318025775382555,2.0,0.0,1
171.0,3.0,5.2021113183642305,1.0,0.0,1
165.0,1.0,4.97169929515919,3.0,289.0,1
112.0,3.0,4.156973138878232,2.0,304.0,1
190.0,2.0,4.2758162971536295,2.0,0.0,1
153.0,1.0,2.5989427577597857,2.0,0.0,1
179.0,1.0,3.2464914957958677,3.0,0.0,1
114.0,2.0,4.485806385402867,2.0,0.0,1
65.0,2.0,3.1820753921198563,1.0,130.0,1
127.0,3.0,4.490469084433036,2.0,0.0,1
138.0,3.0,4.580831884488772,1.0,211.0,1
167.0,3.0,3.313759990770457,2.0,0.0,1
155.0,1.0,5.392575348705272,2.0,382.0,1
112.0,3.0,4.007973257321614,1.0,120.0,1
122.0,3.0,3.26457144539171,2.0,252.0,1
165.0,2.0,4.043580182353507,2.0,303.0,1
161.0,3.0,3.957746835797723,1.0,0.0,1
111.0,3.0,0.29997339656539285,1.0,371.0,1
166.0,4.0,5.3197018596414205,2.0,0.0,1
134.0,3.0,5.293745273105979,1.0,0.0,1
121.0,3.0,0.5550673465885536,2.0,0.0,1
114.0,4.0,3.1979904702800637,2.0,0.0,1
153.0,1.0,2.3983620280161784,3.0,0.0,1
113.0,3.0,2.936466130263706,2.0,0.0,1
130.0,4.0,4.802292761061702,2.0,0.0,1
163.0,4.0,7.347980132324681,3.0,0.0,1
136.0,2.0,0.4086873730777192,1.0,352.0,1
166.0,1.0,5.576474581407895,2.0,546.0,1
178.0,3.0,4.431074662635136,2.0,0.0,1
91.0,2.0,3.0847598447249465,3.0,0.0,1
134.0,4.0,3.8859240381759106,2.0,0.0,1
134.0,2.0,4.481250230630314,1.0,0.0,1
172.0,1.0,4.915158039988237,2.0,91.0,1
170.0,2.0,5.967278148069855,2.0,326.0,1
133.0,2.0,4.085893637856863,2.0,0.0,1
174.0,3.0,3.4411140235189266,2.0,327.0,1
164.0,1.0,6.062316732430546,3.0,0.0,1
137.0,3.0,1.9669660768630792,1.0,296.0,1
104.0,1.0,4.892436271000661,2.0,190.0,1
176.0,3.0,3.8548538172322897,3.0,0.0,1
167.0,2.0,4.67243473114922,2.0,550.0,1
141.0,4.0,0.7819664964038251,2.0,0.0,1
121.0,2.0,3.323491503803564,2.0,0.0,1
122.0,3.0,3.029163295185013,2.0,252.0,1
183.0,2.0,7.565348773207642,2.0,0.0,1
158.0,1.0,6.8690527439512765,3.0,0.0,1
118.0,3.0,5.580230259738665,2.0,0.0,1
139.0,2.0,2.670692555801567,3.0,214.0,1
120.0,3.0,1.0763624167162078,1.0,344.0,1
114.0,4.0,2.033777278195154,2.0,0.0,1
104.0,2.0,3.1695920276536493,1.0,0.0,1
138.0,1.0,3.8798588440858977,1.0,0.0,1
166.0,3.0,3.3327210484191783,1.0,269.0,1
105.0,1.0,2.93286278303916,3.0,252.0,1
164.0,2.0,4.008554341848703,2.0,301.0,1
159.0,1.0,5.812571139820039,2.0,0.0,1
129.0,3.0,3.204431103596652,2.0,0.0,1
158.0,2.0,3.751931770879874,3.0,0.0,1
82.0,3.0,3.5930234149888296,2.0,0.0,1
178.0,1.0,1.4341689942713867,2.0,233.0,1
165.0,2.0,3.8814525298320897,3.0,305.0,1
168.0,2.0,6.042790634183955,2.0,106.0,1
168.0,4.0,4.832003242065984,2.0,0.0,1
141.0,1.0,1.4159689212300708,2.0,0.0,1
111.0,3.0,3.679843079560591,1.0,0.0,1
131.0,3.0,1.6726395885517968,2.0,0.0,1
115.0,2.0,2.9391005804089607,3.0,0.0,1
170.0,2.0,2.9219295341963285,1.0,400.0,1
182.0,2.0,2.9872989735951423,2.0,0.0,1
169.0,1.0,6.139021143772126,3.0,265.0,1
100.0,1.0,4.24921045040897,2.0,263.0,1
173.0,3.0,1.7173460333669885,2.0,0.0,1
146.0,3.0,5.2328204437938695,2.0,0.0,1
168.0,1.0,6.1883929857397355,3.0,275.0,1
191.0,1.0,4.750640001103909,2.0,0.0,1
120.0,4.0,2.4494857897952804,2.0,0.0,1
158.0,2.0,4.698799080799826,2.0,0.0,1
131.0,3.0,2.7701578045413484,1.0,307.0,1
190.0,2.0,2.779911326686308,1.0,0.0,1
137.0,2.0,2.4270068116236354,2.0,0.0,1
136.0,2.0,3.882398431157352,1.0,302.0,1
161.0,3.0,4.974540972509942,2.0,0.0,1
187.0,2.0,6.8980961464345825,2.0,581.0,1
165.0,3.0,5.447575763869987,1.0,0.0,1
113.0,1.0,4.587641288575417,2.0,91.0,1
117.0,3.0,2.3535944264447797,2.0,0.0,1
160.0,1.0,4.980250644726907,3.0,0.0,1
140.0,3.0,5.879510096314083,1.0,0.0,1
190.0,3.0,5.25041477326224,2.0,0.0,1
142.0,3.0,3.5382322320898423,2.0,443.0,1
140.0,4.0,5.60712570374682,1.0,0.0,1
140.0,2.0,1.780790146684327,2.0,0.0,1
169.0,2.0,6.296607971572733,3.0,105.0,1
122.0,1.0,2.946846764162037,2.0,0.0,1
114.0,1.0,2.641662411560516,2.0,0.0,1
133.0,3.0,4.746564375623491,2.0,0.0,1
142.0,2.0,3.55487917081106,3.0,0.0,1
142.0,3.0,0.8732013984290983,3.0,0.0,1
187.0,2.0,6.719440114982063,2.0,580.0,1
153.0,2.0,7.415257542185687,3.0,351.0,1
149.0,3.0,3.102999281962655,3.0,316.0,1
184.0,1.0,5.345516407947612,3.0,178.0,1
181.0,2.0,5.805494691130121,3.0,0.0,1
126.0,3.0,3.574428172598591,2.0,101.0,1
119.0,3.0,2.2755812405529143,2.0,320.0,1
174.0,3.0,3.0499587696745145,2.0,0.0,1
112.0,2.0,4.15770792704327,2.0,0.0,1
106.0,2.0,2.445701514885347,2.0,345.0,1
192.0,3.0,4.1594533059473555,1.0,606.0,1
116.0,2.0,2.6538445055057935,2.0,0.0,1
118.0,4.0,4.839880222252416,2.0,0.0,1
130.0,2.0,4.252782863639673,2.0,178.0,1
116.0,4.0,3.471767564851353,2.0,0.0,1
166.0,1.0,5.170631014653081,2.0,548.0,1
110.0,4.0,5.176112641980738,2.0,0.0,1
144.0,3.0,5.338451256609751,2.0,0.0,1
189.0,3.0,3.78520840654057,1.0,0.0,1
187.0,2.0,7.078754509760972,2.0,581.0,1
174.0,3.0,2.972717525052451,2.0,324.0,1
194.0,2.0,6.196717188598086,3.0,0.0,1
186.0,1.0,4.8,2.0,0.0,1
172.0,4.0,3.416177844267275,1.0,0.0,1
114.0,1.0,2.4063943803009877,3.0,0.0,1
142.0,3.0,2.2112433800018576,3.0,0.0,1
94.0,2.0,3.2495877602569423,2.0,0.0,1
185.0,1.0,4.8,2.0,0.0,1
131.0,2.0,0.8829988173411238,2.0,0.0,1
114.0,2.0,4.219227554510471,2.0,0.0,1
129.0,1.0,3.0620990269734376,2.0,0.0,1
167.0,3.0,3.449334303817737,2.0,0.0,1
130.0,2.0,1.7653616772315361,3.0,0.0,1
139.0,2.0,3.5641315919870973,3.0,0.0,1
132.0,1.0,4.370672699172484,2.0,0.0,1
147.0,2.0,6.8859785772620645,2.0,0.0,1
162.0,2.0,0.588446413567657,2.0,282.0,1
118.0,1.0,3.2698890265760703,2.0,0.0,1
132.0,3.0,2.4714859618800795,1.0,0.0,1
116.0,2.0,3.536597054115055,2.0,0.0,1
138.0,2.0,2.5957489295736798,1.0,0.0,1
184.0,2.0,6.094620967411121,2.0,0.0,1
194.0,4.0,2.9503930290773206,1.0,616.0,1
176.0,3.0,7.310926168998129,3.0,0.0,1
180.0,1.0,8.561202198702523,2.0,0.0,1
129.0,2.0,4.983871723691299,3.0,0.0,1
134.0,3.0,3.8051607626870125,1.0,0.0,1
115.0,4.0,3.4170643488276657,2.0,0.0,1
138.0,1.0,3.390174345322386,2.0,0.0,1
150.0,1.0,4.98012651804122,3.0,370.0,1
98.0,1.0,3.0462907526827854,3.0,148.0,1
180.0,2.0,6.556508455548262,2.0,0.0,1
171.0,4.0,4.483001990021219,1.0,0.0,1
123.0,3.0,4.300805528540753,2.0,433.0,1
194.0,3.0,6.328866243608835,3.0,0.0,1
103.0,2.0,3.598884525127347,2.0,0.0,1
155.0,3.0,4.534796392277938,1.0,411.0,1
179.0,4.0,5.483606637173216,1.0,427.0,1
112.0,4.0,4.62890178764143,2.0,0.0,1
115.0,2.0,3.8992888169687,3.0,141.0,1
134.0,2.0,3.2344481067226587,1.0,305.0,1
150.0,1.0,4.97912542499594,3.0,370.0,1
188.0,3.0,3.9488213409350887,3.0,600.0,1
116.0,3.0,1.683959098869816,2.0,322.0,1
165.0,1.0,5.275242461531294,2.0,0.0,1
180.0,2.0,3.313170310465412,2.0,0.0,1
85.0,2.0,3.4,3.0,0.0,1
121.0,2.0,3.5389995126865528,1.0,0.0,1
111.0,2.0,4.303393891608344,1.0,0.0,1
165.0,2.0,5.638578151277052,2.0,107.0,1
132.0,1.0,1.5349690445563964,2.0,0.0,1
104.0,1.0,3.0367893156116526,1.0,0.0,1
137.0,2.0,2.5589856245695577,2.0,0.0,1
169.0,3.0,5.096201180002072,2.0,181.0,1
141.0,2.0,2.863533652628255,1.0,0.0,1
182.0,3.0,4.057527749926477,3.0,0.0,1
76.0,2.0,3.414026302339161,1.0,0.0,1
193.0,3.0,0.36502074418341324,2.0,206.0,1
184.0,3.0,7.51635526317566,1.0,0.0,1
133.0,3.0,4.202720885061346,1.0,205.0,1
141.0,2.0,4.448996250842333,3.0,0.0,1
182.0,2.0,7.7309335800911105,3.0,0.0,1
190.0,1.0,4.730452735912509,2.0,201.0,1
146.0,3.0,5.189957010755948,2.0,0.0,1
139.0,3.0,3.4669296912763587,1.0,481.0,1
174.0,1.0,5.553307079578351,2.0,0.0,1
139.0,1.0,0.6891706616295654,3.0,0.0,1
162.0,1.0,1.991757122526573,2.0,361.0,1
164.0,2.0,7.95433230485989,2.0,0.0,1
192.0,3.0,5.921021410729945,3.0,508.0,1
106.0,1.0,3.6775715370741406,3.0,153.0,1
114.0,3.0,3.0546677075252235,2.0,0.0,1
154.0,3.0,4.420239093384401,2.0,0.0,1
97.0,2.0,3.8851162646266775,2.0,0.0,1
169.0,1.0,2.0978982003879465,2.0,0.0,1
144.0,2.0,5.486389985734415,3.0,0.0,1
100.0,1.0,4.242578226646704,3.0,279.0,1
174.0,2.0,7.272327796281204,2.0,0.0,1
129.0,1.0,5.822075961908556,3.0,0.0,1
112.0,3.0,1.7197314749468704,1.0,0.0,1
111.0,2.0,5.085512687504924,2.0,0.0,1
180.0,2.0,3.4720358698329172,2.0,0.0,1
109.0,2.0,1.442722581633407,2.0,0.0,1
81.0,3.0,3.221173503573454,1.0,0.0,1
111.0,2.0,3.9734134836496264,1.0,0.0,1
113.0,3.0,3.1201623804999237,2.0,0.0,1
153.0,1.0,2.593631188687459,2.0,0.0,1
99.0,2.0,3.9,2.0,0.0,1
195.0,2.0,4.774818613368978,2.0,479.0,1
134.0,3.0,4.191848903462415,2.0,0.0,1
77.0,2.0,3.6930844011466273,3.0,234.0,1
86.0,1.0,3.4982292491949605,2.0,0.0,1
176.0,2.0,4.980645340340942,2.0,0.0,1
159.0,1.0,5.670731712060167,2.0,0.0,1
181.0,3.0,2.079400671444483,2.0,0.0,1
144.0,2.0,5.072128904577799,2.0,293.0,1
79.0,3.0,3.494795449190253,2.0,0.0,1
160.0,2.0,4.161342376353392,1.0,0.0,1
139.0,2.0,3.300405270863388,2.0,0.0,1
176.0,2.0,5.057695530217417,3.0,0.0,1
135.0,1.0,4.8841269756911405,2.0,103.0,1
101.0,1.0,4.167874783249042,3.0,149.0,1
154.0,3.0,5.007321188872533,1.0,434.0,1
164.0,2.0,3.99206648246702,3.0,301.0,1
158.0,3.0,6.030378825269832,1.0,0.0,1
142.0,3.0,5.247964668495625,2.0,0.0,1
191.0,1.0,5.190891430117037,3.0,0.0,1
176.0,1.0,1.4793263033577375,3.0,0.0,1
99.0,1.0,4.611511671203539,3.0,263.0,1
111.0,1.0,1.1098538788625676,2.0,0.0,1
119.0,2.0,3.9695112339583654,3.0,0.0,1
128.0,1.0,3.872191566819125,2.0,0.0,1
140.0,3.0,5.029233636554546,2.0,0.0,1
93.0,2.0,3.1871744504863253,2.0,0.0,1
138.0,2.0,5.063084871687909,2.0,0.0,1
116.0,1.0,3.4856877645709465,2.0,117.0,1
176.0,2.0,4.994118976114152,2.0,588.0,1
180.0,3.0,6.137504988643218,3.0,0.0,1
185.0,1.0,5.0465865068274995,2.0,0.0,1
171.0,2.0,6.669836912730207,1.0,0.0,1
110.0,3.0,1.459750583968128,2.0,0.0,1
76.0,2.0,3.434380740974124,1.0,0.0,1
133.0,2.0,3.1260264011115413,2.0,0.0,1
193.0,3.0,6.3134799870492,3.0,0.0,1
117.0,2.0,4.966382051657099,2.0,0.0,1
161.0,1.0,2.299867869589411,3.0,0.0,1
138.0,3.0,3.2279446238586194,1.0,474.0,1
96.0,1.0,3.906525393753097,1.0,0.0,1
131.0,2.0,1.9337522973658843,3.0,0.0,1
189.0,3.0,4.615316031839328,2.0,0.0,1
150.0,2.0,2.0949509653223495,3.0,360.0,1
158.0,2.0,2.531855865263144,2.0,0.0,1
165.0,2.0,5.677615171907641,2.0,107.0,1
160.0,2.0,7.421249579529105,2.0,0.0,1
132.0,2.0,4.386076852797196,1.0,217.0,1
101.0,3.0,4.463335825077233,2.0,81.0,1
176.0,3.0,3.580095519181528,2.0,344.0,1
179.0,1.0,6.347202000221863,3.0,0.0,1
156.0,2.0,5.119933939102801,3.0,0.0,1
135.0,3.0,4.003888107596675,1.0,0.0,1
129.0,3.0,5.215501351148144,1.0,0.0,1
189.0,2.0,5.0386191680119286,2.0,478.0,1
136.0,2.0,2.647965098248297,3.0,219.0,1
152.0,1.0,6.825412493849904,2.0,371.0,1
131.0,2.0,2.299503623249841,1.0,0.0,1
120.0,1.0,3.1941595319041727,2.0,0.0,1
142.0,3.0,4.4543727845128736,1.0,0.0,1
119.0,1.0,3.631924585406891,2.0,0.0,1
172.0,2.0,6.345606897857058,1.0,0.0,1
142.0,2.0,3.2767946104722188,2.0,0.0,1
170.0,2.0,2.1643619074717826,2.0,0.0,1
182.0,1.0,6.958481573670045,2.0,0.0,1
153.0,3.0,2.0487367041684927,2.0,313.0,1
104.0,2.0,3.936995195153319,1.0,119.0,1
83.0,1.0,3.4,3.0,0.0,1
99.0,1.0,4.6056168235610055,3.0,263.0,1
140.0,4.0,0.5439437999411524,1.0,0.0,1
176.0,3.0,1.173235732737429,2.0,0.0,1
116.0,4.0,3.1785035268174777,2.0,0.0,1
132.0,2.0,5.175019823425059,2.0,0.0,1
180.0,3.0,6.715483322021289,3.0,0.0,1
172.0,3.0,6.631844531548405,1.0,0.0,1
142.0,3.0,5.308319658539731,1.0,208.0,1
132.0,1.0,4.932866418451504,2.0,0.0,1
179.0,3.0,4.196711833158522,1.0,133.0,1
183.0,2.0,8.255902727214846,3.0,584.0,1
104.0,1.0,3.0000745663483923,2.0,0.0,1
170.0,3.0,0.9201489694680892,2.0,292.0,1
170.0,1.0,4.5321919373994,2.0,347.0,1
178.0,1.0,5.830320299374161,3.0,0.0,1
139.0,3.0,0.4986672857802966,1.0,0.0,1
160.0,2.0,6.997255701395253,2.0,340.0,1
139.0,3.0,0.9863412216958369,1.0,0.0,1
125.0,2.0,4.611187628240439,1.0,209.0,1
152.0,3.0,1.6524740501152686,2.0,0.0,1
149.0,1.0,0.49149755039221055,2.0,362.0,1
140.0,4.0,0.6125773648864232,1.0,0.0,1
154.0,1.0,7.298636363645744,2.0,0.0,1
134.0,3.0,2.435442559529617,2.0,442.0,1
180.0,2.0,2.6,3.0,0.0,1
166.0,3.0,3.342879786980437,1.0,269.0,1
82.0,2.0,3.2034786583322536,1.0,0.0,1
166.0,1.0,6.006335080198697,2.0,546.0,1
176.0,3.0,3.7744572546483752,3.0,0.0,1
167.0,1.0,5.647194306836262,2.0,272.0,1
168.0,1.0,7.191981551366217,2.0,0.0,1
121.0,2.0,2.4164141418296516,1.0,0.0,1
163.0,3.0,5.859431925161527,1.0,431.0,1
138.0,3.0,1.7994796642678037,1.0,295.0,1
169.0,4.0,4.427435894711803,1.0,317.0,1
139.0,2.0,3.6802498649179345,2.0,0.0,1
184.0,2.0,6.259516252509725,2.0,353.0,1
140.0,4.0,0.6325960876449701,1.0,0.0,1
174.0,2.0,2.90012262723205,2.0,0.0,1
158.0,2.0,3.5791807385226084,3.0,249.0,1
179.0,3.0,7.268816349795974,3.0,0.0,1
144.0,2.0,6.533007100944786,2.0,0.0,1
177.0,2.0,5.1903463204229405,2.0,587.0,1
119.0,3.0,4.9725384444517955,2.0,0.0,1
123.0,3.0,1.6124758294654842,1.0,0.0,1
117.0,2.0,4.84111069562581,2.0,206.0,1
162.0,2.0,4.101876044201067,2.0,423.0,1
172.0,3.0,2.2988098294284187,1.0,576.0,1
69.0,2.0,3.188389276214051,1.0,133.0,1
137.0,2.0,2.483820643317922,2.0,0.0,1
86.0,2.0,3.5670023729598768,2.0,0.0,1
103.0,2.0,2.102771578149964,2.0,239.0,1
162.0,2.0,1.9322137731489888,1.0,404.0,1
147.0,4.0,6.464979680854983,2.0,0.0,1
108.0,4.0,2.1487080321982526,1.0,0.0,1
133.0,1.0,4.9391229286123695,2.0,0.0,1
108.0,2.0,4.204550923840602,3.0,141.0,1
150.0,3.0,5.477532414131646,2.0,0.0,1
162.0,2.0,3.9753315639101956,3.0,417.0,1
112.0,2.0,1.7390183045156682,2.0,0.0,1
155.0,4.0,7.028662305541652,2.0,0.0,1
138.0,2.0,1.9886728924070485,1.0,0.0,1
143.0,2.0,5.754328108746307,2.0,295.0,1
131.0,2.0,2.6350277537095197,3.0,229.0,1
169.0,1.0,5.040415973940812,2.0,248.0,1
174.0,2.0,4.657944588216598,2.0,589.0,1
99.0,1.0,4.389277008945875,1.0,365.0,1
186.0,2.0,6.711297269020848,1.0,341.0,1
182.0,2.0,5.621081849282273,2.0,0.0,1
169.0,3.0,6.201892222003175,2.0,0.0,1
168.0,2.0,4.729277545091968,2.0,0.0,1
72.0,3.0,3.298232586887796,2.0,219.0,1
115.0,1.0,0.7671916136054928,3.0,0.0,1
163.0,1.0,3.3989205187369183,2.0,0.0,1
83.0,1.0,3.2617200480874735,1.0,0.0,1
154.0,2.0,5.303657264389237,1.0,416.0,1
140.0,3.0,0.6051330131822724,1.0,0.0,1
136.0,3.0,3.3338877922485386,2.0,252.0,1
103.0,2.0,3.948233778035454,1.0,119.0,1
176.0,3.0,4.424422777083574,1.0,592.0,1
113.0,3.0,2.2548127027544522,2.0,0.0,1
182.0,2.0,3.262836777168972,2.0,0.0,1
120.0,1.0,3.2609539082802157,2.0,0.0,1
122.0,3.0,3.5443529999770904,1.0,0.0,1
169.0,1.0,2.013375725395193,2.0,0.0,1
160.0,2.0,4.733616869158786,1.0,427.0,1
183.0,3.0,4.12833185199968,2.0,0.0,1
173.0,1.0,1.0703945924855223,2.0,0.0,1
164.0,4.0,3.721655415378553,2.0,416.0,1
162.0,1.0,5.70004469979527,2.0,0.0,1
136.0,2.0,3.12165631161887,2.0,0.0,1
136.0,2.0,2.510916565391565,2.0,0.0,1
193.0,3.0,0.27482107189895744,3.0,211.0,1
105.0,2.0,3.426592240060039,2.0,0.0,1
188.0,1.0,4.926606756827929,2.0,0.0,1
140.0,2.0,4.015913443187388,1.0,0.0,1
121.0,2.0,3.5376267331850046,2.0,0.0,1
111.0,3.0,0.9911647394008809,3.0,331.0,1
172.0,2.0,3.0719151740537955,2.0,0.0,1
179.0,2.0,5.429882366972061,3.0,0.0,1
129.0,3.0,5.214105139781214,1.0,0.0,1
138.0,1.0,0.9579131174589717,2.0,0.0,1
182.0,3.0,3.07461662319975,3.0,0.0,1
187.0,2.0,6.54202745278245,2.0,344.0,1
124.0,1.0,3.1984620133604476,3.0,116.0,1
147.0,3.0,4.047154232731616,1.0,0.0,1
68.0,3.0,3.2470225663868586,3.0,219.0,1
109.0,1.0,3.317134345764916,2.0,125.0,1
113.0,3.0,2.1274155264510624,2.0,0.0,1
106.0,1.0,2.603789393780001,3.0,252.0,1
178.0,1.0,5.247870515174526,2.0,179.0,1
68.0,3.0,3.21603652677894,3.0,219.0,1
182.0,2.0,5.387991348664143,3.0,0.0,1
182.0,3.0,6.157310482426474,3.0,0.0,1
142.0,2.0,1.657863886068564,2.0,0.0,1
184.0,1.0,5.14610382841231,2.0,0.0,1
141.0,3.0,0.8150203070704947,2.0,0.0,1
139.0,3.0,5.037462975584073,1.0,209.0,1
124.0,2.0,4.230285491043189,2.0,0.0,1
182.0,3.0,3.668080649963378,1.0,156.0,1
131.0,4.0,4.654280215661105,2.0,0.0,1
99.0,1.0,4.059036203445163,2.0,0.0,1
150.0,2.0,4.266365117101277,2.0,0.0,1
131.0,4.0,4.24500492234595,2.0,0.0,1
184.0,3.0,7.867745141742105,3.0,473.0,1
107.0,3.0,2.170915349346237,2.0,0.0,1
130.0,2.0,1.5067932610639505,1.0,0.0,1
189.0,3.0,0.3128546616412285,3.0,304.0,1
173.0,2.0,5.578944387378561,3.0,0.0,1
161.0,1.0,3.4368426905445477,2.0,0.0,1
170.0,2.0,5.8509431134527325,1.0,323.0,1
111.0,3.0,4.903309513313165,2.0,0.0,1
114.0,1.0,4.024816725366777,3.0,0.0,1
144.0,3.0,4.82209995438164,1.0,0.0,1
90.0,1.0,3.5589437410614,2.0,0.0,1
151.0,2.0,1.4711815237436348,2.0,0.0,1
111.0,1.0,1.0709572812134631,2.0,0.0,1
184.0,3.0,5.137489375731371,2.0,190.0,1
125.0,2.0,3.3529945473117384,3.0,222.0,1
168.0,1.0,6.288660518879266,3.0,274.0,1
117.0,2.0,1.6384890737237683,3.0,244.0,1
154.0,1.0,4.263899899795483,2.0,351.0,1
134.0,3.0,1.3291956450257072,2.0,0.0,1
84.0,2.0,3.4,3.0,0.0,1
152.0,1.0,1.921758686970267,2.0,354.0,1
182.0,2.0,3.5014187532722687,3.0,0.0,1
117.0,4.0,3.9929489169557297,2.0,0.0,1
152.0,2.0,2.151672644529688,2.0,0.0,1
118.0,1.0,4.985926661944029,2.0,164.0,1
172.0,2.0,7.187836851244668,2.0,0.0,1
97.0,1.0,4.187300730738517,1.0,169.0,1
183.0,2.0,5.3051282752244715,2.0,0.0,1
179.0,2.0,5.618396169350959,2.0,0.0,1
189.0,2.0,2.3458726545124797,1.0,0.0,1
132.0,1.0,3.9286867072470164,2.0,0.0,1
133.0,3.0,2.010628910809525,2.0,433.0,1
184.0,2.0,6.819201873189022,1.0,0.0,1
124.0,3.0,2.31857148633792,1.0,0.0,1
163.0,2.0,2.6558446217225873,2.0,263.0,1
158.0,1.0,5.171629462292529,3.0,0.0,1
159.0,3.0,5.908782709000511,3.0,0.0,1
132.0,1.0,2.384271598238422,2.0,0.0,1
137.0,3.0,0.3517304961017405,1.0,0.0,1
181.0,3.0,3.5240136241388775,1.0,447.0,1
132.0,3.0,5.458926162094628,3.0,0.0,1
141.0,3.0,1.8736496456152858,3.0,0.0,1
138.0,2.0,4.231815490666589,1.0,301.0,1
109.0,1.0,5.330243604937393,2.0,202.0,1
119.0,2.0,4.336665594493887,1.0,185.0,1
130.0,3.0,2.695366209885238,2.0,0.0,1
152.0,2.0,3.02725661269457,2.0,0.0,1
133.0,2.0,3.9515055064121984,2.0,181.0,1
133.0,1.0,1.6234748058427129,2.0,0.0,1
133.0,3.0,5.601435441720419,2.0,0.0,1
99.0,1.0,4.6650393407584705,3.0,260.0,1
155.0,2.0,4.600315880995993,2.0,0.0,1
116.0,3.0,2.9623969378397237,2.0,0.0,1
134.0,3.0,4.1569306255424605,1.0,209.0,1
150.0,2.0,5.329984221217696,1.0,0.0,1
176.0,3.0,6.864349010094877,1.0,429.0,1
111.0,2.0,2.174137556713285,1.0,373.0,1
127.0,3.0,5.312582108403541,2.0,435.0,1
145.0,3.0,5.8336337368120015,2.0,0.0,1
191.0,2.0,7.138899075673863,2.0,0.0,1
152.0,2.0,2.4172596351541373,2.0,0.0,1
114.0,2.0,4.423920987123161,2.0,0.0,1
184.0,1.0,5.0684948530155856,2.0,0.0,1
112.0,3.0,2.1089155832944058,1.0,0.0,1
192.0,2.0,5.645918724898459,3.0,0.0,1
110.0,2.0,5.344515820437128,2.0,204.0,1
141.0,3.0,2.422519717753482,1.0,292.0,1
187.0,2.0,2.690992448395034,1.0,0.0,1
100.0,3.0,3.832725777484052,1.0,118.0,1
181.0,3.0,2.0107799085275437,2.0,0.0,1
121.0,2.0,3.7364921662648323,2.0,0.0,1
174.0,2.0,2.3407157582524505,2.0,0.0,1
151.0,1.0,1.4525127272805225,2.0,357.0,1
130.0,3.0,3.0487273571236444,2.0,0.0,1
124.0,1.0,4.9779278521877375,3.0,154.0,1
156.0,1.0,4.078994527874519,3.0,0.0,1
83.0,3.0,3.1,1.0,0.0,1
116.0,2.0,4.811644340770231,2.0,0.0,1
133.0,3.0,2.7949939239979513,1.0,0.0,1
166.0,2.0,7.9158623281604985,2.0,0.0,1
121.0,3.0,3.0086470069127444,1.0,0.0,1
90.0,2.0,3.5743788626439357,2.0,0.0,1
190.0,3.0,0.7638001912431751,1.0,197.0,1
183.0,1.0,3.014134019771176,2.0,0.0,1
111.0,2.0,1.7774405671032922,3.0,250.0,1
186.0,2.0,4.350268282256288,3.0,0.0,1
186.0,2.0,4.756658086937554,2.0,595.0,1
181.0,3.0,2.3143723972179937,1.0,0.0,1
189.0,3.0,4.021093457907952,1.0,0.0,1
145.0,2.0,5.318885141686192,1.0,364.0,1
179.0,1.0,7.010347816512706,2.0,357.0,1
136.0,2.0,3.5539945446294654,1.0,200.0,1
154.0,3.0,4.723373601435897,1.0,412.0,1
181.0,3.0,1.1159125569105988,2.0,97.0,1
154.0,3.0,4.210425982852682,1.0,211.0,1
114.0,1.0,1.1303816269336973,3.0,0.0,1
164.0,2.0,2.0907237325702708,3.0,98.0,1
184.0,3.0,7.477236170457333,1.0,427.0,1
129.0,3.0,6.296192788317995,2.0,436.0,1
141.0,2.0,2.5687692751253377,2.0,0.0,1
108.0,3.0,2.1218817527495557,2.0,365.0,1
178.0,3.0,5.262846871024025,2.0,145.0,1
173.0,3.0,1.3741337759123744,1.0,0.0,1
94.0,3.0,3.7689675074449713,1.0,134.0,1
171.0,1.0,5.002920022814603,2.0,92.0,1
170.0,3.0,4.510444475235533,1.0,318.0,1
165.0,1.0,6.8601043191083875,2.0,543.0,1
141.0,1.0,4.6134409254117905,3.0,0.0,1
129.0,3.0,2.9068322900348904,1.0,0.0,1
114.0,1.0,2.0888452292328696,3.0,0.0,1
180.0,1.0,5.456024368489765,3.0,174.0,1
145.0,2.0,5.924529810662142,2.0,0.0,1
169.0,1.0,6.487613501335325,3.0,272.0,1
138.0,1.0,4.899895557659521,2.0,0.0,1
179.0,3.0,3.49133353329439,2.0,336.0,1
192.0,4.0,3.066235852228883,3.0,201.0,1
175.0,2.0,5.558056493194945,3.0,170.0,1
137.0,3.0,3.1426721163959637,1.0,470.0,1
148.0,1.0,4.056889953481634,2.0,0.0,1
157.0,1.0,3.643637103751966,3.0,0.0,1
114.0,2.0,4.241257829744467,2.0,0.0,1
189.0,1.0,4.8,2.0,0.0,1
170.0,4.0,2.95669984656129,1.0,424.0,1
112.0,2.0,3.5637356993830718,1.0,0.0,1
130.0,3.0,5.752521154956666,2.0,322.0,1
104.0,4.0,3.218215436268527,1.0,0.0,1
125.0,2.0,3.462495092786428,1.0,0.0,1
123.0,4.0,4.444718419406282,1.0,299.0,1
164.0,3.0,6.988043090140964,3.0,0.0,1
112.0,2.0,1.8461318246980243,2.0,0.0,1
113.0,3.0,3.3504146084100324,2.0,0.0,1
134.0,4.0,3.86798058952358,2.0,0.0,1
168.0,2.0,4.239997174786142,2.0,0.0,1
128.0,2.0,4.241241803643373,1.0,200.0,1
180.0,2.0,3.4695360215941387,2.0,0.0,1
163.0,2.0,2.8125958234189903,2.0,412.0,1
160.0,1.0,5.853515777659513,2.0,0.0,1
169.0,3.0,5.291642501637032,2.0,0.0,1
158.0,1.0,4.83573313715498,2.0,0.0,1
195.0,3.0,5.12120050350068,2.0,514.0,1
171.0,3.0,0.9170089532383676,1.0,567.0,1
182.0,1.0,2.9885037557029523,3.0,0.0,1
131.0,3.0,2.9671329648537053,2.0,0.0,1
121.0,3.0,4.1212748755896245,2.0,0.0,1
115.0,4.0,3.3714634047311045,2.0,0.0,1
190.0,3.0,5.695550548578128,2.0,0.0,1
177.0,1.0,6.3658065105231705,3.0,0.0,1
168.0,1.0,6.0174489291642335,3.0,277.0,1
123.0,2.0,3.1569543339942583,3.0,0.0,1
111.0,2.0,5.328956673968709,2.0,0.0,1
181.0,4.0,6.230689145611898,1.0,427.0,1
114.0,1.0,4.0404998106054,2.0,290.0,1
122.0,1.0,3.0161065317830165,3.0,115.0,1
156.0,2.0,1.4416456208593504,2.0,0.0,1
106.0,2.0,2.995494172878733,2.0,0.0,1
117.0,1.0,2.9550058433532462,2.0,0.0,1
158.0,3.0,3.78071181150983,2.0,0.0,1
188.0,1.0,6.267966600031382,1.0,0.0,1
180.0,2.0,2.7354451210999082,2.0,0.0,1
179.0,1.0,3.1901146210599682,3.0,0.0,1
154.0,1.0,6.671589494272622,2.0,373.0,1
118.0,2.0,3.0795367687289383,2.0,0.0,1
121.0,2.0,5.234283191515125,2.0,0.0,1
118.0,1.0,2.9058349798093497,2.0,0.0,1
113.0,2.0,4.171993037696941,2.0,0.0,1
156.0,1.0,5.208397265461232,2.0,0.0,1
130.0,2.0,1.6200038883576333,1.0,0.0,1
119.0,1.0,3.0993971412744545,2.0,0.0,1
183.0,2.0,7.052421168713474,2.0,0.0,1
114.0,3.0,3.667887296897277,1.0,0.0,1
132.0,3.0,1.527127806978246,2.0,421.0,1
163.0,1.0,3.3844706396249893,2.0,274.0,1
153.0,3.0,5.466113405912081,1.0,415.0,1
118.0,3.0,4.9994607288791935,2.0,0.0,1
94.0,2.0,3.7544527747996437,2.0,0.0,1
104.0,3.0,4.808516253781679,2.0,82.0,1
133.0,3.0,1.4463830925416215,1.0,412.0,1
114.0,2.0,2.4236094017345806,2.0,0.0,1
110.0,3.0,0.31409491654656224,1.0,371.0,1
172.0,1.0,5.245550912018699,2.0,0.0,1
110.0,2.0,5.358717700656645,2.0,204.0,1
127.0,2.0,4.363459782558338,2.0,0.0,1
125.0,2.0,2.428338303415822,1.0,0.0,1
146.0,3.0,4.603528311797017,1.0,427.0,1
112.0,1.0,1.1263802043998958,2.0,0.0,1
118.0,4.0,0.23479362860382416,1.0,375.0,1
115.0,3.0,3.695978214522636,2.0,0.0,1
103.0,2.0,3.7455682038335896,2.0,129.0,1
152.0,1.0,7.034109519353745,2.0,375.0,1
118.0,2.0,4.501124864906196,2.0,86.0,1
183.0,2.0,7.576117318993438,1.0,0.0,1
137.0,3.0,4.925332597395956,1.0,201.0,1
160.0,1.0,2.1091218725118637,2.0,358.0,1
151.0,3.0,1.6245215559167931,2.0,0.0,1
158.0,3.0,4.97747898964424,1.0,423.0,1
146.0,4.0,6.258928603871592,2.0,0.0,1
167.0,1.0,1.7489925004731726,2.0,0.0,1
154.0,3.0,4.7142853909802325,2.0,112.0,1
183.0,3.0,5.793828882954246,2.0,0.0,1
171.0,1.0,5.752541138782807,3.0,273.0,1
90.0,1.0,3.5265847271452926,2.0,0.0,1
133.0,2.0,4.683567336339781,2.0,0.0,1
141.0,3.0,4.481754777920019,1.0,357.0,1
174.0,2.0,5.798140391160205,2.0,481.0,1
143.0,1.0,3.6218574274715403,3.0,0.0,1
120.0,3.0,5.428417342676773,1.0,302.0,1
118.0,1.0,3.04898098022132,2.0,0.0,1
175.0,4.0,3.590218188273054,1.0,427.0,1
142.0,2.0,2.792230548581688,2.0,208.0,1
156.0,1.0,4.024579588834529,2.0,0.0,1
151.0,2.0,1.4495673049458815,2.0,0.0,1
121.0,1.0,3.360640111514308,2.0,0.0,1
184.0,2.0,5.234474376253638,2.0,350.0,1
150.0,1.0,4.421414953914502,2.0,0.0,1
187.0,3.0,5.858341250074183,2.0,0.0,1
94.0,2.0,3.1342599749415605,1.0,0.0,1
181.0,3.0,1.5528816027606303,1.0,0.0,1
154.0,2.0,5.686079583072974,2.0,351.0,1
104.0,2.0,3.18918678225782,1.0,0.0,1
180.0,2.0,7.544261506053057,2.0,579.0,1
90.0,1.0,3.676676241465941,1.0,0.0,1
112.0,2.0,2.8344776194041863,1.0,0.0,1
121.0,3.0,5.469307123877231,1.0,303.0,1
130.0,1.0,3.3465481084712403,2.0,0.0,1
114.0,4.0,1.9740345677089841,2.0,0.0,1
112.0,2.0,3.7967894033581646,2.0,119.0,1
141.0,3.0,1.9556138362154407,3.0,0.0,1
143.0,2.0,3.734183113198842,3.0,0.0,1
131.0,3.0,2.5002840008187563,1.0,308.0,1
142.0,3.0,2.8902006328417844,3.0,0.0,1
111.0,3.0,5.106075447470018,2.0,0.0,1
147.0,4.0,6.77696372962171,2.0,0.0,1
183.0,2.0,3.9997432842705454,2.0,0.0,1
189.0,1.0,4.972885425191359,3.0,192.0,1
83.0,2.0,3.1,1.0,0.0,1
127.0,4.0,1.8740530636199115,2.0,419.0,1
170.0,2.0,5.513958801837516,2.0,571.0,1
122.0,3.0,0.2772389935006267,1.0,371.0,1
151.0,3.0,5.630965650748782,1.0,416.0,1
114.0,2.0,4.427545327909113,3.0,0.0,1
151.0,2.0,3.543914152113048,3.0,0.0,1
85.0,1.0,3.4801100352590346,2.0,0.0,1
142.0,2.0,1.9050092226856923,2.0,0.0,1
130.0,3.0,1.9852710878023796,1.0,0.0,1
176.0,2.0,6.4702526035662595,2.0,331.0,1
138.0,3.0,2.0360925709958284,1.0,0.0,1
178.0,3.0,4.2617332441109035,3.0,0.0,1
129.0,2.0,4.276574153205067,1.0,198.0,1
95.0,2.0,3.5421667428147665,2.0,0.0,1
165.0,2.0,4.673380495741301,1.0,0.0,1
183.0,1.0,3.5381341988512856,2.0,0.0,1
97.0,1.0,3.0,2.0,148.0,1
160.0,1.0,5.5375640336142045,3.0,0.0,1
114.0,1.0,2.6780654480228576,2.0,0.0,1
114.0,3.0,3.362817626982873,2.0,0.0,1
177.0,2.0,5.253792230557834,2.0,587.0,1
182.0,3.0,4.109722485319059,2.0,0.0,1
119.0,4.0,0.22064405580034094,1.0,376.0,1
101.0,3.0,4.54348665794659,2.0,81.0,1
143.0,2.0,6.428792030798219,2.0,0.0,1
173.0,1.0,5.457140548583442,2.0,0.0,1
183.0,3.0,3.30363948441149,2.0,0.0,1
189.0,3.0,3.5501558961537514,1.0,0.0,1
130.0,3.0,4.430063366842858,1.0,192.0,1
158.0,1.0,5.483978257742844,3.0,0.0,1
146.0,3.0,4.380549691172456,1.0,0.0,1
143.0,2.0,4.04706236793227,1.0,359.0,1
185.0,3.0,3.624967663522844,2.0,0.0,1
193.0,1.0,5.91361564026642,2.0,0.0,1
187.0,2.0,7.0891276059323864,2.0,345.0,1
152.0,2.0,2.8949909009988337,3.0,0.0,1
168.0,3.0,5.9351136893426695,1.0,0.0,1
119.0,2.0,4.118967318182787,2.0,124.0,1
170.0,2.0,4.976818731777882,2.0,185.0,1
178.0,2.0,5.489836263092336,2.0,0.0,1
136.0,3.0,4.0706820765328064,2.0,0.0,1
157.0,2.0,2.224767898066867,2.0,0.0,1
110.0,3.0,1.458807256100618,2.0,0.0,1
133.0,2.0,3.8474146105491274,3.0,120.0,1
84.0,2.0,3.4028372660598145,2.0,0.0,1
123.0,4.0,3.3343535073278296,2.0,118.0,1
164.0,2.0,5.628508027077496,1.0,0.0,1
111.0,1.0,3.00429089292697,2.0,0.0,1
104.0,2.0,3.689848697762797,1.0,0.0,1
133.0,3.0,1.866876494749891,2.0,429.0,1
171.0,2.0,5.8682736629804015,2.0,326.0,1
112.0,1.0,2.278586688191283,2.0,0.0,1
149.0,1.0,6.469767000386266,2.0,369.0,1
186.0,2.0,7.280169698188331,2.0,348.0,1
180.0,4.0,5.318970384769845,3.0,0.0,1
163.0,3.0,2.7616675840589515,2.0,316.0,1
179.0,1.0,2.931064428094044,3.0,0.0,1
98.0,1.0,3.45058567285448,2.0,157.0,1
120.0,3.0,2.763308118820348,2.0,252.0,1
141.0,3.0,4.189327808428435,2.0,118.0,1
160.0,1.0,6.512882155779154,3.0,0.0,1
180.0,2.0,5.94126105425244,2.0,0.0,1
141.0,2.0,3.018615935388214,2.0,209.0,1
190.0,2.0,3.83264393101925,1.0,0.0,1
130.0,3.0,2.639076399805207,2.0,0.0,1
114.0,2.0,3.8124341792641543,3.0,248.0,1
181.0,3.0,6.0803563090252055,3.0,0.0,1
111.0,2.0,3.779039457656949,2.0,0.0,1
165.0,4.0,4.970039908799751,2.0,0.0,1
132.0,1.0,1.621328030218099,3.0,0.0,1
87.0,2.0,3.7275474171034024,2.0,0.0,1
184.0,2.0,6.251344991607738,1.0,0.0,1
157.0,3.0,5.576603121916992,2.0,0.0,1
119.0,3.0,5.672065261821825,2.0,91.0,1
140.0,3.0,0.6759918269457059,1.0,0.0,1
106.0,2.0,2.691622161695121,2.0,0.0,1
161.0,1.0,4.493420386874891,2.0,0.0,1
167.0,3.0,0.8106503560771466,2.0,289.0,1
107.0,2.0,2.4050078410087505,1.0,0.0,1
112.0,3.0,3.5397803201122344,2.0,0.0,1
158.0,4.0,5.219365212604506,1.0,0.0,1
158.0,3.0,6.0536109422526865,1.0,0.0,1
182.0,1.0,2.9237263182422204,3.0,0.0,1
83.0,1.0,3.4,3.0,0.0,1
140.0,4.0,0.521096971430547,1.0,0.0,1
151.0,1.0,4.6,2.0,89.0,1
130.0,2.0,1.6869571521699882,2.0,0.0,1
169.0,3.0,5.659359741106384,3.0,166.0,1
186.0,2.0,7.437627008029679,2.0,351.0,1
173.0,3.0,5.522981742328887,3.0,156.0,1
164.0,2.0,2.8466615987730925,3.0,242.0,1
138.0,3.0,1.1755228145633694,1.0,0.0,1
105.0,1.0,3.5357885138098784,1.0,0.0,1
179.0,2.0,5.612606062063928,2.0,586.0,1
170.0,3.0,3.677144092034797,3.0,0.0,1
182.0,1.0,0.29841335959764537,2.0,228.0,1
192.0,2.0,7.616303788898581,2.0,0.0,1
126.0,2.0,4.124749026928125,2.0,0.0,1
104.0,1.0,4.435839886242808,1.0,168.0,1
184.0,2.0,5.109904834397691,2.0,350.0,1
147.0,1.0,4.884922621477326,2.0,0.0,1
183.0,1.0,4.211138889048883,2.0,0.0,1
164.0,1.0,4.441246194911166,2.0,0.0,1
78.0,2.0,3.549184393691131,1.0,0.0,1
188.0,1.0,5.755398619304216,1.0,0.0,1
184.0,3.0,6.255562248001803,1.0,0.0,1
122.0,3.0,4.188676674454496,2.0,0.0,1
193.0,3.0,4.558779864338,2.0,0.0,1
182.0,2.0,7.224014729030275,1.0,0.0,1
91.0,1.0,3.6519055136662804,2.0,0.0,1
122.0,2.0,2.915184578877238,1.0,0.0,1
103.0,2.0,4.005353188069979,2.0,0.0,1
142.0,2.0,1.4484440174168023,1.0,0.0,1
135.0,3.0,4.447019797152503,2.0,0.0,1
130.0,3.0,2.906060881967298,2.0,0.0,1
122.0,1.0,5.0886515897272,2.0,163.0,1
118.0,3.0,4.891459891044086,2.0,0.0,1
167.0,1.0,7.809744892913528,2.0,0.0,1
170.0,3.0,5.63780538059443,3.0,164.0,1
175.0,3.0,1.123916757855765,2.0,0.0,1
110.0,4.0,2.3415288886617986,2.0,314.0,1
172.0,1.0,4.733933657707787,2.0,88.0,1
135.0,2.0,4.052084016704163,1.0,208.0,1
113.0,3.0,3.95695817015696,2.0,0.0,1
177.0,2.0,6.1270468200415795,2.0,0.0,1
130.0,3.0,6.4356081118393345,1.0,0.0,1
140.0,4.0,5.7471768874670355,1.0,0.0,1
103.0,1.0,3.0124889590203723,2.0,0.0,1
112.0,2.0,4.299905914873014,2.0,0.0,1
131.0,1.0,1.9689582095843958,2.0,0.0,1
179.0,1.0,3.2063741661819707,2.0,143.0,1
154.0,4.0,7.240341699999371,2.0,0.0,1
173.0,3.0,4.560286413796171,1.0,0.0,1
129.0,2.0,4.855507317071296,3.0,0.0,1
182.0,1.0,4.836185202315728,2.0,194.0,1
158.0,3.0,3.4538728708435817,1.0,212.0,1
177.0,2.0,5.534693584746099,2.0,0.0,1
176.0,2.0,3.702035181531481,2.0,411.0,1
108.0,3.0,1.7645274725350322,2.0,0.0,1
169.0,2.0,7.525733358670946,1.0,0.0,1
89.0,2.0,3.901963150349323,2.0,215.0,1
143.0,2.0,6.466353100123761,2.0,0.0,1
112.0,1.0,1.1375835054014334,2.0,0.0,1
153.0,1.0,2.5371782293626715,2.0,0.0,1
145.0,3.0,3.959342779993232,2.0,441.0,1
108.0,2.0,3.984843161624577,1.0,0.0,1
176.0,2.0,4.557896556701573,2.0,0.0,1
164.0,3.0,6.079266440737522,1.0,440.0,1
162.0,1.0,4.774114797020159,2.0,0.0,1
151.0,2.0,0.6631997366003185,2.0,0.0,1
83.0,1.0,3.186693874145473,1.0,0.0,1
133.0,2.0,2.9943555405058757,1.0,306.0,1
145.0,3.0,5.8465722433782155,2.0,0.0,1
156.0,1.0,5.2374372026557365,2.0,0.0,1
91.0,1.0,4.266509167495878,2.0,0.0,1
106.0,4.0,2.6775650764542176,1.0,0.0,1
141.0,3.0,6.063361208045697,1.0,0.0,1
168.0,1.0,4.880270962302253,3.0,0.0,1
189.0,2.0,4.21425448415879,2.0,0.0,1
106.0,1.0,3.1942897844142815,1.0,371.0,1
185.0,3.0,7.169177679716036,1.0,0.0,1
178.0,1.0,6.123415093090143,3.0,0.0,1
153.0,4.0,7.394811624906149,2.0,0.0,1
106.0,2.0,3.786048521067693,2.0,0.0,1
183.0,3.0,6.249848749604844,3.0,0.0,1
140.0,3.0,6.113248286015412,1.0,0.0,1
124.0,2.0,4.5322100890461545,2.0,0.0,1
172.0,1.0,5.188338508415409,2.0,0.0,1
142.0,3.0,5.349014837892447,1.0,0.0,1
158.0,1.0,5.109895972143663,3.0,0.0,1
97.0,1.0,4.157850261393222,1.0,167.0,1
133.0,2.0,3.200518697193274,2.0,0.0,1
108.0,2.0,3.706846183214765,3.0,0.0,1
121.0,3.0,2.9908679512443435,1.0,0.0,1
135.0,2.0,5.950826783876065,2.0,303.0,1
104.0,1.0,4.017113248513842,2.0,0.0,1
130.0,2.0,0.7351164784354208,1.0,0.0,1
169.0,4.0,5.2846650165898295,1.0,0.0,1
106.0,1.0,3.487786464447348,1.0,360.0,1
112.0,2.0,4.7403590373674245,2.0,0.0,1
180.0,2.0,2.6,3.0,0.0,1
81.0,3.0,3.916212029942805,3.0,214.0,1
179.0,3.0,1.253616726966973,1.0,0.0,1
179.0,2.0,5.535337111916974,2.0,586.0,1
141.0,2.0,4.736139875617687,3.0,0.0,1
84.0,3.0,3.3135457233650345,2.0,0.0,1
160.0,2.0,0.488362459340773,2.0,279.0,1
129.0,1.0,5.278487191074918,3.0,0.0,1
83.0,4.0,3.1,1.0,0.0,1
179.0,2.0,7.619585233937425,2.0,0.0,1
109.0,3.0,2.1743992085622583,1.0,0.0,1
83.0,4.0,3.1,1.0,0.0,1
167.0,2.0,6.42357826932116,2.0,329.0,1
186.0,2.0,2.8518008830417667,2.0,0.0,1
111.0,1.0,1.7791136676216115,2.0,0.0,1
143.0,3.0,4.985211308372605,3.0,352.0,1
114.0,1.0,2.849430281834098,3.0,0.0,1
152.0,3.0,1.7439560218234937,2.0,0.0,1
142.0,2.0,3.7143714299438084,3.0,0.0,1
165.0,4.0,6.096337282381076,2.0,313.0,1
113.0,4.0,4.445644123345283,2.0,0.0,1
162.0,2.0,2.430297169998412,2.0,0.0,1
141.0,3.0,5.227894570602692,1.0,206.0,1
167.0,2.0,7.910686191188723,2.0,0.0,1
119.0,2.0,4.060684139617465,3.0,0.0,1
191.0,3.0,5.184998310360188,3.0,194.0,1
151.0,2.0,1.6407713071256211,2.0,0.0,1
175.0,2.0,3.729302555842004,2.0,0.0,1
158.0,2.0,3.1281150228177017,2.0,255.0,1
145.0,2.0,3.8636005760496737,1.0,360.0,1
158.0,1.0,5.171005745591758,2.0,0.0,1
176.0,4.0,4.093485668359541,3.0,0.0,1
155.0,2.0,1.5281801912708328,2.0,280.0,1
137.0,1.0,1.6337835200889508,3.0,0.0,1
161.0,3.0,4.8531314877968725,2.0,107.0,1
170.0,2.0,4.232986066353231,2.0,281.0,1
114.0,1.0,2.9261600701004626,2.0,0.0,1
136.0,3.0,4.870603097092055,1.0,200.0,1
176.0,2.0,5.634828650957974,2.0,588.0,1
119.0,1.0,3.3976991700637487,3.0,0.0,1
192.0,3.0,0.2970159537037955,3.0,212.0,1
183.0,3.0,7.551589650217422,1.0,0.0,1
159.0,1.0,4.612340225736183,2.0,0.0,1
158.0,2.0,2.6388693823598968,2.0,259.0,1
165.0,2.0,2.363214328850466,2.0,348.0,1
172.0,1.0,5.708055986131801,2.0,0.0,1
171.0,3.0,4.5602994400252275,1.0,0.0,1
104.0,2.0,3.636768453749238,2.0,0.0,1
115.0,1.0,0.6510682565810425,3.0,0.0,1
64.0,1.0,3.0,1.0,134.0,1
155.0,1.0,2.1903302581838,3.0,0.0,1
122.0,3.0,2.978950500588813,1.0,0.0,1
102.0,1.0,3.6223978738615896,2.0,290.0,1
121.0,3.0,2.9365815764391363,2.0,108.0,1
112.0,4.0,4.612889382593855,2.0,0.0,1
156.0,3.0,5.462819651827678,1.0,426.0,1
128.0,2.0,4.2440460675439775,1.0,200.0,1
121.0,4.0,3.014207314452372,2.0,114.0,1
144.0,2.0,0.27192971673999344,2.0,360.0,1
111.0,3.0,0.9969694722145199,3.0,331.0,1
158.0,2.0,0.918956084888943,2.0,272.0,1
114.0,2.0,4.437218019828911,2.0,0.0,1
168.0,2.0,1.2828687310125784,3.0,0.0,1
120.0,1.0,3.3179472936329386,2.0,0.0,1
138.0,2.0,2.4640079198355225,1.0,0.0,1
152.0,2.0,2.9716492113222004,3.0,0.0,1
101.0,3.0,4.603479839694284,2.0,81.0,1
135.0,3.0,0.31352306304021915,2.0,0.0,1
65.0,2.0,3.1071398561724357,1.0,132.0,1
189.0,2.0,4.171864042698602,2.0,0.0,1
184.0,2.0,2.5953509980183918,2.0,0.0,1
104.0,2.0,3.6598540554445944,1.0,0.0,1
134.0,3.0,2.3212078236548885,2.0,0.0,1
105.0,3.0,4.918521153053001,2.0,83.0,1
130.0,2.0,1.881079837583482,1.0,0.0,1
144.0,3.0,3.329464466455838,2.0,0.0,1
187.0,1.0,2.9393205851602953,2.0,0.0,1
131.0,2.0,0.7385406346583827,1.0,0.0,1
145.0,3.0,6.765388605906578,2.0,0.0,1
180.0,2.0,2.350026751603576,2.0,0.0,1
178.0,2.0,5.504388137113953,2.0,0.0,1
183.0,3.0,8.068189231505682,2.0,0.0,1
91.0,1.0,3.302829309313667,2.0,0.0,1
139.0,3.0,0.5811417911832882,1.0,292.0,1
111.0,3.0,3.6882118539053605,1.0,0.0,1
105.0,1.0,3.40725009896474,1.0,0.0,1
167.0,2.0,2.3784934663974218,1.0,400.0,1
85.0,1.0,3.47931297566257,2.0,0.0,1
129.0,4.0,3.6836881075244703,2.0,0.0,1
151.0,2.0,0.8007279460886032,2.0,0.0,1
169.0,3.0,5.082556469945166,2.0,0.0,1
100.0,1.0,4.278864995777697,1.0,0.0,1
152.0,1.0,4.181923782815722,3.0,0.0,1
192.0,2.0,4.06927335799759,2.0,0.0,1
142.0,3.0,1.035460312914256,3.0,0.0,1
141.0,2.0,4.861936564095076,3.0,0.0,1
76.0,1.0,3.4258235798505523,1.0,0.0,1
93.0,3.0,3.0522832443175525,3.0,0.0,1
183.0,3.0,1.9526642434843202,1.0,0.0,1
178.0,2.0,4.67267418128057,2.0,365.0,1
160.0,2.0,5.8542343651530535,3.0,0.0,1
103.0,2.0,3.264351821103614,1.0,0.0,1
83.0,1.0,3.1,1.0,0.0,1
130.0,3.0,4.033696889920664,1.0,312.0,1
192.0,2.0,7.6636522523457735,2.0,0.0,1
128.0,3.0,4.8726476192253765,2.0,310.0,1
193.0,3.0,6.306852815982686,3.0,0.0,1
112.0,2.0,4.747375109601759,2.0,0.0,1
133.0,2.0,3.5853504888082446,2.0,209.0,1
172.0,2.0,1.552559776551949,1.0,372.0,1
130.0,3.0,2.91782721104781,1.0,0.0,1
152.0,1.0,3.1238480213273974,2.0,0.0,1
123.0,2.0,3.2878681357134196,2.0,0.0,1
86.0,1.0,3.4506331531345333,2.0,0.0,1
123.0,3.0,1.6264444450325009,1.0,0.0,1
112.0,4.0,4.85708332424133,2.0,0.0,1
180.0,2.0,6.007623034421481,2.0,0.0,1
137.0,3.0,1.1322712292090693,1.0,296.0,1
176.0,1.0,3.8610736653932207,3.0,151.0,1
147.0,2.0,4.847589034902747,2.0,290.0,1
126.0,2.0,3.8659855634167024,2.0,120.0,1
109.0,2.0,1.5324447961445624,2.0,0.0,1
111.0,2.0,3.7681709765651443,2.0,0.0,1
121.0,2.0,2.2239406062289495,1.0,0.0,1
175.0,4.0,1.4749227350403484,1.0,559.0,1
166.0,2.0,6.942223642556609,2.0,318.0,1
170.0,1.0,2.7310031418934035,2.0,565.0,1
161.0,2.0,2.0710246380852997,2.0,267.0,1
135.0,1.0,4.495546625092741,3.0,93.0,1
133.0,3.0,1.420725933557124,1.0,412.0,1
165.0,1.0,2.658414444932859,1.0,0.0,1
107.0,3.0,2.394622300562927,2.0,0.0,1
132.0,3.0,2.995459542886048,2.0,0.0,1
183.0,2.0,7.33714089872488,2.0,359.0,1
116.0,2.0,1.997560858470449,2.0,251.0,1
137.0,2.0,2.4292049739104487,2.0,0.0,1
83.0,2.0,3.1,1.0,0.0,1
105.0,3.0,3.8363760620275897,2.0,300.0,1
108.0,3.0,2.4010462091589058,2.0,0.0,1
193.0,2.0,6.145007606935195,2.0,586.0,1
99.0,1.0,4.1695045076763515,1.0,0.0,1
150.0,2.0,5.180455753155731,1.0,0.0,1
155.0,2.0,5.1364631183146825,1.0,417.0,1
179.0,2.0,5.550468726003574,3.0,0.0,1
98.0,1.0,4.291275741342337,1.0,0.0,1
124.0,1.0,0.7908962998550934,2.0,0.0,1
182.0,3.0,5.23553673324509,3.0,0.0,1
158.0,3.0,4.902408553579213,1.0,422.0,1
130.0,3.0,2.1465980194019134,1.0,376.0,1
127.0,1.0,3.424322118239106,3.0,117.0,1
183.0,3.0,3.760936517035169,2.0,0.0,1
189.0,2.0,4.343276950154727,2.0,0.0,1
142.0,1.0,1.6930118703174801,1.0,348.0,1
141.0,2.0,3.664286794821787,2.0,0.0,1
140.0,1.0,1.5719996020180136,1.0,347.0,1
116.0,3.0,4.939350526363827,2.0,0.0,1
113.0,2.0,4.1434982863978655,2.0,0.0,1
174.0,2.0,4.973616357094116,2.0,589.0,1
131.0,2.0,0.758055603568782,2.0,0.0,1
126.0,2.0,4.092194342422475,2.0,209.0,1
158.0,1.0,3.080037440221792,2.0,0.0,1
120.0,3.0,1.1263667892021205,1.0,344.0,1
137.0,1.0,2.0732071155883807,3.0,0.0,1
140.0,3.0,5.9803982140021725,1.0,0.0,1
135.0,3.0,1.1358706565618952,2.0,0.0,1
104.0,2.0,3.6270585511611686,2.0,0.0,1
187.0,1.0,0.9028286434337743,3.0,281.0,1
135.0,2.0,4.005990427316194,1.0,203.0,1
84.0,3.0,3.2492528767172155,2.0,0.0,1
84.0,2.0,3.2827094435173563,2.0,0.0,1
192.0,4.0,2.6290170692423342,3.0,202.0,1
104.0,2.0,3.712281357324347,1.0,0.0,1
183.0,2.0,4.821853262307261,2.0,0.0,1
130.0,2.0,2.167749579780046,1.0,0.0,1
86.0,2.0,3.5797650493202413,2.0,0.0,1
154.0,1.0,6.857546039157802,2.0,0.0,1
158.0,1.0,5.245061728092943,3.0,0.0,1
182.0,2.0,2.641324877987033,3.0,0.0,1
121.0,3.0,0.6,1.0,337.0,1
187.0,2.0,6.879051093374306,2.0,342.0,1
149.0,2.0,6.553006682445743,3.0,298.0,1
192.0,1.0,4.723344712716871,3.0,202.0,1
111.0,1.0,2.565986303963683,2.0,0.0,1
140.0,2.0,1.7252080507872036,2.0,0.0,1
84.0,3.0,3.3707046275958157,2.0,0.0,1
143.0,3.0,4.999229877684912,1.0,209.0,1
192.0,1.0,4.700017411235518,2.0,202.0,1
93.0,3.0,3.059132931618709,3.0,0.0,1
150.0,1.0,4.225017003808357,2.0,0.0,1
158.0,1.0,4.077510155632674,2.0,0.0,1
103.0,1.0,4.3211522979585295,2.0,0.0,1
111.0,2.0,5.346153924192742,2.0,0.0,1
114.0,1.0,2.5848640852541576,3.0,0.0,1
128.0,4.0,5.817744184700088,2.0,0.0,1
123.0,3.0,1.8235430700463304,1.0,0.0,1
158.0,1.0,3.1133475516865663,2.0,0.0,1
179.0,1.0,2.1191173572743978,2.0,0.0,1
187.0,1.0,8.605128539436704,2.0,0.0,1
107.0,1.0,2.5751527755763126,2.0,0.0,1
84.0,3.0,3.3899827468403574,2.0,0.0,1
92.0,1.0,3.1199450569941614,2.0,0.0,1
161.0,1.0,5.777223184417795,2.0,0.0,1
181.0,2.0,7.901612990120942,2.0,583.0,1
137.0,2.0,2.7001085463241594,2.0,0.0,1
137.0,3.0,0.362477827153642,1.0,0.0,1
104.0,1.0,3.945659461513298,1.0,0.0,1
182.0,4.0,0.5908869477444966,2.0,300.0,1
155.0,2.0,3.1783416372547757,1.0,211.0,1
183.0,2.0,5.1385481925991146,2.0,0.0,1
161.0,3.0,5.142381034764236,2.0,109.0,1
139.0,2.0,5.03433241642211,1.0,0.0,1
151.0,2.0,0.43552509871998385,1.0,282.0,1
157.0,2.0,6.069591692324135,3.0,0.0,1
109.0,3.0,1.5893119486606135,2.0,0.0,1
116.0,4.0,3.79805673035192,2.0,0.0,1
103.0,1.0,3.280149737191333,2.0,285.0,1
105.0,1.0,3.213343981616494,2.0,287.0,1
132.0,2.0,2.707226449586922,2.0,0.0,1
83.0,1.0,3.178510775258967,1.0,0.0,1
156.0,1.0,4.63090692298289,2.0,385.0,1
112.0,2.0,2.37660079465358,2.0,0.0,1
95.0,1.0,3.9385903892462144,2.0,149.0,1
104.0,2.0,3.1835670827220426,1.0,0.0,1
124.0,1.0,0.8842903614639035,2.0,0.0,1
106.0,1.0,3.450412544864501,1.0,360.0,1
163.0,3.0,4.11449265156298,1.0,421.0,1
153.0,1.0,2.2994891238579127,2.0,0.0,1
174.0,3.0,3.1735153038216057,3.0,0.0,1
152.0,2.0,2.175449923492436,2.0,0.0,1
163.0,2.0,4.447029478152385,3.0,250.0,1
127.0,2.0,3.1053867442465752,1.0,0.0,1
103.0,3.0,4.797454681919954,2.0,0.0,1
113.0,1.0,4.763248542976456,2.0,165.0,1
167.0,3.0,4.765958366498168,1.0,188.0,1
139.0,3.0,3.2497835279322773,2.0,445.0,1
143.0,3.0,4.46949519653309,1.0,209.0,1
160.0,2.0,4.8130259144863,1.0,428.0,1
138.0,3.0,6.597914586382184,1.0,0.0,1
112.0,2.0,2.9229345688433455,1.0,0.0,1
139.0,2.0,5.502143025704514,1.0,0.0,1
182.0,1.0,2.9439614816305997,3.0,0.0,1
150.0,2.0,4.394117852902563,2.0,0.0,1
63.0,2.0,3.1220919966479355,1.0,130.0,1
93.0,2.0,3.9240758569457235,2.0,215.0,1
94.0,3.0,3.319209472692521,3.0,0.0,1
134.0,3.0,5.039793250449524,1.0,0.0,1
169.0,1.0,5.030052414985275,2.0,248.0,1
178.0,1.0,2.915231659458379,3.0,0.0,1
131.0,3.0,2.51189975531602,2.0,0.0,1
114.0,1.0,2.453674501928059,3.0,0.0,1
112.0,2.0,1.9311102421615562,2.0,0.0,1
128.0,2.0,4.015424763420036,3.0,0.0,1
179.0,2.0,2.1774850817720113,2.0,0.0,1
122.0,1.0,5.3556574680282845,2.0,0.0,1
103.0,2.0,3.6286532002630647,1.0,0.0,1
157.0,1.0,6.117703173612096,2.0,0.0,1
126.0,3.0,2.005827052449679,1.0,313.0,1
180.0,1.0,0.5900772487600707,1.0,227.0,1
112.0,2.0,2.123529210384217,2.0,0.0,1
184.0,3.0,2.86148202962387,2.0,0.0,1
151.0,2.0,1.537166758748681,2.0,0.0,1
133.0,4.0,5.518547345536797,2.0,0.0,1
137.0,3.0,1.2568431799837207,1.0,0.0,1
66.0,3.0,3.0968062505839686,2.0,220.0,1
183.0,3.0,5.249225265912118,2.0,0.0,1
114.0,1.0,1.524454724795234,3.0,0.0,1
155.0,3.0,5.0732990270671605,1.0,413.0,1
193.0,3.0,0.2060230341268467,2.0,212.0,1
183.0,2.0,5.679636844475326,2.0,577.0,1
151.0,1.0,7.299334549521875,3.0,373.0,1
157.0,3.0,5.304395623922618,1.0,434.0,1
145.0,2.0,5.585912630742822,3.0,93.0,1
139.0,3.0,3.3798592552825957,2.0,252.0,1
183.0,2.0,8.57510843189082,2.0,583.0,1
149.0,2.0,4.029784128831166,3.0,0.0,1
90.0,1.0,4.235674763535367,2.0,0.0,1
160.0,3.0,5.731398276595128,3.0,0.0,1
171.0,3.0,3.933163358617432,1.0,321.0,1
171.0,3.0,1.2734959341807253,1.0,567.0,1
187.0,2.0,4.967598787125164,2.0,0.0,1
178.0,3.0,4.944927484204342,1.0,142.0,1
171.0,3.0,5.2399983953962135,1.0,0.0,1
170.0,2.0,6.902753656247804,2.0,95.0,1
186.0,2.0,3.9531985559019898,1.0,457.0,1
188.0,1.0,2.962216898676321,2.0,0.0,1
124.0,3.0,5.0,2.0,170.0,1
185.0,2.0,2.8656316001671147,2.0,0.0,1
185.0,1.0,4.093004016692399,2.0,0.0,1
119.0,1.0,3.5646561528177143,3.0,0.0,1
84.0,2.0,4.077086041142323,3.0,241.0,1
158.0,2.0,4.685565793324961,2.0,419.0,1
135.0,2.0,0.6855745201488195,2.0,0.0,1
130.0,2.0,6.239734725985269,2.0,98.0,1
133.0,1.0,1.653485851790915,2.0,0.0,1
149.0,3.0,5.840914991735273,1.0,0.0,1
177.0,3.0,8.932073031624718,3.0,0.0,1
93.0,2.0,3.3522745666727776,2.0,223.0,1
133.0,2.0,4.403606810039241,2.0,93.0,1
147.0,2.0,6.948177496704636,2.0,0.0,1
155.0,3.0,5.105697857571328,1.0,413.0,1
133.0,2.0,3.624097259130675,2.0,0.0,1
131.0,2.0,2.04098832031731,3.0,0.0,1
134.0,3.0,1.520722081383687,2.0,0.0,1
116.0,1.0,2.8537847428755976,2.0,0.0,1
193.0,1.0,3.2675176167363,3.0,205.0,1
139.0,2.0,4.381433283499419,1.0,0.0,1
153.0,1.0,1.1454854424899938,2.0,0.0,1
154.0,2.0,3.8786239943072607,1.0,0.0,1
114.0,1.0,3.618161674038164,3.0,0.0,1
165.0,3.0,0.723876803492363,2.0,286.0,1
133.0,1.0,4.991779862004966,2.0,0.0,1
83.0,4.0,3.32091564857489,2.0,0.0,1
161.0,1.0,5.075623170815656,2.0,0.0,1
190.0,3.0,2.3694086021430936,1.0,0.0,1
110.0,4.0,4.443611196813574,2.0,0.0,1
171.0,1.0,5.2386720160757845,2.0,95.0,1
133.0,2.0,3.979555439473213,2.0,181.0,1
132.0,3.0,3.9068342707543358,2.0,120.0,1
120.0,2.0,2.8447501722817776,2.0,0.0,1
104.0,2.0,3.7020928298490565,1.0,118.0,1
164.0,4.0,6.544292485216516,2.0,312.0,1
158.0,2.0,3.099104265344227,2.0,0.0,1
123.0,3.0,1.616379475321322,1.0,0.0,1
144.0,3.0,4.900323162332379,1.0,0.0,1
163.0,2.0,3.4539637819729716,2.0,263.0,1
175.0,1.0,3.993307157133459,3.0,153.0,1
104.0,2.0,3.6495874441815257,2.0,0.0,1
164.0,1.0,5.440761283975743,3.0,264.0,1
156.0,1.0,6.83553132183136,3.0,0.0,1
146.0,2.0,4.135849838160753,1.0,0.0,1
123.0,3.0,0.5614106403169374,1.0,345.0,1
132.0,3.0,3.7288313675327336,2.0,119.0,1
143.0,3.0,4.842200096189087,1.0,209.0,1
181.0,1.0,7.561625511456313,2.0,0.0,1
158.0,1.0,4.333695875501041,2.0,0.0,1
108.0,4.0,2.0677182722261733,1.0,0.0,1
173.0,2.0,7.103297376622498,2.0,0.0,1
195.0,1.0,7.250293282795608,2.0,0.0,1
185.0,2.0,3.189546526595728,2.0,0.0,1
140.0,4.0,1.2081598284943689,1.0,0.0,1
182.0,1.0,2.757473831842047,2.0,0.0,1
187.0,2.0,6.75369097774082,1.0,341.0,1
131.0,2.0,4.1,1.0,211.0,1
127.0,2.0,2.870803760136888,1.0,0.0,1
116.0,3.0,3.5705788474139792,2.0,253.0,1
163.0,1.0,5.997947792748608,3.0,0.0,1
143.0,3.0,3.8657008313085175,1.0,471.0,1
84.0,3.0,3.1474400151080295,2.0,0.0,1
113.0,2.0,4.438441730074495,2.0,0.0,1
146.0,3.0,6.886627851250965,2.0,0.0,1
142.0,2.0,4.453179017924347,1.0,360.0,1
128.0,2.0,4.775581122702615,1.0,224.0,1
113.0,2.0,3.9017414803467014,1.0,0.0,1
114.0,3.0,4.641249719895815,1.0,0.0,1
131.0,3.0,5.9,2.0,307.0,1
186.0,2.0,4.341324791285254,3.0,0.0,1
153.0,1.0,2.2429058042140135,3.0,0.0,1
138.0,3.0,3.3884392205918097,1.0,482.0,1
115.0,3.0,2.913586061733845,2.0,0.0,1
133.0,2.0,4.1,1.0,211.0,1
172.0,3.0,5.573694015830422,3.0,159.0,1
166.0,3.0,5.798942870230494,1.0,0.0,1
138.0,1.0,1.5630325369625035,2.0,0.0,1
168.0,1.0,2.1129452885893123,3.0,0.0,1
184.0,2.0,7.071813393748599,1.0,0.0,1
178.0,2.0,1.9000921561354907,3.0,0.0,1
176.0,2.0,2.7565494439448086,2.0,0.0,1
178.0,3.0,5.550379144977002,2.0,447.0,1
108.0,2.0,4.051715354993679,2.0,0.0,1
138.0,1.0,2.161921775874839,2.0,0.0,1
134.0,2.0,4.1,1.0,212.0,1
159.0,3.0,4.418408477294675,2.0,0.0,1
149.0,1.0,5.321612164465956,2.0,0.0,1
155.0,1.0,6.831100833383379,3.0,0.0,1
164.0,2.0,3.7318448432096845,2.0,300.0,1
119.0,3.0,4.572837235690514,2.0,0.0,1
118.0,1.0,2.9917324169546293,2.0,0.0,1
168.0,1.0,6.945595871789953,2.0,0.0,1
182.0,1.0,6.5536120335289185,2.0,0.0,1
111.0,1.0,1.105306570671856,2.0,0.0,1
162.0,2.0,3.206981757087863,1.0,213.0,1
152.0,3.0,5.0,2.0,178.0,1
177.0,2.0,5.648106963352348,2.0,481.0,1
146.0,2.0,4.999539669034473,3.0,0.0,1
163.0,2.0,7.300317444804442,3.0,97.0,1
124.0,2.0,4.554421956653733,2.0,0.0,1
102.0,1.0,3.659489409947466,2.0,290.0,1
122.0,3.0,4.92997560642885,2.0,168.0,1
142.0,2.0,6.155794710059123,3.0,0.0,1
131.0,1.0,5.010967419306561,2.0,0.0,1
98.0,1.0,3.7344993103381725,1.0,162.0,1
141.0,2.0,3.4302755426689706,2.0,0.0,1
122.0,2.0,3.0535824459131224,2.0,0.0,1
178.0,3.0,5.3674411874010906,2.0,146.0,1
117.0,2.0,5.354922205465713,1.0,0.0,1
158.0,3.0,5.149961826237397,1.0,426.0,1
132.0,3.0,1.431067877240936,2.0,419.0,1
101.0,1.0,4.275097655381215,1.0,365.0,1
156.0,3.0,1.132090899477111,2.0,0.0,1
131.0,2.0,5.866918496206733,2.0,306.0,1
110.0,2.0,5.377333312532327,2.0,202.0,1
170.0,2.0,3.6668451694190214,2.0,0.0,1
130.0,2.0,2.501413441306884,2.0,0.0,1
184.0,2.0,3.41704179863365,2.0,0.0,1
99.0,2.0,3.8883667202427215,2.0,360.0,1
179.0,1.0,3.6754516142475757,2.0,143.0,1
178.0,3.0,4.066368536215677,3.0,0.0,1
177.0,1.0,3.1346701361112475,3.0,0.0,1
132.0,3.0,4.520187491144535,3.0,126.0,1
128.0,3.0,2.786665597787956,1.0,307.0,1
135.0,1.0,4.854013856839974,2.0,103.0,1
126.0,3.0,3.7827344486094185,1.0,305.0,1
152.0,2.0,1.8410863466588898,2.0,0.0,1
172.0,1.0,0.5391161128413211,2.0,0.0,1
171.0,3.0,5.774066050634053,1.0,0.0,1
178.0,2.0,6.518737949141215,2.0,333.0,1
178.0,3.0,3.940595422649375,2.0,334.0,1
82.0,3.0,3.348531574890227,1.0,0.0,1
169.0,2.0,2.1861227242008825,2.0,0.0,1
167.0,3.0,5.801068134273946,1.0,0.0,1
117.0,1.0,2.915224299609696,2.0,0.0,1
153.0,2.0,2.9583988509047314,2.0,0.0,1
186.0,4.0,3.5940209525749482,2.0,538.0,1
177.0,1.0,1.9200753226922456,3.0,0.0,1
178.0,1.0,6.3851398787170375,3.0,0.0,1
176.0,2.0,3.968374601760825,2.0,400.0,1
155.0,2.0,5.318236361798181,2.0,0.0,1
102.0,3.0,3.9981850793507827,3.0,0.0,1
127.0,4.0,3.5863669552240616,1.0,297.0,1
138.0,1.0,3.2037364394373724,2.0,0.0,1
131.0,2.0,0.6377062992460695,1.0,0.0,1
117.0,2.0,2.106727637135367,1.0,285.0,1
123.0,3.0,0.6,1.0,339.0,1
118.0,3.0,4.39228929134835,2.0,0.0,1
91.0,2.0,3.0797909603249747,3.0,0.0,1
128.0,1.0,3.4134142125982154,2.0,0.0,1
118.0,1.0,3.1383001519243607,2.0,0.0,1
115.0,1.0,1.6137752720683332,3.0,0.0,1
154.0,3.0,5.418805221739546,2.0,0.0,1
97.0,2.0,3.918168218299414,2.0,0.0,1
171.0,3.0,2.1168793035233486,2.0,290.0,1
125.0,3.0,4.795898609883194,2.0,434.0,1
123.0,2.0,4.7135012287425155,1.0,208.0,1
189.0,1.0,3.330534164120935,2.0,0.0,1
162.0,2.0,0.6070683742671557,2.0,283.0,1
156.0,1.0,4.609539185873202,2.0,0.0,1
131.0,2.0,5.931702826018837,1.0,0.0,1
151.0,1.0,2.2508966966108446,1.0,351.0,1
165.0,2.0,4.893454345224004,1.0,0.0,1
154.0,1.0,3.4824908845768783,2.0,0.0,1
198.0,1.0,8.6972863890175,2.0,0.0,1
84.0,3.0,3.2376013067507583,2.0,0.0,1
103.0,2.0,4.002047630619462,2.0,0.0,1
169.0,2.0,4.80878047574331,2.0,423.0,1
86.0,3.0,3.307114620631275,2.0,0.0,1
178.0,2.0,5.4,3.0,151.0,1
184.0,3.0,2.3238422820523876,2.0,611.0,1
178.0,2.0,5.4,3.0,148.0,1
163.0,2.0,3.677540032510982,2.0,319.0,1
134.0,2.0,5.192312891133663,2.0,102.0,1
184.0,2.0,5.171527477037591,1.0,0.0,1
139.0,3.0,0.4896947406533467,1.0,0.0,1
121.0,1.0,3.008580002098714,2.0,0.0,1
182.0,3.0,6.822514032175144,2.0,0.0,1
120.0,3.0,3.134313168448218,2.0,431.0,1
174.0,2.0,3.8874225109124554,2.0,0.0,1
174.0,3.0,3.0288133203926195,1.0,422.0,1
86.0,3.0,3.316132404678888,2.0,0.0,1
164.0,1.0,5.584293363781287,2.0,0.0,1
184.0,1.0,1.8661446640504833,3.0,280.0,1
85.0,1.0,3.4,3.0,0.0,1
175.0,1.0,3.553027333928913,2.0,89.0,1
133.0,4.0,4.158380594977123,2.0,0.0,1
181.0,2.0,1.650174455973979,1.0,0.0,1
192.0,2.0,4.121660653218693,2.0,0.0,1
104.0,3.0,4.6909094129390105,2.0,81.0,1
155.0,1.0,7.4,3.0,0.0,1
145.0,2.0,5.8809398049160215,2.0,0.0,1
188.0,3.0,1.5630202544055123,1.0,184.0,1
142.0,2.0,0.30556013832556783,2.0,358.0,1
190.0,2.0,3.1659797142739228,1.0,0.0,1
144.0,3.0,3.185324148823372,2.0,0.0,1
151.0,3.0,0.9598766657215445,2.0,0.0,1
91.0,1.0,3.4051838416413416,3.0,0.0,1
113.0,3.0,3.126355573102592,1.0,0.0,1
184.0,3.0,7.814386173955345,1.0,0.0,1
137.0,3.0,0.35034799083544405,1.0,0.0,1
117.0,3.0,0.4403830759947144,1.0,357.0,1
137.0,3.0,5.7752197871349935,3.0,429.0,1
157.0,2.0,6.2669348794312105,3.0,0.0,1
131.0,3.0,5.249944925957323,1.0,0.0,1
142.0,3.0,2.805874540366462,1.0,419.0,1
165.0,1.0,6.312092751869273,3.0,0.0,1
151.0,2.0,3.408076387381589,3.0,0.0,1
179.0,2.0,6.420051427127565,2.0,0.0,1
143.0,3.0,3.8767507139028434,1.0,481.0,1
140.0,4.0,2.085384782371221,2.0,411.0,1
114.0,1.0,3.5315728445782577,3.0,0.0,1
114.0,2.0,0.6175541650347651,2.0,0.0,1
179.0,3.0,3.8157305580425054,2.0,0.0,1
105.0,3.0,4.04384494680818,1.0,120.0,1
149.0,3.0,5.711479892814947,1.0,419.0,1
179.0,2.0,4.960483731934156,2.0,364.0,1
170.0,1.0,6.675202593366503,3.0,537.0,1
177.0,1.0,0.9940080640017559,1.0,225.0,1
189.0,3.0,4.697591497885467,2.0,0.0,1
113.0,3.0,3.1616938863373822,2.0,0.0,1
165.0,3.0,0.7182055580473539,2.0,286.0,1
167.0,4.0,4.318482965019321,2.0,0.0,1
169.0,1.0,5.262778702679251,3.0,250.0,1
129.0,4.0,3.2839487321011336,2.0,0.0,1
124.0,3.0,2.1768485404154028,1.0,0.0,1
104.0,3.0,3.7477736218252415,2.0,133.0,1
130.0,2.0,1.776064735660484,3.0,0.0,1
134.0,3.0,5.189494436959528,3.0,318.0,1
158.0,1.0,3.8180227872187618,3.0,0.0,1
171.0,3.0,3.9861355084923327,1.0,321.0,1
129.0,2.0,6.256094256521482,2.0,98.0,1
154.0,2.0,5.816720149162752,2.0,0.0,1
107.0,4.0,3.9521472868318184,1.0,0.0,1
133.0,3.0,1.834571165842648,2.0,428.0,1
130.0,3.0,2.6435449241745435,2.0,0.0,1
128.0,3.0,4.759505266119445,2.0,0.0,1
177.0,3.0,5.073666997045846,2.0,187.0,1
84.0,3.0,3.4449855223602857,2.0,0.0,1
114.0,3.0,4.47333320763792,1.0,0.0,1
171.0,3.0,0.8170341580943312,1.0,567.0,1
114.0,1.0,3.633970840488133,3.0,0.0,1
163.0,3.0,5.4085034580836995,3.0,0.0,1
141.0,3.0,3.6989103429444623,1.0,475.0,1
112.0,2.0,3.966745586371961,2.0,0.0,1
95.0,1.0,3.9332387146080414,2.0,148.0,1
140.0,3.0,5.443319152364995,1.0,0.0,1
166.0,3.0,4.992685013084479,1.0,0.0,1
106.0,3.0,4.994848265226684,2.0,0.0,1
122.0,1.0,5.236410416288908,2.0,0.0,1
139.0,3.0,4.959824346847652,1.0,0.0,1
158.0,1.0,5.248689173257635,3.0,0.0,1
175.0,2.0,4.693105983004196,2.0,319.0,1
178.0,2.0,6.557384154529256,2.0,586.0,1
143.0,3.0,4.823468456850145,1.0,209.0,1
181.0,3.0,2.375994791283556,2.0,0.0,1
94.0,3.0,3.234723812838026,3.0,0.0,1
114.0,1.0,0.5110084485547833,2.0,0.0,1
138.0,2.0,2.237199631344066,1.0,0.0,1
149.0,3.0,6.010897382320035,2.0,0.0,1
96.0,2.0,2.9659358410133185,2.0,228.0,1
184.0,2.0,6.5046096764807615,1.0,0.0,1
115.0,2.0,3.071477643146766,3.0,0.0,1
177.0,2.0,1.165236348116221,1.0,0.0,1
133.0,4.0,5.1504594859032435,2.0,0.0,1
133.0,3.0,4.33229302946451,2.0,0.0,1
193.0,3.0,0.2713622052011021,2.0,209.0,1
168.0,2.0,6.504157892269675,2.0,322.0,1
118.0,3.0,1.217694225035848,2.0,321.0,1
148.0,3.0,7.025819023063525,2.0,0.0,1
140.0,2.0,0.9198182023800223,1.0,0.0,1
159.0,3.0,4.545901962329318,2.0,414.0,1
134.0,2.0,0.7519010187489021,2.0,0.0,1
114.0,3.0,3.098701764653726,2.0,0.0,1
182.0,2.0,5.3114413640594105,2.0,0.0,1
165.0,3.0,5.496284413817612,2.0,347.0,1
89.0,1.0,4.139527575016273,1.0,0.0,1
103.0,3.0,4.6231199683431194,2.0,0.0,1
172.0,3.0,3.09310890094292,3.0,326.0,1
159.0,2.0,4.9491768453531675,1.0,429.0,1
166.0,3.0,6.916914755380279,2.0,480.0,1
112.0,2.0,2.029140323061201,2.0,0.0,1
158.0,1.0,4.88220039070112,2.0,0.0,1
161.0,2.0,7.337296989877871,2.0,0.0,1
169.0,2.0,5.4607527349808915,3.0,165.0,1
195.0,1.0,7.278759510314375,2.0,0.0,1
143.0,3.0,3.9826570404660617,3.0,317.0,1
109.0,4.0,3.915079194769268,2.0,92.0,1
125.0,2.0,2.910318451875158,1.0,0.0,1
160.0,4.0,5.866437490392472,3.0,0.0,1
173.0,3.0,0.30314887929539586,1.0,0.0,1
91.0,2.0,3.6304176627443256,1.0,137.0,1
83.0,3.0,3.1,1.0,0.0,1
165.0,2.0,1.9554400718963776,1.0,400.0,1
180.0,2.0,1.493455763870764,1.0,0.0,1
181.0,2.0,0.9435171259792368,2.0,287.0,1
118.0,1.0,3.3218859426423335,2.0,116.0,1
167.0,4.0,5.267375490906644,1.0,315.0,1
165.0,2.0,2.792312459525827,3.0,241.0,1
141.0,2.0,4.753142613760289,3.0,0.0,1
112.0,3.0,2.253481891478012,1.0,0.0,1
145.0,3.0,5.812333031664157,2.0,0.0,1
122.0,4.0,3.1831153846330578,2.0,116.0,1
113.0,2.0,4.49826594292162,2.0,0.0,1
154.0,1.0,3.913698764936523,2.0,0.0,1
143.0,2.0,2.8454143734063795,3.0,0.0,1
143.0,3.0,3.1324937896932705,2.0,0.0,1
155.0,1.0,7.2333895625480515,3.0,0.0,1
94.0,3.0,3.838276639233555,1.0,131.0,1
148.0,3.0,4.368882020300198,1.0,458.0,1
173.0,1.0,5.232801250152332,3.0,274.0,1
163.0,1.0,4.331627936200689,2.0,0.0,1
141.0,3.0,5.2276635564756395,2.0,0.0,1
80.0,3.0,3.5128007969234334,2.0,0.0,1
106.0,2.0,3.8353126298072904,1.0,0.0,1
148.0,1.0,5.020725987198749,2.0,0.0,1
113.0,2.0,1.3883972356355314,3.0,0.0,1
132.0,2.0,2.4823144485555826,2.0,0.0,1
171.0,3.0,4.571271315660094,1.0,0.0,1
181.0,2.0,2.8128505279202654,2.0,0.0,1
183.0,2.0,3.2615864458485477,2.0,0.0,1
158.0,3.0,4.002287814406875,2.0,0.0,1
180.0,3.0,2.637950789786232,2.0,115.0,1
115.0,2.0,5.127278394897752,2.0,205.0,1
144.0,1.0,2.7847904564554744,3.0,0.0,1
152.0,3.0,2.2408627631870734,3.0,0.0,1
111.0,2.0,3.7935974890814568,2.0,0.0,1
193.0,2.0,5.148927457287989,2.0,469.0,1
156.0,3.0,1.15038470689844,2.0,0.0,1
146.0,3.0,6.900234836874276,2.0,0.0,1
61.0,1.0,3.0,1.0,132.0,1
153.0,2.0,0.4255049747823133,1.0,280.0,1
140.0,2.0,0.39204338332471744,2.0,0.0,1
101.0,2.0,3.7885741449669212,3.0,295.0,1
123.0,2.0,2.9056303704484905,2.0,0.0,1
184.0,3.0,7.743814315678993,1.0,0.0,1
131.0,2.0,2.6934221676829067,1.0,0.0,1
119.0,1.0,4.036369590398364,2.0,0.0,1
163.0,1.0,2.8943157356928304,2.0,0.0,1
186.0,4.0,0.8995249845126168,2.0,300.0,1
172.0,3.0,5.210350831530881,1.0,0.0,1
158.0,2.0,3.537502795200742,2.0,0.0,1
102.0,1.0,3.0197917355545902,2.0,0.0,1
129.0,3.0,5.9,2.0,317.0,1
182.0,1.0,2.5784110254851256,3.0,279.0,1
118.0,1.0,4.95334275309329,2.0,87.0,1
190.0,2.0,3.8528660107324195,1.0,0.0,1
177.0,2.0,4.325276824404483,2.0,0.0,1
139.0,2.0,5.525234631149123,1.0,0.0,1
174.0,3.0,3.141302611613546,2.0,0.0,1
117.0,2.0,4.498263530031192,2.0,86.0,1
149.0,3.0,4.714757840779218,1.0,210.0,1
96.0,1.0,3.072188632790088,2.0,0.0,1
182.0,2.0,3.2076816417682896,2.0,0.0,1
180.0,3.0,9.064443035126956,2.0,0.0,1
135.0,1.0,3.530463239137116,2.0,0.0,1
107.0,2.0,4.9057322436437865,2.0,83.0,1
163.0,2.0,2.945105788467428,2.0,414.0,1
181.0,3.0,1.619619646243898,1.0,0.0,1
104.0,2.0,3.9388798960337676,1.0,119.0,1
103.0,1.0,4.110006109705574,2.0,0.0,1
182.0,3.0,5.073063663345674,2.0,0.0,1
151.0,2.0,0.7203745797822694,2.0,0.0,1
131.0,1.0,2.4832077223418665,2.0,0.0,1
113.0,3.0,2.5074293376778773,1.0,0.0,1
145.0,2.0,3.745341187110382,1.0,357.0,1
125.0,3.0,0.6964412039732748,1.0,342.0,1
189.0,4.0,2.6240143956313893,1.0,614.0,1
172.0,1.0,4.951023442639506,2.0,92.0,1
114.0,1.0,5.25140573160893,2.0,87.0,1
115.0,2.0,4.383469543590753,3.0,0.0,1
178.0,4.0,4.796798191436308,3.0,0.0,1
101.0,2.0,4.45301716721394,2.0,82.0,1
112.0,2.0,1.9524962122625635,2.0,0.0,1
140.0,3.0,6.333032010565232,1.0,0.0,1
171.0,3.0,6.606522541303057,2.0,0.0,1
183.0,3.0,2.3757070292971947,2.0,341.0,1
173.0,2.0,7.159431268504211,2.0,0.0,1
155.0,3.0,6.453084438118001,3.0,0.0,1
162.0,2.0,1.5485538429204084,1.0,400.0,1
136.0,2.0,0.2,2.0,370.0,1
141.0,3.0,3.0271324835861075,2.0,0.0,1
103.0,2.0,4.055614305062027,2.0,0.0,1
133.0,3.0,5.330898695058094,1.0,0.0,1
108.0,2.0,4.955159470788005,2.0,84.0,1
168.0,3.0,4.033936416530977,2.0,0.0,1
182.0,1.0,2.876287385068574,3.0,0.0,1
93.0,2.0,3.1300427776555297,2.0,0.0,1
125.0,2.0,4.893888426451462,3.0,0.0,1
129.0,1.0,5.225531957075431,3.0,0.0,1
130.0,3.0,4.66333841480606,2.0,314.0,1
188.0,1.0,3.0709613046020747,3.0,0.0,1
123.0,2.0,5.397385235558918,2.0,0.0,1
158.0,1.0,3.520231026554696,2.0,0.0,1
160.0,1.0,5.508429609865924,3.0,0.0,1
186.0,4.0,5.174144391438086,2.0,0.0,1
132.0,1.0,4.824385046527247,2.0,0.0,1
175.0,3.0,2.575454192456119,2.0,0.0,1
189.0,2.0,7.574255165249944,2.0,0.0,1
169.0,1.0,5.471581006759082,3.0,253.0,1
140.0,4.0,4.164696743901873,1.0,0.0,1
114.0,1.0,3.451406929505444,3.0,0.0,1
121.0,2.0,4.545688301712563,2.0,207.0,1
195.0,2.0,4.923262265876618,2.0,494.0,1
148.0,2.0,6.093829676107393,2.0,0.0,1
148.0,1.0,5.473077738710049,2.0,0.0,1
114.0,1.0,3.648812508119264,2.0,118.0,1
132.0,3.0,1.8325668176218768,2.0,0.0,1
107.0,2.0,5.242523453794877,2.0,205.0,1
178.0,2.0,6.109598629979044,2.0,0.0,1
137.0,1.0,4.154771077772489,3.0,112.0,1
156.0,3.0,5.2708066654702845,1.0,0.0,1
182.0,2.0,5.4155472768147295,2.0,0.0,1
160.0,1.0,5.172482249168015,3.0,0.0,1
120.0,1.0,3.910767061875953,2.0,0.0,1
123.0,2.0,2.986774231560951,2.0,0.0,1
167.0,2.0,5.025034851719133,3.0,249.0,1
150.0,1.0,4.183996127714374,2.0,0.0,1
161.0,3.0,3.37835446502173,1.0,0.0,1
139.0,2.0,3.1313886891138685,3.0,0.0,1
169.0,3.0,5.250477607311823,2.0,177.0,1
88.0,1.0,3.53740827480617,2.0,0.0,1
178.0,3.0,5.072525635268934,1.0,143.0,1
117.0,3.0,4.625652723950495,2.0,305.0,1
153.0,2.0,1.9814404144904199,3.0,0.0,1
157.0,2.0,5.912408695707634,3.0,0.0,1
140.0,3.0,5.3723045145574035,1.0,0.0,1
192.0,2.0,4.061486810113918,2.0,0.0,1
104.0,3.0,3.3226170943211772,2.0,127.0,1
183.0,2.0,5.264871026450812,2.0,0.0,1
94.0,2.0,3.130056138439043,1.0,0.0,1
177.0,2.0,1.170261358544819,1.0,0.0,1
187.0,4.0,0.3829879701748741,2.0,303.0,1
150.0,2.0,2.552835338441532,3.0,359.0,1
188.0,1.0,6.4956140258024115,1.0,0.0,1
173.0,3.0,3.537507749491659,2.0,326.0,1
162.0,2.0,4.078543999594798,2.0,423.0,1
112.0,1.0,1.1461748289643312,2.0,0.0,1
176.0,1.0,5.371659737843897,2.0,346.0,1
166.0,1.0,5.0845468942263725,2.0,548.0,1
156.0,1.0,2.9541638447910024,2.0,348.0,1
171.0,1.0,3.6922059233443547,2.0,0.0,1
151.0,3.0,4.34135244683693,1.0,427.0,1
154.0,1.0,3.804682050491028,2.0,351.0,1
115.0,2.0,2.0271796546422545,1.0,351.0,1
114.0,1.0,2.46384499278889,3.0,0.0,1
140.0,3.0,2.8325293596210033,1.0,413.0,1
118.0,1.0,5.501375220288213,2.0,90.0,1
169.0,4.0,4.431741743760593,1.0,317.0,1
110.0,3.0,2.657277221504485,1.0,0.0,1
113.0,3.0,2.9753395771520124,2.0,118.0,1
138.0,3.0,6.795344116489016,1.0,0.0,1
158.0,2.0,5.179335295990523,1.0,0.0,1
171.0,3.0,7.000227694326268,1.0,0.0,1
109.0,4.0,2.9809158143572128,2.0,309.0,1
113.0,1.0,1.1618281775147417,2.0,0.0,1
111.0,2.0,2.095659081975726,1.0,0.0,1
125.0,2.0,4.487019052896852,2.0,0.0,1
183.0,3.0,8.13319179710737,2.0,463.0,1
170.0,3.0,4.172529030914463,1.0,0.0,1
171.0,3.0,4.010389851303293,1.0,320.0,1
188.0,2.0,6.598371771792033,1.0,584.0,1
174.0,2.0,2.87830014997576,2.0,0.0,1
120.0,2.0,4.157713450275208,2.0,0.0,1
159.0,3.0,4.6881255685851135,2.0,417.0,1
183.0,3.0,4.15761092440359,3.0,603.0,1
111.0,2.0,5.264880266613778,1.0,0.0,1
187.0,2.0,7.082597605276844,2.0,345.0,1
133.0,4.0,5.655727150914462,2.0,0.0,1
153.0,2.0,2.1611777347791667,2.0,0.0,1
175.0,2.0,3.617330301034901,2.0,0.0,1
190.0,3.0,6.379185759063946,2.0,0.0,1
192.0,2.0,5.835654814928712,2.0,0.0,1
134.0,3.0,3.091407174891258,2.0,0.0,1
185.0,3.0,2.4573357017978585,2.0,0.0,1
131.0,3.0,6.090148305147355,1.0,0.0,1
186.0,3.0,6.998599381416724,2.0,436.0,1
180.0,2.0,6.370214873745271,2.0,0.0,1
139.0,2.0,2.4429201901482447,2.0,0.0,1
126.0,3.0,4.048868391786625,1.0,0.0,1
167.0,1.0,5.562083008616153,3.0,282.0,1
178.0,1.0,3.9535665955788133,3.0,0.0,1
189.0,3.0,2.512749911067867,1.0,0.0,1
187.0,1.0,3.8902906427078143,2.0,0.0,1
151.0,3.0,5.330911853397796,1.0,415.0,1
124.0,2.0,4.625712014805739,2.0,0.0,1
121.0,3.0,0.9615040873298581,1.0,343.0,1
120.0,1.0,4.167924823415264,2.0,0.0,1
150.0,2.0,3.828381831901255,2.0,0.0,1
104.0,4.0,4.3791352036336075,2.0,85.0,1
186.0,2.0,1.5303806862272775,1.0,178.0,1
110.0,2.0,3.615455191743326,3.0,0.0,1
168.0,3.0,3.371898563289673,1.0,424.0,1
114.0,1.0,4.266336113294603,2.0,0.0,1
182.0,2.0,5.2618281022969375,2.0,0.0,1
162.0,1.0,4.468679257945,2.0,0.0,1
165.0,1.0,4.990850355232054,2.0,0.0,1
137.0,2.0,3.2454363929555354,2.0,209.0,1
96.0,3.0,4.014539099743702,1.0,119.0,1
159.0,2.0,5.94550290889282,2.0,0.0,1
188.0,4.0,4.915303010747426,2.0,0.0,1
183.0,1.0,4.392956593847238,2.0,0.0,1
153.0,3.0,5.272951973692359,1.0,414.0,1
189.0,3.0,4.689032457907362,2.0,0.0,1
139.0,3.0,5.966553703582907,2.0,0.0,1
168.0,1.0,6.023248619109175,3.0,0.0,1
