,mean_fit_time,std_fit_time,mean_score_time,std_score_time,param_criterion,param_max_depth,param_max_features,param_max_leaf_nodes,param_min_impurity_decrease,param_min_samples_leaf,param_min_samples_split,param_n_estimators,params,split0_test_score,split1_test_score,split2_test_score,split3_test_score,mean_test_score,std_test_score,rank_test_score
0,4.254184603691101,0.5814863977958217,0.2638409733772278,0.15137296487237306,gini,10,sqrt,10,0.1,2,4,700,"{'criterion': 'gini', 'max_depth': 10, 'max_features': 'sqrt', 'max_leaf_nodes': 10, 'min_impurity_decrease': 0.1, 'min_samples_leaf': 2, 'min_samples_split': 4, 'n_estimators': 700}",0.8729591006804458,0.8712225324693245,0.8892036569228918,0.8765273949552899,0.8774781712569879,0.007034664263393757,553
1,2.791997969150543,0.5192904205209006,0.19906961917877197,0.06721670883535524,gini,10,sqrt,10,0.1,2,4,500,"{'criterion': 'gini', 'max_depth': 10, 'max_features': 'sqrt', 'max_leaf_nodes': 10, 'min_impurity_decrease': 0.1, 'min_samples_leaf': 2, 'min_samples_split': 4, 'n_estimators': 500}",0.8715103236597364,0.8683052578999024,0.8892036569228918,0.8758046590969988,0.8762059743948823,0.007961960531611596,617
2,6.427072584629059,0.6249697071802589,0.3883996605873108,0.1364800589000745,gini,10,sqrt,10,0.1,2,4,1000,"{'criterion': 'gini', 'max_depth': 10, 'max_features': 'sqrt', 'max_leaf_nodes': 10, 'min_impurity_decrease': 0.1, 'min_samples_leaf': 2, 'min_samples_split': 4, 'n_estimators': 1000}",0.8729591006804458,0.8683052578999024,0.8892036569228918,0.8765273949552899,0.8767488526146325,0.00775931223242766,580
3,4.021101176738739,0.7977085545089908,0.32510292530059814,0.176476527324731,gini,10,sqrt,10,0.1,2,8,700,"{'criterion': 'gini', 'max_depth': 10, 'max_features': 'sqrt', 'max_leaf_nodes': 10, 'min_impurity_decrease': 0.1, 'min_samples_leaf': 2, 'min_samples_split': 8, 'n_estimators': 700}",0.8715103236597364,0.874861859061143,0.8892036569228918,0.8736347750109219,0.8773026536636732,0.0069748795250077385,555
4,2.599663197994232,0.33273705430023987,0.1539367437362671,0.03532431189882828,gini,10,sqrt,10,0.1,2,8,500,"{'criterion': 'gini', 'max_depth': 10, 'max_features': 'sqrt', 'max_leaf_nodes': 10, 'min_impurity_decrease': 0.1, 'min_samples_leaf': 2, 'min_samples_split': 8, 'n_estimators': 500}",0.8715103236597364,0.8683052578999024,0.8892036569228918,0.8901304767807556,0.8797874288158216,0.009949807933781668,528
5,6.6583680510520935,0.389977606644614,0.3198571801185608,0.05975930282531359,gini,10,sqrt,10,0.1,2,8,1000,"{'criterion': 'gini', 'max_depth': 10, 'max_features': 'sqrt', 'max_leaf_nodes': 10, 'min_impurity_decrease': 0.1, 'min_samples_leaf': 2, 'min_samples_split': 8, 'n_estimators': 1000}",0.8715103236597364,0.8683052578999024,0.886310299869622,0.8758307783441066,0.8754891649433418,0.006794360881960185,664
6,3.9711822271347046,0.1974927630923605,0.28247272968292236,0.13042503165647581,gini,10,sqrt,10,0.1,5,4,700,"{'criterion': 'gini', 'max_depth': 10, 'max_features': 'sqrt', 'max_leaf_nodes': 10, 'min_impurity_decrease': 0.1, 'min_samples_leaf': 5, 'min_samples_split': 4, 'n_estimators': 700}",0.8715103236597364,0.8683052578999024,0.8892036569228918,0.8736347750109219,0.8756635033733631,0.008044317483397425,645
7,2.5154184103012085,0.17588014200990862,0.18757838010787964,0.041285448607142505,gini,10,sqrt,10,0.1,5,4,500,"{'criterion': 'gini', 'max_depth': 10, 'max_features': 'sqrt', 'max_leaf_nodes': 10, 'min_impurity_decrease': 0.1, 'min_samples_leaf': 5, 'min_samples_split': 4, 'n_estimators': 500}",0.8729591006804458,0.8683052578999024,0.8892036569228918,0.8736347750109219,0.8760256976285405,0.00788010673424887,627
8,6.722342908382416,1.2044299268224439,0.36638903617858887,0.08331142338075284,gini,10,sqrt,10,0.1,5,4,1000,"{'criterion': 'gini', 'max_depth': 10, 'max_features': 'sqrt', 'max_leaf_nodes': 10, 'min_impurity_decrease': 0.1, 'min_samples_leaf': 5, 'min_samples_split': 4, 'n_estimators': 1000}",0.8729591006804458,0.8683052578999024,0.8892036569228918,0.8736347750109219,0.8760256976285405,0.00788010673424887,627
9,4.548451840877533,0.40608045749060534,0.28511059284210205,0.04115234824379721,gini,10,sqrt,10,0.1,5,8,700,"{'criterion': 'gini', 'max_depth': 10, 'max_features': 'sqrt', 'max_leaf_nodes': 10, 'min_impurity_decrease': 0.1, 'min_samples_leaf': 5, 'min_samples_split': 8, 'n_estimators': 700}",0.8729591006804458,0.8683052578999024,0.8892036569228918,0.8736347750109219,0.8760256976285405,0.00788010673424887,627
10,3.0601698756217957,0.4069003190333102,0.26858240365982056,0.1353470000600943,gini,10,sqrt,10,0.1,5,8,500,"{'criterion': 'gini', 'max_depth': 10, 'max_features': 'sqrt', 'max_leaf_nodes': 10, 'min_impurity_decrease': 0.1, 'min_samples_leaf': 5, 'min_samples_split': 8, 'n_estimators': 500}",0.8715103236597364,0.8683052578999024,0.8892036569228918,0.8736347750109219,0.8756635033733631,0.008044317483397425,645
11,5.978063523769379,0.8945578557597176,0.31959807872772217,0.08826443492827646,gini,10,sqrt,10,0.1,5,8,1000,"{'criterion': 'gini', 'max_depth': 10, 'max_features': 'sqrt', 'max_leaf_nodes': 10, 'min_impurity_decrease': 0.1, 'min_samples_leaf': 5, 'min_samples_split': 8, 'n_estimators': 1000}",0.8729591006804458,0.8683052578999024,0.8892036569228918,0.8736347750109219,0.8760256976285405,0.00788010673424887,627
12,4.3777793645858765,0.3386011172921011,0.2938653826713562,0.09489279934828733,gini,10,sqrt,10,0.05,2,4,700,"{'criterion': 'gini', 'max_depth': 10, 'max_features': 'sqrt', 'max_leaf_nodes': 10, 'min_impurity_decrease': 0.05, 'min_samples_leaf': 2, 'min_samples_split': 4, 'n_estimators': 700}",0.8858096059821685,0.8935290489996636,0.8999959457207082,0.8899984123430561,0.892333253261399,0.005199909593237778,280
13,3.472099542617798,0.695903566657119,0.19831693172454834,0.10590860307898817,gini,10,sqrt,10,0.05,2,4,500,"{'criterion': 'gini', 'max_depth': 10, 'max_features': 'sqrt', 'max_leaf_nodes': 10, 'min_impurity_decrease': 0.05, 'min_samples_leaf': 2, 'min_samples_split': 4, 'n_estimators': 500}",0.8858338179896074,0.8870201619065993,0.8949322848405417,0.8921613394216134,0.8899869010395904,0.0037160006431378304,402
14,7.053454160690308,0.9750276097218181,0.3995016813278198,0.15804458278571684,gini,10,sqrt,10,0.05,2,4,1000,"{'criterion': 'gini', 'max_depth': 10, 'max_features': 'sqrt', 'max_leaf_nodes': 10, 'min_impurity_decrease': 0.05, 'min_samples_leaf': 2, 'min_samples_split': 4, 'n_estimators': 1000}",0.8843910917707669,0.8899158203372497,0.8949322848405417,0.8936020039165276,0.8907103002162714,0.004085055021464068,361
15,4.910301029682159,0.4517639836699224,0.2357155680656433,0.020030515903005856,gini,10,sqrt,10,0.05,2,8,700,"{'criterion': 'gini', 'max_depth': 10, 'max_features': 'sqrt', 'max_leaf_nodes': 10, 'min_impurity_decrease': 0.05, 'min_samples_leaf': 2, 'min_samples_split': 8, 'n_estimators': 700}",0.8959041530770164,0.8847559323734511,0.8999959457207082,0.8878331148973351,0.8921222865171277,0.006102400971851746,290
16,2.989779531955719,0.3503644774891896,0.1615583300590515,0.010718790625060221,gini,10,sqrt,10,0.05,2,8,500,"{'criterion': 'gini', 'max_depth': 10, 'max_features': 'sqrt', 'max_leaf_nodes': 10, 'min_impurity_decrease': 0.05, 'min_samples_leaf': 2, 'min_samples_split': 8, 'n_estimators': 500}",0.8843661057922008,0.8942745782507332,0.9028895181868615,0.8943428990359235,0.8939682753164298,0.006557903596882753,225
17,6.276329040527344,0.49852062357266314,0.4681705832481384,0.16379134326200484,gini,10,sqrt,10,0.05,2,8,1000,"{'criterion': 'gini', 'max_depth': 10, 'max_features': 'sqrt', 'max_leaf_nodes': 10, 'min_impurity_decrease': 0.05, 'min_samples_leaf': 2, 'min_samples_split': 8, 'n_estimators': 1000}",0.8865309519236925,0.8891654641654642,0.8964181286549707,0.8921613394216134,0.8910689710414351,0.0036750412171949066,346
18,4.648996293544769,0.9929953408567347,0.23597121238708496,0.05953143223812705,gini,10,sqrt,10,0.05,5,4,700,"{'criterion': 'gini', 'max_depth': 10, 'max_features': 'sqrt', 'max_leaf_nodes': 10, 'min_impurity_decrease': 0.05, 'min_samples_leaf': 5, 'min_samples_split': 4, 'n_estimators': 700}",0.8865309519236925,0.8935531333513498,0.8985774484968885,0.8921613394216134,0.892705718298386,0.0042900878761255486,260
19,3.6400522589683533,0.4518985820979302,0.19007349014282227,0.06091808594066877,gini,10,sqrt,10,0.05,5,4,500,"{'criterion': 'gini', 'max_depth': 10, 'max_features': 'sqrt', 'max_leaf_nodes': 10, 'min_impurity_decrease': 0.05, 'min_samples_leaf': 5, 'min_samples_split': 4, 'n_estimators': 500}",0.8858096059821685,0.8935531333513498,0.897116930627974,0.891440623352276,0.891980073328442,0.004099618710918099,294
20,6.934905707836151,0.6793833721407552,0.3409841060638428,0.11899800690377614,gini,10,sqrt,10,0.05,5,4,1000,"{'criterion': 'gini', 'max_depth': 10, 'max_features': 'sqrt', 'max_leaf_nodes': 10, 'min_impurity_decrease': 0.05, 'min_samples_leaf': 5, 'min_samples_split': 4, 'n_estimators': 1000}",0.8858096059821685,0.8883853614392897,0.8992967276716541,0.8921613394216134,0.8914132586286814,0.00508128412403204,329
21,4.706695795059204,0.6016245531107335,0.256828248500824,0.04860772336142654,gini,10,sqrt,10,0.05,5,8,700,"{'criterion': 'gini', 'max_depth': 10, 'max_features': 'sqrt', 'max_leaf_nodes': 10, 'min_impurity_decrease': 0.05, 'min_samples_leaf': 5, 'min_samples_split': 8, 'n_estimators': 700}",0.8858338179896074,0.8920845875465886,0.8964181286549707,0.8950622473079541,0.8923496953747803,0.0040754456076821455,275
22,3.9296730160713196,0.6164823929474784,0.14141643047332764,0.019606836888772673,gini,10,sqrt,10,0.05,5,8,500,"{'criterion': 'gini', 'max_depth': 10, 'max_features': 'sqrt', 'max_leaf_nodes': 10, 'min_impurity_decrease': 0.05, 'min_samples_leaf': 5, 'min_samples_split': 8, 'n_estimators': 500}",0.8858338179896074,0.8848160293630976,0.8964181286549707,0.891440623352276,0.8896271498399879,0.0046621434505917225,428
23,7.628369987010956,0.8096108449268469,0.3768964409828186,0.11712238369108596,gini,10,sqrt,10,0.05,5,8,1000,"{'criterion': 'gini', 'max_depth': 10, 'max_features': 'sqrt', 'max_leaf_nodes': 10, 'min_impurity_decrease': 0.05, 'min_samples_leaf': 5, 'min_samples_split': 8, 'n_estimators': 1000}",0.8843910917707669,0.8935531333513498,0.8964181286549707,0.8921613394216134,0.8916309232996752,0.0044527724067684885,309
24,4.136889636516571,0.6525493596615095,0.3527389168739319,0.1309327347447262,gini,10,sqrt,50,0.1,2,4,700,"{'criterion': 'gini', 'max_depth': 10, 'max_features': 'sqrt', 'max_leaf_nodes': 50, 'min_impurity_decrease': 0.1, 'min_samples_leaf': 2, 'min_samples_split': 4, 'n_estimators': 700}",0.8715103236597364,0.8683052578999024,0.892092616863259,0.8736347750109219,0.876385743358455,0.009264686511555275,602
25,2.5073283910751343,0.1365487685620596,0.22133952379226685,0.05617808461449631,gini,10,sqrt,50,0.1,2,4,500,"{'criterion': 'gini', 'max_depth': 10, 'max_features': 'sqrt', 'max_leaf_nodes': 50, 'min_impurity_decrease': 0.1, 'min_samples_leaf': 2, 'min_samples_split': 4, 'n_estimators': 500}",0.8715103236597364,0.8683052578999024,0.8892036569228918,0.8736347750109219,0.8756635033733631,0.008044317483397425,645
26,5.547656893730164,0.4697091591210978,0.32710736989974976,0.10338406769514188,gini,10,sqrt,50,0.1,2,4,1000,"{'criterion': 'gini', 'max_depth': 10, 'max_features': 'sqrt', 'max_leaf_nodes': 50, 'min_impurity_decrease': 0.1, 'min_samples_leaf': 2, 'min_samples_split': 4, 'n_estimators': 1000}",0.8715103236597364,0.8683052578999024,0.8892036569228918,0.8758046590969988,0.8762059743948823,0.007961960531611596,617
27,4.928437530994415,0.5259365077812415,0.26334792375564575,0.07057780186098792,gini,10,sqrt,50,0.1,2,8,700,"{'criterion': 'gini', 'max_depth': 10, 'max_features': 'sqrt', 'max_leaf_nodes': 50, 'min_impurity_decrease': 0.1, 'min_samples_leaf': 2, 'min_samples_split': 8, 'n_estimators': 700}",0.8715103236597364,0.8683052578999024,0.8892036569228918,0.8758307783441066,0.8762125042066593,0.00796163942888332,606
28,3.1456568241119385,0.3474850089725493,0.2067044973373413,0.061680275519659974,gini,10,sqrt,50,0.1,2,8,500,"{'criterion': 'gini', 'max_depth': 10, 'max_features': 'sqrt', 'max_leaf_nodes': 50, 'min_impurity_decrease': 0.1, 'min_samples_leaf': 2, 'min_samples_split': 8, 'n_estimators': 500}",0.8772985207137588,0.8683052578999024,0.8892036569228918,0.8758307783441066,0.8776595534701649,0.007487388283907506,544
29,5.584419846534729,0.48204528876845315,0.4350332021713257,0.19321911355101798,gini,10,sqrt,50,0.1,2,8,1000,"{'criterion': 'gini', 'max_depth': 10, 'max_features': 'sqrt', 'max_leaf_nodes': 50, 'min_impurity_decrease': 0.1, 'min_samples_leaf': 2, 'min_samples_split': 8, 'n_estimators': 1000}",0.8715103236597364,0.8683052578999024,0.8892036569228918,0.8758307783441066,0.8762125042066593,0.00796163942888332,606
30,4.429258644580841,0.27522611546108305,0.22670716047286987,0.04542499340837906,gini,10,sqrt,50,0.1,5,4,700,"{'criterion': 'gini', 'max_depth': 10, 'max_features': 'sqrt', 'max_leaf_nodes': 50, 'min_impurity_decrease': 0.1, 'min_samples_leaf': 5, 'min_samples_split': 4, 'n_estimators': 700}",0.8715103236597364,0.8683052578999024,0.8892036569228918,0.8758307783441066,0.8762125042066593,0.00796163942888332,606
31,3.0314635038375854,0.3977241154264239,0.2117101550102234,0.10496914958516763,gini,10,sqrt,50,0.1,5,4,500,"{'criterion': 'gini', 'max_depth': 10, 'max_features': 'sqrt', 'max_leaf_nodes': 50, 'min_impurity_decrease': 0.1, 'min_samples_leaf': 5, 'min_samples_split': 4, 'n_estimators': 500}",0.8715103236597364,0.8683052578999024,0.8892036569228918,0.8758307783441066,0.8762125042066593,0.00796163942888332,606
32,6.098530054092407,1.2211793484385214,0.43803268671035767,0.22944041820989594,gini,10,sqrt,50,0.1,5,4,1000,"{'criterion': 'gini', 'max_depth': 10, 'max_features': 'sqrt', 'max_leaf_nodes': 50, 'min_impurity_decrease': 0.1, 'min_samples_leaf': 5, 'min_samples_split': 4, 'n_estimators': 1000}",0.8715103236597364,0.8683052578999024,0.8892036569228918,0.8765273949552899,0.8763866583594551,0.007959003273901286,595
33,4.520314455032349,0.5322959544416344,0.22196340560913086,0.03567377596988237,gini,10,sqrt,50,0.1,5,8,700,"{'criterion': 'gini', 'max_depth': 10, 'max_features': 'sqrt', 'max_leaf_nodes': 50, 'min_impurity_decrease': 0.1, 'min_samples_leaf': 5, 'min_samples_split': 8, 'n_estimators': 700}",0.8715103236597364,0.8683052578999024,0.8892036569228918,0.8736347750109219,0.8756635033733631,0.008044317483397425,645
34,2.6352668404579163,0.33996692477640406,0.18368637561798096,0.10404687232033215,gini,10,sqrt,50,0.1,5,8,500,"{'criterion': 'gini', 'max_depth': 10, 'max_features': 'sqrt', 'max_leaf_nodes': 50, 'min_impurity_decrease': 0.1, 'min_samples_leaf': 5, 'min_samples_split': 8, 'n_estimators': 500}",0.8715103236597364,0.8712225324693245,0.8892036569228918,0.8758307783441066,0.8769418228490148,0.007310924371061591,573
35,6.036623537540436,0.399416639376088,0.2686038017272949,0.04135844498681245,gini,10,sqrt,50,0.1,5,8,1000,"{'criterion': 'gini', 'max_depth': 10, 'max_features': 'sqrt', 'max_leaf_nodes': 50, 'min_impurity_decrease': 0.1, 'min_samples_leaf': 5, 'min_samples_split': 8, 'n_estimators': 1000}",0.8772985207137588,0.8683052578999024,0.8892036569228918,0.8758046590969988,0.8776530236583879,0.007488991543861697,548
36,3.9942550659179688,0.07992389219773585,0.26847416162490845,0.08772025470607123,gini,10,sqrt,50,0.05,2,4,700,"{'criterion': 'gini', 'max_depth': 10, 'max_features': 'sqrt', 'max_leaf_nodes': 50, 'min_impurity_decrease': 0.05, 'min_samples_leaf': 2, 'min_samples_split': 4, 'n_estimators': 700}",0.8858338179896074,0.8877168293450566,0.9064424481302895,0.888555147841551,0.8921370608266261,0.008317805046308045,289
37,2.974219501018524,0.26680910025840726,0.21233361959457397,0.1050849367442837,gini,10,sqrt,50,0.05,2,4,500,"{'criterion': 'gini', 'max_depth': 10, 'max_features': 'sqrt', 'max_leaf_nodes': 50, 'min_impurity_decrease': 0.05, 'min_samples_leaf': 2, 'min_samples_split': 4, 'n_estimators': 500}",0.8858096059821685,0.8825745960223819,0.8978370583994233,0.8899984123430561,0.8890549181867574,0.00571276628694986,437
38,6.268676996231079,0.5308872255063758,0.37413811683654785,0.06781078287739445,gini,10,sqrt,50,0.05,2,4,1000,"{'criterion': 'gini', 'max_depth': 10, 'max_features': 'sqrt', 'max_leaf_nodes': 50, 'min_impurity_decrease': 0.05, 'min_samples_leaf': 2, 'min_samples_split': 4, 'n_estimators': 1000}",0.8858338179896074,0.8847559323734511,0.8964181286549707,0.8936020039165276,0.8901524707336392,0.0049732066155426325,397
39,5.696949541568756,0.2670251786479337,0.4395303726196289,0.054327857517110036,gini,10,sqrt,50,0.05,2,8,700,"{'criterion': 'gini', 'max_depth': 10, 'max_features': 'sqrt', 'max_leaf_nodes': 50, 'min_impurity_decrease': 0.05, 'min_samples_leaf': 2, 'min_samples_split': 8, 'n_estimators': 700}",0.8865309519236925,0.8891923355126723,0.8992967276716541,0.8943428990359235,0.8923407285359856,0.004900522768038096,278
40,3.2905617356300354,0.5650000657291979,0.19357097148895264,0.06029362141107922,gini,10,sqrt,50,0.05,2,8,500,"{'criterion': 'gini', 'max_depth': 10, 'max_features': 'sqrt', 'max_leaf_nodes': 50, 'min_impurity_decrease': 0.05, 'min_samples_leaf': 2, 'min_samples_split': 8, 'n_estimators': 500}",0.8904749209544762,0.8891923355126723,0.8964181286549707,0.8892769129049709,0.8913405745067725,0.002975085804771484,330
41,6.821633696556091,0.7977823922817455,0.38202065229415894,0.14447577858372007,gini,10,sqrt,50,0.05,2,8,1000,"{'criterion': 'gini', 'max_depth': 10, 'max_features': 'sqrt', 'max_leaf_nodes': 50, 'min_impurity_decrease': 0.05, 'min_samples_leaf': 2, 'min_samples_split': 8, 'n_estimators': 1000}",0.8904609471522289,0.8876886860552784,0.8985774484968885,0.8943428990359235,0.8927674951850798,0.004103410800281032,252
42,5.02384340763092,0.6780144680416301,0.2946177124977112,0.1256794037860229,gini,10,sqrt,50,0.05,5,4,700,"{'criterion': 'gini', 'max_depth': 10, 'max_features': 'sqrt', 'max_leaf_nodes': 50, 'min_impurity_decrease': 0.05, 'min_samples_leaf': 5, 'min_samples_split': 4, 'n_estimators': 700}",0.8858096059821685,0.8935531333513498,0.8992765637076461,0.8892769129049709,0.8919790539865338,0.00502730119148695,295
43,3.258818507194519,0.5422202579378153,0.16930848360061646,0.06419456098069755,gini,10,sqrt,50,0.05,5,4,500,"{'criterion': 'gini', 'max_depth': 10, 'max_features': 'sqrt', 'max_leaf_nodes': 50, 'min_impurity_decrease': 0.05, 'min_samples_leaf': 5, 'min_samples_split': 4, 'n_estimators': 500}",0.8904465329335796,0.8825745960223819,0.8964181286549707,0.8921613394216134,0.8904001492581364,0.005013963045925506,377
44,6.437342822551727,0.7489468145898696,0.3941325545310974,0.12192181678950195,gini,10,sqrt,50,0.05,5,4,1000,"{'criterion': 'gini', 'max_depth': 10, 'max_features': 'sqrt', 'max_leaf_nodes': 50, 'min_impurity_decrease': 0.05, 'min_samples_leaf': 5, 'min_samples_split': 4, 'n_estimators': 1000}",0.8858096059821685,0.8876886860552784,0.8949322848405417,0.8943219568254293,0.8906881334258545,0.004000443984039186,364
45,4.154475092887878,0.3858718628995242,0.20308667421340942,0.024676776173694872,gini,10,sqrt,50,0.05,5,8,700,"{'criterion': 'gini', 'max_depth': 10, 'max_features': 'sqrt', 'max_leaf_nodes': 50, 'min_impurity_decrease': 0.05, 'min_samples_leaf': 5, 'min_samples_split': 8, 'n_estimators': 700}",0.8843910917707669,0.8935531333513498,0.8949322848405417,0.891440623352276,0.8910792833287335,0.004056723663039663,344
46,3.3903374075889587,0.603944958848225,0.1569364070892334,0.028845257413042794,gini,10,sqrt,50,0.05,5,8,500,"{'criterion': 'gini', 'max_depth': 10, 'max_features': 'sqrt', 'max_leaf_nodes': 50, 'min_impurity_decrease': 0.05, 'min_samples_leaf': 5, 'min_samples_split': 8, 'n_estimators': 500}",0.8858096059821685,0.8884685656858958,0.8971381512251657,0.8928817988620691,0.8910745304388248,0.004316949096931975,345
47,6.450309455394745,1.1801535946746153,0.3061174154281616,0.0684457651872127,gini,10,sqrt,50,0.05,5,8,1000,"{'criterion': 'gini', 'max_depth': 10, 'max_features': 'sqrt', 'max_leaf_nodes': 50, 'min_impurity_decrease': 0.05, 'min_samples_leaf': 5, 'min_samples_split': 8, 'n_estimators': 1000}",0.8858338179896074,0.886992074077527,0.8956535460682038,0.8921613394216134,0.8901601943892379,0.003966611058893777,396
48,4.38658732175827,0.8293148450264218,0.3873881697654724,0.20268501635139133,gini,10,sqrt,100,0.1,2,4,700,"{'criterion': 'gini', 'max_depth': 10, 'max_features': 'sqrt', 'max_leaf_nodes': 100, 'min_impurity_decrease': 0.1, 'min_samples_leaf': 2, 'min_samples_split': 4, 'n_estimators': 700}",0.8715103236597364,0.8683052578999024,0.8892036569228918,0.8765273949552899,0.8763866583594551,0.007959003273901286,595
49,3.1199259757995605,0.5326437386963241,0.18982088565826416,0.04073091280621078,gini,10,sqrt,100,0.1,2,4,500,"{'criterion': 'gini', 'max_depth': 10, 'max_features': 'sqrt', 'max_leaf_nodes': 100, 'min_impurity_decrease': 0.1, 'min_samples_leaf': 2, 'min_samples_split': 4, 'n_estimators': 500}",0.8772985207137588,0.8683052578999024,0.8892036569228918,0.8758046590969988,0.8776530236583879,0.007488991543861697,548
50,6.71004581451416,0.42265340426582787,0.38963234424591064,0.07871723748386333,gini,10,sqrt,100,0.1,2,4,1000,"{'criterion': 'gini', 'max_depth': 10, 'max_features': 'sqrt', 'max_leaf_nodes': 100, 'min_impurity_decrease': 0.1, 'min_samples_leaf': 2, 'min_samples_split': 4, 'n_estimators': 1000}",0.8715103236597364,0.8683052578999024,0.892092616863259,0.8736347750109219,0.876385743358455,0.009264686511555275,602
51,4.202350914478302,0.6439039498084584,0.30748796463012695,0.07201586646251777,gini,10,sqrt,100,0.1,2,8,700,"{'criterion': 'gini', 'max_depth': 10, 'max_features': 'sqrt', 'max_leaf_nodes': 100, 'min_impurity_decrease': 0.1, 'min_samples_leaf': 2, 'min_samples_split': 8, 'n_estimators': 700}",0.8715103236597364,0.8683052578999024,0.8892036569228918,0.8758307783441066,0.8762125042066593,0.00796163942888332,606
52,3.4941211938858032,0.5280811558236603,0.28459465503692627,0.09381215937076186,gini,10,sqrt,100,0.1,2,8,500,"{'criterion': 'gini', 'max_depth': 10, 'max_features': 'sqrt', 'max_leaf_nodes': 100, 'min_impurity_decrease': 0.1, 'min_samples_leaf': 2, 'min_samples_split': 8, 'n_estimators': 500}",0.8715103236597364,0.8683052578999024,0.8892036569228918,0.8758046590969988,0.8762059743948823,0.007961960531611596,617
53,6.359071135520935,0.3896161939712625,0.30859941244125366,0.0942832887302283,gini,10,sqrt,100,0.1,2,8,1000,"{'criterion': 'gini', 'max_depth': 10, 'max_features': 'sqrt', 'max_leaf_nodes': 100, 'min_impurity_decrease': 0.1, 'min_samples_leaf': 2, 'min_samples_split': 8, 'n_estimators': 1000}",0.8715103236597364,0.8683052578999024,0.892092616863259,0.8765273949552899,0.877108898344547,0.009133702568231783,569
54,4.765514612197876,0.3158491354275238,0.3772326707839966,0.043592600525968854,gini,10,sqrt,100,0.1,5,4,700,"{'criterion': 'gini', 'max_depth': 10, 'max_features': 'sqrt', 'max_leaf_nodes': 100, 'min_impurity_decrease': 0.1, 'min_samples_leaf': 5, 'min_samples_split': 4, 'n_estimators': 700}",0.8729591006804458,0.8683052578999024,0.8892036569228918,0.8736347750109219,0.8760256976285405,0.00788010673424887,627
55,3.5628597140312195,0.35100104946754906,0.23795604705810547,0.0668709272596261,gini,10,sqrt,100,0.1,5,4,500,"{'criterion': 'gini', 'max_depth': 10, 'max_features': 'sqrt', 'max_leaf_nodes': 100, 'min_impurity_decrease': 0.1, 'min_samples_leaf': 5, 'min_samples_split': 4, 'n_estimators': 500}",0.8772985207137588,0.8683052578999024,0.8892036569228918,0.8901304767807556,0.8812344780793271,0.00901808043832155,509
56,6.111313045024872,0.5973884847163745,0.26160359382629395,0.015227303116071232,gini,10,sqrt,100,0.1,5,4,1000,"{'criterion': 'gini', 'max_depth': 10, 'max_features': 'sqrt', 'max_leaf_nodes': 100, 'min_impurity_decrease': 0.1, 'min_samples_leaf': 5, 'min_samples_split': 4, 'n_estimators': 1000}",0.8729591006804458,0.8683052578999024,0.8892036569228918,0.8736347750109219,0.8760256976285405,0.00788010673424887,627
57,4.91061931848526,0.4386592586474726,0.1802005171775818,0.008089140895864369,gini,10,sqrt,100,0.1,5,8,700,"{'criterion': 'gini', 'max_depth': 10, 'max_features': 'sqrt', 'max_leaf_nodes': 100, 'min_impurity_decrease': 0.1, 'min_samples_leaf': 5, 'min_samples_split': 8, 'n_estimators': 700}",0.8729591006804458,0.8683052578999024,0.8892036569228918,0.8736347750109219,0.8760256976285405,0.00788010673424887,627
58,3.2273120880126953,0.4609045883348028,0.191325843334198,0.018005310711882376,gini,10,sqrt,100,0.1,5,8,500,"{'criterion': 'gini', 'max_depth': 10, 'max_features': 'sqrt', 'max_leaf_nodes': 100, 'min_impurity_decrease': 0.1, 'min_samples_leaf': 5, 'min_samples_split': 8, 'n_estimators': 500}",0.8772985207137588,0.874861859061143,0.8842188528407288,0.8736347750109219,0.8775035019066382,0.004095219169172142,552
59,5.791100025177002,0.49956932764826834,0.39439135789871216,0.21227958461103186,gini,10,sqrt,100,0.1,5,8,1000,"{'criterion': 'gini', 'max_depth': 10, 'max_features': 'sqrt', 'max_leaf_nodes': 100, 'min_impurity_decrease': 0.1, 'min_samples_leaf': 5, 'min_samples_split': 8, 'n_estimators': 1000}",0.8715103236597364,0.8683052578999024,0.892092616863259,0.8765273949552899,0.877108898344547,0.009133702568231783,569
60,4.222518146038055,0.3419239662128297,0.4219112992286682,0.17166274560089473,gini,10,sqrt,100,0.05,2,4,700,"{'criterion': 'gini', 'max_depth': 10, 'max_features': 'sqrt', 'max_leaf_nodes': 100, 'min_impurity_decrease': 0.05, 'min_samples_leaf': 2, 'min_samples_split': 4, 'n_estimators': 700}",0.8858096059821685,0.8891923355126723,0.8999959457207082,0.8892769129049709,0.89106870003013,0.005340529719267341,347
61,3.3534226417541504,0.1783926476994698,0.16081124544143677,0.03661240587697401,gini,10,sqrt,100,0.05,2,4,500,"{'criterion': 'gini', 'max_depth': 10, 'max_features': 'sqrt', 'max_leaf_nodes': 100, 'min_impurity_decrease': 0.05, 'min_samples_leaf': 2, 'min_samples_split': 4, 'n_estimators': 500}",0.8865547815199499,0.8891923355126723,0.8971381512251657,0.8921613394216134,0.8912616519198503,0.003929993035638725,332
62,6.198336541652679,0.5210987647341393,0.37490183115005493,0.13969968030812077,gini,10,sqrt,100,0.05,2,4,1000,"{'criterion': 'gini', 'max_depth': 10, 'max_features': 'sqrt', 'max_leaf_nodes': 100, 'min_impurity_decrease': 0.05, 'min_samples_leaf': 2, 'min_samples_split': 4, 'n_estimators': 1000}",0.8858338179896074,0.8884685656858958,0.8992967276716541,0.8921613394216134,0.8914401126921927,0.005062291942233206,322
63,5.15343576669693,0.7771649441663064,0.31662124395370483,0.13438143740244257,gini,10,sqrt,100,0.05,2,8,700,"{'criterion': 'gini', 'max_depth': 10, 'max_features': 'sqrt', 'max_leaf_nodes': 100, 'min_impurity_decrease': 0.05, 'min_samples_leaf': 2, 'min_samples_split': 8, 'n_estimators': 700}",0.8865309519236925,0.8942508715161253,0.8964181286549707,0.8921613394216134,0.8923403228791005,0.0036762590365665955,279
64,3.2879582047462463,0.7053616904791871,0.15169376134872437,0.03125849091644995,gini,10,sqrt,100,0.05,2,8,500,"{'criterion': 'gini', 'max_depth': 10, 'max_features': 'sqrt', 'max_leaf_nodes': 100, 'min_impurity_decrease': 0.05, 'min_samples_leaf': 2, 'min_samples_split': 8, 'n_estimators': 500}",0.8858338179896074,0.897899303367955,0.8985774484968885,0.891440623352276,0.8934377983016817,0.005199284949644972,234
65,6.800008416175842,1.1356603365071978,0.42052531242370605,0.15927063703769312,gini,10,sqrt,100,0.05,2,8,1000,"{'criterion': 'gini', 'max_depth': 10, 'max_features': 'sqrt', 'max_leaf_nodes': 100, 'min_impurity_decrease': 0.05, 'min_samples_leaf': 2, 'min_samples_split': 8, 'n_estimators': 1000}",0.8858096059821685,0.88844129194551,0.8971381512251657,0.8943428990359235,0.8914329870471919,0.004516335358000171,326
66,4.651730120182037,0.3991617929178789,0.3541342616081238,0.07030036045707812,gini,10,sqrt,100,0.05,5,4,700,"{'criterion': 'gini', 'max_depth': 10, 'max_features': 'sqrt', 'max_leaf_nodes': 100, 'min_impurity_decrease': 0.05, 'min_samples_leaf': 5, 'min_samples_split': 4, 'n_estimators': 700}",0.8904609471522289,0.886992074077527,0.8949322848405417,0.8943219568254293,0.8916768157239316,0.00320234255246242,307
67,2.9733633399009705,0.45021288202636167,0.18944823741912842,0.041721941841045794,gini,10,sqrt,100,0.05,5,4,500,"{'criterion': 'gini', 'max_depth': 10, 'max_features': 'sqrt', 'max_leaf_nodes': 100, 'min_impurity_decrease': 0.05, 'min_samples_leaf': 5, 'min_samples_split': 4, 'n_estimators': 500}",0.8858096059821685,0.8891654641654642,0.8992967276716541,0.8907196484087048,0.8912478615569979,0.00497429033770448,334
68,6.814581632614136,0.7307195706713678,0.37899070978164673,0.20144179258954542,gini,10,sqrt,100,0.05,5,4,1000,"{'criterion': 'gini', 'max_depth': 10, 'max_features': 'sqrt', 'max_leaf_nodes': 100, 'min_impurity_decrease': 0.05, 'min_samples_leaf': 5, 'min_samples_split': 4, 'n_estimators': 1000}",0.8858096059821685,0.8884685656858958,0.9035892386875746,0.891440623352276,0.8923270084269788,0.006800507774371887,281
69,4.831368863582611,0.4798825674586453,0.28297144174575806,0.1462070655314518,gini,10,sqrt,100,0.05,5,8,700,"{'criterion': 'gini', 'max_depth': 10, 'max_features': 'sqrt', 'max_leaf_nodes': 100, 'min_impurity_decrease': 0.05, 'min_samples_leaf': 5, 'min_samples_split': 8, 'n_estimators': 700}",0.8843910917707669,0.8876600780207988,0.9035892386875746,0.8936020039165276,0.892310603098917,0.007301050951615835,283
70,3.7819573879241943,0.43819953182272836,0.2420898675918579,0.1511080323787611,gini,10,sqrt,100,0.05,5,8,500,"{'criterion': 'gini', 'max_depth': 10, 'max_features': 'sqrt', 'max_leaf_nodes': 100, 'min_impurity_decrease': 0.05, 'min_samples_leaf': 5, 'min_samples_split': 8, 'n_estimators': 500}",0.8951864393235642,0.8883853614392897,0.8971381512251657,0.891440623352276,0.893037643835074,0.0033773395158080235,243
71,7.880781590938568,1.496546594217347,0.512370228767395,0.3951360988160629,gini,10,sqrt,100,0.05,5,8,1000,"{'criterion': 'gini', 'max_depth': 10, 'max_features': 'sqrt', 'max_leaf_nodes': 100, 'min_impurity_decrease': 0.05, 'min_samples_leaf': 5, 'min_samples_split': 8, 'n_estimators': 1000}",0.8858096059821685,0.886992074077527,0.8971381512251657,0.8921613394216134,0.8905252926766186,0.004503550871370305,374
72,3.9386301040649414,0.7644431771840677,0.26095008850097656,0.10128651996287732,gini,10,log2,10,0.1,2,4,700,"{'criterion': 'gini', 'max_depth': 10, 'max_features': 'log2', 'max_leaf_nodes': 10, 'min_impurity_decrease': 0.1, 'min_samples_leaf': 2, 'min_samples_split': 4, 'n_estimators': 700}",0.8715103236597364,0.8683052578999024,0.8892036569228918,0.8758046590969988,0.8762059743948823,0.007961960531611596,617
73,2.774581253528595,0.42697561409125667,0.12916582822799683,0.013609059741641253,gini,10,log2,10,0.1,2,4,500,"{'criterion': 'gini', 'max_depth': 10, 'max_features': 'log2', 'max_leaf_nodes': 10, 'min_impurity_decrease': 0.1, 'min_samples_leaf': 2, 'min_samples_split': 4, 'n_estimators': 500}",0.8729591006804458,0.8683052578999024,0.8892036569228918,0.8765273949552899,0.8767488526146325,0.00775931223242766,580
74,6.972761809825897,0.995659803891078,0.5116792321205139,0.12927408072622365,gini,10,log2,10,0.1,2,4,1000,"{'criterion': 'gini', 'max_depth': 10, 'max_features': 'log2', 'max_leaf_nodes': 10, 'min_impurity_decrease': 0.1, 'min_samples_leaf': 2, 'min_samples_split': 4, 'n_estimators': 1000}",0.8729591006804458,0.8755887786743675,0.8892036569228918,0.8736347750109219,0.8778465778221567,0.006627737517878637,540
75,4.949177145957947,0.9098545220359481,0.3690747022628784,0.19733584334477589,gini,10,log2,10,0.1,2,8,700,"{'criterion': 'gini', 'max_depth': 10, 'max_features': 'log2', 'max_leaf_nodes': 10, 'min_impurity_decrease': 0.1, 'min_samples_leaf': 2, 'min_samples_split': 8, 'n_estimators': 700}",0.8729591006804458,0.8683052578999024,0.892092616863259,0.8736347750109219,0.8767479376136322,0.009093749071749006,586
76,2.813070297241211,0.14906316139840323,0.17066335678100586,0.04489204374343541,gini,10,log2,10,0.1,2,8,500,"{'criterion': 'gini', 'max_depth': 10, 'max_features': 'log2', 'max_leaf_nodes': 10, 'min_impurity_decrease': 0.1, 'min_samples_leaf': 2, 'min_samples_split': 8, 'n_estimators': 500}",0.8715103236597364,0.8683052578999024,0.8842188528407288,0.8736347750109219,0.8744173023528223,0.0059684661665357,722
77,6.494739294052124,1.370464604463721,0.4085226058959961,0.1699073709096671,gini,10,log2,10,0.1,2,8,1000,"{'criterion': 'gini', 'max_depth': 10, 'max_features': 'log2', 'max_leaf_nodes': 10, 'min_impurity_decrease': 0.1, 'min_samples_leaf': 2, 'min_samples_split': 8, 'n_estimators': 1000}",0.8715103236597364,0.8683052578999024,0.8892036569228918,0.8765273949552899,0.8763866583594551,0.007959003273901286,595
78,3.777556598186493,0.6182582413950632,0.21571040153503418,0.07281076323610688,gini,10,log2,10,0.1,5,4,700,"{'criterion': 'gini', 'max_depth': 10, 'max_features': 'log2', 'max_leaf_nodes': 10, 'min_impurity_decrease': 0.1, 'min_samples_leaf': 5, 'min_samples_split': 4, 'n_estimators': 700}",0.8715103236597364,0.8683052578999024,0.8892036569228918,0.8758046590969988,0.8762059743948823,0.007961960531611596,617
79,2.597146511077881,0.4293847726036471,0.33710217475891113,0.1259891353476706,gini,10,log2,10,0.1,5,4,500,"{'criterion': 'gini', 'max_depth': 10, 'max_features': 'log2', 'max_leaf_nodes': 10, 'min_impurity_decrease': 0.1, 'min_samples_leaf': 5, 'min_samples_split': 4, 'n_estimators': 500}",0.8715103236597364,0.8683052578999024,0.8892036569228918,0.8736347750109219,0.8756635033733631,0.008044317483397425,645
80,7.132929563522339,1.0940127657247358,0.35711050033569336,0.09564208432876899,gini,10,log2,10,0.1,5,4,1000,"{'criterion': 'gini', 'max_depth': 10, 'max_features': 'log2', 'max_leaf_nodes': 10, 'min_impurity_decrease': 0.1, 'min_samples_leaf': 5, 'min_samples_split': 4, 'n_estimators': 1000}",0.8772985207137588,0.8683052578999024,0.8892036569228918,0.8736347750109219,0.8771105526368688,0.007679400184591876,559
81,4.879846513271332,1.270110530460242,0.29833322763442993,0.09885086078637963,gini,10,log2,10,0.1,5,8,700,"{'criterion': 'gini', 'max_depth': 10, 'max_features': 'log2', 'max_leaf_nodes': 10, 'min_impurity_decrease': 0.1, 'min_samples_leaf': 5, 'min_samples_split': 8, 'n_estimators': 700}",0.8715103236597364,0.8683052578999024,0.8941632458482736,0.8736347750109219,0.8769034006047085,0.010143957659744693,577
82,3.6269158124923706,1.1288765861193495,0.2460765838623047,0.06790326834905215,gini,10,log2,10,0.1,5,8,500,"{'criterion': 'gini', 'max_depth': 10, 'max_features': 'log2', 'max_leaf_nodes': 10, 'min_impurity_decrease': 0.1, 'min_samples_leaf': 5, 'min_samples_split': 8, 'n_estimators': 500}",0.8715103236597364,0.8712225324693245,0.8892036569228918,0.8736347750109219,0.8763928220157187,0.007454780320191165,593
83,6.117550730705261,0.7226437840970587,0.34812527894973755,0.08402553727760449,gini,10,log2,10,0.1,5,8,1000,"{'criterion': 'gini', 'max_depth': 10, 'max_features': 'log2', 'max_leaf_nodes': 10, 'min_impurity_decrease': 0.1, 'min_samples_leaf': 5, 'min_samples_split': 8, 'n_estimators': 1000}",0.8715103236597364,0.8683052578999024,0.892092616863259,0.8758307783441066,0.8769347441917511,0.009149757049886072,574
84,4.53164142370224,1.3239489318319093,0.22719943523406982,0.045251554835618595,gini,10,log2,10,0.05,2,4,700,"{'criterion': 'gini', 'max_depth': 10, 'max_features': 'log2', 'max_leaf_nodes': 10, 'min_impurity_decrease': 0.05, 'min_samples_leaf': 2, 'min_samples_split': 4, 'n_estimators': 700}",0.8858338179896074,0.8935531333513498,0.8992967276716541,0.8921613394216134,0.8927112546085562,0.004787451212358331,257
85,3.87253600358963,0.7101303158322021,0.18282091617584229,0.03180254830427946,gini,10,log2,10,0.05,2,4,500,"{'criterion': 'gini', 'max_depth': 10, 'max_features': 'log2', 'max_leaf_nodes': 10, 'min_impurity_decrease': 0.05, 'min_samples_leaf': 2, 'min_samples_split': 4, 'n_estimators': 500}",0.8858338179896074,0.8891654641654642,0.8971381512251657,0.893623303878508,0.8914401843146863,0.004296467533658189,321
86,6.723487436771393,0.48751675993048976,0.3523777723312378,0.0788817602307135,gini,10,log2,10,0.05,2,4,1000,"{'criterion': 'gini', 'max_depth': 10, 'max_features': 'log2', 'max_leaf_nodes': 10, 'min_impurity_decrease': 0.05, 'min_samples_leaf': 2, 'min_samples_split': 4, 'n_estimators': 1000}",0.8879728467509505,0.8883853614392897,0.8949322848405417,0.8892769129049709,0.8901418514839382,0.002805628686146725,398
87,4.3833876848220825,0.8259982062360223,0.23533779382705688,0.035258777520454275,gini,10,log2,10,0.05,2,8,700,"{'criterion': 'gini', 'max_depth': 10, 'max_features': 'log2', 'max_leaf_nodes': 10, 'min_impurity_decrease': 0.05, 'min_samples_leaf': 2, 'min_samples_split': 8, 'n_estimators': 700}",0.8879728467509505,0.8891654641654642,0.8949322848405417,0.891440623352276,0.890877804777308,0.0026517194816456898,356
88,3.261631965637207,0.6728885976775238,0.2339472770690918,0.12031659010170152,gini,10,log2,10,0.05,2,8,500,"{'criterion': 'gini', 'max_depth': 10, 'max_features': 'log2', 'max_leaf_nodes': 10, 'min_impurity_decrease': 0.05, 'min_samples_leaf': 2, 'min_samples_split': 8, 'n_estimators': 500}",0.8865309519236925,0.886992074077527,0.8964181286549707,0.8928817988620691,0.8907057383795648,0.0041408569880652096,362
89,7.065973579883575,0.6641253307426205,0.45115596055984497,0.11454617579831479,gini,10,log2,10,0.05,2,8,1000,"{'criterion': 'gini', 'max_depth': 10, 'max_features': 'log2', 'max_leaf_nodes': 10, 'min_impurity_decrease': 0.05, 'min_samples_leaf': 2, 'min_samples_split': 8, 'n_estimators': 1000}",0.8858338179896074,0.8935531333513498,0.8992765637076461,0.8921613394216134,0.8927062136175541,0.004780519921992998,259
90,4.304879903793335,0.796287505017071,0.25570398569107056,0.04622906534350502,gini,10,log2,10,0.05,5,4,700,"{'criterion': 'gini', 'max_depth': 10, 'max_features': 'log2', 'max_leaf_nodes': 10, 'min_impurity_decrease': 0.05, 'min_samples_leaf': 5, 'min_samples_split': 4, 'n_estimators': 700}",0.8865309519236925,0.8862380536919482,0.8999959457207082,0.8921613394216134,0.8912315726894905,0.005583676395735292,338
91,3.9494881629943848,0.5924427521203676,0.2238113284111023,0.04458521014437951,gini,10,log2,10,0.05,5,4,500,"{'criterion': 'gini', 'max_depth': 10, 'max_features': 'log2', 'max_leaf_nodes': 10, 'min_impurity_decrease': 0.05, 'min_samples_leaf': 5, 'min_samples_split': 4, 'n_estimators': 500}",0.8890178931515687,0.8862086121944565,0.8964181286549707,0.8943428990359235,0.8914968832592298,0.004075219774892247,318
92,6.32032573223114,0.6238201668480331,0.41839468479156494,0.09128079199023723,gini,10,log2,10,0.05,5,4,1000,"{'criterion': 'gini', 'max_depth': 10, 'max_features': 'log2', 'max_leaf_nodes': 10, 'min_impurity_decrease': 0.05, 'min_samples_leaf': 5, 'min_samples_split': 4, 'n_estimators': 1000}",0.8904465329335796,0.8891654641654642,0.8949322848405417,0.8878331148973351,0.8905943492092301,0.0026695347247336007,367
93,4.576259911060333,0.7479538149613895,0.21757793426513672,0.041446408592489034,gini,10,log2,10,0.05,5,8,700,"{'criterion': 'gini', 'max_depth': 10, 'max_features': 'log2', 'max_leaf_nodes': 10, 'min_impurity_decrease': 0.05, 'min_samples_leaf': 5, 'min_samples_split': 8, 'n_estimators': 700}",0.8858338179896074,0.88844129194551,0.8912969249907117,0.8921613394216134,0.8894333435868605,0.0024927719464280886,430
94,3.1652445197105408,0.6635127990427938,0.22070002555847168,0.06273051259590913,gini,10,log2,10,0.05,5,8,500,"{'criterion': 'gini', 'max_depth': 10, 'max_features': 'log2', 'max_leaf_nodes': 10, 'min_impurity_decrease': 0.05, 'min_samples_leaf': 5, 'min_samples_split': 8, 'n_estimators': 500}",0.8898015303682448,0.8862086121944565,0.8992967276716541,0.8943428990359235,0.8924124423175698,0.004909796772308231,272
95,6.3482466340065,1.2012893106797722,0.4005022644996643,0.12372522028554644,gini,10,log2,10,0.05,5,8,1000,"{'criterion': 'gini', 'max_depth': 10, 'max_features': 'log2', 'max_leaf_nodes': 10, 'min_impurity_decrease': 0.05, 'min_samples_leaf': 5, 'min_samples_split': 8, 'n_estimators': 1000}",0.8858096059821685,0.8891923355126723,0.8964181286549707,0.8921613394216134,0.8908953523928562,0.0039009250135823895,354
96,3.8207703232765198,0.48707092234836125,0.2283264398574829,0.03621550862606588,gini,10,log2,50,0.1,2,4,700,"{'criterion': 'gini', 'max_depth': 10, 'max_features': 'log2', 'max_leaf_nodes': 50, 'min_impurity_decrease': 0.1, 'min_samples_leaf': 2, 'min_samples_split': 4, 'n_estimators': 700}",0.8729591006804458,0.8683052578999024,0.8892036569228918,0.8736347750109219,0.8760256976285405,0.00788010673424887,627
97,3.0677398443222046,0.44608518786401385,0.2096964716911316,0.045843312188959436,gini,10,log2,50,0.1,2,4,500,"{'criterion': 'gini', 'max_depth': 10, 'max_features': 'log2', 'max_leaf_nodes': 50, 'min_impurity_decrease': 0.1, 'min_samples_leaf': 2, 'min_samples_split': 4, 'n_estimators': 500}",0.8729591006804458,0.8683052578999024,0.892092616863259,0.8758046590969988,0.8772904086351515,0.008955528773501023,556
98,6.341291666030884,1.6632518016549858,0.29560256004333496,0.04974317706157256,gini,10,log2,50,0.1,2,4,1000,"{'criterion': 'gini', 'max_depth': 10, 'max_features': 'log2', 'max_leaf_nodes': 50, 'min_impurity_decrease': 0.1, 'min_samples_leaf': 2, 'min_samples_split': 4, 'n_estimators': 1000}",0.8715103236597364,0.8683052578999024,0.8892036569228918,0.8736347750109219,0.8756635033733631,0.008044317483397425,645
99,4.176165997982025,1.0742104788317353,0.2597235441207886,0.08404806953546204,gini,10,log2,50,0.1,2,8,700,"{'criterion': 'gini', 'max_depth': 10, 'max_features': 'log2', 'max_leaf_nodes': 50, 'min_impurity_decrease': 0.1, 'min_samples_leaf': 2, 'min_samples_split': 8, 'n_estimators': 700}",0.8715103236597364,0.8683052578999024,0.8892036569228918,0.8736347750109219,0.8756635033733631,0.008044317483397425,645
100,3.6593998670578003,0.7723354423828627,0.2620839476585388,0.13051856708085063,gini,10,log2,50,0.1,2,8,500,"{'criterion': 'gini', 'max_depth': 10, 'max_features': 'log2', 'max_leaf_nodes': 50, 'min_impurity_decrease': 0.1, 'min_samples_leaf': 2, 'min_samples_split': 8, 'n_estimators': 500}",0.8715103236597364,0.8683052578999024,0.886310299869622,0.8736347750109219,0.8749401641100456,0.006833187649685941,699
101,7.005417764186859,1.2522998374154906,0.45365357398986816,0.13135708706881993,gini,10,log2,50,0.1,2,8,1000,"{'criterion': 'gini', 'max_depth': 10, 'max_features': 'log2', 'max_leaf_nodes': 50, 'min_impurity_decrease': 0.1, 'min_samples_leaf': 2, 'min_samples_split': 8, 'n_estimators': 1000}",0.8729591006804458,0.8683052578999024,0.8941632458482736,0.8765273949552899,0.877988749845978,0.009782858299633886,539
102,4.148219168186188,0.34299007131124865,0.30897843837738037,0.09287568479579515,gini,10,log2,50,0.1,5,4,700,"{'criterion': 'gini', 'max_depth': 10, 'max_features': 'log2', 'max_leaf_nodes': 50, 'min_impurity_decrease': 0.1, 'min_samples_leaf': 5, 'min_samples_split': 4, 'n_estimators': 700}",0.8729591006804458,0.8683052578999024,0.8892036569228918,0.8758307783441066,0.8765746984618367,0.007770138407338412,589
103,2.8801189064979553,0.4538488189630817,0.20483338832855225,0.05451281775942079,gini,10,log2,50,0.1,5,4,500,"{'criterion': 'gini', 'max_depth': 10, 'max_features': 'log2', 'max_leaf_nodes': 50, 'min_impurity_decrease': 0.1, 'min_samples_leaf': 5, 'min_samples_split': 4, 'n_estimators': 500}",0.8715103236597364,0.8683052578999024,0.886310299869622,0.8736347750109219,0.8749401641100456,0.006833187649685941,699
104,5.771744728088379,0.8094766115715082,0.3488713502883911,0.14094182119824025,gini,10,log2,50,0.1,5,4,1000,"{'criterion': 'gini', 'max_depth': 10, 'max_features': 'log2', 'max_leaf_nodes': 50, 'min_impurity_decrease': 0.1, 'min_samples_leaf': 5, 'min_samples_split': 4, 'n_estimators': 1000}",0.8715103236597364,0.8683052578999024,0.8892036569228918,0.8736347750109219,0.8756635033733631,0.008044317483397425,645
105,4.256970822811127,0.5951242397606012,0.24409043788909912,0.06526978366112722,gini,10,log2,50,0.1,5,8,700,"{'criterion': 'gini', 'max_depth': 10, 'max_features': 'log2', 'max_leaf_nodes': 50, 'min_impurity_decrease': 0.1, 'min_samples_leaf': 5, 'min_samples_split': 8, 'n_estimators': 700}",0.8772985207137588,0.8683052578999024,0.8892036569228918,0.8736347750109219,0.8771105526368688,0.007679400184591876,559
106,2.969655990600586,0.497258290792599,0.16280263662338257,0.03453614130646064,gini,10,log2,50,0.1,5,8,500,"{'criterion': 'gini', 'max_depth': 10, 'max_features': 'log2', 'max_leaf_nodes': 50, 'min_impurity_decrease': 0.1, 'min_samples_leaf': 5, 'min_samples_split': 8, 'n_estimators': 500}",0.8729591006804458,0.8683052578999024,0.8892036569228918,0.8901304767807556,0.8801496230709989,0.009664180879957138,527
107,7.816224038600922,1.0497958394798954,0.6581729650497437,0.2990228645495551,gini,10,log2,50,0.1,5,8,1000,"{'criterion': 'gini', 'max_depth': 10, 'max_features': 'log2', 'max_leaf_nodes': 50, 'min_impurity_decrease': 0.1, 'min_samples_leaf': 5, 'min_samples_split': 8, 'n_estimators': 1000}",0.8715103236597364,0.8683052578999024,0.8892036569228918,0.8765273949552899,0.8763866583594551,0.007959003273901286,595
108,5.167263984680176,1.3389756952675367,0.3769882917404175,0.23501958920044783,gini,10,log2,50,0.05,2,4,700,"{'criterion': 'gini', 'max_depth': 10, 'max_features': 'log2', 'max_leaf_nodes': 50, 'min_impurity_decrease': 0.05, 'min_samples_leaf': 2, 'min_samples_split': 4, 'n_estimators': 700}",0.8858338179896074,0.8883853614392897,0.8992967276716541,0.8921613394216134,0.8914193116305411,0.0050746152983111486,327
109,4.006108820438385,0.9471736709142771,0.2764524221420288,0.10366532970702663,gini,10,log2,50,0.05,2,4,500,"{'criterion': 'gini', 'max_depth': 10, 'max_features': 'log2', 'max_leaf_nodes': 50, 'min_impurity_decrease': 0.05, 'min_samples_leaf': 2, 'min_samples_split': 4, 'n_estimators': 500}",0.8858096059821685,0.8883853614392897,0.9043071894542065,0.8928817988620691,0.8928459889344333,0.0070846362363695264,251
110,7.643315434455872,2.2550529216567567,0.40811288356781006,0.22585407465099586,gini,10,log2,50,0.05,2,4,1000,"{'criterion': 'gini', 'max_depth': 10, 'max_features': 'log2', 'max_leaf_nodes': 50, 'min_impurity_decrease': 0.05, 'min_samples_leaf': 2, 'min_samples_split': 4, 'n_estimators': 1000}",0.8858096059821685,0.8891654641654642,0.8992967276716541,0.898223520398391,0.8931238295544195,0.005772305451186677,239
111,3.8365153074264526,0.4003038286182868,0.17867398262023926,0.01343820160582642,gini,10,log2,50,0.05,2,8,700,"{'criterion': 'gini', 'max_depth': 10, 'max_features': 'log2', 'max_leaf_nodes': 50, 'min_impurity_decrease': 0.05, 'min_samples_leaf': 2, 'min_samples_split': 8, 'n_estimators': 700}",0.8858338179896074,0.8862086121944565,0.8985774484968885,0.888555147841551,0.8897937566306258,0.005177397251579441,412
112,3.113254129886627,0.6614483452868412,0.27132564783096313,0.18237690524901776,gini,10,log2,50,0.05,2,8,500,"{'criterion': 'gini', 'max_depth': 10, 'max_features': 'log2', 'max_leaf_nodes': 50, 'min_impurity_decrease': 0.05, 'min_samples_leaf': 2, 'min_samples_split': 8, 'n_estimators': 500}",0.8865309519236925,0.8825745960223819,0.8956535460682038,0.904627791878742,0.892346721473255,0.008530495156898979,277
113,7.39123660326004,1.7164968233240998,0.2639520764350891,0.046250622053968994,gini,10,log2,50,0.05,2,8,1000,"{'criterion': 'gini', 'max_depth': 10, 'max_features': 'log2', 'max_leaf_nodes': 50, 'min_impurity_decrease': 0.05, 'min_samples_leaf': 2, 'min_samples_split': 8, 'n_estimators': 1000}",0.8858338179896074,0.8891654641654642,0.8985774484968885,0.8921613394216134,0.8914345175183933,0.004692178901446758,324
114,4.580019235610962,1.6886760703681176,0.32810741662979126,0.19673012579892565,gini,10,log2,50,0.05,5,4,700,"{'criterion': 'gini', 'max_depth': 10, 'max_features': 'log2', 'max_leaf_nodes': 50, 'min_impurity_decrease': 0.05, 'min_samples_leaf': 5, 'min_samples_split': 4, 'n_estimators': 700}",0.8858096059821685,0.8884685656858958,0.896352118829183,0.888555147841551,0.8897963595846996,0.003942582490828644,410
115,3.154590368270874,0.7348277682279797,0.22969573736190796,0.06998341364391435,gini,10,log2,50,0.05,5,4,500,"{'criterion': 'gini', 'max_depth': 10, 'max_features': 'log2', 'max_leaf_nodes': 50, 'min_impurity_decrease': 0.05, 'min_samples_leaf': 5, 'min_samples_split': 4, 'n_estimators': 500}",0.8843910917707669,0.8847559323734511,0.9028710549449559,0.8921613394216134,0.8910448546276968,0.007498810830978353,348
116,8.189341247081757,2.514812745213067,0.4217487573623657,0.18242827657922006,gini,10,log2,50,0.05,5,4,1000,"{'criterion': 'gini', 'max_depth': 10, 'max_features': 'log2', 'max_leaf_nodes': 50, 'min_impurity_decrease': 0.05, 'min_samples_leaf': 5, 'min_samples_split': 4, 'n_estimators': 1000}",0.8843661057922008,0.8891923355126723,0.8964181286549707,0.891440623352276,0.8903542983280299,0.004334707248553938,383
117,5.571447014808655,2.0080712474717184,0.2718212604522705,0.167009526666089,gini,10,log2,50,0.05,5,8,700,"{'criterion': 'gini', 'max_depth': 10, 'max_features': 'log2', 'max_leaf_nodes': 50, 'min_impurity_decrease': 0.05, 'min_samples_leaf': 5, 'min_samples_split': 8, 'n_estimators': 700}",0.8865309519236925,0.8869635189098539,0.8971381512251657,0.8892769129049709,0.8899773837409207,0.0042640510036285086,403
118,3.9993095993995667,1.93872173224305,0.1346653699874878,0.01879749380573499,gini,10,log2,50,0.05,5,8,500,"{'criterion': 'gini', 'max_depth': 10, 'max_features': 'log2', 'max_leaf_nodes': 50, 'min_impurity_decrease': 0.05, 'min_samples_leaf': 5, 'min_samples_split': 8, 'n_estimators': 500}",0.8904749209544762,0.8854824251854594,0.8964181286549707,0.8921613394216134,0.8911342035541299,0.0039163798601624675,341
119,7.856321632862091,2.320951367351002,0.30221545696258545,0.06422205061683396,gini,10,log2,50,0.05,5,8,1000,"{'criterion': 'gini', 'max_depth': 10, 'max_features': 'log2', 'max_leaf_nodes': 50, 'min_impurity_decrease': 0.05, 'min_samples_leaf': 5, 'min_samples_split': 8, 'n_estimators': 1000}",0.8843661057922008,0.8891923355126723,0.8978370583994233,0.8921613394216134,0.8908892097814773,0.004881628370181786,355
120,5.013725101947784,1.7034466409089402,0.249700129032135,0.06803378825679537,gini,10,log2,100,0.1,2,4,700,"{'criterion': 'gini', 'max_depth': 10, 'max_features': 'log2', 'max_leaf_nodes': 100, 'min_impurity_decrease': 0.1, 'min_samples_leaf': 2, 'min_samples_split': 4, 'n_estimators': 700}",0.8772985207137588,0.8683052578999024,0.8892036569228918,0.8736347750109219,0.8771105526368688,0.007679400184591876,559
121,2.4745285511016846,1.1733820028873592,0.13317173719406128,0.01731507980655684,gini,10,log2,100,0.1,2,4,500,"{'criterion': 'gini', 'max_depth': 10, 'max_features': 'log2', 'max_leaf_nodes': 100, 'min_impurity_decrease': 0.1, 'min_samples_leaf': 2, 'min_samples_split': 4, 'n_estimators': 500}",0.8715103236597364,0.8683052578999024,0.8892036569228918,0.8736347750109219,0.8756635033733631,0.008044317483397425,645
122,4.920835554599762,1.3371645943091874,0.3135007619857788,0.07529676316299248,gini,10,log2,100,0.1,2,4,1000,"{'criterion': 'gini', 'max_depth': 10, 'max_features': 'log2', 'max_leaf_nodes': 100, 'min_impurity_decrease': 0.1, 'min_samples_leaf': 2, 'min_samples_split': 4, 'n_estimators': 1000}",0.8715103236597364,0.8683052578999024,0.8892036569228918,0.8736347750109219,0.8756635033733631,0.008044317483397425,645
123,3.4213042855262756,0.6856090323050846,0.29686033725738525,0.11490567666483599,gini,10,log2,100,0.1,2,8,700,"{'criterion': 'gini', 'max_depth': 10, 'max_features': 'log2', 'max_leaf_nodes': 100, 'min_impurity_decrease': 0.1, 'min_samples_leaf': 2, 'min_samples_split': 8, 'n_estimators': 700}",0.8715103236597364,0.8683052578999024,0.887110811814275,0.8736347750109219,0.875140292096209,0.007166838342832314,698
124,2.969872236251831,0.5939032526411581,0.2124462127685547,0.04946330794788537,gini,10,log2,100,0.1,2,8,500,"{'criterion': 'gini', 'max_depth': 10, 'max_features': 'log2', 'max_leaf_nodes': 100, 'min_impurity_decrease': 0.1, 'min_samples_leaf': 2, 'min_samples_split': 8, 'n_estimators': 500}",0.8715103236597364,0.8712225324693245,0.8892036569228918,0.8736347750109219,0.8763928220157187,0.007454780320191165,593
125,7.532908260822296,2.3759479755213353,0.46735692024230957,0.16545152502528462,gini,10,log2,100,0.1,2,8,1000,"{'criterion': 'gini', 'max_depth': 10, 'max_features': 'log2', 'max_leaf_nodes': 100, 'min_impurity_decrease': 0.1, 'min_samples_leaf': 2, 'min_samples_split': 8, 'n_estimators': 1000}",0.8715103236597364,0.8683052578999024,0.8892036569228918,0.8758046590969988,0.8762059743948823,0.007961960531611596,617
126,3.9977445006370544,0.35333239171719305,0.4083566665649414,0.28978363136295665,gini,10,log2,100,0.1,5,4,700,"{'criterion': 'gini', 'max_depth': 10, 'max_features': 'log2', 'max_leaf_nodes': 100, 'min_impurity_decrease': 0.1, 'min_samples_leaf': 5, 'min_samples_split': 4, 'n_estimators': 700}",0.8715103236597364,0.8683052578999024,0.8892036569228918,0.8758307783441066,0.8762125042066593,0.00796163942888332,606
127,3.574086546897888,0.5923202420233484,0.25869399309158325,0.12184159324644338,gini,10,log2,100,0.1,5,4,500,"{'criterion': 'gini', 'max_depth': 10, 'max_features': 'log2', 'max_leaf_nodes': 100, 'min_impurity_decrease': 0.1, 'min_samples_leaf': 5, 'min_samples_split': 4, 'n_estimators': 500}",0.8729591006804458,0.8683052578999024,0.8892036569228918,0.8765273949552899,0.8767488526146325,0.00775931223242766,580
128,7.309002459049225,2.2533467871537955,0.6591944098472595,0.31851702489690964,gini,10,log2,100,0.1,5,4,1000,"{'criterion': 'gini', 'max_depth': 10, 'max_features': 'log2', 'max_leaf_nodes': 100, 'min_impurity_decrease': 0.1, 'min_samples_leaf': 5, 'min_samples_split': 4, 'n_estimators': 1000}",0.8715103236597364,0.8683052578999024,0.8892036569228918,0.8736347750109219,0.8756635033733631,0.008044317483397425,645
129,4.690484941005707,0.5341418703612123,0.265061616897583,0.040452128424504796,gini,10,log2,100,0.1,5,8,700,"{'criterion': 'gini', 'max_depth': 10, 'max_features': 'log2', 'max_leaf_nodes': 100, 'min_impurity_decrease': 0.1, 'min_samples_leaf': 5, 'min_samples_split': 8, 'n_estimators': 700}",0.8772985207137588,0.8683052578999024,0.8892036569228918,0.8758307783441066,0.8776595534701649,0.007487388283907506,544
130,3.6755180954933167,0.7740106408913057,0.2389485239982605,0.09393243489343313,gini,10,log2,100,0.1,5,8,500,"{'criterion': 'gini', 'max_depth': 10, 'max_features': 'log2', 'max_leaf_nodes': 100, 'min_impurity_decrease': 0.1, 'min_samples_leaf': 5, 'min_samples_split': 8, 'n_estimators': 500}",0.8875556768019934,0.8683052578999024,0.8985774484968885,0.8758046590969988,0.8825607605739458,0.011514640070390983,505
131,5.795365929603577,1.82446099071519,0.3594851493835449,0.05410886884633235,gini,10,log2,100,0.1,5,8,1000,"{'criterion': 'gini', 'max_depth': 10, 'max_features': 'log2', 'max_leaf_nodes': 100, 'min_impurity_decrease': 0.1, 'min_samples_leaf': 5, 'min_samples_split': 8, 'n_estimators': 1000}",0.8715103236597364,0.8683052578999024,0.8892036569228918,0.8736347750109219,0.8756635033733631,0.008044317483397425,645
132,5.149365723133087,2.6833266476339266,0.2674430012702942,0.03734914148104169,gini,10,log2,100,0.05,2,4,700,"{'criterion': 'gini', 'max_depth': 10, 'max_features': 'log2', 'max_leaf_nodes': 100, 'min_impurity_decrease': 0.05, 'min_samples_leaf': 2, 'min_samples_split': 4, 'n_estimators': 700}",0.8858338179896074,0.8891923355126723,0.8964181286549707,0.891440623352276,0.8907212263773816,0.003846962944745015,359
133,3.940614342689514,1.6662500722231746,0.147538959980011,0.014814373581437607,gini,10,log2,100,0.05,2,4,500,"{'criterion': 'gini', 'max_depth': 10, 'max_features': 'log2', 'max_leaf_nodes': 100, 'min_impurity_decrease': 0.05, 'min_samples_leaf': 2, 'min_samples_split': 4, 'n_estimators': 500}",0.8904749209544762,0.8847559323734511,0.8999959457207082,0.9032057978096166,0.894608149214563,0.007367117229451547,219
134,6.652904033660889,1.350924811329871,0.29508519172668457,0.036899353685100784,gini,10,log2,100,0.05,2,4,1000,"{'criterion': 'gini', 'max_depth': 10, 'max_features': 'log2', 'max_leaf_nodes': 100, 'min_impurity_decrease': 0.05, 'min_samples_leaf': 2, 'min_samples_split': 4, 'n_estimators': 1000}",0.8858096059821685,0.8891654641654642,0.8992967276716541,0.8921613394216134,0.891608284310225,0.00497519024485642,311
135,3.6514338850975037,0.09111546609154385,0.22655421495437622,0.04423257117140025,gini,10,log2,100,0.05,2,8,700,"{'criterion': 'gini', 'max_depth': 10, 'max_features': 'log2', 'max_leaf_nodes': 100, 'min_impurity_decrease': 0.05, 'min_samples_leaf': 2, 'min_samples_split': 8, 'n_estimators': 700}",0.8879959206526955,0.885541676380418,0.8964181286549707,0.8921613394216134,0.8905292662774243,0.0041423500541575555,373
136,2.9328486919403076,0.5975248147495508,0.2100558876991272,0.07552812543847352,gini,10,log2,100,0.05,2,8,500,"{'criterion': 'gini', 'max_depth': 10, 'max_features': 'log2', 'max_leaf_nodes': 100, 'min_impurity_decrease': 0.05, 'min_samples_leaf': 2, 'min_samples_split': 8, 'n_estimators': 500}",0.8843910917707669,0.8862086121944565,0.9021714333741565,0.8989357961428908,0.8929267333705677,0.007738921811454711,246
137,5.752747654914856,0.631149374935449,0.2575993537902832,0.0440308715537032,gini,10,log2,100,0.05,2,8,1000,"{'criterion': 'gini', 'max_depth': 10, 'max_features': 'log2', 'max_leaf_nodes': 100, 'min_impurity_decrease': 0.05, 'min_samples_leaf': 2, 'min_samples_split': 8, 'n_estimators': 1000}",0.8865309519236925,0.8978778567313233,0.8964181286549707,0.8993732771623237,0.8950500536180777,0.005028256537972474,218
138,3.5107704997062683,0.28185646836164013,0.19383442401885986,0.012621109013212227,gini,10,log2,100,0.05,5,4,700,"{'criterion': 'gini', 'max_depth': 10, 'max_features': 'log2', 'max_leaf_nodes': 100, 'min_impurity_decrease': 0.05, 'min_samples_leaf': 5, 'min_samples_split': 4, 'n_estimators': 700}",0.8843661057922008,0.8935531333513498,0.8992967276716541,0.891440623352276,0.8921641475418702,0.0053417207730571195,288
139,2.9198555946350098,0.12469570815914997,0.12742090225219727,0.01031020223461736,gini,10,log2,100,0.05,5,4,500,"{'criterion': 'gini', 'max_depth': 10, 'max_features': 'log2', 'max_leaf_nodes': 100, 'min_impurity_decrease': 0.05, 'min_samples_leaf': 5, 'min_samples_split': 4, 'n_estimators': 500}",0.8858096059821685,0.8942745782507332,0.8992967276716541,0.891440623352276,0.892705383814208,0.004874924511252153,261
140,5.881930768489838,0.5859279423168071,0.2982218265533447,0.04421351636653668,gini,10,log2,100,0.05,5,4,1000,"{'criterion': 'gini', 'max_depth': 10, 'max_features': 'log2', 'max_leaf_nodes': 100, 'min_impurity_decrease': 0.05, 'min_samples_leaf': 5, 'min_samples_split': 4, 'n_estimators': 1000}",0.8843910917707669,0.885541676380418,0.8978370583994233,0.8936020039165276,0.890342957616784,0.005595979312950765,385
141,3.105090379714966,0.3416242186840603,0.19208145141601562,0.025401628738415144,gini,10,log2,100,0.05,5,8,700,"{'criterion': 'gini', 'max_depth': 10, 'max_features': 'log2', 'max_leaf_nodes': 100, 'min_impurity_decrease': 0.05, 'min_samples_leaf': 5, 'min_samples_split': 8, 'n_estimators': 700}",0.8858096059821685,0.8891654641654642,0.8956978538090496,0.8943219568254293,0.8912487201955279,0.003973773156808953,333
142,2.2225093841552734,0.29095434173917356,0.1370580792427063,0.017748762256358627,gini,10,log2,100,0.05,5,8,500,"{'criterion': 'gini', 'max_depth': 10, 'max_features': 'log2', 'max_leaf_nodes': 100, 'min_impurity_decrease': 0.05, 'min_samples_leaf': 5, 'min_samples_split': 8, 'n_estimators': 500}",0.8898015303682448,0.8862086121944565,0.8949322848405417,0.8989357961428908,0.8924695558865334,0.004852707312301151,270
143,4.534333288669586,0.8654696087994143,0.2783529758453369,0.03472953853735208,gini,10,log2,100,0.05,5,8,1000,"{'criterion': 'gini', 'max_depth': 10, 'max_features': 'log2', 'max_leaf_nodes': 100, 'min_impurity_decrease': 0.05, 'min_samples_leaf': 5, 'min_samples_split': 8, 'n_estimators': 1000}",0.8858096059821685,0.8935531333513498,0.9035892386875746,0.891440623352276,0.8935981503433421,0.006425344714779384,230
144,5.713055431842804,0.570071795546923,0.17894750833511353,0.03381396048339838,gini,10,,10,0.1,2,4,700,"{'criterion': 'gini', 'max_depth': 10, 'max_features': None, 'max_leaf_nodes': 10, 'min_impurity_decrease': 0.1, 'min_samples_leaf': 2, 'min_samples_split': 4, 'n_estimators': 700}",0.8679760207595829,0.8609884295277046,0.8791470002729214,0.8729109139292781,0.8702555911223717,0.006655535683773573,794
145,4.037067413330078,0.1306613515283674,0.13666701316833496,0.013103028607711021,gini,10,,10,0.1,2,4,500,"{'criterion': 'gini', 'max_depth': 10, 'max_features': None, 'max_leaf_nodes': 10, 'min_impurity_decrease': 0.1, 'min_samples_leaf': 2, 'min_samples_split': 4, 'n_estimators': 500}",0.8679760207595829,0.859603889834593,0.8791470002729214,0.8729109139292781,0.8699094561990939,0.007146394890325409,829
146,7.936511218547821,0.6231470730901489,0.280961811542511,0.03942805188192339,gini,10,,10,0.1,2,4,1000,"{'criterion': 'gini', 'max_depth': 10, 'max_features': None, 'max_leaf_nodes': 10, 'min_impurity_decrease': 0.1, 'min_samples_leaf': 2, 'min_samples_split': 4, 'n_estimators': 1000}",0.8679760207595829,0.859603889834593,0.8791470002729214,0.8729109139292781,0.8699094561990939,0.007146394890325409,829
147,7.466556072235107,0.22804069759269494,0.23245233297348022,0.0135936010978516,gini,10,,10,0.1,2,8,700,"{'criterion': 'gini', 'max_depth': 10, 'max_features': None, 'max_leaf_nodes': 10, 'min_impurity_decrease': 0.1, 'min_samples_leaf': 2, 'min_samples_split': 8, 'n_estimators': 700}",0.8679760207595829,0.859603889834593,0.8791470002729214,0.8729109139292781,0.8699094561990939,0.007146394890325409,829
148,4.304650783538818,0.744623843902083,0.14104348421096802,0.016376119186317824,gini,10,,10,0.1,2,8,500,"{'criterion': 'gini', 'max_depth': 10, 'max_features': None, 'max_leaf_nodes': 10, 'min_impurity_decrease': 0.1, 'min_samples_leaf': 2, 'min_samples_split': 8, 'n_estimators': 500}",0.8679760207595829,0.859603889834593,0.8791470002729214,0.8729109139292781,0.8699094561990939,0.007146394890325409,829
149,7.529986619949341,0.7576425820056949,0.24108028411865234,0.005808365737915922,gini,10,,10,0.1,2,8,1000,"{'criterion': 'gini', 'max_depth': 10, 'max_features': None, 'max_leaf_nodes': 10, 'min_impurity_decrease': 0.1, 'min_samples_leaf': 2, 'min_samples_split': 8, 'n_estimators': 1000}",0.8679760207595829,0.859603889834593,0.8791470002729214,0.8729109139292781,0.8699094561990939,0.007146394890325409,829
150,5.95220422744751,0.793400564076561,0.18842381238937378,0.03343137111419401,gini,10,,10,0.1,5,4,700,"{'criterion': 'gini', 'max_depth': 10, 'max_features': None, 'max_leaf_nodes': 10, 'min_impurity_decrease': 0.1, 'min_samples_leaf': 5, 'min_samples_split': 4, 'n_estimators': 700}",0.8679760207595829,0.8609884295277046,0.8791470002729214,0.8729109139292781,0.8702555911223717,0.006655535683773573,794
151,3.5328094959259033,0.1583098164182374,0.1297985315322876,0.009640706408432861,gini,10,,10,0.1,5,4,500,"{'criterion': 'gini', 'max_depth': 10, 'max_features': None, 'max_leaf_nodes': 10, 'min_impurity_decrease': 0.1, 'min_samples_leaf': 5, 'min_samples_split': 4, 'n_estimators': 500}",0.8679760207595829,0.8609884295277046,0.8791470002729214,0.8729109139292781,0.8702555911223717,0.006655535683773573,794
152,8.327152967453003,0.9598983992059844,0.281589150428772,0.01893141475352771,gini,10,,10,0.1,5,4,1000,"{'criterion': 'gini', 'max_depth': 10, 'max_features': None, 'max_leaf_nodes': 10, 'min_impurity_decrease': 0.1, 'min_samples_leaf': 5, 'min_samples_split': 4, 'n_estimators': 1000}",0.8679760207595829,0.8609884295277046,0.8791470002729214,0.8729109139292781,0.8702555911223717,0.006655535683773573,794
153,6.717269062995911,0.7634407732886268,0.1976785659790039,0.032850506116911496,gini,10,,10,0.1,5,8,700,"{'criterion': 'gini', 'max_depth': 10, 'max_features': None, 'max_leaf_nodes': 10, 'min_impurity_decrease': 0.1, 'min_samples_leaf': 5, 'min_samples_split': 8, 'n_estimators': 700}",0.8679760207595829,0.8609884295277046,0.8791470002729214,0.8729109139292781,0.8702555911223717,0.006655535683773573,794
154,3.990895926952362,0.595517581087237,0.13904154300689697,0.012772276281786902,gini,10,,10,0.1,5,8,500,"{'criterion': 'gini', 'max_depth': 10, 'max_features': None, 'max_leaf_nodes': 10, 'min_impurity_decrease': 0.1, 'min_samples_leaf': 5, 'min_samples_split': 8, 'n_estimators': 500}",0.8679760207595829,0.8609884295277046,0.8791470002729214,0.8729109139292781,0.8702555911223717,0.006655535683773573,794
155,7.404763281345367,0.5556696915468209,0.27233946323394775,0.03964508628848804,gini,10,,10,0.1,5,8,1000,"{'criterion': 'gini', 'max_depth': 10, 'max_features': None, 'max_leaf_nodes': 10, 'min_impurity_decrease': 0.1, 'min_samples_leaf': 5, 'min_samples_split': 8, 'n_estimators': 1000}",0.8679760207595829,0.8609884295277046,0.8791470002729214,0.8729109139292781,0.8702555911223717,0.006655535683773573,794
156,6.465942203998566,0.3241253692019445,0.1894342303276062,0.03943172571574699,gini,10,,10,0.05,2,4,700,"{'criterion': 'gini', 'max_depth': 10, 'max_features': None, 'max_leaf_nodes': 10, 'min_impurity_decrease': 0.05, 'min_samples_leaf': 2, 'min_samples_split': 4, 'n_estimators': 700}",0.8680639900753353,0.865457804016657,0.8786173903242369,0.8793402256015709,0.8728698525044499,0.00618333840814972,788
157,4.5420984625816345,0.4415770207668602,0.129916250705719,0.008577369564974392,gini,10,,10,0.05,2,4,500,"{'criterion': 'gini', 'max_depth': 10, 'max_features': None, 'max_leaf_nodes': 10, 'min_impurity_decrease': 0.05, 'min_samples_leaf': 2, 'min_samples_split': 4, 'n_estimators': 500}",0.8708152461195917,0.865457804016657,0.8786939576517471,0.8793402256015709,0.8735768083473916,0.005765124732157496,724
158,10.27814930677414,1.26010506340901,0.2744560241699219,0.03673082466099495,gini,10,,10,0.05,2,4,1000,"{'criterion': 'gini', 'max_depth': 10, 'max_features': None, 'max_leaf_nodes': 10, 'min_impurity_decrease': 0.05, 'min_samples_leaf': 2, 'min_samples_split': 4, 'n_estimators': 1000}",0.8680639900753353,0.865457804016657,0.8786939576517471,0.8793402256015709,0.8728889943363275,0.006201194232097129,741
159,6.666954874992371,0.8371977263980119,0.20506763458251953,0.043040670592518815,gini,10,,10,0.05,2,8,700,"{'criterion': 'gini', 'max_depth': 10, 'max_features': None, 'max_leaf_nodes': 10, 'min_impurity_decrease': 0.05, 'min_samples_leaf': 2, 'min_samples_split': 8, 'n_estimators': 700}",0.8680639900753353,0.865457804016657,0.8786173903242369,0.8793402256015709,0.8728698525044499,0.00618333840814972,788
160,4.848528027534485,0.5938299896630487,0.13778603076934814,0.020825570656285226,gini,10,,10,0.05,2,8,500,"{'criterion': 'gini', 'max_depth': 10, 'max_features': None, 'max_leaf_nodes': 10, 'min_impurity_decrease': 0.05, 'min_samples_leaf': 2, 'min_samples_split': 8, 'n_estimators': 500}",0.8680639900753353,0.865457804016657,0.8786939576517471,0.8793402256015709,0.8728889943363275,0.006201194232097129,741
161,8.893733322620392,1.189381870784179,0.2595798969268799,0.023531364468446156,gini,10,,10,0.05,2,8,1000,"{'criterion': 'gini', 'max_depth': 10, 'max_features': None, 'max_leaf_nodes': 10, 'min_impurity_decrease': 0.05, 'min_samples_leaf': 2, 'min_samples_split': 8, 'n_estimators': 1000}",0.8680639900753353,0.865457804016657,0.8786939576517471,0.8793402256015709,0.8728889943363275,0.006201194232097129,741
162,7.468814849853516,0.8542122674587623,0.23481518030166626,0.055528961368680345,gini,10,,10,0.05,5,4,700,"{'criterion': 'gini', 'max_depth': 10, 'max_features': None, 'max_leaf_nodes': 10, 'min_impurity_decrease': 0.05, 'min_samples_leaf': 5, 'min_samples_split': 4, 'n_estimators': 700}",0.8680639900753353,0.865457804016657,0.8786939576517471,0.8800370699695677,0.8730632054283267,0.006386987592350256,731
163,5.398359715938568,0.5831620347372778,0.13166505098342896,0.015395501537136706,gini,10,,10,0.05,5,4,500,"{'criterion': 'gini', 'max_depth': 10, 'max_features': None, 'max_leaf_nodes': 10, 'min_impurity_decrease': 0.05, 'min_samples_leaf': 5, 'min_samples_split': 4, 'n_estimators': 500}",0.8680639900753353,0.865457804016657,0.8786939576517471,0.8793402256015709,0.8728889943363275,0.006201194232097129,741
164,10.30707436800003,1.4381119599948613,0.2709506154060364,0.035774850605272766,gini,10,,10,0.05,5,4,1000,"{'criterion': 'gini', 'max_depth': 10, 'max_features': None, 'max_leaf_nodes': 10, 'min_impurity_decrease': 0.05, 'min_samples_leaf': 5, 'min_samples_split': 4, 'n_estimators': 1000}",0.8680639900753353,0.865457804016657,0.8786939576517471,0.8800370699695677,0.8730632054283267,0.006386987592350256,731
165,6.361949682235718,0.7584333018556975,0.20643401145935059,0.0406196081268401,gini,10,,10,0.05,5,8,700,"{'criterion': 'gini', 'max_depth': 10, 'max_features': None, 'max_leaf_nodes': 10, 'min_impurity_decrease': 0.05, 'min_samples_leaf': 5, 'min_samples_split': 8, 'n_estimators': 700}",0.8680639900753353,0.865457804016657,0.8786939576517471,0.8800370699695677,0.8730632054283267,0.006386987592350256,731
166,4.999651849269867,1.3594466893601578,0.1426621675491333,0.035467946325470685,gini,10,,10,0.05,5,8,500,"{'criterion': 'gini', 'max_depth': 10, 'max_features': None, 'max_leaf_nodes': 10, 'min_impurity_decrease': 0.05, 'min_samples_leaf': 5, 'min_samples_split': 8, 'n_estimators': 500}",0.8708152461195917,0.865457804016657,0.8786173903242369,0.8793402256015709,0.8735576665155141,0.005748204866144252,729
167,11.32034307718277,1.4678970528442523,0.27145087718963623,0.05310336994884916,gini,10,,10,0.05,5,8,1000,"{'criterion': 'gini', 'max_depth': 10, 'max_features': None, 'max_leaf_nodes': 10, 'min_impurity_decrease': 0.05, 'min_samples_leaf': 5, 'min_samples_split': 8, 'n_estimators': 1000}",0.8680639900753353,0.865457804016657,0.8786939576517471,0.8793402256015709,0.8728889943363275,0.006201194232097129,741
168,5.816229224205017,0.9156432952600891,0.16554749011993408,0.003842515228164513,gini,10,,50,0.1,2,4,700,"{'criterion': 'gini', 'max_depth': 10, 'max_features': None, 'max_leaf_nodes': 50, 'min_impurity_decrease': 0.1, 'min_samples_leaf': 2, 'min_samples_split': 4, 'n_estimators': 700}",0.8679760207595829,0.8609884295277046,0.8791470002729214,0.8729109139292781,0.8702555911223717,0.006655535683773573,794
169,3.681397795677185,0.1264619254476619,0.1355486512184143,0.014491766430210872,gini,10,,50,0.1,2,4,500,"{'criterion': 'gini', 'max_depth': 10, 'max_features': None, 'max_leaf_nodes': 50, 'min_impurity_decrease': 0.1, 'min_samples_leaf': 2, 'min_samples_split': 4, 'n_estimators': 500}",0.8679760207595829,0.8609884295277046,0.8791470002729214,0.8716000370465861,0.8699278719016987,0.0065481260112302125,827
170,8.658260583877563,1.3662108891479168,0.42825454473495483,0.17389988634972425,gini,10,,50,0.1,2,4,1000,"{'criterion': 'gini', 'max_depth': 10, 'max_features': None, 'max_leaf_nodes': 50, 'min_impurity_decrease': 0.1, 'min_samples_leaf': 2, 'min_samples_split': 4, 'n_estimators': 1000}",0.8679760207595829,0.859603889834593,0.8791470002729214,0.8729109139292781,0.8699094561990939,0.007146394890325409,829
171,5.361794412136078,0.5040917643530886,0.18105721473693848,0.014913890922082815,gini,10,,50,0.1,2,8,700,"{'criterion': 'gini', 'max_depth': 10, 'max_features': None, 'max_leaf_nodes': 50, 'min_impurity_decrease': 0.1, 'min_samples_leaf': 2, 'min_samples_split': 8, 'n_estimators': 700}",0.8679760207595829,0.8609884295277046,0.8791470002729214,0.8729109139292781,0.8702555911223717,0.006655535683773573,794
172,4.521049439907074,0.7491303224684555,0.14453130960464478,0.023849631279319456,gini,10,,50,0.1,2,8,500,"{'criterion': 'gini', 'max_depth': 10, 'max_features': None, 'max_leaf_nodes': 50, 'min_impurity_decrease': 0.1, 'min_samples_leaf': 2, 'min_samples_split': 8, 'n_estimators': 500}",0.8679760207595829,0.8609884295277046,0.8791470002729214,0.8729109139292781,0.8702555911223717,0.006655535683773573,794
173,8.547564029693604,1.4286222186552464,0.3362146019935608,0.11188321600253512,gini,10,,50,0.1,2,8,1000,"{'criterion': 'gini', 'max_depth': 10, 'max_features': None, 'max_leaf_nodes': 50, 'min_impurity_decrease': 0.1, 'min_samples_leaf': 2, 'min_samples_split': 8, 'n_estimators': 1000}",0.8679760207595829,0.8609884295277046,0.8791470002729214,0.8729109139292781,0.8702555911223717,0.006655535683773573,794
174,5.525928556919098,0.2302450125423506,0.20719927549362183,0.03555045046388323,gini,10,,50,0.1,5,4,700,"{'criterion': 'gini', 'max_depth': 10, 'max_features': None, 'max_leaf_nodes': 50, 'min_impurity_decrease': 0.1, 'min_samples_leaf': 5, 'min_samples_split': 4, 'n_estimators': 700}",0.8679760207595829,0.859603889834593,0.8791470002729214,0.8729109139292781,0.8699094561990939,0.007146394890325409,829
175,4.545661985874176,0.6169873444075447,0.13767313957214355,0.023973706438934983,gini,10,,50,0.1,5,4,500,"{'criterion': 'gini', 'max_depth': 10, 'max_features': None, 'max_leaf_nodes': 50, 'min_impurity_decrease': 0.1, 'min_samples_leaf': 5, 'min_samples_split': 4, 'n_estimators': 500}",0.8679760207595829,0.859603889834593,0.8791470002729214,0.8729109139292781,0.8699094561990939,0.007146394890325409,829
176,8.707723021507263,0.6832149118315012,0.3446055054664612,0.04395567638185779,gini,10,,50,0.1,5,4,1000,"{'criterion': 'gini', 'max_depth': 10, 'max_features': None, 'max_leaf_nodes': 50, 'min_impurity_decrease': 0.1, 'min_samples_leaf': 5, 'min_samples_split': 4, 'n_estimators': 1000}",0.8679760207595829,0.859603889834593,0.8791470002729214,0.8716000370465861,0.8695817369784209,0.00703035481429115,863
177,6.557450294494629,1.140822824905756,0.21867650747299194,0.06892853208150246,gini,10,,50,0.1,5,8,700,"{'criterion': 'gini', 'max_depth': 10, 'max_features': None, 'max_leaf_nodes': 50, 'min_impurity_decrease': 0.1, 'min_samples_leaf': 5, 'min_samples_split': 8, 'n_estimators': 700}",0.8679760207595829,0.8609884295277046,0.8791470002729214,0.8729109139292781,0.8702555911223717,0.006655535683773573,794
178,4.458289682865143,0.715185176664676,0.13316142559051514,0.009918749440419736,gini,10,,50,0.1,5,8,500,"{'criterion': 'gini', 'max_depth': 10, 'max_features': None, 'max_leaf_nodes': 50, 'min_impurity_decrease': 0.1, 'min_samples_leaf': 5, 'min_samples_split': 8, 'n_estimators': 500}",0.8679760207595829,0.8609884295277046,0.8791470002729214,0.8729109139292781,0.8702555911223717,0.006655535683773573,794
179,9.956982493400574,1.3469066161843546,0.43788039684295654,0.17845931791840483,gini,10,,50,0.1,5,8,1000,"{'criterion': 'gini', 'max_depth': 10, 'max_features': None, 'max_leaf_nodes': 50, 'min_impurity_decrease': 0.1, 'min_samples_leaf': 5, 'min_samples_split': 8, 'n_estimators': 1000}",0.8679760207595829,0.859603889834593,0.8791470002729214,0.8729109139292781,0.8699094561990939,0.007146394890325409,829
180,8.699440956115723,2.5309717214068885,0.2490696907043457,0.07496337291273175,gini,10,,50,0.05,2,4,700,"{'criterion': 'gini', 'max_depth': 10, 'max_features': None, 'max_leaf_nodes': 50, 'min_impurity_decrease': 0.05, 'min_samples_leaf': 2, 'min_samples_split': 4, 'n_estimators': 700}",0.8680639900753353,0.865457804016657,0.8786939576517471,0.8793402256015709,0.8728889943363275,0.006201194232097129,741
181,6.20168799161911,1.9516459760211706,0.1908046007156372,0.10436017309845112,gini,10,,50,0.05,2,4,500,"{'criterion': 'gini', 'max_depth': 10, 'max_features': None, 'max_leaf_nodes': 50, 'min_impurity_decrease': 0.05, 'min_samples_leaf': 2, 'min_samples_split': 4, 'n_estimators': 500}",0.8680639900753353,0.865457804016657,0.8786939576517471,0.8793402256015709,0.8728889943363275,0.006201194232097129,741
182,13.814726531505585,2.3985147783679217,0.32697492837905884,0.09810226655771143,gini,10,,50,0.05,2,4,1000,"{'criterion': 'gini', 'max_depth': 10, 'max_features': None, 'max_leaf_nodes': 50, 'min_impurity_decrease': 0.05, 'min_samples_leaf': 2, 'min_samples_split': 4, 'n_estimators': 1000}",0.8680639900753353,0.865457804016657,0.8786939576517471,0.8793402256015709,0.8728889943363275,0.006201194232097129,741
183,9.04959237575531,1.6393944653632448,0.2646949887275696,0.11208502459914804,gini,10,,50,0.05,2,8,700,"{'criterion': 'gini', 'max_depth': 10, 'max_features': None, 'max_leaf_nodes': 50, 'min_impurity_decrease': 0.05, 'min_samples_leaf': 2, 'min_samples_split': 8, 'n_estimators': 700}",0.8680639900753353,0.865457804016657,0.8786939576517471,0.8793402256015709,0.8728889943363275,0.006201194232097129,741
184,6.117648422718048,2.055634990999967,0.17667508125305176,0.05831274045608847,gini,10,,50,0.05,2,8,500,"{'criterion': 'gini', 'max_depth': 10, 'max_features': None, 'max_leaf_nodes': 50, 'min_impurity_decrease': 0.05, 'min_samples_leaf': 2, 'min_samples_split': 8, 'n_estimators': 500}",0.8680639900753353,0.865457804016657,0.8786939576517471,0.8793402256015709,0.8728889943363275,0.006201194232097129,741
185,11.739504098892212,1.8966014446816226,0.289328396320343,0.03591879585536465,gini,10,,50,0.05,2,8,1000,"{'criterion': 'gini', 'max_depth': 10, 'max_features': None, 'max_leaf_nodes': 50, 'min_impurity_decrease': 0.05, 'min_samples_leaf': 2, 'min_samples_split': 8, 'n_estimators': 1000}",0.8680639900753353,0.865457804016657,0.8786939576517471,0.8793402256015709,0.8728889943363275,0.006201194232097129,741
186,7.386807978153229,1.060427893571292,0.19494223594665527,0.0135074226108159,gini,10,,50,0.05,5,4,700,"{'criterion': 'gini', 'max_depth': 10, 'max_features': None, 'max_leaf_nodes': 50, 'min_impurity_decrease': 0.05, 'min_samples_leaf': 5, 'min_samples_split': 4, 'n_estimators': 700}",0.8680639900753353,0.865457804016657,0.8786939576517471,0.8793402256015709,0.8728889943363275,0.006201194232097129,741
187,6.4554524421691895,0.9579178630835383,0.1427903175354004,0.013141737104729477,gini,10,,50,0.05,5,4,500,"{'criterion': 'gini', 'max_depth': 10, 'max_features': None, 'max_leaf_nodes': 50, 'min_impurity_decrease': 0.05, 'min_samples_leaf': 5, 'min_samples_split': 4, 'n_estimators': 500}",0.8680639900753353,0.865457804016657,0.8786939576517471,0.8793402256015709,0.8728889943363275,0.006201194232097129,741
188,8.951820969581604,0.7130614729128822,0.24569934606552124,0.015583182495295984,gini,10,,50,0.05,5,4,1000,"{'criterion': 'gini', 'max_depth': 10, 'max_features': None, 'max_leaf_nodes': 50, 'min_impurity_decrease': 0.05, 'min_samples_leaf': 5, 'min_samples_split': 4, 'n_estimators': 1000}",0.8680639900753353,0.865457804016657,0.8786173903242369,0.8793402256015709,0.8728698525044499,0.00618333840814972,788
189,7.115649163722992,1.5955746588598767,0.20256656408309937,0.04044091501206348,gini,10,,50,0.05,5,8,700,"{'criterion': 'gini', 'max_depth': 10, 'max_features': None, 'max_leaf_nodes': 50, 'min_impurity_decrease': 0.05, 'min_samples_leaf': 5, 'min_samples_split': 8, 'n_estimators': 700}",0.8680639900753353,0.865457804016657,0.8786939576517471,0.8800370699695677,0.8730632054283267,0.006386987592350256,731
190,5.156059443950653,1.0631598724712228,0.146295964717865,0.02725630968123841,gini,10,,50,0.05,5,8,500,"{'criterion': 'gini', 'max_depth': 10, 'max_features': None, 'max_leaf_nodes': 50, 'min_impurity_decrease': 0.05, 'min_samples_leaf': 5, 'min_samples_split': 8, 'n_estimators': 500}",0.8680639900753353,0.865457804016657,0.8786939576517471,0.8793402256015709,0.8728889943363275,0.006201194232097129,741
191,9.453956365585327,1.2399191620000412,0.24942612648010254,0.00795956689359626,gini,10,,50,0.05,5,8,1000,"{'criterion': 'gini', 'max_depth': 10, 'max_features': None, 'max_leaf_nodes': 50, 'min_impurity_decrease': 0.05, 'min_samples_leaf': 5, 'min_samples_split': 8, 'n_estimators': 1000}",0.8680639900753353,0.865457804016657,0.8786939576517471,0.8793402256015709,0.8728889943363275,0.006201194232097129,741
192,6.418095648288727,1.111270080453298,0.21569889783859253,0.0328029623434616,gini,10,,100,0.1,2,4,700,"{'criterion': 'gini', 'max_depth': 10, 'max_features': None, 'max_leaf_nodes': 100, 'min_impurity_decrease': 0.1, 'min_samples_leaf': 2, 'min_samples_split': 4, 'n_estimators': 700}",0.8679760207595829,0.859603889834593,0.8791470002729214,0.8729109139292781,0.8699094561990939,0.007146394890325409,829
193,3.9865849018096924,0.3598747533441213,0.13741803169250488,0.0171987728879522,gini,10,,100,0.1,2,4,500,"{'criterion': 'gini', 'max_depth': 10, 'max_features': None, 'max_leaf_nodes': 100, 'min_impurity_decrease': 0.1, 'min_samples_leaf': 2, 'min_samples_split': 4, 'n_estimators': 500}",0.8679760207595829,0.859603889834593,0.8791470002729214,0.8729109139292781,0.8699094561990939,0.007146394890325409,829
194,7.748180508613586,0.6537058305059228,0.25318819284439087,0.021596942979880483,gini,10,,100,0.1,2,4,1000,"{'criterion': 'gini', 'max_depth': 10, 'max_features': None, 'max_leaf_nodes': 100, 'min_impurity_decrease': 0.1, 'min_samples_leaf': 2, 'min_samples_split': 4, 'n_estimators': 1000}",0.8679760207595829,0.859603889834593,0.8791470002729214,0.8729109139292781,0.8699094561990939,0.007146394890325409,829
195,5.495915651321411,0.575845847209752,0.17342442274093628,0.013184389547993468,gini,10,,100,0.1,2,8,700,"{'criterion': 'gini', 'max_depth': 10, 'max_features': None, 'max_leaf_nodes': 100, 'min_impurity_decrease': 0.1, 'min_samples_leaf': 2, 'min_samples_split': 8, 'n_estimators': 700}",0.8679760207595829,0.8635204286241358,0.8791470002729214,0.8729109139292781,0.8708885908964795,0.005810851829805624,793
196,4.823409676551819,0.8276701089599522,0.1524224877357483,0.01253416425378,gini,10,,100,0.1,2,8,500,"{'criterion': 'gini', 'max_depth': 10, 'max_features': None, 'max_leaf_nodes': 100, 'min_impurity_decrease': 0.1, 'min_samples_leaf': 2, 'min_samples_split': 8, 'n_estimators': 500}",0.8679760207595829,0.859603889834593,0.8791470002729214,0.8729109139292781,0.8699094561990939,0.007146394890325409,829
197,8.772523880004883,1.9408723334932423,0.2934907078742981,0.043611729055092814,gini,10,,100,0.1,2,8,1000,"{'criterion': 'gini', 'max_depth': 10, 'max_features': None, 'max_leaf_nodes': 100, 'min_impurity_decrease': 0.1, 'min_samples_leaf': 2, 'min_samples_split': 8, 'n_estimators': 1000}",0.8679760207595829,0.859603889834593,0.8791470002729214,0.8729109139292781,0.8699094561990939,0.007146394890325409,829
198,5.746982753276825,0.6349431273547892,0.19131183624267578,0.023044948062292504,gini,10,,100,0.1,5,4,700,"{'criterion': 'gini', 'max_depth': 10, 'max_features': None, 'max_leaf_nodes': 100, 'min_impurity_decrease': 0.1, 'min_samples_leaf': 5, 'min_samples_split': 4, 'n_estimators': 700}",0.8679760207595829,0.8609884295277046,0.8791470002729214,0.8729109139292781,0.8702555911223717,0.006655535683773573,794
199,4.436079978942871,0.5288531752679375,0.1434212327003479,0.016093542819943112,gini,10,,100,0.1,5,4,500,"{'criterion': 'gini', 'max_depth': 10, 'max_features': None, 'max_leaf_nodes': 100, 'min_impurity_decrease': 0.1, 'min_samples_leaf': 5, 'min_samples_split': 4, 'n_estimators': 500}",0.8679760207595829,0.8609884295277046,0.8791470002729214,0.8729109139292781,0.8702555911223717,0.006655535683773573,794
200,8.27772855758667,1.1749256566269002,0.25883305072784424,0.02886696157091664,gini,10,,100,0.1,5,4,1000,"{'criterion': 'gini', 'max_depth': 10, 'max_features': None, 'max_leaf_nodes': 100, 'min_impurity_decrease': 0.1, 'min_samples_leaf': 5, 'min_samples_split': 4, 'n_estimators': 1000}",0.8679760207595829,0.8609884295277046,0.8791470002729214,0.8729109139292781,0.8702555911223717,0.006655535683773573,794
201,5.538771033287048,0.49104177661672616,0.18994146585464478,0.02062388075735353,gini,10,,100,0.1,5,8,700,"{'criterion': 'gini', 'max_depth': 10, 'max_features': None, 'max_leaf_nodes': 100, 'min_impurity_decrease': 0.1, 'min_samples_leaf': 5, 'min_samples_split': 8, 'n_estimators': 700}",0.8679760207595829,0.859603889834593,0.8791470002729214,0.8729109139292781,0.8699094561990939,0.007146394890325409,829
202,3.727309823036194,0.08446266134351062,0.12403082847595215,0.005405587850945933,gini,10,,100,0.1,5,8,500,"{'criterion': 'gini', 'max_depth': 10, 'max_features': None, 'max_leaf_nodes': 100, 'min_impurity_decrease': 0.1, 'min_samples_leaf': 5, 'min_samples_split': 8, 'n_estimators': 500}",0.8679760207595829,0.8609884295277046,0.8791470002729214,0.8729109139292781,0.8702555911223717,0.006655535683773573,794
203,9.380241572856903,1.2658717839769327,0.3070968985557556,0.005311610743472775,gini,10,,100,0.1,5,8,1000,"{'criterion': 'gini', 'max_depth': 10, 'max_features': None, 'max_leaf_nodes': 100, 'min_impurity_decrease': 0.1, 'min_samples_leaf': 5, 'min_samples_split': 8, 'n_estimators': 1000}",0.8679760207595829,0.8609884295277046,0.8791470002729214,0.8729109139292781,0.8702555911223717,0.006655535683773573,794
204,6.672656059265137,0.4564993470836685,0.20931798219680786,0.013554416361007116,gini,10,,100,0.05,2,4,700,"{'criterion': 'gini', 'max_depth': 10, 'max_features': None, 'max_leaf_nodes': 100, 'min_impurity_decrease': 0.05, 'min_samples_leaf': 2, 'min_samples_split': 4, 'n_estimators': 700}",0.8680639900753353,0.865457804016657,0.8786939576517471,0.8793402256015709,0.8728889943363275,0.006201194232097129,741
205,4.70899897813797,0.18428232945013362,0.1475474238395691,0.009618588189855158,gini,10,,100,0.05,2,4,500,"{'criterion': 'gini', 'max_depth': 10, 'max_features': None, 'max_leaf_nodes': 100, 'min_impurity_decrease': 0.05, 'min_samples_leaf': 2, 'min_samples_split': 4, 'n_estimators': 500}",0.8680639900753353,0.865457804016657,0.8786173903242369,0.8793402256015709,0.8728698525044499,0.00618333840814972,788
206,9.770041406154633,0.9957676561920916,0.28595876693725586,0.044839772115900615,gini,10,,100,0.05,2,4,1000,"{'criterion': 'gini', 'max_depth': 10, 'max_features': None, 'max_leaf_nodes': 100, 'min_impurity_decrease': 0.05, 'min_samples_leaf': 2, 'min_samples_split': 4, 'n_estimators': 1000}",0.8680639900753353,0.865457804016657,0.8786939576517471,0.8793402256015709,0.8728889943363275,0.006201194232097129,741
207,7.045577645301819,0.9570729284743704,0.20719283819198608,0.02405138542818048,gini,10,,100,0.05,2,8,700,"{'criterion': 'gini', 'max_depth': 10, 'max_features': None, 'max_leaf_nodes': 100, 'min_impurity_decrease': 0.05, 'min_samples_leaf': 2, 'min_samples_split': 8, 'n_estimators': 700}",0.8680639900753353,0.865457804016657,0.8786939576517471,0.8793402256015709,0.8728889943363275,0.006201194232097129,741
208,5.035771667957306,0.7214891521885957,0.1300472617149353,0.012443152888461198,gini,10,,100,0.05,2,8,500,"{'criterion': 'gini', 'max_depth': 10, 'max_features': None, 'max_leaf_nodes': 100, 'min_impurity_decrease': 0.05, 'min_samples_leaf': 2, 'min_samples_split': 8, 'n_estimators': 500}",0.8680639900753353,0.865457804016657,0.8786173903242369,0.8793402256015709,0.8728698525044499,0.00618333840814972,788
209,9.649375021457672,0.8026372361270915,0.25733429193496704,0.018292779151000735,gini,10,,100,0.05,2,8,1000,"{'criterion': 'gini', 'max_depth': 10, 'max_features': None, 'max_leaf_nodes': 100, 'min_impurity_decrease': 0.05, 'min_samples_leaf': 2, 'min_samples_split': 8, 'n_estimators': 1000}",0.8680639900753353,0.865457804016657,0.8786939576517471,0.8793402256015709,0.8728889943363275,0.006201194232097129,741
210,7.371608376502991,0.9245364953499164,0.2133156657218933,0.03257120063458087,gini,10,,100,0.05,5,4,700,"{'criterion': 'gini', 'max_depth': 10, 'max_features': None, 'max_leaf_nodes': 100, 'min_impurity_decrease': 0.05, 'min_samples_leaf': 5, 'min_samples_split': 4, 'n_estimators': 700}",0.8680639900753353,0.865457804016657,0.8786939576517471,0.8793402256015709,0.8728889943363275,0.006201194232097129,741
211,4.780468642711639,0.933564014410019,0.12565505504608154,0.004775920383749626,gini,10,,100,0.05,5,4,500,"{'criterion': 'gini', 'max_depth': 10, 'max_features': None, 'max_leaf_nodes': 100, 'min_impurity_decrease': 0.05, 'min_samples_leaf': 5, 'min_samples_split': 4, 'n_estimators': 500}",0.8680639900753353,0.865457804016657,0.8786939576517471,0.8793402256015709,0.8728889943363275,0.006201194232097129,741
212,8.889892220497131,0.1591637127787361,0.28435462713241577,0.02547996118079755,gini,10,,100,0.05,5,4,1000,"{'criterion': 'gini', 'max_depth': 10, 'max_features': None, 'max_leaf_nodes': 100, 'min_impurity_decrease': 0.05, 'min_samples_leaf': 5, 'min_samples_split': 4, 'n_estimators': 1000}",0.8680639900753353,0.865457804016657,0.8786939576517471,0.8793402256015709,0.8728889943363275,0.006201194232097129,741
213,6.770987093448639,0.5448970297065465,0.19806361198425293,0.010073490861897976,gini,10,,100,0.05,5,8,700,"{'criterion': 'gini', 'max_depth': 10, 'max_features': None, 'max_leaf_nodes': 100, 'min_impurity_decrease': 0.05, 'min_samples_leaf': 5, 'min_samples_split': 8, 'n_estimators': 700}",0.8680639900753353,0.865457804016657,0.8786939576517471,0.8793402256015709,0.8728889943363275,0.006201194232097129,741
214,4.6342915296554565,0.6550008181861591,0.1450514793395996,0.02215223982082328,gini,10,,100,0.05,5,8,500,"{'criterion': 'gini', 'max_depth': 10, 'max_features': None, 'max_leaf_nodes': 100, 'min_impurity_decrease': 0.05, 'min_samples_leaf': 5, 'min_samples_split': 8, 'n_estimators': 500}",0.8680639900753353,0.865457804016657,0.8786939576517471,0.8793402256015709,0.8728889943363275,0.006201194232097129,741
215,10.451288223266602,1.4598961854074752,0.315498948097229,0.03994791072661803,gini,10,,100,0.05,5,8,1000,"{'criterion': 'gini', 'max_depth': 10, 'max_features': None, 'max_leaf_nodes': 100, 'min_impurity_decrease': 0.05, 'min_samples_leaf': 5, 'min_samples_split': 8, 'n_estimators': 1000}",0.8680639900753353,0.865457804016657,0.8786939576517471,0.8793402256015709,0.8728889943363275,0.006201194232097129,741
216,3.55869323015213,0.49001929043868403,0.2290859818458557,0.03579246645102591,gini,30,sqrt,10,0.1,2,4,700,"{'criterion': 'gini', 'max_depth': 30, 'max_features': 'sqrt', 'max_leaf_nodes': 10, 'min_impurity_decrease': 0.1, 'min_samples_leaf': 2, 'min_samples_split': 4, 'n_estimators': 700}",0.8729591006804458,0.8683052578999024,0.8892036569228918,0.8758307783441066,0.8765746984618367,0.007770138407338412,589
217,1.91178959608078,0.09885268921771662,0.13742202520370483,0.016308549058040075,gini,30,sqrt,10,0.1,2,4,500,"{'criterion': 'gini', 'max_depth': 30, 'max_features': 'sqrt', 'max_leaf_nodes': 10, 'min_impurity_decrease': 0.1, 'min_samples_leaf': 2, 'min_samples_split': 4, 'n_estimators': 500}",0.8715103236597364,0.8683052578999024,0.8941632458482736,0.8758307783441066,0.8774524014380047,0.010010750541199624,554
218,4.423988223075867,0.817273798762308,0.2796246409416199,0.05679152776663426,gini,30,sqrt,10,0.1,2,4,1000,"{'criterion': 'gini', 'max_depth': 30, 'max_features': 'sqrt', 'max_leaf_nodes': 10, 'min_impurity_decrease': 0.1, 'min_samples_leaf': 2, 'min_samples_split': 4, 'n_estimators': 1000}",0.8729591006804458,0.8683052578999024,0.8892036569228918,0.8758046590969988,0.8765681686500597,0.007770771782854826,592
219,3.1124913692474365,0.23962991801034106,0.18694567680358887,0.02262028728599004,gini,30,sqrt,10,0.1,2,8,700,"{'criterion': 'gini', 'max_depth': 30, 'max_features': 'sqrt', 'max_leaf_nodes': 10, 'min_impurity_decrease': 0.1, 'min_samples_leaf': 2, 'min_samples_split': 8, 'n_estimators': 700}",0.8772985207137588,0.8683052578999024,0.8892036569228918,0.8765273949552899,0.8778337076229608,0.007450838526993992,541
220,2.4014848470687866,0.27829260663550376,0.1372908353805542,0.007665109542479766,gini,30,sqrt,10,0.1,2,8,500,"{'criterion': 'gini', 'max_depth': 30, 'max_features': 'sqrt', 'max_leaf_nodes': 10, 'min_impurity_decrease': 0.1, 'min_samples_leaf': 2, 'min_samples_split': 8, 'n_estimators': 500}",0.8715103236597364,0.8712225324693245,0.8892036569228918,0.8765273949552899,0.8771159770018107,0.007290652792257284,557
221,4.771211206912994,0.8212565982782549,0.3138958215713501,0.04972215280045777,gini,30,sqrt,10,0.1,2,8,1000,"{'criterion': 'gini', 'max_depth': 30, 'max_features': 'sqrt', 'max_leaf_nodes': 10, 'min_impurity_decrease': 0.1, 'min_samples_leaf': 2, 'min_samples_split': 8, 'n_estimators': 1000}",0.8729591006804458,0.8683052578999024,0.8892036569228918,0.8736347750109219,0.8760256976285405,0.00788010673424887,627
222,2.8424618244171143,0.18818331314761236,0.1979459524154663,0.033644949400762715,gini,30,sqrt,10,0.1,5,4,700,"{'criterion': 'gini', 'max_depth': 30, 'max_features': 'sqrt', 'max_leaf_nodes': 10, 'min_impurity_decrease': 0.1, 'min_samples_leaf': 5, 'min_samples_split': 4, 'n_estimators': 700}",0.8715103236597364,0.8683052578999024,0.8892036569228918,0.8758046590969988,0.8762059743948823,0.007961960531611596,617
223,2.7251012325286865,0.4137817769023783,0.17638415098190308,0.019056629529354795,gini,30,sqrt,10,0.1,5,4,500,"{'criterion': 'gini', 'max_depth': 30, 'max_features': 'sqrt', 'max_leaf_nodes': 10, 'min_impurity_decrease': 0.1, 'min_samples_leaf': 5, 'min_samples_split': 4, 'n_estimators': 500}",0.8715103236597364,0.8683052578999024,0.8892036569228918,0.8758307783441066,0.8762125042066593,0.00796163942888332,606
224,4.368330299854279,0.4802268020011611,0.2688591480255127,0.0325397273791771,gini,30,sqrt,10,0.1,5,4,1000,"{'criterion': 'gini', 'max_depth': 30, 'max_features': 'sqrt', 'max_leaf_nodes': 10, 'min_impurity_decrease': 0.1, 'min_samples_leaf': 5, 'min_samples_split': 4, 'n_estimators': 1000}",0.8772985207137588,0.8683052578999024,0.8892036569228918,0.8765273949552899,0.8778337076229608,0.007450838526993992,541
225,2.8939809799194336,0.13815332592697716,0.18243145942687988,0.011255300206820938,gini,30,sqrt,10,0.1,5,8,700,"{'criterion': 'gini', 'max_depth': 30, 'max_features': 'sqrt', 'max_leaf_nodes': 10, 'min_impurity_decrease': 0.1, 'min_samples_leaf': 5, 'min_samples_split': 8, 'n_estimators': 700}",0.8729591006804458,0.8683052578999024,0.8892036569228918,0.8736347750109219,0.8760256976285405,0.00788010673424887,627
226,2.213643431663513,0.33587949210532736,0.1420665979385376,0.020200237982838484,gini,30,sqrt,10,0.1,5,8,500,"{'criterion': 'gini', 'max_depth': 30, 'max_features': 'sqrt', 'max_leaf_nodes': 10, 'min_impurity_decrease': 0.1, 'min_samples_leaf': 5, 'min_samples_split': 8, 'n_estimators': 500}",0.8715103236597364,0.8683052578999024,0.892092616863259,0.8830421204440302,0.878737579716732,0.009459818400230578,531
227,5.308609187602997,0.9108828950749011,0.27335822582244873,0.038235330044894454,gini,30,sqrt,10,0.1,5,8,1000,"{'criterion': 'gini', 'max_depth': 30, 'max_features': 'sqrt', 'max_leaf_nodes': 10, 'min_impurity_decrease': 0.1, 'min_samples_leaf': 5, 'min_samples_split': 8, 'n_estimators': 1000}",0.8729591006804458,0.8683052578999024,0.8892036569228918,0.8758307783441066,0.8765746984618367,0.007770138407338412,589
228,3.791199028491974,0.5860798565745838,0.22608280181884766,0.03047309576877677,gini,30,sqrt,10,0.05,2,4,700,"{'criterion': 'gini', 'max_depth': 30, 'max_features': 'sqrt', 'max_leaf_nodes': 10, 'min_impurity_decrease': 0.05, 'min_samples_leaf': 2, 'min_samples_split': 4, 'n_estimators': 700}",0.8858096059821685,0.8854824251854594,0.9035892386875746,0.8921613394216134,0.8917606523192039,0.00732985494529854,304
229,2.1047203540802,0.08235541389749138,0.1318036913871765,0.0071382849240698345,gini,30,sqrt,10,0.05,2,4,500,"{'criterion': 'gini', 'max_depth': 30, 'max_features': 'sqrt', 'max_leaf_nodes': 10, 'min_impurity_decrease': 0.05, 'min_samples_leaf': 2, 'min_samples_split': 4, 'n_estimators': 500}",0.8883186281840387,0.8956937114285757,0.8971381512251657,0.8928817988620691,0.8935080724249622,0.0033644107974144643,231
230,4.668730676174164,0.48126629042422353,0.251595139503479,0.014662536069628673,gini,30,sqrt,10,0.05,2,4,1000,"{'criterion': 'gini', 'max_depth': 30, 'max_features': 'sqrt', 'max_leaf_nodes': 10, 'min_impurity_decrease': 0.05, 'min_samples_leaf': 2, 'min_samples_split': 4, 'n_estimators': 1000}",0.8843910917707669,0.8847559323734511,0.8964181286549707,0.8943428990359235,0.8899770129587781,0.005454611137549171,404
231,3.220793068408966,0.6440699622100646,0.23171955347061157,0.02132330669119676,gini,30,sqrt,10,0.05,2,8,700,"{'criterion': 'gini', 'max_depth': 30, 'max_features': 'sqrt', 'max_leaf_nodes': 10, 'min_impurity_decrease': 0.05, 'min_samples_leaf': 2, 'min_samples_split': 8, 'n_estimators': 700}",0.8945253862032643,0.8913619440821017,0.8964181286549707,0.8943428990359235,0.8941620894940651,0.0018093647789363498,221
232,2.1114442944526672,0.09609237941667835,0.15292280912399292,0.020973531493150385,gini,30,sqrt,10,0.05,2,8,500,"{'criterion': 'gini', 'max_depth': 30, 'max_features': 'sqrt', 'max_leaf_nodes': 10, 'min_impurity_decrease': 0.05, 'min_samples_leaf': 2, 'min_samples_split': 8, 'n_estimators': 500}",0.8879959206526955,0.8884685656858958,0.8964181286549707,0.8878331148973351,0.8901789324727243,0.0036097549864718918,394
233,5.008878946304321,0.6458014544028717,0.2735970616340637,0.038110846558372956,gini,30,sqrt,10,0.05,2,8,1000,"{'criterion': 'gini', 'max_depth': 30, 'max_features': 'sqrt', 'max_leaf_nodes': 10, 'min_impurity_decrease': 0.05, 'min_samples_leaf': 2, 'min_samples_split': 8, 'n_estimators': 1000}",0.8879728467509505,0.8862086121944565,0.8971381512251657,0.8878331148973351,0.889788181266977,0.004299799328050217,415
234,3.504648447036743,0.6543391762715333,0.2068309187889099,0.02848225782403601,gini,30,sqrt,10,0.05,5,4,700,"{'criterion': 'gini', 'max_depth': 30, 'max_features': 'sqrt', 'max_leaf_nodes': 10, 'min_impurity_decrease': 0.05, 'min_samples_leaf': 5, 'min_samples_split': 4, 'n_estimators': 700}",0.8858096059821685,0.8978778567313233,0.8942107607567733,0.8921613394216134,0.8925148907229696,0.00437958963706135,269
235,2.654209792613983,0.3805166109204813,0.1628127098083496,0.03006941779679694,gini,30,sqrt,10,0.05,5,4,500,"{'criterion': 'gini', 'max_depth': 30, 'max_features': 'sqrt', 'max_leaf_nodes': 10, 'min_impurity_decrease': 0.05, 'min_samples_leaf': 5, 'min_samples_split': 4, 'n_estimators': 500}",0.8858096059821685,0.8870201619065993,0.8971381512251657,0.8921613394216134,0.8905323146338867,0.004498054930148002,372
236,4.873336315155029,0.6801722033245043,0.28848063945770264,0.043332869729930105,gini,30,sqrt,10,0.05,5,4,1000,"{'criterion': 'gini', 'max_depth': 30, 'max_features': 'sqrt', 'max_leaf_nodes': 10, 'min_impurity_decrease': 0.05, 'min_samples_leaf': 5, 'min_samples_split': 4, 'n_estimators': 1000}",0.8858096059821685,0.8891923355126723,0.8949322848405417,0.8907196484087048,0.8901634686860218,0.0032768187119490534,395
237,3.413477599620819,0.5554581446135312,0.2019360065460205,0.04107219096832254,gini,30,sqrt,10,0.05,5,8,700,"{'criterion': 'gini', 'max_depth': 30, 'max_features': 'sqrt', 'max_leaf_nodes': 10, 'min_impurity_decrease': 0.05, 'min_samples_leaf': 5, 'min_samples_split': 8, 'n_estimators': 700}",0.8858338179896074,0.8935531333513498,0.8971381512251657,0.8921613394216134,0.892171610496934,0.0040848149151268606,287
238,2.612534284591675,0.3326358976698001,0.167077898979187,0.026792557819234487,gini,30,sqrt,10,0.05,5,8,500,"{'criterion': 'gini', 'max_depth': 30, 'max_features': 'sqrt', 'max_leaf_nodes': 10, 'min_impurity_decrease': 0.05, 'min_samples_leaf': 5, 'min_samples_split': 8, 'n_estimators': 500}",0.8865547815199499,0.8847559323734511,0.8978579237598665,0.897199291730063,0.8915919823458326,0.0059751341348909,313
239,4.546803414821625,0.48985587338715164,0.27511537075042725,0.03206925517912112,gini,30,sqrt,10,0.05,5,8,1000,"{'criterion': 'gini', 'max_depth': 30, 'max_features': 'sqrt', 'max_leaf_nodes': 10, 'min_impurity_decrease': 0.05, 'min_samples_leaf': 5, 'min_samples_split': 8, 'n_estimators': 1000}",0.8858096059821685,0.8891654641654642,0.8992967276716541,0.8907196484087048,0.8912478615569979,0.00497429033770448,334
240,3.0209574103355408,0.5800484481559592,0.1945766806602478,0.0329374432827527,gini,30,sqrt,50,0.1,2,4,700,"{'criterion': 'gini', 'max_depth': 30, 'max_features': 'sqrt', 'max_leaf_nodes': 50, 'min_impurity_decrease': 0.1, 'min_samples_leaf': 2, 'min_samples_split': 4, 'n_estimators': 700}",0.8772985207137588,0.8683052578999024,0.8892036569228918,0.8736347750109219,0.8771105526368688,0.007679400184591876,559
241,2.269151449203491,0.3081797850840653,0.14843982458114624,0.023954263090187403,gini,30,sqrt,50,0.1,2,4,500,"{'criterion': 'gini', 'max_depth': 30, 'max_features': 'sqrt', 'max_leaf_nodes': 50, 'min_impurity_decrease': 0.1, 'min_samples_leaf': 2, 'min_samples_split': 4, 'n_estimators': 500}",0.8772985207137588,0.8683052578999024,0.8892036569228918,0.8758307783441066,0.8776595534701649,0.007487388283907506,544
242,4.396508872509003,0.7681064218766528,0.27148211002349854,0.04041846215022054,gini,30,sqrt,50,0.1,2,4,1000,"{'criterion': 'gini', 'max_depth': 30, 'max_features': 'sqrt', 'max_leaf_nodes': 50, 'min_impurity_decrease': 0.1, 'min_samples_leaf': 2, 'min_samples_split': 4, 'n_estimators': 1000}",0.8729591006804458,0.8683052578999024,0.8892036569228918,0.8736347750109219,0.8760256976285405,0.00788010673424887,627
243,3.6721028089523315,0.5911753381635632,0.22496742010116577,0.011642043161889184,gini,30,sqrt,50,0.1,2,8,700,"{'criterion': 'gini', 'max_depth': 30, 'max_features': 'sqrt', 'max_leaf_nodes': 50, 'min_impurity_decrease': 0.1, 'min_samples_leaf': 2, 'min_samples_split': 8, 'n_estimators': 700}",0.8729591006804458,0.8683052578999024,0.892092616863259,0.8736347750109219,0.8767479376136322,0.009093749071749006,586
244,2.2192745208740234,0.4305456937259677,0.1418049931526184,0.026978963791639214,gini,30,sqrt,50,0.1,2,8,500,"{'criterion': 'gini', 'max_depth': 30, 'max_features': 'sqrt', 'max_leaf_nodes': 50, 'min_impurity_decrease': 0.1, 'min_samples_leaf': 2, 'min_samples_split': 8, 'n_estimators': 500}",0.8715103236597364,0.874861859061143,0.9035517955165138,0.8758307783441066,0.8814386891453749,0.01286725759543929,508
245,4.038226306438446,0.15479275297542433,0.26210272312164307,0.018628580706016428,gini,30,sqrt,50,0.1,2,8,1000,"{'criterion': 'gini', 'max_depth': 30, 'max_features': 'sqrt', 'max_leaf_nodes': 50, 'min_impurity_decrease': 0.1, 'min_samples_leaf': 2, 'min_samples_split': 8, 'n_estimators': 1000}",0.8715103236597364,0.8683052578999024,0.8941632458482736,0.8736347750109219,0.8769034006047085,0.010143957659744693,577
246,3.159997522830963,0.48047183823595657,0.20245236158370972,0.027288349012741762,gini,30,sqrt,50,0.1,5,4,700,"{'criterion': 'gini', 'max_depth': 30, 'max_features': 'sqrt', 'max_leaf_nodes': 50, 'min_impurity_decrease': 0.1, 'min_samples_leaf': 5, 'min_samples_split': 4, 'n_estimators': 700}",0.8715103236597364,0.8683052578999024,0.8892036569228918,0.8765273949552899,0.8763866583594551,0.007959003273901286,595
247,2.1783480048179626,0.42898595046576876,0.13906437158584595,0.010458486283831734,gini,30,sqrt,50,0.1,5,4,500,"{'criterion': 'gini', 'max_depth': 30, 'max_features': 'sqrt', 'max_leaf_nodes': 50, 'min_impurity_decrease': 0.1, 'min_samples_leaf': 5, 'min_samples_split': 4, 'n_estimators': 500}",0.8729591006804458,0.8683052578999024,0.8892036569228918,0.8736347750109219,0.8760256976285405,0.00788010673424887,627
248,4.06570291519165,0.23312665381377742,0.2582150101661682,0.005227078337200054,gini,30,sqrt,50,0.1,5,4,1000,"{'criterion': 'gini', 'max_depth': 30, 'max_features': 'sqrt', 'max_leaf_nodes': 50, 'min_impurity_decrease': 0.1, 'min_samples_leaf': 5, 'min_samples_split': 4, 'n_estimators': 1000}",0.8715103236597364,0.8683052578999024,0.8892036569228918,0.8736347750109219,0.8756635033733631,0.008044317483397425,645
249,3.3925662636756897,0.4886667819537162,0.2207092046737671,0.0197464795932069,gini,30,sqrt,50,0.1,5,8,700,"{'criterion': 'gini', 'max_depth': 30, 'max_features': 'sqrt', 'max_leaf_nodes': 50, 'min_impurity_decrease': 0.1, 'min_samples_leaf': 5, 'min_samples_split': 8, 'n_estimators': 700}",0.8772985207137588,0.8683052578999024,0.887110811814275,0.8736347750109219,0.8765873413597145,0.006865853205555399,588
250,2.1439324021339417,0.26677501125353004,0.147194504737854,0.013729335437935046,gini,30,sqrt,50,0.1,5,8,500,"{'criterion': 'gini', 'max_depth': 30, 'max_features': 'sqrt', 'max_leaf_nodes': 50, 'min_impurity_decrease': 0.1, 'min_samples_leaf': 5, 'min_samples_split': 8, 'n_estimators': 500}",0.8889000341844513,0.8683052578999024,0.8892036569228918,0.8765273949552899,0.8807340859906339,0.008811758605075062,520
251,4.529629588127136,0.10663091507661769,0.26022785902023315,0.024442663940756084,gini,30,sqrt,50,0.1,5,8,1000,"{'criterion': 'gini', 'max_depth': 30, 'max_features': 'sqrt', 'max_leaf_nodes': 50, 'min_impurity_decrease': 0.1, 'min_samples_leaf': 5, 'min_samples_split': 8, 'n_estimators': 1000}",0.8772985207137588,0.8683052578999024,0.8892036569228918,0.8758046590969988,0.8776530236583879,0.007488991543861697,548
252,3.848488509654999,0.31525292072397826,0.22421973943710327,0.027993029077869644,gini,30,sqrt,50,0.05,2,4,700,"{'criterion': 'gini', 'max_depth': 30, 'max_features': 'sqrt', 'max_leaf_nodes': 50, 'min_impurity_decrease': 0.05, 'min_samples_leaf': 2, 'min_samples_split': 4, 'n_estimators': 700}",0.8858338179896074,0.8847559323734511,0.8964181286549707,0.8975223107742598,0.8911325474480722,0.005863109195284093,342
253,2.0771846175193787,0.07260032272318218,0.1315605640411377,0.007741093107775663,gini,30,sqrt,50,0.05,2,4,500,"{'criterion': 'gini', 'max_depth': 30, 'max_features': 'sqrt', 'max_leaf_nodes': 50, 'min_impurity_decrease': 0.05, 'min_samples_leaf': 2, 'min_samples_split': 4, 'n_estimators': 500}",0.8843910917707669,0.8884685656858958,0.8949322848405417,0.8921613394216134,0.8899883204297044,0.00396243040243555,401
254,5.190188825130463,0.8445379624507295,0.29949313402175903,0.029487613779594826,gini,30,sqrt,50,0.05,2,4,1000,"{'criterion': 'gini', 'max_depth': 30, 'max_features': 'sqrt', 'max_leaf_nodes': 50, 'min_impurity_decrease': 0.05, 'min_samples_leaf': 2, 'min_samples_split': 4, 'n_estimators': 1000}",0.8858096059821685,0.8877168293450566,0.8992967276716541,0.8936020039165276,0.8916062917288518,0.005288079883264407,312
255,3.420376181602478,0.5530763272851722,0.18820244073867798,0.00456086323366464,gini,30,sqrt,50,0.05,2,8,700,"{'criterion': 'gini', 'max_depth': 30, 'max_features': 'sqrt', 'max_leaf_nodes': 50, 'min_impurity_decrease': 0.05, 'min_samples_leaf': 2, 'min_samples_split': 8, 'n_estimators': 700}",0.8865309519236925,0.886992074077527,0.8992967276716541,0.888555147841551,0.8903437253786062,0.005223171151893762,384
256,2.4348695278167725,0.3991746485524142,0.16855865716934204,0.02247352799226754,gini,30,sqrt,50,0.05,2,8,500,"{'criterion': 'gini', 'max_depth': 30, 'max_features': 'sqrt', 'max_leaf_nodes': 50, 'min_impurity_decrease': 0.05, 'min_samples_leaf': 2, 'min_samples_split': 8, 'n_estimators': 500}",0.8953578587313142,0.8891654641654642,0.8964181286549707,0.8950622473079541,0.8940009247149259,0.00283690981459021,224
257,4.8102893233299255,0.7757378772762481,0.2888733148574829,0.03485636716625338,gini,30,sqrt,50,0.05,2,8,1000,"{'criterion': 'gini', 'max_depth': 30, 'max_features': 'sqrt', 'max_leaf_nodes': 50, 'min_impurity_decrease': 0.05, 'min_samples_leaf': 2, 'min_samples_split': 8, 'n_estimators': 1000}",0.8858096059821685,0.8891923355126723,0.8971381512251657,0.8950622473079541,0.8918005850069901,0.004522799166428929,301
258,3.4653873443603516,0.5962121744986478,0.2593655586242676,0.05855713386914878,gini,30,sqrt,50,0.05,5,4,700,"{'criterion': 'gini', 'max_depth': 30, 'max_features': 'sqrt', 'max_leaf_nodes': 50, 'min_impurity_decrease': 0.05, 'min_samples_leaf': 5, 'min_samples_split': 4, 'n_estimators': 700}",0.8997440774340029,0.8833020201046986,0.8985774484968885,0.888555147841551,0.8925446734692852,0.006884198354440373,267
259,2.2762786746025085,0.40670980978600163,0.1573086380958557,0.0232761393427737,gini,30,sqrt,50,0.05,5,4,500,"{'criterion': 'gini', 'max_depth': 30, 'max_features': 'sqrt', 'max_leaf_nodes': 50, 'min_impurity_decrease': 0.05, 'min_samples_leaf': 5, 'min_samples_split': 4, 'n_estimators': 500}",0.8879728467509505,0.8847559323734511,0.8985146642906905,0.8921613394216134,0.8908511957091763,0.005144957606828494,357
260,4.341856598854065,0.3091148208921976,0.29274553060531616,0.03241878314464262,gini,30,sqrt,50,0.05,5,4,1000,"{'criterion': 'gini', 'max_depth': 30, 'max_features': 'sqrt', 'max_leaf_nodes': 50, 'min_impurity_decrease': 0.05, 'min_samples_leaf': 5, 'min_samples_split': 4, 'n_estimators': 1000}",0.8843910917707669,0.8913619440821017,0.8992967276716541,0.8943428990359235,0.8923481656401115,0.005397896190884307,276
261,3.262811779975891,0.5837477720995841,0.21896469593048096,0.020229869949163832,gini,30,sqrt,50,0.05,5,8,700,"{'criterion': 'gini', 'max_depth': 30, 'max_features': 'sqrt', 'max_leaf_nodes': 50, 'min_impurity_decrease': 0.05, 'min_samples_leaf': 5, 'min_samples_split': 8, 'n_estimators': 700}",0.8843910917707669,0.8862086121944565,0.9028895181868615,0.8993732771623237,0.8932156248286021,0.008038524502572985,238
262,2.4571009278297424,0.3520350094901555,0.1699364185333252,0.01934088480028176,gini,30,sqrt,50,0.05,5,8,500,"{'criterion': 'gini', 'max_depth': 30, 'max_features': 'sqrt', 'max_leaf_nodes': 50, 'min_impurity_decrease': 0.05, 'min_samples_leaf': 5, 'min_samples_split': 8, 'n_estimators': 500}",0.8879959206526955,0.8796617259289055,0.898556935346198,0.8986365043848262,0.8912127715781563,0.007950209678121045,340
263,4.874948978424072,0.6806333717642741,0.2856212854385376,0.029227214297542707,gini,30,sqrt,50,0.05,5,8,1000,"{'criterion': 'gini', 'max_depth': 30, 'max_features': 'sqrt', 'max_leaf_nodes': 50, 'min_impurity_decrease': 0.05, 'min_samples_leaf': 5, 'min_samples_split': 8, 'n_estimators': 1000}",0.8843910917707669,0.8891654641654642,0.8985774484968885,0.8936020039165276,0.8914340020874117,0.005255423593006846,325
264,3.1213793754577637,0.4725638159926225,0.1884487271308899,0.020351804070802244,gini,30,sqrt,100,0.1,2,4,700,"{'criterion': 'gini', 'max_depth': 30, 'max_features': 'sqrt', 'max_leaf_nodes': 100, 'min_impurity_decrease': 0.1, 'min_samples_leaf': 2, 'min_samples_split': 4, 'n_estimators': 700}",0.8729591006804458,0.8683052578999024,0.8892036569228918,0.8736347750109219,0.8760256976285405,0.00788010673424887,627
265,2.08271324634552,0.40391706903201774,0.13917523622512817,0.008785460011300915,gini,30,sqrt,100,0.1,2,4,500,"{'criterion': 'gini', 'max_depth': 30, 'max_features': 'sqrt', 'max_leaf_nodes': 100, 'min_impurity_decrease': 0.1, 'min_samples_leaf': 2, 'min_samples_split': 4, 'n_estimators': 500}",0.8715103236597364,0.8683052578999024,0.8892036569228918,0.8758307783441066,0.8762125042066593,0.00796163942888332,606
266,4.6600149273872375,0.6202961908970798,0.25948089361190796,0.02042040850823732,gini,30,sqrt,100,0.1,2,4,1000,"{'criterion': 'gini', 'max_depth': 30, 'max_features': 'sqrt', 'max_leaf_nodes': 100, 'min_impurity_decrease': 0.1, 'min_samples_leaf': 2, 'min_samples_split': 4, 'n_estimators': 1000}",0.8772985207137588,0.8683052578999024,0.8892036569228918,0.8758046590969988,0.8776530236583879,0.007488991543861697,548
267,3.5890786051750183,0.47404091551554456,0.21258330345153809,0.02631798312529066,gini,30,sqrt,100,0.1,2,8,700,"{'criterion': 'gini', 'max_depth': 30, 'max_features': 'sqrt', 'max_leaf_nodes': 100, 'min_impurity_decrease': 0.1, 'min_samples_leaf': 2, 'min_samples_split': 8, 'n_estimators': 700}",0.8772985207137588,0.8683052578999024,0.8941632458482736,0.8765273949552899,0.8790736048543062,0.00939798741770158,530
268,1.9291629195213318,0.1061419631984317,0.1478174328804016,0.027528049448666415,gini,30,sqrt,100,0.1,2,8,500,"{'criterion': 'gini', 'max_depth': 30, 'max_features': 'sqrt', 'max_leaf_nodes': 100, 'min_impurity_decrease': 0.1, 'min_samples_leaf': 2, 'min_samples_split': 8, 'n_estimators': 500}",0.8715103236597364,0.8683052578999024,0.8892036569228918,0.8736347750109219,0.8756635033733631,0.008044317483397425,645
269,4.4568177461624146,0.679670144589884,0.29576122760772705,0.042065640042102705,gini,30,sqrt,100,0.1,2,8,1000,"{'criterion': 'gini', 'max_depth': 30, 'max_features': 'sqrt', 'max_leaf_nodes': 100, 'min_impurity_decrease': 0.1, 'min_samples_leaf': 2, 'min_samples_split': 8, 'n_estimators': 1000}",0.8729591006804458,0.8683052578999024,0.8892036569228918,0.8736347750109219,0.8760256976285405,0.00788010673424887,627
270,3.338242292404175,0.49156704553461755,0.22935301065444946,0.01517946640340769,gini,30,sqrt,100,0.1,5,4,700,"{'criterion': 'gini', 'max_depth': 30, 'max_features': 'sqrt', 'max_leaf_nodes': 100, 'min_impurity_decrease': 0.1, 'min_samples_leaf': 5, 'min_samples_split': 4, 'n_estimators': 700}",0.8715103236597364,0.8683052578999024,0.8892036569228918,0.8765273949552899,0.8763866583594551,0.007959003273901286,595
271,2.011553645133972,0.07335554138618773,0.13029539585113525,0.007158576345125223,gini,30,sqrt,100,0.1,5,4,500,"{'criterion': 'gini', 'max_depth': 30, 'max_features': 'sqrt', 'max_leaf_nodes': 100, 'min_impurity_decrease': 0.1, 'min_samples_leaf': 5, 'min_samples_split': 4, 'n_estimators': 500}",0.8786641132944656,0.8857849265800264,0.892092616863259,0.8736347750109219,0.8825441079371683,0.007001919376243036,506
272,4.486354053020477,0.4298494295901762,0.3211326003074646,0.021706403742913508,gini,30,sqrt,100,0.1,5,4,1000,"{'criterion': 'gini', 'max_depth': 30, 'max_features': 'sqrt', 'max_leaf_nodes': 100, 'min_impurity_decrease': 0.1, 'min_samples_leaf': 5, 'min_samples_split': 4, 'n_estimators': 1000}",0.8715103236597364,0.8683052578999024,0.8892036569228918,0.8758046590969988,0.8762059743948823,0.007961960531611596,617
273,3.308269202709198,0.5889475850367533,0.21383482217788696,0.02894622645444051,gini,30,sqrt,100,0.1,5,8,700,"{'criterion': 'gini', 'max_depth': 30, 'max_features': 'sqrt', 'max_leaf_nodes': 100, 'min_impurity_decrease': 0.1, 'min_samples_leaf': 5, 'min_samples_split': 8, 'n_estimators': 700}",0.8715103236597364,0.8683052578999024,0.892092616863259,0.8765273949552899,0.877108898344547,0.009133702568231783,569
274,2.1580429077148438,0.3086905462321441,0.1366875171661377,0.010254409801811555,gini,30,sqrt,100,0.1,5,8,500,"{'criterion': 'gini', 'max_depth': 30, 'max_features': 'sqrt', 'max_leaf_nodes': 100, 'min_impurity_decrease': 0.1, 'min_samples_leaf': 5, 'min_samples_split': 8, 'n_estimators': 500}",0.8786641132944656,0.8683052578999024,0.892092616863259,0.8758046590969988,0.8787166617886565,0.00859936082091297,532
275,4.4823333621025085,0.8040941002701694,0.30962419509887695,0.03885184065565261,gini,30,sqrt,100,0.1,5,8,1000,"{'criterion': 'gini', 'max_depth': 30, 'max_features': 'sqrt', 'max_leaf_nodes': 100, 'min_impurity_decrease': 0.1, 'min_samples_leaf': 5, 'min_samples_split': 8, 'n_estimators': 1000}",0.8729591006804458,0.8683052578999024,0.8892036569228918,0.8765273949552899,0.8767488526146325,0.00775931223242766,580
276,3.5979573130607605,0.6754465069279115,0.21309173107147217,0.033081275668172996,gini,30,sqrt,100,0.05,2,4,700,"{'criterion': 'gini', 'max_depth': 30, 'max_features': 'sqrt', 'max_leaf_nodes': 100, 'min_impurity_decrease': 0.05, 'min_samples_leaf': 2, 'min_samples_split': 4, 'n_estimators': 700}",0.8858338179896074,0.8978778567313233,0.8985774484968885,0.888555147841551,0.8927110677648424,0.005605318144344052,258
277,2.1512184143066406,0.13000374782057383,0.13304996490478516,0.010681147421043828,gini,30,sqrt,100,0.05,2,4,500,"{'criterion': 'gini', 'max_depth': 30, 'max_features': 'sqrt', 'max_leaf_nodes': 100, 'min_impurity_decrease': 0.05, 'min_samples_leaf': 2, 'min_samples_split': 4, 'n_estimators': 500}",0.8843910917707669,0.8891654641654642,0.8949322848405417,0.8975223107742598,0.8915027878877582,0.005099887473599176,316
278,4.678264915943146,0.7762640442278235,0.2842327356338501,0.04505694570835663,gini,30,sqrt,100,0.05,2,4,1000,"{'criterion': 'gini', 'max_depth': 30, 'max_features': 'sqrt', 'max_leaf_nodes': 100, 'min_impurity_decrease': 0.05, 'min_samples_leaf': 2, 'min_samples_split': 4, 'n_estimators': 1000}",0.8901337300295973,0.8774736757495378,0.8985774484968885,0.8921613394216134,0.8895865484244092,0.007656482954648517,429
279,3.5995879769325256,0.6507015414538153,0.22071516513824463,0.03187079670149098,gini,30,sqrt,100,0.05,2,8,700,"{'criterion': 'gini', 'max_depth': 30, 'max_features': 'sqrt', 'max_leaf_nodes': 100, 'min_impurity_decrease': 0.05, 'min_samples_leaf': 2, 'min_samples_split': 8, 'n_estimators': 700}",0.8843661057922008,0.8847559323734511,0.8992967276716541,0.8928817988620691,0.8903251411748437,0.006195806084854893,386
280,2.1286537051200867,0.10113880298930467,0.1305420994758606,0.008750463333582582,gini,30,sqrt,100,0.05,2,8,500,"{'criterion': 'gini', 'max_depth': 30, 'max_features': 'sqrt', 'max_leaf_nodes': 100, 'min_impurity_decrease': 0.05, 'min_samples_leaf': 2, 'min_samples_split': 8, 'n_estimators': 500}",0.8843910917707669,0.8978778567313233,0.9021714333741565,0.8899984123430561,0.8936096985548256,0.006883759446671498,229
281,4.618648648262024,0.8507725266969882,0.2564687728881836,0.015338998934250302,gini,30,sqrt,100,0.05,2,8,1000,"{'criterion': 'gini', 'max_depth': 30, 'max_features': 'sqrt', 'max_leaf_nodes': 100, 'min_impurity_decrease': 0.05, 'min_samples_leaf': 2, 'min_samples_split': 8, 'n_estimators': 1000}",0.8865547815199499,0.8913362613651561,0.8999959457207082,0.8936020039165276,0.8928722481305854,0.004836043077318096,249
282,3.8174168467521667,0.5570173248671062,0.23495620489120483,0.0303188021576518,gini,30,sqrt,100,0.05,5,4,700,"{'criterion': 'gini', 'max_depth': 30, 'max_features': 'sqrt', 'max_leaf_nodes': 100, 'min_impurity_decrease': 0.05, 'min_samples_leaf': 5, 'min_samples_split': 4, 'n_estimators': 700}",0.8858338179896074,0.8942745782507332,0.8964181286549707,0.8921613394216134,0.8921719660792311,0.00395673819879499,286
283,2.1226069927215576,0.08047553902986829,0.15006506443023682,0.03005952501487632,gini,30,sqrt,100,0.05,5,4,500,"{'criterion': 'gini', 'max_depth': 30, 'max_features': 'sqrt', 'max_leaf_nodes': 100, 'min_impurity_decrease': 0.05, 'min_samples_leaf': 5, 'min_samples_split': 4, 'n_estimators': 500}",0.8865309519236925,0.8935531333513498,0.8992967276716541,0.891440623352276,0.8927053590747431,0.004579512018737654,262
284,4.94724178314209,0.43580038194723136,0.30000555515289307,0.04964637735294592,gini,30,sqrt,100,0.05,5,4,1000,"{'criterion': 'gini', 'max_depth': 30, 'max_features': 'sqrt', 'max_leaf_nodes': 100, 'min_impurity_decrease': 0.05, 'min_samples_leaf': 5, 'min_samples_split': 4, 'n_estimators': 1000}",0.8858096059821685,0.8884685656858958,0.8992765637076461,0.898223520398391,0.8929445639435254,0.005892872554574402,245
285,3.8192951679229736,0.4779833109916182,0.22420281171798706,0.032892740137491355,gini,30,sqrt,100,0.05,5,8,700,"{'criterion': 'gini', 'max_depth': 30, 'max_features': 'sqrt', 'max_leaf_nodes': 100, 'min_impurity_decrease': 0.05, 'min_samples_leaf': 5, 'min_samples_split': 8, 'n_estimators': 700}",0.8851125888227386,0.8986188294173085,0.8992967276716541,0.8936020039165276,0.8941575374570572,0.005666438813940546,222
286,2.2875425815582275,0.2133022024440789,0.14994663000106812,0.029241690725155665,gini,30,sqrt,100,0.05,5,8,500,"{'criterion': 'gini', 'max_depth': 30, 'max_features': 'sqrt', 'max_leaf_nodes': 100, 'min_impurity_decrease': 0.05, 'min_samples_leaf': 5, 'min_samples_split': 8, 'n_estimators': 500}",0.8858338179896074,0.8847559323734511,0.8978157751354123,0.8943428990359235,0.8906871061335986,0.005543373780103982,365
287,4.8078137040138245,0.6759195486665017,0.3955351710319519,0.06948495746367168,gini,30,sqrt,100,0.05,5,8,1000,"{'criterion': 'gini', 'max_depth': 30, 'max_features': 'sqrt', 'max_leaf_nodes': 100, 'min_impurity_decrease': 0.05, 'min_samples_leaf': 5, 'min_samples_split': 8, 'n_estimators': 1000}",0.8858338179896074,0.8877168293450566,0.9035892386875746,0.8921613394216134,0.8923253063609629,0.006897110596062456,282
288,3.069136917591095,0.5631521631615569,0.20583301782608032,0.04392621689465406,gini,30,log2,10,0.1,2,4,700,"{'criterion': 'gini', 'max_depth': 30, 'max_features': 'log2', 'max_leaf_nodes': 10, 'min_impurity_decrease': 0.1, 'min_samples_leaf': 2, 'min_samples_split': 4, 'n_estimators': 700}",0.8715103236597364,0.8683052578999024,0.892092616863259,0.8736347750109219,0.876385743358455,0.009264686511555275,602
289,2.0186938047409058,0.0666284716438335,0.1305389404296875,0.005474088447434148,gini,30,log2,10,0.1,2,4,500,"{'criterion': 'gini', 'max_depth': 30, 'max_features': 'log2', 'max_leaf_nodes': 10, 'min_impurity_decrease': 0.1, 'min_samples_leaf': 2, 'min_samples_split': 4, 'n_estimators': 500}",0.8715103236597364,0.8712225324693245,0.9028329401683477,0.8758046590969988,0.8803426138486018,0.01311099772749219,526
290,4.66288024187088,0.5337002914110615,0.26022589206695557,0.010046856084999084,gini,30,log2,10,0.1,2,4,1000,"{'criterion': 'gini', 'max_depth': 30, 'max_features': 'log2', 'max_leaf_nodes': 10, 'min_impurity_decrease': 0.1, 'min_samples_leaf': 2, 'min_samples_split': 4, 'n_estimators': 1000}",0.8729591006804458,0.8683052578999024,0.8892036569228918,0.8765273949552899,0.8767488526146325,0.00775931223242766,580
291,3.8145394325256348,0.5765803146128538,0.21184378862380981,0.03251833770268773,gini,30,log2,10,0.1,2,8,700,"{'criterion': 'gini', 'max_depth': 30, 'max_features': 'log2', 'max_leaf_nodes': 10, 'min_impurity_decrease': 0.1, 'min_samples_leaf': 2, 'min_samples_split': 8, 'n_estimators': 700}",0.8715103236597364,0.8683052578999024,0.8892036569228918,0.8736347750109219,0.8756635033733631,0.008044317483397425,645
292,2.356960654258728,0.4419375052696246,0.1490522027015686,0.018409941726614587,gini,30,log2,10,0.1,2,8,500,"{'criterion': 'gini', 'max_depth': 30, 'max_features': 'log2', 'max_leaf_nodes': 10, 'min_impurity_decrease': 0.1, 'min_samples_leaf': 2, 'min_samples_split': 8, 'n_estimators': 500}",0.8772985207137588,0.8683052578999024,0.8992967276716541,0.8736347750109219,0.8796338203240592,0.011794155553674282,529
293,4.865079760551453,0.6891490440837942,0.2998697757720947,0.044877202303625484,gini,30,log2,10,0.1,2,8,1000,"{'criterion': 'gini', 'max_depth': 30, 'max_features': 'log2', 'max_leaf_nodes': 10, 'min_impurity_decrease': 0.1, 'min_samples_leaf': 2, 'min_samples_split': 8, 'n_estimators': 1000}",0.8772985207137588,0.8683052578999024,0.8892036569228918,0.8736347750109219,0.8771105526368688,0.007679400184591876,559
294,3.8387690782546997,0.7445512569807075,0.20059549808502197,0.026998035846191145,gini,30,log2,10,0.1,5,4,700,"{'criterion': 'gini', 'max_depth': 30, 'max_features': 'log2', 'max_leaf_nodes': 10, 'min_impurity_decrease': 0.1, 'min_samples_leaf': 5, 'min_samples_split': 4, 'n_estimators': 700}",0.8772985207137588,0.8683052578999024,0.8892036569228918,0.8736347750109219,0.8771105526368688,0.007679400184591876,559
295,2.07069730758667,0.15347263942341002,0.14693313837051392,0.022842133131380678,gini,30,log2,10,0.1,5,4,500,"{'criterion': 'gini', 'max_depth': 30, 'max_features': 'log2', 'max_leaf_nodes': 10, 'min_impurity_decrease': 0.1, 'min_samples_leaf': 5, 'min_samples_split': 4, 'n_estimators': 500}",0.8772985207137588,0.8683052578999024,0.8892036569228918,0.8736347750109219,0.8771105526368688,0.007679400184591876,559
296,4.778163969516754,0.8732743690226454,0.29510217905044556,0.03164337214223234,gini,30,log2,10,0.1,5,4,1000,"{'criterion': 'gini', 'max_depth': 30, 'max_features': 'log2', 'max_leaf_nodes': 10, 'min_impurity_decrease': 0.1, 'min_samples_leaf': 5, 'min_samples_split': 4, 'n_estimators': 1000}",0.8715103236597364,0.8712225324693245,0.8892036569228918,0.8765273949552899,0.8771159770018107,0.007290652792257284,557
297,3.373072862625122,0.6343819175896902,0.21135258674621582,0.030340386330925874,gini,30,log2,10,0.1,5,8,700,"{'criterion': 'gini', 'max_depth': 30, 'max_features': 'log2', 'max_leaf_nodes': 10, 'min_impurity_decrease': 0.1, 'min_samples_leaf': 5, 'min_samples_split': 8, 'n_estimators': 700}",0.8729591006804458,0.8683052578999024,0.8892036569228918,0.8765273949552899,0.8767488526146325,0.00775931223242766,580
298,1.9579086303710938,0.08815084141876828,0.13592898845672607,0.006783429169017781,gini,30,log2,10,0.1,5,8,500,"{'criterion': 'gini', 'max_depth': 30, 'max_features': 'log2', 'max_leaf_nodes': 10, 'min_impurity_decrease': 0.1, 'min_samples_leaf': 5, 'min_samples_split': 8, 'n_estimators': 500}",0.8715103236597364,0.8683052578999024,0.8892036569228918,0.8736347750109219,0.8756635033733631,0.008044317483397425,645
299,4.392729103565216,0.4515349175634406,0.31200671195983887,0.0646961400391726,gini,30,log2,10,0.1,5,8,1000,"{'criterion': 'gini', 'max_depth': 30, 'max_features': 'log2', 'max_leaf_nodes': 10, 'min_impurity_decrease': 0.1, 'min_samples_leaf': 5, 'min_samples_split': 8, 'n_estimators': 1000}",0.8715103236597364,0.8683052578999024,0.8892036569228918,0.8758046590969988,0.8762059743948823,0.007961960531611596,617
300,3.6904547214508057,0.7301712677871209,0.25123506784439087,0.054367719310491225,gini,30,log2,10,0.05,2,4,700,"{'criterion': 'gini', 'max_depth': 30, 'max_features': 'log2', 'max_leaf_nodes': 10, 'min_impurity_decrease': 0.05, 'min_samples_leaf': 2, 'min_samples_split': 4, 'n_estimators': 700}",0.8858096059821685,0.8935531333513498,0.897116930627974,0.8892769129049709,0.8914391457166158,0.004274141831202204,323
301,2.1193385124206543,0.13121858084969165,0.13042837381362915,0.008983711381101434,gini,30,log2,10,0.05,2,4,500,"{'criterion': 'gini', 'max_depth': 30, 'max_features': 'log2', 'max_leaf_nodes': 10, 'min_impurity_decrease': 0.05, 'min_samples_leaf': 2, 'min_samples_split': 4, 'n_estimators': 500}",0.8904609471522289,0.8774736757495378,0.8949322848405417,0.893623303878508,0.889122552905204,0.0069191289667206194,436
302,4.699500739574432,0.7989365319406908,0.2902405261993408,0.04253086949520072,gini,30,log2,10,0.05,2,4,1000,"{'criterion': 'gini', 'max_depth': 30, 'max_features': 'log2', 'max_leaf_nodes': 10, 'min_impurity_decrease': 0.05, 'min_samples_leaf': 2, 'min_samples_split': 4, 'n_estimators': 1000}",0.8858338179896074,0.8913619440821017,0.9028895181868615,0.891440623352276,0.8928814759027117,0.006209175175645622,248
303,3.3971025943756104,0.5436450093700362,0.18744486570358276,0.014094080438727877,gini,30,log2,10,0.05,2,8,700,"{'criterion': 'gini', 'max_depth': 30, 'max_features': 'log2', 'max_leaf_nodes': 10, 'min_impurity_decrease': 0.05, 'min_samples_leaf': 2, 'min_samples_split': 8, 'n_estimators': 700}",0.8858338179896074,0.8796617259289055,0.8949322848405417,0.8943428990359235,0.8886926819487445,0.0063361831402803685,450
304,2.230628192424774,0.05407976496028537,0.1374303698539734,0.004607834118560573,gini,30,log2,10,0.05,2,8,500,"{'criterion': 'gini', 'max_depth': 30, 'max_features': 'log2', 'max_leaf_nodes': 10, 'min_impurity_decrease': 0.05, 'min_samples_leaf': 2, 'min_samples_split': 8, 'n_estimators': 500}",0.8858096059821685,0.8847559323734511,0.9021526360033626,0.898223520398391,0.8927354236893432,0.00759016346709003,254
305,5.793577611446381,0.45876139582590303,0.34651970863342285,0.013686007117515499,gini,30,log2,10,0.05,2,8,1000,"{'criterion': 'gini', 'max_depth': 30, 'max_features': 'log2', 'max_leaf_nodes': 10, 'min_impurity_decrease': 0.05, 'min_samples_leaf': 2, 'min_samples_split': 8, 'n_estimators': 1000}",0.8865309519236925,0.8876600780207988,0.8985774484968885,0.8943428990359235,0.8917778443693258,0.0049320381631559555,303
306,3.7277100682258606,0.43189255228853896,0.2117258906364441,0.027248971324951132,gini,30,log2,10,0.05,5,4,700,"{'criterion': 'gini', 'max_depth': 30, 'max_features': 'log2', 'max_leaf_nodes': 10, 'min_impurity_decrease': 0.05, 'min_samples_leaf': 5, 'min_samples_split': 4, 'n_estimators': 700}",0.8858096059821685,0.8942745782507332,0.9035892386875746,0.888555147841551,0.8930571426905067,0.006804445998637405,242
307,2.133697032928467,0.07714039331164553,0.14269596338272095,0.023074494591550043,gini,30,log2,10,0.05,5,4,500,"{'criterion': 'gini', 'max_depth': 30, 'max_features': 'log2', 'max_leaf_nodes': 10, 'min_impurity_decrease': 0.05, 'min_samples_leaf': 5, 'min_samples_split': 4, 'n_estimators': 500}",0.8843910917707669,0.8862086121944565,0.8942107607567733,0.8892769129049709,0.8885218444067419,0.003719813781704729,455
308,3.9725903272628784,0.27659646076716826,0.26998770236968994,0.011208500506081022,gini,30,log2,10,0.05,5,4,1000,"{'criterion': 'gini', 'max_depth': 30, 'max_features': 'log2', 'max_leaf_nodes': 10, 'min_impurity_decrease': 0.05, 'min_samples_leaf': 5, 'min_samples_split': 4, 'n_estimators': 1000}",0.8858096059821685,0.8891923355126723,0.9035892386875746,0.897937216142134,0.8941320990811374,0.007028185414426854,223
309,2.903066039085388,0.12706870276708243,0.18983393907546997,0.014622156833710204,gini,30,log2,10,0.05,5,8,700,"{'criterion': 'gini', 'max_depth': 30, 'max_features': 'log2', 'max_leaf_nodes': 10, 'min_impurity_decrease': 0.05, 'min_samples_leaf': 5, 'min_samples_split': 8, 'n_estimators': 700}",0.8858338179896074,0.8883853614392897,0.8964181286549707,0.8921613394216134,0.8906996618763703,0.003995928765244826,363
310,2.590194582939148,0.38368994213136265,0.14681565761566162,0.027504671182151292,gini,30,log2,10,0.05,5,8,500,"{'criterion': 'gini', 'max_depth': 30, 'max_features': 'log2', 'max_leaf_nodes': 10, 'min_impurity_decrease': 0.05, 'min_samples_leaf': 5, 'min_samples_split': 8, 'n_estimators': 500}",0.8894136938089905,0.8854824251854594,0.8949091186068326,0.891440623352276,0.8903114652383897,0.0034109762500917815,387
311,5.140620589256287,0.8395737681727555,0.3051145076751709,0.037796037607372365,gini,30,log2,10,0.05,5,8,1000,"{'criterion': 'gini', 'max_depth': 30, 'max_features': 'log2', 'max_leaf_nodes': 10, 'min_impurity_decrease': 0.05, 'min_samples_leaf': 5, 'min_samples_split': 8, 'n_estimators': 1000}",0.8973388795602962,0.8891923355126723,0.8964181286549707,0.8943428990359235,0.8943230606909657,0.0031547269153412794,220
312,3.311971664428711,0.5102042978563329,0.19934475421905518,0.017141053191784373,gini,30,log2,50,0.1,2,4,700,"{'criterion': 'gini', 'max_depth': 30, 'max_features': 'log2', 'max_leaf_nodes': 50, 'min_impurity_decrease': 0.1, 'min_samples_leaf': 2, 'min_samples_split': 4, 'n_estimators': 700}",0.8786641132944656,0.8683052578999024,0.8892036569228918,0.8758307783441066,0.8780009516153416,0.007494273118042571,538
313,2.1346173882484436,0.21573786982987359,0.13267642259597778,0.012913150598651899,gini,30,log2,50,0.1,2,4,500,"{'criterion': 'gini', 'max_depth': 30, 'max_features': 'log2', 'max_leaf_nodes': 50, 'min_impurity_decrease': 0.1, 'min_samples_leaf': 2, 'min_samples_split': 4, 'n_estimators': 500}",0.8715103236597364,0.8683052578999024,0.8892036569228918,0.8736347750109219,0.8756635033733631,0.008044317483397425,645
314,4.3512890338897705,0.6898484058828585,0.28073805570602417,0.04015137707821836,gini,30,log2,50,0.1,2,4,1000,"{'criterion': 'gini', 'max_depth': 30, 'max_features': 'log2', 'max_leaf_nodes': 50, 'min_impurity_decrease': 0.1, 'min_samples_leaf': 2, 'min_samples_split': 4, 'n_estimators': 1000}",0.8772985207137588,0.8683052578999024,0.8892036569228918,0.8758307783441066,0.8776595534701649,0.007487388283907506,544
315,3.6484890580177307,0.39724499360048365,0.21071302890777588,0.01845327409802189,gini,30,log2,50,0.1,2,8,700,"{'criterion': 'gini', 'max_depth': 30, 'max_features': 'log2', 'max_leaf_nodes': 50, 'min_impurity_decrease': 0.1, 'min_samples_leaf': 2, 'min_samples_split': 8, 'n_estimators': 700}",0.8715103236597364,0.8683052578999024,0.892092616863259,0.8758046590969988,0.8769282143799741,0.009150551861262358,575
316,2.049355685710907,0.09689008848420481,0.12743932008743286,0.005285628147193005,gini,30,log2,50,0.1,2,8,500,"{'criterion': 'gini', 'max_depth': 30, 'max_features': 'log2', 'max_leaf_nodes': 50, 'min_impurity_decrease': 0.1, 'min_samples_leaf': 2, 'min_samples_split': 8, 'n_estimators': 500}",0.8715103236597364,0.8683052578999024,0.9013741610847477,0.8736347750109219,0.8787061294138272,0.013224182810418747,533
317,4.323626756668091,0.6438312032361445,0.2746070623397827,0.044177031296124915,gini,30,log2,50,0.1,2,8,1000,"{'criterion': 'gini', 'max_depth': 30, 'max_features': 'log2', 'max_leaf_nodes': 50, 'min_impurity_decrease': 0.1, 'min_samples_leaf': 2, 'min_samples_split': 8, 'n_estimators': 1000}",0.8772985207137588,0.8683052578999024,0.8892036569228918,0.8736347750109219,0.8771105526368688,0.007679400184591876,559
318,3.364595115184784,0.6084477211456634,0.21083009243011475,0.03375768174630199,gini,30,log2,50,0.1,5,4,700,"{'criterion': 'gini', 'max_depth': 30, 'max_features': 'log2', 'max_leaf_nodes': 50, 'min_impurity_decrease': 0.1, 'min_samples_leaf': 5, 'min_samples_split': 4, 'n_estimators': 700}",0.8715103236597364,0.874861859061143,0.8892036569228918,0.8765273949552899,0.8780258086497652,0.006701709805554568,537
319,2.0181795358657837,0.120041322197712,0.12516826391220093,0.004530988889681696,gini,30,log2,50,0.1,5,4,500,"{'criterion': 'gini', 'max_depth': 30, 'max_features': 'log2', 'max_leaf_nodes': 50, 'min_impurity_decrease': 0.1, 'min_samples_leaf': 5, 'min_samples_split': 4, 'n_estimators': 500}",0.8882196690754589,0.8683052578999024,0.8892036569228918,0.8758307783441066,0.88038984056059,0.008743737184656668,521
320,4.679978847503662,0.7707241709180493,0.2999899387359619,0.04530989173821069,gini,30,log2,50,0.1,5,4,1000,"{'criterion': 'gini', 'max_depth': 30, 'max_features': 'log2', 'max_leaf_nodes': 50, 'min_impurity_decrease': 0.1, 'min_samples_leaf': 5, 'min_samples_split': 4, 'n_estimators': 1000}",0.8772985207137588,0.8683052578999024,0.8892036569228918,0.8736347750109219,0.8771105526368688,0.007679400184591876,559
321,3.5001259446144104,0.620661232080874,0.20683294534683228,0.021536595804655608,gini,30,log2,50,0.1,5,8,700,"{'criterion': 'gini', 'max_depth': 30, 'max_features': 'log2', 'max_leaf_nodes': 50, 'min_impurity_decrease': 0.1, 'min_samples_leaf': 5, 'min_samples_split': 8, 'n_estimators': 700}",0.8715103236597364,0.8683052578999024,0.8892036569228918,0.8758307783441066,0.8762125042066593,0.00796163942888332,606
322,1.971901774406433,0.09218889008557458,0.1289272904396057,0.004085343400680386,gini,30,log2,50,0.1,5,8,500,"{'criterion': 'gini', 'max_depth': 30, 'max_features': 'log2', 'max_leaf_nodes': 50, 'min_impurity_decrease': 0.1, 'min_samples_leaf': 5, 'min_samples_split': 8, 'n_estimators': 500}",0.8715103236597364,0.8683052578999024,0.9006749178883282,0.8736347750109219,0.8785313186147223,0.012924606531294087,536
323,4.4553000926971436,0.5645628528782284,0.26186680793762207,0.0381373027749467,gini,30,log2,50,0.1,5,8,1000,"{'criterion': 'gini', 'max_depth': 30, 'max_features': 'log2', 'max_leaf_nodes': 50, 'min_impurity_decrease': 0.1, 'min_samples_leaf': 5, 'min_samples_split': 8, 'n_estimators': 1000}",0.8715103236597364,0.8683052578999024,0.8892036569228918,0.8758307783441066,0.8762125042066593,0.00796163942888332,606
324,3.4788015484809875,0.5680058075325422,0.21357500553131104,0.02805730022853012,gini,30,log2,50,0.05,2,4,700,"{'criterion': 'gini', 'max_depth': 30, 'max_features': 'log2', 'max_leaf_nodes': 50, 'min_impurity_decrease': 0.05, 'min_samples_leaf': 2, 'min_samples_split': 4, 'n_estimators': 700}",0.8843661057922008,0.8847559323734511,0.8956535460682038,0.888555147841551,0.8883326830188516,0.0045324222679232785,463
325,2.199781835079193,0.11413636563620944,0.13566827774047852,0.005741421590677792,gini,30,log2,50,0.05,2,4,500,"{'criterion': 'gini', 'max_depth': 30, 'max_features': 'log2', 'max_leaf_nodes': 50, 'min_impurity_decrease': 0.05, 'min_samples_leaf': 2, 'min_samples_split': 4, 'n_estimators': 500}",0.8858338179896074,0.8935531333513498,0.9035892386875746,0.8878331148973351,0.8927023262314666,0.006894460821324716,263
326,4.815939843654633,0.4027577612755917,0.28561943769454956,0.028106945777701897,gini,30,log2,50,0.05,2,4,1000,"{'criterion': 'gini', 'max_depth': 30, 'max_features': 'log2', 'max_leaf_nodes': 50, 'min_impurity_decrease': 0.05, 'min_samples_leaf': 2, 'min_samples_split': 4, 'n_estimators': 1000}",0.8858096059821685,0.8891654641654642,0.9035892386875746,0.8943428990359235,0.8932268019677826,0.006710719567802623,237
327,3.405997335910797,0.5374592421950242,0.19419443607330322,0.029308512161615903,gini,30,log2,50,0.05,2,8,700,"{'criterion': 'gini', 'max_depth': 30, 'max_features': 'log2', 'max_leaf_nodes': 50, 'min_impurity_decrease': 0.05, 'min_samples_leaf': 2, 'min_samples_split': 8, 'n_estimators': 700}",0.8858338179896074,0.8884685656858958,0.9035892386875746,0.888555147841551,0.8916116925511572,0.0070011991464312895,310
328,2.3554396629333496,0.4138835946463685,0.13843488693237305,0.018568813574185047,gini,30,log2,50,0.05,2,8,500,"{'criterion': 'gini', 'max_depth': 30, 'max_features': 'log2', 'max_leaf_nodes': 50, 'min_impurity_decrease': 0.05, 'min_samples_leaf': 2, 'min_samples_split': 8, 'n_estimators': 500}",0.8858096059821685,0.8884685656858958,0.8949322848405417,0.8975223107742598,0.8916831918207164,0.004729818902309286,306
329,5.151673197746277,0.7226906972522804,0.3305259346961975,0.09410531762852242,gini,30,log2,50,0.05,2,8,1000,"{'criterion': 'gini', 'max_depth': 30, 'max_features': 'log2', 'max_leaf_nodes': 50, 'min_impurity_decrease': 0.05, 'min_samples_leaf': 2, 'min_samples_split': 8, 'n_estimators': 1000}",0.8904749209544762,0.8847559323734511,0.8964181286549707,0.8943428990359235,0.8914979702547053,0.004438560665262785,317
330,3.6734514236450195,0.597715176133734,0.2648635506629944,0.006019273389912137,gini,30,log2,50,0.05,5,4,700,"{'criterion': 'gini', 'max_depth': 30, 'max_features': 'log2', 'max_leaf_nodes': 50, 'min_impurity_decrease': 0.05, 'min_samples_leaf': 5, 'min_samples_split': 4, 'n_estimators': 700}",0.8858096059821685,0.8825745960223819,0.8964181286549707,0.8943428990359235,0.8897863074238611,0.005756876663067807,416
331,2.087700664997101,0.10870817956508218,0.13769406080245972,0.009509967515550208,gini,30,log2,50,0.05,5,4,500,"{'criterion': 'gini', 'max_depth': 30, 'max_features': 'log2', 'max_leaf_nodes': 50, 'min_impurity_decrease': 0.05, 'min_samples_leaf': 5, 'min_samples_split': 4, 'n_estimators': 500}",0.8843910917707669,0.8935531333513498,0.8964181286549707,0.8936020039165276,0.8919910894234038,0.004538547879413303,293
332,4.171289384365082,0.16431236741585753,0.26999431848526,0.018197600890055718,gini,30,log2,50,0.05,5,4,1000,"{'criterion': 'gini', 'max_depth': 30, 'max_features': 'log2', 'max_leaf_nodes': 50, 'min_impurity_decrease': 0.05, 'min_samples_leaf': 5, 'min_samples_split': 4, 'n_estimators': 1000}",0.8865547815199499,0.8935531333513498,0.8992967276716541,0.8928817988620691,0.8930716103512557,0.004513563904231046,241
333,3.601687729358673,0.5738006375002,0.20057648420333862,0.034795941483769216,gini,30,log2,50,0.05,5,8,700,"{'criterion': 'gini', 'max_depth': 30, 'max_features': 'log2', 'max_leaf_nodes': 50, 'min_impurity_decrease': 0.05, 'min_samples_leaf': 5, 'min_samples_split': 8, 'n_estimators': 700}",0.8879959206526955,0.8891654641654642,0.8992967276716541,0.8943428990359235,0.8927002528814343,0.004495476588521073,264
334,2.534760892391205,0.39653859726984,0.1549445390701294,0.020426144130135094,gini,30,log2,50,0.05,5,8,500,"{'criterion': 'gini', 'max_depth': 30, 'max_features': 'log2', 'max_leaf_nodes': 50, 'min_impurity_decrease': 0.05, 'min_samples_leaf': 5, 'min_samples_split': 8, 'n_estimators': 500}",0.8858096059821685,0.8891654641654642,0.8942107607567733,0.8899984123430561,0.8897960608118655,0.002992490433794701,411
335,4.510390400886536,0.4351164936332529,0.288127064704895,0.04625676640286638,gini,30,log2,50,0.05,5,8,1000,"{'criterion': 'gini', 'max_depth': 30, 'max_features': 'log2', 'max_leaf_nodes': 50, 'min_impurity_decrease': 0.05, 'min_samples_leaf': 5, 'min_samples_split': 8, 'n_estimators': 1000}",0.8858338179896074,0.8847559323734511,0.8964181286549707,0.8921613394216134,0.8897923046099107,0.004757849615174289,413
336,3.391949236392975,0.4769320399450804,0.20521330833435059,0.034696532799459646,gini,30,log2,100,0.1,2,4,700,"{'criterion': 'gini', 'max_depth': 30, 'max_features': 'log2', 'max_leaf_nodes': 100, 'min_impurity_decrease': 0.1, 'min_samples_leaf': 2, 'min_samples_split': 4, 'n_estimators': 700}",0.8715103236597364,0.8683052578999024,0.8892036569228918,0.8765273949552899,0.8763866583594551,0.007959003273901286,595
337,2.3715344667434692,0.5151570014610916,0.1596967577934265,0.02367625828206942,gini,30,log2,100,0.1,2,4,500,"{'criterion': 'gini', 'max_depth': 30, 'max_features': 'log2', 'max_leaf_nodes': 100, 'min_impurity_decrease': 0.1, 'min_samples_leaf': 2, 'min_samples_split': 4, 'n_estimators': 500}",0.8772985207137588,0.8683052578999024,0.8892036569228918,0.8736347750109219,0.8771105526368688,0.007679400184591876,559
338,4.654317021369934,0.7666880796580005,0.2987315058708191,0.04032857286736331,gini,30,log2,100,0.1,2,4,1000,"{'criterion': 'gini', 'max_depth': 30, 'max_features': 'log2', 'max_leaf_nodes': 100, 'min_impurity_decrease': 0.1, 'min_samples_leaf': 2, 'min_samples_split': 4, 'n_estimators': 1000}",0.8715103236597364,0.8683052578999024,0.892092616863259,0.8758046590969988,0.8769282143799741,0.009150551861262358,575
339,3.324924051761627,0.43262935718749196,0.21382826566696167,0.03731403282028755,gini,30,log2,100,0.1,2,8,700,"{'criterion': 'gini', 'max_depth': 30, 'max_features': 'log2', 'max_leaf_nodes': 100, 'min_impurity_decrease': 0.1, 'min_samples_leaf': 2, 'min_samples_split': 8, 'n_estimators': 700}",0.8715103236597364,0.8683052578999024,0.8892036569228918,0.8736347750109219,0.8756635033733631,0.008044317483397425,645
340,1.9600141048431396,0.20073857829354894,0.16244804859161377,0.015427494304209134,gini,30,log2,100,0.1,2,8,500,"{'criterion': 'gini', 'max_depth': 30, 'max_features': 'log2', 'max_leaf_nodes': 100, 'min_impurity_decrease': 0.1, 'min_samples_leaf': 2, 'min_samples_split': 8, 'n_estimators': 500}",0.8772985207137588,0.8712225324693245,0.8892036569228918,0.8765273949552899,0.8785630262653163,0.0065735956500269045,535
341,4.449606835842133,0.35248574448487346,0.2724873423576355,0.03463488221750074,gini,30,log2,100,0.1,2,8,1000,"{'criterion': 'gini', 'max_depth': 30, 'max_features': 'log2', 'max_leaf_nodes': 100, 'min_impurity_decrease': 0.1, 'min_samples_leaf': 2, 'min_samples_split': 8, 'n_estimators': 1000}",0.8715103236597364,0.8683052578999024,0.8941632458482736,0.8736347750109219,0.8769034006047085,0.010143957659744693,577
342,3.4502410292625427,0.4824986405822957,0.19844383001327515,0.022265280219374278,gini,30,log2,100,0.1,5,4,700,"{'criterion': 'gini', 'max_depth': 30, 'max_features': 'log2', 'max_leaf_nodes': 100, 'min_impurity_decrease': 0.1, 'min_samples_leaf': 5, 'min_samples_split': 4, 'n_estimators': 700}",0.8715103236597364,0.8683052578999024,0.9013741610847477,0.8736347750109219,0.8787061294138272,0.013224182810418747,533
343,2.0230214595794678,0.0501407447985667,0.1379585862159729,0.023321012392058704,gini,30,log2,100,0.1,5,4,500,"{'criterion': 'gini', 'max_depth': 30, 'max_features': 'log2', 'max_leaf_nodes': 100, 'min_impurity_decrease': 0.1, 'min_samples_leaf': 5, 'min_samples_split': 4, 'n_estimators': 500}",0.8729591006804458,0.8683052578999024,0.8892036569228918,0.8736347750109219,0.8760256976285405,0.00788010673424887,627
344,5.287688374519348,0.6299420472916952,0.2897304892539978,0.04395077363977086,gini,30,log2,100,0.1,5,4,1000,"{'criterion': 'gini', 'max_depth': 30, 'max_features': 'log2', 'max_leaf_nodes': 100, 'min_impurity_decrease': 0.1, 'min_samples_leaf': 5, 'min_samples_split': 4, 'n_estimators': 1000}",0.8715103236597364,0.8683052578999024,0.8892036569228918,0.8758307783441066,0.8762125042066593,0.00796163942888332,606
345,3.062319278717041,0.4452520685835406,0.17819952964782715,0.0104209750090419,gini,30,log2,100,0.1,5,8,700,"{'criterion': 'gini', 'max_depth': 30, 'max_features': 'log2', 'max_leaf_nodes': 100, 'min_impurity_decrease': 0.1, 'min_samples_leaf': 5, 'min_samples_split': 8, 'n_estimators': 700}",0.8772985207137588,0.8683052578999024,0.892092616863259,0.8736347750109219,0.8778327926219605,0.008832118992733722,543
346,2.3495311737060547,0.4960941499581689,0.1591828465461731,0.03107473632119441,gini,30,log2,100,0.1,5,8,500,"{'criterion': 'gini', 'max_depth': 30, 'max_features': 'log2', 'max_leaf_nodes': 100, 'min_impurity_decrease': 0.1, 'min_samples_leaf': 5, 'min_samples_split': 8, 'n_estimators': 500}",0.8715103236597364,0.8683052578999024,0.887110811814275,0.8765273949552899,0.875863447082301,0.007124253424765052,644
347,4.025063514709473,0.45280986383846883,0.2578231692314148,0.014564623069728123,gini,30,log2,100,0.1,5,8,1000,"{'criterion': 'gini', 'max_depth': 30, 'max_features': 'log2', 'max_leaf_nodes': 100, 'min_impurity_decrease': 0.1, 'min_samples_leaf': 5, 'min_samples_split': 8, 'n_estimators': 1000}",0.8715103236597364,0.8683052578999024,0.892092616863259,0.8765273949552899,0.877108898344547,0.009133702568231783,569
348,3.218232035636902,0.3974749993099891,0.19769161939620972,0.02045681458153195,gini,30,log2,100,0.05,2,4,700,"{'criterion': 'gini', 'max_depth': 30, 'max_features': 'log2', 'max_leaf_nodes': 100, 'min_impurity_decrease': 0.05, 'min_samples_leaf': 2, 'min_samples_split': 4, 'n_estimators': 700}",0.8858338179896074,0.8891923355126723,0.8949322848405417,0.8892769129049709,0.8898088378119481,0.003267778726997935,409
349,2.517969250679016,0.5625198496887581,0.14168143272399902,0.01882418873100556,gini,30,log2,100,0.05,2,4,500,"{'criterion': 'gini', 'max_depth': 30, 'max_features': 'log2', 'max_leaf_nodes': 100, 'min_impurity_decrease': 0.05, 'min_samples_leaf': 2, 'min_samples_split': 4, 'n_estimators': 500}",0.8904465329335796,0.8891654641654642,0.8949322848405417,0.8921613394216134,0.8916764053402997,0.002159474710642117,308
350,5.138630926609039,0.7724869417984503,0.30774110555648804,0.04564016430768823,gini,30,log2,100,0.05,2,4,1000,"{'criterion': 'gini', 'max_depth': 30, 'max_features': 'log2', 'max_leaf_nodes': 100, 'min_impurity_decrease': 0.05, 'min_samples_leaf': 2, 'min_samples_split': 4, 'n_estimators': 1000}",0.8858338179896074,0.8935531333513498,0.8971381512251657,0.8936020039165276,0.8925317766206626,0.0041312798518277905,268
351,3.5231141448020935,0.5260258810085661,0.23346757888793945,0.03674337124521988,gini,30,log2,100,0.05,2,8,700,"{'criterion': 'gini', 'max_depth': 30, 'max_features': 'log2', 'max_leaf_nodes': 100, 'min_impurity_decrease': 0.05, 'min_samples_leaf': 2, 'min_samples_split': 8, 'n_estimators': 700}",0.8865547815199499,0.8883853614392897,0.8956978538090496,0.8943428990359235,0.8912452239510532,0.003860070186195829,336
352,2.1961032152175903,0.06190372910595391,0.1346758008003235,0.007724574534133241,gini,30,log2,100,0.05,2,8,500,"{'criterion': 'gini', 'max_depth': 30, 'max_features': 'log2', 'max_leaf_nodes': 100, 'min_impurity_decrease': 0.05, 'min_samples_leaf': 2, 'min_samples_split': 8, 'n_estimators': 500}",0.8858096059821685,0.8891654641654642,0.9035892386875746,0.8928817988620691,0.892861526924319,0.006679720793541568,250
353,4.733869016170502,0.8045705594304076,0.2860076427459717,0.0281171732622988,gini,30,log2,100,0.05,2,8,1000,"{'criterion': 'gini', 'max_depth': 30, 'max_features': 'log2', 'max_leaf_nodes': 100, 'min_impurity_decrease': 0.05, 'min_samples_leaf': 2, 'min_samples_split': 8, 'n_estimators': 1000}",0.89524231678487,0.8891923355126723,0.8949322848405417,0.8921613394216134,0.8928820691399243,0.002444777031319032,247
354,3.7722657918930054,0.47172379383862717,0.19895100593566895,0.02321943957077548,gini,30,log2,100,0.05,5,4,700,"{'criterion': 'gini', 'max_depth': 30, 'max_features': 'log2', 'max_leaf_nodes': 100, 'min_impurity_decrease': 0.05, 'min_samples_leaf': 5, 'min_samples_split': 4, 'n_estimators': 700}",0.8843910917707669,0.8876886860552784,0.8999959457207082,0.8928817988620691,0.8912393806022056,0.005892398961783213,337
355,2.480621635913849,0.311761789927603,0.15719151496887207,0.020897361753449945,gini,30,log2,100,0.05,5,4,500,"{'criterion': 'gini', 'max_depth': 30, 'max_features': 'log2', 'max_leaf_nodes': 100, 'min_impurity_decrease': 0.05, 'min_samples_leaf': 5, 'min_samples_split': 4, 'n_estimators': 500}",0.8858096059821685,0.885541676380418,0.8956535460682038,0.8921613394216134,0.8897915419631008,0.004298145057746763,414
356,4.632680058479309,0.7443498554580453,0.29948920011520386,0.03331713676226361,gini,30,log2,100,0.05,5,4,1000,"{'criterion': 'gini', 'max_depth': 30, 'max_features': 'log2', 'max_leaf_nodes': 100, 'min_impurity_decrease': 0.05, 'min_samples_leaf': 5, 'min_samples_split': 4, 'n_estimators': 1000}",0.8858096059821685,0.8891923355126723,0.8992967276716541,0.888555147841551,0.8907134542520114,0.0051159651882755645,360
357,3.7375560998916626,0.5512322155303947,0.22082817554473877,0.028384459841733448,gini,30,log2,100,0.05,5,8,700,"{'criterion': 'gini', 'max_depth': 30, 'max_features': 'log2', 'max_leaf_nodes': 100, 'min_impurity_decrease': 0.05, 'min_samples_leaf': 5, 'min_samples_split': 8, 'n_estimators': 700}",0.8858096059821685,0.8891654641654642,0.8992967276716541,0.8928817988620691,0.8917883991703389,0.005004904489504477,302
358,2.1963406801223755,0.08436507650818902,0.13916486501693726,0.012192481024568732,gini,30,log2,100,0.05,5,8,500,"{'criterion': 'gini', 'max_depth': 30, 'max_features': 'log2', 'max_leaf_nodes': 100, 'min_impurity_decrease': 0.05, 'min_samples_leaf': 5, 'min_samples_split': 8, 'n_estimators': 500}",0.8879959206526955,0.8825745960223819,0.9028895181868615,0.891440623352276,0.8912251645535536,0.007439151837752363,339
359,5.275988459587097,0.9276517653025895,0.2997193932533264,0.03722527358291396,gini,30,log2,100,0.05,5,8,1000,"{'criterion': 'gini', 'max_depth': 30, 'max_features': 'log2', 'max_leaf_nodes': 100, 'min_impurity_decrease': 0.05, 'min_samples_leaf': 5, 'min_samples_split': 8, 'n_estimators': 1000}",0.8858096059821685,0.8883853614392897,0.8971381512251657,0.8943219568254293,0.8914137688680133,0.004522278291192545,328
360,6.569690704345703,1.06147000826221,0.2033175826072693,0.029981980629182316,gini,30,,10,0.1,2,4,700,"{'criterion': 'gini', 'max_depth': 30, 'max_features': None, 'max_leaf_nodes': 10, 'min_impurity_decrease': 0.1, 'min_samples_leaf': 2, 'min_samples_split': 4, 'n_estimators': 700}",0.8679760207595829,0.859603889834593,0.8791470002729214,0.8729109139292781,0.8699094561990939,0.007146394890325409,829
361,3.842630684375763,0.16702684400043352,0.12803125381469727,0.008323311888531854,gini,30,,10,0.1,2,4,500,"{'criterion': 'gini', 'max_depth': 30, 'max_features': None, 'max_leaf_nodes': 10, 'min_impurity_decrease': 0.1, 'min_samples_leaf': 2, 'min_samples_split': 4, 'n_estimators': 500}",0.8679760207595829,0.8609884295277046,0.8791470002729214,0.8729109139292781,0.8702555911223717,0.006655535683773573,794
362,7.545685410499573,0.3248939064809039,0.24395060539245605,0.01127125934087488,gini,30,,10,0.1,2,4,1000,"{'criterion': 'gini', 'max_depth': 30, 'max_features': None, 'max_leaf_nodes': 10, 'min_impurity_decrease': 0.1, 'min_samples_leaf': 2, 'min_samples_split': 4, 'n_estimators': 1000}",0.8679760207595829,0.8609884295277046,0.8791470002729214,0.8729109139292781,0.8702555911223717,0.006655535683773573,794
363,6.852131605148315,0.6881653315366181,0.2020605206489563,0.022935841111625586,gini,30,,10,0.1,2,8,700,"{'criterion': 'gini', 'max_depth': 30, 'max_features': None, 'max_leaf_nodes': 10, 'min_impurity_decrease': 0.1, 'min_samples_leaf': 2, 'min_samples_split': 8, 'n_estimators': 700}",0.8679760207595829,0.8589117120304243,0.8791470002729214,0.8729109139292781,0.8697364117480517,0.0073977993500112145,862
364,4.05612587928772,0.620270063017221,0.13216978311538696,0.01748655470650831,gini,30,,10,0.1,2,8,500,"{'criterion': 'gini', 'max_depth': 30, 'max_features': None, 'max_leaf_nodes': 10, 'min_impurity_decrease': 0.1, 'min_samples_leaf': 2, 'min_samples_split': 8, 'n_estimators': 500}",0.8679760207595829,0.859603889834593,0.8791470002729214,0.8729109139292781,0.8699094561990939,0.007146394890325409,829
365,7.9499048590660095,0.806951559788814,0.2802191972732544,0.03207357420750834,gini,30,,10,0.1,2,8,1000,"{'criterion': 'gini', 'max_depth': 30, 'max_features': None, 'max_leaf_nodes': 10, 'min_impurity_decrease': 0.1, 'min_samples_leaf': 2, 'min_samples_split': 8, 'n_estimators': 1000}",0.8679760207595829,0.8609884295277046,0.8791470002729214,0.8729109139292781,0.8702555911223717,0.006655535683773573,794
366,5.761227369308472,0.7088396651116875,0.1695539951324463,0.011771567825971432,gini,30,,10,0.1,5,4,700,"{'criterion': 'gini', 'max_depth': 30, 'max_features': None, 'max_leaf_nodes': 10, 'min_impurity_decrease': 0.1, 'min_samples_leaf': 5, 'min_samples_split': 4, 'n_estimators': 700}",0.8679760207595829,0.859603889834593,0.8791470002729214,0.8729109139292781,0.8699094561990939,0.007146394890325409,829
367,3.830965757369995,0.13593404898941552,0.12304246425628662,0.007568222233691864,gini,30,,10,0.1,5,4,500,"{'criterion': 'gini', 'max_depth': 30, 'max_features': None, 'max_leaf_nodes': 10, 'min_impurity_decrease': 0.1, 'min_samples_leaf': 5, 'min_samples_split': 4, 'n_estimators': 500}",0.8679760207595829,0.859603889834593,0.8791470002729214,0.8729109139292781,0.8699094561990939,0.007146394890325409,829
368,9.11586993932724,1.4228643513631352,0.2647181749343872,0.03503279733313623,gini,30,,10,0.1,5,4,1000,"{'criterion': 'gini', 'max_depth': 30, 'max_features': None, 'max_leaf_nodes': 10, 'min_impurity_decrease': 0.1, 'min_samples_leaf': 5, 'min_samples_split': 4, 'n_estimators': 1000}",0.8679760207595829,0.8609884295277046,0.8791470002729214,0.8716000370465861,0.8699278719016987,0.0065481260112302125,827
369,6.3781262040138245,0.6674229312803502,0.1790664792060852,0.03013296953613363,gini,30,,10,0.1,5,8,700,"{'criterion': 'gini', 'max_depth': 30, 'max_features': None, 'max_leaf_nodes': 10, 'min_impurity_decrease': 0.1, 'min_samples_leaf': 5, 'min_samples_split': 8, 'n_estimators': 700}",0.8679760207595829,0.859603889834593,0.8791470002729214,0.8729109139292781,0.8699094561990939,0.007146394890325409,829
370,3.892344832420349,0.5168397470209645,0.1475490927696228,0.02765696545585087,gini,30,,10,0.1,5,8,500,"{'criterion': 'gini', 'max_depth': 30, 'max_features': None, 'max_leaf_nodes': 10, 'min_impurity_decrease': 0.1, 'min_samples_leaf': 5, 'min_samples_split': 8, 'n_estimators': 500}",0.8679760207595829,0.859603889834593,0.8791470002729214,0.8729109139292781,0.8699094561990939,0.007146394890325409,829
371,7.841964781284332,0.8115221527500923,0.2653390169143677,0.030281519032661533,gini,30,,10,0.1,5,8,1000,"{'criterion': 'gini', 'max_depth': 30, 'max_features': None, 'max_leaf_nodes': 10, 'min_impurity_decrease': 0.1, 'min_samples_leaf': 5, 'min_samples_split': 8, 'n_estimators': 1000}",0.8679760207595829,0.859603889834593,0.8791470002729214,0.8729109139292781,0.8699094561990939,0.007146394890325409,829
372,6.766777873039246,1.0852597707578462,0.21306264400482178,0.020038788166499337,gini,30,,10,0.05,2,4,700,"{'criterion': 'gini', 'max_depth': 30, 'max_features': None, 'max_leaf_nodes': 10, 'min_impurity_decrease': 0.05, 'min_samples_leaf': 2, 'min_samples_split': 4, 'n_estimators': 700}",0.8680639900753353,0.865457804016657,0.8786939576517471,0.8793402256015709,0.8728889943363275,0.006201194232097129,741
373,5.165263235569,0.7151974325756661,0.14954882860183716,0.020982714149848057,gini,30,,10,0.05,2,4,500,"{'criterion': 'gini', 'max_depth': 30, 'max_features': None, 'max_leaf_nodes': 10, 'min_impurity_decrease': 0.05, 'min_samples_leaf': 2, 'min_samples_split': 4, 'n_estimators': 500}",0.8708152461195917,0.865457804016657,0.8786939576517471,0.8793402256015709,0.8735768083473916,0.005765124732157496,724
374,9.320271253585815,1.163740107413381,0.27421265840530396,0.031813580379566525,gini,30,,10,0.05,2,4,1000,"{'criterion': 'gini', 'max_depth': 30, 'max_features': None, 'max_leaf_nodes': 10, 'min_impurity_decrease': 0.05, 'min_samples_leaf': 2, 'min_samples_split': 4, 'n_estimators': 1000}",0.8708152461195917,0.865457804016657,0.8786939576517471,0.8800370699695677,0.8737510194393908,0.0059443935029619135,723
375,6.729056537151337,0.8777813670204887,0.20931464433670044,0.02831766527018097,gini,30,,10,0.05,2,8,700,"{'criterion': 'gini', 'max_depth': 30, 'max_features': None, 'max_leaf_nodes': 10, 'min_impurity_decrease': 0.05, 'min_samples_leaf': 2, 'min_samples_split': 8, 'n_estimators': 700}",0.8680639900753353,0.865457804016657,0.8786939576517471,0.8800370699695677,0.8730632054283267,0.006386987592350256,731
376,5.053291380405426,0.7565218777096632,0.12428075075149536,0.006499380059332723,gini,30,,10,0.05,2,8,500,"{'criterion': 'gini', 'max_depth': 30, 'max_features': None, 'max_leaf_nodes': 10, 'min_impurity_decrease': 0.05, 'min_samples_leaf': 2, 'min_samples_split': 8, 'n_estimators': 500}",0.8680639900753353,0.865457804016657,0.8786939576517471,0.8800370699695677,0.8730632054283267,0.006386987592350256,731
377,9.674292981624603,1.0833718884478152,0.3028433322906494,0.040158306951944424,gini,30,,10,0.05,2,8,1000,"{'criterion': 'gini', 'max_depth': 30, 'max_features': None, 'max_leaf_nodes': 10, 'min_impurity_decrease': 0.05, 'min_samples_leaf': 2, 'min_samples_split': 8, 'n_estimators': 1000}",0.8680639900753353,0.865457804016657,0.8786939576517471,0.8793402256015709,0.8728889943363275,0.006201194232097129,741
378,7.010237038135529,0.37760766020506,0.17855215072631836,0.027407781488087132,gini,30,,10,0.05,5,4,700,"{'criterion': 'gini', 'max_depth': 30, 'max_features': None, 'max_leaf_nodes': 10, 'min_impurity_decrease': 0.05, 'min_samples_leaf': 5, 'min_samples_split': 4, 'n_estimators': 700}",0.8680639900753353,0.865457804016657,0.8786939576517471,0.8800370699695677,0.8730632054283267,0.006386987592350256,731
379,4.507857382297516,0.4934404317699054,0.1357952356338501,0.015119597712828396,gini,30,,10,0.05,5,4,500,"{'criterion': 'gini', 'max_depth': 30, 'max_features': None, 'max_leaf_nodes': 10, 'min_impurity_decrease': 0.05, 'min_samples_leaf': 5, 'min_samples_split': 4, 'n_estimators': 500}",0.8708152461195917,0.865457804016657,0.8786939576517471,0.8793402256015709,0.8735768083473916,0.005765124732157496,724
380,8.946811139583588,0.7372060843358358,0.24869602918624878,0.004580442580622107,gini,30,,10,0.05,5,4,1000,"{'criterion': 'gini', 'max_depth': 30, 'max_features': None, 'max_leaf_nodes': 10, 'min_impurity_decrease': 0.05, 'min_samples_leaf': 5, 'min_samples_split': 4, 'n_estimators': 1000}",0.8680639900753353,0.865457804016657,0.8786939576517471,0.8793402256015709,0.8728889943363275,0.006201194232097129,741
381,7.3484495878219604,1.1036495869061984,0.18744230270385742,0.014338055562505942,gini,30,,10,0.05,5,8,700,"{'criterion': 'gini', 'max_depth': 30, 'max_features': None, 'max_leaf_nodes': 10, 'min_impurity_decrease': 0.05, 'min_samples_leaf': 5, 'min_samples_split': 8, 'n_estimators': 700}",0.8680639900753353,0.865457804016657,0.8786939576517471,0.8793402256015709,0.8728889943363275,0.006201194232097129,741
382,4.71391099691391,0.5333907640085339,0.14216160774230957,0.027961483016771285,gini,30,,10,0.05,5,8,500,"{'criterion': 'gini', 'max_depth': 30, 'max_features': None, 'max_leaf_nodes': 10, 'min_impurity_decrease': 0.05, 'min_samples_leaf': 5, 'min_samples_split': 8, 'n_estimators': 500}",0.8680639900753353,0.865457804016657,0.8786939576517471,0.8793402256015709,0.8728889943363275,0.006201194232097129,741
383,9.447916984558105,1.0510723468224192,0.25394999980926514,0.011480650468794922,gini,30,,10,0.05,5,8,1000,"{'criterion': 'gini', 'max_depth': 30, 'max_features': None, 'max_leaf_nodes': 10, 'min_impurity_decrease': 0.05, 'min_samples_leaf': 5, 'min_samples_split': 8, 'n_estimators': 1000}",0.8680639900753353,0.865457804016657,0.8786939576517471,0.8793402256015709,0.8728889943363275,0.006201194232097129,741
384,5.979082465171814,0.807772641932817,0.19682925939559937,0.032091020983745555,gini,30,,50,0.1,2,4,700,"{'criterion': 'gini', 'max_depth': 30, 'max_features': None, 'max_leaf_nodes': 50, 'min_impurity_decrease': 0.1, 'min_samples_leaf': 2, 'min_samples_split': 4, 'n_estimators': 700}",0.8679760207595829,0.8609884295277046,0.8791470002729214,0.8729109139292781,0.8702555911223717,0.006655535683773573,794
385,4.310114145278931,0.7227443987736315,0.14242351055145264,0.028500532110936817,gini,30,,50,0.1,2,4,500,"{'criterion': 'gini', 'max_depth': 30, 'max_features': None, 'max_leaf_nodes': 50, 'min_impurity_decrease': 0.1, 'min_samples_leaf': 2, 'min_samples_split': 4, 'n_estimators': 500}",0.8679760207595829,0.859603889834593,0.8791470002729214,0.8729109139292781,0.8699094561990939,0.007146394890325409,829
386,8.782058000564575,1.1866580158138085,0.29346632957458496,0.053089411162067494,gini,30,,50,0.1,2,4,1000,"{'criterion': 'gini', 'max_depth': 30, 'max_features': None, 'max_leaf_nodes': 50, 'min_impurity_decrease': 0.1, 'min_samples_leaf': 2, 'min_samples_split': 4, 'n_estimators': 1000}",0.8679760207595829,0.859603889834593,0.8791470002729214,0.8729109139292781,0.8699094561990939,0.007146394890325409,829
387,5.441460013389587,0.7339334493243721,0.2035616636276245,0.030814823319972776,gini,30,,50,0.1,2,8,700,"{'criterion': 'gini', 'max_depth': 30, 'max_features': None, 'max_leaf_nodes': 50, 'min_impurity_decrease': 0.1, 'min_samples_leaf': 2, 'min_samples_split': 8, 'n_estimators': 700}",0.8679760207595829,0.8609884295277046,0.8791470002729214,0.8729109139292781,0.8702555911223717,0.006655535683773573,794
388,4.017651259899139,0.6532426305437402,0.1479243040084839,0.021779628983731213,gini,30,,50,0.1,2,8,500,"{'criterion': 'gini', 'max_depth': 30, 'max_features': None, 'max_leaf_nodes': 50, 'min_impurity_decrease': 0.1, 'min_samples_leaf': 2, 'min_samples_split': 8, 'n_estimators': 500}",0.8679760207595829,0.8609884295277046,0.8791470002729214,0.8729109139292781,0.8702555911223717,0.006655535683773573,794
389,8.041258752346039,0.7020189615024632,0.269966185092926,0.0542373698295345,gini,30,,50,0.1,2,8,1000,"{'criterion': 'gini', 'max_depth': 30, 'max_features': None, 'max_leaf_nodes': 50, 'min_impurity_decrease': 0.1, 'min_samples_leaf': 2, 'min_samples_split': 8, 'n_estimators': 1000}",0.8679760207595829,0.8609884295277046,0.8791470002729214,0.8729109139292781,0.8702555911223717,0.006655535683773573,794
390,6.547505736351013,0.9879749450432137,0.2228231430053711,0.04246159323740607,gini,30,,50,0.1,5,4,700,"{'criterion': 'gini', 'max_depth': 30, 'max_features': None, 'max_leaf_nodes': 50, 'min_impurity_decrease': 0.1, 'min_samples_leaf': 5, 'min_samples_split': 4, 'n_estimators': 700}",0.8679760207595829,0.8609884295277046,0.8791470002729214,0.8729109139292781,0.8702555911223717,0.006655535683773573,794
391,4.154999732971191,0.7302903994829621,0.1421685814857483,0.03555623057305133,gini,30,,50,0.1,5,4,500,"{'criterion': 'gini', 'max_depth': 30, 'max_features': None, 'max_leaf_nodes': 50, 'min_impurity_decrease': 0.1, 'min_samples_leaf': 5, 'min_samples_split': 4, 'n_estimators': 500}",0.8679760207595829,0.8609884295277046,0.8791470002729214,0.8729109139292781,0.8702555911223717,0.006655535683773573,794
392,8.320087671279907,1.9946817595548185,0.30358368158340454,0.06217500693987524,gini,30,,50,0.1,5,4,1000,"{'criterion': 'gini', 'max_depth': 30, 'max_features': None, 'max_leaf_nodes': 50, 'min_impurity_decrease': 0.1, 'min_samples_leaf': 5, 'min_samples_split': 4, 'n_estimators': 1000}",0.8679760207595829,0.859603889834593,0.8791470002729214,0.8729109139292781,0.8699094561990939,0.007146394890325409,829
393,6.088094353675842,0.7553878413698892,0.18756693601608276,0.03509963003088241,gini,30,,50,0.1,5,8,700,"{'criterion': 'gini', 'max_depth': 30, 'max_features': None, 'max_leaf_nodes': 50, 'min_impurity_decrease': 0.1, 'min_samples_leaf': 5, 'min_samples_split': 8, 'n_estimators': 700}",0.8679760207595829,0.859603889834593,0.8791470002729214,0.8729109139292781,0.8699094561990939,0.007146394890325409,829
394,4.733375072479248,0.8552810614501916,0.15642446279525757,0.033167930921325826,gini,30,,50,0.1,5,8,500,"{'criterion': 'gini', 'max_depth': 30, 'max_features': None, 'max_leaf_nodes': 50, 'min_impurity_decrease': 0.1, 'min_samples_leaf': 5, 'min_samples_split': 8, 'n_estimators': 500}",0.8679760207595829,0.859603889834593,0.8791470002729214,0.8729109139292781,0.8699094561990939,0.007146394890325409,829
395,7.778485536575317,0.4927526528805844,0.3029590845108032,0.05948530405554175,gini,30,,50,0.1,5,8,1000,"{'criterion': 'gini', 'max_depth': 30, 'max_features': None, 'max_leaf_nodes': 50, 'min_impurity_decrease': 0.1, 'min_samples_leaf': 5, 'min_samples_split': 8, 'n_estimators': 1000}",0.8679760207595829,0.859603889834593,0.8791470002729214,0.8729109139292781,0.8699094561990939,0.007146394890325409,829
396,8.655972301959991,1.5127516302157384,0.19431418180465698,0.03789068994060204,gini,30,,50,0.05,2,4,700,"{'criterion': 'gini', 'max_depth': 30, 'max_features': None, 'max_leaf_nodes': 50, 'min_impurity_decrease': 0.05, 'min_samples_leaf': 2, 'min_samples_split': 4, 'n_estimators': 700}",0.8680639900753353,0.865457804016657,0.8786939576517471,0.8793402256015709,0.8728889943363275,0.006201194232097129,741
397,4.762795448303223,0.7178820474287916,0.12591367959976196,0.00970558586464503,gini,30,,50,0.05,2,4,500,"{'criterion': 'gini', 'max_depth': 30, 'max_features': None, 'max_leaf_nodes': 50, 'min_impurity_decrease': 0.05, 'min_samples_leaf': 2, 'min_samples_split': 4, 'n_estimators': 500}",0.8680639900753353,0.865457804016657,0.8786939576517471,0.8793402256015709,0.8728889943363275,0.006201194232097129,741
398,11.292273759841919,1.4943062794425965,0.33010923862457275,0.05211403828282801,gini,30,,50,0.05,2,4,1000,"{'criterion': 'gini', 'max_depth': 30, 'max_features': None, 'max_leaf_nodes': 50, 'min_impurity_decrease': 0.05, 'min_samples_leaf': 2, 'min_samples_split': 4, 'n_estimators': 1000}",0.8708152461195917,0.865457804016657,0.8786939576517471,0.8793402256015709,0.8735768083473916,0.005765124732157496,724
399,7.105492472648621,1.2090487808974504,0.2524511218070984,0.043013125238891364,gini,30,,50,0.05,2,8,700,"{'criterion': 'gini', 'max_depth': 30, 'max_features': None, 'max_leaf_nodes': 50, 'min_impurity_decrease': 0.05, 'min_samples_leaf': 2, 'min_samples_split': 8, 'n_estimators': 700}",0.8708152461195917,0.865457804016657,0.8893004230633632,0.8793402256015709,0.8762284247002957,0.009025924029021016,605
400,4.607479274272919,0.30553627242601594,0.14779448509216309,0.0440783994719908,gini,30,,50,0.05,2,8,500,"{'criterion': 'gini', 'max_depth': 30, 'max_features': None, 'max_leaf_nodes': 50, 'min_impurity_decrease': 0.05, 'min_samples_leaf': 2, 'min_samples_split': 8, 'n_estimators': 500}",0.8680639900753353,0.865457804016657,0.8786939576517471,0.8793402256015709,0.8728889943363275,0.006201194232097129,741
401,10.160187900066376,1.0927771704722542,0.262458860874176,0.030994978142806294,gini,30,,50,0.05,2,8,1000,"{'criterion': 'gini', 'max_depth': 30, 'max_features': None, 'max_leaf_nodes': 50, 'min_impurity_decrease': 0.05, 'min_samples_leaf': 2, 'min_samples_split': 8, 'n_estimators': 1000}",0.8680639900753353,0.865457804016657,0.8786939576517471,0.8793402256015709,0.8728889943363275,0.006201194232097129,741
402,6.27891606092453,0.45403915124202526,0.19818979501724243,0.03804101000551602,gini,30,,50,0.05,5,4,700,"{'criterion': 'gini', 'max_depth': 30, 'max_features': None, 'max_leaf_nodes': 50, 'min_impurity_decrease': 0.05, 'min_samples_leaf': 5, 'min_samples_split': 4, 'n_estimators': 700}",0.8680639900753353,0.865457804016657,0.8786939576517471,0.8793402256015709,0.8728889943363275,0.006201194232097129,741
403,5.104075849056244,0.866888364292255,0.1749216914176941,0.03639630910615796,gini,30,,50,0.05,5,4,500,"{'criterion': 'gini', 'max_depth': 30, 'max_features': None, 'max_leaf_nodes': 50, 'min_impurity_decrease': 0.05, 'min_samples_leaf': 5, 'min_samples_split': 4, 'n_estimators': 500}",0.8680639900753353,0.865457804016657,0.8786939576517471,0.8793402256015709,0.8728889943363275,0.006201194232097129,741
404,10.311618745326996,1.4650658234406468,0.27496790885925293,0.049862948415068664,gini,30,,50,0.05,5,4,1000,"{'criterion': 'gini', 'max_depth': 30, 'max_features': None, 'max_leaf_nodes': 50, 'min_impurity_decrease': 0.05, 'min_samples_leaf': 5, 'min_samples_split': 4, 'n_estimators': 1000}",0.8680639900753353,0.865457804016657,0.8786173903242369,0.8800370699695677,0.8730440635964491,0.006370176128586196,740
405,7.062736690044403,1.2177262450201278,0.2218140959739685,0.055336983274597136,gini,30,,50,0.05,5,8,700,"{'criterion': 'gini', 'max_depth': 30, 'max_features': None, 'max_leaf_nodes': 50, 'min_impurity_decrease': 0.05, 'min_samples_leaf': 5, 'min_samples_split': 8, 'n_estimators': 700}",0.8708152461195917,0.865457804016657,0.8786173903242369,0.8793402256015709,0.8735576665155141,0.005748204866144252,729
406,5.088523626327515,0.6676656222706808,0.14691400527954102,0.019123626316220284,gini,30,,50,0.05,5,8,500,"{'criterion': 'gini', 'max_depth': 30, 'max_features': None, 'max_leaf_nodes': 50, 'min_impurity_decrease': 0.05, 'min_samples_leaf': 5, 'min_samples_split': 8, 'n_estimators': 500}",0.8680639900753353,0.865457804016657,0.8786939576517471,0.8793402256015709,0.8728889943363275,0.006201194232097129,741
407,8.835183143615723,0.4050562054094577,0.2605856657028198,0.010945530768400992,gini,30,,50,0.05,5,8,1000,"{'criterion': 'gini', 'max_depth': 30, 'max_features': None, 'max_leaf_nodes': 50, 'min_impurity_decrease': 0.05, 'min_samples_leaf': 5, 'min_samples_split': 8, 'n_estimators': 1000}",0.8680639900753353,0.865457804016657,0.8786939576517471,0.8793402256015709,0.8728889943363275,0.006201194232097129,741
408,5.408493518829346,0.6627773204714237,0.20054876804351807,0.041480434924706475,gini,30,,100,0.1,2,4,700,"{'criterion': 'gini', 'max_depth': 30, 'max_features': None, 'max_leaf_nodes': 100, 'min_impurity_decrease': 0.1, 'min_samples_leaf': 2, 'min_samples_split': 4, 'n_estimators': 700}",0.8679760207595829,0.859603889834593,0.8791470002729214,0.8729109139292781,0.8699094561990939,0.007146394890325409,829
409,4.936373710632324,0.4388551160546478,0.15180855989456177,0.01974774023147536,gini,30,,100,0.1,2,4,500,"{'criterion': 'gini', 'max_depth': 30, 'max_features': None, 'max_leaf_nodes': 100, 'min_impurity_decrease': 0.1, 'min_samples_leaf': 2, 'min_samples_split': 4, 'n_estimators': 500}",0.8679760207595829,0.859603889834593,0.8791470002729214,0.8716000370465861,0.8695817369784209,0.00703035481429115,863
410,7.9780356884002686,0.8142111640629635,0.2812163829803467,0.028036202717483905,gini,30,,100,0.1,2,4,1000,"{'criterion': 'gini', 'max_depth': 30, 'max_features': None, 'max_leaf_nodes': 100, 'min_impurity_decrease': 0.1, 'min_samples_leaf': 2, 'min_samples_split': 4, 'n_estimators': 1000}",0.8679760207595829,0.8609884295277046,0.8791470002729214,0.8729109139292781,0.8702555911223717,0.006655535683773573,794
411,5.455257475376129,0.3778145065472987,0.1783255934715271,0.02437271742072257,gini,30,,100,0.1,2,8,700,"{'criterion': 'gini', 'max_depth': 30, 'max_features': None, 'max_leaf_nodes': 100, 'min_impurity_decrease': 0.1, 'min_samples_leaf': 2, 'min_samples_split': 8, 'n_estimators': 700}",0.8679760207595829,0.859603889834593,0.8791470002729214,0.8729109139292781,0.8699094561990939,0.007146394890325409,829
412,4.5677796602249146,0.45463434304582284,0.17505764961242676,0.042874797495054434,gini,30,,100,0.1,2,8,500,"{'criterion': 'gini', 'max_depth': 30, 'max_features': None, 'max_leaf_nodes': 100, 'min_impurity_decrease': 0.1, 'min_samples_leaf': 2, 'min_samples_split': 8, 'n_estimators': 500}",0.8679760207595829,0.8609884295277046,0.8791470002729214,0.8729109139292781,0.8702555911223717,0.006655535683773573,794
413,8.24271148443222,1.1718767501855667,0.2539634704589844,0.02306238214945754,gini,30,,100,0.1,2,8,1000,"{'criterion': 'gini', 'max_depth': 30, 'max_features': None, 'max_leaf_nodes': 100, 'min_impurity_decrease': 0.1, 'min_samples_leaf': 2, 'min_samples_split': 8, 'n_estimators': 1000}",0.8679760207595829,0.859603889834593,0.8791470002729214,0.8729109139292781,0.8699094561990939,0.007146394890325409,829
414,6.274848699569702,1.0962155905970716,0.21794474124908447,0.03233639379607837,gini,30,,100,0.1,5,4,700,"{'criterion': 'gini', 'max_depth': 30, 'max_features': None, 'max_leaf_nodes': 100, 'min_impurity_decrease': 0.1, 'min_samples_leaf': 5, 'min_samples_split': 4, 'n_estimators': 700}",0.8679760207595829,0.8609884295277046,0.8791470002729214,0.8729109139292781,0.8702555911223717,0.006655535683773573,794
415,3.693133771419525,0.17954225202135532,0.12430059909820557,0.005935668391067806,gini,30,,100,0.1,5,4,500,"{'criterion': 'gini', 'max_depth': 30, 'max_features': None, 'max_leaf_nodes': 100, 'min_impurity_decrease': 0.1, 'min_samples_leaf': 5, 'min_samples_split': 4, 'n_estimators': 500}",0.8679760207595829,0.859603889834593,0.8791470002729214,0.8729109139292781,0.8699094561990939,0.007146394890325409,829
416,8.398942232131958,0.769380500043873,0.26609593629837036,0.0432351455694795,gini,30,,100,0.1,5,4,1000,"{'criterion': 'gini', 'max_depth': 30, 'max_features': None, 'max_leaf_nodes': 100, 'min_impurity_decrease': 0.1, 'min_samples_leaf': 5, 'min_samples_split': 4, 'n_estimators': 1000}",0.8679760207595829,0.8609884295277046,0.8791470002729214,0.8729109139292781,0.8702555911223717,0.006655535683773573,794
417,5.907663822174072,0.6110549556364785,0.16981303691864014,0.015070449731198948,gini,30,,100,0.1,5,8,700,"{'criterion': 'gini', 'max_depth': 30, 'max_features': None, 'max_leaf_nodes': 100, 'min_impurity_decrease': 0.1, 'min_samples_leaf': 5, 'min_samples_split': 8, 'n_estimators': 700}",0.8679760207595829,0.859603889834593,0.8791470002729214,0.8729109139292781,0.8699094561990939,0.007146394890325409,829
418,3.850038707256317,0.2202752120561086,0.14229172468185425,0.02047374123438309,gini,30,,100,0.1,5,8,500,"{'criterion': 'gini', 'max_depth': 30, 'max_features': None, 'max_leaf_nodes': 100, 'min_impurity_decrease': 0.1, 'min_samples_leaf': 5, 'min_samples_split': 8, 'n_estimators': 500}",0.8679760207595829,0.8609884295277046,0.8791470002729214,0.8729109139292781,0.8702555911223717,0.006655535683773573,794
419,8.767079412937164,1.1407300473735191,0.3019547462463379,0.06696357270661375,gini,30,,100,0.1,5,8,1000,"{'criterion': 'gini', 'max_depth': 30, 'max_features': None, 'max_leaf_nodes': 100, 'min_impurity_decrease': 0.1, 'min_samples_leaf': 5, 'min_samples_split': 8, 'n_estimators': 1000}",0.8679760207595829,0.8609884295277046,0.8791470002729214,0.8729109139292781,0.8702555911223717,0.006655535683773573,794
420,7.164096474647522,0.8720850045705367,0.20156329870224,0.024873929487187994,gini,30,,100,0.05,2,4,700,"{'criterion': 'gini', 'max_depth': 30, 'max_features': None, 'max_leaf_nodes': 100, 'min_impurity_decrease': 0.05, 'min_samples_leaf': 2, 'min_samples_split': 4, 'n_estimators': 700}",0.8680639900753353,0.865457804016657,0.8786939576517471,0.8793402256015709,0.8728889943363275,0.006201194232097129,741
421,4.61393141746521,0.703606711673181,0.12829667329788208,0.011256510942882396,gini,30,,100,0.05,2,4,500,"{'criterion': 'gini', 'max_depth': 30, 'max_features': None, 'max_leaf_nodes': 100, 'min_impurity_decrease': 0.05, 'min_samples_leaf': 2, 'min_samples_split': 4, 'n_estimators': 500}",0.8680639900753353,0.865457804016657,0.8786939576517471,0.8793402256015709,0.8728889943363275,0.006201194232097129,741
422,9.830916702747345,1.0810411166479685,0.2925865650177002,0.030276597600783498,gini,30,,100,0.05,2,4,1000,"{'criterion': 'gini', 'max_depth': 30, 'max_features': None, 'max_leaf_nodes': 100, 'min_impurity_decrease': 0.05, 'min_samples_leaf': 2, 'min_samples_split': 4, 'n_estimators': 1000}",0.8680639900753353,0.865457804016657,0.8786939576517471,0.8793402256015709,0.8728889943363275,0.006201194232097129,741
423,6.654108881950378,1.4349123162497597,0.20167803764343262,0.028199838063860904,gini,30,,100,0.05,2,8,700,"{'criterion': 'gini', 'max_depth': 30, 'max_features': None, 'max_leaf_nodes': 100, 'min_impurity_decrease': 0.05, 'min_samples_leaf': 2, 'min_samples_split': 8, 'n_estimators': 700}",0.8680639900753353,0.865457804016657,0.8786939576517471,0.8800370699695677,0.8730632054283267,0.006386987592350256,731
424,5.173120975494385,0.7992956972483666,0.1431826949119568,0.023992619156492645,gini,30,,100,0.05,2,8,500,"{'criterion': 'gini', 'max_depth': 30, 'max_features': None, 'max_leaf_nodes': 100, 'min_impurity_decrease': 0.05, 'min_samples_leaf': 2, 'min_samples_split': 8, 'n_estimators': 500}",0.8680639900753353,0.865457804016657,0.8786939576517471,0.8793402256015709,0.8728889943363275,0.006201194232097129,741
425,10.459463775157928,1.8389038574471281,0.29996246099472046,0.0360323014261279,gini,30,,100,0.05,2,8,1000,"{'criterion': 'gini', 'max_depth': 30, 'max_features': None, 'max_leaf_nodes': 100, 'min_impurity_decrease': 0.05, 'min_samples_leaf': 2, 'min_samples_split': 8, 'n_estimators': 1000}",0.8680639900753353,0.865457804016657,0.8786939576517471,0.8800370699695677,0.8730632054283267,0.006386987592350256,731
426,6.259685158729553,0.5834739326000832,0.20643121004104614,0.035680567207129844,gini,30,,100,0.05,5,4,700,"{'criterion': 'gini', 'max_depth': 30, 'max_features': None, 'max_leaf_nodes': 100, 'min_impurity_decrease': 0.05, 'min_samples_leaf': 5, 'min_samples_split': 4, 'n_estimators': 700}",0.8680639900753353,0.865457804016657,0.8786939576517471,0.8793402256015709,0.8728889943363275,0.006201194232097129,741
427,4.734134554862976,0.322670244357971,0.1352965235710144,0.020181350521306155,gini,30,,100,0.05,5,4,500,"{'criterion': 'gini', 'max_depth': 30, 'max_features': None, 'max_leaf_nodes': 100, 'min_impurity_decrease': 0.05, 'min_samples_leaf': 5, 'min_samples_split': 4, 'n_estimators': 500}",0.8708152461195917,0.865457804016657,0.8786939576517471,0.8793402256015709,0.8735768083473916,0.005765124732157496,724
428,10.0585977435112,1.1570738776700684,0.32061272859573364,0.0300068914215778,gini,30,,100,0.05,5,4,1000,"{'criterion': 'gini', 'max_depth': 30, 'max_features': None, 'max_leaf_nodes': 100, 'min_impurity_decrease': 0.05, 'min_samples_leaf': 5, 'min_samples_split': 4, 'n_estimators': 1000}",0.8680639900753353,0.865457804016657,0.8786939576517471,0.8793402256015709,0.8728889943363275,0.006201194232097129,741
429,6.7222888469696045,0.8371898037197862,0.17630130052566528,0.004025423165722608,gini,30,,100,0.05,5,8,700,"{'criterion': 'gini', 'max_depth': 30, 'max_features': None, 'max_leaf_nodes': 100, 'min_impurity_decrease': 0.05, 'min_samples_leaf': 5, 'min_samples_split': 8, 'n_estimators': 700}",0.8680639900753353,0.865457804016657,0.8786939576517471,0.8793402256015709,0.8728889943363275,0.006201194232097129,741
430,5.409032762050629,0.5497139498784481,0.15266364812850952,0.02562699311768841,gini,30,,100,0.05,5,8,500,"{'criterion': 'gini', 'max_depth': 30, 'max_features': None, 'max_leaf_nodes': 100, 'min_impurity_decrease': 0.05, 'min_samples_leaf': 5, 'min_samples_split': 8, 'n_estimators': 500}",0.8680639900753353,0.865457804016657,0.8893004230633632,0.8793402256015709,0.8755406106892315,0.009504372102538275,663
431,9.324467897415161,0.7335563080423362,0.3036210536956787,0.05201736282334287,gini,30,,100,0.05,5,8,1000,"{'criterion': 'gini', 'max_depth': 30, 'max_features': None, 'max_leaf_nodes': 100, 'min_impurity_decrease': 0.05, 'min_samples_leaf': 5, 'min_samples_split': 8, 'n_estimators': 1000}",0.8680639900753353,0.865457804016657,0.8786939576517471,0.8793402256015709,0.8728889943363275,0.006201194232097129,741
432,3.2834089398384094,0.13330030751452962,0.20405948162078857,0.03606320503317265,entropy,10,sqrt,10,0.1,2,4,700,"{'criterion': 'entropy', 'max_depth': 10, 'max_features': 'sqrt', 'max_leaf_nodes': 10, 'min_impurity_decrease': 0.1, 'min_samples_leaf': 2, 'min_samples_split': 4, 'n_estimators': 700}",0.8958250767270906,0.8845972992524717,0.901987850354866,0.888480735558248,0.8927227404731691,0.006698584777427536,256
433,2.532101035118103,0.4245007085516188,0.13866353034973145,0.03441473506036913,entropy,10,sqrt,10,0.1,2,4,500,"{'criterion': 'entropy', 'max_depth': 10, 'max_features': 'sqrt', 'max_leaf_nodes': 10, 'min_impurity_decrease': 0.1, 'min_samples_leaf': 2, 'min_samples_split': 4, 'n_estimators': 500}",0.8842883025223042,0.8875100417737789,0.8998907199107721,0.8834124002632888,0.8887753661175359,0.006596348954254692,447
434,4.3924567103385925,0.20288496746168272,0.2868645191192627,0.03555646915911796,entropy,10,sqrt,10,0.1,2,4,1000,"{'criterion': 'entropy', 'max_depth': 10, 'max_features': 'sqrt', 'max_leaf_nodes': 10, 'min_impurity_decrease': 0.1, 'min_samples_leaf': 2, 'min_samples_split': 4, 'n_estimators': 1000}",0.8842883025223042,0.8875100417737789,0.8933906731510015,0.8855862565290765,0.8876938184940403,0.0034830763462549365,480
435,3.3208494782447815,0.41812003527900554,0.19219154119491577,0.017406316908507594,entropy,10,sqrt,10,0.1,2,8,700,"{'criterion': 'entropy', 'max_depth': 10, 'max_features': 'sqrt', 'max_leaf_nodes': 10, 'min_impurity_decrease': 0.1, 'min_samples_leaf': 2, 'min_samples_split': 8, 'n_estimators': 700}",0.8842883025223042,0.8896912871725406,0.8933906731510015,0.8870340593040729,0.8886010805374798,0.003360965548200505,452
436,2.6687362790107727,0.46486381375570784,0.1494450569152832,0.020571318781934654,entropy,10,sqrt,10,0.1,2,8,500,"{'criterion': 'entropy', 'max_depth': 10, 'max_features': 'sqrt', 'max_leaf_nodes': 10, 'min_impurity_decrease': 0.1, 'min_samples_leaf': 2, 'min_samples_split': 8, 'n_estimators': 500}",0.9004250677942044,0.8896912871725406,0.8940887057816722,0.8855862565290765,0.8924478293193735,0.005500193519610424,271
437,5.814094066619873,0.7886027739485042,0.33550429344177246,0.09787027515364564,entropy,10,sqrt,10,0.1,2,8,1000,"{'criterion': 'entropy', 'max_depth': 10, 'max_features': 'sqrt', 'max_leaf_nodes': 10, 'min_impurity_decrease': 0.1, 'min_samples_leaf': 2, 'min_samples_split': 8, 'n_estimators': 1000}",0.8850113729196367,0.8875100417737789,0.8954849586428534,0.8855862565290765,0.8883981574663364,0.004194895613885287,459
438,2.944150745868683,0.1094689630761233,0.19344842433929443,0.011574481649838316,entropy,10,sqrt,10,0.1,5,4,700,"{'criterion': 'entropy', 'max_depth': 10, 'max_features': 'sqrt', 'max_leaf_nodes': 10, 'min_impurity_decrease': 0.1, 'min_samples_leaf': 5, 'min_samples_split': 4, 'n_estimators': 700}",0.886456675574773,0.8882374350826199,0.8962086002343913,0.8827156808991673,0.8884045979477379,0.004926676716362165,458
439,2.422558546066284,0.42797370873913954,0.14042186737060547,0.020667937735627032,entropy,10,sqrt,10,0.1,5,4,500,"{'criterion': 'entropy', 'max_depth': 10, 'max_features': 'sqrt', 'max_leaf_nodes': 10, 'min_impurity_decrease': 0.1, 'min_samples_leaf': 5, 'min_samples_split': 4, 'n_estimators': 500}",0.8850113729196367,0.8875100417737789,0.8919432002440237,0.8827156808991673,0.8867950739591517,0.003421893494732079,501
440,4.960403859615326,0.8632374416158756,0.2781229615211487,0.03836849615856004,entropy,10,sqrt,10,0.1,5,4,1000,"{'criterion': 'entropy', 'max_depth': 10, 'max_features': 'sqrt', 'max_leaf_nodes': 10, 'min_impurity_decrease': 0.1, 'min_samples_leaf': 5, 'min_samples_split': 4, 'n_estimators': 1000}",0.8850113729196367,0.8875100417737789,0.8954849586428534,0.8855862565290765,0.8883981574663364,0.004194895613885287,459
441,4.041686415672302,0.5041704758953387,0.19095683097839355,0.020052170867564577,entropy,10,sqrt,10,0.1,5,8,700,"{'criterion': 'entropy', 'max_depth': 10, 'max_features': 'sqrt', 'max_leaf_nodes': 10, 'min_impurity_decrease': 0.1, 'min_samples_leaf': 5, 'min_samples_split': 8, 'n_estimators': 700}",0.8842883025223042,0.8962446650910018,0.8933906731510015,0.8855862565290765,0.8898774743233461,0.005063029623006787,405
442,2.2675055861473083,0.1484967174432161,0.1464197039604187,0.027044136817536767,entropy,10,sqrt,10,0.1,5,8,500,"{'criterion': 'entropy', 'max_depth': 10, 'max_features': 'sqrt', 'max_leaf_nodes': 10, 'min_impurity_decrease': 0.1, 'min_samples_leaf': 5, 'min_samples_split': 8, 'n_estimators': 500}",0.8835649497213194,0.8825745960223819,0.8912190385874597,0.8855862565290765,0.8857362102150593,0.0033464185894831384,504
443,5.04892498254776,0.6122013114795339,0.28523045778274536,0.03557611798580908,entropy,10,sqrt,10,0.1,5,8,1000,"{'criterion': 'entropy', 'max_depth': 10, 'max_features': 'sqrt', 'max_leaf_nodes': 10, 'min_impurity_decrease': 0.1, 'min_samples_leaf': 5, 'min_samples_split': 8, 'n_estimators': 1000}",0.8842883025223042,0.8875100417737789,0.901987850354866,0.888480735558248,0.8905667325522993,0.0067741301559006845,370
444,3.7670523524284363,0.5883182159805527,0.19469422101974487,0.0339627629342053,entropy,10,sqrt,10,0.05,2,4,700,"{'criterion': 'entropy', 'max_depth': 10, 'max_features': 'sqrt', 'max_leaf_nodes': 10, 'min_impurity_decrease': 0.05, 'min_samples_leaf': 2, 'min_samples_split': 4, 'n_estimators': 700}",0.9011364428641149,0.9228669027140459,0.9257185136813033,0.9037671780121445,0.9133722593179021,0.011006260050611267,77
445,2.5322154760360718,0.44178541768462704,0.14543157815933228,0.013439997394919316,entropy,10,sqrt,10,0.05,2,4,500,"{'criterion': 'entropy', 'max_depth': 10, 'max_features': 'sqrt', 'max_leaf_nodes': 10, 'min_impurity_decrease': 0.05, 'min_samples_leaf': 2, 'min_samples_split': 4, 'n_estimators': 500}",0.9002701024294255,0.9051989598488068,0.9243036282276138,0.9058689494549009,0.9089104099901867,0.00914646689696703,113
446,5.1434542536735535,0.9559368478834434,0.26934146881103516,0.04109143642435734,entropy,10,sqrt,10,0.05,2,4,1000,"{'criterion': 'entropy', 'max_depth': 10, 'max_features': 'sqrt', 'max_leaf_nodes': 10, 'min_impurity_decrease': 0.05, 'min_samples_leaf': 2, 'min_samples_split': 4, 'n_estimators': 1000}",0.8974408854770688,0.8889645161096019,0.927143438336915,0.8939460165016107,0.9018737141062991,0.01489718693727792,193
447,3.8346900939941406,0.6061861965250014,0.20707613229751587,0.02806218174364988,entropy,10,sqrt,10,0.05,2,8,700,"{'criterion': 'entropy', 'max_depth': 10, 'max_features': 'sqrt', 'max_leaf_nodes': 10, 'min_impurity_decrease': 0.05, 'min_samples_leaf': 2, 'min_samples_split': 8, 'n_estimators': 700}",0.8925296927510795,0.9157006123298259,0.9264410502146351,0.9058689494549009,0.9101350761876104,0.012500093447321952,100
448,2.334138810634613,0.15974553762068944,0.15592420101165771,0.013632844288234816,entropy,10,sqrt,10,0.05,2,8,500,"{'criterion': 'entropy', 'max_depth': 10, 'max_features': 'sqrt', 'max_leaf_nodes': 10, 'min_impurity_decrease': 0.05, 'min_samples_leaf': 2, 'min_samples_split': 8, 'n_estimators': 500}",0.8877984775641026,0.9157006123298259,0.9208316705243835,0.9037671780121445,0.9070244846076141,0.012709867901422239,146
449,5.571501553058624,0.8845577331794457,0.3252561688423157,0.0528764536815729,entropy,10,sqrt,10,0.05,2,8,1000,"{'criterion': 'entropy', 'max_depth': 10, 'max_features': 'sqrt', 'max_leaf_nodes': 10, 'min_impurity_decrease': 0.05, 'min_samples_leaf': 2, 'min_samples_split': 8, 'n_estimators': 1000}",0.8981403144704285,0.8875100417737789,0.9285676851841222,0.9058689494549009,0.9050217477208077,0.01507599823029306,169
450,3.8504750728607178,0.7872861891591368,0.21969950199127197,0.02671635679953021,entropy,10,sqrt,10,0.05,5,4,700,"{'criterion': 'entropy', 'max_depth': 10, 'max_features': 'sqrt', 'max_leaf_nodes': 10, 'min_impurity_decrease': 0.05, 'min_samples_leaf': 5, 'min_samples_split': 4, 'n_estimators': 700}",0.8925596929365435,0.9142334279585889,0.9250363334371432,0.9037671780121445,0.908899158086105,0.012064184641283345,114
451,2.3205024003982544,0.07790474679034834,0.12643247842788696,0.0028337651632607858,entropy,10,sqrt,10,0.05,5,4,500,"{'criterion': 'entropy', 'max_depth': 10, 'max_features': 'sqrt', 'max_leaf_nodes': 10, 'min_impurity_decrease': 0.05, 'min_samples_leaf': 5, 'min_samples_split': 4, 'n_estimators': 500}",0.8911605448252763,0.9130640229085825,0.9307277117088355,0.8946594029104586,0.9074029205882882,0.0158296081247297,139
452,5.632660508155823,0.9770865094976491,0.2873671054840088,0.04151853851916138,entropy,10,sqrt,10,0.05,5,4,1000,"{'criterion': 'entropy', 'max_depth': 10, 'max_features': 'sqrt', 'max_leaf_nodes': 10, 'min_impurity_decrease': 0.05, 'min_samples_leaf': 5, 'min_samples_split': 4, 'n_estimators': 1000}",0.8904609471522289,0.9087715868393531,0.9299430237418554,0.891844202491862,0.9052549400563248,0.01597324629442682,166
453,3.504343569278717,0.2916541654870539,0.1890735626220703,0.003538145932197278,entropy,10,sqrt,10,0.05,5,8,700,"{'criterion': 'entropy', 'max_depth': 10, 'max_features': 'sqrt', 'max_leaf_nodes': 10, 'min_impurity_decrease': 0.05, 'min_samples_leaf': 5, 'min_samples_split': 8, 'n_estimators': 700}",0.8967255966158512,0.9130640229085825,0.9271531839006395,0.8939828337483242,0.9077314092933493,0.013377157200571364,137
454,2.4444364309310913,0.2401928769505428,0.14092665910720825,0.013552267504987349,entropy,10,sqrt,10,0.05,5,8,500,"{'criterion': 'entropy', 'max_depth': 10, 'max_features': 'sqrt', 'max_leaf_nodes': 10, 'min_impurity_decrease': 0.05, 'min_samples_leaf': 5, 'min_samples_split': 8, 'n_estimators': 500}",0.8960420408169372,0.9221782506221549,0.9272277166013906,0.9058689494549009,0.9128292393738459,0.012499758287042754,80
455,5.341671109199524,0.9116704204121662,0.27925729751586914,0.04127331730407483,entropy,10,sqrt,10,0.05,5,8,1000,"{'criterion': 'entropy', 'max_depth': 10, 'max_features': 'sqrt', 'max_leaf_nodes': 10, 'min_impurity_decrease': 0.05, 'min_samples_leaf': 5, 'min_samples_split': 8, 'n_estimators': 1000}",0.8981403144704285,0.8896912871725406,0.9264310618193146,0.8939460165016107,0.9020521699909736,0.014388659847564945,191
456,4.042440235614777,0.4523960256514251,0.24021857976913452,0.029633100759085505,entropy,10,sqrt,50,0.1,2,4,700,"{'criterion': 'entropy', 'max_depth': 10, 'max_features': 'sqrt', 'max_leaf_nodes': 50, 'min_impurity_decrease': 0.1, 'min_samples_leaf': 2, 'min_samples_split': 4, 'n_estimators': 700}",0.8850113729196367,0.8896912871725406,0.8933388867701078,0.8855862565290765,0.8884069508478404,0.003371193321462984,457
457,2.079435169696808,0.1349436771477275,0.1305575966835022,0.004723836041046271,entropy,10,sqrt,50,0.1,2,4,500,"{'criterion': 'entropy', 'max_depth': 10, 'max_features': 'sqrt', 'max_leaf_nodes': 50, 'min_impurity_decrease': 0.1, 'min_samples_leaf': 2, 'min_samples_split': 4, 'n_estimators': 500}",0.8835649497213194,0.8875100417737789,0.9020098538361008,0.8855862565290765,0.8896677754650689,0.007260957100869295,423
458,5.283554494380951,1.0848071615301074,0.3253791928291321,0.052033359712128364,entropy,10,sqrt,50,0.1,2,4,1000,"{'criterion': 'entropy', 'max_depth': 10, 'max_features': 'sqrt', 'max_leaf_nodes': 50, 'min_impurity_decrease': 0.1, 'min_samples_leaf': 2, 'min_samples_split': 4, 'n_estimators': 1000}",0.886456675574773,0.8940727315570329,0.8962086002343913,0.8855862565290765,0.8905810659738185,0.00463194311147997,369
459,3.644274890422821,0.5226314082954778,0.1975773572921753,0.030982618910734328,entropy,10,sqrt,50,0.1,2,8,700,"{'criterion': 'entropy', 'max_depth': 10, 'max_features': 'sqrt', 'max_leaf_nodes': 50, 'min_impurity_decrease': 0.1, 'min_samples_leaf': 2, 'min_samples_split': 8, 'n_estimators': 700}",0.8842883025223042,0.8875100417737789,0.8919432002440237,0.8848619270030817,0.8871508678857972,0.003021960710298414,495
460,2.380045771598816,0.4972480722433898,0.14305192232131958,0.019360375550864135,entropy,10,sqrt,50,0.1,2,8,500,"{'criterion': 'entropy', 'max_depth': 10, 'max_features': 'sqrt', 'max_leaf_nodes': 50, 'min_impurity_decrease': 0.1, 'min_samples_leaf': 2, 'min_samples_split': 8, 'n_estimators': 500}",0.8958250767270906,0.8875100417737789,0.9012663837108056,0.8899263034713295,0.8936319514207511,0.005345651490966204,228
461,4.8525800704956055,0.5042810918961053,0.2632264494895935,0.016582431063217825,entropy,10,sqrt,50,0.1,2,8,1000,"{'criterion': 'entropy', 'max_depth': 10, 'max_features': 'sqrt', 'max_leaf_nodes': 50, 'min_impurity_decrease': 0.1, 'min_samples_leaf': 2, 'min_samples_split': 8, 'n_estimators': 1000}",0.8850113729196367,0.8875100417737789,0.9012663837108056,0.8855862565290765,0.8898435137333245,0.006659595964749904,408
462,3.4231828451156616,0.3153451525918912,0.2419719099998474,0.03517804518630534,entropy,10,sqrt,50,0.1,5,4,700,"{'criterion': 'entropy', 'max_depth': 10, 'max_features': 'sqrt', 'max_leaf_nodes': 50, 'min_impurity_decrease': 0.1, 'min_samples_leaf': 5, 'min_samples_split': 4, 'n_estimators': 700}",0.8965234585080202,0.8955209741471476,0.8933123321005649,0.8848619270030817,0.8925546729397037,0.004590822072080629,266
463,2.28300142288208,0.23966307954173402,0.12754464149475098,0.0027340518250653593,entropy,10,sqrt,50,0.1,5,4,500,"{'criterion': 'entropy', 'max_depth': 10, 'max_features': 'sqrt', 'max_leaf_nodes': 50, 'min_impurity_decrease': 0.1, 'min_samples_leaf': 5, 'min_samples_split': 4, 'n_estimators': 500}",0.8842883025223042,0.8875100417737789,0.8954849586428534,0.8855862565290765,0.8882173898670033,0.004349669161008794,466
464,4.9233304262161255,0.48767449355045894,0.30286574363708496,0.05325998945929879,entropy,10,sqrt,50,0.1,5,4,1000,"{'criterion': 'entropy', 'max_depth': 10, 'max_features': 'sqrt', 'max_leaf_nodes': 50, 'min_impurity_decrease': 0.1, 'min_samples_leaf': 5, 'min_samples_split': 4, 'n_estimators': 1000}",0.8850113729196367,0.894796997064438,0.8933906731510015,0.8855862565290765,0.8896963249160382,0.004430194764362129,417
465,3.78676700592041,0.6801064036728993,0.25834888219833374,0.041828660418727716,entropy,10,sqrt,50,0.1,5,8,700,"{'criterion': 'entropy', 'max_depth': 10, 'max_features': 'sqrt', 'max_leaf_nodes': 50, 'min_impurity_decrease': 0.1, 'min_samples_leaf': 5, 'min_samples_split': 8, 'n_estimators': 700}",0.8850373840194576,0.8896912871725406,0.8948370273794003,0.8855862565290765,0.8887879887751188,0.003928261111465471,443
466,2.7243699431419373,0.49136142285005646,0.15792518854141235,0.047627958474554956,entropy,10,sqrt,50,0.1,5,8,500,"{'criterion': 'entropy', 'max_depth': 10, 'max_features': 'sqrt', 'max_leaf_nodes': 50, 'min_impurity_decrease': 0.1, 'min_samples_leaf': 5, 'min_samples_split': 8, 'n_estimators': 500}",0.8958454815958508,0.8875100417737789,0.8905214002472346,0.8848619270030817,0.8896847126549865,0.004081775807033323,419
467,5.541149973869324,1.0445664252443607,0.25948113203048706,0.029169664841870946,entropy,10,sqrt,50,0.1,5,8,1000,"{'criterion': 'entropy', 'max_depth': 10, 'max_features': 'sqrt', 'max_leaf_nodes': 50, 'min_impurity_decrease': 0.1, 'min_samples_leaf': 5, 'min_samples_split': 8, 'n_estimators': 1000}",0.8850113729196367,0.8875100417737789,0.8962086002343913,0.8981881758415463,0.8917295476923384,0.005583768703069983,305
468,4.164259910583496,0.5633407297056542,0.1988195776939392,0.010471904788498583,entropy,10,sqrt,50,0.05,2,4,700,"{'criterion': 'entropy', 'max_depth': 10, 'max_features': 'sqrt', 'max_leaf_nodes': 50, 'min_impurity_decrease': 0.05, 'min_samples_leaf': 2, 'min_samples_split': 4, 'n_estimators': 700}",0.8911605448252763,0.9051989598488068,0.9285170217665037,0.9044677596479848,0.907336071522143,0.013445024883640789,143
469,2.3883748650550842,0.13604499582700666,0.1486695408821106,0.016152500038083696,entropy,10,sqrt,50,0.05,2,4,500,"{'criterion': 'entropy', 'max_depth': 10, 'max_features': 'sqrt', 'max_leaf_nodes': 50, 'min_impurity_decrease': 0.05, 'min_samples_leaf': 2, 'min_samples_split': 4, 'n_estimators': 500}",0.8933013746072639,0.8976911976911977,0.9201202279841857,0.9094279322467242,0.9051351831323429,0.010469374475428046,167
470,6.398522436618805,0.9379084044958146,0.3447495698928833,0.07636111992644659,entropy,10,sqrt,50,0.05,2,4,1000,"{'criterion': 'entropy', 'max_depth': 10, 'max_features': 'sqrt', 'max_leaf_nodes': 50, 'min_impurity_decrease': 0.05, 'min_samples_leaf': 2, 'min_samples_split': 4, 'n_estimators': 1000}",0.8911460046857085,0.8911439086619151,0.9278651510432887,0.8946594029104586,0.9012036168253428,0.015459765788192895,197
471,4.3267441391944885,0.8856313194731369,0.23909783363342285,0.043150180378819195,entropy,10,sqrt,50,0.05,2,8,700,"{'criterion': 'entropy', 'max_depth': 10, 'max_features': 'sqrt', 'max_leaf_nodes': 50, 'min_impurity_decrease': 0.05, 'min_samples_leaf': 2, 'min_samples_split': 8, 'n_estimators': 700}",0.8939875436609834,0.8897209532195873,0.9306657319976355,0.8975110649541366,0.9029713234580857,0.01622556083919399,181
472,2.691505551338196,0.4985351835426792,0.16096144914627075,0.032144713304178764,entropy,10,sqrt,50,0.05,2,8,500,"{'criterion': 'entropy', 'max_depth': 10, 'max_features': 'sqrt', 'max_leaf_nodes': 50, 'min_impurity_decrease': 0.05, 'min_samples_leaf': 2, 'min_samples_split': 8, 'n_estimators': 500}",0.8995854876803269,0.8955469421400635,0.9179849194279123,0.8835479422400039,0.8991663228720767,0.012362736407439876,209
473,5.87422776222229,0.9512192763862772,0.32126009464263916,0.06785699469046318,entropy,10,sqrt,50,0.05,2,8,1000,"{'criterion': 'entropy', 'max_depth': 10, 'max_features': 'sqrt', 'max_leaf_nodes': 50, 'min_impurity_decrease': 0.05, 'min_samples_leaf': 2, 'min_samples_split': 8, 'n_estimators': 1000}",0.8952774451097805,0.9178488308211721,0.9271531839006395,0.8925572671402346,0.9082091817429567,0.014697026018740707,124
474,3.61600923538208,0.45972124349099497,0.2119537591934204,0.039217727150237705,entropy,10,sqrt,50,0.05,5,4,700,"{'criterion': 'entropy', 'max_depth': 10, 'max_features': 'sqrt', 'max_leaf_nodes': 50, 'min_impurity_decrease': 0.05, 'min_samples_leaf': 5, 'min_samples_split': 4, 'n_estimators': 700}",0.8890475400187092,0.8969932613022604,0.920129312688396,0.9044677596479848,0.9026594684143376,0.011465773783637606,184
475,2.4154128432273865,0.126101704747595,0.15616708993911743,0.029717003100363102,entropy,10,sqrt,50,0.05,5,4,500,"{'criterion': 'entropy', 'max_depth': 10, 'max_features': 'sqrt', 'max_leaf_nodes': 50, 'min_impurity_decrease': 0.05, 'min_samples_leaf': 5, 'min_samples_split': 4, 'n_estimators': 500}",0.8918743542857485,0.9142505733603943,0.8962086002343913,0.8835479422400039,0.8964703675301344,0.011228497835920706,214
476,5.34927499294281,0.4569928963951948,0.2852262258529663,0.04745309276087836,entropy,10,sqrt,50,0.05,5,4,1000,"{'criterion': 'entropy', 'max_depth': 10, 'max_features': 'sqrt', 'max_leaf_nodes': 50, 'min_impurity_decrease': 0.05, 'min_samples_leaf': 5, 'min_samples_split': 4, 'n_estimators': 1000}",0.8911460046857085,0.9051989598488068,0.9292301115137664,0.896798427647857,0.9055933759240347,0.014533826786654868,163
477,4.117565095424652,0.8470644086965887,0.2272118330001831,0.021923799962598793,entropy,10,sqrt,50,0.05,5,8,700,"{'criterion': 'entropy', 'max_depth': 10, 'max_features': 'sqrt', 'max_leaf_nodes': 50, 'min_impurity_decrease': 0.05, 'min_samples_leaf': 5, 'min_samples_split': 8, 'n_estimators': 700}",0.8925596929365435,0.9171482034694621,0.9306557606263981,0.8946594029104586,0.9087557649857156,0.01589860847955018,116
478,2.8265796899795532,0.5180860127863157,0.15805602073669434,0.02575861853867166,entropy,10,sqrt,50,0.05,5,8,500,"{'criterion': 'entropy', 'max_depth': 10, 'max_features': 'sqrt', 'max_leaf_nodes': 50, 'min_impurity_decrease': 0.05, 'min_samples_leaf': 5, 'min_samples_split': 8, 'n_estimators': 500}",0.8904465329335796,0.9065988023952096,0.9307818531278911,0.9037671780121445,0.9078985916172061,0.014551426391086612,132
479,5.271012544631958,0.6736831099838532,0.2568455934524536,0.01355148794902413,entropy,10,sqrt,50,0.05,5,8,1000,"{'criterion': 'entropy', 'max_depth': 10, 'max_features': 'sqrt', 'max_leaf_nodes': 50, 'min_impurity_decrease': 0.05, 'min_samples_leaf': 5, 'min_samples_split': 8, 'n_estimators': 1000}",0.8967569098685051,0.9156679192552637,0.9250162745466091,0.9030524671983252,0.9101233927171757,0.010968141993450453,101
480,3.693406105041504,0.6728568093025744,0.20670616626739502,0.048670863612417146,entropy,10,sqrt,100,0.1,2,4,700,"{'criterion': 'entropy', 'max_depth': 10, 'max_features': 'sqrt', 'max_leaf_nodes': 100, 'min_impurity_decrease': 0.1, 'min_samples_leaf': 2, 'min_samples_split': 4, 'n_estimators': 700}",0.8850113729196367,0.8875100417737789,0.8919432002440237,0.8848619270030817,0.8873316354851303,0.0028627537742718402,491
481,2.3286351561546326,0.4578877941038897,0.13794076442718506,0.00964169168187947,entropy,10,sqrt,100,0.1,2,4,500,"{'criterion': 'entropy', 'max_depth': 10, 'max_features': 'sqrt', 'max_leaf_nodes': 100, 'min_impurity_decrease': 0.1, 'min_samples_leaf': 2, 'min_samples_split': 4, 'n_estimators': 500}",0.8958250767270906,0.8940727315570329,0.8912190385874597,0.8848619270030817,0.8914946934686662,0.004167375557542964,319
482,5.049186170101166,0.2369928522556067,0.28636884689331055,0.024331524480715537,entropy,10,sqrt,100,0.1,2,4,1000,"{'criterion': 'entropy', 'max_depth': 10, 'max_features': 'sqrt', 'max_leaf_nodes': 100, 'min_impurity_decrease': 0.1, 'min_samples_leaf': 2, 'min_samples_split': 4, 'n_estimators': 1000}",0.8936451076749531,0.8875100417737789,0.9012887495646116,0.8855862565290765,0.8920075388856051,0.006129495301023992,292
483,3.5238431096076965,0.39015267268802195,0.22446268796920776,0.013341913584102165,entropy,10,sqrt,100,0.1,2,8,700,"{'criterion': 'entropy', 'max_depth': 10, 'max_features': 'sqrt', 'max_leaf_nodes': 100, 'min_impurity_decrease': 0.1, 'min_samples_leaf': 2, 'min_samples_split': 8, 'n_estimators': 700}",0.8828136151977173,0.8875100417737789,0.8969319620022986,0.8848619270030817,0.8880293864942191,0.005402838130582735,474
484,2.4634311199188232,0.43696739606819734,0.14869225025177002,0.012760235420782823,entropy,10,sqrt,100,0.1,2,8,500,"{'criterion': 'entropy', 'max_depth': 10, 'max_features': 'sqrt', 'max_leaf_nodes': 100, 'min_impurity_decrease': 0.1, 'min_samples_leaf': 2, 'min_samples_split': 8, 'n_estimators': 500}",0.8842883025223042,0.8896912871725406,0.8926670776713591,0.8856394804132351,0.8880715369448597,0.003315507013942737,468
485,4.86363822221756,0.2915310004383291,0.2554748058319092,0.012127376685910298,entropy,10,sqrt,100,0.1,2,8,1000,"{'criterion': 'entropy', 'max_depth': 10, 'max_features': 'sqrt', 'max_leaf_nodes': 100, 'min_impurity_decrease': 0.1, 'min_samples_leaf': 2, 'min_samples_split': 8, 'n_estimators': 1000}",0.8842883025223042,0.8875100417737789,0.8933906731510015,0.8848891786179922,0.8875195490162692,0.003599652459960168,482
486,3.5402559638023376,0.543670359113997,0.21858251094818115,0.03454096827630174,entropy,10,sqrt,100,0.1,5,4,700,"{'criterion': 'entropy', 'max_depth': 10, 'max_features': 'sqrt', 'max_leaf_nodes': 100, 'min_impurity_decrease': 0.1, 'min_samples_leaf': 5, 'min_samples_split': 4, 'n_estimators': 700}",0.9004032428797369,0.8896912871725406,0.8933123321005649,0.8855862565290765,0.8922482796704797,0.00544418027551939,284
487,2.3709094524383545,0.39313285554013416,0.154310941696167,0.018118009381128918,entropy,10,sqrt,100,0.1,5,4,500,"{'criterion': 'entropy', 'max_depth': 10, 'max_features': 'sqrt', 'max_leaf_nodes': 100, 'min_impurity_decrease': 0.1, 'min_samples_leaf': 5, 'min_samples_split': 4, 'n_estimators': 500}",0.8951267290317423,0.910212132226279,0.8933906731510015,0.8870340593040729,0.8964408984282739,0.008502446972384002,215
488,5.319952130317688,0.7221061521086072,0.3013690114021301,0.05367368951507102,entropy,10,sqrt,100,0.1,5,4,1000,"{'criterion': 'entropy', 'max_depth': 10, 'max_features': 'sqrt', 'max_leaf_nodes': 100, 'min_impurity_decrease': 0.1, 'min_samples_leaf': 5, 'min_samples_split': 4, 'n_estimators': 1000}",0.895105971638267,0.8875100417737789,0.9012887495646116,0.8996142501925757,0.8958797532923083,0.005335131599207091,216
489,3.754980742931366,0.5166361473633511,0.2015189528465271,0.033266676004000226,entropy,10,sqrt,100,0.1,5,8,700,"{'criterion': 'entropy', 'max_depth': 10, 'max_features': 'sqrt', 'max_leaf_nodes': 100, 'min_impurity_decrease': 0.1, 'min_samples_leaf': 5, 'min_samples_split': 8, 'n_estimators': 700}",0.8828136151977173,0.8875100417737789,0.8919432002440237,0.8855862565290765,0.8869632784361491,0.0033246979443579423,498
490,2.337600588798523,0.48918279765278827,0.14380967617034912,0.020717041684397964,entropy,10,sqrt,100,0.1,5,8,500,"{'criterion': 'entropy', 'max_depth': 10, 'max_features': 'sqrt', 'max_leaf_nodes': 100, 'min_impurity_decrease': 0.1, 'min_samples_leaf': 5, 'min_samples_split': 8, 'n_estimators': 500}",0.8828136151977173,0.8896912871725406,0.9020098538361008,0.8856394804132351,0.8900385591548985,0.007331169810024803,399
491,5.521657943725586,0.31419566791207476,0.2892320156097412,0.03508848048071613,entropy,10,sqrt,100,0.1,5,8,1000,"{'criterion': 'entropy', 'max_depth': 10, 'max_features': 'sqrt', 'max_leaf_nodes': 100, 'min_impurity_decrease': 0.1, 'min_samples_leaf': 5, 'min_samples_split': 8, 'n_estimators': 1000}",0.8842883025223042,0.8875100417737789,0.8919432002440237,0.888480735558248,0.8880555700245888,0.0027287515442174764,470
492,3.3573206067085266,0.2066404796121802,0.21320611238479614,0.03309620828777212,entropy,10,sqrt,100,0.05,2,4,700,"{'criterion': 'entropy', 'max_depth': 10, 'max_features': 'sqrt', 'max_leaf_nodes': 100, 'min_impurity_decrease': 0.05, 'min_samples_leaf': 2, 'min_samples_split': 4, 'n_estimators': 700}",0.8897323164348736,0.8904177505861193,0.9215429531717872,0.896798427647857,0.8996228619601593,0.012952073136247622,205
493,2.2175119519233704,0.06650925419713427,0.13530921936035156,0.006237130419935933,entropy,10,sqrt,100,0.05,2,4,500,"{'criterion': 'entropy', 'max_depth': 10, 'max_features': 'sqrt', 'max_leaf_nodes': 100, 'min_impurity_decrease': 0.05, 'min_samples_leaf': 2, 'min_samples_split': 4, 'n_estimators': 500}",0.8904465329335796,0.9150002397736536,0.9187064267095696,0.8989357961428908,0.9057722488899234,0.011554906180464838,161
494,5.561352849006653,0.7770130105091069,0.28698086738586426,0.04747110993144189,entropy,10,sqrt,100,0.05,2,4,1000,"{'criterion': 'entropy', 'max_depth': 10, 'max_features': 'sqrt', 'max_leaf_nodes': 100, 'min_impurity_decrease': 0.05, 'min_samples_leaf': 2, 'min_samples_split': 4, 'n_estimators': 1000}",0.8981403144704285,0.9228795262660772,0.933504998182842,0.9058396024160011,0.9150911103338373,0.013898296366875633,74
495,3.6267409324645996,0.243415977597915,0.2174462080001831,0.026033122948557207,entropy,10,sqrt,100,0.05,2,8,700,"{'criterion': 'entropy', 'max_depth': 10, 'max_features': 'sqrt', 'max_leaf_nodes': 100, 'min_impurity_decrease': 0.05, 'min_samples_leaf': 2, 'min_samples_split': 8, 'n_estimators': 700}",0.8904465329335796,0.9228669027140459,0.9264410502146351,0.913660736046795,0.9133538054772639,0.014023305027858682,78
496,2.8033064007759094,0.42041864670129914,0.1580653190612793,0.02255398927048327,entropy,10,sqrt,100,0.05,2,8,500,"{'criterion': 'entropy', 'max_depth': 10, 'max_features': 'sqrt', 'max_leaf_nodes': 100, 'min_impurity_decrease': 0.05, 'min_samples_leaf': 2, 'min_samples_split': 8, 'n_estimators': 500}",0.9050836010805801,0.9164476207216132,0.9215429531717872,0.9115571189965572,0.9136578234926345,0.006080470540737142,75
497,5.277844250202179,0.852981791987386,0.2903618812561035,0.03814765578455504,entropy,10,sqrt,100,0.05,2,8,1000,"{'criterion': 'entropy', 'max_depth': 10, 'max_features': 'sqrt', 'max_leaf_nodes': 100, 'min_impurity_decrease': 0.05, 'min_samples_leaf': 2, 'min_samples_split': 8, 'n_estimators': 1000}",0.9059833107589721,0.8875100417737789,0.9250264550264551,0.9072983445473037,0.9064545380266273,0.013273508427548434,151
498,3.436897873878479,0.25272712307047995,0.19957572221755981,0.026913561109417783,entropy,10,sqrt,100,0.05,5,4,700,"{'criterion': 'entropy', 'max_depth': 10, 'max_features': 'sqrt', 'max_leaf_nodes': 100, 'min_impurity_decrease': 0.05, 'min_samples_leaf': 5, 'min_samples_split': 4, 'n_estimators': 700}",0.8863782051282052,0.8896912871725406,0.9285676851841222,0.8863627250491198,0.897749975633497,0.017844188983769146,212
499,2.7750267386436462,0.3631035216040144,0.146051824092865,0.017654343653215547,entropy,10,sqrt,100,0.05,5,4,500,"{'criterion': 'entropy', 'max_depth': 10, 'max_features': 'sqrt', 'max_leaf_nodes': 100, 'min_impurity_decrease': 0.05, 'min_samples_leaf': 5, 'min_samples_split': 4, 'n_estimators': 500}",0.8911310264509749,0.9171482034694621,0.922262453368444,0.9044677596479848,0.9087523607342165,0.012061115273993853,117
500,5.684349417686462,0.8626392683680033,0.2808413505554199,0.050120498029261794,entropy,10,sqrt,100,0.05,5,4,1000,"{'criterion': 'entropy', 'max_depth': 10, 'max_features': 'sqrt', 'max_leaf_nodes': 100, 'min_impurity_decrease': 0.05, 'min_samples_leaf': 5, 'min_samples_split': 4, 'n_estimators': 1000}",0.8918743542857485,0.9192652302897726,0.9271531839006395,0.8975110649541366,0.9089509583575742,0.014664470565962017,112
501,3.7325267791748047,0.4144904063628387,0.23708271980285645,0.044193331351201626,entropy,10,sqrt,100,0.05,5,8,700,"{'criterion': 'entropy', 'max_depth': 10, 'max_features': 'sqrt', 'max_leaf_nodes': 100, 'min_impurity_decrease': 0.05, 'min_samples_leaf': 5, 'min_samples_split': 8, 'n_estimators': 700}",0.8911605448252763,0.9130640229085825,0.9215429531717872,0.9044677596479848,0.9075588201384077,0.011228549799915234,138
502,2.5493545532226562,0.2327150743887972,0.14466965198516846,0.02578551004080281,entropy,10,sqrt,100,0.05,5,8,500,"{'criterion': 'entropy', 'max_depth': 10, 'max_features': 'sqrt', 'max_leaf_nodes': 100, 'min_impurity_decrease': 0.05, 'min_samples_leaf': 5, 'min_samples_split': 8, 'n_estimators': 500}",0.8911460046857085,0.9150002397736536,0.9328444394557314,0.9065549986810868,0.9113864206490452,0.01505426298739704,87
503,5.609608948230743,0.8979730482663363,0.3079473376274109,0.0562044448150046,entropy,10,sqrt,100,0.05,5,8,1000,"{'criterion': 'entropy', 'max_depth': 10, 'max_features': 'sqrt', 'max_leaf_nodes': 100, 'min_impurity_decrease': 0.05, 'min_samples_leaf': 5, 'min_samples_split': 8, 'n_estimators': 1000}",0.8911460046857085,0.9150002397736536,0.9292301115137664,0.8925572671402346,0.9069834057783408,0.01595401432838922,147
504,3.1520517468452454,0.3474970980870353,0.20682036876678467,0.02579205627931365,entropy,10,log2,10,0.1,2,4,700,"{'criterion': 'entropy', 'max_depth': 10, 'max_features': 'log2', 'max_leaf_nodes': 10, 'min_impurity_decrease': 0.1, 'min_samples_leaf': 2, 'min_samples_split': 4, 'n_estimators': 700}",0.8842883025223042,0.8875100417737789,0.8969319620022986,0.887085691948009,0.8889539995615977,0.004769491613361512,441
505,2.6672922372817993,0.4224900508491235,0.15354472398757935,0.031137481525502463,entropy,10,log2,10,0.1,2,4,500,"{'criterion': 'entropy', 'max_depth': 10, 'max_features': 'log2', 'max_leaf_nodes': 10, 'min_impurity_decrease': 0.1, 'min_samples_leaf': 2, 'min_samples_split': 4, 'n_estimators': 500}",0.8842883025223042,0.8875100417737789,0.8962086002343913,0.886310299869622,0.8885793111000241,0.0045527616938946915,453
506,4.861093163490295,0.8975544768947568,0.29060548543930054,0.03646170353046795,entropy,10,log2,10,0.1,2,4,1000,"{'criterion': 'entropy', 'max_depth': 10, 'max_features': 'log2', 'max_leaf_nodes': 10, 'min_impurity_decrease': 0.1, 'min_samples_leaf': 2, 'min_samples_split': 4, 'n_estimators': 1000}",0.8958250767270906,0.8882374350826199,0.8933388867701078,0.8855862565290765,0.8907469137772237,0.0040446238852569864,358
507,3.406324863433838,0.7459992715128769,0.19206440448760986,0.024361638682204444,entropy,10,log2,10,0.1,2,8,700,"{'criterion': 'entropy', 'max_depth': 10, 'max_features': 'log2', 'max_leaf_nodes': 10, 'min_impurity_decrease': 0.1, 'min_samples_leaf': 2, 'min_samples_split': 8, 'n_estimators': 700}",0.8850113729196367,0.8955209741471476,0.8933906731510015,0.8877575371090067,0.8904201393316982,0.00421861326986284,376
508,2.1711453199386597,0.1219973262198563,0.1306735873222351,0.00833482063804935,entropy,10,log2,10,0.1,2,8,500,"{'criterion': 'entropy', 'max_depth': 10, 'max_features': 'log2', 'max_leaf_nodes': 10, 'min_impurity_decrease': 0.1, 'min_samples_leaf': 2, 'min_samples_split': 8, 'n_estimators': 500}",0.8842883025223042,0.8940727315570329,0.901987850354866,0.8848619270030817,0.8913027028593211,0.007289218780259556,331
509,4.763885676860809,0.5580330652110563,0.25034403800964355,0.006620843823760915,entropy,10,log2,10,0.1,2,8,1000,"{'criterion': 'entropy', 'max_depth': 10, 'max_features': 'log2', 'max_leaf_nodes': 10, 'min_impurity_decrease': 0.1, 'min_samples_leaf': 2, 'min_samples_split': 8, 'n_estimators': 1000}",0.8842883025223042,0.8940994908022109,0.8948370273794003,0.8877575371090067,0.8902455894532305,0.004404927067572345,388
510,4.2902772426605225,0.8230205244149674,0.24334126710891724,0.03129484951330365,entropy,10,log2,10,0.1,5,4,700,"{'criterion': 'entropy', 'max_depth': 10, 'max_features': 'log2', 'max_leaf_nodes': 10, 'min_impurity_decrease': 0.1, 'min_samples_leaf': 5, 'min_samples_split': 4, 'n_estimators': 700}",0.8958454815958508,0.8860543090234461,0.8940368268613554,0.888480735558248,0.8911043382597251,0.003983215282747451,343
511,2.1590283513069153,0.0613932780681977,0.14580661058425903,0.015314583994268051,entropy,10,log2,10,0.1,5,4,500,"{'criterion': 'entropy', 'max_depth': 10, 'max_features': 'log2', 'max_leaf_nodes': 10, 'min_impurity_decrease': 0.1, 'min_samples_leaf': 5, 'min_samples_split': 4, 'n_estimators': 500}",0.8828136151977173,0.8860543090234461,0.8919432002440237,0.8870340593040729,0.886961295942315,0.0032730164148803303,499
512,4.892528474330902,0.7204956211222814,0.2757195830345154,0.03393389260452017,entropy,10,log2,10,0.1,5,4,1000,"{'criterion': 'entropy', 'max_depth': 10, 'max_features': 'log2', 'max_leaf_nodes': 10, 'min_impurity_decrease': 0.1, 'min_samples_leaf': 5, 'min_samples_split': 4, 'n_estimators': 1000}",0.8842883025223042,0.8875100417737789,0.9012663837108056,0.8855862565290765,0.8896627461339913,0.006796707892625606,426
513,3.43835711479187,0.5986844046501381,0.20281964540481567,0.03237602544691708,entropy,10,log2,10,0.1,5,8,700,"{'criterion': 'entropy', 'max_depth': 10, 'max_features': 'log2', 'max_leaf_nodes': 10, 'min_impurity_decrease': 0.1, 'min_samples_leaf': 5, 'min_samples_split': 8, 'n_estimators': 700}",0.886456675574773,0.8825745960223819,0.8954849586428534,0.8892036569228919,0.888429971790725,0.004705070443463913,456
514,2.4782278537750244,0.5480184411467452,0.1446695327758789,0.023415106808060412,entropy,10,log2,10,0.1,5,8,500,"{'criterion': 'entropy', 'max_depth': 10, 'max_features': 'log2', 'max_leaf_nodes': 10, 'min_impurity_decrease': 0.1, 'min_samples_leaf': 5, 'min_samples_split': 8, 'n_estimators': 500}",0.8958250767270906,0.8875100417737789,0.8940368268613554,0.8834124002632888,0.8901960864063785,0.004991744502912546,393
515,5.448577046394348,0.9796757974376813,0.30673080682754517,0.05119382027942394,entropy,10,log2,10,0.1,5,8,1000,"{'criterion': 'entropy', 'max_depth': 10, 'max_features': 'log2', 'max_leaf_nodes': 10, 'min_impurity_decrease': 0.1, 'min_samples_leaf': 5, 'min_samples_split': 8, 'n_estimators': 1000}",0.8828136151977173,0.8940727315570329,0.9012663837108056,0.8855862565290765,0.8909347467486581,0.007265479961293843,351
516,3.732634425163269,0.6721126547031244,0.18056774139404297,0.005223761136420927,entropy,10,log2,10,0.05,2,4,700,"{'criterion': 'entropy', 'max_depth': 10, 'max_features': 'log2', 'max_leaf_nodes': 10, 'min_impurity_decrease': 0.05, 'min_samples_leaf': 2, 'min_samples_split': 4, 'n_estimators': 700}",0.893287761419268,0.9156679192552637,0.8969319620022986,0.905196000894726,0.9027709108928892,0.008605773270051575,182
517,2.563092529773712,0.42819518208747337,0.15655970573425293,0.01872149962705849,entropy,10,log2,10,0.05,2,4,500,"{'criterion': 'entropy', 'max_depth': 10, 'max_features': 'log2', 'max_leaf_nodes': 10, 'min_impurity_decrease': 0.05, 'min_samples_leaf': 2, 'min_samples_split': 4, 'n_estimators': 500}",0.9036669384101408,0.9073431448103173,0.9258074119285584,0.896798427647857,0.9084039806992183,0.010737006363670715,122
518,4.56244957447052,0.20476293513002705,0.26060420274734497,0.010551524279457858,entropy,10,log2,10,0.05,2,4,1000,"{'criterion': 'entropy', 'max_depth': 10, 'max_features': 'log2', 'max_leaf_nodes': 10, 'min_impurity_decrease': 0.05, 'min_samples_leaf': 2, 'min_samples_split': 4, 'n_estimators': 1000}",0.8953269610982428,0.9157006123298259,0.9201202279841857,0.891844202491862,0.905748000976029,0.012324052360693389,162
519,4.163348615169525,0.8771678354334214,0.19994080066680908,0.025687470925504923,entropy,10,log2,10,0.05,2,8,700,"{'criterion': 'entropy', 'max_depth': 10, 'max_features': 'log2', 'max_leaf_nodes': 10, 'min_impurity_decrease': 0.05, 'min_samples_leaf': 2, 'min_samples_split': 8, 'n_estimators': 700}",0.8988235986793489,0.9051989598488068,0.9194086233940396,0.8925572671402346,0.9039971122656074,0.00995733915504976,177
520,2.5391706228256226,0.590937393688844,0.15168547630310059,0.022164678912570887,entropy,10,log2,10,0.05,2,8,500,"{'criterion': 'entropy', 'max_depth': 10, 'max_features': 'log2', 'max_leaf_nodes': 10, 'min_impurity_decrease': 0.05, 'min_samples_leaf': 2, 'min_samples_split': 8, 'n_estimators': 500}",0.8911310264509749,0.9163848244982811,0.9271531839006395,0.9093721768745553,0.9110103029311127,0.013108653424581816,90
521,5.647748053073883,0.5416603032811461,0.2467130422592163,0.005870532490400056,entropy,10,log2,10,0.05,2,8,1000,"{'criterion': 'entropy', 'max_depth': 10, 'max_features': 'log2', 'max_leaf_nodes': 10, 'min_impurity_decrease': 0.05, 'min_samples_leaf': 2, 'min_samples_split': 8, 'n_estimators': 1000}",0.8974249220372535,0.9130640229085825,0.9306557606263981,0.9037671780121445,0.9112279708960946,0.012519960952956296,89
522,3.6407459378242493,0.6424676707271795,0.1840806007385254,0.013093700300443488,entropy,10,log2,10,0.05,5,4,700,"{'criterion': 'entropy', 'max_depth': 10, 'max_features': 'log2', 'max_leaf_nodes': 10, 'min_impurity_decrease': 0.05, 'min_samples_leaf': 5, 'min_samples_split': 4, 'n_estimators': 700}",0.887824768633954,0.9157006123298259,0.9293633227652489,0.8911309473919481,0.9060049127802442,0.01725814586170432,159
523,2.2889840602874756,0.03108692964554887,0.13867902755737305,0.010643886413850627,entropy,10,log2,10,0.05,5,4,500,"{'criterion': 'entropy', 'max_depth': 10, 'max_features': 'log2', 'max_leaf_nodes': 10, 'min_impurity_decrease': 0.05, 'min_samples_leaf': 5, 'min_samples_split': 4, 'n_estimators': 500}",0.8967093144621329,0.918549504888678,0.8954849586428534,0.9072701886547392,0.9045034916621009,0.009314346942405745,173
524,5.369593620300293,0.561864974443389,0.29171496629714966,0.04918743973015751,entropy,10,log2,10,0.05,5,4,1000,"{'criterion': 'entropy', 'max_depth': 10, 'max_features': 'log2', 'max_leaf_nodes': 10, 'min_impurity_decrease': 0.05, 'min_samples_leaf': 5, 'min_samples_split': 4, 'n_estimators': 1000}",0.8953426209625942,0.9157006123298259,0.9278651510432887,0.9037671780121445,0.9106688905869633,0.01228370642806609,91
525,3.938418686389923,0.6630805835382783,0.21555203199386597,0.03224334676700994,entropy,10,log2,10,0.05,5,8,700,"{'criterion': 'entropy', 'max_depth': 10, 'max_features': 'log2', 'max_leaf_nodes': 10, 'min_impurity_decrease': 0.05, 'min_samples_leaf': 5, 'min_samples_split': 8, 'n_estimators': 700}",0.8897323164348736,0.9221656686626747,0.9194086233940396,0.9003152738951319,0.9079054705966799,0.013449446004555112,131
526,2.6271249055862427,0.4522460557322001,0.16567999124526978,0.03595930169800779,entropy,10,log2,10,0.05,5,8,500,"{'criterion': 'entropy', 'max_depth': 10, 'max_features': 'log2', 'max_leaf_nodes': 10, 'min_impurity_decrease': 0.05, 'min_samples_leaf': 5, 'min_samples_split': 8, 'n_estimators': 500}",0.8988554939532472,0.9228918379452458,0.9292507469363627,0.909400787228516,0.9150997165158429,0.011803827557387181,73
527,5.536085307598114,0.8329595992674292,0.29549598693847656,0.039581495168675464,entropy,10,log2,10,0.05,5,8,1000,"{'criterion': 'entropy', 'max_depth': 10, 'max_features': 'log2', 'max_leaf_nodes': 10, 'min_impurity_decrease': 0.05, 'min_samples_leaf': 5, 'min_samples_split': 8, 'n_estimators': 1000}",0.8925879634889975,0.9178179652541983,0.9264410502146351,0.8925572671402346,0.9073510615245164,0.015089641793015146,140
528,3.372377932071686,0.37349121922946243,0.22246408462524414,0.030930583687580542,entropy,10,log2,50,0.1,2,4,700,"{'criterion': 'entropy', 'max_depth': 10, 'max_features': 'log2', 'max_leaf_nodes': 50, 'min_impurity_decrease': 0.1, 'min_samples_leaf': 2, 'min_samples_split': 4, 'n_estimators': 700}",0.895105971638267,0.8882374350826199,0.901987850354866,0.8855862565290765,0.8927293784012074,0.006375132218013934,255
529,2.179060220718384,0.1209310582957079,0.14393818378448486,0.014011847245174312,entropy,10,log2,50,0.1,2,4,500,"{'criterion': 'entropy', 'max_depth': 10, 'max_features': 'log2', 'max_leaf_nodes': 50, 'min_impurity_decrease': 0.1, 'min_samples_leaf': 2, 'min_samples_split': 4, 'n_estimators': 500}",0.8842883025223042,0.8896912871725406,0.8954849586428534,0.8856394804132351,0.8887760071877333,0.004353879317603008,446
530,5.528161287307739,0.9049180252101902,0.3150072693824768,0.05784024913254889,entropy,10,log2,50,0.1,2,4,1000,"{'criterion': 'entropy', 'max_depth': 10, 'max_features': 'log2', 'max_leaf_nodes': 50, 'min_impurity_decrease': 0.1, 'min_samples_leaf': 2, 'min_samples_split': 4, 'n_estimators': 1000}",0.886456675574773,0.8896912871725406,0.894138835448471,0.8855862565290765,0.8889682636812154,0.0033542369684806702,438
531,3.4323421716690063,0.3960028939204724,0.1978328824043274,0.024339848185855738,entropy,10,log2,50,0.1,2,8,700,"{'criterion': 'entropy', 'max_depth': 10, 'max_features': 'log2', 'max_leaf_nodes': 50, 'min_impurity_decrease': 0.1, 'min_samples_leaf': 2, 'min_samples_split': 8, 'n_estimators': 700}",0.8835376602564102,0.8861174524201045,0.8919432002440237,0.8855862565290765,0.8867961423624038,0.0031238739666994584,500
532,2.434348404407501,0.3754269825491421,0.14480441808700562,0.034548934248844775,entropy,10,log2,50,0.1,2,8,500,"{'criterion': 'entropy', 'max_depth': 10, 'max_features': 'log2', 'max_leaf_nodes': 50, 'min_impurity_decrease': 0.1, 'min_samples_leaf': 2, 'min_samples_split': 8, 'n_estimators': 500}",0.886456675574773,0.8860543090234461,0.8933906731510015,0.8892036569228919,0.888776328668028,0.0029268142178608837,445
533,4.474653422832489,0.19231719883050719,0.27823853492736816,0.03201812203063477,entropy,10,log2,50,0.1,2,8,1000,"{'criterion': 'entropy', 'max_depth': 10, 'max_features': 'log2', 'max_leaf_nodes': 50, 'min_impurity_decrease': 0.1, 'min_samples_leaf': 2, 'min_samples_split': 8, 'n_estimators': 1000}",0.8850113729196367,0.8875100417737789,0.8954849586428534,0.8855862565290765,0.8883981574663364,0.004194895613885287,459
534,4.121622920036316,0.777991645423646,0.2107241153717041,0.02765526133061489,entropy,10,log2,50,0.1,5,4,700,"{'criterion': 'entropy', 'max_depth': 10, 'max_features': 'log2', 'max_leaf_nodes': 50, 'min_impurity_decrease': 0.1, 'min_samples_leaf': 5, 'min_samples_split': 4, 'n_estimators': 700}",0.886456675574773,0.894796997064438,0.9020098538361008,0.8877575371090067,0.8927552658960796,0.006214209466380765,253
535,2.4500863552093506,0.6143228590711626,0.1416795253753662,0.015024057180903464,entropy,10,log2,50,0.1,5,4,500,"{'criterion': 'entropy', 'max_depth': 10, 'max_features': 'log2', 'max_leaf_nodes': 50, 'min_impurity_decrease': 0.1, 'min_samples_leaf': 5, 'min_samples_split': 4, 'n_estimators': 500}",0.8842883025223042,0.8896912871725406,0.9012663837108056,0.888480735558248,0.8909316772409746,0.006294566468872816,352
536,5.103540062904358,0.6602132326074182,0.25184059143066406,0.0071984182072908414,entropy,10,log2,50,0.1,5,4,1000,"{'criterion': 'entropy', 'max_depth': 10, 'max_features': 'log2', 'max_leaf_nodes': 50, 'min_impurity_decrease': 0.1, 'min_samples_leaf': 5, 'min_samples_split': 4, 'n_estimators': 1000}",0.8842883025223042,0.8875100417737789,0.8969319620022986,0.8870340593040729,0.8889410914006137,0.004774597673382919,442
537,3.01875239610672,0.1565509294089763,0.1881924867630005,0.02046967801567101,entropy,10,log2,50,0.1,5,8,700,"{'criterion': 'entropy', 'max_depth': 10, 'max_features': 'log2', 'max_leaf_nodes': 50, 'min_impurity_decrease': 0.1, 'min_samples_leaf': 5, 'min_samples_split': 8, 'n_estimators': 700}",0.895105971638267,0.8940727315570329,0.9005446531345629,0.8855862565290765,0.8938274032147349,0.005355671488925438,227
538,2.2418172359466553,0.1827480935957686,0.1326683759689331,0.006818411450165825,entropy,10,log2,50,0.1,5,8,500,"{'criterion': 'entropy', 'max_depth': 10, 'max_features': 'log2', 'max_leaf_nodes': 50, 'min_impurity_decrease': 0.1, 'min_samples_leaf': 5, 'min_samples_split': 8, 'n_estimators': 500}",0.8828136151977173,0.8875100417737789,0.8933906731510015,0.8989013061489636,0.8906539090678653,0.006059363534917661,366
539,5.538902401924133,1.1400809681561406,0.2986161708831787,0.039754780783646304,entropy,10,log2,50,0.1,5,8,1000,"{'criterion': 'entropy', 'max_depth': 10, 'max_features': 'log2', 'max_leaf_nodes': 50, 'min_impurity_decrease': 0.1, 'min_samples_leaf': 5, 'min_samples_split': 8, 'n_estimators': 1000}",0.895105971638267,0.8955209741471476,0.8962086002343913,0.888480735558248,0.8938290703945134,0.0031128709768538554,226
540,4.546676218509674,0.8252134172258363,0.25933510065078735,0.03680133711665496,entropy,10,log2,50,0.05,2,4,700,"{'criterion': 'entropy', 'max_depth': 10, 'max_features': 'log2', 'max_leaf_nodes': 50, 'min_impurity_decrease': 0.05, 'min_samples_leaf': 2, 'min_samples_split': 4, 'n_estimators': 700}",0.8967093144621329,0.9130640229085825,0.9286599788148795,0.8975110649541366,0.9089860952849328,0.013096629865325988,111
541,2.638495624065399,0.5141154309247856,0.15942734479904175,0.027434349197521506,entropy,10,log2,50,0.05,2,4,500,"{'criterion': 'entropy', 'max_depth': 10, 'max_features': 'log2', 'max_leaf_nodes': 50, 'min_impurity_decrease': 0.05, 'min_samples_leaf': 2, 'min_samples_split': 4, 'n_estimators': 500}",0.8871536145708987,0.8875100417737789,0.8940629852910555,0.9051823665707894,0.8934772520516308,0.007296382302590209,232
542,4.98994380235672,0.4238695909617277,0.31685346364974976,0.07994677671616617,entropy,10,log2,50,0.05,2,4,1000,"{'criterion': 'entropy', 'max_depth': 10, 'max_features': 'log2', 'max_leaf_nodes': 50, 'min_impurity_decrease': 0.05, 'min_samples_leaf': 2, 'min_samples_split': 4, 'n_estimators': 1000}",0.8947011685527877,0.8875100417737789,0.9258074119285584,0.9079991449678964,0.9040044418057553,0.014576893403291652,176
543,3.4804121255874634,0.7288383154083578,0.20743495225906372,0.03434796483129306,entropy,10,log2,50,0.05,2,8,700,"{'criterion': 'entropy', 'max_depth': 10, 'max_features': 'log2', 'max_leaf_nodes': 50, 'min_impurity_decrease': 0.05, 'min_samples_leaf': 2, 'min_samples_split': 8, 'n_estimators': 700}",0.887824768633954,0.9149676181338451,0.919417950355176,0.905196000894726,0.9068515845044254,0.012129965290823294,148
544,2.3008281588554382,0.15636125968130737,0.13366276025772095,0.005180561528054792,entropy,10,log2,50,0.05,2,8,500,"{'criterion': 'entropy', 'max_depth': 10, 'max_features': 'log2', 'max_leaf_nodes': 50, 'min_impurity_decrease': 0.05, 'min_samples_leaf': 2, 'min_samples_split': 8, 'n_estimators': 500}",0.8974408854770688,0.8875100417737789,0.9313683243413283,0.8975110649541366,0.9034575791365781,0.01661998254614548,178
545,5.252280533313751,1.0090387054984131,0.30473554134368896,0.04917369281994763,entropy,10,log2,50,0.05,2,8,1000,"{'criterion': 'entropy', 'max_depth': 10, 'max_features': 'log2', 'max_leaf_nodes': 50, 'min_impurity_decrease': 0.05, 'min_samples_leaf': 2, 'min_samples_split': 8, 'n_estimators': 1000}",0.8911746472191158,0.8875100417737789,0.9264310618193146,0.9044816885162816,0.9023993598321227,0.015244218237066079,185
546,3.2889917492866516,0.15703247742734266,0.19056856632232666,0.012972263677933143,entropy,10,log2,50,0.05,5,4,700,"{'criterion': 'entropy', 'max_depth': 10, 'max_features': 'log2', 'max_leaf_nodes': 50, 'min_impurity_decrease': 0.05, 'min_samples_leaf': 5, 'min_samples_split': 4, 'n_estimators': 700}",0.8995550323250061,0.9150002397736536,0.9265246699373779,0.8842708322372755,0.9063376935683283,0.015933491332956035,152
547,2.494705557823181,0.14830979698803226,0.1398099660873413,0.013584954653100683,entropy,10,log2,50,0.05,5,4,500,"{'criterion': 'entropy', 'max_depth': 10, 'max_features': 'log2', 'max_leaf_nodes': 50, 'min_impurity_decrease': 0.05, 'min_samples_leaf': 5, 'min_samples_split': 4, 'n_estimators': 500}",0.8974249220372535,0.9214249521380022,0.9278556454028152,0.9030379404159505,0.9124358649985054,0.012572019630552093,81
548,6.237042546272278,1.0477785075126205,0.3178350329399109,0.0478210114502295,entropy,10,log2,50,0.05,5,4,1000,"{'criterion': 'entropy', 'max_depth': 10, 'max_features': 'log2', 'max_leaf_nodes': 50, 'min_impurity_decrease': 0.05, 'min_samples_leaf': 5, 'min_samples_split': 4, 'n_estimators': 1000}",0.8911460046857085,0.8875100417737789,0.9285676851841222,0.891844202491862,0.899766983533868,0.016709314562521387,204
549,4.38386195898056,0.5952173060334981,0.24569129943847656,0.031275852354941444,entropy,10,log2,50,0.05,5,8,700,"{'criterion': 'entropy', 'max_depth': 10, 'max_features': 'log2', 'max_leaf_nodes': 50, 'min_impurity_decrease': 0.05, 'min_samples_leaf': 5, 'min_samples_split': 8, 'n_estimators': 700}",0.8988235986793489,0.9163848244982811,0.9278651510432887,0.8856394804132351,0.9071782636585385,0.0161742672381771,144
550,2.4415676593780518,0.24068527591115554,0.13303250074386597,0.007716590941079931,entropy,10,log2,50,0.05,5,8,500,"{'criterion': 'entropy', 'max_depth': 10, 'max_features': 'log2', 'max_leaf_nodes': 50, 'min_impurity_decrease': 0.05, 'min_samples_leaf': 5, 'min_samples_split': 8, 'n_estimators': 500}",0.8918743542857485,0.9073431448103173,0.9321335775949806,0.8939828337483242,0.9063334776098426,0.016033318731584065,153
551,4.727063298225403,0.27221127309018656,0.2623288035392761,0.01541159318753571,entropy,10,log2,50,0.05,5,8,1000,"{'criterion': 'entropy', 'max_depth': 10, 'max_features': 'log2', 'max_leaf_nodes': 50, 'min_impurity_decrease': 0.05, 'min_samples_leaf': 5, 'min_samples_split': 8, 'n_estimators': 1000}",0.8897470454074228,0.8875100417737789,0.9257287478191851,0.9079991449678964,0.9027462449920709,0.015466976697992307,183
552,3.6612148880958557,0.7256234960044826,0.20281332731246948,0.03198617335083907,entropy,10,log2,100,0.1,2,4,700,"{'criterion': 'entropy', 'max_depth': 10, 'max_features': 'log2', 'max_leaf_nodes': 100, 'min_impurity_decrease': 0.1, 'min_samples_leaf': 2, 'min_samples_split': 4, 'n_estimators': 700}",0.8828136151977173,0.8896912871725406,0.9005446531345629,0.888480735558248,0.8903825727657672,0.006415836980163028,382
553,2.2065688967704773,0.08098469720921499,0.1322784423828125,0.010874561349021905,entropy,10,log2,100,0.1,2,4,500,"{'criterion': 'entropy', 'max_depth': 10, 'max_features': 'log2', 'max_leaf_nodes': 100, 'min_impurity_decrease': 0.1, 'min_samples_leaf': 2, 'min_samples_split': 4, 'n_estimators': 500}",0.8842883025223042,0.8860543090234461,0.8998907199107721,0.8855862565290765,0.8889548969963997,0.006346858986678006,440
554,5.601929724216461,0.9135182336994654,0.32810699939727783,0.04091362402801982,entropy,10,log2,100,0.1,2,4,1000,"{'criterion': 'entropy', 'max_depth': 10, 'max_features': 'log2', 'max_leaf_nodes': 100, 'min_impurity_decrease': 0.1, 'min_samples_leaf': 2, 'min_samples_split': 4, 'n_estimators': 1000}",0.895105971638267,0.8896912871725406,0.901987850354866,0.8855862565290765,0.8930928414236875,0.006146000025424956,240
555,3.5382350087165833,0.7864140815398881,0.1950681209564209,0.03612056534959217,entropy,10,log2,100,0.1,2,8,700,"{'criterion': 'entropy', 'max_depth': 10, 'max_features': 'log2', 'max_leaf_nodes': 100, 'min_impurity_decrease': 0.1, 'min_samples_leaf': 2, 'min_samples_split': 8, 'n_estimators': 700}",0.8842883025223042,0.8875100417737789,0.9012887495646116,0.8877575371090067,0.8902111577424254,0.0065404421912111255,391
556,2.289167582988739,0.12440160098399018,0.14304310083389282,0.023539557831680068,entropy,10,log2,100,0.1,2,8,500,"{'criterion': 'entropy', 'max_depth': 10, 'max_features': 'log2', 'max_leaf_nodes': 100, 'min_impurity_decrease': 0.1, 'min_samples_leaf': 2, 'min_samples_split': 8, 'n_estimators': 500}",0.8828136151977173,0.8875100417737789,0.8912190385874597,0.8848891786179922,0.8866079685442371,0.0031395485019253756,503
557,4.441711485385895,0.3446410464351086,0.3304784297943115,0.0686110195968913,entropy,10,log2,100,0.1,2,8,1000,"{'criterion': 'entropy', 'max_depth': 10, 'max_features': 'log2', 'max_leaf_nodes': 100, 'min_impurity_decrease': 0.1, 'min_samples_leaf': 2, 'min_samples_split': 8, 'n_estimators': 1000}",0.8951267290317423,0.8875100417737789,0.9012663837108056,0.8834124002632888,0.891828888694904,0.006881710893921453,299
558,3.6059385538101196,0.6718843626306041,0.1734265685081482,0.0034215375749827993,entropy,10,log2,100,0.1,5,4,700,"{'criterion': 'entropy', 'max_depth': 10, 'max_features': 'log2', 'max_leaf_nodes': 100, 'min_impurity_decrease': 0.1, 'min_samples_leaf': 5, 'min_samples_split': 4, 'n_estimators': 700}",0.895105971638267,0.8875100417737789,0.8919432002440237,0.8848619270030817,0.8898552851647878,0.003948508899414611,406
559,2.7226856350898743,0.555783521657345,0.15280503034591675,0.031182688950510826,entropy,10,log2,100,0.1,5,4,500,"{'criterion': 'entropy', 'max_depth': 10, 'max_features': 'log2', 'max_leaf_nodes': 100, 'min_impurity_decrease': 0.1, 'min_samples_leaf': 5, 'min_samples_split': 4, 'n_estimators': 500}",0.9025052762061537,0.8896912871725406,0.8962086002343913,0.8848619270030817,0.8933167726540419,0.006659951655976516,236
560,4.517280161380768,0.10296398576311704,0.2519494295120239,0.004218217210443437,entropy,10,log2,100,0.1,5,4,1000,"{'criterion': 'entropy', 'max_depth': 10, 'max_features': 'log2', 'max_leaf_nodes': 100, 'min_impurity_decrease': 0.1, 'min_samples_leaf': 5, 'min_samples_split': 4, 'n_estimators': 1000}",0.8850113729196367,0.8875100417737789,0.900611620795107,0.8855862565290765,0.8896798230043999,0.0063789471350584465,420
561,3.6381751894950867,0.6978016553914083,0.20681774616241455,0.041175757004945204,entropy,10,log2,100,0.1,5,8,700,"{'criterion': 'entropy', 'max_depth': 10, 'max_features': 'log2', 'max_leaf_nodes': 100, 'min_impurity_decrease': 0.1, 'min_samples_leaf': 5, 'min_samples_split': 8, 'n_estimators': 700}",0.8958250767270906,0.8875100417737789,0.8933906731510015,0.8870340593040729,0.890939962738986,0.003771298174063191,350
562,2.4993069767951965,0.539456337083606,0.15643298625946045,0.01748123844350572,entropy,10,log2,100,0.1,5,8,500,"{'criterion': 'entropy', 'max_depth': 10, 'max_features': 'log2', 'max_leaf_nodes': 100, 'min_impurity_decrease': 0.1, 'min_samples_leaf': 5, 'min_samples_split': 8, 'n_estimators': 500}",0.8842883025223042,0.8875100417737789,0.8926670776713591,0.8855862565290765,0.8875129196241297,0.003188868905782578,484
563,5.4754592180252075,0.9584161481934106,0.29485994577407837,0.03465067869235293,entropy,10,log2,100,0.1,5,8,1000,"{'criterion': 'entropy', 'max_depth': 10, 'max_features': 'log2', 'max_leaf_nodes': 100, 'min_impurity_decrease': 0.1, 'min_samples_leaf': 5, 'min_samples_split': 8, 'n_estimators': 1000}",0.886456675574773,0.8896912871725406,0.8947610349465064,0.8877575371090067,0.8896666337007068,0.003158402001549472,424
564,3.5971397757530212,0.7081161030776234,0.18555480241775513,0.006211692276962807,entropy,10,log2,100,0.05,2,4,700,"{'criterion': 'entropy', 'max_depth': 10, 'max_features': 'log2', 'max_leaf_nodes': 100, 'min_impurity_decrease': 0.05, 'min_samples_leaf': 2, 'min_samples_split': 4, 'n_estimators': 700}",0.8904465329335796,0.8868137081409972,0.9215429531717872,0.8925572671402346,0.8978401153466498,0.013838169341539712,211
565,2.778649151325226,0.6263882658490726,0.1641935110092163,0.029905394869786675,entropy,10,log2,100,0.05,2,4,500,"{'criterion': 'entropy', 'max_depth': 10, 'max_features': 'log2', 'max_leaf_nodes': 100, 'min_impurity_decrease': 0.05, 'min_samples_leaf': 2, 'min_samples_split': 4, 'n_estimators': 500}",0.8911460046857085,0.8904177505861193,0.920129312688396,0.8925572671402346,0.8985625837751146,0.012475291349003752,210
566,4.707010865211487,0.19843780467747052,0.26135772466659546,0.00711266136109736,entropy,10,log2,100,0.05,2,4,1000,"{'criterion': 'entropy', 'max_depth': 10, 'max_features': 'log2', 'max_leaf_nodes': 100, 'min_impurity_decrease': 0.05, 'min_samples_leaf': 2, 'min_samples_split': 4, 'n_estimators': 1000}",0.8918743542857485,0.9163848244982811,0.9335551520472504,0.8960607171994641,0.909468762007686,0.01671320551373152,106
567,3.6417275071144104,0.573855376034212,0.2084612250328064,0.036341567173248324,entropy,10,log2,100,0.05,2,8,700,"{'criterion': 'entropy', 'max_depth': 10, 'max_features': 'log2', 'max_leaf_nodes': 100, 'min_impurity_decrease': 0.05, 'min_samples_leaf': 2, 'min_samples_split': 8, 'n_estimators': 700}",0.8897323164348736,0.9157006123298259,0.9271531839006395,0.896798427647857,0.907346135078299,0.014862849764080763,141
568,2.8263437747955322,0.5965635179466138,0.1317964792251587,0.006838951182820965,entropy,10,log2,100,0.05,2,8,500,"{'criterion': 'entropy', 'max_depth': 10, 'max_features': 'log2', 'max_leaf_nodes': 100, 'min_impurity_decrease': 0.05, 'min_samples_leaf': 2, 'min_samples_split': 8, 'n_estimators': 500}",0.8857341631818534,0.9157006123298259,0.9270903010033444,0.9059101173296508,0.9086087984611687,0.015185450101786867,119
569,5.600699961185455,1.0553952830160764,0.27785640954971313,0.024173920924566307,entropy,10,log2,100,0.05,2,8,1000,"{'criterion': 'entropy', 'max_depth': 10, 'max_features': 'log2', 'max_leaf_nodes': 100, 'min_impurity_decrease': 0.05, 'min_samples_leaf': 2, 'min_samples_split': 8, 'n_estimators': 1000}",0.8918601260570174,0.9221395597725386,0.9265176356078919,0.9044816885162816,0.9112497524884324,0.013905578563254771,88
570,3.79016774892807,0.5911561785895995,0.23582714796066284,0.029616525565958986,entropy,10,log2,100,0.05,5,4,700,"{'criterion': 'entropy', 'max_depth': 10, 'max_features': 'log2', 'max_leaf_nodes': 100, 'min_impurity_decrease': 0.05, 'min_samples_leaf': 5, 'min_samples_split': 4, 'n_estimators': 700}",0.8939875436609834,0.9142999138393917,0.927143438336915,0.9058689494549009,0.9103249613230477,0.012097816685325578,97
571,2.3990675806999207,0.08795143122499952,0.13542050123214722,0.0067799525495107395,entropy,10,log2,100,0.05,5,4,500,"{'criterion': 'entropy', 'max_depth': 10, 'max_features': 'log2', 'max_leaf_nodes': 100, 'min_impurity_decrease': 0.05, 'min_samples_leaf': 5, 'min_samples_split': 4, 'n_estimators': 500}",0.8904465329335796,0.8875100417737789,0.923683780085454,0.9016224358964753,0.9008156976723218,0.014214078198090471,199
572,5.51945686340332,0.9850575878400716,0.2972201704978943,0.052909569876466694,entropy,10,log2,100,0.05,5,4,1000,"{'criterion': 'entropy', 'max_depth': 10, 'max_features': 'log2', 'max_leaf_nodes': 100, 'min_impurity_decrease': 0.05, 'min_samples_leaf': 5, 'min_samples_split': 4, 'n_estimators': 1000}",0.8918743542857485,0.9051989598488068,0.9250970434172049,0.9030524671983252,0.9063057061875214,0.01197065917119415,154
573,3.482719898223877,0.44030282942469756,0.2044469118118286,0.022151230680585686,entropy,10,log2,100,0.05,5,8,700,"{'criterion': 'entropy', 'max_depth': 10, 'max_features': 'log2', 'max_leaf_nodes': 100, 'min_impurity_decrease': 0.05, 'min_samples_leaf': 5, 'min_samples_split': 8, 'n_estimators': 700}",0.8967569098685051,0.8904177505861193,0.9314306381811153,0.9030379404159505,0.9054108097629225,0.01567118204469363,165
574,2.3789345026016235,0.1329079874078853,0.15168261528015137,0.00908082941279664,entropy,10,log2,100,0.05,5,8,500,"{'criterion': 'entropy', 'max_depth': 10, 'max_features': 'log2', 'max_leaf_nodes': 100, 'min_impurity_decrease': 0.05, 'min_samples_leaf': 5, 'min_samples_split': 8, 'n_estimators': 500}",0.8890475400187092,0.9192799047649485,0.9194086233940396,0.9016224358964753,0.9073396260185431,0.012801539236638595,142
575,5.394700825214386,0.5650316364407978,0.3034798502922058,0.05922527805373086,entropy,10,log2,100,0.05,5,8,1000,"{'criterion': 'entropy', 'max_depth': 10, 'max_features': 'log2', 'max_leaf_nodes': 100, 'min_impurity_decrease': 0.05, 'min_samples_leaf': 5, 'min_samples_split': 8, 'n_estimators': 1000}",0.8925879634889975,0.9171482034694621,0.9243140573014553,0.8975110649541366,0.9078903223035129,0.013203584772498682,133
576,7.760761380195618,0.9006053609313224,0.19956684112548828,0.03527450321053463,entropy,10,,10,0.1,2,4,700,"{'criterion': 'entropy', 'max_depth': 10, 'max_features': None, 'max_leaf_nodes': 10, 'min_impurity_decrease': 0.1, 'min_samples_leaf': 2, 'min_samples_split': 4, 'n_estimators': 700}",0.8681470964645657,0.8661880065936227,0.8880350548707546,0.8772999901395924,0.8749175370171338,0.008657206885185866,701
577,6.192237436771393,0.8830653404165323,0.1781572699546814,0.02883980381302676,entropy,10,,10,0.1,2,4,500,"{'criterion': 'entropy', 'max_depth': 10, 'max_features': None, 'max_leaf_nodes': 10, 'min_impurity_decrease': 0.1, 'min_samples_leaf': 2, 'min_samples_split': 4, 'n_estimators': 500}",0.8681470964645657,0.8689253275460171,0.8880350548707546,0.8793402256015709,0.8761119261207271,0.008180290753595512,626
578,11.72168880701065,1.335316358219564,0.2909674644470215,0.06425505260200724,entropy,10,,10,0.1,2,4,1000,"{'criterion': 'entropy', 'max_depth': 10, 'max_features': None, 'max_leaf_nodes': 10, 'min_impurity_decrease': 0.1, 'min_samples_leaf': 2, 'min_samples_split': 4, 'n_estimators': 1000}",0.8681470964645657,0.865457804016657,0.8880350548707546,0.8772999901395924,0.8747349863728924,0.008845019393507451,703
579,8.013353705406189,1.338177099586749,0.19906151294708252,0.043404954910515506,entropy,10,,10,0.1,2,8,700,"{'criterion': 'entropy', 'max_depth': 10, 'max_features': None, 'max_leaf_nodes': 10, 'min_impurity_decrease': 0.1, 'min_samples_leaf': 2, 'min_samples_split': 8, 'n_estimators': 700}",0.8681470964645657,0.865457804016657,0.8880350548707546,0.8793402256015709,0.875245045238387,0.009035012674744667,671
580,6.247976720333099,1.0765432411660316,0.13830512762069702,0.014368036859905915,entropy,10,,10,0.1,2,8,500,"{'criterion': 'entropy', 'max_depth': 10, 'max_features': None, 'max_leaf_nodes': 10, 'min_impurity_decrease': 0.1, 'min_samples_leaf': 2, 'min_samples_split': 8, 'n_estimators': 500}",0.8681470964645657,0.865457804016657,0.8880350548707546,0.8793402256015709,0.875245045238387,0.009035012674744667,671
581,11.257981836795807,1.6801114490550781,0.2550698518753052,0.00602266440418943,entropy,10,,10,0.1,2,8,1000,"{'criterion': 'entropy', 'max_depth': 10, 'max_features': None, 'max_leaf_nodes': 10, 'min_impurity_decrease': 0.1, 'min_samples_leaf': 2, 'min_samples_split': 8, 'n_estimators': 1000}",0.8681470964645657,0.8661880065936227,0.8880350548707546,0.8793402256015709,0.8754275958826284,0.008840706638340017,666
582,8.454528033733368,0.8670850272630245,0.1944217085838318,0.02957847210573087,entropy,10,,10,0.1,5,4,700,"{'criterion': 'entropy', 'max_depth': 10, 'max_features': None, 'max_leaf_nodes': 10, 'min_impurity_decrease': 0.1, 'min_samples_leaf': 5, 'min_samples_split': 4, 'n_estimators': 700}",0.8681470964645657,0.865457804016657,0.8880350548707546,0.8793402256015709,0.875245045238387,0.009035012674744667,671
583,4.982702434062958,0.21312794738660856,0.14865970611572266,0.017087782004248108,entropy,10,,10,0.1,5,4,500,"{'criterion': 'entropy', 'max_depth': 10, 'max_features': None, 'max_leaf_nodes': 10, 'min_impurity_decrease': 0.1, 'min_samples_leaf': 5, 'min_samples_split': 4, 'n_estimators': 500}",0.8681470964645657,0.8879959206526955,0.8880350548707546,0.8793402256015709,0.8808795743973966,0.00815979279539547,512
584,12.577605903148651,0.6822221474613724,0.2591943144798279,0.024378201057994018,entropy,10,,10,0.1,5,4,1000,"{'criterion': 'entropy', 'max_depth': 10, 'max_features': None, 'max_leaf_nodes': 10, 'min_impurity_decrease': 0.1, 'min_samples_leaf': 5, 'min_samples_split': 4, 'n_estimators': 1000}",0.8681470964645657,0.865457804016657,0.8880350548707546,0.8793402256015709,0.875245045238387,0.009035012674744667,671
585,8.155738890171051,0.5952443236408604,0.19880801439285278,0.034574665262977124,entropy,10,,10,0.1,5,8,700,"{'criterion': 'entropy', 'max_depth': 10, 'max_features': None, 'max_leaf_nodes': 10, 'min_impurity_decrease': 0.1, 'min_samples_leaf': 5, 'min_samples_split': 8, 'n_estimators': 700}",0.8681470964645657,0.865457804016657,0.8880350548707546,0.8793402256015709,0.875245045238387,0.009035012674744667,671
586,5.23774266242981,0.41597977653101775,0.1306602954864502,0.00892734373498314,entropy,10,,10,0.1,5,8,500,"{'criterion': 'entropy', 'max_depth': 10, 'max_features': None, 'max_leaf_nodes': 10, 'min_impurity_decrease': 0.1, 'min_samples_leaf': 5, 'min_samples_split': 8, 'n_estimators': 500}",0.8681470964645657,0.8879959206526955,0.8880350548707546,0.8800880088008802,0.881066520197224,0.008130898786500132,510
587,12.029636025428772,2.324006167252343,0.2975756525993347,0.029187714404126458,entropy,10,,10,0.1,5,8,1000,"{'criterion': 'entropy', 'max_depth': 10, 'max_features': None, 'max_leaf_nodes': 10, 'min_impurity_decrease': 0.1, 'min_samples_leaf': 5, 'min_samples_split': 8, 'n_estimators': 1000}",0.8681470964645657,0.865457804016657,0.8880350548707546,0.8772999901395924,0.8747349863728924,0.008845019393507451,703
588,8.663533389568329,1.6917570024047561,0.21306860446929932,0.016221721670765632,entropy,10,,10,0.05,2,4,700,"{'criterion': 'entropy', 'max_depth': 10, 'max_features': None, 'max_leaf_nodes': 10, 'min_impurity_decrease': 0.05, 'min_samples_leaf': 2, 'min_samples_split': 4, 'n_estimators': 700}",0.9456936020153639,0.9619133455493944,0.9640066760003168,0.9491881984979181,0.9552004555157483,0.007892083212829139,14
589,6.883161425590515,0.9677153396238519,0.16005682945251465,0.008451921655680907,entropy,10,,10,0.05,2,4,500,"{'criterion': 'entropy', 'max_depth': 10, 'max_features': None, 'max_leaf_nodes': 10, 'min_impurity_decrease': 0.05, 'min_samples_leaf': 2, 'min_samples_split': 4, 'n_estimators': 500}",0.9463995463995463,0.9619133455493944,0.9640066760003168,0.9484826073206384,0.955200543817474,0.007829398084138713,3
590,13.257578909397125,2.534042604736448,0.2808331847190857,0.038442001015196944,entropy,10,,10,0.05,2,4,1000,"{'criterion': 'entropy', 'max_depth': 10, 'max_features': None, 'max_leaf_nodes': 10, 'min_impurity_decrease': 0.05, 'min_samples_leaf': 2, 'min_samples_split': 4, 'n_estimators': 1000}",0.9463995463995463,0.9619133455493944,0.9640066760003168,0.9484826073206384,0.955200543817474,0.007829398084138713,3
591,8.218322694301605,0.8070529272955146,0.18667054176330566,0.017083492570549284,entropy,10,,10,0.05,2,8,700,"{'criterion': 'entropy', 'max_depth': 10, 'max_features': None, 'max_leaf_nodes': 10, 'min_impurity_decrease': 0.05, 'min_samples_leaf': 2, 'min_samples_split': 8, 'n_estimators': 700}",0.9456936020153639,0.9619133455493944,0.9640066760003168,0.9484826073206384,0.9550240577214284,0.008031153325482085,26
592,6.806791186332703,0.5755006522908582,0.16492456197738647,0.03150573615671175,entropy,10,,10,0.05,2,8,500,"{'criterion': 'entropy', 'max_depth': 10, 'max_features': None, 'max_leaf_nodes': 10, 'min_impurity_decrease': 0.05, 'min_samples_leaf': 2, 'min_samples_split': 8, 'n_estimators': 500}",0.9456936020153639,0.9619133455493944,0.9640066760003168,0.9484826073206384,0.9550240577214284,0.008031153325482085,26
593,12.093917965888977,1.0615261423159854,0.2595682740211487,0.007813040891199025,entropy,10,,10,0.05,2,8,1000,"{'criterion': 'entropy', 'max_depth': 10, 'max_features': None, 'max_leaf_nodes': 10, 'min_impurity_decrease': 0.05, 'min_samples_leaf': 2, 'min_samples_split': 8, 'n_estimators': 1000}",0.9456936020153639,0.9619133455493944,0.9640066760003168,0.9484826073206384,0.9550240577214284,0.008031153325482085,26
594,9.121812522411346,1.7216490499273613,0.19994258880615234,0.025262956016052242,entropy,10,,10,0.05,5,4,700,"{'criterion': 'entropy', 'max_depth': 10, 'max_features': None, 'max_leaf_nodes': 10, 'min_impurity_decrease': 0.05, 'min_samples_leaf': 5, 'min_samples_split': 4, 'n_estimators': 700}",0.9456936020153639,0.9619133455493944,0.9640066760003168,0.9484826073206384,0.9550240577214284,0.008031153325482085,26
595,5.893141567707062,1.0744973320215603,0.14204764366149902,0.008701292424681803,entropy,10,,10,0.05,5,4,500,"{'criterion': 'entropy', 'max_depth': 10, 'max_features': None, 'max_leaf_nodes': 10, 'min_impurity_decrease': 0.05, 'min_samples_leaf': 5, 'min_samples_split': 4, 'n_estimators': 500}",0.9456936020153639,0.9619133455493944,0.9640066760003168,0.9484826073206384,0.9550240577214284,0.008031153325482085,26
596,12.444455683231354,1.5784193486210356,0.32197076082229614,0.03957551385257237,entropy,10,,10,0.05,5,4,1000,"{'criterion': 'entropy', 'max_depth': 10, 'max_features': None, 'max_leaf_nodes': 10, 'min_impurity_decrease': 0.05, 'min_samples_leaf': 5, 'min_samples_split': 4, 'n_estimators': 1000}",0.9456936020153639,0.9619133455493944,0.9640066760003168,0.9484826073206384,0.9550240577214284,0.008031153325482085,26
597,9.343566417694092,1.0593472338303653,0.19418656826019287,0.04007324589843531,entropy,10,,10,0.05,5,8,700,"{'criterion': 'entropy', 'max_depth': 10, 'max_features': None, 'max_leaf_nodes': 10, 'min_impurity_decrease': 0.05, 'min_samples_leaf': 5, 'min_samples_split': 8, 'n_estimators': 700}",0.9463995463995463,0.9619133455493944,0.9640066760003168,0.9484826073206384,0.955200543817474,0.007829398084138713,3
598,6.075019419193268,0.8831813406652981,0.13391751050949097,0.009465444896559105,entropy,10,,10,0.05,5,8,500,"{'criterion': 'entropy', 'max_depth': 10, 'max_features': None, 'max_leaf_nodes': 10, 'min_impurity_decrease': 0.05, 'min_samples_leaf': 5, 'min_samples_split': 8, 'n_estimators': 500}",0.9456936020153639,0.9619133455493944,0.9640066760003168,0.9491881984979181,0.9552004555157483,0.007892083212829139,14
599,12.723291754722595,2.366824106742127,0.3104702830314636,0.04013764328896755,entropy,10,,10,0.05,5,8,1000,"{'criterion': 'entropy', 'max_depth': 10, 'max_features': None, 'max_leaf_nodes': 10, 'min_impurity_decrease': 0.05, 'min_samples_leaf': 5, 'min_samples_split': 8, 'n_estimators': 1000}",0.9456936020153639,0.9619133455493944,0.9640066760003168,0.9484826073206384,0.9550240577214284,0.008031153325482085,26
600,8.0593900680542,1.2875633332377436,0.19617611169815063,0.02472651283121639,entropy,10,,50,0.1,2,4,700,"{'criterion': 'entropy', 'max_depth': 10, 'max_features': None, 'max_leaf_nodes': 50, 'min_impurity_decrease': 0.1, 'min_samples_leaf': 2, 'min_samples_split': 4, 'n_estimators': 700}",0.8681470964645657,0.865457804016657,0.8880350548707546,0.8800880088008802,0.8754319910382143,0.009125100205799454,665
601,6.642388701438904,0.9085381894460024,0.13902819156646729,0.0161261025180504,entropy,10,,50,0.1,2,4,500,"{'criterion': 'entropy', 'max_depth': 10, 'max_features': None, 'max_leaf_nodes': 50, 'min_impurity_decrease': 0.1, 'min_samples_leaf': 2, 'min_samples_split': 4, 'n_estimators': 500}",0.8681470964645657,0.865457804016657,0.8880350548707546,0.8793402256015709,0.875245045238387,0.009035012674744667,671
602,11.286329090595245,1.3375515810024545,0.27807295322418213,0.053450570311654344,entropy,10,,50,0.1,2,4,1000,"{'criterion': 'entropy', 'max_depth': 10, 'max_features': None, 'max_leaf_nodes': 50, 'min_impurity_decrease': 0.1, 'min_samples_leaf': 2, 'min_samples_split': 4, 'n_estimators': 1000}",0.8681470964645657,0.865457804016657,0.8880350548707546,0.8772999901395924,0.8747349863728924,0.008845019393507451,703
603,7.915135324001312,0.6693136334618477,0.19856315851211548,0.040783239063522145,entropy,10,,50,0.1,2,8,700,"{'criterion': 'entropy', 'max_depth': 10, 'max_features': None, 'max_leaf_nodes': 50, 'min_impurity_decrease': 0.1, 'min_samples_leaf': 2, 'min_samples_split': 8, 'n_estimators': 700}",0.8681470964645657,0.865457804016657,0.8880350548707546,0.8772999901395924,0.8747349863728924,0.008845019393507451,703
604,5.746862173080444,0.601701677678145,0.15292906761169434,0.027561477765616536,entropy,10,,50,0.1,2,8,500,"{'criterion': 'entropy', 'max_depth': 10, 'max_features': None, 'max_leaf_nodes': 50, 'min_impurity_decrease': 0.1, 'min_samples_leaf': 2, 'min_samples_split': 8, 'n_estimators': 500}",0.8681470964645657,0.8683766215846687,0.8880350548707546,0.8793402256015709,0.8759747496303899,0.008303329074638965,642
605,11.571790099143982,0.6051849726934552,0.29344820976257324,0.04413323962120057,entropy,10,,50,0.1,2,8,1000,"{'criterion': 'entropy', 'max_depth': 10, 'max_features': None, 'max_leaf_nodes': 50, 'min_impurity_decrease': 0.1, 'min_samples_leaf': 2, 'min_samples_split': 8, 'n_estimators': 1000}",0.8681470964645657,0.865457804016657,0.8880350548707546,0.8772999901395924,0.8747349863728924,0.008845019393507451,703
606,8.209630727767944,1.7772176909095012,0.22668761014938354,0.028531351527868266,entropy,10,,50,0.1,5,4,700,"{'criterion': 'entropy', 'max_depth': 10, 'max_features': None, 'max_leaf_nodes': 50, 'min_impurity_decrease': 0.1, 'min_samples_leaf': 5, 'min_samples_split': 4, 'n_estimators': 700}",0.8681470964645657,0.865457804016657,0.8880350548707546,0.8793402256015709,0.875245045238387,0.009035012674744667,671
607,5.958219826221466,0.8194076988292366,0.1301622986793518,0.01612630596869656,entropy,10,,50,0.1,5,4,500,"{'criterion': 'entropy', 'max_depth': 10, 'max_features': None, 'max_leaf_nodes': 50, 'min_impurity_decrease': 0.1, 'min_samples_leaf': 5, 'min_samples_split': 4, 'n_estimators': 500}",0.8681470964645657,0.8879959206526955,0.8880350548707546,0.8793402256015709,0.8808795743973966,0.00815979279539547,512
608,11.183511435985565,1.3959620643667636,0.2658185362815857,0.013470681660300972,entropy,10,,50,0.1,5,4,1000,"{'criterion': 'entropy', 'max_depth': 10, 'max_features': None, 'max_leaf_nodes': 50, 'min_impurity_decrease': 0.1, 'min_samples_leaf': 5, 'min_samples_split': 4, 'n_estimators': 1000}",0.8681470964645657,0.865457804016657,0.8880350548707546,0.8772999901395924,0.8747349863728924,0.008845019393507451,703
609,8.028576135635376,0.7231100688731,0.19830596446990967,0.019169959108265997,entropy,10,,50,0.1,5,8,700,"{'criterion': 'entropy', 'max_depth': 10, 'max_features': None, 'max_leaf_nodes': 50, 'min_impurity_decrease': 0.1, 'min_samples_leaf': 5, 'min_samples_split': 8, 'n_estimators': 700}",0.8681470964645657,0.865457804016657,0.8880350548707546,0.8793402256015709,0.875245045238387,0.009035012674744667,671
610,5.812487423419952,1.1813457367896947,0.14242160320281982,0.032962850074127595,entropy,10,,50,0.1,5,8,500,"{'criterion': 'entropy', 'max_depth': 10, 'max_features': None, 'max_leaf_nodes': 50, 'min_impurity_decrease': 0.1, 'min_samples_leaf': 5, 'min_samples_split': 8, 'n_estimators': 500}",0.8681470964645657,0.865457804016657,0.8880350548707546,0.8793402256015709,0.875245045238387,0.009035012674744667,671
611,10.800415456295013,0.8480269262290031,0.2737228274345398,0.03861178527278688,entropy,10,,50,0.1,5,8,1000,"{'criterion': 'entropy', 'max_depth': 10, 'max_features': None, 'max_leaf_nodes': 50, 'min_impurity_decrease': 0.1, 'min_samples_leaf': 5, 'min_samples_split': 8, 'n_estimators': 1000}",0.8681470964645657,0.865457804016657,0.8880350548707546,0.8772999901395924,0.8747349863728924,0.008845019393507451,703
612,10.83419954776764,1.0330947937196835,0.22192424535751343,0.04224693038576632,entropy,10,,50,0.05,2,4,700,"{'criterion': 'entropy', 'max_depth': 10, 'max_features': None, 'max_leaf_nodes': 50, 'min_impurity_decrease': 0.05, 'min_samples_leaf': 2, 'min_samples_split': 4, 'n_estimators': 700}",0.9456936020153639,0.9619133455493944,0.9640066760003168,0.9484826073206384,0.9550240577214284,0.008031153325482085,26
613,6.2716087102890015,0.7706519171047765,0.1514255404472351,0.019422591439546992,entropy,10,,50,0.05,2,4,500,"{'criterion': 'entropy', 'max_depth': 10, 'max_features': None, 'max_leaf_nodes': 50, 'min_impurity_decrease': 0.05, 'min_samples_leaf': 2, 'min_samples_split': 4, 'n_estimators': 500}",0.9456936020153639,0.9619133455493944,0.9640066760003168,0.9484826073206384,0.9550240577214284,0.008031153325482085,26
614,12.068062484264374,1.9918315743460475,0.2614428997039795,0.014581234344790093,entropy,10,,50,0.05,2,4,1000,"{'criterion': 'entropy', 'max_depth': 10, 'max_features': None, 'max_leaf_nodes': 50, 'min_impurity_decrease': 0.05, 'min_samples_leaf': 2, 'min_samples_split': 4, 'n_estimators': 1000}",0.9456936020153639,0.9619133455493944,0.9640066760003168,0.9484826073206384,0.9550240577214284,0.008031153325482085,26
615,8.881843745708466,1.7717000280100594,0.1835612654685974,0.009180618820001079,entropy,10,,50,0.05,2,8,700,"{'criterion': 'entropy', 'max_depth': 10, 'max_features': None, 'max_leaf_nodes': 50, 'min_impurity_decrease': 0.05, 'min_samples_leaf': 2, 'min_samples_split': 8, 'n_estimators': 700}",0.9456936020153639,0.9619133455493944,0.9640066760003168,0.9484826073206384,0.9550240577214284,0.008031153325482085,26
616,5.669605791568756,0.34697049803131297,0.1320251226425171,0.007816632434071068,entropy,10,,50,0.05,2,8,500,"{'criterion': 'entropy', 'max_depth': 10, 'max_features': None, 'max_leaf_nodes': 50, 'min_impurity_decrease': 0.05, 'min_samples_leaf': 2, 'min_samples_split': 8, 'n_estimators': 500}",0.9456936020153639,0.9619133455493944,0.9640066760003168,0.9484826073206384,0.9550240577214284,0.008031153325482085,26
617,13.199129462242126,1.056510737509075,0.2644497752189636,0.015592266613762043,entropy,10,,50,0.05,2,8,1000,"{'criterion': 'entropy', 'max_depth': 10, 'max_features': None, 'max_leaf_nodes': 50, 'min_impurity_decrease': 0.05, 'min_samples_leaf': 2, 'min_samples_split': 8, 'n_estimators': 1000}",0.9456936020153639,0.9619133455493944,0.9640066760003168,0.9484826073206384,0.9550240577214284,0.008031153325482085,26
618,10.56158035993576,2.0705743301374415,0.21518462896347046,0.03107181207616191,entropy,10,,50,0.05,5,4,700,"{'criterion': 'entropy', 'max_depth': 10, 'max_features': None, 'max_leaf_nodes': 50, 'min_impurity_decrease': 0.05, 'min_samples_leaf': 5, 'min_samples_split': 4, 'n_estimators': 700}",0.9456936020153639,0.9619133455493944,0.9640066760003168,0.9491881984979181,0.9552004555157483,0.007892083212829139,14
619,6.109406411647797,0.6782797753837997,0.14178317785263062,0.017288491644070817,entropy,10,,50,0.05,5,4,500,"{'criterion': 'entropy', 'max_depth': 10, 'max_features': None, 'max_leaf_nodes': 50, 'min_impurity_decrease': 0.05, 'min_samples_leaf': 5, 'min_samples_split': 4, 'n_estimators': 500}",0.9456936020153639,0.9619133455493944,0.9640066760003168,0.9484826073206384,0.9550240577214284,0.008031153325482085,26
620,12.313513994216919,0.5933190840417435,0.280460000038147,0.041481112124398256,entropy,10,,50,0.05,5,4,1000,"{'criterion': 'entropy', 'max_depth': 10, 'max_features': None, 'max_leaf_nodes': 50, 'min_impurity_decrease': 0.05, 'min_samples_leaf': 5, 'min_samples_split': 4, 'n_estimators': 1000}",0.9456936020153639,0.9619133455493944,0.9640066760003168,0.9484826073206384,0.9550240577214284,0.008031153325482085,26
621,8.594218373298645,0.40712222328441744,0.2175595760345459,0.028558910941910126,entropy,10,,50,0.05,5,8,700,"{'criterion': 'entropy', 'max_depth': 10, 'max_features': None, 'max_leaf_nodes': 50, 'min_impurity_decrease': 0.05, 'min_samples_leaf': 5, 'min_samples_split': 8, 'n_estimators': 700}",0.9456936020153639,0.9619133455493944,0.9640066760003168,0.9484826073206384,0.9550240577214284,0.008031153325482085,26
622,6.026284277439117,0.3910369842226183,0.15742361545562744,0.03587315874543595,entropy,10,,50,0.05,5,8,500,"{'criterion': 'entropy', 'max_depth': 10, 'max_features': None, 'max_leaf_nodes': 50, 'min_impurity_decrease': 0.05, 'min_samples_leaf': 5, 'min_samples_split': 8, 'n_estimators': 500}",0.9456936020153639,0.9619133455493944,0.9640066760003168,0.9484826073206384,0.9550240577214284,0.008031153325482085,26
623,13.218715131282806,1.4864995425407086,0.3182262182235718,0.05206265908702179,entropy,10,,50,0.05,5,8,1000,"{'criterion': 'entropy', 'max_depth': 10, 'max_features': None, 'max_leaf_nodes': 50, 'min_impurity_decrease': 0.05, 'min_samples_leaf': 5, 'min_samples_split': 8, 'n_estimators': 1000}",0.9456936020153639,0.9619133455493944,0.9640066760003168,0.9484826073206384,0.9550240577214284,0.008031153325482085,26
624,8.503755688667297,1.333253162390158,0.20855116844177246,0.041502266628671756,entropy,10,,100,0.1,2,4,700,"{'criterion': 'entropy', 'max_depth': 10, 'max_features': None, 'max_leaf_nodes': 100, 'min_impurity_decrease': 0.1, 'min_samples_leaf': 2, 'min_samples_split': 4, 'n_estimators': 700}",0.8681470964645657,0.8879959206526955,0.8880350548707546,0.8793402256015709,0.8808795743973966,0.00815979279539547,512
625,5.449002623558044,0.7530180469151107,0.1424127221107483,0.025609149633689765,entropy,10,,100,0.1,2,4,500,"{'criterion': 'entropy', 'max_depth': 10, 'max_features': None, 'max_leaf_nodes': 100, 'min_impurity_decrease': 0.1, 'min_samples_leaf': 2, 'min_samples_split': 4, 'n_estimators': 500}",0.8681470964645657,0.8879959206526955,0.8880350548707546,0.8772999901395924,0.880369515531902,0.008302590897027005,522
626,12.122910797595978,1.204417531795149,0.27407288551330566,0.028345222636373405,entropy,10,,100,0.1,2,4,1000,"{'criterion': 'entropy', 'max_depth': 10, 'max_features': None, 'max_leaf_nodes': 100, 'min_impurity_decrease': 0.1, 'min_samples_leaf': 2, 'min_samples_split': 4, 'n_estimators': 1000}",0.8681470964645657,0.865457804016657,0.8880350548707546,0.8772999901395924,0.8747349863728924,0.008845019393507451,703
627,8.370946884155273,1.0082836731829596,0.17416948080062866,0.010176993618733796,entropy,10,,100,0.1,2,8,700,"{'criterion': 'entropy', 'max_depth': 10, 'max_features': None, 'max_leaf_nodes': 100, 'min_impurity_decrease': 0.1, 'min_samples_leaf': 2, 'min_samples_split': 8, 'n_estimators': 700}",0.8681470964645657,0.8661880065936227,0.8880350548707546,0.8793402256015709,0.8754275958826284,0.008840706638340017,666
628,5.685640811920166,1.3123706812859202,0.1567975878715515,0.03181422016395337,entropy,10,,100,0.1,2,8,500,"{'criterion': 'entropy', 'max_depth': 10, 'max_features': None, 'max_leaf_nodes': 100, 'min_impurity_decrease': 0.1, 'min_samples_leaf': 2, 'min_samples_split': 8, 'n_estimators': 500}",0.8681470964645657,0.8879959206526955,0.8880350548707546,0.8793402256015709,0.8808795743973966,0.00815979279539547,512
629,11.484093964099884,1.2500013129384084,0.2692166566848755,0.049141141087864465,entropy,10,,100,0.1,2,8,1000,"{'criterion': 'entropy', 'max_depth': 10, 'max_features': None, 'max_leaf_nodes': 100, 'min_impurity_decrease': 0.1, 'min_samples_leaf': 2, 'min_samples_split': 8, 'n_estimators': 1000}",0.8681470964645657,0.865457804016657,0.8880350548707546,0.8772999901395924,0.8747349863728924,0.008845019393507451,703
630,7.128275692462921,0.324647928115648,0.188309907913208,0.023741376353182797,entropy,10,,100,0.1,5,4,700,"{'criterion': 'entropy', 'max_depth': 10, 'max_features': None, 'max_leaf_nodes': 100, 'min_impurity_decrease': 0.1, 'min_samples_leaf': 5, 'min_samples_split': 4, 'n_estimators': 700}",0.8681470964645657,0.865457804016657,0.8880350548707546,0.8772999901395924,0.8747349863728924,0.008845019393507451,703
631,6.084452986717224,1.1271261130386852,0.1257873773574829,0.004698467823318754,entropy,10,,100,0.1,5,4,500,"{'criterion': 'entropy', 'max_depth': 10, 'max_features': None, 'max_leaf_nodes': 100, 'min_impurity_decrease': 0.1, 'min_samples_leaf': 5, 'min_samples_split': 4, 'n_estimators': 500}",0.8681470964645657,0.8879959206526955,0.8880350548707546,0.8800880088008802,0.881066520197224,0.008130898786500132,510
632,12.580218732357025,1.4242160759424312,0.32634973526000977,0.061322067051569874,entropy,10,,100,0.1,5,4,1000,"{'criterion': 'entropy', 'max_depth': 10, 'max_features': None, 'max_leaf_nodes': 100, 'min_impurity_decrease': 0.1, 'min_samples_leaf': 5, 'min_samples_split': 4, 'n_estimators': 1000}",0.8681470964645657,0.865457804016657,0.8880350548707546,0.8793402256015709,0.875245045238387,0.009035012674744667,671
633,8.145875990390778,1.474969942663036,0.17704951763153076,0.008518175045444637,entropy,10,,100,0.1,5,8,700,"{'criterion': 'entropy', 'max_depth': 10, 'max_features': None, 'max_leaf_nodes': 100, 'min_impurity_decrease': 0.1, 'min_samples_leaf': 5, 'min_samples_split': 8, 'n_estimators': 700}",0.8681470964645657,0.8916150729954904,0.8880350548707546,0.8793402256015709,0.8817843624830953,0.00905072999900323,507
634,5.622036635875702,0.5166819678117287,0.1604180932044983,0.023406505545480846,entropy,10,,100,0.1,5,8,500,"{'criterion': 'entropy', 'max_depth': 10, 'max_features': None, 'max_leaf_nodes': 100, 'min_impurity_decrease': 0.1, 'min_samples_leaf': 5, 'min_samples_split': 8, 'n_estimators': 500}",0.8681470964645657,0.8879959206526955,0.8880350548707546,0.8772999901395924,0.880369515531902,0.008302590897027005,522
635,11.893770158290863,1.2579929536091654,0.2759493589401245,0.04908107876286521,entropy,10,,100,0.1,5,8,1000,"{'criterion': 'entropy', 'max_depth': 10, 'max_features': None, 'max_leaf_nodes': 100, 'min_impurity_decrease': 0.1, 'min_samples_leaf': 5, 'min_samples_split': 8, 'n_estimators': 1000}",0.8681470964645657,0.865457804016657,0.8880350548707546,0.8793402256015709,0.875245045238387,0.009035012674744667,671
636,7.844813525676727,0.47457471926197986,0.21668696403503418,0.03245584928577751,entropy,10,,100,0.05,2,4,700,"{'criterion': 'entropy', 'max_depth': 10, 'max_features': None, 'max_leaf_nodes': 100, 'min_impurity_decrease': 0.05, 'min_samples_leaf': 2, 'min_samples_split': 4, 'n_estimators': 700}",0.9463995463995463,0.9619133455493944,0.9640066760003168,0.9491881984979181,0.9553769416117939,0.0076826274505921045,1
637,6.341654896736145,0.7709853339312278,0.1469067931175232,0.02141918790678351,entropy,10,,100,0.05,2,4,500,"{'criterion': 'entropy', 'max_depth': 10, 'max_features': None, 'max_leaf_nodes': 100, 'min_impurity_decrease': 0.05, 'min_samples_leaf': 2, 'min_samples_split': 4, 'n_estimators': 500}",0.9456936020153639,0.9619133455493944,0.9640066760003168,0.9484826073206384,0.9550240577214284,0.008031153325482085,26
638,12.53766530752182,1.6492122543237815,0.31584954261779785,0.043827220278760924,entropy,10,,100,0.05,2,4,1000,"{'criterion': 'entropy', 'max_depth': 10, 'max_features': None, 'max_leaf_nodes': 100, 'min_impurity_decrease': 0.05, 'min_samples_leaf': 2, 'min_samples_split': 4, 'n_estimators': 1000}",0.9456936020153639,0.9619133455493944,0.9640066760003168,0.9484826073206384,0.9550240577214284,0.008031153325482085,26
639,9.212896347045898,1.8131019179687349,0.21693366765975952,0.03241738653400733,entropy,10,,100,0.05,2,8,700,"{'criterion': 'entropy', 'max_depth': 10, 'max_features': None, 'max_leaf_nodes': 100, 'min_impurity_decrease': 0.05, 'min_samples_leaf': 2, 'min_samples_split': 8, 'n_estimators': 700}",0.9456936020153639,0.9619133455493944,0.9640066760003168,0.9491881984979181,0.9552004555157483,0.007892083212829139,14
640,7.593905687332153,1.0587386050639758,0.16291987895965576,0.040228244635958366,entropy,10,,100,0.05,2,8,500,"{'criterion': 'entropy', 'max_depth': 10, 'max_features': None, 'max_leaf_nodes': 100, 'min_impurity_decrease': 0.05, 'min_samples_leaf': 2, 'min_samples_split': 8, 'n_estimators': 500}",0.9456936020153639,0.9619133455493944,0.9640066760003168,0.9484826073206384,0.9550240577214284,0.008031153325482085,26
641,12.209533512592316,0.8961301373673973,0.255817174911499,0.011027107360987621,entropy,10,,100,0.05,2,8,1000,"{'criterion': 'entropy', 'max_depth': 10, 'max_features': None, 'max_leaf_nodes': 100, 'min_impurity_decrease': 0.05, 'min_samples_leaf': 2, 'min_samples_split': 8, 'n_estimators': 1000}",0.9463995463995463,0.9619133455493944,0.9640066760003168,0.9484826073206384,0.955200543817474,0.007829398084138713,3
642,8.438116431236267,0.29339175287495456,0.20443087816238403,0.029649978425235857,entropy,10,,100,0.05,5,4,700,"{'criterion': 'entropy', 'max_depth': 10, 'max_features': None, 'max_leaf_nodes': 100, 'min_impurity_decrease': 0.05, 'min_samples_leaf': 5, 'min_samples_split': 4, 'n_estimators': 700}",0.9456936020153639,0.9619133455493944,0.9640066760003168,0.9484826073206384,0.9550240577214284,0.008031153325482085,26
643,5.983898341655731,0.5148493481363582,0.1444067358970642,0.02381921809448548,entropy,10,,100,0.05,5,4,500,"{'criterion': 'entropy', 'max_depth': 10, 'max_features': None, 'max_leaf_nodes': 100, 'min_impurity_decrease': 0.05, 'min_samples_leaf': 5, 'min_samples_split': 4, 'n_estimators': 500}",0.9456936020153639,0.9619133455493944,0.9640066760003168,0.9484826073206384,0.9550240577214284,0.008031153325482085,26
644,12.635985851287842,1.6656538963310374,0.31496888399124146,0.04665800801524053,entropy,10,,100,0.05,5,4,1000,"{'criterion': 'entropy', 'max_depth': 10, 'max_features': None, 'max_leaf_nodes': 100, 'min_impurity_decrease': 0.05, 'min_samples_leaf': 5, 'min_samples_split': 4, 'n_estimators': 1000}",0.9463995463995463,0.9619133455493944,0.9640066760003168,0.9484826073206384,0.955200543817474,0.007829398084138713,3
645,9.074569702148438,1.4093733751720203,0.18179738521575928,0.0033475794400202228,entropy,10,,100,0.05,5,8,700,"{'criterion': 'entropy', 'max_depth': 10, 'max_features': None, 'max_leaf_nodes': 100, 'min_impurity_decrease': 0.05, 'min_samples_leaf': 5, 'min_samples_split': 8, 'n_estimators': 700}",0.9456936020153639,0.9619133455493944,0.9640066760003168,0.9484826073206384,0.9550240577214284,0.008031153325482085,26
646,7.044297754764557,1.106241928551988,0.1675472855567932,0.022647359694815673,entropy,10,,100,0.05,5,8,500,"{'criterion': 'entropy', 'max_depth': 10, 'max_features': None, 'max_leaf_nodes': 100, 'min_impurity_decrease': 0.05, 'min_samples_leaf': 5, 'min_samples_split': 8, 'n_estimators': 500}",0.9456936020153639,0.9619133455493944,0.9640066760003168,0.9491881984979181,0.9552004555157483,0.007892083212829139,14
647,13.781038641929626,2.248896930297175,0.30525100231170654,0.047566390777764124,entropy,10,,100,0.05,5,8,1000,"{'criterion': 'entropy', 'max_depth': 10, 'max_features': None, 'max_leaf_nodes': 100, 'min_impurity_decrease': 0.05, 'min_samples_leaf': 5, 'min_samples_split': 8, 'n_estimators': 1000}",0.9456936020153639,0.9619133455493944,0.9640066760003168,0.9491881984979181,0.9552004555157483,0.007892083212829139,14
648,3.2452648282051086,0.6982092182020875,0.20368242263793945,0.036884565968063006,entropy,30,sqrt,10,0.1,2,4,700,"{'criterion': 'entropy', 'max_depth': 30, 'max_features': 'sqrt', 'max_leaf_nodes': 10, 'min_impurity_decrease': 0.1, 'min_samples_leaf': 2, 'min_samples_split': 4, 'n_estimators': 700}",0.8850113729196367,0.8875100417737789,0.8947610349465064,0.8855862565290765,0.8882171765422496,0.0038897634689725917,467
649,2.2759584188461304,0.3116256431656657,0.14015823602676392,0.026345458361299343,entropy,30,sqrt,10,0.1,2,4,500,"{'criterion': 'entropy', 'max_depth': 30, 'max_features': 'sqrt', 'max_leaf_nodes': 10, 'min_impurity_decrease': 0.1, 'min_samples_leaf': 2, 'min_samples_split': 4, 'n_estimators': 500}",0.8842883025223042,0.8875100417737789,0.8919432002440237,0.8855862565290765,0.8873319502672959,0.002898559174650634,489
650,4.641257286071777,0.7754458344775859,0.3015836477279663,0.029167999857950343,entropy,30,sqrt,10,0.1,2,4,1000,"{'criterion': 'entropy', 'max_depth': 30, 'max_features': 'sqrt', 'max_leaf_nodes': 10, 'min_impurity_decrease': 0.1, 'min_samples_leaf': 2, 'min_samples_split': 4, 'n_estimators': 1000}",0.8842883025223042,0.8896912871725406,0.8919432002440237,0.8855862565290765,0.8878772616169862,0.0030802547512815154,476
651,2.964069962501526,0.15654802981882243,0.18355703353881836,0.010597294181535068,entropy,30,sqrt,10,0.1,2,8,700,"{'criterion': 'entropy', 'max_depth': 30, 'max_features': 'sqrt', 'max_leaf_nodes': 10, 'min_impurity_decrease': 0.1, 'min_samples_leaf': 2, 'min_samples_split': 8, 'n_estimators': 700}",0.8850113729196367,0.8955209741471476,0.9034300008819544,0.8834680573663625,0.8918576013287752,0.008133203906704934,297
652,2.7273609042167664,0.40648825186918885,0.15004509687423706,0.022920840495070427,entropy,30,sqrt,10,0.1,2,8,500,"{'criterion': 'entropy', 'max_depth': 30, 'max_features': 'sqrt', 'max_leaf_nodes': 10, 'min_impurity_decrease': 0.1, 'min_samples_leaf': 2, 'min_samples_split': 8, 'n_estimators': 500}",0.8842883025223042,0.8875100417737789,0.8969319620022986,0.8848619270030817,0.8883980583253659,0.005074702031949686,462
653,4.773007035255432,0.6755935131699069,0.2518448233604431,0.01576376572907485,entropy,30,sqrt,10,0.1,2,8,1000,"{'criterion': 'entropy', 'max_depth': 30, 'max_features': 'sqrt', 'max_leaf_nodes': 10, 'min_impurity_decrease': 0.1, 'min_samples_leaf': 2, 'min_samples_split': 8, 'n_estimators': 1000}",0.8842883025223042,0.8875100417737789,0.901987850354866,0.8877575371090067,0.890385932939989,0.006836753598318988,380
654,3.904213070869446,0.7217574563786542,0.2569686770439148,0.0018660415954092362,entropy,30,sqrt,10,0.1,5,4,700,"{'criterion': 'entropy', 'max_depth': 30, 'max_features': 'sqrt', 'max_leaf_nodes': 10, 'min_impurity_decrease': 0.1, 'min_samples_leaf': 5, 'min_samples_split': 4, 'n_estimators': 700}",0.8828136151977173,0.8875100417737789,0.9027090553262719,0.8892036569228919,0.890559092305165,0.007395064760614421,371
655,2.1874913573265076,0.10390591000976214,0.13216900825500488,0.0030348394725902466,entropy,30,sqrt,10,0.1,5,4,500,"{'criterion': 'entropy', 'max_depth': 30, 'max_features': 'sqrt', 'max_leaf_nodes': 10, 'min_impurity_decrease': 0.1, 'min_samples_leaf': 5, 'min_samples_split': 4, 'n_estimators': 500}",0.8842883025223042,0.8860543090234461,0.901987850354866,0.8892036569228919,0.890383529705877,0.006927234362376034,381
656,4.626001715660095,0.35167247178311845,0.29746437072753906,0.05484794243001573,entropy,30,sqrt,10,0.1,5,4,1000,"{'criterion': 'entropy', 'max_depth': 30, 'max_features': 'sqrt', 'max_leaf_nodes': 10, 'min_impurity_decrease': 0.1, 'min_samples_leaf': 5, 'min_samples_split': 4, 'n_estimators': 1000}",0.8958250767270906,0.8875100417737789,0.8969319620022986,0.8855862565290765,0.8914633342580612,0.004977430332761783,320
657,3.0919135212898254,0.14819445539409995,0.18092799186706543,0.012813057979862943,entropy,30,sqrt,10,0.1,5,8,700,"{'criterion': 'entropy', 'max_depth': 30, 'max_features': 'sqrt', 'max_leaf_nodes': 10, 'min_impurity_decrease': 0.1, 'min_samples_leaf': 5, 'min_samples_split': 8, 'n_estimators': 700}",0.8842883025223042,0.8940727315570329,0.8919432002440237,0.888480735558248,0.8896962424704021,0.0037055953468223303,418
658,3.0844197869300842,0.5247086149038386,0.1903197169303894,0.03703133002952605,entropy,30,sqrt,10,0.1,5,8,500,"{'criterion': 'entropy', 'max_depth': 30, 'max_features': 'sqrt', 'max_leaf_nodes': 10, 'min_impurity_decrease': 0.1, 'min_samples_leaf': 5, 'min_samples_split': 8, 'n_estimators': 500}",0.882089280096818,0.8875100417737789,0.8919432002440237,0.888480735558248,0.8875058144182172,0.003534817043418888,488
659,4.799514174461365,0.44364348710444623,0.25820744037628174,0.01024526516383087,entropy,30,sqrt,10,0.1,5,8,1000,"{'criterion': 'entropy', 'max_depth': 30, 'max_features': 'sqrt', 'max_leaf_nodes': 10, 'min_impurity_decrease': 0.1, 'min_samples_leaf': 5, 'min_samples_split': 8, 'n_estimators': 1000}",0.8828136151977173,0.8875100417737789,0.8933388867701078,0.8855862565290765,0.8873122000676702,0.0038592823452228853,494
660,3.5818835496902466,0.27253821532660244,0.21408367156982422,0.04845811397166639,entropy,30,sqrt,10,0.05,2,4,700,"{'criterion': 'entropy', 'max_depth': 30, 'max_features': 'sqrt', 'max_leaf_nodes': 10, 'min_impurity_decrease': 0.05, 'min_samples_leaf': 2, 'min_samples_split': 4, 'n_estimators': 700}",0.8904465329335796,0.9005572241780393,0.9215429531717872,0.891844202491862,0.9010977281938171,0.012423516685899933,198
661,2.695967674255371,0.4989874875851543,0.1484227180480957,0.03333628347070958,entropy,30,sqrt,10,0.05,2,4,500,"{'criterion': 'entropy', 'max_depth': 30, 'max_features': 'sqrt', 'max_leaf_nodes': 10, 'min_impurity_decrease': 0.05, 'min_samples_leaf': 2, 'min_samples_split': 4, 'n_estimators': 500}",0.8904316779521856,0.8889645161096019,0.9278651510432887,0.894695340036998,0.9004891712855185,0.01594509013229459,201
662,5.185561716556549,0.5387169617419094,0.3169989585876465,0.05331865478051581,entropy,30,sqrt,10,0.05,2,4,1000,"{'criterion': 'entropy', 'max_depth': 30, 'max_features': 'sqrt', 'max_leaf_nodes': 10, 'min_impurity_decrease': 0.05, 'min_samples_leaf': 2, 'min_samples_split': 4, 'n_estimators': 1000}",0.8911460046857085,0.9156844374823554,0.920129312688396,0.8932580037664783,0.9050544396557345,0.012969667630182397,168
663,4.558964788913727,0.8848871759999997,0.2440783977508545,0.031371709339124705,entropy,30,sqrt,10,0.05,2,8,700,"{'criterion': 'entropy', 'max_depth': 30, 'max_features': 'sqrt', 'max_leaf_nodes': 10, 'min_impurity_decrease': 0.05, 'min_samples_leaf': 2, 'min_samples_split': 8, 'n_estimators': 700}",0.8876341328851896,0.9178488308211721,0.9306557606263981,0.8835479422400039,0.9049216666431908,0.01990634374463609,170
664,2.356893479824066,0.08508858022927351,0.13791793584823608,0.009503137834405751,entropy,30,sqrt,10,0.05,2,8,500,"{'criterion': 'entropy', 'max_depth': 30, 'max_features': 'sqrt', 'max_leaf_nodes': 10, 'min_impurity_decrease': 0.05, 'min_samples_leaf': 2, 'min_samples_split': 8, 'n_estimators': 500}",0.9011364428641149,0.9101142551106838,0.9278556454028152,0.9094279322467242,0.9121335689060845,0.009740618159141486,84
665,5.677359044551849,0.8385143042974149,0.3071131706237793,0.057205385081051996,entropy,30,sqrt,10,0.05,2,8,1000,"{'criterion': 'entropy', 'max_depth': 30, 'max_features': 'sqrt', 'max_leaf_nodes': 10, 'min_impurity_decrease': 0.05, 'min_samples_leaf': 2, 'min_samples_split': 8, 'n_estimators': 1000}",0.8932737191804548,0.9130640229085825,0.920129312688396,0.8821013272384619,0.9021420955039738,0.015191354215133493,188
666,3.089341878890991,0.1699804460502217,0.19419455528259277,0.003503842718092524,entropy,30,sqrt,10,0.05,5,4,700,"{'criterion': 'entropy', 'max_depth': 30, 'max_features': 'sqrt', 'max_leaf_nodes': 10, 'min_impurity_decrease': 0.05, 'min_samples_leaf': 5, 'min_samples_split': 4, 'n_estimators': 700}",0.8904749209544762,0.9150002397736536,0.9258074119285584,0.9093721768745553,0.910163687382811,0.012810077761734975,98
667,2.4901787638664246,0.16981992722908704,0.16694235801696777,0.03546415634156217,entropy,30,sqrt,10,0.05,5,4,500,"{'criterion': 'entropy', 'max_depth': 30, 'max_features': 'sqrt', 'max_leaf_nodes': 10, 'min_impurity_decrease': 0.05, 'min_samples_leaf': 5, 'min_samples_split': 4, 'n_estimators': 500}",0.8918454627528025,0.8875100417737789,0.9257386826171567,0.9037671780121445,0.9022153412889706,0.014828486092181816,187
668,5.362692415714264,0.8714685489692439,0.3327293395996094,0.042545836347577394,entropy,30,sqrt,10,0.05,5,4,1000,"{'criterion': 'entropy', 'max_depth': 30, 'max_features': 'sqrt', 'max_leaf_nodes': 10, 'min_impurity_decrease': 0.05, 'min_samples_leaf': 5, 'min_samples_split': 4, 'n_estimators': 1000}",0.8918454627528025,0.9156844374823554,0.9285676851841222,0.9058689494549009,0.9104916337185452,0.01344207711814548,95
669,3.993568539619446,0.8254554198044868,0.20631641149520874,0.024719250611138593,entropy,30,sqrt,10,0.05,5,8,700,"{'criterion': 'entropy', 'max_depth': 30, 'max_features': 'sqrt', 'max_leaf_nodes': 10, 'min_impurity_decrease': 0.05, 'min_samples_leaf': 5, 'min_samples_split': 8, 'n_estimators': 700}",0.8904465329335796,0.902001201923077,0.9271531839006395,0.8925572671402346,0.9030395464743826,0.014586019328539894,180
670,2.8516672253608704,0.5512510398889704,0.15143132209777832,0.02483445138667385,entropy,30,sqrt,10,0.05,5,8,500,"{'criterion': 'entropy', 'max_depth': 30, 'max_features': 'sqrt', 'max_leaf_nodes': 10, 'min_impurity_decrease': 0.05, 'min_samples_leaf': 5, 'min_samples_split': 8, 'n_estimators': 500}",0.8911605448252763,0.9192799047649485,0.927143438336915,0.8960856063157107,0.9084173735607126,0.015153635764682108,120
671,5.136608362197876,0.44300166599675805,0.26321858167648315,0.008133370549296132,entropy,30,sqrt,10,0.05,5,8,1000,"{'criterion': 'entropy', 'max_depth': 30, 'max_features': 'sqrt', 'max_leaf_nodes': 10, 'min_impurity_decrease': 0.05, 'min_samples_leaf': 5, 'min_samples_split': 8, 'n_estimators': 1000}",0.8904609471522289,0.9164476207216132,0.9271531839006395,0.9080127436880792,0.9105186238656402,0.013420613081004807,93
672,3.5150752663612366,0.7144866125635739,0.20081448554992676,0.022812325846482028,entropy,30,sqrt,50,0.1,2,4,700,"{'criterion': 'entropy', 'max_depth': 30, 'max_features': 'sqrt', 'max_leaf_nodes': 50, 'min_impurity_decrease': 0.1, 'min_samples_leaf': 2, 'min_samples_split': 4, 'n_estimators': 700}",0.8842883025223042,0.8875100417737789,0.9012887495646116,0.886310299869622,0.8898493484325792,0.0067041470421412945,407
673,2.132647395133972,0.09850966616771474,0.1390412449836731,0.013088407224822721,entropy,30,sqrt,50,0.1,2,4,500,"{'criterion': 'entropy', 'max_depth': 30, 'max_features': 'sqrt', 'max_leaf_nodes': 50, 'min_impurity_decrease': 0.1, 'min_samples_leaf': 2, 'min_samples_split': 4, 'n_estimators': 500}",0.8951267290317423,0.8875100417737789,0.9027090553262719,0.888480735558248,0.8934566404225103,0.006093398932888748,233
674,5.764251172542572,0.8107276300008781,0.33874571323394775,0.057653567010864555,entropy,30,sqrt,50,0.1,2,4,1000,"{'criterion': 'entropy', 'max_depth': 30, 'max_features': 'sqrt', 'max_leaf_nodes': 50, 'min_impurity_decrease': 0.1, 'min_samples_leaf': 2, 'min_samples_split': 4, 'n_estimators': 1000}",0.8936451076749531,0.8861174524201045,0.8919432002440237,0.8892036569228919,0.8902273543154934,0.002853261958613866,389
675,3.87923663854599,0.8946637521540045,0.23496103286743164,0.07260875523184618,entropy,30,sqrt,50,0.1,2,8,700,"{'criterion': 'entropy', 'max_depth': 30, 'max_features': 'sqrt', 'max_leaf_nodes': 50, 'min_impurity_decrease': 0.1, 'min_samples_leaf': 2, 'min_samples_split': 8, 'n_estimators': 700}",0.8996911366172486,0.8875100417737789,0.8933906731510015,0.8855862565290765,0.8915445270177764,0.005512566596241282,314
676,2.0758736729621887,0.02564759809284668,0.135817289352417,0.0036958990445238576,entropy,30,sqrt,50,0.1,2,8,500,"{'criterion': 'entropy', 'max_depth': 30, 'max_features': 'sqrt', 'max_leaf_nodes': 50, 'min_impurity_decrease': 0.1, 'min_samples_leaf': 2, 'min_samples_split': 8, 'n_estimators': 500}",0.8828136151977173,0.8882374350826199,0.9005446531345629,0.8855862565290765,0.8892954899859942,0.006771932245129297,435
677,5.08678811788559,1.0630195693713376,0.3079824447631836,0.08139388938022193,entropy,30,sqrt,50,0.1,2,8,1000,"{'criterion': 'entropy', 'max_depth': 30, 'max_features': 'sqrt', 'max_leaf_nodes': 50, 'min_impurity_decrease': 0.1, 'min_samples_leaf': 2, 'min_samples_split': 8, 'n_estimators': 1000}",0.895105971638267,0.8940727315570329,0.8947610349465064,0.8848619270030817,0.892200416286222,0.004253175556548013,285
678,3.0499306321144104,0.1334710019071401,0.18032503128051758,0.016403532491753532,entropy,30,sqrt,50,0.1,5,4,700,"{'criterion': 'entropy', 'max_depth': 30, 'max_features': 'sqrt', 'max_leaf_nodes': 50, 'min_impurity_decrease': 0.1, 'min_samples_leaf': 5, 'min_samples_split': 4, 'n_estimators': 700}",0.8828136151977173,0.8875100417737789,0.8919432002440237,0.8877575371090067,0.8875060985811316,0.003231505390391911,487
679,2.4674296975135803,0.5641876085012341,0.15830457210540771,0.0290666022396296,entropy,30,sqrt,50,0.1,5,4,500,"{'criterion': 'entropy', 'max_depth': 30, 'max_features': 'sqrt', 'max_leaf_nodes': 50, 'min_impurity_decrease': 0.1, 'min_samples_leaf': 5, 'min_samples_split': 4, 'n_estimators': 500}",0.8864818995468883,0.8911439086619151,0.8962086002343913,0.8834680573663625,0.8893256164523893,0.004823882683779025,433
680,5.042439341545105,0.477351874251037,0.2781010866165161,0.03748651627632513,entropy,30,sqrt,50,0.1,5,4,1000,"{'criterion': 'entropy', 'max_depth': 30, 'max_features': 'sqrt', 'max_leaf_nodes': 50, 'min_impurity_decrease': 0.1, 'min_samples_leaf': 5, 'min_samples_split': 4, 'n_estimators': 1000}",0.8828136151977173,0.894796997064438,0.8969319620022986,0.8855862565290765,0.8900322076983826,0.005962054734900513,400
681,3.5225058794021606,0.4509833803365807,0.20243752002716064,0.0330081368616386,entropy,30,sqrt,50,0.1,5,8,700,"{'criterion': 'entropy', 'max_depth': 30, 'max_features': 'sqrt', 'max_leaf_nodes': 50, 'min_impurity_decrease': 0.1, 'min_samples_leaf': 5, 'min_samples_split': 8, 'n_estimators': 700}",0.8842883025223042,0.8875100417737789,0.8948370273794003,0.888480735558248,0.8887790268084329,0.0038263976603321154,444
682,2.1113561391830444,0.018343737295560516,0.13580697774887085,0.004295294519686229,entropy,30,sqrt,50,0.1,5,8,500,"{'criterion': 'entropy', 'max_depth': 30, 'max_features': 'sqrt', 'max_leaf_nodes': 50, 'min_impurity_decrease': 0.1, 'min_samples_leaf': 5, 'min_samples_split': 8, 'n_estimators': 500}",0.8828136151977173,0.8875100417737789,0.9020098538361008,0.8953337485726149,0.891916814845053,0.007345623950596719,296
683,5.68666797876358,0.7516091690773781,0.342464804649353,0.052462249596282394,entropy,30,sqrt,50,0.1,5,8,1000,"{'criterion': 'entropy', 'max_depth': 30, 'max_features': 'sqrt', 'max_leaf_nodes': 50, 'min_impurity_decrease': 0.1, 'min_samples_leaf': 5, 'min_samples_split': 8, 'n_estimators': 1000}",0.8842883025223042,0.8875100417737789,0.8919432002440237,0.888480735558248,0.8880555700245888,0.0027287515442174764,470
684,3.6581576466560364,0.7233908598716035,0.19343256950378418,0.022497561775987548,entropy,30,sqrt,50,0.05,2,4,700,"{'criterion': 'entropy', 'max_depth': 30, 'max_features': 'sqrt', 'max_leaf_nodes': 50, 'min_impurity_decrease': 0.05, 'min_samples_leaf': 2, 'min_samples_split': 4, 'n_estimators': 700}",0.8911460046857085,0.9150002397736536,0.9208316705243835,0.896798427647857,0.9059440856579006,0.012311380623443814,160
685,2.3769456148147583,0.2228273790994378,0.1550498604774475,0.019149734427359184,entropy,30,sqrt,50,0.05,2,4,500,"{'criterion': 'entropy', 'max_depth': 30, 'max_features': 'sqrt', 'max_leaf_nodes': 50, 'min_impurity_decrease': 0.05, 'min_samples_leaf': 2, 'min_samples_split': 4, 'n_estimators': 500}",0.8925879634889975,0.8897209532195873,0.9278556454028152,0.891844202491862,0.9005021911508155,0.015827526006515078,200
686,5.185804009437561,0.5225234130875311,0.2878319025039673,0.04606846497905528,entropy,30,sqrt,50,0.05,2,4,1000,"{'criterion': 'entropy', 'max_depth': 30, 'max_features': 'sqrt', 'max_leaf_nodes': 50, 'min_impurity_decrease': 0.05, 'min_samples_leaf': 2, 'min_samples_split': 4, 'n_estimators': 1000}",0.8925596929365435,0.9171482034694621,0.9201202279841857,0.9030524671983252,0.9082201478971291,0.011104918457133633,123
687,3.6636581420898438,0.8645811818546467,0.20794212818145752,0.03881114447794941,entropy,30,sqrt,50,0.05,2,8,700,"{'criterion': 'entropy', 'max_depth': 30, 'max_features': 'sqrt', 'max_leaf_nodes': 50, 'min_impurity_decrease': 0.05, 'min_samples_leaf': 2, 'min_samples_split': 8, 'n_estimators': 700}",0.8953108787612739,0.9163848244982811,0.9208316705243835,0.9037529516587223,0.9090700813606651,0.010117163279098725,110
688,2.2835784554481506,0.08002293951590123,0.13418048620224,0.0033787345635041557,entropy,30,sqrt,50,0.05,2,8,500,"{'criterion': 'entropy', 'max_depth': 30, 'max_features': 'sqrt', 'max_leaf_nodes': 50, 'min_impurity_decrease': 0.05, 'min_samples_leaf': 2, 'min_samples_split': 8, 'n_estimators': 500}",0.9018374781801023,0.9221782506221549,0.9186968545953202,0.9065695618294072,0.9123205363067461,0.008378546735070115,82
689,5.348577618598938,0.7323748455501392,0.29185259342193604,0.006754654265518046,entropy,30,sqrt,50,0.05,2,8,1000,"{'criterion': 'entropy', 'max_depth': 30, 'max_features': 'sqrt', 'max_leaf_nodes': 50, 'min_impurity_decrease': 0.05, 'min_samples_leaf': 2, 'min_samples_split': 8, 'n_estimators': 1000}",0.8911460046857085,0.9171482034694621,0.920129312688396,0.905196000894726,0.9084048804345732,0.011424466173337177,121
690,3.846255123615265,0.6574165051309926,0.21995747089385986,0.03741602164207804,entropy,30,sqrt,50,0.05,5,4,700,"{'criterion': 'entropy', 'max_depth': 30, 'max_features': 'sqrt', 'max_leaf_nodes': 50, 'min_impurity_decrease': 0.05, 'min_samples_leaf': 5, 'min_samples_split': 4, 'n_estimators': 700}",0.8904465329335796,0.9156679192552637,0.9250970434172049,0.9058689494549009,0.9092701112652373,0.012819113964002898,108
691,2.2742440700531006,0.11244780300615295,0.13991892337799072,0.005127119930197815,entropy,30,sqrt,50,0.05,5,4,500,"{'criterion': 'entropy', 'max_depth': 30, 'max_features': 'sqrt', 'max_leaf_nodes': 50, 'min_impurity_decrease': 0.05, 'min_samples_leaf': 5, 'min_samples_split': 4, 'n_estimators': 500}",0.9032498885660001,0.8868137081409972,0.9258074119285584,0.908726946804447,0.9061494888600007,0.013922619425803799,157
692,5.600789964199066,0.3941072909899933,0.28584760427474976,0.018279289352624337,entropy,30,sqrt,50,0.05,5,4,1000,"{'criterion': 'entropy', 'max_depth': 30, 'max_features': 'sqrt', 'max_leaf_nodes': 50, 'min_impurity_decrease': 0.05, 'min_samples_leaf': 5, 'min_samples_split': 4, 'n_estimators': 1000}",0.8988554939532472,0.9150002397736536,0.9278556454028152,0.9044677596479848,0.9115447846944252,0.011057652665407312,86
693,4.036769211292267,0.6184787149255833,0.21244829893112183,0.012823327033357855,entropy,30,sqrt,50,0.05,5,8,700,"{'criterion': 'entropy', 'max_depth': 30, 'max_features': 'sqrt', 'max_leaf_nodes': 50, 'min_impurity_decrease': 0.05, 'min_samples_leaf': 5, 'min_samples_split': 8, 'n_estimators': 700}",0.9009697501795833,0.9013026812249161,0.9250162745466091,0.9080127436880792,0.9088253624097968,0.009760985615316976,115
694,2.3346341848373413,0.21777320529029914,0.14655852317810059,0.011885853727659,entropy,30,sqrt,50,0.05,5,8,500,"{'criterion': 'entropy', 'max_depth': 30, 'max_features': 'sqrt', 'max_leaf_nodes': 50, 'min_impurity_decrease': 0.05, 'min_samples_leaf': 5, 'min_samples_split': 8, 'n_estimators': 500}",0.9065346265699403,0.8889645161096019,0.9299430237418554,0.8828247746630282,0.9020667352711065,0.01829597432880755,190
695,5.282879412174225,0.9357328497451318,0.3363726735115051,0.056161348509416446,entropy,30,sqrt,50,0.05,5,8,1000,"{'criterion': 'entropy', 'max_depth': 30, 'max_features': 'sqrt', 'max_leaf_nodes': 50, 'min_impurity_decrease': 0.05, 'min_samples_leaf': 5, 'min_samples_split': 8, 'n_estimators': 1000}",0.9036669384101408,0.9178488308211721,0.9208316705243835,0.8960856063157107,0.9096082615178518,0.010149303130719588,105
696,3.4728023409843445,0.5112655177631639,0.2257128357887268,0.020328876701313864,entropy,30,sqrt,100,0.1,2,4,700,"{'criterion': 'entropy', 'max_depth': 30, 'max_features': 'sqrt', 'max_leaf_nodes': 100, 'min_impurity_decrease': 0.1, 'min_samples_leaf': 2, 'min_samples_split': 4, 'n_estimators': 700}",0.8828136151977173,0.8940727315570329,0.8933906731510015,0.8855862565290765,0.8889658191087071,0.004871625607600409,439
697,2.6849018931388855,0.4131576120531684,0.16368204355239868,0.04014951341271602,entropy,30,sqrt,100,0.1,2,4,500,"{'criterion': 'entropy', 'max_depth': 30, 'max_features': 'sqrt', 'max_leaf_nodes': 100, 'min_impurity_decrease': 0.1, 'min_samples_leaf': 2, 'min_samples_split': 4, 'n_estimators': 500}",0.895105971638267,0.8860543090234461,0.8919432002440237,0.888480735558248,0.8903960541159962,0.0034313328253902232,378
698,4.912367284297943,0.6047128774602476,0.29724007844924927,0.043254054051174724,entropy,30,sqrt,100,0.1,2,4,1000,"{'criterion': 'entropy', 'max_depth': 30, 'max_features': 'sqrt', 'max_leaf_nodes': 100, 'min_impurity_decrease': 0.1, 'min_samples_leaf': 2, 'min_samples_split': 4, 'n_estimators': 1000}",0.8835376602564102,0.8875100417737789,0.8969319620022986,0.8834124002632888,0.8878480160739441,0.00549741200817085,479
699,3.4759886264801025,0.2486607580721055,0.19594216346740723,0.02813679455939796,entropy,30,sqrt,100,0.1,2,8,700,"{'criterion': 'entropy', 'max_depth': 30, 'max_features': 'sqrt', 'max_leaf_nodes': 100, 'min_impurity_decrease': 0.1, 'min_samples_leaf': 2, 'min_samples_split': 8, 'n_estimators': 700}",0.8828136151977173,0.8875100417737789,0.8933123321005649,0.8870340593040729,0.8876675120940334,0.0037366551662240564,481
700,2.4422179460525513,0.5050265116851537,0.1380329728126526,0.011803577312265936,entropy,30,sqrt,100,0.1,2,8,500,"{'criterion': 'entropy', 'max_depth': 30, 'max_features': 'sqrt', 'max_leaf_nodes': 100, 'min_impurity_decrease': 0.1, 'min_samples_leaf': 2, 'min_samples_split': 8, 'n_estimators': 500}",0.8842883025223042,0.8875100417737789,0.8954849586428534,0.8877575371090067,0.8887602100119858,0.004116687816643857,448
701,4.87639582157135,1.0865997276420596,0.3059844374656677,0.0470823813880613,entropy,30,sqrt,100,0.1,2,8,1000,"{'criterion': 'entropy', 'max_depth': 30, 'max_features': 'sqrt', 'max_leaf_nodes': 100, 'min_impurity_decrease': 0.1, 'min_samples_leaf': 2, 'min_samples_split': 8, 'n_estimators': 1000}",0.8842883025223042,0.894796997064438,0.8940629852910555,0.8877575371090067,0.8902264554967012,0.004386514272113313,390
702,3.7616224884986877,0.629614113408787,0.1994372010231018,0.040536556334075345,entropy,30,sqrt,100,0.1,5,4,700,"{'criterion': 'entropy', 'max_depth': 30, 'max_features': 'sqrt', 'max_leaf_nodes': 100, 'min_impurity_decrease': 0.1, 'min_samples_leaf': 5, 'min_samples_split': 4, 'n_estimators': 700}",0.8842883025223042,0.8911439086619151,0.8919432002440237,0.8870340593040729,0.888602367683079,0.0031101182505832298,451
703,2.576034426689148,0.36838806488591336,0.14779257774353027,0.01577172602385689,entropy,30,sqrt,100,0.1,5,4,500,"{'criterion': 'entropy', 'max_depth': 30, 'max_features': 'sqrt', 'max_leaf_nodes': 100, 'min_impurity_decrease': 0.1, 'min_samples_leaf': 5, 'min_samples_split': 4, 'n_estimators': 500}",0.8842883025223042,0.8896912871725406,0.9012663837108056,0.886310299869622,0.890389068318818,0.006569980670271038,379
704,4.536628723144531,0.25119328333131224,0.29324454069137573,0.049227107157381364,entropy,30,sqrt,100,0.1,5,4,1000,"{'criterion': 'entropy', 'max_depth': 30, 'max_features': 'sqrt', 'max_leaf_nodes': 100, 'min_impurity_decrease': 0.1, 'min_samples_leaf': 5, 'min_samples_split': 4, 'n_estimators': 1000}",0.8828136151977173,0.8882374350826199,0.8919432002440237,0.8848619270030817,0.8869640443818606,0.0034662110749075262,497
705,3.9470385313034058,0.586176694556842,0.21946632862091064,0.03987144933014141,entropy,30,sqrt,100,0.1,5,8,700,"{'criterion': 'entropy', 'max_depth': 30, 'max_features': 'sqrt', 'max_leaf_nodes': 100, 'min_impurity_decrease': 0.1, 'min_samples_leaf': 5, 'min_samples_split': 8, 'n_estimators': 700}",0.8958250767270906,0.8911439086619151,0.8954849586428534,0.8855862565290765,0.8920100501402339,0.004142606135611101,291
706,2.3990878462791443,0.34381385342412407,0.1307905912399292,0.013389131060833753,entropy,30,sqrt,100,0.1,5,8,500,"{'criterion': 'entropy', 'max_depth': 30, 'max_features': 'sqrt', 'max_leaf_nodes': 100, 'min_impurity_decrease': 0.1, 'min_samples_leaf': 5, 'min_samples_split': 8, 'n_estimators': 500}",0.8828136151977173,0.8896912871725406,0.9027090553262719,0.8834680573663625,0.8896705037657231,0.007992051065247245,422
707,4.807621717453003,0.9620538576338266,0.27434349060058594,0.04078712606057721,entropy,30,sqrt,100,0.1,5,8,1000,"{'criterion': 'entropy', 'max_depth': 30, 'max_features': 'sqrt', 'max_leaf_nodes': 100, 'min_impurity_decrease': 0.1, 'min_samples_leaf': 5, 'min_samples_split': 8, 'n_estimators': 1000}",0.895105971638267,0.8860543090234461,0.9005446531345629,0.8855862565290765,0.8918227975813381,0.0063051546515229175,300
708,3.9842804074287415,0.8092589446218722,0.21781820058822632,0.03475616093075191,entropy,30,sqrt,100,0.05,2,4,700,"{'criterion': 'entropy', 'max_depth': 30, 'max_features': 'sqrt', 'max_leaf_nodes': 100, 'min_impurity_decrease': 0.05, 'min_samples_leaf': 2, 'min_samples_split': 4, 'n_estimators': 700}",0.8933013746072639,0.8868137081409972,0.9257185136813033,0.9030524671983252,0.9022215159069724,0.014745921855003865,186
709,2.4261104464530945,0.14362049260548432,0.15743547677993774,0.024514783799911222,entropy,30,sqrt,100,0.05,2,4,500,"{'criterion': 'entropy', 'max_depth': 30, 'max_features': 'sqrt', 'max_leaf_nodes': 100, 'min_impurity_decrease': 0.05, 'min_samples_leaf': 2, 'min_samples_split': 4, 'n_estimators': 500}",0.8960573852034137,0.9157006123298259,0.9285676851841222,0.891844202491862,0.9080424713023061,0.014882521041014432,127
710,5.275872588157654,0.9840745748468613,0.31210803985595703,0.040391806839223825,entropy,30,sqrt,100,0.05,2,4,1000,"{'criterion': 'entropy', 'max_depth': 30, 'max_features': 'sqrt', 'max_leaf_nodes': 100, 'min_impurity_decrease': 0.05, 'min_samples_leaf': 2, 'min_samples_split': 4, 'n_estimators': 1000}",0.8904316779521856,0.9164010336206501,0.9208316705243835,0.9044677596479848,0.9080330354363011,0.011793509130678052,130
711,4.022557318210602,0.7086822988435657,0.2214476466178894,0.03171809761910441,entropy,30,sqrt,100,0.05,2,8,700,"{'criterion': 'entropy', 'max_depth': 30, 'max_features': 'sqrt', 'max_leaf_nodes': 100, 'min_impurity_decrease': 0.05, 'min_samples_leaf': 2, 'min_samples_split': 8, 'n_estimators': 700}",0.8981077844311377,0.8911727394619584,0.927143438336915,0.908726946804447,0.9062877272586145,0.013567284154614095,156
712,2.874177634716034,0.6506846771197121,0.159804105758667,0.02475730058233281,entropy,30,sqrt,100,0.05,2,8,500,"{'criterion': 'entropy', 'max_depth': 30, 'max_features': 'sqrt', 'max_leaf_nodes': 100, 'min_impurity_decrease': 0.05, 'min_samples_leaf': 2, 'min_samples_split': 8, 'n_estimators': 500}",0.9037194580075687,0.8896912871725406,0.9278651510432887,0.896798427647857,0.9045185809678138,0.014362715101693317,172
713,5.233031809329987,0.8444546993384504,0.26836276054382324,0.029712972698806912,entropy,30,sqrt,100,0.05,2,8,1000,"{'criterion': 'entropy', 'max_depth': 30, 'max_features': 'sqrt', 'max_leaf_nodes': 100, 'min_impurity_decrease': 0.05, 'min_samples_leaf': 2, 'min_samples_split': 8, 'n_estimators': 1000}",0.8967414616239423,0.8889645161096019,0.929288594355064,0.8925572671402346,0.9018879598072107,0.01605738490404196,192
714,3.283325433731079,0.1292659281831538,0.19518589973449707,0.02227540661914068,entropy,30,sqrt,100,0.05,5,4,700,"{'criterion': 'entropy', 'max_depth': 30, 'max_features': 'sqrt', 'max_leaf_nodes': 100, 'min_impurity_decrease': 0.05, 'min_samples_leaf': 5, 'min_samples_split': 4, 'n_estimators': 700}",0.8981559621496418,0.8882374350826199,0.927143438336915,0.8939460165016107,0.9018707130176968,0.015009805971426591,194
715,2.6200570464134216,0.514494456430133,0.1376670002937317,0.003578082342601107,entropy,30,sqrt,100,0.05,5,4,500,"{'criterion': 'entropy', 'max_depth': 30, 'max_features': 'sqrt', 'max_leaf_nodes': 100, 'min_impurity_decrease': 0.05, 'min_samples_leaf': 5, 'min_samples_split': 4, 'n_estimators': 500}",0.8897171436776108,0.9130640229085825,0.926450742240216,0.9030524671983252,0.9080710940061836,0.01346100772538456,125
716,5.066101968288422,0.4461618098399261,0.28661155700683594,0.03824907152385101,entropy,30,sqrt,100,0.05,5,4,1000,"{'criterion': 'entropy', 'max_depth': 30, 'max_features': 'sqrt', 'max_leaf_nodes': 100, 'min_impurity_decrease': 0.05, 'min_samples_leaf': 5, 'min_samples_split': 4, 'n_estimators': 1000}",0.8890475400187092,0.8875100417737789,0.9292301115137664,0.8954076645320884,0.9002988394595858,0.016963837863239867,202
717,3.7147445678710938,0.3249817094818071,0.22283262014389038,0.03533936362038514,entropy,30,sqrt,100,0.05,5,8,700,"{'criterion': 'entropy', 'max_depth': 30, 'max_features': 'sqrt', 'max_leaf_nodes': 100, 'min_impurity_decrease': 0.05, 'min_samples_leaf': 5, 'min_samples_split': 8, 'n_estimators': 700}",0.8981559621496418,0.8897209532195873,0.9250162745466091,0.8925572671402346,0.9013626142640181,0.013989645031152452,196
718,2.924341142177582,0.4602479174511367,0.1565561294555664,0.027021771538305615,entropy,30,sqrt,100,0.05,5,8,500,"{'criterion': 'entropy', 'max_depth': 30, 'max_features': 'sqrt', 'max_leaf_nodes': 100, 'min_impurity_decrease': 0.05, 'min_samples_leaf': 5, 'min_samples_split': 8, 'n_estimators': 500}",0.8925296927510795,0.8882374350826199,0.9250162745466091,0.8925572671402346,0.8995851673801358,0.014787522984191719,208
719,5.329510450363159,1.1305679123697432,0.26086676120758057,0.014529737734667085,entropy,30,sqrt,100,0.05,5,8,1000,"{'criterion': 'entropy', 'max_depth': 30, 'max_features': 'sqrt', 'max_leaf_nodes': 100, 'min_impurity_decrease': 0.05, 'min_samples_leaf': 5, 'min_samples_split': 8, 'n_estimators': 1000}",0.8918454627528025,0.9130640229085825,0.9257185136813033,0.9059101173296508,0.9091345291680848,0.012245183875785175,109
720,3.41751891374588,0.8111069964361621,0.19707739353179932,0.02790439505735119,entropy,30,log2,10,0.1,2,4,700,"{'criterion': 'entropy', 'max_depth': 30, 'max_features': 'log2', 'max_leaf_nodes': 10, 'min_impurity_decrease': 0.1, 'min_samples_leaf': 2, 'min_samples_split': 4, 'n_estimators': 700}",0.8850113729196367,0.8882374350826199,0.901987850354866,0.8855862565290765,0.8902057287215498,0.006910380336226263,392
721,2.428670108318329,0.5229688609314989,0.14542174339294434,0.024708524743337346,entropy,30,log2,10,0.1,2,4,500,"{'criterion': 'entropy', 'max_depth': 30, 'max_features': 'log2', 'max_leaf_nodes': 10, 'min_impurity_decrease': 0.1, 'min_samples_leaf': 2, 'min_samples_split': 4, 'n_estimators': 500}",0.8828136151977173,0.8875100417737789,0.8948370273794003,0.8849159557699944,0.8875191600302228,0.00454065221840292,483
722,5.687771677970886,1.0765772850349826,0.29157447814941406,0.034634609225377484,entropy,30,log2,10,0.1,2,4,1000,"{'criterion': 'entropy', 'max_depth': 30, 'max_features': 'log2', 'max_leaf_nodes': 10, 'min_impurity_decrease': 0.1, 'min_samples_leaf': 2, 'min_samples_split': 4, 'n_estimators': 1000}",0.8850113729196367,0.8875100417737789,0.8919432002440237,0.8834124002632888,0.8869692538001821,0.0032216882020109886,496
723,3.1538039445877075,0.11992172542181526,0.1843687891960144,0.009907673903150269,entropy,30,log2,10,0.1,2,8,700,"{'criterion': 'entropy', 'max_depth': 30, 'max_features': 'log2', 'max_leaf_nodes': 10, 'min_impurity_decrease': 0.1, 'min_samples_leaf': 2, 'min_samples_split': 8, 'n_estimators': 700}",0.8850113729196367,0.8875100417737789,0.900611620795107,0.8855862565290765,0.8896798230043999,0.0063789471350584465,420
724,2.772320330142975,0.5737711647830878,0.16323703527450562,0.03292284242391392,entropy,30,log2,10,0.1,2,8,500,"{'criterion': 'entropy', 'max_depth': 30, 'max_features': 'log2', 'max_leaf_nodes': 10, 'min_impurity_decrease': 0.1, 'min_samples_leaf': 2, 'min_samples_split': 8, 'n_estimators': 500}",0.8958454815958508,0.8875100417737789,0.8947610349465064,0.8953337485726149,0.8933625767221878,0.003400668529976402,235
725,4.566317975521088,0.23349636170626045,0.2607010006904602,0.005181799420164147,entropy,30,log2,10,0.1,2,8,1000,"{'criterion': 'entropy', 'max_depth': 30, 'max_features': 'log2', 'max_leaf_nodes': 10, 'min_impurity_decrease': 0.1, 'min_samples_leaf': 2, 'min_samples_split': 8, 'n_estimators': 1000}",0.895105971638267,0.8911439086619151,0.8954849586428534,0.8877575371090067,0.8923730940130106,0.003160956490943018,274
726,3.6274529695510864,0.6927409667769252,0.2070806622505188,0.033460606334168974,entropy,30,log2,10,0.1,5,4,700,"{'criterion': 'entropy', 'max_depth': 30, 'max_features': 'log2', 'max_leaf_nodes': 10, 'min_impurity_decrease': 0.1, 'min_samples_leaf': 5, 'min_samples_split': 4, 'n_estimators': 700}",0.8958250767270906,0.8840291314502755,0.900611620795107,0.8855862565290765,0.8915130213753875,0.006937461400096797,315
727,2.5367099046707153,0.3386183170498312,0.16655880212783813,0.03485524599831648,entropy,30,log2,10,0.1,5,4,500,"{'criterion': 'entropy', 'max_depth': 30, 'max_features': 'log2', 'max_leaf_nodes': 10, 'min_impurity_decrease': 0.1, 'min_samples_leaf': 5, 'min_samples_split': 4, 'n_estimators': 500}",0.8828136151977173,0.8875100417737789,0.8954849586428534,0.8855862565290765,0.8878487180358565,0.004714283213775495,478
728,5.751021862030029,0.47209909690897395,0.3377460241317749,0.037305941411678874,entropy,30,log2,10,0.1,5,4,1000,"{'criterion': 'entropy', 'max_depth': 30, 'max_features': 'log2', 'max_leaf_nodes': 10, 'min_impurity_decrease': 0.1, 'min_samples_leaf': 5, 'min_samples_split': 4, 'n_estimators': 1000}",0.8842883025223042,0.8875100417737789,0.8919432002440237,0.8855862565290765,0.8873319502672959,0.002898559174650634,489
729,3.123227894306183,0.22401547826741589,0.18331390619277954,0.0072941811795597025,entropy,30,log2,10,0.1,5,8,700,"{'criterion': 'entropy', 'max_depth': 30, 'max_features': 'log2', 'max_leaf_nodes': 10, 'min_impurity_decrease': 0.1, 'min_samples_leaf': 5, 'min_samples_split': 8, 'n_estimators': 700}",0.886456675574773,0.8875100417737789,0.8954849586428534,0.8855862565290765,0.8887594831301204,0.003942252347131168,449
730,2.196410655975342,0.22605986654774057,0.1345275640487671,0.0033885373624407823,entropy,30,log2,10,0.1,5,8,500,"{'criterion': 'entropy', 'max_depth': 30, 'max_features': 'log2', 'max_leaf_nodes': 10, 'min_impurity_decrease': 0.1, 'min_samples_leaf': 5, 'min_samples_split': 8, 'n_estimators': 500}",0.895105971638267,0.8918697637084232,0.8954849586428534,0.8848619270030817,0.8918306552481563,0.004261640927541486,298
731,4.496169030666351,0.2434533051473043,0.2597150206565857,0.017295991547970173,entropy,30,log2,10,0.1,5,8,1000,"{'criterion': 'entropy', 'max_depth': 30, 'max_features': 'log2', 'max_leaf_nodes': 10, 'min_impurity_decrease': 0.1, 'min_samples_leaf': 5, 'min_samples_split': 8, 'n_estimators': 1000}",0.8828136151977173,0.8896912871725406,0.8919432002440237,0.8855862565290765,0.8875085897858396,0.0035414717749446827,486
732,4.4110389947891235,0.8255021184921615,0.2435821294784546,0.025130611495033834,entropy,30,log2,10,0.05,2,4,700,"{'criterion': 'entropy', 'max_depth': 30, 'max_features': 'log2', 'max_leaf_nodes': 10, 'min_impurity_decrease': 0.05, 'min_samples_leaf': 2, 'min_samples_split': 4, 'n_estimators': 700}",0.8911460046857085,0.8896912871725406,0.8969319620022986,0.8925572671402346,0.8925816302501957,0.0027083705332930207,265
733,2.461751699447632,0.33702516452779885,0.13555121421813965,0.005600477931998611,entropy,30,log2,10,0.05,2,4,500,"{'criterion': 'entropy', 'max_depth': 30, 'max_features': 'log2', 'max_leaf_nodes': 10, 'min_impurity_decrease': 0.05, 'min_samples_leaf': 2, 'min_samples_split': 4, 'n_estimators': 500}",0.8911605448252763,0.9164010336206501,0.9250162745466091,0.9072983445473037,0.9099690493849597,0.012536765076915311,104
734,5.426984131336212,0.8420602973078013,0.3061148524284363,0.050866673639795565,entropy,30,log2,10,0.05,2,4,1000,"{'criterion': 'entropy', 'max_depth': 30, 'max_features': 'log2', 'max_leaf_nodes': 10, 'min_impurity_decrease': 0.05, 'min_samples_leaf': 2, 'min_samples_split': 4, 'n_estimators': 1000}",0.8960420408169372,0.9073431448103173,0.9229731919997406,0.8932701435039629,0.9049071302827394,0.011686809073343785,171
735,3.5975581407546997,0.3063937174724534,0.209328293800354,0.021706062083172304,entropy,30,log2,10,0.05,2,8,700,"{'criterion': 'entropy', 'max_depth': 30, 'max_features': 'log2', 'max_leaf_nodes': 10, 'min_impurity_decrease': 0.05, 'min_samples_leaf': 2, 'min_samples_split': 8, 'n_estimators': 700}",0.8981559621496418,0.9157006123298259,0.9179849194279123,0.8925572671402346,0.9060996902619036,0.010953725590075661,158
736,2.615169405937195,0.2650584044187075,0.16369163990020752,0.022158023722634954,entropy,30,log2,10,0.05,2,8,500,"{'criterion': 'entropy', 'max_depth': 30, 'max_features': 'log2', 'max_leaf_nodes': 10, 'min_impurity_decrease': 0.05, 'min_samples_leaf': 2, 'min_samples_split': 8, 'n_estimators': 500}",0.8911605448252763,0.8896912871725406,0.9314225643108354,0.9044677596479848,0.9041855389891593,0.01674566365933753,174
737,4.83599054813385,0.37686071933640236,0.28598201274871826,0.05517676978403919,entropy,30,log2,10,0.05,2,8,1000,"{'criterion': 'entropy', 'max_depth': 30, 'max_features': 'log2', 'max_leaf_nodes': 10, 'min_impurity_decrease': 0.05, 'min_samples_leaf': 2, 'min_samples_split': 8, 'n_estimators': 1000}",0.8932737191804548,0.9157006123298259,0.9201202279841857,0.8925572671402346,0.9054129566586753,0.012597316466191466,164
738,4.0697340965271,0.5081377072734086,0.20994359254837036,0.02810155590305967,entropy,30,log2,10,0.05,5,4,700,"{'criterion': 'entropy', 'max_depth': 30, 'max_features': 'log2', 'max_leaf_nodes': 10, 'min_impurity_decrease': 0.05, 'min_samples_leaf': 5, 'min_samples_split': 4, 'n_estimators': 700}",0.8925879634889975,0.9020241650094027,0.9250162745466091,0.9072983445473037,0.9067316868980781,0.01179886562951254,149
739,2.554837644100189,0.40178382420331393,0.15143024921417236,0.024866015529517255,entropy,30,log2,10,0.05,5,4,500,"{'criterion': 'entropy', 'max_depth': 30, 'max_features': 'log2', 'max_leaf_nodes': 10, 'min_impurity_decrease': 0.05, 'min_samples_leaf': 5, 'min_samples_split': 4, 'n_estimators': 500}",0.8918148294974306,0.9157006123298259,0.9306557606263981,0.9037671780121445,0.9104845951164497,0.014385466575873444,96
740,5.234288215637207,1.1527353573614316,0.3169882893562317,0.04873282558070361,entropy,30,log2,10,0.05,5,4,1000,"{'criterion': 'entropy', 'max_depth': 30, 'max_features': 'log2', 'max_leaf_nodes': 10, 'min_impurity_decrease': 0.05, 'min_samples_leaf': 5, 'min_samples_split': 4, 'n_estimators': 1000}",0.8911605448252763,0.9142999138393917,0.9321335775949806,0.9030524671983252,0.9101616258644935,0.015095308110549597,99
741,4.300324499607086,0.5336000712122291,0.24747228622436523,0.03213509894207001,entropy,30,log2,10,0.05,5,8,700,"{'criterion': 'entropy', 'max_depth': 30, 'max_features': 'log2', 'max_leaf_nodes': 10, 'min_impurity_decrease': 0.05, 'min_samples_leaf': 5, 'min_samples_split': 8, 'n_estimators': 700}",0.8960262770008902,0.9235808383233532,0.9264410502146351,0.9072701886547392,0.9133295885484045,0.012380624646550684,79
742,2.3958056569099426,0.07181100987516585,0.1499207615852356,0.028198365734312537,entropy,30,log2,10,0.05,5,8,500,"{'criterion': 'entropy', 'max_depth': 30, 'max_features': 'log2', 'max_leaf_nodes': 10, 'min_impurity_decrease': 0.05, 'min_samples_leaf': 5, 'min_samples_split': 8, 'n_estimators': 500}",0.8925740442431299,0.9228795262660772,0.9186968545953202,0.8939828337483242,0.9070333147132128,0.013843104231905259,145
743,4.673665702342987,0.13194609841706667,0.26745855808258057,0.01611370519859821,entropy,30,log2,10,0.05,5,8,1000,"{'criterion': 'entropy', 'max_depth': 30, 'max_features': 'log2', 'max_leaf_nodes': 10, 'min_impurity_decrease': 0.05, 'min_samples_leaf': 5, 'min_samples_split': 8, 'n_estimators': 1000}",0.8974408854770688,0.9178488308211721,0.9229650474096159,0.9037671780121445,0.9105054854300003,0.010310843382643297,94
744,3.748477578163147,0.6629029278942389,0.19668090343475342,0.03000901207450706,entropy,30,log2,50,0.1,2,4,700,"{'criterion': 'entropy', 'max_depth': 30, 'max_features': 'log2', 'max_leaf_nodes': 50, 'min_impurity_decrease': 0.1, 'min_samples_leaf': 2, 'min_samples_split': 4, 'n_estimators': 700}",0.8843147117928082,0.8860543090234461,0.8940629852910555,0.8877575371090067,0.8880473858040792,0.0036802397945535524,473
745,2.4589569568634033,0.5365473297123816,0.15341663360595703,0.01904925000721677,entropy,30,log2,50,0.1,2,4,500,"{'criterion': 'entropy', 'max_depth': 30, 'max_features': 'log2', 'max_leaf_nodes': 50, 'min_impurity_decrease': 0.1, 'min_samples_leaf': 2, 'min_samples_split': 4, 'n_estimators': 500}",0.8850113729196367,0.8875100417737789,0.8962086002343913,0.8855862565290765,0.8885790678642209,0.004501053984204809,454
746,4.9479963183403015,0.9955571398538984,0.3052401542663574,0.04750014116341213,entropy,30,log2,50,0.1,2,4,1000,"{'criterion': 'entropy', 'max_depth': 30, 'max_features': 'log2', 'max_leaf_nodes': 50, 'min_impurity_decrease': 0.1, 'min_samples_leaf': 2, 'min_samples_split': 4, 'n_estimators': 1000}",0.8835376602564102,0.8875100417737789,0.894786800237602,0.8855862565290765,0.887855189699217,0.004241328505502488,477
747,3.595343053340912,0.6231173870041345,0.17953896522521973,0.009261624929861826,entropy,30,log2,50,0.1,2,8,700,"{'criterion': 'entropy', 'max_depth': 30, 'max_features': 'log2', 'max_leaf_nodes': 50, 'min_impurity_decrease': 0.1, 'min_samples_leaf': 2, 'min_samples_split': 8, 'n_estimators': 700}",0.8828136151977173,0.8875100417737789,0.8919432002440237,0.8870340593040729,0.8873252291298981,0.0032326170924173864,493
748,2.2054998874664307,0.10371768247853665,0.14615404605865479,0.016844930622874635,entropy,30,log2,50,0.1,2,8,500,"{'criterion': 'entropy', 'max_depth': 30, 'max_features': 'log2', 'max_leaf_nodes': 50, 'min_impurity_decrease': 0.1, 'min_samples_leaf': 2, 'min_samples_split': 8, 'n_estimators': 500}",0.8857080779514783,0.8940727315570329,0.9012663837108056,0.888480735558248,0.8923819821943912,0.005948780271444907,273
749,4.965183198451996,0.3269872234641983,0.2976146340370178,0.04191317820081264,entropy,30,log2,50,0.1,2,8,1000,"{'criterion': 'entropy', 'max_depth': 30, 'max_features': 'log2', 'max_leaf_nodes': 50, 'min_impurity_decrease': 0.1, 'min_samples_leaf': 2, 'min_samples_split': 8, 'n_estimators': 1000}",0.8835649497213194,0.8875100417737789,0.8962086002343913,0.8855862565290765,0.8882174620646416,0.004819954522376452,465
750,3.9957627654075623,0.5754322574825392,0.1981925368309021,0.023165511692902763,entropy,30,log2,50,0.1,5,4,700,"{'criterion': 'entropy', 'max_depth': 30, 'max_features': 'log2', 'max_leaf_nodes': 50, 'min_impurity_decrease': 0.1, 'min_samples_leaf': 5, 'min_samples_split': 4, 'n_estimators': 700}",0.8842883025223042,0.894796997064438,0.8926670776713591,0.8855862565290765,0.8893346584467945,0.004484929935780444,431
751,2.652504026889801,0.3605464581566353,0.15779340267181396,0.019692955767795874,entropy,30,log2,50,0.1,5,4,500,"{'criterion': 'entropy', 'max_depth': 30, 'max_features': 'log2', 'max_leaf_nodes': 50, 'min_impurity_decrease': 0.1, 'min_samples_leaf': 5, 'min_samples_split': 4, 'n_estimators': 500}",0.8849848893588642,0.8904469974414287,0.8926670776713591,0.8892036569228919,0.889325655348636,0.0027964103875193548,432
752,5.088260591030121,0.2673425393838371,0.3082427978515625,0.04779581831160259,entropy,30,log2,50,0.1,5,4,1000,"{'criterion': 'entropy', 'max_depth': 30, 'max_features': 'log2', 'max_leaf_nodes': 50, 'min_impurity_decrease': 0.1, 'min_samples_leaf': 5, 'min_samples_split': 4, 'n_estimators': 1000}",0.8828136151977173,0.8875100417737789,0.8912190385874597,0.8855862565290765,0.8867822380220082,0.0030575822315842857,502
753,3.3263004422187805,0.5520159501160694,0.21020591259002686,0.0330904073891304,entropy,30,log2,50,0.1,5,8,700,"{'criterion': 'entropy', 'max_depth': 30, 'max_features': 'log2', 'max_leaf_nodes': 50, 'min_impurity_decrease': 0.1, 'min_samples_leaf': 5, 'min_samples_split': 8, 'n_estimators': 700}",0.8828136151977173,0.8911439086619151,0.8940368268613554,0.8906486774692719,0.8896607570475649,0.004159599259480372,427
754,2.4583480954170227,0.5463610632422338,0.14969104528427124,0.02852283026135534,entropy,30,log2,50,0.1,5,8,500,"{'criterion': 'entropy', 'max_depth': 30, 'max_features': 'log2', 'max_leaf_nodes': 50, 'min_impurity_decrease': 0.1, 'min_samples_leaf': 5, 'min_samples_split': 8, 'n_estimators': 500}",0.8850113729196367,0.8875100417737789,0.9005446531345629,0.8855862565290765,0.8896630810892637,0.006350257393621534,425
755,4.710422337055206,0.8263082160875622,0.25833213329315186,0.012664562605816325,entropy,30,log2,50,0.1,5,8,1000,"{'criterion': 'entropy', 'max_depth': 30, 'max_features': 'log2', 'max_leaf_nodes': 50, 'min_impurity_decrease': 0.1, 'min_samples_leaf': 5, 'min_samples_split': 8, 'n_estimators': 1000}",0.8850113729196367,0.8860543090234461,0.8933906731510015,0.8855862565290765,0.8875106529057902,0.003414867400486884,485
756,3.9140223264694214,0.8985894206326,0.22595888376235962,0.04140481774898113,entropy,30,log2,50,0.05,2,4,700,"{'criterion': 'entropy', 'max_depth': 30, 'max_features': 'log2', 'max_leaf_nodes': 50, 'min_impurity_decrease': 0.05, 'min_samples_leaf': 2, 'min_samples_split': 4, 'n_estimators': 700}",0.8995550323250061,0.8882374350826199,0.9278651510432887,0.8828247746630282,0.8996205982784857,0.017388467119352918,206
757,2.3170817494392395,0.11109542343259259,0.13305145502090454,0.0031991200547365544,entropy,30,log2,50,0.05,2,4,500,"{'criterion': 'entropy', 'max_depth': 30, 'max_features': 'log2', 'max_leaf_nodes': 50, 'min_impurity_decrease': 0.05, 'min_samples_leaf': 2, 'min_samples_split': 4, 'n_estimators': 500}",0.8911605448252763,0.9149676181338451,0.9215515620409851,0.9037671780121445,0.9078617257530627,0.01154989274520215,134
758,5.379510045051575,1.0457103820450173,0.3162394165992737,0.034388022003668195,entropy,30,log2,50,0.05,2,4,1000,"{'criterion': 'entropy', 'max_depth': 30, 'max_features': 'log2', 'max_leaf_nodes': 50, 'min_impurity_decrease': 0.05, 'min_samples_leaf': 2, 'min_samples_split': 4, 'n_estimators': 1000}",0.8904465329335796,0.8875100417737789,0.9257386826171567,0.8946594029104586,0.8995886650587435,0.015310068287616148,207
759,4.190093398094177,0.7111979465531086,0.20144695043563843,0.028763753451202217,entropy,30,log2,50,0.05,2,8,700,"{'criterion': 'entropy', 'max_depth': 30, 'max_features': 'log2', 'max_leaf_nodes': 50, 'min_impurity_decrease': 0.05, 'min_samples_leaf': 2, 'min_samples_split': 8, 'n_estimators': 700}",0.8911605448252763,0.9142999138393917,0.9250970434172049,0.8946594029104586,0.9063042262480829,0.013982435363785808,155
760,2.446752190589905,0.25238490151367277,0.14654892683029175,0.00863380685884952,entropy,30,log2,50,0.05,2,8,500,"{'criterion': 'entropy', 'max_depth': 30, 'max_features': 'log2', 'max_leaf_nodes': 50, 'min_impurity_decrease': 0.05, 'min_samples_leaf': 2, 'min_samples_split': 8, 'n_estimators': 500}",0.8897323164348736,0.8882679489425089,0.9229731919997406,0.8981881758415463,0.8997904083046674,0.013909896571616159,203
761,5.354090332984924,0.7422449515717752,0.30010300874710083,0.05904034692746392,entropy,30,log2,50,0.05,2,8,1000,"{'criterion': 'entropy', 'max_depth': 30, 'max_features': 'log2', 'max_leaf_nodes': 50, 'min_impurity_decrease': 0.05, 'min_samples_leaf': 2, 'min_samples_split': 8, 'n_estimators': 1000}",0.8981559621496418,0.9142999138393917,0.9257287478191851,0.8939828337483242,0.9080418643891357,0.01272179659126526,128
762,3.8540459275245667,0.7319612563150426,0.2290896773338318,0.03709822874727081,entropy,30,log2,50,0.05,5,4,700,"{'criterion': 'entropy', 'max_depth': 30, 'max_features': 'log2', 'max_leaf_nodes': 50, 'min_impurity_decrease': 0.05, 'min_samples_leaf': 5, 'min_samples_split': 4, 'n_estimators': 700}",0.8946276468144465,0.8875100417737789,0.9264410502146351,0.8975110649541366,0.9015224509392492,0.014840095534638343,195
763,2.4538062810897827,0.2095746994019572,0.1486719250679016,0.03078804940853951,entropy,30,log2,50,0.05,5,4,500,"{'criterion': 'entropy', 'max_depth': 30, 'max_features': 'log2', 'max_leaf_nodes': 50, 'min_impurity_decrease': 0.05, 'min_samples_leaf': 5, 'min_samples_split': 4, 'n_estimators': 500}",0.8883335459895692,0.9164010336206501,0.9271531839006395,0.9058689494549009,0.9094391782414398,0.014321728886159582,107
764,4.526461899280548,0.18136091389018782,0.27008306980133057,0.014346212369779046,entropy,30,log2,50,0.05,5,4,1000,"{'criterion': 'entropy', 'max_depth': 30, 'max_features': 'log2', 'max_leaf_nodes': 50, 'min_impurity_decrease': 0.05, 'min_samples_leaf': 5, 'min_samples_split': 4, 'n_estimators': 1000}",0.904418956832,0.9150002397736536,0.9243036282276138,0.9030524671983252,0.9116938230078981,0.008624620101965415,85
765,4.470091342926025,0.6740998499448143,0.2265835404396057,0.04990645201333732,entropy,30,log2,50,0.05,5,8,700,"{'criterion': 'entropy', 'max_depth': 30, 'max_features': 'log2', 'max_leaf_nodes': 50, 'min_impurity_decrease': 0.05, 'min_samples_leaf': 5, 'min_samples_split': 8, 'n_estimators': 700}",0.8911605448252763,0.9178783612417498,0.9250970434172049,0.8925572671402346,0.9066733041561164,0.01504074196759578,150
766,2.3089333176612854,0.16108594421928124,0.1422891616821289,0.007821962889230465,entropy,30,log2,50,0.05,5,8,500,"{'criterion': 'entropy', 'max_depth': 30, 'max_features': 'log2', 'max_leaf_nodes': 50, 'min_impurity_decrease': 0.05, 'min_samples_leaf': 5, 'min_samples_split': 8, 'n_estimators': 500}",0.8967255966158512,0.8897209532195873,0.8969319620022986,0.9073250027833403,0.8976758786552693,0.006281776879736919,213
767,5.1818528175354,1.0579627275365964,0.27095961570739746,0.022029379443882263,entropy,30,log2,50,0.05,5,8,1000,"{'criterion': 'entropy', 'max_depth': 30, 'max_features': 'log2', 'max_leaf_nodes': 50, 'min_impurity_decrease': 0.05, 'min_samples_leaf': 5, 'min_samples_split': 8, 'n_estimators': 1000}",0.8918601260570174,0.9051989598488068,0.9278651510432887,0.8835479422400039,0.9021180447972792,0.01675170978935859,189
768,4.293143391609192,0.7684908034159548,0.2128143310546875,0.04798294251247703,entropy,30,log2,100,0.1,2,4,700,"{'criterion': 'entropy', 'max_depth': 30, 'max_features': 'log2', 'max_leaf_nodes': 100, 'min_impurity_decrease': 0.1, 'min_samples_leaf': 2, 'min_samples_split': 4, 'n_estimators': 700}",0.8990017925993885,0.8875100417737789,0.8954849586428534,0.8899263034713295,0.8929807741218375,0.0045216785323930215,244
769,2.469050347805023,0.2745036489564405,0.14241695404052734,0.03246144099579291,entropy,30,log2,100,0.1,2,4,500,"{'criterion': 'entropy', 'max_depth': 30, 'max_features': 'log2', 'max_leaf_nodes': 100, 'min_impurity_decrease': 0.1, 'min_samples_leaf': 2, 'min_samples_split': 4, 'n_estimators': 500}",0.8850113729196367,0.8875100417737789,0.9250970434172049,0.8855862565290765,0.8958011786599243,0.016939267876697788,217
770,4.3245769739151,0.1050215325312065,0.2580775022506714,0.01306052857030293,entropy,30,log2,100,0.1,2,4,1000,"{'criterion': 'entropy', 'max_depth': 30, 'max_features': 'log2', 'max_leaf_nodes': 100, 'min_impurity_decrease': 0.1, 'min_samples_leaf': 2, 'min_samples_split': 4, 'n_estimators': 1000}",0.895105971638267,0.8896912871725406,0.8919432002440237,0.8870340593040729,0.890943629589726,0.0029655241598379053,349
771,3.5909303426742554,0.6391656419293663,0.19905227422714233,0.023398643856741203,entropy,30,log2,100,0.1,2,8,700,"{'criterion': 'entropy', 'max_depth': 30, 'max_features': 'log2', 'max_leaf_nodes': 100, 'min_impurity_decrease': 0.1, 'min_samples_leaf': 2, 'min_samples_split': 8, 'n_estimators': 700}",0.8850113729196367,0.8896912871725406,0.8933906731510015,0.8848619270030817,0.8882388150615651,0.0035521497978645224,464
772,2.608164072036743,0.4761238117775781,0.16529011726379395,0.0161500706694673,entropy,30,log2,100,0.1,2,8,500,"{'criterion': 'entropy', 'max_depth': 30, 'max_features': 'log2', 'max_leaf_nodes': 100, 'min_impurity_decrease': 0.1, 'min_samples_leaf': 2, 'min_samples_split': 8, 'n_estimators': 500}",0.8849848893588642,0.8840291314502755,0.8969319620022986,0.8855862565290765,0.8878830598351287,0.005253810330673662,475
773,4.988869369029999,0.25527253262905775,0.3474918007850647,0.055261577708785266,entropy,30,log2,100,0.1,2,8,1000,"{'criterion': 'entropy', 'max_depth': 30, 'max_features': 'log2', 'max_leaf_nodes': 100, 'min_impurity_decrease': 0.1, 'min_samples_leaf': 2, 'min_samples_split': 8, 'n_estimators': 1000}",0.8828136151977173,0.8875100417737789,0.8940368268613554,0.8974748571015122,0.8904588352335909,0.0056826789282225084,375
774,3.957570195198059,0.5813641541606362,0.2114521861076355,0.0424605845818848,entropy,30,log2,100,0.1,5,4,700,"{'criterion': 'entropy', 'max_depth': 30, 'max_features': 'log2', 'max_leaf_nodes': 100, 'min_impurity_decrease': 0.1, 'min_samples_leaf': 5, 'min_samples_split': 4, 'n_estimators': 700}",0.8842883025223042,0.8875100417737789,0.9027090553262719,0.8892036569228919,0.8909277641363117,0.007027350931489683,353
775,2.175855815410614,0.15838848498434008,0.12779968976974487,0.006831500801481233,entropy,30,log2,100,0.1,5,4,500,"{'criterion': 'entropy', 'max_depth': 30, 'max_features': 'log2', 'max_leaf_nodes': 100, 'min_impurity_decrease': 0.1, 'min_samples_leaf': 5, 'min_samples_split': 4, 'n_estimators': 500}",0.8843147117928082,0.8882374350826199,0.8941139889616918,0.8855862565290765,0.888063098091549,0.003769244542312565,469
776,4.844428241252899,1.0431331166151288,0.2917100191116333,0.051153488826747945,entropy,30,log2,100,0.1,5,4,1000,"{'criterion': 'entropy', 'max_depth': 30, 'max_features': 'log2', 'max_leaf_nodes': 100, 'min_impurity_decrease': 0.1, 'min_samples_leaf': 5, 'min_samples_split': 4, 'n_estimators': 1000}",0.886456675574773,0.884662194730077,0.8954849586428534,0.8855862565290765,0.888047521369195,0.004340637182717487,472
777,3.4644460678100586,0.30694952060223446,0.23283392190933228,0.04630130046931122,entropy,30,log2,100,0.1,5,8,700,"{'criterion': 'entropy', 'max_depth': 30, 'max_features': 'log2', 'max_leaf_nodes': 100, 'min_impurity_decrease': 0.1, 'min_samples_leaf': 5, 'min_samples_split': 8, 'n_estimators': 700}",0.8842883025223042,0.8955209741471476,0.894786800237602,0.8877575371090067,0.8905884035040151,0.0047344974709104225,368
778,2.243009567260742,0.11068218928903936,0.1439114809036255,0.02294056718123905,entropy,30,log2,100,0.1,5,8,500,"{'criterion': 'entropy', 'max_depth': 30, 'max_features': 'log2', 'max_leaf_nodes': 100, 'min_impurity_decrease': 0.1, 'min_samples_leaf': 5, 'min_samples_split': 8, 'n_estimators': 500}",0.8842883025223042,0.8860543090234461,0.8933906731510015,0.8855862565290765,0.8873298853064572,0.003558500783213443,492
779,5.188658058643341,0.7370509054579141,0.26022112369537354,0.010240010685555318,entropy,30,log2,100,0.1,5,8,1000,"{'criterion': 'entropy', 'max_depth': 30, 'max_features': 'log2', 'max_leaf_nodes': 100, 'min_impurity_decrease': 0.1, 'min_samples_leaf': 5, 'min_samples_split': 8, 'n_estimators': 1000}",0.8850113729196367,0.8875100417737789,0.8940368268613554,0.8906486774692719,0.8893017297560107,0.003385731839218757,434
780,4.122192621231079,0.8724168405840887,0.22608721256256104,0.05055453119767515,entropy,30,log2,100,0.05,2,4,700,"{'criterion': 'entropy', 'max_depth': 30, 'max_features': 'log2', 'max_leaf_nodes': 100, 'min_impurity_decrease': 0.05, 'min_samples_leaf': 2, 'min_samples_split': 4, 'n_estimators': 700}",0.8981403144704285,0.9163848244982811,0.9278556454028152,0.8925572671402346,0.9087345128779398,0.014125201737302638,118
781,2.644406735897064,0.6169188521066531,0.17069250345230103,0.036172526708395734,entropy,30,log2,100,0.05,2,4,500,"{'criterion': 'entropy', 'max_depth': 30, 'max_features': 'log2', 'max_leaf_nodes': 100, 'min_impurity_decrease': 0.05, 'min_samples_leaf': 2, 'min_samples_split': 4, 'n_estimators': 500}",0.8918743542857485,0.9051989598488068,0.9250363334371432,0.9101289294466226,0.9080596442545803,0.011859985702478289,126
782,5.317660987377167,1.119214925232373,0.27772045135498047,0.032785232792177016,entropy,30,log2,100,0.05,2,4,1000,"{'criterion': 'entropy', 'max_depth': 30, 'max_features': 'log2', 'max_leaf_nodes': 100, 'min_impurity_decrease': 0.05, 'min_samples_leaf': 2, 'min_samples_split': 4, 'n_estimators': 1000}",0.8925596929365435,0.9087435513296945,0.9250162745466091,0.9058396024160011,0.908039780307212,0.011545242938856594,129
783,3.405992031097412,0.4225174422906912,0.20558053255081177,0.03165811993816311,entropy,30,log2,100,0.05,2,8,700,"{'criterion': 'entropy', 'max_depth': 30, 'max_features': 'log2', 'max_leaf_nodes': 100, 'min_impurity_decrease': 0.05, 'min_samples_leaf': 2, 'min_samples_split': 8, 'n_estimators': 700}",0.8890329398101419,0.9051989598488068,0.9215429531717872,0.8975110649541366,0.9033214794462181,0.011973620159492536,179
784,2.7568910121917725,0.5851037362378493,0.17281436920166016,0.035003450937636946,entropy,30,log2,100,0.05,2,8,500,"{'criterion': 'entropy', 'max_depth': 30, 'max_features': 'log2', 'max_leaf_nodes': 100, 'min_impurity_decrease': 0.05, 'min_samples_leaf': 2, 'min_samples_split': 8, 'n_estimators': 500}",0.8911310264509749,0.9163848244982811,0.9292405720677532,0.8946594029104586,0.907853956481867,0.015683715026252768,135
785,5.635056257247925,0.5411157798248073,0.3139859437942505,0.04560319778358249,entropy,30,log2,100,0.05,2,8,1000,"{'criterion': 'entropy', 'max_depth': 30, 'max_features': 'log2', 'max_leaf_nodes': 100, 'min_impurity_decrease': 0.05, 'min_samples_leaf': 2, 'min_samples_split': 8, 'n_estimators': 1000}",0.8904316779521856,0.9157006123298259,0.9300666565966402,0.9037529516587223,0.9099879746343436,0.0146382371736662,103
786,3.9168335795402527,0.7396167666217334,0.2174333930015564,0.03405766469634064,entropy,30,log2,100,0.05,5,4,700,"{'criterion': 'entropy', 'max_depth': 30, 'max_features': 'log2', 'max_leaf_nodes': 100, 'min_impurity_decrease': 0.05, 'min_samples_leaf': 5, 'min_samples_split': 4, 'n_estimators': 700}",0.9004250677942044,0.9073431448103173,0.9265176356078919,0.9058967746123368,0.9100456557061877,0.00985391563196528,102
787,2.4301908016204834,0.24938583994527155,0.1461605429649353,0.012508966052314482,entropy,30,log2,100,0.05,5,4,500,"{'criterion': 'entropy', 'max_depth': 30, 'max_features': 'log2', 'max_leaf_nodes': 100, 'min_impurity_decrease': 0.05, 'min_samples_leaf': 5, 'min_samples_split': 4, 'n_estimators': 500}",0.9011151690486294,0.8875100417737789,0.9236758633071998,0.9037671780121445,0.9040170630354382,0.01291736825260304,175
788,5.913853228092194,1.022011487949085,0.30911099910736084,0.037751504346035324,entropy,30,log2,100,0.05,5,4,1000,"{'criterion': 'entropy', 'max_depth': 30, 'max_features': 'log2', 'max_leaf_nodes': 100, 'min_impurity_decrease': 0.05, 'min_samples_leaf': 5, 'min_samples_split': 4, 'n_estimators': 1000}",0.8904465329335796,0.9156679192552637,0.9208316705243835,0.9044677596479848,0.907853470590303,0.01166151575306855,136
789,4.014964044094086,0.7595064841394585,0.20056182146072388,0.03685720964314508,entropy,30,log2,100,0.05,5,8,700,"{'criterion': 'entropy', 'max_depth': 30, 'max_features': 'log2', 'max_leaf_nodes': 100, 'min_impurity_decrease': 0.05, 'min_samples_leaf': 5, 'min_samples_split': 8, 'n_estimators': 700}",0.8918743542857485,0.9228795262660772,0.9307760563099441,0.896798427647857,0.9105820911274067,0.016575523652644798,92
790,2.413575530052185,0.07808764122427266,0.13541895151138306,0.00885944264774513,entropy,30,log2,100,0.05,5,8,500,"{'criterion': 'entropy', 'max_depth': 30, 'max_features': 'log2', 'max_leaf_nodes': 100, 'min_impurity_decrease': 0.05, 'min_samples_leaf': 5, 'min_samples_split': 8, 'n_estimators': 500}",0.909523951946563,0.9228795262660772,0.9222705167537032,0.8939828337483242,0.9121642071786669,0.011773793397581259,83
791,4.664080202579498,0.192907405321324,0.2740790843963623,0.0624427123052815,entropy,30,log2,100,0.05,5,8,1000,"{'criterion': 'entropy', 'max_depth': 30, 'max_features': 'log2', 'max_leaf_nodes': 100, 'min_impurity_decrease': 0.05, 'min_samples_leaf': 5, 'min_samples_split': 8, 'n_estimators': 1000}",0.8995391962576909,0.9164169024440929,0.9299430237418554,0.9086567074679,0.9136389574778848,0.01114860570434377,76
792,8.406110763549805,1.4039970804647797,0.17078852653503418,0.004304732792873694,entropy,30,,10,0.1,2,4,700,"{'criterion': 'entropy', 'max_depth': 30, 'max_features': None, 'max_leaf_nodes': 10, 'min_impurity_decrease': 0.1, 'min_samples_leaf': 2, 'min_samples_split': 4, 'n_estimators': 700}",0.8681470964645657,0.865457804016657,0.8880350548707546,0.8793402256015709,0.875245045238387,0.009035012674744667,671
793,6.297595500946045,0.4552177749542181,0.14916402101516724,0.01996810282938806,entropy,30,,10,0.1,2,4,500,"{'criterion': 'entropy', 'max_depth': 30, 'max_features': None, 'max_leaf_nodes': 10, 'min_impurity_decrease': 0.1, 'min_samples_leaf': 2, 'min_samples_split': 4, 'n_estimators': 500}",0.8681470964645657,0.865457804016657,0.8880350548707546,0.8793402256015709,0.875245045238387,0.009035012674744667,671
794,11.81575733423233,1.5747369428359987,0.28295886516571045,0.035228640494658535,entropy,30,,10,0.1,2,4,1000,"{'criterion': 'entropy', 'max_depth': 30, 'max_features': None, 'max_leaf_nodes': 10, 'min_impurity_decrease': 0.1, 'min_samples_leaf': 2, 'min_samples_split': 4, 'n_estimators': 1000}",0.8681470964645657,0.8683766215846687,0.8880350548707546,0.8793402256015709,0.8759747496303899,0.008303329074638965,642
795,7.671967566013336,0.6257389288985946,0.22605544328689575,0.0579810268440436,entropy,30,,10,0.1,2,8,700,"{'criterion': 'entropy', 'max_depth': 30, 'max_features': None, 'max_leaf_nodes': 10, 'min_impurity_decrease': 0.1, 'min_samples_leaf': 2, 'min_samples_split': 8, 'n_estimators': 700}",0.8681470964645657,0.865457804016657,0.8880350548707546,0.8793402256015709,0.875245045238387,0.009035012674744667,671
796,5.453728973865509,0.42625910366407627,0.12740135192871094,0.011216030372900029,entropy,30,,10,0.1,2,8,500,"{'criterion': 'entropy', 'max_depth': 30, 'max_features': None, 'max_leaf_nodes': 10, 'min_impurity_decrease': 0.1, 'min_samples_leaf': 2, 'min_samples_split': 8, 'n_estimators': 500}",0.8681470964645657,0.865457804016657,0.8880350548707546,0.8793402256015709,0.875245045238387,0.009035012674744667,671
797,11.42914879322052,1.0537028449041197,0.28595131635665894,0.036075364269490956,entropy,30,,10,0.1,2,8,1000,"{'criterion': 'entropy', 'max_depth': 30, 'max_features': None, 'max_leaf_nodes': 10, 'min_impurity_decrease': 0.1, 'min_samples_leaf': 2, 'min_samples_split': 8, 'n_estimators': 1000}",0.8681470964645657,0.865457804016657,0.8880350548707546,0.8772999901395924,0.8747349863728924,0.008845019393507451,703
798,8.111812174320221,1.3282141029150492,0.19017243385314941,0.0358645565153313,entropy,30,,10,0.1,5,4,700,"{'criterion': 'entropy', 'max_depth': 30, 'max_features': None, 'max_leaf_nodes': 10, 'min_impurity_decrease': 0.1, 'min_samples_leaf': 5, 'min_samples_split': 4, 'n_estimators': 700}",0.8681470964645657,0.865457804016657,0.8880350548707546,0.8793402256015709,0.875245045238387,0.009035012674744667,671
799,5.7813010811805725,0.8333169683790824,0.1574196219444275,0.027882912606795065,entropy,30,,10,0.1,5,4,500,"{'criterion': 'entropy', 'max_depth': 30, 'max_features': None, 'max_leaf_nodes': 10, 'min_impurity_decrease': 0.1, 'min_samples_leaf': 5, 'min_samples_split': 4, 'n_estimators': 500}",0.8681470964645657,0.865457804016657,0.8880350548707546,0.8772999901395924,0.8747349863728924,0.008845019393507451,703
800,11.976637542247772,2.4213568681091617,0.2640770673751831,0.03868651415733933,entropy,30,,10,0.1,5,4,1000,"{'criterion': 'entropy', 'max_depth': 30, 'max_features': None, 'max_leaf_nodes': 10, 'min_impurity_decrease': 0.1, 'min_samples_leaf': 5, 'min_samples_split': 4, 'n_estimators': 1000}",0.8681470964645657,0.8879959206526955,0.8880350548707546,0.8793402256015709,0.8808795743973966,0.00815979279539547,512
801,7.821471154689789,1.205323716847287,0.20543760061264038,0.025290997086664845,entropy,30,,10,0.1,5,8,700,"{'criterion': 'entropy', 'max_depth': 30, 'max_features': None, 'max_leaf_nodes': 10, 'min_impurity_decrease': 0.1, 'min_samples_leaf': 5, 'min_samples_split': 8, 'n_estimators': 700}",0.8681470964645657,0.8879959206526955,0.8880350548707546,0.8793402256015709,0.8808795743973966,0.00815979279539547,512
802,5.884565591812134,0.9745622278052911,0.1575356125831604,0.0371428824292556,entropy,30,,10,0.1,5,8,500,"{'criterion': 'entropy', 'max_depth': 30, 'max_features': None, 'max_leaf_nodes': 10, 'min_impurity_decrease': 0.1, 'min_samples_leaf': 5, 'min_samples_split': 8, 'n_estimators': 500}",0.8681470964645657,0.8879959206526955,0.8880350548707546,0.8793402256015709,0.8808795743973966,0.00815979279539547,512
803,11.076975464820862,1.4742147317818004,0.23781591653823853,0.011520217473018905,entropy,30,,10,0.1,5,8,1000,"{'criterion': 'entropy', 'max_depth': 30, 'max_features': None, 'max_leaf_nodes': 10, 'min_impurity_decrease': 0.1, 'min_samples_leaf': 5, 'min_samples_split': 8, 'n_estimators': 1000}",0.8681470964645657,0.865457804016657,0.8880350548707546,0.8793402256015709,0.875245045238387,0.009035012674744667,671
804,8.774738311767578,1.0255478085213372,0.20354503393173218,0.029268931516985428,entropy,30,,10,0.05,2,4,700,"{'criterion': 'entropy', 'max_depth': 30, 'max_features': None, 'max_leaf_nodes': 10, 'min_impurity_decrease': 0.05, 'min_samples_leaf': 2, 'min_samples_split': 4, 'n_estimators': 700}",0.9456936020153639,0.9619133455493944,0.9640066760003168,0.9484826073206384,0.9550240577214284,0.008031153325482085,26
805,7.0747880935668945,1.1419455709055542,0.134282648563385,0.012340046618108202,entropy,30,,10,0.05,2,4,500,"{'criterion': 'entropy', 'max_depth': 30, 'max_features': None, 'max_leaf_nodes': 10, 'min_impurity_decrease': 0.05, 'min_samples_leaf': 2, 'min_samples_split': 4, 'n_estimators': 500}",0.9463995463995463,0.9619133455493944,0.9640066760003168,0.9484826073206384,0.955200543817474,0.007829398084138713,3
806,11.804096817970276,0.8133830642237047,0.32285183668136597,0.069299363319713,entropy,30,,10,0.05,2,4,1000,"{'criterion': 'entropy', 'max_depth': 30, 'max_features': None, 'max_leaf_nodes': 10, 'min_impurity_decrease': 0.05, 'min_samples_leaf': 2, 'min_samples_split': 4, 'n_estimators': 1000}",0.9456936020153639,0.9619133455493944,0.9640066760003168,0.9484826073206384,0.9550240577214284,0.008031153325482085,26
807,10.594209253787994,0.9499128400238158,0.19892746210098267,0.03355290649381567,entropy,30,,10,0.05,2,8,700,"{'criterion': 'entropy', 'max_depth': 30, 'max_features': None, 'max_leaf_nodes': 10, 'min_impurity_decrease': 0.05, 'min_samples_leaf': 2, 'min_samples_split': 8, 'n_estimators': 700}",0.9456936020153639,0.9619133455493944,0.9640066760003168,0.9484826073206384,0.9550240577214284,0.008031153325482085,26
808,6.295355439186096,0.7497294643026874,0.17118901014328003,0.037494192162622855,entropy,30,,10,0.05,2,8,500,"{'criterion': 'entropy', 'max_depth': 30, 'max_features': None, 'max_leaf_nodes': 10, 'min_impurity_decrease': 0.05, 'min_samples_leaf': 2, 'min_samples_split': 8, 'n_estimators': 500}",0.9456936020153639,0.9619133455493944,0.9640066760003168,0.9491881984979181,0.9552004555157483,0.007892083212829139,14
809,13.753626823425293,2.167345158598007,0.3232089877128601,0.057153352704458614,entropy,30,,10,0.05,2,8,1000,"{'criterion': 'entropy', 'max_depth': 30, 'max_features': None, 'max_leaf_nodes': 10, 'min_impurity_decrease': 0.05, 'min_samples_leaf': 2, 'min_samples_split': 8, 'n_estimators': 1000}",0.9456936020153639,0.9619133455493944,0.9640066760003168,0.9491881984979181,0.9552004555157483,0.007892083212829139,14
810,8.87867259979248,0.9083676613357565,0.22093325853347778,0.0351887581092782,entropy,30,,10,0.05,5,4,700,"{'criterion': 'entropy', 'max_depth': 30, 'max_features': None, 'max_leaf_nodes': 10, 'min_impurity_decrease': 0.05, 'min_samples_leaf': 5, 'min_samples_split': 4, 'n_estimators': 700}",0.9456936020153639,0.9619133455493944,0.9640066760003168,0.9484826073206384,0.9550240577214284,0.008031153325482085,26
811,5.52258574962616,0.11076657932653239,0.13777267932891846,0.010032626769040523,entropy,30,,10,0.05,5,4,500,"{'criterion': 'entropy', 'max_depth': 30, 'max_features': None, 'max_leaf_nodes': 10, 'min_impurity_decrease': 0.05, 'min_samples_leaf': 5, 'min_samples_split': 4, 'n_estimators': 500}",0.9456936020153639,0.9619133455493944,0.9640066760003168,0.9484826073206384,0.9550240577214284,0.008031153325482085,26
812,13.116110861301422,2.19200727270273,0.2781527638435364,0.020671952787357263,entropy,30,,10,0.05,5,4,1000,"{'criterion': 'entropy', 'max_depth': 30, 'max_features': None, 'max_leaf_nodes': 10, 'min_impurity_decrease': 0.05, 'min_samples_leaf': 5, 'min_samples_split': 4, 'n_estimators': 1000}",0.9456936020153639,0.9619133455493944,0.9640066760003168,0.9484826073206384,0.9550240577214284,0.008031153325482085,26
813,9.807654440402985,1.5995007167741577,0.27148181200027466,0.0657880638286139,entropy,30,,10,0.05,5,8,700,"{'criterion': 'entropy', 'max_depth': 30, 'max_features': None, 'max_leaf_nodes': 10, 'min_impurity_decrease': 0.05, 'min_samples_leaf': 5, 'min_samples_split': 8, 'n_estimators': 700}",0.9456936020153639,0.9619133455493944,0.9640066760003168,0.9484826073206384,0.9550240577214284,0.008031153325482085,26
814,5.572643041610718,0.16763732164515516,0.13253873586654663,0.006618658396304346,entropy,30,,10,0.05,5,8,500,"{'criterion': 'entropy', 'max_depth': 30, 'max_features': None, 'max_leaf_nodes': 10, 'min_impurity_decrease': 0.05, 'min_samples_leaf': 5, 'min_samples_split': 8, 'n_estimators': 500}",0.9463995463995463,0.9619133455493944,0.9640066760003168,0.9484826073206384,0.955200543817474,0.007829398084138713,3
815,12.456979155540466,1.3233658673781206,0.2845805287361145,0.03442169551410465,entropy,30,,10,0.05,5,8,1000,"{'criterion': 'entropy', 'max_depth': 30, 'max_features': None, 'max_leaf_nodes': 10, 'min_impurity_decrease': 0.05, 'min_samples_leaf': 5, 'min_samples_split': 8, 'n_estimators': 1000}",0.9456936020153639,0.9619133455493944,0.9640066760003168,0.9484826073206384,0.9550240577214284,0.008031153325482085,26
816,8.594059884548187,1.9544885790013744,0.22494107484817505,0.042924383547071454,entropy,30,,50,0.1,2,4,700,"{'criterion': 'entropy', 'max_depth': 30, 'max_features': None, 'max_leaf_nodes': 50, 'min_impurity_decrease': 0.1, 'min_samples_leaf': 2, 'min_samples_split': 4, 'n_estimators': 700}",0.8681470964645657,0.865457804016657,0.8880350548707546,0.8793402256015709,0.875245045238387,0.009035012674744667,671
817,5.9814494252204895,1.2302648533788316,0.14100998640060425,0.014989871812211866,entropy,30,,50,0.1,2,4,500,"{'criterion': 'entropy', 'max_depth': 30, 'max_features': None, 'max_leaf_nodes': 50, 'min_impurity_decrease': 0.1, 'min_samples_leaf': 2, 'min_samples_split': 4, 'n_estimators': 500}",0.8681470964645657,0.865457804016657,0.8880350548707546,0.8772999901395924,0.8747349863728924,0.008845019393507451,703
818,11.255592286586761,0.7100433731872207,0.261562705039978,0.01143408154925701,entropy,30,,50,0.1,2,4,1000,"{'criterion': 'entropy', 'max_depth': 30, 'max_features': None, 'max_leaf_nodes': 50, 'min_impurity_decrease': 0.1, 'min_samples_leaf': 2, 'min_samples_split': 4, 'n_estimators': 1000}",0.8681470964645657,0.865457804016657,0.8880350548707546,0.8772999901395924,0.8747349863728924,0.008845019393507451,703
819,8.722265303134918,1.2277067384968392,0.1811792254447937,0.024534219583784055,entropy,30,,50,0.1,2,8,700,"{'criterion': 'entropy', 'max_depth': 30, 'max_features': None, 'max_leaf_nodes': 50, 'min_impurity_decrease': 0.1, 'min_samples_leaf': 2, 'min_samples_split': 8, 'n_estimators': 700}",0.8681470964645657,0.865457804016657,0.8880350548707546,0.8772999901395924,0.8747349863728924,0.008845019393507451,703
820,5.22240424156189,0.3204470399777845,0.140419602394104,0.016847895671228512,entropy,30,,50,0.1,2,8,500,"{'criterion': 'entropy', 'max_depth': 30, 'max_features': None, 'max_leaf_nodes': 50, 'min_impurity_decrease': 0.1, 'min_samples_leaf': 2, 'min_samples_split': 8, 'n_estimators': 500}",0.8681470964645657,0.865457804016657,0.8880350548707546,0.8772999901395924,0.8747349863728924,0.008845019393507451,703
821,11.309191524982452,0.9667040143603284,0.29746007919311523,0.06293430838264794,entropy,30,,50,0.1,2,8,1000,"{'criterion': 'entropy', 'max_depth': 30, 'max_features': None, 'max_leaf_nodes': 50, 'min_impurity_decrease': 0.1, 'min_samples_leaf': 2, 'min_samples_split': 8, 'n_estimators': 1000}",0.8681470964645657,0.8661880065936227,0.8880350548707546,0.8793402256015709,0.8754275958826284,0.008840706638340017,666
822,9.40015184879303,0.8366686015841248,0.20455729961395264,0.022475221776062863,entropy,30,,50,0.1,5,4,700,"{'criterion': 'entropy', 'max_depth': 30, 'max_features': None, 'max_leaf_nodes': 50, 'min_impurity_decrease': 0.1, 'min_samples_leaf': 5, 'min_samples_split': 4, 'n_estimators': 700}",0.8681470964645657,0.865457804016657,0.8880350548707546,0.8793402256015709,0.875245045238387,0.009035012674744667,671
823,6.20164954662323,0.7867382477412971,0.15554553270339966,0.027051939279809954,entropy,30,,50,0.1,5,4,500,"{'criterion': 'entropy', 'max_depth': 30, 'max_features': None, 'max_leaf_nodes': 50, 'min_impurity_decrease': 0.1, 'min_samples_leaf': 5, 'min_samples_split': 4, 'n_estimators': 500}",0.8681470964645657,0.865457804016657,0.8880350548707546,0.8793402256015709,0.875245045238387,0.009035012674744667,671
824,11.993386566638947,0.54318472440931,0.2869476079940796,0.02529177950277277,entropy,30,,50,0.1,5,4,1000,"{'criterion': 'entropy', 'max_depth': 30, 'max_features': None, 'max_leaf_nodes': 50, 'min_impurity_decrease': 0.1, 'min_samples_leaf': 5, 'min_samples_split': 4, 'n_estimators': 1000}",0.8681470964645657,0.8879959206526955,0.8880350548707546,0.8793402256015709,0.8808795743973966,0.00815979279539547,512
825,7.740621268749237,0.6340295532325542,0.24494272470474243,0.06015784434634265,entropy,30,,50,0.1,5,8,700,"{'criterion': 'entropy', 'max_depth': 30, 'max_features': None, 'max_leaf_nodes': 50, 'min_impurity_decrease': 0.1, 'min_samples_leaf': 5, 'min_samples_split': 8, 'n_estimators': 700}",0.8681470964645657,0.8879959206526955,0.8880350548707546,0.8772999901395924,0.880369515531902,0.008302590897027005,522
826,5.411146283149719,0.49164180352560816,0.13053089380264282,0.004000493171356964,entropy,30,,50,0.1,5,8,500,"{'criterion': 'entropy', 'max_depth': 30, 'max_features': None, 'max_leaf_nodes': 50, 'min_impurity_decrease': 0.1, 'min_samples_leaf': 5, 'min_samples_split': 8, 'n_estimators': 500}",0.8681470964645657,0.8661880065936227,0.8880350548707546,0.8793402256015709,0.8754275958826284,0.008840706638340017,666
827,12.906990587711334,2.804357771877954,0.2994232177734375,0.07476062718813586,entropy,30,,50,0.1,5,8,1000,"{'criterion': 'entropy', 'max_depth': 30, 'max_features': None, 'max_leaf_nodes': 50, 'min_impurity_decrease': 0.1, 'min_samples_leaf': 5, 'min_samples_split': 8, 'n_estimators': 1000}",0.8681470964645657,0.865457804016657,0.8880350548707546,0.8772999901395924,0.8747349863728924,0.008845019393507451,703
828,9.910280704498291,1.886334724858008,0.22994506359100342,0.049372667081945716,entropy,30,,50,0.05,2,4,700,"{'criterion': 'entropy', 'max_depth': 30, 'max_features': None, 'max_leaf_nodes': 50, 'min_impurity_decrease': 0.05, 'min_samples_leaf': 2, 'min_samples_split': 4, 'n_estimators': 700}",0.9456936020153639,0.9619133455493944,0.9640066760003168,0.9484826073206384,0.9550240577214284,0.008031153325482085,26
829,6.649121642112732,1.1826174848272482,0.17742162942886353,0.023399345336491597,entropy,30,,50,0.05,2,4,500,"{'criterion': 'entropy', 'max_depth': 30, 'max_features': None, 'max_leaf_nodes': 50, 'min_impurity_decrease': 0.05, 'min_samples_leaf': 2, 'min_samples_split': 4, 'n_estimators': 500}",0.9456936020153639,0.9619133455493944,0.9640066760003168,0.9484826073206384,0.9550240577214284,0.008031153325482085,26
830,13.23031747341156,2.221316980844688,0.314963161945343,0.05245655410571427,entropy,30,,50,0.05,2,4,1000,"{'criterion': 'entropy', 'max_depth': 30, 'max_features': None, 'max_leaf_nodes': 50, 'min_impurity_decrease': 0.05, 'min_samples_leaf': 2, 'min_samples_split': 4, 'n_estimators': 1000}",0.9463995463995463,0.9619133455493944,0.9640066760003168,0.9484826073206384,0.955200543817474,0.007829398084138713,3
831,8.526115536689758,0.8403210536997173,0.20444029569625854,0.0396209190989343,entropy,30,,50,0.05,2,8,700,"{'criterion': 'entropy', 'max_depth': 30, 'max_features': None, 'max_leaf_nodes': 50, 'min_impurity_decrease': 0.05, 'min_samples_leaf': 2, 'min_samples_split': 8, 'n_estimators': 700}",0.9463995463995463,0.9619133455493944,0.9640066760003168,0.9484826073206384,0.955200543817474,0.007829398084138713,3
832,7.102037131786346,1.2259050451772284,0.15516448020935059,0.036869504891189384,entropy,30,,50,0.05,2,8,500,"{'criterion': 'entropy', 'max_depth': 30, 'max_features': None, 'max_leaf_nodes': 50, 'min_impurity_decrease': 0.05, 'min_samples_leaf': 2, 'min_samples_split': 8, 'n_estimators': 500}",0.9463995463995463,0.9619133455493944,0.9640066760003168,0.9484826073206384,0.955200543817474,0.007829398084138713,3
833,14.829311311244965,2.0465813859070283,0.3484780788421631,0.0875368954170599,entropy,30,,50,0.05,2,8,1000,"{'criterion': 'entropy', 'max_depth': 30, 'max_features': None, 'max_leaf_nodes': 50, 'min_impurity_decrease': 0.05, 'min_samples_leaf': 2, 'min_samples_split': 8, 'n_estimators': 1000}",0.9456936020153639,0.9619133455493944,0.9640066760003168,0.9484826073206384,0.9550240577214284,0.008031153325482085,26
834,10.130638599395752,1.4442976768760933,0.2813240885734558,0.06514589699701423,entropy,30,,50,0.05,5,4,700,"{'criterion': 'entropy', 'max_depth': 30, 'max_features': None, 'max_leaf_nodes': 50, 'min_impurity_decrease': 0.05, 'min_samples_leaf': 5, 'min_samples_split': 4, 'n_estimators': 700}",0.9456936020153639,0.9619133455493944,0.9640066760003168,0.9484826073206384,0.9550240577214284,0.008031153325482085,26
835,6.736892819404602,0.6937887423320003,0.19866997003555298,0.025362922060610287,entropy,30,,50,0.05,5,4,500,"{'criterion': 'entropy', 'max_depth': 30, 'max_features': None, 'max_leaf_nodes': 50, 'min_impurity_decrease': 0.05, 'min_samples_leaf': 5, 'min_samples_split': 4, 'n_estimators': 500}",0.9456936020153639,0.9619133455493944,0.9640066760003168,0.9491881984979181,0.9552004555157483,0.007892083212829139,14
836,14.016112744808197,0.8920471319231057,0.28982996940612793,0.027294570918305283,entropy,30,,50,0.05,5,4,1000,"{'criterion': 'entropy', 'max_depth': 30, 'max_features': None, 'max_leaf_nodes': 50, 'min_impurity_decrease': 0.05, 'min_samples_leaf': 5, 'min_samples_split': 4, 'n_estimators': 1000}",0.9456936020153639,0.9619133455493944,0.9640066760003168,0.9484826073206384,0.9550240577214284,0.008031153325482085,26
837,9.551952123641968,0.9514079230104792,0.23069071769714355,0.04766241886280839,entropy,30,,50,0.05,5,8,700,"{'criterion': 'entropy', 'max_depth': 30, 'max_features': None, 'max_leaf_nodes': 50, 'min_impurity_decrease': 0.05, 'min_samples_leaf': 5, 'min_samples_split': 8, 'n_estimators': 700}",0.9456936020153639,0.9619133455493944,0.9640066760003168,0.9484826073206384,0.9550240577214284,0.008031153325482085,26
838,6.552244424819946,1.1215811100229847,0.17643845081329346,0.028828291137321285,entropy,30,,50,0.05,5,8,500,"{'criterion': 'entropy', 'max_depth': 30, 'max_features': None, 'max_leaf_nodes': 50, 'min_impurity_decrease': 0.05, 'min_samples_leaf': 5, 'min_samples_split': 8, 'n_estimators': 500}",0.9456936020153639,0.9619133455493944,0.9640066760003168,0.9484826073206384,0.9550240577214284,0.008031153325482085,26
839,14.596085548400879,1.3159624273811728,0.29146385192871094,0.04498368871591384,entropy,30,,50,0.05,5,8,1000,"{'criterion': 'entropy', 'max_depth': 30, 'max_features': None, 'max_leaf_nodes': 50, 'min_impurity_decrease': 0.05, 'min_samples_leaf': 5, 'min_samples_split': 8, 'n_estimators': 1000}",0.9456936020153639,0.9619133455493944,0.9640066760003168,0.9484826073206384,0.9550240577214284,0.008031153325482085,26
840,8.392972469329834,0.8706673025330107,0.2116958498954773,0.031025111217791373,entropy,30,,100,0.1,2,4,700,"{'criterion': 'entropy', 'max_depth': 30, 'max_features': None, 'max_leaf_nodes': 100, 'min_impurity_decrease': 0.1, 'min_samples_leaf': 2, 'min_samples_split': 4, 'n_estimators': 700}",0.8681470964645657,0.865457804016657,0.8880350548707546,0.8793402256015709,0.875245045238387,0.009035012674744667,671
841,7.396167159080505,1.2997911312194053,0.16592305898666382,0.029472332018805444,entropy,30,,100,0.1,2,4,500,"{'criterion': 'entropy', 'max_depth': 30, 'max_features': None, 'max_leaf_nodes': 100, 'min_impurity_decrease': 0.1, 'min_samples_leaf': 2, 'min_samples_split': 4, 'n_estimators': 500}",0.8681470964645657,0.8661880065936227,0.8880350548707546,0.8772999901395924,0.8749175370171338,0.008657206885185866,701
842,12.40663754940033,1.495955029050328,0.28795820474624634,0.054649318064153025,entropy,30,,100,0.1,2,4,1000,"{'criterion': 'entropy', 'max_depth': 30, 'max_features': None, 'max_leaf_nodes': 100, 'min_impurity_decrease': 0.1, 'min_samples_leaf': 2, 'min_samples_split': 4, 'n_estimators': 1000}",0.8681470964645657,0.865457804016657,0.8880350548707546,0.8793402256015709,0.875245045238387,0.009035012674744667,671
843,7.240745544433594,0.05802689632666373,0.19381612539291382,0.04296617096384867,entropy,30,,100,0.1,2,8,700,"{'criterion': 'entropy', 'max_depth': 30, 'max_features': None, 'max_leaf_nodes': 100, 'min_impurity_decrease': 0.1, 'min_samples_leaf': 2, 'min_samples_split': 8, 'n_estimators': 700}",0.8681470964645657,0.865457804016657,0.8880350548707546,0.8793402256015709,0.875245045238387,0.009035012674744667,671
844,6.422499895095825,1.3648658128282578,0.1382824182510376,0.024352481357647955,entropy,30,,100,0.1,2,8,500,"{'criterion': 'entropy', 'max_depth': 30, 'max_features': None, 'max_leaf_nodes': 100, 'min_impurity_decrease': 0.1, 'min_samples_leaf': 2, 'min_samples_split': 8, 'n_estimators': 500}",0.8681470964645657,0.865457804016657,0.8880350548707546,0.8793402256015709,0.875245045238387,0.009035012674744667,671
845,12.869306683540344,1.7664841862319436,0.3594766855239868,0.04707964603011831,entropy,30,,100,0.1,2,8,1000,"{'criterion': 'entropy', 'max_depth': 30, 'max_features': None, 'max_leaf_nodes': 100, 'min_impurity_decrease': 0.1, 'min_samples_leaf': 2, 'min_samples_split': 8, 'n_estimators': 1000}",0.8681470964645657,0.865457804016657,0.8880350548707546,0.8793402256015709,0.875245045238387,0.009035012674744667,671
846,8.446662485599518,0.7712189487866381,0.23318976163864136,0.0687176839885296,entropy,30,,100,0.1,5,4,700,"{'criterion': 'entropy', 'max_depth': 30, 'max_features': None, 'max_leaf_nodes': 100, 'min_impurity_decrease': 0.1, 'min_samples_leaf': 5, 'min_samples_split': 4, 'n_estimators': 700}",0.8681470964645657,0.8661880065936227,0.8880350548707546,0.8793402256015709,0.8754275958826284,0.008840706638340017,666
847,6.580746412277222,1.564076074754189,0.1689242720603943,0.05540059241356107,entropy,30,,100,0.1,5,4,500,"{'criterion': 'entropy', 'max_depth': 30, 'max_features': None, 'max_leaf_nodes': 100, 'min_impurity_decrease': 0.1, 'min_samples_leaf': 5, 'min_samples_split': 4, 'n_estimators': 500}",0.8681470964645657,0.865457804016657,0.8880350548707546,0.8793402256015709,0.875245045238387,0.009035012674744667,671
848,12.320511817932129,1.1796465771525348,0.24807018041610718,0.011071677083975788,entropy,30,,100,0.1,5,4,1000,"{'criterion': 'entropy', 'max_depth': 30, 'max_features': None, 'max_leaf_nodes': 100, 'min_impurity_decrease': 0.1, 'min_samples_leaf': 5, 'min_samples_split': 4, 'n_estimators': 1000}",0.8681470964645657,0.8879959206526955,0.8880350548707546,0.8772999901395924,0.880369515531902,0.008302590897027005,522
849,8.92188048362732,1.0610194416497936,0.21818029880523682,0.04010657071537718,entropy,30,,100,0.1,5,8,700,"{'criterion': 'entropy', 'max_depth': 30, 'max_features': None, 'max_leaf_nodes': 100, 'min_impurity_decrease': 0.1, 'min_samples_leaf': 5, 'min_samples_split': 8, 'n_estimators': 700}",0.8681470964645657,0.865457804016657,0.8880350548707546,0.8772999901395924,0.8747349863728924,0.008845019393507451,703
850,6.078748643398285,1.220492433886962,0.14391350746154785,0.031212868471599386,entropy,30,,100,0.1,5,8,500,"{'criterion': 'entropy', 'max_depth': 30, 'max_features': None, 'max_leaf_nodes': 100, 'min_impurity_decrease': 0.1, 'min_samples_leaf': 5, 'min_samples_split': 8, 'n_estimators': 500}",0.8681470964645657,0.865457804016657,0.8880350548707546,0.8772999901395924,0.8747349863728924,0.008845019393507451,703
851,12.259233474731445,1.8101355968245576,0.2980954647064209,0.04478788626801037,entropy,30,,100,0.1,5,8,1000,"{'criterion': 'entropy', 'max_depth': 30, 'max_features': None, 'max_leaf_nodes': 100, 'min_impurity_decrease': 0.1, 'min_samples_leaf': 5, 'min_samples_split': 8, 'n_estimators': 1000}",0.8681470964645657,0.865457804016657,0.8880350548707546,0.8793402256015709,0.875245045238387,0.009035012674744667,671
852,9.786056160926819,1.1639054795683963,0.20655977725982666,0.0496060758359148,entropy,30,,100,0.05,2,4,700,"{'criterion': 'entropy', 'max_depth': 30, 'max_features': None, 'max_leaf_nodes': 100, 'min_impurity_decrease': 0.05, 'min_samples_leaf': 2, 'min_samples_split': 4, 'n_estimators': 700}",0.9463995463995463,0.9619133455493944,0.9640066760003168,0.9484826073206384,0.955200543817474,0.007829398084138713,3
853,6.46622097492218,0.6556384881621438,0.16554617881774902,0.03368340632542607,entropy,30,,100,0.05,2,4,500,"{'criterion': 'entropy', 'max_depth': 30, 'max_features': None, 'max_leaf_nodes': 100, 'min_impurity_decrease': 0.05, 'min_samples_leaf': 2, 'min_samples_split': 4, 'n_estimators': 500}",0.9456936020153639,0.9619133455493944,0.9640066760003168,0.9484826073206384,0.9550240577214284,0.008031153325482085,26
854,12.348452925682068,1.1710100465048687,0.35334712266921997,0.09217279042647915,entropy,30,,100,0.05,2,4,1000,"{'criterion': 'entropy', 'max_depth': 30, 'max_features': None, 'max_leaf_nodes': 100, 'min_impurity_decrease': 0.05, 'min_samples_leaf': 2, 'min_samples_split': 4, 'n_estimators': 1000}",0.9456936020153639,0.9619133455493944,0.9640066760003168,0.9484826073206384,0.9550240577214284,0.008031153325482085,26
855,9.28931587934494,0.8724674831850422,0.19030332565307617,0.021912829244594877,entropy,30,,100,0.05,2,8,700,"{'criterion': 'entropy', 'max_depth': 30, 'max_features': None, 'max_leaf_nodes': 100, 'min_impurity_decrease': 0.05, 'min_samples_leaf': 2, 'min_samples_split': 8, 'n_estimators': 700}",0.9456936020153639,0.9619133455493944,0.9640066760003168,0.9484826073206384,0.9550240577214284,0.008031153325482085,26
856,6.185840487480164,0.5615615664463479,0.17367589473724365,0.03473175136877759,entropy,30,,100,0.05,2,8,500,"{'criterion': 'entropy', 'max_depth': 30, 'max_features': None, 'max_leaf_nodes': 100, 'min_impurity_decrease': 0.05, 'min_samples_leaf': 2, 'min_samples_split': 8, 'n_estimators': 500}",0.9456936020153639,0.9619133455493944,0.9640066760003168,0.9484826073206384,0.9550240577214284,0.008031153325482085,26
857,12.822960495948792,0.5241413830161252,0.2641984820365906,0.020858348554551685,entropy,30,,100,0.05,2,8,1000,"{'criterion': 'entropy', 'max_depth': 30, 'max_features': None, 'max_leaf_nodes': 100, 'min_impurity_decrease': 0.05, 'min_samples_leaf': 2, 'min_samples_split': 8, 'n_estimators': 1000}",0.9463995463995463,0.9619133455493944,0.9640066760003168,0.9491881984979181,0.9553769416117939,0.0076826274505921045,1
858,9.912451326847076,0.792394281402182,0.209672212600708,0.02932666340114672,entropy,30,,100,0.05,5,4,700,"{'criterion': 'entropy', 'max_depth': 30, 'max_features': None, 'max_leaf_nodes': 100, 'min_impurity_decrease': 0.05, 'min_samples_leaf': 5, 'min_samples_split': 4, 'n_estimators': 700}",0.9456936020153639,0.9619133455493944,0.9640066760003168,0.9484826073206384,0.9550240577214284,0.008031153325482085,26
859,6.7756311893463135,1.0225679501879126,0.17028933763504028,0.04120213763785811,entropy,30,,100,0.05,5,4,500,"{'criterion': 'entropy', 'max_depth': 30, 'max_features': None, 'max_leaf_nodes': 100, 'min_impurity_decrease': 0.05, 'min_samples_leaf': 5, 'min_samples_split': 4, 'n_estimators': 500}",0.9456936020153639,0.9619133455493944,0.9640066760003168,0.9491881984979181,0.9552004555157483,0.007892083212829139,14
860,12.072871088981628,0.41269464624426505,0.182772696018219,0.023829270323816053,entropy,30,,100,0.05,5,4,1000,"{'criterion': 'entropy', 'max_depth': 30, 'max_features': None, 'max_leaf_nodes': 100, 'min_impurity_decrease': 0.05, 'min_samples_leaf': 5, 'min_samples_split': 4, 'n_estimators': 1000}",0.9456936020153639,0.9619133455493944,0.9640066760003168,0.9491881984979181,0.9552004555157483,0.007892083212829139,14
861,8.346531093120575,1.0018443714573972,0.17604106664657593,0.030452428075619802,entropy,30,,100,0.05,5,8,700,"{'criterion': 'entropy', 'max_depth': 30, 'max_features': None, 'max_leaf_nodes': 100, 'min_impurity_decrease': 0.05, 'min_samples_leaf': 5, 'min_samples_split': 8, 'n_estimators': 700}",0.9456936020153639,0.9619133455493944,0.9640066760003168,0.9484826073206384,0.9550240577214284,0.008031153325482085,26
862,5.675195395946503,0.23506401518200795,0.10740649700164795,0.007384272131750311,entropy,30,,100,0.05,5,8,500,"{'criterion': 'entropy', 'max_depth': 30, 'max_features': None, 'max_leaf_nodes': 100, 'min_impurity_decrease': 0.05, 'min_samples_leaf': 5, 'min_samples_split': 8, 'n_estimators': 500}",0.9456936020153639,0.9619133455493944,0.9640066760003168,0.9484826073206384,0.9550240577214284,0.008031153325482085,26
863,8.809362649917603,0.33742052354346447,0.12657690048217773,0.03161886261136278,entropy,30,,100,0.05,5,8,1000,"{'criterion': 'entropy', 'max_depth': 30, 'max_features': None, 'max_leaf_nodes': 100, 'min_impurity_decrease': 0.05, 'min_samples_leaf': 5, 'min_samples_split': 8, 'n_estimators': 1000}",0.9456936020153639,0.9619133455493944,0.9640066760003168,0.9491881984979181,0.9552004555157483,0.007892083212829139,14
