,mean_fit_time,std_fit_time,mean_score_time,std_score_time,param_criterion,param_max_depth,param_max_features,param_max_leaf_nodes,param_min_impurity_decrease,param_min_samples_leaf,param_min_samples_split,param_n_estimators,params,split0_test_score,split1_test_score,split2_test_score,split3_test_score,mean_test_score,std_test_score,rank_test_score
0,4.246217906475067,0.426698626890669,0.15470069646835327,0.029193217091297567,gini,10,sqrt,10,0.1,2,4,700,"{'criterion': 'gini', 'max_depth': 10, 'max_features': 'sqrt', 'max_leaf_nodes': 10, 'min_impurity_decrease': 0.1, 'min_samples_leaf': 2, 'min_samples_split': 4, 'n_estimators': 700}",0.8852503236944325,0.8730698970195014,0.8972379559123247,0.8819323141912919,0.8843726227043877,0.008660165574716905,253
1,3.4785539507865906,0.5282309233634128,0.13242143392562866,0.022227177049299836,gini,10,sqrt,10,0.1,2,4,500,"{'criterion': 'gini', 'max_depth': 10, 'max_features': 'sqrt', 'max_leaf_nodes': 10, 'min_impurity_decrease': 0.1, 'min_samples_leaf': 2, 'min_samples_split': 4, 'n_estimators': 500}",0.8708731607345854,0.8730698970195014,0.8972379559123247,0.8819323141912919,0.8807783319644259,0.010365607578414761,283
2,4.638485610485077,0.6226204495182457,0.17869126796722412,0.013451960018700422,gini,10,sqrt,10,0.1,2,8,700,"{'criterion': 'gini', 'max_depth': 10, 'max_features': 'sqrt', 'max_leaf_nodes': 10, 'min_impurity_decrease': 0.1, 'min_samples_leaf': 2, 'min_samples_split': 8, 'n_estimators': 700}",0.8672509973722139,0.8730698970195014,0.9115696591444086,0.8819323141912919,0.883455716931854,0.01705265883886741,258
3,3.7897995114326477,0.2697240798750566,0.10628873109817505,0.016862862629035316,gini,10,sqrt,10,0.1,2,8,500,"{'criterion': 'gini', 'max_depth': 10, 'max_features': 'sqrt', 'max_leaf_nodes': 10, 'min_impurity_decrease': 0.1, 'min_samples_leaf': 2, 'min_samples_split': 8, 'n_estimators': 500}",0.8708731607345854,0.8730698970195014,0.8972379559123247,0.8819323141912919,0.8807783319644259,0.010365607578414761,283
4,5.072036802768707,0.15144255393361664,0.1701992154121399,0.02246581230761949,gini,10,sqrt,10,0.1,5,4,700,"{'criterion': 'gini', 'max_depth': 10, 'max_features': 'sqrt', 'max_leaf_nodes': 10, 'min_impurity_decrease': 0.1, 'min_samples_leaf': 5, 'min_samples_split': 4, 'n_estimators': 700}",0.8672509973722139,0.8730698970195014,0.8972379559123247,0.8819323141912919,0.879872791123833,0.011306852226637033,311
5,2.658643066883087,0.39710760265490797,0.11041271686553955,0.008665693382987902,gini,10,sqrt,10,0.1,5,4,500,"{'criterion': 'gini', 'max_depth': 10, 'max_features': 'sqrt', 'max_leaf_nodes': 10, 'min_impurity_decrease': 0.1, 'min_samples_leaf': 5, 'min_samples_split': 4, 'n_estimators': 500}",0.8672509973722139,0.8730698970195014,0.8972379559123247,0.8819323141912919,0.879872791123833,0.011306852226637033,311
6,3.7094863057136536,0.2468909112776066,0.21507054567337036,0.033027143085474914,gini,10,sqrt,10,0.1,5,8,700,"{'criterion': 'gini', 'max_depth': 10, 'max_features': 'sqrt', 'max_leaf_nodes': 10, 'min_impurity_decrease': 0.1, 'min_samples_leaf': 5, 'min_samples_split': 8, 'n_estimators': 700}",0.8708731607345854,0.8730698970195014,0.9000351733375094,0.8819323141912919,0.8814776363207221,0.011486229741626221,265
7,2.4450995922088623,0.286560892032267,0.1087835431098938,0.00884307864244482,gini,10,sqrt,10,0.1,5,8,500,"{'criterion': 'gini', 'max_depth': 10, 'max_features': 'sqrt', 'max_leaf_nodes': 10, 'min_impurity_decrease': 0.1, 'min_samples_leaf': 5, 'min_samples_split': 8, 'n_estimators': 500}",0.8722637600216196,0.8730698970195014,0.8972379559123247,0.8841091718284702,0.8816701961954789,0.010133483262789972,262
8,3.555456757545471,0.2213201129354231,0.16943711042404175,0.026648372056351514,gini,10,sqrt,10,0.05,2,4,700,"{'criterion': 'gini', 'max_depth': 10, 'max_features': 'sqrt', 'max_leaf_nodes': 10, 'min_impurity_decrease': 0.05, 'min_samples_leaf': 2, 'min_samples_split': 4, 'n_estimators': 700}",0.8871016281637527,0.892782049388218,0.9121287772403391,0.8876778002536564,0.8949225637614916,0.010177047901654801,137
9,2.567070245742798,0.29237651570306616,0.11266791820526123,0.014331667854527986,gini,10,sqrt,10,0.05,2,4,500,"{'criterion': 'gini', 'max_depth': 10, 'max_features': 'sqrt', 'max_leaf_nodes': 10, 'min_impurity_decrease': 0.05, 'min_samples_leaf': 2, 'min_samples_split': 4, 'n_estimators': 500}",0.8870749382814367,0.892782049388218,0.920035976594239,0.8876778002536564,0.8968926911293875,0.013544477864308103,113
10,4.689339280128479,0.9363500006871318,0.5534479022026062,0.08816669720804768,gini,10,sqrt,10,0.05,2,8,700,"{'criterion': 'gini', 'max_depth': 10, 'max_features': 'sqrt', 'max_leaf_nodes': 10, 'min_impurity_decrease': 0.05, 'min_samples_leaf': 2, 'min_samples_split': 8, 'n_estimators': 700}",0.8871016281637527,0.892782049388218,0.9121287772403391,0.886953118532066,0.894741393331094,0.010309987682476356,145
11,3.3398513197898865,0.6707640421476513,0.36479854583740234,0.1482407381676278,gini,10,sqrt,10,0.05,2,8,500,"{'criterion': 'gini', 'max_depth': 10, 'max_features': 'sqrt', 'max_leaf_nodes': 10, 'min_impurity_decrease': 0.05, 'min_samples_leaf': 2, 'min_samples_split': 8, 'n_estimators': 500}",0.8870749382814367,0.892782049388218,0.9121287772403391,0.8876778002536564,0.8949158912909125,0.010182180880514728,139
12,7.512148797512054,0.3424361012792377,0.6399372816085815,0.007488462087000928,gini,10,sqrt,10,0.05,5,4,700,"{'criterion': 'gini', 'max_depth': 10, 'max_features': 'sqrt', 'max_leaf_nodes': 10, 'min_impurity_decrease': 0.05, 'min_samples_leaf': 5, 'min_samples_split': 4, 'n_estimators': 700}",0.8871016281637527,0.886992074077527,0.9121287772403391,0.8876778002536564,0.8934750699338188,0.010772872496356072,164
13,4.77763968706131,0.5658014196584492,0.4707118272781372,0.010250732128064472,gini,10,sqrt,10,0.05,5,4,500,"{'criterion': 'gini', 'max_depth': 10, 'max_features': 'sqrt', 'max_leaf_nodes': 10, 'min_impurity_decrease': 0.05, 'min_samples_leaf': 5, 'min_samples_split': 4, 'n_estimators': 500}",0.8871016281637527,0.892782049388218,0.9114120309589007,0.8876778002536564,0.894743377191132,0.009874329481502419,142
14,9.883693218231201,0.987882482740195,0.9848825931549072,0.1408238719005596,gini,10,sqrt,10,0.05,5,8,700,"{'criterion': 'gini', 'max_depth': 10, 'max_features': 'sqrt', 'max_leaf_nodes': 10, 'min_impurity_decrease': 0.05, 'min_samples_leaf': 5, 'min_samples_split': 8, 'n_estimators': 700}",0.8871016281637527,0.897899303367955,0.9114120309589007,0.8876778002536564,0.8960226906860662,0.009868840130010995,125
15,8.09102350473404,0.4572215210787438,0.6409897804260254,0.1303650132566548,gini,10,sqrt,10,0.05,5,8,500,"{'criterion': 'gini', 'max_depth': 10, 'max_features': 'sqrt', 'max_leaf_nodes': 10, 'min_impurity_decrease': 0.05, 'min_samples_leaf': 5, 'min_samples_split': 8, 'n_estimators': 500}",0.887824768633954,0.892782049388218,0.9114120309589007,0.8876778002536564,0.8949241623086822,0.009738449747934284,136
16,10.963917255401611,0.1822228980551598,0.15603768825531006,0.018653778460773863,gini,10,sqrt,50,0.1,2,4,700,"{'criterion': 'gini', 'max_depth': 10, 'max_features': 'sqrt', 'max_leaf_nodes': 50, 'min_impurity_decrease': 0.1, 'min_samples_leaf': 2, 'min_samples_split': 4, 'n_estimators': 700}",0.8708731607345854,0.8730698970195014,0.8972379559123247,0.8819323141912919,0.8807783319644259,0.010365607578414761,283
17,8.619551062583923,0.20398708839149216,0.36251336336135864,0.25964655600927117,gini,10,sqrt,50,0.1,2,4,500,"{'criterion': 'gini', 'max_depth': 10, 'max_features': 'sqrt', 'max_leaf_nodes': 50, 'min_impurity_decrease': 0.1, 'min_samples_leaf': 2, 'min_samples_split': 4, 'n_estimators': 500}",0.8672509973722139,0.8730698970195014,0.8972379559123247,0.8841091718284702,0.8804170055331275,0.01144443355977174,304
18,8.369178354740143,0.1251251063936609,0.15427231788635254,0.023044122951535403,gini,10,sqrt,50,0.1,2,8,700,"{'criterion': 'gini', 'max_depth': 10, 'max_features': 'sqrt', 'max_leaf_nodes': 50, 'min_impurity_decrease': 0.1, 'min_samples_leaf': 2, 'min_samples_split': 8, 'n_estimators': 700}",0.8708731607345854,0.8730698970195014,0.8972379559123247,0.8841091718284702,0.8813225463737204,0.010468541252314079,268
19,5.903378248214722,0.3022087611744941,0.11147117614746094,0.016342162375488797,gini,10,sqrt,50,0.1,2,8,500,"{'criterion': 'gini', 'max_depth': 10, 'max_features': 'sqrt', 'max_leaf_nodes': 50, 'min_impurity_decrease': 0.1, 'min_samples_leaf': 2, 'min_samples_split': 8, 'n_estimators': 500}",0.8672509973722139,0.8730698970195014,0.8972379559123247,0.8841091718284702,0.8804170055331275,0.01144443355977174,304
20,5.29964554309845,0.4707281501446631,0.165330171585083,0.012714693092734767,gini,10,sqrt,50,0.1,5,4,700,"{'criterion': 'gini', 'max_depth': 10, 'max_features': 'sqrt', 'max_leaf_nodes': 50, 'min_impurity_decrease': 0.1, 'min_samples_leaf': 5, 'min_samples_split': 4, 'n_estimators': 700}",0.8672509973722139,0.8730698970195014,0.8972379559123247,0.8819323141912919,0.879872791123833,0.011306852226637033,311
21,2.689446270465851,0.33474938440005864,0.10104125738143921,0.009886100326105096,gini,10,sqrt,50,0.1,5,4,500,"{'criterion': 'gini', 'max_depth': 10, 'max_features': 'sqrt', 'max_leaf_nodes': 50, 'min_impurity_decrease': 0.1, 'min_samples_leaf': 5, 'min_samples_split': 4, 'n_estimators': 500}",0.8708731607345854,0.8730698970195014,0.9115696591444086,0.8928141867775428,0.8870817259190096,0.016519450018032025,226
22,3.2359089851379395,0.09441562109986662,0.15996694564819336,0.028916228173931843,gini,10,sqrt,50,0.1,5,8,700,"{'criterion': 'gini', 'max_depth': 10, 'max_features': 'sqrt', 'max_leaf_nodes': 50, 'min_impurity_decrease': 0.1, 'min_samples_leaf': 5, 'min_samples_split': 8, 'n_estimators': 700}",0.8708731607345854,0.8730698970195014,0.8972379559123247,0.8819323141912919,0.8807783319644259,0.010365607578414761,283
23,2.327083945274353,0.12309388587167017,0.11870366334915161,0.010813814526225029,gini,10,sqrt,50,0.1,5,8,500,"{'criterion': 'gini', 'max_depth': 10, 'max_features': 'sqrt', 'max_leaf_nodes': 50, 'min_impurity_decrease': 0.1, 'min_samples_leaf': 5, 'min_samples_split': 8, 'n_estimators': 500}",0.8708731607345854,0.8730698970195014,0.8943634101226163,0.8819323141912919,0.8800596955169988,0.009237865778446538,310
24,4.053712725639343,0.22832003330984724,0.1811131238937378,0.0014979344730098913,gini,10,sqrt,50,0.05,2,4,700,"{'criterion': 'gini', 'max_depth': 10, 'max_features': 'sqrt', 'max_leaf_nodes': 50, 'min_impurity_decrease': 0.05, 'min_samples_leaf': 2, 'min_samples_split': 4, 'n_estimators': 700}",0.8871016281637527,0.886295523387399,0.9121287772403391,0.8876778002536564,0.8933009322612868,0.010881342804480894,165
25,2.7341354489326477,0.39351553750078455,0.13065260648727417,0.03310002764595256,gini,10,sqrt,50,0.05,2,4,500,"{'criterion': 'gini', 'max_depth': 10, 'max_features': 'sqrt', 'max_leaf_nodes': 50, 'min_impurity_decrease': 0.05, 'min_samples_leaf': 2, 'min_samples_split': 4, 'n_estimators': 500}",0.8943206912505783,0.892782049388218,0.9114120309589007,0.8876778002536564,0.8965481429628384,0.008926969643740665,117
26,4.0558366775512695,0.1853456289884602,0.19728714227676392,0.010852762126128237,gini,10,sqrt,50,0.05,2,8,700,"{'criterion': 'gini', 'max_depth': 10, 'max_features': 'sqrt', 'max_leaf_nodes': 50, 'min_impurity_decrease': 0.05, 'min_samples_leaf': 2, 'min_samples_split': 8, 'n_estimators': 700}",0.8871016281637527,0.892782049388218,0.9114120309589007,0.8876778002536564,0.894743377191132,0.009874329481502419,142
27,2.900962769985199,0.3466463279921539,0.1265268325805664,0.025357235010510848,gini,10,sqrt,50,0.05,2,8,500,"{'criterion': 'gini', 'max_depth': 10, 'max_features': 'sqrt', 'max_leaf_nodes': 50, 'min_impurity_decrease': 0.05, 'min_samples_leaf': 2, 'min_samples_split': 8, 'n_estimators': 500}",0.8899925173489893,0.892782049388218,0.9121287772403391,0.886953118532066,0.8954641156274031,0.00983971398545477,130
28,3.9145753383636475,0.22484816663701318,0.18066531419754028,0.027713153752169702,gini,10,sqrt,50,0.05,5,4,700,"{'criterion': 'gini', 'max_depth': 10, 'max_features': 'sqrt', 'max_leaf_nodes': 50, 'min_impurity_decrease': 0.05, 'min_samples_leaf': 5, 'min_samples_split': 4, 'n_estimators': 700}",0.8870749382814367,0.892782049388218,0.9114120309589007,0.8876778002536564,0.8947367047205529,0.009879498720379156,147
29,2.641784369945526,0.1935804431200076,0.12410587072372437,0.01558557597028973,gini,10,sqrt,50,0.05,5,4,500,"{'criterion': 'gini', 'max_depth': 10, 'max_features': 'sqrt', 'max_leaf_nodes': 50, 'min_impurity_decrease': 0.05, 'min_samples_leaf': 5, 'min_samples_split': 4, 'n_estimators': 500}",0.8871016281637527,0.892782049388218,0.9214274117608858,0.8891263000770416,0.8976093473474746,0.013901234220611548,106
30,4.629514157772064,0.29751757354773345,0.18761003017425537,0.03007346233631609,gini,10,sqrt,50,0.05,5,8,700,"{'criterion': 'gini', 'max_depth': 10, 'max_features': 'sqrt', 'max_leaf_nodes': 50, 'min_impurity_decrease': 0.05, 'min_samples_leaf': 5, 'min_samples_split': 8, 'n_estimators': 700}",0.8899925173489893,0.892782049388218,0.9106435752579466,0.8876778002536564,0.8952739855622025,0.009055798847143307,134
31,3.037728428840637,0.17678154392281048,0.14658266305923462,0.04788219773013161,gini,10,sqrt,50,0.05,5,8,500,"{'criterion': 'gini', 'max_depth': 10, 'max_features': 'sqrt', 'max_leaf_nodes': 50, 'min_impurity_decrease': 0.05, 'min_samples_leaf': 5, 'min_samples_split': 8, 'n_estimators': 500}",0.8871016281637527,0.8920845875465886,0.9114120309589007,0.886953118532066,0.894387841300327,0.010043555345315749,156
32,3.94430148601532,0.258704109340912,0.1494949460029602,0.01679697105716734,gini,10,log2,10,0.1,2,4,700,"{'criterion': 'gini', 'max_depth': 10, 'max_features': 'log2', 'max_leaf_nodes': 10, 'min_impurity_decrease': 0.1, 'min_samples_leaf': 2, 'min_samples_split': 4, 'n_estimators': 700}",0.8672509973722139,0.8730698970195014,0.8972379559123247,0.8819323141912919,0.879872791123833,0.011306852226637033,311
33,2.9271536469459534,0.2585228695842572,0.13851916790008545,0.03188706464389692,gini,10,log2,10,0.1,2,4,500,"{'criterion': 'gini', 'max_depth': 10, 'max_features': 'log2', 'max_leaf_nodes': 10, 'min_impurity_decrease': 0.1, 'min_samples_leaf': 2, 'min_samples_split': 4, 'n_estimators': 500}",0.8708731607345854,0.8730698970195014,0.8972379559123247,0.8819323141912919,0.8807783319644259,0.010365607578414761,283
34,3.8828535079956055,0.26320207419759595,0.17669975757598877,0.019182939284661665,gini,10,log2,10,0.1,2,8,700,"{'criterion': 'gini', 'max_depth': 10, 'max_features': 'log2', 'max_leaf_nodes': 10, 'min_impurity_decrease': 0.1, 'min_samples_leaf': 2, 'min_samples_split': 8, 'n_estimators': 700}",0.8852503236944325,0.8730698970195014,0.8972379559123247,0.8819323141912919,0.8843726227043877,0.008660165574716905,253
35,2.476340413093567,0.37883789437549603,0.11769449710845947,0.025833088348157722,gini,10,log2,10,0.1,2,8,500,"{'criterion': 'gini', 'max_depth': 10, 'max_features': 'log2', 'max_leaf_nodes': 10, 'min_impurity_decrease': 0.1, 'min_samples_leaf': 2, 'min_samples_split': 8, 'n_estimators': 500}",0.8708731607345854,0.8730698970195014,0.8972379559123247,0.8819323141912919,0.8807783319644259,0.010365607578414761,283
36,3.3583061695098877,0.2526702957161571,0.1564381718635559,0.03458993925216105,gini,10,log2,10,0.1,5,4,700,"{'criterion': 'gini', 'max_depth': 10, 'max_features': 'log2', 'max_leaf_nodes': 10, 'min_impurity_decrease': 0.1, 'min_samples_leaf': 5, 'min_samples_split': 4, 'n_estimators': 700}",0.8708731607345854,0.8730698970195014,0.8972379559123247,0.8819323141912919,0.8807783319644259,0.010365607578414761,283
37,2.5300822257995605,0.3649526129929598,0.10652488470077515,0.014653585123653444,gini,10,log2,10,0.1,5,4,500,"{'criterion': 'gini', 'max_depth': 10, 'max_features': 'log2', 'max_leaf_nodes': 10, 'min_impurity_decrease': 0.1, 'min_samples_leaf': 5, 'min_samples_split': 4, 'n_estimators': 500}",0.8672509973722139,0.8730698970195014,0.8972379559123247,0.8841091718284702,0.8804170055331275,0.01144443355977174,304
38,3.638591170310974,0.45019405879720575,0.17550545930862427,0.030385385125341915,gini,10,log2,10,0.1,5,8,700,"{'criterion': 'gini', 'max_depth': 10, 'max_features': 'log2', 'max_leaf_nodes': 10, 'min_impurity_decrease': 0.1, 'min_samples_leaf': 5, 'min_samples_split': 8, 'n_estimators': 700}",0.8672509973722139,0.8730698970195014,0.8972379559123247,0.8819323141912919,0.879872791123833,0.011306852226637033,311
39,2.414109706878662,0.23981953645388518,0.12014693021774292,0.013897005406468496,gini,10,log2,10,0.1,5,8,500,"{'criterion': 'gini', 'max_depth': 10, 'max_features': 'log2', 'max_leaf_nodes': 10, 'min_impurity_decrease': 0.1, 'min_samples_leaf': 5, 'min_samples_split': 8, 'n_estimators': 500}",0.8708731607345854,0.8730698970195014,0.8972379559123247,0.8819323141912919,0.8807783319644259,0.010365607578414761,283
40,3.8397815227508545,0.30666995910358796,0.18071740865707397,0.013526384372989114,gini,10,log2,10,0.05,2,4,700,"{'criterion': 'gini', 'max_depth': 10, 'max_features': 'log2', 'max_leaf_nodes': 10, 'min_impurity_decrease': 0.05, 'min_samples_leaf': 2, 'min_samples_split': 4, 'n_estimators': 700}",0.8870749382814367,0.8993381059030554,0.9121287772403391,0.886953118532066,0.8963737349892243,0.010395004640388866,121
41,2.469345808029175,0.26526827685180343,0.10976183414459229,0.019763694792645278,gini,10,log2,10,0.05,2,4,500,"{'criterion': 'gini', 'max_depth': 10, 'max_features': 'log2', 'max_leaf_nodes': 10, 'min_impurity_decrease': 0.05, 'min_samples_leaf': 2, 'min_samples_split': 4, 'n_estimators': 500}",0.8870749382814367,0.8993381059030554,0.9121287772403391,0.8920199091175256,0.8976404326355892,0.009434169007837823,105
42,3.823331892490387,0.3163481957157111,0.17025959491729736,0.02663356219704917,gini,10,log2,10,0.05,2,8,700,"{'criterion': 'gini', 'max_depth': 10, 'max_features': 'log2', 'max_leaf_nodes': 10, 'min_impurity_decrease': 0.05, 'min_samples_leaf': 2, 'min_samples_split': 8, 'n_estimators': 700}",0.8870749382814367,0.8971128446064182,0.9114120309589007,0.8876778002536564,0.8958194035251029,0.00984320065257449,128
43,2.4670315384864807,0.1838189735601623,0.11537235975265503,0.014692097094497444,gini,10,log2,10,0.05,2,8,500,"{'criterion': 'gini', 'max_depth': 10, 'max_features': 'log2', 'max_leaf_nodes': 10, 'min_impurity_decrease': 0.05, 'min_samples_leaf': 2, 'min_samples_split': 8, 'n_estimators': 500}",0.9018374781801023,0.892782049388218,0.9121287772403391,0.8884021933404198,0.8987876245372698,0.009099616430167896,103
44,3.5126808881759644,0.20335680438040404,0.17683976888656616,0.025037898149461345,gini,10,log2,10,0.05,5,4,700,"{'criterion': 'gini', 'max_depth': 10, 'max_features': 'log2', 'max_leaf_nodes': 10, 'min_impurity_decrease': 0.05, 'min_samples_leaf': 5, 'min_samples_split': 4, 'n_estimators': 700}",0.8871016281637527,0.892782049388218,0.9149936010238362,0.8898501227453841,0.8961818503302977,0.011045155266054239,123
45,2.577437698841095,0.3160151589020208,0.11188733577728271,0.01842596048031175,gini,10,log2,10,0.05,5,4,500,"{'criterion': 'gini', 'max_depth': 10, 'max_features': 'log2', 'max_leaf_nodes': 10, 'min_impurity_decrease': 0.05, 'min_samples_leaf': 5, 'min_samples_split': 4, 'n_estimators': 500}",0.8871016281637527,0.892782049388218,0.9099778745235869,0.8876778002536564,0.8943848380823035,0.00927012972144485,157
46,3.6290007829666138,0.2642424902769733,0.16877108812332153,0.024783159279482773,gini,10,log2,10,0.05,5,8,700,"{'criterion': 'gini', 'max_depth': 10, 'max_features': 'log2', 'max_leaf_nodes': 10, 'min_impurity_decrease': 0.05, 'min_samples_leaf': 5, 'min_samples_split': 8, 'n_estimators': 700}",0.8870749382814367,0.892782049388218,0.9121287772403391,0.886953118532066,0.894734720860515,0.010314937314158739,149
47,2.574871003627777,0.28144054765803395,0.1258399486541748,0.01584996596376804,gini,10,log2,10,0.05,5,8,500,"{'criterion': 'gini', 'max_depth': 10, 'max_features': 'log2', 'max_leaf_nodes': 10, 'min_impurity_decrease': 0.05, 'min_samples_leaf': 5, 'min_samples_split': 8, 'n_estimators': 500}",0.8871016281637527,0.892782049388218,0.9114120309589007,0.886953118532066,0.8945622067607344,0.010008046668224455,152
48,3.5574461817741394,0.3998825930270702,0.20189261436462402,0.0654301860994938,gini,10,log2,50,0.1,2,4,700,"{'criterion': 'gini', 'max_depth': 10, 'max_features': 'log2', 'max_leaf_nodes': 50, 'min_impurity_decrease': 0.1, 'min_samples_leaf': 2, 'min_samples_split': 4, 'n_estimators': 700}",0.8722637600216196,0.8730698970195014,0.8972379559123247,0.8819323141912919,0.8811259817861844,0.010045961359686377,275
49,2.3720840215682983,0.13708794732292692,0.1468186378479004,0.03663791192426411,gini,10,log2,50,0.1,2,4,500,"{'criterion': 'gini', 'max_depth': 10, 'max_features': 'log2', 'max_leaf_nodes': 50, 'min_impurity_decrease': 0.1, 'min_samples_leaf': 2, 'min_samples_split': 4, 'n_estimators': 500}",0.8722637600216196,0.8730698970195014,0.9115696591444086,0.8841091718284702,0.8852531220034999,0.015898295858352368,251
50,3.5865451097488403,0.3490897241627858,0.1643909215927124,0.03224001388485686,gini,10,log2,50,0.1,2,8,700,"{'criterion': 'gini', 'max_depth': 10, 'max_features': 'log2', 'max_leaf_nodes': 50, 'min_impurity_decrease': 0.1, 'min_samples_leaf': 2, 'min_samples_split': 8, 'n_estimators': 700}",0.8722637600216196,0.8730698970195014,0.8972379559123247,0.8819323141912919,0.8811259817861844,0.010045961359686377,275
51,2.6296215057373047,0.2973551014870225,0.11307340860366821,0.01901187175511325,gini,10,log2,50,0.1,2,8,500,"{'criterion': 'gini', 'max_depth': 10, 'max_features': 'log2', 'max_leaf_nodes': 50, 'min_impurity_decrease': 0.1, 'min_samples_leaf': 2, 'min_samples_split': 8, 'n_estimators': 500}",0.8708731607345854,0.8730698970195014,0.9000351733375094,0.8819323141912919,0.8814776363207221,0.011486229741626221,265
52,3.7253639698028564,0.332193005710128,0.1426621675491333,0.015146613144488215,gini,10,log2,50,0.1,5,4,700,"{'criterion': 'gini', 'max_depth': 10, 'max_features': 'log2', 'max_leaf_nodes': 50, 'min_impurity_decrease': 0.1, 'min_samples_leaf': 5, 'min_samples_split': 4, 'n_estimators': 700}",0.8672509973722139,0.8730698970195014,0.8972379559123247,0.8841091718284702,0.8804170055331275,0.01144443355977174,304
53,2.8972731232643127,0.2040727107998684,0.12513238191604614,0.009951677860046927,gini,10,log2,50,0.1,5,4,500,"{'criterion': 'gini', 'max_depth': 10, 'max_features': 'log2', 'max_leaf_nodes': 50, 'min_impurity_decrease': 0.1, 'min_samples_leaf': 5, 'min_samples_split': 4, 'n_estimators': 500}",0.8708731607345854,0.8730698970195014,0.8972379559123247,0.8819323141912919,0.8807783319644259,0.010365607578414761,283
54,3.787860870361328,0.4648368753913058,0.1532764434814453,0.020593256395719104,gini,10,log2,50,0.1,5,8,700,"{'criterion': 'gini', 'max_depth': 10, 'max_features': 'log2', 'max_leaf_nodes': 50, 'min_impurity_decrease': 0.1, 'min_samples_leaf': 5, 'min_samples_split': 8, 'n_estimators': 700}",0.8708731607345854,0.8730698970195014,0.8972379559123247,0.8819323141912919,0.8807783319644259,0.010365607578414761,283
55,2.3488529920578003,0.22032158514478486,0.10277622938156128,0.010052353541776696,gini,10,log2,50,0.1,5,8,500,"{'criterion': 'gini', 'max_depth': 10, 'max_features': 'log2', 'max_leaf_nodes': 50, 'min_impurity_decrease': 0.1, 'min_samples_leaf': 5, 'min_samples_split': 8, 'n_estimators': 500}",0.8708731607345854,0.8730698970195014,0.8972379559123247,0.8819323141912919,0.8807783319644259,0.010365607578414761,283
56,3.549001693725586,0.24084889526911576,0.17074918746948242,0.01930305339033756,gini,10,log2,50,0.05,2,4,700,"{'criterion': 'gini', 'max_depth': 10, 'max_features': 'log2', 'max_leaf_nodes': 50, 'min_impurity_decrease': 0.05, 'min_samples_leaf': 2, 'min_samples_split': 4, 'n_estimators': 700}",0.8871016281637527,0.892782049388218,0.9099778745235869,0.8884021933404198,0.8945659363539944,0.009143545750231529,151
57,2.501082181930542,0.26806787108387653,0.12396681308746338,0.0123063674249317,gini,10,log2,50,0.05,2,4,500,"{'criterion': 'gini', 'max_depth': 10, 'max_features': 'log2', 'max_leaf_nodes': 50, 'min_impurity_decrease': 0.05, 'min_samples_leaf': 2, 'min_samples_split': 4, 'n_estimators': 500}",0.8943206912505783,0.892782049388218,0.9114120309589007,0.9081470445098648,0.9016654540268905,0.008213817554816767,96
58,3.562878131866455,0.287498682812951,0.17870092391967773,0.0463620890438541,gini,10,log2,50,0.05,2,8,700,"{'criterion': 'gini', 'max_depth': 10, 'max_features': 'log2', 'max_leaf_nodes': 50, 'min_impurity_decrease': 0.05, 'min_samples_leaf': 2, 'min_samples_split': 8, 'n_estimators': 700}",0.8870749382814367,0.892782049388218,0.9114120309589007,0.8905736636245112,0.8954606705632666,0.00943165219609997,131
59,2.658786118030548,0.29199828343433554,0.12722760438919067,0.025306691888918383,gini,10,log2,50,0.05,2,8,500,"{'criterion': 'gini', 'max_depth': 10, 'max_features': 'log2', 'max_leaf_nodes': 50, 'min_impurity_decrease': 0.05, 'min_samples_leaf': 2, 'min_samples_split': 8, 'n_estimators': 500}",0.8870749382814367,0.892782049388218,0.9114120309589007,0.8876778002536564,0.8947367047205529,0.009879498720379156,147
60,3.706915557384491,0.3997779636460997,0.1732540726661682,0.031067213673352898,gini,10,log2,50,0.05,5,4,700,"{'criterion': 'gini', 'max_depth': 10, 'max_features': 'log2', 'max_leaf_nodes': 50, 'min_impurity_decrease': 0.05, 'min_samples_leaf': 5, 'min_samples_split': 4, 'n_estimators': 700}",0.8943206912505783,0.892782049388218,0.9214512690438985,0.8876778002536564,0.8990579524840878,0.013160519509112711,101
61,2.7300726175308228,0.21099812267480944,0.12124794721603394,0.02515583818220268,gini,10,log2,50,0.05,5,4,500,"{'criterion': 'gini', 'max_depth': 10, 'max_features': 'log2', 'max_leaf_nodes': 50, 'min_impurity_decrease': 0.05, 'min_samples_leaf': 5, 'min_samples_split': 4, 'n_estimators': 500}",0.8871016281637527,0.892782049388218,0.9114120309589007,0.8876778002536564,0.894743377191132,0.009874329481502419,142
62,3.775163412094116,0.2786586259976657,0.16604363918304443,0.017400069828149324,gini,10,log2,50,0.05,5,8,700,"{'criterion': 'gini', 'max_depth': 10, 'max_features': 'log2', 'max_leaf_nodes': 50, 'min_impurity_decrease': 0.05, 'min_samples_leaf': 5, 'min_samples_split': 8, 'n_estimators': 700}",0.8943206912505783,0.892782049388218,0.9128453051796965,0.8876778002536564,0.8969064615180373,0.009525123480776698,112
63,2.680513322353363,0.4366578418238893,0.1045379638671875,0.015672654297016083,gini,10,log2,50,0.05,5,8,500,"{'criterion': 'gini', 'max_depth': 10, 'max_features': 'log2', 'max_leaf_nodes': 50, 'min_impurity_decrease': 0.05, 'min_samples_leaf': 5, 'min_samples_split': 8, 'n_estimators': 500}",0.9011364428641149,0.892782049388218,0.9214394991691277,0.8876778002536564,0.9007589479187792,0.012870266477968337,97
64,6.416350841522217,0.3374455809087489,0.15074944496154785,0.019806797783475074,gini,10,,10,0.1,2,4,700,"{'criterion': 'gini', 'max_depth': 10, 'max_features': None, 'max_leaf_nodes': 10, 'min_impurity_decrease': 0.1, 'min_samples_leaf': 2, 'min_samples_split': 4, 'n_estimators': 700}",0.8672509973722139,0.8703128506194391,0.8943634101226163,0.8827156808991673,0.8786607347533593,0.01075739139635788,337
65,4.239370048046112,0.43038086185578944,0.10645264387130737,0.012620535043407382,gini,10,,10,0.1,2,4,500,"{'criterion': 'gini', 'max_depth': 10, 'max_features': None, 'max_leaf_nodes': 10, 'min_impurity_decrease': 0.1, 'min_samples_leaf': 2, 'min_samples_split': 4, 'n_estimators': 500}",0.8672509973722139,0.8703128506194391,0.8943634101226163,0.8827156808991673,0.8786607347533593,0.01075739139635788,337
66,6.43136340379715,0.5159741503403455,0.1625252366065979,0.023998611082180047,gini,10,,10,0.1,2,8,700,"{'criterion': 'gini', 'max_depth': 10, 'max_features': None, 'max_leaf_nodes': 10, 'min_impurity_decrease': 0.1, 'min_samples_leaf': 2, 'min_samples_split': 8, 'n_estimators': 700}",0.8672509973722139,0.8703128506194391,0.8943634101226163,0.8827156808991673,0.8786607347533593,0.01075739139635788,337
67,4.573677897453308,0.4181563523347889,0.10413163900375366,0.014847112128464832,gini,10,,10,0.1,2,8,500,"{'criterion': 'gini', 'max_depth': 10, 'max_features': None, 'max_leaf_nodes': 10, 'min_impurity_decrease': 0.1, 'min_samples_leaf': 2, 'min_samples_split': 8, 'n_estimators': 500}",0.8672509973722139,0.8703128506194391,0.8943634101226163,0.8827156808991673,0.8786607347533593,0.01075739139635788,337
68,6.667509615421295,0.2183151300261882,0.1915467381477356,0.027695801649827857,gini,10,,10,0.1,5,4,700,"{'criterion': 'gini', 'max_depth': 10, 'max_features': None, 'max_leaf_nodes': 10, 'min_impurity_decrease': 0.1, 'min_samples_leaf': 5, 'min_samples_split': 4, 'n_estimators': 700}",0.8672509973722139,0.8703128506194391,0.8943634101226163,0.8827156808991673,0.8786607347533593,0.01075739139635788,337
69,4.648023366928101,0.4130899906408545,0.1155322790145874,0.027563520324510815,gini,10,,10,0.1,5,4,500,"{'criterion': 'gini', 'max_depth': 10, 'max_features': None, 'max_leaf_nodes': 10, 'min_impurity_decrease': 0.1, 'min_samples_leaf': 5, 'min_samples_split': 4, 'n_estimators': 500}",0.8672509973722139,0.8703128506194391,0.8943634101226163,0.8827156808991673,0.8786607347533593,0.01075739139635788,337
70,5.714593887329102,0.3483855808972345,0.14772260189056396,0.030107035020820135,gini,10,,10,0.1,5,8,700,"{'criterion': 'gini', 'max_depth': 10, 'max_features': None, 'max_leaf_nodes': 10, 'min_impurity_decrease': 0.1, 'min_samples_leaf': 5, 'min_samples_split': 8, 'n_estimators': 700}",0.8672509973722139,0.8703128506194391,0.8943634101226163,0.8827156808991673,0.8786607347533593,0.01075739139635788,337
71,4.531756222248077,0.523162900117977,0.10851162672042847,0.013426907204241247,gini,10,,10,0.1,5,8,500,"{'criterion': 'gini', 'max_depth': 10, 'max_features': None, 'max_leaf_nodes': 10, 'min_impurity_decrease': 0.1, 'min_samples_leaf': 5, 'min_samples_split': 8, 'n_estimators': 500}",0.8672509973722139,0.8703128506194391,0.8943634101226163,0.8827156808991673,0.8786607347533593,0.01075739139635788,337
72,7.440846085548401,0.7264232984745508,0.17467403411865234,0.004160223621531748,gini,10,,10,0.05,2,4,700,"{'criterion': 'gini', 'max_depth': 10, 'max_features': None, 'max_leaf_nodes': 10, 'min_impurity_decrease': 0.05, 'min_samples_leaf': 2, 'min_samples_split': 4, 'n_estimators': 700}",0.8672509973722139,0.8709826427771555,0.8906964396625994,0.8827156808991673,0.8779114401777841,0.009329927852956768,369
73,4.60463809967041,0.27512578125464116,0.10375022888183594,0.009398948450155825,gini,10,,10,0.05,2,4,500,"{'criterion': 'gini', 'max_depth': 10, 'max_features': None, 'max_leaf_nodes': 10, 'min_impurity_decrease': 0.05, 'min_samples_leaf': 2, 'min_samples_split': 4, 'n_estimators': 500}",0.8672509973722139,0.8709826427771555,0.8906964396625994,0.8827156808991673,0.8779114401777841,0.009329927852956768,369
74,7.9630738496780396,0.6130322975941536,0.16052919626235962,0.028678163163895157,gini,10,,10,0.05,2,8,700,"{'criterion': 'gini', 'max_depth': 10, 'max_features': None, 'max_leaf_nodes': 10, 'min_impurity_decrease': 0.05, 'min_samples_leaf': 2, 'min_samples_split': 8, 'n_estimators': 700}",0.8672509973722139,0.8709826427771555,0.8906964396625994,0.8827156808991673,0.8779114401777841,0.009329927852956768,369
75,5.337696135044098,0.31777991757199603,0.10531049966812134,0.020003509672870914,gini,10,,10,0.05,2,8,500,"{'criterion': 'gini', 'max_depth': 10, 'max_features': None, 'max_leaf_nodes': 10, 'min_impurity_decrease': 0.05, 'min_samples_leaf': 2, 'min_samples_split': 8, 'n_estimators': 500}",0.8672509973722139,0.8703128506194391,0.8906964396625994,0.8827156808991673,0.877743992138355,0.009457911892155583,375
76,7.535492300987244,0.6103267260103016,0.2035459280014038,0.06782922217721485,gini,10,,10,0.05,5,4,700,"{'criterion': 'gini', 'max_depth': 10, 'max_features': None, 'max_leaf_nodes': 10, 'min_impurity_decrease': 0.05, 'min_samples_leaf': 5, 'min_samples_split': 4, 'n_estimators': 700}",0.8672509973722139,0.8703128506194391,0.8906964396625994,0.8827156808991673,0.877743992138355,0.009457911892155583,375
77,6.177291810512543,1.2662024640479335,0.16812443733215332,0.06032520058236221,gini,10,,10,0.05,5,4,500,"{'criterion': 'gini', 'max_depth': 10, 'max_features': None, 'max_leaf_nodes': 10, 'min_impurity_decrease': 0.05, 'min_samples_leaf': 5, 'min_samples_split': 4, 'n_estimators': 500}",0.8672509973722139,0.8703128506194391,0.8951021388127489,0.8826582310880782,0.87883105447312,0.011023304697123617,332
78,9.064423620700836,0.9803197364574272,0.21442300081253052,0.0544353175804925,gini,10,,10,0.05,5,8,700,"{'criterion': 'gini', 'max_depth': 10, 'max_features': None, 'max_leaf_nodes': 10, 'min_impurity_decrease': 0.05, 'min_samples_leaf': 5, 'min_samples_split': 8, 'n_estimators': 700}",0.8672509973722139,0.8709826427771555,0.8951021388127489,0.8826582310880782,0.8789985025125492,0.010897001877298213,321
79,5.38765549659729,0.2857734383842846,0.15322643518447876,0.040619958466641654,gini,10,,10,0.05,5,8,500,"{'criterion': 'gini', 'max_depth': 10, 'max_features': None, 'max_leaf_nodes': 10, 'min_impurity_decrease': 0.05, 'min_samples_leaf': 5, 'min_samples_split': 8, 'n_estimators': 500}",0.8672509973722139,0.8703128506194391,0.8951021388127489,0.8827156808991673,0.8788454169258924,0.011028318120753661,323
80,8.431142210960388,1.2558287100710745,0.2690584659576416,0.06882156849955755,gini,10,,50,0.1,2,4,700,"{'criterion': 'gini', 'max_depth': 10, 'max_features': None, 'max_leaf_nodes': 50, 'min_impurity_decrease': 0.1, 'min_samples_leaf': 2, 'min_samples_split': 4, 'n_estimators': 700}",0.8672509973722139,0.8703128506194391,0.8943634101226163,0.8827156808991673,0.8786607347533593,0.01075739139635788,337
81,5.649962663650513,1.9074653302889886,0.1560840606689453,0.052505920776334224,gini,10,,50,0.1,2,4,500,"{'criterion': 'gini', 'max_depth': 10, 'max_features': None, 'max_leaf_nodes': 50, 'min_impurity_decrease': 0.1, 'min_samples_leaf': 2, 'min_samples_split': 4, 'n_estimators': 500}",0.8672509973722139,0.8703128506194391,0.8943634101226163,0.8827156808991673,0.8786607347533593,0.01075739139635788,337
82,9.2971431016922,1.5056473165571587,0.15311264991760254,0.02597180485015618,gini,10,,50,0.1,2,8,700,"{'criterion': 'gini', 'max_depth': 10, 'max_features': None, 'max_leaf_nodes': 50, 'min_impurity_decrease': 0.1, 'min_samples_leaf': 2, 'min_samples_split': 8, 'n_estimators': 700}",0.8672509973722139,0.8703128506194391,0.8943634101226163,0.8827156808991673,0.8786607347533593,0.01075739139635788,337
83,5.723337709903717,1.644515780636063,0.10627937316894531,0.015089204424453214,gini,10,,50,0.1,2,8,500,"{'criterion': 'gini', 'max_depth': 10, 'max_features': None, 'max_leaf_nodes': 50, 'min_impurity_decrease': 0.1, 'min_samples_leaf': 2, 'min_samples_split': 8, 'n_estimators': 500}",0.8672509973722139,0.8703128506194391,0.8943634101226163,0.8827156808991673,0.8786607347533593,0.01075739139635788,337
84,6.55879670381546,1.2469209546903863,0.14757394790649414,0.04250935180920343,gini,10,,50,0.1,5,4,700,"{'criterion': 'gini', 'max_depth': 10, 'max_features': None, 'max_leaf_nodes': 50, 'min_impurity_decrease': 0.1, 'min_samples_leaf': 5, 'min_samples_split': 4, 'n_estimators': 700}",0.8672509973722139,0.8703128506194391,0.8943634101226163,0.8827156808991673,0.8786607347533593,0.01075739139635788,337
85,6.558685898780823,0.4620967730189998,0.12663859128952026,0.026404797327570687,gini,10,,50,0.1,5,4,500,"{'criterion': 'gini', 'max_depth': 10, 'max_features': None, 'max_leaf_nodes': 50, 'min_impurity_decrease': 0.1, 'min_samples_leaf': 5, 'min_samples_split': 4, 'n_estimators': 500}",0.8672509973722139,0.8703128506194391,0.8943634101226163,0.8827156808991673,0.8786607347533593,0.01075739139635788,337
86,7.1382224559783936,1.273590715376213,0.17628824710845947,0.025138755735769354,gini,10,,50,0.1,5,8,700,"{'criterion': 'gini', 'max_depth': 10, 'max_features': None, 'max_leaf_nodes': 50, 'min_impurity_decrease': 0.1, 'min_samples_leaf': 5, 'min_samples_split': 8, 'n_estimators': 700}",0.8672509973722139,0.8703128506194391,0.8943634101226163,0.8827156808991673,0.8786607347533593,0.01075739139635788,337
87,4.298832416534424,0.2922462370032779,0.13780027627944946,0.03259175616900971,gini,10,,50,0.1,5,8,500,"{'criterion': 'gini', 'max_depth': 10, 'max_features': None, 'max_leaf_nodes': 50, 'min_impurity_decrease': 0.1, 'min_samples_leaf': 5, 'min_samples_split': 8, 'n_estimators': 500}",0.8672509973722139,0.8703128506194391,0.8943634101226163,0.8827156808991673,0.8786607347533593,0.01075739139635788,337
88,6.885338008403778,0.7062448919560645,0.13258600234985352,0.01404585513494444,gini,10,,50,0.05,2,4,700,"{'criterion': 'gini', 'max_depth': 10, 'max_features': None, 'max_leaf_nodes': 50, 'min_impurity_decrease': 0.05, 'min_samples_leaf': 2, 'min_samples_split': 4, 'n_estimators': 700}",0.8672509973722139,0.8703128506194391,0.8951021388127489,0.8827156808991673,0.8788454169258924,0.011028318120753661,323
89,4.802962481975555,0.33698858544222116,0.11613267660140991,0.02478548837224474,gini,10,,50,0.05,2,4,500,"{'criterion': 'gini', 'max_depth': 10, 'max_features': None, 'max_leaf_nodes': 50, 'min_impurity_decrease': 0.05, 'min_samples_leaf': 2, 'min_samples_split': 4, 'n_estimators': 500}",0.8672509973722139,0.8703128506194391,0.8906964396625994,0.8827156808991673,0.877743992138355,0.009457911892155583,375
90,6.979803264141083,0.4318854239446333,0.1527172327041626,0.014886597942644924,gini,10,,50,0.05,2,8,700,"{'criterion': 'gini', 'max_depth': 10, 'max_features': None, 'max_leaf_nodes': 50, 'min_impurity_decrease': 0.05, 'min_samples_leaf': 2, 'min_samples_split': 8, 'n_estimators': 700}",0.8672509973722139,0.8703128506194391,0.8906964396625994,0.8827156808991673,0.877743992138355,0.009457911892155583,375
91,5.011918485164642,0.1088955744701983,0.130121648311615,0.00778321837025469,gini,10,,50,0.05,2,8,500,"{'criterion': 'gini', 'max_depth': 10, 'max_features': None, 'max_leaf_nodes': 50, 'min_impurity_decrease': 0.05, 'min_samples_leaf': 2, 'min_samples_split': 8, 'n_estimators': 500}",0.8672509973722139,0.8703128506194391,0.8906964396625994,0.8826582310880782,0.8777296296855827,0.009450391786051815,383
92,7.094260036945343,0.54168835536036,0.15293389558792114,0.012953838017018653,gini,10,,50,0.05,5,4,700,"{'criterion': 'gini', 'max_depth': 10, 'max_features': None, 'max_leaf_nodes': 50, 'min_impurity_decrease': 0.05, 'min_samples_leaf': 5, 'min_samples_split': 4, 'n_estimators': 700}",0.8672509973722139,0.8703128506194391,0.8951021388127489,0.8827156808991673,0.8788454169258924,0.011028318120753661,323
93,5.0194478034973145,0.529438019652626,0.11914730072021484,0.013900872106818753,gini,10,,50,0.05,5,4,500,"{'criterion': 'gini', 'max_depth': 10, 'max_features': None, 'max_leaf_nodes': 50, 'min_impurity_decrease': 0.05, 'min_samples_leaf': 5, 'min_samples_split': 4, 'n_estimators': 500}",0.8672509973722139,0.8703128506194391,0.8951021388127489,0.8827156808991673,0.8788454169258924,0.011028318120753661,323
94,7.456173002719879,0.5155023572445508,0.1729716658592224,0.015465769649463522,gini,10,,50,0.05,5,8,700,"{'criterion': 'gini', 'max_depth': 10, 'max_features': None, 'max_leaf_nodes': 50, 'min_impurity_decrease': 0.05, 'min_samples_leaf': 5, 'min_samples_split': 8, 'n_estimators': 700}",0.8672509973722139,0.8703128506194391,0.8951021388127489,0.8827156808991673,0.8788454169258924,0.011028318120753661,323
95,4.787358582019806,0.25228867218536355,0.13620537519454956,0.01646655055788544,gini,10,,50,0.05,5,8,500,"{'criterion': 'gini', 'max_depth': 10, 'max_features': None, 'max_leaf_nodes': 50, 'min_impurity_decrease': 0.05, 'min_samples_leaf': 5, 'min_samples_split': 8, 'n_estimators': 500}",0.8672509973722139,0.8709826427771555,0.8906964396625994,0.8827156808991673,0.8779114401777841,0.009329927852956768,369
96,3.4065482020378113,0.5768941376318165,0.15563398599624634,0.019281109537686365,gini,30,sqrt,10,0.1,2,4,700,"{'criterion': 'gini', 'max_depth': 30, 'max_features': 'sqrt', 'max_leaf_nodes': 10, 'min_impurity_decrease': 0.1, 'min_samples_leaf': 2, 'min_samples_split': 4, 'n_estimators': 700}",0.8722637600216196,0.8730698970195014,0.8972379559123247,0.8841091718284702,0.8816701961954789,0.010133483262789972,262
97,2.386077582836151,0.30440963543753824,0.12108051776885986,0.02086145965339814,gini,30,sqrt,10,0.1,2,4,500,"{'criterion': 'gini', 'max_depth': 30, 'max_features': 'sqrt', 'max_leaf_nodes': 10, 'min_impurity_decrease': 0.1, 'min_samples_leaf': 2, 'min_samples_split': 4, 'n_estimators': 500}",0.8708731607345854,0.8730698970195014,0.8972379559123247,0.8819323141912919,0.8807783319644259,0.010365607578414761,283
98,3.4607818126678467,0.36492250323601777,0.17679542303085327,0.02230946609220166,gini,30,sqrt,10,0.1,2,8,700,"{'criterion': 'gini', 'max_depth': 30, 'max_features': 'sqrt', 'max_leaf_nodes': 10, 'min_impurity_decrease': 0.1, 'min_samples_leaf': 2, 'min_samples_split': 8, 'n_estimators': 700}",0.8708731607345854,0.8730698970195014,0.8972379559123247,0.8819323141912919,0.8807783319644259,0.010365607578414761,283
99,2.2507991194725037,0.07699765660762932,0.11957293748855591,0.021131722888426185,gini,30,sqrt,10,0.1,2,8,500,"{'criterion': 'gini', 'max_depth': 30, 'max_features': 'sqrt', 'max_leaf_nodes': 10, 'min_impurity_decrease': 0.1, 'min_samples_leaf': 2, 'min_samples_split': 8, 'n_estimators': 500}",0.8672509973722139,0.8730698970195014,0.8972379559123247,0.8819323141912919,0.879872791123833,0.011306852226637033,311
100,3.471797823905945,0.3550298525885403,0.16275763511657715,0.0241202456483632,gini,30,sqrt,10,0.1,5,4,700,"{'criterion': 'gini', 'max_depth': 30, 'max_features': 'sqrt', 'max_leaf_nodes': 10, 'min_impurity_decrease': 0.1, 'min_samples_leaf': 5, 'min_samples_split': 4, 'n_estimators': 700}",0.8708731607345854,0.8730698970195014,0.8972379559123247,0.8841091718284702,0.8813225463737204,0.010468541252314079,268
101,2.574414372444153,0.2790845395995722,0.11900782585144043,0.015779858942817644,gini,30,sqrt,10,0.1,5,4,500,"{'criterion': 'gini', 'max_depth': 30, 'max_features': 'sqrt', 'max_leaf_nodes': 10, 'min_impurity_decrease': 0.1, 'min_samples_leaf': 5, 'min_samples_split': 4, 'n_estimators': 500}",0.8672509973722139,0.8730698970195014,0.8972379559123247,0.8819323141912919,0.879872791123833,0.011306852226637033,311
102,3.390987992286682,0.20290974060089242,0.1601209044456482,0.020235955580521537,gini,30,sqrt,10,0.1,5,8,700,"{'criterion': 'gini', 'max_depth': 30, 'max_features': 'sqrt', 'max_leaf_nodes': 10, 'min_impurity_decrease': 0.1, 'min_samples_leaf': 5, 'min_samples_split': 8, 'n_estimators': 700}",0.8708731607345854,0.8730698970195014,0.8972379559123247,0.8819323141912919,0.8807783319644259,0.010365607578414761,283
103,2.4389145970344543,0.20354946916218195,0.11378788948059082,0.01948144885269665,gini,30,sqrt,10,0.1,5,8,500,"{'criterion': 'gini', 'max_depth': 30, 'max_features': 'sqrt', 'max_leaf_nodes': 10, 'min_impurity_decrease': 0.1, 'min_samples_leaf': 5, 'min_samples_split': 8, 'n_estimators': 500}",0.8708731607345854,0.8846150198062557,0.8972379559123247,0.8819323141912919,0.8836646126611144,0.009377646574887042,256
104,4.00239497423172,0.4340767397929563,0.20306891202926636,0.030676406241193926,gini,30,sqrt,10,0.05,2,4,700,"{'criterion': 'gini', 'max_depth': 30, 'max_features': 'sqrt', 'max_leaf_nodes': 10, 'min_impurity_decrease': 0.05, 'min_samples_leaf': 2, 'min_samples_split': 4, 'n_estimators': 700}",0.8871016281637527,0.892782049388218,0.9121287772403391,0.886953118532066,0.894741393331094,0.010309987682476356,145
105,2.8959834575653076,0.28880517526822336,0.12175726890563965,0.01661507129139657,gini,30,sqrt,10,0.05,2,4,500,"{'criterion': 'gini', 'max_depth': 30, 'max_features': 'sqrt', 'max_leaf_nodes': 10, 'min_impurity_decrease': 0.05, 'min_samples_leaf': 2, 'min_samples_split': 4, 'n_estimators': 500}",0.8871016281637527,0.892782049388218,0.9114120309589007,0.886953118532066,0.8945622067607344,0.010008046668224455,152
106,3.632178485393524,0.27222924470714643,0.16405385732650757,0.025408956486912288,gini,30,sqrt,10,0.05,2,8,700,"{'criterion': 'gini', 'max_depth': 30, 'max_features': 'sqrt', 'max_leaf_nodes': 10, 'min_impurity_decrease': 0.05, 'min_samples_leaf': 2, 'min_samples_split': 8, 'n_estimators': 700}",0.885627000480441,0.892782049388218,0.9128453051796965,0.8876778002536564,0.8947330388255029,0.010776790778300618,150
107,2.578625977039337,0.21877575714233857,0.1281396746635437,0.02374772708313734,gini,30,sqrt,10,0.05,2,8,500,"{'criterion': 'gini', 'max_depth': 30, 'max_features': 'sqrt', 'max_leaf_nodes': 10, 'min_impurity_decrease': 0.05, 'min_samples_leaf': 2, 'min_samples_split': 8, 'n_estimators': 500}",0.8871016281637527,0.892782049388218,0.9230155775164994,0.886953118532066,0.8974630934001341,0.014938717742252512,107
108,3.691883623600006,0.199502366689689,0.17985016107559204,0.02309766376440924,gini,30,sqrt,10,0.05,5,4,700,"{'criterion': 'gini', 'max_depth': 30, 'max_features': 'sqrt', 'max_leaf_nodes': 10, 'min_impurity_decrease': 0.05, 'min_samples_leaf': 5, 'min_samples_split': 4, 'n_estimators': 700}",0.8885476288098266,0.8920845875465886,0.9114120309589007,0.886953118532066,0.8947493414618455,0.00979781182832651,141
109,2.574581563472748,0.18978740115939688,0.11218315362930298,0.012961333259753731,gini,30,sqrt,10,0.05,5,4,500,"{'criterion': 'gini', 'max_depth': 30, 'max_features': 'sqrt', 'max_leaf_nodes': 10, 'min_impurity_decrease': 0.05, 'min_samples_leaf': 5, 'min_samples_split': 4, 'n_estimators': 500}",0.9011039375099633,0.8964594936303694,0.9121287772403391,0.8876778002536564,0.899342502158582,0.008817149392915792,100
110,3.7076340913772583,0.5875069195452163,0.15740662813186646,0.02157897525078721,gini,30,sqrt,10,0.05,5,8,700,"{'criterion': 'gini', 'max_depth': 30, 'max_features': 'sqrt', 'max_leaf_nodes': 10, 'min_impurity_decrease': 0.05, 'min_samples_leaf': 5, 'min_samples_split': 8, 'n_estimators': 700}",0.8871016281637527,0.897899303367955,0.9092604599412466,0.8927426182757672,0.8967510024371804,0.008169802468967848,115
111,2.7558282613754272,0.35042320130573323,0.11802923679351807,0.018920103414931527,gini,30,sqrt,10,0.05,5,8,500,"{'criterion': 'gini', 'max_depth': 30, 'max_features': 'sqrt', 'max_leaf_nodes': 10, 'min_impurity_decrease': 0.05, 'min_samples_leaf': 5, 'min_samples_split': 8, 'n_estimators': 500}",0.8870749382814367,0.892782049388218,0.914493176440079,0.8898501227453841,0.8960500717137795,0.010837671212081077,124
112,3.764223873615265,0.47017096965757815,0.18353474140167236,0.018642832430493726,gini,30,sqrt,50,0.1,2,4,700,"{'criterion': 'gini', 'max_depth': 30, 'max_features': 'sqrt', 'max_leaf_nodes': 50, 'min_impurity_decrease': 0.1, 'min_samples_leaf': 2, 'min_samples_split': 4, 'n_estimators': 700}",0.883811606049039,0.8730698970195014,0.8943634101226163,0.8819323141912919,0.8832943068456122,0.007569448891853723,260
113,2.2752341628074646,0.08700075104255432,0.12845611572265625,0.028983543043379276,gini,30,sqrt,50,0.1,2,4,500,"{'criterion': 'gini', 'max_depth': 30, 'max_features': 'sqrt', 'max_leaf_nodes': 50, 'min_impurity_decrease': 0.1, 'min_samples_leaf': 2, 'min_samples_split': 4, 'n_estimators': 500}",0.8672509973722139,0.8730698970195014,0.9000351733375094,0.8819323141912919,0.8805720954801292,0.01239350869576479,303
114,3.63836008310318,0.26462853703377215,0.1788243055343628,0.02323550537327942,gini,30,sqrt,50,0.1,2,8,700,"{'criterion': 'gini', 'max_depth': 30, 'max_features': 'sqrt', 'max_leaf_nodes': 50, 'min_impurity_decrease': 0.1, 'min_samples_leaf': 2, 'min_samples_split': 8, 'n_estimators': 700}",0.8708731607345854,0.8730698970195014,0.8972379559123247,0.8819323141912919,0.8807783319644259,0.010365607578414761,283
115,2.3683239817619324,0.20507780145151744,0.1155470609664917,0.018528072972430743,gini,30,sqrt,50,0.1,2,8,500,"{'criterion': 'gini', 'max_depth': 30, 'max_features': 'sqrt', 'max_leaf_nodes': 50, 'min_impurity_decrease': 0.1, 'min_samples_leaf': 2, 'min_samples_split': 8, 'n_estimators': 500}",0.8672509973722139,0.8730698970195014,0.8972379559123247,0.8841091718284702,0.8804170055331275,0.01144443355977174,304
116,3.742596685886383,0.435143773852035,0.1928499937057495,0.03856831548831927,gini,30,sqrt,50,0.1,5,4,700,"{'criterion': 'gini', 'max_depth': 30, 'max_features': 'sqrt', 'max_leaf_nodes': 50, 'min_impurity_decrease': 0.1, 'min_samples_leaf': 5, 'min_samples_split': 4, 'n_estimators': 700}",0.8722637600216196,0.8730698970195014,0.8972379559123247,0.8819323141912919,0.8811259817861844,0.010045961359686377,275
117,2.5356773734092712,0.283046870891108,0.11711668968200684,0.019406009605606508,gini,30,sqrt,50,0.1,5,4,500,"{'criterion': 'gini', 'max_depth': 30, 'max_features': 'sqrt', 'max_leaf_nodes': 50, 'min_impurity_decrease': 0.1, 'min_samples_leaf': 5, 'min_samples_split': 4, 'n_estimators': 500}",0.8708731607345854,0.8730698970195014,0.9000351733375094,0.8819323141912919,0.8814776363207221,0.011486229741626221,265
118,3.403891384601593,0.2638355716536939,0.17271631956100464,0.0173362158805964,gini,30,sqrt,50,0.1,5,8,700,"{'criterion': 'gini', 'max_depth': 30, 'max_features': 'sqrt', 'max_leaf_nodes': 50, 'min_impurity_decrease': 0.1, 'min_samples_leaf': 5, 'min_samples_split': 8, 'n_estimators': 700}",0.8708731607345854,0.8730698970195014,0.8972379559123247,0.8841091718284702,0.8813225463737204,0.010468541252314079,268
119,2.3409265279769897,0.18143407247762802,0.11080628633499146,0.023147912247569978,gini,30,sqrt,50,0.1,5,8,500,"{'criterion': 'gini', 'max_depth': 30, 'max_features': 'sqrt', 'max_leaf_nodes': 50, 'min_impurity_decrease': 0.1, 'min_samples_leaf': 5, 'min_samples_split': 8, 'n_estimators': 500}",0.8722637600216196,0.8730698970195014,0.8943634101226163,0.8819323141912919,0.8804073453387574,0.00890580434194073,309
120,4.064508676528931,0.4960219974396156,0.1632981300354004,0.017464253995764532,gini,30,sqrt,50,0.05,2,4,700,"{'criterion': 'gini', 'max_depth': 30, 'max_features': 'sqrt', 'max_leaf_nodes': 50, 'min_impurity_decrease': 0.05, 'min_samples_leaf': 2, 'min_samples_split': 4, 'n_estimators': 700}",0.8943206912505783,0.892782049388218,0.9114120309589007,0.8876778002536564,0.8965481429628384,0.008926969643740665,117
121,2.639173924922943,0.238972677903507,0.1377001404762268,0.01670654408391637,gini,30,sqrt,50,0.05,2,4,500,"{'criterion': 'gini', 'max_depth': 30, 'max_features': 'sqrt', 'max_leaf_nodes': 50, 'min_impurity_decrease': 0.05, 'min_samples_leaf': 2, 'min_samples_split': 4, 'n_estimators': 500}",0.8849025974025975,0.892782049388218,0.9114120309589007,0.8876778002536564,0.8941936195008431,0.010334955435485944,160
122,3.9070053100585938,0.32199225305829265,0.15549200773239136,0.012745124894923158,gini,30,sqrt,50,0.05,2,8,700,"{'criterion': 'gini', 'max_depth': 30, 'max_features': 'sqrt', 'max_leaf_nodes': 50, 'min_impurity_decrease': 0.05, 'min_samples_leaf': 2, 'min_samples_split': 8, 'n_estimators': 700}",0.8943206912505783,0.892782049388218,0.9092604599412466,0.8876778002536564,0.8960102502084248,0.00803544756407676,126
123,2.6495012044906616,0.14691110092242518,0.11860740184783936,0.014552909553357096,gini,30,sqrt,50,0.05,2,8,500,"{'criterion': 'gini', 'max_depth': 30, 'max_features': 'sqrt', 'max_leaf_nodes': 50, 'min_impurity_decrease': 0.05, 'min_samples_leaf': 2, 'min_samples_split': 8, 'n_estimators': 500}",0.8870749382814367,0.897899303367955,0.9128453051796965,0.8876778002536564,0.8963743367706861,0.0104370360149241,120
124,3.6853455901145935,0.23907291321172822,0.1797804832458496,0.005818199254614919,gini,30,sqrt,50,0.05,5,4,700,"{'criterion': 'gini', 'max_depth': 30, 'max_features': 'sqrt', 'max_leaf_nodes': 50, 'min_impurity_decrease': 0.05, 'min_samples_leaf': 5, 'min_samples_split': 4, 'n_estimators': 700}",0.8870749382814367,0.892782049388218,0.9121287772403391,0.8876778002536564,0.8949158912909125,0.010182180880514728,139
125,2.53769189119339,0.2179492037607586,0.11384975910186768,0.01574635117562398,gini,30,sqrt,50,0.05,5,4,500,"{'criterion': 'gini', 'max_depth': 30, 'max_features': 'sqrt', 'max_leaf_nodes': 50, 'min_impurity_decrease': 0.05, 'min_samples_leaf': 5, 'min_samples_split': 4, 'n_estimators': 500}",0.8943206912505783,0.8993381059030554,0.9128453051796965,0.8891263000770416,0.8989076006025929,0.008819842984247083,102
126,3.419920265674591,0.11972981789544657,0.1885783076286316,0.033772218675341935,gini,30,sqrt,50,0.05,5,8,700,"{'criterion': 'gini', 'max_depth': 30, 'max_features': 'sqrt', 'max_leaf_nodes': 50, 'min_impurity_decrease': 0.05, 'min_samples_leaf': 5, 'min_samples_split': 8, 'n_estimators': 700}",0.8870749382814367,0.892782049388218,0.9207133322142556,0.886953118532066,0.8968808596039941,0.013959791650300927,114
127,2.5309178829193115,0.20581244196457743,0.12376046180725098,0.02436492011104851,gini,30,sqrt,50,0.05,5,8,500,"{'criterion': 'gini', 'max_depth': 30, 'max_features': 'sqrt', 'max_leaf_nodes': 50, 'min_impurity_decrease': 0.05, 'min_samples_leaf': 5, 'min_samples_split': 8, 'n_estimators': 500}",0.8871016281637527,0.892782049388218,0.9121287772403391,0.8876778002536564,0.8949225637614916,0.010177047901654801,137
128,4.129619240760803,0.2404432668078008,0.1894659399986267,0.012206988887991594,gini,30,log2,10,0.1,2,4,700,"{'criterion': 'gini', 'max_depth': 30, 'max_features': 'log2', 'max_leaf_nodes': 10, 'min_impurity_decrease': 0.1, 'min_samples_leaf': 2, 'min_samples_split': 4, 'n_estimators': 700}",0.8708731607345854,0.8730698970195014,0.8972379559123247,0.8928141867775428,0.8834988001109886,0.011658790891805795,257
129,2.525890827178955,0.34645114382439657,0.12190312147140503,0.01702698667943026,gini,30,log2,10,0.1,2,4,500,"{'criterion': 'gini', 'max_depth': 30, 'max_features': 'log2', 'max_leaf_nodes': 10, 'min_impurity_decrease': 0.1, 'min_samples_leaf': 2, 'min_samples_split': 4, 'n_estimators': 500}",0.8708731607345854,0.8730698970195014,0.8972379559123247,0.8819323141912919,0.8807783319644259,0.010365607578414761,283
130,3.5303664803504944,0.36040187528106343,0.17408692836761475,0.022671860646507155,gini,30,log2,10,0.1,2,8,700,"{'criterion': 'gini', 'max_depth': 30, 'max_features': 'log2', 'max_leaf_nodes': 10, 'min_impurity_decrease': 0.1, 'min_samples_leaf': 2, 'min_samples_split': 8, 'n_estimators': 700}",0.8708731607345854,0.8730698970195014,0.8972379559123247,0.8819323141912919,0.8807783319644259,0.010365607578414761,283
131,2.233759045600891,0.021665806598698344,0.10425245761871338,0.004205966938726509,gini,30,log2,10,0.1,2,8,500,"{'criterion': 'gini', 'max_depth': 30, 'max_features': 'log2', 'max_leaf_nodes': 10, 'min_impurity_decrease': 0.1, 'min_samples_leaf': 2, 'min_samples_split': 8, 'n_estimators': 500}",0.8852503236944325,0.8845947404712295,0.9000351733375094,0.8819323141912919,0.8879531379236159,0.007085371132904108,224
132,3.9074648022651672,0.572315754533842,0.15305471420288086,0.017811700706344764,gini,30,log2,10,0.1,5,4,700,"{'criterion': 'gini', 'max_depth': 30, 'max_features': 'log2', 'max_leaf_nodes': 10, 'min_impurity_decrease': 0.1, 'min_samples_leaf': 5, 'min_samples_split': 4, 'n_estimators': 700}",0.8672509973722139,0.8730698970195014,0.9115696591444086,0.8819323141912919,0.883455716931854,0.01705265883886741,258
133,2.5360187292099,0.1950876429485101,0.1329113245010376,0.013580613065892559,gini,30,log2,10,0.1,5,4,500,"{'criterion': 'gini', 'max_depth': 30, 'max_features': 'log2', 'max_leaf_nodes': 10, 'min_impurity_decrease': 0.1, 'min_samples_leaf': 5, 'min_samples_split': 4, 'n_estimators': 500}",0.8672509973722139,0.8730698970195014,0.8972379559123247,0.8928141867775428,0.8825932592703957,0.01269856219769231,261
134,3.301476001739502,0.17092020413490105,0.15045088529586792,0.019982286675737197,gini,30,log2,10,0.1,5,8,700,"{'criterion': 'gini', 'max_depth': 30, 'max_features': 'log2', 'max_leaf_nodes': 10, 'min_impurity_decrease': 0.1, 'min_samples_leaf': 5, 'min_samples_split': 8, 'n_estimators': 700}",0.8722637600216196,0.8730698970195014,0.8943634101226163,0.8841091718284702,0.880951559748052,0.009047744414677688,280
135,2.2778557538986206,0.0936373730544743,0.10595810413360596,0.005526318857486862,gini,30,log2,10,0.1,5,8,500,"{'criterion': 'gini', 'max_depth': 30, 'max_features': 'log2', 'max_leaf_nodes': 10, 'min_impurity_decrease': 0.1, 'min_samples_leaf': 5, 'min_samples_split': 8, 'n_estimators': 500}",0.8708731607345854,0.8730698970195014,0.8972379559123247,0.8841091718284702,0.8813225463737204,0.010468541252314079,268
136,4.0540412068367,0.3198379299407375,0.19265609979629517,0.02288949355545058,gini,30,log2,10,0.05,2,4,700,"{'criterion': 'gini', 'max_depth': 30, 'max_features': 'log2', 'max_leaf_nodes': 10, 'min_impurity_decrease': 0.05, 'min_samples_leaf': 2, 'min_samples_split': 4, 'n_estimators': 700}",0.8871016281637527,0.892782049388218,0.9114120309589007,0.886953118532066,0.8945622067607344,0.010008046668224455,152
137,2.617890954017639,0.15931946444140757,0.1502685546875,0.008050582561671784,gini,30,log2,10,0.05,2,4,500,"{'criterion': 'gini', 'max_depth': 30, 'max_features': 'log2', 'max_leaf_nodes': 10, 'min_impurity_decrease': 0.05, 'min_samples_leaf': 2, 'min_samples_split': 4, 'n_estimators': 500}",0.8871016281637527,0.897899303367955,0.9114120309589007,0.8920199091175256,0.8971082179020335,0.009100104513918543,110
138,3.5064687728881836,0.31805917725243227,0.159673810005188,0.033098461247769884,gini,30,log2,10,0.05,2,8,700,"{'criterion': 'gini', 'max_depth': 30, 'max_features': 'log2', 'max_leaf_nodes': 10, 'min_impurity_decrease': 0.05, 'min_samples_leaf': 2, 'min_samples_split': 8, 'n_estimators': 700}",0.8943206912505783,0.892782049388218,0.9128453051796965,0.886953118532066,0.8967252910876398,0.009704141722229628,116
139,2.848384916782379,0.16813526634976042,0.12380349636077881,0.0059330176235777845,gini,30,log2,10,0.05,2,8,500,"{'criterion': 'gini', 'max_depth': 30, 'max_features': 'log2', 'max_leaf_nodes': 10, 'min_impurity_decrease': 0.05, 'min_samples_leaf': 2, 'min_samples_split': 8, 'n_estimators': 500}",0.8899925173489893,0.892782049388218,0.9114120309589007,0.886953118532066,0.8952849290570435,0.00953646305898024,132
140,3.5500128865242004,0.26390796585611315,0.19012093544006348,0.03998711420826964,gini,30,log2,10,0.05,5,4,700,"{'criterion': 'gini', 'max_depth': 30, 'max_features': 'log2', 'max_leaf_nodes': 10, 'min_impurity_decrease': 0.05, 'min_samples_leaf': 5, 'min_samples_split': 4, 'n_estimators': 700}",0.8877984775641026,0.892782049388218,0.914493176440079,0.8876778002536564,0.8956878759115139,0.011050871844360044,129
141,2.678115665912628,0.34217018821278194,0.1563129425048828,0.016590565604902466,gini,30,log2,10,0.05,5,4,500,"{'criterion': 'gini', 'max_depth': 30, 'max_features': 'log2', 'max_leaf_nodes': 10, 'min_impurity_decrease': 0.05, 'min_samples_leaf': 5, 'min_samples_split': 4, 'n_estimators': 500}",0.8871016281637527,0.892782049388218,0.9099778745235869,0.886953118532066,0.894203667651906,0.009405530664836743,159
142,4.013552129268646,0.27625805770548195,0.1927923560142517,0.014324426874589078,gini,30,log2,10,0.05,5,8,700,"{'criterion': 'gini', 'max_depth': 30, 'max_features': 'log2', 'max_leaf_nodes': 10, 'min_impurity_decrease': 0.05, 'min_samples_leaf': 5, 'min_samples_split': 8, 'n_estimators': 700}",0.8871016281637527,0.892782049388218,0.9092604599412466,0.8876778002536564,0.8942054844367184,0.0089687497668292,158
143,2.678114950656891,0.42662004271402787,0.11836153268814087,0.030828798731374594,gini,30,log2,10,0.05,5,8,500,"{'criterion': 'gini', 'max_depth': 30, 'max_features': 'log2', 'max_leaf_nodes': 10, 'min_impurity_decrease': 0.05, 'min_samples_leaf': 5, 'min_samples_split': 8, 'n_estimators': 500}",0.8885476288098266,0.892782049388218,0.9128453051796965,0.886953118532066,0.8952820254774518,0.01036148473588412,133
144,3.4389856457710266,0.3882228174555184,0.14801651239395142,0.016357622836475006,gini,30,log2,50,0.1,2,4,700,"{'criterion': 'gini', 'max_depth': 30, 'max_features': 'log2', 'max_leaf_nodes': 50, 'min_impurity_decrease': 0.1, 'min_samples_leaf': 2, 'min_samples_split': 4, 'n_estimators': 700}",0.8708731607345854,0.8744343602774205,0.8972379559123247,0.8928141867775428,0.8838399159254683,0.011364926639057199,255
145,2.441656529903412,0.1660864148670109,0.12195628881454468,0.016366411410605994,gini,30,log2,50,0.1,2,4,500,"{'criterion': 'gini', 'max_depth': 30, 'max_features': 'log2', 'max_leaf_nodes': 50, 'min_impurity_decrease': 0.1, 'min_samples_leaf': 2, 'min_samples_split': 4, 'n_estimators': 500}",0.8708731607345854,0.8730698970195014,0.8972379559123247,0.8841091718284702,0.8813225463737204,0.010468541252314079,268
146,4.162596583366394,0.40760792216120156,0.16415703296661377,0.018959293922493417,gini,30,log2,50,0.1,2,8,700,"{'criterion': 'gini', 'max_depth': 30, 'max_features': 'log2', 'max_leaf_nodes': 50, 'min_impurity_decrease': 0.1, 'min_samples_leaf': 2, 'min_samples_split': 8, 'n_estimators': 700}",0.8708731607345854,0.8730698970195014,0.8972379559123247,0.8819323141912919,0.8807783319644259,0.010365607578414761,283
147,2.46846342086792,0.24884641592364878,0.12072372436523438,0.028782717683594927,gini,30,log2,50,0.1,2,8,500,"{'criterion': 'gini', 'max_depth': 30, 'max_features': 'log2', 'max_leaf_nodes': 50, 'min_impurity_decrease': 0.1, 'min_samples_leaf': 2, 'min_samples_split': 8, 'n_estimators': 500}",0.8672509973722139,0.8730698970195014,0.8972379559123247,0.8819323141912919,0.879872791123833,0.011306852226637033,311
148,3.891546905040741,0.30573496571412767,0.16750693321228027,0.022080443868670804,gini,30,log2,50,0.1,5,4,700,"{'criterion': 'gini', 'max_depth': 30, 'max_features': 'log2', 'max_leaf_nodes': 50, 'min_impurity_decrease': 0.1, 'min_samples_leaf': 5, 'min_samples_split': 4, 'n_estimators': 700}",0.8708731607345854,0.8730698970195014,0.8972379559123247,0.8841091718284702,0.8813225463737204,0.010468541252314079,268
149,2.5936911702156067,0.3253350816497114,0.12903368473052979,0.02491302979928494,gini,30,log2,50,0.1,5,4,500,"{'criterion': 'gini', 'max_depth': 30, 'max_features': 'log2', 'max_leaf_nodes': 50, 'min_impurity_decrease': 0.1, 'min_samples_leaf': 5, 'min_samples_split': 4, 'n_estimators': 500}",0.8672509973722139,0.8730698970195014,0.8943634101226163,0.8841091718284702,0.8796983690857005,0.010409038307597603,320
150,3.5693650245666504,0.5501606769785452,0.21094340085983276,0.07653172363131064,gini,30,log2,50,0.1,5,8,700,"{'criterion': 'gini', 'max_depth': 30, 'max_features': 'log2', 'max_leaf_nodes': 50, 'min_impurity_decrease': 0.1, 'min_samples_leaf': 5, 'min_samples_split': 8, 'n_estimators': 700}",0.8708731607345854,0.8730698970195014,0.8972379559123247,0.8841091718284702,0.8813225463737204,0.010468541252314079,268
151,2.437944710254669,0.2752317613451509,0.10505670309066772,0.014070894624397416,gini,30,log2,50,0.1,5,8,500,"{'criterion': 'gini', 'max_depth': 30, 'max_features': 'log2', 'max_leaf_nodes': 50, 'min_impurity_decrease': 0.1, 'min_samples_leaf': 5, 'min_samples_split': 8, 'n_estimators': 500}",0.8672509973722139,0.8730698970195014,0.8972379559123247,0.8819323141912919,0.879872791123833,0.011306852226637033,311
152,4.10931259393692,0.6138007216710267,0.18168938159942627,0.01868607512880726,gini,30,log2,50,0.05,2,4,700,"{'criterion': 'gini', 'max_depth': 30, 'max_features': 'log2', 'max_leaf_nodes': 50, 'min_impurity_decrease': 0.05, 'min_samples_leaf': 2, 'min_samples_split': 4, 'n_estimators': 700}",0.8899925173489893,0.897899303367955,0.9121287772403391,0.8876778002536564,0.896924599552735,0.009561303881278066,111
153,2.8809620141983032,0.38741917945011634,0.13390028476715088,0.023812366331087662,gini,30,log2,50,0.05,2,4,500,"{'criterion': 'gini', 'max_depth': 30, 'max_features': 'log2', 'max_leaf_nodes': 50, 'min_impurity_decrease': 0.05, 'min_samples_leaf': 2, 'min_samples_split': 4, 'n_estimators': 500}",0.8885476288098266,0.9036669384101408,0.9128453051796965,0.8891263000770416,0.8985465431191764,0.010239535032628536,104
154,3.79374098777771,0.4382014489796863,0.1602916717529297,0.023611987830314544,gini,30,log2,50,0.05,2,8,700,"{'criterion': 'gini', 'max_depth': 30, 'max_features': 'log2', 'max_leaf_nodes': 50, 'min_impurity_decrease': 0.05, 'min_samples_leaf': 2, 'min_samples_split': 8, 'n_estimators': 700}",0.8871016281637527,0.892782049388218,0.9214274117608858,0.8876778002536564,0.8972472223916282,0.0141344105835276,109
155,2.777974843978882,0.20763749674779217,0.12598997354507446,0.015475066632620712,gini,30,log2,50,0.05,2,8,500,"{'criterion': 'gini', 'max_depth': 30, 'max_features': 'log2', 'max_leaf_nodes': 50, 'min_impurity_decrease': 0.05, 'min_samples_leaf': 2, 'min_samples_split': 8, 'n_estimators': 500}",0.8871016281637527,0.892782049388218,0.9221531226651432,0.886953118532066,0.897247479687295,0.014570031697185872,108
156,3.817755401134491,0.3987468157109333,0.16659855842590332,0.014754840747931123,gini,30,log2,50,0.05,5,4,700,"{'criterion': 'gini', 'max_depth': 30, 'max_features': 'log2', 'max_leaf_nodes': 50, 'min_impurity_decrease': 0.05, 'min_samples_leaf': 5, 'min_samples_split': 4, 'n_estimators': 700}",0.9011364428641149,0.892782049388218,0.9121287772403391,0.8927426182757672,0.8996974719421098,0.007949859233836712,99
157,2.560662269592285,0.2385610570602624,0.10454696416854858,0.008460368232828289,gini,30,log2,50,0.05,5,4,500,"{'criterion': 'gini', 'max_depth': 30, 'max_features': 'log2', 'max_leaf_nodes': 50, 'min_impurity_decrease': 0.05, 'min_samples_leaf': 5, 'min_samples_split': 4, 'n_estimators': 500}",0.8870749382814367,0.892782049388218,0.9114120309589007,0.8891263000770416,0.8950988296763992,0.00963771173464516,135
158,3.602354407310486,0.27699180448071953,0.15287238359451294,0.014122569100674826,gini,30,log2,50,0.05,5,8,700,"{'criterion': 'gini', 'max_depth': 30, 'max_features': 'log2', 'max_leaf_nodes': 50, 'min_impurity_decrease': 0.05, 'min_samples_leaf': 5, 'min_samples_split': 8, 'n_estimators': 700}",0.8921578045695439,0.892782049388218,0.9114120309589007,0.8876778002536564,0.8960074212925797,0.009109159654703419,127
159,2.667380213737488,0.19916435389372208,0.1143803596496582,0.02209347241165712,gini,30,log2,50,0.05,5,8,500,"{'criterion': 'gini', 'max_depth': 30, 'max_features': 'log2', 'max_leaf_nodes': 50, 'min_impurity_decrease': 0.05, 'min_samples_leaf': 5, 'min_samples_split': 8, 'n_estimators': 500}",0.8943206912505783,0.892782049388218,0.9121287772403391,0.886953118532066,0.8965461591028004,0.009406987356704508,119
160,6.621388077735901,0.3883376380560729,0.1924281120300293,0.023390707941223294,gini,30,,10,0.1,2,4,700,"{'criterion': 'gini', 'max_depth': 30, 'max_features': None, 'max_leaf_nodes': 10, 'min_impurity_decrease': 0.1, 'min_samples_leaf': 2, 'min_samples_split': 4, 'n_estimators': 700}",0.8672509973722139,0.8703128506194391,0.8943634101226163,0.8827156808991673,0.8786607347533593,0.01075739139635788,337
161,4.231953144073486,0.24560416684553807,0.11933225393295288,0.01117398200714203,gini,30,,10,0.1,2,4,500,"{'criterion': 'gini', 'max_depth': 30, 'max_features': None, 'max_leaf_nodes': 10, 'min_impurity_decrease': 0.1, 'min_samples_leaf': 2, 'min_samples_split': 4, 'n_estimators': 500}",0.8672509973722139,0.8703128506194391,0.8943634101226163,0.8827156808991673,0.8786607347533593,0.01075739139635788,337
162,6.2313361167907715,0.29091389994390787,0.1446821093559265,0.017267697434762606,gini,30,,10,0.1,2,8,700,"{'criterion': 'gini', 'max_depth': 30, 'max_features': None, 'max_leaf_nodes': 10, 'min_impurity_decrease': 0.1, 'min_samples_leaf': 2, 'min_samples_split': 8, 'n_estimators': 700}",0.8672509973722139,0.8703128506194391,0.8943634101226163,0.8827156808991673,0.8786607347533593,0.01075739139635788,337
163,4.2797293066978455,0.422505448989434,0.10356771945953369,0.009915151754828311,gini,30,,10,0.1,2,8,500,"{'criterion': 'gini', 'max_depth': 30, 'max_features': None, 'max_leaf_nodes': 10, 'min_impurity_decrease': 0.1, 'min_samples_leaf': 2, 'min_samples_split': 8, 'n_estimators': 500}",0.8672509973722139,0.8703128506194391,0.8943634101226163,0.8827156808991673,0.8786607347533593,0.01075739139635788,337
164,6.315420687198639,0.6193612000017003,0.16066128015518188,0.016043096249384516,gini,30,,10,0.1,5,4,700,"{'criterion': 'gini', 'max_depth': 30, 'max_features': None, 'max_leaf_nodes': 10, 'min_impurity_decrease': 0.1, 'min_samples_leaf': 5, 'min_samples_split': 4, 'n_estimators': 700}",0.8672509973722139,0.8703128506194391,0.8943634101226163,0.8827156808991673,0.8786607347533593,0.01075739139635788,337
165,4.463241338729858,0.3723730893887186,0.11286598443984985,0.013005376231314486,gini,30,,10,0.1,5,4,500,"{'criterion': 'gini', 'max_depth': 30, 'max_features': None, 'max_leaf_nodes': 10, 'min_impurity_decrease': 0.1, 'min_samples_leaf': 5, 'min_samples_split': 4, 'n_estimators': 500}",0.8672509973722139,0.8703128506194391,0.8943634101226163,0.8827156808991673,0.8786607347533593,0.01075739139635788,337
166,5.832413494586945,0.36170460393688086,0.14589530229568481,0.026824454843537918,gini,30,,10,0.1,5,8,700,"{'criterion': 'gini', 'max_depth': 30, 'max_features': None, 'max_leaf_nodes': 10, 'min_impurity_decrease': 0.1, 'min_samples_leaf': 5, 'min_samples_split': 8, 'n_estimators': 700}",0.8672509973722139,0.8703128506194391,0.8943634101226163,0.8827156808991673,0.8786607347533593,0.01075739139635788,337
167,4.45332545042038,0.21500308990898426,0.12105607986450195,0.010622909598533911,gini,30,,10,0.1,5,8,500,"{'criterion': 'gini', 'max_depth': 30, 'max_features': None, 'max_leaf_nodes': 10, 'min_impurity_decrease': 0.1, 'min_samples_leaf': 5, 'min_samples_split': 8, 'n_estimators': 500}",0.8672509973722139,0.8703128506194391,0.8943634101226163,0.8827156808991673,0.8786607347533593,0.01075739139635788,337
168,7.12847775220871,0.9422341181176757,0.17753112316131592,0.03292302244892796,gini,30,,10,0.05,2,4,700,"{'criterion': 'gini', 'max_depth': 30, 'max_features': None, 'max_leaf_nodes': 10, 'min_impurity_decrease': 0.05, 'min_samples_leaf': 2, 'min_samples_split': 4, 'n_estimators': 700}",0.8672509973722139,0.8703128506194391,0.8951021388127489,0.8827156808991673,0.8788454169258924,0.011028318120753661,323
169,4.622137904167175,0.15932131791425286,0.11382222175598145,0.01644990530518463,gini,30,,10,0.05,2,4,500,"{'criterion': 'gini', 'max_depth': 30, 'max_features': None, 'max_leaf_nodes': 10, 'min_impurity_decrease': 0.05, 'min_samples_leaf': 2, 'min_samples_split': 4, 'n_estimators': 500}",0.8672509973722139,0.8703128506194391,0.8951021388127489,0.8826582310880782,0.87883105447312,0.011023304697123617,332
170,7.563708424568176,0.7310071449759905,0.17928731441497803,0.021100838662739842,gini,30,,10,0.05,2,8,700,"{'criterion': 'gini', 'max_depth': 30, 'max_features': None, 'max_leaf_nodes': 10, 'min_impurity_decrease': 0.05, 'min_samples_leaf': 2, 'min_samples_split': 8, 'n_estimators': 700}",0.8672509973722139,0.8703128506194391,0.8906964396625994,0.8827156808991673,0.877743992138355,0.009457911892155583,375
171,5.088692486286163,0.3832325600028483,0.1099022626876831,0.013159569006305159,gini,30,,10,0.05,2,8,500,"{'criterion': 'gini', 'max_depth': 30, 'max_features': None, 'max_leaf_nodes': 10, 'min_impurity_decrease': 0.05, 'min_samples_leaf': 2, 'min_samples_split': 8, 'n_estimators': 500}",0.8672509973722139,0.8703128506194391,0.8906964396625994,0.8827156808991673,0.877743992138355,0.009457911892155583,375
172,6.944064557552338,0.3849845831278347,0.1568012833595276,0.006993983315616398,gini,30,,10,0.05,5,4,700,"{'criterion': 'gini', 'max_depth': 30, 'max_features': None, 'max_leaf_nodes': 10, 'min_impurity_decrease': 0.05, 'min_samples_leaf': 5, 'min_samples_split': 4, 'n_estimators': 700}",0.8672509973722139,0.8703128506194391,0.8906964396625994,0.8827156808991673,0.877743992138355,0.009457911892155583,375
173,5.1137974858284,0.04581842386335285,0.11505353450775146,0.007280815069453539,gini,30,,10,0.05,5,4,500,"{'criterion': 'gini', 'max_depth': 30, 'max_features': None, 'max_leaf_nodes': 10, 'min_impurity_decrease': 0.05, 'min_samples_leaf': 5, 'min_samples_split': 4, 'n_estimators': 500}",0.8672509973722139,0.8709826427771555,0.8951021388127489,0.8826582310880782,0.8789985025125492,0.010897001877298213,321
174,6.8091495633125305,0.3862210271751445,0.17648756504058838,0.014749040082780124,gini,30,,10,0.05,5,8,700,"{'criterion': 'gini', 'max_depth': 30, 'max_features': None, 'max_leaf_nodes': 10, 'min_impurity_decrease': 0.05, 'min_samples_leaf': 5, 'min_samples_split': 8, 'n_estimators': 700}",0.8672509973722139,0.8709826427771555,0.8906964396625994,0.8827156808991673,0.8779114401777841,0.009329927852956768,369
175,4.970883011817932,0.2214389843734506,0.1278996467590332,0.018491621026108778,gini,30,,10,0.05,5,8,500,"{'criterion': 'gini', 'max_depth': 30, 'max_features': None, 'max_leaf_nodes': 10, 'min_impurity_decrease': 0.05, 'min_samples_leaf': 5, 'min_samples_split': 8, 'n_estimators': 500}",0.8672509973722139,0.8703128506194391,0.8906964396625994,0.8827156808991673,0.877743992138355,0.009457911892155583,375
176,6.077226042747498,0.10992789030609491,0.13928914070129395,0.015348038784628962,gini,30,,50,0.1,2,4,700,"{'criterion': 'gini', 'max_depth': 30, 'max_features': None, 'max_leaf_nodes': 50, 'min_impurity_decrease': 0.1, 'min_samples_leaf': 2, 'min_samples_split': 4, 'n_estimators': 700}",0.8672509973722139,0.8703128506194391,0.8943634101226163,0.8827156808991673,0.8786607347533593,0.01075739139635788,337
177,4.404292106628418,0.21356116985465032,0.12689882516860962,0.022906892632975163,gini,30,,50,0.1,2,4,500,"{'criterion': 'gini', 'max_depth': 30, 'max_features': None, 'max_leaf_nodes': 50, 'min_impurity_decrease': 0.1, 'min_samples_leaf': 2, 'min_samples_split': 4, 'n_estimators': 500}",0.8672509973722139,0.8703128506194391,0.8943634101226163,0.8827156808991673,0.8786607347533593,0.01075739139635788,337
178,6.096131086349487,0.2718988010412254,0.14600074291229248,0.024818817470762627,gini,30,,50,0.1,2,8,700,"{'criterion': 'gini', 'max_depth': 30, 'max_features': None, 'max_leaf_nodes': 50, 'min_impurity_decrease': 0.1, 'min_samples_leaf': 2, 'min_samples_split': 8, 'n_estimators': 700}",0.8672509973722139,0.8703128506194391,0.8943634101226163,0.8827156808991673,0.8786607347533593,0.01075739139635788,337
179,4.457228362560272,0.17900972998661796,0.11947113275527954,0.021854329141051065,gini,30,,50,0.1,2,8,500,"{'criterion': 'gini', 'max_depth': 30, 'max_features': None, 'max_leaf_nodes': 50, 'min_impurity_decrease': 0.1, 'min_samples_leaf': 2, 'min_samples_split': 8, 'n_estimators': 500}",0.8672509973722139,0.8703128506194391,0.8943634101226163,0.8827156808991673,0.8786607347533593,0.01075739139635788,337
180,6.2397507429122925,0.3292819105268664,0.16044998168945312,0.028742713371745297,gini,30,,50,0.1,5,4,700,"{'criterion': 'gini', 'max_depth': 30, 'max_features': None, 'max_leaf_nodes': 50, 'min_impurity_decrease': 0.1, 'min_samples_leaf': 5, 'min_samples_split': 4, 'n_estimators': 700}",0.8672509973722139,0.8703128506194391,0.8943634101226163,0.8827156808991673,0.8786607347533593,0.01075739139635788,337
181,4.108966171741486,0.08695269212544118,0.11406254768371582,0.015175077634755379,gini,30,,50,0.1,5,4,500,"{'criterion': 'gini', 'max_depth': 30, 'max_features': None, 'max_leaf_nodes': 50, 'min_impurity_decrease': 0.1, 'min_samples_leaf': 5, 'min_samples_split': 4, 'n_estimators': 500}",0.8672509973722139,0.8703128506194391,0.8943634101226163,0.8827156808991673,0.8786607347533593,0.01075739139635788,337
182,6.565466225147247,0.2983988028216792,0.14929908514022827,0.01986356720869792,gini,30,,50,0.1,5,8,700,"{'criterion': 'gini', 'max_depth': 30, 'max_features': None, 'max_leaf_nodes': 50, 'min_impurity_decrease': 0.1, 'min_samples_leaf': 5, 'min_samples_split': 8, 'n_estimators': 700}",0.8672509973722139,0.8703128506194391,0.8943634101226163,0.8827156808991673,0.8786607347533593,0.01075739139635788,337
183,4.605410516262054,0.49360284221936573,0.1059388518333435,0.013429172784278198,gini,30,,50,0.1,5,8,500,"{'criterion': 'gini', 'max_depth': 30, 'max_features': None, 'max_leaf_nodes': 50, 'min_impurity_decrease': 0.1, 'min_samples_leaf': 5, 'min_samples_split': 8, 'n_estimators': 500}",0.8672509973722139,0.8703128506194391,0.8943634101226163,0.8827156808991673,0.8786607347533593,0.01075739139635788,337
184,7.038104474544525,0.13399778390708708,0.16763049364089966,0.01632513395980966,gini,30,,50,0.05,2,4,700,"{'criterion': 'gini', 'max_depth': 30, 'max_features': None, 'max_leaf_nodes': 50, 'min_impurity_decrease': 0.05, 'min_samples_leaf': 2, 'min_samples_split': 4, 'n_estimators': 700}",0.8672509973722139,0.8709826427771555,0.8937602715898322,0.8826582310880782,0.8786630357068199,0.010405661583319634,336
185,5.177112102508545,0.5885817819089919,0.12565696239471436,0.012339894473069653,gini,30,,50,0.05,2,4,500,"{'criterion': 'gini', 'max_depth': 30, 'max_features': None, 'max_leaf_nodes': 50, 'min_impurity_decrease': 0.05, 'min_samples_leaf': 2, 'min_samples_split': 4, 'n_estimators': 500}",0.8672509973722139,0.8709826427771555,0.8906964396625994,0.8826582310880782,0.8778970777250118,0.009322562481452851,374
186,6.742259740829468,0.48862273646305143,0.17317920923233032,0.0334401660467705,gini,30,,50,0.05,2,8,700,"{'criterion': 'gini', 'max_depth': 30, 'max_features': None, 'max_leaf_nodes': 50, 'min_impurity_decrease': 0.05, 'min_samples_leaf': 2, 'min_samples_split': 8, 'n_estimators': 700}",0.8672509973722139,0.8703128506194391,0.8951021388127489,0.8827156808991673,0.8788454169258924,0.011028318120753661,323
187,4.818350195884705,0.2643111095357648,0.10914599895477295,0.015839074767322617,gini,30,,50,0.05,2,8,500,"{'criterion': 'gini', 'max_depth': 30, 'max_features': None, 'max_leaf_nodes': 50, 'min_impurity_decrease': 0.05, 'min_samples_leaf': 2, 'min_samples_split': 8, 'n_estimators': 500}",0.8672509973722139,0.8703128506194391,0.8951021388127489,0.8827156808991673,0.8788454169258924,0.011028318120753661,323
188,6.80949330329895,0.576189810194236,0.15597546100616455,0.02386744249214897,gini,30,,50,0.05,5,4,700,"{'criterion': 'gini', 'max_depth': 30, 'max_features': None, 'max_leaf_nodes': 50, 'min_impurity_decrease': 0.05, 'min_samples_leaf': 5, 'min_samples_split': 4, 'n_estimators': 700}",0.8672509973722139,0.8703128506194391,0.8951021388127489,0.8826582310880782,0.87883105447312,0.011023304697123617,332
189,4.817065000534058,0.2853788640872354,0.13548141717910767,0.021981680435324644,gini,30,,50,0.05,5,4,500,"{'criterion': 'gini', 'max_depth': 30, 'max_features': None, 'max_leaf_nodes': 50, 'min_impurity_decrease': 0.05, 'min_samples_leaf': 5, 'min_samples_split': 4, 'n_estimators': 500}",0.8672509973722139,0.8703128506194391,0.8951021388127489,0.8826582310880782,0.87883105447312,0.011023304697123617,332
190,7.300574004650116,0.4003525731591559,0.18785583972930908,0.012017275728586055,gini,30,,50,0.05,5,8,700,"{'criterion': 'gini', 'max_depth': 30, 'max_features': None, 'max_leaf_nodes': 50, 'min_impurity_decrease': 0.05, 'min_samples_leaf': 5, 'min_samples_split': 8, 'n_estimators': 700}",0.8672509973722139,0.8703128506194391,0.8951021388127489,0.8827156808991673,0.8788454169258924,0.011028318120753661,323
191,4.737627685070038,0.5136769299445603,0.10515362024307251,0.012688048204846166,gini,30,,50,0.05,5,8,500,"{'criterion': 'gini', 'max_depth': 30, 'max_features': None, 'max_leaf_nodes': 50, 'min_impurity_decrease': 0.05, 'min_samples_leaf': 5, 'min_samples_split': 8, 'n_estimators': 500}",0.8672509973722139,0.8703128506194391,0.8906964396625994,0.8826582310880782,0.8777296296855827,0.009450391786051815,383
192,3.8243587017059326,0.3887168636068148,0.1727772355079651,0.02685185107079499,entropy,10,sqrt,10,0.1,2,4,700,"{'criterion': 'entropy', 'max_depth': 10, 'max_features': 'sqrt', 'max_leaf_nodes': 10, 'min_impurity_decrease': 0.1, 'min_samples_leaf': 2, 'min_samples_split': 4, 'n_estimators': 700}",0.8841491073876535,0.8802103250000125,0.9106074260994952,0.886953118532066,0.8904799942548067,0.011864849347482205,197
193,2.652411103248596,0.24953453503757067,0.11631065607070923,0.01726103823299003,entropy,10,sqrt,10,0.1,2,4,500,"{'criterion': 'entropy', 'max_depth': 10, 'max_features': 'sqrt', 'max_leaf_nodes': 10, 'min_impurity_decrease': 0.1, 'min_samples_leaf': 2, 'min_samples_split': 4, 'n_estimators': 500}",0.8863235529902196,0.8816516177783952,0.9120080285888272,0.8862833846944016,0.8915666460129608,0.011953668695326039,175
194,3.7102469205856323,0.4344987956333613,0.1561412811279297,0.022185956333120857,entropy,10,sqrt,10,0.1,2,8,700,"{'criterion': 'entropy', 'max_depth': 10, 'max_features': 'sqrt', 'max_leaf_nodes': 10, 'min_impurity_decrease': 0.1, 'min_samples_leaf': 2, 'min_samples_split': 8, 'n_estimators': 700}",0.8841491073876535,0.8802103250000125,0.9120080285888272,0.886953118532066,0.8908301448771399,0.012459443486214593,188
195,2.7228992581367493,0.3599896304998375,0.11691278219223022,0.014080830537894655,entropy,10,sqrt,10,0.1,2,8,500,"{'criterion': 'entropy', 'max_depth': 10, 'max_features': 'sqrt', 'max_leaf_nodes': 10, 'min_impurity_decrease': 0.1, 'min_samples_leaf': 2, 'min_samples_split': 8, 'n_estimators': 500}",0.8763768638768639,0.8802103250000125,0.9120080285888272,0.8833548164299511,0.8879875084739137,0.014086685849685199,223
196,3.5860382318496704,0.29760096725482527,0.15917539596557617,0.024926895492723998,entropy,10,sqrt,10,0.1,5,4,700,"{'criterion': 'entropy', 'max_depth': 10, 'max_features': 'sqrt', 'max_leaf_nodes': 10, 'min_impurity_decrease': 0.1, 'min_samples_leaf': 5, 'min_samples_split': 4, 'n_estimators': 700}",0.8848742174297415,0.8794892817149256,0.9120080285888272,0.8870075452678456,0.890844768250335,0.012522004830789852,186
197,2.6854854226112366,0.2063219398094548,0.1260654330253601,0.0023454047814058933,entropy,10,sqrt,10,0.1,5,4,500,"{'criterion': 'entropy', 'max_depth': 10, 'max_features': 'sqrt', 'max_leaf_nodes': 10, 'min_impurity_decrease': 0.1, 'min_samples_leaf': 5, 'min_samples_split': 4, 'n_estimators': 500}",0.8848742174297415,0.875157323942253,0.911289042212142,0.8870075452678456,0.8895820322129955,0.01330467957959949,213
198,3.6288540363311768,0.24976983053533972,0.16954445838928223,0.02374966362318237,entropy,10,sqrt,10,0.1,5,8,700,"{'criterion': 'entropy', 'max_depth': 10, 'max_features': 'sqrt', 'max_leaf_nodes': 10, 'min_impurity_decrease': 0.1, 'min_samples_leaf': 5, 'min_samples_split': 8, 'n_estimators': 700}",0.8863235529902196,0.8802103250000125,0.911289042212142,0.8870075452678456,0.8912076163675549,0.011892211250338548,182
199,2.5638235211372375,0.2825717700245051,0.12422674894332886,0.018868013003669422,entropy,10,sqrt,10,0.1,5,8,500,"{'criterion': 'entropy', 'max_depth': 10, 'max_features': 'sqrt', 'max_leaf_nodes': 10, 'min_impurity_decrease': 0.1, 'min_samples_leaf': 5, 'min_samples_split': 8, 'n_estimators': 500}",0.8841491073876535,0.8802103250000125,0.9105698142693994,0.8960772139639369,0.8927516151552505,0.011830415522681674,171
200,3.9242222905158997,0.22393221857532525,0.1593429446220398,0.013271527810860162,entropy,10,sqrt,10,0.05,2,4,700,"{'criterion': 'entropy', 'max_depth': 10, 'max_features': 'sqrt', 'max_leaf_nodes': 10, 'min_impurity_decrease': 0.05, 'min_samples_leaf': 2, 'min_samples_split': 4, 'n_estimators': 700}",0.899702528606467,0.8941771434209689,0.9165905100167611,0.9031546126887915,0.9034061986832471,0.008258056580144208,93
201,3.2187262773513794,0.14471949066699266,0.1584147810935974,0.016955494339979706,entropy,10,sqrt,10,0.05,2,4,500,"{'criterion': 'entropy', 'max_depth': 10, 'max_features': 'sqrt', 'max_leaf_nodes': 10, 'min_impurity_decrease': 0.05, 'min_samples_leaf': 2, 'min_samples_split': 4, 'n_estimators': 500}",0.9038820395859584,0.9152010238071032,0.9173020317216136,0.9101671521241573,0.9116380618097081,0.005174328685834514,44
202,4.2819443345069885,0.4649546530516504,0.18865787982940674,0.008104430323715734,entropy,10,sqrt,10,0.05,2,8,700,"{'criterion': 'entropy', 'max_depth': 10, 'max_features': 'sqrt', 'max_leaf_nodes': 10, 'min_impurity_decrease': 0.05, 'min_samples_leaf': 2, 'min_samples_split': 8, 'n_estimators': 700}",0.9038820395859584,0.8941771434209689,0.9187245913037233,0.9031546126887915,0.9049845967498605,0.008805580215973684,86
203,2.8280749320983887,0.22305658196641126,0.11266380548477173,0.007201085744458622,entropy,10,sqrt,10,0.05,2,8,500,"{'criterion': 'entropy', 'max_depth': 10, 'max_features': 'sqrt', 'max_leaf_nodes': 10, 'min_impurity_decrease': 0.05, 'min_samples_leaf': 2, 'min_samples_split': 8, 'n_estimators': 500}",0.9087850523213631,0.9201100074139335,0.9173020317216136,0.9038670284938941,0.9125160299877011,0.006505761426107801,38
204,3.996895492076874,0.3197765273771032,0.1659846305847168,0.025689967793981063,entropy,10,sqrt,10,0.05,5,4,700,"{'criterion': 'entropy', 'max_depth': 10, 'max_features': 'sqrt', 'max_leaf_nodes': 10, 'min_impurity_decrease': 0.05, 'min_samples_leaf': 5, 'min_samples_split': 4, 'n_estimators': 700}",0.9144161871912091,0.9036108928567859,0.9187245913037233,0.9031546126887915,0.9099765710101274,0.0067693985069292185,63
205,2.820659339427948,0.3680932012587005,0.12594449520111084,0.013567580814806388,entropy,10,sqrt,10,0.05,5,4,500,"{'criterion': 'entropy', 'max_depth': 10, 'max_features': 'sqrt', 'max_leaf_nodes': 10, 'min_impurity_decrease': 0.05, 'min_samples_leaf': 5, 'min_samples_split': 4, 'n_estimators': 500}",0.899702528606467,0.9159022755555821,0.9180133914320372,0.9101671521241573,0.910946336929561,0.007098150138826771,52
206,3.992360234260559,0.20436100752059635,0.16762995719909668,0.017547990552461763,entropy,10,sqrt,10,0.05,5,8,700,"{'criterion': 'entropy', 'max_depth': 10, 'max_features': 'sqrt', 'max_leaf_nodes': 10, 'min_impurity_decrease': 0.05, 'min_samples_leaf': 5, 'min_samples_split': 8, 'n_estimators': 700}",0.9060204160448087,0.9049896295229581,0.9173020317216136,0.9094536145468487,0.9094414229590573,0.004829882810633781,66
207,3.07017183303833,0.2124050943782262,0.1388547420501709,0.014260857754975204,entropy,10,sqrt,10,0.05,5,8,500,"{'criterion': 'entropy', 'max_depth': 10, 'max_features': 'sqrt', 'max_leaf_nodes': 10, 'min_impurity_decrease': 0.05, 'min_samples_leaf': 5, 'min_samples_split': 8, 'n_estimators': 500}",0.9004032428797369,0.9152010238071032,0.9173020317216136,0.9101671521241573,0.9107683626331528,0.006521780401457377,53
208,3.7594746947288513,0.2057625025956529,0.1901611089706421,0.020724527521450244,entropy,10,sqrt,50,0.1,2,4,700,"{'criterion': 'entropy', 'max_depth': 10, 'max_features': 'sqrt', 'max_leaf_nodes': 50, 'min_impurity_decrease': 0.1, 'min_samples_leaf': 2, 'min_samples_split': 4, 'n_estimators': 700}",0.880001101633171,0.8802103250000125,0.9120080285888272,0.886953118532066,0.8897931434385191,0.013127084174081854,206
209,2.47917377948761,0.21418897098981388,0.1047181487083435,0.007202644693740453,entropy,10,sqrt,50,0.1,2,4,500,"{'criterion': 'entropy', 'max_depth': 10, 'max_features': 'sqrt', 'max_leaf_nodes': 50, 'min_impurity_decrease': 0.1, 'min_samples_leaf': 2, 'min_samples_split': 4, 'n_estimators': 500}",0.880001101633171,0.8816516177783952,0.9105698142693994,0.8870075452678456,0.8898075197372028,0.012263740294701063,205
210,3.806608259677887,0.1227476530331586,0.1928883194923401,0.014863167162036381,entropy,10,sqrt,50,0.1,2,8,700,"{'criterion': 'entropy', 'max_depth': 10, 'max_features': 'sqrt', 'max_leaf_nodes': 50, 'min_impurity_decrease': 0.1, 'min_samples_leaf': 2, 'min_samples_split': 8, 'n_estimators': 700}",0.8841491073876535,0.8816516177783952,0.9120080285888272,0.8876778002536564,0.8913716385021331,0.012105255009557192,180
211,2.6618701815605164,0.2096798983659947,0.1079491376876831,0.012076111259894677,entropy,10,sqrt,50,0.1,2,8,500,"{'criterion': 'entropy', 'max_depth': 10, 'max_features': 'sqrt', 'max_leaf_nodes': 50, 'min_impurity_decrease': 0.1, 'min_samples_leaf': 2, 'min_samples_split': 8, 'n_estimators': 500}",0.8841491073876535,0.8802103250000125,0.9105698142693994,0.8876778002536564,0.8906517617276803,0.01179916711369304,193
212,3.7249194383621216,0.36636585457662496,0.14043331146240234,0.011041794424867017,entropy,10,sqrt,50,0.1,5,4,700,"{'criterion': 'entropy', 'max_depth': 10, 'max_features': 'sqrt', 'max_leaf_nodes': 50, 'min_impurity_decrease': 0.1, 'min_samples_leaf': 5, 'min_samples_split': 4, 'n_estimators': 700}",0.8841491073876535,0.8744343602774205,0.911289042212142,0.8870075452678456,0.8892200137862654,0.013567117177151613,216
213,2.648464560508728,0.2639047484064066,0.1194988489151001,0.024171070529151226,entropy,10,sqrt,50,0.1,5,4,500,"{'criterion': 'entropy', 'max_depth': 10, 'max_features': 'sqrt', 'max_leaf_nodes': 50, 'min_impurity_decrease': 0.1, 'min_samples_leaf': 5, 'min_samples_split': 4, 'n_estimators': 500}",0.8863235529902196,0.8794892817149256,0.9120080285888272,0.8862281458881149,0.8910122522955218,0.012434559184514197,184
214,4.295950174331665,0.22408160592065685,0.17482423782348633,0.01454164963487296,entropy,10,sqrt,50,0.1,5,8,700,"{'criterion': 'entropy', 'max_depth': 10, 'max_features': 'sqrt', 'max_leaf_nodes': 50, 'min_impurity_decrease': 0.1, 'min_samples_leaf': 5, 'min_samples_split': 8, 'n_estimators': 700}",0.8841491073876535,0.8794892817149256,0.9206178347772154,0.8870075452678456,0.89281594228691,0.016274186701225875,169
215,2.6170575618743896,0.21276938402616513,0.1281731128692627,0.019323884747984296,entropy,10,sqrt,50,0.1,5,8,500,"{'criterion': 'entropy', 'max_depth': 10, 'max_features': 'sqrt', 'max_leaf_nodes': 50, 'min_impurity_decrease': 0.1, 'min_samples_leaf': 5, 'min_samples_split': 8, 'n_estimators': 500}",0.880001101633171,0.8802103250000125,0.9120443232376627,0.8862281458881149,0.8896209739397403,0.013185409858874618,210
216,4.051209211349487,0.3316658882386028,0.16359663009643555,0.01416301245272226,entropy,10,sqrt,50,0.05,2,4,700,"{'criterion': 'entropy', 'max_depth': 10, 'max_features': 'sqrt', 'max_leaf_nodes': 50, 'min_impurity_decrease': 0.05, 'min_samples_leaf': 2, 'min_samples_split': 4, 'n_estimators': 700}",0.9003798200600597,0.9071452815088855,0.9173020317216136,0.9094536145468487,0.9085701869593519,0.0060443780230553575,71
217,2.7950733304023743,0.24442787227568574,0.11621862649917603,0.011560630427716139,entropy,10,sqrt,50,0.05,2,4,500,"{'criterion': 'entropy', 'max_depth': 10, 'max_features': 'sqrt', 'max_leaf_nodes': 50, 'min_impurity_decrease': 0.05, 'min_samples_leaf': 2, 'min_samples_split': 4, 'n_estimators': 500}",0.899702528606467,0.8941771434209689,0.9173020317216136,0.9031546126887915,0.9035840791094603,0.008542885031277005,92
218,4.00237649679184,0.282542027298243,0.1743672490119934,0.024075239188359902,entropy,10,sqrt,50,0.05,2,8,700,"{'criterion': 'entropy', 'max_depth': 10, 'max_features': 'sqrt', 'max_leaf_nodes': 50, 'min_impurity_decrease': 0.05, 'min_samples_leaf': 2, 'min_samples_split': 8, 'n_estimators': 700}",0.9038820395859584,0.9021119926365391,0.9173020317216136,0.9031546126887915,0.9066126691582256,0.006203488002147603,80
219,2.9161420464515686,0.31544139591242726,0.11812096834182739,0.014099211948182509,entropy,10,sqrt,50,0.05,2,8,500,"{'criterion': 'entropy', 'max_depth': 10, 'max_features': 'sqrt', 'max_leaf_nodes': 50, 'min_impurity_decrease': 0.05, 'min_samples_leaf': 2, 'min_samples_split': 8, 'n_estimators': 500}",0.9038820395859584,0.9207998212689901,0.9173020317216136,0.9052584414081055,0.911810583496167,0.007361296995560005,43
220,4.262914717197418,0.4307005449474134,0.17982488870620728,0.025245748410272693,entropy,10,sqrt,50,0.05,5,4,700,"{'criterion': 'entropy', 'max_depth': 10, 'max_features': 'sqrt', 'max_leaf_nodes': 50, 'min_impurity_decrease': 0.05, 'min_samples_leaf': 5, 'min_samples_split': 4, 'n_estimators': 700}",0.899702528606467,0.9152010238071032,0.9171115094155674,0.9038670284938941,0.9089705225807578,0.007366073858884689,69
221,2.805030941963196,0.31357544857738323,0.127377450466156,0.024649806864116695,entropy,10,sqrt,50,0.05,5,4,500,"{'criterion': 'entropy', 'max_depth': 10, 'max_features': 'sqrt', 'max_leaf_nodes': 50, 'min_impurity_decrease': 0.05, 'min_samples_leaf': 5, 'min_samples_split': 4, 'n_estimators': 500}",0.899702528606467,0.9152010238071032,0.9187245913037233,0.9101671521241573,0.9109488239603627,0.007169970909307531,51
222,3.955227315425873,0.05098185322000118,0.2157304286956787,0.032632021185258424,entropy,10,sqrt,50,0.05,5,8,700,"{'criterion': 'entropy', 'max_depth': 10, 'max_features': 'sqrt', 'max_leaf_nodes': 50, 'min_impurity_decrease': 0.05, 'min_samples_leaf': 5, 'min_samples_split': 8, 'n_estimators': 700}",0.899702528606467,0.9187073739645248,0.9187245913037233,0.9031546126887915,0.9100722766408766,0.008729450206984797,61
223,2.974720597267151,0.39995964791029404,0.13234299421310425,0.025414704937289583,entropy,10,sqrt,50,0.05,5,8,500,"{'criterion': 'entropy', 'max_depth': 10, 'max_features': 'sqrt', 'max_leaf_nodes': 50, 'min_impurity_decrease': 0.05, 'min_samples_leaf': 5, 'min_samples_split': 8, 'n_estimators': 500}",0.899702528606467,0.9049896295229581,0.9222782684314241,0.9101671521241573,0.9092843946712517,0.008364765103970745,68
224,3.7417538166046143,0.2976596502024669,0.1812608242034912,0.030281655308694568,entropy,10,log2,10,0.1,2,4,700,"{'criterion': 'entropy', 'max_depth': 10, 'max_features': 'log2', 'max_leaf_nodes': 10, 'min_impurity_decrease': 0.1, 'min_samples_leaf': 2, 'min_samples_split': 4, 'n_estimators': 700}",0.8813931741698109,0.8794892817149256,0.9105698142693994,0.886953118532066,0.8896013471715505,0.012412873349733662,211
225,2.514128863811493,0.1416846914587652,0.11599516868591309,0.020460438175065654,entropy,10,log2,10,0.1,2,4,500,"{'criterion': 'entropy', 'max_depth': 10, 'max_features': 'log2', 'max_leaf_nodes': 10, 'min_impurity_decrease': 0.1, 'min_samples_leaf': 2, 'min_samples_split': 4, 'n_estimators': 500}",0.8841491073876535,0.8794892817149256,0.9105698142693994,0.8870075452678456,0.890303937159956,0.012004277117367181,200
226,3.8888068199157715,0.3246050343565644,0.1620805859565735,0.02469446043450694,entropy,10,log2,10,0.1,2,8,700,"{'criterion': 'entropy', 'max_depth': 10, 'max_features': 'log2', 'max_leaf_nodes': 10, 'min_impurity_decrease': 0.1, 'min_samples_leaf': 2, 'min_samples_split': 8, 'n_estimators': 700}",0.8848742174297415,0.8802103250000125,0.909130624726955,0.8862281458881149,0.890110828261206,0.011205689825195353,202
227,2.752827227115631,0.13479969939531763,0.13480347394943237,0.012576048548680038,entropy,10,log2,10,0.1,2,8,500,"{'criterion': 'entropy', 'max_depth': 10, 'max_features': 'log2', 'max_leaf_nodes': 10, 'min_impurity_decrease': 0.1, 'min_samples_leaf': 2, 'min_samples_split': 8, 'n_estimators': 500}",0.8813931741698109,0.8802103250000125,0.9120443232376627,0.886953118532066,0.890150235234888,0.012894384229768194,201
228,3.933262586593628,0.40399544954008865,0.17546647787094116,0.02245443500432476,entropy,10,log2,10,0.1,5,4,700,"{'criterion': 'entropy', 'max_depth': 10, 'max_features': 'log2', 'max_leaf_nodes': 10, 'min_impurity_decrease': 0.1, 'min_samples_leaf': 5, 'min_samples_split': 4, 'n_estimators': 700}",0.8863235529902196,0.8794892817149256,0.909130624726955,0.8876778002536564,0.8906553149214391,0.011109085527220279,192
229,2.6347827911376953,0.2927509854764624,0.11485755443572998,0.020062410408049288,entropy,10,log2,10,0.1,5,4,500,"{'criterion': 'entropy', 'max_depth': 10, 'max_features': 'log2', 'max_leaf_nodes': 10, 'min_impurity_decrease': 0.1, 'min_samples_leaf': 5, 'min_samples_split': 4, 'n_estimators': 500}",0.8848742174297415,0.8802103250000125,0.922285708587611,0.8876778002536564,0.8937620128177552,0.01668277564184977,163
230,3.847401201725006,0.43438439100498555,0.15963071584701538,0.03128778515747819,entropy,10,log2,10,0.1,5,8,700,"{'criterion': 'entropy', 'max_depth': 10, 'max_features': 'log2', 'max_leaf_nodes': 10, 'min_impurity_decrease': 0.1, 'min_samples_leaf': 5, 'min_samples_split': 8, 'n_estimators': 700}",0.8877717244295014,0.8802103250000125,0.9191850971351727,0.8982523267579042,0.8963548683306476,0.014655513760464638,122
231,2.756235957145691,0.22600771780550666,0.12172389030456543,0.014621841284707799,entropy,10,log2,10,0.1,5,8,500,"{'criterion': 'entropy', 'max_depth': 10, 'max_features': 'log2', 'max_leaf_nodes': 10, 'min_impurity_decrease': 0.1, 'min_samples_leaf': 5, 'min_samples_split': 8, 'n_estimators': 500}",0.8841491073876535,0.8816516177783952,0.9199164759868462,0.886953118532066,0.8931675799212402,0.015556937375336985,167
232,4.2231481075286865,0.36427961050064933,0.17682915925979614,0.019455801529206666,entropy,10,log2,10,0.05,2,4,700,"{'criterion': 'entropy', 'max_depth': 10, 'max_features': 'log2', 'max_leaf_nodes': 10, 'min_impurity_decrease': 0.05, 'min_samples_leaf': 2, 'min_samples_split': 4, 'n_estimators': 700}",0.9038820395859584,0.8941771434209689,0.9173020317216136,0.9031546126887915,0.9046289568543331,0.00825498041732706,89
233,2.7973350286483765,0.10340396743226893,0.12356549501419067,0.02245555838220653,entropy,10,log2,10,0.05,2,4,500,"{'criterion': 'entropy', 'max_depth': 10, 'max_features': 'log2', 'max_leaf_nodes': 10, 'min_impurity_decrease': 0.05, 'min_samples_leaf': 2, 'min_samples_split': 4, 'n_estimators': 500}",0.9018046145882685,0.9029118062014381,0.9158788241603373,0.9031546126887915,0.9059374644097088,0.005762160025369894,82
234,4.276472985744476,0.5789320816381177,0.2148289680480957,0.02880705343693697,entropy,10,log2,10,0.05,2,8,700,"{'criterion': 'entropy', 'max_depth': 10, 'max_features': 'log2', 'max_leaf_nodes': 10, 'min_impurity_decrease': 0.05, 'min_samples_leaf': 2, 'min_samples_split': 8, 'n_estimators': 700}",0.899702528606467,0.9201100074139335,0.9105698142693994,0.8876502940645135,0.9045081610885783,0.012118612051290492,90
235,2.920236587524414,0.30965918640979173,0.13458067178726196,0.02156417210139412,entropy,10,log2,10,0.05,2,8,500,"{'criterion': 'entropy', 'max_depth': 10, 'max_features': 'log2', 'max_leaf_nodes': 10, 'min_impurity_decrease': 0.05, 'min_samples_leaf': 2, 'min_samples_split': 8, 'n_estimators': 500}",0.9060204160448087,0.8941771434209689,0.9187245913037233,0.9101671521241573,0.9072723257234145,0.008840043611176863,77
236,4.2732765674591064,0.7542130653865963,0.1812068223953247,0.02891360894384549,entropy,10,log2,10,0.05,5,4,700,"{'criterion': 'entropy', 'max_depth': 10, 'max_features': 'log2', 'max_leaf_nodes': 10, 'min_impurity_decrease': 0.05, 'min_samples_leaf': 5, 'min_samples_split': 4, 'n_estimators': 700}",0.9038820395859584,0.9152010238071032,0.9173020317216136,0.9094536145468487,0.9114596774153809,0.005233919658554399,46
237,3.0777708292007446,0.34842927914888494,0.13438647985458374,0.02830091871440978,entropy,10,log2,10,0.05,5,4,500,"{'criterion': 'entropy', 'max_depth': 10, 'max_features': 'log2', 'max_leaf_nodes': 10, 'min_impurity_decrease': 0.05, 'min_samples_leaf': 5, 'min_samples_split': 4, 'n_estimators': 500}",0.9081102636957281,0.9152010238071032,0.9173020317216136,0.899955084265823,0.910142100872567,0.0067963405719542866,60
238,4.017296075820923,0.20430272473216088,0.1616954207420349,0.014009421333752756,entropy,10,log2,10,0.05,5,8,700,"{'criterion': 'entropy', 'max_depth': 10, 'max_features': 'log2', 'max_leaf_nodes': 10, 'min_impurity_decrease': 0.05, 'min_samples_leaf': 5, 'min_samples_split': 8, 'n_estimators': 700}",0.899702528606467,0.9152010238071032,0.9173020317216136,0.908764667215364,0.9102425628376369,0.006850163012186684,59
239,3.0838924050331116,0.37832760669341253,0.12427055835723877,0.02275150852764427,entropy,10,log2,10,0.05,5,8,500,"{'criterion': 'entropy', 'max_depth': 10, 'max_features': 'log2', 'max_leaf_nodes': 10, 'min_impurity_decrease': 0.05, 'min_samples_leaf': 5, 'min_samples_split': 8, 'n_estimators': 500}",0.9038820395859584,0.8941771434209689,0.9180133914320372,0.9144337763431651,0.9076265876955324,0.009342546507572682,74
240,3.8948479294776917,0.5668067513599508,0.15247589349746704,0.014252686431108726,entropy,10,log2,50,0.1,2,4,700,"{'criterion': 'entropy', 'max_depth': 10, 'max_features': 'log2', 'max_leaf_nodes': 50, 'min_impurity_decrease': 0.1, 'min_samples_leaf': 2, 'min_samples_split': 4, 'n_estimators': 700}",0.8841491073876535,0.8802103250000125,0.9206178347772154,0.8862833846944016,0.8928151629648207,0.01619903659687255,170
241,2.720655381679535,0.2184785309924222,0.12909549474716187,0.00855556061908235,entropy,10,log2,50,0.1,2,4,500,"{'criterion': 'entropy', 'max_depth': 10, 'max_features': 'log2', 'max_leaf_nodes': 50, 'min_impurity_decrease': 0.1, 'min_samples_leaf': 2, 'min_samples_split': 4, 'n_estimators': 500}",0.8984140439049879,0.8802103250000125,0.9105698142693994,0.8862833846944016,0.8938693919672003,0.011658425955768022,162
242,3.9211142659187317,0.39590255207386627,0.17531746625900269,0.023659845349408078,entropy,10,log2,50,0.1,2,8,700,"{'criterion': 'entropy', 'max_depth': 10, 'max_features': 'log2', 'max_leaf_nodes': 50, 'min_impurity_decrease': 0.1, 'min_samples_leaf': 2, 'min_samples_split': 8, 'n_estimators': 700}",0.8813931741698109,0.8802103250000125,0.9105698142693994,0.886953118532066,0.8897816079928222,0.012269119293562003,207
243,2.561739921569824,0.19293078732117844,0.10753381252288818,0.0145007634740674,entropy,10,log2,50,0.1,2,8,500,"{'criterion': 'entropy', 'max_depth': 10, 'max_features': 'log2', 'max_leaf_nodes': 50, 'min_impurity_decrease': 0.1, 'min_samples_leaf': 2, 'min_samples_split': 8, 'n_estimators': 500}",0.8841491073876535,0.8794892817149256,0.9070504683604454,0.8912969249907117,0.890496445613434,0.010441776620660643,196
244,3.5170241594314575,0.2676057462297751,0.16273248195648193,0.03198489185526059,entropy,10,log2,50,0.1,5,4,700,"{'criterion': 'entropy', 'max_depth': 10, 'max_features': 'log2', 'max_leaf_nodes': 50, 'min_impurity_decrease': 0.1, 'min_samples_leaf': 5, 'min_samples_split': 4, 'n_estimators': 700}",0.880001101633171,0.8802103250000125,0.9105698142693994,0.886953118532066,0.8894335898586623,0.012519316765701931,214
245,2.774952232837677,0.26996175995917143,0.11431056261062622,0.02229347923605245,entropy,10,log2,50,0.1,5,4,500,"{'criterion': 'entropy', 'max_depth': 10, 'max_features': 'log2', 'max_leaf_nodes': 50, 'min_impurity_decrease': 0.1, 'min_samples_leaf': 5, 'min_samples_split': 4, 'n_estimators': 500}",0.8855990318676885,0.8802103250000125,0.911289042212142,0.8870075452678456,0.8910264860869221,0.011970481047088083,183
246,4.076488733291626,0.49677301993062134,0.1869279146194458,0.03934811573559403,entropy,10,log2,50,0.1,5,8,700,"{'criterion': 'entropy', 'max_depth': 10, 'max_features': 'log2', 'max_leaf_nodes': 50, 'min_impurity_decrease': 0.1, 'min_samples_leaf': 5, 'min_samples_split': 8, 'n_estimators': 700}",0.8841491073876535,0.8802103250000125,0.9105698142693994,0.886953118532066,0.8904705912972828,0.011848898704600198,198
247,2.7481836080551147,0.2479856863100587,0.11855590343475342,0.022450623675555302,entropy,10,log2,50,0.1,5,8,500,"{'criterion': 'entropy', 'max_depth': 10, 'max_features': 'log2', 'max_leaf_nodes': 50, 'min_impurity_decrease': 0.1, 'min_samples_leaf': 5, 'min_samples_split': 8, 'n_estimators': 500}",0.8841491073876535,0.8802103250000125,0.9105698142693994,0.886953118532066,0.8904705912972828,0.011848898704600198,198
248,4.255358278751373,0.464952829404195,0.20239996910095215,0.049114716116546664,entropy,10,log2,50,0.05,2,4,700,"{'criterion': 'entropy', 'max_depth': 10, 'max_features': 'log2', 'max_leaf_nodes': 50, 'min_impurity_decrease': 0.05, 'min_samples_leaf': 2, 'min_samples_split': 4, 'n_estimators': 700}",0.9060204160448087,0.9152010238071032,0.9173020317216136,0.9059596965138008,0.9111207920218316,0.0051842732759208995,50
249,2.846551537513733,0.34083310051365034,0.10626488924026489,0.010470523293927891,entropy,10,log2,50,0.05,2,4,500,"{'criterion': 'entropy', 'max_depth': 10, 'max_features': 'log2', 'max_leaf_nodes': 50, 'min_impurity_decrease': 0.05, 'min_samples_leaf': 2, 'min_samples_split': 4, 'n_estimators': 500}",0.9038820395859584,0.9222141101749011,0.926502683184711,0.9052584414081055,0.9144643185884189,0.010021405781277642,36
250,4.159917116165161,0.48739777764617676,0.16694378852844238,0.0168683232961743,entropy,10,log2,50,0.05,2,8,700,"{'criterion': 'entropy', 'max_depth': 10, 'max_features': 'log2', 'max_leaf_nodes': 50, 'min_impurity_decrease': 0.05, 'min_samples_leaf': 2, 'min_samples_split': 8, 'n_estimators': 700}",0.9060204160448087,0.9152010238071032,0.9173020317216136,0.908764667215364,0.9118220346972223,0.004594948576948121,42
251,3.0815277099609375,0.3489169564696404,0.1266336441040039,0.01898946811587118,entropy,10,log2,50,0.05,2,8,500,"{'criterion': 'entropy', 'max_depth': 10, 'max_features': 'log2', 'max_leaf_nodes': 50, 'min_impurity_decrease': 0.05, 'min_samples_leaf': 2, 'min_samples_split': 8, 'n_estimators': 500}",0.9053078099179319,0.8941771434209689,0.9180133914320372,0.9031546126887915,0.9051632393649324,0.008512875454371878,84
252,3.893145203590393,0.06616563883737323,0.1801956295967102,0.027558148757722497,entropy,10,log2,50,0.05,5,4,700,"{'criterion': 'entropy', 'max_depth': 10, 'max_features': 'log2', 'max_leaf_nodes': 50, 'min_impurity_decrease': 0.05, 'min_samples_leaf': 5, 'min_samples_split': 4, 'n_estimators': 700}",0.9053078099179319,0.9152010238071032,0.9277924989808397,0.9123066542094882,0.9151519967288408,0.008136164465792538,33
253,2.9490445852279663,0.323070738838654,0.1087149977684021,0.00980881427457342,entropy,10,log2,50,0.05,5,4,500,"{'criterion': 'entropy', 'max_depth': 10, 'max_features': 'log2', 'max_leaf_nodes': 50, 'min_impurity_decrease': 0.05, 'min_samples_leaf': 5, 'min_samples_split': 4, 'n_estimators': 500}",0.8950186587696218,0.9187073739645248,0.9180133914320372,0.9031546126887915,0.9087235092137439,0.010060007470089524,70
254,4.037947595119476,0.41179243823898265,0.15827065706253052,0.011845782545601093,entropy,10,log2,50,0.05,5,8,700,"{'criterion': 'entropy', 'max_depth': 10, 'max_features': 'log2', 'max_leaf_nodes': 50, 'min_impurity_decrease': 0.05, 'min_samples_leaf': 5, 'min_samples_split': 8, 'n_estimators': 700}",0.9031816113539055,0.8941771434209689,0.9173020317216136,0.9024533083246867,0.9042785237052936,0.008309396376872504,91
255,2.630412459373474,0.04543057624302512,0.12078386545181274,0.017563729619095934,entropy,10,log2,50,0.05,5,8,500,"{'criterion': 'entropy', 'max_depth': 10, 'max_features': 'log2', 'max_leaf_nodes': 50, 'min_impurity_decrease': 0.05, 'min_samples_leaf': 5, 'min_samples_split': 8, 'n_estimators': 500}",0.8897209532195873,0.9152010238071032,0.9180133914320372,0.9101671521241573,0.9082756301457212,0.01107518581630232,72
256,8.998511910438538,0.5020477302509303,0.15784895420074463,0.033205360045240134,entropy,10,,10,0.1,2,4,700,"{'criterion': 'entropy', 'max_depth': 10, 'max_features': None, 'max_leaf_nodes': 10, 'min_impurity_decrease': 0.1, 'min_samples_leaf': 2, 'min_samples_split': 4, 'n_estimators': 700}",0.8771318510860915,0.8899925173489893,0.8886700345546306,0.8864619723726803,0.8855640938405979,0.005029083072938344,229
257,6.128472328186035,0.3263144108038992,0.11823403835296631,0.019329506450874587,entropy,10,,10,0.1,2,4,500,"{'criterion': 'entropy', 'max_depth': 10, 'max_features': None, 'max_leaf_nodes': 10, 'min_impurity_decrease': 0.1, 'min_samples_leaf': 2, 'min_samples_split': 4, 'n_estimators': 500}",0.8764652515335949,0.8899925173489893,0.8886700345546306,0.8864619723726803,0.8853974439524738,0.005308997808767551,244
258,8.643398106098175,0.5101373876849127,0.18840515613555908,0.014229113177635845,entropy,10,,10,0.1,2,8,700,"{'criterion': 'entropy', 'max_depth': 10, 'max_features': None, 'max_leaf_nodes': 10, 'min_impurity_decrease': 0.1, 'min_samples_leaf': 2, 'min_samples_split': 8, 'n_estimators': 700}",0.8771318510860915,0.8899925173489893,0.887273706104,0.8864619723726803,0.8852150117279403,0.004846523994179723,252
259,5.887821555137634,0.37655715741839857,0.12499445676803589,0.017578911418333794,entropy,10,,10,0.1,2,8,500,"{'criterion': 'entropy', 'max_depth': 10, 'max_features': None, 'max_leaf_nodes': 10, 'min_impurity_decrease': 0.1, 'min_samples_leaf': 2, 'min_samples_split': 8, 'n_estimators': 500}",0.8771318510860915,0.8899925173489893,0.8886700345546306,0.8864619723726803,0.8855640938405979,0.005029083072938344,229
260,9.087802410125732,1.1233934801141068,0.17906510829925537,0.04600822331938099,entropy,10,,10,0.1,5,4,700,"{'criterion': 'entropy', 'max_depth': 10, 'max_features': None, 'max_leaf_nodes': 10, 'min_impurity_decrease': 0.1, 'min_samples_leaf': 5, 'min_samples_split': 4, 'n_estimators': 700}",0.8771318510860915,0.8899925173489893,0.8886700345546306,0.8864619723726803,0.8855640938405979,0.005029083072938344,229
261,6.230539500713348,0.7389460580345402,0.10863780975341797,0.007500330213209867,entropy,10,,10,0.1,5,4,500,"{'criterion': 'entropy', 'max_depth': 10, 'max_features': None, 'max_leaf_nodes': 10, 'min_impurity_decrease': 0.1, 'min_samples_leaf': 5, 'min_samples_split': 4, 'n_estimators': 500}",0.8764652515335949,0.8899925173489893,0.8886700345546306,0.8864619723726803,0.8853974439524738,0.005308997808767551,244
262,8.253755927085876,0.7662604096278391,0.168240487575531,0.030109352097809444,entropy,10,,10,0.1,5,8,700,"{'criterion': 'entropy', 'max_depth': 10, 'max_features': None, 'max_leaf_nodes': 10, 'min_impurity_decrease': 0.1, 'min_samples_leaf': 5, 'min_samples_split': 8, 'n_estimators': 700}",0.8771318510860915,0.8899925173489893,0.8886700345546306,0.8864619723726803,0.8855640938405979,0.005029083072938344,229
263,6.434173166751862,0.7838550692631894,0.12025833129882812,0.019288763522318144,entropy,10,,10,0.1,5,8,500,"{'criterion': 'entropy', 'max_depth': 10, 'max_features': None, 'max_leaf_nodes': 10, 'min_impurity_decrease': 0.1, 'min_samples_leaf': 5, 'min_samples_split': 8, 'n_estimators': 500}",0.8771318510860915,0.8899925173489893,0.8886700345546306,0.8864619723726803,0.8855640938405979,0.005029083072938344,229
264,8.984116613864899,0.7537924211823795,0.18198835849761963,0.01749454488104163,entropy,10,,10,0.05,2,4,700,"{'criterion': 'entropy', 'max_depth': 10, 'max_features': None, 'max_leaf_nodes': 10, 'min_impurity_decrease': 0.05, 'min_samples_leaf': 2, 'min_samples_split': 4, 'n_estimators': 700}",0.9527501411189552,0.9576531861647166,0.9675357404692082,0.96823510950705,0.9615435443149826,0.006579177109936529,8
265,6.598947584629059,0.9455840749798933,0.15094059705734253,0.04166422121642882,entropy,10,,10,0.05,2,4,500,"{'criterion': 'entropy', 'max_depth': 10, 'max_features': None, 'max_leaf_nodes': 10, 'min_impurity_decrease': 0.05, 'min_samples_leaf': 2, 'min_samples_split': 4, 'n_estimators': 500}",0.9527501411189552,0.9612120307856814,0.9675357404692082,0.9654082551278812,0.9617265418754314,0.0056599976364294004,7
266,9.031993091106415,0.8583011972396445,0.17166578769683838,0.018844913287944187,entropy,10,,10,0.05,2,8,700,"{'criterion': 'entropy', 'max_depth': 10, 'max_features': None, 'max_leaf_nodes': 10, 'min_impurity_decrease': 0.05, 'min_samples_leaf': 2, 'min_samples_split': 8, 'n_estimators': 700}",0.9527501411189552,0.9576531861647166,0.9675357404692082,0.9654082551278812,0.9608368307201903,0.005943556475357174,24
267,6.5755695104599,0.8636501499349365,0.11289346218109131,0.01946086561253302,entropy,10,,10,0.05,2,8,500,"{'criterion': 'entropy', 'max_depth': 10, 'max_features': None, 'max_leaf_nodes': 10, 'min_impurity_decrease': 0.05, 'min_samples_leaf': 2, 'min_samples_split': 8, 'n_estimators': 500}",0.9527501411189552,0.9576531861647166,0.9675357404692082,0.96823510950705,0.9615435443149826,0.006579177109936529,8
268,8.880426108837128,0.18070397516027825,0.16233086585998535,0.015442202828154401,entropy,10,,10,0.05,5,4,700,"{'criterion': 'entropy', 'max_depth': 10, 'max_features': None, 'max_leaf_nodes': 10, 'min_impurity_decrease': 0.05, 'min_samples_leaf': 5, 'min_samples_split': 4, 'n_estimators': 700}",0.9527501411189552,0.9576531861647166,0.9675357404692082,0.966115070065522,0.9610135344546006,0.006085648012648247,21
269,6.56949919462204,0.8240773287410611,0.13651174306869507,0.02984895867412746,entropy,10,,10,0.05,5,4,500,"{'criterion': 'entropy', 'max_depth': 10, 'max_features': None, 'max_leaf_nodes': 10, 'min_impurity_decrease': 0.05, 'min_samples_leaf': 5, 'min_samples_split': 4, 'n_estimators': 500}",0.9527501411189552,0.9576531861647166,0.9675357404692082,0.96823510950705,0.9615435443149826,0.006579177109936529,8
270,8.957577228546143,0.6426935607633825,0.1688721776008606,0.036364685877902286,entropy,10,,10,0.05,5,8,700,"{'criterion': 'entropy', 'max_depth': 10, 'max_features': None, 'max_leaf_nodes': 10, 'min_impurity_decrease': 0.05, 'min_samples_leaf': 5, 'min_samples_split': 8, 'n_estimators': 700}",0.9527501411189552,0.9576531861647166,0.9675357404692082,0.96823510950705,0.9615435443149826,0.006579177109936529,8
271,6.142254531383514,0.2998017982530976,0.12852340936660767,0.021320493554617903,entropy,10,,10,0.05,5,8,500,"{'criterion': 'entropy', 'max_depth': 10, 'max_features': None, 'max_leaf_nodes': 10, 'min_impurity_decrease': 0.05, 'min_samples_leaf': 5, 'min_samples_split': 8, 'n_estimators': 500}",0.9527501411189552,0.9619169824833638,0.9675357404692082,0.9654082551278812,0.9619027797998521,0.005652203104038351,4
272,8.960091352462769,0.5903799265934044,0.17283731698989868,0.02292826596788958,entropy,10,,50,0.1,2,4,700,"{'criterion': 'entropy', 'max_depth': 10, 'max_features': None, 'max_leaf_nodes': 50, 'min_impurity_decrease': 0.1, 'min_samples_leaf': 2, 'min_samples_split': 4, 'n_estimators': 700}",0.8771318510860915,0.8709826427771555,0.8886700345546306,0.8864619723726803,0.8808116251976394,0.007138463660948661,282
273,6.030770123004913,0.3545460878340985,0.12241947650909424,0.013739194356761632,entropy,10,,50,0.1,2,4,500,"{'criterion': 'entropy', 'max_depth': 10, 'max_features': None, 'max_leaf_nodes': 50, 'min_impurity_decrease': 0.1, 'min_samples_leaf': 2, 'min_samples_split': 4, 'n_estimators': 500}",0.8771318510860915,0.8899925173489893,0.8886700345546306,0.8864619723726803,0.8855640938405979,0.005029083072938344,229
274,8.107718229293823,0.2668798210862882,0.14714086055755615,0.021407833441268,entropy,10,,50,0.1,2,8,700,"{'criterion': 'entropy', 'max_depth': 10, 'max_features': None, 'max_leaf_nodes': 50, 'min_impurity_decrease': 0.1, 'min_samples_leaf': 2, 'min_samples_split': 8, 'n_estimators': 700}",0.8764652515335949,0.8709826427771555,0.8886700345546306,0.8864619723726803,0.8806449753095154,0.0072296229419204945,301
275,6.1185027956962585,0.24681669138312143,0.12566375732421875,0.023151266540605047,entropy,10,,50,0.1,2,8,500,"{'criterion': 'entropy', 'max_depth': 10, 'max_features': None, 'max_leaf_nodes': 50, 'min_impurity_decrease': 0.1, 'min_samples_leaf': 2, 'min_samples_split': 8, 'n_estimators': 500}",0.8764652515335949,0.8899925173489893,0.8886700345546306,0.8864619723726803,0.8853974439524738,0.005308997808767551,244
276,8.496736288070679,0.5599599412311709,0.16288018226623535,0.019052710409507193,entropy,10,,50,0.1,5,4,700,"{'criterion': 'entropy', 'max_depth': 10, 'max_features': None, 'max_leaf_nodes': 50, 'min_impurity_decrease': 0.1, 'min_samples_leaf': 5, 'min_samples_split': 4, 'n_estimators': 700}",0.8771318510860915,0.8899925173489893,0.8886700345546306,0.8864619723726803,0.8855640938405979,0.005029083072938344,229
277,6.403924763202667,0.5771765787464489,0.1309940218925476,0.020420335812202067,entropy,10,,50,0.1,5,4,500,"{'criterion': 'entropy', 'max_depth': 10, 'max_features': None, 'max_leaf_nodes': 50, 'min_impurity_decrease': 0.1, 'min_samples_leaf': 5, 'min_samples_split': 4, 'n_estimators': 500}",0.8771318510860915,0.8899925173489893,0.8914630147410367,0.8864619723726803,0.8862623388871994,0.005575995913471282,227
278,8.575279712677002,0.4044252924078833,0.17888563871383667,0.003760206832288433,entropy,10,,50,0.1,5,8,700,"{'criterion': 'entropy', 'max_depth': 10, 'max_features': None, 'max_leaf_nodes': 50, 'min_impurity_decrease': 0.1, 'min_samples_leaf': 5, 'min_samples_split': 8, 'n_estimators': 700}",0.8771318510860915,0.8899925173489893,0.8886700345546306,0.8864619723726803,0.8855640938405979,0.005029083072938344,229
279,6.153604984283447,0.5602190035716857,0.10566443204879761,0.011916974432650896,entropy,10,,50,0.1,5,8,500,"{'criterion': 'entropy', 'max_depth': 10, 'max_features': None, 'max_leaf_nodes': 50, 'min_impurity_decrease': 0.1, 'min_samples_leaf': 5, 'min_samples_split': 8, 'n_estimators': 500}",0.8764652515335949,0.8709826427771555,0.8886700345546306,0.8864619723726803,0.8806449753095154,0.0072296229419204945,301
280,8.927546262741089,0.5110680518063491,0.17497825622558594,0.03505770234755359,entropy,10,,50,0.05,2,4,700,"{'criterion': 'entropy', 'max_depth': 10, 'max_features': None, 'max_leaf_nodes': 50, 'min_impurity_decrease': 0.05, 'min_samples_leaf': 2, 'min_samples_split': 4, 'n_estimators': 700}",0.9527501411189552,0.9569490987222296,0.9675357404692082,0.9654082551278812,0.9606608088595685,0.006044799147898639,30
281,6.563373625278473,0.6074267735593815,0.14418601989746094,0.014537424387453212,entropy,10,,50,0.05,2,4,500,"{'criterion': 'entropy', 'max_depth': 10, 'max_features': None, 'max_leaf_nodes': 50, 'min_impurity_decrease': 0.05, 'min_samples_leaf': 2, 'min_samples_split': 4, 'n_estimators': 500}",0.9527501411189552,0.9619181188827883,0.9675357404692082,0.96823510950705,0.9626097774945005,0.006196779255644382,2
282,8.929785251617432,0.4397080120512695,0.1720789670944214,0.02812909998846005,entropy,10,,50,0.05,2,8,700,"{'criterion': 'entropy', 'max_depth': 10, 'max_features': None, 'max_leaf_nodes': 50, 'min_impurity_decrease': 0.05, 'min_samples_leaf': 2, 'min_samples_split': 8, 'n_estimators': 700}",0.9527501411189552,0.9576531861647166,0.9675357404692082,0.96823510950705,0.9615435443149826,0.006579177109936529,8
283,6.2884801030159,0.37373357873926716,0.11950749158859253,0.017327430743470932,entropy,10,,50,0.05,2,8,500,"{'criterion': 'entropy', 'max_depth': 10, 'max_features': None, 'max_leaf_nodes': 50, 'min_impurity_decrease': 0.05, 'min_samples_leaf': 2, 'min_samples_split': 8, 'n_estimators': 500}",0.9527501411189552,0.9569490987222296,0.9675357404692082,0.9675284951378925,0.9611908688620714,0.006512706835020576,20
284,9.08546757698059,0.7161713718102921,0.19779592752456665,0.043845232231927635,entropy,10,,50,0.05,5,4,700,"{'criterion': 'entropy', 'max_depth': 10, 'max_features': None, 'max_leaf_nodes': 50, 'min_impurity_decrease': 0.05, 'min_samples_leaf': 5, 'min_samples_split': 4, 'n_estimators': 700}",0.9527501411189552,0.9626232459597706,0.9675357404692082,0.96823510950705,0.9627860592637459,0.006184613595214861,1
285,6.402045965194702,0.37745746169483513,0.1257944107055664,0.017538304336923327,entropy,10,,50,0.05,5,4,500,"{'criterion': 'entropy', 'max_depth': 10, 'max_features': None, 'max_leaf_nodes': 50, 'min_impurity_decrease': 0.05, 'min_samples_leaf': 5, 'min_samples_split': 4, 'n_estimators': 500}",0.9527501411189552,0.9576531861647166,0.9675357404692082,0.9654082551278812,0.9608368307201903,0.005943556475357174,24
286,9.172572672367096,0.40130713544351726,0.17853683233261108,0.03634077514462439,entropy,10,,50,0.05,5,8,700,"{'criterion': 'entropy', 'max_depth': 10, 'max_features': None, 'max_leaf_nodes': 50, 'min_impurity_decrease': 0.05, 'min_samples_leaf': 5, 'min_samples_split': 8, 'n_estimators': 700}",0.9527501411189552,0.956945670152406,0.9675357404692082,0.966115070065522,0.9608366554515229,0.006190130886342842,28
287,6.233108937740326,0.27218720862142326,0.14432376623153687,0.026392811287397913,entropy,10,,50,0.05,5,8,500,"{'criterion': 'entropy', 'max_depth': 10, 'max_features': None, 'max_leaf_nodes': 50, 'min_impurity_decrease': 0.05, 'min_samples_leaf': 5, 'min_samples_split': 8, 'n_estimators': 500}",0.9527501411189552,0.9576531861647166,0.9675357404692082,0.96823510950705,0.9615435443149826,0.006579177109936529,8
288,3.8030099272727966,0.43259354243730286,0.1784226894378662,0.030122984345397202,entropy,30,sqrt,10,0.1,2,4,700,"{'criterion': 'entropy', 'max_depth': 30, 'max_features': 'sqrt', 'max_leaf_nodes': 10, 'min_impurity_decrease': 0.1, 'min_samples_leaf': 2, 'min_samples_split': 4, 'n_estimators': 700}",0.8848742174297415,0.8802103250000125,0.911289042212142,0.8862833846944016,0.8906642423340743,0.012117993436307976,190
289,2.46093213558197,0.23663898746287584,0.11242514848709106,0.01771178286660699,entropy,30,sqrt,10,0.1,2,4,500,"{'criterion': 'entropy', 'max_depth': 30, 'max_features': 'sqrt', 'max_leaf_nodes': 10, 'min_impurity_decrease': 0.1, 'min_samples_leaf': 2, 'min_samples_split': 4, 'n_estimators': 500}",0.880001101633171,0.8744343602774205,0.9120080285888272,0.886953118532066,0.8883491522578713,0.014361430330043987,222
290,4.26518452167511,0.07334353860719492,0.17598319053649902,0.005475304426730974,entropy,30,sqrt,10,0.1,2,8,700,"{'criterion': 'entropy', 'max_depth': 30, 'max_features': 'sqrt', 'max_leaf_nodes': 10, 'min_impurity_decrease': 0.1, 'min_samples_leaf': 2, 'min_samples_split': 8, 'n_estimators': 700}",0.8841491073876535,0.8802103250000125,0.9120080285888272,0.8912969249907117,0.8919160964918013,0.012261936171555333,173
291,2.5439302921295166,0.137199684809961,0.11345678567886353,0.012315718482014713,entropy,30,sqrt,10,0.1,2,8,500,"{'criterion': 'entropy', 'max_depth': 30, 'max_features': 'sqrt', 'max_leaf_nodes': 10, 'min_impurity_decrease': 0.1, 'min_samples_leaf': 2, 'min_samples_split': 8, 'n_estimators': 500}",0.8918981815847337,0.888573065959944,0.9105698142693994,0.8870075452678456,0.8945121517704806,0.009437600649601913,155
292,3.8388826847076416,0.4644254336982474,0.1806316375732422,0.03023051384986395,entropy,30,sqrt,10,0.1,5,4,700,"{'criterion': 'entropy', 'max_depth': 30, 'max_features': 'sqrt', 'max_leaf_nodes': 10, 'min_impurity_decrease': 0.1, 'min_samples_leaf': 5, 'min_samples_split': 4, 'n_estimators': 700}",0.8863235529902196,0.8794892817149256,0.9106074260994952,0.886953118532066,0.8908433448341766,0.011780238076673012,187
293,2.53443443775177,0.1961745641772668,0.12783092260360718,0.015617275333085368,entropy,30,sqrt,10,0.1,5,4,500,"{'criterion': 'entropy', 'max_depth': 30, 'max_features': 'sqrt', 'max_leaf_nodes': 10, 'min_impurity_decrease': 0.1, 'min_samples_leaf': 5, 'min_samples_split': 4, 'n_estimators': 500}",0.880001101633171,0.8794892817149256,0.9192002961125229,0.886953118532066,0.8914109494981713,0.016312808105990437,179
294,3.8819130063056946,0.40353755676675296,0.19500446319580078,0.043179692379368736,entropy,30,sqrt,10,0.1,5,8,700,"{'criterion': 'entropy', 'max_depth': 30, 'max_features': 'sqrt', 'max_leaf_nodes': 10, 'min_impurity_decrease': 0.1, 'min_samples_leaf': 5, 'min_samples_split': 8, 'n_estimators': 700}",0.8848742174297415,0.875157323942253,0.9120080285888272,0.886953118532066,0.8897481721232219,0.013601119617893306,209
295,2.6819209456443787,0.29832756671349125,0.12244677543640137,0.01959811476213287,entropy,30,sqrt,10,0.1,5,8,500,"{'criterion': 'entropy', 'max_depth': 30, 'max_features': 'sqrt', 'max_leaf_nodes': 10, 'min_impurity_decrease': 0.1, 'min_samples_leaf': 5, 'min_samples_split': 8, 'n_estimators': 500}",0.8841491073876535,0.8816516177783952,0.9105698142693994,0.8968025438613674,0.8932932708242038,0.011510188543812212,166
296,4.494437098503113,0.19025406102125283,0.19528275728225708,0.04409069452242803,entropy,30,sqrt,10,0.05,2,4,700,"{'criterion': 'entropy', 'max_depth': 30, 'max_features': 'sqrt', 'max_leaf_nodes': 10, 'min_impurity_decrease': 0.05, 'min_samples_leaf': 2, 'min_samples_split': 4, 'n_estimators': 700}",0.9060204160448087,0.9180060814515727,0.9173020317216136,0.9059596965138008,0.9118220564329489,0.005837349347312423,41
297,3.1559998393058777,0.2456436970635688,0.12266534566879272,0.027978816381277954,entropy,30,sqrt,10,0.05,2,4,500,"{'criterion': 'entropy', 'max_depth': 30, 'max_features': 'sqrt', 'max_leaf_nodes': 10, 'min_impurity_decrease': 0.05, 'min_samples_leaf': 2, 'min_samples_split': 4, 'n_estimators': 500}",0.899702528606467,0.8941771434209689,0.9165905100167611,0.9031546126887915,0.9034061986832471,0.008258056580144208,93
298,4.695468783378601,0.3474500871471359,0.17942631244659424,0.04352860233830992,entropy,30,sqrt,10,0.05,2,8,700,"{'criterion': 'entropy', 'max_depth': 30, 'max_features': 'sqrt', 'max_leaf_nodes': 10, 'min_impurity_decrease': 0.05, 'min_samples_leaf': 2, 'min_samples_split': 8, 'n_estimators': 700}",0.9038820395859584,0.9180060814515727,0.9173020317216136,0.9038670284938941,0.9107642953132598,0.0068942584316892324,54
299,3.5612799525260925,0.47951699595740416,0.1436166763305664,0.03327362932648731,entropy,30,sqrt,10,0.05,2,8,500,"{'criterion': 'entropy', 'max_depth': 30, 'max_features': 'sqrt', 'max_leaf_nodes': 10, 'min_impurity_decrease': 0.05, 'min_samples_leaf': 2, 'min_samples_split': 8, 'n_estimators': 500}",0.9060204160448087,0.9043662408783738,0.9263993159743171,0.9045897376174143,0.9103439276287285,0.009291282055179817,58
300,4.679611623287201,0.4323968531224122,0.19289660453796387,0.006547667017990936,entropy,30,sqrt,10,0.05,5,4,700,"{'criterion': 'entropy', 'max_depth': 30, 'max_features': 'sqrt', 'max_leaf_nodes': 10, 'min_impurity_decrease': 0.05, 'min_samples_leaf': 5, 'min_samples_split': 4, 'n_estimators': 700}",0.899702528606467,0.9152010238071032,0.9173020317216136,0.9123066542094882,0.9111280595861679,0.006830790820404746,49
301,2.9821739196777344,0.26746526457664055,0.12694096565246582,0.010595848783815143,entropy,30,sqrt,10,0.05,5,4,500,"{'criterion': 'entropy', 'max_depth': 30, 'max_features': 'sqrt', 'max_leaf_nodes': 10, 'min_impurity_decrease': 0.05, 'min_samples_leaf': 5, 'min_samples_split': 4, 'n_estimators': 500}",0.9060204160448087,0.9152010238071032,0.9313374679351885,0.9079851745289615,0.9151360205790154,0.009958915190799274,34
302,4.233362555503845,0.4062439887824692,0.18564164638519287,0.019129877990118543,entropy,30,sqrt,10,0.05,5,8,700,"{'criterion': 'entropy', 'max_depth': 30, 'max_features': 'sqrt', 'max_leaf_nodes': 10, 'min_impurity_decrease': 0.05, 'min_samples_leaf': 5, 'min_samples_split': 8, 'n_estimators': 700}",0.9038820395859584,0.8941771434209689,0.9187245913037233,0.9031546126887915,0.9049845967498605,0.008805580215973684,86
303,2.943636476993561,0.48624047121711556,0.11338120698928833,0.012621020158808725,entropy,30,sqrt,10,0.05,5,8,500,"{'criterion': 'entropy', 'max_depth': 30, 'max_features': 'sqrt', 'max_leaf_nodes': 10, 'min_impurity_decrease': 0.05, 'min_samples_leaf': 5, 'min_samples_split': 8, 'n_estimators': 500}",0.9053078099179319,0.9152010238071032,0.9180133914320372,0.9115033857293245,0.9125064027215992,0.004754305650963569,39
304,3.765611469745636,0.266089704020451,0.1607627272605896,0.014003800403591742,entropy,30,sqrt,50,0.1,2,4,700,"{'criterion': 'entropy', 'max_depth': 30, 'max_features': 'sqrt', 'max_leaf_nodes': 50, 'min_impurity_decrease': 0.1, 'min_samples_leaf': 2, 'min_samples_split': 4, 'n_estimators': 700}",0.8863235529902196,0.875157323942253,0.911289042212142,0.886953118532066,0.8899307594191701,0.013193833058751438,204
305,2.8112931847572327,0.2519719588146507,0.12284994125366211,0.01484821073989541,entropy,30,sqrt,50,0.1,2,4,500,"{'criterion': 'entropy', 'max_depth': 30, 'max_features': 'sqrt', 'max_leaf_nodes': 50, 'min_impurity_decrease': 0.1, 'min_samples_leaf': 2, 'min_samples_split': 4, 'n_estimators': 500}",0.8813931741698109,0.8794892817149256,0.911289042212142,0.886953118532066,0.8897811541572361,0.01271679873944139,208
306,3.827058255672455,0.1804369271774256,0.18691033124923706,0.03194299917330585,entropy,30,sqrt,50,0.1,2,8,700,"{'criterion': 'entropy', 'max_depth': 30, 'max_features': 'sqrt', 'max_leaf_nodes': 50, 'min_impurity_decrease': 0.1, 'min_samples_leaf': 2, 'min_samples_split': 8, 'n_estimators': 700}",0.8841491073876535,0.888573065959944,0.9105698142693994,0.8819024380447444,0.8912986064154353,0.011382127869206095,181
307,2.4420310854911804,0.03340087499594573,0.10020589828491211,0.003922120594902467,entropy,30,sqrt,50,0.1,2,8,500,"{'criterion': 'entropy', 'max_depth': 30, 'max_features': 'sqrt', 'max_leaf_nodes': 50, 'min_impurity_decrease': 0.1, 'min_samples_leaf': 2, 'min_samples_split': 8, 'n_estimators': 500}",0.880001101633171,0.8744614922909555,0.909130624726955,0.8870075452678456,0.8876501909797319,0.013174524359676639,225
308,3.9005770087242126,0.24279767260676305,0.18276667594909668,0.026707848596096945,entropy,30,sqrt,50,0.1,5,4,700,"{'criterion': 'entropy', 'max_depth': 30, 'max_features': 'sqrt', 'max_leaf_nodes': 50, 'min_impurity_decrease': 0.1, 'min_samples_leaf': 5, 'min_samples_split': 4, 'n_estimators': 700}",0.8870477830831685,0.8802103250000125,0.9120080285888272,0.886953118532066,0.8915548138010185,0.012129719149184079,177
309,2.9047409892082214,0.32340805325531063,0.10839664936065674,0.011811283696975301,entropy,30,sqrt,50,0.1,5,4,500,"{'criterion': 'entropy', 'max_depth': 30, 'max_features': 'sqrt', 'max_leaf_nodes': 50, 'min_impurity_decrease': 0.1, 'min_samples_leaf': 5, 'min_samples_split': 4, 'n_estimators': 500}",0.8863235529902196,0.8744343602774205,0.9106074260994952,0.8870075452678456,0.8895932211587452,0.013122159904682674,212
310,3.9558881521224976,0.47708390526060185,0.17326360940933228,0.04064594422579041,entropy,30,sqrt,50,0.1,5,8,700,"{'criterion': 'entropy', 'max_depth': 30, 'max_features': 'sqrt', 'max_leaf_nodes': 50, 'min_impurity_decrease': 0.1, 'min_samples_leaf': 5, 'min_samples_split': 8, 'n_estimators': 700}",0.8841491073876535,0.8802103250000125,0.9206178347772154,0.886953118532066,0.8929825964242368,0.016133989342159052,168
311,2.5881832242012024,0.07977890032320369,0.12569516897201538,0.018905109725512636,entropy,30,sqrt,50,0.1,5,8,500,"{'criterion': 'entropy', 'max_depth': 30, 'max_features': 'sqrt', 'max_leaf_nodes': 50, 'min_impurity_decrease': 0.1, 'min_samples_leaf': 5, 'min_samples_split': 8, 'n_estimators': 500}",0.8841491073876535,0.8802103250000125,0.911289042212142,0.886953118532066,0.8906503982829685,0.012154067367044679,195
312,4.081738471984863,0.4652691194023151,0.1584213376045227,0.01689335048744518,entropy,30,sqrt,50,0.05,2,4,700,"{'criterion': 'entropy', 'max_depth': 30, 'max_features': 'sqrt', 'max_leaf_nodes': 50, 'min_impurity_decrease': 0.05, 'min_samples_leaf': 2, 'min_samples_split': 4, 'n_estimators': 700}",0.9038820395859584,0.9152010238071032,0.9180133914320372,0.9031546126887915,0.9100627668784725,0.006624539592100039,62
313,3.1601696014404297,0.3024431077003498,0.1249437928199768,0.012214700805206263,entropy,30,sqrt,50,0.05,2,4,500,"{'criterion': 'entropy', 'max_depth': 30, 'max_features': 'sqrt', 'max_leaf_nodes': 50, 'min_impurity_decrease': 0.05, 'min_samples_leaf': 2, 'min_samples_split': 4, 'n_estimators': 500}",0.8897209532195873,0.9152010238071032,0.9165905100167611,0.9052584414081055,0.9066927321128893,0.010729113472430529,79
314,4.248532056808472,0.3918968579627406,0.1679953932762146,0.023615406541797643,entropy,30,sqrt,50,0.05,2,8,700,"{'criterion': 'entropy', 'max_depth': 30, 'max_features': 'sqrt', 'max_leaf_nodes': 50, 'min_impurity_decrease': 0.05, 'min_samples_leaf': 2, 'min_samples_split': 8, 'n_estimators': 700}",0.899702528606467,0.8941771434209689,0.9158788241603373,0.9031546126887915,0.9032282772191412,0.0079748932702361,95
315,2.9365164637565613,0.29985873438637395,0.12735605239868164,0.00799393167667377,entropy,30,sqrt,50,0.05,2,8,500,"{'criterion': 'entropy', 'max_depth': 30, 'max_features': 'sqrt', 'max_leaf_nodes': 50, 'min_impurity_decrease': 0.05, 'min_samples_leaf': 2, 'min_samples_split': 8, 'n_estimators': 500}",0.894796997064438,0.9036486489187154,0.9165905100167611,0.9094536145468487,0.9061224426366908,0.00798533834189056,81
316,3.987297236919403,0.2390865672114509,0.15467935800552368,0.008363893122408185,entropy,30,sqrt,50,0.05,5,4,700,"{'criterion': 'entropy', 'max_depth': 30, 'max_features': 'sqrt', 'max_leaf_nodes': 50, 'min_impurity_decrease': 0.05, 'min_samples_leaf': 5, 'min_samples_split': 4, 'n_estimators': 700}",0.9053078099179319,0.9050655805522636,0.9187245913037233,0.9031546126887915,0.9080631486156776,0.006211630035065459,73
317,2.8392828702926636,0.08786573531055986,0.1257297396659851,0.014663914062232376,entropy,30,sqrt,50,0.05,5,4,500,"{'criterion': 'entropy', 'max_depth': 30, 'max_features': 'sqrt', 'max_leaf_nodes': 50, 'min_impurity_decrease': 0.05, 'min_samples_leaf': 5, 'min_samples_split': 4, 'n_estimators': 500}",0.899702528606467,0.8941771434209689,0.9173020317216136,0.9101671521241573,0.9053372139683017,0.008983067686036844,83
318,4.2669103145599365,0.18404066679885536,0.19477629661560059,0.01829544808552409,entropy,30,sqrt,50,0.05,5,8,700,"{'criterion': 'entropy', 'max_depth': 30, 'max_features': 'sqrt', 'max_leaf_nodes': 50, 'min_impurity_decrease': 0.05, 'min_samples_leaf': 5, 'min_samples_split': 8, 'n_estimators': 700}",0.9018046145882685,0.9152010238071032,0.9187245913037233,0.9101671521241573,0.9114743454558131,0.006357409964879227,45
319,2.859829306602478,0.0389185643081348,0.1430492401123047,0.02080037137789257,entropy,30,sqrt,50,0.05,5,8,500,"{'criterion': 'entropy', 'max_depth': 30, 'max_features': 'sqrt', 'max_leaf_nodes': 50, 'min_impurity_decrease': 0.05, 'min_samples_leaf': 5, 'min_samples_split': 8, 'n_estimators': 500}",0.8855990318676885,0.8941771434209689,0.9158788241603373,0.9031546126887915,0.8997024030344466,0.011214142009126083,98
320,3.847049653530121,0.19509669277534128,0.15468984842300415,0.014384551981423346,entropy,30,log2,10,0.1,2,4,700,"{'criterion': 'entropy', 'max_depth': 30, 'max_features': 'log2', 'max_leaf_nodes': 10, 'min_impurity_decrease': 0.1, 'min_samples_leaf': 2, 'min_samples_split': 4, 'n_estimators': 700}",0.880001101633171,0.8794892817149256,0.9105698142693994,0.8862281458881149,0.8890720858764027,0.012692056683751262,218
321,2.74351704120636,0.13968120874606682,0.1333146095275879,0.025729713105021465,entropy,30,log2,10,0.1,2,4,500,"{'criterion': 'entropy', 'max_depth': 30, 'max_features': 'log2', 'max_leaf_nodes': 10, 'min_impurity_decrease': 0.1, 'min_samples_leaf': 2, 'min_samples_split': 4, 'n_estimators': 500}",0.8841491073876535,0.8802103250000125,0.9120080285888272,0.886953118532066,0.8908301448771399,0.012459443486214593,188
322,3.7430571913719177,0.32475402393139796,0.15111517906188965,0.015281002353843573,entropy,30,log2,10,0.1,2,8,700,"{'criterion': 'entropy', 'max_depth': 30, 'max_features': 'log2', 'max_leaf_nodes': 10, 'min_impurity_decrease': 0.1, 'min_samples_leaf': 2, 'min_samples_split': 8, 'n_estimators': 700}",0.8841491073876535,0.8816516177783952,0.9105698142693994,0.8862833846944016,0.8906634810324623,0.011609242978817191,191
323,2.808985471725464,0.16382098530782344,0.13534700870513916,0.007222426130270915,entropy,30,log2,10,0.1,2,8,500,"{'criterion': 'entropy', 'max_depth': 30, 'max_features': 'log2', 'max_leaf_nodes': 10, 'min_impurity_decrease': 0.1, 'min_samples_leaf': 2, 'min_samples_split': 8, 'n_estimators': 500}",0.8841491073876535,0.8744343602774205,0.9120080285888272,0.8870075452678456,0.8893997603804367,0.013859915598781723,215
324,3.820196270942688,0.29388085945138376,0.17774587869644165,0.017834759189342426,entropy,30,log2,10,0.1,5,4,700,"{'criterion': 'entropy', 'max_depth': 30, 'max_features': 'log2', 'max_leaf_nodes': 10, 'min_impurity_decrease': 0.1, 'min_samples_leaf': 5, 'min_samples_split': 4, 'n_estimators': 700}",0.8870477830831685,0.8816038077810526,0.9105698142693994,0.886953118532066,0.8915436309164216,0.01120358412109977,178
325,2.734099268913269,0.25150893176186856,0.10616004467010498,0.01198249646910351,entropy,30,log2,10,0.1,5,4,500,"{'criterion': 'entropy', 'max_depth': 30, 'max_features': 'log2', 'max_leaf_nodes': 10, 'min_impurity_decrease': 0.1, 'min_samples_leaf': 5, 'min_samples_split': 4, 'n_estimators': 500}",0.880001101633171,0.875157323942253,0.911289042212142,0.886953118532066,0.888350146579908,0.013891559855396361,221
326,3.7303205728530884,0.2974324312887261,0.16318464279174805,0.01704566416437359,entropy,30,log2,10,0.1,5,8,700,"{'criterion': 'entropy', 'max_depth': 30, 'max_features': 'log2', 'max_leaf_nodes': 10, 'min_impurity_decrease': 0.1, 'min_samples_leaf': 5, 'min_samples_split': 8, 'n_estimators': 700}",0.880001101633171,0.8795374590229471,0.9199164759868462,0.886953118532066,0.8916020387937575,0.01660915140224701,174
327,2.8288347125053406,0.22525279870821355,0.11774420738220215,0.01366748420766762,entropy,30,log2,10,0.1,5,8,500,"{'criterion': 'entropy', 'max_depth': 30, 'max_features': 'log2', 'max_leaf_nodes': 10, 'min_impurity_decrease': 0.1, 'min_samples_leaf': 5, 'min_samples_split': 8, 'n_estimators': 500}",0.8841491073876535,0.8744343602774205,0.9105698142693994,0.8876778002536564,0.8892077705470325,0.013252560554938668,217
328,4.30405867099762,0.2629158258499772,0.18650245666503906,0.008797199583960968,entropy,30,log2,10,0.05,2,4,700,"{'criterion': 'entropy', 'max_depth': 30, 'max_features': 'log2', 'max_leaf_nodes': 10, 'min_impurity_decrease': 0.05, 'min_samples_leaf': 2, 'min_samples_split': 4, 'n_estimators': 700}",0.899702528606467,0.8941771434209689,0.9165905100167611,0.9101671521241573,0.9051593335420886,0.008748360739416577,85
329,2.6181650161743164,0.02457286115516662,0.10776102542877197,0.0067682236367933675,entropy,30,log2,10,0.05,2,4,500,"{'criterion': 'entropy', 'max_depth': 30, 'max_features': 'log2', 'max_leaf_nodes': 10, 'min_impurity_decrease': 0.05, 'min_samples_leaf': 2, 'min_samples_split': 4, 'n_estimators': 500}",0.9038820395859584,0.9152010238071032,0.9165905100167611,0.9094536145468487,0.9112817969891678,0.00504086881223166,47
330,4.039175987243652,0.31740516269531655,0.18133223056793213,0.016952830291341064,entropy,30,log2,10,0.05,2,8,700,"{'criterion': 'entropy', 'max_depth': 30, 'max_features': 'log2', 'max_leaf_nodes': 10, 'min_impurity_decrease': 0.05, 'min_samples_leaf': 2, 'min_samples_split': 8, 'n_estimators': 700}",0.899702528606467,0.9152010238071032,0.9173020317216136,0.9101671521241573,0.9105931840648352,0.006801262814721391,55
331,2.8934321999549866,0.1699512233243121,0.12490886449813843,0.008425075515851964,entropy,30,log2,10,0.05,2,8,500,"{'criterion': 'entropy', 'max_depth': 30, 'max_features': 'log2', 'max_leaf_nodes': 10, 'min_impurity_decrease': 0.05, 'min_samples_leaf': 2, 'min_samples_split': 8, 'n_estimators': 500}",0.9099985356757856,0.9187073739645248,0.9173020317216136,0.9094536145468487,0.9138653889771932,0.004173476969182021,37
332,4.4078726172447205,0.2854819625275806,0.17926138639450073,0.01699274321271153,entropy,30,log2,10,0.05,5,4,700,"{'criterion': 'entropy', 'max_depth': 30, 'max_features': 'log2', 'max_leaf_nodes': 10, 'min_impurity_decrease': 0.05, 'min_samples_leaf': 5, 'min_samples_split': 4, 'n_estimators': 700}",0.9038820395859584,0.9036669384101408,0.9173020317216136,0.9031546126887915,0.9070014056016261,0.00595293687957462,78
333,2.6585740447044373,0.05978852633888198,0.11644178628921509,0.014550217529190475,entropy,30,log2,10,0.05,5,4,500,"{'criterion': 'entropy', 'max_depth': 30, 'max_features': 'log2', 'max_leaf_nodes': 10, 'min_impurity_decrease': 0.05, 'min_samples_leaf': 5, 'min_samples_split': 4, 'n_estimators': 500}",0.9060204160448087,0.9152010238071032,0.9180133914320372,0.9024533083246867,0.9104220349021589,0.0063902715268836455,56
334,4.4654534459114075,0.3844142469969308,0.16791385412216187,0.026758505567441377,entropy,30,log2,10,0.05,5,8,700,"{'criterion': 'entropy', 'max_depth': 30, 'max_features': 'log2', 'max_leaf_nodes': 10, 'min_impurity_decrease': 0.05, 'min_samples_leaf': 5, 'min_samples_split': 8, 'n_estimators': 700}",0.9025052762061537,0.8985092256832612,0.9187245913037233,0.9094536145468487,0.9072981769349967,0.007671805819465758,76
335,3.1312394738197327,0.20531936685425983,0.1367487907409668,0.007790962427187645,entropy,30,log2,10,0.05,5,8,500,"{'criterion': 'entropy', 'max_depth': 30, 'max_features': 'log2', 'max_leaf_nodes': 10, 'min_impurity_decrease': 0.05, 'min_samples_leaf': 5, 'min_samples_split': 8, 'n_estimators': 500}",0.9129741443186008,0.9173048022788954,0.9187245913037233,0.9108684018195542,0.9149679849301935,0.003176270959486709,35
336,3.7197608947753906,0.2973448209225382,0.16813302040100098,0.024419556135040904,entropy,30,log2,50,0.1,2,4,700,"{'criterion': 'entropy', 'max_depth': 30, 'max_features': 'log2', 'max_leaf_nodes': 50, 'min_impurity_decrease': 0.1, 'min_samples_leaf': 2, 'min_samples_split': 4, 'n_estimators': 700}",0.8863235529902196,0.8816516177783952,0.9120080285888272,0.8862833846944016,0.8915666460129608,0.011953668695326039,175
337,2.4672528505325317,0.07003091542661864,0.12289214134216309,0.012159976985010047,entropy,30,log2,50,0.1,2,4,500,"{'criterion': 'entropy', 'max_depth': 30, 'max_features': 'log2', 'max_leaf_nodes': 50, 'min_impurity_decrease': 0.1, 'min_samples_leaf': 2, 'min_samples_split': 4, 'n_estimators': 500}",0.8877717244295014,0.8809311029407355,0.9120443232376627,0.8870075452678456,0.8919386739689363,0.01190675492303467,172
338,3.7824100852012634,0.07457277136380025,0.1589113473892212,0.016804198366081064,entropy,30,log2,50,0.1,2,8,700,"{'criterion': 'entropy', 'max_depth': 30, 'max_features': 'log2', 'max_leaf_nodes': 50, 'min_impurity_decrease': 0.1, 'min_samples_leaf': 2, 'min_samples_split': 8, 'n_estimators': 700}",0.8848742174297415,0.8943430986363448,0.9105698142693994,0.886953118532066,0.8941850622168879,0.010093041110623221,161
339,2.6936044692993164,0.08146130584374058,0.1299048662185669,0.012243933841095803,entropy,30,log2,50,0.1,2,8,500,"{'criterion': 'entropy', 'max_depth': 30, 'max_features': 'log2', 'max_leaf_nodes': 50, 'min_impurity_decrease': 0.1, 'min_samples_leaf': 2, 'min_samples_split': 8, 'n_estimators': 500}",0.8848742174297415,0.8744343602774205,0.9127267756361435,0.8819024380447444,0.8884844478470124,0.01450389632178037,220
340,3.9527699947357178,0.33318401579814283,0.1694743037223816,0.015672274182760605,entropy,30,log2,50,0.1,5,4,700,"{'criterion': 'entropy', 'max_depth': 30, 'max_features': 'log2', 'max_leaf_nodes': 50, 'min_impurity_decrease': 0.1, 'min_samples_leaf': 5, 'min_samples_split': 4, 'n_estimators': 700}",0.8813931741698109,0.8794892817149256,0.9120080285888272,0.8870075452678456,0.8899745074353523,0.013017854642246442,203
341,2.6619027853012085,0.07520834363006497,0.12854528427124023,0.010248165974914956,entropy,30,log2,50,0.1,5,4,500,"{'criterion': 'entropy', 'max_depth': 30, 'max_features': 'log2', 'max_leaf_nodes': 50, 'min_impurity_decrease': 0.1, 'min_samples_leaf': 5, 'min_samples_split': 4, 'n_estimators': 500}",0.8848742174297415,0.8802103250000125,0.9120080285888272,0.886953118532066,0.8910114223876617,0.012365842992131273,185
342,3.747464179992676,0.13223674438978197,0.16280454397201538,0.005939236907851999,entropy,30,log2,50,0.1,5,8,700,"{'criterion': 'entropy', 'max_depth': 30, 'max_features': 'log2', 'max_leaf_nodes': 50, 'min_impurity_decrease': 0.1, 'min_samples_leaf': 5, 'min_samples_split': 8, 'n_estimators': 700}",0.8841491073876535,0.8802103250000125,0.9105698142693994,0.8876778002536564,0.8906517617276803,0.01179916711369304,193
343,2.9382424354553223,0.21702971746450822,0.12542837858200073,0.013581420028074626,entropy,30,log2,50,0.1,5,8,500,"{'criterion': 'entropy', 'max_depth': 30, 'max_features': 'log2', 'max_leaf_nodes': 50, 'min_impurity_decrease': 0.1, 'min_samples_leaf': 5, 'min_samples_split': 8, 'n_estimators': 500}",0.8813931741698109,0.8802103250000125,0.911289042212142,0.8819024380447444,0.8886987448566774,0.013056951746235262,219
344,4.426669180393219,0.17951389323172784,0.16921240091323853,0.01829950870516797,entropy,30,log2,50,0.05,2,4,700,"{'criterion': 'entropy', 'max_depth': 30, 'max_features': 'log2', 'max_leaf_nodes': 50, 'min_impurity_decrease': 0.05, 'min_samples_leaf': 2, 'min_samples_split': 4, 'n_estimators': 700}",0.9017807355656271,0.9129741443186008,0.9173020317216136,0.9094536145468487,0.9103776315381725,0.005688796539743474,57
345,2.7852181792259216,0.13149365006096966,0.13212764263153076,0.008740297050800936,entropy,30,log2,50,0.05,2,4,500,"{'criterion': 'entropy', 'max_depth': 30, 'max_features': 'log2', 'max_leaf_nodes': 50, 'min_impurity_decrease': 0.05, 'min_samples_leaf': 2, 'min_samples_split': 4, 'n_estimators': 500}",0.899702528606467,0.9057649595391031,0.9236986957042,0.9094536145468487,0.9096549495991547,0.00882397369031172,65
346,4.268256306648254,0.2575667126166629,0.19069331884384155,0.035262585999810456,entropy,30,log2,50,0.05,2,8,700,"{'criterion': 'entropy', 'max_depth': 30, 'max_features': 'log2', 'max_leaf_nodes': 50, 'min_impurity_decrease': 0.05, 'min_samples_leaf': 2, 'min_samples_split': 8, 'n_estimators': 700}",0.9053078099179319,0.9208113525534269,0.9173020317216136,0.8938994428455631,0.9093301592596339,0.010602533344414355,67
347,2.7540884017944336,0.10688010440242976,0.12000960111618042,0.02154251332890881,entropy,30,log2,50,0.05,2,8,500,"{'criterion': 'entropy', 'max_depth': 30, 'max_features': 'log2', 'max_leaf_nodes': 50, 'min_impurity_decrease': 0.05, 'min_samples_leaf': 2, 'min_samples_split': 8, 'n_estimators': 500}",0.899702528606467,0.8941771434209689,0.9158788241603373,0.9101671521241573,0.9049814120779827,0.008518279195910394,88
348,4.474584102630615,0.5103677660861428,0.18745481967926025,0.018683277141365348,entropy,30,log2,50,0.05,5,4,700,"{'criterion': 'entropy', 'max_depth': 30, 'max_features': 'log2', 'max_leaf_nodes': 50, 'min_impurity_decrease': 0.05, 'min_samples_leaf': 5, 'min_samples_split': 4, 'n_estimators': 700}",0.9038820395859584,0.9173048022788954,0.9187245913037233,0.9094536145468487,0.9123412619288565,0.006026619632179917,40
349,3.0064091086387634,0.5051669500946636,0.13780689239501953,0.021451444944826085,entropy,30,log2,50,0.05,5,4,500,"{'criterion': 'entropy', 'max_depth': 30, 'max_features': 'log2', 'max_leaf_nodes': 50, 'min_impurity_decrease': 0.05, 'min_samples_leaf': 5, 'min_samples_split': 4, 'n_estimators': 500}",0.8996671450211273,0.9152010238071032,0.9258282721479516,0.9038670284938941,0.9111408673675192,0.010207347426482993,48
350,3.559676229953766,0.0768934956965329,0.16124385595321655,0.013751187259277242,entropy,30,log2,50,0.05,5,8,700,"{'criterion': 'entropy', 'max_depth': 30, 'max_features': 'log2', 'max_leaf_nodes': 50, 'min_impurity_decrease': 0.05, 'min_samples_leaf': 5, 'min_samples_split': 8, 'n_estimators': 700}",0.9038820395859584,0.9152010238071032,0.9173020317216136,0.9031546126887915,0.9098849269508666,0.006414945746987921,64
351,2.609847128391266,0.08386225296135633,0.11446124315261841,0.01086504066736009,entropy,30,log2,50,0.05,5,8,500,"{'criterion': 'entropy', 'max_depth': 30, 'max_features': 'log2', 'max_leaf_nodes': 50, 'min_impurity_decrease': 0.05, 'min_samples_leaf': 5, 'min_samples_split': 8, 'n_estimators': 500}",0.9038820395859584,0.8941771434209689,0.9187245913037233,0.9130194585967711,0.9074508082268554,0.009314428844512104,75
352,9.423307955265045,0.8469352081059305,0.17055004835128784,0.02427723486824489,entropy,30,,10,0.1,2,4,700,"{'criterion': 'entropy', 'max_depth': 30, 'max_features': None, 'max_leaf_nodes': 10, 'min_impurity_decrease': 0.1, 'min_samples_leaf': 2, 'min_samples_split': 4, 'n_estimators': 700}",0.8771318510860915,0.8899925173489893,0.8886700345546306,0.8864619723726803,0.8855640938405979,0.005029083072938344,229
353,6.180873095989227,0.5604606170861692,0.12098193168640137,0.02013317806623841,entropy,30,,10,0.1,2,4,500,"{'criterion': 'entropy', 'max_depth': 30, 'max_features': None, 'max_leaf_nodes': 10, 'min_impurity_decrease': 0.1, 'min_samples_leaf': 2, 'min_samples_split': 4, 'n_estimators': 500}",0.8764652515335949,0.8899925173489893,0.8886700345546306,0.8864619723726803,0.8853974439524738,0.005308997808767551,244
354,8.62791121006012,0.37035384288314765,0.17232322692871094,0.02233136223157262,entropy,30,,10,0.1,2,8,700,"{'criterion': 'entropy', 'max_depth': 30, 'max_features': None, 'max_leaf_nodes': 10, 'min_impurity_decrease': 0.1, 'min_samples_leaf': 2, 'min_samples_split': 8, 'n_estimators': 700}",0.8771318510860915,0.8899925173489893,0.8914630147410367,0.8864619723726803,0.8862623388871994,0.005575995913471282,227
355,6.411141455173492,1.0658666513075987,0.11072993278503418,0.020498430456150508,entropy,30,,10,0.1,2,8,500,"{'criterion': 'entropy', 'max_depth': 30, 'max_features': None, 'max_leaf_nodes': 10, 'min_impurity_decrease': 0.1, 'min_samples_leaf': 2, 'min_samples_split': 8, 'n_estimators': 500}",0.8764652515335949,0.8899925173489893,0.8886700345546306,0.8864619723726803,0.8853974439524738,0.005308997808767551,244
356,8.444631338119507,0.8069660394373611,0.15120571851730347,0.023415816022475666,entropy,30,,10,0.1,5,4,700,"{'criterion': 'entropy', 'max_depth': 30, 'max_features': None, 'max_leaf_nodes': 10, 'min_impurity_decrease': 0.1, 'min_samples_leaf': 5, 'min_samples_split': 4, 'n_estimators': 700}",0.8771318510860915,0.8899925173489893,0.8886700345546306,0.8864619723726803,0.8855640938405979,0.005029083072938344,229
357,6.279268264770508,0.9229403997144732,0.11101788282394409,0.00841517014609628,entropy,30,,10,0.1,5,4,500,"{'criterion': 'entropy', 'max_depth': 30, 'max_features': None, 'max_leaf_nodes': 10, 'min_impurity_decrease': 0.1, 'min_samples_leaf': 5, 'min_samples_split': 4, 'n_estimators': 500}",0.8764652515335949,0.8899925173489893,0.8886700345546306,0.8864619723726803,0.8853974439524738,0.005308997808767551,244
358,8.388725936412811,0.23167081840289835,0.14791172742843628,0.02809248807437611,entropy,30,,10,0.1,5,8,700,"{'criterion': 'entropy', 'max_depth': 30, 'max_features': None, 'max_leaf_nodes': 10, 'min_impurity_decrease': 0.1, 'min_samples_leaf': 5, 'min_samples_split': 8, 'n_estimators': 700}",0.8771318510860915,0.8899925173489893,0.8886700345546306,0.8864619723726803,0.8855640938405979,0.005029083072938344,229
359,6.067959308624268,0.7654670279774233,0.11746162176132202,0.01554730341082726,entropy,30,,10,0.1,5,8,500,"{'criterion': 'entropy', 'max_depth': 30, 'max_features': None, 'max_leaf_nodes': 10, 'min_impurity_decrease': 0.1, 'min_samples_leaf': 5, 'min_samples_split': 8, 'n_estimators': 500}",0.8771318510860915,0.8899925173489893,0.8886700345546306,0.8864619723726803,0.8855640938405979,0.005029083072938344,229
360,9.411235511302948,0.5467325115948495,0.17888176441192627,0.026910284193772643,entropy,30,,10,0.05,2,4,700,"{'criterion': 'entropy', 'max_depth': 30, 'max_features': None, 'max_leaf_nodes': 10, 'min_impurity_decrease': 0.05, 'min_samples_leaf': 2, 'min_samples_split': 4, 'n_estimators': 700}",0.9527501411189552,0.9576531861647166,0.9675357404692082,0.96823510950705,0.9615435443149826,0.006579177109936529,8
361,6.180456697940826,0.2921676333604725,0.1294780969619751,0.02066124033743926,entropy,30,,10,0.05,2,4,500,"{'criterion': 'entropy', 'max_depth': 30, 'max_features': None, 'max_leaf_nodes': 10, 'min_impurity_decrease': 0.05, 'min_samples_leaf': 2, 'min_samples_split': 4, 'n_estimators': 500}",0.9527501411189552,0.9569490987222296,0.9675357404692082,0.9654082551278812,0.9606608088595685,0.006044799147898639,30
362,9.121149778366089,1.0533223026620595,0.15736031532287598,0.017337425590063224,entropy,30,,10,0.05,2,8,700,"{'criterion': 'entropy', 'max_depth': 30, 'max_features': None, 'max_leaf_nodes': 10, 'min_impurity_decrease': 0.05, 'min_samples_leaf': 2, 'min_samples_split': 8, 'n_estimators': 700}",0.9527501411189552,0.9576531861647166,0.9675357404692082,0.966115070065522,0.9610135344546006,0.006085648012648247,21
363,6.87991738319397,1.0221143091566052,0.12478494644165039,0.014908466370930141,entropy,30,,10,0.05,2,8,500,"{'criterion': 'entropy', 'max_depth': 30, 'max_features': None, 'max_leaf_nodes': 10, 'min_impurity_decrease': 0.05, 'min_samples_leaf': 2, 'min_samples_split': 8, 'n_estimators': 500}",0.9527501411189552,0.9576531861647166,0.9675357404692082,0.966115070065522,0.9610135344546006,0.006085648012648247,21
364,9.411196529865265,1.2044991951914952,0.17091721296310425,0.027603265968849506,entropy,30,,10,0.05,5,4,700,"{'criterion': 'entropy', 'max_depth': 30, 'max_features': None, 'max_leaf_nodes': 10, 'min_impurity_decrease': 0.05, 'min_samples_leaf': 5, 'min_samples_split': 4, 'n_estimators': 700}",0.9527501411189552,0.9619169824833638,0.9675357404692082,0.9654082551278812,0.9619027797998521,0.005652203104038351,4
365,6.046278655529022,0.42054202303361,0.11500465869903564,0.018447958383019804,entropy,30,,10,0.05,5,4,500,"{'criterion': 'entropy', 'max_depth': 30, 'max_features': None, 'max_leaf_nodes': 10, 'min_impurity_decrease': 0.05, 'min_samples_leaf': 5, 'min_samples_split': 4, 'n_estimators': 500}",0.9527501411189552,0.9576531861647166,0.9661235760306968,0.966115070065522,0.9606604933449726,0.0057274612274439834,32
366,9.653961896896362,1.059474074482581,0.17355620861053467,0.022149043360641902,entropy,30,,10,0.05,5,8,700,"{'criterion': 'entropy', 'max_depth': 30, 'max_features': None, 'max_leaf_nodes': 10, 'min_impurity_decrease': 0.05, 'min_samples_leaf': 5, 'min_samples_split': 8, 'n_estimators': 700}",0.9527501411189552,0.9569490987222296,0.9675357404692082,0.96823510950705,0.9613675224543607,0.006689401968065064,18
367,6.251300513744354,0.4794924757598209,0.11428773403167725,0.016415520506342214,entropy,30,,10,0.05,5,8,500,"{'criterion': 'entropy', 'max_depth': 30, 'max_features': None, 'max_leaf_nodes': 10, 'min_impurity_decrease': 0.05, 'min_samples_leaf': 5, 'min_samples_split': 8, 'n_estimators': 500}",0.9527501411189552,0.9576531861647166,0.9675357404692082,0.96823510950705,0.9615435443149826,0.006579177109936529,8
368,8.48263394832611,0.4323545478884239,0.16264736652374268,0.011387645800654655,entropy,30,,50,0.1,2,4,700,"{'criterion': 'entropy', 'max_depth': 30, 'max_features': None, 'max_leaf_nodes': 50, 'min_impurity_decrease': 0.1, 'min_samples_leaf': 2, 'min_samples_split': 4, 'n_estimators': 700}",0.8771318510860915,0.8899925173489893,0.8886700345546306,0.8864619723726803,0.8855640938405979,0.005029083072938344,229
369,6.435649394989014,0.6517041471722814,0.12150847911834717,0.021277334156342628,entropy,30,,50,0.1,2,4,500,"{'criterion': 'entropy', 'max_depth': 30, 'max_features': None, 'max_leaf_nodes': 50, 'min_impurity_decrease': 0.1, 'min_samples_leaf': 2, 'min_samples_split': 4, 'n_estimators': 500}",0.8771318510860915,0.8899925173489893,0.8886700345546306,0.8864619723726803,0.8855640938405979,0.005029083072938344,229
370,8.636253893375397,1.0839484589971988,0.16174674034118652,0.019000661395272934,entropy,30,,50,0.1,2,8,700,"{'criterion': 'entropy', 'max_depth': 30, 'max_features': None, 'max_leaf_nodes': 50, 'min_impurity_decrease': 0.1, 'min_samples_leaf': 2, 'min_samples_split': 8, 'n_estimators': 700}",0.8764652515335949,0.8716783784932367,0.8886700345546306,0.8864619723726803,0.8808189092385356,0.006999785139247389,281
371,6.160313725471497,0.6768901456173403,0.10400885343551636,0.0188713363262,entropy,30,,50,0.1,2,8,500,"{'criterion': 'entropy', 'max_depth': 30, 'max_features': None, 'max_leaf_nodes': 50, 'min_impurity_decrease': 0.1, 'min_samples_leaf': 2, 'min_samples_split': 8, 'n_estimators': 500}",0.8764652515335949,0.8899925173489893,0.8886700345546306,0.8864619723726803,0.8853974439524738,0.005308997808767551,244
372,8.652332603931427,0.6839103153076055,0.16408532857894897,0.021668597253388905,entropy,30,,50,0.1,5,4,700,"{'criterion': 'entropy', 'max_depth': 30, 'max_features': None, 'max_leaf_nodes': 50, 'min_impurity_decrease': 0.1, 'min_samples_leaf': 5, 'min_samples_split': 4, 'n_estimators': 700}",0.8771318510860915,0.8709826427771555,0.8914630147410367,0.8864619723726803,0.881509870244241,0.007962065855628662,264
373,6.163597762584686,0.5168723122521034,0.1255595088005066,0.02093830107709703,entropy,30,,50,0.1,5,4,500,"{'criterion': 'entropy', 'max_depth': 30, 'max_features': None, 'max_leaf_nodes': 50, 'min_impurity_decrease': 0.1, 'min_samples_leaf': 5, 'min_samples_split': 4, 'n_estimators': 500}",0.8771318510860915,0.8716783784932367,0.8886700345546306,0.8864619723726803,0.8809855591266598,0.006901393729700223,278
374,8.68084990978241,0.9982196731842444,0.17307400703430176,0.029099537760910416,entropy,30,,50,0.1,5,8,700,"{'criterion': 'entropy', 'max_depth': 30, 'max_features': None, 'max_leaf_nodes': 50, 'min_impurity_decrease': 0.1, 'min_samples_leaf': 5, 'min_samples_split': 8, 'n_estimators': 700}",0.8771318510860915,0.8716783784932367,0.8886700345546306,0.8864619723726803,0.8809855591266598,0.006901393729700223,278
375,5.956051528453827,0.3034325820815276,0.12024945020675659,0.012597351520472718,entropy,30,,50,0.1,5,8,500,"{'criterion': 'entropy', 'max_depth': 30, 'max_features': None, 'max_leaf_nodes': 50, 'min_impurity_decrease': 0.1, 'min_samples_leaf': 5, 'min_samples_split': 8, 'n_estimators': 500}",0.8771318510860915,0.8899925173489893,0.8886700345546306,0.8864619723726803,0.8855640938405979,0.005029083072938344,229
376,8.819432854652405,0.6709698183979738,0.18634623289108276,0.02770946630611461,entropy,30,,50,0.05,2,4,700,"{'criterion': 'entropy', 'max_depth': 30, 'max_features': None, 'max_leaf_nodes': 50, 'min_impurity_decrease': 0.05, 'min_samples_leaf': 2, 'min_samples_split': 4, 'n_estimators': 700}",0.9527501411189552,0.9576531861647166,0.9675357404692082,0.9654082551278812,0.9608368307201903,0.005943556475357174,24
377,6.331005156040192,0.656867294363313,0.12005883455276489,0.014367839255180634,entropy,30,,50,0.05,2,4,500,"{'criterion': 'entropy', 'max_depth': 30, 'max_features': None, 'max_leaf_nodes': 50, 'min_impurity_decrease': 0.05, 'min_samples_leaf': 2, 'min_samples_split': 4, 'n_estimators': 500}",0.9527501411189552,0.9619169824833638,0.9675357404692082,0.9654082551278812,0.9619027797998521,0.005652203104038351,4
378,8.976065516471863,0.8550633168117115,0.1573306918144226,0.030571676843465123,entropy,30,,50,0.05,2,8,700,"{'criterion': 'entropy', 'max_depth': 30, 'max_features': None, 'max_leaf_nodes': 50, 'min_impurity_decrease': 0.05, 'min_samples_leaf': 2, 'min_samples_split': 8, 'n_estimators': 700}",0.9527501411189552,0.956945670152406,0.9675357404692082,0.96823510950705,0.9613666653119048,0.00668996826087914,19
379,6.653482258319855,0.6539624873700292,0.11082369089126587,0.011736627250487106,entropy,30,,50,0.05,2,8,500,"{'criterion': 'entropy', 'max_depth': 30, 'max_features': None, 'max_leaf_nodes': 50, 'min_impurity_decrease': 0.05, 'min_samples_leaf': 2, 'min_samples_split': 8, 'n_estimators': 500}",0.9527501411189552,0.9576531861647166,0.9675357404692082,0.96823510950705,0.9615435443149826,0.006579177109936529,8
380,8.460327923297882,0.18134421418877902,0.11900275945663452,0.005425919348862605,entropy,30,,50,0.05,5,4,700,"{'criterion': 'entropy', 'max_depth': 30, 'max_features': None, 'max_leaf_nodes': 50, 'min_impurity_decrease': 0.05, 'min_samples_leaf': 5, 'min_samples_split': 4, 'n_estimators': 700}",0.9527501411189552,0.9576531861647166,0.9675357404692082,0.9654082551278812,0.9608368307201903,0.005943556475357174,24
381,5.823142170906067,0.19128687126067545,0.10159128904342651,0.011205869549156228,entropy,30,,50,0.05,5,4,500,"{'criterion': 'entropy', 'max_depth': 30, 'max_features': None, 'max_leaf_nodes': 50, 'min_impurity_decrease': 0.05, 'min_samples_leaf': 5, 'min_samples_split': 4, 'n_estimators': 500}",0.9527501411189552,0.956945670152406,0.9675357404692082,0.966115070065522,0.9608366554515229,0.006190130886342842,28
382,7.3716431856155396,0.5534916572448407,0.06958311796188354,0.012264517627374915,entropy,30,,50,0.05,5,8,700,"{'criterion': 'entropy', 'max_depth': 30, 'max_features': None, 'max_leaf_nodes': 50, 'min_impurity_decrease': 0.05, 'min_samples_leaf': 5, 'min_samples_split': 8, 'n_estimators': 700}",0.9527501411189552,0.9576531861647166,0.9675357404692082,0.96823510950705,0.9615435443149826,0.006579177109936529,8
383,5.150262832641602,0.5075030473323394,0.06675302982330322,0.009100934251438013,entropy,30,,50,0.05,5,8,500,"{'criterion': 'entropy', 'max_depth': 30, 'max_features': None, 'max_leaf_nodes': 50, 'min_impurity_decrease': 0.05, 'min_samples_leaf': 5, 'min_samples_split': 8, 'n_estimators': 500}",0.9527501411189552,0.9619181188827883,0.9675357404692082,0.96823510950705,0.9626097774945005,0.006196779255644382,2
