,mean_fit_time,std_fit_time,mean_score_time,std_score_time,param_bagging_temperature,param_depth,param_iterations,param_l2_leaf_reg,param_learning_rate,param_random_strength,param_scale_pos_weight,params,split0_test_score,split1_test_score,split2_test_score,mean_test_score,std_test_score,rank_test_score
0,4.225752115249634,0.14456020564480257,0.022999127705891926,0.005098431793783224,0.5,4,300,3,0.05,1,1,"{'bagging_temperature': 0.5, 'depth': 4, 'iterations': 300, 'l2_leaf_reg': 3, 'learning_rate': 0.05, 'random_strength': 1, 'scale_pos_weight': 1}",0.9494485294117646,0.9619440623567171,0.9608574091332712,0.957416666967251,0.0056517617244165996,383
1,4.2554183801015215,0.10564452915218464,0.03099997838338216,0.012833624924373056,0.5,4,300,3,0.05,1,2,"{'bagging_temperature': 0.5, 'depth': 4, 'iterations': 300, 'l2_leaf_reg': 3, 'learning_rate': 0.05, 'random_strength': 1, 'scale_pos_weight': 2}",0.9489380930863082,0.9503161698283649,0.9587155963302753,0.9526566197483161,0.0043211242204081205,413
2,3.863999605178833,0.25005402056499093,0.01999807357788086,0.002159538503077339,0.5,4,300,3,0.05,1,3,"{'bagging_temperature': 0.5, 'depth': 4, 'iterations': 300, 'l2_leaf_reg': 3, 'learning_rate': 0.05, 'random_strength': 1, 'scale_pos_weight': 3}",0.9417040358744394,0.9452423698384201,0.9545867393278838,0.9471777150135812,0.005434469172336372,425
3,4.165331999460856,0.009104147938827427,0.034670114517211914,0.002624509487906606,0.5,4,300,3,0.05,2,1,"{'bagging_temperature': 0.5, 'depth': 4, 'iterations': 300, 'l2_leaf_reg': 3, 'learning_rate': 0.05, 'random_strength': 2, 'scale_pos_weight': 1}",0.9512867647058824,0.9614325068870524,0.9604098742431298,0.9577097152786882,0.004560859928173938,375
4,4.085488160451253,0.3003487251919155,0.027668555577596027,0.007588201755084099,0.5,4,300,3,0.05,2,2,"{'bagging_temperature': 0.5, 'depth': 4, 'iterations': 300, 'l2_leaf_reg': 3, 'learning_rate': 0.05, 'random_strength': 2, 'scale_pos_weight': 2}",0.9454217410915652,0.9508344609833107,0.9564819056344479,0.9509127025697746,0.004515632199245885,417
5,4.094332933425903,0.17881511536812167,0.056333065032958984,0.026042655655223887,0.5,4,300,3,0.05,2,3,"{'bagging_temperature': 0.5, 'depth': 4, 'iterations': 300, 'l2_leaf_reg': 3, 'learning_rate': 0.05, 'random_strength': 2, 'scale_pos_weight': 3}",0.9400715563506261,0.9440214957456338,0.9536363636363636,0.9459098052442078,0.005696506751018737,427
6,3.958961566289266,0.14627496748885382,0.024666547775268555,0.009391877780598511,0.5,4,300,3,0.1,1,1,"{'bagging_temperature': 0.5, 'depth': 4, 'iterations': 300, 'l2_leaf_reg': 3, 'learning_rate': 0.1, 'random_strength': 1, 'scale_pos_weight': 1}",0.9596662030598052,0.9662505779010633,0.9700654817586529,0.9653274209065071,0.004295378407197313,241
7,4.004220803578694,0.09030455402879811,0.01533349355061849,0.0004711475411561263,0.5,4,300,3,0.1,1,2,"{'bagging_temperature': 0.5, 'depth': 4, 'iterations': 300, 'l2_leaf_reg': 3, 'learning_rate': 0.1, 'random_strength': 1, 'scale_pos_weight': 2}",0.9552511415525116,0.9585421412300684,0.96577243293247,0.9598552385716834,0.004394508811908617,343
8,3.882554213205973,0.13813235848596353,0.013664801915486654,0.0026263059902289355,0.5,4,300,3,0.1,1,3,"{'bagging_temperature': 0.5, 'depth': 4, 'iterations': 300, 'l2_leaf_reg': 3, 'learning_rate': 0.1, 'random_strength': 1, 'scale_pos_weight': 3}",0.9522944116310768,0.9546279491833031,0.9646302250803858,0.9571841952982553,0.005350630431029857,385
9,3.921887159347534,0.13264249932580238,0.0149993896484375,0.0014134367250668283,0.5,4,300,3,0.1,2,1,"{'bagging_temperature': 0.5, 'depth': 4, 'iterations': 300, 'l2_leaf_reg': 3, 'learning_rate': 0.1, 'random_strength': 2, 'scale_pos_weight': 1}",0.9561157796451913,0.96577243293247,0.9714017815283638,0.9644299980353418,0.006312266470022661,259
10,3.889553705851237,0.1203635939882497,0.015333096186319986,0.003682304762390865,0.5,4,300,3,0.1,2,2,"{'bagging_temperature': 0.5, 'depth': 4, 'iterations': 300, 'l2_leaf_reg': 3, 'learning_rate': 0.1, 'random_strength': 2, 'scale_pos_weight': 2}",0.9561243144424131,0.9581056466302368,0.963544070143055,0.959258010405235,0.003136787142576305,349
11,3.8395164807637534,0.18307744856138178,0.014332771301269531,0.0016993629501007952,0.5,4,300,3,0.1,2,3,"{'bagging_temperature': 0.5, 'depth': 4, 'iterations': 300, 'l2_leaf_reg': 3, 'learning_rate': 0.1, 'random_strength': 2, 'scale_pos_weight': 3}",0.9501811594202899,0.9551020408163265,0.9618741387230134,0.9557191129865433,0.004793539039924613,397
12,3.8105189005533853,0.07101202608325739,0.019331852595011394,0.0024931531655348004,0.5,4,300,7,0.05,1,1,"{'bagging_temperature': 0.5, 'depth': 4, 'iterations': 300, 'l2_leaf_reg': 7, 'learning_rate': 0.05, 'random_strength': 1, 'scale_pos_weight': 1}",0.9499310978410657,0.9604779411764707,0.9609302325581395,0.9571130905252252,0.005081791420353952,389
13,3.6558403174082437,0.08976540773616827,0.018666823705037434,0.006600814717417559,0.5,4,300,7,0.05,1,2,"{'bagging_temperature': 0.5, 'depth': 4, 'iterations': 300, 'l2_leaf_reg': 7, 'learning_rate': 0.05, 'random_strength': 1, 'scale_pos_weight': 2}",0.945945945945946,0.946846846846847,0.9547325102880658,0.9491751010269529,0.003946855615967261,421
14,3.688334067662557,0.12007385648165249,0.01333324114481608,0.002623792822159032,0.5,4,300,7,0.05,1,3,"{'bagging_temperature': 0.5, 'depth': 4, 'iterations': 300, 'l2_leaf_reg': 7, 'learning_rate': 0.05, 'random_strength': 1, 'scale_pos_weight': 3}",0.9384478144513827,0.9435989256938228,0.9536363636363636,0.945227701260523,0.006306752411564182,429
15,3.645667632420858,0.06269614258711886,0.015667041142781574,0.001247150037090181,0.5,4,300,7,0.05,2,1,"{'bagging_temperature': 0.5, 'depth': 4, 'iterations': 300, 'l2_leaf_reg': 7, 'learning_rate': 0.05, 'random_strength': 2, 'scale_pos_weight': 1}",0.9485766758494031,0.9572806614607259,0.9572093023255814,0.9543555465452368,0.004086382501342426,403
16,3.569999853769938,0.05657190197304407,0.013666868209838867,0.004642510942191662,0.5,4,300,7,0.05,2,2,"{'bagging_temperature': 0.5, 'depth': 4, 'iterations': 300, 'l2_leaf_reg': 7, 'learning_rate': 0.05, 'random_strength': 2, 'scale_pos_weight': 2}",0.9428699955015746,0.9478417266187051,0.9542124542124542,0.948308058777578,0.004642265371116508,423
17,3.7066659927368164,0.17221275765635977,0.015333334604899088,0.0012470862709243766,0.5,4,300,7,0.05,2,3,"{'bagging_temperature': 0.5, 'depth': 4, 'iterations': 300, 'l2_leaf_reg': 7, 'learning_rate': 0.05, 'random_strength': 2, 'scale_pos_weight': 3}",0.9396513187304425,0.9397052255471192,0.9506564056133997,0.9433376499636538,0.005175188542893013,431
18,3.6859982013702393,0.16388337241697798,0.014666477839152018,0.0020554169212698885,0.5,4,300,7,0.1,1,1,"{'bagging_temperature': 0.5, 'depth': 4, 'iterations': 300, 'l2_leaf_reg': 7, 'learning_rate': 0.1, 'random_strength': 1, 'scale_pos_weight': 1}",0.9522484932777006,0.9630655586334257,0.9681349578256794,0.9611496699122686,0.00662560242053203,321
19,3.4063313007354736,0.2203982365838902,0.015666961669921875,0.003399240236199148,0.5,4,300,7,0.1,1,2,"{'bagging_temperature': 0.5, 'depth': 4, 'iterations': 300, 'l2_leaf_reg': 7, 'learning_rate': 0.1, 'random_strength': 1, 'scale_pos_weight': 2}",0.9529465509365006,0.9585421412300684,0.9644341801385681,0.9586409574350457,0.004690325479311852,363
20,3.7106662591298423,0.09058441182943477,0.01400152842203776,0.0014147301826768525,0.5,4,300,7,0.1,1,3,"{'bagging_temperature': 0.5, 'depth': 4, 'iterations': 300, 'l2_leaf_reg': 7, 'learning_rate': 0.1, 'random_strength': 1, 'scale_pos_weight': 3}",0.9497054825555051,0.9507455942159964,0.9610270518110959,0.9538260428608658,0.005109556764374201,409
21,3.662998914718628,0.21697476639784735,0.011999050776163736,0.0008173146151144132,0.5,4,300,7,0.1,2,1,"{'bagging_temperature': 0.5, 'depth': 4, 'iterations': 300, 'l2_leaf_reg': 7, 'learning_rate': 0.1, 'random_strength': 2, 'scale_pos_weight': 1}",0.9502556950255695,0.9617687701520037,0.9677720691265764,0.9599321781013832,0.007267995743069213,341
22,3.7226665019989014,0.1298262153296724,0.013334274291992188,0.0016989421659169023,0.5,4,300,7,0.1,2,2,"{'bagging_temperature': 0.5, 'depth': 4, 'iterations': 300, 'l2_leaf_reg': 7, 'learning_rate': 0.1, 'random_strength': 2, 'scale_pos_weight': 2}",0.9540282203004097,0.9594533029612756,0.9627243442245744,0.9587352891620866,0.0035862980623457227,359
23,3.5439987977345786,0.20224876245325957,0.013332605361938477,0.001885144602035464,0.5,4,300,7,0.1,2,3,"{'bagging_temperature': 0.5, 'depth': 4, 'iterations': 300, 'l2_leaf_reg': 7, 'learning_rate': 0.1, 'random_strength': 2, 'scale_pos_weight': 3}",0.9493212669683257,0.9538043478260868,0.9596700274977085,0.9542652140973736,0.004237413473148827,405
24,6.993333657582601,0.1733316178786419,0.015333890914916992,0.002055042697074864,0.5,4,600,3,0.05,1,1,"{'bagging_temperature': 0.5, 'depth': 4, 'iterations': 600, 'l2_leaf_reg': 3, 'learning_rate': 0.05, 'random_strength': 1, 'scale_pos_weight': 1}",0.9583718778908419,0.9653259361997225,0.9696119682094437,0.9644365941000027,0.004631637911893392,255
25,7.370001554489136,0.04907222184239421,0.01400152842203776,0.002948107231166388,0.5,4,600,3,0.05,1,2,"{'bagging_temperature': 0.5, 'depth': 4, 'iterations': 600, 'l2_leaf_reg': 3, 'learning_rate': 0.05, 'random_strength': 1, 'scale_pos_weight': 2}",0.9548151528982199,0.9585043319653442,0.9653259361997225,0.9595484736877622,0.004354064411953259,347
26,7.202139059702556,0.1977941039781633,0.02200166384379069,0.007790693859233737,0.5,4,600,3,0.05,1,3,"{'bagging_temperature': 0.5, 'depth': 4, 'iterations': 600, 'l2_leaf_reg': 3, 'learning_rate': 0.05, 'random_strength': 1, 'scale_pos_weight': 3}",0.9519056261343013,0.9546279491833031,0.9628610729023385,0.956464882739981,0.004657338090981509,395
27,7.41075325012207,0.20470782310428187,0.026001135508219402,0.0021600904082682295,0.5,4,600,3,0.05,2,1,"{'bagging_temperature': 0.5, 'depth': 4, 'iterations': 600, 'l2_leaf_reg': 3, 'learning_rate': 0.05, 'random_strength': 2, 'scale_pos_weight': 1}",0.9592215013901761,0.9654218533886584,0.9677117454375292,0.9641183667387878,0.0035865832469261115,265
28,7.247461875279744,0.21240629974686287,0.023332834243774414,0.0034009235299162603,0.5,4,600,3,0.05,2,2,"{'bagging_temperature': 0.5, 'depth': 4, 'iterations': 600, 'l2_leaf_reg': 3, 'learning_rate': 0.05, 'random_strength': 2, 'scale_pos_weight': 2}",0.9547738693467337,0.960292104062072,0.9648473635522664,0.9599711123203574,0.004118745614133188,337
29,7.146419366200765,0.10317133242793701,0.024668534596761067,0.004496734416445519,0.5,4,600,3,0.05,2,3,"{'bagging_temperature': 0.5, 'depth': 4, 'iterations': 600, 'l2_leaf_reg': 3, 'learning_rate': 0.05, 'random_strength': 2, 'scale_pos_weight': 3}",0.9496598639455782,0.9554950045413261,0.9645651173492868,0.9565733286120638,0.00613263031432903,391
30,7.782273530960083,0.6272950076752085,0.027335325876871746,0.0026261848106337833,0.5,4,600,3,0.1,1,1,"{'bagging_temperature': 0.5, 'depth': 4, 'iterations': 600, 'l2_leaf_reg': 3, 'learning_rate': 0.1, 'random_strength': 1, 'scale_pos_weight': 1}",0.964936886395512,0.9707112970711298,0.9755409219190968,0.9703963684619129,0.0043348031380167325,101
31,7.970187664031982,0.10947152897420412,0.031332174936930336,0.004921611654932868,0.5,4,600,3,0.1,1,2,"{'bagging_temperature': 0.5, 'depth': 4, 'iterations': 600, 'l2_leaf_reg': 3, 'learning_rate': 0.1, 'random_strength': 1, 'scale_pos_weight': 2}",0.9625520110957003,0.9655172413793103,0.9729981378026071,0.9670224634258725,0.004395426475423504,195
32,7.829187552134196,0.09166747724310591,0.04166762034098307,0.008958961869950847,0.5,4,600,3,0.1,1,3,"{'bagging_temperature': 0.5, 'depth': 4, 'iterations': 600, 'l2_leaf_reg': 3, 'learning_rate': 0.1, 'random_strength': 1, 'scale_pos_weight': 3}",0.9564819056344479,0.9620137299771169,0.9722479185938946,0.9635811847351531,0.006531180443239341,277
33,8.422428766886393,0.37185063531408713,0.02899940808614095,0.0043203646118129616,0.5,4,600,3,0.1,2,1,"{'bagging_temperature': 0.5, 'depth': 4, 'iterations': 600, 'l2_leaf_reg': 3, 'learning_rate': 0.1, 'random_strength': 2, 'scale_pos_weight': 1}",0.9643861293345829,0.9721189591078067,0.9788434414668548,0.9717828433030814,0.005906956288880839,65
34,8.781216462453207,0.024262503425531982,0.02700034777323405,0.001412987145277226,0.5,4,600,3,0.1,2,2,"{'bagging_temperature': 0.5, 'depth': 4, 'iterations': 600, 'l2_leaf_reg': 3, 'learning_rate': 0.1, 'random_strength': 2, 'scale_pos_weight': 2}",0.9630655586334257,0.9655172413793103,0.9698375870069605,0.9661401290065655,0.002799533749291242,219
35,8.811216831207275,0.10643665608373806,0.02566671371459961,0.0020546944777478453,0.5,4,600,3,0.1,2,3,"{'bagging_temperature': 0.5, 'depth': 4, 'iterations': 600, 'l2_leaf_reg': 3, 'learning_rate': 0.1, 'random_strength': 2, 'scale_pos_weight': 3}",0.9582760201742321,0.9625570776255707,0.9698655540101994,0.9635662172700008,0.004784913496273318,281
36,8.599507808685303,0.3364406726464604,0.032998879750569664,0.00081780008527525,0.5,4,600,7,0.05,1,1,"{'bagging_temperature': 0.5, 'depth': 4, 'iterations': 600, 'l2_leaf_reg': 7, 'learning_rate': 0.05, 'random_strength': 1, 'scale_pos_weight': 1}",0.954187875983341,0.9654218533886584,0.97054698457223,0.9633855713147431,0.006832029565176904,283
37,8.690575043360392,0.04434682431467807,0.04067746798197428,0.011154168623614362,0.5,4,600,7,0.05,1,2,"{'bagging_temperature': 0.5, 'depth': 4, 'iterations': 600, 'l2_leaf_reg': 7, 'learning_rate': 0.05, 'random_strength': 1, 'scale_pos_weight': 2}",0.9530323757409941,0.9585421412300684,0.9635776855693868,0.958384067513483,0.004306555492819869,371
38,8.490832805633545,0.18549317552230823,0.05902369817097982,0.010651901040580225,0.5,4,600,7,0.05,1,3,"{'bagging_temperature': 0.5, 'depth': 4, 'iterations': 600, 'l2_leaf_reg': 7, 'learning_rate': 0.05, 'random_strength': 1, 'scale_pos_weight': 3}",0.9497964721845319,0.9516056083220261,0.9601465872652313,0.9538495559239296,0.004513512761770448,407
39,8.373503843943277,0.1969825928404993,0.06103269259134928,0.014910162224315947,0.5,4,600,7,0.05,2,1,"{'bagging_temperature': 0.5, 'depth': 4, 'iterations': 600, 'l2_leaf_reg': 7, 'learning_rate': 0.05, 'random_strength': 2, 'scale_pos_weight': 1}",0.9532623785284592,0.9641214351425942,0.9691588785046729,0.9621808973919087,0.006633196461476514,299
40,8.310814698537191,0.17817582991576003,0.06302515665690105,0.010681338355335966,0.5,4,600,7,0.05,2,2,"{'bagging_temperature': 0.5, 'depth': 4, 'iterations': 600, 'l2_leaf_reg': 7, 'learning_rate': 0.05, 'random_strength': 2, 'scale_pos_weight': 2}",0.9526842584167425,0.95897903372835,0.9640221402214023,0.9585618107888316,0.004638063330748737,369
41,8.287814696629843,0.16137412639255427,0.04166698455810547,0.014383827819920883,0.5,4,600,7,0.05,2,3,"{'bagging_temperature': 0.5, 'depth': 4, 'iterations': 600, 'l2_leaf_reg': 7, 'learning_rate': 0.05, 'random_strength': 2, 'scale_pos_weight': 3}",0.9489380930863082,0.9520795660036167,0.9587912087912087,0.9532696226270444,0.004109594331055305,411
42,8.409804662068685,0.10512660328768719,0.062351067860921226,0.01535389755893206,0.5,4,600,7,0.1,1,1,"{'bagging_temperature': 0.5, 'depth': 4, 'iterations': 600, 'l2_leaf_reg': 7, 'learning_rate': 0.1, 'random_strength': 1, 'scale_pos_weight': 1}",0.9631013545072397,0.9698375870069607,0.9736842105263158,0.9688743840135055,0.004373787861421343,145
43,8.4028373559316,0.04002979513810595,0.05070169766743978,0.010599555336438918,0.5,4,600,7,0.1,1,2,"{'bagging_temperature': 0.5, 'depth': 4, 'iterations': 600, 'l2_leaf_reg': 7, 'learning_rate': 0.1, 'random_strength': 1, 'scale_pos_weight': 2}",0.9608475356978351,0.9646302250803858,0.9689095127610208,0.9647957578464138,0.003293369031281359,251
44,7.961786985397339,0.08158658682274401,0.05017169316609701,0.0039913676109118385,0.5,4,600,7,0.1,1,3,"{'bagging_temperature': 0.5, 'depth': 4, 'iterations': 600, 'l2_leaf_reg': 7, 'learning_rate': 0.1, 'random_strength': 1, 'scale_pos_weight': 3}",0.9544626593806921,0.960292104062072,0.9658671586715868,0.9602073073714502,0.004656253420799443,333
45,8.107263406117758,0.064216503351287,0.057996670405069985,0.006684772463053085,0.5,4,600,7,0.1,2,1,"{'bagging_temperature': 0.5, 'depth': 4, 'iterations': 600, 'l2_leaf_reg': 7, 'learning_rate': 0.1, 'random_strength': 2, 'scale_pos_weight': 1}",0.9650023331777882,0.9675324675324676,0.9755639097744361,0.9693662368282306,0.004502499855582279,129
46,7.903752565383911,0.21333113423414196,0.04900813102722168,0.009089471285496408,0.5,4,600,7,0.1,2,2,"{'bagging_temperature': 0.5, 'depth': 4, 'iterations': 600, 'l2_leaf_reg': 7, 'learning_rate': 0.1, 'random_strength': 2, 'scale_pos_weight': 2}",0.9613615455381785,0.9660238751147842,0.9693593314763231,0.9655815840430954,0.0032800265265357877,233
47,7.380851984024048,0.12731274163561052,0.050677220026652016,0.0018836288607071976,0.5,4,600,7,0.1,2,3,"{'bagging_temperature': 0.5, 'depth': 4, 'iterations': 600, 'l2_leaf_reg': 7, 'learning_rate': 0.1, 'random_strength': 2, 'scale_pos_weight': 3}",0.9544211485870556,0.9585798816568046,0.9645324735145094,0.9591778345861233,0.004149528786613225,351
48,10.908874750137329,0.04678624979719977,0.04906598726908366,0.008065798113909794,0.5,4,900,3,0.05,1,1,"{'bagging_temperature': 0.5, 'depth': 4, 'iterations': 900, 'l2_leaf_reg': 3, 'learning_rate': 0.05, 'random_strength': 1, 'scale_pos_weight': 1}",0.9618959107806692,0.9707385044124478,0.9746478873239437,0.9690941008390203,0.00533424619943512,141
49,10.981853802998861,0.12049977072648055,0.06096641222635905,0.002996675032640164,0.5,4,900,3,0.05,1,2,"{'bagging_temperature': 0.5, 'depth': 4, 'iterations': 900, 'l2_leaf_reg': 3, 'learning_rate': 0.05, 'random_strength': 1, 'scale_pos_weight': 2}",0.9618039576622182,0.9642201834862385,0.970232558139535,0.9654188997626639,0.0035438225157854494,239
50,10.894292751948038,0.027698930061906296,0.05302985509236654,0.006529993545211371,0.5,4,900,3,0.05,1,3,"{'bagging_temperature': 0.5, 'depth': 4, 'iterations': 900, 'l2_leaf_reg': 3, 'learning_rate': 0.05, 'random_strength': 1, 'scale_pos_weight': 3}",0.9539023277042447,0.95985401459854,0.9672961768770152,0.9603508397266,0.005479289815394893,331
51,10.904683510462442,0.09113784293049576,0.06431388854980469,0.0034105562376959943,0.5,4,900,3,0.05,2,1,"{'bagging_temperature': 0.5, 'depth': 4, 'iterations': 900, 'l2_leaf_reg': 3, 'learning_rate': 0.05, 'random_strength': 2, 'scale_pos_weight': 1}",0.9631701631701632,0.9688806316767301,0.9741662752465947,0.968739023364496,0.004490260562961491,151
52,10.89100694656372,0.02147539232124539,0.0516671339670817,0.00909213976381442,0.5,4,900,3,0.05,2,2,"{'bagging_temperature': 0.5, 'depth': 4, 'iterations': 900, 'l2_leaf_reg': 3, 'learning_rate': 0.05, 'random_strength': 2, 'scale_pos_weight': 2}",0.9608835710998619,0.9656121045392022,0.9703153988868275,0.9656036915086306,0.003850532165390189,229
53,10.836317618687948,0.06357821299637928,0.04933468500773112,0.011667955798117967,0.5,4,900,3,0.05,2,3,"{'bagging_temperature': 0.5, 'depth': 4, 'iterations': 900, 'l2_leaf_reg': 3, 'learning_rate': 0.05, 'random_strength': 2, 'scale_pos_weight': 3}",0.9548151528982199,0.95897903372835,0.9681881051175657,0.9606607639147119,0.005587493479788391,327
54,10.7879745165507,0.14218456917911262,0.059979915618896484,0.0021327589326315677,0.5,4,900,3,0.1,1,1,"{'bagging_temperature': 0.5, 'depth': 4, 'iterations': 900, 'l2_leaf_reg': 3, 'learning_rate': 0.1, 'random_strength': 1, 'scale_pos_weight': 1}",0.9653882132834424,0.9743589743589743,0.9783427495291902,0.972696645723869,0.005417718136135483,29
55,10.563319047292074,0.23411313066564846,0.05933213233947754,0.00953566042594998,0.5,4,900,3,0.1,1,2,"{'bagging_temperature': 0.5, 'depth': 4, 'iterations': 900, 'l2_leaf_reg': 3, 'learning_rate': 0.1, 'random_strength': 1, 'scale_pos_weight': 2}",0.9642691415313225,0.9685767097966729,0.9748134328358209,0.9692197613879387,0.004328637683328892,135
56,10.420300483703613,0.04283209805760695,0.053696076075236,0.0040996391357343,0.5,4,900,3,0.1,1,3,"{'bagging_temperature': 0.5, 'depth': 4, 'iterations': 900, 'l2_leaf_reg': 3, 'learning_rate': 0.1, 'random_strength': 1, 'scale_pos_weight': 3}",0.9585635359116023,0.9619440623567171,0.9731232622798888,0.9645436201827361,0.006221719143342751,253
57,10.715422709782919,0.03506978463497689,0.05497988065083822,0.00956088066502773,0.5,4,900,3,0.1,2,1,"{'bagging_temperature': 0.5, 'depth': 4, 'iterations': 900, 'l2_leaf_reg': 3, 'learning_rate': 0.1, 'random_strength': 2, 'scale_pos_weight': 1}",0.9657437822618489,0.9748369058713887,0.9793038570084667,0.9732948483805681,0.005642243215968418,21
58,10.660397052764893,0.09560359649269091,0.048020362854003906,0.009122873573403715,0.5,4,900,3,0.1,2,2,"{'bagging_temperature': 0.5, 'depth': 4, 'iterations': 900, 'l2_leaf_reg': 3, 'learning_rate': 0.1, 'random_strength': 2, 'scale_pos_weight': 2}",0.9629286376274326,0.9690531177829099,0.9720149253731344,0.9679988935944923,0.00378362240267234,173
59,10.382003863652548,0.05273662265110669,0.04772194226582845,0.002677266011988199,0.5,4,900,3,0.1,2,3,"{'bagging_temperature': 0.5, 'depth': 4, 'iterations': 900, 'l2_leaf_reg': 3, 'learning_rate': 0.1, 'random_strength': 2, 'scale_pos_weight': 3}",0.9613615455381785,0.9647274393037105,0.9712696941612605,0.9657862263343832,0.004113686486718114,225
60,10.798920154571533,0.12678197822476048,0.05539862314860026,0.0044423927112713715,0.5,4,900,7,0.05,1,1,"{'bagging_temperature': 0.5, 'depth': 4, 'iterations': 900, 'l2_leaf_reg': 7, 'learning_rate': 0.05, 'random_strength': 1, 'scale_pos_weight': 1}",0.9604834960483497,0.9671144048170449,0.9714285714285715,0.9663421574313221,0.00450155108736617,213
61,10.866219441095987,0.23959682512914024,0.07009140650431316,0.009426242186924522,0.5,4,900,7,0.05,1,2,"{'bagging_temperature': 0.5, 'depth': 4, 'iterations': 900, 'l2_leaf_reg': 7, 'learning_rate': 0.05, 'random_strength': 1, 'scale_pos_weight': 2}",0.9550870760769936,0.9615736505032023,0.9671448403516889,0.9612685223106282,0.0049272877756738305,315
62,10.866819222768148,0.1176307809450812,0.0640408198038737,0.00535219348583493,0.5,4,900,7,0.05,1,3,"{'bagging_temperature': 0.5, 'depth': 4, 'iterations': 900, 'l2_leaf_reg': 7, 'learning_rate': 0.05, 'random_strength': 1, 'scale_pos_weight': 3}",0.9519056261343013,0.9577080491132334,0.9632352941176471,0.9576163231217273,0.004625772324441325,381
63,10.982873121897379,0.09027678425059063,0.056322971979777016,0.005733881066558431,0.5,4,900,7,0.05,2,1,"{'bagging_temperature': 0.5, 'depth': 4, 'iterations': 900, 'l2_leaf_reg': 7, 'learning_rate': 0.05, 'random_strength': 2, 'scale_pos_weight': 1}",0.9598880597014926,0.968995835261453,0.9714285714285715,0.9667708221305057,0.004967149773285653,199
64,10.73483713467916,0.043620053484663676,0.05735611915588379,0.004264008554265978,0.5,4,900,7,0.05,2,2,"{'bagging_temperature': 0.5, 'depth': 4, 'iterations': 900, 'l2_leaf_reg': 7, 'learning_rate': 0.05, 'random_strength': 2, 'scale_pos_weight': 2}",0.9569202566452797,0.9611694837825491,0.9671448403516889,0.9617448602598392,0.0041939497342645335,305
65,10.64358393351237,0.11204929323079071,0.052287896474202476,0.006531712539554212,0.5,4,900,7,0.05,2,3,"{'bagging_temperature': 0.5, 'depth': 4, 'iterations': 900, 'l2_leaf_reg': 7, 'learning_rate': 0.05, 'random_strength': 2, 'scale_pos_weight': 3}",0.9545040946314831,0.9581437670609645,0.9632352941176471,0.9586277186033648,0.0035808861043361197,365
66,10.65429393450419,0.05055046413279601,0.061298767725626625,0.006636220999149838,0.5,4,900,7,0.1,1,1,"{'bagging_temperature': 0.5, 'depth': 4, 'iterations': 900, 'l2_leaf_reg': 7, 'learning_rate': 0.1, 'random_strength': 1, 'scale_pos_weight': 1}",0.9676814988290399,0.9730483271375464,0.9769628584861307,0.9725642281509058,0.0038045300316612417,37
67,10.610672076543173,0.03758086701676091,0.06036273638407389,0.004156271450979729,0.5,4,900,7,0.1,1,2,"{'bagging_temperature': 0.5, 'depth': 4, 'iterations': 900, 'l2_leaf_reg': 7, 'learning_rate': 0.1, 'random_strength': 1, 'scale_pos_weight': 2}",0.9625866050808314,0.9650413983440663,0.9716147045137273,0.9664142359795417,0.0038114001996289353,209
68,10.393645207087198,0.10587149490834671,0.06136949857076009,0.005253571405161797,0.5,4,900,7,0.1,1,3,"{'bagging_temperature': 0.5, 'depth': 4, 'iterations': 900, 'l2_leaf_reg': 7, 'learning_rate': 0.1, 'random_strength': 1, 'scale_pos_weight': 3}",0.9569990850869168,0.9629629629629629,0.969893469198703,0.9632851724161942,0.005269038470434936,285
69,10.509282350540161,0.01743275182715647,0.05505220095316569,0.004067686920879436,0.5,4,900,7,0.1,2,1,"{'bagging_temperature': 0.5, 'depth': 4, 'iterations': 900, 'l2_leaf_reg': 7, 'learning_rate': 0.1, 'random_strength': 2, 'scale_pos_weight': 1}",0.9667758540009358,0.9711627906976744,0.9783427495291902,0.9720937980759334,0.004767833127264946,45
70,10.611111799875895,0.3189971120344972,0.05802726745605469,0.004294414141301751,0.5,4,900,7,0.1,2,2,"{'bagging_temperature': 0.5, 'depth': 4, 'iterations': 900, 'l2_leaf_reg': 7, 'learning_rate': 0.1, 'random_strength': 2, 'scale_pos_weight': 2}",0.9616982002768804,0.9682174113311838,0.9734513274336283,0.9677889796805642,0.004807748242861786,177
71,10.504513343175253,0.006377532922212948,0.05329298973083496,0.003349275318901413,0.5,4,900,7,0.1,2,3,"{'bagging_temperature': 0.5, 'depth': 4, 'iterations': 900, 'l2_leaf_reg': 7, 'learning_rate': 0.1, 'random_strength': 2, 'scale_pos_weight': 3}",0.9556064073226544,0.9634034766697164,0.9672055427251732,0.962071808905848,0.004828042377367576,301
72,5.54135274887085,0.03886955877561461,0.03500628471374512,0.008681941785056444,0.5,6,300,3,0.05,1,1,"{'bagging_temperature': 0.5, 'depth': 6, 'iterations': 300, 'l2_leaf_reg': 3, 'learning_rate': 0.05, 'random_strength': 1, 'scale_pos_weight': 1}",0.9570438799076213,0.9649122807017544,0.97054698457223,0.9641677150605353,0.005537703639079248,263
73,5.464463313420613,0.12185993147866594,0.043011983235677086,0.0016336801091890742,0.5,6,300,3,0.05,1,2,"{'bagging_temperature': 0.5, 'depth': 6, 'iterations': 300, 'l2_leaf_reg': 3, 'learning_rate': 0.05, 'random_strength': 1, 'scale_pos_weight': 2}",0.9500000000000001,0.960292104062072,0.9662505779010634,0.9588475606543785,0.006712443656978434,355
74,5.348664999008179,0.06950136930097021,0.04298663139343262,0.002163008099410292,0.5,6,300,3,0.05,1,3,"{'bagging_temperature': 0.5, 'depth': 6, 'iterations': 300, 'l2_leaf_reg': 3, 'learning_rate': 0.05, 'random_strength': 1, 'scale_pos_weight': 3}",0.9484629294755877,0.9546279491833031,0.9633363886342804,0.9554757557643904,0.0061015860689674125,399
75,5.335494518280029,0.051641193408922224,0.042302211125691734,0.0019076036176844345,0.5,6,300,3,0.05,2,1,"{'bagging_temperature': 0.5, 'depth': 6, 'iterations': 300, 'l2_leaf_reg': 3, 'learning_rate': 0.05, 'random_strength': 2, 'scale_pos_weight': 1}",0.9567219152854513,0.9653579676674364,0.9687062120504436,0.9635953650011104,0.0050488228566902054,275
76,5.398032903671265,0.0796938957358342,0.04063789049784342,0.007257101410767845,0.5,6,300,3,0.05,2,2,"{'bagging_temperature': 0.5, 'depth': 6, 'iterations': 300, 'l2_leaf_reg': 3, 'learning_rate': 0.05, 'random_strength': 2, 'scale_pos_weight': 2}",0.9518619436875567,0.95985401459854,0.9640221402214023,0.9585793661691664,0.005045535412574577,367
77,5.443723996480306,0.03797065492722172,0.039365530014038086,0.0037898407333880756,0.5,6,300,3,0.05,2,3,"{'bagging_temperature': 0.5, 'depth': 6, 'iterations': 300, 'l2_leaf_reg': 3, 'learning_rate': 0.05, 'random_strength': 2, 'scale_pos_weight': 3}",0.9473210265646105,0.9551020408163265,0.9615384615384616,0.9546538429731329,0.0058128894300455885,401
78,5.92346453666687,0.2900670352881066,0.04503719011942545,0.0021049717003577577,0.5,6,300,3,0.1,1,1,"{'bagging_temperature': 0.5, 'depth': 6, 'iterations': 300, 'l2_leaf_reg': 3, 'learning_rate': 0.1, 'random_strength': 1, 'scale_pos_weight': 1}",0.965935604293047,0.9693308550185873,0.9769628584861307,0.9707431059325883,0.004611284943324232,93
79,6.226250886917114,0.07725912879121329,0.03866243362426758,0.0026195456773713266,0.5,6,300,3,0.1,1,2,"{'bagging_temperature': 0.5, 'depth': 6, 'iterations': 300, 'l2_leaf_reg': 3, 'learning_rate': 0.1, 'random_strength': 1, 'scale_pos_weight': 2}",0.9613970588235294,0.9668508287292817,0.9729477611940298,0.9670652162489469,0.004717990590594822,193
80,6.077651500701904,0.05755430486935912,0.0347444216410319,0.011084580827799702,0.5,6,300,3,0.1,1,3,"{'bagging_temperature': 0.5, 'depth': 6, 'iterations': 300, 'l2_leaf_reg': 3, 'learning_rate': 0.1, 'random_strength': 1, 'scale_pos_weight': 3}",0.9522075557578517,0.9624885635864594,0.9731232622798888,0.9626064605413999,0.00853920837853192,297
81,5.988685766855876,0.0636603591368148,0.030703306198120117,0.005696605224642488,0.5,6,300,3,0.1,2,1,"{'bagging_temperature': 0.5, 'depth': 6, 'iterations': 300, 'l2_leaf_reg': 3, 'learning_rate': 0.1, 'random_strength': 2, 'scale_pos_weight': 1}",0.9636533084808947,0.9678920428106095,0.9765478424015009,0.9693643978976684,0.005366136001768089,131
82,5.976381301879883,0.052001418529977056,0.04404409726460775,0.008519728776462357,0.5,6,300,3,0.1,2,2,"{'bagging_temperature': 0.5, 'depth': 6, 'iterations': 300, 'l2_leaf_reg': 3, 'learning_rate': 0.1, 'random_strength': 2, 'scale_pos_weight': 2}",0.9604051565377533,0.9650735294117646,0.9725197950628784,0.9659994936707988,0.004988932685145411,223
83,6.01507584253947,0.053902569799188275,0.04233264923095703,0.001703478006834451,0.5,6,300,3,0.1,2,3,"{'bagging_temperature': 0.5, 'depth': 6, 'iterations': 300, 'l2_leaf_reg': 3, 'learning_rate': 0.1, 'random_strength': 2, 'scale_pos_weight': 3}",0.9561243144424131,0.9620484682213076,0.970260223048327,0.9628110019040159,0.005796094733619445,291
84,6.07151730855306,0.010581216807970287,0.05964144070943197,0.004938508472408135,0.5,6,300,7,0.05,1,1,"{'bagging_temperature': 0.5, 'depth': 6, 'iterations': 300, 'l2_leaf_reg': 7, 'learning_rate': 0.05, 'random_strength': 1, 'scale_pos_weight': 1}",0.956281638288081,0.9622119815668203,0.9663865546218486,0.9616267248255834,0.004146020390525799,311
85,5.626735766728719,0.09580533777730633,0.04259117444356283,0.009456070000347214,0.5,6,300,7,0.05,1,2,"{'bagging_temperature': 0.5, 'depth': 6, 'iterations': 300, 'l2_leaf_reg': 7, 'learning_rate': 0.05, 'random_strength': 1, 'scale_pos_weight': 2}",0.9501811594202899,0.9585798816568046,0.9641214351425944,0.9576274920732297,0.005730800190935795,379
86,5.606526056925456,0.04879596211751589,0.04210670789082845,0.00918876477084215,0.5,6,300,7,0.05,1,3,"{'bagging_temperature': 0.5, 'depth': 6, 'iterations': 300, 'l2_leaf_reg': 7, 'learning_rate': 0.05, 'random_strength': 1, 'scale_pos_weight': 3}",0.9450945094509451,0.9486486486486486,0.9593792788680968,0.9510408123225634,0.006072094345303321,415
87,5.610080242156982,0.020468685473449207,0.0407105286916097,0.005034396408838797,0.5,6,300,7,0.05,2,1,"{'bagging_temperature': 0.5, 'depth': 6, 'iterations': 300, 'l2_leaf_reg': 7, 'learning_rate': 0.05, 'random_strength': 2, 'scale_pos_weight': 1}",0.9535632183908046,0.9631675874769797,0.9659037832788416,0.9608781963822087,0.005291714852961242,323
88,5.581468979517619,0.03875163273662849,0.03462513287862142,0.0038690779818620707,0.5,6,300,7,0.05,2,2,"{'bagging_temperature': 0.5, 'depth': 6, 'iterations': 300, 'l2_leaf_reg': 7, 'learning_rate': 0.05, 'random_strength': 2, 'scale_pos_weight': 2}",0.9493212669683257,0.9585421412300684,0.9635776855693868,0.957147031255927,0.005903169584335281,387
89,5.486136754353841,0.045464904785700616,0.04236515363057455,0.0038706667319313728,0.5,6,300,7,0.05,2,3,"{'bagging_temperature': 0.5, 'depth': 6, 'iterations': 300, 'l2_leaf_reg': 7, 'learning_rate': 0.05, 'random_strength': 2, 'scale_pos_weight': 3}",0.9446693657219972,0.9490761604326273,0.9571558796718322,0.9503004686088189,0.005170587041950095,419
90,5.574346621831258,0.047620511323696234,0.03165618578592936,0.010884254307031816,0.5,6,300,7,0.1,1,1,"{'bagging_temperature': 0.5, 'depth': 6, 'iterations': 300, 'l2_leaf_reg': 7, 'learning_rate': 0.1, 'random_strength': 1, 'scale_pos_weight': 1}",0.9650023331777882,0.968040759610931,0.9756326148078726,0.9695585691988639,0.004470535489375093,117
91,5.492921352386475,0.0806279011704352,0.04200871785481771,0.009402977492672486,0.5,6,300,7,0.1,1,2,"{'bagging_temperature': 0.5, 'depth': 6, 'iterations': 300, 'l2_leaf_reg': 7, 'learning_rate': 0.1, 'random_strength': 1, 'scale_pos_weight': 2}",0.9564020192748968,0.9628610729023384,0.9716410971641097,0.9636347297804483,0.00624533332188443,273
92,5.531206846237183,0.07067651223031816,0.041672865549723305,0.00555072376031814,0.5,6,300,7,0.1,1,3,"{'bagging_temperature': 0.5, 'depth': 6, 'iterations': 300, 'l2_leaf_reg': 7, 'learning_rate': 0.1, 'random_strength': 1, 'scale_pos_weight': 3}",0.9486597001363017,0.9580674567000912,0.9700046146746654,0.958910590503686,0.008734395614297343,353
93,5.801057418187459,0.03872178300317564,0.04173072179158529,0.0066622183172969805,0.5,6,300,7,0.1,2,1,"{'bagging_temperature': 0.5, 'depth': 6, 'iterations': 300, 'l2_leaf_reg': 7, 'learning_rate': 0.1, 'random_strength': 2, 'scale_pos_weight': 1}",0.9636194029850745,0.9694161260426319,0.9718574108818011,0.9682976466365024,0.0034548941771622133,165
94,5.765406608581543,0.10529312017248402,0.05629229545593262,0.0021001462116681077,0.5,6,300,7,0.1,2,2,"{'bagging_temperature': 0.5, 'depth': 6, 'iterations': 300, 'l2_leaf_reg': 7, 'learning_rate': 0.1, 'random_strength': 2, 'scale_pos_weight': 2}",0.9525114155251142,0.9628610729023384,0.9684014869888476,0.9612579918054335,0.006585387588344338,317
95,5.783406654993693,0.041286163509521086,0.0456686814626058,0.004188528302892082,0.5,6,300,7,0.1,2,3,"{'bagging_temperature': 0.5, 'depth': 6, 'iterations': 300, 'l2_leaf_reg': 7, 'learning_rate': 0.1, 'random_strength': 2, 'scale_pos_weight': 3}",0.9510869565217391,0.959890610756609,0.9654855039116429,0.958821023729997,0.0059266378349757225,357
96,11.29389484723409,0.024357507508474555,0.05432605743408203,0.002346437796339944,0.5,6,600,3,0.05,1,1,"{'bagging_temperature': 0.5, 'depth': 6, 'iterations': 600, 'l2_leaf_reg': 3, 'learning_rate': 0.05, 'random_strength': 1, 'scale_pos_weight': 1}",0.9668688754083061,0.9697814969781497,0.9746954076850984,0.9704485933571848,0.003229800309008714,99
97,11.312955300013224,0.09887084137974893,0.056679089864095054,0.01512343641633773,0.5,6,600,3,0.05,1,2,"{'bagging_temperature': 0.5, 'depth': 6, 'iterations': 600, 'l2_leaf_reg': 3, 'learning_rate': 0.05, 'random_strength': 1, 'scale_pos_weight': 2}",0.9600367478180983,0.9637115296279283,0.9730232558139537,0.9655905110866602,0.005465667142767783,231
98,11.345143556594849,0.09825875191269294,0.05563728014628092,0.006887982144454968,0.5,6,600,3,0.05,1,3,"{'bagging_temperature': 0.5, 'depth': 6, 'iterations': 600, 'l2_leaf_reg': 3, 'learning_rate': 0.05, 'random_strength': 1, 'scale_pos_weight': 3}",0.9552919708029197,0.959780621572212,0.9685476410730806,0.9612067444827375,0.005504759667460551,319
99,11.192505836486816,0.026909760579661254,0.048039913177490234,0.005013425868863198,0.5,6,600,3,0.05,2,1,"{'bagging_temperature': 0.5, 'depth': 6, 'iterations': 600, 'l2_leaf_reg': 3, 'learning_rate': 0.05, 'random_strength': 2, 'scale_pos_weight': 1}",0.9664804469273743,0.9702602230483272,0.9760675739089629,0.9709360812948882,0.003942997101813066,89
100,10.993720213572184,0.04656860535801229,0.049305359522501625,0.0037503489566734697,0.5,6,600,3,0.05,2,2,"{'bagging_temperature': 0.5, 'depth': 6, 'iterations': 600, 'l2_leaf_reg': 3, 'learning_rate': 0.05, 'random_strength': 2, 'scale_pos_weight': 2}",0.9595216191352346,0.9645977011494252,0.9716147045137273,0.9652446749327958,0.004958132027296522,245
101,11.019070386886597,0.024780909110528198,0.04697171847025553,0.0021311206772940522,0.5,6,600,3,0.05,2,3,"{'bagging_temperature': 0.5, 'depth': 6, 'iterations': 600, 'l2_leaf_reg': 3, 'learning_rate': 0.05, 'random_strength': 2, 'scale_pos_weight': 3}",0.9538602101416171,0.9611339734796525,0.969893469198703,0.9616292176066575,0.006554911596500556,309
102,11.038790067036947,0.08001557136254465,0.053997198740641274,0.0016828393598366926,0.5,6,600,3,0.1,1,1,"{'bagging_temperature': 0.5, 'depth': 6, 'iterations': 600, 'l2_leaf_reg': 3, 'learning_rate': 0.1, 'random_strength': 1, 'scale_pos_weight': 1}",0.9672591206735268,0.9743828598043782,0.9793038570084667,0.9736486124954572,0.004944576670626001,7
103,11.012303113937378,0.033705129412663244,0.04903006553649902,0.0029527873790221163,0.5,6,600,3,0.1,1,2,"{'bagging_temperature': 0.5, 'depth': 6, 'iterations': 600, 'l2_leaf_reg': 3, 'learning_rate': 0.1, 'random_strength': 1, 'scale_pos_weight': 2}",0.965293845441925,0.9716937354988399,0.9766136576239476,0.9712004128549041,0.004634440806421104,79
104,10.709667444229126,0.14169906864004647,0.05429879824320475,0.0012891946304353567,0.5,6,600,3,0.1,1,3,"{'bagging_temperature': 0.5, 'depth': 6, 'iterations': 600, 'l2_leaf_reg': 3, 'learning_rate': 0.1, 'random_strength': 1, 'scale_pos_weight': 3}",0.9618039576622182,0.9638112688960147,0.9744304974430498,0.9666819080004275,0.00554002426950575,203
105,10.96633791923523,0.0447253150770279,0.05466874440511068,0.0036369055803109535,0.5,6,600,3,0.1,2,1,"{'bagging_temperature': 0.5, 'depth': 6, 'iterations': 600, 'l2_leaf_reg': 3, 'learning_rate': 0.1, 'random_strength': 2, 'scale_pos_weight': 1}",0.9659037832788416,0.9737827715355805,0.9783631232361242,0.9726832260168488,0.005145583109399528,31
106,10.911214272181192,0.03378206016359241,0.05366873741149902,0.00944953982307954,0.5,6,600,3,0.1,2,2,"{'bagging_temperature': 0.5, 'depth': 6, 'iterations': 600, 'l2_leaf_reg': 3, 'learning_rate': 0.1, 'random_strength': 2, 'scale_pos_weight': 2}",0.9657089898053753,0.9717461787864752,0.9766136576239476,0.9713562754052661,0.004460341058959507,73
107,10.980664809544882,0.06178495163360773,0.055383920669555664,0.007815887351697135,0.5,6,600,3,0.1,2,3,"{'bagging_temperature': 0.5, 'depth': 6, 'iterations': 600, 'l2_leaf_reg': 3, 'learning_rate': 0.1, 'random_strength': 2, 'scale_pos_weight': 3}",0.9661880500231589,0.9664058904739989,0.9739292364990689,0.9688410589987422,0.0035989837752369793,147
108,11.058065096537272,0.03843675262846351,0.042627414067586265,0.009651146545036649,0.5,6,600,7,0.05,1,1,"{'bagging_temperature': 0.5, 'depth': 6, 'iterations': 600, 'l2_leaf_reg': 7, 'learning_rate': 0.05, 'random_strength': 1, 'scale_pos_weight': 1}",0.9646511627906977,0.9684014869888476,0.9732519943688409,0.9687682147161287,0.0035208372942018384,149
109,10.896968603134155,0.11858284177075207,0.05436476071675619,0.007897698465146725,0.5,6,600,7,0.05,1,2,"{'bagging_temperature': 0.5, 'depth': 6, 'iterations': 600, 'l2_leaf_reg': 7, 'learning_rate': 0.05, 'random_strength': 1, 'scale_pos_weight': 2}",0.956043956043956,0.9624542124542125,0.9698095680445888,0.9627692455142524,0.005624200850472328,293
110,10.754271745681763,0.02905244857169648,0.056302547454833984,0.01037458339849018,0.5,6,600,7,0.05,1,3,"{'bagging_temperature': 0.5, 'depth': 6, 'iterations': 600, 'l2_leaf_reg': 7, 'learning_rate': 0.05, 'random_strength': 1, 'scale_pos_weight': 3}",0.9509981851179673,0.95985401459854,0.9681293302540415,0.9596605099901829,0.0069950990673661876,345
111,11.01566473642985,0.061915869445967414,0.056696414947509766,0.009433543114312064,0.5,6,600,7,0.05,2,1,"{'bagging_temperature': 0.5, 'depth': 6, 'iterations': 600, 'l2_leaf_reg': 7, 'learning_rate': 0.05, 'random_strength': 2, 'scale_pos_weight': 1}",0.9632728963272896,0.9684601113172541,0.9723394280356306,0.9680241452267246,0.0037142113679448775,171
112,10.758653402328491,0.049273274968667326,0.04999240239461263,0.0024919613930114,0.5,6,600,7,0.05,2,2,"{'bagging_temperature': 0.5, 'depth': 6, 'iterations': 600, 'l2_leaf_reg': 7, 'learning_rate': 0.05, 'random_strength': 2, 'scale_pos_weight': 2}",0.9552102376599634,0.9615384615384616,0.9711895910780668,0.9626460967588306,0.006570391959450353,295
113,10.837587118148804,0.10290438977153642,0.06728450457255046,0.007383595969390517,0.5,6,600,7,0.05,2,3,"{'bagging_temperature': 0.5, 'depth': 6, 'iterations': 600, 'l2_leaf_reg': 7, 'learning_rate': 0.05, 'random_strength': 2, 'scale_pos_weight': 3}",0.9509536784741145,0.95897903372835,0.9644997694790226,0.9581441605604958,0.005561588818740885,373
114,11.02067518234253,0.022096211473002076,0.058363119761149086,0.00869205445270476,0.5,6,600,7,0.1,1,1,"{'bagging_temperature': 0.5, 'depth': 6, 'iterations': 600, 'l2_leaf_reg': 7, 'learning_rate': 0.1, 'random_strength': 1, 'scale_pos_weight': 1}",0.9672897196261683,0.9701492537313432,0.9783427495291902,0.9719272409622338,0.004684249954488053,55
115,10.92893115679423,0.09406548932589422,0.0556640625,0.005446939546368775,0.5,6,600,7,0.1,1,2,"{'bagging_temperature': 0.5, 'depth': 6, 'iterations': 600, 'l2_leaf_reg': 7, 'learning_rate': 0.1, 'random_strength': 1, 'scale_pos_weight': 2}",0.9607752653437932,0.9667896678966789,0.9752452125175152,0.967603381919329,0.005935286608388246,181
116,10.864358822504679,0.046404214367143974,0.05964271227518717,0.004161856780897936,0.5,6,600,7,0.1,1,3,"{'bagging_temperature': 0.5, 'depth': 6, 'iterations': 600, 'l2_leaf_reg': 7, 'learning_rate': 0.1, 'random_strength': 1, 'scale_pos_weight': 3}",0.9559228650137742,0.9589416058394161,0.9703429101019462,0.9617357936517122,0.006209671984574597,307
117,11.082002798716227,0.17889832578459494,0.04502058029174805,0.007089877338086196,0.5,6,600,7,0.1,2,1,"{'bagging_temperature': 0.5, 'depth': 6, 'iterations': 600, 'l2_leaf_reg': 7, 'learning_rate': 0.1, 'random_strength': 2, 'scale_pos_weight': 1}",0.965452847805789,0.972998137802607,0.9769194536033915,0.9717901464039292,0.004758514792373952,63
118,10.905035098393759,0.0384424555288308,0.04603044191996256,0.0078100753870562105,0.5,6,600,7,0.1,2,2,"{'bagging_temperature': 0.5, 'depth': 6, 'iterations': 600, 'l2_leaf_reg': 7, 'learning_rate': 0.1, 'random_strength': 2, 'scale_pos_weight': 2}",0.9599263012436665,0.9672660212079299,0.9743110695936479,0.9671677973484147,0.005872967794087868,189
119,10.72498337427775,0.09767452061322243,0.05335664749145508,0.004650589825657168,0.5,6,600,7,0.1,2,3,"{'bagging_temperature': 0.5, 'depth': 6, 'iterations': 600, 'l2_leaf_reg': 7, 'learning_rate': 0.1, 'random_strength': 2, 'scale_pos_weight': 3}",0.9532030895047705,0.9647274393037105,0.9730983302411875,0.9636762863498896,0.008156136458284717,269
120,16.691001971562702,0.033605214128307005,0.04570666948954264,0.006165162412633106,0.5,6,900,3,0.05,1,1,"{'bagging_temperature': 0.5, 'depth': 6, 'iterations': 900, 'l2_leaf_reg': 3, 'learning_rate': 0.05, 'random_strength': 1, 'scale_pos_weight': 1}",0.9677117454375292,0.9729477611940298,0.9783631232361242,0.9730075432892278,0.004348612244251411,23
121,16.469985246658325,0.02869104836578687,0.05935509999593099,0.006248706089518122,0.5,6,900,3,0.05,1,2,"{'bagging_temperature': 0.5, 'depth': 6, 'iterations': 900, 'l2_leaf_reg': 3, 'learning_rate': 0.05, 'random_strength': 1, 'scale_pos_weight': 2}",0.9648798521256932,0.9686057248384119,0.9748134328358209,0.969433003266642,0.004097340489432674,123
122,16.404685020446777,0.04345289004893933,0.05700357755025228,0.007068429923573235,0.5,6,900,3,0.05,1,3,"{'bagging_temperature': 0.5, 'depth': 6, 'iterations': 900, 'l2_leaf_reg': 3, 'learning_rate': 0.05, 'random_strength': 1, 'scale_pos_weight': 3}",0.9605504587155964,0.9628610729023384,0.969893469198703,0.9644350002722125,0.0039733190782257725,257
123,16.559643268585205,0.08778624043823718,0.06000955899556478,0.0021029133666357275,0.5,6,900,3,0.05,2,1,"{'bagging_temperature': 0.5, 'depth': 6, 'iterations': 900, 'l2_leaf_reg': 3, 'learning_rate': 0.05, 'random_strength': 2, 'scale_pos_weight': 1}",0.9674115456238361,0.9747899159663864,0.9783631232361242,0.9735215282754489,0.0045600342506303985,11
124,16.41870888074239,0.044485455985275195,0.04869508743286133,0.00969215990487713,0.5,6,900,3,0.05,2,2,"{'bagging_temperature': 0.5, 'depth': 6, 'iterations': 900, 'l2_leaf_reg': 3, 'learning_rate': 0.05, 'random_strength': 2, 'scale_pos_weight': 2}",0.9634766527970412,0.9668202764976959,0.9747899159663865,0.9683622817537079,0.004745581526844586,163
125,16.15102990468343,0.24404226187583264,0.059320688247680664,0.004562968734104327,0.5,6,900,3,0.05,2,3,"{'bagging_temperature': 0.5, 'depth': 6, 'iterations': 900, 'l2_leaf_reg': 3, 'learning_rate': 0.05, 'random_strength': 2, 'scale_pos_weight': 3}",0.9599631845375058,0.9646302250803858,0.9721448467966574,0.9655794188048498,0.0050182301258465175,235
126,16.302608807881672,0.07476566812278315,0.05799285570780436,0.004232865540528852,0.5,6,900,3,0.1,1,1,"{'bagging_temperature': 0.5, 'depth': 6, 'iterations': 900, 'l2_leaf_reg': 3, 'learning_rate': 0.1, 'random_strength': 1, 'scale_pos_weight': 1}",0.9686182669789227,0.9734265734265733,0.9797456429580782,0.9739301611211914,0.004556667237502985,3
127,15.783632834752401,0.07033664356823681,0.06200432777404785,0.011227796013640472,0.5,6,900,3,0.1,1,2,"{'bagging_temperature': 0.5, 'depth': 6, 'iterations': 900, 'l2_leaf_reg': 3, 'learning_rate': 0.1, 'random_strength': 1, 'scale_pos_weight': 2}",0.9656133828996283,0.9707656612529002,0.9760900140646975,0.970823019405742,0.00427725906085491,91
128,15.676323731740316,0.16939959475314356,0.05501254399617513,0.0024314193786878443,0.5,6,900,3,0.1,1,3,"{'bagging_temperature': 0.5, 'depth': 6, 'iterations': 900, 'l2_leaf_reg': 3, 'learning_rate': 0.1, 'random_strength': 1, 'scale_pos_weight': 3}",0.9621421975992612,0.9637780834479597,0.9738805970149255,0.9666002926873821,0.005191091982343579,205
129,16.02297004063924,0.0796410338766777,0.05706413586934408,0.004947163349444098,0.5,6,900,3,0.1,2,1,"{'bagging_temperature': 0.5, 'depth': 6, 'iterations': 900, 'l2_leaf_reg': 3, 'learning_rate': 0.1, 'random_strength': 2, 'scale_pos_weight': 1}",0.96671354899203,0.9742870500233753,0.9802259887005649,0.9737421959053233,0.005529867763739395,5
130,15.93303140004476,0.3017143868980985,0.057703495025634766,0.001684168738180014,0.5,6,900,3,0.1,2,2,"{'bagging_temperature': 0.5, 'depth': 6, 'iterations': 900, 'l2_leaf_reg': 3, 'learning_rate': 0.1, 'random_strength': 2, 'scale_pos_weight': 2}",0.9671144048170449,0.9717461787864752,0.9812382739212007,0.9733662858415736,0.005878745884983523,19
131,15.591341813405355,0.17624800679091399,0.05428322156270345,0.0076118571917207795,0.5,6,900,3,0.1,2,3,"{'bagging_temperature': 0.5, 'depth': 6, 'iterations': 900, 'l2_leaf_reg': 3, 'learning_rate': 0.1, 'random_strength': 2, 'scale_pos_weight': 3}",0.9684308263695451,0.9681881051175657,0.9739292364990689,0.9701827226620598,0.0026510378910551964,103
132,16.1230050722758,0.16132567970574715,0.06498940785725911,0.00856396990504773,0.5,6,900,7,0.05,1,1,"{'bagging_temperature': 0.5, 'depth': 6, 'iterations': 900, 'l2_leaf_reg': 7, 'learning_rate': 0.05, 'random_strength': 1, 'scale_pos_weight': 1}",0.965935604293047,0.9697533736621684,0.9765037593984963,0.9707309124512372,0.00436945169300902,95
133,16.082694848378498,0.1028345156071962,0.05134042104085287,0.011075846161720705,0.5,6,900,7,0.05,1,2,"{'bagging_temperature': 0.5, 'depth': 6, 'iterations': 900, 'l2_leaf_reg': 7, 'learning_rate': 0.05, 'random_strength': 1, 'scale_pos_weight': 2}",0.9617687701520037,0.9646626893070215,0.9716147045137273,0.9660153879909176,0.004131823742683381,221
134,16.042328278223675,0.12087526298708197,0.05524214108784994,0.003714869508129602,0.5,6,900,7,0.05,1,3,"{'bagging_temperature': 0.5, 'depth': 6, 'iterations': 900, 'l2_leaf_reg': 7, 'learning_rate': 0.05, 'random_strength': 1, 'scale_pos_weight': 3}",0.9552919708029197,0.9598173515981735,0.9694727104532841,0.9615273442847924,0.005914186362697282,313
135,16.1240873336792,0.095355867888997,0.062369743982950844,0.003868316567204951,0.5,6,900,7,0.05,2,1,"{'bagging_temperature': 0.5, 'depth': 6, 'iterations': 900, 'l2_leaf_reg': 7, 'learning_rate': 0.05, 'random_strength': 2, 'scale_pos_weight': 1}",0.9682835820895522,0.9707385044124478,0.975586854460094,0.9715363136540313,0.003034449045988046,69
136,16.627326647440594,0.13194050611686253,0.05643328030904134,0.0016983381319530565,0.5,6,900,7,0.05,2,2,"{'bagging_temperature': 0.5, 'depth': 6, 'iterations': 900, 'l2_leaf_reg': 7, 'learning_rate': 0.05, 'random_strength': 2, 'scale_pos_weight': 2}",0.9613615455381785,0.9659613615455382,0.972972972972973,0.9667652933522298,0.004774309131922122,201
137,16.43338425954183,0.0943655820354213,0.05298153559366862,0.009661213776438745,0.5,6,900,7,0.05,2,3,"{'bagging_temperature': 0.5, 'depth': 6, 'iterations': 900, 'l2_leaf_reg': 7, 'learning_rate': 0.05, 'random_strength': 2, 'scale_pos_weight': 3}",0.9522075557578517,0.960292104062072,0.9698655540101994,0.960788404610041,0.007217384625352613,325
138,16.402400255203247,0.2572331562606062,0.0540017286936442,0.0035618307535964892,0.5,6,900,7,0.1,1,1,"{'bagging_temperature': 0.5, 'depth': 6, 'iterations': 900, 'l2_leaf_reg': 7, 'learning_rate': 0.1, 'random_strength': 1, 'scale_pos_weight': 1}",0.9672897196261683,0.9706019598693421,0.9778615167216204,0.9719177320723769,0.004415062538217826,57
139,16.309123198191326,0.12240756453164428,0.06730190912882487,0.00445846470195628,0.5,6,900,7,0.1,1,2,"{'bagging_temperature': 0.5, 'depth': 6, 'iterations': 900, 'l2_leaf_reg': 7, 'learning_rate': 0.1, 'random_strength': 1, 'scale_pos_weight': 2}",0.9621421975992612,0.969472710453284,0.9770276605719643,0.9695475228748366,0.006077195057576188,119
140,16.2033208211263,0.05230778016883933,0.05466413497924805,0.000943184943563399,0.5,6,900,7,0.1,1,3,"{'bagging_temperature': 0.5, 'depth': 6, 'iterations': 900, 'l2_leaf_reg': 7, 'learning_rate': 0.1, 'random_strength': 1, 'scale_pos_weight': 3}",0.9591180523656408,0.9637448370812298,0.9726725335803612,0.9651784743424106,0.005625683786440914,247
141,16.714654684066772,0.22473549982475535,0.06637152036031087,0.007081366062659121,0.5,6,900,7,0.1,2,1,"{'bagging_temperature': 0.5, 'depth': 6, 'iterations': 900, 'l2_leaf_reg': 7, 'learning_rate': 0.1, 'random_strength': 2, 'scale_pos_weight': 1}",0.967741935483871,0.9720410065237651,0.9778615167216204,0.9725481529097522,0.004146836480938775,39
142,16.93099919954936,0.22132482506469597,0.06963006655375163,0.0008837994676044816,0.5,6,900,7,0.1,2,2,"{'bagging_temperature': 0.5, 'depth': 6, 'iterations': 900, 'l2_leaf_reg': 7, 'learning_rate': 0.1, 'random_strength': 2, 'scale_pos_weight': 2}",0.9644341801385681,0.9677121771217712,0.9775070290534208,0.9698844621045867,0.00555361511225291,111
143,16.592368920644123,0.2276422411652405,0.061999877293904625,0.011341974999462684,0.5,6,900,7,0.1,2,3,"{'bagging_temperature': 0.5, 'depth': 6, 'iterations': 900, 'l2_leaf_reg': 7, 'learning_rate': 0.1, 'random_strength': 2, 'scale_pos_weight': 3}",0.9522510231923601,0.9651695692025664,0.9735498839907192,0.9636568254618818,0.00876077101042689,271
144,10.9802618821462,0.031372712680132954,0.04936623573303223,0.009841012689662467,0.5,8,300,3,0.05,1,1,"{'bagging_temperature': 0.5, 'depth': 8, 'iterations': 300, 'l2_leaf_reg': 3, 'learning_rate': 0.05, 'random_strength': 1, 'scale_pos_weight': 1}",0.9641360037261295,0.9680111265646731,0.9699812382739211,0.9673761228549079,0.0024281836851490278,185
145,11.050365130106607,0.037967339956663466,0.04666694005330404,0.0009462320758338562,0.5,8,300,3,0.05,1,2,"{'bagging_temperature': 0.5, 'depth': 8, 'iterations': 300, 'l2_leaf_reg': 3, 'learning_rate': 0.05, 'random_strength': 1, 'scale_pos_weight': 2}",0.9578368469294225,0.9633699633699634,0.9734760353652863,0.964894281888224,0.006475014231230074,249
146,11.279137214024862,0.2933428690647761,0.061102708180745445,0.0035509079876338834,0.5,8,300,3,0.05,1,3,"{'bagging_temperature': 0.5, 'depth': 8, 'iterations': 300, 'l2_leaf_reg': 3, 'learning_rate': 0.05, 'random_strength': 1, 'scale_pos_weight': 3}",0.9509981851179673,0.95985401459854,0.9690531177829099,0.9599684391664725,0.007371339458570286,339
147,11.388721466064453,0.17994455489899097,0.05367366472880045,0.006124249848228928,0.5,8,300,3,0.05,2,1,"{'bagging_temperature': 0.5, 'depth': 8, 'iterations': 300, 'l2_leaf_reg': 3, 'learning_rate': 0.05, 'random_strength': 2, 'scale_pos_weight': 1}",0.9632728963272896,0.9685185185185186,0.9708920187793427,0.967561144541717,0.003183308596773443,183
148,11.588194370269775,0.10280527179288317,0.05033063888549805,0.009568388179129738,0.5,8,300,3,0.05,2,2,"{'bagging_temperature': 0.5, 'depth': 8, 'iterations': 300, 'l2_leaf_reg': 3, 'learning_rate': 0.05, 'random_strength': 2, 'scale_pos_weight': 2}",0.9584285061671997,0.9628610729023384,0.9712962962962964,0.9641952917886115,0.005337297114269609,261
149,11.495348374048868,0.043973760084878764,0.04936027526855469,0.003278709432207066,0.5,8,300,3,0.05,2,3,"{'bagging_temperature': 0.5, 'depth': 8, 'iterations': 300, 'l2_leaf_reg': 3, 'learning_rate': 0.05, 'random_strength': 2, 'scale_pos_weight': 3}",0.9510869565217391,0.9572727272727273,0.9677716390423572,0.9587104409456079,0.006886940450705488,361
150,11.90835189819336,0.11964570170027755,0.04867060979207357,0.0025730470794440275,0.5,8,300,3,0.1,1,1,"{'bagging_temperature': 0.5, 'depth': 8, 'iterations': 300, 'l2_leaf_reg': 3, 'learning_rate': 0.1, 'random_strength': 1, 'scale_pos_weight': 1}",0.9668069191210846,0.9725453699395068,0.9764816556914393,0.9719446482506768,0.003972470418351154,53
151,11.844356854756674,0.07326035585302325,0.05436412493387858,0.005032403395762897,0.5,8,300,3,0.1,1,2,"{'bagging_temperature': 0.5, 'depth': 8, 'iterations': 300, 'l2_leaf_reg': 3, 'learning_rate': 0.1, 'random_strength': 1, 'scale_pos_weight': 2}",0.9635103926096998,0.9685476410730806,0.9747663551401868,0.968941462940989,0.004603657594396295,143
152,12.134783109029135,0.005534199723347251,0.05012218157450358,0.00631113372523644,0.5,8,300,3,0.1,1,3,"{'bagging_temperature': 0.5, 'depth': 8, 'iterations': 300, 'l2_leaf_reg': 3, 'learning_rate': 0.1, 'random_strength': 1, 'scale_pos_weight': 3}",0.96,0.961978928080623,0.9748369058713887,0.9656052779840039,0.006577550414119499,227
153,11.997619469960531,0.03898846059707257,0.05275861422220866,0.006204021284660194,0.5,8,300,3,0.1,2,1,"{'bagging_temperature': 0.5, 'depth': 8, 'iterations': 300, 'l2_leaf_reg': 3, 'learning_rate': 0.1, 'random_strength': 2, 'scale_pos_weight': 1}",0.9664179104477613,0.9715882626921286,0.9779031499764927,0.9719697743721275,0.004696583519223717,51
154,12.030982971191406,0.08244200103568881,0.048374017079671226,0.0005217223698519037,0.5,8,300,3,0.1,2,2,"{'bagging_temperature': 0.5, 'depth': 8, 'iterations': 300, 'l2_leaf_reg': 3, 'learning_rate': 0.1, 'random_strength': 2, 'scale_pos_weight': 2}",0.968995835261453,0.9667590027700831,0.9743110695936479,0.9700219692083948,0.003167348153129208,109
155,11.89114268620809,0.05486380345208298,0.04570142428080241,0.0028878174686876373,0.5,8,300,3,0.1,2,3,"{'bagging_temperature': 0.5, 'depth': 8, 'iterations': 300, 'l2_leaf_reg': 3, 'learning_rate': 0.1, 'random_strength': 2, 'scale_pos_weight': 3}",0.9609195402298851,0.9659926470588235,0.9749070631970261,0.967273083495245,0.005781714727763787,187
156,11.96206227938334,0.0955809447557562,0.05934492746988932,0.005348388891950446,0.5,8,300,7,0.05,1,1,"{'bagging_temperature': 0.5, 'depth': 8, 'iterations': 300, 'l2_leaf_reg': 7, 'learning_rate': 0.05, 'random_strength': 1, 'scale_pos_weight': 1}",0.9655813953488371,0.96708391284191,0.9714285714285715,0.9680312932064395,0.002479316329579139,169
157,12.02511445681254,0.057112278187296195,0.05001966158548991,0.0014332783528807236,0.5,8,300,7,0.05,1,2,"{'bagging_temperature': 0.5, 'depth': 8, 'iterations': 300, 'l2_leaf_reg': 7, 'learning_rate': 0.05, 'random_strength': 1, 'scale_pos_weight': 2}",0.9517743403093722,0.959780621572212,0.968967114404817,0.9601740254288004,0.0070244309482468785,335
158,11.877089977264404,0.13343096233009946,0.05133446057637533,0.008655575854097132,0.5,8,300,7,0.05,1,3,"{'bagging_temperature': 0.5, 'depth': 8, 'iterations': 300, 'l2_leaf_reg': 7, 'learning_rate': 0.05, 'random_strength': 1, 'scale_pos_weight': 3}",0.9502262443438914,0.9559691330004539,0.96688132474701,0.9576922340304518,0.0069077122927093506,377
159,11.752334515253702,0.11002951964957065,0.04668688774108887,0.011057835528594706,0.5,8,300,7,0.05,2,1,"{'bagging_temperature': 0.5, 'depth': 8, 'iterations': 300, 'l2_leaf_reg': 7, 'learning_rate': 0.05, 'random_strength': 2, 'scale_pos_weight': 1}",0.962308050255933,0.9662505779010633,0.9704918032786887,0.9663501438118951,0.003341744894743399,211
160,11.628192663192749,0.1908812956880184,0.051665306091308594,0.004923592488802774,0.5,8,300,7,0.05,2,2,"{'bagging_temperature': 0.5, 'depth': 8, 'iterations': 300, 'l2_leaf_reg': 7, 'learning_rate': 0.05, 'random_strength': 2, 'scale_pos_weight': 2}",0.9518619436875567,0.9593792788680968,0.9703977798334876,0.9605463341297137,0.00761208770727849,329
161,11.718408187230429,0.06344219991584794,0.04864970842997233,0.0032428701576835924,0.5,8,300,7,0.05,2,3,"{'bagging_temperature': 0.5, 'depth': 8, 'iterations': 300, 'l2_leaf_reg': 7, 'learning_rate': 0.05, 'random_strength': 2, 'scale_pos_weight': 3}",0.9497964721845319,0.9555757026291931,0.9642529789184234,0.9565417179107162,0.005941242063175279,393
162,12.160303274790445,0.12042694218274662,0.051339944203694664,0.005425520659782417,0.5,8,300,7,0.1,1,1,"{'bagging_temperature': 0.5, 'depth': 8, 'iterations': 300, 'l2_leaf_reg': 7, 'learning_rate': 0.1, 'random_strength': 1, 'scale_pos_weight': 1}",0.965935604293047,0.966604823747681,0.9727443609022556,0.9684282629809946,0.0030641463867392277,157
163,12.12670350074768,0.01384532607728113,0.0502932071685791,0.003135695080608255,0.5,8,300,7,0.1,1,2,"{'bagging_temperature': 0.5, 'depth': 8, 'iterations': 300, 'l2_leaf_reg': 7, 'learning_rate': 0.1, 'random_strength': 1, 'scale_pos_weight': 2}",0.9640221402214023,0.9621771217712177,0.9724941724941725,0.9662311448289308,0.004492227355634541,215
164,11.945626497268677,0.03337447451616905,0.045029401779174805,0.00493438540488958,0.5,8,300,7,0.1,1,3,"{'bagging_temperature': 0.5, 'depth': 8, 'iterations': 300, 'l2_leaf_reg': 7, 'learning_rate': 0.1, 'random_strength': 1, 'scale_pos_weight': 3}",0.9573590096286108,0.9594163246694025,0.9716937354988399,0.9628230232656176,0.0063285220990762555,289
165,12.052246809005737,0.1485867432859761,0.04472557703653971,0.004144162737738135,0.5,8,300,7,0.1,2,1,"{'bagging_temperature': 0.5, 'depth': 8, 'iterations': 300, 'l2_leaf_reg': 7, 'learning_rate': 0.1, 'random_strength': 2, 'scale_pos_weight': 1}",0.9644527595884004,0.966604823747681,0.975129047395589,0.9687288769105568,0.004610096290716957,153
166,12.125834385553995,0.20460133390350155,0.05432264010111491,0.003964048862615583,0.5,8,300,7,0.1,2,2,"{'bagging_temperature': 0.5, 'depth': 8, 'iterations': 300, 'l2_leaf_reg': 7, 'learning_rate': 0.1, 'random_strength': 2, 'scale_pos_weight': 2}",0.96398891966759,0.9626900046061723,0.9743828598043783,0.9670205946927135,0.005232845355063971,197
167,12.017720301946005,0.11420929988158318,0.04533505439758301,0.004778754600512497,0.5,8,300,7,0.1,2,3,"{'bagging_temperature': 0.5, 'depth': 8, 'iterations': 300, 'l2_leaf_reg': 7, 'learning_rate': 0.1, 'random_strength': 2, 'scale_pos_weight': 3}",0.9548151528982199,0.964154411764706,0.9721448467966574,0.9637048038198611,0.007081957503940816,267
168,24.076790650685627,0.08587589491046678,0.057666619618733726,0.002861619876031207,0.5,8,600,3,0.05,1,1,"{'bagging_temperature': 0.5, 'depth': 8, 'iterations': 600, 'l2_leaf_reg': 3, 'learning_rate': 0.05, 'random_strength': 1, 'scale_pos_weight': 1}",0.967381174277726,0.9715617715617717,0.9764595103578155,0.9718008187324377,0.0037100677584213627,61
169,23.85001540184021,0.08182708835324728,0.056065877278645836,0.009377129989648517,0.5,8,600,3,0.05,1,2,"{'bagging_temperature': 0.5, 'depth': 8, 'iterations': 600, 'l2_leaf_reg': 3, 'learning_rate': 0.05, 'random_strength': 1, 'scale_pos_weight': 2}",0.963922294172063,0.9690531177829099,0.9785247432306255,0.9705000517285328,0.006048586226506463,97
170,23.88638933499654,0.01535123801943593,0.06902416547139485,0.0032285098639345776,0.5,8,600,3,0.05,1,3,"{'bagging_temperature': 0.5, 'depth': 8, 'iterations': 600, 'l2_leaf_reg': 3, 'learning_rate': 0.05, 'random_strength': 1, 'scale_pos_weight': 3}",0.9577981651376148,0.9633027522935781,0.9748603351955307,0.9653204175422413,0.007110210571802471,243
171,23.704421440760296,0.1469396333124999,0.06833291053771973,0.008290950223961688,0.5,8,600,3,0.05,2,1,"{'bagging_temperature': 0.5, 'depth': 8, 'iterations': 600, 'l2_leaf_reg': 3, 'learning_rate': 0.05, 'random_strength': 2, 'scale_pos_weight': 1}",0.9687354176388241,0.9725708972570897,0.9765258215962441,0.9726107121640526,0.003180543703526048,33
172,23.623376448949177,0.14295489308720813,0.06667351722717285,0.010695007872886566,0.5,8,600,3,0.05,2,2,"{'bagging_temperature': 0.5, 'depth': 8, 'iterations': 600, 'l2_leaf_reg': 3, 'learning_rate': 0.05, 'random_strength': 2, 'scale_pos_weight': 2}",0.9676225716928769,0.9663128749423167,0.975268315445637,0.9697345873602768,0.003949298358496488,113
173,23.909005165100098,0.05270716337096115,0.06099510192871094,0.01575804678369829,0.5,8,600,3,0.05,2,3,"{'bagging_temperature': 0.5, 'depth': 8, 'iterations': 600, 'l2_leaf_reg': 3, 'learning_rate': 0.05, 'random_strength': 2, 'scale_pos_weight': 3}",0.9632690541781451,0.9641873278236914,0.9739776951672863,0.9671446923897076,0.004846184192456612,191
174,24.519124348958332,0.20866374685854977,0.07300376892089844,0.007466842378583831,0.5,8,600,3,0.1,1,1,"{'bagging_temperature': 0.5, 'depth': 8, 'iterations': 600, 'l2_leaf_reg': 3, 'learning_rate': 0.1, 'random_strength': 1, 'scale_pos_weight': 1}",0.9681647940074908,0.974335044330378,0.9778823529411764,0.9734607304263484,0.004015059693163396,15
175,24.50488797823588,0.13105202028722843,0.07499233881632487,0.016922400862926665,0.5,8,600,3,0.1,1,2,"{'bagging_temperature': 0.5, 'depth': 8, 'iterations': 600, 'l2_leaf_reg': 3, 'learning_rate': 0.1, 'random_strength': 1, 'scale_pos_weight': 2}",0.9679516953088714,0.9707927677329624,0.974671669793621,0.9711387109451516,0.00275430230711472,83
176,24.62214461962382,0.23762544256326065,0.05135846138000488,0.02812174186142571,0.5,8,600,3,0.1,1,3,"{'bagging_temperature': 0.5, 'depth': 8, 'iterations': 600, 'l2_leaf_reg': 3, 'learning_rate': 0.1, 'random_strength': 1, 'scale_pos_weight': 3}",0.9635103926096998,0.9681881051175657,0.9766355140186915,0.9694446705819857,0.005431477427917919,121
177,24.811188459396362,0.3763800146672263,0.04868396123250326,0.02711897436016104,0.5,8,600,3,0.1,2,1,"{'bagging_temperature': 0.5, 'depth': 8, 'iterations': 600, 'l2_leaf_reg': 3, 'learning_rate': 0.1, 'random_strength': 2, 'scale_pos_weight': 1}",0.9671669793621014,0.9728971962616824,0.9806877060763071,0.9735839605666969,0.0055411338567745855,9
178,25.00359853108724,0.3645221648962929,0.0623009999593099,0.004946777017930026,0.5,8,600,3,0.1,2,2,"{'bagging_temperature': 0.5, 'depth': 8, 'iterations': 600, 'l2_leaf_reg': 3, 'learning_rate': 0.1, 'random_strength': 2, 'scale_pos_weight': 2}",0.9698375870069605,0.9685185185185186,0.9779653070792312,0.9721071375349034,0.00417720785747828,43
179,25.32248552640279,0.09144285900876303,0.07134127616882324,0.007703650741358401,0.5,8,600,3,0.1,2,3,"{'bagging_temperature': 0.5, 'depth': 8, 'iterations': 600, 'l2_leaf_reg': 3, 'learning_rate': 0.1, 'random_strength': 2, 'scale_pos_weight': 3}",0.963544070143055,0.9663749424228466,0.9752452125175152,0.9683880750278057,0.004984556842937235,161
180,25.57179578145345,0.24025977189251607,0.06666286786397298,0.009730783451654328,0.5,8,600,7,0.05,1,1,"{'bagging_temperature': 0.5, 'depth': 8, 'iterations': 600, 'l2_leaf_reg': 7, 'learning_rate': 0.05, 'random_strength': 1, 'scale_pos_weight': 1}",0.9677720691265764,0.9675625579240037,0.9751056834194458,0.9701467701566754,0.0035075242262657515,105
181,25.96535849571228,0.41624618683855347,0.09534247716267903,0.02656507743014074,0.5,8,600,7,0.05,1,2,"{'bagging_temperature': 0.5, 'depth': 8, 'iterations': 600, 'l2_leaf_reg': 7, 'learning_rate': 0.05, 'random_strength': 1, 'scale_pos_weight': 2}",0.9658356417359187,0.9654855039116428,0.9729981378026071,0.968106427816723,0.0034619136387742666,167
182,26.219101111094158,0.17113862374127156,0.09269030888875325,0.015296701094600795,0.5,8,600,7,0.05,1,3,"{'bagging_temperature': 0.5, 'depth': 8, 'iterations': 600, 'l2_leaf_reg': 7, 'learning_rate': 0.05, 'random_strength': 1, 'scale_pos_weight': 3}",0.9531178880291307,0.9611694837825491,0.9717199814557255,0.9620024510891351,0.007617079311797544,303
183,26.543148279190063,0.02088224362268429,0.06366316477457683,0.009461468828501502,0.5,8,600,7,0.05,2,1,"{'bagging_temperature': 0.5, 'depth': 8, 'iterations': 600, 'l2_leaf_reg': 7, 'learning_rate': 0.05, 'random_strength': 2, 'scale_pos_weight': 1}",0.9659037832788416,0.9702602230483272,0.9769628584861307,0.9710422882710997,0.0045485899367915476,85
184,26.055172840754192,0.1312544095531986,0.06763052940368652,0.01140416287161143,0.5,8,600,7,0.05,2,2,"{'bagging_temperature': 0.5, 'depth': 8, 'iterations': 600, 'l2_leaf_reg': 7, 'learning_rate': 0.05, 'random_strength': 2, 'scale_pos_weight': 2}",0.9617335177501154,0.9645651173492866,0.9729477611940298,0.9664154654311439,0.004761488214334476,207
185,26.315996726353962,0.380496300784355,0.0803695519765218,0.00698418819003985,0.5,8,600,7,0.05,2,3,"{'bagging_temperature': 0.5, 'depth': 8, 'iterations': 600, 'l2_leaf_reg': 7, 'learning_rate': 0.05, 'random_strength': 2, 'scale_pos_weight': 3}",0.9574370709382151,0.9628950984883188,0.9703703703703703,0.9635675132656347,0.005301362389361912,279
186,26.881606181462605,0.09589903862569604,0.08428271611531575,0.00368240163289242,0.5,8,600,7,0.1,1,1,"{'bagging_temperature': 0.5, 'depth': 8, 'iterations': 600, 'l2_leaf_reg': 7, 'learning_rate': 0.1, 'random_strength': 1, 'scale_pos_weight': 1}",0.967741935483871,0.9697533736621684,0.978763567720623,0.9720862922888874,0.004792422927895127,47
187,27.15253432591756,0.2696835668094938,0.0720824400583903,0.004621793101367535,0.5,8,600,7,0.1,1,2,"{'bagging_temperature': 0.5, 'depth': 8, 'iterations': 600, 'l2_leaf_reg': 7, 'learning_rate': 0.1, 'random_strength': 1, 'scale_pos_weight': 2}",0.9662193428968071,0.9666666666666667,0.9747663551401868,0.9692174549012202,0.003927912510505062,137
188,28.257328589757282,0.0785076504940789,0.0696562131245931,0.014427251169813617,0.5,8,600,7,0.1,1,3,"{'bagging_temperature': 0.5, 'depth': 8, 'iterations': 600, 'l2_leaf_reg': 7, 'learning_rate': 0.1, 'random_strength': 1, 'scale_pos_weight': 3}",0.9604415823367065,0.9663749424228466,0.9716147045137273,0.9661437430910936,0.004564336727565934,217
189,28.167303721110027,0.34767248375158316,0.07608524958292644,0.01677636220816468,0.5,8,600,7,0.1,2,1,"{'bagging_temperature': 0.5, 'depth': 8, 'iterations': 600, 'l2_leaf_reg': 7, 'learning_rate': 0.1, 'random_strength': 2, 'scale_pos_weight': 1}",0.964871194379391,0.9706840390879479,0.9774223894637817,0.9709925409770402,0.005128645342471937,87
190,28.057802438735962,0.08502505679636388,0.09526634216308594,0.010396536127003283,0.5,8,600,7,0.1,2,2,"{'bagging_temperature': 0.5, 'depth': 8, 'iterations': 600, 'l2_leaf_reg': 7, 'learning_rate': 0.1, 'random_strength': 2, 'scale_pos_weight': 2}",0.9653579676674365,0.968070337806571,0.9756782039289056,0.969702169800971,0.004368369327075098,115
191,28.45102349917094,0.2323935256850031,0.061371803283691406,0.007657702903906813,0.5,8,600,7,0.1,2,3,"{'bagging_temperature': 0.5, 'depth': 8, 'iterations': 600, 'l2_leaf_reg': 7, 'learning_rate': 0.1, 'random_strength': 2, 'scale_pos_weight': 3}",0.9653259361997225,0.9676823638042474,0.9743589743589743,0.9691224247876481,0.003825726625845916,139
192,41.694968382517494,0.22949523070136477,0.07999253273010254,0.007994404017387099,0.5,8,900,3,0.05,1,1,"{'bagging_temperature': 0.5, 'depth': 8, 'iterations': 900, 'l2_leaf_reg': 3, 'learning_rate': 0.05, 'random_strength': 1, 'scale_pos_weight': 1}",0.9668688754083061,0.9719887955182073,0.9774011299435028,0.9720862669566722,0.004300327267354589,49
193,41.54133907953898,0.2364718257894194,0.07086777687072754,0.010126678039257138,0.5,8,900,3,0.05,1,2,"{'bagging_temperature': 0.5, 'depth': 8, 'iterations': 900, 'l2_leaf_reg': 3, 'learning_rate': 0.05, 'random_strength': 1, 'scale_pos_weight': 2}",0.9661566991191469,0.9703703703703703,0.9775280898876404,0.9713517197923859,0.004693926360629044,77
194,40.96855012575785,0.3745318793222923,0.09695911407470703,0.005585555355121541,0.5,8,900,3,0.05,1,3,"{'bagging_temperature': 0.5, 'depth': 8, 'iterations': 900, 'l2_leaf_reg': 3, 'learning_rate': 0.05, 'random_strength': 1, 'scale_pos_weight': 3}",0.9604415823367065,0.9667896678966789,0.9762237762237763,0.9678183421523873,0.006483982264808861,175
195,40.283486445744835,0.11396856025120575,0.07939950625101726,0.002841348314693039,0.5,8,900,3,0.05,2,1,"{'bagging_temperature': 0.5, 'depth': 8, 'iterations': 900, 'l2_leaf_reg': 3, 'learning_rate': 0.05, 'random_strength': 2, 'scale_pos_weight': 1}",0.9696119682094437,0.9734265734265733,0.9774011299435028,0.9734798905265066,0.003180135444148203,13
196,40.10542217890421,0.02663045491217506,0.07408364613850911,0.009459148198500588,0.5,8,900,3,0.05,2,2,"{'bagging_temperature': 0.5, 'depth': 8, 'iterations': 900, 'l2_leaf_reg': 3, 'learning_rate': 0.05, 'random_strength': 2, 'scale_pos_weight': 2}",0.9689383402874363,0.9694444444444444,0.9761347683668694,0.9715058510329166,0.003279653652228234,71
197,39.89988931020101,0.36226438274871103,0.07259360949198405,0.012117165179535367,0.5,8,900,3,0.05,2,3,"{'bagging_temperature': 0.5, 'depth': 8, 'iterations': 900, 'l2_leaf_reg': 3, 'learning_rate': 0.05, 'random_strength': 2, 'scale_pos_weight': 3}",0.9630996309963101,0.9658986175115206,0.9762237762237763,0.9684073415772024,0.005643938891483731,159
198,40.06668996810913,0.31467259690331956,0.08879629770914714,0.019487399533465625,0.5,8,900,3,0.1,1,1,"{'bagging_temperature': 0.5, 'depth': 8, 'iterations': 900, 'l2_leaf_reg': 3, 'learning_rate': 0.1, 'random_strength': 1, 'scale_pos_weight': 1}",0.9686476368741226,0.9743110695936478,0.9797265440829797,0.9742284168502501,0.004523322513566745,1
199,39.83973423639933,0.2794597988407912,0.07056522369384766,0.009101897242817947,0.5,8,900,3,0.1,1,2,"{'bagging_temperature': 0.5, 'depth': 8, 'iterations': 900, 'l2_leaf_reg': 3, 'learning_rate': 0.1, 'random_strength': 1, 'scale_pos_weight': 2}",0.9688227082363889,0.970819823992589,0.975129047395589,0.9715905265415223,0.0026315984004547936,67
200,39.999532063802086,0.18963196402378257,0.07509239514668782,0.006827547921715092,0.5,8,900,3,0.1,1,3,"{'bagging_temperature': 0.5, 'depth': 8, 'iterations': 900, 'l2_leaf_reg': 3, 'learning_rate': 0.1, 'random_strength': 1, 'scale_pos_weight': 3}",0.9635103926096998,0.9672358098754038,0.9770706598034629,0.9692722874295221,0.0057201772823857085,133
201,40.288159211476646,0.2772659920692983,0.0823520024617513,0.015334012717830274,0.5,8,900,3,0.1,2,1,"{'bagging_temperature': 0.5, 'depth': 8, 'iterations': 900, 'l2_leaf_reg': 3, 'learning_rate': 0.1, 'random_strength': 2, 'scale_pos_weight': 1}",0.9671361502347418,0.9724427837459131,0.9806877060763071,0.9734222133523206,0.005575579383776868,17
202,39.60549465815226,0.21912451301616917,0.08841967582702637,0.012121622717004116,0.5,8,900,3,0.1,2,2,"{'bagging_temperature': 0.5, 'depth': 8, 'iterations': 900, 'l2_leaf_reg': 3, 'learning_rate': 0.1, 'random_strength': 2, 'scale_pos_weight': 2}",0.9716674407803065,0.9689383402874362,0.9779653070792312,0.9728570293823245,0.003780024086923362,25
203,40.18003193537394,0.15470176038850464,0.1037447452545166,0.008098964287485737,0.5,8,900,3,0.1,2,3,"{'bagging_temperature': 0.5, 'depth': 8, 'iterations': 900, 'l2_leaf_reg': 3, 'learning_rate': 0.1, 'random_strength': 2, 'scale_pos_weight': 3}",0.9640221402214023,0.9686057248384119,0.9776119402985074,0.9700799351194406,0.0056450945370554095,107
204,41.26441367467245,0.16779659965942376,0.09429200490315755,0.019540046124044586,0.5,8,900,7,0.05,1,1,"{'bagging_temperature': 0.5, 'depth': 8, 'iterations': 900, 'l2_leaf_reg': 7, 'learning_rate': 0.05, 'random_strength': 1, 'scale_pos_weight': 1}",0.9704918032786887,0.9688227082363889,0.9774011299435028,0.9722385471528602,0.003713548650346663,41
205,40.26761515935262,0.45088693507855016,0.09764790534973145,0.026897770777534972,0.5,8,900,7,0.05,1,2,"{'bagging_temperature': 0.5, 'depth': 8, 'iterations': 900, 'l2_leaf_reg': 7, 'learning_rate': 0.05, 'random_strength': 1, 'scale_pos_weight': 2}",0.9643683479870431,0.9663128749423167,0.9747899159663865,0.9684903796319154,0.004524629987961276,155
206,39.979270458221436,0.31520008511655667,0.07896677652994792,0.008214980770503604,0.5,8,900,7,0.05,1,3,"{'bagging_temperature': 0.5, 'depth': 8, 'iterations': 900, 'l2_leaf_reg': 7, 'learning_rate': 0.05, 'random_strength': 1, 'scale_pos_weight': 3}",0.9552102376599634,0.9615384615384616,0.9730483271375464,0.9632656754453238,0.00738407339989739,287
207,40.408130486806236,0.44797396904498527,0.07907454172770183,0.006141666254558488,0.5,8,900,7,0.05,2,1,"{'bagging_temperature': 0.5, 'depth': 8, 'iterations': 900, 'l2_leaf_reg': 7, 'learning_rate': 0.05, 'random_strength': 2, 'scale_pos_weight': 1}",0.9696403549743111,0.9706840390879479,0.9774011299435028,0.9725751746685872,0.0034389632516092523,35
208,40.08720056215922,0.4591706901505168,0.08356054623921712,0.0001457074144313079,0.5,8,900,7,0.05,2,2,"{'bagging_temperature': 0.5, 'depth': 8, 'iterations': 900, 'l2_leaf_reg': 7, 'learning_rate': 0.05, 'random_strength': 2, 'scale_pos_weight': 2}",0.9648798521256932,0.9667896678966789,0.9766136576239476,0.9694277258821066,0.00514069128416114,125
209,39.92364048957825,0.22084322595711608,0.08631459871927898,0.006837741572853242,0.5,8,900,7,0.05,2,3,"{'bagging_temperature': 0.5, 'depth': 8, 'iterations': 900, 'l2_leaf_reg': 7, 'learning_rate': 0.05, 'random_strength': 2, 'scale_pos_weight': 3}",0.9604415823367065,0.9628610729023384,0.9730983302411875,0.9654669951600775,0.005485826585509924,237
210,40.66815368334452,0.17454543593174823,0.08440200487772624,0.004286299030197328,0.5,8,900,7,0.1,1,1,"{'bagging_temperature': 0.5, 'depth': 8, 'iterations': 900, 'l2_leaf_reg': 7, 'learning_rate': 0.1, 'random_strength': 1, 'scale_pos_weight': 1}",0.9687354176388241,0.9711090400745573,0.9783018867924529,0.9727154481686114,0.004067328627024108,27
211,39.687671979268394,0.35119757695205794,0.07833639780680339,0.004544710791607234,0.5,8,900,7,0.1,1,2,"{'bagging_temperature': 0.5, 'depth': 8, 'iterations': 900, 'l2_leaf_reg': 7, 'learning_rate': 0.1, 'random_strength': 1, 'scale_pos_weight': 2}",0.9688516968851697,0.9675625579240037,0.9770491803278689,0.971154478379014,0.0042012778305870685,81
212,38.67022681236267,0.4955625150651352,0.07143934567769368,0.00927079421249558,0.5,8,900,7,0.1,1,3,"{'bagging_temperature': 0.5, 'depth': 8, 'iterations': 900, 'l2_leaf_reg': 7, 'learning_rate': 0.1, 'random_strength': 1, 'scale_pos_weight': 3}",0.9626556016597511,0.9668202764976959,0.9738805970149255,0.9677854917241241,0.004633131446866757,179
213,39.08306852976481,0.1390473553563338,0.06332015991210938,0.03944778866078573,0.5,8,900,7,0.1,2,1,"{'bagging_temperature': 0.5, 'depth': 8, 'iterations': 900, 'l2_leaf_reg': 7, 'learning_rate': 0.1, 'random_strength': 2, 'scale_pos_weight': 1}",0.9671361502347418,0.9706567303213787,0.9778406412069779,0.9718778405876994,0.004454575509559934,59
214,38.122084856033325,0.7405252990448616,0.05634991327921549,0.007307639632847258,0.5,8,900,7,0.1,2,2,"{'bagging_temperature': 0.5, 'depth': 8, 'iterations': 900, 'l2_leaf_reg': 7, 'learning_rate': 0.1, 'random_strength': 2, 'scale_pos_weight': 2}",0.968040759610931,0.968967114404817,0.9770491803278689,0.9713523514478722,0.004045979713823893,75
215,36.24630991617838,0.08928177248895307,0.05999573071797689,0.009002548862059928,0.5,8,900,7,0.1,2,3,"{'bagging_temperature': 0.5, 'depth': 8, 'iterations': 900, 'l2_leaf_reg': 7, 'learning_rate': 0.1, 'random_strength': 2, 'scale_pos_weight': 3}",0.96577243293247,0.9676823638042474,0.9748134328358209,0.9694227431908461,0.0038907248784831065,127
216,4.838249921798706,0.04642871047240329,0.05883161226908366,0.004256437074785943,1.0,4,300,3,0.05,1,1,"{'bagging_temperature': 1.0, 'depth': 4, 'iterations': 300, 'l2_leaf_reg': 3, 'learning_rate': 0.05, 'random_strength': 1, 'scale_pos_weight': 1}",0.9494485294117646,0.9619440623567171,0.9608574091332712,0.957416666967251,0.0056517617244165996,383
217,4.873165925343831,0.08704409004618198,0.05317870775858561,0.004915989425241847,1.0,4,300,3,0.05,1,2,"{'bagging_temperature': 1.0, 'depth': 4, 'iterations': 300, 'l2_leaf_reg': 3, 'learning_rate': 0.05, 'random_strength': 1, 'scale_pos_weight': 2}",0.9489380930863082,0.9503161698283649,0.9587155963302753,0.9526566197483161,0.0043211242204081205,413
218,4.619848092397054,0.0979090426755792,0.05044428507486979,0.010006674088592184,1.0,4,300,3,0.05,1,3,"{'bagging_temperature': 1.0, 'depth': 4, 'iterations': 300, 'l2_leaf_reg': 3, 'learning_rate': 0.05, 'random_strength': 1, 'scale_pos_weight': 3}",0.9417040358744394,0.9452423698384201,0.9545867393278838,0.9471777150135812,0.005434469172336372,425
219,4.4835623900095625,0.04250157121990734,0.04562171300252279,0.007136912322939201,1.0,4,300,3,0.05,2,1,"{'bagging_temperature': 1.0, 'depth': 4, 'iterations': 300, 'l2_leaf_reg': 3, 'learning_rate': 0.05, 'random_strength': 2, 'scale_pos_weight': 1}",0.9512867647058824,0.9614325068870524,0.9604098742431298,0.9577097152786882,0.004560859928173938,375
220,4.415938536326091,0.06766160809046359,0.06869689623514812,0.013230407329018545,1.0,4,300,3,0.05,2,2,"{'bagging_temperature': 1.0, 'depth': 4, 'iterations': 300, 'l2_leaf_reg': 3, 'learning_rate': 0.05, 'random_strength': 2, 'scale_pos_weight': 2}",0.9454217410915652,0.9508344609833107,0.9564819056344479,0.9509127025697746,0.004515632199245885,417
221,4.661606868108113,0.13879392600432414,0.06967679659525554,0.013991487113264468,1.0,4,300,3,0.05,2,3,"{'bagging_temperature': 1.0, 'depth': 4, 'iterations': 300, 'l2_leaf_reg': 3, 'learning_rate': 0.05, 'random_strength': 2, 'scale_pos_weight': 3}",0.9400715563506261,0.9440214957456338,0.9536363636363636,0.9459098052442078,0.005696506751018737,427
222,4.866501331329346,0.07948387877359452,0.06032681465148926,0.007597140330548731,1.0,4,300,3,0.1,1,1,"{'bagging_temperature': 1.0, 'depth': 4, 'iterations': 300, 'l2_leaf_reg': 3, 'learning_rate': 0.1, 'random_strength': 1, 'scale_pos_weight': 1}",0.9596662030598052,0.9662505779010633,0.9700654817586529,0.9653274209065071,0.004295378407197313,241
223,4.870854457219441,0.020124531507320444,0.04822309811909994,0.0008954847017037169,1.0,4,300,3,0.1,1,2,"{'bagging_temperature': 1.0, 'depth': 4, 'iterations': 300, 'l2_leaf_reg': 3, 'learning_rate': 0.1, 'random_strength': 1, 'scale_pos_weight': 2}",0.9552511415525116,0.9585421412300684,0.96577243293247,0.9598552385716834,0.004394508811908617,343
224,4.838933070500691,0.19589581135891995,0.04599754015604655,0.0030423457403490907,1.0,4,300,3,0.1,1,3,"{'bagging_temperature': 1.0, 'depth': 4, 'iterations': 300, 'l2_leaf_reg': 3, 'learning_rate': 0.1, 'random_strength': 1, 'scale_pos_weight': 3}",0.9522944116310768,0.9546279491833031,0.9646302250803858,0.9571841952982553,0.005350630431029857,385
225,4.949187994003296,0.09158677540936254,0.05195848147074381,0.0073552238157550045,1.0,4,300,3,0.1,2,1,"{'bagging_temperature': 1.0, 'depth': 4, 'iterations': 300, 'l2_leaf_reg': 3, 'learning_rate': 0.1, 'random_strength': 2, 'scale_pos_weight': 1}",0.9561157796451913,0.96577243293247,0.9714017815283638,0.9644299980353418,0.006312266470022661,259
226,4.994538068771362,0.09193885158969729,0.04734190305074056,0.00324165272780534,1.0,4,300,3,0.1,2,2,"{'bagging_temperature': 1.0, 'depth': 4, 'iterations': 300, 'l2_leaf_reg': 3, 'learning_rate': 0.1, 'random_strength': 2, 'scale_pos_weight': 2}",0.9561243144424131,0.9581056466302368,0.963544070143055,0.959258010405235,0.003136787142576305,349
227,5.0659966468811035,0.06110825271530837,0.05176663398742676,0.00872702110133518,1.0,4,300,3,0.1,2,3,"{'bagging_temperature': 1.0, 'depth': 4, 'iterations': 300, 'l2_leaf_reg': 3, 'learning_rate': 0.1, 'random_strength': 2, 'scale_pos_weight': 3}",0.9501811594202899,0.9551020408163265,0.9618741387230134,0.9557191129865433,0.004793539039924613,397
228,4.51836880048116,0.11788045367541712,0.041030168533325195,0.005727646325486732,1.0,4,300,7,0.05,1,1,"{'bagging_temperature': 1.0, 'depth': 4, 'iterations': 300, 'l2_leaf_reg': 7, 'learning_rate': 0.05, 'random_strength': 1, 'scale_pos_weight': 1}",0.9499310978410657,0.9604779411764707,0.9609302325581395,0.9571130905252252,0.005081791420353952,389
229,4.217674732208252,0.09293684034217181,0.04022590319315592,0.0060478468197005765,1.0,4,300,7,0.05,1,2,"{'bagging_temperature': 1.0, 'depth': 4, 'iterations': 300, 'l2_leaf_reg': 7, 'learning_rate': 0.05, 'random_strength': 1, 'scale_pos_weight': 2}",0.945945945945946,0.946846846846847,0.9547325102880658,0.9491751010269529,0.003946855615967261,421
230,4.117603699366252,0.06689139620322099,0.043242851893107094,0.004315958793120601,1.0,4,300,7,0.05,1,3,"{'bagging_temperature': 1.0, 'depth': 4, 'iterations': 300, 'l2_leaf_reg': 7, 'learning_rate': 0.05, 'random_strength': 1, 'scale_pos_weight': 3}",0.9384478144513827,0.9435989256938228,0.9536363636363636,0.945227701260523,0.006306752411564182,429
231,3.9184704621632895,0.03961419940743044,0.046535889307657875,0.009884431876368168,1.0,4,300,7,0.05,2,1,"{'bagging_temperature': 1.0, 'depth': 4, 'iterations': 300, 'l2_leaf_reg': 7, 'learning_rate': 0.05, 'random_strength': 2, 'scale_pos_weight': 1}",0.9485766758494031,0.9572806614607259,0.9572093023255814,0.9543555465452368,0.004086382501342426,403
232,3.890471855799357,0.047941513515116496,0.04351186752319336,0.003363100909493249,1.0,4,300,7,0.05,2,2,"{'bagging_temperature': 1.0, 'depth': 4, 'iterations': 300, 'l2_leaf_reg': 7, 'learning_rate': 0.05, 'random_strength': 2, 'scale_pos_weight': 2}",0.9428699955015746,0.9478417266187051,0.9542124542124542,0.948308058777578,0.004642265371116508,423
233,3.9133666356404624,0.1098243584567538,0.04507287343343099,0.009674932441047609,1.0,4,300,7,0.05,2,3,"{'bagging_temperature': 1.0, 'depth': 4, 'iterations': 300, 'l2_leaf_reg': 7, 'learning_rate': 0.05, 'random_strength': 2, 'scale_pos_weight': 3}",0.9396513187304425,0.9397052255471192,0.9506564056133997,0.9433376499636538,0.005175188542893013,431
234,3.9900588194529214,0.08317858305116106,0.05115429560343424,0.0035030446101556355,1.0,4,300,7,0.1,1,1,"{'bagging_temperature': 1.0, 'depth': 4, 'iterations': 300, 'l2_leaf_reg': 7, 'learning_rate': 0.1, 'random_strength': 1, 'scale_pos_weight': 1}",0.9522484932777006,0.9630655586334257,0.9681349578256794,0.9611496699122686,0.00662560242053203,321
235,4.136067310969035,0.046960888188663355,0.060763915379842125,0.007925871515017566,1.0,4,300,7,0.1,1,2,"{'bagging_temperature': 1.0, 'depth': 4, 'iterations': 300, 'l2_leaf_reg': 7, 'learning_rate': 0.1, 'random_strength': 1, 'scale_pos_weight': 2}",0.9529465509365006,0.9585421412300684,0.9644341801385681,0.9586409574350457,0.004690325479311852,363
236,4.287945191065471,0.19827902119301669,0.05753461519877116,0.012002701796298386,1.0,4,300,7,0.1,1,3,"{'bagging_temperature': 1.0, 'depth': 4, 'iterations': 300, 'l2_leaf_reg': 7, 'learning_rate': 0.1, 'random_strength': 1, 'scale_pos_weight': 3}",0.9497054825555051,0.9507455942159964,0.9610270518110959,0.9538260428608658,0.005109556764374201,409
237,4.568445603052775,0.03236213477203847,0.05103492736816406,0.005159536748979156,1.0,4,300,7,0.1,2,1,"{'bagging_temperature': 1.0, 'depth': 4, 'iterations': 300, 'l2_leaf_reg': 7, 'learning_rate': 0.1, 'random_strength': 2, 'scale_pos_weight': 1}",0.9502556950255695,0.9617687701520037,0.9677720691265764,0.9599321781013832,0.007267995743069213,341
238,4.604941368103027,0.10158769711904658,0.044334729512532554,0.010213175281963796,1.0,4,300,7,0.1,2,2,"{'bagging_temperature': 1.0, 'depth': 4, 'iterations': 300, 'l2_leaf_reg': 7, 'learning_rate': 0.1, 'random_strength': 2, 'scale_pos_weight': 2}",0.9540282203004097,0.9594533029612756,0.9627243442245744,0.9587352891620866,0.0035862980623457227,359
239,4.437105496724446,0.0660248146904886,0.04337477684020996,0.010513407246669167,1.0,4,300,7,0.1,2,3,"{'bagging_temperature': 1.0, 'depth': 4, 'iterations': 300, 'l2_leaf_reg': 7, 'learning_rate': 0.1, 'random_strength': 2, 'scale_pos_weight': 3}",0.9493212669683257,0.9538043478260868,0.9596700274977085,0.9542652140973736,0.004237413473148827,405
240,8.132253408432007,0.05527188330259993,0.05792506535847982,0.00538122434230179,1.0,4,600,3,0.05,1,1,"{'bagging_temperature': 1.0, 'depth': 4, 'iterations': 600, 'l2_leaf_reg': 3, 'learning_rate': 0.05, 'random_strength': 1, 'scale_pos_weight': 1}",0.9583718778908419,0.9653259361997225,0.9696119682094437,0.9644365941000027,0.004631637911893392,255
241,8.021618684132894,0.12126188494601975,0.05511021614074707,0.006168821143556568,1.0,4,600,3,0.05,1,2,"{'bagging_temperature': 1.0, 'depth': 4, 'iterations': 600, 'l2_leaf_reg': 3, 'learning_rate': 0.05, 'random_strength': 1, 'scale_pos_weight': 2}",0.9548151528982199,0.9585043319653442,0.9653259361997225,0.9595484736877622,0.004354064411953259,347
242,7.762542724609375,0.030535066987619198,0.05277784665425619,0.004757317733819859,1.0,4,600,3,0.05,1,3,"{'bagging_temperature': 1.0, 'depth': 4, 'iterations': 600, 'l2_leaf_reg': 3, 'learning_rate': 0.05, 'random_strength': 1, 'scale_pos_weight': 3}",0.9519056261343013,0.9546279491833031,0.9628610729023385,0.956464882739981,0.004657338090981509,395
243,7.601341088612874,0.021403983532109917,0.05237253506978353,0.008791398809552436,1.0,4,600,3,0.05,2,1,"{'bagging_temperature': 1.0, 'depth': 4, 'iterations': 600, 'l2_leaf_reg': 3, 'learning_rate': 0.05, 'random_strength': 2, 'scale_pos_weight': 1}",0.9592215013901761,0.9654218533886584,0.9677117454375292,0.9641183667387878,0.0035865832469261115,265
244,7.75589640935262,0.095051771254374,0.05255929629007975,0.008273883363229114,1.0,4,600,3,0.05,2,2,"{'bagging_temperature': 1.0, 'depth': 4, 'iterations': 600, 'l2_leaf_reg': 3, 'learning_rate': 0.05, 'random_strength': 2, 'scale_pos_weight': 2}",0.9547738693467337,0.960292104062072,0.9648473635522664,0.9599711123203574,0.004118745614133188,337
245,7.600589036941528,0.030720414501123734,0.04593706130981445,0.006743564463565945,1.0,4,600,3,0.05,2,3,"{'bagging_temperature': 1.0, 'depth': 4, 'iterations': 600, 'l2_leaf_reg': 3, 'learning_rate': 0.05, 'random_strength': 2, 'scale_pos_weight': 3}",0.9496598639455782,0.9554950045413261,0.9645651173492868,0.9565733286120638,0.00613263031432903,391
246,7.681999444961548,0.024321490395930685,0.061349074045817055,0.006335964073783046,1.0,4,600,3,0.1,1,1,"{'bagging_temperature': 1.0, 'depth': 4, 'iterations': 600, 'l2_leaf_reg': 3, 'learning_rate': 0.1, 'random_strength': 1, 'scale_pos_weight': 1}",0.964936886395512,0.9707112970711298,0.9755409219190968,0.9703963684619129,0.0043348031380167325,101
247,7.585500955581665,0.04488907015227869,0.04903101921081543,0.004636169426560006,1.0,4,600,3,0.1,1,2,"{'bagging_temperature': 1.0, 'depth': 4, 'iterations': 600, 'l2_leaf_reg': 3, 'learning_rate': 0.1, 'random_strength': 1, 'scale_pos_weight': 2}",0.9625520110957003,0.9655172413793103,0.9729981378026071,0.9670224634258725,0.004395426475423504,195
248,7.515084981918335,0.045711332865369235,0.05613573392232259,0.009554946536303212,1.0,4,600,3,0.1,1,3,"{'bagging_temperature': 1.0, 'depth': 4, 'iterations': 600, 'l2_leaf_reg': 3, 'learning_rate': 0.1, 'random_strength': 1, 'scale_pos_weight': 3}",0.9564819056344479,0.9620137299771169,0.9722479185938946,0.9635811847351531,0.006531180443239341,277
249,7.596984227498372,0.0448888165189398,0.05573264757792155,0.007143028418890816,1.0,4,600,3,0.1,2,1,"{'bagging_temperature': 1.0, 'depth': 4, 'iterations': 600, 'l2_leaf_reg': 3, 'learning_rate': 0.1, 'random_strength': 2, 'scale_pos_weight': 1}",0.9643861293345829,0.9721189591078067,0.9788434414668548,0.9717828433030814,0.005906956288880839,65
250,7.58196481068929,0.025963282875395857,0.05276362101236979,0.006359105724010988,1.0,4,600,3,0.1,2,2,"{'bagging_temperature': 1.0, 'depth': 4, 'iterations': 600, 'l2_leaf_reg': 3, 'learning_rate': 0.1, 'random_strength': 2, 'scale_pos_weight': 2}",0.9630655586334257,0.9655172413793103,0.9698375870069605,0.9661401290065655,0.002799533749291242,219
251,7.56573764483134,0.07078644163517325,0.04847979545593262,0.011014407346016912,1.0,4,600,3,0.1,2,3,"{'bagging_temperature': 1.0, 'depth': 4, 'iterations': 600, 'l2_leaf_reg': 3, 'learning_rate': 0.1, 'random_strength': 2, 'scale_pos_weight': 3}",0.9582760201742321,0.9625570776255707,0.9698655540101994,0.9635662172700008,0.004784913496273318,281
252,7.623841444651286,0.0602172535980353,0.052002668380737305,0.005540995303836594,1.0,4,600,7,0.05,1,1,"{'bagging_temperature': 1.0, 'depth': 4, 'iterations': 600, 'l2_leaf_reg': 7, 'learning_rate': 0.05, 'random_strength': 1, 'scale_pos_weight': 1}",0.954187875983341,0.9654218533886584,0.97054698457223,0.9633855713147431,0.006832029565176904,283
253,7.578639030456543,0.016374799582938793,0.05610577265421549,0.0024835330429000325,1.0,4,600,7,0.05,1,2,"{'bagging_temperature': 1.0, 'depth': 4, 'iterations': 600, 'l2_leaf_reg': 7, 'learning_rate': 0.05, 'random_strength': 1, 'scale_pos_weight': 2}",0.9530323757409941,0.9585421412300684,0.9635776855693868,0.958384067513483,0.004306555492819869,371
254,7.559212366739909,0.05968762391689207,0.05165886878967285,0.0024201227541975866,1.0,4,600,7,0.05,1,3,"{'bagging_temperature': 1.0, 'depth': 4, 'iterations': 600, 'l2_leaf_reg': 7, 'learning_rate': 0.05, 'random_strength': 1, 'scale_pos_weight': 3}",0.9497964721845319,0.9516056083220261,0.9601465872652313,0.9538495559239296,0.004513512761770448,407
255,7.522221724192302,0.10639118978294766,0.05290079116821289,0.004344076708936512,1.0,4,600,7,0.05,2,1,"{'bagging_temperature': 1.0, 'depth': 4, 'iterations': 600, 'l2_leaf_reg': 7, 'learning_rate': 0.05, 'random_strength': 2, 'scale_pos_weight': 1}",0.9532623785284592,0.9641214351425942,0.9691588785046729,0.9621808973919087,0.006633196461476514,299
256,7.55613112449646,0.13321969850493048,0.060651302337646484,0.008984776378494352,1.0,4,600,7,0.05,2,2,"{'bagging_temperature': 1.0, 'depth': 4, 'iterations': 600, 'l2_leaf_reg': 7, 'learning_rate': 0.05, 'random_strength': 2, 'scale_pos_weight': 2}",0.9526842584167425,0.95897903372835,0.9640221402214023,0.9585618107888316,0.004638063330748737,369
257,7.600143988927205,0.062385160582163195,0.05427074432373047,0.003079266290844532,1.0,4,600,7,0.05,2,3,"{'bagging_temperature': 1.0, 'depth': 4, 'iterations': 600, 'l2_leaf_reg': 7, 'learning_rate': 0.05, 'random_strength': 2, 'scale_pos_weight': 3}",0.9489380930863082,0.9520795660036167,0.9587912087912087,0.9532696226270444,0.004109594331055305,411
258,7.515915314356486,0.099956339960511,0.04734158515930176,0.005623880963152496,1.0,4,600,7,0.1,1,1,"{'bagging_temperature': 1.0, 'depth': 4, 'iterations': 600, 'l2_leaf_reg': 7, 'learning_rate': 0.1, 'random_strength': 1, 'scale_pos_weight': 1}",0.9631013545072397,0.9698375870069607,0.9736842105263158,0.9688743840135055,0.004373787861421343,145
259,7.588388919830322,0.032919376035649574,0.0516516367594401,0.0030854870896451737,1.0,4,600,7,0.1,1,2,"{'bagging_temperature': 1.0, 'depth': 4, 'iterations': 600, 'l2_leaf_reg': 7, 'learning_rate': 0.1, 'random_strength': 1, 'scale_pos_weight': 2}",0.9608475356978351,0.9646302250803858,0.9689095127610208,0.9647957578464138,0.003293369031281359,251
260,7.436366717020671,0.06219690431207858,0.04305863380432129,0.011037141796430505,1.0,4,600,7,0.1,1,3,"{'bagging_temperature': 1.0, 'depth': 4, 'iterations': 600, 'l2_leaf_reg': 7, 'learning_rate': 0.1, 'random_strength': 1, 'scale_pos_weight': 3}",0.9544626593806921,0.960292104062072,0.9658671586715868,0.9602073073714502,0.004656253420799443,333
261,7.46000607808431,0.030849728265978302,0.0618592103322347,0.006337374292361869,1.0,4,600,7,0.1,2,1,"{'bagging_temperature': 1.0, 'depth': 4, 'iterations': 600, 'l2_leaf_reg': 7, 'learning_rate': 0.1, 'random_strength': 2, 'scale_pos_weight': 1}",0.9650023331777882,0.9675324675324676,0.9755639097744361,0.9693662368282306,0.004502499855582279,129
262,7.5862495104471845,0.10366625015113226,0.046489318211873375,0.002937350143499713,1.0,4,600,7,0.1,2,2,"{'bagging_temperature': 1.0, 'depth': 4, 'iterations': 600, 'l2_leaf_reg': 7, 'learning_rate': 0.1, 'random_strength': 2, 'scale_pos_weight': 2}",0.9613615455381785,0.9660238751147842,0.9693593314763231,0.9655815840430954,0.0032800265265357877,233
263,7.485312302907308,0.08032201417160015,0.04624446233113607,0.010222372562968379,1.0,4,600,7,0.1,2,3,"{'bagging_temperature': 1.0, 'depth': 4, 'iterations': 600, 'l2_leaf_reg': 7, 'learning_rate': 0.1, 'random_strength': 2, 'scale_pos_weight': 3}",0.9544211485870556,0.9585798816568046,0.9645324735145094,0.9591778345861233,0.004149528786613225,351
264,11.23145055770874,0.044973367210114044,0.04246385892232259,0.01378975851995232,1.0,4,900,3,0.05,1,1,"{'bagging_temperature': 1.0, 'depth': 4, 'iterations': 900, 'l2_leaf_reg': 3, 'learning_rate': 0.05, 'random_strength': 1, 'scale_pos_weight': 1}",0.9618959107806692,0.9707385044124478,0.9746478873239437,0.9690941008390203,0.00533424619943512,141
265,11.175610462824503,0.03894883204440874,0.06100837389628092,0.004689503578193438,1.0,4,900,3,0.05,1,2,"{'bagging_temperature': 1.0, 'depth': 4, 'iterations': 900, 'l2_leaf_reg': 3, 'learning_rate': 0.05, 'random_strength': 1, 'scale_pos_weight': 2}",0.9618039576622182,0.9642201834862385,0.970232558139535,0.9654188997626639,0.0035438225157854494,239
266,11.137902021408081,0.19747256494260984,0.05877248446146647,0.00784256666813706,1.0,4,900,3,0.05,1,3,"{'bagging_temperature': 1.0, 'depth': 4, 'iterations': 900, 'l2_leaf_reg': 3, 'learning_rate': 0.05, 'random_strength': 1, 'scale_pos_weight': 3}",0.9539023277042447,0.95985401459854,0.9672961768770152,0.9603508397266,0.005479289815394893,331
267,11.351219574610392,0.009872001962566561,0.05223703384399414,0.005594506557694012,1.0,4,900,3,0.05,2,1,"{'bagging_temperature': 1.0, 'depth': 4, 'iterations': 900, 'l2_leaf_reg': 3, 'learning_rate': 0.05, 'random_strength': 2, 'scale_pos_weight': 1}",0.9631701631701632,0.9688806316767301,0.9741662752465947,0.968739023364496,0.004490260562961491,151
268,11.272785345713297,0.14470278217697477,0.06258598963419597,0.011113611931953657,1.0,4,900,3,0.05,2,2,"{'bagging_temperature': 1.0, 'depth': 4, 'iterations': 900, 'l2_leaf_reg': 3, 'learning_rate': 0.05, 'random_strength': 2, 'scale_pos_weight': 2}",0.9608835710998619,0.9656121045392022,0.9703153988868275,0.9656036915086306,0.003850532165390189,229
269,11.39387313524882,0.08800783912491289,0.05853064854939779,0.011306786244105357,1.0,4,900,3,0.05,2,3,"{'bagging_temperature': 1.0, 'depth': 4, 'iterations': 900, 'l2_leaf_reg': 3, 'learning_rate': 0.05, 'random_strength': 2, 'scale_pos_weight': 3}",0.9548151528982199,0.95897903372835,0.9681881051175657,0.9606607639147119,0.005587493479788391,327
270,11.25785724322001,0.012742405767822188,0.05936717987060547,0.0057420977416809725,1.0,4,900,3,0.1,1,1,"{'bagging_temperature': 1.0, 'depth': 4, 'iterations': 900, 'l2_leaf_reg': 3, 'learning_rate': 0.1, 'random_strength': 1, 'scale_pos_weight': 1}",0.9653882132834424,0.9743589743589743,0.9783427495291902,0.972696645723869,0.005417718136135483,29
271,11.18724775314331,0.04795196407962206,0.06350072224934895,0.00317215166179029,1.0,4,900,3,0.1,1,2,"{'bagging_temperature': 1.0, 'depth': 4, 'iterations': 900, 'l2_leaf_reg': 3, 'learning_rate': 0.1, 'random_strength': 1, 'scale_pos_weight': 2}",0.9642691415313225,0.9685767097966729,0.9748134328358209,0.9692197613879387,0.004328637683328892,135
272,11.16736912727356,0.04646923677280747,0.06305980682373047,0.006037086873487767,1.0,4,900,3,0.1,1,3,"{'bagging_temperature': 1.0, 'depth': 4, 'iterations': 900, 'l2_leaf_reg': 3, 'learning_rate': 0.1, 'random_strength': 1, 'scale_pos_weight': 3}",0.9585635359116023,0.9619440623567171,0.9731232622798888,0.9645436201827361,0.006221719143342751,253
273,11.343467632929483,0.0972888023035083,0.05390540758768717,0.006780981880482069,1.0,4,900,3,0.1,2,1,"{'bagging_temperature': 1.0, 'depth': 4, 'iterations': 900, 'l2_leaf_reg': 3, 'learning_rate': 0.1, 'random_strength': 2, 'scale_pos_weight': 1}",0.9657437822618489,0.9748369058713887,0.9793038570084667,0.9732948483805681,0.005642243215968418,21
274,11.046609799067179,0.14829164800822572,0.06528353691101074,0.009855506957702306,1.0,4,900,3,0.1,2,2,"{'bagging_temperature': 1.0, 'depth': 4, 'iterations': 900, 'l2_leaf_reg': 3, 'learning_rate': 0.1, 'random_strength': 2, 'scale_pos_weight': 2}",0.9629286376274326,0.9690531177829099,0.9720149253731344,0.9679988935944923,0.00378362240267234,173
275,10.915597120920816,0.09769691550453775,0.06518093744913737,0.0059860418607532205,1.0,4,900,3,0.1,2,3,"{'bagging_temperature': 1.0, 'depth': 4, 'iterations': 900, 'l2_leaf_reg': 3, 'learning_rate': 0.1, 'random_strength': 2, 'scale_pos_weight': 3}",0.9613615455381785,0.9647274393037105,0.9712696941612605,0.9657862263343832,0.004113686486718114,225
276,11.220902681350708,0.08245478768814857,0.0655976136525472,0.014400305769712109,1.0,4,900,7,0.05,1,1,"{'bagging_temperature': 1.0, 'depth': 4, 'iterations': 900, 'l2_leaf_reg': 7, 'learning_rate': 0.05, 'random_strength': 1, 'scale_pos_weight': 1}",0.9604834960483497,0.9671144048170449,0.9714285714285715,0.9663421574313221,0.00450155108736617,213
277,11.331905047098795,0.01964645436758438,0.06594022115071614,0.010346204267117059,1.0,4,900,7,0.05,1,2,"{'bagging_temperature': 1.0, 'depth': 4, 'iterations': 900, 'l2_leaf_reg': 7, 'learning_rate': 0.05, 'random_strength': 1, 'scale_pos_weight': 2}",0.9550870760769936,0.9615736505032023,0.9671448403516889,0.9612685223106282,0.0049272877756738305,315
278,11.16232180595398,0.05976434716124427,0.05428942044576009,0.003130280887992226,1.0,4,900,7,0.05,1,3,"{'bagging_temperature': 1.0, 'depth': 4, 'iterations': 900, 'l2_leaf_reg': 7, 'learning_rate': 0.05, 'random_strength': 1, 'scale_pos_weight': 3}",0.9519056261343013,0.9577080491132334,0.9632352941176471,0.9576163231217273,0.004625772324441325,381
279,11.287686904271444,0.07694870724850918,0.06073403358459473,0.004675808502185542,1.0,4,900,7,0.05,2,1,"{'bagging_temperature': 1.0, 'depth': 4, 'iterations': 900, 'l2_leaf_reg': 7, 'learning_rate': 0.05, 'random_strength': 2, 'scale_pos_weight': 1}",0.9598880597014926,0.968995835261453,0.9714285714285715,0.9667708221305057,0.004967149773285653,199
280,11.212670882542929,0.05225197629425178,0.054766575495402016,0.01775238587861688,1.0,4,900,7,0.05,2,2,"{'bagging_temperature': 1.0, 'depth': 4, 'iterations': 900, 'l2_leaf_reg': 7, 'learning_rate': 0.05, 'random_strength': 2, 'scale_pos_weight': 2}",0.9569202566452797,0.9611694837825491,0.9671448403516889,0.9617448602598392,0.0041939497342645335,305
281,11.180361906687418,0.04408358648887612,0.05234305063883463,0.007099288467775128,1.0,4,900,7,0.05,2,3,"{'bagging_temperature': 1.0, 'depth': 4, 'iterations': 900, 'l2_leaf_reg': 7, 'learning_rate': 0.05, 'random_strength': 2, 'scale_pos_weight': 3}",0.9545040946314831,0.9581437670609645,0.9632352941176471,0.9586277186033648,0.0035808861043361197,365
282,11.369714895884195,0.0948539827956371,0.06853357950846355,0.009542612686203072,1.0,4,900,7,0.1,1,1,"{'bagging_temperature': 1.0, 'depth': 4, 'iterations': 900, 'l2_leaf_reg': 7, 'learning_rate': 0.1, 'random_strength': 1, 'scale_pos_weight': 1}",0.9676814988290399,0.9730483271375464,0.9769628584861307,0.9725642281509058,0.0038045300316612417,37
283,11.142247835795084,0.1035521004367755,0.055829763412475586,0.007340060956229027,1.0,4,900,7,0.1,1,2,"{'bagging_temperature': 1.0, 'depth': 4, 'iterations': 900, 'l2_leaf_reg': 7, 'learning_rate': 0.1, 'random_strength': 1, 'scale_pos_weight': 2}",0.9625866050808314,0.9650413983440663,0.9716147045137273,0.9664142359795417,0.0038114001996289353,209
284,11.025126457214355,0.07234040925036234,0.05730303128560384,0.0020439194539474542,1.0,4,900,7,0.1,1,3,"{'bagging_temperature': 1.0, 'depth': 4, 'iterations': 900, 'l2_leaf_reg': 7, 'learning_rate': 0.1, 'random_strength': 1, 'scale_pos_weight': 3}",0.9569990850869168,0.9629629629629629,0.969893469198703,0.9632851724161942,0.005269038470434936,285
285,11.391072829564413,0.019313420564268595,0.06446115175882976,0.0036326406659391098,1.0,4,900,7,0.1,2,1,"{'bagging_temperature': 1.0, 'depth': 4, 'iterations': 900, 'l2_leaf_reg': 7, 'learning_rate': 0.1, 'random_strength': 2, 'scale_pos_weight': 1}",0.9667758540009358,0.9711627906976744,0.9783427495291902,0.9720937980759334,0.004767833127264946,45
286,11.383479118347168,0.12743435400243172,0.0591894785563151,0.009115688627024734,1.0,4,900,7,0.1,2,2,"{'bagging_temperature': 1.0, 'depth': 4, 'iterations': 900, 'l2_leaf_reg': 7, 'learning_rate': 0.1, 'random_strength': 2, 'scale_pos_weight': 2}",0.9616982002768804,0.9682174113311838,0.9734513274336283,0.9677889796805642,0.004807748242861786,177
287,11.311775843302408,0.09456760453397325,0.055561065673828125,0.00373917234386942,1.0,4,900,7,0.1,2,3,"{'bagging_temperature': 1.0, 'depth': 4, 'iterations': 900, 'l2_leaf_reg': 7, 'learning_rate': 0.1, 'random_strength': 2, 'scale_pos_weight': 3}",0.9556064073226544,0.9634034766697164,0.9672055427251732,0.962071808905848,0.004828042377367576,301
288,5.8321437040964765,0.07258181375550211,0.05679655075073242,0.0064680841804691785,1.0,6,300,3,0.05,1,1,"{'bagging_temperature': 1.0, 'depth': 6, 'iterations': 300, 'l2_leaf_reg': 3, 'learning_rate': 0.05, 'random_strength': 1, 'scale_pos_weight': 1}",0.9570438799076213,0.9649122807017544,0.97054698457223,0.9641677150605353,0.005537703639079248,263
289,5.784628073374431,0.03639074393021153,0.04816540082295736,0.006868444267020949,1.0,6,300,3,0.05,1,2,"{'bagging_temperature': 1.0, 'depth': 6, 'iterations': 300, 'l2_leaf_reg': 3, 'learning_rate': 0.05, 'random_strength': 1, 'scale_pos_weight': 2}",0.9500000000000001,0.960292104062072,0.9662505779010634,0.9588475606543785,0.006712443656978434,355
290,5.8506724039713545,0.043379460268402566,0.04784663518269857,0.004417064589551418,1.0,6,300,3,0.05,1,3,"{'bagging_temperature': 1.0, 'depth': 6, 'iterations': 300, 'l2_leaf_reg': 3, 'learning_rate': 0.05, 'random_strength': 1, 'scale_pos_weight': 3}",0.9484629294755877,0.9546279491833031,0.9633363886342804,0.9554757557643904,0.0061015860689674125,399
291,5.799566586812337,0.05151068391916259,0.04124609629313151,0.003603836526671513,1.0,6,300,3,0.05,2,1,"{'bagging_temperature': 1.0, 'depth': 6, 'iterations': 300, 'l2_leaf_reg': 3, 'learning_rate': 0.05, 'random_strength': 2, 'scale_pos_weight': 1}",0.9567219152854513,0.9653579676674364,0.9687062120504436,0.9635953650011104,0.0050488228566902054,275
292,5.897814830144246,0.04568201573718601,0.04924360911051432,0.004218923220447343,1.0,6,300,3,0.05,2,2,"{'bagging_temperature': 1.0, 'depth': 6, 'iterations': 300, 'l2_leaf_reg': 3, 'learning_rate': 0.05, 'random_strength': 2, 'scale_pos_weight': 2}",0.9518619436875567,0.95985401459854,0.9640221402214023,0.9585793661691664,0.005045535412574577,367
293,5.8479225635528564,0.023141027563472805,0.035361289978027344,0.006611121512347605,1.0,6,300,3,0.05,2,3,"{'bagging_temperature': 1.0, 'depth': 6, 'iterations': 300, 'l2_leaf_reg': 3, 'learning_rate': 0.05, 'random_strength': 2, 'scale_pos_weight': 3}",0.9473210265646105,0.9551020408163265,0.9615384615384616,0.9546538429731329,0.0058128894300455885,401
294,5.830542167027791,0.06564187623565222,0.0553896427154541,0.011744861820470812,1.0,6,300,3,0.1,1,1,"{'bagging_temperature': 1.0, 'depth': 6, 'iterations': 300, 'l2_leaf_reg': 3, 'learning_rate': 0.1, 'random_strength': 1, 'scale_pos_weight': 1}",0.965935604293047,0.9693308550185873,0.9769628584861307,0.9707431059325883,0.004611284943324232,93
295,5.844520966211955,0.016454994931813714,0.04581769307454427,0.004886243514461289,1.0,6,300,3,0.1,1,2,"{'bagging_temperature': 1.0, 'depth': 6, 'iterations': 300, 'l2_leaf_reg': 3, 'learning_rate': 0.1, 'random_strength': 1, 'scale_pos_weight': 2}",0.9613970588235294,0.9668508287292817,0.9729477611940298,0.9670652162489469,0.004717990590594822,193
296,5.96077028910319,0.03631121043916585,0.04401715596516927,0.009339273420721678,1.0,6,300,3,0.1,1,3,"{'bagging_temperature': 1.0, 'depth': 6, 'iterations': 300, 'l2_leaf_reg': 3, 'learning_rate': 0.1, 'random_strength': 1, 'scale_pos_weight': 3}",0.9522075557578517,0.9624885635864594,0.9731232622798888,0.9626064605413999,0.00853920837853192,297
297,6.0189843972524,0.021859771637755168,0.046408494313557945,0.005454464580760834,1.0,6,300,3,0.1,2,1,"{'bagging_temperature': 1.0, 'depth': 6, 'iterations': 300, 'l2_leaf_reg': 3, 'learning_rate': 0.1, 'random_strength': 2, 'scale_pos_weight': 1}",0.9636533084808947,0.9678920428106095,0.9765478424015009,0.9693643978976684,0.005366136001768089,131
298,6.094674030939738,0.049286287451759565,0.04827443758646647,0.009282021915678304,1.0,6,300,3,0.1,2,2,"{'bagging_temperature': 1.0, 'depth': 6, 'iterations': 300, 'l2_leaf_reg': 3, 'learning_rate': 0.1, 'random_strength': 2, 'scale_pos_weight': 2}",0.9604051565377533,0.9650735294117646,0.9725197950628784,0.9659994936707988,0.004988932685145411,223
299,6.03805669148763,0.054434563638783295,0.048971096674601235,0.0037037868905849406,1.0,6,300,3,0.1,2,3,"{'bagging_temperature': 1.0, 'depth': 6, 'iterations': 300, 'l2_leaf_reg': 3, 'learning_rate': 0.1, 'random_strength': 2, 'scale_pos_weight': 3}",0.9561243144424131,0.9620484682213076,0.970260223048327,0.9628110019040159,0.005796094733619445,291
300,5.995130697886149,0.030611439830978075,0.044447739919026695,0.005285824125381009,1.0,6,300,7,0.05,1,1,"{'bagging_temperature': 1.0, 'depth': 6, 'iterations': 300, 'l2_leaf_reg': 7, 'learning_rate': 0.05, 'random_strength': 1, 'scale_pos_weight': 1}",0.956281638288081,0.9622119815668203,0.9663865546218486,0.9616267248255834,0.004146020390525799,311
301,5.917161226272583,0.03704773213774436,0.03259015083312988,0.004199856392413139,1.0,6,300,7,0.05,1,2,"{'bagging_temperature': 1.0, 'depth': 6, 'iterations': 300, 'l2_leaf_reg': 7, 'learning_rate': 0.05, 'random_strength': 1, 'scale_pos_weight': 2}",0.9501811594202899,0.9585798816568046,0.9641214351425944,0.9576274920732297,0.005730800190935795,379
302,5.990148544311523,0.015905189872549973,0.0419007142384847,0.0016351487830575417,1.0,6,300,7,0.05,1,3,"{'bagging_temperature': 1.0, 'depth': 6, 'iterations': 300, 'l2_leaf_reg': 7, 'learning_rate': 0.05, 'random_strength': 1, 'scale_pos_weight': 3}",0.9450945094509451,0.9486486486486486,0.9593792788680968,0.9510408123225634,0.006072094345303321,415
303,5.906206766764323,0.032657212501503885,0.045500993728637695,0.005793056033404073,1.0,6,300,7,0.05,2,1,"{'bagging_temperature': 1.0, 'depth': 6, 'iterations': 300, 'l2_leaf_reg': 7, 'learning_rate': 0.05, 'random_strength': 2, 'scale_pos_weight': 1}",0.9535632183908046,0.9631675874769797,0.9659037832788416,0.9608781963822087,0.005291714852961242,323
304,5.902493238449097,0.03698786341740036,0.04252362251281738,0.00964433558165096,1.0,6,300,7,0.05,2,2,"{'bagging_temperature': 1.0, 'depth': 6, 'iterations': 300, 'l2_leaf_reg': 7, 'learning_rate': 0.05, 'random_strength': 2, 'scale_pos_weight': 2}",0.9493212669683257,0.9585421412300684,0.9635776855693868,0.957147031255927,0.005903169584335281,387
305,5.815433581670125,0.07288080403260122,0.047254721323649086,0.0045647799490327445,1.0,6,300,7,0.05,2,3,"{'bagging_temperature': 1.0, 'depth': 6, 'iterations': 300, 'l2_leaf_reg': 7, 'learning_rate': 0.05, 'random_strength': 2, 'scale_pos_weight': 3}",0.9446693657219972,0.9490761604326273,0.9571558796718322,0.9503004686088189,0.005170587041950095,419
306,5.943748235702515,0.05508322970395576,0.04055539766947428,0.006392194765455252,1.0,6,300,7,0.1,1,1,"{'bagging_temperature': 1.0, 'depth': 6, 'iterations': 300, 'l2_leaf_reg': 7, 'learning_rate': 0.1, 'random_strength': 1, 'scale_pos_weight': 1}",0.9650023331777882,0.968040759610931,0.9756326148078726,0.9695585691988639,0.004470535489375093,117
307,6.0221372445424395,0.02709018753328085,0.04270577430725098,0.004858763739180437,1.0,6,300,7,0.1,1,2,"{'bagging_temperature': 1.0, 'depth': 6, 'iterations': 300, 'l2_leaf_reg': 7, 'learning_rate': 0.1, 'random_strength': 1, 'scale_pos_weight': 2}",0.9564020192748968,0.9628610729023384,0.9716410971641097,0.9636347297804483,0.00624533332188443,273
308,5.939118385314941,0.07084355387459661,0.04454994201660156,0.0034579230657639497,1.0,6,300,7,0.1,1,3,"{'bagging_temperature': 1.0, 'depth': 6, 'iterations': 300, 'l2_leaf_reg': 7, 'learning_rate': 0.1, 'random_strength': 1, 'scale_pos_weight': 3}",0.9486597001363017,0.9580674567000912,0.9700046146746654,0.958910590503686,0.008734395614297343,353
309,5.864258289337158,0.06097037093209928,0.04170521100362142,0.007910580554965867,1.0,6,300,7,0.1,2,1,"{'bagging_temperature': 1.0, 'depth': 6, 'iterations': 300, 'l2_leaf_reg': 7, 'learning_rate': 0.1, 'random_strength': 2, 'scale_pos_weight': 1}",0.9636194029850745,0.9694161260426319,0.9718574108818011,0.9682976466365024,0.0034548941771622133,165
310,5.903071562449138,0.057901760070838436,0.03904946645100912,0.003888607353237982,1.0,6,300,7,0.1,2,2,"{'bagging_temperature': 1.0, 'depth': 6, 'iterations': 300, 'l2_leaf_reg': 7, 'learning_rate': 0.1, 'random_strength': 2, 'scale_pos_weight': 2}",0.9525114155251142,0.9628610729023384,0.9684014869888476,0.9612579918054335,0.006585387588344338,317
311,5.843171834945679,0.08823337400536656,0.04829843839009603,0.00788330889710371,1.0,6,300,7,0.1,2,3,"{'bagging_temperature': 1.0, 'depth': 6, 'iterations': 300, 'l2_leaf_reg': 7, 'learning_rate': 0.1, 'random_strength': 2, 'scale_pos_weight': 3}",0.9510869565217391,0.959890610756609,0.9654855039116429,0.958821023729997,0.0059266378349757225,357
312,11.841502745946249,0.07313482045781965,0.05408159891764323,0.004427800535316961,1.0,6,600,3,0.05,1,1,"{'bagging_temperature': 1.0, 'depth': 6, 'iterations': 600, 'l2_leaf_reg': 3, 'learning_rate': 0.05, 'random_strength': 1, 'scale_pos_weight': 1}",0.9668688754083061,0.9697814969781497,0.9746954076850984,0.9704485933571848,0.003229800309008714,99
313,11.505169868469238,0.12589820751633202,0.05620455741882324,0.0027714713581868727,1.0,6,600,3,0.05,1,2,"{'bagging_temperature': 1.0, 'depth': 6, 'iterations': 600, 'l2_leaf_reg': 3, 'learning_rate': 0.05, 'random_strength': 1, 'scale_pos_weight': 2}",0.9600367478180983,0.9637115296279283,0.9730232558139537,0.9655905110866602,0.005465667142767783,231
314,11.487539529800415,0.1739097996021498,0.0590510368347168,0.0041811723233029195,1.0,6,600,3,0.05,1,3,"{'bagging_temperature': 1.0, 'depth': 6, 'iterations': 600, 'l2_leaf_reg': 3, 'learning_rate': 0.05, 'random_strength': 1, 'scale_pos_weight': 3}",0.9552919708029197,0.959780621572212,0.9685476410730806,0.9612067444827375,0.005504759667460551,319
315,11.663098494211832,0.05616524257908297,0.0534977118174235,0.005106588072323244,1.0,6,600,3,0.05,2,1,"{'bagging_temperature': 1.0, 'depth': 6, 'iterations': 600, 'l2_leaf_reg': 3, 'learning_rate': 0.05, 'random_strength': 2, 'scale_pos_weight': 1}",0.9664804469273743,0.9702602230483272,0.9760675739089629,0.9709360812948882,0.003942997101813066,89
316,11.823160727818808,0.11116775881227252,0.061036109924316406,0.010654450147572195,1.0,6,600,3,0.05,2,2,"{'bagging_temperature': 1.0, 'depth': 6, 'iterations': 600, 'l2_leaf_reg': 3, 'learning_rate': 0.05, 'random_strength': 2, 'scale_pos_weight': 2}",0.9595216191352346,0.9645977011494252,0.9716147045137273,0.9652446749327958,0.004958132027296522,245
317,11.681620438893637,0.10150751933316998,0.06918629010518391,0.009273734224586567,1.0,6,600,3,0.05,2,3,"{'bagging_temperature': 1.0, 'depth': 6, 'iterations': 600, 'l2_leaf_reg': 3, 'learning_rate': 0.05, 'random_strength': 2, 'scale_pos_weight': 3}",0.9538602101416171,0.9611339734796525,0.969893469198703,0.9616292176066575,0.006554911596500556,309
318,11.881110270818075,0.16280930842649513,0.05931830406188965,0.004586005128181324,1.0,6,600,3,0.1,1,1,"{'bagging_temperature': 1.0, 'depth': 6, 'iterations': 600, 'l2_leaf_reg': 3, 'learning_rate': 0.1, 'random_strength': 1, 'scale_pos_weight': 1}",0.9672591206735268,0.9743828598043782,0.9793038570084667,0.9736486124954572,0.004944576670626001,7
319,11.620136181513468,0.06931256606695688,0.050872484842936196,0.007867964719827217,1.0,6,600,3,0.1,1,2,"{'bagging_temperature': 1.0, 'depth': 6, 'iterations': 600, 'l2_leaf_reg': 3, 'learning_rate': 0.1, 'random_strength': 1, 'scale_pos_weight': 2}",0.965293845441925,0.9716937354988399,0.9766136576239476,0.9712004128549041,0.004634440806421104,79
320,11.40393590927124,0.12515018151224055,0.047501564025878906,0.007366891883214059,1.0,6,600,3,0.1,1,3,"{'bagging_temperature': 1.0, 'depth': 6, 'iterations': 600, 'l2_leaf_reg': 3, 'learning_rate': 0.1, 'random_strength': 1, 'scale_pos_weight': 3}",0.9618039576622182,0.9638112688960147,0.9744304974430498,0.9666819080004275,0.00554002426950575,203
321,11.677851041158041,0.02250439403363662,0.05930121739705404,0.0056117006497148365,1.0,6,600,3,0.1,2,1,"{'bagging_temperature': 1.0, 'depth': 6, 'iterations': 600, 'l2_leaf_reg': 3, 'learning_rate': 0.1, 'random_strength': 2, 'scale_pos_weight': 1}",0.9659037832788416,0.9737827715355805,0.9783631232361242,0.9726832260168488,0.005145583109399528,31
322,11.653582652409872,0.045914879969561985,0.06370027860005696,0.009593696117964021,1.0,6,600,3,0.1,2,2,"{'bagging_temperature': 1.0, 'depth': 6, 'iterations': 600, 'l2_leaf_reg': 3, 'learning_rate': 0.1, 'random_strength': 2, 'scale_pos_weight': 2}",0.9657089898053753,0.9717461787864752,0.9766136576239476,0.9713562754052661,0.004460341058959507,73
323,11.592629353205362,0.119440889160286,0.05428496996561686,0.012471591029551823,1.0,6,600,3,0.1,2,3,"{'bagging_temperature': 1.0, 'depth': 6, 'iterations': 600, 'l2_leaf_reg': 3, 'learning_rate': 0.1, 'random_strength': 2, 'scale_pos_weight': 3}",0.9661880500231589,0.9664058904739989,0.9739292364990689,0.9688410589987422,0.0035989837752369793,147
324,11.454827785491943,0.15371353085287393,0.060902913411458336,0.00250232299171416,1.0,6,600,7,0.05,1,1,"{'bagging_temperature': 1.0, 'depth': 6, 'iterations': 600, 'l2_leaf_reg': 7, 'learning_rate': 0.05, 'random_strength': 1, 'scale_pos_weight': 1}",0.9646511627906977,0.9684014869888476,0.9732519943688409,0.9687682147161287,0.0035208372942018384,149
325,11.557880560557047,0.06208895819783763,0.04481951395670573,0.007838261180483362,1.0,6,600,7,0.05,1,2,"{'bagging_temperature': 1.0, 'depth': 6, 'iterations': 600, 'l2_leaf_reg': 7, 'learning_rate': 0.05, 'random_strength': 1, 'scale_pos_weight': 2}",0.956043956043956,0.9624542124542125,0.9698095680445888,0.9627692455142524,0.005624200850472328,293
326,11.541051546732584,0.07267311130584667,0.046516736348470054,0.005000117344917768,1.0,6,600,7,0.05,1,3,"{'bagging_temperature': 1.0, 'depth': 6, 'iterations': 600, 'l2_leaf_reg': 7, 'learning_rate': 0.05, 'random_strength': 1, 'scale_pos_weight': 3}",0.9509981851179673,0.95985401459854,0.9681293302540415,0.9596605099901829,0.0069950990673661876,345
327,11.611887216567993,0.08699058029330342,0.05548016230265299,0.003028440432126334,1.0,6,600,7,0.05,2,1,"{'bagging_temperature': 1.0, 'depth': 6, 'iterations': 600, 'l2_leaf_reg': 7, 'learning_rate': 0.05, 'random_strength': 2, 'scale_pos_weight': 1}",0.9632728963272896,0.9684601113172541,0.9723394280356306,0.9680241452267246,0.0037142113679448775,171
328,11.504985332489014,0.029009271710782956,0.05254213015238444,0.004515292425463944,1.0,6,600,7,0.05,2,2,"{'bagging_temperature': 1.0, 'depth': 6, 'iterations': 600, 'l2_leaf_reg': 7, 'learning_rate': 0.05, 'random_strength': 2, 'scale_pos_weight': 2}",0.9552102376599634,0.9615384615384616,0.9711895910780668,0.9626460967588306,0.006570391959450353,295
329,11.636569658915201,0.10732415952524996,0.05492377281188965,0.006682085910558682,1.0,6,600,7,0.05,2,3,"{'bagging_temperature': 1.0, 'depth': 6, 'iterations': 600, 'l2_leaf_reg': 7, 'learning_rate': 0.05, 'random_strength': 2, 'scale_pos_weight': 3}",0.9509536784741145,0.95897903372835,0.9644997694790226,0.9581441605604958,0.005561588818740885,373
330,11.50781774520874,0.14904671913300163,0.05527234077453613,0.009905851712411328,1.0,6,600,7,0.1,1,1,"{'bagging_temperature': 1.0, 'depth': 6, 'iterations': 600, 'l2_leaf_reg': 7, 'learning_rate': 0.1, 'random_strength': 1, 'scale_pos_weight': 1}",0.9672897196261683,0.9701492537313432,0.9783427495291902,0.9719272409622338,0.004684249954488053,55
331,11.370301564534506,0.03211517974800401,0.05704744656880697,0.01596091357775465,1.0,6,600,7,0.1,1,2,"{'bagging_temperature': 1.0, 'depth': 6, 'iterations': 600, 'l2_leaf_reg': 7, 'learning_rate': 0.1, 'random_strength': 1, 'scale_pos_weight': 2}",0.9607752653437932,0.9667896678966789,0.9752452125175152,0.967603381919329,0.005935286608388246,181
332,11.707014322280884,0.09851426127990436,0.05344971021016439,0.007670636785251264,1.0,6,600,7,0.1,1,3,"{'bagging_temperature': 1.0, 'depth': 6, 'iterations': 600, 'l2_leaf_reg': 7, 'learning_rate': 0.1, 'random_strength': 1, 'scale_pos_weight': 3}",0.9559228650137742,0.9589416058394161,0.9703429101019462,0.9617357936517122,0.006209671984574597,307
333,11.93370779355367,0.18302037805545907,0.06452210744222005,0.005610764222475312,1.0,6,600,7,0.1,2,1,"{'bagging_temperature': 1.0, 'depth': 6, 'iterations': 600, 'l2_leaf_reg': 7, 'learning_rate': 0.1, 'random_strength': 2, 'scale_pos_weight': 1}",0.965452847805789,0.972998137802607,0.9769194536033915,0.9717901464039292,0.004758514792373952,63
334,11.875913778940836,0.1791004285329828,0.04816722869873047,0.0069836654694635,1.0,6,600,7,0.1,2,2,"{'bagging_temperature': 1.0, 'depth': 6, 'iterations': 600, 'l2_leaf_reg': 7, 'learning_rate': 0.1, 'random_strength': 2, 'scale_pos_weight': 2}",0.9599263012436665,0.9672660212079299,0.9743110695936479,0.9671677973484147,0.005872967794087868,189
335,11.850724379221598,0.28077119349633195,0.05403057734171549,0.004858244570642142,1.0,6,600,7,0.1,2,3,"{'bagging_temperature': 1.0, 'depth': 6, 'iterations': 600, 'l2_leaf_reg': 7, 'learning_rate': 0.1, 'random_strength': 2, 'scale_pos_weight': 3}",0.9532030895047705,0.9647274393037105,0.9730983302411875,0.9636762863498896,0.008156136458284717,269
336,18.08156355222066,0.13016406425471871,0.06244325637817383,0.0061426182183849575,1.0,6,900,3,0.05,1,1,"{'bagging_temperature': 1.0, 'depth': 6, 'iterations': 900, 'l2_leaf_reg': 3, 'learning_rate': 0.05, 'random_strength': 1, 'scale_pos_weight': 1}",0.9677117454375292,0.9729477611940298,0.9783631232361242,0.9730075432892278,0.004348612244251411,23
337,18.10256512959798,0.12086247781688575,0.07516765594482422,0.00403102263102196,1.0,6,900,3,0.05,1,2,"{'bagging_temperature': 1.0, 'depth': 6, 'iterations': 900, 'l2_leaf_reg': 3, 'learning_rate': 0.05, 'random_strength': 1, 'scale_pos_weight': 2}",0.9648798521256932,0.9686057248384119,0.9748134328358209,0.969433003266642,0.004097340489432674,123
338,17.64072100321452,0.34484493082838086,0.06496961911519368,0.001986781663495435,1.0,6,900,3,0.05,1,3,"{'bagging_temperature': 1.0, 'depth': 6, 'iterations': 900, 'l2_leaf_reg': 3, 'learning_rate': 0.05, 'random_strength': 1, 'scale_pos_weight': 3}",0.9605504587155964,0.9628610729023384,0.969893469198703,0.9644350002722125,0.0039733190782257725,257
339,17.750480890274048,0.0822502414520242,0.06151445706685384,0.01120262829914774,1.0,6,900,3,0.05,2,1,"{'bagging_temperature': 1.0, 'depth': 6, 'iterations': 900, 'l2_leaf_reg': 3, 'learning_rate': 0.05, 'random_strength': 2, 'scale_pos_weight': 1}",0.9674115456238361,0.9747899159663864,0.9783631232361242,0.9735215282754489,0.0045600342506303985,11
340,17.5172217686971,0.059283654248285474,0.05930447578430176,0.00683512419358266,1.0,6,900,3,0.05,2,2,"{'bagging_temperature': 1.0, 'depth': 6, 'iterations': 900, 'l2_leaf_reg': 3, 'learning_rate': 0.05, 'random_strength': 2, 'scale_pos_weight': 2}",0.9634766527970412,0.9668202764976959,0.9747899159663865,0.9683622817537079,0.004745581526844586,163
341,17.50293223063151,0.21399715744638212,0.06147503852844238,0.0017508198620603279,1.0,6,900,3,0.05,2,3,"{'bagging_temperature': 1.0, 'depth': 6, 'iterations': 900, 'l2_leaf_reg': 3, 'learning_rate': 0.05, 'random_strength': 2, 'scale_pos_weight': 3}",0.9599631845375058,0.9646302250803858,0.9721448467966574,0.9655794188048498,0.0050182301258465175,235
342,17.421967426935833,0.22284168004094618,0.058601935704549156,0.005218104592179226,1.0,6,900,3,0.1,1,1,"{'bagging_temperature': 1.0, 'depth': 6, 'iterations': 900, 'l2_leaf_reg': 3, 'learning_rate': 0.1, 'random_strength': 1, 'scale_pos_weight': 1}",0.9686182669789227,0.9734265734265733,0.9797456429580782,0.9739301611211914,0.004556667237502985,3
343,17.220029671986897,0.04991042964575623,0.0643777847290039,0.008345351142060082,1.0,6,900,3,0.1,1,2,"{'bagging_temperature': 1.0, 'depth': 6, 'iterations': 900, 'l2_leaf_reg': 3, 'learning_rate': 0.1, 'random_strength': 1, 'scale_pos_weight': 2}",0.9656133828996283,0.9707656612529002,0.9760900140646975,0.970823019405742,0.00427725906085491,91
344,16.838898022969563,0.3045658906490441,0.06868251164754231,0.0070629344103264905,1.0,6,900,3,0.1,1,3,"{'bagging_temperature': 1.0, 'depth': 6, 'iterations': 900, 'l2_leaf_reg': 3, 'learning_rate': 0.1, 'random_strength': 1, 'scale_pos_weight': 3}",0.9621421975992612,0.9637780834479597,0.9738805970149255,0.9666002926873821,0.005191091982343579,205
345,17.433807214101154,0.17833131973177407,0.0606532096862793,0.004198449261035082,1.0,6,900,3,0.1,2,1,"{'bagging_temperature': 1.0, 'depth': 6, 'iterations': 900, 'l2_leaf_reg': 3, 'learning_rate': 0.1, 'random_strength': 2, 'scale_pos_weight': 1}",0.96671354899203,0.9742870500233753,0.9802259887005649,0.9737421959053233,0.005529867763739395,5
346,17.33183280626933,0.2239272836413451,0.06724166870117188,0.010140574118499572,1.0,6,900,3,0.1,2,2,"{'bagging_temperature': 1.0, 'depth': 6, 'iterations': 900, 'l2_leaf_reg': 3, 'learning_rate': 0.1, 'random_strength': 2, 'scale_pos_weight': 2}",0.9671144048170449,0.9717461787864752,0.9812382739212007,0.9733662858415736,0.005878745884983523,19
347,17.034312804539997,0.025778249246385422,0.06493902206420898,0.008979543504000376,1.0,6,900,3,0.1,2,3,"{'bagging_temperature': 1.0, 'depth': 6, 'iterations': 900, 'l2_leaf_reg': 3, 'learning_rate': 0.1, 'random_strength': 2, 'scale_pos_weight': 3}",0.9684308263695451,0.9681881051175657,0.9739292364990689,0.9701827226620598,0.0026510378910551964,103
348,17.50862757364909,0.0662036401059826,0.0630498727162679,0.007957611007310662,1.0,6,900,7,0.05,1,1,"{'bagging_temperature': 1.0, 'depth': 6, 'iterations': 900, 'l2_leaf_reg': 7, 'learning_rate': 0.05, 'random_strength': 1, 'scale_pos_weight': 1}",0.965935604293047,0.9697533736621684,0.9765037593984963,0.9707309124512372,0.00436945169300902,95
349,17.726916948954266,0.13151017683527652,0.07300464312235515,0.010309203556439595,1.0,6,900,7,0.05,1,2,"{'bagging_temperature': 1.0, 'depth': 6, 'iterations': 900, 'l2_leaf_reg': 7, 'learning_rate': 0.05, 'random_strength': 1, 'scale_pos_weight': 2}",0.9617687701520037,0.9646626893070215,0.9716147045137273,0.9660153879909176,0.004131823742683381,221
350,17.699629227320354,0.1302476653785669,0.09090439478556316,0.0029963992763956844,1.0,6,900,7,0.05,1,3,"{'bagging_temperature': 1.0, 'depth': 6, 'iterations': 900, 'l2_leaf_reg': 7, 'learning_rate': 0.05, 'random_strength': 1, 'scale_pos_weight': 3}",0.9552919708029197,0.9598173515981735,0.9694727104532841,0.9615273442847924,0.005914186362697282,313
351,18.26054271062215,0.17616850972963885,0.06873512268066406,0.007061512113251361,1.0,6,900,7,0.05,2,1,"{'bagging_temperature': 1.0, 'depth': 6, 'iterations': 900, 'l2_leaf_reg': 7, 'learning_rate': 0.05, 'random_strength': 2, 'scale_pos_weight': 1}",0.9682835820895522,0.9707385044124478,0.975586854460094,0.9715363136540313,0.003034449045988046,69
352,18.53215829531352,0.18546028595780567,0.06699347496032715,0.010249486728164016,1.0,6,900,7,0.05,2,2,"{'bagging_temperature': 1.0, 'depth': 6, 'iterations': 900, 'l2_leaf_reg': 7, 'learning_rate': 0.05, 'random_strength': 2, 'scale_pos_weight': 2}",0.9613615455381785,0.9659613615455382,0.972972972972973,0.9667652933522298,0.004774309131922122,201
353,18.463435252507526,0.03160923660001108,0.06381805737813313,0.0024275826893686552,1.0,6,900,7,0.05,2,3,"{'bagging_temperature': 1.0, 'depth': 6, 'iterations': 900, 'l2_leaf_reg': 7, 'learning_rate': 0.05, 'random_strength': 2, 'scale_pos_weight': 3}",0.9522075557578517,0.960292104062072,0.9698655540101994,0.960788404610041,0.007217384625352613,325
354,18.337470213572185,0.09173183408323206,0.07772453625996907,0.01419609562714307,1.0,6,900,7,0.1,1,1,"{'bagging_temperature': 1.0, 'depth': 6, 'iterations': 900, 'l2_leaf_reg': 7, 'learning_rate': 0.1, 'random_strength': 1, 'scale_pos_weight': 1}",0.9672897196261683,0.9706019598693421,0.9778615167216204,0.9719177320723769,0.004415062538217826,57
355,18.53095841407776,0.20070098149648102,0.07075746854146321,0.010103776347374447,1.0,6,900,7,0.1,1,2,"{'bagging_temperature': 1.0, 'depth': 6, 'iterations': 900, 'l2_leaf_reg': 7, 'learning_rate': 0.1, 'random_strength': 1, 'scale_pos_weight': 2}",0.9621421975992612,0.969472710453284,0.9770276605719643,0.9695475228748366,0.006077195057576188,119
356,19.155782381693523,0.12341265098396319,0.07195019721984863,0.0067409679690605415,1.0,6,900,7,0.1,1,3,"{'bagging_temperature': 1.0, 'depth': 6, 'iterations': 900, 'l2_leaf_reg': 7, 'learning_rate': 0.1, 'random_strength': 1, 'scale_pos_weight': 3}",0.9591180523656408,0.9637448370812298,0.9726725335803612,0.9651784743424106,0.005625683786440914,247
357,19.70367916425069,0.10941883190705122,0.08033251762390137,0.014242992090797641,1.0,6,900,7,0.1,2,1,"{'bagging_temperature': 1.0, 'depth': 6, 'iterations': 900, 'l2_leaf_reg': 7, 'learning_rate': 0.1, 'random_strength': 2, 'scale_pos_weight': 1}",0.967741935483871,0.9720410065237651,0.9778615167216204,0.9725481529097522,0.004146836480938775,39
358,19.904561678568523,0.40062334815305234,0.08233014742533366,0.008415403403435384,1.0,6,900,7,0.1,2,2,"{'bagging_temperature': 1.0, 'depth': 6, 'iterations': 900, 'l2_leaf_reg': 7, 'learning_rate': 0.1, 'random_strength': 2, 'scale_pos_weight': 2}",0.9644341801385681,0.9677121771217712,0.9775070290534208,0.9698844621045867,0.00555361511225291,111
359,20.14870047569275,0.41402468161122224,0.09224367141723633,0.0009510576789568681,1.0,6,900,7,0.1,2,3,"{'bagging_temperature': 1.0, 'depth': 6, 'iterations': 900, 'l2_leaf_reg': 7, 'learning_rate': 0.1, 'random_strength': 2, 'scale_pos_weight': 3}",0.9522510231923601,0.9651695692025664,0.9735498839907192,0.9636568254618818,0.00876077101042689,271
360,13.299155712127686,0.06532065121056808,0.061321417490641274,0.00598676692146366,1.0,8,300,3,0.05,1,1,"{'bagging_temperature': 1.0, 'depth': 8, 'iterations': 300, 'l2_leaf_reg': 3, 'learning_rate': 0.05, 'random_strength': 1, 'scale_pos_weight': 1}",0.9641360037261295,0.9680111265646731,0.9699812382739211,0.9673761228549079,0.0024281836851490278,185
361,13.218012571334839,0.11970671568335665,0.05980944633483887,0.007002325218116045,1.0,8,300,3,0.05,1,2,"{'bagging_temperature': 1.0, 'depth': 8, 'iterations': 300, 'l2_leaf_reg': 3, 'learning_rate': 0.05, 'random_strength': 1, 'scale_pos_weight': 2}",0.9578368469294225,0.9633699633699634,0.9734760353652863,0.964894281888224,0.006475014231230074,249
362,13.582271337509155,0.11714745510106243,0.05635714530944824,0.00956409758645208,1.0,8,300,3,0.05,1,3,"{'bagging_temperature': 1.0, 'depth': 8, 'iterations': 300, 'l2_leaf_reg': 3, 'learning_rate': 0.05, 'random_strength': 1, 'scale_pos_weight': 3}",0.9509981851179673,0.95985401459854,0.9690531177829099,0.9599684391664725,0.007371339458570286,339
363,13.68155606587728,0.03452888225897338,0.056797027587890625,0.0047025934061504125,1.0,8,300,3,0.05,2,1,"{'bagging_temperature': 1.0, 'depth': 8, 'iterations': 300, 'l2_leaf_reg': 3, 'learning_rate': 0.05, 'random_strength': 2, 'scale_pos_weight': 1}",0.9632728963272896,0.9685185185185186,0.9708920187793427,0.967561144541717,0.003183308596773443,183
364,13.56782070795695,0.15089284718092197,0.056141932805379234,0.001353707594371925,1.0,8,300,3,0.05,2,2,"{'bagging_temperature': 1.0, 'depth': 8, 'iterations': 300, 'l2_leaf_reg': 3, 'learning_rate': 0.05, 'random_strength': 2, 'scale_pos_weight': 2}",0.9584285061671997,0.9628610729023384,0.9712962962962964,0.9641952917886115,0.005337297114269609,261
365,13.390655676523844,0.07664470615801444,0.05308246612548828,0.002299814730259609,1.0,8,300,3,0.05,2,3,"{'bagging_temperature': 1.0, 'depth': 8, 'iterations': 300, 'l2_leaf_reg': 3, 'learning_rate': 0.05, 'random_strength': 2, 'scale_pos_weight': 3}",0.9510869565217391,0.9572727272727273,0.9677716390423572,0.9587104409456079,0.006886940450705488,361
366,13.881444374720255,0.11420108605486737,0.04613717397054037,0.0036779061655170683,1.0,8,300,3,0.1,1,1,"{'bagging_temperature': 1.0, 'depth': 8, 'iterations': 300, 'l2_leaf_reg': 3, 'learning_rate': 0.1, 'random_strength': 1, 'scale_pos_weight': 1}",0.9668069191210846,0.9725453699395068,0.9764816556914393,0.9719446482506768,0.003972470418351154,53
367,13.5670325756073,0.12787206612146162,0.07699259122212727,0.009166640241642559,1.0,8,300,3,0.1,1,2,"{'bagging_temperature': 1.0, 'depth': 8, 'iterations': 300, 'l2_leaf_reg': 3, 'learning_rate': 0.1, 'random_strength': 1, 'scale_pos_weight': 2}",0.9635103926096998,0.9685476410730806,0.9747663551401868,0.968941462940989,0.004603657594396295,143
368,14.088616609573364,0.06889128082812897,0.0546868642171224,0.008926086189043655,1.0,8,300,3,0.1,1,3,"{'bagging_temperature': 1.0, 'depth': 8, 'iterations': 300, 'l2_leaf_reg': 3, 'learning_rate': 0.1, 'random_strength': 1, 'scale_pos_weight': 3}",0.96,0.961978928080623,0.9748369058713887,0.9656052779840039,0.006577550414119499,227
369,14.065288464228312,0.129356644497575,0.05496835708618164,0.00584081916738763,1.0,8,300,3,0.1,2,1,"{'bagging_temperature': 1.0, 'depth': 8, 'iterations': 300, 'l2_leaf_reg': 3, 'learning_rate': 0.1, 'random_strength': 2, 'scale_pos_weight': 1}",0.9664179104477613,0.9715882626921286,0.9779031499764927,0.9719697743721275,0.004696583519223717,51
370,13.714425802230835,0.03500918291365394,0.060348192850748696,0.005783222241575572,1.0,8,300,3,0.1,2,2,"{'bagging_temperature': 1.0, 'depth': 8, 'iterations': 300, 'l2_leaf_reg': 3, 'learning_rate': 0.1, 'random_strength': 2, 'scale_pos_weight': 2}",0.968995835261453,0.9667590027700831,0.9743110695936479,0.9700219692083948,0.003167348153129208,109
371,13.790133953094482,0.05444580933722601,0.06108975410461426,0.0023105747612401405,1.0,8,300,3,0.1,2,3,"{'bagging_temperature': 1.0, 'depth': 8, 'iterations': 300, 'l2_leaf_reg': 3, 'learning_rate': 0.1, 'random_strength': 2, 'scale_pos_weight': 3}",0.9609195402298851,0.9659926470588235,0.9749070631970261,0.967273083495245,0.005781714727763787,187
372,13.956738630930582,0.14909491464272548,0.07082335154215495,0.013123433263243322,1.0,8,300,7,0.05,1,1,"{'bagging_temperature': 1.0, 'depth': 8, 'iterations': 300, 'l2_leaf_reg': 7, 'learning_rate': 0.05, 'random_strength': 1, 'scale_pos_weight': 1}",0.9655813953488371,0.96708391284191,0.9714285714285715,0.9680312932064395,0.002479316329579139,169
373,13.901729583740234,0.12011665477536523,0.051378329594930015,0.008934893172680697,1.0,8,300,7,0.05,1,2,"{'bagging_temperature': 1.0, 'depth': 8, 'iterations': 300, 'l2_leaf_reg': 7, 'learning_rate': 0.05, 'random_strength': 1, 'scale_pos_weight': 2}",0.9517743403093722,0.959780621572212,0.968967114404817,0.9601740254288004,0.0070244309482468785,335
374,13.743464231491089,0.09553302570176658,0.05494228998819987,0.0010551220855092571,1.0,8,300,7,0.05,1,3,"{'bagging_temperature': 1.0, 'depth': 8, 'iterations': 300, 'l2_leaf_reg': 7, 'learning_rate': 0.05, 'random_strength': 1, 'scale_pos_weight': 3}",0.9502262443438914,0.9559691330004539,0.96688132474701,0.9576922340304518,0.0069077122927093506,377
375,13.825414896011353,0.242530499649963,0.0626218318939209,0.00842965187229269,1.0,8,300,7,0.05,2,1,"{'bagging_temperature': 1.0, 'depth': 8, 'iterations': 300, 'l2_leaf_reg': 7, 'learning_rate': 0.05, 'random_strength': 2, 'scale_pos_weight': 1}",0.962308050255933,0.9662505779010633,0.9704918032786887,0.9663501438118951,0.003341744894743399,211
376,13.32765237490336,0.07588784296254497,0.05215334892272949,0.004638946439559054,1.0,8,300,7,0.05,2,2,"{'bagging_temperature': 1.0, 'depth': 8, 'iterations': 300, 'l2_leaf_reg': 7, 'learning_rate': 0.05, 'random_strength': 2, 'scale_pos_weight': 2}",0.9518619436875567,0.9593792788680968,0.9703977798334876,0.9605463341297137,0.00761208770727849,329
377,13.371086438496908,0.21717068651573065,0.055449485778808594,0.009310574417882272,1.0,8,300,7,0.05,2,3,"{'bagging_temperature': 1.0, 'depth': 8, 'iterations': 300, 'l2_leaf_reg': 7, 'learning_rate': 0.05, 'random_strength': 2, 'scale_pos_weight': 3}",0.9497964721845319,0.9555757026291931,0.9642529789184234,0.9565417179107162,0.005941242063175279,393
378,13.88473629951477,0.06982405329459566,0.05501095453898112,0.007164997605481534,1.0,8,300,7,0.1,1,1,"{'bagging_temperature': 1.0, 'depth': 8, 'iterations': 300, 'l2_leaf_reg': 7, 'learning_rate': 0.1, 'random_strength': 1, 'scale_pos_weight': 1}",0.965935604293047,0.966604823747681,0.9727443609022556,0.9684282629809946,0.0030641463867392277,157
379,13.846133788426718,0.12068740635198476,0.048820813496907554,0.005413331220309634,1.0,8,300,7,0.1,1,2,"{'bagging_temperature': 1.0, 'depth': 8, 'iterations': 300, 'l2_leaf_reg': 7, 'learning_rate': 0.1, 'random_strength': 1, 'scale_pos_weight': 2}",0.9640221402214023,0.9621771217712177,0.9724941724941725,0.9662311448289308,0.004492227355634541,215
380,13.775509913762411,0.27435281556086877,0.06673137346903484,0.021530373282047488,1.0,8,300,7,0.1,1,3,"{'bagging_temperature': 1.0, 'depth': 8, 'iterations': 300, 'l2_leaf_reg': 7, 'learning_rate': 0.1, 'random_strength': 1, 'scale_pos_weight': 3}",0.9573590096286108,0.9594163246694025,0.9716937354988399,0.9628230232656176,0.0063285220990762555,289
381,13.959940274556478,0.260718931553757,0.054413795471191406,0.011618767233047384,1.0,8,300,7,0.1,2,1,"{'bagging_temperature': 1.0, 'depth': 8, 'iterations': 300, 'l2_leaf_reg': 7, 'learning_rate': 0.1, 'random_strength': 2, 'scale_pos_weight': 1}",0.9644527595884004,0.966604823747681,0.975129047395589,0.9687288769105568,0.004610096290716957,153
382,13.89366857210795,0.05878908811760928,0.07176685333251953,0.015440759749686808,1.0,8,300,7,0.1,2,2,"{'bagging_temperature': 1.0, 'depth': 8, 'iterations': 300, 'l2_leaf_reg': 7, 'learning_rate': 0.1, 'random_strength': 2, 'scale_pos_weight': 2}",0.96398891966759,0.9626900046061723,0.9743828598043783,0.9670205946927135,0.005232845355063971,197
383,14.260820468266806,0.16494723334682385,0.04932697614034017,0.00244035426007179,1.0,8,300,7,0.1,2,3,"{'bagging_temperature': 1.0, 'depth': 8, 'iterations': 300, 'l2_leaf_reg': 7, 'learning_rate': 0.1, 'random_strength': 2, 'scale_pos_weight': 3}",0.9548151528982199,0.964154411764706,0.9721448467966574,0.9637048038198611,0.007081957503940816,267
384,28.329046090443928,0.19427936902912582,0.0762933890024821,0.018982474344409306,1.0,8,600,3,0.05,1,1,"{'bagging_temperature': 1.0, 'depth': 8, 'iterations': 600, 'l2_leaf_reg': 3, 'learning_rate': 0.05, 'random_strength': 1, 'scale_pos_weight': 1}",0.967381174277726,0.9715617715617717,0.9764595103578155,0.9718008187324377,0.0037100677584213627,61
385,27.919796307881672,0.21533184669286004,0.07394607861836751,0.008258075691469007,1.0,8,600,3,0.05,1,2,"{'bagging_temperature': 1.0, 'depth': 8, 'iterations': 600, 'l2_leaf_reg': 3, 'learning_rate': 0.05, 'random_strength': 1, 'scale_pos_weight': 2}",0.963922294172063,0.9690531177829099,0.9785247432306255,0.9705000517285328,0.006048586226506463,97
386,27.92532006899516,0.05369663067184603,0.05946739514668783,0.004047897075362966,1.0,8,600,3,0.05,1,3,"{'bagging_temperature': 1.0, 'depth': 8, 'iterations': 600, 'l2_leaf_reg': 3, 'learning_rate': 0.05, 'random_strength': 1, 'scale_pos_weight': 3}",0.9577981651376148,0.9633027522935781,0.9748603351955307,0.9653204175422413,0.007110210571802471,243
387,27.707364797592163,0.20392173703247593,0.0672744909922282,0.007751727605075744,1.0,8,600,3,0.05,2,1,"{'bagging_temperature': 1.0, 'depth': 8, 'iterations': 600, 'l2_leaf_reg': 3, 'learning_rate': 0.05, 'random_strength': 2, 'scale_pos_weight': 1}",0.9687354176388241,0.9725708972570897,0.9765258215962441,0.9726107121640526,0.003180543703526048,33
388,27.54669467608134,0.3527007772451724,0.07284164428710938,0.015699468415566607,1.0,8,600,3,0.05,2,2,"{'bagging_temperature': 1.0, 'depth': 8, 'iterations': 600, 'l2_leaf_reg': 3, 'learning_rate': 0.05, 'random_strength': 2, 'scale_pos_weight': 2}",0.9676225716928769,0.9663128749423167,0.975268315445637,0.9697345873602768,0.003949298358496488,113
389,26.824763695398968,0.4123664892341289,0.0765238602956136,0.0070608378562225125,1.0,8,600,3,0.05,2,3,"{'bagging_temperature': 1.0, 'depth': 8, 'iterations': 600, 'l2_leaf_reg': 3, 'learning_rate': 0.05, 'random_strength': 2, 'scale_pos_weight': 3}",0.9632690541781451,0.9641873278236914,0.9739776951672863,0.9671446923897076,0.004846184192456612,191
390,27.304808298746746,0.07617646722073385,0.06902090708414714,0.0008660524684666361,1.0,8,600,3,0.1,1,1,"{'bagging_temperature': 1.0, 'depth': 8, 'iterations': 600, 'l2_leaf_reg': 3, 'learning_rate': 0.1, 'random_strength': 1, 'scale_pos_weight': 1}",0.9681647940074908,0.974335044330378,0.9778823529411764,0.9734607304263484,0.004015059693163396,15
391,27.068896611531574,0.07230978406905222,0.06706452369689941,0.010018109621805266,1.0,8,600,3,0.1,1,2,"{'bagging_temperature': 1.0, 'depth': 8, 'iterations': 600, 'l2_leaf_reg': 3, 'learning_rate': 0.1, 'random_strength': 1, 'scale_pos_weight': 2}",0.9679516953088714,0.9707927677329624,0.974671669793621,0.9711387109451516,0.00275430230711472,83
392,27.126184463500977,0.13069391664509442,0.06951347986857097,0.0037627280094955882,1.0,8,600,3,0.1,1,3,"{'bagging_temperature': 1.0, 'depth': 8, 'iterations': 600, 'l2_leaf_reg': 3, 'learning_rate': 0.1, 'random_strength': 1, 'scale_pos_weight': 3}",0.9635103926096998,0.9681881051175657,0.9766355140186915,0.9694446705819857,0.005431477427917919,121
393,27.233068625132244,0.13670324107366574,0.06320667266845703,0.006010524028347074,1.0,8,600,3,0.1,2,1,"{'bagging_temperature': 1.0, 'depth': 8, 'iterations': 600, 'l2_leaf_reg': 3, 'learning_rate': 0.1, 'random_strength': 2, 'scale_pos_weight': 1}",0.9671669793621014,0.9728971962616824,0.9806877060763071,0.9735839605666969,0.0055411338567745855,9
394,26.81638018290202,0.29798283113237434,0.0611886183420817,0.005302712214863875,1.0,8,600,3,0.1,2,2,"{'bagging_temperature': 1.0, 'depth': 8, 'iterations': 600, 'l2_leaf_reg': 3, 'learning_rate': 0.1, 'random_strength': 2, 'scale_pos_weight': 2}",0.9698375870069605,0.9685185185185186,0.9779653070792312,0.9721071375349034,0.00417720785747828,43
395,26.99090592066447,0.3270134167254518,0.06663839022318523,0.0028503593049765586,1.0,8,600,3,0.1,2,3,"{'bagging_temperature': 1.0, 'depth': 8, 'iterations': 600, 'l2_leaf_reg': 3, 'learning_rate': 0.1, 'random_strength': 2, 'scale_pos_weight': 3}",0.963544070143055,0.9663749424228466,0.9752452125175152,0.9683880750278057,0.004984556842937235,161
396,27.306168635686237,0.13094195680395565,0.08508340517679851,0.00518768087847463,1.0,8,600,7,0.05,1,1,"{'bagging_temperature': 1.0, 'depth': 8, 'iterations': 600, 'l2_leaf_reg': 7, 'learning_rate': 0.05, 'random_strength': 1, 'scale_pos_weight': 1}",0.9677720691265764,0.9675625579240037,0.9751056834194458,0.9701467701566754,0.0035075242262657515,105
397,27.58021378517151,0.12358304205382346,0.07999062538146973,0.015563335364092538,1.0,8,600,7,0.05,1,2,"{'bagging_temperature': 1.0, 'depth': 8, 'iterations': 600, 'l2_leaf_reg': 7, 'learning_rate': 0.05, 'random_strength': 1, 'scale_pos_weight': 2}",0.9658356417359187,0.9654855039116428,0.9729981378026071,0.968106427816723,0.0034619136387742666,167
398,27.259907007217407,0.22888485861833732,0.060673157374064125,0.004166877443220321,1.0,8,600,7,0.05,1,3,"{'bagging_temperature': 1.0, 'depth': 8, 'iterations': 600, 'l2_leaf_reg': 7, 'learning_rate': 0.05, 'random_strength': 1, 'scale_pos_weight': 3}",0.9531178880291307,0.9611694837825491,0.9717199814557255,0.9620024510891351,0.007617079311797544,303
399,27.276565392812092,0.20166350692500754,0.06626661618550618,0.002781452715395476,1.0,8,600,7,0.05,2,1,"{'bagging_temperature': 1.0, 'depth': 8, 'iterations': 600, 'l2_leaf_reg': 7, 'learning_rate': 0.05, 'random_strength': 2, 'scale_pos_weight': 1}",0.9659037832788416,0.9702602230483272,0.9769628584861307,0.9710422882710997,0.0045485899367915476,85
400,27.277523676554363,0.27295165941514204,0.0619818369547526,0.0060243085919562105,1.0,8,600,7,0.05,2,2,"{'bagging_temperature': 1.0, 'depth': 8, 'iterations': 600, 'l2_leaf_reg': 7, 'learning_rate': 0.05, 'random_strength': 2, 'scale_pos_weight': 2}",0.9617335177501154,0.9645651173492866,0.9729477611940298,0.9664154654311439,0.004761488214334476,207
401,27.17192244529724,0.14701151100110507,0.07234795888264973,0.009203663862953964,1.0,8,600,7,0.05,2,3,"{'bagging_temperature': 1.0, 'depth': 8, 'iterations': 600, 'l2_leaf_reg': 7, 'learning_rate': 0.05, 'random_strength': 2, 'scale_pos_weight': 3}",0.9574370709382151,0.9628950984883188,0.9703703703703703,0.9635675132656347,0.005301362389361912,279
402,27.440109888712566,0.14778609632350587,0.07869815826416016,0.003873199320669226,1.0,8,600,7,0.1,1,1,"{'bagging_temperature': 1.0, 'depth': 8, 'iterations': 600, 'l2_leaf_reg': 7, 'learning_rate': 0.1, 'random_strength': 1, 'scale_pos_weight': 1}",0.967741935483871,0.9697533736621684,0.978763567720623,0.9720862922888874,0.004792422927895127,47
403,27.08441948890686,0.20232794643289995,0.06955321629842122,0.010255100923750727,1.0,8,600,7,0.1,1,2,"{'bagging_temperature': 1.0, 'depth': 8, 'iterations': 600, 'l2_leaf_reg': 7, 'learning_rate': 0.1, 'random_strength': 1, 'scale_pos_weight': 2}",0.9662193428968071,0.9666666666666667,0.9747663551401868,0.9692174549012202,0.003927912510505062,137
404,26.500656684239704,0.252641738225645,0.07120132446289062,0.005817476592084723,1.0,8,600,7,0.1,1,3,"{'bagging_temperature': 1.0, 'depth': 8, 'iterations': 600, 'l2_leaf_reg': 7, 'learning_rate': 0.1, 'random_strength': 1, 'scale_pos_weight': 3}",0.9604415823367065,0.9663749424228466,0.9716147045137273,0.9661437430910936,0.004564336727565934,217
405,26.8045752843221,0.16114380631813857,0.06860287984212239,0.0020888245023876913,1.0,8,600,7,0.1,2,1,"{'bagging_temperature': 1.0, 'depth': 8, 'iterations': 600, 'l2_leaf_reg': 7, 'learning_rate': 0.1, 'random_strength': 2, 'scale_pos_weight': 1}",0.964871194379391,0.9706840390879479,0.9774223894637817,0.9709925409770402,0.005128645342471937,87
406,26.568443934122723,0.1412340437704433,0.06647419929504395,0.005895661877532555,1.0,8,600,7,0.1,2,2,"{'bagging_temperature': 1.0, 'depth': 8, 'iterations': 600, 'l2_leaf_reg': 7, 'learning_rate': 0.1, 'random_strength': 2, 'scale_pos_weight': 2}",0.9653579676674365,0.968070337806571,0.9756782039289056,0.969702169800971,0.004368369327075098,115
407,26.65524474779765,0.32921330530520954,0.07912699381510417,0.005128585404650163,1.0,8,600,7,0.1,2,3,"{'bagging_temperature': 1.0, 'depth': 8, 'iterations': 600, 'l2_leaf_reg': 7, 'learning_rate': 0.1, 'random_strength': 2, 'scale_pos_weight': 3}",0.9653259361997225,0.9676823638042474,0.9743589743589743,0.9691224247876481,0.003825726625845916,139
408,40.95003732045492,0.3162302957445681,0.07216866811116536,0.012527974573518359,1.0,8,900,3,0.05,1,1,"{'bagging_temperature': 1.0, 'depth': 8, 'iterations': 900, 'l2_leaf_reg': 3, 'learning_rate': 0.05, 'random_strength': 1, 'scale_pos_weight': 1}",0.9668688754083061,0.9719887955182073,0.9774011299435028,0.9720862669566722,0.004300327267354589,49
409,40.60989467302958,0.12237446697925974,0.07915790875752766,0.012952211466667325,1.0,8,900,3,0.05,1,2,"{'bagging_temperature': 1.0, 'depth': 8, 'iterations': 900, 'l2_leaf_reg': 3, 'learning_rate': 0.05, 'random_strength': 1, 'scale_pos_weight': 2}",0.9661566991191469,0.9703703703703703,0.9775280898876404,0.9713517197923859,0.004693926360629044,77
410,41.367456356684364,0.929768623765869,0.13017074267069498,0.05271810299927349,1.0,8,900,3,0.05,1,3,"{'bagging_temperature': 1.0, 'depth': 8, 'iterations': 900, 'l2_leaf_reg': 3, 'learning_rate': 0.05, 'random_strength': 1, 'scale_pos_weight': 3}",0.9604415823367065,0.9667896678966789,0.9762237762237763,0.9678183421523873,0.006483982264808861,175
411,42.51533730824789,0.09017988586170417,0.10246213277180989,0.005070335390318004,1.0,8,900,3,0.05,2,1,"{'bagging_temperature': 1.0, 'depth': 8, 'iterations': 900, 'l2_leaf_reg': 3, 'learning_rate': 0.05, 'random_strength': 2, 'scale_pos_weight': 1}",0.9696119682094437,0.9734265734265733,0.9774011299435028,0.9734798905265066,0.003180135444148203,13
412,42.57627431551615,0.3168057129882761,0.07706109682718913,0.0036669663403538304,1.0,8,900,3,0.05,2,2,"{'bagging_temperature': 1.0, 'depth': 8, 'iterations': 900, 'l2_leaf_reg': 3, 'learning_rate': 0.05, 'random_strength': 2, 'scale_pos_weight': 2}",0.9689383402874363,0.9694444444444444,0.9761347683668694,0.9715058510329166,0.003279653652228234,71
413,42.63837734858195,0.1823878443722406,0.06512244542439778,0.012937059317182677,1.0,8,900,3,0.05,2,3,"{'bagging_temperature': 1.0, 'depth': 8, 'iterations': 900, 'l2_leaf_reg': 3, 'learning_rate': 0.05, 'random_strength': 2, 'scale_pos_weight': 3}",0.9630996309963101,0.9658986175115206,0.9762237762237763,0.9684073415772024,0.005643938891483731,159
414,42.51746956507365,0.41367501842633636,0.09104458491007487,0.0029239480504612003,1.0,8,900,3,0.1,1,1,"{'bagging_temperature': 1.0, 'depth': 8, 'iterations': 900, 'l2_leaf_reg': 3, 'learning_rate': 0.1, 'random_strength': 1, 'scale_pos_weight': 1}",0.9686476368741226,0.9743110695936478,0.9797265440829797,0.9742284168502501,0.004523322513566745,1
415,42.401870330174766,0.16423498846382703,0.08881338437398274,0.011365395511090502,1.0,8,900,3,0.1,1,2,"{'bagging_temperature': 1.0, 'depth': 8, 'iterations': 900, 'l2_leaf_reg': 3, 'learning_rate': 0.1, 'random_strength': 1, 'scale_pos_weight': 2}",0.9688227082363889,0.970819823992589,0.975129047395589,0.9715905265415223,0.0026315984004547936,67
416,41.80830454826355,0.14303495987153939,0.07663162549336751,0.014519541734338537,1.0,8,900,3,0.1,1,3,"{'bagging_temperature': 1.0, 'depth': 8, 'iterations': 900, 'l2_leaf_reg': 3, 'learning_rate': 0.1, 'random_strength': 1, 'scale_pos_weight': 3}",0.9635103926096998,0.9672358098754038,0.9770706598034629,0.9692722874295221,0.0057201772823857085,133
417,40.9470222791036,0.700882106492061,0.08771379788716634,0.003652528020590758,1.0,8,900,3,0.1,2,1,"{'bagging_temperature': 1.0, 'depth': 8, 'iterations': 900, 'l2_leaf_reg': 3, 'learning_rate': 0.1, 'random_strength': 2, 'scale_pos_weight': 1}",0.9671361502347418,0.9724427837459131,0.9806877060763071,0.9734222133523206,0.005575579383776868,17
418,39.97964827219645,0.0635284128475108,0.07295727729797363,0.003824151230270528,1.0,8,900,3,0.1,2,2,"{'bagging_temperature': 1.0, 'depth': 8, 'iterations': 900, 'l2_leaf_reg': 3, 'learning_rate': 0.1, 'random_strength': 2, 'scale_pos_weight': 2}",0.9716674407803065,0.9689383402874362,0.9779653070792312,0.9728570293823245,0.003780024086923362,25
419,39.396533727645874,0.26168289083680296,0.07770109176635742,0.006082667234017931,1.0,8,900,3,0.1,2,3,"{'bagging_temperature': 1.0, 'depth': 8, 'iterations': 900, 'l2_leaf_reg': 3, 'learning_rate': 0.1, 'random_strength': 2, 'scale_pos_weight': 3}",0.9640221402214023,0.9686057248384119,0.9776119402985074,0.9700799351194406,0.0056450945370554095,107
420,40.44169529279073,0.17355810322689755,0.0901181697845459,0.013711993578466518,1.0,8,900,7,0.05,1,1,"{'bagging_temperature': 1.0, 'depth': 8, 'iterations': 900, 'l2_leaf_reg': 7, 'learning_rate': 0.05, 'random_strength': 1, 'scale_pos_weight': 1}",0.9704918032786887,0.9688227082363889,0.9774011299435028,0.9722385471528602,0.003713548650346663,41
421,40.4003381729126,0.22987628541855698,0.08849453926086426,0.009377736571620852,1.0,8,900,7,0.05,1,2,"{'bagging_temperature': 1.0, 'depth': 8, 'iterations': 900, 'l2_leaf_reg': 7, 'learning_rate': 0.05, 'random_strength': 1, 'scale_pos_weight': 2}",0.9643683479870431,0.9663128749423167,0.9747899159663865,0.9684903796319154,0.004524629987961276,155
422,39.73494283358256,0.2433266342629299,0.07967249552408855,0.00974355860224564,1.0,8,900,7,0.05,1,3,"{'bagging_temperature': 1.0, 'depth': 8, 'iterations': 900, 'l2_leaf_reg': 7, 'learning_rate': 0.05, 'random_strength': 1, 'scale_pos_weight': 3}",0.9552102376599634,0.9615384615384616,0.9730483271375464,0.9632656754453238,0.00738407339989739,287
423,39.841283639272056,0.35367920874250863,0.07699934641520183,0.0027424619871055803,1.0,8,900,7,0.05,2,1,"{'bagging_temperature': 1.0, 'depth': 8, 'iterations': 900, 'l2_leaf_reg': 7, 'learning_rate': 0.05, 'random_strength': 2, 'scale_pos_weight': 1}",0.9696403549743111,0.9706840390879479,0.9774011299435028,0.9725751746685872,0.0034389632516092523,35
424,39.82895811398824,0.3229095915938272,0.07497461636861165,0.011110542473457127,1.0,8,900,7,0.05,2,2,"{'bagging_temperature': 1.0, 'depth': 8, 'iterations': 900, 'l2_leaf_reg': 7, 'learning_rate': 0.05, 'random_strength': 2, 'scale_pos_weight': 2}",0.9648798521256932,0.9667896678966789,0.9766136576239476,0.9694277258821066,0.00514069128416114,125
425,39.795402685801186,0.10172258164876011,0.06975261370340984,0.002557309853177921,1.0,8,900,7,0.05,2,3,"{'bagging_temperature': 1.0, 'depth': 8, 'iterations': 900, 'l2_leaf_reg': 7, 'learning_rate': 0.05, 'random_strength': 2, 'scale_pos_weight': 3}",0.9604415823367065,0.9628610729023384,0.9730983302411875,0.9654669951600775,0.005485826585509924,237
426,40.060659329096474,0.08257951607726731,0.07531929016113281,0.011709977821564204,1.0,8,900,7,0.1,1,1,"{'bagging_temperature': 1.0, 'depth': 8, 'iterations': 900, 'l2_leaf_reg': 7, 'learning_rate': 0.1, 'random_strength': 1, 'scale_pos_weight': 1}",0.9687354176388241,0.9711090400745573,0.9783018867924529,0.9727154481686114,0.004067328627024108,27
427,39.574318647384644,0.15427819293857586,0.05970136324564616,0.018574402818078185,1.0,8,900,7,0.1,1,2,"{'bagging_temperature': 1.0, 'depth': 8, 'iterations': 900, 'l2_leaf_reg': 7, 'learning_rate': 0.1, 'random_strength': 1, 'scale_pos_weight': 2}",0.9688516968851697,0.9675625579240037,0.9770491803278689,0.971154478379014,0.0042012778305870685,81
428,31.87838053703308,0.030889464301204088,0.035965681076049805,0.002788062337849184,1.0,8,900,7,0.1,1,3,"{'bagging_temperature': 1.0, 'depth': 8, 'iterations': 900, 'l2_leaf_reg': 7, 'learning_rate': 0.1, 'random_strength': 1, 'scale_pos_weight': 3}",0.9626556016597511,0.9668202764976959,0.9738805970149255,0.9677854917241241,0.004633131446866757,179
429,31.183652480443318,0.38888304840807664,0.027099212010701496,0.009202631910728273,1.0,8,900,7,0.1,2,1,"{'bagging_temperature': 1.0, 'depth': 8, 'iterations': 900, 'l2_leaf_reg': 7, 'learning_rate': 0.1, 'random_strength': 2, 'scale_pos_weight': 1}",0.9671361502347418,0.9706567303213787,0.9778406412069779,0.9718778405876994,0.004454575509559934,59
430,25.57414197921753,4.985733905931948,0.013180414835611979,0.0033453594290706744,1.0,8,900,7,0.1,2,2,"{'bagging_temperature': 1.0, 'depth': 8, 'iterations': 900, 'l2_leaf_reg': 7, 'learning_rate': 0.1, 'random_strength': 2, 'scale_pos_weight': 2}",0.968040759610931,0.968967114404817,0.9770491803278689,0.9713523514478722,0.004045979713823893,75
431,17.750288089116413,0.011979903763388738,0.008052428563435873,0.0007394866620048716,1.0,8,900,7,0.1,2,3,"{'bagging_temperature': 1.0, 'depth': 8, 'iterations': 900, 'l2_leaf_reg': 7, 'learning_rate': 0.1, 'random_strength': 2, 'scale_pos_weight': 3}",0.96577243293247,0.9676823638042474,0.9748134328358209,0.9694227431908461,0.0038907248784831065,127
